ISO-10303-21;
HEADER;
/* Generated by software containing ST-Developer
 * from STEP Tools, Inc. (www.steptools.com) 
 */
/* OPTION: using custom renumber hook */

FILE_DESCRIPTION(
/* description */ ('STEP AP214'),
/* implementation_level */ '2;1');

FILE_NAME(
/* name */ '81150-16-204210',
/* time_stamp */ '2026-07-11T12:28:00+02:00',
/* author */ ('License CC BY-ND 4.0'),
/* organization */ ('CADENAS'),
/* preprocessor_version */ 'ST-DEVELOPER v20',
/* originating_system */ 'PARTsolutions',
/* authorisation */ '  ');

FILE_SCHEMA (('AUTOMOTIVE_DESIGN {1 0 10303 214 3 1 1}'));
ENDSEC;

DATA;
#10=PROPERTY_DEFINITION_REPRESENTATION(#14,#12);
#11=PROPERTY_DEFINITION_REPRESENTATION(#15,#13);
#12=REPRESENTATION('',(#16),#6142);
#13=REPRESENTATION('',(#17),#6142);
#14=PROPERTY_DEFINITION('pmi validation property','',#6147);
#15=PROPERTY_DEFINITION('pmi validation property','',#6147);
#16=VALUE_REPRESENTATION_ITEM('number of annotations',COUNT_MEASURE(0.));
#17=VALUE_REPRESENTATION_ITEM('number of views',COUNT_MEASURE(0.));
#18=SHAPE_REPRESENTATION_RELATIONSHIP('','',#3972,#19);
#19=ADVANCED_BREP_SHAPE_REPRESENTATION('',(#3970),#6142);
#20=ELLIPSE('',#4160,10.2515613624501,10.25);
#21=ELLIPSE('',#4167,10.2515613624501,10.25);
#22=CONICAL_SURFACE('',#4093,15.75,1.0471975511966);
#23=CONICAL_SURFACE('',#4097,18.,1.0471975511966);
#24=CONICAL_SURFACE('',#4136,6.00000000000002,0.0174532925199433);
#25=CONICAL_SURFACE('',#4140,6.00000000000002,0.0174532925199433);
#26=CONICAL_SURFACE('',#4144,6.00000000000002,0.0174532925199433);
#27=CONICAL_SURFACE('',#4148,6.00000000000002,0.0174532925199433);
#28=CONICAL_SURFACE('',#4157,6.00000000000002,0.0174532925199433);
#29=CONICAL_SURFACE('',#4161,6.00000000000002,0.0174532925199433);
#30=CONICAL_SURFACE('',#4164,6.00000000000002,0.0174532925199433);
#31=CONICAL_SURFACE('',#4168,6.00000000000002,0.0174532925199433);
#32=CONICAL_SURFACE('',#4261,9.82367301929154,0.174532925199431);
#33=CONICAL_SURFACE('',#4270,10.,0.174532925199431);
#34=CONICAL_SURFACE('',#4281,6.,0.785398163397443);
#35=CONICAL_SURFACE('',#4283,6.,0.785398163397443);
#36=B_SPLINE_CURVE_WITH_KNOTS('',3,(#5399,#5400,#5401,#5402,#5403,#5404,
#5405,#5406,#5407,#5408,#5409,#5410,#5411),.UNSPECIFIED.,.F.,.F.,(4,1,1,
1,1,1,1,1,1,1,4),(1.9711028987022E-7,0.000778320643372962,0.00155644417645605,
0.00233456770953914,0.00272362947608069,0.00311269124262224,0.00350175300916378,
0.00389081477570533,0.00466893830878842,0.00544706184187151,0.0062251853749546),
 .UNSPECIFIED.);
#37=B_SPLINE_CURVE_WITH_KNOTS('',3,(#5416,#5417,#5418,#5419,#5420,#5421,
#5422,#5423,#5424,#5425,#5426,#5427,#5428),.UNSPECIFIED.,.F.,.F.,(4,1,1,
1,1,1,1,1,1,1,4),(1.97110289870299E-7,0.000778320643372959,0.00155644417645605,
0.00233456770953914,0.00272362947608068,0.00311269124262222,0.00350175300916377,
0.00389081477570531,0.0046689383087884,0.00544706184187149,0.00622518537495458),
 .UNSPECIFIED.);
#38=B_SPLINE_CURVE_WITH_KNOTS('',3,(#5432,#5433,#5434,#5435,#5436,#5437,
#5438,#5439),.UNSPECIFIED.,.F.,.F.,(4,1,1,1,1,4),(1.9697365709109E-7,0.000396315713982491,
0.000792434454307892,0.00158467193495869,0.00237690941560949,0.00316914689626029),
 .UNSPECIFIED.);
#39=B_SPLINE_CURVE_WITH_KNOTS('',3,(#5441,#5442,#5443,#5444,#5445,#5446,
#5447,#5448),.UNSPECIFIED.,.F.,.F.,(4,1,1,1,1,4),(1.97110289870524E-7,0.000780782444540343,
0.00156136777879082,0.00234195311304129,0.00273224578016652,0.00312253844729176),
 .UNSPECIFIED.);
#40=B_SPLINE_CURVE_WITH_KNOTS('',3,(#5452,#5453,#5454,#5455,#5456,#5457,
#5458,#5459,#5460,#5461,#5462,#5463,#5464),.UNSPECIFIED.,.F.,.F.,(4,1,1,
1,1,1,1,1,1,1,4),(1.9711028987015E-7,0.000778320643372962,0.00155644417645605,
0.00233456770953914,0.00272362947608069,0.00311269124262224,0.00350175300916378,
0.00389081477570533,0.00466893830878842,0.00544706184187151,0.0062251853749546),
 .UNSPECIFIED.);
#41=B_SPLINE_CURVE_WITH_KNOTS('',3,(#5468,#5469,#5470,#5471,#5472,#5473,
#5474,#5475,#5476,#5477,#5478,#5479,#5480),.UNSPECIFIED.,.F.,.F.,(4,1,1,
1,1,1,1,1,1,1,4),(1.97110289870273E-7,0.000778320643372968,0.00155644417645607,
0.00233456770953916,0.00272362947608071,0.00311269124262226,0.00350175300916381,
0.00389081477570536,0.00466893830878846,0.00544706184187155,0.00622518537495465),
 .UNSPECIFIED.);
#42=B_SPLINE_CURVE_WITH_KNOTS('',3,(#5484,#5485,#5486,#5487,#5488,#5489,
#5490,#5491),.UNSPECIFIED.,.F.,.F.,(4,1,1,1,1,4),(2.27431737057816E-7,0.0003963465689574,
0.000792465706177742,0.00158470398061843,0.00237694225505911,0.00316918052949979),
 .UNSPECIFIED.);
#43=B_SPLINE_CURVE_WITH_KNOTS('',3,(#5493,#5494,#5495,#5496,#5497,#5498,
#5499,#5500),.UNSPECIFIED.,.F.,.F.,(4,1,1,1,1,4),(1.9711028987038E-7,0.000780782541644591,
0.00156136797299931,0.00234195340435403,0.00273224612003139,0.00312253883570875),
 .UNSPECIFIED.);
#44=B_SPLINE_CURVE_WITH_KNOTS('',3,(#5504,#5505,#5506,#5507,#5508,#5509,
#5510,#5511,#5512,#5513,#5514,#5515,#5516),.UNSPECIFIED.,.F.,.F.,(4,1,1,
1,1,1,1,1,1,1,4),(1.97110289870333E-7,0.000778320643372972,0.00155644417645607,
0.00233456770953917,0.00272362947608073,0.00311269124262228,0.00350175300916383,
0.00389081477570538,0.00466893830878848,0.00544706184187158,0.00622518537495468),
 .UNSPECIFIED.);
#45=B_SPLINE_CURVE_WITH_KNOTS('',3,(#5520,#5521,#5522,#5523,#5524,#5525,
#5526,#5527,#5528,#5529,#5530,#5531,#5532),.UNSPECIFIED.,.F.,.F.,(4,1,1,
1,1,1,1,1,1,1,4),(1.97110289870199E-7,0.000778320643372971,0.00155644417645607,
0.00233456770953917,0.00272362947608072,0.00311269124262228,0.00350175300916383,
0.00389081477570538,0.00466893830878848,0.00544706184187158,0.00622518537495468),
 .UNSPECIFIED.);
#46=B_SPLINE_CURVE_WITH_KNOTS('',3,(#5536,#5537,#5538,#5539,#5540,#5541,
#5542,#5543),.UNSPECIFIED.,.F.,.F.,(4,1,1,1,1,4),(2.27462064616256E-7,0.000396346599680211,
0.000792465737295805,0.00158470401252699,0.00237694228775818,0.00316918056298937),
 .UNSPECIFIED.);
#47=B_SPLINE_CURVE_WITH_KNOTS('',3,(#5545,#5546,#5547,#5548,#5549,#5550,
#5551,#5552),.UNSPECIFIED.,.F.,.F.,(4,1,1,1,1,4),(1.97110289870162E-7,0.000780782541547985,
0.0015613679728061,0.00234195340406422,0.00273224611969327,0.00312253883532233),
 .UNSPECIFIED.);
#48=B_SPLINE_CURVE_WITH_KNOTS('',3,(#6036,#6037,#6038,#6039),
 .UNSPECIFIED.,.F.,.F.,(4,4),(0.000443773998520894,0.00239343078502834),
 .UNSPECIFIED.);
#49=B_SPLINE_CURVE_WITH_KNOTS('',3,(#6043,#6044,#6045,#6046),
 .UNSPECIFIED.,.F.,.F.,(4,4),(0.0043155582690314,0.00626050707573781),
 .UNSPECIFIED.);
#50=B_SPLINE_CURVE_WITH_KNOTS('',3,(#6062,#6063,#6064,#6065),
 .UNSPECIFIED.,.F.,.F.,(4,4),(2.99232199991835E-5,0.00197783079216774),
 .UNSPECIFIED.);
#51=B_SPLINE_CURVE_WITH_KNOTS('',3,(#6069,#6070,#6071,#6072),
 .UNSPECIFIED.,.F.,.F.,(4,4),(0.00389045454920141,0.0058157356205328),
 .UNSPECIFIED.);
#52=TOROIDAL_SURFACE('',#4064,10.75,5.00000000000001);
#53=SPHERICAL_SURFACE('',#3998,5.7);
#54=SPHERICAL_SURFACE('',#4005,5.7);
#55=SPHERICAL_SURFACE('',#4012,5.7);
#56=SPHERICAL_SURFACE('',#4019,5.7);
#57=SPHERICAL_SURFACE('',#4062,25.7000000000001);
#58=SPHERICAL_SURFACE('',#4134,25.9000000000001);
#59=SPHERICAL_SURFACE('',#4183,5.7);
#60=SPHERICAL_SURFACE('',#4193,5.7);
#61=SPHERICAL_SURFACE('',#4203,5.7);
#62=SPHERICAL_SURFACE('',#4213,5.7);
#63=CIRCLE('',#3976,5.);
#64=CIRCLE('',#3977,5.);
#65=CIRCLE('',#3980,4.99999999999999);
#66=CIRCLE('',#3981,4.99999999999999);
#67=CIRCLE('',#3984,5.);
#68=CIRCLE('',#3985,5.);
#69=CIRCLE('',#3988,5.);
#70=CIRCLE('',#3989,5.);
#71=CIRCLE('',#3992,5.);
#72=CIRCLE('',#3993,5.);
#73=CIRCLE('',#3996,5.);
#74=CIRCLE('',#3997,5.);
#75=CIRCLE('',#3999,5.67802782663135);
#76=CIRCLE('',#4000,3.07408522978788);
#77=CIRCLE('',#4001,5.67802782663135);
#78=CIRCLE('',#4002,5.67802782663135);
#79=CIRCLE('',#4003,5.29905651979671);
#80=CIRCLE('',#4004,5.67802782663135);
#81=CIRCLE('',#4006,5.67802782663135);
#82=CIRCLE('',#4007,3.07408522978788);
#83=CIRCLE('',#4008,5.67802782663135);
#84=CIRCLE('',#4009,5.67802782663135);
#85=CIRCLE('',#4010,5.29905651979671);
#86=CIRCLE('',#4011,5.67802782663135);
#87=CIRCLE('',#4013,5.67802782663135);
#88=CIRCLE('',#4014,3.07408522978788);
#89=CIRCLE('',#4015,5.67802782663135);
#90=CIRCLE('',#4016,5.67802782663135);
#91=CIRCLE('',#4017,5.29905651979671);
#92=CIRCLE('',#4018,5.67802782663135);
#93=CIRCLE('',#4020,5.67802782663135);
#94=CIRCLE('',#4021,3.07408522978788);
#95=CIRCLE('',#4022,5.67802782663135);
#96=CIRCLE('',#4023,5.67802782663135);
#97=CIRCLE('',#4024,5.29905651979671);
#98=CIRCLE('',#4025,5.67802782663135);
#99=CIRCLE('',#4027,23.9555357340991);
#100=CIRCLE('',#4028,23.7391594692757);
#101=CIRCLE('',#4030,24.568475574805);
#102=CIRCLE('',#4031,24.3575448695018);
#103=CIRCLE('',#4033,25.8998192029188);
#104=CIRCLE('',#4034,25.6998177959277);
#105=CIRCLE('',#4036,9.49999999999988);
#106=CIRCLE('',#4037,9.49999999999988);
#107=CIRCLE('',#4039,9.49999999999985);
#108=CIRCLE('',#4040,9.49999999999985);
#109=CIRCLE('',#4042,25.8998192029188);
#110=CIRCLE('',#4043,25.6998177959277);
#111=CIRCLE('',#4045,24.568475574805);
#112=CIRCLE('',#4046,24.3575448695018);
#113=CIRCLE('',#4048,23.9555357340991);
#114=CIRCLE('',#4049,23.7391594692756);
#115=CIRCLE('',#4051,25.8998192029188);
#116=CIRCLE('',#4052,25.6998177959277);
#117=CIRCLE('',#4054,10.5);
#118=CIRCLE('',#4055,10.5);
#119=CIRCLE('',#4057,10.5);
#120=CIRCLE('',#4058,10.5);
#121=CIRCLE('',#4060,25.8998192029188);
#122=CIRCLE('',#4061,25.6998177959277);
#123=CIRCLE('',#4063,13.3466179499935);
#124=CIRCLE('',#4065,15.75);
#125=CIRCLE('',#4066,15.75);
#126=CIRCLE('',#4067,15.75);
#127=CIRCLE('',#4068,15.75);
#128=CIRCLE('',#4069,15.75);
#129=CIRCLE('',#4070,15.75);
#130=CIRCLE('',#4071,15.75);
#131=CIRCLE('',#4072,15.75);
#132=CIRCLE('',#4073,15.75);
#133=CIRCLE('',#4075,15.75);
#134=CIRCLE('',#4076,15.75);
#135=CIRCLE('',#4077,15.75);
#136=CIRCLE('',#4078,15.75);
#137=CIRCLE('',#4079,15.75);
#138=CIRCLE('',#4080,15.75);
#139=CIRCLE('',#4081,15.75);
#140=CIRCLE('',#4082,15.75);
#141=CIRCLE('',#4083,15.75);
#142=CIRCLE('',#4084,15.75);
#143=CIRCLE('',#4086,15.65);
#144=CIRCLE('',#4088,15.65);
#145=CIRCLE('',#4090,15.75);
#146=CIRCLE('',#4092,15.75);
#147=CIRCLE('',#4094,18.);
#148=CIRCLE('',#4096,18.);
#149=CIRCLE('',#4098,27.5);
#150=CIRCLE('',#4100,27.5);
#151=CIRCLE('',#4102,1.);
#152=CIRCLE('',#4103,1.);
#153=CIRCLE('',#4107,1.);
#154=CIRCLE('',#4110,1.);
#155=CIRCLE('',#4113,1.);
#156=CIRCLE('',#4114,1.);
#157=CIRCLE('',#4118,1.);
#158=CIRCLE('',#4121,1.);
#159=CIRCLE('',#4124,0.999999999999998);
#160=CIRCLE('',#4125,1.);
#161=CIRCLE('',#4129,1.);
#162=CIRCLE('',#4132,1.);
#163=CIRCLE('',#4137,6.00000000000002);
#164=CIRCLE('',#4138,5.52871324693814);
#165=CIRCLE('',#4141,6.00000000000002);
#166=CIRCLE('',#4142,5.52871324693814);
#167=CIRCLE('',#4145,6.00000000000002);
#168=CIRCLE('',#4146,5.52871324693814);
#169=CIRCLE('',#4149,6.00000000000002);
#170=CIRCLE('',#4150,5.52871324693814);
#171=CIRCLE('',#4152,4.);
#172=CIRCLE('',#4153,4.);
#173=CIRCLE('',#4154,4.);
#174=CIRCLE('',#4155,4.);
#175=CIRCLE('',#4158,5.39780025997651);
#176=CIRCLE('',#4162,5.39780025997651);
#177=CIRCLE('',#4165,5.39780025997651);
#178=CIRCLE('',#4169,5.39780025997651);
#179=CIRCLE('',#4171,2.1);
#180=CIRCLE('',#4172,2.1);
#181=CIRCLE('',#4173,2.1);
#182=CIRCLE('',#4174,2.1);
#183=CIRCLE('',#4175,3.8);
#184=CIRCLE('',#4176,3.8);
#185=CIRCLE('',#4177,3.8);
#186=CIRCLE('',#4178,3.8);
#187=CIRCLE('',#4180,4.);
#188=CIRCLE('',#4182,3.07408522978788);
#189=CIRCLE('',#4184,5.67802782663135);
#190=CIRCLE('',#4185,5.67802782663135);
#191=CIRCLE('',#4186,5.29905651979671);
#192=CIRCLE('',#4187,5.67802782663135);
#193=CIRCLE('',#4188,5.67802782663135);
#194=CIRCLE('',#4190,4.);
#195=CIRCLE('',#4192,3.07408522978788);
#196=CIRCLE('',#4194,5.67802782663135);
#197=CIRCLE('',#4195,5.67802782663135);
#198=CIRCLE('',#4196,5.29905651979671);
#199=CIRCLE('',#4197,5.67802782663135);
#200=CIRCLE('',#4198,5.67802782663135);
#201=CIRCLE('',#4200,4.);
#202=CIRCLE('',#4202,3.07408522978788);
#203=CIRCLE('',#4204,5.67802782663135);
#204=CIRCLE('',#4205,5.67802782663135);
#205=CIRCLE('',#4206,5.29905651979671);
#206=CIRCLE('',#4207,5.67802782663135);
#207=CIRCLE('',#4208,5.67802782663135);
#208=CIRCLE('',#4210,4.);
#209=CIRCLE('',#4212,3.07408522978788);
#210=CIRCLE('',#4214,5.67802782663135);
#211=CIRCLE('',#4215,5.67802782663135);
#212=CIRCLE('',#4216,5.29905651979671);
#213=CIRCLE('',#4217,5.67802782663135);
#214=CIRCLE('',#4218,5.67802782663135);
#215=CIRCLE('',#4260,9.82367301929154);
#216=CIRCLE('',#4262,10.);
#217=CIRCLE('',#4264,10.25);
#218=CIRCLE('',#4267,10.25);
#219=CIRCLE('',#4269,10.);
#220=CIRCLE('',#4271,9.82367301929154);
#221=CIRCLE('',#4279,5.38650000000001);
#222=CIRCLE('',#4280,5.38650000000001);
#223=CIRCLE('',#4282,6.);
#224=CIRCLE('',#4284,6.);
#225=CIRCLE('',#4286,5.99999999999999);
#226=CIRCLE('',#4288,5.99999999999999);
#227=CIRCLE('',#4292,3.8);
#228=CIRCLE('',#4295,3.8);
#229=CIRCLE('',#4298,3.8);
#230=CIRCLE('',#4301,3.8);
#231=CIRCLE('',#4305,2.1);
#232=CIRCLE('',#4308,2.1);
#233=CIRCLE('',#4312,2.1);
#234=CIRCLE('',#4315,2.1);
#235=CYLINDRICAL_SURFACE('',#3975,5.);
#236=CYLINDRICAL_SURFACE('',#3979,4.99999999999999);
#237=CYLINDRICAL_SURFACE('',#3983,5.);
#238=CYLINDRICAL_SURFACE('',#3987,5.);
#239=CYLINDRICAL_SURFACE('',#3991,5.);
#240=CYLINDRICAL_SURFACE('',#3995,5.);
#241=CYLINDRICAL_SURFACE('',#4035,9.49999999999988);
#242=CYLINDRICAL_SURFACE('',#4038,9.49999999999985);
#243=CYLINDRICAL_SURFACE('',#4053,10.5);
#244=CYLINDRICAL_SURFACE('',#4056,10.5);
#245=CYLINDRICAL_SURFACE('',#4074,15.75);
#246=CYLINDRICAL_SURFACE('',#4087,15.65);
#247=CYLINDRICAL_SURFACE('',#4091,15.75);
#248=CYLINDRICAL_SURFACE('',#4095,18.);
#249=CYLINDRICAL_SURFACE('',#4099,27.5);
#250=CYLINDRICAL_SURFACE('',#4104,1.);
#251=CYLINDRICAL_SURFACE('',#4105,1.);
#252=CYLINDRICAL_SURFACE('',#4108,1.);
#253=CYLINDRICAL_SURFACE('',#4111,1.);
#254=CYLINDRICAL_SURFACE('',#4115,1.);
#255=CYLINDRICAL_SURFACE('',#4116,1.);
#256=CYLINDRICAL_SURFACE('',#4119,1.);
#257=CYLINDRICAL_SURFACE('',#4122,1.);
#258=CYLINDRICAL_SURFACE('',#4126,1.);
#259=CYLINDRICAL_SURFACE('',#4127,0.999999999999998);
#260=CYLINDRICAL_SURFACE('',#4130,1.);
#261=CYLINDRICAL_SURFACE('',#4131,1.);
#262=CYLINDRICAL_SURFACE('',#4179,4.);
#263=CYLINDRICAL_SURFACE('',#4189,4.);
#264=CYLINDRICAL_SURFACE('',#4199,4.);
#265=CYLINDRICAL_SURFACE('',#4209,4.);
#266=CYLINDRICAL_SURFACE('',#4265,10.25);
#267=CYLINDRICAL_SURFACE('',#4266,10.25);
#268=CYLINDRICAL_SURFACE('',#4285,5.99999999999999);
#269=CYLINDRICAL_SURFACE('',#4287,5.99999999999999);
#270=CYLINDRICAL_SURFACE('',#4291,3.8);
#271=CYLINDRICAL_SURFACE('',#4294,3.8);
#272=CYLINDRICAL_SURFACE('',#4297,3.8);
#273=CYLINDRICAL_SURFACE('',#4300,3.8);
#274=CYLINDRICAL_SURFACE('',#4304,2.1);
#275=CYLINDRICAL_SURFACE('',#4307,2.1);
#276=CYLINDRICAL_SURFACE('',#4311,2.1);
#277=CYLINDRICAL_SURFACE('',#4314,2.1);
#278=ORIENTED_EDGE('',*,*,#1044,.F.);
#279=ORIENTED_EDGE('',*,*,#1045,.T.);
#280=ORIENTED_EDGE('',*,*,#1046,.T.);
#281=ORIENTED_EDGE('',*,*,#1047,.F.);
#282=ORIENTED_EDGE('',*,*,#1048,.F.);
#283=ORIENTED_EDGE('',*,*,#1047,.T.);
#284=ORIENTED_EDGE('',*,*,#1049,.T.);
#285=ORIENTED_EDGE('',*,*,#1050,.F.);
#286=ORIENTED_EDGE('',*,*,#1051,.F.);
#287=ORIENTED_EDGE('',*,*,#1050,.T.);
#288=ORIENTED_EDGE('',*,*,#1052,.T.);
#289=ORIENTED_EDGE('',*,*,#1053,.F.);
#290=ORIENTED_EDGE('',*,*,#1054,.F.);
#291=ORIENTED_EDGE('',*,*,#1053,.T.);
#292=ORIENTED_EDGE('',*,*,#1055,.T.);
#293=ORIENTED_EDGE('',*,*,#1056,.F.);
#294=ORIENTED_EDGE('',*,*,#1057,.F.);
#295=ORIENTED_EDGE('',*,*,#1056,.T.);
#296=ORIENTED_EDGE('',*,*,#1058,.T.);
#297=ORIENTED_EDGE('',*,*,#1059,.F.);
#298=ORIENTED_EDGE('',*,*,#1060,.F.);
#299=ORIENTED_EDGE('',*,*,#1059,.T.);
#300=ORIENTED_EDGE('',*,*,#1061,.T.);
#301=ORIENTED_EDGE('',*,*,#1062,.F.);
#302=ORIENTED_EDGE('',*,*,#1063,.F.);
#303=ORIENTED_EDGE('',*,*,#1062,.T.);
#304=ORIENTED_EDGE('',*,*,#1064,.T.);
#305=ORIENTED_EDGE('',*,*,#1065,.F.);
#306=ORIENTED_EDGE('',*,*,#1066,.F.);
#307=ORIENTED_EDGE('',*,*,#1065,.T.);
#308=ORIENTED_EDGE('',*,*,#1067,.T.);
#309=ORIENTED_EDGE('',*,*,#1068,.F.);
#310=ORIENTED_EDGE('',*,*,#1069,.F.);
#311=ORIENTED_EDGE('',*,*,#1068,.T.);
#312=ORIENTED_EDGE('',*,*,#1070,.T.);
#313=ORIENTED_EDGE('',*,*,#1071,.F.);
#314=ORIENTED_EDGE('',*,*,#1072,.F.);
#315=ORIENTED_EDGE('',*,*,#1071,.T.);
#316=ORIENTED_EDGE('',*,*,#1073,.T.);
#317=ORIENTED_EDGE('',*,*,#1074,.F.);
#318=ORIENTED_EDGE('',*,*,#1075,.F.);
#319=ORIENTED_EDGE('',*,*,#1074,.T.);
#320=ORIENTED_EDGE('',*,*,#1076,.T.);
#321=ORIENTED_EDGE('',*,*,#1077,.F.);
#322=ORIENTED_EDGE('',*,*,#1078,.F.);
#323=ORIENTED_EDGE('',*,*,#1077,.T.);
#324=ORIENTED_EDGE('',*,*,#1079,.T.);
#325=ORIENTED_EDGE('',*,*,#1045,.F.);
#326=ORIENTED_EDGE('',*,*,#1080,.F.);
#327=ORIENTED_EDGE('',*,*,#1081,.F.);
#328=ORIENTED_EDGE('',*,*,#1082,.F.);
#329=ORIENTED_EDGE('',*,*,#1083,.F.);
#330=ORIENTED_EDGE('',*,*,#1084,.F.);
#331=ORIENTED_EDGE('',*,*,#1085,.F.);
#332=ORIENTED_EDGE('',*,*,#1086,.F.);
#333=ORIENTED_EDGE('',*,*,#1087,.F.);
#334=ORIENTED_EDGE('',*,*,#1088,.F.);
#335=ORIENTED_EDGE('',*,*,#1089,.F.);
#336=ORIENTED_EDGE('',*,*,#1090,.F.);
#337=ORIENTED_EDGE('',*,*,#1091,.F.);
#338=ORIENTED_EDGE('',*,*,#1092,.F.);
#339=ORIENTED_EDGE('',*,*,#1093,.F.);
#340=ORIENTED_EDGE('',*,*,#1094,.F.);
#341=ORIENTED_EDGE('',*,*,#1095,.F.);
#342=ORIENTED_EDGE('',*,*,#1096,.F.);
#343=ORIENTED_EDGE('',*,*,#1097,.F.);
#344=ORIENTED_EDGE('',*,*,#1098,.F.);
#345=ORIENTED_EDGE('',*,*,#1099,.F.);
#346=ORIENTED_EDGE('',*,*,#1100,.F.);
#347=ORIENTED_EDGE('',*,*,#1101,.F.);
#348=ORIENTED_EDGE('',*,*,#1102,.F.);
#349=ORIENTED_EDGE('',*,*,#1103,.F.);
#350=ORIENTED_EDGE('',*,*,#1104,.T.);
#351=ORIENTED_EDGE('',*,*,#1105,.T.);
#352=ORIENTED_EDGE('',*,*,#1106,.F.);
#353=ORIENTED_EDGE('',*,*,#1107,.T.);
#354=ORIENTED_EDGE('',*,*,#1108,.T.);
#355=ORIENTED_EDGE('',*,*,#1109,.T.);
#356=ORIENTED_EDGE('',*,*,#1104,.F.);
#357=ORIENTED_EDGE('',*,*,#1110,.T.);
#358=ORIENTED_EDGE('',*,*,#1111,.T.);
#359=ORIENTED_EDGE('',*,*,#1112,.T.);
#360=ORIENTED_EDGE('',*,*,#1108,.F.);
#361=ORIENTED_EDGE('',*,*,#1113,.T.);
#362=ORIENTED_EDGE('',*,*,#1114,.F.);
#363=ORIENTED_EDGE('',*,*,#1111,.F.);
#364=ORIENTED_EDGE('',*,*,#1115,.F.);
#365=ORIENTED_EDGE('',*,*,#1116,.T.);
#366=ORIENTED_EDGE('',*,*,#1117,.F.);
#367=ORIENTED_EDGE('',*,*,#1116,.F.);
#368=ORIENTED_EDGE('',*,*,#1118,.F.);
#369=ORIENTED_EDGE('',*,*,#1119,.T.);
#370=ORIENTED_EDGE('',*,*,#1120,.T.);
#371=ORIENTED_EDGE('',*,*,#1121,.T.);
#372=ORIENTED_EDGE('',*,*,#1119,.F.);
#373=ORIENTED_EDGE('',*,*,#1122,.T.);
#374=ORIENTED_EDGE('',*,*,#1123,.T.);
#375=ORIENTED_EDGE('',*,*,#1124,.T.);
#376=ORIENTED_EDGE('',*,*,#1120,.F.);
#377=ORIENTED_EDGE('',*,*,#1125,.T.);
#378=ORIENTED_EDGE('',*,*,#1126,.T.);
#379=ORIENTED_EDGE('',*,*,#1127,.T.);
#380=ORIENTED_EDGE('',*,*,#1123,.F.);
#381=ORIENTED_EDGE('',*,*,#1128,.T.);
#382=ORIENTED_EDGE('',*,*,#1129,.T.);
#383=ORIENTED_EDGE('',*,*,#1130,.T.);
#384=ORIENTED_EDGE('',*,*,#1126,.F.);
#385=ORIENTED_EDGE('',*,*,#1131,.T.);
#386=ORIENTED_EDGE('',*,*,#1132,.T.);
#387=ORIENTED_EDGE('',*,*,#1133,.T.);
#388=ORIENTED_EDGE('',*,*,#1129,.F.);
#389=ORIENTED_EDGE('',*,*,#1134,.T.);
#390=ORIENTED_EDGE('',*,*,#1135,.T.);
#391=ORIENTED_EDGE('',*,*,#1136,.T.);
#392=ORIENTED_EDGE('',*,*,#1132,.F.);
#393=ORIENTED_EDGE('',*,*,#1137,.T.);
#394=ORIENTED_EDGE('',*,*,#1106,.T.);
#395=ORIENTED_EDGE('',*,*,#1138,.T.);
#396=ORIENTED_EDGE('',*,*,#1135,.F.);
#397=ORIENTED_EDGE('',*,*,#1139,.T.);
#398=ORIENTED_EDGE('',*,*,#1107,.F.);
#399=ORIENTED_EDGE('',*,*,#1139,.F.);
#400=ORIENTED_EDGE('',*,*,#1137,.F.);
#401=ORIENTED_EDGE('',*,*,#1134,.F.);
#402=ORIENTED_EDGE('',*,*,#1131,.F.);
#403=ORIENTED_EDGE('',*,*,#1128,.F.);
#404=ORIENTED_EDGE('',*,*,#1125,.F.);
#405=ORIENTED_EDGE('',*,*,#1122,.F.);
#406=ORIENTED_EDGE('',*,*,#1118,.T.);
#407=ORIENTED_EDGE('',*,*,#1115,.T.);
#408=ORIENTED_EDGE('',*,*,#1113,.F.);
#409=ORIENTED_EDGE('',*,*,#1110,.F.);
#410=ORIENTED_EDGE('',*,*,#1140,.F.);
#411=ORIENTED_EDGE('',*,*,#1141,.F.);
#412=ORIENTED_EDGE('',*,*,#1142,.F.);
#413=ORIENTED_EDGE('',*,*,#1143,.F.);
#414=ORIENTED_EDGE('',*,*,#1144,.F.);
#415=ORIENTED_EDGE('',*,*,#1145,.F.);
#416=ORIENTED_EDGE('',*,*,#1146,.F.);
#417=ORIENTED_EDGE('',*,*,#1147,.F.);
#418=ORIENTED_EDGE('',*,*,#1148,.F.);
#419=ORIENTED_EDGE('',*,*,#1149,.F.);
#420=ORIENTED_EDGE('',*,*,#1150,.F.);
#421=ORIENTED_EDGE('',*,*,#1151,.F.);
#422=ORIENTED_EDGE('',*,*,#1152,.F.);
#423=ORIENTED_EDGE('',*,*,#1153,.F.);
#424=ORIENTED_EDGE('',*,*,#1154,.F.);
#425=ORIENTED_EDGE('',*,*,#1155,.F.);
#426=ORIENTED_EDGE('',*,*,#1156,.F.);
#427=ORIENTED_EDGE('',*,*,#1157,.F.);
#428=ORIENTED_EDGE('',*,*,#1158,.F.);
#429=ORIENTED_EDGE('',*,*,#1159,.F.);
#430=ORIENTED_EDGE('',*,*,#1160,.F.);
#431=ORIENTED_EDGE('',*,*,#1161,.F.);
#432=ORIENTED_EDGE('',*,*,#1140,.T.);
#433=ORIENTED_EDGE('',*,*,#1162,.F.);
#434=ORIENTED_EDGE('',*,*,#1163,.T.);
#435=ORIENTED_EDGE('',*,*,#1147,.T.);
#436=ORIENTED_EDGE('',*,*,#1164,.T.);
#437=ORIENTED_EDGE('',*,*,#1165,.F.);
#438=ORIENTED_EDGE('',*,*,#1166,.T.);
#439=ORIENTED_EDGE('',*,*,#1144,.T.);
#440=ORIENTED_EDGE('',*,*,#1167,.T.);
#441=ORIENTED_EDGE('',*,*,#1168,.F.);
#442=ORIENTED_EDGE('',*,*,#1169,.T.);
#443=ORIENTED_EDGE('',*,*,#1142,.T.);
#444=ORIENTED_EDGE('',*,*,#1170,.T.);
#445=ORIENTED_EDGE('',*,*,#1171,.F.);
#446=ORIENTED_EDGE('',*,*,#1172,.T.);
#447=ORIENTED_EDGE('',*,*,#1161,.T.);
#448=ORIENTED_EDGE('',*,*,#1173,.T.);
#449=ORIENTED_EDGE('',*,*,#1174,.F.);
#450=ORIENTED_EDGE('',*,*,#1175,.T.);
#451=ORIENTED_EDGE('',*,*,#1158,.T.);
#452=ORIENTED_EDGE('',*,*,#1176,.T.);
#453=ORIENTED_EDGE('',*,*,#1177,.F.);
#454=ORIENTED_EDGE('',*,*,#1178,.T.);
#455=ORIENTED_EDGE('',*,*,#1156,.T.);
#456=ORIENTED_EDGE('',*,*,#1179,.T.);
#457=ORIENTED_EDGE('',*,*,#1180,.F.);
#458=ORIENTED_EDGE('',*,*,#1181,.T.);
#459=ORIENTED_EDGE('',*,*,#1154,.T.);
#460=ORIENTED_EDGE('',*,*,#1182,.T.);
#461=ORIENTED_EDGE('',*,*,#1183,.F.);
#462=ORIENTED_EDGE('',*,*,#1184,.T.);
#463=ORIENTED_EDGE('',*,*,#1151,.T.);
#464=ORIENTED_EDGE('',*,*,#1185,.T.);
#465=ORIENTED_EDGE('',*,*,#1186,.F.);
#466=ORIENTED_EDGE('',*,*,#1187,.T.);
#467=ORIENTED_EDGE('',*,*,#1149,.T.);
#468=ORIENTED_EDGE('',*,*,#1188,.T.);
#469=ORIENTED_EDGE('',*,*,#1189,.F.);
#470=ORIENTED_EDGE('',*,*,#1190,.F.);
#471=ORIENTED_EDGE('',*,*,#1189,.T.);
#472=ORIENTED_EDGE('',*,*,#1191,.F.);
#473=ORIENTED_EDGE('',*,*,#1190,.T.);
#474=ORIENTED_EDGE('',*,*,#1192,.F.);
#475=ORIENTED_EDGE('',*,*,#1191,.T.);
#476=ORIENTED_EDGE('',*,*,#1193,.F.);
#477=ORIENTED_EDGE('',*,*,#1192,.T.);
#478=ORIENTED_EDGE('',*,*,#1194,.F.);
#479=ORIENTED_EDGE('',*,*,#1193,.T.);
#480=ORIENTED_EDGE('',*,*,#1195,.F.);
#481=ORIENTED_EDGE('',*,*,#1194,.T.);
#482=ORIENTED_EDGE('',*,*,#1196,.F.);
#483=ORIENTED_EDGE('',*,*,#1195,.T.);
#484=ORIENTED_EDGE('',*,*,#1197,.F.);
#485=ORIENTED_EDGE('',*,*,#1196,.T.);
#486=ORIENTED_EDGE('',*,*,#1165,.T.);
#487=ORIENTED_EDGE('',*,*,#1198,.T.);
#488=ORIENTED_EDGE('',*,*,#1199,.T.);
#489=ORIENTED_EDGE('',*,*,#1145,.T.);
#490=ORIENTED_EDGE('',*,*,#1166,.F.);
#491=ORIENTED_EDGE('',*,*,#1199,.F.);
#492=ORIENTED_EDGE('',*,*,#1200,.T.);
#493=ORIENTED_EDGE('',*,*,#1146,.T.);
#494=ORIENTED_EDGE('',*,*,#1200,.F.);
#495=ORIENTED_EDGE('',*,*,#1198,.F.);
#496=ORIENTED_EDGE('',*,*,#1164,.F.);
#497=ORIENTED_EDGE('',*,*,#1168,.T.);
#498=ORIENTED_EDGE('',*,*,#1201,.T.);
#499=ORIENTED_EDGE('',*,*,#1201,.F.);
#500=ORIENTED_EDGE('',*,*,#1167,.F.);
#501=ORIENTED_EDGE('',*,*,#1143,.T.);
#502=ORIENTED_EDGE('',*,*,#1169,.F.);
#503=ORIENTED_EDGE('',*,*,#1171,.T.);
#504=ORIENTED_EDGE('',*,*,#1202,.T.);
#505=ORIENTED_EDGE('',*,*,#1202,.F.);
#506=ORIENTED_EDGE('',*,*,#1170,.F.);
#507=ORIENTED_EDGE('',*,*,#1141,.T.);
#508=ORIENTED_EDGE('',*,*,#1172,.F.);
#509=ORIENTED_EDGE('',*,*,#1174,.T.);
#510=ORIENTED_EDGE('',*,*,#1203,.T.);
#511=ORIENTED_EDGE('',*,*,#1204,.T.);
#512=ORIENTED_EDGE('',*,*,#1159,.T.);
#513=ORIENTED_EDGE('',*,*,#1175,.F.);
#514=ORIENTED_EDGE('',*,*,#1204,.F.);
#515=ORIENTED_EDGE('',*,*,#1205,.T.);
#516=ORIENTED_EDGE('',*,*,#1160,.T.);
#517=ORIENTED_EDGE('',*,*,#1205,.F.);
#518=ORIENTED_EDGE('',*,*,#1203,.F.);
#519=ORIENTED_EDGE('',*,*,#1173,.F.);
#520=ORIENTED_EDGE('',*,*,#1177,.T.);
#521=ORIENTED_EDGE('',*,*,#1206,.T.);
#522=ORIENTED_EDGE('',*,*,#1206,.F.);
#523=ORIENTED_EDGE('',*,*,#1176,.F.);
#524=ORIENTED_EDGE('',*,*,#1157,.T.);
#525=ORIENTED_EDGE('',*,*,#1178,.F.);
#526=ORIENTED_EDGE('',*,*,#1180,.T.);
#527=ORIENTED_EDGE('',*,*,#1207,.T.);
#528=ORIENTED_EDGE('',*,*,#1207,.F.);
#529=ORIENTED_EDGE('',*,*,#1179,.F.);
#530=ORIENTED_EDGE('',*,*,#1155,.T.);
#531=ORIENTED_EDGE('',*,*,#1181,.F.);
#532=ORIENTED_EDGE('',*,*,#1183,.T.);
#533=ORIENTED_EDGE('',*,*,#1208,.T.);
#534=ORIENTED_EDGE('',*,*,#1209,.T.);
#535=ORIENTED_EDGE('',*,*,#1152,.T.);
#536=ORIENTED_EDGE('',*,*,#1184,.F.);
#537=ORIENTED_EDGE('',*,*,#1209,.F.);
#538=ORIENTED_EDGE('',*,*,#1210,.T.);
#539=ORIENTED_EDGE('',*,*,#1153,.T.);
#540=ORIENTED_EDGE('',*,*,#1210,.F.);
#541=ORIENTED_EDGE('',*,*,#1208,.F.);
#542=ORIENTED_EDGE('',*,*,#1182,.F.);
#543=ORIENTED_EDGE('',*,*,#1186,.T.);
#544=ORIENTED_EDGE('',*,*,#1211,.T.);
#545=ORIENTED_EDGE('',*,*,#1211,.F.);
#546=ORIENTED_EDGE('',*,*,#1185,.F.);
#547=ORIENTED_EDGE('',*,*,#1150,.T.);
#548=ORIENTED_EDGE('',*,*,#1187,.F.);
#549=ORIENTED_EDGE('',*,*,#1212,.F.);
#550=ORIENTED_EDGE('',*,*,#1188,.F.);
#551=ORIENTED_EDGE('',*,*,#1148,.T.);
#552=ORIENTED_EDGE('',*,*,#1163,.F.);
#553=ORIENTED_EDGE('',*,*,#1162,.T.);
#554=ORIENTED_EDGE('',*,*,#1212,.T.);
#555=ORIENTED_EDGE('',*,*,#1109,.F.);
#556=ORIENTED_EDGE('',*,*,#1112,.F.);
#557=ORIENTED_EDGE('',*,*,#1114,.T.);
#558=ORIENTED_EDGE('',*,*,#1117,.T.);
#559=ORIENTED_EDGE('',*,*,#1121,.F.);
#560=ORIENTED_EDGE('',*,*,#1124,.F.);
#561=ORIENTED_EDGE('',*,*,#1127,.F.);
#562=ORIENTED_EDGE('',*,*,#1130,.F.);
#563=ORIENTED_EDGE('',*,*,#1133,.F.);
#564=ORIENTED_EDGE('',*,*,#1136,.F.);
#565=ORIENTED_EDGE('',*,*,#1138,.F.);
#566=ORIENTED_EDGE('',*,*,#1105,.F.);
#567=ORIENTED_EDGE('',*,*,#1213,.T.);
#568=ORIENTED_EDGE('',*,*,#1214,.F.);
#569=ORIENTED_EDGE('',*,*,#1215,.F.);
#570=ORIENTED_EDGE('',*,*,#1216,.T.);
#571=ORIENTED_EDGE('',*,*,#1217,.T.);
#572=ORIENTED_EDGE('',*,*,#1218,.F.);
#573=ORIENTED_EDGE('',*,*,#1219,.F.);
#574=ORIENTED_EDGE('',*,*,#1214,.T.);
#575=ORIENTED_EDGE('',*,*,#1220,.T.);
#576=ORIENTED_EDGE('',*,*,#1221,.F.);
#577=ORIENTED_EDGE('',*,*,#1222,.F.);
#578=ORIENTED_EDGE('',*,*,#1218,.T.);
#579=ORIENTED_EDGE('',*,*,#1223,.T.);
#580=ORIENTED_EDGE('',*,*,#1224,.F.);
#581=ORIENTED_EDGE('',*,*,#1225,.F.);
#582=ORIENTED_EDGE('',*,*,#1221,.T.);
#583=ORIENTED_EDGE('',*,*,#1226,.T.);
#584=ORIENTED_EDGE('',*,*,#1227,.F.);
#585=ORIENTED_EDGE('',*,*,#1228,.F.);
#586=ORIENTED_EDGE('',*,*,#1224,.T.);
#587=ORIENTED_EDGE('',*,*,#1229,.T.);
#588=ORIENTED_EDGE('',*,*,#1230,.F.);
#589=ORIENTED_EDGE('',*,*,#1231,.F.);
#590=ORIENTED_EDGE('',*,*,#1227,.T.);
#591=ORIENTED_EDGE('',*,*,#1232,.T.);
#592=ORIENTED_EDGE('',*,*,#1233,.F.);
#593=ORIENTED_EDGE('',*,*,#1234,.F.);
#594=ORIENTED_EDGE('',*,*,#1230,.T.);
#595=ORIENTED_EDGE('',*,*,#1235,.T.);
#596=ORIENTED_EDGE('',*,*,#1216,.F.);
#597=ORIENTED_EDGE('',*,*,#1236,.F.);
#598=ORIENTED_EDGE('',*,*,#1233,.T.);
#599=ORIENTED_EDGE('',*,*,#1237,.T.);
#600=ORIENTED_EDGE('',*,*,#1238,.T.);
#601=ORIENTED_EDGE('',*,*,#1239,.T.);
#602=ORIENTED_EDGE('',*,*,#1240,.T.);
#603=ORIENTED_EDGE('',*,*,#1197,.T.);
#604=ORIENTED_EDGE('',*,*,#1215,.T.);
#605=ORIENTED_EDGE('',*,*,#1219,.T.);
#606=ORIENTED_EDGE('',*,*,#1222,.T.);
#607=ORIENTED_EDGE('',*,*,#1225,.T.);
#608=ORIENTED_EDGE('',*,*,#1228,.T.);
#609=ORIENTED_EDGE('',*,*,#1231,.T.);
#610=ORIENTED_EDGE('',*,*,#1234,.T.);
#611=ORIENTED_EDGE('',*,*,#1236,.T.);
#612=ORIENTED_EDGE('',*,*,#1213,.F.);
#613=ORIENTED_EDGE('',*,*,#1241,.F.);
#614=ORIENTED_EDGE('',*,*,#1242,.T.);
#615=ORIENTED_EDGE('',*,*,#1243,.T.);
#616=ORIENTED_EDGE('',*,*,#1217,.F.);
#617=ORIENTED_EDGE('',*,*,#1243,.F.);
#618=ORIENTED_EDGE('',*,*,#1244,.T.);
#619=ORIENTED_EDGE('',*,*,#1245,.T.);
#620=ORIENTED_EDGE('',*,*,#1246,.T.);
#621=ORIENTED_EDGE('',*,*,#1220,.F.);
#622=ORIENTED_EDGE('',*,*,#1245,.F.);
#623=ORIENTED_EDGE('',*,*,#1247,.T.);
#624=ORIENTED_EDGE('',*,*,#1248,.T.);
#625=ORIENTED_EDGE('',*,*,#1223,.F.);
#626=ORIENTED_EDGE('',*,*,#1248,.F.);
#627=ORIENTED_EDGE('',*,*,#1249,.T.);
#628=ORIENTED_EDGE('',*,*,#1250,.T.);
#629=ORIENTED_EDGE('',*,*,#1049,.F.);
#630=ORIENTED_EDGE('',*,*,#1046,.F.);
#631=ORIENTED_EDGE('',*,*,#1079,.F.);
#632=ORIENTED_EDGE('',*,*,#1076,.F.);
#633=ORIENTED_EDGE('',*,*,#1073,.F.);
#634=ORIENTED_EDGE('',*,*,#1070,.F.);
#635=ORIENTED_EDGE('',*,*,#1067,.F.);
#636=ORIENTED_EDGE('',*,*,#1064,.F.);
#637=ORIENTED_EDGE('',*,*,#1061,.F.);
#638=ORIENTED_EDGE('',*,*,#1058,.F.);
#639=ORIENTED_EDGE('',*,*,#1055,.F.);
#640=ORIENTED_EDGE('',*,*,#1052,.F.);
#641=ORIENTED_EDGE('',*,*,#1226,.F.);
#642=ORIENTED_EDGE('',*,*,#1250,.F.);
#643=ORIENTED_EDGE('',*,*,#1251,.T.);
#644=ORIENTED_EDGE('',*,*,#1252,.T.);
#645=ORIENTED_EDGE('',*,*,#1229,.F.);
#646=ORIENTED_EDGE('',*,*,#1252,.F.);
#647=ORIENTED_EDGE('',*,*,#1253,.T.);
#648=ORIENTED_EDGE('',*,*,#1254,.T.);
#649=ORIENTED_EDGE('',*,*,#1255,.T.);
#650=ORIENTED_EDGE('',*,*,#1232,.F.);
#651=ORIENTED_EDGE('',*,*,#1254,.F.);
#652=ORIENTED_EDGE('',*,*,#1256,.T.);
#653=ORIENTED_EDGE('',*,*,#1257,.T.);
#654=ORIENTED_EDGE('',*,*,#1235,.F.);
#655=ORIENTED_EDGE('',*,*,#1257,.F.);
#656=ORIENTED_EDGE('',*,*,#1258,.T.);
#657=ORIENTED_EDGE('',*,*,#1241,.T.);
#658=ORIENTED_EDGE('',*,*,#1259,.T.);
#659=ORIENTED_EDGE('',*,*,#1260,.T.);
#660=ORIENTED_EDGE('',*,*,#1261,.T.);
#661=ORIENTED_EDGE('',*,*,#1262,.T.);
#662=ORIENTED_EDGE('',*,*,#1263,.T.);
#663=ORIENTED_EDGE('',*,*,#1264,.T.);
#664=ORIENTED_EDGE('',*,*,#1265,.T.);
#665=ORIENTED_EDGE('',*,*,#1266,.T.);
#666=ORIENTED_EDGE('',*,*,#1267,.T.);
#667=ORIENTED_EDGE('',*,*,#1268,.T.);
#668=ORIENTED_EDGE('',*,*,#1269,.T.);
#669=ORIENTED_EDGE('',*,*,#1270,.T.);
#670=ORIENTED_EDGE('',*,*,#1242,.F.);
#671=ORIENTED_EDGE('',*,*,#1258,.F.);
#672=ORIENTED_EDGE('',*,*,#1256,.F.);
#673=ORIENTED_EDGE('',*,*,#1253,.F.);
#674=ORIENTED_EDGE('',*,*,#1251,.F.);
#675=ORIENTED_EDGE('',*,*,#1249,.F.);
#676=ORIENTED_EDGE('',*,*,#1247,.F.);
#677=ORIENTED_EDGE('',*,*,#1244,.F.);
#678=ORIENTED_EDGE('',*,*,#1271,.T.);
#679=ORIENTED_EDGE('',*,*,#1240,.F.);
#680=ORIENTED_EDGE('',*,*,#1099,.T.);
#681=ORIENTED_EDGE('',*,*,#1272,.T.);
#682=ORIENTED_EDGE('',*,*,#1273,.T.);
#683=ORIENTED_EDGE('',*,*,#1274,.T.);
#684=ORIENTED_EDGE('',*,*,#1275,.T.);
#685=ORIENTED_EDGE('',*,*,#1276,.T.);
#686=ORIENTED_EDGE('',*,*,#1277,.T.);
#687=ORIENTED_EDGE('',*,*,#1278,.T.);
#688=ORIENTED_EDGE('',*,*,#1279,.T.);
#689=ORIENTED_EDGE('',*,*,#1280,.T.);
#690=ORIENTED_EDGE('',*,*,#1281,.T.);
#691=ORIENTED_EDGE('',*,*,#1282,.T.);
#692=ORIENTED_EDGE('',*,*,#1271,.F.);
#693=ORIENTED_EDGE('',*,*,#1283,.F.);
#694=ORIENTED_EDGE('',*,*,#1284,.F.);
#695=ORIENTED_EDGE('',*,*,#1285,.F.);
#696=ORIENTED_EDGE('',*,*,#1286,.F.);
#697=ORIENTED_EDGE('',*,*,#1287,.F.);
#698=ORIENTED_EDGE('',*,*,#1278,.F.);
#699=ORIENTED_EDGE('',*,*,#1288,.T.);
#700=ORIENTED_EDGE('',*,*,#1239,.F.);
#701=ORIENTED_EDGE('',*,*,#1081,.T.);
#702=ORIENTED_EDGE('',*,*,#1289,.T.);
#703=ORIENTED_EDGE('',*,*,#1290,.T.);
#704=ORIENTED_EDGE('',*,*,#1291,.T.);
#705=ORIENTED_EDGE('',*,*,#1292,.T.);
#706=ORIENTED_EDGE('',*,*,#1293,.T.);
#707=ORIENTED_EDGE('',*,*,#1294,.T.);
#708=ORIENTED_EDGE('',*,*,#1295,.T.);
#709=ORIENTED_EDGE('',*,*,#1296,.T.);
#710=ORIENTED_EDGE('',*,*,#1297,.T.);
#711=ORIENTED_EDGE('',*,*,#1298,.T.);
#712=ORIENTED_EDGE('',*,*,#1299,.T.);
#713=ORIENTED_EDGE('',*,*,#1288,.F.);
#714=ORIENTED_EDGE('',*,*,#1300,.F.);
#715=ORIENTED_EDGE('',*,*,#1301,.F.);
#716=ORIENTED_EDGE('',*,*,#1302,.F.);
#717=ORIENTED_EDGE('',*,*,#1303,.F.);
#718=ORIENTED_EDGE('',*,*,#1304,.F.);
#719=ORIENTED_EDGE('',*,*,#1295,.F.);
#720=ORIENTED_EDGE('',*,*,#1305,.T.);
#721=ORIENTED_EDGE('',*,*,#1238,.F.);
#722=ORIENTED_EDGE('',*,*,#1087,.T.);
#723=ORIENTED_EDGE('',*,*,#1306,.T.);
#724=ORIENTED_EDGE('',*,*,#1307,.T.);
#725=ORIENTED_EDGE('',*,*,#1308,.T.);
#726=ORIENTED_EDGE('',*,*,#1309,.T.);
#727=ORIENTED_EDGE('',*,*,#1310,.T.);
#728=ORIENTED_EDGE('',*,*,#1311,.T.);
#729=ORIENTED_EDGE('',*,*,#1312,.T.);
#730=ORIENTED_EDGE('',*,*,#1313,.T.);
#731=ORIENTED_EDGE('',*,*,#1314,.T.);
#732=ORIENTED_EDGE('',*,*,#1315,.T.);
#733=ORIENTED_EDGE('',*,*,#1316,.T.);
#734=ORIENTED_EDGE('',*,*,#1305,.F.);
#735=ORIENTED_EDGE('',*,*,#1317,.F.);
#736=ORIENTED_EDGE('',*,*,#1318,.F.);
#737=ORIENTED_EDGE('',*,*,#1319,.F.);
#738=ORIENTED_EDGE('',*,*,#1320,.F.);
#739=ORIENTED_EDGE('',*,*,#1321,.F.);
#740=ORIENTED_EDGE('',*,*,#1312,.F.);
#741=ORIENTED_EDGE('',*,*,#1322,.T.);
#742=ORIENTED_EDGE('',*,*,#1237,.F.);
#743=ORIENTED_EDGE('',*,*,#1093,.T.);
#744=ORIENTED_EDGE('',*,*,#1323,.T.);
#745=ORIENTED_EDGE('',*,*,#1324,.T.);
#746=ORIENTED_EDGE('',*,*,#1325,.T.);
#747=ORIENTED_EDGE('',*,*,#1326,.T.);
#748=ORIENTED_EDGE('',*,*,#1327,.T.);
#749=ORIENTED_EDGE('',*,*,#1328,.T.);
#750=ORIENTED_EDGE('',*,*,#1329,.T.);
#751=ORIENTED_EDGE('',*,*,#1330,.T.);
#752=ORIENTED_EDGE('',*,*,#1331,.T.);
#753=ORIENTED_EDGE('',*,*,#1332,.T.);
#754=ORIENTED_EDGE('',*,*,#1333,.T.);
#755=ORIENTED_EDGE('',*,*,#1322,.F.);
#756=ORIENTED_EDGE('',*,*,#1334,.F.);
#757=ORIENTED_EDGE('',*,*,#1335,.F.);
#758=ORIENTED_EDGE('',*,*,#1336,.F.);
#759=ORIENTED_EDGE('',*,*,#1337,.F.);
#760=ORIENTED_EDGE('',*,*,#1338,.F.);
#761=ORIENTED_EDGE('',*,*,#1329,.F.);
#762=ORIENTED_EDGE('',*,*,#1285,.T.);
#763=ORIENTED_EDGE('',*,*,#1339,.F.);
#764=ORIENTED_EDGE('',*,*,#1281,.F.);
#765=ORIENTED_EDGE('',*,*,#1340,.T.);
#766=ORIENTED_EDGE('',*,*,#1284,.T.);
#767=ORIENTED_EDGE('',*,*,#1341,.F.);
#768=ORIENTED_EDGE('',*,*,#1282,.F.);
#769=ORIENTED_EDGE('',*,*,#1339,.T.);
#770=ORIENTED_EDGE('',*,*,#1283,.T.);
#771=ORIENTED_EDGE('',*,*,#1277,.F.);
#772=ORIENTED_EDGE('',*,*,#1341,.T.);
#773=ORIENTED_EDGE('',*,*,#1098,.T.);
#774=ORIENTED_EDGE('',*,*,#1342,.F.);
#775=ORIENTED_EDGE('',*,*,#1272,.F.);
#776=ORIENTED_EDGE('',*,*,#1103,.T.);
#777=ORIENTED_EDGE('',*,*,#1343,.F.);
#778=ORIENTED_EDGE('',*,*,#1273,.F.);
#779=ORIENTED_EDGE('',*,*,#1342,.T.);
#780=ORIENTED_EDGE('',*,*,#1102,.T.);
#781=ORIENTED_EDGE('',*,*,#1344,.F.);
#782=ORIENTED_EDGE('',*,*,#1274,.F.);
#783=ORIENTED_EDGE('',*,*,#1343,.T.);
#784=ORIENTED_EDGE('',*,*,#1101,.T.);
#785=ORIENTED_EDGE('',*,*,#1345,.F.);
#786=ORIENTED_EDGE('',*,*,#1275,.F.);
#787=ORIENTED_EDGE('',*,*,#1344,.T.);
#788=ORIENTED_EDGE('',*,*,#1100,.T.);
#789=ORIENTED_EDGE('',*,*,#1276,.F.);
#790=ORIENTED_EDGE('',*,*,#1345,.T.);
#791=ORIENTED_EDGE('',*,*,#1287,.T.);
#792=ORIENTED_EDGE('',*,*,#1346,.F.);
#793=ORIENTED_EDGE('',*,*,#1279,.F.);
#794=ORIENTED_EDGE('',*,*,#1286,.T.);
#795=ORIENTED_EDGE('',*,*,#1340,.F.);
#796=ORIENTED_EDGE('',*,*,#1280,.F.);
#797=ORIENTED_EDGE('',*,*,#1346,.T.);
#798=ORIENTED_EDGE('',*,*,#1336,.T.);
#799=ORIENTED_EDGE('',*,*,#1347,.F.);
#800=ORIENTED_EDGE('',*,*,#1332,.F.);
#801=ORIENTED_EDGE('',*,*,#1348,.T.);
#802=ORIENTED_EDGE('',*,*,#1335,.T.);
#803=ORIENTED_EDGE('',*,*,#1349,.F.);
#804=ORIENTED_EDGE('',*,*,#1333,.F.);
#805=ORIENTED_EDGE('',*,*,#1347,.T.);
#806=ORIENTED_EDGE('',*,*,#1334,.T.);
#807=ORIENTED_EDGE('',*,*,#1328,.F.);
#808=ORIENTED_EDGE('',*,*,#1349,.T.);
#809=ORIENTED_EDGE('',*,*,#1092,.T.);
#810=ORIENTED_EDGE('',*,*,#1350,.F.);
#811=ORIENTED_EDGE('',*,*,#1323,.F.);
#812=ORIENTED_EDGE('',*,*,#1097,.T.);
#813=ORIENTED_EDGE('',*,*,#1351,.F.);
#814=ORIENTED_EDGE('',*,*,#1324,.F.);
#815=ORIENTED_EDGE('',*,*,#1350,.T.);
#816=ORIENTED_EDGE('',*,*,#1096,.T.);
#817=ORIENTED_EDGE('',*,*,#1352,.F.);
#818=ORIENTED_EDGE('',*,*,#1325,.F.);
#819=ORIENTED_EDGE('',*,*,#1351,.T.);
#820=ORIENTED_EDGE('',*,*,#1095,.T.);
#821=ORIENTED_EDGE('',*,*,#1353,.F.);
#822=ORIENTED_EDGE('',*,*,#1326,.F.);
#823=ORIENTED_EDGE('',*,*,#1352,.T.);
#824=ORIENTED_EDGE('',*,*,#1094,.T.);
#825=ORIENTED_EDGE('',*,*,#1327,.F.);
#826=ORIENTED_EDGE('',*,*,#1353,.T.);
#827=ORIENTED_EDGE('',*,*,#1338,.T.);
#828=ORIENTED_EDGE('',*,*,#1354,.F.);
#829=ORIENTED_EDGE('',*,*,#1330,.F.);
#830=ORIENTED_EDGE('',*,*,#1337,.T.);
#831=ORIENTED_EDGE('',*,*,#1348,.F.);
#832=ORIENTED_EDGE('',*,*,#1331,.F.);
#833=ORIENTED_EDGE('',*,*,#1354,.T.);
#834=ORIENTED_EDGE('',*,*,#1319,.T.);
#835=ORIENTED_EDGE('',*,*,#1355,.F.);
#836=ORIENTED_EDGE('',*,*,#1315,.F.);
#837=ORIENTED_EDGE('',*,*,#1356,.T.);
#838=ORIENTED_EDGE('',*,*,#1318,.T.);
#839=ORIENTED_EDGE('',*,*,#1357,.F.);
#840=ORIENTED_EDGE('',*,*,#1316,.F.);
#841=ORIENTED_EDGE('',*,*,#1355,.T.);
#842=ORIENTED_EDGE('',*,*,#1317,.T.);
#843=ORIENTED_EDGE('',*,*,#1311,.F.);
#844=ORIENTED_EDGE('',*,*,#1357,.T.);
#845=ORIENTED_EDGE('',*,*,#1086,.T.);
#846=ORIENTED_EDGE('',*,*,#1358,.F.);
#847=ORIENTED_EDGE('',*,*,#1306,.F.);
#848=ORIENTED_EDGE('',*,*,#1091,.T.);
#849=ORIENTED_EDGE('',*,*,#1359,.F.);
#850=ORIENTED_EDGE('',*,*,#1307,.F.);
#851=ORIENTED_EDGE('',*,*,#1358,.T.);
#852=ORIENTED_EDGE('',*,*,#1090,.T.);
#853=ORIENTED_EDGE('',*,*,#1360,.F.);
#854=ORIENTED_EDGE('',*,*,#1308,.F.);
#855=ORIENTED_EDGE('',*,*,#1359,.T.);
#856=ORIENTED_EDGE('',*,*,#1089,.T.);
#857=ORIENTED_EDGE('',*,*,#1361,.F.);
#858=ORIENTED_EDGE('',*,*,#1309,.F.);
#859=ORIENTED_EDGE('',*,*,#1360,.T.);
#860=ORIENTED_EDGE('',*,*,#1088,.T.);
#861=ORIENTED_EDGE('',*,*,#1310,.F.);
#862=ORIENTED_EDGE('',*,*,#1361,.T.);
#863=ORIENTED_EDGE('',*,*,#1321,.T.);
#864=ORIENTED_EDGE('',*,*,#1362,.F.);
#865=ORIENTED_EDGE('',*,*,#1313,.F.);
#866=ORIENTED_EDGE('',*,*,#1320,.T.);
#867=ORIENTED_EDGE('',*,*,#1356,.F.);
#868=ORIENTED_EDGE('',*,*,#1314,.F.);
#869=ORIENTED_EDGE('',*,*,#1362,.T.);
#870=ORIENTED_EDGE('',*,*,#1302,.T.);
#871=ORIENTED_EDGE('',*,*,#1363,.F.);
#872=ORIENTED_EDGE('',*,*,#1298,.F.);
#873=ORIENTED_EDGE('',*,*,#1364,.T.);
#874=ORIENTED_EDGE('',*,*,#1301,.T.);
#875=ORIENTED_EDGE('',*,*,#1365,.F.);
#876=ORIENTED_EDGE('',*,*,#1299,.F.);
#877=ORIENTED_EDGE('',*,*,#1363,.T.);
#878=ORIENTED_EDGE('',*,*,#1300,.T.);
#879=ORIENTED_EDGE('',*,*,#1294,.F.);
#880=ORIENTED_EDGE('',*,*,#1365,.T.);
#881=ORIENTED_EDGE('',*,*,#1080,.T.);
#882=ORIENTED_EDGE('',*,*,#1366,.F.);
#883=ORIENTED_EDGE('',*,*,#1289,.F.);
#884=ORIENTED_EDGE('',*,*,#1085,.T.);
#885=ORIENTED_EDGE('',*,*,#1367,.F.);
#886=ORIENTED_EDGE('',*,*,#1290,.F.);
#887=ORIENTED_EDGE('',*,*,#1366,.T.);
#888=ORIENTED_EDGE('',*,*,#1084,.T.);
#889=ORIENTED_EDGE('',*,*,#1368,.F.);
#890=ORIENTED_EDGE('',*,*,#1291,.F.);
#891=ORIENTED_EDGE('',*,*,#1367,.T.);
#892=ORIENTED_EDGE('',*,*,#1083,.T.);
#893=ORIENTED_EDGE('',*,*,#1369,.F.);
#894=ORIENTED_EDGE('',*,*,#1292,.F.);
#895=ORIENTED_EDGE('',*,*,#1368,.T.);
#896=ORIENTED_EDGE('',*,*,#1082,.T.);
#897=ORIENTED_EDGE('',*,*,#1293,.F.);
#898=ORIENTED_EDGE('',*,*,#1369,.T.);
#899=ORIENTED_EDGE('',*,*,#1304,.T.);
#900=ORIENTED_EDGE('',*,*,#1370,.F.);
#901=ORIENTED_EDGE('',*,*,#1296,.F.);
#902=ORIENTED_EDGE('',*,*,#1303,.T.);
#903=ORIENTED_EDGE('',*,*,#1364,.F.);
#904=ORIENTED_EDGE('',*,*,#1297,.F.);
#905=ORIENTED_EDGE('',*,*,#1370,.T.);
#906=ORIENTED_EDGE('',*,*,#1371,.T.);
#907=ORIENTED_EDGE('',*,*,#1372,.T.);
#908=ORIENTED_EDGE('',*,*,#1371,.F.);
#909=ORIENTED_EDGE('',*,*,#1373,.T.);
#910=ORIENTED_EDGE('',*,*,#1372,.F.);
#911=ORIENTED_EDGE('',*,*,#1246,.F.);
#912=ORIENTED_EDGE('',*,*,#1373,.F.);
#913=ORIENTED_EDGE('',*,*,#1255,.F.);
#914=ORIENTED_EDGE('',*,*,#1374,.T.);
#915=ORIENTED_EDGE('',*,*,#1375,.T.);
#916=ORIENTED_EDGE('',*,*,#1374,.F.);
#917=ORIENTED_EDGE('',*,*,#1376,.T.);
#918=ORIENTED_EDGE('',*,*,#1375,.F.);
#919=ORIENTED_EDGE('',*,*,#1376,.F.);
#920=ORIENTED_EDGE('',*,*,#1377,.F.);
#921=ORIENTED_EDGE('',*,*,#1378,.F.);
#922=ORIENTED_EDGE('',*,*,#1379,.F.);
#923=ORIENTED_EDGE('',*,*,#1380,.F.);
#924=ORIENTED_EDGE('',*,*,#1044,.T.);
#925=ORIENTED_EDGE('',*,*,#1048,.T.);
#926=ORIENTED_EDGE('',*,*,#1051,.T.);
#927=ORIENTED_EDGE('',*,*,#1054,.T.);
#928=ORIENTED_EDGE('',*,*,#1057,.T.);
#929=ORIENTED_EDGE('',*,*,#1060,.T.);
#930=ORIENTED_EDGE('',*,*,#1063,.T.);
#931=ORIENTED_EDGE('',*,*,#1066,.T.);
#932=ORIENTED_EDGE('',*,*,#1069,.T.);
#933=ORIENTED_EDGE('',*,*,#1072,.T.);
#934=ORIENTED_EDGE('',*,*,#1075,.T.);
#935=ORIENTED_EDGE('',*,*,#1078,.T.);
#936=ORIENTED_EDGE('',*,*,#1381,.F.);
#937=ORIENTED_EDGE('',*,*,#1377,.T.);
#938=ORIENTED_EDGE('',*,*,#1382,.T.);
#939=ORIENTED_EDGE('',*,*,#1383,.F.);
#940=ORIENTED_EDGE('',*,*,#1384,.T.);
#941=ORIENTED_EDGE('',*,*,#1385,.T.);
#942=ORIENTED_EDGE('',*,*,#1386,.T.);
#943=ORIENTED_EDGE('',*,*,#1387,.T.);
#944=ORIENTED_EDGE('',*,*,#1388,.T.);
#945=ORIENTED_EDGE('',*,*,#1389,.F.);
#946=ORIENTED_EDGE('',*,*,#1390,.F.);
#947=ORIENTED_EDGE('',*,*,#1378,.T.);
#948=ORIENTED_EDGE('',*,*,#1381,.T.);
#949=ORIENTED_EDGE('',*,*,#1391,.F.);
#950=ORIENTED_EDGE('',*,*,#1392,.F.);
#951=ORIENTED_EDGE('',*,*,#1379,.T.);
#952=ORIENTED_EDGE('',*,*,#1390,.T.);
#953=ORIENTED_EDGE('',*,*,#1393,.F.);
#954=ORIENTED_EDGE('',*,*,#1394,.T.);
#955=ORIENTED_EDGE('',*,*,#1395,.T.);
#956=ORIENTED_EDGE('',*,*,#1396,.T.);
#957=ORIENTED_EDGE('',*,*,#1397,.T.);
#958=ORIENTED_EDGE('',*,*,#1398,.T.);
#959=ORIENTED_EDGE('',*,*,#1399,.F.);
#960=ORIENTED_EDGE('',*,*,#1382,.F.);
#961=ORIENTED_EDGE('',*,*,#1380,.T.);
#962=ORIENTED_EDGE('',*,*,#1392,.T.);
#963=ORIENTED_EDGE('',*,*,#1400,.F.);
#964=ORIENTED_EDGE('',*,*,#1386,.F.);
#965=ORIENTED_EDGE('',*,*,#1401,.T.);
#966=ORIENTED_EDGE('',*,*,#1396,.F.);
#967=ORIENTED_EDGE('',*,*,#1402,.T.);
#968=ORIENTED_EDGE('',*,*,#1385,.F.);
#969=ORIENTED_EDGE('',*,*,#1403,.T.);
#970=ORIENTED_EDGE('',*,*,#1397,.F.);
#971=ORIENTED_EDGE('',*,*,#1401,.F.);
#972=ORIENTED_EDGE('',*,*,#1387,.F.);
#973=ORIENTED_EDGE('',*,*,#1402,.F.);
#974=ORIENTED_EDGE('',*,*,#1395,.F.);
#975=ORIENTED_EDGE('',*,*,#1404,.T.);
#976=ORIENTED_EDGE('',*,*,#1384,.F.);
#977=ORIENTED_EDGE('',*,*,#1405,.F.);
#978=ORIENTED_EDGE('',*,*,#1398,.F.);
#979=ORIENTED_EDGE('',*,*,#1403,.F.);
#980=ORIENTED_EDGE('',*,*,#1388,.F.);
#981=ORIENTED_EDGE('',*,*,#1404,.F.);
#982=ORIENTED_EDGE('',*,*,#1394,.F.);
#983=ORIENTED_EDGE('',*,*,#1406,.F.);
#984=ORIENTED_EDGE('',*,*,#1393,.T.);
#985=ORIENTED_EDGE('',*,*,#1389,.T.);
#986=ORIENTED_EDGE('',*,*,#1406,.T.);
#987=ORIENTED_EDGE('',*,*,#1400,.T.);
#988=ORIENTED_EDGE('',*,*,#1405,.T.);
#989=ORIENTED_EDGE('',*,*,#1391,.T.);
#990=ORIENTED_EDGE('',*,*,#1383,.T.);
#991=ORIENTED_EDGE('',*,*,#1399,.T.);
#992=ORIENTED_EDGE('',*,*,#1407,.T.);
#993=ORIENTED_EDGE('',*,*,#1270,.F.);
#994=ORIENTED_EDGE('',*,*,#1407,.F.);
#995=ORIENTED_EDGE('',*,*,#1408,.T.);
#996=ORIENTED_EDGE('',*,*,#1269,.F.);
#997=ORIENTED_EDGE('',*,*,#1408,.F.);
#998=ORIENTED_EDGE('',*,*,#1409,.T.);
#999=ORIENTED_EDGE('',*,*,#1268,.F.);
#1000=ORIENTED_EDGE('',*,*,#1409,.F.);
#1001=ORIENTED_EDGE('',*,*,#1410,.T.);
#1002=ORIENTED_EDGE('',*,*,#1267,.F.);
#1003=ORIENTED_EDGE('',*,*,#1410,.F.);
#1004=ORIENTED_EDGE('',*,*,#1263,.F.);
#1005=ORIENTED_EDGE('',*,*,#1411,.F.);
#1006=ORIENTED_EDGE('',*,*,#1412,.T.);
#1007=ORIENTED_EDGE('',*,*,#1413,.T.);
#1008=ORIENTED_EDGE('',*,*,#1264,.F.);
#1009=ORIENTED_EDGE('',*,*,#1413,.F.);
#1010=ORIENTED_EDGE('',*,*,#1414,.T.);
#1011=ORIENTED_EDGE('',*,*,#1415,.T.);
#1012=ORIENTED_EDGE('',*,*,#1265,.F.);
#1013=ORIENTED_EDGE('',*,*,#1415,.F.);
#1014=ORIENTED_EDGE('',*,*,#1416,.T.);
#1015=ORIENTED_EDGE('',*,*,#1417,.T.);
#1016=ORIENTED_EDGE('',*,*,#1266,.F.);
#1017=ORIENTED_EDGE('',*,*,#1417,.F.);
#1018=ORIENTED_EDGE('',*,*,#1418,.T.);
#1019=ORIENTED_EDGE('',*,*,#1411,.T.);
#1020=ORIENTED_EDGE('',*,*,#1412,.F.);
#1021=ORIENTED_EDGE('',*,*,#1418,.F.);
#1022=ORIENTED_EDGE('',*,*,#1416,.F.);
#1023=ORIENTED_EDGE('',*,*,#1414,.F.);
#1024=ORIENTED_EDGE('',*,*,#1259,.F.);
#1025=ORIENTED_EDGE('',*,*,#1419,.F.);
#1026=ORIENTED_EDGE('',*,*,#1420,.T.);
#1027=ORIENTED_EDGE('',*,*,#1421,.T.);
#1028=ORIENTED_EDGE('',*,*,#1260,.F.);
#1029=ORIENTED_EDGE('',*,*,#1421,.F.);
#1030=ORIENTED_EDGE('',*,*,#1422,.T.);
#1031=ORIENTED_EDGE('',*,*,#1423,.T.);
#1032=ORIENTED_EDGE('',*,*,#1261,.F.);
#1033=ORIENTED_EDGE('',*,*,#1423,.F.);
#1034=ORIENTED_EDGE('',*,*,#1424,.T.);
#1035=ORIENTED_EDGE('',*,*,#1425,.T.);
#1036=ORIENTED_EDGE('',*,*,#1262,.F.);
#1037=ORIENTED_EDGE('',*,*,#1425,.F.);
#1038=ORIENTED_EDGE('',*,*,#1426,.T.);
#1039=ORIENTED_EDGE('',*,*,#1419,.T.);
#1040=ORIENTED_EDGE('',*,*,#1420,.F.);
#1041=ORIENTED_EDGE('',*,*,#1426,.F.);
#1042=ORIENTED_EDGE('',*,*,#1424,.F.);
#1043=ORIENTED_EDGE('',*,*,#1422,.F.);
#1044=EDGE_CURVE('',#1427,#1428,#1691,.T.);
#1045=EDGE_CURVE('',#1427,#1429,#1692,.T.);
#1046=EDGE_CURVE('',#1429,#1430,#1693,.T.);
#1047=EDGE_CURVE('',#1428,#1430,#1694,.T.);
#1048=EDGE_CURVE('',#1428,#1431,#63,.T.);
#1049=EDGE_CURVE('',#1430,#1432,#64,.T.);
#1050=EDGE_CURVE('',#1431,#1432,#1695,.T.);
#1051=EDGE_CURVE('',#1431,#1433,#1696,.T.);
#1052=EDGE_CURVE('',#1432,#1434,#1697,.T.);
#1053=EDGE_CURVE('',#1433,#1434,#1698,.T.);
#1054=EDGE_CURVE('',#1433,#1435,#65,.T.);
#1055=EDGE_CURVE('',#1434,#1436,#66,.T.);
#1056=EDGE_CURVE('',#1435,#1436,#1699,.T.);
#1057=EDGE_CURVE('',#1435,#1437,#1700,.T.);
#1058=EDGE_CURVE('',#1436,#1438,#1701,.T.);
#1059=EDGE_CURVE('',#1437,#1438,#1702,.T.);
#1060=EDGE_CURVE('',#1437,#1439,#67,.T.);
#1061=EDGE_CURVE('',#1438,#1440,#68,.T.);
#1062=EDGE_CURVE('',#1439,#1440,#1703,.T.);
#1063=EDGE_CURVE('',#1439,#1441,#1704,.T.);
#1064=EDGE_CURVE('',#1440,#1442,#1705,.T.);
#1065=EDGE_CURVE('',#1441,#1442,#1706,.T.);
#1066=EDGE_CURVE('',#1441,#1443,#69,.T.);
#1067=EDGE_CURVE('',#1442,#1444,#70,.T.);
#1068=EDGE_CURVE('',#1443,#1444,#1707,.T.);
#1069=EDGE_CURVE('',#1443,#1445,#1708,.T.);
#1070=EDGE_CURVE('',#1444,#1446,#1709,.T.);
#1071=EDGE_CURVE('',#1445,#1446,#1710,.T.);
#1072=EDGE_CURVE('',#1445,#1447,#71,.T.);
#1073=EDGE_CURVE('',#1446,#1448,#72,.T.);
#1074=EDGE_CURVE('',#1447,#1448,#1711,.T.);
#1075=EDGE_CURVE('',#1447,#1449,#1712,.T.);
#1076=EDGE_CURVE('',#1448,#1450,#1713,.T.);
#1077=EDGE_CURVE('',#1449,#1450,#1714,.T.);
#1078=EDGE_CURVE('',#1449,#1427,#73,.T.);
#1079=EDGE_CURVE('',#1450,#1429,#74,.T.);
#1080=EDGE_CURVE('',#1451,#1452,#75,.F.);
#1081=EDGE_CURVE('',#1453,#1451,#76,.T.);
#1082=EDGE_CURVE('',#1454,#1453,#77,.F.);
#1083=EDGE_CURVE('',#1455,#1454,#78,.F.);
#1084=EDGE_CURVE('',#1456,#1455,#79,.F.);
#1085=EDGE_CURVE('',#1452,#1456,#80,.F.);
#1086=EDGE_CURVE('',#1457,#1458,#81,.F.);
#1087=EDGE_CURVE('',#1459,#1457,#82,.T.);
#1088=EDGE_CURVE('',#1460,#1459,#83,.F.);
#1089=EDGE_CURVE('',#1461,#1460,#84,.F.);
#1090=EDGE_CURVE('',#1462,#1461,#85,.F.);
#1091=EDGE_CURVE('',#1458,#1462,#86,.F.);
#1092=EDGE_CURVE('',#1463,#1464,#87,.F.);
#1093=EDGE_CURVE('',#1465,#1463,#88,.T.);
#1094=EDGE_CURVE('',#1466,#1465,#89,.F.);
#1095=EDGE_CURVE('',#1467,#1466,#90,.F.);
#1096=EDGE_CURVE('',#1468,#1467,#91,.F.);
#1097=EDGE_CURVE('',#1464,#1468,#92,.F.);
#1098=EDGE_CURVE('',#1469,#1470,#93,.F.);
#1099=EDGE_CURVE('',#1471,#1469,#94,.T.);
#1100=EDGE_CURVE('',#1472,#1471,#95,.F.);
#1101=EDGE_CURVE('',#1473,#1472,#96,.F.);
#1102=EDGE_CURVE('',#1474,#1473,#97,.F.);
#1103=EDGE_CURVE('',#1470,#1474,#98,.F.);
#1104=EDGE_CURVE('',#1475,#1476,#1715,.T.);
#1105=EDGE_CURVE('',#1476,#1477,#99,.T.);
#1106=EDGE_CURVE('',#1478,#1477,#1716,.T.);
#1107=EDGE_CURVE('',#1478,#1475,#100,.F.);
#1108=EDGE_CURVE('',#1479,#1480,#1717,.T.);
#1109=EDGE_CURVE('',#1480,#1476,#101,.T.);
#1110=EDGE_CURVE('',#1475,#1479,#102,.F.);
#1111=EDGE_CURVE('',#1481,#1482,#1718,.T.);
#1112=EDGE_CURVE('',#1482,#1480,#103,.T.);
#1113=EDGE_CURVE('',#1479,#1481,#104,.F.);
#1114=EDGE_CURVE('',#1482,#1483,#105,.T.);
#1115=EDGE_CURVE('',#1484,#1481,#106,.F.);
#1116=EDGE_CURVE('',#1484,#1483,#1719,.T.);
#1117=EDGE_CURVE('',#1483,#1485,#107,.T.);
#1118=EDGE_CURVE('',#1486,#1484,#108,.F.);
#1119=EDGE_CURVE('',#1486,#1485,#1720,.T.);
#1120=EDGE_CURVE('',#1487,#1488,#1721,.T.);
#1121=EDGE_CURVE('',#1488,#1485,#109,.T.);
#1122=EDGE_CURVE('',#1486,#1487,#110,.F.);
#1123=EDGE_CURVE('',#1489,#1490,#1722,.T.);
#1124=EDGE_CURVE('',#1490,#1488,#111,.T.);
#1125=EDGE_CURVE('',#1487,#1489,#112,.F.);
#1126=EDGE_CURVE('',#1491,#1492,#1723,.T.);
#1127=EDGE_CURVE('',#1492,#1490,#113,.T.);
#1128=EDGE_CURVE('',#1489,#1491,#114,.F.);
#1129=EDGE_CURVE('',#1493,#1494,#1724,.T.);
#1130=EDGE_CURVE('',#1494,#1492,#115,.T.);
#1131=EDGE_CURVE('',#1491,#1493,#116,.F.);
#1132=EDGE_CURVE('',#1495,#1496,#1725,.T.);
#1133=EDGE_CURVE('',#1496,#1494,#117,.T.);
#1134=EDGE_CURVE('',#1493,#1495,#118,.F.);
#1135=EDGE_CURVE('',#1497,#1498,#1726,.T.);
#1136=EDGE_CURVE('',#1498,#1496,#119,.T.);
#1137=EDGE_CURVE('',#1495,#1497,#120,.F.);
#1138=EDGE_CURVE('',#1477,#1498,#121,.T.);
#1139=EDGE_CURVE('',#1497,#1478,#122,.F.);
#1140=EDGE_CURVE('',#1499,#1499,#123,.T.);
#1141=EDGE_CURVE('',#1500,#1501,#36,.T.);
#1142=EDGE_CURVE('',#1502,#1500,#124,.T.);
#1143=EDGE_CURVE('',#1503,#1502,#37,.T.);
#1144=EDGE_CURVE('',#1504,#1503,#125,.T.);
#1145=EDGE_CURVE('',#1505,#1504,#38,.T.);
#1146=EDGE_CURVE('',#1506,#1505,#39,.T.);
#1147=EDGE_CURVE('',#1507,#1506,#126,.T.);
#1148=EDGE_CURVE('',#1508,#1507,#40,.T.);
#1149=EDGE_CURVE('',#1509,#1508,#127,.T.);
#1150=EDGE_CURVE('',#1510,#1509,#41,.T.);
#1151=EDGE_CURVE('',#1511,#1510,#128,.T.);
#1152=EDGE_CURVE('',#1512,#1511,#42,.T.);
#1153=EDGE_CURVE('',#1513,#1512,#43,.T.);
#1154=EDGE_CURVE('',#1514,#1513,#129,.T.);
#1155=EDGE_CURVE('',#1515,#1514,#44,.T.);
#1156=EDGE_CURVE('',#1516,#1515,#130,.T.);
#1157=EDGE_CURVE('',#1517,#1516,#45,.T.);
#1158=EDGE_CURVE('',#1518,#1517,#131,.T.);
#1159=EDGE_CURVE('',#1519,#1518,#46,.T.);
#1160=EDGE_CURVE('',#1520,#1519,#47,.T.);
#1161=EDGE_CURVE('',#1501,#1520,#132,.T.);
#1162=EDGE_CURVE('',#1521,#1522,#133,.T.);
#1163=EDGE_CURVE('',#1521,#1507,#1727,.T.);
#1164=EDGE_CURVE('',#1506,#1523,#1728,.F.);
#1165=EDGE_CURVE('',#1524,#1523,#134,.T.);
#1166=EDGE_CURVE('',#1524,#1504,#1729,.T.);
#1167=EDGE_CURVE('',#1503,#1525,#1730,.F.);
#1168=EDGE_CURVE('',#1526,#1525,#135,.T.);
#1169=EDGE_CURVE('',#1526,#1502,#1731,.T.);
#1170=EDGE_CURVE('',#1500,#1527,#1732,.F.);
#1171=EDGE_CURVE('',#1528,#1527,#136,.T.);
#1172=EDGE_CURVE('',#1528,#1501,#1733,.T.);
#1173=EDGE_CURVE('',#1520,#1529,#1734,.F.);
#1174=EDGE_CURVE('',#1530,#1529,#137,.T.);
#1175=EDGE_CURVE('',#1530,#1518,#1735,.T.);
#1176=EDGE_CURVE('',#1517,#1531,#1736,.F.);
#1177=EDGE_CURVE('',#1532,#1531,#138,.T.);
#1178=EDGE_CURVE('',#1532,#1516,#1737,.T.);
#1179=EDGE_CURVE('',#1515,#1533,#1738,.F.);
#1180=EDGE_CURVE('',#1534,#1533,#139,.T.);
#1181=EDGE_CURVE('',#1534,#1514,#1739,.T.);
#1182=EDGE_CURVE('',#1513,#1535,#1740,.F.);
#1183=EDGE_CURVE('',#1536,#1535,#140,.T.);
#1184=EDGE_CURVE('',#1536,#1511,#1741,.T.);
#1185=EDGE_CURVE('',#1510,#1537,#1742,.F.);
#1186=EDGE_CURVE('',#1538,#1537,#141,.T.);
#1187=EDGE_CURVE('',#1538,#1509,#1743,.T.);
#1188=EDGE_CURVE('',#1508,#1522,#1744,.F.);
#1189=EDGE_CURVE('',#1539,#1539,#142,.T.);
#1190=EDGE_CURVE('',#1540,#1540,#143,.T.);
#1191=EDGE_CURVE('',#1541,#1541,#144,.T.);
#1192=EDGE_CURVE('',#1542,#1542,#145,.T.);
#1193=EDGE_CURVE('',#1543,#1543,#146,.T.);
#1194=EDGE_CURVE('',#1544,#1544,#147,.T.);
#1195=EDGE_CURVE('',#1545,#1545,#148,.T.);
#1196=EDGE_CURVE('',#1546,#1546,#149,.T.);
#1197=EDGE_CURVE('',#1547,#1547,#150,.T.);
#1198=EDGE_CURVE('',#1523,#1548,#151,.T.);
#1199=EDGE_CURVE('',#1548,#1524,#152,.T.);
#1200=EDGE_CURVE('',#1548,#1505,#1745,.T.);
#1201=EDGE_CURVE('',#1525,#1526,#153,.T.);
#1202=EDGE_CURVE('',#1527,#1528,#154,.T.);
#1203=EDGE_CURVE('',#1529,#1549,#155,.T.);
#1204=EDGE_CURVE('',#1549,#1530,#156,.T.);
#1205=EDGE_CURVE('',#1549,#1519,#1746,.T.);
#1206=EDGE_CURVE('',#1531,#1532,#157,.T.);
#1207=EDGE_CURVE('',#1533,#1534,#158,.T.);
#1208=EDGE_CURVE('',#1535,#1550,#159,.T.);
#1209=EDGE_CURVE('',#1550,#1536,#160,.T.);
#1210=EDGE_CURVE('',#1550,#1512,#1747,.T.);
#1211=EDGE_CURVE('',#1537,#1538,#161,.T.);
#1212=EDGE_CURVE('',#1522,#1521,#162,.T.);
#1213=EDGE_CURVE('',#1551,#1552,#1748,.T.);
#1214=EDGE_CURVE('',#1553,#1552,#1749,.T.);
#1215=EDGE_CURVE('',#1554,#1553,#1750,.F.);
#1216=EDGE_CURVE('',#1554,#1551,#1751,.T.);
#1217=EDGE_CURVE('',#1552,#1555,#163,.T.);
#1218=EDGE_CURVE('',#1556,#1555,#1752,.T.);
#1219=EDGE_CURVE('',#1553,#1556,#164,.T.);
#1220=EDGE_CURVE('',#1555,#1557,#1753,.T.);
#1221=EDGE_CURVE('',#1558,#1557,#1754,.T.);
#1222=EDGE_CURVE('',#1556,#1558,#1755,.F.);
#1223=EDGE_CURVE('',#1557,#1559,#165,.T.);
#1224=EDGE_CURVE('',#1560,#1559,#1756,.T.);
#1225=EDGE_CURVE('',#1558,#1560,#166,.T.);
#1226=EDGE_CURVE('',#1559,#1561,#1757,.T.);
#1227=EDGE_CURVE('',#1562,#1561,#1758,.T.);
#1228=EDGE_CURVE('',#1560,#1562,#1759,.F.);
#1229=EDGE_CURVE('',#1561,#1563,#167,.T.);
#1230=EDGE_CURVE('',#1564,#1563,#1760,.T.);
#1231=EDGE_CURVE('',#1562,#1564,#168,.T.);
#1232=EDGE_CURVE('',#1563,#1565,#1761,.T.);
#1233=EDGE_CURVE('',#1566,#1565,#1762,.T.);
#1234=EDGE_CURVE('',#1564,#1566,#1763,.F.);
#1235=EDGE_CURVE('',#1565,#1551,#169,.T.);
#1236=EDGE_CURVE('',#1566,#1554,#170,.T.);
#1237=EDGE_CURVE('',#1567,#1567,#171,.T.);
#1238=EDGE_CURVE('',#1568,#1568,#172,.T.);
#1239=EDGE_CURVE('',#1569,#1569,#173,.T.);
#1240=EDGE_CURVE('',#1570,#1570,#174,.T.);
#1241=EDGE_CURVE('',#1571,#1551,#1764,.T.);
#1242=EDGE_CURVE('',#1571,#1572,#1765,.T.);
#1243=EDGE_CURVE('',#1572,#1552,#1766,.T.);
#1244=EDGE_CURVE('',#1572,#1573,#175,.T.);
#1245=EDGE_CURVE('',#1573,#1555,#1767,.T.);
#1246=EDGE_CURVE('',#1574,#1574,#20,.F.);
#1247=EDGE_CURVE('',#1573,#1575,#1768,.T.);
#1248=EDGE_CURVE('',#1575,#1557,#1769,.T.);
#1249=EDGE_CURVE('',#1575,#1576,#176,.T.);
#1250=EDGE_CURVE('',#1576,#1559,#1770,.T.);
#1251=EDGE_CURVE('',#1576,#1577,#1771,.T.);
#1252=EDGE_CURVE('',#1577,#1561,#1772,.T.);
#1253=EDGE_CURVE('',#1577,#1578,#177,.T.);
#1254=EDGE_CURVE('',#1578,#1563,#1773,.T.);
#1255=EDGE_CURVE('',#1579,#1579,#21,.F.);
#1256=EDGE_CURVE('',#1578,#1580,#1774,.T.);
#1257=EDGE_CURVE('',#1580,#1565,#1775,.T.);
#1258=EDGE_CURVE('',#1580,#1571,#178,.T.);
#1259=EDGE_CURVE('',#1581,#1582,#1776,.T.);
#1260=EDGE_CURVE('',#1582,#1583,#179,.T.);
#1261=EDGE_CURVE('',#1583,#1584,#1777,.T.);
#1262=EDGE_CURVE('',#1584,#1581,#180,.T.);
#1263=EDGE_CURVE('',#1585,#1586,#1778,.T.);
#1264=EDGE_CURVE('',#1586,#1587,#181,.T.);
#1265=EDGE_CURVE('',#1587,#1588,#1779,.T.);
#1266=EDGE_CURVE('',#1588,#1585,#182,.T.);
#1267=EDGE_CURVE('',#1589,#1589,#183,.T.);
#1268=EDGE_CURVE('',#1590,#1590,#184,.T.);
#1269=EDGE_CURVE('',#1591,#1591,#185,.T.);
#1270=EDGE_CURVE('',#1592,#1592,#186,.T.);
#1271=EDGE_CURVE('',#1593,#1593,#187,.T.);
#1272=EDGE_CURVE('',#1469,#1594,#1780,.T.);
#1273=EDGE_CURVE('',#1594,#1595,#1781,.T.);
#1274=EDGE_CURVE('',#1595,#1596,#1782,.T.);
#1275=EDGE_CURVE('',#1596,#1597,#1783,.T.);
#1276=EDGE_CURVE('',#1597,#1471,#1784,.T.);
#1277=EDGE_CURVE('',#1598,#1599,#1785,.T.);
#1278=EDGE_CURVE('',#1599,#1600,#188,.T.);
#1279=EDGE_CURVE('',#1600,#1601,#1786,.T.);
#1280=EDGE_CURVE('',#1601,#1602,#1787,.T.);
#1281=EDGE_CURVE('',#1602,#1603,#1788,.T.);
#1282=EDGE_CURVE('',#1603,#1598,#1789,.T.);
#1283=EDGE_CURVE('',#1604,#1599,#189,.F.);
#1284=EDGE_CURVE('',#1605,#1604,#190,.F.);
#1285=EDGE_CURVE('',#1606,#1605,#191,.F.);
#1286=EDGE_CURVE('',#1607,#1606,#192,.F.);
#1287=EDGE_CURVE('',#1600,#1607,#193,.F.);
#1288=EDGE_CURVE('',#1608,#1608,#194,.T.);
#1289=EDGE_CURVE('',#1451,#1609,#1790,.T.);
#1290=EDGE_CURVE('',#1609,#1610,#1791,.T.);
#1291=EDGE_CURVE('',#1610,#1611,#1792,.T.);
#1292=EDGE_CURVE('',#1611,#1612,#1793,.T.);
#1293=EDGE_CURVE('',#1612,#1453,#1794,.T.);
#1294=EDGE_CURVE('',#1613,#1614,#1795,.T.);
#1295=EDGE_CURVE('',#1614,#1615,#195,.T.);
#1296=EDGE_CURVE('',#1615,#1616,#1796,.T.);
#1297=EDGE_CURVE('',#1616,#1617,#1797,.T.);
#1298=EDGE_CURVE('',#1617,#1618,#1798,.T.);
#1299=EDGE_CURVE('',#1618,#1613,#1799,.T.);
#1300=EDGE_CURVE('',#1619,#1614,#196,.F.);
#1301=EDGE_CURVE('',#1620,#1619,#197,.F.);
#1302=EDGE_CURVE('',#1621,#1620,#198,.F.);
#1303=EDGE_CURVE('',#1622,#1621,#199,.F.);
#1304=EDGE_CURVE('',#1615,#1622,#200,.F.);
#1305=EDGE_CURVE('',#1623,#1623,#201,.T.);
#1306=EDGE_CURVE('',#1457,#1624,#1800,.T.);
#1307=EDGE_CURVE('',#1624,#1625,#1801,.T.);
#1308=EDGE_CURVE('',#1625,#1626,#1802,.T.);
#1309=EDGE_CURVE('',#1626,#1627,#1803,.T.);
#1310=EDGE_CURVE('',#1627,#1459,#1804,.T.);
#1311=EDGE_CURVE('',#1628,#1629,#1805,.T.);
#1312=EDGE_CURVE('',#1629,#1630,#202,.T.);
#1313=EDGE_CURVE('',#1630,#1631,#1806,.T.);
#1314=EDGE_CURVE('',#1631,#1632,#1807,.T.);
#1315=EDGE_CURVE('',#1632,#1633,#1808,.T.);
#1316=EDGE_CURVE('',#1633,#1628,#1809,.T.);
#1317=EDGE_CURVE('',#1634,#1629,#203,.F.);
#1318=EDGE_CURVE('',#1635,#1634,#204,.F.);
#1319=EDGE_CURVE('',#1636,#1635,#205,.F.);
#1320=EDGE_CURVE('',#1637,#1636,#206,.F.);
#1321=EDGE_CURVE('',#1630,#1637,#207,.F.);
#1322=EDGE_CURVE('',#1638,#1638,#208,.T.);
#1323=EDGE_CURVE('',#1463,#1639,#1810,.T.);
#1324=EDGE_CURVE('',#1639,#1640,#1811,.T.);
#1325=EDGE_CURVE('',#1640,#1641,#1812,.T.);
#1326=EDGE_CURVE('',#1641,#1642,#1813,.T.);
#1327=EDGE_CURVE('',#1642,#1465,#1814,.T.);
#1328=EDGE_CURVE('',#1643,#1644,#1815,.T.);
#1329=EDGE_CURVE('',#1644,#1645,#209,.T.);
#1330=EDGE_CURVE('',#1645,#1646,#1816,.T.);
#1331=EDGE_CURVE('',#1646,#1647,#1817,.T.);
#1332=EDGE_CURVE('',#1647,#1648,#1818,.T.);
#1333=EDGE_CURVE('',#1648,#1643,#1819,.T.);
#1334=EDGE_CURVE('',#1649,#1644,#210,.F.);
#1335=EDGE_CURVE('',#1650,#1649,#211,.F.);
#1336=EDGE_CURVE('',#1651,#1650,#212,.F.);
#1337=EDGE_CURVE('',#1652,#1651,#213,.F.);
#1338=EDGE_CURVE('',#1645,#1652,#214,.F.);
#1339=EDGE_CURVE('',#1603,#1605,#1820,.T.);
#1340=EDGE_CURVE('',#1602,#1606,#1821,.T.);
#1341=EDGE_CURVE('',#1598,#1604,#1822,.T.);
#1342=EDGE_CURVE('',#1594,#1470,#1823,.T.);
#1343=EDGE_CURVE('',#1595,#1474,#1824,.T.);
#1344=EDGE_CURVE('',#1596,#1473,#1825,.T.);
#1345=EDGE_CURVE('',#1597,#1472,#1826,.T.);
#1346=EDGE_CURVE('',#1601,#1607,#1827,.T.);
#1347=EDGE_CURVE('',#1648,#1650,#1828,.T.);
#1348=EDGE_CURVE('',#1647,#1651,#1829,.T.);
#1349=EDGE_CURVE('',#1643,#1649,#1830,.T.);
#1350=EDGE_CURVE('',#1639,#1464,#1831,.T.);
#1351=EDGE_CURVE('',#1640,#1468,#1832,.T.);
#1352=EDGE_CURVE('',#1641,#1467,#1833,.T.);
#1353=EDGE_CURVE('',#1642,#1466,#1834,.T.);
#1354=EDGE_CURVE('',#1646,#1652,#1835,.T.);
#1355=EDGE_CURVE('',#1633,#1635,#1836,.T.);
#1356=EDGE_CURVE('',#1632,#1636,#1837,.T.);
#1357=EDGE_CURVE('',#1628,#1634,#1838,.T.);
#1358=EDGE_CURVE('',#1624,#1458,#1839,.T.);
#1359=EDGE_CURVE('',#1625,#1462,#1840,.T.);
#1360=EDGE_CURVE('',#1626,#1461,#1841,.T.);
#1361=EDGE_CURVE('',#1627,#1460,#1842,.T.);
#1362=EDGE_CURVE('',#1631,#1637,#1843,.T.);
#1363=EDGE_CURVE('',#1618,#1620,#1844,.T.);
#1364=EDGE_CURVE('',#1617,#1621,#1845,.T.);
#1365=EDGE_CURVE('',#1613,#1619,#1846,.T.);
#1366=EDGE_CURVE('',#1609,#1452,#1847,.T.);
#1367=EDGE_CURVE('',#1610,#1456,#1848,.T.);
#1368=EDGE_CURVE('',#1611,#1455,#1849,.T.);
#1369=EDGE_CURVE('',#1612,#1454,#1850,.T.);
#1370=EDGE_CURVE('',#1616,#1622,#1851,.T.);
#1371=EDGE_CURVE('',#1653,#1653,#215,.T.);
#1372=EDGE_CURVE('',#1654,#1654,#216,.T.);
#1373=EDGE_CURVE('',#1655,#1655,#217,.T.);
#1374=EDGE_CURVE('',#1656,#1656,#218,.T.);
#1375=EDGE_CURVE('',#1657,#1657,#219,.T.);
#1376=EDGE_CURVE('',#1658,#1658,#220,.T.);
#1377=EDGE_CURVE('',#1659,#1660,#1852,.T.);
#1378=EDGE_CURVE('',#1661,#1659,#1853,.T.);
#1379=EDGE_CURVE('',#1662,#1661,#1854,.T.);
#1380=EDGE_CURVE('',#1660,#1662,#1855,.T.);
#1381=EDGE_CURVE('',#1659,#1663,#1856,.T.);
#1382=EDGE_CURVE('',#1660,#1664,#1857,.T.);
#1383=EDGE_CURVE('',#1663,#1664,#1858,.T.);
#1384=EDGE_CURVE('',#1665,#1666,#1859,.T.);
#1385=EDGE_CURVE('',#1666,#1667,#48,.T.);
#1386=EDGE_CURVE('',#1667,#1668,#1860,.T.);
#1387=EDGE_CURVE('',#1668,#1669,#49,.T.);
#1388=EDGE_CURVE('',#1669,#1670,#1861,.F.);
#1389=EDGE_CURVE('',#1671,#1670,#1862,.T.);
#1390=EDGE_CURVE('',#1661,#1671,#1863,.T.);
#1391=EDGE_CURVE('',#1665,#1663,#1864,.T.);
#1392=EDGE_CURVE('',#1662,#1672,#1865,.T.);
#1393=EDGE_CURVE('',#1672,#1671,#1866,.T.);
#1394=EDGE_CURVE('',#1673,#1674,#1867,.T.);
#1395=EDGE_CURVE('',#1674,#1675,#50,.T.);
#1396=EDGE_CURVE('',#1675,#1676,#1868,.T.);
#1397=EDGE_CURVE('',#1676,#1677,#51,.T.);
#1398=EDGE_CURVE('',#1677,#1678,#1869,.F.);
#1399=EDGE_CURVE('',#1664,#1678,#1870,.T.);
#1400=EDGE_CURVE('',#1673,#1672,#1871,.T.);
#1401=EDGE_CURVE('',#1667,#1676,#221,.T.);
#1402=EDGE_CURVE('',#1675,#1668,#222,.T.);
#1403=EDGE_CURVE('',#1666,#1677,#223,.T.);
#1404=EDGE_CURVE('',#1674,#1669,#224,.T.);
#1405=EDGE_CURVE('',#1678,#1665,#225,.F.);
#1406=EDGE_CURVE('',#1670,#1673,#226,.F.);
#1407=EDGE_CURVE('',#1679,#1679,#227,.T.);
#1408=EDGE_CURVE('',#1680,#1680,#228,.T.);
#1409=EDGE_CURVE('',#1681,#1681,#229,.T.);
#1410=EDGE_CURVE('',#1682,#1682,#230,.T.);
#1411=EDGE_CURVE('',#1683,#1585,#1872,.T.);
#1412=EDGE_CURVE('',#1683,#1684,#1873,.T.);
#1413=EDGE_CURVE('',#1684,#1586,#1874,.T.);
#1414=EDGE_CURVE('',#1684,#1685,#231,.T.);
#1415=EDGE_CURVE('',#1685,#1587,#1875,.T.);
#1416=EDGE_CURVE('',#1685,#1686,#1876,.T.);
#1417=EDGE_CURVE('',#1686,#1588,#1877,.T.);
#1418=EDGE_CURVE('',#1686,#1683,#232,.T.);
#1419=EDGE_CURVE('',#1687,#1581,#1878,.T.);
#1420=EDGE_CURVE('',#1687,#1688,#1879,.T.);
#1421=EDGE_CURVE('',#1688,#1582,#1880,.T.);
#1422=EDGE_CURVE('',#1688,#1689,#233,.T.);
#1423=EDGE_CURVE('',#1689,#1583,#1881,.T.);
#1424=EDGE_CURVE('',#1689,#1690,#1882,.T.);
#1425=EDGE_CURVE('',#1690,#1584,#1883,.T.);
#1426=EDGE_CURVE('',#1690,#1687,#234,.T.);
#1427=VERTEX_POINT('',#5201);
#1428=VERTEX_POINT('',#5202);
#1429=VERTEX_POINT('',#5204);
#1430=VERTEX_POINT('',#5206);
#1431=VERTEX_POINT('',#5210);
#1432=VERTEX_POINT('',#5212);
#1433=VERTEX_POINT('',#5216);
#1434=VERTEX_POINT('',#5218);
#1435=VERTEX_POINT('',#5222);
#1436=VERTEX_POINT('',#5224);
#1437=VERTEX_POINT('',#5228);
#1438=VERTEX_POINT('',#5230);
#1439=VERTEX_POINT('',#5234);
#1440=VERTEX_POINT('',#5236);
#1441=VERTEX_POINT('',#5240);
#1442=VERTEX_POINT('',#5242);
#1443=VERTEX_POINT('',#5246);
#1444=VERTEX_POINT('',#5248);
#1445=VERTEX_POINT('',#5252);
#1446=VERTEX_POINT('',#5254);
#1447=VERTEX_POINT('',#5258);
#1448=VERTEX_POINT('',#5260);
#1449=VERTEX_POINT('',#5264);
#1450=VERTEX_POINT('',#5266);
#1451=VERTEX_POINT('',#5273);
#1452=VERTEX_POINT('',#5274);
#1453=VERTEX_POINT('',#5276);
#1454=VERTEX_POINT('',#5278);
#1455=VERTEX_POINT('',#5280);
#1456=VERTEX_POINT('',#5282);
#1457=VERTEX_POINT('',#5286);
#1458=VERTEX_POINT('',#5287);
#1459=VERTEX_POINT('',#5289);
#1460=VERTEX_POINT('',#5291);
#1461=VERTEX_POINT('',#5293);
#1462=VERTEX_POINT('',#5295);
#1463=VERTEX_POINT('',#5299);
#1464=VERTEX_POINT('',#5300);
#1465=VERTEX_POINT('',#5302);
#1466=VERTEX_POINT('',#5304);
#1467=VERTEX_POINT('',#5306);
#1468=VERTEX_POINT('',#5308);
#1469=VERTEX_POINT('',#5312);
#1470=VERTEX_POINT('',#5313);
#1471=VERTEX_POINT('',#5315);
#1472=VERTEX_POINT('',#5317);
#1473=VERTEX_POINT('',#5319);
#1474=VERTEX_POINT('',#5321);
#1475=VERTEX_POINT('',#5325);
#1476=VERTEX_POINT('',#5326);
#1477=VERTEX_POINT('',#5328);
#1478=VERTEX_POINT('',#5330);
#1479=VERTEX_POINT('',#5334);
#1480=VERTEX_POINT('',#5335);
#1481=VERTEX_POINT('',#5340);
#1482=VERTEX_POINT('',#5341);
#1483=VERTEX_POINT('',#5346);
#1484=VERTEX_POINT('',#5348);
#1485=VERTEX_POINT('',#5352);
#1486=VERTEX_POINT('',#5354);
#1487=VERTEX_POINT('',#5358);
#1488=VERTEX_POINT('',#5359);
#1489=VERTEX_POINT('',#5364);
#1490=VERTEX_POINT('',#5365);
#1491=VERTEX_POINT('',#5370);
#1492=VERTEX_POINT('',#5371);
#1493=VERTEX_POINT('',#5376);
#1494=VERTEX_POINT('',#5377);
#1495=VERTEX_POINT('',#5382);
#1496=VERTEX_POINT('',#5383);
#1497=VERTEX_POINT('',#5388);
#1498=VERTEX_POINT('',#5389);
#1499=VERTEX_POINT('',#5397);
#1500=VERTEX_POINT('',#5412);
#1501=VERTEX_POINT('',#5413);
#1502=VERTEX_POINT('',#5415);
#1503=VERTEX_POINT('',#5429);
#1504=VERTEX_POINT('',#5431);
#1505=VERTEX_POINT('',#5440);
#1506=VERTEX_POINT('',#5449);
#1507=VERTEX_POINT('',#5451);
#1508=VERTEX_POINT('',#5465);
#1509=VERTEX_POINT('',#5467);
#1510=VERTEX_POINT('',#5481);
#1511=VERTEX_POINT('',#5483);
#1512=VERTEX_POINT('',#5492);
#1513=VERTEX_POINT('',#5501);
#1514=VERTEX_POINT('',#5503);
#1515=VERTEX_POINT('',#5517);
#1516=VERTEX_POINT('',#5519);
#1517=VERTEX_POINT('',#5533);
#1518=VERTEX_POINT('',#5535);
#1519=VERTEX_POINT('',#5544);
#1520=VERTEX_POINT('',#5553);
#1521=VERTEX_POINT('',#5557);
#1522=VERTEX_POINT('',#5558);
#1523=VERTEX_POINT('',#5561);
#1524=VERTEX_POINT('',#5563);
#1525=VERTEX_POINT('',#5566);
#1526=VERTEX_POINT('',#5568);
#1527=VERTEX_POINT('',#5571);
#1528=VERTEX_POINT('',#5573);
#1529=VERTEX_POINT('',#5576);
#1530=VERTEX_POINT('',#5578);
#1531=VERTEX_POINT('',#5581);
#1532=VERTEX_POINT('',#5583);
#1533=VERTEX_POINT('',#5586);
#1534=VERTEX_POINT('',#5588);
#1535=VERTEX_POINT('',#5591);
#1536=VERTEX_POINT('',#5593);
#1537=VERTEX_POINT('',#5596);
#1538=VERTEX_POINT('',#5598);
#1539=VERTEX_POINT('',#5602);
#1540=VERTEX_POINT('',#5605);
#1541=VERTEX_POINT('',#5608);
#1542=VERTEX_POINT('',#5611);
#1543=VERTEX_POINT('',#5614);
#1544=VERTEX_POINT('',#5617);
#1545=VERTEX_POINT('',#5620);
#1546=VERTEX_POINT('',#5623);
#1547=VERTEX_POINT('',#5626);
#1548=VERTEX_POINT('',#5629);
#1549=VERTEX_POINT('',#5642);
#1550=VERTEX_POINT('',#5655);
#1551=VERTEX_POINT('',#5669);
#1552=VERTEX_POINT('',#5670);
#1553=VERTEX_POINT('',#5672);
#1554=VERTEX_POINT('',#5674);
#1555=VERTEX_POINT('',#5678);
#1556=VERTEX_POINT('',#5680);
#1557=VERTEX_POINT('',#5684);
#1558=VERTEX_POINT('',#5686);
#1559=VERTEX_POINT('',#5690);
#1560=VERTEX_POINT('',#5692);
#1561=VERTEX_POINT('',#5696);
#1562=VERTEX_POINT('',#5698);
#1563=VERTEX_POINT('',#5702);
#1564=VERTEX_POINT('',#5704);
#1565=VERTEX_POINT('',#5708);
#1566=VERTEX_POINT('',#5710);
#1567=VERTEX_POINT('',#5717);
#1568=VERTEX_POINT('',#5719);
#1569=VERTEX_POINT('',#5721);
#1570=VERTEX_POINT('',#5723);
#1571=VERTEX_POINT('',#5726);
#1572=VERTEX_POINT('',#5728);
#1573=VERTEX_POINT('',#5732);
#1574=VERTEX_POINT('',#5736);
#1575=VERTEX_POINT('',#5738);
#1576=VERTEX_POINT('',#5742);
#1577=VERTEX_POINT('',#5746);
#1578=VERTEX_POINT('',#5750);
#1579=VERTEX_POINT('',#5754);
#1580=VERTEX_POINT('',#5756);
#1581=VERTEX_POINT('',#5762);
#1582=VERTEX_POINT('',#5763);
#1583=VERTEX_POINT('',#5765);
#1584=VERTEX_POINT('',#5767);
#1585=VERTEX_POINT('',#5770);
#1586=VERTEX_POINT('',#5771);
#1587=VERTEX_POINT('',#5773);
#1588=VERTEX_POINT('',#5775);
#1589=VERTEX_POINT('',#5778);
#1590=VERTEX_POINT('',#5780);
#1591=VERTEX_POINT('',#5782);
#1592=VERTEX_POINT('',#5784);
#1593=VERTEX_POINT('',#5787);
#1594=VERTEX_POINT('',#5790);
#1595=VERTEX_POINT('',#5792);
#1596=VERTEX_POINT('',#5794);
#1597=VERTEX_POINT('',#5796);
#1598=VERTEX_POINT('',#5799);
#1599=VERTEX_POINT('',#5800);
#1600=VERTEX_POINT('',#5802);
#1601=VERTEX_POINT('',#5804);
#1602=VERTEX_POINT('',#5806);
#1603=VERTEX_POINT('',#5808);
#1604=VERTEX_POINT('',#5812);
#1605=VERTEX_POINT('',#5814);
#1606=VERTEX_POINT('',#5816);
#1607=VERTEX_POINT('',#5818);
#1608=VERTEX_POINT('',#5822);
#1609=VERTEX_POINT('',#5825);
#1610=VERTEX_POINT('',#5827);
#1611=VERTEX_POINT('',#5829);
#1612=VERTEX_POINT('',#5831);
#1613=VERTEX_POINT('',#5834);
#1614=VERTEX_POINT('',#5835);
#1615=VERTEX_POINT('',#5837);
#1616=VERTEX_POINT('',#5839);
#1617=VERTEX_POINT('',#5841);
#1618=VERTEX_POINT('',#5843);
#1619=VERTEX_POINT('',#5847);
#1620=VERTEX_POINT('',#5849);
#1621=VERTEX_POINT('',#5851);
#1622=VERTEX_POINT('',#5853);
#1623=VERTEX_POINT('',#5857);
#1624=VERTEX_POINT('',#5860);
#1625=VERTEX_POINT('',#5862);
#1626=VERTEX_POINT('',#5864);
#1627=VERTEX_POINT('',#5866);
#1628=VERTEX_POINT('',#5869);
#1629=VERTEX_POINT('',#5870);
#1630=VERTEX_POINT('',#5872);
#1631=VERTEX_POINT('',#5874);
#1632=VERTEX_POINT('',#5876);
#1633=VERTEX_POINT('',#5878);
#1634=VERTEX_POINT('',#5882);
#1635=VERTEX_POINT('',#5884);
#1636=VERTEX_POINT('',#5886);
#1637=VERTEX_POINT('',#5888);
#1638=VERTEX_POINT('',#5892);
#1639=VERTEX_POINT('',#5895);
#1640=VERTEX_POINT('',#5897);
#1641=VERTEX_POINT('',#5899);
#1642=VERTEX_POINT('',#5901);
#1643=VERTEX_POINT('',#5904);
#1644=VERTEX_POINT('',#5905);
#1645=VERTEX_POINT('',#5907);
#1646=VERTEX_POINT('',#5909);
#1647=VERTEX_POINT('',#5911);
#1648=VERTEX_POINT('',#5913);
#1649=VERTEX_POINT('',#5917);
#1650=VERTEX_POINT('',#5919);
#1651=VERTEX_POINT('',#5921);
#1652=VERTEX_POINT('',#5923);
#1653=VERTEX_POINT('',#5999);
#1654=VERTEX_POINT('',#6002);
#1655=VERTEX_POINT('',#6005);
#1656=VERTEX_POINT('',#6009);
#1657=VERTEX_POINT('',#6012);
#1658=VERTEX_POINT('',#6015);
#1659=VERTEX_POINT('',#6019);
#1660=VERTEX_POINT('',#6020);
#1661=VERTEX_POINT('',#6022);
#1662=VERTEX_POINT('',#6024);
#1663=VERTEX_POINT('',#6028);
#1664=VERTEX_POINT('',#6030);
#1665=VERTEX_POINT('',#6034);
#1666=VERTEX_POINT('',#6035);
#1667=VERTEX_POINT('',#6040);
#1668=VERTEX_POINT('',#6042);
#1669=VERTEX_POINT('',#6047);
#1670=VERTEX_POINT('',#6049);
#1671=VERTEX_POINT('',#6051);
#1672=VERTEX_POINT('',#6056);
#1673=VERTEX_POINT('',#6060);
#1674=VERTEX_POINT('',#6061);
#1675=VERTEX_POINT('',#6066);
#1676=VERTEX_POINT('',#6068);
#1677=VERTEX_POINT('',#6073);
#1678=VERTEX_POINT('',#6075);
#1679=VERTEX_POINT('',#6093);
#1680=VERTEX_POINT('',#6097);
#1681=VERTEX_POINT('',#6101);
#1682=VERTEX_POINT('',#6105);
#1683=VERTEX_POINT('',#6109);
#1684=VERTEX_POINT('',#6111);
#1685=VERTEX_POINT('',#6115);
#1686=VERTEX_POINT('',#6119);
#1687=VERTEX_POINT('',#6126);
#1688=VERTEX_POINT('',#6128);
#1689=VERTEX_POINT('',#6132);
#1690=VERTEX_POINT('',#6136);
#1691=LINE('',#5200,#1884);
#1692=LINE('',#5203,#1885);
#1693=LINE('',#5205,#1886);
#1694=LINE('',#5207,#1887);
#1695=LINE('',#5213,#1888);
#1696=LINE('',#5215,#1889);
#1697=LINE('',#5217,#1890);
#1698=LINE('',#5219,#1891);
#1699=LINE('',#5225,#1892);
#1700=LINE('',#5227,#1893);
#1701=LINE('',#5229,#1894);
#1702=LINE('',#5231,#1895);
#1703=LINE('',#5237,#1896);
#1704=LINE('',#5239,#1897);
#1705=LINE('',#5241,#1898);
#1706=LINE('',#5243,#1899);
#1707=LINE('',#5249,#1900);
#1708=LINE('',#5251,#1901);
#1709=LINE('',#5253,#1902);
#1710=LINE('',#5255,#1903);
#1711=LINE('',#5261,#1904);
#1712=LINE('',#5263,#1905);
#1713=LINE('',#5265,#1906);
#1714=LINE('',#5267,#1907);
#1715=LINE('',#5324,#1908);
#1716=LINE('',#5329,#1909);
#1717=LINE('',#5333,#1910);
#1718=LINE('',#5339,#1911);
#1719=LINE('',#5349,#1912);
#1720=LINE('',#5355,#1913);
#1721=LINE('',#5357,#1914);
#1722=LINE('',#5363,#1915);
#1723=LINE('',#5369,#1916);
#1724=LINE('',#5375,#1917);
#1725=LINE('',#5381,#1918);
#1726=LINE('',#5387,#1919);
#1727=LINE('',#5559,#1920);
#1728=LINE('',#5560,#1921);
#1729=LINE('',#5564,#1922);
#1730=LINE('',#5565,#1923);
#1731=LINE('',#5569,#1924);
#1732=LINE('',#5570,#1925);
#1733=LINE('',#5574,#1926);
#1734=LINE('',#5575,#1927);
#1735=LINE('',#5579,#1928);
#1736=LINE('',#5580,#1929);
#1737=LINE('',#5584,#1930);
#1738=LINE('',#5585,#1931);
#1739=LINE('',#5589,#1932);
#1740=LINE('',#5590,#1933);
#1741=LINE('',#5594,#1934);
#1742=LINE('',#5595,#1935);
#1743=LINE('',#5599,#1936);
#1744=LINE('',#5600,#1937);
#1745=LINE('',#5632,#1938);
#1746=LINE('',#5645,#1939);
#1747=LINE('',#5658,#1940);
#1748=LINE('',#5668,#1941);
#1749=LINE('',#5671,#1942);
#1750=LINE('',#5673,#1943);
#1751=LINE('',#5675,#1944);
#1752=LINE('',#5679,#1945);
#1753=LINE('',#5683,#1946);
#1754=LINE('',#5685,#1947);
#1755=LINE('',#5687,#1948);
#1756=LINE('',#5691,#1949);
#1757=LINE('',#5695,#1950);
#1758=LINE('',#5697,#1951);
#1759=LINE('',#5699,#1952);
#1760=LINE('',#5703,#1953);
#1761=LINE('',#5707,#1954);
#1762=LINE('',#5709,#1955);
#1763=LINE('',#5711,#1956);
#1764=LINE('',#5725,#1957);
#1765=LINE('',#5727,#1958);
#1766=LINE('',#5729,#1959);
#1767=LINE('',#5733,#1960);
#1768=LINE('',#5737,#1961);
#1769=LINE('',#5739,#1962);
#1770=LINE('',#5743,#1963);
#1771=LINE('',#5745,#1964);
#1772=LINE('',#5747,#1965);
#1773=LINE('',#5751,#1966);
#1774=LINE('',#5755,#1967);
#1775=LINE('',#5757,#1968);
#1776=LINE('',#5761,#1969);
#1777=LINE('',#5766,#1970);
#1778=LINE('',#5769,#1971);
#1779=LINE('',#5774,#1972);
#1780=LINE('',#5789,#1973);
#1781=LINE('',#5791,#1974);
#1782=LINE('',#5793,#1975);
#1783=LINE('',#5795,#1976);
#1784=LINE('',#5797,#1977);
#1785=LINE('',#5798,#1978);
#1786=LINE('',#5803,#1979);
#1787=LINE('',#5805,#1980);
#1788=LINE('',#5807,#1981);
#1789=LINE('',#5809,#1982);
#1790=LINE('',#5824,#1983);
#1791=LINE('',#5826,#1984);
#1792=LINE('',#5828,#1985);
#1793=LINE('',#5830,#1986);
#1794=LINE('',#5832,#1987);
#1795=LINE('',#5833,#1988);
#1796=LINE('',#5838,#1989);
#1797=LINE('',#5840,#1990);
#1798=LINE('',#5842,#1991);
#1799=LINE('',#5844,#1992);
#1800=LINE('',#5859,#1993);
#1801=LINE('',#5861,#1994);
#1802=LINE('',#5863,#1995);
#1803=LINE('',#5865,#1996);
#1804=LINE('',#5867,#1997);
#1805=LINE('',#5868,#1998);
#1806=LINE('',#5873,#1999);
#1807=LINE('',#5875,#2000);
#1808=LINE('',#5877,#2001);
#1809=LINE('',#5879,#2002);
#1810=LINE('',#5894,#2003);
#1811=LINE('',#5896,#2004);
#1812=LINE('',#5898,#2005);
#1813=LINE('',#5900,#2006);
#1814=LINE('',#5902,#2007);
#1815=LINE('',#5903,#2008);
#1816=LINE('',#5908,#2009);
#1817=LINE('',#5910,#2010);
#1818=LINE('',#5912,#2011);
#1819=LINE('',#5914,#2012);
#1820=LINE('',#5926,#2013);
#1821=LINE('',#5927,#2014);
#1822=LINE('',#5929,#2015);
#1823=LINE('',#5932,#2016);
#1824=LINE('',#5934,#2017);
#1825=LINE('',#5936,#2018);
#1826=LINE('',#5938,#2019);
#1827=LINE('',#5941,#2020);
#1828=LINE('',#5944,#2021);
#1829=LINE('',#5945,#2022);
#1830=LINE('',#5947,#2023);
#1831=LINE('',#5950,#2024);
#1832=LINE('',#5952,#2025);
#1833=LINE('',#5954,#2026);
#1834=LINE('',#5956,#2027);
#1835=LINE('',#5959,#2028);
#1836=LINE('',#5962,#2029);
#1837=LINE('',#5963,#2030);
#1838=LINE('',#5965,#2031);
#1839=LINE('',#5968,#2032);
#1840=LINE('',#5970,#2033);
#1841=LINE('',#5972,#2034);
#1842=LINE('',#5974,#2035);
#1843=LINE('',#5977,#2036);
#1844=LINE('',#5980,#2037);
#1845=LINE('',#5981,#2038);
#1846=LINE('',#5983,#2039);
#1847=LINE('',#5986,#2040);
#1848=LINE('',#5988,#2041);
#1849=LINE('',#5990,#2042);
#1850=LINE('',#5992,#2043);
#1851=LINE('',#5995,#2044);
#1852=LINE('',#6018,#2045);
#1853=LINE('',#6021,#2046);
#1854=LINE('',#6023,#2047);
#1855=LINE('',#6025,#2048);
#1856=LINE('',#6027,#2049);
#1857=LINE('',#6029,#2050);
#1858=LINE('',#6031,#2051);
#1859=LINE('',#6033,#2052);
#1860=LINE('',#6041,#2053);
#1861=LINE('',#6048,#2054);
#1862=LINE('',#6050,#2055);
#1863=LINE('',#6052,#2056);
#1864=LINE('',#6053,#2057);
#1865=LINE('',#6055,#2058);
#1866=LINE('',#6057,#2059);
#1867=LINE('',#6059,#2060);
#1868=LINE('',#6067,#2061);
#1869=LINE('',#6074,#2062);
#1870=LINE('',#6076,#2063);
#1871=LINE('',#6077,#2064);
#1872=LINE('',#6108,#2065);
#1873=LINE('',#6110,#2066);
#1874=LINE('',#6112,#2067);
#1875=LINE('',#6116,#2068);
#1876=LINE('',#6118,#2069);
#1877=LINE('',#6120,#2070);
#1878=LINE('',#6125,#2071);
#1879=LINE('',#6127,#2072);
#1880=LINE('',#6129,#2073);
#1881=LINE('',#6133,#2074);
#1882=LINE('',#6135,#2075);
#1883=LINE('',#6137,#2076);
#1884=VECTOR('',#4321,1000.);
#1885=VECTOR('',#4322,1000.);
#1886=VECTOR('',#4323,1000.);
#1887=VECTOR('',#4324,1000.);
#1888=VECTOR('',#4331,1000.);
#1889=VECTOR('',#4334,1000.);
#1890=VECTOR('',#4335,1000.);
#1891=VECTOR('',#4336,1000.);
#1892=VECTOR('',#4343,1000.);
#1893=VECTOR('',#4346,1000.);
#1894=VECTOR('',#4347,1000.);
#1895=VECTOR('',#4348,1000.);
#1896=VECTOR('',#4355,1000.);
#1897=VECTOR('',#4358,1000.);
#1898=VECTOR('',#4359,1000.);
#1899=VECTOR('',#4360,1000.);
#1900=VECTOR('',#4367,1000.);
#1901=VECTOR('',#4370,1000.);
#1902=VECTOR('',#4371,1000.);
#1903=VECTOR('',#4372,1000.);
#1904=VECTOR('',#4379,1000.);
#1905=VECTOR('',#4382,1000.);
#1906=VECTOR('',#4383,1000.);
#1907=VECTOR('',#4384,1000.);
#1908=VECTOR('',#4449,1000.);
#1909=VECTOR('',#4452,1000.);
#1910=VECTOR('',#4457,1000.);
#1911=VECTOR('',#4464,1000.);
#1912=VECTOR('',#4475,1000.);
#1913=VECTOR('',#4482,1000.);
#1914=VECTOR('',#4485,1000.);
#1915=VECTOR('',#4492,1000.);
#1916=VECTOR('',#4499,1000.);
#1917=VECTOR('',#4506,1000.);
#1918=VECTOR('',#4513,1000.);
#1919=VECTOR('',#4520,1000.);
#1920=VECTOR('',#4559,1000.);
#1921=VECTOR('',#4560,1000.);
#1922=VECTOR('',#4563,1000.);
#1923=VECTOR('',#4564,1000.);
#1924=VECTOR('',#4567,1000.);
#1925=VECTOR('',#4568,1000.);
#1926=VECTOR('',#4571,1000.);
#1927=VECTOR('',#4572,1000.);
#1928=VECTOR('',#4575,1000.);
#1929=VECTOR('',#4576,1000.);
#1930=VECTOR('',#4579,1000.);
#1931=VECTOR('',#4580,1000.);
#1932=VECTOR('',#4583,1000.);
#1933=VECTOR('',#4584,1000.);
#1934=VECTOR('',#4587,1000.);
#1935=VECTOR('',#4588,1000.);
#1936=VECTOR('',#4591,1000.);
#1937=VECTOR('',#4592,1000.);
#1938=VECTOR('',#4635,1000.);
#1939=VECTOR('',#4658,1000.);
#1940=VECTOR('',#4681,1000.);
#1941=VECTOR('',#4700,1000.);
#1942=VECTOR('',#4701,1000.);
#1943=VECTOR('',#4702,1000.);
#1944=VECTOR('',#4703,1000.);
#1945=VECTOR('',#4708,1000.);
#1946=VECTOR('',#4713,1000.);
#1947=VECTOR('',#4714,1000.);
#1948=VECTOR('',#4715,1000.);
#1949=VECTOR('',#4720,1000.);
#1950=VECTOR('',#4725,1000.);
#1951=VECTOR('',#4726,1000.);
#1952=VECTOR('',#4727,1000.);
#1953=VECTOR('',#4732,1000.);
#1954=VECTOR('',#4737,1000.);
#1955=VECTOR('',#4738,1000.);
#1956=VECTOR('',#4739,1000.);
#1957=VECTOR('',#4758,1000.);
#1958=VECTOR('',#4759,1000.);
#1959=VECTOR('',#4760,1000.);
#1960=VECTOR('',#4765,1000.);
#1961=VECTOR('',#4770,1000.);
#1962=VECTOR('',#4771,1000.);
#1963=VECTOR('',#4776,1000.);
#1964=VECTOR('',#4779,1000.);
#1965=VECTOR('',#4780,1000.);
#1966=VECTOR('',#4785,1000.);
#1967=VECTOR('',#4790,1000.);
#1968=VECTOR('',#4791,1000.);
#1969=VECTOR('',#4798,1000.);
#1970=VECTOR('',#4801,1000.);
#1971=VECTOR('',#4804,1000.);
#1972=VECTOR('',#4807,1000.);
#1973=VECTOR('',#4824,1000.);
#1974=VECTOR('',#4825,1000.);
#1975=VECTOR('',#4826,1000.);
#1976=VECTOR('',#4827,1000.);
#1977=VECTOR('',#4828,1000.);
#1978=VECTOR('',#4829,1000.);
#1979=VECTOR('',#4832,1000.);
#1980=VECTOR('',#4833,1000.);
#1981=VECTOR('',#4834,1000.);
#1982=VECTOR('',#4835,1000.);
#1983=VECTOR('',#4854,1000.);
#1984=VECTOR('',#4855,1000.);
#1985=VECTOR('',#4856,1000.);
#1986=VECTOR('',#4857,1000.);
#1987=VECTOR('',#4858,1000.);
#1988=VECTOR('',#4859,1000.);
#1989=VECTOR('',#4862,1000.);
#1990=VECTOR('',#4863,1000.);
#1991=VECTOR('',#4864,1000.);
#1992=VECTOR('',#4865,1000.);
#1993=VECTOR('',#4884,1000.);
#1994=VECTOR('',#4885,1000.);
#1995=VECTOR('',#4886,1000.);
#1996=VECTOR('',#4887,1000.);
#1997=VECTOR('',#4888,1000.);
#1998=VECTOR('',#4889,1000.);
#1999=VECTOR('',#4892,1000.);
#2000=VECTOR('',#4893,1000.);
#2001=VECTOR('',#4894,1000.);
#2002=VECTOR('',#4895,1000.);
#2003=VECTOR('',#4914,1000.);
#2004=VECTOR('',#4915,1000.);
#2005=VECTOR('',#4916,1000.);
#2006=VECTOR('',#4917,1000.);
#2007=VECTOR('',#4918,1000.);
#2008=VECTOR('',#4919,1000.);
#2009=VECTOR('',#4922,1000.);
#2010=VECTOR('',#4923,1000.);
#2011=VECTOR('',#4924,1000.);
#2012=VECTOR('',#4925,1000.);
#2013=VECTOR('',#4940,1000.);
#2014=VECTOR('',#4941,1000.);
#2015=VECTOR('',#4944,1000.);
#2016=VECTOR('',#4949,1000.);
#2017=VECTOR('',#4952,1000.);
#2018=VECTOR('',#4955,1000.);
#2019=VECTOR('',#4958,1000.);
#2020=VECTOR('',#4963,1000.);
#2021=VECTOR('',#4968,1000.);
#2022=VECTOR('',#4969,1000.);
#2023=VECTOR('',#4972,1000.);
#2024=VECTOR('',#4977,1000.);
#2025=VECTOR('',#4980,1000.);
#2026=VECTOR('',#4983,1000.);
#2027=VECTOR('',#4986,1000.);
#2028=VECTOR('',#4991,1000.);
#2029=VECTOR('',#4996,1000.);
#2030=VECTOR('',#4997,1000.);
#2031=VECTOR('',#5000,1000.);
#2032=VECTOR('',#5005,1000.);
#2033=VECTOR('',#5008,1000.);
#2034=VECTOR('',#5011,1000.);
#2035=VECTOR('',#5014,1000.);
#2036=VECTOR('',#5019,1000.);
#2037=VECTOR('',#5024,1000.);
#2038=VECTOR('',#5025,1000.);
#2039=VECTOR('',#5028,1000.);
#2040=VECTOR('',#5033,1000.);
#2041=VECTOR('',#5036,1000.);
#2042=VECTOR('',#5039,1000.);
#2043=VECTOR('',#5042,1000.);
#2044=VECTOR('',#5047,1000.);
#2045=VECTOR('',#5080,1000.);
#2046=VECTOR('',#5081,1000.);
#2047=VECTOR('',#5082,1000.);
#2048=VECTOR('',#5083,1000.);
#2049=VECTOR('',#5086,1000.);
#2050=VECTOR('',#5087,1000.);
#2051=VECTOR('',#5088,1000.);
#2052=VECTOR('',#5091,1000.);
#2053=VECTOR('',#5092,1000.);
#2054=VECTOR('',#5093,1000.);
#2055=VECTOR('',#5094,1000.);
#2056=VECTOR('',#5095,1000.);
#2057=VECTOR('',#5096,1000.);
#2058=VECTOR('',#5099,1000.);
#2059=VECTOR('',#5100,1000.);
#2060=VECTOR('',#5103,1000.);
#2061=VECTOR('',#5104,1000.);
#2062=VECTOR('',#5105,1000.);
#2063=VECTOR('',#5106,1000.);
#2064=VECTOR('',#5107,1000.);
#2065=VECTOR('',#5160,1000.);
#2066=VECTOR('',#5161,1000.);
#2067=VECTOR('',#5162,1000.);
#2068=VECTOR('',#5167,1000.);
#2069=VECTOR('',#5170,1000.);
#2070=VECTOR('',#5171,1000.);
#2071=VECTOR('',#5180,1000.);
#2072=VECTOR('',#5181,1000.);
#2073=VECTOR('',#5182,1000.);
#2074=VECTOR('',#5187,1000.);
#2075=VECTOR('',#5190,1000.);
#2076=VECTOR('',#5191,1000.);
#2077=EDGE_LOOP('',(#278,#279,#280,#281));
#2078=EDGE_LOOP('',(#282,#283,#284,#285));
#2079=EDGE_LOOP('',(#286,#287,#288,#289));
#2080=EDGE_LOOP('',(#290,#291,#292,#293));
#2081=EDGE_LOOP('',(#294,#295,#296,#297));
#2082=EDGE_LOOP('',(#298,#299,#300,#301));
#2083=EDGE_LOOP('',(#302,#303,#304,#305));
#2084=EDGE_LOOP('',(#306,#307,#308,#309));
#2085=EDGE_LOOP('',(#310,#311,#312,#313));
#2086=EDGE_LOOP('',(#314,#315,#316,#317));
#2087=EDGE_LOOP('',(#318,#319,#320,#321));
#2088=EDGE_LOOP('',(#322,#323,#324,#325));
#2089=EDGE_LOOP('',(#326,#327,#328,#329,#330,#331));
#2090=EDGE_LOOP('',(#332,#333,#334,#335,#336,#337));
#2091=EDGE_LOOP('',(#338,#339,#340,#341,#342,#343));
#2092=EDGE_LOOP('',(#344,#345,#346,#347,#348,#349));
#2093=EDGE_LOOP('',(#350,#351,#352,#353));
#2094=EDGE_LOOP('',(#354,#355,#356,#357));
#2095=EDGE_LOOP('',(#358,#359,#360,#361));
#2096=EDGE_LOOP('',(#362,#363,#364,#365));
#2097=EDGE_LOOP('',(#366,#367,#368,#369));
#2098=EDGE_LOOP('',(#370,#371,#372,#373));
#2099=EDGE_LOOP('',(#374,#375,#376,#377));
#2100=EDGE_LOOP('',(#378,#379,#380,#381));
#2101=EDGE_LOOP('',(#382,#383,#384,#385));
#2102=EDGE_LOOP('',(#386,#387,#388,#389));
#2103=EDGE_LOOP('',(#390,#391,#392,#393));
#2104=EDGE_LOOP('',(#394,#395,#396,#397));
#2105=EDGE_LOOP('',(#398,#399,#400,#401,#402,#403,#404,#405,#406,#407,#408,
#409));
#2106=EDGE_LOOP('',(#410));
#2107=EDGE_LOOP('',(#411,#412,#413,#414,#415,#416,#417,#418,#419,#420,#421,
#422,#423,#424,#425,#426,#427,#428,#429,#430,#431));
#2108=EDGE_LOOP('',(#432));
#2109=EDGE_LOOP('',(#433,#434,#435,#436,#437,#438,#439,#440,#441,#442,#443,
#444,#445,#446,#447,#448,#449,#450,#451,#452,#453,#454,#455,#456,#457,#458,
#459,#460,#461,#462,#463,#464,#465,#466,#467,#468));
#2110=EDGE_LOOP('',(#469));
#2111=EDGE_LOOP('',(#470));
#2112=EDGE_LOOP('',(#471));
#2113=EDGE_LOOP('',(#472));
#2114=EDGE_LOOP('',(#473));
#2115=EDGE_LOOP('',(#474));
#2116=EDGE_LOOP('',(#475));
#2117=EDGE_LOOP('',(#476));
#2118=EDGE_LOOP('',(#477));
#2119=EDGE_LOOP('',(#478));
#2120=EDGE_LOOP('',(#479));
#2121=EDGE_LOOP('',(#480));
#2122=EDGE_LOOP('',(#481));
#2123=EDGE_LOOP('',(#482));
#2124=EDGE_LOOP('',(#483));
#2125=EDGE_LOOP('',(#484));
#2126=EDGE_LOOP('',(#485));
#2127=EDGE_LOOP('',(#486,#487,#488));
#2128=EDGE_LOOP('',(#489,#490,#491,#492));
#2129=EDGE_LOOP('',(#493,#494,#495,#496));
#2130=EDGE_LOOP('',(#497,#498));
#2131=EDGE_LOOP('',(#499,#500,#501,#502));
#2132=EDGE_LOOP('',(#503,#504));
#2133=EDGE_LOOP('',(#505,#506,#507,#508));
#2134=EDGE_LOOP('',(#509,#510,#511));
#2135=EDGE_LOOP('',(#512,#513,#514,#515));
#2136=EDGE_LOOP('',(#516,#517,#518,#519));
#2137=EDGE_LOOP('',(#520,#521));
#2138=EDGE_LOOP('',(#522,#523,#524,#525));
#2139=EDGE_LOOP('',(#526,#527));
#2140=EDGE_LOOP('',(#528,#529,#530,#531));
#2141=EDGE_LOOP('',(#532,#533,#534));
#2142=EDGE_LOOP('',(#535,#536,#537,#538));
#2143=EDGE_LOOP('',(#539,#540,#541,#542));
#2144=EDGE_LOOP('',(#543,#544));
#2145=EDGE_LOOP('',(#545,#546,#547,#548));
#2146=EDGE_LOOP('',(#549,#550,#551,#552));
#2147=EDGE_LOOP('',(#553,#554));
#2148=EDGE_LOOP('',(#555,#556,#557,#558,#559,#560,#561,#562,#563,#564,#565,
#566));
#2149=EDGE_LOOP('',(#567,#568,#569,#570));
#2150=EDGE_LOOP('',(#571,#572,#573,#574));
#2151=EDGE_LOOP('',(#575,#576,#577,#578));
#2152=EDGE_LOOP('',(#579,#580,#581,#582));
#2153=EDGE_LOOP('',(#583,#584,#585,#586));
#2154=EDGE_LOOP('',(#587,#588,#589,#590));
#2155=EDGE_LOOP('',(#591,#592,#593,#594));
#2156=EDGE_LOOP('',(#595,#596,#597,#598));
#2157=EDGE_LOOP('',(#599));
#2158=EDGE_LOOP('',(#600));
#2159=EDGE_LOOP('',(#601));
#2160=EDGE_LOOP('',(#602));
#2161=EDGE_LOOP('',(#603));
#2162=EDGE_LOOP('',(#604,#605,#606,#607,#608,#609,#610,#611));
#2163=EDGE_LOOP('',(#612,#613,#614,#615));
#2164=EDGE_LOOP('',(#616,#617,#618,#619));
#2165=EDGE_LOOP('',(#620));
#2166=EDGE_LOOP('',(#621,#622,#623,#624));
#2167=EDGE_LOOP('',(#625,#626,#627,#628));
#2168=EDGE_LOOP('',(#629,#630,#631,#632,#633,#634,#635,#636,#637,#638,#639,
#640));
#2169=EDGE_LOOP('',(#641,#642,#643,#644));
#2170=EDGE_LOOP('',(#645,#646,#647,#648));
#2171=EDGE_LOOP('',(#649));
#2172=EDGE_LOOP('',(#650,#651,#652,#653));
#2173=EDGE_LOOP('',(#654,#655,#656,#657));
#2174=EDGE_LOOP('',(#658,#659,#660,#661));
#2175=EDGE_LOOP('',(#662,#663,#664,#665));
#2176=EDGE_LOOP('',(#666));
#2177=EDGE_LOOP('',(#667));
#2178=EDGE_LOOP('',(#668));
#2179=EDGE_LOOP('',(#669));
#2180=EDGE_LOOP('',(#670,#671,#672,#673,#674,#675,#676,#677));
#2181=EDGE_LOOP('',(#678));
#2182=EDGE_LOOP('',(#679));
#2183=EDGE_LOOP('',(#680,#681,#682,#683,#684,#685));
#2184=EDGE_LOOP('',(#686,#687,#688,#689,#690,#691));
#2185=EDGE_LOOP('',(#692));
#2186=EDGE_LOOP('',(#693,#694,#695,#696,#697,#698));
#2187=EDGE_LOOP('',(#699));
#2188=EDGE_LOOP('',(#700));
#2189=EDGE_LOOP('',(#701,#702,#703,#704,#705,#706));
#2190=EDGE_LOOP('',(#707,#708,#709,#710,#711,#712));
#2191=EDGE_LOOP('',(#713));
#2192=EDGE_LOOP('',(#714,#715,#716,#717,#718,#719));
#2193=EDGE_LOOP('',(#720));
#2194=EDGE_LOOP('',(#721));
#2195=EDGE_LOOP('',(#722,#723,#724,#725,#726,#727));
#2196=EDGE_LOOP('',(#728,#729,#730,#731,#732,#733));
#2197=EDGE_LOOP('',(#734));
#2198=EDGE_LOOP('',(#735,#736,#737,#738,#739,#740));
#2199=EDGE_LOOP('',(#741));
#2200=EDGE_LOOP('',(#742));
#2201=EDGE_LOOP('',(#743,#744,#745,#746,#747,#748));
#2202=EDGE_LOOP('',(#749,#750,#751,#752,#753,#754));
#2203=EDGE_LOOP('',(#755));
#2204=EDGE_LOOP('',(#756,#757,#758,#759,#760,#761));
#2205=EDGE_LOOP('',(#762,#763,#764,#765));
#2206=EDGE_LOOP('',(#766,#767,#768,#769));
#2207=EDGE_LOOP('',(#770,#771,#772));
#2208=EDGE_LOOP('',(#773,#774,#775));
#2209=EDGE_LOOP('',(#776,#777,#778,#779));
#2210=EDGE_LOOP('',(#780,#781,#782,#783));
#2211=EDGE_LOOP('',(#784,#785,#786,#787));
#2212=EDGE_LOOP('',(#788,#789,#790));
#2213=EDGE_LOOP('',(#791,#792,#793));
#2214=EDGE_LOOP('',(#794,#795,#796,#797));
#2215=EDGE_LOOP('',(#798,#799,#800,#801));
#2216=EDGE_LOOP('',(#802,#803,#804,#805));
#2217=EDGE_LOOP('',(#806,#807,#808));
#2218=EDGE_LOOP('',(#809,#810,#811));
#2219=EDGE_LOOP('',(#812,#813,#814,#815));
#2220=EDGE_LOOP('',(#816,#817,#818,#819));
#2221=EDGE_LOOP('',(#820,#821,#822,#823));
#2222=EDGE_LOOP('',(#824,#825,#826));
#2223=EDGE_LOOP('',(#827,#828,#829));
#2224=EDGE_LOOP('',(#830,#831,#832,#833));
#2225=EDGE_LOOP('',(#834,#835,#836,#837));
#2226=EDGE_LOOP('',(#838,#839,#840,#841));
#2227=EDGE_LOOP('',(#842,#843,#844));
#2228=EDGE_LOOP('',(#845,#846,#847));
#2229=EDGE_LOOP('',(#848,#849,#850,#851));
#2230=EDGE_LOOP('',(#852,#853,#854,#855));
#2231=EDGE_LOOP('',(#856,#857,#858,#859));
#2232=EDGE_LOOP('',(#860,#861,#862));
#2233=EDGE_LOOP('',(#863,#864,#865));
#2234=EDGE_LOOP('',(#866,#867,#868,#869));
#2235=EDGE_LOOP('',(#870,#871,#872,#873));
#2236=EDGE_LOOP('',(#874,#875,#876,#877));
#2237=EDGE_LOOP('',(#878,#879,#880));
#2238=EDGE_LOOP('',(#881,#882,#883));
#2239=EDGE_LOOP('',(#884,#885,#886,#887));
#2240=EDGE_LOOP('',(#888,#889,#890,#891));
#2241=EDGE_LOOP('',(#892,#893,#894,#895));
#2242=EDGE_LOOP('',(#896,#897,#898));
#2243=EDGE_LOOP('',(#899,#900,#901));
#2244=EDGE_LOOP('',(#902,#903,#904,#905));
#2245=EDGE_LOOP('',(#906));
#2246=EDGE_LOOP('',(#907));
#2247=EDGE_LOOP('',(#908));
#2248=EDGE_LOOP('',(#909));
#2249=EDGE_LOOP('',(#910));
#2250=EDGE_LOOP('',(#911));
#2251=EDGE_LOOP('',(#912));
#2252=EDGE_LOOP('',(#913));
#2253=EDGE_LOOP('',(#914));
#2254=EDGE_LOOP('',(#915));
#2255=EDGE_LOOP('',(#916));
#2256=EDGE_LOOP('',(#917));
#2257=EDGE_LOOP('',(#918));
#2258=EDGE_LOOP('',(#919));
#2259=EDGE_LOOP('',(#920,#921,#922,#923));
#2260=EDGE_LOOP('',(#924,#925,#926,#927,#928,#929,#930,#931,#932,#933,#934,
#935));
#2261=EDGE_LOOP('',(#936,#937,#938,#939));
#2262=EDGE_LOOP('',(#940,#941,#942,#943,#944,#945,#946,#947,#948,#949));
#2263=EDGE_LOOP('',(#950,#951,#952,#953));
#2264=EDGE_LOOP('',(#954,#955,#956,#957,#958,#959,#960,#961,#962,#963));
#2265=EDGE_LOOP('',(#964,#965,#966,#967));
#2266=EDGE_LOOP('',(#968,#969,#970,#971));
#2267=EDGE_LOOP('',(#972,#973,#974,#975));
#2268=EDGE_LOOP('',(#976,#977,#978,#979));
#2269=EDGE_LOOP('',(#980,#981,#982,#983));
#2270=EDGE_LOOP('',(#984,#985,#986,#987));
#2271=EDGE_LOOP('',(#988,#989,#990,#991));
#2272=EDGE_LOOP('',(#992));
#2273=EDGE_LOOP('',(#993));
#2274=EDGE_LOOP('',(#994));
#2275=EDGE_LOOP('',(#995));
#2276=EDGE_LOOP('',(#996));
#2277=EDGE_LOOP('',(#997));
#2278=EDGE_LOOP('',(#998));
#2279=EDGE_LOOP('',(#999));
#2280=EDGE_LOOP('',(#1000));
#2281=EDGE_LOOP('',(#1001));
#2282=EDGE_LOOP('',(#1002));
#2283=EDGE_LOOP('',(#1003));
#2284=EDGE_LOOP('',(#1004,#1005,#1006,#1007));
#2285=EDGE_LOOP('',(#1008,#1009,#1010,#1011));
#2286=EDGE_LOOP('',(#1012,#1013,#1014,#1015));
#2287=EDGE_LOOP('',(#1016,#1017,#1018,#1019));
#2288=EDGE_LOOP('',(#1020,#1021,#1022,#1023));
#2289=EDGE_LOOP('',(#1024,#1025,#1026,#1027));
#2290=EDGE_LOOP('',(#1028,#1029,#1030,#1031));
#2291=EDGE_LOOP('',(#1032,#1033,#1034,#1035));
#2292=EDGE_LOOP('',(#1036,#1037,#1038,#1039));
#2293=EDGE_LOOP('',(#1040,#1041,#1042,#1043));
#2294=FACE_BOUND('',#2077,.T.);
#2295=FACE_BOUND('',#2078,.T.);
#2296=FACE_BOUND('',#2079,.T.);
#2297=FACE_BOUND('',#2080,.T.);
#2298=FACE_BOUND('',#2081,.T.);
#2299=FACE_BOUND('',#2082,.T.);
#2300=FACE_BOUND('',#2083,.T.);
#2301=FACE_BOUND('',#2084,.T.);
#2302=FACE_BOUND('',#2085,.T.);
#2303=FACE_BOUND('',#2086,.T.);
#2304=FACE_BOUND('',#2087,.T.);
#2305=FACE_BOUND('',#2088,.T.);
#2306=FACE_BOUND('',#2089,.T.);
#2307=FACE_BOUND('',#2090,.T.);
#2308=FACE_BOUND('',#2091,.T.);
#2309=FACE_BOUND('',#2092,.T.);
#2310=FACE_BOUND('',#2093,.T.);
#2311=FACE_BOUND('',#2094,.T.);
#2312=FACE_BOUND('',#2095,.T.);
#2313=FACE_BOUND('',#2096,.T.);
#2314=FACE_BOUND('',#2097,.T.);
#2315=FACE_BOUND('',#2098,.T.);
#2316=FACE_BOUND('',#2099,.T.);
#2317=FACE_BOUND('',#2100,.T.);
#2318=FACE_BOUND('',#2101,.T.);
#2319=FACE_BOUND('',#2102,.T.);
#2320=FACE_BOUND('',#2103,.T.);
#2321=FACE_BOUND('',#2104,.T.);
#2322=FACE_BOUND('',#2105,.T.);
#2323=FACE_BOUND('',#2106,.T.);
#2324=FACE_BOUND('',#2107,.T.);
#2325=FACE_BOUND('',#2108,.T.);
#2326=FACE_BOUND('',#2109,.T.);
#2327=FACE_BOUND('',#2110,.T.);
#2328=FACE_BOUND('',#2111,.T.);
#2329=FACE_BOUND('',#2112,.T.);
#2330=FACE_BOUND('',#2113,.T.);
#2331=FACE_BOUND('',#2114,.T.);
#2332=FACE_BOUND('',#2115,.T.);
#2333=FACE_BOUND('',#2116,.T.);
#2334=FACE_BOUND('',#2117,.T.);
#2335=FACE_BOUND('',#2118,.T.);
#2336=FACE_BOUND('',#2119,.T.);
#2337=FACE_BOUND('',#2120,.T.);
#2338=FACE_BOUND('',#2121,.T.);
#2339=FACE_BOUND('',#2122,.T.);
#2340=FACE_BOUND('',#2123,.T.);
#2341=FACE_BOUND('',#2124,.T.);
#2342=FACE_BOUND('',#2125,.T.);
#2343=FACE_BOUND('',#2126,.T.);
#2344=FACE_BOUND('',#2127,.T.);
#2345=FACE_BOUND('',#2128,.T.);
#2346=FACE_BOUND('',#2129,.T.);
#2347=FACE_BOUND('',#2130,.T.);
#2348=FACE_BOUND('',#2131,.T.);
#2349=FACE_BOUND('',#2132,.T.);
#2350=FACE_BOUND('',#2133,.T.);
#2351=FACE_BOUND('',#2134,.T.);
#2352=FACE_BOUND('',#2135,.T.);
#2353=FACE_BOUND('',#2136,.T.);
#2354=FACE_BOUND('',#2137,.T.);
#2355=FACE_BOUND('',#2138,.T.);
#2356=FACE_BOUND('',#2139,.T.);
#2357=FACE_BOUND('',#2140,.T.);
#2358=FACE_BOUND('',#2141,.T.);
#2359=FACE_BOUND('',#2142,.T.);
#2360=FACE_BOUND('',#2143,.T.);
#2361=FACE_BOUND('',#2144,.T.);
#2362=FACE_BOUND('',#2145,.T.);
#2363=FACE_BOUND('',#2146,.T.);
#2364=FACE_BOUND('',#2147,.T.);
#2365=FACE_BOUND('',#2148,.T.);
#2366=FACE_BOUND('',#2149,.T.);
#2367=FACE_BOUND('',#2150,.T.);
#2368=FACE_BOUND('',#2151,.T.);
#2369=FACE_BOUND('',#2152,.T.);
#2370=FACE_BOUND('',#2153,.T.);
#2371=FACE_BOUND('',#2154,.T.);
#2372=FACE_BOUND('',#2155,.T.);
#2373=FACE_BOUND('',#2156,.T.);
#2374=FACE_BOUND('',#2157,.T.);
#2375=FACE_BOUND('',#2158,.T.);
#2376=FACE_BOUND('',#2159,.T.);
#2377=FACE_BOUND('',#2160,.T.);
#2378=FACE_BOUND('',#2161,.T.);
#2379=FACE_BOUND('',#2162,.T.);
#2380=FACE_BOUND('',#2163,.T.);
#2381=FACE_BOUND('',#2164,.T.);
#2382=FACE_BOUND('',#2165,.T.);
#2383=FACE_BOUND('',#2166,.T.);
#2384=FACE_BOUND('',#2167,.T.);
#2385=FACE_BOUND('',#2168,.T.);
#2386=FACE_BOUND('',#2169,.T.);
#2387=FACE_BOUND('',#2170,.T.);
#2388=FACE_BOUND('',#2171,.T.);
#2389=FACE_BOUND('',#2172,.T.);
#2390=FACE_BOUND('',#2173,.T.);
#2391=FACE_BOUND('',#2174,.T.);
#2392=FACE_BOUND('',#2175,.T.);
#2393=FACE_BOUND('',#2176,.T.);
#2394=FACE_BOUND('',#2177,.T.);
#2395=FACE_BOUND('',#2178,.T.);
#2396=FACE_BOUND('',#2179,.T.);
#2397=FACE_BOUND('',#2180,.T.);
#2398=FACE_BOUND('',#2181,.T.);
#2399=FACE_BOUND('',#2182,.T.);
#2400=FACE_BOUND('',#2183,.T.);
#2401=FACE_BOUND('',#2184,.T.);
#2402=FACE_BOUND('',#2185,.T.);
#2403=FACE_BOUND('',#2186,.T.);
#2404=FACE_BOUND('',#2187,.T.);
#2405=FACE_BOUND('',#2188,.T.);
#2406=FACE_BOUND('',#2189,.T.);
#2407=FACE_BOUND('',#2190,.T.);
#2408=FACE_BOUND('',#2191,.T.);
#2409=FACE_BOUND('',#2192,.T.);
#2410=FACE_BOUND('',#2193,.T.);
#2411=FACE_BOUND('',#2194,.T.);
#2412=FACE_BOUND('',#2195,.T.);
#2413=FACE_BOUND('',#2196,.T.);
#2414=FACE_BOUND('',#2197,.T.);
#2415=FACE_BOUND('',#2198,.T.);
#2416=FACE_BOUND('',#2199,.T.);
#2417=FACE_BOUND('',#2200,.T.);
#2418=FACE_BOUND('',#2201,.T.);
#2419=FACE_BOUND('',#2202,.T.);
#2420=FACE_BOUND('',#2203,.T.);
#2421=FACE_BOUND('',#2204,.T.);
#2422=FACE_BOUND('',#2205,.T.);
#2423=FACE_BOUND('',#2206,.T.);
#2424=FACE_BOUND('',#2207,.T.);
#2425=FACE_BOUND('',#2208,.T.);
#2426=FACE_BOUND('',#2209,.T.);
#2427=FACE_BOUND('',#2210,.T.);
#2428=FACE_BOUND('',#2211,.T.);
#2429=FACE_BOUND('',#2212,.T.);
#2430=FACE_BOUND('',#2213,.T.);
#2431=FACE_BOUND('',#2214,.T.);
#2432=FACE_BOUND('',#2215,.T.);
#2433=FACE_BOUND('',#2216,.T.);
#2434=FACE_BOUND('',#2217,.T.);
#2435=FACE_BOUND('',#2218,.T.);
#2436=FACE_BOUND('',#2219,.T.);
#2437=FACE_BOUND('',#2220,.T.);
#2438=FACE_BOUND('',#2221,.T.);
#2439=FACE_BOUND('',#2222,.T.);
#2440=FACE_BOUND('',#2223,.T.);
#2441=FACE_BOUND('',#2224,.T.);
#2442=FACE_BOUND('',#2225,.T.);
#2443=FACE_BOUND('',#2226,.T.);
#2444=FACE_BOUND('',#2227,.T.);
#2445=FACE_BOUND('',#2228,.T.);
#2446=FACE_BOUND('',#2229,.T.);
#2447=FACE_BOUND('',#2230,.T.);
#2448=FACE_BOUND('',#2231,.T.);
#2449=FACE_BOUND('',#2232,.T.);
#2450=FACE_BOUND('',#2233,.T.);
#2451=FACE_BOUND('',#2234,.T.);
#2452=FACE_BOUND('',#2235,.T.);
#2453=FACE_BOUND('',#2236,.T.);
#2454=FACE_BOUND('',#2237,.T.);
#2455=FACE_BOUND('',#2238,.T.);
#2456=FACE_BOUND('',#2239,.T.);
#2457=FACE_BOUND('',#2240,.T.);
#2458=FACE_BOUND('',#2241,.T.);
#2459=FACE_BOUND('',#2242,.T.);
#2460=FACE_BOUND('',#2243,.T.);
#2461=FACE_BOUND('',#2244,.T.);
#2462=FACE_BOUND('',#2245,.T.);
#2463=FACE_BOUND('',#2246,.T.);
#2464=FACE_BOUND('',#2247,.T.);
#2465=FACE_BOUND('',#2248,.T.);
#2466=FACE_BOUND('',#2249,.T.);
#2467=FACE_BOUND('',#2250,.T.);
#2468=FACE_BOUND('',#2251,.T.);
#2469=FACE_BOUND('',#2252,.T.);
#2470=FACE_BOUND('',#2253,.T.);
#2471=FACE_BOUND('',#2254,.T.);
#2472=FACE_BOUND('',#2255,.T.);
#2473=FACE_BOUND('',#2256,.T.);
#2474=FACE_BOUND('',#2257,.T.);
#2475=FACE_BOUND('',#2258,.T.);
#2476=FACE_BOUND('',#2259,.T.);
#2477=FACE_BOUND('',#2260,.T.);
#2478=FACE_BOUND('',#2261,.T.);
#2479=FACE_BOUND('',#2262,.T.);
#2480=FACE_BOUND('',#2263,.T.);
#2481=FACE_BOUND('',#2264,.T.);
#2482=FACE_BOUND('',#2265,.T.);
#2483=FACE_BOUND('',#2266,.T.);
#2484=FACE_BOUND('',#2267,.T.);
#2485=FACE_BOUND('',#2268,.T.);
#2486=FACE_BOUND('',#2269,.T.);
#2487=FACE_BOUND('',#2270,.T.);
#2488=FACE_BOUND('',#2271,.T.);
#2489=FACE_BOUND('',#2272,.T.);
#2490=FACE_BOUND('',#2273,.T.);
#2491=FACE_BOUND('',#2274,.T.);
#2492=FACE_BOUND('',#2275,.T.);
#2493=FACE_BOUND('',#2276,.T.);
#2494=FACE_BOUND('',#2277,.T.);
#2495=FACE_BOUND('',#2278,.T.);
#2496=FACE_BOUND('',#2279,.T.);
#2497=FACE_BOUND('',#2280,.T.);
#2498=FACE_BOUND('',#2281,.T.);
#2499=FACE_BOUND('',#2282,.T.);
#2500=FACE_BOUND('',#2283,.T.);
#2501=FACE_BOUND('',#2284,.T.);
#2502=FACE_BOUND('',#2285,.T.);
#2503=FACE_BOUND('',#2286,.T.);
#2504=FACE_BOUND('',#2287,.T.);
#2505=FACE_BOUND('',#2288,.T.);
#2506=FACE_BOUND('',#2289,.T.);
#2507=FACE_BOUND('',#2290,.T.);
#2508=FACE_BOUND('',#2291,.T.);
#2509=FACE_BOUND('',#2292,.T.);
#2510=FACE_BOUND('',#2293,.T.);
#2511=PLANE('',#3974);
#2512=PLANE('',#3978);
#2513=PLANE('',#3982);
#2514=PLANE('',#3986);
#2515=PLANE('',#3990);
#2516=PLANE('',#3994);
#2517=PLANE('',#4026);
#2518=PLANE('',#4029);
#2519=PLANE('',#4032);
#2520=PLANE('',#4041);
#2521=PLANE('',#4044);
#2522=PLANE('',#4047);
#2523=PLANE('',#4050);
#2524=PLANE('',#4059);
#2525=PLANE('',#4085);
#2526=PLANE('',#4089);
#2527=PLANE('',#4101);
#2528=PLANE('',#4106);
#2529=PLANE('',#4109);
#2530=PLANE('',#4112);
#2531=PLANE('',#4117);
#2532=PLANE('',#4120);
#2533=PLANE('',#4123);
#2534=PLANE('',#4128);
#2535=PLANE('',#4133);
#2536=PLANE('',#4135);
#2537=PLANE('',#4139);
#2538=PLANE('',#4143);
#2539=PLANE('',#4147);
#2540=PLANE('',#4151);
#2541=PLANE('',#4156);
#2542=PLANE('',#4159);
#2543=PLANE('',#4163);
#2544=PLANE('',#4166);
#2545=PLANE('',#4170);
#2546=PLANE('',#4181);
#2547=PLANE('',#4191);
#2548=PLANE('',#4201);
#2549=PLANE('',#4211);
#2550=PLANE('',#4219);
#2551=PLANE('',#4220);
#2552=PLANE('',#4221);
#2553=PLANE('',#4222);
#2554=PLANE('',#4223);
#2555=PLANE('',#4224);
#2556=PLANE('',#4225);
#2557=PLANE('',#4226);
#2558=PLANE('',#4227);
#2559=PLANE('',#4228);
#2560=PLANE('',#4229);
#2561=PLANE('',#4230);
#2562=PLANE('',#4231);
#2563=PLANE('',#4232);
#2564=PLANE('',#4233);
#2565=PLANE('',#4234);
#2566=PLANE('',#4235);
#2567=PLANE('',#4236);
#2568=PLANE('',#4237);
#2569=PLANE('',#4238);
#2570=PLANE('',#4239);
#2571=PLANE('',#4240);
#2572=PLANE('',#4241);
#2573=PLANE('',#4242);
#2574=PLANE('',#4243);
#2575=PLANE('',#4244);
#2576=PLANE('',#4245);
#2577=PLANE('',#4246);
#2578=PLANE('',#4247);
#2579=PLANE('',#4248);
#2580=PLANE('',#4249);
#2581=PLANE('',#4250);
#2582=PLANE('',#4251);
#2583=PLANE('',#4252);
#2584=PLANE('',#4253);
#2585=PLANE('',#4254);
#2586=PLANE('',#4255);
#2587=PLANE('',#4256);
#2588=PLANE('',#4257);
#2589=PLANE('',#4258);
#2590=PLANE('',#4259);
#2591=PLANE('',#4263);
#2592=PLANE('',#4268);
#2593=PLANE('',#4272);
#2594=PLANE('',#4273);
#2595=PLANE('',#4274);
#2596=PLANE('',#4275);
#2597=PLANE('',#4276);
#2598=PLANE('',#4277);
#2599=PLANE('',#4278);
#2600=PLANE('',#4289);
#2601=PLANE('',#4290);
#2602=PLANE('',#4293);
#2603=PLANE('',#4296);
#2604=PLANE('',#4299);
#2605=PLANE('',#4302);
#2606=PLANE('',#4303);
#2607=PLANE('',#4306);
#2608=PLANE('',#4309);
#2609=PLANE('',#4310);
#2610=PLANE('',#4313);
#2611=PLANE('',#4316);
#2612=STYLED_ITEM('',(#2781),#3800);
#2613=STYLED_ITEM('',(#2782),#3801);
#2614=STYLED_ITEM('',(#2783),#3802);
#2615=STYLED_ITEM('',(#2784),#3803);
#2616=STYLED_ITEM('',(#2785),#3804);
#2617=STYLED_ITEM('',(#2786),#3805);
#2618=STYLED_ITEM('',(#2787),#3806);
#2619=STYLED_ITEM('',(#2788),#3807);
#2620=STYLED_ITEM('',(#2789),#3808);
#2621=STYLED_ITEM('',(#2790),#3809);
#2622=STYLED_ITEM('',(#2791),#3810);
#2623=STYLED_ITEM('',(#2792),#3811);
#2624=STYLED_ITEM('',(#2793),#3812);
#2625=STYLED_ITEM('',(#2794),#3813);
#2626=STYLED_ITEM('',(#2795),#3814);
#2627=STYLED_ITEM('',(#2796),#3815);
#2628=STYLED_ITEM('',(#2797),#3816);
#2629=STYLED_ITEM('',(#2798),#3817);
#2630=STYLED_ITEM('',(#2799),#3818);
#2631=STYLED_ITEM('',(#2800),#3819);
#2632=STYLED_ITEM('',(#2801),#3820);
#2633=STYLED_ITEM('',(#2802),#3821);
#2634=STYLED_ITEM('',(#2803),#3822);
#2635=STYLED_ITEM('',(#2804),#3823);
#2636=STYLED_ITEM('',(#2805),#3824);
#2637=STYLED_ITEM('',(#2806),#3825);
#2638=STYLED_ITEM('',(#2807),#3826);
#2639=STYLED_ITEM('',(#2808),#3827);
#2640=STYLED_ITEM('',(#2809),#3828);
#2641=STYLED_ITEM('',(#2810),#3829);
#2642=STYLED_ITEM('',(#2811),#3830);
#2643=STYLED_ITEM('',(#2812),#3831);
#2644=STYLED_ITEM('',(#2813),#3832);
#2645=STYLED_ITEM('',(#2814),#3833);
#2646=STYLED_ITEM('',(#2815),#3834);
#2647=STYLED_ITEM('',(#2816),#3835);
#2648=STYLED_ITEM('',(#2817),#3836);
#2649=STYLED_ITEM('',(#2818),#3837);
#2650=STYLED_ITEM('',(#2819),#3838);
#2651=STYLED_ITEM('',(#2820),#3839);
#2652=STYLED_ITEM('',(#2821),#3840);
#2653=STYLED_ITEM('',(#2822),#3841);
#2654=STYLED_ITEM('',(#2823),#3842);
#2655=STYLED_ITEM('',(#2824),#3843);
#2656=STYLED_ITEM('',(#2825),#3844);
#2657=STYLED_ITEM('',(#2826),#3845);
#2658=STYLED_ITEM('',(#2827),#3846);
#2659=STYLED_ITEM('',(#2828),#3847);
#2660=STYLED_ITEM('',(#2829),#3848);
#2661=STYLED_ITEM('',(#2830),#3849);
#2662=STYLED_ITEM('',(#2831),#3850);
#2663=STYLED_ITEM('',(#2832),#3851);
#2664=STYLED_ITEM('',(#2833),#3852);
#2665=STYLED_ITEM('',(#2834),#3853);
#2666=STYLED_ITEM('',(#2835),#3854);
#2667=STYLED_ITEM('',(#2836),#3855);
#2668=STYLED_ITEM('',(#2837),#3856);
#2669=STYLED_ITEM('',(#2838),#3857);
#2670=STYLED_ITEM('',(#2839),#3858);
#2671=STYLED_ITEM('',(#2840),#3859);
#2672=STYLED_ITEM('',(#2841),#3860);
#2673=STYLED_ITEM('',(#2842),#3861);
#2674=STYLED_ITEM('',(#2843),#3862);
#2675=STYLED_ITEM('',(#2844),#3863);
#2676=STYLED_ITEM('',(#2845),#3864);
#2677=STYLED_ITEM('',(#2846),#3865);
#2678=STYLED_ITEM('',(#2847),#3866);
#2679=STYLED_ITEM('',(#2848),#3867);
#2680=STYLED_ITEM('',(#2849),#3868);
#2681=STYLED_ITEM('',(#2850),#3869);
#2682=STYLED_ITEM('',(#2851),#3870);
#2683=STYLED_ITEM('',(#2852),#3871);
#2684=STYLED_ITEM('',(#2853),#3872);
#2685=STYLED_ITEM('',(#2854),#3873);
#2686=STYLED_ITEM('',(#2855),#3874);
#2687=STYLED_ITEM('',(#2856),#3875);
#2688=STYLED_ITEM('',(#2857),#3876);
#2689=STYLED_ITEM('',(#2858),#3877);
#2690=STYLED_ITEM('',(#2859),#3878);
#2691=STYLED_ITEM('',(#2860),#3879);
#2692=STYLED_ITEM('',(#2861),#3880);
#2693=STYLED_ITEM('',(#2862),#3881);
#2694=STYLED_ITEM('',(#2863),#3882);
#2695=STYLED_ITEM('',(#2864),#3883);
#2696=STYLED_ITEM('',(#2865),#3884);
#2697=STYLED_ITEM('',(#2866),#3885);
#2698=STYLED_ITEM('',(#2867),#3886);
#2699=STYLED_ITEM('',(#2868),#3887);
#2700=STYLED_ITEM('',(#2869),#3888);
#2701=STYLED_ITEM('',(#2870),#3889);
#2702=STYLED_ITEM('',(#2871),#3890);
#2703=STYLED_ITEM('',(#2872),#3891);
#2704=STYLED_ITEM('',(#2873),#3892);
#2705=STYLED_ITEM('',(#2874),#3893);
#2706=STYLED_ITEM('',(#2875),#3894);
#2707=STYLED_ITEM('',(#2876),#3895);
#2708=STYLED_ITEM('',(#2877),#3896);
#2709=STYLED_ITEM('',(#2878),#3897);
#2710=STYLED_ITEM('',(#2879),#3898);
#2711=STYLED_ITEM('',(#2880),#3899);
#2712=STYLED_ITEM('',(#2881),#3900);
#2713=STYLED_ITEM('',(#2882),#3901);
#2714=STYLED_ITEM('',(#2883),#3902);
#2715=STYLED_ITEM('',(#2884),#3903);
#2716=STYLED_ITEM('',(#2885),#3904);
#2717=STYLED_ITEM('',(#2886),#3905);
#2718=STYLED_ITEM('',(#2887),#3906);
#2719=STYLED_ITEM('',(#2888),#3907);
#2720=STYLED_ITEM('',(#2889),#3908);
#2721=STYLED_ITEM('',(#2890),#3909);
#2722=STYLED_ITEM('',(#2891),#3910);
#2723=STYLED_ITEM('',(#2892),#3911);
#2724=STYLED_ITEM('',(#2893),#3912);
#2725=STYLED_ITEM('',(#2894),#3913);
#2726=STYLED_ITEM('',(#2895),#3914);
#2727=STYLED_ITEM('',(#2896),#3915);
#2728=STYLED_ITEM('',(#2897),#3916);
#2729=STYLED_ITEM('',(#2898),#3917);
#2730=STYLED_ITEM('',(#2899),#3918);
#2731=STYLED_ITEM('',(#2900),#3919);
#2732=STYLED_ITEM('',(#2901),#3920);
#2733=STYLED_ITEM('',(#2902),#3921);
#2734=STYLED_ITEM('',(#2903),#3922);
#2735=STYLED_ITEM('',(#2904),#3923);
#2736=STYLED_ITEM('',(#2905),#3924);
#2737=STYLED_ITEM('',(#2906),#3925);
#2738=STYLED_ITEM('',(#2907),#3926);
#2739=STYLED_ITEM('',(#2908),#3927);
#2740=STYLED_ITEM('',(#2909),#3928);
#2741=STYLED_ITEM('',(#2910),#3929);
#2742=STYLED_ITEM('',(#2911),#3930);
#2743=STYLED_ITEM('',(#2912),#3931);
#2744=STYLED_ITEM('',(#2913),#3932);
#2745=STYLED_ITEM('',(#2914),#3933);
#2746=STYLED_ITEM('',(#2915),#3934);
#2747=STYLED_ITEM('',(#2916),#3935);
#2748=STYLED_ITEM('',(#2917),#3936);
#2749=STYLED_ITEM('',(#2918),#3937);
#2750=STYLED_ITEM('',(#2919),#3938);
#2751=STYLED_ITEM('',(#2920),#3939);
#2752=STYLED_ITEM('',(#2921),#3940);
#2753=STYLED_ITEM('',(#2922),#3941);
#2754=STYLED_ITEM('',(#2923),#3942);
#2755=STYLED_ITEM('',(#2924),#3943);
#2756=STYLED_ITEM('',(#2925),#3944);
#2757=STYLED_ITEM('',(#2926),#3945);
#2758=STYLED_ITEM('',(#2927),#3946);
#2759=STYLED_ITEM('',(#2928),#3947);
#2760=STYLED_ITEM('',(#2929),#3948);
#2761=STYLED_ITEM('',(#2930),#3949);
#2762=STYLED_ITEM('',(#2931),#3950);
#2763=STYLED_ITEM('',(#2932),#3951);
#2764=STYLED_ITEM('',(#2933),#3952);
#2765=STYLED_ITEM('',(#2934),#3953);
#2766=STYLED_ITEM('',(#2935),#3954);
#2767=STYLED_ITEM('',(#2936),#3955);
#2768=STYLED_ITEM('',(#2937),#3956);
#2769=STYLED_ITEM('',(#2938),#3957);
#2770=STYLED_ITEM('',(#2939),#3958);
#2771=STYLED_ITEM('',(#2940),#3959);
#2772=STYLED_ITEM('',(#2941),#3960);
#2773=STYLED_ITEM('',(#2942),#3961);
#2774=STYLED_ITEM('',(#2943),#3962);
#2775=STYLED_ITEM('',(#2944),#3963);
#2776=STYLED_ITEM('',(#2945),#3964);
#2777=STYLED_ITEM('',(#2946),#3965);
#2778=STYLED_ITEM('',(#2947),#3966);
#2779=STYLED_ITEM('',(#2948),#3967);
#2780=STYLED_ITEM('',(#2949),#3968);
#2781=PRESENTATION_STYLE_ASSIGNMENT((#2950));
#2782=PRESENTATION_STYLE_ASSIGNMENT((#2951));
#2783=PRESENTATION_STYLE_ASSIGNMENT((#2952));
#2784=PRESENTATION_STYLE_ASSIGNMENT((#2953));
#2785=PRESENTATION_STYLE_ASSIGNMENT((#2954));
#2786=PRESENTATION_STYLE_ASSIGNMENT((#2955));
#2787=PRESENTATION_STYLE_ASSIGNMENT((#2956));
#2788=PRESENTATION_STYLE_ASSIGNMENT((#2957));
#2789=PRESENTATION_STYLE_ASSIGNMENT((#2958));
#2790=PRESENTATION_STYLE_ASSIGNMENT((#2959));
#2791=PRESENTATION_STYLE_ASSIGNMENT((#2960));
#2792=PRESENTATION_STYLE_ASSIGNMENT((#2961));
#2793=PRESENTATION_STYLE_ASSIGNMENT((#2962));
#2794=PRESENTATION_STYLE_ASSIGNMENT((#2963));
#2795=PRESENTATION_STYLE_ASSIGNMENT((#2964));
#2796=PRESENTATION_STYLE_ASSIGNMENT((#2965));
#2797=PRESENTATION_STYLE_ASSIGNMENT((#2966));
#2798=PRESENTATION_STYLE_ASSIGNMENT((#2967));
#2799=PRESENTATION_STYLE_ASSIGNMENT((#2968));
#2800=PRESENTATION_STYLE_ASSIGNMENT((#2969));
#2801=PRESENTATION_STYLE_ASSIGNMENT((#2970));
#2802=PRESENTATION_STYLE_ASSIGNMENT((#2971));
#2803=PRESENTATION_STYLE_ASSIGNMENT((#2972));
#2804=PRESENTATION_STYLE_ASSIGNMENT((#2973));
#2805=PRESENTATION_STYLE_ASSIGNMENT((#2974));
#2806=PRESENTATION_STYLE_ASSIGNMENT((#2975));
#2807=PRESENTATION_STYLE_ASSIGNMENT((#2976));
#2808=PRESENTATION_STYLE_ASSIGNMENT((#2977));
#2809=PRESENTATION_STYLE_ASSIGNMENT((#2978));
#2810=PRESENTATION_STYLE_ASSIGNMENT((#2979));
#2811=PRESENTATION_STYLE_ASSIGNMENT((#2980));
#2812=PRESENTATION_STYLE_ASSIGNMENT((#2981));
#2813=PRESENTATION_STYLE_ASSIGNMENT((#2982));
#2814=PRESENTATION_STYLE_ASSIGNMENT((#2983));
#2815=PRESENTATION_STYLE_ASSIGNMENT((#2984));
#2816=PRESENTATION_STYLE_ASSIGNMENT((#2985));
#2817=PRESENTATION_STYLE_ASSIGNMENT((#2986));
#2818=PRESENTATION_STYLE_ASSIGNMENT((#2987));
#2819=PRESENTATION_STYLE_ASSIGNMENT((#2988));
#2820=PRESENTATION_STYLE_ASSIGNMENT((#2989));
#2821=PRESENTATION_STYLE_ASSIGNMENT((#2990));
#2822=PRESENTATION_STYLE_ASSIGNMENT((#2991));
#2823=PRESENTATION_STYLE_ASSIGNMENT((#2992));
#2824=PRESENTATION_STYLE_ASSIGNMENT((#2993));
#2825=PRESENTATION_STYLE_ASSIGNMENT((#2994));
#2826=PRESENTATION_STYLE_ASSIGNMENT((#2995));
#2827=PRESENTATION_STYLE_ASSIGNMENT((#2996));
#2828=PRESENTATION_STYLE_ASSIGNMENT((#2997));
#2829=PRESENTATION_STYLE_ASSIGNMENT((#2998));
#2830=PRESENTATION_STYLE_ASSIGNMENT((#2999));
#2831=PRESENTATION_STYLE_ASSIGNMENT((#3000));
#2832=PRESENTATION_STYLE_ASSIGNMENT((#3001));
#2833=PRESENTATION_STYLE_ASSIGNMENT((#3002));
#2834=PRESENTATION_STYLE_ASSIGNMENT((#3003));
#2835=PRESENTATION_STYLE_ASSIGNMENT((#3004));
#2836=PRESENTATION_STYLE_ASSIGNMENT((#3005));
#2837=PRESENTATION_STYLE_ASSIGNMENT((#3006));
#2838=PRESENTATION_STYLE_ASSIGNMENT((#3007));
#2839=PRESENTATION_STYLE_ASSIGNMENT((#3008));
#2840=PRESENTATION_STYLE_ASSIGNMENT((#3009));
#2841=PRESENTATION_STYLE_ASSIGNMENT((#3010));
#2842=PRESENTATION_STYLE_ASSIGNMENT((#3011));
#2843=PRESENTATION_STYLE_ASSIGNMENT((#3012));
#2844=PRESENTATION_STYLE_ASSIGNMENT((#3013));
#2845=PRESENTATION_STYLE_ASSIGNMENT((#3014));
#2846=PRESENTATION_STYLE_ASSIGNMENT((#3015));
#2847=PRESENTATION_STYLE_ASSIGNMENT((#3016));
#2848=PRESENTATION_STYLE_ASSIGNMENT((#3017));
#2849=PRESENTATION_STYLE_ASSIGNMENT((#3018));
#2850=PRESENTATION_STYLE_ASSIGNMENT((#3019));
#2851=PRESENTATION_STYLE_ASSIGNMENT((#3020));
#2852=PRESENTATION_STYLE_ASSIGNMENT((#3021));
#2853=PRESENTATION_STYLE_ASSIGNMENT((#3022));
#2854=PRESENTATION_STYLE_ASSIGNMENT((#3023));
#2855=PRESENTATION_STYLE_ASSIGNMENT((#3024));
#2856=PRESENTATION_STYLE_ASSIGNMENT((#3025));
#2857=PRESENTATION_STYLE_ASSIGNMENT((#3026));
#2858=PRESENTATION_STYLE_ASSIGNMENT((#3027));
#2859=PRESENTATION_STYLE_ASSIGNMENT((#3028));
#2860=PRESENTATION_STYLE_ASSIGNMENT((#3029));
#2861=PRESENTATION_STYLE_ASSIGNMENT((#3030));
#2862=PRESENTATION_STYLE_ASSIGNMENT((#3031));
#2863=PRESENTATION_STYLE_ASSIGNMENT((#3032));
#2864=PRESENTATION_STYLE_ASSIGNMENT((#3033));
#2865=PRESENTATION_STYLE_ASSIGNMENT((#3034));
#2866=PRESENTATION_STYLE_ASSIGNMENT((#3035));
#2867=PRESENTATION_STYLE_ASSIGNMENT((#3036));
#2868=PRESENTATION_STYLE_ASSIGNMENT((#3037));
#2869=PRESENTATION_STYLE_ASSIGNMENT((#3038));
#2870=PRESENTATION_STYLE_ASSIGNMENT((#3039));
#2871=PRESENTATION_STYLE_ASSIGNMENT((#3040));
#2872=PRESENTATION_STYLE_ASSIGNMENT((#3041));
#2873=PRESENTATION_STYLE_ASSIGNMENT((#3042));
#2874=PRESENTATION_STYLE_ASSIGNMENT((#3043));
#2875=PRESENTATION_STYLE_ASSIGNMENT((#3044));
#2876=PRESENTATION_STYLE_ASSIGNMENT((#3045));
#2877=PRESENTATION_STYLE_ASSIGNMENT((#3046));
#2878=PRESENTATION_STYLE_ASSIGNMENT((#3047));
#2879=PRESENTATION_STYLE_ASSIGNMENT((#3048));
#2880=PRESENTATION_STYLE_ASSIGNMENT((#3049));
#2881=PRESENTATION_STYLE_ASSIGNMENT((#3050));
#2882=PRESENTATION_STYLE_ASSIGNMENT((#3051));
#2883=PRESENTATION_STYLE_ASSIGNMENT((#3052));
#2884=PRESENTATION_STYLE_ASSIGNMENT((#3053));
#2885=PRESENTATION_STYLE_ASSIGNMENT((#3054));
#2886=PRESENTATION_STYLE_ASSIGNMENT((#3055));
#2887=PRESENTATION_STYLE_ASSIGNMENT((#3056));
#2888=PRESENTATION_STYLE_ASSIGNMENT((#3057));
#2889=PRESENTATION_STYLE_ASSIGNMENT((#3058));
#2890=PRESENTATION_STYLE_ASSIGNMENT((#3059));
#2891=PRESENTATION_STYLE_ASSIGNMENT((#3060));
#2892=PRESENTATION_STYLE_ASSIGNMENT((#3061));
#2893=PRESENTATION_STYLE_ASSIGNMENT((#3062));
#2894=PRESENTATION_STYLE_ASSIGNMENT((#3063));
#2895=PRESENTATION_STYLE_ASSIGNMENT((#3064));
#2896=PRESENTATION_STYLE_ASSIGNMENT((#3065));
#2897=PRESENTATION_STYLE_ASSIGNMENT((#3066));
#2898=PRESENTATION_STYLE_ASSIGNMENT((#3067));
#2899=PRESENTATION_STYLE_ASSIGNMENT((#3068));
#2900=PRESENTATION_STYLE_ASSIGNMENT((#3069));
#2901=PRESENTATION_STYLE_ASSIGNMENT((#3070));
#2902=PRESENTATION_STYLE_ASSIGNMENT((#3071));
#2903=PRESENTATION_STYLE_ASSIGNMENT((#3072));
#2904=PRESENTATION_STYLE_ASSIGNMENT((#3073));
#2905=PRESENTATION_STYLE_ASSIGNMENT((#3074));
#2906=PRESENTATION_STYLE_ASSIGNMENT((#3075));
#2907=PRESENTATION_STYLE_ASSIGNMENT((#3076));
#2908=PRESENTATION_STYLE_ASSIGNMENT((#3077));
#2909=PRESENTATION_STYLE_ASSIGNMENT((#3078));
#2910=PRESENTATION_STYLE_ASSIGNMENT((#3079));
#2911=PRESENTATION_STYLE_ASSIGNMENT((#3080));
#2912=PRESENTATION_STYLE_ASSIGNMENT((#3081));
#2913=PRESENTATION_STYLE_ASSIGNMENT((#3082));
#2914=PRESENTATION_STYLE_ASSIGNMENT((#3083));
#2915=PRESENTATION_STYLE_ASSIGNMENT((#3084));
#2916=PRESENTATION_STYLE_ASSIGNMENT((#3085));
#2917=PRESENTATION_STYLE_ASSIGNMENT((#3086));
#2918=PRESENTATION_STYLE_ASSIGNMENT((#3087));
#2919=PRESENTATION_STYLE_ASSIGNMENT((#3088));
#2920=PRESENTATION_STYLE_ASSIGNMENT((#3089));
#2921=PRESENTATION_STYLE_ASSIGNMENT((#3090));
#2922=PRESENTATION_STYLE_ASSIGNMENT((#3091));
#2923=PRESENTATION_STYLE_ASSIGNMENT((#3092));
#2924=PRESENTATION_STYLE_ASSIGNMENT((#3093));
#2925=PRESENTATION_STYLE_ASSIGNMENT((#3094));
#2926=PRESENTATION_STYLE_ASSIGNMENT((#3095));
#2927=PRESENTATION_STYLE_ASSIGNMENT((#3096));
#2928=PRESENTATION_STYLE_ASSIGNMENT((#3097));
#2929=PRESENTATION_STYLE_ASSIGNMENT((#3098));
#2930=PRESENTATION_STYLE_ASSIGNMENT((#3099));
#2931=PRESENTATION_STYLE_ASSIGNMENT((#3100));
#2932=PRESENTATION_STYLE_ASSIGNMENT((#3101));
#2933=PRESENTATION_STYLE_ASSIGNMENT((#3102));
#2934=PRESENTATION_STYLE_ASSIGNMENT((#3103));
#2935=PRESENTATION_STYLE_ASSIGNMENT((#3104));
#2936=PRESENTATION_STYLE_ASSIGNMENT((#3105));
#2937=PRESENTATION_STYLE_ASSIGNMENT((#3106));
#2938=PRESENTATION_STYLE_ASSIGNMENT((#3107));
#2939=PRESENTATION_STYLE_ASSIGNMENT((#3108));
#2940=PRESENTATION_STYLE_ASSIGNMENT((#3109));
#2941=PRESENTATION_STYLE_ASSIGNMENT((#3110));
#2942=PRESENTATION_STYLE_ASSIGNMENT((#3111));
#2943=PRESENTATION_STYLE_ASSIGNMENT((#3112));
#2944=PRESENTATION_STYLE_ASSIGNMENT((#3113));
#2945=PRESENTATION_STYLE_ASSIGNMENT((#3114));
#2946=PRESENTATION_STYLE_ASSIGNMENT((#3115));
#2947=PRESENTATION_STYLE_ASSIGNMENT((#3116));
#2948=PRESENTATION_STYLE_ASSIGNMENT((#3117));
#2949=PRESENTATION_STYLE_ASSIGNMENT((#3118));
#2950=SURFACE_STYLE_USAGE(.BOTH.,#3119);
#2951=SURFACE_STYLE_USAGE(.BOTH.,#3120);
#2952=SURFACE_STYLE_USAGE(.BOTH.,#3121);
#2953=SURFACE_STYLE_USAGE(.BOTH.,#3122);
#2954=SURFACE_STYLE_USAGE(.BOTH.,#3123);
#2955=SURFACE_STYLE_USAGE(.BOTH.,#3124);
#2956=SURFACE_STYLE_USAGE(.BOTH.,#3125);
#2957=SURFACE_STYLE_USAGE(.BOTH.,#3126);
#2958=SURFACE_STYLE_USAGE(.BOTH.,#3127);
#2959=SURFACE_STYLE_USAGE(.BOTH.,#3128);
#2960=SURFACE_STYLE_USAGE(.BOTH.,#3129);
#2961=SURFACE_STYLE_USAGE(.BOTH.,#3130);
#2962=SURFACE_STYLE_USAGE(.BOTH.,#3131);
#2963=SURFACE_STYLE_USAGE(.BOTH.,#3132);
#2964=SURFACE_STYLE_USAGE(.BOTH.,#3133);
#2965=SURFACE_STYLE_USAGE(.BOTH.,#3134);
#2966=SURFACE_STYLE_USAGE(.BOTH.,#3135);
#2967=SURFACE_STYLE_USAGE(.BOTH.,#3136);
#2968=SURFACE_STYLE_USAGE(.BOTH.,#3137);
#2969=SURFACE_STYLE_USAGE(.BOTH.,#3138);
#2970=SURFACE_STYLE_USAGE(.BOTH.,#3139);
#2971=SURFACE_STYLE_USAGE(.BOTH.,#3140);
#2972=SURFACE_STYLE_USAGE(.BOTH.,#3141);
#2973=SURFACE_STYLE_USAGE(.BOTH.,#3142);
#2974=SURFACE_STYLE_USAGE(.BOTH.,#3143);
#2975=SURFACE_STYLE_USAGE(.BOTH.,#3144);
#2976=SURFACE_STYLE_USAGE(.BOTH.,#3145);
#2977=SURFACE_STYLE_USAGE(.BOTH.,#3146);
#2978=SURFACE_STYLE_USAGE(.BOTH.,#3147);
#2979=SURFACE_STYLE_USAGE(.BOTH.,#3148);
#2980=SURFACE_STYLE_USAGE(.BOTH.,#3149);
#2981=SURFACE_STYLE_USAGE(.BOTH.,#3150);
#2982=SURFACE_STYLE_USAGE(.BOTH.,#3151);
#2983=SURFACE_STYLE_USAGE(.BOTH.,#3152);
#2984=SURFACE_STYLE_USAGE(.BOTH.,#3153);
#2985=SURFACE_STYLE_USAGE(.BOTH.,#3154);
#2986=SURFACE_STYLE_USAGE(.BOTH.,#3155);
#2987=SURFACE_STYLE_USAGE(.BOTH.,#3156);
#2988=SURFACE_STYLE_USAGE(.BOTH.,#3157);
#2989=SURFACE_STYLE_USAGE(.BOTH.,#3158);
#2990=SURFACE_STYLE_USAGE(.BOTH.,#3159);
#2991=SURFACE_STYLE_USAGE(.BOTH.,#3160);
#2992=SURFACE_STYLE_USAGE(.BOTH.,#3161);
#2993=SURFACE_STYLE_USAGE(.BOTH.,#3162);
#2994=SURFACE_STYLE_USAGE(.BOTH.,#3163);
#2995=SURFACE_STYLE_USAGE(.BOTH.,#3164);
#2996=SURFACE_STYLE_USAGE(.BOTH.,#3165);
#2997=SURFACE_STYLE_USAGE(.BOTH.,#3166);
#2998=SURFACE_STYLE_USAGE(.BOTH.,#3167);
#2999=SURFACE_STYLE_USAGE(.BOTH.,#3168);
#3000=SURFACE_STYLE_USAGE(.BOTH.,#3169);
#3001=SURFACE_STYLE_USAGE(.BOTH.,#3170);
#3002=SURFACE_STYLE_USAGE(.BOTH.,#3171);
#3003=SURFACE_STYLE_USAGE(.BOTH.,#3172);
#3004=SURFACE_STYLE_USAGE(.BOTH.,#3173);
#3005=SURFACE_STYLE_USAGE(.BOTH.,#3174);
#3006=SURFACE_STYLE_USAGE(.BOTH.,#3175);
#3007=SURFACE_STYLE_USAGE(.BOTH.,#3176);
#3008=SURFACE_STYLE_USAGE(.BOTH.,#3177);
#3009=SURFACE_STYLE_USAGE(.BOTH.,#3178);
#3010=SURFACE_STYLE_USAGE(.BOTH.,#3179);
#3011=SURFACE_STYLE_USAGE(.BOTH.,#3180);
#3012=SURFACE_STYLE_USAGE(.BOTH.,#3181);
#3013=SURFACE_STYLE_USAGE(.BOTH.,#3182);
#3014=SURFACE_STYLE_USAGE(.BOTH.,#3183);
#3015=SURFACE_STYLE_USAGE(.BOTH.,#3184);
#3016=SURFACE_STYLE_USAGE(.BOTH.,#3185);
#3017=SURFACE_STYLE_USAGE(.BOTH.,#3186);
#3018=SURFACE_STYLE_USAGE(.BOTH.,#3187);
#3019=SURFACE_STYLE_USAGE(.BOTH.,#3188);
#3020=SURFACE_STYLE_USAGE(.BOTH.,#3189);
#3021=SURFACE_STYLE_USAGE(.BOTH.,#3190);
#3022=SURFACE_STYLE_USAGE(.BOTH.,#3191);
#3023=SURFACE_STYLE_USAGE(.BOTH.,#3192);
#3024=SURFACE_STYLE_USAGE(.BOTH.,#3193);
#3025=SURFACE_STYLE_USAGE(.BOTH.,#3194);
#3026=SURFACE_STYLE_USAGE(.BOTH.,#3195);
#3027=SURFACE_STYLE_USAGE(.BOTH.,#3196);
#3028=SURFACE_STYLE_USAGE(.BOTH.,#3197);
#3029=SURFACE_STYLE_USAGE(.BOTH.,#3198);
#3030=SURFACE_STYLE_USAGE(.BOTH.,#3199);
#3031=SURFACE_STYLE_USAGE(.BOTH.,#3200);
#3032=SURFACE_STYLE_USAGE(.BOTH.,#3201);
#3033=SURFACE_STYLE_USAGE(.BOTH.,#3202);
#3034=SURFACE_STYLE_USAGE(.BOTH.,#3203);
#3035=SURFACE_STYLE_USAGE(.BOTH.,#3204);
#3036=SURFACE_STYLE_USAGE(.BOTH.,#3205);
#3037=SURFACE_STYLE_USAGE(.BOTH.,#3206);
#3038=SURFACE_STYLE_USAGE(.BOTH.,#3207);
#3039=SURFACE_STYLE_USAGE(.BOTH.,#3208);
#3040=SURFACE_STYLE_USAGE(.BOTH.,#3209);
#3041=SURFACE_STYLE_USAGE(.BOTH.,#3210);
#3042=SURFACE_STYLE_USAGE(.BOTH.,#3211);
#3043=SURFACE_STYLE_USAGE(.BOTH.,#3212);
#3044=SURFACE_STYLE_USAGE(.BOTH.,#3213);
#3045=SURFACE_STYLE_USAGE(.BOTH.,#3214);
#3046=SURFACE_STYLE_USAGE(.BOTH.,#3215);
#3047=SURFACE_STYLE_USAGE(.BOTH.,#3216);
#3048=SURFACE_STYLE_USAGE(.BOTH.,#3217);
#3049=SURFACE_STYLE_USAGE(.BOTH.,#3218);
#3050=SURFACE_STYLE_USAGE(.BOTH.,#3219);
#3051=SURFACE_STYLE_USAGE(.BOTH.,#3220);
#3052=SURFACE_STYLE_USAGE(.BOTH.,#3221);
#3053=SURFACE_STYLE_USAGE(.BOTH.,#3222);
#3054=SURFACE_STYLE_USAGE(.BOTH.,#3223);
#3055=SURFACE_STYLE_USAGE(.BOTH.,#3224);
#3056=SURFACE_STYLE_USAGE(.BOTH.,#3225);
#3057=SURFACE_STYLE_USAGE(.BOTH.,#3226);
#3058=SURFACE_STYLE_USAGE(.BOTH.,#3227);
#3059=SURFACE_STYLE_USAGE(.BOTH.,#3228);
#3060=SURFACE_STYLE_USAGE(.BOTH.,#3229);
#3061=SURFACE_STYLE_USAGE(.BOTH.,#3230);
#3062=SURFACE_STYLE_USAGE(.BOTH.,#3231);
#3063=SURFACE_STYLE_USAGE(.BOTH.,#3232);
#3064=SURFACE_STYLE_USAGE(.BOTH.,#3233);
#3065=SURFACE_STYLE_USAGE(.BOTH.,#3234);
#3066=SURFACE_STYLE_USAGE(.BOTH.,#3235);
#3067=SURFACE_STYLE_USAGE(.BOTH.,#3236);
#3068=SURFACE_STYLE_USAGE(.BOTH.,#3237);
#3069=SURFACE_STYLE_USAGE(.BOTH.,#3238);
#3070=SURFACE_STYLE_USAGE(.BOTH.,#3239);
#3071=SURFACE_STYLE_USAGE(.BOTH.,#3240);
#3072=SURFACE_STYLE_USAGE(.BOTH.,#3241);
#3073=SURFACE_STYLE_USAGE(.BOTH.,#3242);
#3074=SURFACE_STYLE_USAGE(.BOTH.,#3243);
#3075=SURFACE_STYLE_USAGE(.BOTH.,#3244);
#3076=SURFACE_STYLE_USAGE(.BOTH.,#3245);
#3077=SURFACE_STYLE_USAGE(.BOTH.,#3246);
#3078=SURFACE_STYLE_USAGE(.BOTH.,#3247);
#3079=SURFACE_STYLE_USAGE(.BOTH.,#3248);
#3080=SURFACE_STYLE_USAGE(.BOTH.,#3249);
#3081=SURFACE_STYLE_USAGE(.BOTH.,#3250);
#3082=SURFACE_STYLE_USAGE(.BOTH.,#3251);
#3083=SURFACE_STYLE_USAGE(.BOTH.,#3252);
#3084=SURFACE_STYLE_USAGE(.BOTH.,#3253);
#3085=SURFACE_STYLE_USAGE(.BOTH.,#3254);
#3086=SURFACE_STYLE_USAGE(.BOTH.,#3255);
#3087=SURFACE_STYLE_USAGE(.BOTH.,#3256);
#3088=SURFACE_STYLE_USAGE(.BOTH.,#3257);
#3089=SURFACE_STYLE_USAGE(.BOTH.,#3258);
#3090=SURFACE_STYLE_USAGE(.BOTH.,#3259);
#3091=SURFACE_STYLE_USAGE(.BOTH.,#3260);
#3092=SURFACE_STYLE_USAGE(.BOTH.,#3261);
#3093=SURFACE_STYLE_USAGE(.BOTH.,#3262);
#3094=SURFACE_STYLE_USAGE(.BOTH.,#3263);
#3095=SURFACE_STYLE_USAGE(.BOTH.,#3264);
#3096=SURFACE_STYLE_USAGE(.BOTH.,#3265);
#3097=SURFACE_STYLE_USAGE(.BOTH.,#3266);
#3098=SURFACE_STYLE_USAGE(.BOTH.,#3267);
#3099=SURFACE_STYLE_USAGE(.BOTH.,#3268);
#3100=SURFACE_STYLE_USAGE(.BOTH.,#3269);
#3101=SURFACE_STYLE_USAGE(.BOTH.,#3270);
#3102=SURFACE_STYLE_USAGE(.BOTH.,#3271);
#3103=SURFACE_STYLE_USAGE(.BOTH.,#3272);
#3104=SURFACE_STYLE_USAGE(.BOTH.,#3273);
#3105=SURFACE_STYLE_USAGE(.BOTH.,#3274);
#3106=SURFACE_STYLE_USAGE(.BOTH.,#3275);
#3107=SURFACE_STYLE_USAGE(.BOTH.,#3276);
#3108=SURFACE_STYLE_USAGE(.BOTH.,#3277);
#3109=SURFACE_STYLE_USAGE(.BOTH.,#3278);
#3110=SURFACE_STYLE_USAGE(.BOTH.,#3279);
#3111=SURFACE_STYLE_USAGE(.BOTH.,#3280);
#3112=SURFACE_STYLE_USAGE(.BOTH.,#3281);
#3113=SURFACE_STYLE_USAGE(.BOTH.,#3282);
#3114=SURFACE_STYLE_USAGE(.BOTH.,#3283);
#3115=SURFACE_STYLE_USAGE(.BOTH.,#3284);
#3116=SURFACE_STYLE_USAGE(.BOTH.,#3285);
#3117=SURFACE_STYLE_USAGE(.BOTH.,#3286);
#3118=SURFACE_STYLE_USAGE(.BOTH.,#3287);
#3119=SURFACE_SIDE_STYLE('',(#3288));
#3120=SURFACE_SIDE_STYLE('',(#3289));
#3121=SURFACE_SIDE_STYLE('',(#3290));
#3122=SURFACE_SIDE_STYLE('',(#3291));
#3123=SURFACE_SIDE_STYLE('',(#3292));
#3124=SURFACE_SIDE_STYLE('',(#3293));
#3125=SURFACE_SIDE_STYLE('',(#3294));
#3126=SURFACE_SIDE_STYLE('',(#3295));
#3127=SURFACE_SIDE_STYLE('',(#3296));
#3128=SURFACE_SIDE_STYLE('',(#3297));
#3129=SURFACE_SIDE_STYLE('',(#3298));
#3130=SURFACE_SIDE_STYLE('',(#3299));
#3131=SURFACE_SIDE_STYLE('',(#3300));
#3132=SURFACE_SIDE_STYLE('',(#3301));
#3133=SURFACE_SIDE_STYLE('',(#3302));
#3134=SURFACE_SIDE_STYLE('',(#3303));
#3135=SURFACE_SIDE_STYLE('',(#3304));
#3136=SURFACE_SIDE_STYLE('',(#3305));
#3137=SURFACE_SIDE_STYLE('',(#3306));
#3138=SURFACE_SIDE_STYLE('',(#3307));
#3139=SURFACE_SIDE_STYLE('',(#3308));
#3140=SURFACE_SIDE_STYLE('',(#3309));
#3141=SURFACE_SIDE_STYLE('',(#3310));
#3142=SURFACE_SIDE_STYLE('',(#3311));
#3143=SURFACE_SIDE_STYLE('',(#3312));
#3144=SURFACE_SIDE_STYLE('',(#3313));
#3145=SURFACE_SIDE_STYLE('',(#3314));
#3146=SURFACE_SIDE_STYLE('',(#3315));
#3147=SURFACE_SIDE_STYLE('',(#3316));
#3148=SURFACE_SIDE_STYLE('',(#3317));
#3149=SURFACE_SIDE_STYLE('',(#3318));
#3150=SURFACE_SIDE_STYLE('',(#3319));
#3151=SURFACE_SIDE_STYLE('',(#3320));
#3152=SURFACE_SIDE_STYLE('',(#3321));
#3153=SURFACE_SIDE_STYLE('',(#3322));
#3154=SURFACE_SIDE_STYLE('',(#3323));
#3155=SURFACE_SIDE_STYLE('',(#3324));
#3156=SURFACE_SIDE_STYLE('',(#3325));
#3157=SURFACE_SIDE_STYLE('',(#3326));
#3158=SURFACE_SIDE_STYLE('',(#3327));
#3159=SURFACE_SIDE_STYLE('',(#3328));
#3160=SURFACE_SIDE_STYLE('',(#3329));
#3161=SURFACE_SIDE_STYLE('',(#3330));
#3162=SURFACE_SIDE_STYLE('',(#3331));
#3163=SURFACE_SIDE_STYLE('',(#3332));
#3164=SURFACE_SIDE_STYLE('',(#3333));
#3165=SURFACE_SIDE_STYLE('',(#3334));
#3166=SURFACE_SIDE_STYLE('',(#3335));
#3167=SURFACE_SIDE_STYLE('',(#3336));
#3168=SURFACE_SIDE_STYLE('',(#3337));
#3169=SURFACE_SIDE_STYLE('',(#3338));
#3170=SURFACE_SIDE_STYLE('',(#3339));
#3171=SURFACE_SIDE_STYLE('',(#3340));
#3172=SURFACE_SIDE_STYLE('',(#3341));
#3173=SURFACE_SIDE_STYLE('',(#3342));
#3174=SURFACE_SIDE_STYLE('',(#3343));
#3175=SURFACE_SIDE_STYLE('',(#3344));
#3176=SURFACE_SIDE_STYLE('',(#3345));
#3177=SURFACE_SIDE_STYLE('',(#3346));
#3178=SURFACE_SIDE_STYLE('',(#3347));
#3179=SURFACE_SIDE_STYLE('',(#3348));
#3180=SURFACE_SIDE_STYLE('',(#3349));
#3181=SURFACE_SIDE_STYLE('',(#3350));
#3182=SURFACE_SIDE_STYLE('',(#3351));
#3183=SURFACE_SIDE_STYLE('',(#3352));
#3184=SURFACE_SIDE_STYLE('',(#3353));
#3185=SURFACE_SIDE_STYLE('',(#3354));
#3186=SURFACE_SIDE_STYLE('',(#3355));
#3187=SURFACE_SIDE_STYLE('',(#3356));
#3188=SURFACE_SIDE_STYLE('',(#3357));
#3189=SURFACE_SIDE_STYLE('',(#3358));
#3190=SURFACE_SIDE_STYLE('',(#3359));
#3191=SURFACE_SIDE_STYLE('',(#3360));
#3192=SURFACE_SIDE_STYLE('',(#3361));
#3193=SURFACE_SIDE_STYLE('',(#3362));
#3194=SURFACE_SIDE_STYLE('',(#3363));
#3195=SURFACE_SIDE_STYLE('',(#3364));
#3196=SURFACE_SIDE_STYLE('',(#3365));
#3197=SURFACE_SIDE_STYLE('',(#3366));
#3198=SURFACE_SIDE_STYLE('',(#3367));
#3199=SURFACE_SIDE_STYLE('',(#3368));
#3200=SURFACE_SIDE_STYLE('',(#3369));
#3201=SURFACE_SIDE_STYLE('',(#3370));
#3202=SURFACE_SIDE_STYLE('',(#3371));
#3203=SURFACE_SIDE_STYLE('',(#3372));
#3204=SURFACE_SIDE_STYLE('',(#3373));
#3205=SURFACE_SIDE_STYLE('',(#3374));
#3206=SURFACE_SIDE_STYLE('',(#3375));
#3207=SURFACE_SIDE_STYLE('',(#3376));
#3208=SURFACE_SIDE_STYLE('',(#3377));
#3209=SURFACE_SIDE_STYLE('',(#3378));
#3210=SURFACE_SIDE_STYLE('',(#3379));
#3211=SURFACE_SIDE_STYLE('',(#3380));
#3212=SURFACE_SIDE_STYLE('',(#3381));
#3213=SURFACE_SIDE_STYLE('',(#3382));
#3214=SURFACE_SIDE_STYLE('',(#3383));
#3215=SURFACE_SIDE_STYLE('',(#3384));
#3216=SURFACE_SIDE_STYLE('',(#3385));
#3217=SURFACE_SIDE_STYLE('',(#3386));
#3218=SURFACE_SIDE_STYLE('',(#3387));
#3219=SURFACE_SIDE_STYLE('',(#3388));
#3220=SURFACE_SIDE_STYLE('',(#3389));
#3221=SURFACE_SIDE_STYLE('',(#3390));
#3222=SURFACE_SIDE_STYLE('',(#3391));
#3223=SURFACE_SIDE_STYLE('',(#3392));
#3224=SURFACE_SIDE_STYLE('',(#3393));
#3225=SURFACE_SIDE_STYLE('',(#3394));
#3226=SURFACE_SIDE_STYLE('',(#3395));
#3227=SURFACE_SIDE_STYLE('',(#3396));
#3228=SURFACE_SIDE_STYLE('',(#3397));
#3229=SURFACE_SIDE_STYLE('',(#3398));
#3230=SURFACE_SIDE_STYLE('',(#3399));
#3231=SURFACE_SIDE_STYLE('',(#3400));
#3232=SURFACE_SIDE_STYLE('',(#3401));
#3233=SURFACE_SIDE_STYLE('',(#3402));
#3234=SURFACE_SIDE_STYLE('',(#3403));
#3235=SURFACE_SIDE_STYLE('',(#3404));
#3236=SURFACE_SIDE_STYLE('',(#3405));
#3237=SURFACE_SIDE_STYLE('',(#3406));
#3238=SURFACE_SIDE_STYLE('',(#3407));
#3239=SURFACE_SIDE_STYLE('',(#3408));
#3240=SURFACE_SIDE_STYLE('',(#3409));
#3241=SURFACE_SIDE_STYLE('',(#3410));
#3242=SURFACE_SIDE_STYLE('',(#3411));
#3243=SURFACE_SIDE_STYLE('',(#3412));
#3244=SURFACE_SIDE_STYLE('',(#3413));
#3245=SURFACE_SIDE_STYLE('',(#3414));
#3246=SURFACE_SIDE_STYLE('',(#3415));
#3247=SURFACE_SIDE_STYLE('',(#3416));
#3248=SURFACE_SIDE_STYLE('',(#3417));
#3249=SURFACE_SIDE_STYLE('',(#3418));
#3250=SURFACE_SIDE_STYLE('',(#3419));
#3251=SURFACE_SIDE_STYLE('',(#3420));
#3252=SURFACE_SIDE_STYLE('',(#3421));
#3253=SURFACE_SIDE_STYLE('',(#3422));
#3254=SURFACE_SIDE_STYLE('',(#3423));
#3255=SURFACE_SIDE_STYLE('',(#3424));
#3256=SURFACE_SIDE_STYLE('',(#3425));
#3257=SURFACE_SIDE_STYLE('',(#3426));
#3258=SURFACE_SIDE_STYLE('',(#3427));
#3259=SURFACE_SIDE_STYLE('',(#3428));
#3260=SURFACE_SIDE_STYLE('',(#3429));
#3261=SURFACE_SIDE_STYLE('',(#3430));
#3262=SURFACE_SIDE_STYLE('',(#3431));
#3263=SURFACE_SIDE_STYLE('',(#3432));
#3264=SURFACE_SIDE_STYLE('',(#3433));
#3265=SURFACE_SIDE_STYLE('',(#3434));
#3266=SURFACE_SIDE_STYLE('',(#3435));
#3267=SURFACE_SIDE_STYLE('',(#3436));
#3268=SURFACE_SIDE_STYLE('',(#3437));
#3269=SURFACE_SIDE_STYLE('',(#3438));
#3270=SURFACE_SIDE_STYLE('',(#3439));
#3271=SURFACE_SIDE_STYLE('',(#3440));
#3272=SURFACE_SIDE_STYLE('',(#3441));
#3273=SURFACE_SIDE_STYLE('',(#3442));
#3274=SURFACE_SIDE_STYLE('',(#3443));
#3275=SURFACE_SIDE_STYLE('',(#3444));
#3276=SURFACE_SIDE_STYLE('',(#3445));
#3277=SURFACE_SIDE_STYLE('',(#3446));
#3278=SURFACE_SIDE_STYLE('',(#3447));
#3279=SURFACE_SIDE_STYLE('',(#3448));
#3280=SURFACE_SIDE_STYLE('',(#3449));
#3281=SURFACE_SIDE_STYLE('',(#3450));
#3282=SURFACE_SIDE_STYLE('',(#3451));
#3283=SURFACE_SIDE_STYLE('',(#3452));
#3284=SURFACE_SIDE_STYLE('',(#3453));
#3285=SURFACE_SIDE_STYLE('',(#3454));
#3286=SURFACE_SIDE_STYLE('',(#3455));
#3287=SURFACE_SIDE_STYLE('',(#3456));
#3288=SURFACE_STYLE_FILL_AREA(#3457);
#3289=SURFACE_STYLE_FILL_AREA(#3458);
#3290=SURFACE_STYLE_FILL_AREA(#3459);
#3291=SURFACE_STYLE_FILL_AREA(#3460);
#3292=SURFACE_STYLE_FILL_AREA(#3461);
#3293=SURFACE_STYLE_FILL_AREA(#3462);
#3294=SURFACE_STYLE_FILL_AREA(#3463);
#3295=SURFACE_STYLE_FILL_AREA(#3464);
#3296=SURFACE_STYLE_FILL_AREA(#3465);
#3297=SURFACE_STYLE_FILL_AREA(#3466);
#3298=SURFACE_STYLE_FILL_AREA(#3467);
#3299=SURFACE_STYLE_FILL_AREA(#3468);
#3300=SURFACE_STYLE_FILL_AREA(#3469);
#3301=SURFACE_STYLE_FILL_AREA(#3470);
#3302=SURFACE_STYLE_FILL_AREA(#3471);
#3303=SURFACE_STYLE_FILL_AREA(#3472);
#3304=SURFACE_STYLE_FILL_AREA(#3473);
#3305=SURFACE_STYLE_FILL_AREA(#3474);
#3306=SURFACE_STYLE_FILL_AREA(#3475);
#3307=SURFACE_STYLE_FILL_AREA(#3476);
#3308=SURFACE_STYLE_FILL_AREA(#3477);
#3309=SURFACE_STYLE_FILL_AREA(#3478);
#3310=SURFACE_STYLE_FILL_AREA(#3479);
#3311=SURFACE_STYLE_FILL_AREA(#3480);
#3312=SURFACE_STYLE_FILL_AREA(#3481);
#3313=SURFACE_STYLE_FILL_AREA(#3482);
#3314=SURFACE_STYLE_FILL_AREA(#3483);
#3315=SURFACE_STYLE_FILL_AREA(#3484);
#3316=SURFACE_STYLE_FILL_AREA(#3485);
#3317=SURFACE_STYLE_FILL_AREA(#3486);
#3318=SURFACE_STYLE_FILL_AREA(#3487);
#3319=SURFACE_STYLE_FILL_AREA(#3488);
#3320=SURFACE_STYLE_FILL_AREA(#3489);
#3321=SURFACE_STYLE_FILL_AREA(#3490);
#3322=SURFACE_STYLE_FILL_AREA(#3491);
#3323=SURFACE_STYLE_FILL_AREA(#3492);
#3324=SURFACE_STYLE_FILL_AREA(#3493);
#3325=SURFACE_STYLE_FILL_AREA(#3494);
#3326=SURFACE_STYLE_FILL_AREA(#3495);
#3327=SURFACE_STYLE_FILL_AREA(#3496);
#3328=SURFACE_STYLE_FILL_AREA(#3497);
#3329=SURFACE_STYLE_FILL_AREA(#3498);
#3330=SURFACE_STYLE_FILL_AREA(#3499);
#3331=SURFACE_STYLE_FILL_AREA(#3500);
#3332=SURFACE_STYLE_FILL_AREA(#3501);
#3333=SURFACE_STYLE_FILL_AREA(#3502);
#3334=SURFACE_STYLE_FILL_AREA(#3503);
#3335=SURFACE_STYLE_FILL_AREA(#3504);
#3336=SURFACE_STYLE_FILL_AREA(#3505);
#3337=SURFACE_STYLE_FILL_AREA(#3506);
#3338=SURFACE_STYLE_FILL_AREA(#3507);
#3339=SURFACE_STYLE_FILL_AREA(#3508);
#3340=SURFACE_STYLE_FILL_AREA(#3509);
#3341=SURFACE_STYLE_FILL_AREA(#3510);
#3342=SURFACE_STYLE_FILL_AREA(#3511);
#3343=SURFACE_STYLE_FILL_AREA(#3512);
#3344=SURFACE_STYLE_FILL_AREA(#3513);
#3345=SURFACE_STYLE_FILL_AREA(#3514);
#3346=SURFACE_STYLE_FILL_AREA(#3515);
#3347=SURFACE_STYLE_FILL_AREA(#3516);
#3348=SURFACE_STYLE_FILL_AREA(#3517);
#3349=SURFACE_STYLE_FILL_AREA(#3518);
#3350=SURFACE_STYLE_FILL_AREA(#3519);
#3351=SURFACE_STYLE_FILL_AREA(#3520);
#3352=SURFACE_STYLE_FILL_AREA(#3521);
#3353=SURFACE_STYLE_FILL_AREA(#3522);
#3354=SURFACE_STYLE_FILL_AREA(#3523);
#3355=SURFACE_STYLE_FILL_AREA(#3524);
#3356=SURFACE_STYLE_FILL_AREA(#3525);
#3357=SURFACE_STYLE_FILL_AREA(#3526);
#3358=SURFACE_STYLE_FILL_AREA(#3527);
#3359=SURFACE_STYLE_FILL_AREA(#3528);
#3360=SURFACE_STYLE_FILL_AREA(#3529);
#3361=SURFACE_STYLE_FILL_AREA(#3530);
#3362=SURFACE_STYLE_FILL_AREA(#3531);
#3363=SURFACE_STYLE_FILL_AREA(#3532);
#3364=SURFACE_STYLE_FILL_AREA(#3533);
#3365=SURFACE_STYLE_FILL_AREA(#3534);
#3366=SURFACE_STYLE_FILL_AREA(#3535);
#3367=SURFACE_STYLE_FILL_AREA(#3536);
#3368=SURFACE_STYLE_FILL_AREA(#3537);
#3369=SURFACE_STYLE_FILL_AREA(#3538);
#3370=SURFACE_STYLE_FILL_AREA(#3539);
#3371=SURFACE_STYLE_FILL_AREA(#3540);
#3372=SURFACE_STYLE_FILL_AREA(#3541);
#3373=SURFACE_STYLE_FILL_AREA(#3542);
#3374=SURFACE_STYLE_FILL_AREA(#3543);
#3375=SURFACE_STYLE_FILL_AREA(#3544);
#3376=SURFACE_STYLE_FILL_AREA(#3545);
#3377=SURFACE_STYLE_FILL_AREA(#3546);
#3378=SURFACE_STYLE_FILL_AREA(#3547);
#3379=SURFACE_STYLE_FILL_AREA(#3548);
#3380=SURFACE_STYLE_FILL_AREA(#3549);
#3381=SURFACE_STYLE_FILL_AREA(#3550);
#3382=SURFACE_STYLE_FILL_AREA(#3551);
#3383=SURFACE_STYLE_FILL_AREA(#3552);
#3384=SURFACE_STYLE_FILL_AREA(#3553);
#3385=SURFACE_STYLE_FILL_AREA(#3554);
#3386=SURFACE_STYLE_FILL_AREA(#3555);
#3387=SURFACE_STYLE_FILL_AREA(#3556);
#3388=SURFACE_STYLE_FILL_AREA(#3557);
#3389=SURFACE_STYLE_FILL_AREA(#3558);
#3390=SURFACE_STYLE_FILL_AREA(#3559);
#3391=SURFACE_STYLE_FILL_AREA(#3560);
#3392=SURFACE_STYLE_FILL_AREA(#3561);
#3393=SURFACE_STYLE_FILL_AREA(#3562);
#3394=SURFACE_STYLE_FILL_AREA(#3563);
#3395=SURFACE_STYLE_FILL_AREA(#3564);
#3396=SURFACE_STYLE_FILL_AREA(#3565);
#3397=SURFACE_STYLE_FILL_AREA(#3566);
#3398=SURFACE_STYLE_FILL_AREA(#3567);
#3399=SURFACE_STYLE_FILL_AREA(#3568);
#3400=SURFACE_STYLE_FILL_AREA(#3569);
#3401=SURFACE_STYLE_FILL_AREA(#3570);
#3402=SURFACE_STYLE_FILL_AREA(#3571);
#3403=SURFACE_STYLE_FILL_AREA(#3572);
#3404=SURFACE_STYLE_FILL_AREA(#3573);
#3405=SURFACE_STYLE_FILL_AREA(#3574);
#3406=SURFACE_STYLE_FILL_AREA(#3575);
#3407=SURFACE_STYLE_FILL_AREA(#3576);
#3408=SURFACE_STYLE_FILL_AREA(#3577);
#3409=SURFACE_STYLE_FILL_AREA(#3578);
#3410=SURFACE_STYLE_FILL_AREA(#3579);
#3411=SURFACE_STYLE_FILL_AREA(#3580);
#3412=SURFACE_STYLE_FILL_AREA(#3581);
#3413=SURFACE_STYLE_FILL_AREA(#3582);
#3414=SURFACE_STYLE_FILL_AREA(#3583);
#3415=SURFACE_STYLE_FILL_AREA(#3584);
#3416=SURFACE_STYLE_FILL_AREA(#3585);
#3417=SURFACE_STYLE_FILL_AREA(#3586);
#3418=SURFACE_STYLE_FILL_AREA(#3587);
#3419=SURFACE_STYLE_FILL_AREA(#3588);
#3420=SURFACE_STYLE_FILL_AREA(#3589);
#3421=SURFACE_STYLE_FILL_AREA(#3590);
#3422=SURFACE_STYLE_FILL_AREA(#3591);
#3423=SURFACE_STYLE_FILL_AREA(#3592);
#3424=SURFACE_STYLE_FILL_AREA(#3593);
#3425=SURFACE_STYLE_FILL_AREA(#3594);
#3426=SURFACE_STYLE_FILL_AREA(#3595);
#3427=SURFACE_STYLE_FILL_AREA(#3596);
#3428=SURFACE_STYLE_FILL_AREA(#3597);
#3429=SURFACE_STYLE_FILL_AREA(#3598);
#3430=SURFACE_STYLE_FILL_AREA(#3599);
#3431=SURFACE_STYLE_FILL_AREA(#3600);
#3432=SURFACE_STYLE_FILL_AREA(#3601);
#3433=SURFACE_STYLE_FILL_AREA(#3602);
#3434=SURFACE_STYLE_FILL_AREA(#3603);
#3435=SURFACE_STYLE_FILL_AREA(#3604);
#3436=SURFACE_STYLE_FILL_AREA(#3605);
#3437=SURFACE_STYLE_FILL_AREA(#3606);
#3438=SURFACE_STYLE_FILL_AREA(#3607);
#3439=SURFACE_STYLE_FILL_AREA(#3608);
#3440=SURFACE_STYLE_FILL_AREA(#3609);
#3441=SURFACE_STYLE_FILL_AREA(#3610);
#3442=SURFACE_STYLE_FILL_AREA(#3611);
#3443=SURFACE_STYLE_FILL_AREA(#3612);
#3444=SURFACE_STYLE_FILL_AREA(#3613);
#3445=SURFACE_STYLE_FILL_AREA(#3614);
#3446=SURFACE_STYLE_FILL_AREA(#3615);
#3447=SURFACE_STYLE_FILL_AREA(#3616);
#3448=SURFACE_STYLE_FILL_AREA(#3617);
#3449=SURFACE_STYLE_FILL_AREA(#3618);
#3450=SURFACE_STYLE_FILL_AREA(#3619);
#3451=SURFACE_STYLE_FILL_AREA(#3620);
#3452=SURFACE_STYLE_FILL_AREA(#3621);
#3453=SURFACE_STYLE_FILL_AREA(#3622);
#3454=SURFACE_STYLE_FILL_AREA(#3623);
#3455=SURFACE_STYLE_FILL_AREA(#3624);
#3456=SURFACE_STYLE_FILL_AREA(#3625);
#3457=FILL_AREA_STYLE('',(#3626));
#3458=FILL_AREA_STYLE('',(#3627));
#3459=FILL_AREA_STYLE('',(#3628));
#3460=FILL_AREA_STYLE('',(#3629));
#3461=FILL_AREA_STYLE('',(#3630));
#3462=FILL_AREA_STYLE('',(#3631));
#3463=FILL_AREA_STYLE('',(#3632));
#3464=FILL_AREA_STYLE('',(#3633));
#3465=FILL_AREA_STYLE('',(#3634));
#3466=FILL_AREA_STYLE('',(#3635));
#3467=FILL_AREA_STYLE('',(#3636));
#3468=FILL_AREA_STYLE('',(#3637));
#3469=FILL_AREA_STYLE('',(#3638));
#3470=FILL_AREA_STYLE('',(#3639));
#3471=FILL_AREA_STYLE('',(#3640));
#3472=FILL_AREA_STYLE('',(#3641));
#3473=FILL_AREA_STYLE('',(#3642));
#3474=FILL_AREA_STYLE('',(#3643));
#3475=FILL_AREA_STYLE('',(#3644));
#3476=FILL_AREA_STYLE('',(#3645));
#3477=FILL_AREA_STYLE('',(#3646));
#3478=FILL_AREA_STYLE('',(#3647));
#3479=FILL_AREA_STYLE('',(#3648));
#3480=FILL_AREA_STYLE('',(#3649));
#3481=FILL_AREA_STYLE('',(#3650));
#3482=FILL_AREA_STYLE('',(#3651));
#3483=FILL_AREA_STYLE('',(#3652));
#3484=FILL_AREA_STYLE('',(#3653));
#3485=FILL_AREA_STYLE('',(#3654));
#3486=FILL_AREA_STYLE('',(#3655));
#3487=FILL_AREA_STYLE('',(#3656));
#3488=FILL_AREA_STYLE('',(#3657));
#3489=FILL_AREA_STYLE('',(#3658));
#3490=FILL_AREA_STYLE('',(#3659));
#3491=FILL_AREA_STYLE('',(#3660));
#3492=FILL_AREA_STYLE('',(#3661));
#3493=FILL_AREA_STYLE('',(#3662));
#3494=FILL_AREA_STYLE('',(#3663));
#3495=FILL_AREA_STYLE('',(#3664));
#3496=FILL_AREA_STYLE('',(#3665));
#3497=FILL_AREA_STYLE('',(#3666));
#3498=FILL_AREA_STYLE('',(#3667));
#3499=FILL_AREA_STYLE('',(#3668));
#3500=FILL_AREA_STYLE('',(#3669));
#3501=FILL_AREA_STYLE('',(#3670));
#3502=FILL_AREA_STYLE('',(#3671));
#3503=FILL_AREA_STYLE('',(#3672));
#3504=FILL_AREA_STYLE('',(#3673));
#3505=FILL_AREA_STYLE('',(#3674));
#3506=FILL_AREA_STYLE('',(#3675));
#3507=FILL_AREA_STYLE('',(#3676));
#3508=FILL_AREA_STYLE('',(#3677));
#3509=FILL_AREA_STYLE('',(#3678));
#3510=FILL_AREA_STYLE('',(#3679));
#3511=FILL_AREA_STYLE('',(#3680));
#3512=FILL_AREA_STYLE('',(#3681));
#3513=FILL_AREA_STYLE('',(#3682));
#3514=FILL_AREA_STYLE('',(#3683));
#3515=FILL_AREA_STYLE('',(#3684));
#3516=FILL_AREA_STYLE('',(#3685));
#3517=FILL_AREA_STYLE('',(#3686));
#3518=FILL_AREA_STYLE('',(#3687));
#3519=FILL_AREA_STYLE('',(#3688));
#3520=FILL_AREA_STYLE('',(#3689));
#3521=FILL_AREA_STYLE('',(#3690));
#3522=FILL_AREA_STYLE('',(#3691));
#3523=FILL_AREA_STYLE('',(#3692));
#3524=FILL_AREA_STYLE('',(#3693));
#3525=FILL_AREA_STYLE('',(#3694));
#3526=FILL_AREA_STYLE('',(#3695));
#3527=FILL_AREA_STYLE('',(#3696));
#3528=FILL_AREA_STYLE('',(#3697));
#3529=FILL_AREA_STYLE('',(#3698));
#3530=FILL_AREA_STYLE('',(#3699));
#3531=FILL_AREA_STYLE('',(#3700));
#3532=FILL_AREA_STYLE('',(#3701));
#3533=FILL_AREA_STYLE('',(#3702));
#3534=FILL_AREA_STYLE('',(#3703));
#3535=FILL_AREA_STYLE('',(#3704));
#3536=FILL_AREA_STYLE('',(#3705));
#3537=FILL_AREA_STYLE('',(#3706));
#3538=FILL_AREA_STYLE('',(#3707));
#3539=FILL_AREA_STYLE('',(#3708));
#3540=FILL_AREA_STYLE('',(#3709));
#3541=FILL_AREA_STYLE('',(#3710));
#3542=FILL_AREA_STYLE('',(#3711));
#3543=FILL_AREA_STYLE('',(#3712));
#3544=FILL_AREA_STYLE('',(#3713));
#3545=FILL_AREA_STYLE('',(#3714));
#3546=FILL_AREA_STYLE('',(#3715));
#3547=FILL_AREA_STYLE('',(#3716));
#3548=FILL_AREA_STYLE('',(#3717));
#3549=FILL_AREA_STYLE('',(#3718));
#3550=FILL_AREA_STYLE('',(#3719));
#3551=FILL_AREA_STYLE('',(#3720));
#3552=FILL_AREA_STYLE('',(#3721));
#3553=FILL_AREA_STYLE('',(#3722));
#3554=FILL_AREA_STYLE('',(#3723));
#3555=FILL_AREA_STYLE('',(#3724));
#3556=FILL_AREA_STYLE('',(#3725));
#3557=FILL_AREA_STYLE('',(#3726));
#3558=FILL_AREA_STYLE('',(#3727));
#3559=FILL_AREA_STYLE('',(#3728));
#3560=FILL_AREA_STYLE('',(#3729));
#3561=FILL_AREA_STYLE('',(#3730));
#3562=FILL_AREA_STYLE('',(#3731));
#3563=FILL_AREA_STYLE('',(#3732));
#3564=FILL_AREA_STYLE('',(#3733));
#3565=FILL_AREA_STYLE('',(#3734));
#3566=FILL_AREA_STYLE('',(#3735));
#3567=FILL_AREA_STYLE('',(#3736));
#3568=FILL_AREA_STYLE('',(#3737));
#3569=FILL_AREA_STYLE('',(#3738));
#3570=FILL_AREA_STYLE('',(#3739));
#3571=FILL_AREA_STYLE('',(#3740));
#3572=FILL_AREA_STYLE('',(#3741));
#3573=FILL_AREA_STYLE('',(#3742));
#3574=FILL_AREA_STYLE('',(#3743));
#3575=FILL_AREA_STYLE('',(#3744));
#3576=FILL_AREA_STYLE('',(#3745));
#3577=FILL_AREA_STYLE('',(#3746));
#3578=FILL_AREA_STYLE('',(#3747));
#3579=FILL_AREA_STYLE('',(#3748));
#3580=FILL_AREA_STYLE('',(#3749));
#3581=FILL_AREA_STYLE('',(#3750));
#3582=FILL_AREA_STYLE('',(#3751));
#3583=FILL_AREA_STYLE('',(#3752));
#3584=FILL_AREA_STYLE('',(#3753));
#3585=FILL_AREA_STYLE('',(#3754));
#3586=FILL_AREA_STYLE('',(#3755));
#3587=FILL_AREA_STYLE('',(#3756));
#3588=FILL_AREA_STYLE('',(#3757));
#3589=FILL_AREA_STYLE('',(#3758));
#3590=FILL_AREA_STYLE('',(#3759));
#3591=FILL_AREA_STYLE('',(#3760));
#3592=FILL_AREA_STYLE('',(#3761));
#3593=FILL_AREA_STYLE('',(#3762));
#3594=FILL_AREA_STYLE('',(#3763));
#3595=FILL_AREA_STYLE('',(#3764));
#3596=FILL_AREA_STYLE('',(#3765));
#3597=FILL_AREA_STYLE('',(#3766));
#3598=FILL_AREA_STYLE('',(#3767));
#3599=FILL_AREA_STYLE('',(#3768));
#3600=FILL_AREA_STYLE('',(#3769));
#3601=FILL_AREA_STYLE('',(#3770));
#3602=FILL_AREA_STYLE('',(#3771));
#3603=FILL_AREA_STYLE('',(#3772));
#3604=FILL_AREA_STYLE('',(#3773));
#3605=FILL_AREA_STYLE('',(#3774));
#3606=FILL_AREA_STYLE('',(#3775));
#3607=FILL_AREA_STYLE('',(#3776));
#3608=FILL_AREA_STYLE('',(#3777));
#3609=FILL_AREA_STYLE('',(#3778));
#3610=FILL_AREA_STYLE('',(#3779));
#3611=FILL_AREA_STYLE('',(#3780));
#3612=FILL_AREA_STYLE('',(#3781));
#3613=FILL_AREA_STYLE('',(#3782));
#3614=FILL_AREA_STYLE('',(#3783));
#3615=FILL_AREA_STYLE('',(#3784));
#3616=FILL_AREA_STYLE('',(#3785));
#3617=FILL_AREA_STYLE('',(#3786));
#3618=FILL_AREA_STYLE('',(#3787));
#3619=FILL_AREA_STYLE('',(#3788));
#3620=FILL_AREA_STYLE('',(#3789));
#3621=FILL_AREA_STYLE('',(#3790));
#3622=FILL_AREA_STYLE('',(#3791));
#3623=FILL_AREA_STYLE('',(#3792));
#3624=FILL_AREA_STYLE('',(#3793));
#3625=FILL_AREA_STYLE('',(#3794));
#3626=FILL_AREA_STYLE_COLOUR('',#3795);
#3627=FILL_AREA_STYLE_COLOUR('',#3795);
#3628=FILL_AREA_STYLE_COLOUR('',#3795);
#3629=FILL_AREA_STYLE_COLOUR('',#3795);
#3630=FILL_AREA_STYLE_COLOUR('',#3795);
#3631=FILL_AREA_STYLE_COLOUR('',#3795);
#3632=FILL_AREA_STYLE_COLOUR('',#3795);
#3633=FILL_AREA_STYLE_COLOUR('',#3795);
#3634=FILL_AREA_STYLE_COLOUR('',#3795);
#3635=FILL_AREA_STYLE_COLOUR('',#3795);
#3636=FILL_AREA_STYLE_COLOUR('',#3795);
#3637=FILL_AREA_STYLE_COLOUR('',#3795);
#3638=FILL_AREA_STYLE_COLOUR('',#3795);
#3639=FILL_AREA_STYLE_COLOUR('',#3795);
#3640=FILL_AREA_STYLE_COLOUR('',#3795);
#3641=FILL_AREA_STYLE_COLOUR('',#3795);
#3642=FILL_AREA_STYLE_COLOUR('',#3796);
#3643=FILL_AREA_STYLE_COLOUR('',#3796);
#3644=FILL_AREA_STYLE_COLOUR('',#3796);
#3645=FILL_AREA_STYLE_COLOUR('',#3796);
#3646=FILL_AREA_STYLE_COLOUR('',#3796);
#3647=FILL_AREA_STYLE_COLOUR('',#3796);
#3648=FILL_AREA_STYLE_COLOUR('',#3796);
#3649=FILL_AREA_STYLE_COLOUR('',#3796);
#3650=FILL_AREA_STYLE_COLOUR('',#3796);
#3651=FILL_AREA_STYLE_COLOUR('',#3796);
#3652=FILL_AREA_STYLE_COLOUR('',#3796);
#3653=FILL_AREA_STYLE_COLOUR('',#3796);
#3654=FILL_AREA_STYLE_COLOUR('',#3797);
#3655=FILL_AREA_STYLE_COLOUR('',#3797);
#3656=FILL_AREA_STYLE_COLOUR('',#3797);
#3657=FILL_AREA_STYLE_COLOUR('',#3796);
#3658=FILL_AREA_STYLE_COLOUR('',#3798);
#3659=FILL_AREA_STYLE_COLOUR('',#3796);
#3660=FILL_AREA_STYLE_COLOUR('',#3797);
#3661=FILL_AREA_STYLE_COLOUR('',#3796);
#3662=FILL_AREA_STYLE_COLOUR('',#3796);
#3663=FILL_AREA_STYLE_COLOUR('',#3796);
#3664=FILL_AREA_STYLE_COLOUR('',#3796);
#3665=FILL_AREA_STYLE_COLOUR('',#3797);
#3666=FILL_AREA_STYLE_COLOUR('',#3797);
#3667=FILL_AREA_STYLE_COLOUR('',#3797);
#3668=FILL_AREA_STYLE_COLOUR('',#3797);
#3669=FILL_AREA_STYLE_COLOUR('',#3797);
#3670=FILL_AREA_STYLE_COLOUR('',#3796);
#3671=FILL_AREA_STYLE_COLOUR('',#3796);
#3672=FILL_AREA_STYLE_COLOUR('',#3796);
#3673=FILL_AREA_STYLE_COLOUR('',#3796);
#3674=FILL_AREA_STYLE_COLOUR('',#3796);
#3675=FILL_AREA_STYLE_COLOUR('',#3797);
#3676=FILL_AREA_STYLE_COLOUR('',#3796);
#3677=FILL_AREA_STYLE_COLOUR('',#3797);
#3678=FILL_AREA_STYLE_COLOUR('',#3797);
#3679=FILL_AREA_STYLE_COLOUR('',#3797);
#3680=FILL_AREA_STYLE_COLOUR('',#3797);
#3681=FILL_AREA_STYLE_COLOUR('',#3797);
#3682=FILL_AREA_STYLE_COLOUR('',#3797);
#3683=FILL_AREA_STYLE_COLOUR('',#3797);
#3684=FILL_AREA_STYLE_COLOUR('',#3797);
#3685=FILL_AREA_STYLE_COLOUR('',#3797);
#3686=FILL_AREA_STYLE_COLOUR('',#3796);
#3687=FILL_AREA_STYLE_COLOUR('',#3796);
#3688=FILL_AREA_STYLE_COLOUR('',#3796);
#3689=FILL_AREA_STYLE_COLOUR('',#3796);
#3690=FILL_AREA_STYLE_COLOUR('',#3796);
#3691=FILL_AREA_STYLE_COLOUR('',#3796);
#3692=FILL_AREA_STYLE_COLOUR('',#3796);
#3693=FILL_AREA_STYLE_COLOUR('',#3796);
#3694=FILL_AREA_STYLE_COLOUR('',#3796);
#3695=FILL_AREA_STYLE_COLOUR('',#3796);
#3696=FILL_AREA_STYLE_COLOUR('',#3799);
#3697=FILL_AREA_STYLE_COLOUR('',#3799);
#3698=FILL_AREA_STYLE_COLOUR('',#3799);
#3699=FILL_AREA_STYLE_COLOUR('',#3799);
#3700=FILL_AREA_STYLE_COLOUR('',#3799);
#3701=FILL_AREA_STYLE_COLOUR('',#3799);
#3702=FILL_AREA_STYLE_COLOUR('',#3799);
#3703=FILL_AREA_STYLE_COLOUR('',#3799);
#3704=FILL_AREA_STYLE_COLOUR('',#3799);
#3705=FILL_AREA_STYLE_COLOUR('',#3796);
#3706=FILL_AREA_STYLE_COLOUR('',#3795);
#3707=FILL_AREA_STYLE_COLOUR('',#3795);
#3708=FILL_AREA_STYLE_COLOUR('',#3796);
#3709=FILL_AREA_STYLE_COLOUR('',#3795);
#3710=FILL_AREA_STYLE_COLOUR('',#3795);
#3711=FILL_AREA_STYLE_COLOUR('',#3796);
#3712=FILL_AREA_STYLE_COLOUR('',#3795);
#3713=FILL_AREA_STYLE_COLOUR('',#3795);
#3714=FILL_AREA_STYLE_COLOUR('',#3796);
#3715=FILL_AREA_STYLE_COLOUR('',#3795);
#3716=FILL_AREA_STYLE_COLOUR('',#3795);
#3717=FILL_AREA_STYLE_COLOUR('',#3795);
#3718=FILL_AREA_STYLE_COLOUR('',#3795);
#3719=FILL_AREA_STYLE_COLOUR('',#3795);
#3720=FILL_AREA_STYLE_COLOUR('',#3795);
#3721=FILL_AREA_STYLE_COLOUR('',#3795);
#3722=FILL_AREA_STYLE_COLOUR('',#3795);
#3723=FILL_AREA_STYLE_COLOUR('',#3795);
#3724=FILL_AREA_STYLE_COLOUR('',#3795);
#3725=FILL_AREA_STYLE_COLOUR('',#3795);
#3726=FILL_AREA_STYLE_COLOUR('',#3795);
#3727=FILL_AREA_STYLE_COLOUR('',#3795);
#3728=FILL_AREA_STYLE_COLOUR('',#3795);
#3729=FILL_AREA_STYLE_COLOUR('',#3795);
#3730=FILL_AREA_STYLE_COLOUR('',#3795);
#3731=FILL_AREA_STYLE_COLOUR('',#3795);
#3732=FILL_AREA_STYLE_COLOUR('',#3795);
#3733=FILL_AREA_STYLE_COLOUR('',#3795);
#3734=FILL_AREA_STYLE_COLOUR('',#3795);
#3735=FILL_AREA_STYLE_COLOUR('',#3795);
#3736=FILL_AREA_STYLE_COLOUR('',#3795);
#3737=FILL_AREA_STYLE_COLOUR('',#3795);
#3738=FILL_AREA_STYLE_COLOUR('',#3795);
#3739=FILL_AREA_STYLE_COLOUR('',#3795);
#3740=FILL_AREA_STYLE_COLOUR('',#3795);
#3741=FILL_AREA_STYLE_COLOUR('',#3795);
#3742=FILL_AREA_STYLE_COLOUR('',#3795);
#3743=FILL_AREA_STYLE_COLOUR('',#3795);
#3744=FILL_AREA_STYLE_COLOUR('',#3795);
#3745=FILL_AREA_STYLE_COLOUR('',#3795);
#3746=FILL_AREA_STYLE_COLOUR('',#3795);
#3747=FILL_AREA_STYLE_COLOUR('',#3795);
#3748=FILL_AREA_STYLE_COLOUR('',#3795);
#3749=FILL_AREA_STYLE_COLOUR('',#3795);
#3750=FILL_AREA_STYLE_COLOUR('',#3795);
#3751=FILL_AREA_STYLE_COLOUR('',#3795);
#3752=FILL_AREA_STYLE_COLOUR('',#3795);
#3753=FILL_AREA_STYLE_COLOUR('',#3795);
#3754=FILL_AREA_STYLE_COLOUR('',#3795);
#3755=FILL_AREA_STYLE_COLOUR('',#3795);
#3756=FILL_AREA_STYLE_COLOUR('',#3795);
#3757=FILL_AREA_STYLE_COLOUR('',#3799);
#3758=FILL_AREA_STYLE_COLOUR('',#3796);
#3759=FILL_AREA_STYLE_COLOUR('',#3796);
#3760=FILL_AREA_STYLE_COLOUR('',#3799);
#3761=FILL_AREA_STYLE_COLOUR('',#3799);
#3762=FILL_AREA_STYLE_COLOUR('',#3796);
#3763=FILL_AREA_STYLE_COLOUR('',#3799);
#3764=FILL_AREA_STYLE_COLOUR('',#3799);
#3765=FILL_AREA_STYLE_COLOUR('',#3795);
#3766=FILL_AREA_STYLE_COLOUR('',#3795);
#3767=FILL_AREA_STYLE_COLOUR('',#3795);
#3768=FILL_AREA_STYLE_COLOUR('',#3795);
#3769=FILL_AREA_STYLE_COLOUR('',#3795);
#3770=FILL_AREA_STYLE_COLOUR('',#3799);
#3771=FILL_AREA_STYLE_COLOUR('',#3795);
#3772=FILL_AREA_STYLE_COLOUR('',#3795);
#3773=FILL_AREA_STYLE_COLOUR('',#3795);
#3774=FILL_AREA_STYLE_COLOUR('',#3795);
#3775=FILL_AREA_STYLE_COLOUR('',#3795);
#3776=FILL_AREA_STYLE_COLOUR('',#3795);
#3777=FILL_AREA_STYLE_COLOUR('',#3799);
#3778=FILL_AREA_STYLE_COLOUR('',#3799);
#3779=FILL_AREA_STYLE_COLOUR('',#3799);
#3780=FILL_AREA_STYLE_COLOUR('',#3799);
#3781=FILL_AREA_STYLE_COLOUR('',#3799);
#3782=FILL_AREA_STYLE_COLOUR('',#3799);
#3783=FILL_AREA_STYLE_COLOUR('',#3799);
#3784=FILL_AREA_STYLE_COLOUR('',#3799);
#3785=FILL_AREA_STYLE_COLOUR('',#3799);
#3786=FILL_AREA_STYLE_COLOUR('',#3799);
#3787=FILL_AREA_STYLE_COLOUR('',#3799);
#3788=FILL_AREA_STYLE_COLOUR('',#3799);
#3789=FILL_AREA_STYLE_COLOUR('',#3799);
#3790=FILL_AREA_STYLE_COLOUR('',#3799);
#3791=FILL_AREA_STYLE_COLOUR('',#3799);
#3792=FILL_AREA_STYLE_COLOUR('',#3799);
#3793=FILL_AREA_STYLE_COLOUR('',#3799);
#3794=FILL_AREA_STYLE_COLOUR('',#3799);
#3795=COLOUR_RGB('',0.839215695858,0.839215695858,0.839215695858);
#3796=COLOUR_RGB('',1.,0.933333337306976,0.192156866192818);
#3797=COLOUR_RGB('',0.86666667461395,0.090196080505848,0.090196080505848);
#3798=COLOUR_RGB('',0.36862745881081,0.72549021244049,0.4705882370472);
#3799=COLOUR_RGB('',0.19215686619282,0.19215686619282,0.19215686619282);
#3800=ADVANCED_FACE('',(#2294),#2511,.F.);
#3801=ADVANCED_FACE('',(#2295),#235,.T.);
#3802=ADVANCED_FACE('',(#2296),#2512,.F.);
#3803=ADVANCED_FACE('',(#2297),#236,.T.);
#3804=ADVANCED_FACE('',(#2298),#2513,.F.);
#3805=ADVANCED_FACE('',(#2299),#237,.T.);
#3806=ADVANCED_FACE('',(#2300),#2514,.F.);
#3807=ADVANCED_FACE('',(#2301),#238,.T.);
#3808=ADVANCED_FACE('',(#2302),#2515,.F.);
#3809=ADVANCED_FACE('',(#2303),#239,.T.);
#3810=ADVANCED_FACE('',(#2304),#2516,.F.);
#3811=ADVANCED_FACE('',(#2305),#240,.T.);
#3812=ADVANCED_FACE('',(#2306),#53,.T.);
#3813=ADVANCED_FACE('',(#2307),#54,.T.);
#3814=ADVANCED_FACE('',(#2308),#55,.T.);
#3815=ADVANCED_FACE('',(#2309),#56,.T.);
#3816=ADVANCED_FACE('',(#2310),#2517,.T.);
#3817=ADVANCED_FACE('',(#2311),#2518,.T.);
#3818=ADVANCED_FACE('',(#2312),#2519,.T.);
#3819=ADVANCED_FACE('',(#2313),#241,.F.);
#3820=ADVANCED_FACE('',(#2314),#242,.F.);
#3821=ADVANCED_FACE('',(#2315),#2520,.T.);
#3822=ADVANCED_FACE('',(#2316),#2521,.T.);
#3823=ADVANCED_FACE('',(#2317),#2522,.T.);
#3824=ADVANCED_FACE('',(#2318),#2523,.T.);
#3825=ADVANCED_FACE('',(#2319),#243,.T.);
#3826=ADVANCED_FACE('',(#2320),#244,.T.);
#3827=ADVANCED_FACE('',(#2321),#2524,.T.);
#3828=ADVANCED_FACE('',(#2322,#2323),#57,.T.);
#3829=ADVANCED_FACE('',(#2324,#2325),#52,.T.);
#3830=ADVANCED_FACE('',(#2326,#2327),#245,.T.);
#3831=ADVANCED_FACE('',(#2328,#2329),#2525,.F.);
#3832=ADVANCED_FACE('',(#2330,#2331),#246,.T.);
#3833=ADVANCED_FACE('',(#2332,#2333),#2526,.F.);
#3834=ADVANCED_FACE('',(#2334,#2335),#247,.T.);
#3835=ADVANCED_FACE('',(#2336,#2337),#22,.T.);
#3836=ADVANCED_FACE('',(#2338,#2339),#248,.T.);
#3837=ADVANCED_FACE('',(#2340,#2341),#23,.T.);
#3838=ADVANCED_FACE('',(#2342,#2343),#249,.T.);
#3839=ADVANCED_FACE('',(#2344),#2527,.T.);
#3840=ADVANCED_FACE('',(#2345),#250,.F.);
#3841=ADVANCED_FACE('',(#2346),#251,.F.);
#3842=ADVANCED_FACE('',(#2347),#2528,.T.);
#3843=ADVANCED_FACE('',(#2348),#252,.F.);
#3844=ADVANCED_FACE('',(#2349),#2529,.T.);
#3845=ADVANCED_FACE('',(#2350),#253,.F.);
#3846=ADVANCED_FACE('',(#2351),#2530,.T.);
#3847=ADVANCED_FACE('',(#2352),#254,.F.);
#3848=ADVANCED_FACE('',(#2353),#255,.F.);
#3849=ADVANCED_FACE('',(#2354),#2531,.T.);
#3850=ADVANCED_FACE('',(#2355),#256,.F.);
#3851=ADVANCED_FACE('',(#2356),#2532,.T.);
#3852=ADVANCED_FACE('',(#2357),#257,.F.);
#3853=ADVANCED_FACE('',(#2358),#2533,.T.);
#3854=ADVANCED_FACE('',(#2359),#258,.F.);
#3855=ADVANCED_FACE('',(#2360),#259,.F.);
#3856=ADVANCED_FACE('',(#2361),#2534,.T.);
#3857=ADVANCED_FACE('',(#2362),#260,.F.);
#3858=ADVANCED_FACE('',(#2363),#261,.F.);
#3859=ADVANCED_FACE('',(#2364),#2535,.T.);
#3860=ADVANCED_FACE('',(#2365),#58,.T.);
#3861=ADVANCED_FACE('',(#2366),#2536,.T.);
#3862=ADVANCED_FACE('',(#2367),#24,.T.);
#3863=ADVANCED_FACE('',(#2368),#2537,.T.);
#3864=ADVANCED_FACE('',(#2369),#25,.T.);
#3865=ADVANCED_FACE('',(#2370),#2538,.T.);
#3866=ADVANCED_FACE('',(#2371),#26,.T.);
#3867=ADVANCED_FACE('',(#2372),#2539,.T.);
#3868=ADVANCED_FACE('',(#2373),#27,.T.);
#3869=ADVANCED_FACE('',(#2374,#2375,#2376,#2377,#2378,#2379),#2540,.T.);
#3870=ADVANCED_FACE('',(#2380),#2541,.T.);
#3871=ADVANCED_FACE('',(#2381),#28,.T.);
#3872=ADVANCED_FACE('',(#2382,#2383),#2542,.T.);
#3873=ADVANCED_FACE('',(#2384),#29,.T.);
#3874=ADVANCED_FACE('',(#2385,#2386),#2543,.T.);
#3875=ADVANCED_FACE('',(#2387),#30,.T.);
#3876=ADVANCED_FACE('',(#2388,#2389),#2544,.T.);
#3877=ADVANCED_FACE('',(#2390),#31,.T.);
#3878=ADVANCED_FACE('',(#2391,#2392,#2393,#2394,#2395,#2396,#2397),#2545,
 .F.);
#3879=ADVANCED_FACE('',(#2398,#2399),#262,.F.);
#3880=ADVANCED_FACE('',(#2400,#2401,#2402),#2546,.T.);
#3881=ADVANCED_FACE('',(#2403),#59,.T.);
#3882=ADVANCED_FACE('',(#2404,#2405),#263,.F.);
#3883=ADVANCED_FACE('',(#2406,#2407,#2408),#2547,.T.);
#3884=ADVANCED_FACE('',(#2409),#60,.T.);
#3885=ADVANCED_FACE('',(#2410,#2411),#264,.F.);
#3886=ADVANCED_FACE('',(#2412,#2413,#2414),#2548,.T.);
#3887=ADVANCED_FACE('',(#2415),#61,.T.);
#3888=ADVANCED_FACE('',(#2416,#2417),#265,.F.);
#3889=ADVANCED_FACE('',(#2418,#2419,#2420),#2549,.T.);
#3890=ADVANCED_FACE('',(#2421),#62,.T.);
#3891=ADVANCED_FACE('',(#2422),#2550,.F.);
#3892=ADVANCED_FACE('',(#2423),#2551,.F.);
#3893=ADVANCED_FACE('',(#2424),#2552,.F.);
#3894=ADVANCED_FACE('',(#2425),#2553,.F.);
#3895=ADVANCED_FACE('',(#2426),#2554,.F.);
#3896=ADVANCED_FACE('',(#2427),#2555,.F.);
#3897=ADVANCED_FACE('',(#2428),#2556,.F.);
#3898=ADVANCED_FACE('',(#2429),#2557,.F.);
#3899=ADVANCED_FACE('',(#2430),#2558,.F.);
#3900=ADVANCED_FACE('',(#2431),#2559,.F.);
#3901=ADVANCED_FACE('',(#2432),#2560,.F.);
#3902=ADVANCED_FACE('',(#2433),#2561,.F.);
#3903=ADVANCED_FACE('',(#2434),#2562,.F.);
#3904=ADVANCED_FACE('',(#2435),#2563,.F.);
#3905=ADVANCED_FACE('',(#2436),#2564,.F.);
#3906=ADVANCED_FACE('',(#2437),#2565,.F.);
#3907=ADVANCED_FACE('',(#2438),#2566,.F.);
#3908=ADVANCED_FACE('',(#2439),#2567,.F.);
#3909=ADVANCED_FACE('',(#2440),#2568,.F.);
#3910=ADVANCED_FACE('',(#2441),#2569,.F.);
#3911=ADVANCED_FACE('',(#2442),#2570,.F.);
#3912=ADVANCED_FACE('',(#2443),#2571,.F.);
#3913=ADVANCED_FACE('',(#2444),#2572,.F.);
#3914=ADVANCED_FACE('',(#2445),#2573,.F.);
#3915=ADVANCED_FACE('',(#2446),#2574,.F.);
#3916=ADVANCED_FACE('',(#2447),#2575,.F.);
#3917=ADVANCED_FACE('',(#2448),#2576,.F.);
#3918=ADVANCED_FACE('',(#2449),#2577,.F.);
#3919=ADVANCED_FACE('',(#2450),#2578,.F.);
#3920=ADVANCED_FACE('',(#2451),#2579,.F.);
#3921=ADVANCED_FACE('',(#2452),#2580,.F.);
#3922=ADVANCED_FACE('',(#2453),#2581,.F.);
#3923=ADVANCED_FACE('',(#2454),#2582,.F.);
#3924=ADVANCED_FACE('',(#2455),#2583,.F.);
#3925=ADVANCED_FACE('',(#2456),#2584,.F.);
#3926=ADVANCED_FACE('',(#2457),#2585,.F.);
#3927=ADVANCED_FACE('',(#2458),#2586,.F.);
#3928=ADVANCED_FACE('',(#2459),#2587,.F.);
#3929=ADVANCED_FACE('',(#2460),#2588,.F.);
#3930=ADVANCED_FACE('',(#2461),#2589,.F.);
#3931=ADVANCED_FACE('',(#2462),#2590,.T.);
#3932=ADVANCED_FACE('',(#2463,#2464),#32,.T.);
#3933=ADVANCED_FACE('',(#2465,#2466),#2591,.T.);
#3934=ADVANCED_FACE('',(#2467,#2468),#266,.F.);
#3935=ADVANCED_FACE('',(#2469,#2470),#267,.F.);
#3936=ADVANCED_FACE('',(#2471,#2472),#2592,.T.);
#3937=ADVANCED_FACE('',(#2473,#2474),#33,.T.);
#3938=ADVANCED_FACE('',(#2475),#2593,.T.);
#3939=ADVANCED_FACE('',(#2476,#2477),#2594,.T.);
#3940=ADVANCED_FACE('',(#2478),#2595,.T.);
#3941=ADVANCED_FACE('',(#2479),#2596,.T.);
#3942=ADVANCED_FACE('',(#2480),#2597,.T.);
#3943=ADVANCED_FACE('',(#2481),#2598,.T.);
#3944=ADVANCED_FACE('',(#2482),#2599,.F.);
#3945=ADVANCED_FACE('',(#2483),#34,.T.);
#3946=ADVANCED_FACE('',(#2484),#35,.T.);
#3947=ADVANCED_FACE('',(#2485),#268,.T.);
#3948=ADVANCED_FACE('',(#2486),#269,.T.);
#3949=ADVANCED_FACE('',(#2487),#2600,.T.);
#3950=ADVANCED_FACE('',(#2488),#2601,.T.);
#3951=ADVANCED_FACE('',(#2489,#2490),#270,.F.);
#3952=ADVANCED_FACE('',(#2491),#2602,.F.);
#3953=ADVANCED_FACE('',(#2492,#2493),#271,.F.);
#3954=ADVANCED_FACE('',(#2494),#2603,.F.);
#3955=ADVANCED_FACE('',(#2495,#2496),#272,.F.);
#3956=ADVANCED_FACE('',(#2497),#2604,.F.);
#3957=ADVANCED_FACE('',(#2498,#2499),#273,.F.);
#3958=ADVANCED_FACE('',(#2500),#2605,.F.);
#3959=ADVANCED_FACE('',(#2501),#2606,.T.);
#3960=ADVANCED_FACE('',(#2502),#274,.F.);
#3961=ADVANCED_FACE('',(#2503),#2607,.T.);
#3962=ADVANCED_FACE('',(#2504),#275,.F.);
#3963=ADVANCED_FACE('',(#2505),#2608,.F.);
#3964=ADVANCED_FACE('',(#2506),#2609,.T.);
#3965=ADVANCED_FACE('',(#2507),#276,.F.);
#3966=ADVANCED_FACE('',(#2508),#2610,.T.);
#3967=ADVANCED_FACE('',(#2509),#277,.F.);
#3968=ADVANCED_FACE('',(#2510),#2611,.F.);
#3969=CLOSED_SHELL('',(#3800,#3801,#3802,#3803,#3804,#3805,#3806,#3807,
#3808,#3809,#3810,#3811,#3812,#3813,#3814,#3815,#3816,#3817,#3818,#3819,
#3820,#3821,#3822,#3823,#3824,#3825,#3826,#3827,#3828,#3829,#3830,#3831,
#3832,#3833,#3834,#3835,#3836,#3837,#3838,#3839,#3840,#3841,#3842,#3843,
#3844,#3845,#3846,#3847,#3848,#3849,#3850,#3851,#3852,#3853,#3854,#3855,
#3856,#3857,#3858,#3859,#3860,#3861,#3862,#3863,#3864,#3865,#3866,#3867,
#3868,#3869,#3870,#3871,#3872,#3873,#3874,#3875,#3876,#3877,#3878,#3879,
#3880,#3881,#3882,#3883,#3884,#3885,#3886,#3887,#3888,#3889,#3890,#3891,
#3892,#3893,#3894,#3895,#3896,#3897,#3898,#3899,#3900,#3901,#3902,#3903,
#3904,#3905,#3906,#3907,#3908,#3909,#3910,#3911,#3912,#3913,#3914,#3915,
#3916,#3917,#3918,#3919,#3920,#3921,#3922,#3923,#3924,#3925,#3926,#3927,
#3928,#3929,#3930,#3931,#3932,#3933,#3934,#3935,#3936,#3937,#3938,#3939,
#3940,#3941,#3942,#3943,#3944,#3945,#3946,#3947,#3948,#3949,#3950,#3951,
#3952,#3953,#3954,#3955,#3956,#3957,#3958,#3959,#3960,#3961,#3962,#3963,
#3964,#3965,#3966,#3967,#3968));
#3970=MANIFOLD_SOLID_BREP('81150-16-204210',#3969);
#3971=SHAPE_DEFINITION_REPRESENTATION(#6147,#3972);
#3972=SHAPE_REPRESENTATION('81150-16-204210',(#3973),#6142);
#3973=AXIS2_PLACEMENT_3D('',#5198,#4317,#4318);
#3974=AXIS2_PLACEMENT_3D('',#5199,#4319,#4320);
#3975=AXIS2_PLACEMENT_3D('',#5208,#4325,#4326);
#3976=AXIS2_PLACEMENT_3D('',#5209,#4327,#4328);
#3977=AXIS2_PLACEMENT_3D('',#5211,#4329,#4330);
#3978=AXIS2_PLACEMENT_3D('',#5214,#4332,#4333);
#3979=AXIS2_PLACEMENT_3D('',#5220,#4337,#4338);
#3980=AXIS2_PLACEMENT_3D('',#5221,#4339,#4340);
#3981=AXIS2_PLACEMENT_3D('',#5223,#4341,#4342);
#3982=AXIS2_PLACEMENT_3D('',#5226,#4344,#4345);
#3983=AXIS2_PLACEMENT_3D('',#5232,#4349,#4350);
#3984=AXIS2_PLACEMENT_3D('',#5233,#4351,#4352);
#3985=AXIS2_PLACEMENT_3D('',#5235,#4353,#4354);
#3986=AXIS2_PLACEMENT_3D('',#5238,#4356,#4357);
#3987=AXIS2_PLACEMENT_3D('',#5244,#4361,#4362);
#3988=AXIS2_PLACEMENT_3D('',#5245,#4363,#4364);
#3989=AXIS2_PLACEMENT_3D('',#5247,#4365,#4366);
#3990=AXIS2_PLACEMENT_3D('',#5250,#4368,#4369);
#3991=AXIS2_PLACEMENT_3D('',#5256,#4373,#4374);
#3992=AXIS2_PLACEMENT_3D('',#5257,#4375,#4376);
#3993=AXIS2_PLACEMENT_3D('',#5259,#4377,#4378);
#3994=AXIS2_PLACEMENT_3D('',#5262,#4380,#4381);
#3995=AXIS2_PLACEMENT_3D('',#5268,#4385,#4386);
#3996=AXIS2_PLACEMENT_3D('',#5269,#4387,#4388);
#3997=AXIS2_PLACEMENT_3D('',#5270,#4389,#4390);
#3998=AXIS2_PLACEMENT_3D('',#5271,#4391,#4392);
#3999=AXIS2_PLACEMENT_3D('',#5272,#4393,#4394);
#4000=AXIS2_PLACEMENT_3D('',#5275,#4395,#4396);
#4001=AXIS2_PLACEMENT_3D('',#5277,#4397,#4398);
#4002=AXIS2_PLACEMENT_3D('',#5279,#4399,#4400);
#4003=AXIS2_PLACEMENT_3D('',#5281,#4401,#4402);
#4004=AXIS2_PLACEMENT_3D('',#5283,#4403,#4404);
#4005=AXIS2_PLACEMENT_3D('',#5284,#4405,#4406);
#4006=AXIS2_PLACEMENT_3D('',#5285,#4407,#4408);
#4007=AXIS2_PLACEMENT_3D('',#5288,#4409,#4410);
#4008=AXIS2_PLACEMENT_3D('',#5290,#4411,#4412);
#4009=AXIS2_PLACEMENT_3D('',#5292,#4413,#4414);
#4010=AXIS2_PLACEMENT_3D('',#5294,#4415,#4416);
#4011=AXIS2_PLACEMENT_3D('',#5296,#4417,#4418);
#4012=AXIS2_PLACEMENT_3D('',#5297,#4419,#4420);
#4013=AXIS2_PLACEMENT_3D('',#5298,#4421,#4422);
#4014=AXIS2_PLACEMENT_3D('',#5301,#4423,#4424);
#4015=AXIS2_PLACEMENT_3D('',#5303,#4425,#4426);
#4016=AXIS2_PLACEMENT_3D('',#5305,#4427,#4428);
#4017=AXIS2_PLACEMENT_3D('',#5307,#4429,#4430);
#4018=AXIS2_PLACEMENT_3D('',#5309,#4431,#4432);
#4019=AXIS2_PLACEMENT_3D('',#5310,#4433,#4434);
#4020=AXIS2_PLACEMENT_3D('',#5311,#4435,#4436);
#4021=AXIS2_PLACEMENT_3D('',#5314,#4437,#4438);
#4022=AXIS2_PLACEMENT_3D('',#5316,#4439,#4440);
#4023=AXIS2_PLACEMENT_3D('',#5318,#4441,#4442);
#4024=AXIS2_PLACEMENT_3D('',#5320,#4443,#4444);
#4025=AXIS2_PLACEMENT_3D('',#5322,#4445,#4446);
#4026=AXIS2_PLACEMENT_3D('',#5323,#4447,#4448);
#4027=AXIS2_PLACEMENT_3D('',#5327,#4450,#4451);
#4028=AXIS2_PLACEMENT_3D('',#5331,#4453,#4454);
#4029=AXIS2_PLACEMENT_3D('',#5332,#4455,#4456);
#4030=AXIS2_PLACEMENT_3D('',#5336,#4458,#4459);
#4031=AXIS2_PLACEMENT_3D('',#5337,#4460,#4461);
#4032=AXIS2_PLACEMENT_3D('',#5338,#4462,#4463);
#4033=AXIS2_PLACEMENT_3D('',#5342,#4465,#4466);
#4034=AXIS2_PLACEMENT_3D('',#5343,#4467,#4468);
#4035=AXIS2_PLACEMENT_3D('',#5344,#4469,#4470);
#4036=AXIS2_PLACEMENT_3D('',#5345,#4471,#4472);
#4037=AXIS2_PLACEMENT_3D('',#5347,#4473,#4474);
#4038=AXIS2_PLACEMENT_3D('',#5350,#4476,#4477);
#4039=AXIS2_PLACEMENT_3D('',#5351,#4478,#4479);
#4040=AXIS2_PLACEMENT_3D('',#5353,#4480,#4481);
#4041=AXIS2_PLACEMENT_3D('',#5356,#4483,#4484);
#4042=AXIS2_PLACEMENT_3D('',#5360,#4486,#4487);
#4043=AXIS2_PLACEMENT_3D('',#5361,#4488,#4489);
#4044=AXIS2_PLACEMENT_3D('',#5362,#4490,#4491);
#4045=AXIS2_PLACEMENT_3D('',#5366,#4493,#4494);
#4046=AXIS2_PLACEMENT_3D('',#5367,#4495,#4496);
#4047=AXIS2_PLACEMENT_3D('',#5368,#4497,#4498);
#4048=AXIS2_PLACEMENT_3D('',#5372,#4500,#4501);
#4049=AXIS2_PLACEMENT_3D('',#5373,#4502,#4503);
#4050=AXIS2_PLACEMENT_3D('',#5374,#4504,#4505);
#4051=AXIS2_PLACEMENT_3D('',#5378,#4507,#4508);
#4052=AXIS2_PLACEMENT_3D('',#5379,#4509,#4510);
#4053=AXIS2_PLACEMENT_3D('',#5380,#4511,#4512);
#4054=AXIS2_PLACEMENT_3D('',#5384,#4514,#4515);
#4055=AXIS2_PLACEMENT_3D('',#5385,#4516,#4517);
#4056=AXIS2_PLACEMENT_3D('',#5386,#4518,#4519);
#4057=AXIS2_PLACEMENT_3D('',#5390,#4521,#4522);
#4058=AXIS2_PLACEMENT_3D('',#5391,#4523,#4524);
#4059=AXIS2_PLACEMENT_3D('',#5392,#4525,#4526);
#4060=AXIS2_PLACEMENT_3D('',#5393,#4527,#4528);
#4061=AXIS2_PLACEMENT_3D('',#5394,#4529,#4530);
#4062=AXIS2_PLACEMENT_3D('',#5395,#4531,#4532);
#4063=AXIS2_PLACEMENT_3D('',#5396,#4533,#4534);
#4064=AXIS2_PLACEMENT_3D('',#5398,#4535,#4536);
#4065=AXIS2_PLACEMENT_3D('',#5414,#4537,#4538);
#4066=AXIS2_PLACEMENT_3D('',#5430,#4539,#4540);
#4067=AXIS2_PLACEMENT_3D('',#5450,#4541,#4542);
#4068=AXIS2_PLACEMENT_3D('',#5466,#4543,#4544);
#4069=AXIS2_PLACEMENT_3D('',#5482,#4545,#4546);
#4070=AXIS2_PLACEMENT_3D('',#5502,#4547,#4548);
#4071=AXIS2_PLACEMENT_3D('',#5518,#4549,#4550);
#4072=AXIS2_PLACEMENT_3D('',#5534,#4551,#4552);
#4073=AXIS2_PLACEMENT_3D('',#5554,#4553,#4554);
#4074=AXIS2_PLACEMENT_3D('',#5555,#4555,#4556);
#4075=AXIS2_PLACEMENT_3D('',#5556,#4557,#4558);
#4076=AXIS2_PLACEMENT_3D('',#5562,#4561,#4562);
#4077=AXIS2_PLACEMENT_3D('',#5567,#4565,#4566);
#4078=AXIS2_PLACEMENT_3D('',#5572,#4569,#4570);
#4079=AXIS2_PLACEMENT_3D('',#5577,#4573,#4574);
#4080=AXIS2_PLACEMENT_3D('',#5582,#4577,#4578);
#4081=AXIS2_PLACEMENT_3D('',#5587,#4581,#4582);
#4082=AXIS2_PLACEMENT_3D('',#5592,#4585,#4586);
#4083=AXIS2_PLACEMENT_3D('',#5597,#4589,#4590);
#4084=AXIS2_PLACEMENT_3D('',#5601,#4593,#4594);
#4085=AXIS2_PLACEMENT_3D('',#5603,#4595,#4596);
#4086=AXIS2_PLACEMENT_3D('',#5604,#4597,#4598);
#4087=AXIS2_PLACEMENT_3D('',#5606,#4599,#4600);
#4088=AXIS2_PLACEMENT_3D('',#5607,#4601,#4602);
#4089=AXIS2_PLACEMENT_3D('',#5609,#4603,#4604);
#4090=AXIS2_PLACEMENT_3D('',#5610,#4605,#4606);
#4091=AXIS2_PLACEMENT_3D('',#5612,#4607,#4608);
#4092=AXIS2_PLACEMENT_3D('',#5613,#4609,#4610);
#4093=AXIS2_PLACEMENT_3D('',#5615,#4611,#4612);
#4094=AXIS2_PLACEMENT_3D('',#5616,#4613,#4614);
#4095=AXIS2_PLACEMENT_3D('',#5618,#4615,#4616);
#4096=AXIS2_PLACEMENT_3D('',#5619,#4617,#4618);
#4097=AXIS2_PLACEMENT_3D('',#5621,#4619,#4620);
#4098=AXIS2_PLACEMENT_3D('',#5622,#4621,#4622);
#4099=AXIS2_PLACEMENT_3D('',#5624,#4623,#4624);
#4100=AXIS2_PLACEMENT_3D('',#5625,#4625,#4626);
#4101=AXIS2_PLACEMENT_3D('',#5627,#4627,#4628);
#4102=AXIS2_PLACEMENT_3D('',#5628,#4629,#4630);
#4103=AXIS2_PLACEMENT_3D('',#5630,#4631,#4632);
#4104=AXIS2_PLACEMENT_3D('',#5631,#4633,#4634);
#4105=AXIS2_PLACEMENT_3D('',#5633,#4636,#4637);
#4106=AXIS2_PLACEMENT_3D('',#5634,#4638,#4639);
#4107=AXIS2_PLACEMENT_3D('',#5635,#4640,#4641);
#4108=AXIS2_PLACEMENT_3D('',#5636,#4642,#4643);
#4109=AXIS2_PLACEMENT_3D('',#5637,#4644,#4645);
#4110=AXIS2_PLACEMENT_3D('',#5638,#4646,#4647);
#4111=AXIS2_PLACEMENT_3D('',#5639,#4648,#4649);
#4112=AXIS2_PLACEMENT_3D('',#5640,#4650,#4651);
#4113=AXIS2_PLACEMENT_3D('',#5641,#4652,#4653);
#4114=AXIS2_PLACEMENT_3D('',#5643,#4654,#4655);
#4115=AXIS2_PLACEMENT_3D('',#5644,#4656,#4657);
#4116=AXIS2_PLACEMENT_3D('',#5646,#4659,#4660);
#4117=AXIS2_PLACEMENT_3D('',#5647,#4661,#4662);
#4118=AXIS2_PLACEMENT_3D('',#5648,#4663,#4664);
#4119=AXIS2_PLACEMENT_3D('',#5649,#4665,#4666);
#4120=AXIS2_PLACEMENT_3D('',#5650,#4667,#4668);
#4121=AXIS2_PLACEMENT_3D('',#5651,#4669,#4670);
#4122=AXIS2_PLACEMENT_3D('',#5652,#4671,#4672);
#4123=AXIS2_PLACEMENT_3D('',#5653,#4673,#4674);
#4124=AXIS2_PLACEMENT_3D('',#5654,#4675,#4676);
#4125=AXIS2_PLACEMENT_3D('',#5656,#4677,#4678);
#4126=AXIS2_PLACEMENT_3D('',#5657,#4679,#4680);
#4127=AXIS2_PLACEMENT_3D('',#5659,#4682,#4683);
#4128=AXIS2_PLACEMENT_3D('',#5660,#4684,#4685);
#4129=AXIS2_PLACEMENT_3D('',#5661,#4686,#4687);
#4130=AXIS2_PLACEMENT_3D('',#5662,#4688,#4689);
#4131=AXIS2_PLACEMENT_3D('',#5663,#4690,#4691);
#4132=AXIS2_PLACEMENT_3D('',#5664,#4692,#4693);
#4133=AXIS2_PLACEMENT_3D('',#5665,#4694,#4695);
#4134=AXIS2_PLACEMENT_3D('',#5666,#4696,#4697);
#4135=AXIS2_PLACEMENT_3D('',#5667,#4698,#4699);
#4136=AXIS2_PLACEMENT_3D('',#5676,#4704,#4705);
#4137=AXIS2_PLACEMENT_3D('',#5677,#4706,#4707);
#4138=AXIS2_PLACEMENT_3D('',#5681,#4709,#4710);
#4139=AXIS2_PLACEMENT_3D('',#5682,#4711,#4712);
#4140=AXIS2_PLACEMENT_3D('',#5688,#4716,#4717);
#4141=AXIS2_PLACEMENT_3D('',#5689,#4718,#4719);
#4142=AXIS2_PLACEMENT_3D('',#5693,#4721,#4722);
#4143=AXIS2_PLACEMENT_3D('',#5694,#4723,#4724);
#4144=AXIS2_PLACEMENT_3D('',#5700,#4728,#4729);
#4145=AXIS2_PLACEMENT_3D('',#5701,#4730,#4731);
#4146=AXIS2_PLACEMENT_3D('',#5705,#4733,#4734);
#4147=AXIS2_PLACEMENT_3D('',#5706,#4735,#4736);
#4148=AXIS2_PLACEMENT_3D('',#5712,#4740,#4741);
#4149=AXIS2_PLACEMENT_3D('',#5713,#4742,#4743);
#4150=AXIS2_PLACEMENT_3D('',#5714,#4744,#4745);
#4151=AXIS2_PLACEMENT_3D('',#5715,#4746,#4747);
#4152=AXIS2_PLACEMENT_3D('',#5716,#4748,#4749);
#4153=AXIS2_PLACEMENT_3D('',#5718,#4750,#4751);
#4154=AXIS2_PLACEMENT_3D('',#5720,#4752,#4753);
#4155=AXIS2_PLACEMENT_3D('',#5722,#4754,#4755);
#4156=AXIS2_PLACEMENT_3D('',#5724,#4756,#4757);
#4157=AXIS2_PLACEMENT_3D('',#5730,#4761,#4762);
#4158=AXIS2_PLACEMENT_3D('',#5731,#4763,#4764);
#4159=AXIS2_PLACEMENT_3D('',#5734,#4766,#4767);
#4160=AXIS2_PLACEMENT_3D('',#5735,#4768,#4769);
#4161=AXIS2_PLACEMENT_3D('',#5740,#4772,#4773);
#4162=AXIS2_PLACEMENT_3D('',#5741,#4774,#4775);
#4163=AXIS2_PLACEMENT_3D('',#5744,#4777,#4778);
#4164=AXIS2_PLACEMENT_3D('',#5748,#4781,#4782);
#4165=AXIS2_PLACEMENT_3D('',#5749,#4783,#4784);
#4166=AXIS2_PLACEMENT_3D('',#5752,#4786,#4787);
#4167=AXIS2_PLACEMENT_3D('',#5753,#4788,#4789);
#4168=AXIS2_PLACEMENT_3D('',#5758,#4792,#4793);
#4169=AXIS2_PLACEMENT_3D('',#5759,#4794,#4795);
#4170=AXIS2_PLACEMENT_3D('',#5760,#4796,#4797);
#4171=AXIS2_PLACEMENT_3D('',#5764,#4799,#4800);
#4172=AXIS2_PLACEMENT_3D('',#5768,#4802,#4803);
#4173=AXIS2_PLACEMENT_3D('',#5772,#4805,#4806);
#4174=AXIS2_PLACEMENT_3D('',#5776,#4808,#4809);
#4175=AXIS2_PLACEMENT_3D('',#5777,#4810,#4811);
#4176=AXIS2_PLACEMENT_3D('',#5779,#4812,#4813);
#4177=AXIS2_PLACEMENT_3D('',#5781,#4814,#4815);
#4178=AXIS2_PLACEMENT_3D('',#5783,#4816,#4817);
#4179=AXIS2_PLACEMENT_3D('',#5785,#4818,#4819);
#4180=AXIS2_PLACEMENT_3D('',#5786,#4820,#4821);
#4181=AXIS2_PLACEMENT_3D('',#5788,#4822,#4823);
#4182=AXIS2_PLACEMENT_3D('',#5801,#4830,#4831);
#4183=AXIS2_PLACEMENT_3D('',#5810,#4836,#4837);
#4184=AXIS2_PLACEMENT_3D('',#5811,#4838,#4839);
#4185=AXIS2_PLACEMENT_3D('',#5813,#4840,#4841);
#4186=AXIS2_PLACEMENT_3D('',#5815,#4842,#4843);
#4187=AXIS2_PLACEMENT_3D('',#5817,#4844,#4845);
#4188=AXIS2_PLACEMENT_3D('',#5819,#4846,#4847);
#4189=AXIS2_PLACEMENT_3D('',#5820,#4848,#4849);
#4190=AXIS2_PLACEMENT_3D('',#5821,#4850,#4851);
#4191=AXIS2_PLACEMENT_3D('',#5823,#4852,#4853);
#4192=AXIS2_PLACEMENT_3D('',#5836,#4860,#4861);
#4193=AXIS2_PLACEMENT_3D('',#5845,#4866,#4867);
#4194=AXIS2_PLACEMENT_3D('',#5846,#4868,#4869);
#4195=AXIS2_PLACEMENT_3D('',#5848,#4870,#4871);
#4196=AXIS2_PLACEMENT_3D('',#5850,#4872,#4873);
#4197=AXIS2_PLACEMENT_3D('',#5852,#4874,#4875);
#4198=AXIS2_PLACEMENT_3D('',#5854,#4876,#4877);
#4199=AXIS2_PLACEMENT_3D('',#5855,#4878,#4879);
#4200=AXIS2_PLACEMENT_3D('',#5856,#4880,#4881);
#4201=AXIS2_PLACEMENT_3D('',#5858,#4882,#4883);
#4202=AXIS2_PLACEMENT_3D('',#5871,#4890,#4891);
#4203=AXIS2_PLACEMENT_3D('',#5880,#4896,#4897);
#4204=AXIS2_PLACEMENT_3D('',#5881,#4898,#4899);
#4205=AXIS2_PLACEMENT_3D('',#5883,#4900,#4901);
#4206=AXIS2_PLACEMENT_3D('',#5885,#4902,#4903);
#4207=AXIS2_PLACEMENT_3D('',#5887,#4904,#4905);
#4208=AXIS2_PLACEMENT_3D('',#5889,#4906,#4907);
#4209=AXIS2_PLACEMENT_3D('',#5890,#4908,#4909);
#4210=AXIS2_PLACEMENT_3D('',#5891,#4910,#4911);
#4211=AXIS2_PLACEMENT_3D('',#5893,#4912,#4913);
#4212=AXIS2_PLACEMENT_3D('',#5906,#4920,#4921);
#4213=AXIS2_PLACEMENT_3D('',#5915,#4926,#4927);
#4214=AXIS2_PLACEMENT_3D('',#5916,#4928,#4929);
#4215=AXIS2_PLACEMENT_3D('',#5918,#4930,#4931);
#4216=AXIS2_PLACEMENT_3D('',#5920,#4932,#4933);
#4217=AXIS2_PLACEMENT_3D('',#5922,#4934,#4935);
#4218=AXIS2_PLACEMENT_3D('',#5924,#4936,#4937);
#4219=AXIS2_PLACEMENT_3D('',#5925,#4938,#4939);
#4220=AXIS2_PLACEMENT_3D('',#5928,#4942,#4943);
#4221=AXIS2_PLACEMENT_3D('',#5930,#4945,#4946);
#4222=AXIS2_PLACEMENT_3D('',#5931,#4947,#4948);
#4223=AXIS2_PLACEMENT_3D('',#5933,#4950,#4951);
#4224=AXIS2_PLACEMENT_3D('',#5935,#4953,#4954);
#4225=AXIS2_PLACEMENT_3D('',#5937,#4956,#4957);
#4226=AXIS2_PLACEMENT_3D('',#5939,#4959,#4960);
#4227=AXIS2_PLACEMENT_3D('',#5940,#4961,#4962);
#4228=AXIS2_PLACEMENT_3D('',#5942,#4964,#4965);
#4229=AXIS2_PLACEMENT_3D('',#5943,#4966,#4967);
#4230=AXIS2_PLACEMENT_3D('',#5946,#4970,#4971);
#4231=AXIS2_PLACEMENT_3D('',#5948,#4973,#4974);
#4232=AXIS2_PLACEMENT_3D('',#5949,#4975,#4976);
#4233=AXIS2_PLACEMENT_3D('',#5951,#4978,#4979);
#4234=AXIS2_PLACEMENT_3D('',#5953,#4981,#4982);
#4235=AXIS2_PLACEMENT_3D('',#5955,#4984,#4985);
#4236=AXIS2_PLACEMENT_3D('',#5957,#4987,#4988);
#4237=AXIS2_PLACEMENT_3D('',#5958,#4989,#4990);
#4238=AXIS2_PLACEMENT_3D('',#5960,#4992,#4993);
#4239=AXIS2_PLACEMENT_3D('',#5961,#4994,#4995);
#4240=AXIS2_PLACEMENT_3D('',#5964,#4998,#4999);
#4241=AXIS2_PLACEMENT_3D('',#5966,#5001,#5002);
#4242=AXIS2_PLACEMENT_3D('',#5967,#5003,#5004);
#4243=AXIS2_PLACEMENT_3D('',#5969,#5006,#5007);
#4244=AXIS2_PLACEMENT_3D('',#5971,#5009,#5010);
#4245=AXIS2_PLACEMENT_3D('',#5973,#5012,#5013);
#4246=AXIS2_PLACEMENT_3D('',#5975,#5015,#5016);
#4247=AXIS2_PLACEMENT_3D('',#5976,#5017,#5018);
#4248=AXIS2_PLACEMENT_3D('',#5978,#5020,#5021);
#4249=AXIS2_PLACEMENT_3D('',#5979,#5022,#5023);
#4250=AXIS2_PLACEMENT_3D('',#5982,#5026,#5027);
#4251=AXIS2_PLACEMENT_3D('',#5984,#5029,#5030);
#4252=AXIS2_PLACEMENT_3D('',#5985,#5031,#5032);
#4253=AXIS2_PLACEMENT_3D('',#5987,#5034,#5035);
#4254=AXIS2_PLACEMENT_3D('',#5989,#5037,#5038);
#4255=AXIS2_PLACEMENT_3D('',#5991,#5040,#5041);
#4256=AXIS2_PLACEMENT_3D('',#5993,#5043,#5044);
#4257=AXIS2_PLACEMENT_3D('',#5994,#5045,#5046);
#4258=AXIS2_PLACEMENT_3D('',#5996,#5048,#5049);
#4259=AXIS2_PLACEMENT_3D('',#5997,#5050,#5051);
#4260=AXIS2_PLACEMENT_3D('',#5998,#5052,#5053);
#4261=AXIS2_PLACEMENT_3D('',#6000,#5054,#5055);
#4262=AXIS2_PLACEMENT_3D('',#6001,#5056,#5057);
#4263=AXIS2_PLACEMENT_3D('',#6003,#5058,#5059);
#4264=AXIS2_PLACEMENT_3D('',#6004,#5060,#5061);
#4265=AXIS2_PLACEMENT_3D('',#6006,#5062,#5063);
#4266=AXIS2_PLACEMENT_3D('',#6007,#5064,#5065);
#4267=AXIS2_PLACEMENT_3D('',#6008,#5066,#5067);
#4268=AXIS2_PLACEMENT_3D('',#6010,#5068,#5069);
#4269=AXIS2_PLACEMENT_3D('',#6011,#5070,#5071);
#4270=AXIS2_PLACEMENT_3D('',#6013,#5072,#5073);
#4271=AXIS2_PLACEMENT_3D('',#6014,#5074,#5075);
#4272=AXIS2_PLACEMENT_3D('',#6016,#5076,#5077);
#4273=AXIS2_PLACEMENT_3D('',#6017,#5078,#5079);
#4274=AXIS2_PLACEMENT_3D('',#6026,#5084,#5085);
#4275=AXIS2_PLACEMENT_3D('',#6032,#5089,#5090);
#4276=AXIS2_PLACEMENT_3D('',#6054,#5097,#5098);
#4277=AXIS2_PLACEMENT_3D('',#6058,#5101,#5102);
#4278=AXIS2_PLACEMENT_3D('',#6078,#5108,#5109);
#4279=AXIS2_PLACEMENT_3D('',#6079,#5110,#5111);
#4280=AXIS2_PLACEMENT_3D('',#6080,#5112,#5113);
#4281=AXIS2_PLACEMENT_3D('',#6081,#5114,#5115);
#4282=AXIS2_PLACEMENT_3D('',#6082,#5116,#5117);
#4283=AXIS2_PLACEMENT_3D('',#6083,#5118,#5119);
#4284=AXIS2_PLACEMENT_3D('',#6084,#5120,#5121);
#4285=AXIS2_PLACEMENT_3D('',#6085,#5122,#5123);
#4286=AXIS2_PLACEMENT_3D('',#6086,#5124,#5125);
#4287=AXIS2_PLACEMENT_3D('',#6087,#5126,#5127);
#4288=AXIS2_PLACEMENT_3D('',#6088,#5128,#5129);
#4289=AXIS2_PLACEMENT_3D('',#6089,#5130,#5131);
#4290=AXIS2_PLACEMENT_3D('',#6090,#5132,#5133);
#4291=AXIS2_PLACEMENT_3D('',#6091,#5134,#5135);
#4292=AXIS2_PLACEMENT_3D('',#6092,#5136,#5137);
#4293=AXIS2_PLACEMENT_3D('',#6094,#5138,#5139);
#4294=AXIS2_PLACEMENT_3D('',#6095,#5140,#5141);
#4295=AXIS2_PLACEMENT_3D('',#6096,#5142,#5143);
#4296=AXIS2_PLACEMENT_3D('',#6098,#5144,#5145);
#4297=AXIS2_PLACEMENT_3D('',#6099,#5146,#5147);
#4298=AXIS2_PLACEMENT_3D('',#6100,#5148,#5149);
#4299=AXIS2_PLACEMENT_3D('',#6102,#5150,#5151);
#4300=AXIS2_PLACEMENT_3D('',#6103,#5152,#5153);
#4301=AXIS2_PLACEMENT_3D('',#6104,#5154,#5155);
#4302=AXIS2_PLACEMENT_3D('',#6106,#5156,#5157);
#4303=AXIS2_PLACEMENT_3D('',#6107,#5158,#5159);
#4304=AXIS2_PLACEMENT_3D('',#6113,#5163,#5164);
#4305=AXIS2_PLACEMENT_3D('',#6114,#5165,#5166);
#4306=AXIS2_PLACEMENT_3D('',#6117,#5168,#5169);
#4307=AXIS2_PLACEMENT_3D('',#6121,#5172,#5173);
#4308=AXIS2_PLACEMENT_3D('',#6122,#5174,#5175);
#4309=AXIS2_PLACEMENT_3D('',#6123,#5176,#5177);
#4310=AXIS2_PLACEMENT_3D('',#6124,#5178,#5179);
#4311=AXIS2_PLACEMENT_3D('',#6130,#5183,#5184);
#4312=AXIS2_PLACEMENT_3D('',#6131,#5185,#5186);
#4313=AXIS2_PLACEMENT_3D('',#6134,#5188,#5189);
#4314=AXIS2_PLACEMENT_3D('',#6138,#5192,#5193);
#4315=AXIS2_PLACEMENT_3D('',#6139,#5194,#5195);
#4316=AXIS2_PLACEMENT_3D('',#6140,#5196,#5197);
#4317=DIRECTION('',(0.,0.,1.));
#4318=DIRECTION('',(1.,0.,0.));
#4319=DIRECTION('',(-0.0151142273318585,-0.865893503920754,0.5));
#4320=DIRECTION('',(0.,-0.500057119753468,-0.865992423167701));
#4321=DIRECTION('',(0.00872620321864202,0.499923847578196,0.866025403784439));
#4322=DIRECTION('',(-0.999847695156391,0.0174524064372835,0.));
#4323=DIRECTION('',(0.00872620321864159,0.499923847578196,0.866025403784439));
#4324=DIRECTION('',(-0.999847695156391,0.0174524064372835,0.));
#4325=DIRECTION('',(-0.999847695156391,0.0174524064372835,0.));
#4326=DIRECTION('',(-0.0174524064372835,-0.999847695156391,0.));
#4327=DIRECTION('',(0.999847695156391,-0.017452406437284,0.));
#4328=DIRECTION('',(0.017452406437284,0.999847695156391,0.));
#4329=DIRECTION('',(0.999847695156391,-0.0174524064372834,0.));
#4330=DIRECTION('',(-0.0174524064372834,-0.999847695156391,0.));
#4331=DIRECTION('',(-0.999847695156391,0.0174524064372835,0.));
#4332=DIRECTION('',(-0.0151142273318585,-0.865893503920754,-0.5));
#4333=DIRECTION('',(0.,0.500057119753468,-0.865992423167701));
#4334=DIRECTION('',(-0.00872620321864202,-0.499923847578196,0.866025403784439));
#4335=DIRECTION('',(-0.00872620321864159,-0.499923847578196,0.866025403784439));
#4336=DIRECTION('',(-0.999847695156391,0.0174524064372835,0.));
#4337=DIRECTION('',(-0.999847695156391,0.0174524064372835,0.));
#4338=DIRECTION('',(-0.0174524064372835,-0.999847695156391,0.));
#4339=DIRECTION('',(0.999847695156391,-0.017452406437284,0.));
#4340=DIRECTION('',(0.017452406437284,0.999847695156391,0.));
#4341=DIRECTION('',(0.999847695156391,-0.0174524064372834,0.));
#4342=DIRECTION('',(-0.0174524064372834,-0.999847695156391,0.));
#4343=DIRECTION('',(-0.999847695156391,0.0174524064372835,0.));
#4344=DIRECTION('',(0.,0.,-1.));
#4345=DIRECTION('',(-1.,0.,0.));
#4346=DIRECTION('',(-0.017452406437284,-0.999847695156391,0.));
#4347=DIRECTION('',(-0.0174524064372849,-0.999847695156391,0.));
#4348=DIRECTION('',(-0.999847695156391,0.0174524064372835,0.));
#4349=DIRECTION('',(-0.999847695156391,0.0174524064372835,0.));
#4350=DIRECTION('',(-0.0174524064372835,-0.999847695156391,0.));
#4351=DIRECTION('',(0.999847695156391,-0.017452406437284,0.));
#4352=DIRECTION('',(0.017452406437284,0.999847695156391,0.));
#4353=DIRECTION('',(0.999847695156391,-0.0174524064372834,0.));
#4354=DIRECTION('',(-0.0174524064372834,-0.999847695156391,0.));
#4355=DIRECTION('',(-0.999847695156391,0.0174524064372835,0.));
#4356=DIRECTION('',(0.0151142273318585,0.865893503920754,-0.5));
#4357=DIRECTION('',(0.,0.500057119753468,0.865992423167701));
#4358=DIRECTION('',(-0.00872620321864202,-0.499923847578196,-0.866025403784439));
#4359=DIRECTION('',(-0.00872620321864159,-0.499923847578196,-0.866025403784439));
#4360=DIRECTION('',(-0.999847695156391,0.0174524064372835,0.));
#4361=DIRECTION('',(-0.999847695156391,0.0174524064372835,0.));
#4362=DIRECTION('',(-0.0174524064372835,-0.999847695156391,0.));
#4363=DIRECTION('',(0.999847695156391,-0.017452406437284,0.));
#4364=DIRECTION('',(0.017452406437284,0.999847695156391,0.));
#4365=DIRECTION('',(0.999847695156391,-0.0174524064372834,0.));
#4366=DIRECTION('',(-0.0174524064372834,-0.999847695156391,0.));
#4367=DIRECTION('',(-0.999847695156391,0.0174524064372835,0.));
#4368=DIRECTION('',(0.0151142273318585,0.865893503920754,0.5));
#4369=DIRECTION('',(0.,-0.500057119753468,0.865992423167701));
#4370=DIRECTION('',(0.00872620321864202,0.499923847578196,-0.866025403784439));
#4371=DIRECTION('',(0.00872620321864158,0.499923847578196,-0.866025403784439));
#4372=DIRECTION('',(-0.999847695156391,0.0174524064372835,0.));
#4373=DIRECTION('',(-0.999847695156391,0.0174524064372835,0.));
#4374=DIRECTION('',(-0.0174524064372835,-0.999847695156391,0.));
#4375=DIRECTION('',(0.999847695156391,-0.017452406437284,0.));
#4376=DIRECTION('',(0.017452406437284,0.999847695156391,0.));
#4377=DIRECTION('',(0.999847695156391,-0.0174524064372834,0.));
#4378=DIRECTION('',(-0.0174524064372834,-0.999847695156391,0.));
#4379=DIRECTION('',(-0.999847695156391,0.0174524064372835,0.));
#4380=DIRECTION('',(0.,0.,1.));
#4381=DIRECTION('',(1.,0.,0.));
#4382=DIRECTION('',(0.017452406437284,0.999847695156391,0.));
#4383=DIRECTION('',(0.0174524064372849,0.999847695156391,0.));
#4384=DIRECTION('',(-0.999847695156391,0.0174524064372835,0.));
#4385=DIRECTION('',(-0.999847695156391,0.0174524064372835,0.));
#4386=DIRECTION('',(-0.0174524064372835,-0.999847695156391,0.));
#4387=DIRECTION('',(0.999847695156391,-0.017452406437284,0.));
#4388=DIRECTION('',(0.017452406437284,0.999847695156391,0.));
#4389=DIRECTION('',(0.999847695156391,-0.0174524064372834,0.));
#4390=DIRECTION('',(-0.0174524064372834,-0.999847695156391,0.));
#4391=DIRECTION('',(0.,-1.,0.));
#4392=DIRECTION('',(1.,0.,0.));
#4393=DIRECTION('',(1.,0.,0.));
#4394=DIRECTION('',(0.,0.,-1.));
#4395=DIRECTION('',(0.,-1.,0.));
#4396=DIRECTION('',(0.,0.,-1.));
#4397=DIRECTION('',(1.,0.,0.));
#4398=DIRECTION('',(0.,0.,-1.));
#4399=DIRECTION('',(0.,0.,-1.));
#4400=DIRECTION('',(-1.,0.,0.));
#4401=DIRECTION('',(1.,0.,0.));
#4402=DIRECTION('',(0.,0.,-1.));
#4403=DIRECTION('',(0.,0.,1.));
#4404=DIRECTION('',(1.,0.,0.));
#4405=DIRECTION('',(0.,-1.,0.));
#4406=DIRECTION('',(1.,0.,0.));
#4407=DIRECTION('',(1.,0.,0.));
#4408=DIRECTION('',(0.,0.,-1.));
#4409=DIRECTION('',(0.,-1.,0.));
#4410=DIRECTION('',(0.,0.,-1.));
#4411=DIRECTION('',(1.,0.,0.));
#4412=DIRECTION('',(0.,0.,-1.));
#4413=DIRECTION('',(0.,0.,-1.));
#4414=DIRECTION('',(-1.,0.,0.));
#4415=DIRECTION('',(1.,0.,0.));
#4416=DIRECTION('',(0.,0.,-1.));
#4417=DIRECTION('',(0.,0.,1.));
#4418=DIRECTION('',(1.,0.,0.));
#4419=DIRECTION('',(0.,-1.,0.));
#4420=DIRECTION('',(1.,0.,0.));
#4421=DIRECTION('',(1.,0.,0.));
#4422=DIRECTION('',(0.,0.,-1.));
#4423=DIRECTION('',(0.,-1.,0.));
#4424=DIRECTION('',(0.,0.,-1.));
#4425=DIRECTION('',(1.,0.,0.));
#4426=DIRECTION('',(0.,0.,-1.));
#4427=DIRECTION('',(0.,0.,-1.));
#4428=DIRECTION('',(-1.,0.,0.));
#4429=DIRECTION('',(1.,0.,0.));
#4430=DIRECTION('',(0.,0.,-1.));
#4431=DIRECTION('',(0.,0.,1.));
#4432=DIRECTION('',(1.,0.,0.));
#4433=DIRECTION('',(0.,-1.,0.));
#4434=DIRECTION('',(1.,0.,0.));
#4435=DIRECTION('',(1.,0.,0.));
#4436=DIRECTION('',(0.,0.,-1.));
#4437=DIRECTION('',(0.,-1.,0.));
#4438=DIRECTION('',(0.,0.,-1.));
#4439=DIRECTION('',(1.,0.,0.));
#4440=DIRECTION('',(0.,0.,-1.));
#4441=DIRECTION('',(0.,0.,-1.));
#4442=DIRECTION('',(-1.,0.,0.));
#4443=DIRECTION('',(1.,0.,0.));
#4444=DIRECTION('',(0.,0.,-1.));
#4445=DIRECTION('',(0.,0.,1.));
#4446=DIRECTION('',(1.,0.,0.));
#4447=DIRECTION('',(-0.832050294337844,0.,-0.554700196225229));
#4448=DIRECTION('',(-0.554700196225229,0.,0.832050294337844));
#4449=DIRECTION('',(0.,1.,0.));
#4450=DIRECTION('',(-0.832050294337844,0.,-0.554700196225229));
#4451=DIRECTION('',(-0.554700196225229,0.,0.832050294337844));
#4452=DIRECTION('',(0.,1.,0.));
#4453=DIRECTION('',(-0.832050294337844,0.,-0.554700196225229));
#4454=DIRECTION('',(-0.554700196225229,0.,0.832050294337844));
#4455=DIRECTION('',(0.168963815110846,0.,0.985622254813267));
#4456=DIRECTION('',(0.985622254813267,0.,-0.168963815110846));
#4457=DIRECTION('',(0.,1.,0.));
#4458=DIRECTION('',(0.168963815110846,0.,0.985622254813267));
#4459=DIRECTION('',(0.985622254813267,0.,-0.168963815110846));
#4460=DIRECTION('',(0.168963815110846,0.,0.985622254813267));
#4461=DIRECTION('',(0.985622254813267,0.,-0.168963815110846));
#4462=DIRECTION('',(0.9010016697591,0.,-0.433815618772901));
#4463=DIRECTION('',(-0.4338156187729,0.,-0.901001669759099));
#4464=DIRECTION('',(0.,1.,0.));
#4465=DIRECTION('',(0.9010016697591,0.,-0.433815618772901));
#4466=DIRECTION('',(-0.4338156187729,0.,-0.901001669759099));
#4467=DIRECTION('',(0.9010016697591,0.,-0.433815618772901));
#4468=DIRECTION('',(-0.4338156187729,0.,-0.901001669759099));
#4469=DIRECTION('',(0.,1.,0.));
#4470=DIRECTION('',(0.,0.,1.));
#4471=DIRECTION('',(0.,-1.,0.));
#4472=DIRECTION('',(0.,0.,-1.));
#4473=DIRECTION('',(0.,-1.,0.));
#4474=DIRECTION('',(0.,0.,-1.));
#4475=DIRECTION('',(0.,1.,0.));
#4476=DIRECTION('',(0.,1.,0.));
#4477=DIRECTION('',(0.,0.,1.));
#4478=DIRECTION('',(0.,-1.,0.));
#4479=DIRECTION('',(0.,0.,-1.));
#4480=DIRECTION('',(0.,-1.,0.));
#4481=DIRECTION('',(0.,0.,-1.));
#4482=DIRECTION('',(0.,1.,0.));
#4483=DIRECTION('',(-0.901001669759097,0.,-0.433815618772905));
#4484=DIRECTION('',(-0.433815618772905,0.,0.901001669759097));
#4485=DIRECTION('',(0.,1.,0.));
#4486=DIRECTION('',(-0.901001669759097,0.,-0.433815618772905));
#4487=DIRECTION('',(-0.433815618772905,0.,0.901001669759097));
#4488=DIRECTION('',(-0.901001669759097,0.,-0.433815618772905));
#4489=DIRECTION('',(-0.433815618772905,0.,0.901001669759097));
#4490=DIRECTION('',(-0.168963815110846,0.,0.985622254813267));
#4491=DIRECTION('',(0.985622254813267,0.,0.168963815110846));
#4492=DIRECTION('',(0.,1.,0.));
#4493=DIRECTION('',(-0.168963815110846,0.,0.985622254813267));
#4494=DIRECTION('',(0.985622254813267,0.,0.168963815110846));
#4495=DIRECTION('',(-0.168963815110846,0.,0.985622254813267));
#4496=DIRECTION('',(0.985622254813267,0.,0.168963815110846));
#4497=DIRECTION('',(0.832050294337843,0.,-0.554700196225229));
#4498=DIRECTION('',(-0.554700196225229,0.,-0.832050294337843));
#4499=DIRECTION('',(0.,1.,0.));
#4500=DIRECTION('',(0.832050294337843,0.,-0.554700196225229));
#4501=DIRECTION('',(-0.554700196225229,0.,-0.832050294337843));
#4502=DIRECTION('',(0.832050294337843,0.,-0.554700196225229));
#4503=DIRECTION('',(-0.554700196225229,0.,-0.832050294337843));
#4504=DIRECTION('',(-0.901001669759099,0.,-0.433815618772901));
#4505=DIRECTION('',(-0.433815618772901,0.,0.901001669759099));
#4506=DIRECTION('',(0.,1.,0.));
#4507=DIRECTION('',(-0.901001669759099,0.,-0.433815618772901));
#4508=DIRECTION('',(-0.433815618772901,0.,0.901001669759099));
#4509=DIRECTION('',(-0.901001669759099,0.,-0.433815618772901));
#4510=DIRECTION('',(-0.433815618772901,0.,0.901001669759099));
#4511=DIRECTION('',(0.,1.,0.));
#4512=DIRECTION('',(0.,0.,1.));
#4513=DIRECTION('',(0.,1.,0.));
#4514=DIRECTION('',(0.,-1.,0.));
#4515=DIRECTION('',(0.,0.,-1.));
#4516=DIRECTION('',(0.,-1.,0.));
#4517=DIRECTION('',(0.,0.,-1.));
#4518=DIRECTION('',(0.,1.,0.));
#4519=DIRECTION('',(0.,0.,1.));
#4520=DIRECTION('',(0.,1.,0.));
#4521=DIRECTION('',(0.,-1.,0.));
#4522=DIRECTION('',(0.,0.,-1.));
#4523=DIRECTION('',(0.,-1.,0.));
#4524=DIRECTION('',(0.,0.,-1.));
#4525=DIRECTION('',(0.9010016697591,0.,-0.433815618772899));
#4526=DIRECTION('',(-0.433815618772899,0.,-0.9010016697591));
#4527=DIRECTION('',(0.9010016697591,0.,-0.433815618772899));
#4528=DIRECTION('',(-0.433815618772899,0.,-0.9010016697591));
#4529=DIRECTION('',(0.9010016697591,0.,-0.433815618772899));
#4530=DIRECTION('',(-0.433815618772899,0.,-0.9010016697591));
#4531=DIRECTION('',(-3.14392894159458E-17,-1.,0.));
#4532=DIRECTION('',(1.,-3.14392894159458E-17,0.));
#4533=DIRECTION('',(-3.14392894159458E-17,-1.,0.));
#4534=DIRECTION('',(1.,-3.14392894159458E-17,0.));
#4535=DIRECTION('',(-3.14392894159458E-17,-1.,0.));
#4536=DIRECTION('',(1.,-3.14392894159458E-17,0.));
#4537=DIRECTION('',(-3.14392894159458E-17,-1.,0.));
#4538=DIRECTION('',(1.,-3.14392894159458E-17,0.));
#4539=DIRECTION('',(-3.14392894159458E-17,-1.,0.));
#4540=DIRECTION('',(1.,-3.14392894159458E-17,0.));
#4541=DIRECTION('',(-3.14392894159458E-17,-1.,0.));
#4542=DIRECTION('',(1.,-3.14392894159458E-17,0.));
#4543=DIRECTION('',(-3.14392894159458E-17,-1.,0.));
#4544=DIRECTION('',(1.,-3.14392894159458E-17,0.));
#4545=DIRECTION('',(-3.14392894159458E-17,-1.,0.));
#4546=DIRECTION('',(1.,-3.14392894159458E-17,0.));
#4547=DIRECTION('',(-3.14392894159458E-17,-1.,0.));
#4548=DIRECTION('',(1.,-3.14392894159458E-17,0.));
#4549=DIRECTION('',(-3.14392894159458E-17,-1.,0.));
#4550=DIRECTION('',(1.,-3.14392894159458E-17,0.));
#4551=DIRECTION('',(-3.14392894159458E-17,-1.,0.));
#4552=DIRECTION('',(1.,-3.14392894159458E-17,0.));
#4553=DIRECTION('',(-3.14392894159458E-17,-1.,0.));
#4554=DIRECTION('',(1.,-3.14392894159458E-17,0.));
#4555=DIRECTION('',(-3.14392894159458E-17,-1.,0.));
#4556=DIRECTION('',(1.,-3.14392894159458E-17,0.));
#4557=DIRECTION('',(0.,1.,0.));
#4558=DIRECTION('',(0.,0.,1.));
#4559=DIRECTION('',(0.,1.,0.));
#4560=DIRECTION('',(0.,1.,0.));
#4561=DIRECTION('',(0.,1.,0.));
#4562=DIRECTION('',(0.,0.,1.));
#4563=DIRECTION('',(0.,1.,0.));
#4564=DIRECTION('',(0.,1.,0.));
#4565=DIRECTION('',(0.,1.,0.));
#4566=DIRECTION('',(0.,0.,1.));
#4567=DIRECTION('',(0.,1.,0.));
#4568=DIRECTION('',(0.,1.,0.));
#4569=DIRECTION('',(0.,1.,0.));
#4570=DIRECTION('',(0.,0.,1.));
#4571=DIRECTION('',(0.,1.,0.));
#4572=DIRECTION('',(0.,1.,0.));
#4573=DIRECTION('',(0.,1.,0.));
#4574=DIRECTION('',(0.,0.,1.));
#4575=DIRECTION('',(0.,1.,0.));
#4576=DIRECTION('',(0.,1.,0.));
#4577=DIRECTION('',(0.,1.,0.));
#4578=DIRECTION('',(0.,0.,1.));
#4579=DIRECTION('',(0.,1.,0.));
#4580=DIRECTION('',(0.,1.,0.));
#4581=DIRECTION('',(0.,1.,0.));
#4582=DIRECTION('',(0.,0.,1.));
#4583=DIRECTION('',(0.,1.,0.));
#4584=DIRECTION('',(0.,1.,0.));
#4585=DIRECTION('',(0.,1.,0.));
#4586=DIRECTION('',(0.,0.,1.));
#4587=DIRECTION('',(0.,1.,0.));
#4588=DIRECTION('',(0.,1.,0.));
#4589=DIRECTION('',(0.,1.,0.));
#4590=DIRECTION('',(0.,0.,1.));
#4591=DIRECTION('',(0.,1.,0.));
#4592=DIRECTION('',(0.,1.,0.));
#4593=DIRECTION('',(-3.14392894159458E-17,-1.,0.));
#4594=DIRECTION('',(1.,-3.14392894159458E-17,0.));
#4595=DIRECTION('',(3.14392894159458E-17,1.,0.));
#4596=DIRECTION('',(-1.,3.14392894159458E-17,0.));
#4597=DIRECTION('',(-3.14392894159458E-17,-1.,0.));
#4598=DIRECTION('',(1.,-3.14392894159458E-17,0.));
#4599=DIRECTION('',(-3.14392894159458E-17,-1.,0.));
#4600=DIRECTION('',(1.,-3.14392894159458E-17,0.));
#4601=DIRECTION('',(-3.14392894159458E-17,-1.,0.));
#4602=DIRECTION('',(1.,-3.14392894159458E-17,0.));
#4603=DIRECTION('',(-3.14392894159458E-17,-1.,0.));
#4604=DIRECTION('',(1.,-3.14392894159458E-17,0.));
#4605=DIRECTION('',(-3.14392894159458E-17,-1.,0.));
#4606=DIRECTION('',(1.,-3.14392894159458E-17,0.));
#4607=DIRECTION('',(-3.14392894159458E-17,-1.,0.));
#4608=DIRECTION('',(1.,-3.14392894159458E-17,0.));
#4609=DIRECTION('',(-3.14392894159458E-17,-1.,0.));
#4610=DIRECTION('',(1.,-3.14392894159458E-17,0.));
#4611=DIRECTION('',(-3.14392894159458E-17,-1.,0.));
#4612=DIRECTION('',(1.,-3.14392894159458E-17,0.));
#4613=DIRECTION('',(-3.14392894159458E-17,-1.,0.));
#4614=DIRECTION('',(1.,-3.14392894159458E-17,0.));
#4615=DIRECTION('',(-3.14392894159458E-17,-1.,0.));
#4616=DIRECTION('',(1.,-3.14392894159458E-17,0.));
#4617=DIRECTION('',(-3.14392894159458E-17,-1.,0.));
#4618=DIRECTION('',(1.,-3.14392894159458E-17,0.));
#4619=DIRECTION('',(-3.14392894159458E-17,-1.,0.));
#4620=DIRECTION('',(1.,-3.14392894159458E-17,0.));
#4621=DIRECTION('',(-3.14392894159458E-17,-1.,0.));
#4622=DIRECTION('',(1.,-3.14392894159458E-17,0.));
#4623=DIRECTION('',(-3.14392894159458E-17,-1.,0.));
#4624=DIRECTION('',(1.,-3.14392894159458E-17,0.));
#4625=DIRECTION('',(-3.14392894159458E-17,-1.,0.));
#4626=DIRECTION('',(1.,-3.14392894159458E-17,0.));
#4627=DIRECTION('',(0.,1.,0.));
#4628=DIRECTION('',(0.,0.,1.));
#4629=DIRECTION('',(0.,1.,0.));
#4630=DIRECTION('',(1.,0.,0.));
#4631=DIRECTION('',(0.,1.,0.));
#4632=DIRECTION('',(1.,0.,0.));
#4633=DIRECTION('',(0.,1.,0.));
#4634=DIRECTION('',(0.,0.,1.));
#4635=DIRECTION('',(0.,1.,0.));
#4636=DIRECTION('',(0.,1.,0.));
#4637=DIRECTION('',(0.,0.,1.));
#4638=DIRECTION('',(0.,1.,0.));
#4639=DIRECTION('',(0.,0.,1.));
#4640=DIRECTION('',(0.,1.,0.));
#4641=DIRECTION('',(1.,0.,0.));
#4642=DIRECTION('',(0.,1.,0.));
#4643=DIRECTION('',(0.,0.,1.));
#4644=DIRECTION('',(0.,1.,0.));
#4645=DIRECTION('',(0.,0.,1.));
#4646=DIRECTION('',(0.,1.,0.));
#4647=DIRECTION('',(1.,0.,0.));
#4648=DIRECTION('',(0.,1.,0.));
#4649=DIRECTION('',(0.,0.,1.));
#4650=DIRECTION('',(0.,1.,0.));
#4651=DIRECTION('',(0.,0.,1.));
#4652=DIRECTION('',(0.,1.,0.));
#4653=DIRECTION('',(1.,0.,0.));
#4654=DIRECTION('',(0.,1.,0.));
#4655=DIRECTION('',(1.,0.,0.));
#4656=DIRECTION('',(0.,1.,0.));
#4657=DIRECTION('',(0.,0.,1.));
#4658=DIRECTION('',(0.,1.,0.));
#4659=DIRECTION('',(0.,1.,0.));
#4660=DIRECTION('',(0.,0.,1.));
#4661=DIRECTION('',(0.,1.,0.));
#4662=DIRECTION('',(0.,0.,1.));
#4663=DIRECTION('',(0.,1.,0.));
#4664=DIRECTION('',(1.,0.,0.));
#4665=DIRECTION('',(0.,1.,0.));
#4666=DIRECTION('',(0.,0.,1.));
#4667=DIRECTION('',(0.,1.,0.));
#4668=DIRECTION('',(0.,0.,1.));
#4669=DIRECTION('',(0.,1.,0.));
#4670=DIRECTION('',(1.,0.,0.));
#4671=DIRECTION('',(0.,1.,0.));
#4672=DIRECTION('',(0.,0.,1.));
#4673=DIRECTION('',(0.,1.,0.));
#4674=DIRECTION('',(0.,0.,1.));
#4675=DIRECTION('',(0.,1.,0.));
#4676=DIRECTION('',(1.,0.,0.));
#4677=DIRECTION('',(0.,1.,0.));
#4678=DIRECTION('',(1.,0.,0.));
#4679=DIRECTION('',(0.,1.,0.));
#4680=DIRECTION('',(0.,0.,1.));
#4681=DIRECTION('',(0.,1.,0.));
#4682=DIRECTION('',(0.,1.,0.));
#4683=DIRECTION('',(0.,0.,1.));
#4684=DIRECTION('',(0.,1.,0.));
#4685=DIRECTION('',(0.,0.,1.));
#4686=DIRECTION('',(0.,1.,0.));
#4687=DIRECTION('',(1.,0.,0.));
#4688=DIRECTION('',(0.,1.,0.));
#4689=DIRECTION('',(0.,0.,1.));
#4690=DIRECTION('',(0.,1.,0.));
#4691=DIRECTION('',(0.,0.,1.));
#4692=DIRECTION('',(0.,1.,0.));
#4693=DIRECTION('',(1.,0.,0.));
#4694=DIRECTION('',(0.,1.,0.));
#4695=DIRECTION('',(0.,0.,1.));
#4696=DIRECTION('',(0.,-1.,0.));
#4697=DIRECTION('',(1.,0.,0.));
#4698=DIRECTION('',(-0.999847695156391,0.0174524064372835,0.));
#4699=DIRECTION('',(0.0174524064372835,0.999847695156391,0.));
#4700=DIRECTION('',(0.,0.,1.));
#4701=DIRECTION('',(-0.0174524064372835,-0.999847695156391,4.03667988787258E-17));
#4702=DIRECTION('',(0.,0.,-1.));
#4703=DIRECTION('',(-0.0174524064372835,-0.999847695156391,0.));
#4704=DIRECTION('',(0.,-1.,0.));
#4705=DIRECTION('',(1.,0.,0.));
#4706=DIRECTION('',(0.,1.,0.));
#4707=DIRECTION('',(1.,0.,0.));
#4708=DIRECTION('',(0.,-0.999847695156391,0.0174524064372835));
#4709=DIRECTION('',(0.,1.,0.));
#4710=DIRECTION('',(0.,0.,1.));
#4711=DIRECTION('',(0.,0.0174524064372835,0.999847695156391));
#4712=DIRECTION('',(0.,0.999847695156391,-0.0174524064372835));
#4713=DIRECTION('',(1.,0.,0.));
#4714=DIRECTION('',(5.04584985984073E-17,-0.999847695156391,0.0174524064372835));
#4715=DIRECTION('',(-1.,0.,0.));
#4716=DIRECTION('',(0.,-1.,0.));
#4717=DIRECTION('',(1.,0.,0.));
#4718=DIRECTION('',(0.,1.,0.));
#4719=DIRECTION('',(1.,0.,0.));
#4720=DIRECTION('',(0.0174524064372835,-0.999847695156391,0.));
#4721=DIRECTION('',(0.,1.,0.));
#4722=DIRECTION('',(0.,0.,1.));
#4723=DIRECTION('',(0.999847695156391,0.0174524064372835,0.));
#4724=DIRECTION('',(-0.0174524064372835,0.999847695156391,0.));
#4725=DIRECTION('',(0.,0.,-1.));
#4726=DIRECTION('',(0.0174524064372835,-0.999847695156391,-5.04584985984073E-17));
#4727=DIRECTION('',(0.,0.,1.));
#4728=DIRECTION('',(0.,-1.,0.));
#4729=DIRECTION('',(1.,0.,0.));
#4730=DIRECTION('',(0.,1.,0.));
#4731=DIRECTION('',(1.,0.,0.));
#4732=DIRECTION('',(0.,-0.999847695156391,-0.0174524064372835));
#4733=DIRECTION('',(0.,1.,0.));
#4734=DIRECTION('',(0.,0.,1.));
#4735=DIRECTION('',(0.,0.0174524064372835,-0.999847695156391));
#4736=DIRECTION('',(0.,0.999847695156391,0.0174524064372835));
#4737=DIRECTION('',(-1.,0.,0.));
#4738=DIRECTION('',(-5.04584985984073E-17,-0.999847695156391,-0.0174524064372835));
#4739=DIRECTION('',(1.,0.,0.));
#4740=DIRECTION('',(0.,-1.,0.));
#4741=DIRECTION('',(1.,0.,0.));
#4742=DIRECTION('',(0.,1.,0.));
#4743=DIRECTION('',(1.,0.,0.));
#4744=DIRECTION('',(0.,1.,0.));
#4745=DIRECTION('',(0.,0.,1.));
#4746=DIRECTION('',(0.,1.,0.));
#4747=DIRECTION('',(0.,0.,1.));
#4748=DIRECTION('',(0.,-1.,0.));
#4749=DIRECTION('',(0.,0.,-1.));
#4750=DIRECTION('',(0.,-1.,0.));
#4751=DIRECTION('',(0.,0.,-1.));
#4752=DIRECTION('',(0.,-1.,0.));
#4753=DIRECTION('',(0.,0.,-1.));
#4754=DIRECTION('',(0.,-1.,0.));
#4755=DIRECTION('',(0.,0.,-1.));
#4756=DIRECTION('',(-0.999847695156391,-0.0174524064372835,0.));
#4757=DIRECTION('',(0.0174524064372835,-0.999847695156391,0.));
#4758=DIRECTION('',(-0.0174524064372835,0.999847695156391,-4.03667988787258E-17));
#4759=DIRECTION('',(0.,0.,1.));
#4760=DIRECTION('',(-0.0174524064372835,0.999847695156391,0.));
#4761=DIRECTION('',(0.,1.,0.));
#4762=DIRECTION('',(1.,0.,0.));
#4763=DIRECTION('',(0.,1.,0.));
#4764=DIRECTION('',(0.,0.,1.));
#4765=DIRECTION('',(-3.02750991590443E-17,0.999847695156391,0.0174524064372835));
#4766=DIRECTION('',(0.,-0.0174524064372835,0.999847695156391));
#4767=DIRECTION('',(0.,-0.999847695156391,-0.0174524064372835));
#4768=DIRECTION('',(0.,-0.0174524064372835,0.999847695156391));
#4769=DIRECTION('',(0.,0.999847695156391,0.0174524064372835));
#4770=DIRECTION('',(1.,0.,0.));
#4771=DIRECTION('',(0.,0.999847695156391,0.0174524064372835));
#4772=DIRECTION('',(0.,1.,0.));
#4773=DIRECTION('',(1.,0.,0.));
#4774=DIRECTION('',(0.,1.,0.));
#4775=DIRECTION('',(0.,0.,1.));
#4776=DIRECTION('',(0.0174524064372835,0.999847695156391,3.02750991590443E-17));
#4777=DIRECTION('',(0.999847695156391,-0.0174524064372835,0.));
#4778=DIRECTION('',(-0.0174524064372835,-0.999847695156391,0.));
#4779=DIRECTION('',(0.,0.,-1.));
#4780=DIRECTION('',(0.0174524064372835,0.999847695156391,0.));
#4781=DIRECTION('',(0.,1.,0.));
#4782=DIRECTION('',(1.,0.,0.));
#4783=DIRECTION('',(0.,1.,0.));
#4784=DIRECTION('',(0.,0.,1.));
#4785=DIRECTION('',(4.03667988787258E-17,0.999847695156391,-0.0174524064372835));
#4786=DIRECTION('',(0.,-0.0174524064372835,-0.999847695156391));
#4787=DIRECTION('',(0.,-0.999847695156391,0.0174524064372835));
#4788=DIRECTION('',(0.,-0.0174524064372835,-0.999847695156391));
#4789=DIRECTION('',(0.,-0.999847695156391,0.0174524064372835));
#4790=DIRECTION('',(-1.,0.,0.));
#4791=DIRECTION('',(0.,0.999847695156391,-0.0174524064372835));
#4792=DIRECTION('',(0.,1.,0.));
#4793=DIRECTION('',(1.,0.,0.));
#4794=DIRECTION('',(0.,1.,0.));
#4795=DIRECTION('',(0.,0.,1.));
#4796=DIRECTION('',(0.,1.,0.));
#4797=DIRECTION('',(0.,0.,1.));
#4798=DIRECTION('',(-1.,0.,0.));
#4799=DIRECTION('',(0.,1.,0.));
#4800=DIRECTION('',(1.,0.,0.));
#4801=DIRECTION('',(1.,0.,0.));
#4802=DIRECTION('',(0.,1.,0.));
#4803=DIRECTION('',(1.,0.,0.));
#4804=DIRECTION('',(0.,0.,1.));
#4805=DIRECTION('',(0.,1.,0.));
#4806=DIRECTION('',(1.,0.,0.));
#4807=DIRECTION('',(0.,0.,-1.));
#4808=DIRECTION('',(0.,1.,0.));
#4809=DIRECTION('',(1.,0.,0.));
#4810=DIRECTION('',(0.,1.,0.));
#4811=DIRECTION('',(1.,0.,0.));
#4812=DIRECTION('',(0.,1.,0.));
#4813=DIRECTION('',(1.,0.,0.));
#4814=DIRECTION('',(0.,1.,0.));
#4815=DIRECTION('',(1.,0.,0.));
#4816=DIRECTION('',(0.,1.,0.));
#4817=DIRECTION('',(1.,0.,0.));
#4818=DIRECTION('',(0.,-1.,0.));
#4819=DIRECTION('',(0.,0.,-1.));
#4820=DIRECTION('',(0.,-1.,0.));
#4821=DIRECTION('',(0.,0.,-1.));
#4822=DIRECTION('',(0.,1.,0.));
#4823=DIRECTION('',(0.,0.,1.));
#4824=DIRECTION('',(0.,0.,-1.));
#4825=DIRECTION('',(1.,0.,0.));
#4826=DIRECTION('',(0.,0.,-1.));
#4827=DIRECTION('',(-1.,0.,0.));
#4828=DIRECTION('',(0.,0.,-1.));
#4829=DIRECTION('',(0.,0.,1.));
#4830=DIRECTION('',(0.,-1.,0.));
#4831=DIRECTION('',(0.,0.,-1.));
#4832=DIRECTION('',(0.,0.,1.));
#4833=DIRECTION('',(-1.,0.,0.));
#4834=DIRECTION('',(-6.93889390390725E-15,0.,1.));
#4835=DIRECTION('',(1.,0.,0.));
#4836=DIRECTION('',(0.,-1.,0.));
#4837=DIRECTION('',(1.,0.,0.));
#4838=DIRECTION('',(-1.,0.,0.));
#4839=DIRECTION('',(0.,0.,1.));
#4840=DIRECTION('',(0.,0.,1.));
#4841=DIRECTION('',(1.,0.,0.));
#4842=DIRECTION('',(-1.,0.,-6.93889390390725E-15));
#4843=DIRECTION('',(-6.93889390390725E-15,0.,1.));
#4844=DIRECTION('',(0.,0.,-1.));
#4845=DIRECTION('',(-1.,0.,0.));
#4846=DIRECTION('',(-1.,0.,0.));
#4847=DIRECTION('',(0.,0.,1.));
#4848=DIRECTION('',(0.,-1.,0.));
#4849=DIRECTION('',(0.,0.,-1.));
#4850=DIRECTION('',(0.,-1.,0.));
#4851=DIRECTION('',(0.,0.,-1.));
#4852=DIRECTION('',(0.,1.,0.));
#4853=DIRECTION('',(0.,0.,1.));
#4854=DIRECTION('',(0.,0.,-1.));
#4855=DIRECTION('',(1.,0.,0.));
#4856=DIRECTION('',(0.,0.,-1.));
#4857=DIRECTION('',(-1.,0.,0.));
#4858=DIRECTION('',(0.,0.,-1.));
#4859=DIRECTION('',(0.,0.,1.));
#4860=DIRECTION('',(0.,-1.,0.));
#4861=DIRECTION('',(0.,0.,-1.));
#4862=DIRECTION('',(0.,0.,1.));
#4863=DIRECTION('',(-1.,0.,0.));
#4864=DIRECTION('',(-6.93889390390725E-15,0.,1.));
#4865=DIRECTION('',(1.,0.,0.));
#4866=DIRECTION('',(0.,-1.,0.));
#4867=DIRECTION('',(1.,0.,0.));
#4868=DIRECTION('',(-1.,0.,0.));
#4869=DIRECTION('',(0.,0.,1.));
#4870=DIRECTION('',(0.,0.,1.));
#4871=DIRECTION('',(1.,0.,0.));
#4872=DIRECTION('',(-1.,0.,-6.93889390390725E-15));
#4873=DIRECTION('',(-6.93889390390725E-15,0.,1.));
#4874=DIRECTION('',(0.,0.,-1.));
#4875=DIRECTION('',(-1.,0.,0.));
#4876=DIRECTION('',(-1.,0.,0.));
#4877=DIRECTION('',(0.,0.,1.));
#4878=DIRECTION('',(0.,-1.,0.));
#4879=DIRECTION('',(0.,0.,-1.));
#4880=DIRECTION('',(0.,-1.,0.));
#4881=DIRECTION('',(0.,0.,-1.));
#4882=DIRECTION('',(0.,1.,0.));
#4883=DIRECTION('',(0.,0.,1.));
#4884=DIRECTION('',(0.,0.,-1.));
#4885=DIRECTION('',(1.,0.,0.));
#4886=DIRECTION('',(0.,0.,-1.));
#4887=DIRECTION('',(-1.,0.,0.));
#4888=DIRECTION('',(0.,0.,-1.));
#4889=DIRECTION('',(0.,0.,1.));
#4890=DIRECTION('',(0.,-1.,0.));
#4891=DIRECTION('',(0.,0.,-1.));
#4892=DIRECTION('',(0.,0.,1.));
#4893=DIRECTION('',(-1.,0.,0.));
#4894=DIRECTION('',(-6.93889390390725E-15,0.,1.));
#4895=DIRECTION('',(1.,0.,0.));
#4896=DIRECTION('',(0.,-1.,0.));
#4897=DIRECTION('',(1.,0.,0.));
#4898=DIRECTION('',(-1.,0.,0.));
#4899=DIRECTION('',(0.,0.,1.));
#4900=DIRECTION('',(0.,0.,1.));
#4901=DIRECTION('',(1.,0.,0.));
#4902=DIRECTION('',(-1.,0.,-6.93889390390725E-15));
#4903=DIRECTION('',(-6.93889390390725E-15,0.,1.));
#4904=DIRECTION('',(0.,0.,-1.));
#4905=DIRECTION('',(-1.,0.,0.));
#4906=DIRECTION('',(-1.,0.,0.));
#4907=DIRECTION('',(0.,0.,1.));
#4908=DIRECTION('',(0.,-1.,0.));
#4909=DIRECTION('',(0.,0.,-1.));
#4910=DIRECTION('',(0.,-1.,0.));
#4911=DIRECTION('',(0.,0.,-1.));
#4912=DIRECTION('',(0.,1.,0.));
#4913=DIRECTION('',(0.,0.,1.));
#4914=DIRECTION('',(0.,0.,-1.));
#4915=DIRECTION('',(1.,0.,0.));
#4916=DIRECTION('',(0.,0.,-1.));
#4917=DIRECTION('',(-1.,0.,0.));
#4918=DIRECTION('',(0.,0.,-1.));
#4919=DIRECTION('',(0.,0.,1.));
#4920=DIRECTION('',(0.,-1.,0.));
#4921=DIRECTION('',(0.,0.,-1.));
#4922=DIRECTION('',(0.,0.,1.));
#4923=DIRECTION('',(-1.,0.,0.));
#4924=DIRECTION('',(-6.93889390390725E-15,0.,1.));
#4925=DIRECTION('',(1.,0.,0.));
#4926=DIRECTION('',(0.,-1.,0.));
#4927=DIRECTION('',(1.,0.,0.));
#4928=DIRECTION('',(-1.,0.,0.));
#4929=DIRECTION('',(0.,0.,1.));
#4930=DIRECTION('',(0.,0.,1.));
#4931=DIRECTION('',(1.,0.,0.));
#4932=DIRECTION('',(-1.,0.,-6.93889390390725E-15));
#4933=DIRECTION('',(-6.93889390390725E-15,0.,1.));
#4934=DIRECTION('',(0.,0.,-1.));
#4935=DIRECTION('',(-1.,0.,0.));
#4936=DIRECTION('',(-1.,0.,0.));
#4937=DIRECTION('',(0.,0.,1.));
#4938=DIRECTION('',(-1.,0.,-6.93889390390725E-15));
#4939=DIRECTION('',(-6.93889390390725E-15,0.,1.));
#4940=DIRECTION('',(0.,1.,0.));
#4941=DIRECTION('',(0.,1.,0.));
#4942=DIRECTION('',(0.,0.,1.));
#4943=DIRECTION('',(1.,0.,0.));
#4944=DIRECTION('',(0.,1.,0.));
#4945=DIRECTION('',(-1.,0.,0.));
#4946=DIRECTION('',(0.,0.,1.));
#4947=DIRECTION('',(1.,0.,0.));
#4948=DIRECTION('',(0.,0.,-1.));
#4949=DIRECTION('',(0.,1.,0.));
#4950=DIRECTION('',(0.,0.,1.));
#4951=DIRECTION('',(1.,0.,0.));
#4952=DIRECTION('',(0.,1.,0.));
#4953=DIRECTION('',(1.,0.,0.));
#4954=DIRECTION('',(0.,0.,-1.));
#4955=DIRECTION('',(0.,1.,0.));
#4956=DIRECTION('',(0.,0.,-1.));
#4957=DIRECTION('',(-1.,0.,0.));
#4958=DIRECTION('',(0.,1.,0.));
#4959=DIRECTION('',(1.,0.,0.));
#4960=DIRECTION('',(0.,0.,-1.));
#4961=DIRECTION('',(-1.,0.,0.));
#4962=DIRECTION('',(0.,0.,1.));
#4963=DIRECTION('',(0.,1.,0.));
#4964=DIRECTION('',(0.,0.,-1.));
#4965=DIRECTION('',(-1.,0.,0.));
#4966=DIRECTION('',(-1.,0.,-6.93889390390725E-15));
#4967=DIRECTION('',(-6.93889390390725E-15,0.,1.));
#4968=DIRECTION('',(0.,1.,0.));
#4969=DIRECTION('',(0.,1.,0.));
#4970=DIRECTION('',(0.,0.,1.));
#4971=DIRECTION('',(1.,0.,0.));
#4972=DIRECTION('',(0.,1.,0.));
#4973=DIRECTION('',(-1.,0.,0.));
#4974=DIRECTION('',(0.,0.,1.));
#4975=DIRECTION('',(1.,0.,0.));
#4976=DIRECTION('',(0.,0.,-1.));
#4977=DIRECTION('',(0.,1.,0.));
#4978=DIRECTION('',(0.,0.,1.));
#4979=DIRECTION('',(1.,0.,0.));
#4980=DIRECTION('',(0.,1.,0.));
#4981=DIRECTION('',(1.,0.,0.));
#4982=DIRECTION('',(0.,0.,-1.));
#4983=DIRECTION('',(0.,1.,0.));
#4984=DIRECTION('',(0.,0.,-1.));
#4985=DIRECTION('',(-1.,0.,0.));
#4986=DIRECTION('',(0.,1.,0.));
#4987=DIRECTION('',(1.,0.,0.));
#4988=DIRECTION('',(0.,0.,-1.));
#4989=DIRECTION('',(-1.,0.,0.));
#4990=DIRECTION('',(0.,0.,1.));
#4991=DIRECTION('',(0.,1.,0.));
#4992=DIRECTION('',(0.,0.,-1.));
#4993=DIRECTION('',(-1.,0.,0.));
#4994=DIRECTION('',(-1.,0.,-6.93889390390725E-15));
#4995=DIRECTION('',(-6.93889390390725E-15,0.,1.));
#4996=DIRECTION('',(0.,1.,0.));
#4997=DIRECTION('',(0.,1.,0.));
#4998=DIRECTION('',(0.,0.,1.));
#4999=DIRECTION('',(1.,0.,0.));
#5000=DIRECTION('',(0.,1.,0.));
#5001=DIRECTION('',(-1.,0.,0.));
#5002=DIRECTION('',(0.,0.,1.));
#5003=DIRECTION('',(1.,0.,0.));
#5004=DIRECTION('',(0.,0.,-1.));
#5005=DIRECTION('',(0.,1.,0.));
#5006=DIRECTION('',(0.,0.,1.));
#5007=DIRECTION('',(1.,0.,0.));
#5008=DIRECTION('',(0.,1.,0.));
#5009=DIRECTION('',(1.,0.,0.));
#5010=DIRECTION('',(0.,0.,-1.));
#5011=DIRECTION('',(0.,1.,0.));
#5012=DIRECTION('',(0.,0.,-1.));
#5013=DIRECTION('',(-1.,0.,0.));
#5014=DIRECTION('',(0.,1.,0.));
#5015=DIRECTION('',(1.,0.,0.));
#5016=DIRECTION('',(0.,0.,-1.));
#5017=DIRECTION('',(-1.,0.,0.));
#5018=DIRECTION('',(0.,0.,1.));
#5019=DIRECTION('',(0.,1.,0.));
#5020=DIRECTION('',(0.,0.,-1.));
#5021=DIRECTION('',(-1.,0.,0.));
#5022=DIRECTION('',(-1.,0.,-6.93889390390725E-15));
#5023=DIRECTION('',(-6.93889390390725E-15,0.,1.));
#5024=DIRECTION('',(0.,1.,0.));
#5025=DIRECTION('',(0.,1.,0.));
#5026=DIRECTION('',(0.,0.,1.));
#5027=DIRECTION('',(1.,0.,0.));
#5028=DIRECTION('',(0.,1.,0.));
#5029=DIRECTION('',(-1.,0.,0.));
#5030=DIRECTION('',(0.,0.,1.));
#5031=DIRECTION('',(1.,0.,0.));
#5032=DIRECTION('',(0.,0.,-1.));
#5033=DIRECTION('',(0.,1.,0.));
#5034=DIRECTION('',(0.,0.,1.));
#5035=DIRECTION('',(1.,0.,0.));
#5036=DIRECTION('',(0.,1.,0.));
#5037=DIRECTION('',(1.,0.,0.));
#5038=DIRECTION('',(0.,0.,-1.));
#5039=DIRECTION('',(0.,1.,0.));
#5040=DIRECTION('',(0.,0.,-1.));
#5041=DIRECTION('',(-1.,0.,0.));
#5042=DIRECTION('',(0.,1.,0.));
#5043=DIRECTION('',(1.,0.,0.));
#5044=DIRECTION('',(0.,0.,-1.));
#5045=DIRECTION('',(-1.,0.,0.));
#5046=DIRECTION('',(0.,0.,1.));
#5047=DIRECTION('',(0.,1.,0.));
#5048=DIRECTION('',(0.,0.,-1.));
#5049=DIRECTION('',(-1.,0.,0.));
#5050=DIRECTION('',(0.,0.,1.));
#5051=DIRECTION('',(1.,0.,0.));
#5052=DIRECTION('',(0.,0.,1.));
#5053=DIRECTION('',(1.,0.,0.));
#5054=DIRECTION('',(0.,0.,-1.));
#5055=DIRECTION('',(-1.,0.,0.));
#5056=DIRECTION('',(0.,0.,1.));
#5057=DIRECTION('',(1.,0.,0.));
#5058=DIRECTION('',(0.,0.,1.));
#5059=DIRECTION('',(1.,0.,0.));
#5060=DIRECTION('',(0.,0.,1.));
#5061=DIRECTION('',(1.,0.,0.));
#5062=DIRECTION('',(0.,0.,1.));
#5063=DIRECTION('',(1.,0.,0.));
#5064=DIRECTION('',(0.,0.,1.));
#5065=DIRECTION('',(1.,0.,0.));
#5066=DIRECTION('',(0.,0.,1.));
#5067=DIRECTION('',(1.,0.,0.));
#5068=DIRECTION('',(0.,0.,-1.));
#5069=DIRECTION('',(-1.,0.,0.));
#5070=DIRECTION('',(0.,0.,1.));
#5071=DIRECTION('',(1.,0.,0.));
#5072=DIRECTION('',(0.,0.,1.));
#5073=DIRECTION('',(1.,0.,0.));
#5074=DIRECTION('',(0.,0.,1.));
#5075=DIRECTION('',(1.,0.,0.));
#5076=DIRECTION('',(0.,0.,-1.));
#5077=DIRECTION('',(-1.,0.,0.));
#5078=DIRECTION('',(0.999847695156391,-0.017452406437284,0.));
#5079=DIRECTION('',(0.017452406437284,0.999847695156391,0.));
#5080=DIRECTION('',(-0.0174524064372841,-0.999847695156391,0.));
#5081=DIRECTION('',(0.,0.,1.));
#5082=DIRECTION('',(0.0174524064372841,0.999847695156391,0.));
#5083=DIRECTION('',(0.,0.,-1.));
#5084=DIRECTION('',(0.,0.,1.));
#5085=DIRECTION('',(1.,0.,0.));
#5086=DIRECTION('',(0.999847695156391,-0.017452406437284,0.));
#5087=DIRECTION('',(0.999847695156391,-0.017452406437284,0.));
#5088=DIRECTION('',(-0.0174524064372834,-0.999847695156391,0.));
#5089=DIRECTION('',(0.017452406437284,0.999847695156391,0.));
#5090=DIRECTION('',(-0.999847695156391,0.017452406437284,0.));
#5091=DIRECTION('',(0.999847695156391,-0.0174524064372839,0.));
#5092=DIRECTION('',(0.,0.,-1.));
#5093=DIRECTION('',(0.999847695156391,-0.0174524064372839,0.));
#5094=DIRECTION('',(0.,0.,1.));
#5095=DIRECTION('',(0.999847695156391,-0.017452406437284,0.));
#5096=DIRECTION('',(0.,0.,1.));
#5097=DIRECTION('',(0.,0.,-1.));
#5098=DIRECTION('',(-1.,0.,0.));
#5099=DIRECTION('',(0.999847695156391,-0.017452406437284,0.));
#5100=DIRECTION('',(0.0174524064372834,0.999847695156391,0.));
#5101=DIRECTION('',(-0.017452406437284,-0.999847695156391,0.));
#5102=DIRECTION('',(0.999847695156391,-0.017452406437284,0.));
#5103=DIRECTION('',(0.999847695156391,-0.0174524064372839,0.));
#5104=DIRECTION('',(0.,0.,1.));
#5105=DIRECTION('',(0.999847695156391,-0.0174524064372839,0.));
#5106=DIRECTION('',(0.,0.,-1.));
#5107=DIRECTION('',(0.,0.,-1.));
#5108=DIRECTION('',(-0.999847695156391,0.0174524064372839,0.));
#5109=DIRECTION('',(-0.0174524064372839,-0.999847695156391,0.));
#5110=DIRECTION('',(0.999847695156391,-0.0174524064372839,0.));
#5111=DIRECTION('',(0.0174524064372839,0.999847695156391,0.));
#5112=DIRECTION('',(0.999847695156391,-0.0174524064372839,0.));
#5113=DIRECTION('',(0.0174524064372839,0.999847695156391,0.));
#5114=DIRECTION('',(-0.999847695156391,0.0174524064372839,0.));
#5115=DIRECTION('',(-0.0174524064372839,-0.999847695156391,0.));
#5116=DIRECTION('',(0.999847695156391,-0.0174524064372839,0.));
#5117=DIRECTION('',(0.0174524064372839,0.999847695156391,0.));
#5118=DIRECTION('',(-0.999847695156391,0.0174524064372839,0.));
#5119=DIRECTION('',(-0.0174524064372839,-0.999847695156391,0.));
#5120=DIRECTION('',(0.999847695156391,-0.0174524064372839,0.));
#5121=DIRECTION('',(0.0174524064372839,0.999847695156391,0.));
#5122=DIRECTION('',(0.999847695156391,-0.0174524064372839,0.));
#5123=DIRECTION('',(0.0174524064372839,0.999847695156391,0.));
#5124=DIRECTION('',(0.999847695156391,-0.0174524064372834,0.));
#5125=DIRECTION('',(0.0174524064372834,0.999847695156391,0.));
#5126=DIRECTION('',(0.999847695156391,-0.0174524064372839,0.));
#5127=DIRECTION('',(0.0174524064372839,0.999847695156391,0.));
#5128=DIRECTION('',(0.999847695156391,-0.0174524064372834,0.));
#5129=DIRECTION('',(0.0174524064372834,0.999847695156391,0.));
#5130=DIRECTION('',(0.999847695156391,-0.0174524064372834,0.));
#5131=DIRECTION('',(0.0174524064372834,0.999847695156391,0.));
#5132=DIRECTION('',(0.999847695156391,-0.0174524064372834,0.));
#5133=DIRECTION('',(0.0174524064372834,0.999847695156391,0.));
#5134=DIRECTION('',(0.,-1.,0.));
#5135=DIRECTION('',(0.,0.,-1.));
#5136=DIRECTION('',(0.,1.,0.));
#5137=DIRECTION('',(1.,0.,0.));
#5138=DIRECTION('',(0.,1.,0.));
#5139=DIRECTION('',(0.,0.,1.));
#5140=DIRECTION('',(0.,-1.,0.));
#5141=DIRECTION('',(0.,0.,-1.));
#5142=DIRECTION('',(0.,1.,0.));
#5143=DIRECTION('',(1.,0.,0.));
#5144=DIRECTION('',(0.,1.,0.));
#5145=DIRECTION('',(0.,0.,1.));
#5146=DIRECTION('',(0.,-1.,0.));
#5147=DIRECTION('',(0.,0.,-1.));
#5148=DIRECTION('',(0.,1.,0.));
#5149=DIRECTION('',(1.,0.,0.));
#5150=DIRECTION('',(0.,1.,0.));
#5151=DIRECTION('',(0.,0.,1.));
#5152=DIRECTION('',(0.,-1.,0.));
#5153=DIRECTION('',(0.,0.,-1.));
#5154=DIRECTION('',(0.,1.,0.));
#5155=DIRECTION('',(1.,0.,0.));
#5156=DIRECTION('',(0.,1.,0.));
#5157=DIRECTION('',(0.,0.,1.));
#5158=DIRECTION('',(1.,0.,0.));
#5159=DIRECTION('',(0.,0.,-1.));
#5160=DIRECTION('',(0.,-1.,0.));
#5161=DIRECTION('',(0.,0.,1.));
#5162=DIRECTION('',(0.,-1.,0.));
#5163=DIRECTION('',(0.,-1.,0.));
#5164=DIRECTION('',(0.,0.,-1.));
#5165=DIRECTION('',(0.,1.,0.));
#5166=DIRECTION('',(1.,0.,0.));
#5167=DIRECTION('',(0.,-1.,0.));
#5168=DIRECTION('',(-1.,0.,0.));
#5169=DIRECTION('',(0.,0.,1.));
#5170=DIRECTION('',(0.,0.,-1.));
#5171=DIRECTION('',(0.,-1.,0.));
#5172=DIRECTION('',(0.,-1.,0.));
#5173=DIRECTION('',(0.,0.,-1.));
#5174=DIRECTION('',(0.,1.,0.));
#5175=DIRECTION('',(1.,0.,0.));
#5176=DIRECTION('',(0.,1.,0.));
#5177=DIRECTION('',(0.,0.,1.));
#5178=DIRECTION('',(0.,0.,1.));
#5179=DIRECTION('',(1.,0.,0.));
#5180=DIRECTION('',(0.,-1.,0.));
#5181=DIRECTION('',(-1.,0.,0.));
#5182=DIRECTION('',(0.,-1.,0.));
#5183=DIRECTION('',(0.,-1.,0.));
#5184=DIRECTION('',(0.,0.,-1.));
#5185=DIRECTION('',(0.,1.,0.));
#5186=DIRECTION('',(1.,0.,0.));
#5187=DIRECTION('',(0.,-1.,0.));
#5188=DIRECTION('',(0.,0.,-1.));
#5189=DIRECTION('',(-1.,0.,0.));
#5190=DIRECTION('',(1.,0.,0.));
#5191=DIRECTION('',(0.,-1.,0.));
#5192=DIRECTION('',(0.,-1.,0.));
#5193=DIRECTION('',(0.,0.,-1.));
#5194=DIRECTION('',(0.,1.,0.));
#5195=DIRECTION('',(1.,0.,0.));
#5196=DIRECTION('',(0.,1.,0.));
#5197=DIRECTION('',(0.,0.,1.));
#5198=CARTESIAN_POINT('',(0.,0.,0.));
#5199=CARTESIAN_POINT('',(37.821844916065,-37.2239516585408,-6.));
#5200=CARTESIAN_POINT('',(37.4313034693135,-37.2171347322306,-6.));
#5201=CARTESIAN_POINT('',(37.4313034693135,-37.2171347322306,-6.));
#5202=CARTESIAN_POINT('',(37.4665699997545,-35.1967165564155,-2.5));
#5203=CARTESIAN_POINT('',(37.821844916065,-37.2239516585408,-6.));
#5204=CARTESIAN_POINT('',(35.8221495257523,-37.1890468456662,-6.));
#5205=CARTESIAN_POINT('',(35.8221495257523,-37.1890468456662,-6.));
#5206=CARTESIAN_POINT('',(35.8574160561933,-35.1686286698511,-2.5));
#5207=CARTESIAN_POINT('',(37.857111446506,-35.2035334827257,-2.5));
#5208=CARTESIAN_POINT('',(37.7815403098467,-39.5330010023295,2.16840434497101E-16));
#5209=CARTESIAN_POINT('',(37.3909988630952,-39.5261840760193,2.16840434497101E-16));
#5210=CARTESIAN_POINT('',(37.4665699997545,-35.1967165564155,2.5));
#5211=CARTESIAN_POINT('',(35.781844919534,-39.4980961894549,2.16840434497101E-16));
#5212=CARTESIAN_POINT('',(35.8574160561933,-35.1686286698511,2.5));
#5213=CARTESIAN_POINT('',(37.857111446506,-35.2035334827257,2.5));
#5214=CARTESIAN_POINT('',(37.857111446506,-35.2035334827257,2.5));
#5215=CARTESIAN_POINT('',(37.4665699997545,-35.1967165564155,2.5));
#5216=CARTESIAN_POINT('',(37.4313034693135,-37.2171347322306,6.));
#5217=CARTESIAN_POINT('',(35.8574160561933,-35.1686286698511,2.5));
#5218=CARTESIAN_POINT('',(35.8221495257523,-37.1890468456662,6.));
#5219=CARTESIAN_POINT('',(37.821844916065,-37.2239516585408,6.));
#5220=CARTESIAN_POINT('',(37.7462737794057,-41.5534191781446,3.50000000000001));
#5221=CARTESIAN_POINT('',(37.3557323326542,-41.5466022518343,3.50000000000001));
#5222=CARTESIAN_POINT('',(37.3557323326542,-41.5466022518343,8.5));
#5223=CARTESIAN_POINT('',(35.746578389093,-41.51851436527,3.50000000000001));
#5224=CARTESIAN_POINT('',(35.746578389093,-41.51851436527,8.5));
#5225=CARTESIAN_POINT('',(37.7462737794057,-41.5534191781446,8.5));
#5226=CARTESIAN_POINT('',(37.7462737794057,-41.5534191781446,8.5));
#5227=CARTESIAN_POINT('',(37.3557323326542,-41.5466022518343,8.5));
#5228=CARTESIAN_POINT('',(37.2851992717722,-45.5874386034645,8.5));
#5229=CARTESIAN_POINT('',(35.746578389093,-41.51851436527,8.5));
#5230=CARTESIAN_POINT('',(35.6760453282109,-45.5593507169002,8.5));
#5231=CARTESIAN_POINT('',(37.6757407185237,-45.5942555297747,8.5));
#5232=CARTESIAN_POINT('',(37.6757407185237,-45.5942555297747,3.5));
#5233=CARTESIAN_POINT('',(37.2851992717722,-45.5874386034645,3.5));
#5234=CARTESIAN_POINT('',(37.2096281351129,-49.9169061230683,6.));
#5235=CARTESIAN_POINT('',(35.6760453282109,-45.5593507169002,3.5));
#5236=CARTESIAN_POINT('',(35.6004741915517,-49.8888182365039,6.));
#5237=CARTESIAN_POINT('',(37.6001695818644,-49.9237230493785,6.));
#5238=CARTESIAN_POINT('',(37.6001695818644,-49.9237230493785,6.));
#5239=CARTESIAN_POINT('',(37.2096281351129,-49.9169061230683,6.));
#5240=CARTESIAN_POINT('',(37.1743616046719,-51.9373242988834,2.5));
#5241=CARTESIAN_POINT('',(35.6004741915517,-49.8888182365039,6.));
#5242=CARTESIAN_POINT('',(35.5652076611107,-51.909236412319,2.5));
#5243=CARTESIAN_POINT('',(37.5649030514234,-51.9441412251936,2.5));
#5244=CARTESIAN_POINT('',(37.6404741880827,-47.6146737055898,1.0842021724855E-15));
#5245=CARTESIAN_POINT('',(37.2499327413312,-47.6078567792796,1.0842021724855E-15));
#5246=CARTESIAN_POINT('',(37.1743616046719,-51.9373242988834,-2.5));
#5247=CARTESIAN_POINT('',(35.6407787977699,-47.5797688927153,1.0842021724855E-15));
#5248=CARTESIAN_POINT('',(35.5652076611107,-51.909236412319,-2.5));
#5249=CARTESIAN_POINT('',(37.5649030514234,-51.9441412251936,-2.5));
#5250=CARTESIAN_POINT('',(37.5649030514234,-51.9441412251936,-2.5));
#5251=CARTESIAN_POINT('',(37.1743616046719,-51.9373242988834,-2.5));
#5252=CARTESIAN_POINT('',(37.2096281351129,-49.9169061230683,-6.));
#5253=CARTESIAN_POINT('',(35.5652076611107,-51.909236412319,-2.5));
#5254=CARTESIAN_POINT('',(35.6004741915517,-49.8888182365039,-6.));
#5255=CARTESIAN_POINT('',(37.6001695818644,-49.9237230493785,-6.));
#5256=CARTESIAN_POINT('',(37.6757407185237,-45.5942555297747,-3.5));
#5257=CARTESIAN_POINT('',(37.2851992717722,-45.5874386034645,-3.5));
#5258=CARTESIAN_POINT('',(37.2851992717722,-45.5874386034645,-8.5));
#5259=CARTESIAN_POINT('',(35.6760453282109,-45.5593507169002,-3.5));
#5260=CARTESIAN_POINT('',(35.6760453282109,-45.5593507169002,-8.5));
#5261=CARTESIAN_POINT('',(37.6757407185237,-45.5942555297747,-8.5));
#5262=CARTESIAN_POINT('',(37.6757407185237,-45.5942555297747,-8.5));
#5263=CARTESIAN_POINT('',(37.2851992717722,-45.5874386034645,-8.5));
#5264=CARTESIAN_POINT('',(37.3557323326542,-41.5466022518343,-8.5));
#5265=CARTESIAN_POINT('',(35.6760453282109,-45.5593507169002,-8.5));
#5266=CARTESIAN_POINT('',(35.746578389093,-41.51851436527,-8.5));
#5267=CARTESIAN_POINT('',(37.7462737794057,-41.5534191781446,-8.5));
#5268=CARTESIAN_POINT('',(37.7462737794057,-41.5534191781446,-3.5));
#5269=CARTESIAN_POINT('',(37.3557323326542,-41.5466022518343,-3.5));
#5270=CARTESIAN_POINT('',(35.746578389093,-41.51851436527,-3.5));
#5271=CARTESIAN_POINT('',(29.5,-6.,-29.5));
#5272=CARTESIAN_POINT('',(30.,-6.,-29.5));
#5273=CARTESIAN_POINT('',(30.,-1.2,-26.4668498223794));
#5274=CARTESIAN_POINT('',(30.,-0.34402970304829,-29.));
#5275=CARTESIAN_POINT('',(29.5,-1.2,-29.5));
#5276=CARTESIAN_POINT('',(30.,-1.2,-32.5331501776206));
#5277=CARTESIAN_POINT('',(30.,-6.,-29.5));
#5278=CARTESIAN_POINT('',(30.,-0.34402970304829,-30.));
#5279=CARTESIAN_POINT('',(29.5,-6.,-30.));
#5280=CARTESIAN_POINT('',(31.6,-0.724585324356008,-30.));
#5281=CARTESIAN_POINT('',(31.6,-6.,-29.5));
#5282=CARTESIAN_POINT('',(31.6,-0.724585324356007,-29.));
#5283=CARTESIAN_POINT('',(29.5,-6.,-29.));
#5284=CARTESIAN_POINT('',(-29.5,-6.,-29.5));
#5285=CARTESIAN_POINT('',(-29.,-6.,-29.5));
#5286=CARTESIAN_POINT('',(-29.,-1.2,-26.4668498223794));
#5287=CARTESIAN_POINT('',(-29.,-0.34402970304829,-29.));
#5288=CARTESIAN_POINT('',(-29.5,-1.2,-29.5));
#5289=CARTESIAN_POINT('',(-29.,-1.2,-32.5331501776206));
#5290=CARTESIAN_POINT('',(-29.,-6.,-29.5));
#5291=CARTESIAN_POINT('',(-29.,-0.34402970304829,-30.));
#5292=CARTESIAN_POINT('',(-29.5,-6.,-30.));
#5293=CARTESIAN_POINT('',(-27.4,-0.724585324356008,-30.));
#5294=CARTESIAN_POINT('',(-27.4,-6.,-29.5));
#5295=CARTESIAN_POINT('',(-27.4,-0.724585324356007,-29.));
#5296=CARTESIAN_POINT('',(-29.5,-6.,-29.));
#5297=CARTESIAN_POINT('',(29.5,-6.,29.5));
#5298=CARTESIAN_POINT('',(30.,-6.,29.5));
#5299=CARTESIAN_POINT('',(30.,-1.2,32.5331501776206));
#5300=CARTESIAN_POINT('',(30.,-0.34402970304829,30.));
#5301=CARTESIAN_POINT('',(29.5,-1.2,29.5));
#5302=CARTESIAN_POINT('',(30.,-1.2,26.4668498223794));
#5303=CARTESIAN_POINT('',(30.,-6.,29.5));
#5304=CARTESIAN_POINT('',(30.,-0.34402970304829,29.));
#5305=CARTESIAN_POINT('',(29.5,-6.,29.));
#5306=CARTESIAN_POINT('',(31.6,-0.724585324356008,29.));
#5307=CARTESIAN_POINT('',(31.6,-6.,29.5));
#5308=CARTESIAN_POINT('',(31.6,-0.724585324356007,30.));
#5309=CARTESIAN_POINT('',(29.5,-6.,30.));
#5310=CARTESIAN_POINT('',(-29.5,-6.,29.5));
#5311=CARTESIAN_POINT('',(-29.,-6.,29.5));
#5312=CARTESIAN_POINT('',(-29.,-1.2,32.5331501776206));
#5313=CARTESIAN_POINT('',(-29.,-0.34402970304829,30.));
#5314=CARTESIAN_POINT('',(-29.5,-1.2,29.5));
#5315=CARTESIAN_POINT('',(-29.,-1.2,26.4668498223794));
#5316=CARTESIAN_POINT('',(-29.,-6.,29.5));
#5317=CARTESIAN_POINT('',(-29.,-0.34402970304829,29.));
#5318=CARTESIAN_POINT('',(-29.5,-6.,29.));
#5319=CARTESIAN_POINT('',(-27.4,-0.724585324356008,29.));
#5320=CARTESIAN_POINT('',(-27.4,-6.,29.5));
#5321=CARTESIAN_POINT('',(-27.4,-0.724585324356007,30.));
#5322=CARTESIAN_POINT('',(-29.5,-6.,30.));
#5323=CARTESIAN_POINT('',(-4.9,35.9,-10.4));
#5324=CARTESIAN_POINT('',(-7.1,35.9,-7.1));
#5325=CARTESIAN_POINT('',(-7.1,38.6573455822922,-7.1));
#5326=CARTESIAN_POINT('',(-7.1,38.874463344754,-7.1));
#5327=CARTESIAN_POINT('',(-8.1923076923077,14.9999999999999,-5.46153846153844));
#5328=CARTESIAN_POINT('',(-4.9,38.2086190886059,-10.4));
#5329=CARTESIAN_POINT('',(-4.9,35.9,-10.4));
#5330=CARTESIAN_POINT('',(-4.9,37.9852126376939,-10.4));
#5331=CARTESIAN_POINT('',(-8.19230769230771,14.9999999999999,-5.46153846153844));
#5332=CARTESIAN_POINT('',(-7.1,35.9,-7.1));
#5333=CARTESIAN_POINT('',(-3.6,35.9,-7.7));
#5334=CARTESIAN_POINT('',(-3.6,39.2536595176893,-7.7));
#5335=CARTESIAN_POINT('',(-3.6,39.4654858933969,-7.7));
#5336=CARTESIAN_POINT('',(-1.38509119746236,14.9999999999999,-8.0796986518636));
#5337=CARTESIAN_POINT('',(-1.38509119746238,14.9999999999999,-8.07969865186359));
#5338=CARTESIAN_POINT('',(-3.6,35.9,-7.7));
#5339=CARTESIAN_POINT('',(-4.03384077759192,35.9,-8.60105392269091));
#5340=CARTESIAN_POINT('',(-4.03384077759192,38.8796984905589,-8.60105392269091));
#5341=CARTESIAN_POINT('',(-4.03384077759192,39.0948127197537,-8.60105392269091));
#5342=CARTESIAN_POINT('',(0.0871937639198214,14.9999999999999,-0.0419821826280756));
#5343=CARTESIAN_POINT('',(0.0871937639198182,14.9999999999999,-0.0419821826280822));
#5344=CARTESIAN_POINT('',(-2.94902990916057E-14,35.9,-1.196959198424E-13));
#5345=CARTESIAN_POINT('',(-2.94902990916057E-14,39.0948127197537,-1.196959198424E-13));
#5346=CARTESIAN_POINT('',(3.59955121265187E-14,39.0948127197537,-9.5));
#5347=CARTESIAN_POINT('',(-2.94902990916057E-14,38.8796984905589,-1.196959198424E-13));
#5348=CARTESIAN_POINT('',(3.59955121265187E-14,38.879698490559,-9.5));
#5349=CARTESIAN_POINT('',(6.23340593018057E-16,35.9,-9.5));
#5350=CARTESIAN_POINT('',(3.59955121265187E-14,35.9,-1.54390389361936E-13));
#5351=CARTESIAN_POINT('',(3.59955121265187E-14,39.0948127197537,-1.54390389361936E-13));
#5352=CARTESIAN_POINT('',(4.03384077759192,39.0948127197536,-8.60105392269091));
#5353=CARTESIAN_POINT('',(3.59955121265187E-14,38.879698490559,-1.54390389361936E-13));
#5354=CARTESIAN_POINT('',(4.03384077759192,38.8796984905589,-8.60105392269091));
#5355=CARTESIAN_POINT('',(4.03384077759192,35.9,-8.60105392269091));
#5356=CARTESIAN_POINT('',(4.03384077759192,35.9,-8.60105392269091));
#5357=CARTESIAN_POINT('',(3.6,35.9,-7.70000000000001));
#5358=CARTESIAN_POINT('',(3.6,39.2536595176893,-7.70000000000001));
#5359=CARTESIAN_POINT('',(3.6,39.4654858933968,-7.70000000000001));
#5360=CARTESIAN_POINT('',(-0.0871937639198743,14.9999999999999,-0.0419821826280749));
#5361=CARTESIAN_POINT('',(-0.0871937639198772,14.9999999999999,-0.0419821826280682));
#5362=CARTESIAN_POINT('',(3.6,35.9,-7.70000000000001));
#5363=CARTESIAN_POINT('',(7.1,35.9,-7.1));
#5364=CARTESIAN_POINT('',(7.1,38.6573455822922,-7.1));
#5365=CARTESIAN_POINT('',(7.1,38.8744633447539,-7.1));
#5366=CARTESIAN_POINT('',(1.38509119746231,14.9999999999999,-8.07969865186361));
#5367=CARTESIAN_POINT('',(1.3850911974623,14.9999999999999,-8.07969865186361));
#5368=CARTESIAN_POINT('',(7.1,35.9,-7.1));
#5369=CARTESIAN_POINT('',(4.9,35.9,-10.4));
#5370=CARTESIAN_POINT('',(4.9,37.9852126376938,-10.4));
#5371=CARTESIAN_POINT('',(4.9,38.2086190886059,-10.4));
#5372=CARTESIAN_POINT('',(8.19230769230768,14.9999999999999,-5.46153846153848));
#5373=CARTESIAN_POINT('',(8.19230769230768,14.9999999999999,-5.46153846153849));
#5374=CARTESIAN_POINT('',(4.9,35.9,-10.4));
#5375=CARTESIAN_POINT('',(4.46767676268784,35.9,-9.50209789173628));
#5376=CARTESIAN_POINT('',(4.46767676268784,38.4571950582332,-9.50209789173628));
#5377=CARTESIAN_POINT('',(4.46767676268784,38.6761483354029,-9.50209789173628));
#5378=CARTESIAN_POINT('',(-0.0871937639198401,14.9999999999999,-0.041982182628058));
#5379=CARTESIAN_POINT('',(-0.0871937639198438,14.9999999999999,-0.0419821826280516));
#5380=CARTESIAN_POINT('',(4.77048955893622E-15,35.9,-2.25514051876985E-14));
#5381=CARTESIAN_POINT('',(7.50492425062931E-16,35.9,-10.5));
#5382=CARTESIAN_POINT('',(5.85469173142172E-15,38.4571950582332,-10.5));
#5383=CARTESIAN_POINT('',(5.85469173142172E-15,38.6761483354029,-10.5));
#5384=CARTESIAN_POINT('',(4.77048955893622E-15,38.6761483354029,-2.25514051876985E-14));
#5385=CARTESIAN_POINT('',(4.77048955893622E-15,38.4571950582332,-2.25514051876985E-14));
#5386=CARTESIAN_POINT('',(5.85469173142172E-15,35.9,4.16333634234434E-14));
#5387=CARTESIAN_POINT('',(-4.46767676268784,35.9,-9.50209789173628));
#5388=CARTESIAN_POINT('',(-4.46767676268784,38.4571950582332,-9.50209789173628));
#5389=CARTESIAN_POINT('',(-4.46767676268784,38.6761483354029,-9.50209789173628));
#5390=CARTESIAN_POINT('',(5.85469173142172E-15,38.6761483354029,4.16333634234434E-14));
#5391=CARTESIAN_POINT('',(5.85469173142172E-15,38.4571950582332,4.16333634234434E-14));
#5392=CARTESIAN_POINT('',(-4.46767676268784,35.9,-9.50209789173628));
#5393=CARTESIAN_POINT('',(0.0871937639198066,14.9999999999999,-0.0419821826280683));
#5394=CARTESIAN_POINT('',(0.0871937639198038,14.9999999999999,-0.0419821826280751));
#5395=CARTESIAN_POINT('',(-4.46691295064028E-14,14.9999999999999,0.));
#5396=CARTESIAN_POINT('',(1.16207930368335E-15,36.9626453164665,0.));
#5397=CARTESIAN_POINT('',(13.3466179499935,36.9626453164665,0.));
#5398=CARTESIAN_POINT('',(1.73472347597681E-15,32.6897569231462,0.));
#5399=CARTESIAN_POINT('',(-15.4353580735305,32.6897569231462,-3.13244651062022));
#5400=CARTESIAN_POINT('',(-15.4353580735305,32.9529330421407,-3.13244651062022));
#5401=CARTESIAN_POINT('',(-15.393542889878,33.4712294864867,-3.13193596549007));
#5402=CARTESIAN_POINT('',(-15.2039970425869,34.2323590525664,-3.15440901255822));
#5403=CARTESIAN_POINT('',(-14.930710927215,34.8277969334681,-3.25672223587792));
#5404=CARTESIAN_POINT('',(-14.6535850750033,35.2191283127736,-3.50508270670696));
#5405=CARTESIAN_POINT('',(-14.4655719240725,35.3730187129928,-3.85653889501811));
#5406=CARTESIAN_POINT('',(-14.4451823295437,35.2303916480435,-4.25976359153337));
#5407=CARTESIAN_POINT('',(-14.5585561787634,34.8444925145568,-4.61923907236948));
#5408=CARTESIAN_POINT('',(-14.746531812089,34.2459834856104,-4.85074419307658));
#5409=CARTESIAN_POINT('',(-14.9025311224728,33.4764371557536,-4.96707750301818));
#5410=CARTESIAN_POINT('',(-14.9393873210856,32.9543044537932,-4.98770553166877));
#5411=CARTESIAN_POINT('',(-14.9393873210856,32.6897569231465,-4.98770553166877));
#5412=CARTESIAN_POINT('',(-15.4353580735305,32.6897569231462,-3.13244651062021));
#5413=CARTESIAN_POINT('',(-14.9393873210841,32.6897569231462,-4.98770553166788));
#5414=CARTESIAN_POINT('',(1.02774272884371E-15,32.6897569231462,0.));
#5415=CARTESIAN_POINT('',(-5.00490078257223,32.6897569231462,14.9336354634968));
#5416=CARTESIAN_POINT('',(-3.15021396352153,32.6897569231462,15.431741702868));
#5417=CARTESIAN_POINT('',(-3.15021396352153,32.9529330421407,15.431741702868));
#5418=CARTESIAN_POINT('',(-3.14965528015721,33.4712294864867,15.3899271346755));
#5419=CARTESIAN_POINT('',(-3.17191010292453,34.2323590525664,15.200355541515));
#5420=CARTESIAN_POINT('',(-3.27390864537159,34.8277969334681,14.9269518219722));
#5421=CARTESIAN_POINT('',(-3.52194991815809,35.2191283127736,14.6495402352839));
#5422=CARTESIAN_POINT('',(-3.8731894286398,35.3730187129928,14.4611226047349));
#5423=CARTESIAN_POINT('',(-4.27639038499935,35.2303916480435,14.4402688224492));
#5424=CARTESIAN_POINT('',(-4.63599614613168,34.8444925145568,14.5532287603462));
#5425=CARTESIAN_POINT('',(-4.86771751517394,34.2459834856104,14.7409377552478));
#5426=CARTESIAN_POINT('',(-4.98423033791358,33.4764371557536,14.8968030367553));
#5427=CARTESIAN_POINT('',(-5.00490078257311,32.9543044537933,14.9336354634982));
#5428=CARTESIAN_POINT('',(-5.00490078257312,32.6897569231465,14.9336354634982));
#5429=CARTESIAN_POINT('',(-3.15021396352153,32.6897569231462,15.431741702868));
#5430=CARTESIAN_POINT('',(1.02774272884371E-15,32.6897569231462,0.));
#5431=CARTESIAN_POINT('',(-0.96020479878786,32.6897569231462,15.720703125));
#5432=CARTESIAN_POINT('',(-5.58525038275948E-16,35.3236703613594,15.));
#5433=CARTESIAN_POINT('',(-0.134063572233097,35.3236703613594,15.));
#5434=CARTESIAN_POINT('',(-0.388664566700288,35.2252840817923,15.0581579014543));
#5435=CARTESIAN_POINT('',(-0.705626539955984,34.8391413221891,15.2600048579925));
#5436=CARTESIAN_POINT('',(-0.877663194084244,34.242842067045,15.4998240371532));
#5437=CARTESIAN_POINT('',(-0.949913874655859,33.4758105715375,15.6798408842065));
#5438=CARTESIAN_POINT('',(-0.960204798788072,32.9533439822417,15.7207031250007));
#5439=CARTESIAN_POINT('',(-0.960204798788073,32.6897569231463,15.7207031250007));
#5440=CARTESIAN_POINT('',(3.00073173897834E-17,35.3236703613594,15.));
#5441=CARTESIAN_POINT('',(0.96020479878786,32.6897569231462,15.720703125));
#5442=CARTESIAN_POINT('',(0.96020479878786,32.9537656699298,15.720703125));
#5443=CARTESIAN_POINT('',(0.949756747105254,33.4740231638668,15.6797552023022));
#5444=CARTESIAN_POINT('',(0.878917735903266,34.2359082547664,15.5020742062721));
#5445=CARTESIAN_POINT('',(0.706504115193344,34.8377429382489,15.2607570983229));
#5446=CARTESIAN_POINT('',(0.389684063478534,35.2245562388349,15.0585588404477));
#5447=CARTESIAN_POINT('',(0.134591285336148,35.3236703613671,14.9999999999955));
#5448=CARTESIAN_POINT('',(1.13573701729497E-12,35.3236703613674,14.9999999999954));
#5449=CARTESIAN_POINT('',(0.960204798787861,32.6897569231462,15.720703125));
#5450=CARTESIAN_POINT('',(1.02774272884371E-15,32.6897569231462,0.));
#5451=CARTESIAN_POINT('',(3.15021396352153,32.6897569231462,15.431741702868));
#5452=CARTESIAN_POINT('',(5.00490078257223,32.6897569231462,14.9336354634968));
#5453=CARTESIAN_POINT('',(5.00490078257223,32.9529330421407,14.9336354634968));
#5454=CARTESIAN_POINT('',(4.98443533579847,33.4712294864867,14.8971671796247));
#5455=CARTESIAN_POINT('',(4.87020018249145,34.2323590525664,14.7442521842228));
#5456=CARTESIAN_POINT('',(4.64495127426757,34.8277969334681,14.5587360774691));
#5457=CARTESIAN_POINT('',(4.29130187112791,35.2191283127736,14.4429182848228));
#5458=CARTESIAN_POINT('',(3.89292530826781,35.3730187129928,14.4558222140268));
#5459=CARTESIAN_POINT('',(3.53352768038789,35.2303916480435,14.6397766554496));
#5460=CARTESIAN_POINT('',(3.27889970655607,34.8444925145568,14.9176990294167));
#5461=CARTESIAN_POINT('',(3.17239820758036,34.2459834856104,15.1962432635228));
#5462=CARTESIAN_POINT('',(3.14965026105647,33.4764371557536,15.3895092842587));
#5463=CARTESIAN_POINT('',(3.15021396352149,32.9543044537932,15.4317417028697));
#5464=CARTESIAN_POINT('',(3.15021396352149,32.6897569231465,15.4317417028697));
#5465=CARTESIAN_POINT('',(5.00490078257223,32.6897569231462,14.9336354634968));
#5466=CARTESIAN_POINT('',(1.02774272884371E-15,32.6897569231462,0.));
#5467=CARTESIAN_POINT('',(15.4353580735305,32.6897569231462,-3.13244651062021));
#5468=CARTESIAN_POINT('',(14.9393873210841,32.6897569231462,-4.98770553166787));
#5469=CARTESIAN_POINT('',(14.9393873210841,32.9529330421407,-4.98770553166787));
#5470=CARTESIAN_POINT('',(14.9028955010991,33.4712294864867,-4.96728208155782));
#5471=CARTESIAN_POINT('',(14.7498490969698,34.2323590525664,-4.85322304310433));
#5472=CARTESIAN_POINT('',(14.5640738015802,34.8277969334682,-4.62818785442482));
#5473=CARTESIAN_POINT('',(14.4478489565972,35.2191283127736,-4.27467201766051));
#5474=CARTESIAN_POINT('',(14.4602942572617,35.3730187129928,-3.87628086349605));
#5475=CARTESIAN_POINT('',(14.6438348302171,35.2303916480436,-3.51667170131564));
#5476=CARTESIAN_POINT('',(14.9214638866119,34.8444925145568,-3.26172394577628));
#5477=CARTESIAN_POINT('',(15.1998853292367,34.2459834856104,-3.15490185103678));
#5478=CARTESIAN_POINT('',(15.39312503396,33.4764371557536,-3.13193142743137));
#5479=CARTESIAN_POINT('',(15.4353580735322,32.9543044537932,-3.13244651062017));
#5480=CARTESIAN_POINT('',(15.4353580735322,32.6897569231465,-3.13244651062017));
#5481=CARTESIAN_POINT('',(14.9393873210841,32.6897569231462,-4.98770553166788));
#5482=CARTESIAN_POINT('',(1.02774272884371E-15,32.6897569231462,0.));
#5483=CARTESIAN_POINT('',(14.0946306709974,32.6897569231462,-7.02878981391398));
#5484=CARTESIAN_POINT('',(12.9903810567666,35.3236703613595,-7.5));
#5485=CARTESIAN_POINT('',(13.0574121622643,35.3236703613595,-7.38389871959041));
#5486=CARTESIAN_POINT('',(13.2350798651613,35.2252840813797,-7.19248503866435));
#5487=CARTESIAN_POINT('',(13.568364878505,34.8391414068113,-7.01891225816719));
#5488=CARTESIAN_POINT('',(13.8620730681819,34.2428423035376,-6.98983326453272));
#5489=CARTESIAN_POINT('',(14.054097726909,33.4758086823404,-7.01727098392323));
#5490=CARTESIAN_POINT('',(14.0946306709981,32.953344142763,-7.02878981391417));
#5491=CARTESIAN_POINT('',(14.0946306709981,32.6897569231463,-7.02878981391417));
#5492=CARTESIAN_POINT('',(12.9903810567666,35.3236703613594,-7.5));
#5493=CARTESIAN_POINT('',(13.1344258722095,32.6897569231462,-8.69191331108601));
#5494=CARTESIAN_POINT('',(13.1344258722095,32.9537657027723,-8.69191331108601));
#5495=CARTESIAN_POINT('',(13.104187958941,33.4740232512725,-8.66239105651903));
#5496=CARTESIAN_POINT('',(12.9857311372817,34.2359084744984,-8.51220217043934));
#5497=CARTESIAN_POINT('',(12.8629513222659,34.8377430969453,-8.2422288387003));
#5498=CARTESIAN_POINT('',(12.8462523256708,35.2245565136045,-7.86675565704772));
#5499=CARTESIAN_POINT('',(12.9230859159926,35.3236703613697,-7.61655860291112));
#5500=CARTESIAN_POINT('',(12.9903810567605,35.32367036137,-7.49999999999823));
#5501=CARTESIAN_POINT('',(13.1344258722095,32.6897569231462,-8.69191331108601));
#5502=CARTESIAN_POINT('',(1.02774272884371E-15,32.6897569231462,0.));
#5503=CARTESIAN_POINT('',(11.7891733575626,32.6897569231462,-10.4440361712001));
#5504=CARTESIAN_POINT('',(10.4304572909583,32.6897569231462,-11.8011889528765));
#5505=CARTESIAN_POINT('',(10.4304572909583,32.9529330421407,-11.8011889528765));
#5506=CARTESIAN_POINT('',(10.4091075540795,33.4712294864867,-11.7652312141346));
#5507=CARTESIAN_POINT('',(10.3337968600954,34.2323590525664,-11.5898431716646));
#5508=CARTESIAN_POINT('',(10.2857596529474,34.8277969334682,-11.3020138415911));
#5509=CARTESIAN_POINT('',(10.3622832038754,35.2191283127736,-10.9378355781159));
#5510=CARTESIAN_POINT('',(10.5726466158047,35.3730187129928,-10.5992833190087));
#5511=CARTESIAN_POINT('',(10.9116546491558,35.2303916480436,-10.3800130639162));
#5512=CARTESIAN_POINT('',(11.2796564722073,34.8444925145568,-10.2984599570472));
#5513=CARTESIAN_POINT('',(11.5741336045087,34.2459834856104,-10.3454990704462));
#5514=CARTESIAN_POINT('',(11.7528808614163,33.4764371557536,-10.4224317812406));
#5515=CARTESIAN_POINT('',(11.7891733575641,32.9543044537932,-10.4440361712009));
#5516=CARTESIAN_POINT('',(11.7891733575641,32.6897569231465,-10.4440361712009));
#5517=CARTESIAN_POINT('',(10.4304572909583,32.6897569231462,-11.8011889528765));
#5518=CARTESIAN_POINT('',(1.02774272884371E-15,32.6897569231462,0.));
#5519=CARTESIAN_POINT('',(-10.4304572909583,32.6897569231462,-11.8011889528766));
#5520=CARTESIAN_POINT('',(-11.7891733575626,32.6897569231462,-10.4440361712001));
#5521=CARTESIAN_POINT('',(-11.7891733575626,32.9529330421407,-10.4440361712001));
#5522=CARTESIAN_POINT('',(-11.7532402209418,33.4712294864867,-10.4226450531177));
#5523=CARTESIAN_POINT('',(-11.5779389940453,34.2323590525664,-10.3471324984106));
#5524=CARTESIAN_POINT('',(-11.2901651562086,34.8277969334682,-10.2987639675474));
#5525=CARTESIAN_POINT('',(-10.9258990384391,35.2191283127736,-10.3748682176234));
#5526=CARTESIAN_POINT('',(-10.5871048286219,35.3730187129928,-10.5848417412389));
#5527=CARTESIAN_POINT('',(-10.3674444452177,35.2303916480436,-10.9235971211336));
#5528=CARTESIAN_POINT('',(-10.2854677404802,34.8444925145568,-11.2915048145699));
#5529=CARTESIAN_POINT('',(-10.3321678140627,34.2459834856104,-11.586035904211));
#5530=CARTESIAN_POINT('',(-10.4088946960464,33.4764371557536,-11.7648716093239));
#5531=CARTESIAN_POINT('',(-10.4304572909591,32.9543044537933,-11.8011889528781));
#5532=CARTESIAN_POINT('',(-10.4304572909591,32.6897569231465,-11.8011889528781));
#5533=CARTESIAN_POINT('',(-11.7891733575626,32.6897569231462,-10.4440361712001));
#5534=CARTESIAN_POINT('',(1.02774272884371E-15,32.6897569231462,0.));
#5535=CARTESIAN_POINT('',(-13.1344258722095,32.6897569231462,-8.69191331108602));
#5536=CARTESIAN_POINT('',(-12.9903810567666,35.3236703613594,-7.50000000000001));
#5537=CARTESIAN_POINT('',(-12.9233499519464,35.3236703613594,-7.61610127923605));
#5538=CARTESIAN_POINT('',(-12.8464146921037,35.2252840813792,-7.86567286553716));
#5539=CARTESIAN_POINT('',(-12.8627387619214,34.8391414068954,-8.24109254312553));
#5540=CARTESIAN_POINT('',(-12.9844097093303,34.2428423037721,-8.50999079404811));
#5541=CARTESIAN_POINT('',(-13.1041838009755,33.4758086804598,-8.66257016698768));
#5542=CARTESIAN_POINT('',(-13.13442587221,32.9533441429228,-8.69191331108657));
#5543=CARTESIAN_POINT('',(-13.13442587221,32.6897569231463,-8.69191331108657));
#5544=CARTESIAN_POINT('',(-12.9903810567666,35.3236703613594,-7.50000000000001));
#5545=CARTESIAN_POINT('',(-14.0946306709973,32.6897569231462,-7.02878981391399));
#5546=CARTESIAN_POINT('',(-14.0946306709973,32.9537657027396,-7.02878981391399));
#5547=CARTESIAN_POINT('',(-14.053944691943,33.4740232511855,-7.01736414014022));
#5548=CARTESIAN_POINT('',(-13.8646488904416,34.2359084742798,-6.98987196643021));
#5549=CARTESIAN_POINT('',(-13.5694552194177,34.8377430967874,-7.0185281932197));
#5550=CARTESIAN_POINT('',(-13.2359364073278,35.2245565133312,-7.19180302902437));
#5551=CARTESIAN_POINT('',(-13.0576761980295,35.3236703613697,-7.38344139621818));
#5552=CARTESIAN_POINT('',(-12.990381056762,35.32367036137,-7.49999999999562));
#5553=CARTESIAN_POINT('',(-14.0946306709973,32.6897569231462,-7.02878981391399));
#5554=CARTESIAN_POINT('',(1.02774272884371E-15,32.6897569231462,0.));
#5555=CARTESIAN_POINT('',(6.28785788318916E-17,2.,0.));
#5556=CARTESIAN_POINT('',(9.02307606237646E-16,28.7,0.));
#5557=CARTESIAN_POINT('',(3.15021396352152,28.7,15.431741702868));
#5558=CARTESIAN_POINT('',(5.00490078257223,28.7,14.9336354634968));
#5559=CARTESIAN_POINT('',(3.15021396352152,34.7,15.431741702868));
#5560=CARTESIAN_POINT('',(0.960204798787861,34.7,15.720703125));
#5561=CARTESIAN_POINT('',(0.96020479878786,28.7,15.720703125));
#5562=CARTESIAN_POINT('',(9.02307606237646E-16,28.7,0.));
#5563=CARTESIAN_POINT('',(-0.960204798787861,28.7,15.720703125));
#5564=CARTESIAN_POINT('',(-0.960204798787862,34.7,15.720703125));
#5565=CARTESIAN_POINT('',(-3.15021396352153,34.7,15.4317417028679));
#5566=CARTESIAN_POINT('',(-3.15021396352153,28.7,15.431741702868));
#5567=CARTESIAN_POINT('',(9.02307606237646E-16,28.7,0.));
#5568=CARTESIAN_POINT('',(-5.00490078257223,28.7,14.9336354634968));
#5569=CARTESIAN_POINT('',(-5.00490078257222,34.7,14.9336354634968));
#5570=CARTESIAN_POINT('',(-15.4353580735305,34.7,-3.13244651062022));
#5571=CARTESIAN_POINT('',(-15.4353580735305,28.7,-3.13244651062022));
#5572=CARTESIAN_POINT('',(9.02307606237646E-16,28.7,0.));
#5573=CARTESIAN_POINT('',(-14.9393873210841,28.7,-4.98770553166788));
#5574=CARTESIAN_POINT('',(-14.9393873210841,34.7,-4.98770553166788));
#5575=CARTESIAN_POINT('',(-14.0946306709973,34.7,-7.028789813914));
#5576=CARTESIAN_POINT('',(-14.0946306709973,28.7,-7.02878981391399));
#5577=CARTESIAN_POINT('',(9.02307606237646E-16,28.7,0.));
#5578=CARTESIAN_POINT('',(-13.1344258722095,28.7,-8.69191331108602));
#5579=CARTESIAN_POINT('',(-13.1344258722095,34.7,-8.69191331108602));
#5580=CARTESIAN_POINT('',(-11.7891733575626,34.7,-10.4440361712001));
#5581=CARTESIAN_POINT('',(-11.7891733575626,28.7,-10.4440361712001));
#5582=CARTESIAN_POINT('',(9.02307606237646E-16,28.7,0.));
#5583=CARTESIAN_POINT('',(-10.4304572909583,28.7,-11.8011889528766));
#5584=CARTESIAN_POINT('',(-10.4304572909583,34.7,-11.8011889528766));
#5585=CARTESIAN_POINT('',(10.4304572909583,34.7,-11.8011889528765));
#5586=CARTESIAN_POINT('',(10.4304572909583,28.7,-11.8011889528765));
#5587=CARTESIAN_POINT('',(9.02307606237646E-16,28.7,0.));
#5588=CARTESIAN_POINT('',(11.7891733575626,28.7,-10.4440361712001));
#5589=CARTESIAN_POINT('',(11.7891733575626,34.7,-10.4440361712001));
#5590=CARTESIAN_POINT('',(13.1344258722095,34.7,-8.69191331108602));
#5591=CARTESIAN_POINT('',(13.1344258722095,28.7,-8.69191331108601));
#5592=CARTESIAN_POINT('',(9.02307606237646E-16,28.7,0.));
#5593=CARTESIAN_POINT('',(14.0946306709973,28.7,-7.02878981391399));
#5594=CARTESIAN_POINT('',(14.0946306709974,34.7,-7.02878981391399));
#5595=CARTESIAN_POINT('',(14.9393873210842,34.7,-4.98770553166788));
#5596=CARTESIAN_POINT('',(14.9393873210841,28.7,-4.98770553166787));
#5597=CARTESIAN_POINT('',(9.02307606237646E-16,28.7,0.));
#5598=CARTESIAN_POINT('',(15.4353580735305,28.7,-3.13244651062021));
#5599=CARTESIAN_POINT('',(15.4353580735305,34.7,-3.13244651062021));
#5600=CARTESIAN_POINT('',(5.00490078257223,34.7,14.9336354634968));
#5601=CARTESIAN_POINT('',(8.17421524814592E-16,26.,0.));
#5602=CARTESIAN_POINT('',(15.75,26.,0.));
#5603=CARTESIAN_POINT('',(15.75,26.,0.));
#5604=CARTESIAN_POINT('',(8.17421524814592E-16,26.,0.));
#5605=CARTESIAN_POINT('',(15.65,26.,0.));
#5606=CARTESIAN_POINT('',(6.28785788318916E-17,2.,0.));
#5607=CARTESIAN_POINT('',(7.16815798683565E-16,22.8,0.));
#5608=CARTESIAN_POINT('',(15.65,22.8,0.));
#5609=CARTESIAN_POINT('',(15.65,22.8,0.));
#5610=CARTESIAN_POINT('',(7.16815798683565E-16,22.8,0.));
#5611=CARTESIAN_POINT('',(15.75,22.8,0.));
#5612=CARTESIAN_POINT('',(6.28785788318916E-17,2.,0.));
#5613=CARTESIAN_POINT('',(6.85376509267619E-16,21.8,0.));
#5614=CARTESIAN_POINT('',(15.75,21.8,0.));
#5615=CARTESIAN_POINT('',(6.85376509267619E-16,21.8,0.));
#5616=CARTESIAN_POINT('',(6.44535674300909E-16,20.5009618943233,0.));
#5617=CARTESIAN_POINT('',(18.,20.5009618943233,0.));
#5618=CARTESIAN_POINT('',(6.28785788318916E-17,2.,0.));
#5619=CARTESIAN_POINT('',(2.35317659802447E-16,7.48482755730144,0.));
#5620=CARTESIAN_POINT('',(18.,7.48482755730144,0.));
#5621=CARTESIAN_POINT('',(2.35317659802447E-16,7.48482755730144,0.));
#5622=CARTESIAN_POINT('',(6.28785788318917E-17,2.,0.));
#5623=CARTESIAN_POINT('',(27.5,2.,0.));
#5624=CARTESIAN_POINT('',(6.28785788318916E-17,2.,0.));
#5625=CARTESIAN_POINT('',(2.40741243048404E-32,8.67361737988404E-16,0.));
#5626=CARTESIAN_POINT('',(27.5,2.78127904989393E-18,0.));
#5627=CARTESIAN_POINT('',(0.,28.7,0.));
#5628=CARTESIAN_POINT('',(-1.13841228110978E-15,28.7,16.));
#5629=CARTESIAN_POINT('',(3.00073173897834E-17,28.7,15.));
#5630=CARTESIAN_POINT('',(1.30104260698261E-15,28.7,16.));
#5631=CARTESIAN_POINT('',(1.30104260698261E-15,28.7,16.));
#5632=CARTESIAN_POINT('',(3.00073173897834E-17,28.7,15.));
#5633=CARTESIAN_POINT('',(-1.13841228110978E-15,28.7,16.));
#5634=CARTESIAN_POINT('',(0.,28.7,0.));
#5635=CARTESIAN_POINT('',(-4.15,28.7,15.4524269938415));
#5636=CARTESIAN_POINT('',(-4.15,28.7,15.4524269938415));
#5637=CARTESIAN_POINT('',(0.,28.7,0.));
#5638=CARTESIAN_POINT('',(-15.4571943267911,28.7,-4.13220807121532));
#5639=CARTESIAN_POINT('',(-15.4571943267911,28.7,-4.13220807121532));
#5640=CARTESIAN_POINT('',(0.,28.7,0.));
#5641=CARTESIAN_POINT('',(-13.856406460551,28.7,-8.00000000000001));
#5642=CARTESIAN_POINT('',(-12.9903810567666,28.7,-7.50000000000001));
#5643=CARTESIAN_POINT('',(-13.856406460551,28.7,-8.00000000000001));
#5644=CARTESIAN_POINT('',(-13.856406460551,28.7,-8.00000000000001));
#5645=CARTESIAN_POINT('',(-12.9903810567666,28.7,-7.50000000000001));
#5646=CARTESIAN_POINT('',(-13.856406460551,28.7,-8.00000000000001));
#5647=CARTESIAN_POINT('',(0.,28.7,0.));
#5648=CARTESIAN_POINT('',(-11.3071943267911,28.7,-11.3202189226261));
#5649=CARTESIAN_POINT('',(-11.3071943267911,28.7,-11.3202189226261));
#5650=CARTESIAN_POINT('',(0.,28.7,0.));
#5651=CARTESIAN_POINT('',(11.3071943267911,28.7,-11.3202189226261));
#5652=CARTESIAN_POINT('',(11.3071943267911,28.7,-11.3202189226261));
#5653=CARTESIAN_POINT('',(0.,28.7,0.));
#5654=CARTESIAN_POINT('',(13.856406460551,28.7,-8.));
#5655=CARTESIAN_POINT('',(12.9903810567666,28.7,-7.5));
#5656=CARTESIAN_POINT('',(13.856406460551,28.7,-8.));
#5657=CARTESIAN_POINT('',(13.856406460551,28.7,-8.));
#5658=CARTESIAN_POINT('',(12.9903810567666,28.7,-7.5));
#5659=CARTESIAN_POINT('',(13.856406460551,28.7,-8.));
#5660=CARTESIAN_POINT('',(0.,28.7,0.));
#5661=CARTESIAN_POINT('',(15.4571943267911,28.7,-4.1322080712153));
#5662=CARTESIAN_POINT('',(15.4571943267911,28.7,-4.1322080712153));
#5663=CARTESIAN_POINT('',(4.15,28.7,15.4524269938415));
#5664=CARTESIAN_POINT('',(4.15,28.7,15.4524269938415));
#5665=CARTESIAN_POINT('',(0.,28.7,0.));
#5666=CARTESIAN_POINT('',(-2.77555756156289E-14,14.9999999999999,0.));
#5667=CARTESIAN_POINT('',(-36.,-27.,-30.));
#5668=CARTESIAN_POINT('',(-36.,-27.,-30.));
#5669=CARTESIAN_POINT('',(-36.,-27.,-30.));
#5670=CARTESIAN_POINT('',(-36.,-27.,30.));
#5671=CARTESIAN_POINT('',(-36.,-27.,30.));
#5672=CARTESIAN_POINT('',(-35.5287132469381,0.,30.));
#5673=CARTESIAN_POINT('',(-35.5287132469381,0.,-30.));
#5674=CARTESIAN_POINT('',(-35.5287132469381,0.,-30.));
#5675=CARTESIAN_POINT('',(-36.,-27.,-30.));
#5676=CARTESIAN_POINT('',(-30.,-27.,30.));
#5677=CARTESIAN_POINT('',(-30.,-27.,30.));
#5678=CARTESIAN_POINT('',(-30.,-27.,36.));
#5679=CARTESIAN_POINT('',(-30.,-27.,36.));
#5680=CARTESIAN_POINT('',(-30.,0.,35.5287132469381));
#5681=CARTESIAN_POINT('',(-30.,0.,30.));
#5682=CARTESIAN_POINT('',(-30.,-27.,36.));
#5683=CARTESIAN_POINT('',(-30.,-27.,36.));
#5684=CARTESIAN_POINT('',(30.,-27.,36.));
#5685=CARTESIAN_POINT('',(30.,-27.,36.));
#5686=CARTESIAN_POINT('',(30.,0.,35.5287132469381));
#5687=CARTESIAN_POINT('',(-30.,0.,35.5287132469381));
#5688=CARTESIAN_POINT('',(30.,-27.,30.));
#5689=CARTESIAN_POINT('',(30.,-27.,30.));
#5690=CARTESIAN_POINT('',(36.,-27.,30.));
#5691=CARTESIAN_POINT('',(36.,-27.,30.));
#5692=CARTESIAN_POINT('',(35.5287132469381,0.,30.));
#5693=CARTESIAN_POINT('',(30.,0.,30.));
#5694=CARTESIAN_POINT('',(36.,-27.,30.));
#5695=CARTESIAN_POINT('',(36.,-27.,30.));
#5696=CARTESIAN_POINT('',(36.,-27.,-30.));
#5697=CARTESIAN_POINT('',(36.,-27.,-30.));
#5698=CARTESIAN_POINT('',(35.5287132469381,0.,-30.));
#5699=CARTESIAN_POINT('',(35.5287132469381,0.,30.));
#5700=CARTESIAN_POINT('',(30.,-27.,-30.));
#5701=CARTESIAN_POINT('',(30.,-27.,-30.));
#5702=CARTESIAN_POINT('',(30.,-27.,-36.));
#5703=CARTESIAN_POINT('',(30.,-27.,-36.));
#5704=CARTESIAN_POINT('',(30.,0.,-35.5287132469381));
#5705=CARTESIAN_POINT('',(30.,0.,-30.));
#5706=CARTESIAN_POINT('',(30.,-27.,-36.));
#5707=CARTESIAN_POINT('',(30.,-27.,-36.));
#5708=CARTESIAN_POINT('',(-30.,-27.,-36.));
#5709=CARTESIAN_POINT('',(-30.,-27.,-36.));
#5710=CARTESIAN_POINT('',(-30.,0.,-35.5287132469381));
#5711=CARTESIAN_POINT('',(30.,0.,-35.5287132469381));
#5712=CARTESIAN_POINT('',(-30.,-27.,-30.));
#5713=CARTESIAN_POINT('',(-30.,-27.,-30.));
#5714=CARTESIAN_POINT('',(-30.,0.,-30.));
#5715=CARTESIAN_POINT('',(-30.,0.,30.));
#5716=CARTESIAN_POINT('',(29.5,0.,29.5));
#5717=CARTESIAN_POINT('',(29.5,0.,25.5));
#5718=CARTESIAN_POINT('',(-29.5,0.,-29.5));
#5719=CARTESIAN_POINT('',(-29.5,0.,-33.5));
#5720=CARTESIAN_POINT('',(29.5,0.,-29.5));
#5721=CARTESIAN_POINT('',(29.5,0.,-33.5));
#5722=CARTESIAN_POINT('',(-29.5,0.,29.5));
#5723=CARTESIAN_POINT('',(-29.5,0.,25.5));
#5724=CARTESIAN_POINT('',(-36.,-27.,-30.));
#5725=CARTESIAN_POINT('',(-36.,-27.,-30.));
#5726=CARTESIAN_POINT('',(-35.3978002599765,-61.5,-30.));
#5727=CARTESIAN_POINT('',(-35.3978002599765,-61.5,30.));
#5728=CARTESIAN_POINT('',(-35.3978002599765,-61.5,30.));
#5729=CARTESIAN_POINT('',(-36.,-27.,30.));
#5730=CARTESIAN_POINT('',(-30.,-27.,30.));
#5731=CARTESIAN_POINT('',(-30.,-61.5,30.));
#5732=CARTESIAN_POINT('',(-30.,-61.5,35.3978002599765));
#5733=CARTESIAN_POINT('',(-30.,-27.,36.));
#5734=CARTESIAN_POINT('',(-30.,-27.,36.));
#5735=CARTESIAN_POINT('',(0.,-44.,35.7032638962203));
#5736=CARTESIAN_POINT('',(0.,-33.75,35.8821783117345));
#5737=CARTESIAN_POINT('',(-30.,-61.5,35.3978002599765));
#5738=CARTESIAN_POINT('',(30.,-61.5,35.3978002599765));
#5739=CARTESIAN_POINT('',(30.,-27.,36.));
#5740=CARTESIAN_POINT('',(30.,-27.,30.));
#5741=CARTESIAN_POINT('',(30.,-61.5,30.));
#5742=CARTESIAN_POINT('',(35.3978002599765,-61.5,30.));
#5743=CARTESIAN_POINT('',(36.,-27.,30.));
#5744=CARTESIAN_POINT('',(36.,-27.,30.));
#5745=CARTESIAN_POINT('',(35.3978002599765,-61.5,30.));
#5746=CARTESIAN_POINT('',(35.3978002599765,-61.5,-30.));
#5747=CARTESIAN_POINT('',(36.,-27.,-30.));
#5748=CARTESIAN_POINT('',(30.,-27.,-30.));
#5749=CARTESIAN_POINT('',(30.,-61.5,-30.));
#5750=CARTESIAN_POINT('',(30.,-61.5,-35.3978002599765));
#5751=CARTESIAN_POINT('',(30.,-27.,-36.));
#5752=CARTESIAN_POINT('',(30.,-27.,-36.));
#5753=CARTESIAN_POINT('',(0.,-44.,-35.7032638962203));
#5754=CARTESIAN_POINT('',(0.,-54.25,-35.5243494807061));
#5755=CARTESIAN_POINT('',(-30.,-61.5,-35.3978002599765));
#5756=CARTESIAN_POINT('',(-30.,-61.5,-35.3978002599765));
#5757=CARTESIAN_POINT('',(-30.,-27.,-36.));
#5758=CARTESIAN_POINT('',(-30.,-27.,-30.));
#5759=CARTESIAN_POINT('',(-30.,-61.5,-30.));
#5760=CARTESIAN_POINT('',(-30.,-61.5,30.));
#5761=CARTESIAN_POINT('',(20.5,-61.5,-31.6));
#5762=CARTESIAN_POINT('',(20.5,-61.5,-31.6));
#5763=CARTESIAN_POINT('',(18.5,-61.5,-31.6));
#5764=CARTESIAN_POINT('',(18.5,-61.5,-29.5));
#5765=CARTESIAN_POINT('',(18.5,-61.5,-27.4));
#5766=CARTESIAN_POINT('',(18.5,-61.5,-27.4));
#5767=CARTESIAN_POINT('',(20.5,-61.5,-27.4));
#5768=CARTESIAN_POINT('',(20.5,-61.5,-29.5));
#5769=CARTESIAN_POINT('',(-21.6,-61.5,28.5));
#5770=CARTESIAN_POINT('',(-21.6,-61.5,28.5));
#5771=CARTESIAN_POINT('',(-21.6,-61.5,30.5));
#5772=CARTESIAN_POINT('',(-19.5,-61.5,30.5));
#5773=CARTESIAN_POINT('',(-17.4,-61.5,30.5));
#5774=CARTESIAN_POINT('',(-17.4,-61.5,30.5));
#5775=CARTESIAN_POINT('',(-17.4,-61.5,28.5));
#5776=CARTESIAN_POINT('',(-19.5,-61.5,28.5));
#5777=CARTESIAN_POINT('',(-29.5,-61.5,-29.5));
#5778=CARTESIAN_POINT('',(-25.7,-61.5,-29.5));
#5779=CARTESIAN_POINT('',(29.5,-61.5,29.5));
#5780=CARTESIAN_POINT('',(33.3,-61.5,29.5));
#5781=CARTESIAN_POINT('',(29.5,-61.5,-29.5));
#5782=CARTESIAN_POINT('',(33.3,-61.5,-29.5));
#5783=CARTESIAN_POINT('',(-29.5,-61.5,29.5));
#5784=CARTESIAN_POINT('',(-25.7,-61.5,29.5));
#5785=CARTESIAN_POINT('',(-29.5,-1.2,29.5));
#5786=CARTESIAN_POINT('',(-29.5,-1.2,29.5));
#5787=CARTESIAN_POINT('',(-29.5,-1.2,25.5));
#5788=CARTESIAN_POINT('',(-25.5,-1.2,29.5));
#5789=CARTESIAN_POINT('',(-29.,-1.2,32.75));
#5790=CARTESIAN_POINT('',(-29.,-1.2,30.));
#5791=CARTESIAN_POINT('',(-29.,-1.2,30.));
#5792=CARTESIAN_POINT('',(-27.4,-1.2,30.));
#5793=CARTESIAN_POINT('',(-27.4,-1.2,30.));
#5794=CARTESIAN_POINT('',(-27.4,-1.2,29.));
#5795=CARTESIAN_POINT('',(-27.4,-1.2,29.));
#5796=CARTESIAN_POINT('',(-29.,-1.2,29.));
#5797=CARTESIAN_POINT('',(-29.,-1.2,29.));
#5798=CARTESIAN_POINT('',(-30.,-1.2,30.));
#5799=CARTESIAN_POINT('',(-30.,-1.2,30.));
#5800=CARTESIAN_POINT('',(-30.,-1.2,32.5331501776206));
#5801=CARTESIAN_POINT('',(-29.5,-1.2,29.5));
#5802=CARTESIAN_POINT('',(-30.,-1.2,26.4668498223794));
#5803=CARTESIAN_POINT('',(-30.,-1.2,26.25));
#5804=CARTESIAN_POINT('',(-30.,-1.2,29.));
#5805=CARTESIAN_POINT('',(-30.,-1.2,29.));
#5806=CARTESIAN_POINT('',(-31.6,-1.2,29.));
#5807=CARTESIAN_POINT('',(-31.6,-1.2,29.));
#5808=CARTESIAN_POINT('',(-31.6,-1.2,30.));
#5809=CARTESIAN_POINT('',(-31.6,-1.2,30.));
#5810=CARTESIAN_POINT('',(-29.5,-6.,29.5));
#5811=CARTESIAN_POINT('',(-30.,-6.,29.5));
#5812=CARTESIAN_POINT('',(-30.,-0.34402970304829,30.));
#5813=CARTESIAN_POINT('',(-29.5,-6.,30.));
#5814=CARTESIAN_POINT('',(-31.6,-0.724585324356008,30.));
#5815=CARTESIAN_POINT('',(-31.6,-6.,29.5));
#5816=CARTESIAN_POINT('',(-31.6,-0.724585324356005,29.));
#5817=CARTESIAN_POINT('',(-29.5,-6.,29.));
#5818=CARTESIAN_POINT('',(-30.,-0.34402970304829,29.));
#5819=CARTESIAN_POINT('',(-30.,-6.,29.5));
#5820=CARTESIAN_POINT('',(29.5,-1.2,-29.5));
#5821=CARTESIAN_POINT('',(29.5,-1.2,-29.5));
#5822=CARTESIAN_POINT('',(29.5,-1.2,-33.5));
#5823=CARTESIAN_POINT('',(33.5,-1.2,-29.5));
#5824=CARTESIAN_POINT('',(30.,-1.2,-26.25));
#5825=CARTESIAN_POINT('',(30.,-1.2,-29.));
#5826=CARTESIAN_POINT('',(30.,-1.2,-29.));
#5827=CARTESIAN_POINT('',(31.6,-1.2,-29.));
#5828=CARTESIAN_POINT('',(31.6,-1.2,-29.));
#5829=CARTESIAN_POINT('',(31.6,-1.2,-30.));
#5830=CARTESIAN_POINT('',(31.6,-1.2,-30.));
#5831=CARTESIAN_POINT('',(30.,-1.2,-30.));
#5832=CARTESIAN_POINT('',(30.,-1.2,-30.));
#5833=CARTESIAN_POINT('',(29.,-1.2,-29.));
#5834=CARTESIAN_POINT('',(29.,-1.2,-29.));
#5835=CARTESIAN_POINT('',(29.,-1.2,-26.4668498223794));
#5836=CARTESIAN_POINT('',(29.5,-1.2,-29.5));
#5837=CARTESIAN_POINT('',(29.,-1.2,-32.5331501776206));
#5838=CARTESIAN_POINT('',(29.,-1.2,-32.75));
#5839=CARTESIAN_POINT('',(29.,-1.2,-30.));
#5840=CARTESIAN_POINT('',(29.,-1.2,-30.));
#5841=CARTESIAN_POINT('',(27.4,-1.2,-30.));
#5842=CARTESIAN_POINT('',(27.4,-1.2,-30.));
#5843=CARTESIAN_POINT('',(27.4,-1.2,-29.));
#5844=CARTESIAN_POINT('',(27.4,-1.2,-29.));
#5845=CARTESIAN_POINT('',(29.5,-6.,-29.5));
#5846=CARTESIAN_POINT('',(29.,-6.,-29.5));
#5847=CARTESIAN_POINT('',(29.,-0.34402970304829,-29.));
#5848=CARTESIAN_POINT('',(29.5,-6.,-29.));
#5849=CARTESIAN_POINT('',(27.4,-0.724585324356008,-29.));
#5850=CARTESIAN_POINT('',(27.4,-6.,-29.5));
#5851=CARTESIAN_POINT('',(27.4,-0.724585324356005,-30.));
#5852=CARTESIAN_POINT('',(29.5,-6.,-30.));
#5853=CARTESIAN_POINT('',(29.,-0.34402970304829,-30.));
#5854=CARTESIAN_POINT('',(29.,-6.,-29.5));
#5855=CARTESIAN_POINT('',(-29.5,-1.2,-29.5));
#5856=CARTESIAN_POINT('',(-29.5,-1.2,-29.5));
#5857=CARTESIAN_POINT('',(-29.5,-1.2,-33.5));
#5858=CARTESIAN_POINT('',(-25.5,-1.2,-29.5));
#5859=CARTESIAN_POINT('',(-29.,-1.2,-26.25));
#5860=CARTESIAN_POINT('',(-29.,-1.2,-29.));
#5861=CARTESIAN_POINT('',(-29.,-1.2,-29.));
#5862=CARTESIAN_POINT('',(-27.4,-1.2,-29.));
#5863=CARTESIAN_POINT('',(-27.4,-1.2,-29.));
#5864=CARTESIAN_POINT('',(-27.4,-1.2,-30.));
#5865=CARTESIAN_POINT('',(-27.4,-1.2,-30.));
#5866=CARTESIAN_POINT('',(-29.,-1.2,-30.));
#5867=CARTESIAN_POINT('',(-29.,-1.2,-30.));
#5868=CARTESIAN_POINT('',(-30.,-1.2,-29.));
#5869=CARTESIAN_POINT('',(-30.,-1.2,-29.));
#5870=CARTESIAN_POINT('',(-30.,-1.2,-26.4668498223794));
#5871=CARTESIAN_POINT('',(-29.5,-1.2,-29.5));
#5872=CARTESIAN_POINT('',(-30.,-1.2,-32.5331501776206));
#5873=CARTESIAN_POINT('',(-30.,-1.2,-32.75));
#5874=CARTESIAN_POINT('',(-30.,-1.2,-30.));
#5875=CARTESIAN_POINT('',(-30.,-1.2,-30.));
#5876=CARTESIAN_POINT('',(-31.6,-1.2,-30.));
#5877=CARTESIAN_POINT('',(-31.6,-1.2,-30.));
#5878=CARTESIAN_POINT('',(-31.6,-1.2,-29.));
#5879=CARTESIAN_POINT('',(-31.6,-1.2,-29.));
#5880=CARTESIAN_POINT('',(-29.5,-6.,-29.5));
#5881=CARTESIAN_POINT('',(-30.,-6.,-29.5));
#5882=CARTESIAN_POINT('',(-30.,-0.34402970304829,-29.));
#5883=CARTESIAN_POINT('',(-29.5,-6.,-29.));
#5884=CARTESIAN_POINT('',(-31.6,-0.724585324356008,-29.));
#5885=CARTESIAN_POINT('',(-31.6,-6.,-29.5));
#5886=CARTESIAN_POINT('',(-31.6,-0.724585324356005,-30.));
#5887=CARTESIAN_POINT('',(-29.5,-6.,-30.));
#5888=CARTESIAN_POINT('',(-30.,-0.34402970304829,-30.));
#5889=CARTESIAN_POINT('',(-30.,-6.,-29.5));
#5890=CARTESIAN_POINT('',(29.5,-1.2,29.5));
#5891=CARTESIAN_POINT('',(29.5,-1.2,29.5));
#5892=CARTESIAN_POINT('',(29.5,-1.2,25.5));
#5893=CARTESIAN_POINT('',(33.5,-1.2,29.5));
#5894=CARTESIAN_POINT('',(30.,-1.2,32.75));
#5895=CARTESIAN_POINT('',(30.,-1.2,30.));
#5896=CARTESIAN_POINT('',(30.,-1.2,30.));
#5897=CARTESIAN_POINT('',(31.6,-1.2,30.));
#5898=CARTESIAN_POINT('',(31.6,-1.2,30.));
#5899=CARTESIAN_POINT('',(31.6,-1.2,29.));
#5900=CARTESIAN_POINT('',(31.6,-1.2,29.));
#5901=CARTESIAN_POINT('',(30.,-1.2,29.));
#5902=CARTESIAN_POINT('',(30.,-1.2,29.));
#5903=CARTESIAN_POINT('',(29.,-1.2,30.));
#5904=CARTESIAN_POINT('',(29.,-1.2,30.));
#5905=CARTESIAN_POINT('',(29.,-1.2,32.5331501776206));
#5906=CARTESIAN_POINT('',(29.5,-1.2,29.5));
#5907=CARTESIAN_POINT('',(29.,-1.2,26.4668498223794));
#5908=CARTESIAN_POINT('',(29.,-1.2,26.25));
#5909=CARTESIAN_POINT('',(29.,-1.2,29.));
#5910=CARTESIAN_POINT('',(29.,-1.2,29.));
#5911=CARTESIAN_POINT('',(27.4,-1.2,29.));
#5912=CARTESIAN_POINT('',(27.4,-1.2,29.));
#5913=CARTESIAN_POINT('',(27.4,-1.2,30.));
#5914=CARTESIAN_POINT('',(27.4,-1.2,30.));
#5915=CARTESIAN_POINT('',(29.5,-6.,29.5));
#5916=CARTESIAN_POINT('',(29.,-6.,29.5));
#5917=CARTESIAN_POINT('',(29.,-0.34402970304829,30.));
#5918=CARTESIAN_POINT('',(29.5,-6.,30.));
#5919=CARTESIAN_POINT('',(27.4,-0.724585324356008,30.));
#5920=CARTESIAN_POINT('',(27.4,-6.,29.5));
#5921=CARTESIAN_POINT('',(27.4,-0.724585324356005,29.));
#5922=CARTESIAN_POINT('',(29.5,-6.,29.));
#5923=CARTESIAN_POINT('',(29.,-0.34402970304829,29.));
#5924=CARTESIAN_POINT('',(29.,-6.,29.5));
#5925=CARTESIAN_POINT('',(-31.6,-1.2,29.));
#5926=CARTESIAN_POINT('',(-31.6,-1.2,30.));
#5927=CARTESIAN_POINT('',(-31.6,-1.2,29.));
#5928=CARTESIAN_POINT('',(-31.6,-1.2,30.));
#5929=CARTESIAN_POINT('',(-30.,-1.2,30.));
#5930=CARTESIAN_POINT('',(-30.,-1.2,30.));
#5931=CARTESIAN_POINT('',(-29.,-1.2,32.75));
#5932=CARTESIAN_POINT('',(-29.,-1.2,30.));
#5933=CARTESIAN_POINT('',(-29.,-1.2,30.));
#5934=CARTESIAN_POINT('',(-27.4,-1.2,30.));
#5935=CARTESIAN_POINT('',(-27.4,-1.2,30.));
#5936=CARTESIAN_POINT('',(-27.4,-1.2,29.));
#5937=CARTESIAN_POINT('',(-27.4,-1.2,29.));
#5938=CARTESIAN_POINT('',(-29.,-1.2,29.));
#5939=CARTESIAN_POINT('',(-29.,-1.2,29.));
#5940=CARTESIAN_POINT('',(-30.,-1.2,26.25));
#5941=CARTESIAN_POINT('',(-30.,-1.2,29.));
#5942=CARTESIAN_POINT('',(-30.,-1.2,29.));
#5943=CARTESIAN_POINT('',(27.4,-1.2,29.));
#5944=CARTESIAN_POINT('',(27.4,-1.2,30.));
#5945=CARTESIAN_POINT('',(27.4,-1.2,29.));
#5946=CARTESIAN_POINT('',(27.4,-1.2,30.));
#5947=CARTESIAN_POINT('',(29.,-1.2,30.));
#5948=CARTESIAN_POINT('',(29.,-1.2,30.));
#5949=CARTESIAN_POINT('',(30.,-1.2,32.75));
#5950=CARTESIAN_POINT('',(30.,-1.2,30.));
#5951=CARTESIAN_POINT('',(30.,-1.2,30.));
#5952=CARTESIAN_POINT('',(31.6,-1.2,30.));
#5953=CARTESIAN_POINT('',(31.6,-1.2,30.));
#5954=CARTESIAN_POINT('',(31.6,-1.2,29.));
#5955=CARTESIAN_POINT('',(31.6,-1.2,29.));
#5956=CARTESIAN_POINT('',(30.,-1.2,29.));
#5957=CARTESIAN_POINT('',(30.,-1.2,29.));
#5958=CARTESIAN_POINT('',(29.,-1.2,26.25));
#5959=CARTESIAN_POINT('',(29.,-1.2,29.));
#5960=CARTESIAN_POINT('',(29.,-1.2,29.));
#5961=CARTESIAN_POINT('',(-31.6,-1.2,-30.));
#5962=CARTESIAN_POINT('',(-31.6,-1.2,-29.));
#5963=CARTESIAN_POINT('',(-31.6,-1.2,-30.));
#5964=CARTESIAN_POINT('',(-31.6,-1.2,-29.));
#5965=CARTESIAN_POINT('',(-30.,-1.2,-29.));
#5966=CARTESIAN_POINT('',(-30.,-1.2,-29.));
#5967=CARTESIAN_POINT('',(-29.,-1.2,-26.25));
#5968=CARTESIAN_POINT('',(-29.,-1.2,-29.));
#5969=CARTESIAN_POINT('',(-29.,-1.2,-29.));
#5970=CARTESIAN_POINT('',(-27.4,-1.2,-29.));
#5971=CARTESIAN_POINT('',(-27.4,-1.2,-29.));
#5972=CARTESIAN_POINT('',(-27.4,-1.2,-30.));
#5973=CARTESIAN_POINT('',(-27.4,-1.2,-30.));
#5974=CARTESIAN_POINT('',(-29.,-1.2,-30.));
#5975=CARTESIAN_POINT('',(-29.,-1.2,-30.));
#5976=CARTESIAN_POINT('',(-30.,-1.2,-32.75));
#5977=CARTESIAN_POINT('',(-30.,-1.2,-30.));
#5978=CARTESIAN_POINT('',(-30.,-1.2,-30.));
#5979=CARTESIAN_POINT('',(27.4,-1.2,-30.));
#5980=CARTESIAN_POINT('',(27.4,-1.2,-29.));
#5981=CARTESIAN_POINT('',(27.4,-1.2,-30.));
#5982=CARTESIAN_POINT('',(27.4,-1.2,-29.));
#5983=CARTESIAN_POINT('',(29.,-1.2,-29.));
#5984=CARTESIAN_POINT('',(29.,-1.2,-29.));
#5985=CARTESIAN_POINT('',(30.,-1.2,-26.25));
#5986=CARTESIAN_POINT('',(30.,-1.2,-29.));
#5987=CARTESIAN_POINT('',(30.,-1.2,-29.));
#5988=CARTESIAN_POINT('',(31.6,-1.2,-29.));
#5989=CARTESIAN_POINT('',(31.6,-1.2,-29.));
#5990=CARTESIAN_POINT('',(31.6,-1.2,-30.));
#5991=CARTESIAN_POINT('',(31.6,-1.2,-30.));
#5992=CARTESIAN_POINT('',(30.,-1.2,-30.));
#5993=CARTESIAN_POINT('',(30.,-1.2,-30.));
#5994=CARTESIAN_POINT('',(29.,-1.2,-32.75));
#5995=CARTESIAN_POINT('',(29.,-1.2,-30.));
#5996=CARTESIAN_POINT('',(29.,-1.2,-30.));
#5997=CARTESIAN_POINT('',(0.,-44.,34.7));
#5998=CARTESIAN_POINT('',(0.,-44.,34.7));
#5999=CARTESIAN_POINT('',(9.82367301929154,-44.,34.7));
#6000=CARTESIAN_POINT('',(0.,-44.,34.7));
#6001=CARTESIAN_POINT('',(0.,-44.,33.7));
#6002=CARTESIAN_POINT('',(10.,-44.,33.7));
#6003=CARTESIAN_POINT('',(0.,-54.,33.7));
#6004=CARTESIAN_POINT('',(0.,-44.,33.7));
#6005=CARTESIAN_POINT('',(10.25,-44.,33.7));
#6006=CARTESIAN_POINT('',(0.,-44.,36.));
#6007=CARTESIAN_POINT('',(0.,-44.,-33.7));
#6008=CARTESIAN_POINT('',(0.,-44.,-33.7));
#6009=CARTESIAN_POINT('',(10.25,-44.,-33.7));
#6010=CARTESIAN_POINT('',(0.,-54.25,-33.7));
#6011=CARTESIAN_POINT('',(0.,-44.,-33.7));
#6012=CARTESIAN_POINT('',(10.,-44.,-33.7));
#6013=CARTESIAN_POINT('',(0.,-44.,-33.7));
#6014=CARTESIAN_POINT('',(0.,-44.,-34.7));
#6015=CARTESIAN_POINT('',(9.82367301929154,-44.,-34.7));
#6016=CARTESIAN_POINT('',(0.,-53.8236730192915,-34.7));
#6017=CARTESIAN_POINT('',(37.3217332291203,-43.4944095887724,0.));
#6018=CARTESIAN_POINT('',(37.4142309832379,-38.1952168044435,6.5));
#6019=CARTESIAN_POINT('',(37.4142309832379,-38.1952168044435,6.5));
#6020=CARTESIAN_POINT('',(37.2292354750027,-48.7936023731013,6.5));
#6021=CARTESIAN_POINT('',(37.4142309832379,-38.1952168044435,-6.5));
#6022=CARTESIAN_POINT('',(37.4142309832379,-38.1952168044435,-6.5));
#6023=CARTESIAN_POINT('',(37.2292354750027,-48.7936023731013,-6.5));
#6024=CARTESIAN_POINT('',(37.2292354750027,-48.7936023731013,-6.5));
#6025=CARTESIAN_POINT('',(37.2292354750027,-48.7936023731013,6.5));
#6026=CARTESIAN_POINT('',(37.4142309832379,-38.1952168044435,6.5));
#6027=CARTESIAN_POINT('',(37.4142309832379,-38.1952168044435,6.5));
#6028=CARTESIAN_POINT('',(37.8047724299894,-38.2020337307538,6.5));
#6029=CARTESIAN_POINT('',(37.2292354750027,-48.7936023731013,6.5));
#6030=CARTESIAN_POINT('',(37.6197769217542,-48.8004192994115,6.5));
#6031=CARTESIAN_POINT('',(37.7815403098467,-39.5330010023295,6.5));
#6032=CARTESIAN_POINT('',(37.4142309832379,-38.1952168044435,-6.5));
#6033=CARTESIAN_POINT('',(48.7924977541176,-38.3938251896998,2.81247222208503));
#6034=CARTESIAN_POINT('',(37.8047724299894,-38.2020337307538,2.81247222208503));
#6035=CARTESIAN_POINT('',(48.1790911931393,-38.3831181383506,2.81247222208598));
#6036=CARTESIAN_POINT('',(48.1790911931388,-38.3831181383506,2.81247222208581));
#6037=CARTESIAN_POINT('',(48.4562196672674,-38.3879554338599,2.22116891308157));
#6038=CARTESIAN_POINT('',(48.6767800776448,-38.3918053301437,1.60985354176595));
#6039=CARTESIAN_POINT('',(48.7924977541176,-38.3938251896998,0.961447996513654));
#6040=CARTESIAN_POINT('',(48.7924977541176,-38.3938251896998,0.961447996513654));
#6041=CARTESIAN_POINT('',(48.7924977541176,-38.3938251896998,0.));
#6042=CARTESIAN_POINT('',(48.7924977541176,-38.3938251896998,-0.961447996513654));
#6043=CARTESIAN_POINT('',(48.7924977541176,-38.3938251896998,-0.961447996513654));
#6044=CARTESIAN_POINT('',(48.6770069109686,-38.3918092895341,-1.60858251741156));
#6045=CARTESIAN_POINT('',(48.4559027486525,-38.3879499020249,-2.22184511579316));
#6046=CARTESIAN_POINT('',(48.1790911931388,-38.3831181383506,-2.81247222208581));
#6047=CARTESIAN_POINT('',(48.1790911931393,-38.3831181383506,-2.81247222208598));
#6048=CARTESIAN_POINT('',(48.7924977541176,-38.3938251896998,-2.81247222208503));
#6049=CARTESIAN_POINT('',(37.8047724299894,-38.2020337307538,-2.81247222208503));
#6050=CARTESIAN_POINT('',(37.8047724299894,-38.2020337307538,2.16840434497101E-16));
#6051=CARTESIAN_POINT('',(37.8047724299894,-38.2020337307538,-6.5));
#6052=CARTESIAN_POINT('',(37.4142309832379,-38.1952168044435,-6.5));
#6053=CARTESIAN_POINT('',(37.8047724299894,-38.2020337307538,2.16840434497101E-16));
#6054=CARTESIAN_POINT('',(37.2292354750027,-48.7936023731013,-6.5));
#6055=CARTESIAN_POINT('',(37.2292354750027,-48.7936023731013,-6.5));
#6056=CARTESIAN_POINT('',(37.6197769217542,-48.8004192994115,-6.5));
#6057=CARTESIAN_POINT('',(37.7815403098467,-39.5330010023295,-6.5));
#6058=CARTESIAN_POINT('',(37.2292354750027,-48.7936023731013,6.5));
#6059=CARTESIAN_POINT('',(48.6075022458824,-48.9922107583576,-2.81247222208505));
#6060=CARTESIAN_POINT('',(37.6197769217542,-48.8004192994115,-2.81247222208505));
#6061=CARTESIAN_POINT('',(47.994095684904,-48.9815037070083,-2.81247222208505));
#6062=CARTESIAN_POINT('',(47.994095684904,-48.9815037070083,-2.81247222208505));
#6063=CARTESIAN_POINT('',(48.2734362690948,-48.9863796150425,-2.2164489794694));
#6064=CARTESIAN_POINT('',(48.4928931639237,-48.9902102493906,-1.60364170920669));
#6065=CARTESIAN_POINT('',(48.6075022458824,-48.9922107583576,-0.961447996513692));
#6066=CARTESIAN_POINT('',(48.6075022458824,-48.9922107583576,-0.961447996513693));
#6067=CARTESIAN_POINT('',(48.6075022458824,-48.9922107583576,0.));
#6068=CARTESIAN_POINT('',(48.6075022458824,-48.9922107583576,0.961447996513693));
#6069=CARTESIAN_POINT('',(48.6075022458824,-48.9922107583576,0.961447996513693));
#6070=CARTESIAN_POINT('',(48.4939236565561,-48.9902282367064,1.59786750808603));
#6071=CARTESIAN_POINT('',(48.2715777612065,-48.9863471746666,2.2204144394158));
#6072=CARTESIAN_POINT('',(47.994095684904,-48.9815037070083,2.81247222208505));
#6073=CARTESIAN_POINT('',(47.994095684904,-48.9815037070083,2.81247222208505));
#6074=CARTESIAN_POINT('',(48.6075022458824,-48.9922107583576,2.81247222208505));
#6075=CARTESIAN_POINT('',(37.6197769217542,-48.8004192994115,2.81247222208505));
#6076=CARTESIAN_POINT('',(37.6197769217542,-48.8004192994115,2.16840434497101E-16));
#6077=CARTESIAN_POINT('',(37.6197769217542,-48.8004192994115,2.16840434497101E-16));
#6078=CARTESIAN_POINT('',(48.7940073872744,-38.3073383640688,0.));
#6079=CARTESIAN_POINT('',(48.7,-43.6930179740287,0.));
#6080=CARTESIAN_POINT('',(48.7,-43.6930179740287,0.));
#6081=CARTESIAN_POINT('',(48.0865934390216,-43.6823109226794,0.));
#6082=CARTESIAN_POINT('',(48.0865934390216,-43.6823109226794,0.));
#6083=CARTESIAN_POINT('',(48.0865934390216,-43.6823109226794,0.));
#6084=CARTESIAN_POINT('',(48.0865934390216,-43.6823109226794,0.));
#6085=CARTESIAN_POINT('',(48.7,-43.6930179740287,0.));
#6086=CARTESIAN_POINT('',(37.7122746758718,-43.5012265150826,0.));
#6087=CARTESIAN_POINT('',(48.7,-43.6930179740287,0.));
#6088=CARTESIAN_POINT('',(37.7122746758718,-43.5012265150826,0.));
#6089=CARTESIAN_POINT('',(37.7815403098467,-39.5330010023295,2.16840434497101E-16));
#6090=CARTESIAN_POINT('',(37.7815403098467,-39.5330010023295,2.16840434497101E-16));
#6091=CARTESIAN_POINT('',(-29.5,-59.2,29.5));
#6092=CARTESIAN_POINT('',(-29.5,-59.2,29.5));
#6093=CARTESIAN_POINT('',(-25.7,-59.2,29.5));
#6094=CARTESIAN_POINT('',(-29.5,-59.2,29.5));
#6095=CARTESIAN_POINT('',(29.5,-59.2,-29.5));
#6096=CARTESIAN_POINT('',(29.5,-59.2,-29.5));
#6097=CARTESIAN_POINT('',(33.3,-59.2,-29.5));
#6098=CARTESIAN_POINT('',(29.5,-59.2,-29.5));
#6099=CARTESIAN_POINT('',(29.5,-59.2,29.5));
#6100=CARTESIAN_POINT('',(29.5,-59.2,29.5));
#6101=CARTESIAN_POINT('',(33.3,-59.2,29.5));
#6102=CARTESIAN_POINT('',(29.5,-59.2,29.5));
#6103=CARTESIAN_POINT('',(-29.5,-59.2,-29.5));
#6104=CARTESIAN_POINT('',(-29.5,-59.2,-29.5));
#6105=CARTESIAN_POINT('',(-25.7,-59.2,-29.5));
#6106=CARTESIAN_POINT('',(-29.5,-59.2,-29.5));
#6107=CARTESIAN_POINT('',(-21.6,-59.2,28.5));
#6108=CARTESIAN_POINT('',(-21.6,-59.2,28.5));
#6109=CARTESIAN_POINT('',(-21.6,-59.2,28.5));
#6110=CARTESIAN_POINT('',(-21.6,-59.2,28.5));
#6111=CARTESIAN_POINT('',(-21.6,-59.2,30.5));
#6112=CARTESIAN_POINT('',(-21.6,-59.2,30.5));
#6113=CARTESIAN_POINT('',(-19.5,-59.2,30.5));
#6114=CARTESIAN_POINT('',(-19.5,-59.2,30.5));
#6115=CARTESIAN_POINT('',(-17.4,-59.2,30.5));
#6116=CARTESIAN_POINT('',(-17.4,-59.2,30.5));
#6117=CARTESIAN_POINT('',(-17.4,-59.2,30.5));
#6118=CARTESIAN_POINT('',(-17.4,-59.2,30.5));
#6119=CARTESIAN_POINT('',(-17.4,-59.2,28.5));
#6120=CARTESIAN_POINT('',(-17.4,-59.2,28.5));
#6121=CARTESIAN_POINT('',(-19.5,-59.2,28.5));
#6122=CARTESIAN_POINT('',(-19.5,-59.2,28.5));
#6123=CARTESIAN_POINT('',(-19.5,-59.2,30.5));
#6124=CARTESIAN_POINT('',(20.5,-59.2,-31.6));
#6125=CARTESIAN_POINT('',(20.5,-59.2,-31.6));
#6126=CARTESIAN_POINT('',(20.5,-59.2,-31.6));
#6127=CARTESIAN_POINT('',(20.5,-59.2,-31.6));
#6128=CARTESIAN_POINT('',(18.5,-59.2,-31.6));
#6129=CARTESIAN_POINT('',(18.5,-59.2,-31.6));
#6130=CARTESIAN_POINT('',(18.5,-59.2,-29.5));
#6131=CARTESIAN_POINT('',(18.5,-59.2,-29.5));
#6132=CARTESIAN_POINT('',(18.5,-59.2,-27.4));
#6133=CARTESIAN_POINT('',(18.5,-59.2,-27.4));
#6134=CARTESIAN_POINT('',(18.5,-59.2,-27.4));
#6135=CARTESIAN_POINT('',(18.5,-59.2,-27.4));
#6136=CARTESIAN_POINT('',(20.5,-59.2,-27.4));
#6137=CARTESIAN_POINT('',(20.5,-59.2,-27.4));
#6138=CARTESIAN_POINT('',(20.5,-59.2,-29.5));
#6139=CARTESIAN_POINT('',(20.5,-59.2,-29.5));
#6140=CARTESIAN_POINT('',(18.5,-59.2,-29.5));
#6141=MECHANICAL_DESIGN_GEOMETRIC_PRESENTATION_REPRESENTATION('',(#2612,
#2613,#2614,#2615,#2616,#2617,#2618,#2619,#2620,#2621,#2622,#2623,#2624,
#2625,#2626,#2627,#2628,#2629,#2630,#2631,#2632,#2633,#2634,#2635,#2636,
#2637,#2638,#2639,#2640,#2641,#2642,#2643,#2644,#2645,#2646,#2647,#2648,
#2649,#2650,#2651,#2652,#2653,#2654,#2655,#2656,#2657,#2658,#2659,#2660,
#2661,#2662,#2663,#2664,#2665,#2666,#2667,#2668,#2669,#2670,#2671,#2672,
#2673,#2674,#2675,#2676,#2677,#2678,#2679,#2680,#2681,#2682,#2683,#2684,
#2685,#2686,#2687,#2688,#2689,#2690,#2691,#2692,#2693,#2694,#2695,#2696,
#2697,#2698,#2699,#2700,#2701,#2702,#2703,#2704,#2705,#2706,#2707,#2708,
#2709,#2710,#2711,#2712,#2713,#2714,#2715,#2716,#2717,#2718,#2719,#2720,
#2721,#2722,#2723,#2724,#2725,#2726,#2727,#2728,#2729,#2730,#2731,#2732,
#2733,#2734,#2735,#2736,#2737,#2738,#2739,#2740,#2741,#2742,#2743,#2744,
#2745,#2746,#2747,#2748,#2749,#2750,#2751,#2752,#2753,#2754,#2755,#2756,
#2757,#2758,#2759,#2760,#2761,#2762,#2763,#2764,#2765,#2766,#2767,#2768,
#2769,#2770,#2771,#2772,#2773,#2774,#2775,#2776,#2777,#2778,#2779,#2780),
#6142);
#6142=(
GEOMETRIC_REPRESENTATION_CONTEXT(3)
GLOBAL_UNCERTAINTY_ASSIGNED_CONTEXT((#6143))
GLOBAL_UNIT_ASSIGNED_CONTEXT((#6146,#6145,#6144))
REPRESENTATION_CONTEXT('81150-16-204210','TOP_LEVEL_ASSEMBLY_PART')
);
#6143=UNCERTAINTY_MEASURE_WITH_UNIT(LENGTH_MEASURE(1.E-5),#6146,
'DISTANCE_ACCURACY_VALUE','Maximum Tolerance applied to model');
#6144=(
NAMED_UNIT(*)
SI_UNIT($,.STERADIAN.)
SOLID_ANGLE_UNIT()
);
#6145=(
NAMED_UNIT(*)
PLANE_ANGLE_UNIT()
SI_UNIT($,.RADIAN.)
);
#6146=(
LENGTH_UNIT()
NAMED_UNIT(*)
SI_UNIT(.MILLI.,.METRE.)
);
#6147=PRODUCT_DEFINITION_SHAPE('','',#6148);
#6148=PRODUCT_DEFINITION('','',#6150,#6149);
#6149=PRODUCT_DEFINITION_CONTEXT('',#6156,'design');
#6150=PRODUCT_DEFINITION_FORMATION_WITH_SPECIFIED_SOURCE('','',#6152,
 .NOT_KNOWN.);
#6151=PRODUCT_RELATED_PRODUCT_CATEGORY('','',(#6152));
#6152=PRODUCT('81150-16-204210','81150-16-204210','81150-16-204210',(#6154));
#6153=PRODUCT_CATEGORY('','');
#6154=PRODUCT_CONTEXT('',#6156,'mechanical');
#6155=APPLICATION_PROTOCOL_DEFINITION('international standard',
'automotive_design',2010,#6156);
#6156=APPLICATION_CONTEXT(
'core data for automotive mechanical design processes');
ENDSEC;
END-ISO-10303-21;
