ISO-10303-21;
HEADER;
/* Generated by software containing ST-Developer
 * from STEP Tools, Inc. (www.steptools.com) 
 */
/* OPTION: using custom renumber hook */

FILE_DESCRIPTION(
/* description */ ('STEP AP214'),
/* implementation_level */ '2;1');

FILE_NAME(
/* name */ 'SAE 0518 SNN 2021 (0)',
/* time_stamp */ '2026-07-11T11:04:33+02:00',
/* author */ ('License CC BY-ND 4.0'),
/* organization */ ('CADENAS'),
/* preprocessor_version */ 'ST-DEVELOPER v20',
/* originating_system */ 'PARTsolutions',
/* authorisation */ '  ');

FILE_SCHEMA (('AUTOMOTIVE_DESIGN {1 0 10303 214 3 1 1}'));
ENDSEC;

DATA;
#10=PROPERTY_DEFINITION_REPRESENTATION(#14,#12);
#11=PROPERTY_DEFINITION_REPRESENTATION(#15,#13);
#12=REPRESENTATION('',(#16),#13918);
#13=REPRESENTATION('',(#17),#13918);
#14=PROPERTY_DEFINITION('pmi validation property','',#13937);
#15=PROPERTY_DEFINITION('pmi validation property','',#13937);
#16=VALUE_REPRESENTATION_ITEM('number of annotations',COUNT_MEASURE(0.));
#17=VALUE_REPRESENTATION_ITEM('number of views',COUNT_MEASURE(0.));
#18=ELLIPSE('',#9116,2.68700576850888,1.9);
#19=ELLIPSE('',#9117,2.68700576850888,1.9);
#20=ELLIPSE('',#9118,2.68700576850888,1.9);
#21=ELLIPSE('',#9119,2.68700576850888,1.9);
#22=ELLIPSE('',#9121,2.68700576850888,1.9);
#23=ELLIPSE('',#9122,2.68700576850888,1.9);
#24=ELLIPSE('',#9123,2.68700576850888,1.9);
#25=ELLIPSE('',#9124,2.68700576850888,1.9);
#26=ELLIPSE('',#9126,2.68700576850888,1.9);
#27=ELLIPSE('',#9127,2.68700576850888,1.9);
#28=ELLIPSE('',#9128,2.68700576850888,1.9);
#29=ELLIPSE('',#9129,2.68700576850888,1.9);
#30=ELLIPSE('',#9131,2.68700576850888,1.9);
#31=ELLIPSE('',#9132,2.68700576850888,1.9);
#32=ELLIPSE('',#9133,2.68700576850888,1.9);
#33=ELLIPSE('',#9134,2.68700576850888,1.9);
#34=ELLIPSE('',#9136,2.68700576850888,1.9);
#35=ELLIPSE('',#9141,2.68700576850888,1.9);
#36=ELLIPSE('',#9144,2.68700576850888,1.9);
#37=ELLIPSE('',#9147,2.68700576850888,1.9);
#38=ELLIPSE('',#9150,2.68700576850888,1.9);
#39=ELLIPSE('',#9153,2.68700576850888,1.9);
#40=ELLIPSE('',#9156,2.68700576850888,1.9);
#41=ELLIPSE('',#9159,2.68700576850888,1.9);
#42=ELLIPSE('',#9167,2.68700576850888,1.9);
#43=ELLIPSE('',#9169,2.68700576850888,1.9);
#44=ELLIPSE('',#9170,2.68700576850888,1.9);
#45=ELLIPSE('',#9172,2.68700576850888,1.9);
#46=ELLIPSE('',#9173,2.68700576850888,1.9);
#47=ELLIPSE('',#9174,2.68700576850888,1.9);
#48=ELLIPSE('',#9176,2.68700576850888,1.9);
#49=ELLIPSE('',#9177,2.68700576850888,1.9);
#50=ELLIPSE('',#9178,2.68700576850888,1.9);
#51=ELLIPSE('',#9180,2.68700576850888,1.9);
#52=ELLIPSE('',#9182,2.68700576850888,1.9);
#53=ELLIPSE('',#9183,2.68700576850888,1.9);
#54=ELLIPSE('',#9184,2.68700576850888,1.9);
#55=ELLIPSE('',#9186,2.68700576850888,1.9);
#56=ELLIPSE('',#9187,2.68700576850888,1.9);
#57=ELLIPSE('',#9188,2.68700576850888,1.9);
#58=ELLIPSE('',#9190,2.68700576850888,1.9);
#59=ELLIPSE('',#9191,2.68700576850888,1.9);
#60=ELLIPSE('',#9193,2.68700576850888,1.9);
#61=ELLIPSE('',#9194,2.68700576850888,1.9);
#62=ELLIPSE('',#9196,2.68700576850888,1.9);
#63=ELLIPSE('',#9200,2.68700576850888,1.9);
#64=ELLIPSE('',#9202,2.68700576850888,1.9);
#65=ELLIPSE('',#9203,2.68700576850888,1.9);
#66=ELLIPSE('',#9208,2.68700576850888,1.9);
#67=ELLIPSE('',#9209,2.68700576850888,1.9);
#68=ELLIPSE('',#9217,2.68700576850888,1.9);
#69=ELLIPSE('',#9218,2.68700576850888,1.9);
#70=ELLIPSE('',#9220,2.68700576850888,1.9);
#71=ELLIPSE('',#9221,2.68700576850888,1.9);
#72=ELLIPSE('',#9223,2.68700576850888,1.9);
#73=ELLIPSE('',#9224,2.68700576850888,1.9);
#74=ELLIPSE('',#9226,2.68700576850888,1.9);
#75=ELLIPSE('',#9227,2.68700576850888,1.9);
#76=ELLIPSE('',#9232,2.68700576850888,1.9);
#77=ELLIPSE('',#9233,2.68700576850888,1.9);
#78=ELLIPSE('',#9234,2.68700576850888,1.9);
#79=ELLIPSE('',#9236,2.68700576850888,1.9);
#80=ELLIPSE('',#9237,2.68700576850888,1.9);
#81=ELLIPSE('',#9247,2.68700576850888,1.9);
#82=CONICAL_SURFACE('',#8769,2.325,0.785398163397448);
#83=CONICAL_SURFACE('',#8777,4.025,0.785398163397448);
#84=ADVANCED_BREP_SHAPE_REPRESENTATION('',(#8591),#13920);
#85=ADVANCED_BREP_SHAPE_REPRESENTATION('',(#8592),#13921);
#86=ADVANCED_BREP_SHAPE_REPRESENTATION('',(#8593),#13922);
#87=ADVANCED_BREP_SHAPE_REPRESENTATION('',(#8594),#13923);
#88=ADVANCED_BREP_SHAPE_REPRESENTATION('',(#8595),#13924);
#89=ADVANCED_BREP_SHAPE_REPRESENTATION('',(#8596),#13925);
#90=CIRCLE('',#8730,3.4);
#91=CIRCLE('',#8731,3.4);
#92=CIRCLE('',#8733,3.4);
#93=CIRCLE('',#8734,3.4);
#94=CIRCLE('',#8736,3.4);
#95=CIRCLE('',#8737,3.4);
#96=CIRCLE('',#8739,3.4);
#97=CIRCLE('',#8740,3.4);
#98=CIRCLE('',#8742,3.4);
#99=CIRCLE('',#8743,3.4);
#100=CIRCLE('',#8745,3.39999999999999);
#101=CIRCLE('',#8746,3.39999999999999);
#102=CIRCLE('',#8748,3.4);
#103=CIRCLE('',#8749,3.4);
#104=CIRCLE('',#8759,3.4);
#105=CIRCLE('',#8760,3.4);
#106=CIRCLE('',#8768,2.325);
#107=CIRCLE('',#8770,3.325);
#108=CIRCLE('',#8772,3.325);
#109=CIRCLE('',#8774,4.025);
#110=CIRCLE('',#8776,4.025);
#111=CIRCLE('',#8778,3.025);
#112=CIRCLE('',#8855,3.4);
#113=CIRCLE('',#8856,3.4);
#114=CIRCLE('',#8858,3.4);
#115=CIRCLE('',#8859,3.4);
#116=CIRCLE('',#8861,3.4);
#117=CIRCLE('',#8862,3.4);
#118=CIRCLE('',#8864,3.4);
#119=CIRCLE('',#8865,3.4);
#120=CIRCLE('',#8867,3.4);
#121=CIRCLE('',#8868,3.4);
#122=CIRCLE('',#8870,3.39999999999999);
#123=CIRCLE('',#8871,3.39999999999999);
#124=CIRCLE('',#8873,3.4);
#125=CIRCLE('',#8874,3.4);
#126=CIRCLE('',#8884,3.4);
#127=CIRCLE('',#8885,3.4);
#128=CIRCLE('',#8966,3.4);
#129=CIRCLE('',#8967,3.4);
#130=CIRCLE('',#8969,3.4);
#131=CIRCLE('',#8970,3.4);
#132=CIRCLE('',#8972,3.4);
#133=CIRCLE('',#8973,3.4);
#134=CIRCLE('',#8975,3.4);
#135=CIRCLE('',#8976,3.4);
#136=CIRCLE('',#8978,3.4);
#137=CIRCLE('',#8979,3.4);
#138=CIRCLE('',#8981,3.39999999999999);
#139=CIRCLE('',#8982,3.39999999999999);
#140=CIRCLE('',#8984,3.4);
#141=CIRCLE('',#8985,3.4);
#142=CIRCLE('',#8995,3.4);
#143=CIRCLE('',#8996,3.4);
#144=CIRCLE('',#9078,3.4);
#145=CIRCLE('',#9079,3.4);
#146=CIRCLE('',#9081,3.4);
#147=CIRCLE('',#9082,3.4);
#148=CIRCLE('',#9084,3.4);
#149=CIRCLE('',#9085,3.4);
#150=CIRCLE('',#9087,3.4);
#151=CIRCLE('',#9088,3.4);
#152=CIRCLE('',#9090,3.4);
#153=CIRCLE('',#9091,3.4);
#154=CIRCLE('',#9093,3.39999999999999);
#155=CIRCLE('',#9094,3.39999999999999);
#156=CIRCLE('',#9096,3.4);
#157=CIRCLE('',#9097,3.4);
#158=CIRCLE('',#9107,3.4);
#159=CIRCLE('',#9108,3.4);
#160=CIRCLE('',#9137,1.9);
#161=CIRCLE('',#9140,1.9);
#162=CIRCLE('',#9146,1.9);
#163=CIRCLE('',#9152,1.9);
#164=CIRCLE('',#9158,1.9);
#165=CIRCLE('',#9162,1.9);
#166=CIRCLE('',#9165,1.9);
#167=CIRCLE('',#9198,1.9);
#168=CIRCLE('',#9205,1.9);
#169=CIRCLE('',#9211,1.9);
#170=CIRCLE('',#9214,1.9);
#171=CIRCLE('',#9229,1.9);
#172=CIRCLE('',#9239,1.9);
#173=CIRCLE('',#9242,1.9);
#174=CIRCLE('',#9245,1.9);
#175=CIRCLE('',#9249,1.9);
#176=CYLINDRICAL_SURFACE('',#8729,3.4);
#177=CYLINDRICAL_SURFACE('',#8732,3.4);
#178=CYLINDRICAL_SURFACE('',#8735,3.4);
#179=CYLINDRICAL_SURFACE('',#8738,3.4);
#180=CYLINDRICAL_SURFACE('',#8741,3.4);
#181=CYLINDRICAL_SURFACE('',#8744,3.39999999999999);
#182=CYLINDRICAL_SURFACE('',#8747,3.4);
#183=CYLINDRICAL_SURFACE('',#8758,3.4);
#184=CYLINDRICAL_SURFACE('',#8771,3.325);
#185=CYLINDRICAL_SURFACE('',#8775,4.025);
#186=CYLINDRICAL_SURFACE('',#8854,3.4);
#187=CYLINDRICAL_SURFACE('',#8857,3.4);
#188=CYLINDRICAL_SURFACE('',#8860,3.4);
#189=CYLINDRICAL_SURFACE('',#8863,3.4);
#190=CYLINDRICAL_SURFACE('',#8866,3.4);
#191=CYLINDRICAL_SURFACE('',#8869,3.39999999999999);
#192=CYLINDRICAL_SURFACE('',#8872,3.4);
#193=CYLINDRICAL_SURFACE('',#8883,3.4);
#194=CYLINDRICAL_SURFACE('',#8965,3.4);
#195=CYLINDRICAL_SURFACE('',#8968,3.4);
#196=CYLINDRICAL_SURFACE('',#8971,3.4);
#197=CYLINDRICAL_SURFACE('',#8974,3.4);
#198=CYLINDRICAL_SURFACE('',#8977,3.4);
#199=CYLINDRICAL_SURFACE('',#8980,3.39999999999999);
#200=CYLINDRICAL_SURFACE('',#8983,3.4);
#201=CYLINDRICAL_SURFACE('',#8994,3.4);
#202=CYLINDRICAL_SURFACE('',#9077,3.4);
#203=CYLINDRICAL_SURFACE('',#9080,3.4);
#204=CYLINDRICAL_SURFACE('',#9083,3.4);
#205=CYLINDRICAL_SURFACE('',#9086,3.4);
#206=CYLINDRICAL_SURFACE('',#9089,3.4);
#207=CYLINDRICAL_SURFACE('',#9092,3.39999999999999);
#208=CYLINDRICAL_SURFACE('',#9095,3.4);
#209=CYLINDRICAL_SURFACE('',#9106,3.4);
#210=CYLINDRICAL_SURFACE('',#9115,1.9);
#211=CYLINDRICAL_SURFACE('',#9120,1.9);
#212=CYLINDRICAL_SURFACE('',#9125,1.9);
#213=CYLINDRICAL_SURFACE('',#9130,1.9);
#214=CYLINDRICAL_SURFACE('',#9135,1.9);
#215=CYLINDRICAL_SURFACE('',#9139,1.9);
#216=CYLINDRICAL_SURFACE('',#9143,1.9);
#217=CYLINDRICAL_SURFACE('',#9145,1.9);
#218=CYLINDRICAL_SURFACE('',#9149,1.9);
#219=CYLINDRICAL_SURFACE('',#9151,1.9);
#220=CYLINDRICAL_SURFACE('',#9155,1.9);
#221=CYLINDRICAL_SURFACE('',#9157,1.9);
#222=CYLINDRICAL_SURFACE('',#9163,1.9);
#223=CYLINDRICAL_SURFACE('',#9166,1.9);
#224=CYLINDRICAL_SURFACE('',#9168,1.9);
#225=CYLINDRICAL_SURFACE('',#9171,1.9);
#226=CYLINDRICAL_SURFACE('',#9175,1.9);
#227=CYLINDRICAL_SURFACE('',#9179,1.9);
#228=CYLINDRICAL_SURFACE('',#9181,1.9);
#229=CYLINDRICAL_SURFACE('',#9185,1.9);
#230=CYLINDRICAL_SURFACE('',#9189,1.9);
#231=CYLINDRICAL_SURFACE('',#9192,1.9);
#232=CYLINDRICAL_SURFACE('',#9195,1.9);
#233=CYLINDRICAL_SURFACE('',#9199,1.9);
#234=CYLINDRICAL_SURFACE('',#9201,1.9);
#235=CYLINDRICAL_SURFACE('',#9204,1.9);
#236=CYLINDRICAL_SURFACE('',#9207,1.9);
#237=CYLINDRICAL_SURFACE('',#9210,1.9);
#238=CYLINDRICAL_SURFACE('',#9213,1.9);
#239=CYLINDRICAL_SURFACE('',#9216,1.9);
#240=CYLINDRICAL_SURFACE('',#9219,1.9);
#241=CYLINDRICAL_SURFACE('',#9222,1.9);
#242=CYLINDRICAL_SURFACE('',#9225,1.9);
#243=CYLINDRICAL_SURFACE('',#9230,1.9);
#244=CYLINDRICAL_SURFACE('',#9231,1.9);
#245=CYLINDRICAL_SURFACE('',#9235,1.9);
#246=CYLINDRICAL_SURFACE('',#9240,1.9);
#247=CYLINDRICAL_SURFACE('',#9243,1.9);
#248=CYLINDRICAL_SURFACE('',#9246,1.9);
#249=CYLINDRICAL_SURFACE('',#9250,1.9);
#250=ORIENTED_EDGE('',*,*,#2630,.T.);
#251=ORIENTED_EDGE('',*,*,#2631,.F.);
#252=ORIENTED_EDGE('',*,*,#2632,.F.);
#253=ORIENTED_EDGE('',*,*,#2633,.T.);
#254=ORIENTED_EDGE('',*,*,#2634,.T.);
#255=ORIENTED_EDGE('',*,*,#2635,.F.);
#256=ORIENTED_EDGE('',*,*,#2636,.F.);
#257=ORIENTED_EDGE('',*,*,#2631,.T.);
#258=ORIENTED_EDGE('',*,*,#2637,.T.);
#259=ORIENTED_EDGE('',*,*,#2638,.F.);
#260=ORIENTED_EDGE('',*,*,#2639,.F.);
#261=ORIENTED_EDGE('',*,*,#2635,.T.);
#262=ORIENTED_EDGE('',*,*,#2640,.T.);
#263=ORIENTED_EDGE('',*,*,#2641,.F.);
#264=ORIENTED_EDGE('',*,*,#2642,.F.);
#265=ORIENTED_EDGE('',*,*,#2638,.T.);
#266=ORIENTED_EDGE('',*,*,#2643,.T.);
#267=ORIENTED_EDGE('',*,*,#2644,.F.);
#268=ORIENTED_EDGE('',*,*,#2645,.F.);
#269=ORIENTED_EDGE('',*,*,#2641,.T.);
#270=ORIENTED_EDGE('',*,*,#2646,.T.);
#271=ORIENTED_EDGE('',*,*,#2647,.F.);
#272=ORIENTED_EDGE('',*,*,#2648,.F.);
#273=ORIENTED_EDGE('',*,*,#2644,.T.);
#274=ORIENTED_EDGE('',*,*,#2649,.T.);
#275=ORIENTED_EDGE('',*,*,#2650,.F.);
#276=ORIENTED_EDGE('',*,*,#2651,.F.);
#277=ORIENTED_EDGE('',*,*,#2647,.T.);
#278=ORIENTED_EDGE('',*,*,#2652,.T.);
#279=ORIENTED_EDGE('',*,*,#2653,.F.);
#280=ORIENTED_EDGE('',*,*,#2654,.F.);
#281=ORIENTED_EDGE('',*,*,#2650,.T.);
#282=ORIENTED_EDGE('',*,*,#2655,.T.);
#283=ORIENTED_EDGE('',*,*,#2656,.F.);
#284=ORIENTED_EDGE('',*,*,#2657,.F.);
#285=ORIENTED_EDGE('',*,*,#2653,.T.);
#286=ORIENTED_EDGE('',*,*,#2658,.T.);
#287=ORIENTED_EDGE('',*,*,#2659,.F.);
#288=ORIENTED_EDGE('',*,*,#2660,.F.);
#289=ORIENTED_EDGE('',*,*,#2656,.T.);
#290=ORIENTED_EDGE('',*,*,#2661,.T.);
#291=ORIENTED_EDGE('',*,*,#2662,.F.);
#292=ORIENTED_EDGE('',*,*,#2663,.F.);
#293=ORIENTED_EDGE('',*,*,#2659,.T.);
#294=ORIENTED_EDGE('',*,*,#2664,.T.);
#295=ORIENTED_EDGE('',*,*,#2665,.F.);
#296=ORIENTED_EDGE('',*,*,#2666,.F.);
#297=ORIENTED_EDGE('',*,*,#2662,.T.);
#298=ORIENTED_EDGE('',*,*,#2667,.T.);
#299=ORIENTED_EDGE('',*,*,#2668,.F.);
#300=ORIENTED_EDGE('',*,*,#2669,.F.);
#301=ORIENTED_EDGE('',*,*,#2665,.T.);
#302=ORIENTED_EDGE('',*,*,#2670,.T.);
#303=ORIENTED_EDGE('',*,*,#2671,.F.);
#304=ORIENTED_EDGE('',*,*,#2672,.F.);
#305=ORIENTED_EDGE('',*,*,#2668,.T.);
#306=ORIENTED_EDGE('',*,*,#2673,.T.);
#307=ORIENTED_EDGE('',*,*,#2674,.F.);
#308=ORIENTED_EDGE('',*,*,#2675,.F.);
#309=ORIENTED_EDGE('',*,*,#2671,.T.);
#310=ORIENTED_EDGE('',*,*,#2676,.T.);
#311=ORIENTED_EDGE('',*,*,#2677,.F.);
#312=ORIENTED_EDGE('',*,*,#2678,.F.);
#313=ORIENTED_EDGE('',*,*,#2674,.T.);
#314=ORIENTED_EDGE('',*,*,#2679,.T.);
#315=ORIENTED_EDGE('',*,*,#2680,.F.);
#316=ORIENTED_EDGE('',*,*,#2681,.F.);
#317=ORIENTED_EDGE('',*,*,#2677,.T.);
#318=ORIENTED_EDGE('',*,*,#2682,.T.);
#319=ORIENTED_EDGE('',*,*,#2683,.F.);
#320=ORIENTED_EDGE('',*,*,#2684,.F.);
#321=ORIENTED_EDGE('',*,*,#2680,.T.);
#322=ORIENTED_EDGE('',*,*,#2685,.T.);
#323=ORIENTED_EDGE('',*,*,#2686,.F.);
#324=ORIENTED_EDGE('',*,*,#2687,.F.);
#325=ORIENTED_EDGE('',*,*,#2683,.T.);
#326=ORIENTED_EDGE('',*,*,#2688,.T.);
#327=ORIENTED_EDGE('',*,*,#2689,.F.);
#328=ORIENTED_EDGE('',*,*,#2690,.F.);
#329=ORIENTED_EDGE('',*,*,#2686,.T.);
#330=ORIENTED_EDGE('',*,*,#2691,.T.);
#331=ORIENTED_EDGE('',*,*,#2692,.F.);
#332=ORIENTED_EDGE('',*,*,#2693,.F.);
#333=ORIENTED_EDGE('',*,*,#2689,.T.);
#334=ORIENTED_EDGE('',*,*,#2694,.T.);
#335=ORIENTED_EDGE('',*,*,#2695,.F.);
#336=ORIENTED_EDGE('',*,*,#2696,.F.);
#337=ORIENTED_EDGE('',*,*,#2692,.T.);
#338=ORIENTED_EDGE('',*,*,#2697,.T.);
#339=ORIENTED_EDGE('',*,*,#2698,.F.);
#340=ORIENTED_EDGE('',*,*,#2699,.F.);
#341=ORIENTED_EDGE('',*,*,#2695,.T.);
#342=ORIENTED_EDGE('',*,*,#2700,.T.);
#343=ORIENTED_EDGE('',*,*,#2701,.F.);
#344=ORIENTED_EDGE('',*,*,#2702,.F.);
#345=ORIENTED_EDGE('',*,*,#2698,.T.);
#346=ORIENTED_EDGE('',*,*,#2703,.T.);
#347=ORIENTED_EDGE('',*,*,#2704,.F.);
#348=ORIENTED_EDGE('',*,*,#2705,.F.);
#349=ORIENTED_EDGE('',*,*,#2701,.T.);
#350=ORIENTED_EDGE('',*,*,#2706,.T.);
#351=ORIENTED_EDGE('',*,*,#2707,.F.);
#352=ORIENTED_EDGE('',*,*,#2708,.F.);
#353=ORIENTED_EDGE('',*,*,#2704,.T.);
#354=ORIENTED_EDGE('',*,*,#2709,.T.);
#355=ORIENTED_EDGE('',*,*,#2710,.F.);
#356=ORIENTED_EDGE('',*,*,#2711,.F.);
#357=ORIENTED_EDGE('',*,*,#2707,.T.);
#358=ORIENTED_EDGE('',*,*,#2712,.T.);
#359=ORIENTED_EDGE('',*,*,#2713,.F.);
#360=ORIENTED_EDGE('',*,*,#2714,.F.);
#361=ORIENTED_EDGE('',*,*,#2710,.T.);
#362=ORIENTED_EDGE('',*,*,#2715,.T.);
#363=ORIENTED_EDGE('',*,*,#2716,.F.);
#364=ORIENTED_EDGE('',*,*,#2717,.F.);
#365=ORIENTED_EDGE('',*,*,#2713,.T.);
#366=ORIENTED_EDGE('',*,*,#2718,.T.);
#367=ORIENTED_EDGE('',*,*,#2719,.F.);
#368=ORIENTED_EDGE('',*,*,#2720,.F.);
#369=ORIENTED_EDGE('',*,*,#2716,.T.);
#370=ORIENTED_EDGE('',*,*,#2721,.T.);
#371=ORIENTED_EDGE('',*,*,#2722,.F.);
#372=ORIENTED_EDGE('',*,*,#2723,.F.);
#373=ORIENTED_EDGE('',*,*,#2719,.T.);
#374=ORIENTED_EDGE('',*,*,#2724,.T.);
#375=ORIENTED_EDGE('',*,*,#2725,.F.);
#376=ORIENTED_EDGE('',*,*,#2726,.F.);
#377=ORIENTED_EDGE('',*,*,#2722,.T.);
#378=ORIENTED_EDGE('',*,*,#2727,.T.);
#379=ORIENTED_EDGE('',*,*,#2728,.F.);
#380=ORIENTED_EDGE('',*,*,#2729,.F.);
#381=ORIENTED_EDGE('',*,*,#2725,.T.);
#382=ORIENTED_EDGE('',*,*,#2730,.T.);
#383=ORIENTED_EDGE('',*,*,#2731,.F.);
#384=ORIENTED_EDGE('',*,*,#2732,.F.);
#385=ORIENTED_EDGE('',*,*,#2728,.T.);
#386=ORIENTED_EDGE('',*,*,#2733,.T.);
#387=ORIENTED_EDGE('',*,*,#2734,.F.);
#388=ORIENTED_EDGE('',*,*,#2735,.F.);
#389=ORIENTED_EDGE('',*,*,#2731,.T.);
#390=ORIENTED_EDGE('',*,*,#2736,.T.);
#391=ORIENTED_EDGE('',*,*,#2737,.F.);
#392=ORIENTED_EDGE('',*,*,#2738,.F.);
#393=ORIENTED_EDGE('',*,*,#2734,.T.);
#394=ORIENTED_EDGE('',*,*,#2739,.T.);
#395=ORIENTED_EDGE('',*,*,#2740,.F.);
#396=ORIENTED_EDGE('',*,*,#2741,.F.);
#397=ORIENTED_EDGE('',*,*,#2737,.T.);
#398=ORIENTED_EDGE('',*,*,#2742,.T.);
#399=ORIENTED_EDGE('',*,*,#2743,.F.);
#400=ORIENTED_EDGE('',*,*,#2744,.F.);
#401=ORIENTED_EDGE('',*,*,#2740,.T.);
#402=ORIENTED_EDGE('',*,*,#2745,.T.);
#403=ORIENTED_EDGE('',*,*,#2746,.F.);
#404=ORIENTED_EDGE('',*,*,#2747,.F.);
#405=ORIENTED_EDGE('',*,*,#2743,.T.);
#406=ORIENTED_EDGE('',*,*,#2748,.T.);
#407=ORIENTED_EDGE('',*,*,#2749,.F.);
#408=ORIENTED_EDGE('',*,*,#2750,.F.);
#409=ORIENTED_EDGE('',*,*,#2746,.T.);
#410=ORIENTED_EDGE('',*,*,#2751,.T.);
#411=ORIENTED_EDGE('',*,*,#2752,.F.);
#412=ORIENTED_EDGE('',*,*,#2753,.F.);
#413=ORIENTED_EDGE('',*,*,#2749,.T.);
#414=ORIENTED_EDGE('',*,*,#2754,.T.);
#415=ORIENTED_EDGE('',*,*,#2755,.F.);
#416=ORIENTED_EDGE('',*,*,#2756,.F.);
#417=ORIENTED_EDGE('',*,*,#2752,.T.);
#418=ORIENTED_EDGE('',*,*,#2757,.T.);
#419=ORIENTED_EDGE('',*,*,#2758,.F.);
#420=ORIENTED_EDGE('',*,*,#2759,.F.);
#421=ORIENTED_EDGE('',*,*,#2755,.T.);
#422=ORIENTED_EDGE('',*,*,#2760,.T.);
#423=ORIENTED_EDGE('',*,*,#2761,.F.);
#424=ORIENTED_EDGE('',*,*,#2762,.F.);
#425=ORIENTED_EDGE('',*,*,#2758,.T.);
#426=ORIENTED_EDGE('',*,*,#2763,.T.);
#427=ORIENTED_EDGE('',*,*,#2764,.F.);
#428=ORIENTED_EDGE('',*,*,#2765,.F.);
#429=ORIENTED_EDGE('',*,*,#2761,.T.);
#430=ORIENTED_EDGE('',*,*,#2766,.T.);
#431=ORIENTED_EDGE('',*,*,#2767,.F.);
#432=ORIENTED_EDGE('',*,*,#2768,.F.);
#433=ORIENTED_EDGE('',*,*,#2764,.T.);
#434=ORIENTED_EDGE('',*,*,#2769,.T.);
#435=ORIENTED_EDGE('',*,*,#2770,.F.);
#436=ORIENTED_EDGE('',*,*,#2771,.F.);
#437=ORIENTED_EDGE('',*,*,#2767,.T.);
#438=ORIENTED_EDGE('',*,*,#2772,.T.);
#439=ORIENTED_EDGE('',*,*,#2773,.F.);
#440=ORIENTED_EDGE('',*,*,#2774,.F.);
#441=ORIENTED_EDGE('',*,*,#2770,.T.);
#442=ORIENTED_EDGE('',*,*,#2775,.T.);
#443=ORIENTED_EDGE('',*,*,#2776,.F.);
#444=ORIENTED_EDGE('',*,*,#2777,.F.);
#445=ORIENTED_EDGE('',*,*,#2773,.T.);
#446=ORIENTED_EDGE('',*,*,#2778,.T.);
#447=ORIENTED_EDGE('',*,*,#2779,.F.);
#448=ORIENTED_EDGE('',*,*,#2780,.F.);
#449=ORIENTED_EDGE('',*,*,#2776,.T.);
#450=ORIENTED_EDGE('',*,*,#2781,.T.);
#451=ORIENTED_EDGE('',*,*,#2782,.F.);
#452=ORIENTED_EDGE('',*,*,#2783,.F.);
#453=ORIENTED_EDGE('',*,*,#2779,.T.);
#454=ORIENTED_EDGE('',*,*,#2784,.T.);
#455=ORIENTED_EDGE('',*,*,#2785,.F.);
#456=ORIENTED_EDGE('',*,*,#2786,.F.);
#457=ORIENTED_EDGE('',*,*,#2782,.T.);
#458=ORIENTED_EDGE('',*,*,#2787,.T.);
#459=ORIENTED_EDGE('',*,*,#2788,.F.);
#460=ORIENTED_EDGE('',*,*,#2789,.F.);
#461=ORIENTED_EDGE('',*,*,#2785,.T.);
#462=ORIENTED_EDGE('',*,*,#2790,.T.);
#463=ORIENTED_EDGE('',*,*,#2791,.F.);
#464=ORIENTED_EDGE('',*,*,#2792,.F.);
#465=ORIENTED_EDGE('',*,*,#2788,.T.);
#466=ORIENTED_EDGE('',*,*,#2793,.T.);
#467=ORIENTED_EDGE('',*,*,#2794,.F.);
#468=ORIENTED_EDGE('',*,*,#2795,.F.);
#469=ORIENTED_EDGE('',*,*,#2791,.T.);
#470=ORIENTED_EDGE('',*,*,#2796,.T.);
#471=ORIENTED_EDGE('',*,*,#2797,.F.);
#472=ORIENTED_EDGE('',*,*,#2798,.F.);
#473=ORIENTED_EDGE('',*,*,#2794,.T.);
#474=ORIENTED_EDGE('',*,*,#2799,.T.);
#475=ORIENTED_EDGE('',*,*,#2800,.F.);
#476=ORIENTED_EDGE('',*,*,#2801,.F.);
#477=ORIENTED_EDGE('',*,*,#2797,.T.);
#478=ORIENTED_EDGE('',*,*,#2802,.T.);
#479=ORIENTED_EDGE('',*,*,#2803,.F.);
#480=ORIENTED_EDGE('',*,*,#2804,.F.);
#481=ORIENTED_EDGE('',*,*,#2800,.T.);
#482=ORIENTED_EDGE('',*,*,#2805,.T.);
#483=ORIENTED_EDGE('',*,*,#2806,.F.);
#484=ORIENTED_EDGE('',*,*,#2807,.F.);
#485=ORIENTED_EDGE('',*,*,#2803,.T.);
#486=ORIENTED_EDGE('',*,*,#2808,.T.);
#487=ORIENTED_EDGE('',*,*,#2809,.F.);
#488=ORIENTED_EDGE('',*,*,#2810,.F.);
#489=ORIENTED_EDGE('',*,*,#2806,.T.);
#490=ORIENTED_EDGE('',*,*,#2811,.T.);
#491=ORIENTED_EDGE('',*,*,#2812,.F.);
#492=ORIENTED_EDGE('',*,*,#2813,.F.);
#493=ORIENTED_EDGE('',*,*,#2809,.T.);
#494=ORIENTED_EDGE('',*,*,#2814,.T.);
#495=ORIENTED_EDGE('',*,*,#2815,.F.);
#496=ORIENTED_EDGE('',*,*,#2816,.F.);
#497=ORIENTED_EDGE('',*,*,#2812,.T.);
#498=ORIENTED_EDGE('',*,*,#2817,.T.);
#499=ORIENTED_EDGE('',*,*,#2818,.F.);
#500=ORIENTED_EDGE('',*,*,#2819,.F.);
#501=ORIENTED_EDGE('',*,*,#2815,.T.);
#502=ORIENTED_EDGE('',*,*,#2820,.T.);
#503=ORIENTED_EDGE('',*,*,#2821,.F.);
#504=ORIENTED_EDGE('',*,*,#2822,.F.);
#505=ORIENTED_EDGE('',*,*,#2818,.T.);
#506=ORIENTED_EDGE('',*,*,#2823,.T.);
#507=ORIENTED_EDGE('',*,*,#2824,.F.);
#508=ORIENTED_EDGE('',*,*,#2825,.F.);
#509=ORIENTED_EDGE('',*,*,#2821,.T.);
#510=ORIENTED_EDGE('',*,*,#2826,.T.);
#511=ORIENTED_EDGE('',*,*,#2827,.F.);
#512=ORIENTED_EDGE('',*,*,#2828,.F.);
#513=ORIENTED_EDGE('',*,*,#2824,.T.);
#514=ORIENTED_EDGE('',*,*,#2829,.T.);
#515=ORIENTED_EDGE('',*,*,#2830,.F.);
#516=ORIENTED_EDGE('',*,*,#2831,.F.);
#517=ORIENTED_EDGE('',*,*,#2827,.T.);
#518=ORIENTED_EDGE('',*,*,#2832,.F.);
#519=ORIENTED_EDGE('',*,*,#2833,.F.);
#520=ORIENTED_EDGE('',*,*,#2834,.T.);
#521=ORIENTED_EDGE('',*,*,#2835,.T.);
#522=ORIENTED_EDGE('',*,*,#2836,.F.);
#523=ORIENTED_EDGE('',*,*,#2837,.F.);
#524=ORIENTED_EDGE('',*,*,#2838,.T.);
#525=ORIENTED_EDGE('',*,*,#2833,.T.);
#526=ORIENTED_EDGE('',*,*,#2839,.F.);
#527=ORIENTED_EDGE('',*,*,#2840,.F.);
#528=ORIENTED_EDGE('',*,*,#2841,.T.);
#529=ORIENTED_EDGE('',*,*,#2837,.T.);
#530=ORIENTED_EDGE('',*,*,#2842,.F.);
#531=ORIENTED_EDGE('',*,*,#2843,.F.);
#532=ORIENTED_EDGE('',*,*,#2844,.T.);
#533=ORIENTED_EDGE('',*,*,#2845,.T.);
#534=ORIENTED_EDGE('',*,*,#2846,.F.);
#535=ORIENTED_EDGE('',*,*,#2847,.F.);
#536=ORIENTED_EDGE('',*,*,#2848,.T.);
#537=ORIENTED_EDGE('',*,*,#2843,.T.);
#538=ORIENTED_EDGE('',*,*,#2849,.F.);
#539=ORIENTED_EDGE('',*,*,#2850,.F.);
#540=ORIENTED_EDGE('',*,*,#2851,.T.);
#541=ORIENTED_EDGE('',*,*,#2847,.T.);
#542=ORIENTED_EDGE('',*,*,#2852,.F.);
#543=ORIENTED_EDGE('',*,*,#2853,.F.);
#544=ORIENTED_EDGE('',*,*,#2854,.T.);
#545=ORIENTED_EDGE('',*,*,#2855,.T.);
#546=ORIENTED_EDGE('',*,*,#2856,.F.);
#547=ORIENTED_EDGE('',*,*,#2857,.F.);
#548=ORIENTED_EDGE('',*,*,#2858,.T.);
#549=ORIENTED_EDGE('',*,*,#2853,.T.);
#550=ORIENTED_EDGE('',*,*,#2859,.F.);
#551=ORIENTED_EDGE('',*,*,#2860,.F.);
#552=ORIENTED_EDGE('',*,*,#2861,.T.);
#553=ORIENTED_EDGE('',*,*,#2857,.T.);
#554=ORIENTED_EDGE('',*,*,#2862,.F.);
#555=ORIENTED_EDGE('',*,*,#2863,.F.);
#556=ORIENTED_EDGE('',*,*,#2864,.T.);
#557=ORIENTED_EDGE('',*,*,#2860,.T.);
#558=ORIENTED_EDGE('',*,*,#2865,.F.);
#559=ORIENTED_EDGE('',*,*,#2866,.F.);
#560=ORIENTED_EDGE('',*,*,#2867,.T.);
#561=ORIENTED_EDGE('',*,*,#2863,.T.);
#562=ORIENTED_EDGE('',*,*,#2868,.F.);
#563=ORIENTED_EDGE('',*,*,#2869,.F.);
#564=ORIENTED_EDGE('',*,*,#2870,.T.);
#565=ORIENTED_EDGE('',*,*,#2866,.T.);
#566=ORIENTED_EDGE('',*,*,#2871,.F.);
#567=ORIENTED_EDGE('',*,*,#2872,.F.);
#568=ORIENTED_EDGE('',*,*,#2873,.T.);
#569=ORIENTED_EDGE('',*,*,#2869,.T.);
#570=ORIENTED_EDGE('',*,*,#2874,.F.);
#571=ORIENTED_EDGE('',*,*,#2875,.F.);
#572=ORIENTED_EDGE('',*,*,#2876,.T.);
#573=ORIENTED_EDGE('',*,*,#2877,.T.);
#574=ORIENTED_EDGE('',*,*,#2878,.F.);
#575=ORIENTED_EDGE('',*,*,#2879,.F.);
#576=ORIENTED_EDGE('',*,*,#2880,.T.);
#577=ORIENTED_EDGE('',*,*,#2875,.T.);
#578=ORIENTED_EDGE('',*,*,#2881,.F.);
#579=ORIENTED_EDGE('',*,*,#2882,.F.);
#580=ORIENTED_EDGE('',*,*,#2883,.T.);
#581=ORIENTED_EDGE('',*,*,#2879,.T.);
#582=ORIENTED_EDGE('',*,*,#2884,.F.);
#583=ORIENTED_EDGE('',*,*,#2885,.F.);
#584=ORIENTED_EDGE('',*,*,#2886,.T.);
#585=ORIENTED_EDGE('',*,*,#2887,.T.);
#586=ORIENTED_EDGE('',*,*,#2888,.F.);
#587=ORIENTED_EDGE('',*,*,#2889,.F.);
#588=ORIENTED_EDGE('',*,*,#2890,.T.);
#589=ORIENTED_EDGE('',*,*,#2885,.T.);
#590=ORIENTED_EDGE('',*,*,#2891,.F.);
#591=ORIENTED_EDGE('',*,*,#2892,.F.);
#592=ORIENTED_EDGE('',*,*,#2893,.T.);
#593=ORIENTED_EDGE('',*,*,#2889,.T.);
#594=ORIENTED_EDGE('',*,*,#2894,.F.);
#595=ORIENTED_EDGE('',*,*,#2835,.F.);
#596=ORIENTED_EDGE('',*,*,#2895,.T.);
#597=ORIENTED_EDGE('',*,*,#2840,.T.);
#598=ORIENTED_EDGE('',*,*,#2896,.F.);
#599=ORIENTED_EDGE('',*,*,#2845,.F.);
#600=ORIENTED_EDGE('',*,*,#2897,.T.);
#601=ORIENTED_EDGE('',*,*,#2850,.T.);
#602=ORIENTED_EDGE('',*,*,#2898,.F.);
#603=ORIENTED_EDGE('',*,*,#2855,.F.);
#604=ORIENTED_EDGE('',*,*,#2899,.T.);
#605=ORIENTED_EDGE('',*,*,#2872,.T.);
#606=ORIENTED_EDGE('',*,*,#2900,.F.);
#607=ORIENTED_EDGE('',*,*,#2877,.F.);
#608=ORIENTED_EDGE('',*,*,#2901,.T.);
#609=ORIENTED_EDGE('',*,*,#2882,.T.);
#610=ORIENTED_EDGE('',*,*,#2902,.F.);
#611=ORIENTED_EDGE('',*,*,#2887,.F.);
#612=ORIENTED_EDGE('',*,*,#2903,.T.);
#613=ORIENTED_EDGE('',*,*,#2892,.T.);
#614=ORIENTED_EDGE('',*,*,#2904,.T.);
#615=ORIENTED_EDGE('',*,*,#2633,.F.);
#616=ORIENTED_EDGE('',*,*,#2905,.F.);
#617=ORIENTED_EDGE('',*,*,#2830,.T.);
#618=ORIENTED_EDGE('',*,*,#2886,.F.);
#619=ORIENTED_EDGE('',*,*,#2890,.F.);
#620=ORIENTED_EDGE('',*,*,#2893,.F.);
#621=ORIENTED_EDGE('',*,*,#2903,.F.);
#622=ORIENTED_EDGE('',*,*,#2876,.F.);
#623=ORIENTED_EDGE('',*,*,#2880,.F.);
#624=ORIENTED_EDGE('',*,*,#2883,.F.);
#625=ORIENTED_EDGE('',*,*,#2901,.F.);
#626=ORIENTED_EDGE('',*,*,#2854,.F.);
#627=ORIENTED_EDGE('',*,*,#2858,.F.);
#628=ORIENTED_EDGE('',*,*,#2861,.F.);
#629=ORIENTED_EDGE('',*,*,#2864,.F.);
#630=ORIENTED_EDGE('',*,*,#2867,.F.);
#631=ORIENTED_EDGE('',*,*,#2870,.F.);
#632=ORIENTED_EDGE('',*,*,#2873,.F.);
#633=ORIENTED_EDGE('',*,*,#2899,.F.);
#634=ORIENTED_EDGE('',*,*,#2844,.F.);
#635=ORIENTED_EDGE('',*,*,#2848,.F.);
#636=ORIENTED_EDGE('',*,*,#2851,.F.);
#637=ORIENTED_EDGE('',*,*,#2897,.F.);
#638=ORIENTED_EDGE('',*,*,#2834,.F.);
#639=ORIENTED_EDGE('',*,*,#2838,.F.);
#640=ORIENTED_EDGE('',*,*,#2841,.F.);
#641=ORIENTED_EDGE('',*,*,#2895,.F.);
#642=ORIENTED_EDGE('',*,*,#2632,.T.);
#643=ORIENTED_EDGE('',*,*,#2636,.T.);
#644=ORIENTED_EDGE('',*,*,#2639,.T.);
#645=ORIENTED_EDGE('',*,*,#2642,.T.);
#646=ORIENTED_EDGE('',*,*,#2645,.T.);
#647=ORIENTED_EDGE('',*,*,#2648,.T.);
#648=ORIENTED_EDGE('',*,*,#2651,.T.);
#649=ORIENTED_EDGE('',*,*,#2654,.T.);
#650=ORIENTED_EDGE('',*,*,#2657,.T.);
#651=ORIENTED_EDGE('',*,*,#2660,.T.);
#652=ORIENTED_EDGE('',*,*,#2663,.T.);
#653=ORIENTED_EDGE('',*,*,#2666,.T.);
#654=ORIENTED_EDGE('',*,*,#2669,.T.);
#655=ORIENTED_EDGE('',*,*,#2672,.T.);
#656=ORIENTED_EDGE('',*,*,#2675,.T.);
#657=ORIENTED_EDGE('',*,*,#2678,.T.);
#658=ORIENTED_EDGE('',*,*,#2681,.T.);
#659=ORIENTED_EDGE('',*,*,#2684,.T.);
#660=ORIENTED_EDGE('',*,*,#2687,.T.);
#661=ORIENTED_EDGE('',*,*,#2690,.T.);
#662=ORIENTED_EDGE('',*,*,#2693,.T.);
#663=ORIENTED_EDGE('',*,*,#2696,.T.);
#664=ORIENTED_EDGE('',*,*,#2699,.T.);
#665=ORIENTED_EDGE('',*,*,#2702,.T.);
#666=ORIENTED_EDGE('',*,*,#2705,.T.);
#667=ORIENTED_EDGE('',*,*,#2708,.T.);
#668=ORIENTED_EDGE('',*,*,#2711,.T.);
#669=ORIENTED_EDGE('',*,*,#2714,.T.);
#670=ORIENTED_EDGE('',*,*,#2717,.T.);
#671=ORIENTED_EDGE('',*,*,#2720,.T.);
#672=ORIENTED_EDGE('',*,*,#2723,.T.);
#673=ORIENTED_EDGE('',*,*,#2726,.T.);
#674=ORIENTED_EDGE('',*,*,#2729,.T.);
#675=ORIENTED_EDGE('',*,*,#2732,.T.);
#676=ORIENTED_EDGE('',*,*,#2735,.T.);
#677=ORIENTED_EDGE('',*,*,#2738,.T.);
#678=ORIENTED_EDGE('',*,*,#2741,.T.);
#679=ORIENTED_EDGE('',*,*,#2744,.T.);
#680=ORIENTED_EDGE('',*,*,#2747,.T.);
#681=ORIENTED_EDGE('',*,*,#2750,.T.);
#682=ORIENTED_EDGE('',*,*,#2753,.T.);
#683=ORIENTED_EDGE('',*,*,#2756,.T.);
#684=ORIENTED_EDGE('',*,*,#2759,.T.);
#685=ORIENTED_EDGE('',*,*,#2762,.T.);
#686=ORIENTED_EDGE('',*,*,#2765,.T.);
#687=ORIENTED_EDGE('',*,*,#2768,.T.);
#688=ORIENTED_EDGE('',*,*,#2771,.T.);
#689=ORIENTED_EDGE('',*,*,#2774,.T.);
#690=ORIENTED_EDGE('',*,*,#2777,.T.);
#691=ORIENTED_EDGE('',*,*,#2780,.T.);
#692=ORIENTED_EDGE('',*,*,#2783,.T.);
#693=ORIENTED_EDGE('',*,*,#2786,.T.);
#694=ORIENTED_EDGE('',*,*,#2789,.T.);
#695=ORIENTED_EDGE('',*,*,#2792,.T.);
#696=ORIENTED_EDGE('',*,*,#2795,.T.);
#697=ORIENTED_EDGE('',*,*,#2798,.T.);
#698=ORIENTED_EDGE('',*,*,#2801,.T.);
#699=ORIENTED_EDGE('',*,*,#2804,.T.);
#700=ORIENTED_EDGE('',*,*,#2807,.T.);
#701=ORIENTED_EDGE('',*,*,#2810,.T.);
#702=ORIENTED_EDGE('',*,*,#2813,.T.);
#703=ORIENTED_EDGE('',*,*,#2816,.T.);
#704=ORIENTED_EDGE('',*,*,#2819,.T.);
#705=ORIENTED_EDGE('',*,*,#2822,.T.);
#706=ORIENTED_EDGE('',*,*,#2825,.T.);
#707=ORIENTED_EDGE('',*,*,#2828,.T.);
#708=ORIENTED_EDGE('',*,*,#2831,.T.);
#709=ORIENTED_EDGE('',*,*,#2905,.T.);
#710=ORIENTED_EDGE('',*,*,#2884,.T.);
#711=ORIENTED_EDGE('',*,*,#2902,.T.);
#712=ORIENTED_EDGE('',*,*,#2891,.T.);
#713=ORIENTED_EDGE('',*,*,#2888,.T.);
#714=ORIENTED_EDGE('',*,*,#2874,.T.);
#715=ORIENTED_EDGE('',*,*,#2900,.T.);
#716=ORIENTED_EDGE('',*,*,#2881,.T.);
#717=ORIENTED_EDGE('',*,*,#2878,.T.);
#718=ORIENTED_EDGE('',*,*,#2852,.T.);
#719=ORIENTED_EDGE('',*,*,#2898,.T.);
#720=ORIENTED_EDGE('',*,*,#2871,.T.);
#721=ORIENTED_EDGE('',*,*,#2868,.T.);
#722=ORIENTED_EDGE('',*,*,#2865,.T.);
#723=ORIENTED_EDGE('',*,*,#2862,.T.);
#724=ORIENTED_EDGE('',*,*,#2859,.T.);
#725=ORIENTED_EDGE('',*,*,#2856,.T.);
#726=ORIENTED_EDGE('',*,*,#2842,.T.);
#727=ORIENTED_EDGE('',*,*,#2896,.T.);
#728=ORIENTED_EDGE('',*,*,#2849,.T.);
#729=ORIENTED_EDGE('',*,*,#2846,.T.);
#730=ORIENTED_EDGE('',*,*,#2832,.T.);
#731=ORIENTED_EDGE('',*,*,#2894,.T.);
#732=ORIENTED_EDGE('',*,*,#2839,.T.);
#733=ORIENTED_EDGE('',*,*,#2836,.T.);
#734=ORIENTED_EDGE('',*,*,#2630,.F.);
#735=ORIENTED_EDGE('',*,*,#2904,.F.);
#736=ORIENTED_EDGE('',*,*,#2829,.F.);
#737=ORIENTED_EDGE('',*,*,#2826,.F.);
#738=ORIENTED_EDGE('',*,*,#2823,.F.);
#739=ORIENTED_EDGE('',*,*,#2820,.F.);
#740=ORIENTED_EDGE('',*,*,#2817,.F.);
#741=ORIENTED_EDGE('',*,*,#2814,.F.);
#742=ORIENTED_EDGE('',*,*,#2811,.F.);
#743=ORIENTED_EDGE('',*,*,#2808,.F.);
#744=ORIENTED_EDGE('',*,*,#2805,.F.);
#745=ORIENTED_EDGE('',*,*,#2802,.F.);
#746=ORIENTED_EDGE('',*,*,#2799,.F.);
#747=ORIENTED_EDGE('',*,*,#2796,.F.);
#748=ORIENTED_EDGE('',*,*,#2793,.F.);
#749=ORIENTED_EDGE('',*,*,#2790,.F.);
#750=ORIENTED_EDGE('',*,*,#2787,.F.);
#751=ORIENTED_EDGE('',*,*,#2784,.F.);
#752=ORIENTED_EDGE('',*,*,#2781,.F.);
#753=ORIENTED_EDGE('',*,*,#2778,.F.);
#754=ORIENTED_EDGE('',*,*,#2775,.F.);
#755=ORIENTED_EDGE('',*,*,#2772,.F.);
#756=ORIENTED_EDGE('',*,*,#2769,.F.);
#757=ORIENTED_EDGE('',*,*,#2766,.F.);
#758=ORIENTED_EDGE('',*,*,#2763,.F.);
#759=ORIENTED_EDGE('',*,*,#2760,.F.);
#760=ORIENTED_EDGE('',*,*,#2757,.F.);
#761=ORIENTED_EDGE('',*,*,#2754,.F.);
#762=ORIENTED_EDGE('',*,*,#2751,.F.);
#763=ORIENTED_EDGE('',*,*,#2748,.F.);
#764=ORIENTED_EDGE('',*,*,#2745,.F.);
#765=ORIENTED_EDGE('',*,*,#2742,.F.);
#766=ORIENTED_EDGE('',*,*,#2739,.F.);
#767=ORIENTED_EDGE('',*,*,#2736,.F.);
#768=ORIENTED_EDGE('',*,*,#2733,.F.);
#769=ORIENTED_EDGE('',*,*,#2730,.F.);
#770=ORIENTED_EDGE('',*,*,#2727,.F.);
#771=ORIENTED_EDGE('',*,*,#2724,.F.);
#772=ORIENTED_EDGE('',*,*,#2721,.F.);
#773=ORIENTED_EDGE('',*,*,#2718,.F.);
#774=ORIENTED_EDGE('',*,*,#2715,.F.);
#775=ORIENTED_EDGE('',*,*,#2712,.F.);
#776=ORIENTED_EDGE('',*,*,#2709,.F.);
#777=ORIENTED_EDGE('',*,*,#2706,.F.);
#778=ORIENTED_EDGE('',*,*,#2703,.F.);
#779=ORIENTED_EDGE('',*,*,#2700,.F.);
#780=ORIENTED_EDGE('',*,*,#2697,.F.);
#781=ORIENTED_EDGE('',*,*,#2694,.F.);
#782=ORIENTED_EDGE('',*,*,#2691,.F.);
#783=ORIENTED_EDGE('',*,*,#2688,.F.);
#784=ORIENTED_EDGE('',*,*,#2685,.F.);
#785=ORIENTED_EDGE('',*,*,#2682,.F.);
#786=ORIENTED_EDGE('',*,*,#2679,.F.);
#787=ORIENTED_EDGE('',*,*,#2676,.F.);
#788=ORIENTED_EDGE('',*,*,#2673,.F.);
#789=ORIENTED_EDGE('',*,*,#2670,.F.);
#790=ORIENTED_EDGE('',*,*,#2667,.F.);
#791=ORIENTED_EDGE('',*,*,#2664,.F.);
#792=ORIENTED_EDGE('',*,*,#2661,.F.);
#793=ORIENTED_EDGE('',*,*,#2658,.F.);
#794=ORIENTED_EDGE('',*,*,#2655,.F.);
#795=ORIENTED_EDGE('',*,*,#2652,.F.);
#796=ORIENTED_EDGE('',*,*,#2649,.F.);
#797=ORIENTED_EDGE('',*,*,#2646,.F.);
#798=ORIENTED_EDGE('',*,*,#2643,.F.);
#799=ORIENTED_EDGE('',*,*,#2640,.F.);
#800=ORIENTED_EDGE('',*,*,#2637,.F.);
#801=ORIENTED_EDGE('',*,*,#2634,.F.);
#802=ORIENTED_EDGE('',*,*,#2906,.F.);
#803=ORIENTED_EDGE('',*,*,#2907,.F.);
#804=ORIENTED_EDGE('',*,*,#2906,.T.);
#805=ORIENTED_EDGE('',*,*,#2908,.F.);
#806=ORIENTED_EDGE('',*,*,#2907,.T.);
#807=ORIENTED_EDGE('',*,*,#2909,.F.);
#808=ORIENTED_EDGE('',*,*,#2908,.T.);
#809=ORIENTED_EDGE('',*,*,#2910,.F.);
#810=ORIENTED_EDGE('',*,*,#2909,.T.);
#811=ORIENTED_EDGE('',*,*,#2911,.F.);
#812=ORIENTED_EDGE('',*,*,#2910,.T.);
#813=ORIENTED_EDGE('',*,*,#2911,.T.);
#814=ORIENTED_EDGE('',*,*,#2912,.T.);
#815=ORIENTED_EDGE('',*,*,#2913,.F.);
#816=ORIENTED_EDGE('',*,*,#2914,.F.);
#817=ORIENTED_EDGE('',*,*,#2915,.T.);
#818=ORIENTED_EDGE('',*,*,#2916,.T.);
#819=ORIENTED_EDGE('',*,*,#2917,.F.);
#820=ORIENTED_EDGE('',*,*,#2918,.F.);
#821=ORIENTED_EDGE('',*,*,#2913,.T.);
#822=ORIENTED_EDGE('',*,*,#2919,.T.);
#823=ORIENTED_EDGE('',*,*,#2920,.F.);
#824=ORIENTED_EDGE('',*,*,#2921,.F.);
#825=ORIENTED_EDGE('',*,*,#2917,.T.);
#826=ORIENTED_EDGE('',*,*,#2922,.T.);
#827=ORIENTED_EDGE('',*,*,#2923,.F.);
#828=ORIENTED_EDGE('',*,*,#2924,.F.);
#829=ORIENTED_EDGE('',*,*,#2920,.T.);
#830=ORIENTED_EDGE('',*,*,#2925,.T.);
#831=ORIENTED_EDGE('',*,*,#2926,.F.);
#832=ORIENTED_EDGE('',*,*,#2927,.F.);
#833=ORIENTED_EDGE('',*,*,#2923,.T.);
#834=ORIENTED_EDGE('',*,*,#2928,.T.);
#835=ORIENTED_EDGE('',*,*,#2929,.F.);
#836=ORIENTED_EDGE('',*,*,#2930,.F.);
#837=ORIENTED_EDGE('',*,*,#2926,.T.);
#838=ORIENTED_EDGE('',*,*,#2931,.T.);
#839=ORIENTED_EDGE('',*,*,#2932,.F.);
#840=ORIENTED_EDGE('',*,*,#2933,.F.);
#841=ORIENTED_EDGE('',*,*,#2929,.T.);
#842=ORIENTED_EDGE('',*,*,#2934,.T.);
#843=ORIENTED_EDGE('',*,*,#2935,.F.);
#844=ORIENTED_EDGE('',*,*,#2936,.F.);
#845=ORIENTED_EDGE('',*,*,#2932,.T.);
#846=ORIENTED_EDGE('',*,*,#2937,.T.);
#847=ORIENTED_EDGE('',*,*,#2938,.F.);
#848=ORIENTED_EDGE('',*,*,#2939,.F.);
#849=ORIENTED_EDGE('',*,*,#2935,.T.);
#850=ORIENTED_EDGE('',*,*,#2940,.T.);
#851=ORIENTED_EDGE('',*,*,#2941,.F.);
#852=ORIENTED_EDGE('',*,*,#2942,.F.);
#853=ORIENTED_EDGE('',*,*,#2938,.T.);
#854=ORIENTED_EDGE('',*,*,#2943,.T.);
#855=ORIENTED_EDGE('',*,*,#2944,.F.);
#856=ORIENTED_EDGE('',*,*,#2945,.F.);
#857=ORIENTED_EDGE('',*,*,#2941,.T.);
#858=ORIENTED_EDGE('',*,*,#2946,.T.);
#859=ORIENTED_EDGE('',*,*,#2947,.F.);
#860=ORIENTED_EDGE('',*,*,#2948,.F.);
#861=ORIENTED_EDGE('',*,*,#2944,.T.);
#862=ORIENTED_EDGE('',*,*,#2949,.T.);
#863=ORIENTED_EDGE('',*,*,#2950,.F.);
#864=ORIENTED_EDGE('',*,*,#2951,.F.);
#865=ORIENTED_EDGE('',*,*,#2947,.T.);
#866=ORIENTED_EDGE('',*,*,#2952,.T.);
#867=ORIENTED_EDGE('',*,*,#2953,.F.);
#868=ORIENTED_EDGE('',*,*,#2954,.F.);
#869=ORIENTED_EDGE('',*,*,#2950,.T.);
#870=ORIENTED_EDGE('',*,*,#2955,.T.);
#871=ORIENTED_EDGE('',*,*,#2956,.F.);
#872=ORIENTED_EDGE('',*,*,#2957,.F.);
#873=ORIENTED_EDGE('',*,*,#2953,.T.);
#874=ORIENTED_EDGE('',*,*,#2958,.T.);
#875=ORIENTED_EDGE('',*,*,#2959,.F.);
#876=ORIENTED_EDGE('',*,*,#2960,.F.);
#877=ORIENTED_EDGE('',*,*,#2956,.T.);
#878=ORIENTED_EDGE('',*,*,#2961,.T.);
#879=ORIENTED_EDGE('',*,*,#2962,.F.);
#880=ORIENTED_EDGE('',*,*,#2963,.F.);
#881=ORIENTED_EDGE('',*,*,#2959,.T.);
#882=ORIENTED_EDGE('',*,*,#2964,.T.);
#883=ORIENTED_EDGE('',*,*,#2965,.F.);
#884=ORIENTED_EDGE('',*,*,#2966,.F.);
#885=ORIENTED_EDGE('',*,*,#2962,.T.);
#886=ORIENTED_EDGE('',*,*,#2967,.T.);
#887=ORIENTED_EDGE('',*,*,#2968,.F.);
#888=ORIENTED_EDGE('',*,*,#2969,.F.);
#889=ORIENTED_EDGE('',*,*,#2965,.T.);
#890=ORIENTED_EDGE('',*,*,#2970,.T.);
#891=ORIENTED_EDGE('',*,*,#2971,.F.);
#892=ORIENTED_EDGE('',*,*,#2972,.F.);
#893=ORIENTED_EDGE('',*,*,#2968,.T.);
#894=ORIENTED_EDGE('',*,*,#2973,.T.);
#895=ORIENTED_EDGE('',*,*,#2974,.F.);
#896=ORIENTED_EDGE('',*,*,#2975,.F.);
#897=ORIENTED_EDGE('',*,*,#2971,.T.);
#898=ORIENTED_EDGE('',*,*,#2976,.T.);
#899=ORIENTED_EDGE('',*,*,#2977,.F.);
#900=ORIENTED_EDGE('',*,*,#2978,.F.);
#901=ORIENTED_EDGE('',*,*,#2974,.T.);
#902=ORIENTED_EDGE('',*,*,#2979,.T.);
#903=ORIENTED_EDGE('',*,*,#2980,.F.);
#904=ORIENTED_EDGE('',*,*,#2981,.F.);
#905=ORIENTED_EDGE('',*,*,#2977,.T.);
#906=ORIENTED_EDGE('',*,*,#2982,.T.);
#907=ORIENTED_EDGE('',*,*,#2983,.F.);
#908=ORIENTED_EDGE('',*,*,#2984,.F.);
#909=ORIENTED_EDGE('',*,*,#2980,.T.);
#910=ORIENTED_EDGE('',*,*,#2985,.T.);
#911=ORIENTED_EDGE('',*,*,#2986,.F.);
#912=ORIENTED_EDGE('',*,*,#2987,.F.);
#913=ORIENTED_EDGE('',*,*,#2983,.T.);
#914=ORIENTED_EDGE('',*,*,#2988,.T.);
#915=ORIENTED_EDGE('',*,*,#2989,.F.);
#916=ORIENTED_EDGE('',*,*,#2990,.F.);
#917=ORIENTED_EDGE('',*,*,#2986,.T.);
#918=ORIENTED_EDGE('',*,*,#2991,.T.);
#919=ORIENTED_EDGE('',*,*,#2992,.F.);
#920=ORIENTED_EDGE('',*,*,#2993,.F.);
#921=ORIENTED_EDGE('',*,*,#2989,.T.);
#922=ORIENTED_EDGE('',*,*,#2994,.T.);
#923=ORIENTED_EDGE('',*,*,#2995,.F.);
#924=ORIENTED_EDGE('',*,*,#2996,.F.);
#925=ORIENTED_EDGE('',*,*,#2992,.T.);
#926=ORIENTED_EDGE('',*,*,#2997,.T.);
#927=ORIENTED_EDGE('',*,*,#2998,.F.);
#928=ORIENTED_EDGE('',*,*,#2999,.F.);
#929=ORIENTED_EDGE('',*,*,#2995,.T.);
#930=ORIENTED_EDGE('',*,*,#3000,.T.);
#931=ORIENTED_EDGE('',*,*,#3001,.F.);
#932=ORIENTED_EDGE('',*,*,#3002,.F.);
#933=ORIENTED_EDGE('',*,*,#2998,.T.);
#934=ORIENTED_EDGE('',*,*,#3003,.T.);
#935=ORIENTED_EDGE('',*,*,#3004,.F.);
#936=ORIENTED_EDGE('',*,*,#3005,.F.);
#937=ORIENTED_EDGE('',*,*,#3001,.T.);
#938=ORIENTED_EDGE('',*,*,#3006,.T.);
#939=ORIENTED_EDGE('',*,*,#3007,.F.);
#940=ORIENTED_EDGE('',*,*,#3008,.F.);
#941=ORIENTED_EDGE('',*,*,#3004,.T.);
#942=ORIENTED_EDGE('',*,*,#3009,.T.);
#943=ORIENTED_EDGE('',*,*,#3010,.F.);
#944=ORIENTED_EDGE('',*,*,#3011,.F.);
#945=ORIENTED_EDGE('',*,*,#3007,.T.);
#946=ORIENTED_EDGE('',*,*,#3012,.T.);
#947=ORIENTED_EDGE('',*,*,#3013,.F.);
#948=ORIENTED_EDGE('',*,*,#3014,.F.);
#949=ORIENTED_EDGE('',*,*,#3010,.T.);
#950=ORIENTED_EDGE('',*,*,#3015,.T.);
#951=ORIENTED_EDGE('',*,*,#3016,.F.);
#952=ORIENTED_EDGE('',*,*,#3017,.F.);
#953=ORIENTED_EDGE('',*,*,#3013,.T.);
#954=ORIENTED_EDGE('',*,*,#3018,.T.);
#955=ORIENTED_EDGE('',*,*,#3019,.F.);
#956=ORIENTED_EDGE('',*,*,#3020,.F.);
#957=ORIENTED_EDGE('',*,*,#3016,.T.);
#958=ORIENTED_EDGE('',*,*,#3021,.T.);
#959=ORIENTED_EDGE('',*,*,#3022,.F.);
#960=ORIENTED_EDGE('',*,*,#3023,.F.);
#961=ORIENTED_EDGE('',*,*,#3019,.T.);
#962=ORIENTED_EDGE('',*,*,#3024,.T.);
#963=ORIENTED_EDGE('',*,*,#3025,.F.);
#964=ORIENTED_EDGE('',*,*,#3026,.F.);
#965=ORIENTED_EDGE('',*,*,#3022,.T.);
#966=ORIENTED_EDGE('',*,*,#3027,.T.);
#967=ORIENTED_EDGE('',*,*,#3028,.F.);
#968=ORIENTED_EDGE('',*,*,#3029,.F.);
#969=ORIENTED_EDGE('',*,*,#3025,.T.);
#970=ORIENTED_EDGE('',*,*,#3030,.T.);
#971=ORIENTED_EDGE('',*,*,#3031,.F.);
#972=ORIENTED_EDGE('',*,*,#3032,.F.);
#973=ORIENTED_EDGE('',*,*,#3028,.T.);
#974=ORIENTED_EDGE('',*,*,#3033,.T.);
#975=ORIENTED_EDGE('',*,*,#3034,.F.);
#976=ORIENTED_EDGE('',*,*,#3035,.F.);
#977=ORIENTED_EDGE('',*,*,#3031,.T.);
#978=ORIENTED_EDGE('',*,*,#3036,.T.);
#979=ORIENTED_EDGE('',*,*,#3037,.F.);
#980=ORIENTED_EDGE('',*,*,#3038,.F.);
#981=ORIENTED_EDGE('',*,*,#3034,.T.);
#982=ORIENTED_EDGE('',*,*,#3039,.T.);
#983=ORIENTED_EDGE('',*,*,#3040,.F.);
#984=ORIENTED_EDGE('',*,*,#3041,.F.);
#985=ORIENTED_EDGE('',*,*,#3037,.T.);
#986=ORIENTED_EDGE('',*,*,#3042,.T.);
#987=ORIENTED_EDGE('',*,*,#3043,.F.);
#988=ORIENTED_EDGE('',*,*,#3044,.F.);
#989=ORIENTED_EDGE('',*,*,#3040,.T.);
#990=ORIENTED_EDGE('',*,*,#3045,.T.);
#991=ORIENTED_EDGE('',*,*,#3046,.F.);
#992=ORIENTED_EDGE('',*,*,#3047,.F.);
#993=ORIENTED_EDGE('',*,*,#3043,.T.);
#994=ORIENTED_EDGE('',*,*,#3048,.T.);
#995=ORIENTED_EDGE('',*,*,#3049,.F.);
#996=ORIENTED_EDGE('',*,*,#3050,.F.);
#997=ORIENTED_EDGE('',*,*,#3046,.T.);
#998=ORIENTED_EDGE('',*,*,#3051,.T.);
#999=ORIENTED_EDGE('',*,*,#3052,.F.);
#1000=ORIENTED_EDGE('',*,*,#3053,.F.);
#1001=ORIENTED_EDGE('',*,*,#3049,.T.);
#1002=ORIENTED_EDGE('',*,*,#3054,.T.);
#1003=ORIENTED_EDGE('',*,*,#3055,.F.);
#1004=ORIENTED_EDGE('',*,*,#3056,.F.);
#1005=ORIENTED_EDGE('',*,*,#3052,.T.);
#1006=ORIENTED_EDGE('',*,*,#3057,.T.);
#1007=ORIENTED_EDGE('',*,*,#3058,.F.);
#1008=ORIENTED_EDGE('',*,*,#3059,.F.);
#1009=ORIENTED_EDGE('',*,*,#3055,.T.);
#1010=ORIENTED_EDGE('',*,*,#3060,.T.);
#1011=ORIENTED_EDGE('',*,*,#3061,.F.);
#1012=ORIENTED_EDGE('',*,*,#3062,.F.);
#1013=ORIENTED_EDGE('',*,*,#3058,.T.);
#1014=ORIENTED_EDGE('',*,*,#3063,.T.);
#1015=ORIENTED_EDGE('',*,*,#3064,.F.);
#1016=ORIENTED_EDGE('',*,*,#3065,.F.);
#1017=ORIENTED_EDGE('',*,*,#3061,.T.);
#1018=ORIENTED_EDGE('',*,*,#3066,.T.);
#1019=ORIENTED_EDGE('',*,*,#3067,.F.);
#1020=ORIENTED_EDGE('',*,*,#3068,.F.);
#1021=ORIENTED_EDGE('',*,*,#3064,.T.);
#1022=ORIENTED_EDGE('',*,*,#3069,.T.);
#1023=ORIENTED_EDGE('',*,*,#3070,.F.);
#1024=ORIENTED_EDGE('',*,*,#3071,.F.);
#1025=ORIENTED_EDGE('',*,*,#3067,.T.);
#1026=ORIENTED_EDGE('',*,*,#3072,.T.);
#1027=ORIENTED_EDGE('',*,*,#3073,.F.);
#1028=ORIENTED_EDGE('',*,*,#3074,.F.);
#1029=ORIENTED_EDGE('',*,*,#3070,.T.);
#1030=ORIENTED_EDGE('',*,*,#3075,.T.);
#1031=ORIENTED_EDGE('',*,*,#3076,.F.);
#1032=ORIENTED_EDGE('',*,*,#3077,.F.);
#1033=ORIENTED_EDGE('',*,*,#3073,.T.);
#1034=ORIENTED_EDGE('',*,*,#3078,.T.);
#1035=ORIENTED_EDGE('',*,*,#3079,.F.);
#1036=ORIENTED_EDGE('',*,*,#3080,.F.);
#1037=ORIENTED_EDGE('',*,*,#3076,.T.);
#1038=ORIENTED_EDGE('',*,*,#3081,.T.);
#1039=ORIENTED_EDGE('',*,*,#3082,.F.);
#1040=ORIENTED_EDGE('',*,*,#3083,.F.);
#1041=ORIENTED_EDGE('',*,*,#3079,.T.);
#1042=ORIENTED_EDGE('',*,*,#3084,.T.);
#1043=ORIENTED_EDGE('',*,*,#3085,.F.);
#1044=ORIENTED_EDGE('',*,*,#3086,.F.);
#1045=ORIENTED_EDGE('',*,*,#3082,.T.);
#1046=ORIENTED_EDGE('',*,*,#3087,.T.);
#1047=ORIENTED_EDGE('',*,*,#3088,.F.);
#1048=ORIENTED_EDGE('',*,*,#3089,.F.);
#1049=ORIENTED_EDGE('',*,*,#3085,.T.);
#1050=ORIENTED_EDGE('',*,*,#3090,.T.);
#1051=ORIENTED_EDGE('',*,*,#3091,.F.);
#1052=ORIENTED_EDGE('',*,*,#3092,.F.);
#1053=ORIENTED_EDGE('',*,*,#3088,.T.);
#1054=ORIENTED_EDGE('',*,*,#3093,.T.);
#1055=ORIENTED_EDGE('',*,*,#3094,.F.);
#1056=ORIENTED_EDGE('',*,*,#3095,.F.);
#1057=ORIENTED_EDGE('',*,*,#3091,.T.);
#1058=ORIENTED_EDGE('',*,*,#3096,.T.);
#1059=ORIENTED_EDGE('',*,*,#3097,.F.);
#1060=ORIENTED_EDGE('',*,*,#3098,.F.);
#1061=ORIENTED_EDGE('',*,*,#3094,.T.);
#1062=ORIENTED_EDGE('',*,*,#3099,.T.);
#1063=ORIENTED_EDGE('',*,*,#3100,.F.);
#1064=ORIENTED_EDGE('',*,*,#3101,.F.);
#1065=ORIENTED_EDGE('',*,*,#3097,.T.);
#1066=ORIENTED_EDGE('',*,*,#3102,.T.);
#1067=ORIENTED_EDGE('',*,*,#3103,.F.);
#1068=ORIENTED_EDGE('',*,*,#3104,.F.);
#1069=ORIENTED_EDGE('',*,*,#3100,.T.);
#1070=ORIENTED_EDGE('',*,*,#3105,.T.);
#1071=ORIENTED_EDGE('',*,*,#3106,.F.);
#1072=ORIENTED_EDGE('',*,*,#3107,.F.);
#1073=ORIENTED_EDGE('',*,*,#3103,.T.);
#1074=ORIENTED_EDGE('',*,*,#3108,.T.);
#1075=ORIENTED_EDGE('',*,*,#3109,.F.);
#1076=ORIENTED_EDGE('',*,*,#3110,.F.);
#1077=ORIENTED_EDGE('',*,*,#3106,.T.);
#1078=ORIENTED_EDGE('',*,*,#3111,.T.);
#1079=ORIENTED_EDGE('',*,*,#3112,.F.);
#1080=ORIENTED_EDGE('',*,*,#3113,.F.);
#1081=ORIENTED_EDGE('',*,*,#3109,.T.);
#1082=ORIENTED_EDGE('',*,*,#3114,.F.);
#1083=ORIENTED_EDGE('',*,*,#3115,.F.);
#1084=ORIENTED_EDGE('',*,*,#3116,.T.);
#1085=ORIENTED_EDGE('',*,*,#3117,.T.);
#1086=ORIENTED_EDGE('',*,*,#3118,.F.);
#1087=ORIENTED_EDGE('',*,*,#3119,.F.);
#1088=ORIENTED_EDGE('',*,*,#3120,.T.);
#1089=ORIENTED_EDGE('',*,*,#3115,.T.);
#1090=ORIENTED_EDGE('',*,*,#3121,.F.);
#1091=ORIENTED_EDGE('',*,*,#3122,.F.);
#1092=ORIENTED_EDGE('',*,*,#3123,.T.);
#1093=ORIENTED_EDGE('',*,*,#3119,.T.);
#1094=ORIENTED_EDGE('',*,*,#3124,.F.);
#1095=ORIENTED_EDGE('',*,*,#3125,.F.);
#1096=ORIENTED_EDGE('',*,*,#3126,.T.);
#1097=ORIENTED_EDGE('',*,*,#3127,.T.);
#1098=ORIENTED_EDGE('',*,*,#3128,.F.);
#1099=ORIENTED_EDGE('',*,*,#3129,.F.);
#1100=ORIENTED_EDGE('',*,*,#3130,.T.);
#1101=ORIENTED_EDGE('',*,*,#3125,.T.);
#1102=ORIENTED_EDGE('',*,*,#3131,.F.);
#1103=ORIENTED_EDGE('',*,*,#3132,.F.);
#1104=ORIENTED_EDGE('',*,*,#3133,.T.);
#1105=ORIENTED_EDGE('',*,*,#3129,.T.);
#1106=ORIENTED_EDGE('',*,*,#3134,.F.);
#1107=ORIENTED_EDGE('',*,*,#3135,.F.);
#1108=ORIENTED_EDGE('',*,*,#3136,.T.);
#1109=ORIENTED_EDGE('',*,*,#3137,.T.);
#1110=ORIENTED_EDGE('',*,*,#3138,.F.);
#1111=ORIENTED_EDGE('',*,*,#3139,.F.);
#1112=ORIENTED_EDGE('',*,*,#3140,.T.);
#1113=ORIENTED_EDGE('',*,*,#3135,.T.);
#1114=ORIENTED_EDGE('',*,*,#3141,.F.);
#1115=ORIENTED_EDGE('',*,*,#3142,.F.);
#1116=ORIENTED_EDGE('',*,*,#3143,.T.);
#1117=ORIENTED_EDGE('',*,*,#3139,.T.);
#1118=ORIENTED_EDGE('',*,*,#3144,.F.);
#1119=ORIENTED_EDGE('',*,*,#3145,.F.);
#1120=ORIENTED_EDGE('',*,*,#3146,.T.);
#1121=ORIENTED_EDGE('',*,*,#3142,.T.);
#1122=ORIENTED_EDGE('',*,*,#3147,.F.);
#1123=ORIENTED_EDGE('',*,*,#3148,.F.);
#1124=ORIENTED_EDGE('',*,*,#3149,.T.);
#1125=ORIENTED_EDGE('',*,*,#3145,.T.);
#1126=ORIENTED_EDGE('',*,*,#3150,.F.);
#1127=ORIENTED_EDGE('',*,*,#3151,.F.);
#1128=ORIENTED_EDGE('',*,*,#3152,.T.);
#1129=ORIENTED_EDGE('',*,*,#3148,.T.);
#1130=ORIENTED_EDGE('',*,*,#3153,.F.);
#1131=ORIENTED_EDGE('',*,*,#3154,.F.);
#1132=ORIENTED_EDGE('',*,*,#3155,.T.);
#1133=ORIENTED_EDGE('',*,*,#3151,.T.);
#1134=ORIENTED_EDGE('',*,*,#3156,.F.);
#1135=ORIENTED_EDGE('',*,*,#3157,.F.);
#1136=ORIENTED_EDGE('',*,*,#3158,.T.);
#1137=ORIENTED_EDGE('',*,*,#3159,.T.);
#1138=ORIENTED_EDGE('',*,*,#3160,.F.);
#1139=ORIENTED_EDGE('',*,*,#3161,.F.);
#1140=ORIENTED_EDGE('',*,*,#3162,.T.);
#1141=ORIENTED_EDGE('',*,*,#3157,.T.);
#1142=ORIENTED_EDGE('',*,*,#3163,.F.);
#1143=ORIENTED_EDGE('',*,*,#3164,.F.);
#1144=ORIENTED_EDGE('',*,*,#3165,.T.);
#1145=ORIENTED_EDGE('',*,*,#3161,.T.);
#1146=ORIENTED_EDGE('',*,*,#3166,.F.);
#1147=ORIENTED_EDGE('',*,*,#3167,.F.);
#1148=ORIENTED_EDGE('',*,*,#3168,.T.);
#1149=ORIENTED_EDGE('',*,*,#3169,.T.);
#1150=ORIENTED_EDGE('',*,*,#3170,.F.);
#1151=ORIENTED_EDGE('',*,*,#3171,.F.);
#1152=ORIENTED_EDGE('',*,*,#3172,.T.);
#1153=ORIENTED_EDGE('',*,*,#3167,.T.);
#1154=ORIENTED_EDGE('',*,*,#3173,.F.);
#1155=ORIENTED_EDGE('',*,*,#3174,.F.);
#1156=ORIENTED_EDGE('',*,*,#3175,.T.);
#1157=ORIENTED_EDGE('',*,*,#3171,.T.);
#1158=ORIENTED_EDGE('',*,*,#3176,.F.);
#1159=ORIENTED_EDGE('',*,*,#3117,.F.);
#1160=ORIENTED_EDGE('',*,*,#3177,.T.);
#1161=ORIENTED_EDGE('',*,*,#3122,.T.);
#1162=ORIENTED_EDGE('',*,*,#3178,.F.);
#1163=ORIENTED_EDGE('',*,*,#3127,.F.);
#1164=ORIENTED_EDGE('',*,*,#3179,.T.);
#1165=ORIENTED_EDGE('',*,*,#3132,.T.);
#1166=ORIENTED_EDGE('',*,*,#3180,.F.);
#1167=ORIENTED_EDGE('',*,*,#3137,.F.);
#1168=ORIENTED_EDGE('',*,*,#3181,.T.);
#1169=ORIENTED_EDGE('',*,*,#3154,.T.);
#1170=ORIENTED_EDGE('',*,*,#3182,.F.);
#1171=ORIENTED_EDGE('',*,*,#3159,.F.);
#1172=ORIENTED_EDGE('',*,*,#3183,.T.);
#1173=ORIENTED_EDGE('',*,*,#3164,.T.);
#1174=ORIENTED_EDGE('',*,*,#3184,.F.);
#1175=ORIENTED_EDGE('',*,*,#3169,.F.);
#1176=ORIENTED_EDGE('',*,*,#3185,.T.);
#1177=ORIENTED_EDGE('',*,*,#3174,.T.);
#1178=ORIENTED_EDGE('',*,*,#3186,.T.);
#1179=ORIENTED_EDGE('',*,*,#2915,.F.);
#1180=ORIENTED_EDGE('',*,*,#3187,.F.);
#1181=ORIENTED_EDGE('',*,*,#3112,.T.);
#1182=ORIENTED_EDGE('',*,*,#3168,.F.);
#1183=ORIENTED_EDGE('',*,*,#3172,.F.);
#1184=ORIENTED_EDGE('',*,*,#3175,.F.);
#1185=ORIENTED_EDGE('',*,*,#3185,.F.);
#1186=ORIENTED_EDGE('',*,*,#3158,.F.);
#1187=ORIENTED_EDGE('',*,*,#3162,.F.);
#1188=ORIENTED_EDGE('',*,*,#3165,.F.);
#1189=ORIENTED_EDGE('',*,*,#3183,.F.);
#1190=ORIENTED_EDGE('',*,*,#3136,.F.);
#1191=ORIENTED_EDGE('',*,*,#3140,.F.);
#1192=ORIENTED_EDGE('',*,*,#3143,.F.);
#1193=ORIENTED_EDGE('',*,*,#3146,.F.);
#1194=ORIENTED_EDGE('',*,*,#3149,.F.);
#1195=ORIENTED_EDGE('',*,*,#3152,.F.);
#1196=ORIENTED_EDGE('',*,*,#3155,.F.);
#1197=ORIENTED_EDGE('',*,*,#3181,.F.);
#1198=ORIENTED_EDGE('',*,*,#3126,.F.);
#1199=ORIENTED_EDGE('',*,*,#3130,.F.);
#1200=ORIENTED_EDGE('',*,*,#3133,.F.);
#1201=ORIENTED_EDGE('',*,*,#3179,.F.);
#1202=ORIENTED_EDGE('',*,*,#3116,.F.);
#1203=ORIENTED_EDGE('',*,*,#3120,.F.);
#1204=ORIENTED_EDGE('',*,*,#3123,.F.);
#1205=ORIENTED_EDGE('',*,*,#3177,.F.);
#1206=ORIENTED_EDGE('',*,*,#2914,.T.);
#1207=ORIENTED_EDGE('',*,*,#2918,.T.);
#1208=ORIENTED_EDGE('',*,*,#2921,.T.);
#1209=ORIENTED_EDGE('',*,*,#2924,.T.);
#1210=ORIENTED_EDGE('',*,*,#2927,.T.);
#1211=ORIENTED_EDGE('',*,*,#2930,.T.);
#1212=ORIENTED_EDGE('',*,*,#2933,.T.);
#1213=ORIENTED_EDGE('',*,*,#2936,.T.);
#1214=ORIENTED_EDGE('',*,*,#2939,.T.);
#1215=ORIENTED_EDGE('',*,*,#2942,.T.);
#1216=ORIENTED_EDGE('',*,*,#2945,.T.);
#1217=ORIENTED_EDGE('',*,*,#2948,.T.);
#1218=ORIENTED_EDGE('',*,*,#2951,.T.);
#1219=ORIENTED_EDGE('',*,*,#2954,.T.);
#1220=ORIENTED_EDGE('',*,*,#2957,.T.);
#1221=ORIENTED_EDGE('',*,*,#2960,.T.);
#1222=ORIENTED_EDGE('',*,*,#2963,.T.);
#1223=ORIENTED_EDGE('',*,*,#2966,.T.);
#1224=ORIENTED_EDGE('',*,*,#2969,.T.);
#1225=ORIENTED_EDGE('',*,*,#2972,.T.);
#1226=ORIENTED_EDGE('',*,*,#2975,.T.);
#1227=ORIENTED_EDGE('',*,*,#2978,.T.);
#1228=ORIENTED_EDGE('',*,*,#2981,.T.);
#1229=ORIENTED_EDGE('',*,*,#2984,.T.);
#1230=ORIENTED_EDGE('',*,*,#2987,.T.);
#1231=ORIENTED_EDGE('',*,*,#2990,.T.);
#1232=ORIENTED_EDGE('',*,*,#2993,.T.);
#1233=ORIENTED_EDGE('',*,*,#2996,.T.);
#1234=ORIENTED_EDGE('',*,*,#2999,.T.);
#1235=ORIENTED_EDGE('',*,*,#3002,.T.);
#1236=ORIENTED_EDGE('',*,*,#3005,.T.);
#1237=ORIENTED_EDGE('',*,*,#3008,.T.);
#1238=ORIENTED_EDGE('',*,*,#3011,.T.);
#1239=ORIENTED_EDGE('',*,*,#3014,.T.);
#1240=ORIENTED_EDGE('',*,*,#3017,.T.);
#1241=ORIENTED_EDGE('',*,*,#3020,.T.);
#1242=ORIENTED_EDGE('',*,*,#3023,.T.);
#1243=ORIENTED_EDGE('',*,*,#3026,.T.);
#1244=ORIENTED_EDGE('',*,*,#3029,.T.);
#1245=ORIENTED_EDGE('',*,*,#3032,.T.);
#1246=ORIENTED_EDGE('',*,*,#3035,.T.);
#1247=ORIENTED_EDGE('',*,*,#3038,.T.);
#1248=ORIENTED_EDGE('',*,*,#3041,.T.);
#1249=ORIENTED_EDGE('',*,*,#3044,.T.);
#1250=ORIENTED_EDGE('',*,*,#3047,.T.);
#1251=ORIENTED_EDGE('',*,*,#3050,.T.);
#1252=ORIENTED_EDGE('',*,*,#3053,.T.);
#1253=ORIENTED_EDGE('',*,*,#3056,.T.);
#1254=ORIENTED_EDGE('',*,*,#3059,.T.);
#1255=ORIENTED_EDGE('',*,*,#3062,.T.);
#1256=ORIENTED_EDGE('',*,*,#3065,.T.);
#1257=ORIENTED_EDGE('',*,*,#3068,.T.);
#1258=ORIENTED_EDGE('',*,*,#3071,.T.);
#1259=ORIENTED_EDGE('',*,*,#3074,.T.);
#1260=ORIENTED_EDGE('',*,*,#3077,.T.);
#1261=ORIENTED_EDGE('',*,*,#3080,.T.);
#1262=ORIENTED_EDGE('',*,*,#3083,.T.);
#1263=ORIENTED_EDGE('',*,*,#3086,.T.);
#1264=ORIENTED_EDGE('',*,*,#3089,.T.);
#1265=ORIENTED_EDGE('',*,*,#3092,.T.);
#1266=ORIENTED_EDGE('',*,*,#3095,.T.);
#1267=ORIENTED_EDGE('',*,*,#3098,.T.);
#1268=ORIENTED_EDGE('',*,*,#3101,.T.);
#1269=ORIENTED_EDGE('',*,*,#3104,.T.);
#1270=ORIENTED_EDGE('',*,*,#3107,.T.);
#1271=ORIENTED_EDGE('',*,*,#3110,.T.);
#1272=ORIENTED_EDGE('',*,*,#3113,.T.);
#1273=ORIENTED_EDGE('',*,*,#3187,.T.);
#1274=ORIENTED_EDGE('',*,*,#3166,.T.);
#1275=ORIENTED_EDGE('',*,*,#3184,.T.);
#1276=ORIENTED_EDGE('',*,*,#3173,.T.);
#1277=ORIENTED_EDGE('',*,*,#3170,.T.);
#1278=ORIENTED_EDGE('',*,*,#3156,.T.);
#1279=ORIENTED_EDGE('',*,*,#3182,.T.);
#1280=ORIENTED_EDGE('',*,*,#3163,.T.);
#1281=ORIENTED_EDGE('',*,*,#3160,.T.);
#1282=ORIENTED_EDGE('',*,*,#3134,.T.);
#1283=ORIENTED_EDGE('',*,*,#3180,.T.);
#1284=ORIENTED_EDGE('',*,*,#3153,.T.);
#1285=ORIENTED_EDGE('',*,*,#3150,.T.);
#1286=ORIENTED_EDGE('',*,*,#3147,.T.);
#1287=ORIENTED_EDGE('',*,*,#3144,.T.);
#1288=ORIENTED_EDGE('',*,*,#3141,.T.);
#1289=ORIENTED_EDGE('',*,*,#3138,.T.);
#1290=ORIENTED_EDGE('',*,*,#3124,.T.);
#1291=ORIENTED_EDGE('',*,*,#3178,.T.);
#1292=ORIENTED_EDGE('',*,*,#3131,.T.);
#1293=ORIENTED_EDGE('',*,*,#3128,.T.);
#1294=ORIENTED_EDGE('',*,*,#3114,.T.);
#1295=ORIENTED_EDGE('',*,*,#3176,.T.);
#1296=ORIENTED_EDGE('',*,*,#3121,.T.);
#1297=ORIENTED_EDGE('',*,*,#3118,.T.);
#1298=ORIENTED_EDGE('',*,*,#2912,.F.);
#1299=ORIENTED_EDGE('',*,*,#3186,.F.);
#1300=ORIENTED_EDGE('',*,*,#3111,.F.);
#1301=ORIENTED_EDGE('',*,*,#3108,.F.);
#1302=ORIENTED_EDGE('',*,*,#3105,.F.);
#1303=ORIENTED_EDGE('',*,*,#3102,.F.);
#1304=ORIENTED_EDGE('',*,*,#3099,.F.);
#1305=ORIENTED_EDGE('',*,*,#3096,.F.);
#1306=ORIENTED_EDGE('',*,*,#3093,.F.);
#1307=ORIENTED_EDGE('',*,*,#3090,.F.);
#1308=ORIENTED_EDGE('',*,*,#3087,.F.);
#1309=ORIENTED_EDGE('',*,*,#3084,.F.);
#1310=ORIENTED_EDGE('',*,*,#3081,.F.);
#1311=ORIENTED_EDGE('',*,*,#3078,.F.);
#1312=ORIENTED_EDGE('',*,*,#3075,.F.);
#1313=ORIENTED_EDGE('',*,*,#3072,.F.);
#1314=ORIENTED_EDGE('',*,*,#3069,.F.);
#1315=ORIENTED_EDGE('',*,*,#3066,.F.);
#1316=ORIENTED_EDGE('',*,*,#3063,.F.);
#1317=ORIENTED_EDGE('',*,*,#3060,.F.);
#1318=ORIENTED_EDGE('',*,*,#3057,.F.);
#1319=ORIENTED_EDGE('',*,*,#3054,.F.);
#1320=ORIENTED_EDGE('',*,*,#3051,.F.);
#1321=ORIENTED_EDGE('',*,*,#3048,.F.);
#1322=ORIENTED_EDGE('',*,*,#3045,.F.);
#1323=ORIENTED_EDGE('',*,*,#3042,.F.);
#1324=ORIENTED_EDGE('',*,*,#3039,.F.);
#1325=ORIENTED_EDGE('',*,*,#3036,.F.);
#1326=ORIENTED_EDGE('',*,*,#3033,.F.);
#1327=ORIENTED_EDGE('',*,*,#3030,.F.);
#1328=ORIENTED_EDGE('',*,*,#3027,.F.);
#1329=ORIENTED_EDGE('',*,*,#3024,.F.);
#1330=ORIENTED_EDGE('',*,*,#3021,.F.);
#1331=ORIENTED_EDGE('',*,*,#3018,.F.);
#1332=ORIENTED_EDGE('',*,*,#3015,.F.);
#1333=ORIENTED_EDGE('',*,*,#3012,.F.);
#1334=ORIENTED_EDGE('',*,*,#3009,.F.);
#1335=ORIENTED_EDGE('',*,*,#3006,.F.);
#1336=ORIENTED_EDGE('',*,*,#3003,.F.);
#1337=ORIENTED_EDGE('',*,*,#3000,.F.);
#1338=ORIENTED_EDGE('',*,*,#2997,.F.);
#1339=ORIENTED_EDGE('',*,*,#2994,.F.);
#1340=ORIENTED_EDGE('',*,*,#2991,.F.);
#1341=ORIENTED_EDGE('',*,*,#2988,.F.);
#1342=ORIENTED_EDGE('',*,*,#2985,.F.);
#1343=ORIENTED_EDGE('',*,*,#2982,.F.);
#1344=ORIENTED_EDGE('',*,*,#2979,.F.);
#1345=ORIENTED_EDGE('',*,*,#2976,.F.);
#1346=ORIENTED_EDGE('',*,*,#2973,.F.);
#1347=ORIENTED_EDGE('',*,*,#2970,.F.);
#1348=ORIENTED_EDGE('',*,*,#2967,.F.);
#1349=ORIENTED_EDGE('',*,*,#2964,.F.);
#1350=ORIENTED_EDGE('',*,*,#2961,.F.);
#1351=ORIENTED_EDGE('',*,*,#2958,.F.);
#1352=ORIENTED_EDGE('',*,*,#2955,.F.);
#1353=ORIENTED_EDGE('',*,*,#2952,.F.);
#1354=ORIENTED_EDGE('',*,*,#2949,.F.);
#1355=ORIENTED_EDGE('',*,*,#2946,.F.);
#1356=ORIENTED_EDGE('',*,*,#2943,.F.);
#1357=ORIENTED_EDGE('',*,*,#2940,.F.);
#1358=ORIENTED_EDGE('',*,*,#2937,.F.);
#1359=ORIENTED_EDGE('',*,*,#2934,.F.);
#1360=ORIENTED_EDGE('',*,*,#2931,.F.);
#1361=ORIENTED_EDGE('',*,*,#2928,.F.);
#1362=ORIENTED_EDGE('',*,*,#2925,.F.);
#1363=ORIENTED_EDGE('',*,*,#2922,.F.);
#1364=ORIENTED_EDGE('',*,*,#2919,.F.);
#1365=ORIENTED_EDGE('',*,*,#2916,.F.);
#1366=ORIENTED_EDGE('',*,*,#3188,.T.);
#1367=ORIENTED_EDGE('',*,*,#3189,.F.);
#1368=ORIENTED_EDGE('',*,*,#3190,.F.);
#1369=ORIENTED_EDGE('',*,*,#3191,.T.);
#1370=ORIENTED_EDGE('',*,*,#3192,.T.);
#1371=ORIENTED_EDGE('',*,*,#3193,.F.);
#1372=ORIENTED_EDGE('',*,*,#3194,.F.);
#1373=ORIENTED_EDGE('',*,*,#3189,.T.);
#1374=ORIENTED_EDGE('',*,*,#3195,.T.);
#1375=ORIENTED_EDGE('',*,*,#3196,.F.);
#1376=ORIENTED_EDGE('',*,*,#3197,.F.);
#1377=ORIENTED_EDGE('',*,*,#3193,.T.);
#1378=ORIENTED_EDGE('',*,*,#3198,.T.);
#1379=ORIENTED_EDGE('',*,*,#3199,.F.);
#1380=ORIENTED_EDGE('',*,*,#3200,.F.);
#1381=ORIENTED_EDGE('',*,*,#3196,.T.);
#1382=ORIENTED_EDGE('',*,*,#3201,.T.);
#1383=ORIENTED_EDGE('',*,*,#3202,.F.);
#1384=ORIENTED_EDGE('',*,*,#3203,.F.);
#1385=ORIENTED_EDGE('',*,*,#3199,.T.);
#1386=ORIENTED_EDGE('',*,*,#3204,.T.);
#1387=ORIENTED_EDGE('',*,*,#3205,.F.);
#1388=ORIENTED_EDGE('',*,*,#3206,.F.);
#1389=ORIENTED_EDGE('',*,*,#3202,.T.);
#1390=ORIENTED_EDGE('',*,*,#3207,.T.);
#1391=ORIENTED_EDGE('',*,*,#3208,.F.);
#1392=ORIENTED_EDGE('',*,*,#3209,.F.);
#1393=ORIENTED_EDGE('',*,*,#3205,.T.);
#1394=ORIENTED_EDGE('',*,*,#3210,.T.);
#1395=ORIENTED_EDGE('',*,*,#3211,.F.);
#1396=ORIENTED_EDGE('',*,*,#3212,.F.);
#1397=ORIENTED_EDGE('',*,*,#3208,.T.);
#1398=ORIENTED_EDGE('',*,*,#3213,.T.);
#1399=ORIENTED_EDGE('',*,*,#3214,.F.);
#1400=ORIENTED_EDGE('',*,*,#3215,.F.);
#1401=ORIENTED_EDGE('',*,*,#3211,.T.);
#1402=ORIENTED_EDGE('',*,*,#3216,.T.);
#1403=ORIENTED_EDGE('',*,*,#3217,.F.);
#1404=ORIENTED_EDGE('',*,*,#3218,.F.);
#1405=ORIENTED_EDGE('',*,*,#3214,.T.);
#1406=ORIENTED_EDGE('',*,*,#3219,.T.);
#1407=ORIENTED_EDGE('',*,*,#3220,.F.);
#1408=ORIENTED_EDGE('',*,*,#3221,.F.);
#1409=ORIENTED_EDGE('',*,*,#3217,.T.);
#1410=ORIENTED_EDGE('',*,*,#3222,.T.);
#1411=ORIENTED_EDGE('',*,*,#3223,.F.);
#1412=ORIENTED_EDGE('',*,*,#3224,.F.);
#1413=ORIENTED_EDGE('',*,*,#3220,.T.);
#1414=ORIENTED_EDGE('',*,*,#3225,.T.);
#1415=ORIENTED_EDGE('',*,*,#3226,.F.);
#1416=ORIENTED_EDGE('',*,*,#3227,.F.);
#1417=ORIENTED_EDGE('',*,*,#3223,.T.);
#1418=ORIENTED_EDGE('',*,*,#3228,.T.);
#1419=ORIENTED_EDGE('',*,*,#3229,.F.);
#1420=ORIENTED_EDGE('',*,*,#3230,.F.);
#1421=ORIENTED_EDGE('',*,*,#3226,.T.);
#1422=ORIENTED_EDGE('',*,*,#3231,.T.);
#1423=ORIENTED_EDGE('',*,*,#3232,.F.);
#1424=ORIENTED_EDGE('',*,*,#3233,.F.);
#1425=ORIENTED_EDGE('',*,*,#3229,.T.);
#1426=ORIENTED_EDGE('',*,*,#3234,.T.);
#1427=ORIENTED_EDGE('',*,*,#3235,.F.);
#1428=ORIENTED_EDGE('',*,*,#3236,.F.);
#1429=ORIENTED_EDGE('',*,*,#3232,.T.);
#1430=ORIENTED_EDGE('',*,*,#3237,.T.);
#1431=ORIENTED_EDGE('',*,*,#3238,.F.);
#1432=ORIENTED_EDGE('',*,*,#3239,.F.);
#1433=ORIENTED_EDGE('',*,*,#3235,.T.);
#1434=ORIENTED_EDGE('',*,*,#3240,.T.);
#1435=ORIENTED_EDGE('',*,*,#3241,.F.);
#1436=ORIENTED_EDGE('',*,*,#3242,.F.);
#1437=ORIENTED_EDGE('',*,*,#3238,.T.);
#1438=ORIENTED_EDGE('',*,*,#3243,.T.);
#1439=ORIENTED_EDGE('',*,*,#3244,.F.);
#1440=ORIENTED_EDGE('',*,*,#3245,.F.);
#1441=ORIENTED_EDGE('',*,*,#3241,.T.);
#1442=ORIENTED_EDGE('',*,*,#3246,.T.);
#1443=ORIENTED_EDGE('',*,*,#3247,.F.);
#1444=ORIENTED_EDGE('',*,*,#3248,.F.);
#1445=ORIENTED_EDGE('',*,*,#3244,.T.);
#1446=ORIENTED_EDGE('',*,*,#3249,.T.);
#1447=ORIENTED_EDGE('',*,*,#3250,.F.);
#1448=ORIENTED_EDGE('',*,*,#3251,.F.);
#1449=ORIENTED_EDGE('',*,*,#3247,.T.);
#1450=ORIENTED_EDGE('',*,*,#3252,.T.);
#1451=ORIENTED_EDGE('',*,*,#3253,.F.);
#1452=ORIENTED_EDGE('',*,*,#3254,.F.);
#1453=ORIENTED_EDGE('',*,*,#3250,.T.);
#1454=ORIENTED_EDGE('',*,*,#3255,.T.);
#1455=ORIENTED_EDGE('',*,*,#3256,.F.);
#1456=ORIENTED_EDGE('',*,*,#3257,.F.);
#1457=ORIENTED_EDGE('',*,*,#3253,.T.);
#1458=ORIENTED_EDGE('',*,*,#3258,.T.);
#1459=ORIENTED_EDGE('',*,*,#3259,.F.);
#1460=ORIENTED_EDGE('',*,*,#3260,.F.);
#1461=ORIENTED_EDGE('',*,*,#3256,.T.);
#1462=ORIENTED_EDGE('',*,*,#3261,.T.);
#1463=ORIENTED_EDGE('',*,*,#3262,.F.);
#1464=ORIENTED_EDGE('',*,*,#3263,.F.);
#1465=ORIENTED_EDGE('',*,*,#3259,.T.);
#1466=ORIENTED_EDGE('',*,*,#3264,.T.);
#1467=ORIENTED_EDGE('',*,*,#3265,.F.);
#1468=ORIENTED_EDGE('',*,*,#3266,.F.);
#1469=ORIENTED_EDGE('',*,*,#3262,.T.);
#1470=ORIENTED_EDGE('',*,*,#3267,.T.);
#1471=ORIENTED_EDGE('',*,*,#3268,.F.);
#1472=ORIENTED_EDGE('',*,*,#3269,.F.);
#1473=ORIENTED_EDGE('',*,*,#3265,.T.);
#1474=ORIENTED_EDGE('',*,*,#3270,.T.);
#1475=ORIENTED_EDGE('',*,*,#3271,.F.);
#1476=ORIENTED_EDGE('',*,*,#3272,.F.);
#1477=ORIENTED_EDGE('',*,*,#3268,.T.);
#1478=ORIENTED_EDGE('',*,*,#3273,.T.);
#1479=ORIENTED_EDGE('',*,*,#3274,.F.);
#1480=ORIENTED_EDGE('',*,*,#3275,.F.);
#1481=ORIENTED_EDGE('',*,*,#3271,.T.);
#1482=ORIENTED_EDGE('',*,*,#3276,.T.);
#1483=ORIENTED_EDGE('',*,*,#3277,.F.);
#1484=ORIENTED_EDGE('',*,*,#3278,.F.);
#1485=ORIENTED_EDGE('',*,*,#3274,.T.);
#1486=ORIENTED_EDGE('',*,*,#3279,.T.);
#1487=ORIENTED_EDGE('',*,*,#3280,.F.);
#1488=ORIENTED_EDGE('',*,*,#3281,.F.);
#1489=ORIENTED_EDGE('',*,*,#3277,.T.);
#1490=ORIENTED_EDGE('',*,*,#3282,.T.);
#1491=ORIENTED_EDGE('',*,*,#3283,.F.);
#1492=ORIENTED_EDGE('',*,*,#3284,.F.);
#1493=ORIENTED_EDGE('',*,*,#3280,.T.);
#1494=ORIENTED_EDGE('',*,*,#3285,.T.);
#1495=ORIENTED_EDGE('',*,*,#3286,.F.);
#1496=ORIENTED_EDGE('',*,*,#3287,.F.);
#1497=ORIENTED_EDGE('',*,*,#3283,.T.);
#1498=ORIENTED_EDGE('',*,*,#3288,.T.);
#1499=ORIENTED_EDGE('',*,*,#3289,.F.);
#1500=ORIENTED_EDGE('',*,*,#3290,.F.);
#1501=ORIENTED_EDGE('',*,*,#3286,.T.);
#1502=ORIENTED_EDGE('',*,*,#3291,.T.);
#1503=ORIENTED_EDGE('',*,*,#3292,.F.);
#1504=ORIENTED_EDGE('',*,*,#3293,.F.);
#1505=ORIENTED_EDGE('',*,*,#3289,.T.);
#1506=ORIENTED_EDGE('',*,*,#3294,.T.);
#1507=ORIENTED_EDGE('',*,*,#3295,.F.);
#1508=ORIENTED_EDGE('',*,*,#3296,.F.);
#1509=ORIENTED_EDGE('',*,*,#3292,.T.);
#1510=ORIENTED_EDGE('',*,*,#3297,.T.);
#1511=ORIENTED_EDGE('',*,*,#3298,.F.);
#1512=ORIENTED_EDGE('',*,*,#3299,.F.);
#1513=ORIENTED_EDGE('',*,*,#3295,.T.);
#1514=ORIENTED_EDGE('',*,*,#3300,.T.);
#1515=ORIENTED_EDGE('',*,*,#3301,.F.);
#1516=ORIENTED_EDGE('',*,*,#3302,.F.);
#1517=ORIENTED_EDGE('',*,*,#3298,.T.);
#1518=ORIENTED_EDGE('',*,*,#3303,.T.);
#1519=ORIENTED_EDGE('',*,*,#3304,.F.);
#1520=ORIENTED_EDGE('',*,*,#3305,.F.);
#1521=ORIENTED_EDGE('',*,*,#3301,.T.);
#1522=ORIENTED_EDGE('',*,*,#3306,.T.);
#1523=ORIENTED_EDGE('',*,*,#3307,.F.);
#1524=ORIENTED_EDGE('',*,*,#3308,.F.);
#1525=ORIENTED_EDGE('',*,*,#3304,.T.);
#1526=ORIENTED_EDGE('',*,*,#3309,.T.);
#1527=ORIENTED_EDGE('',*,*,#3310,.F.);
#1528=ORIENTED_EDGE('',*,*,#3311,.F.);
#1529=ORIENTED_EDGE('',*,*,#3307,.T.);
#1530=ORIENTED_EDGE('',*,*,#3312,.T.);
#1531=ORIENTED_EDGE('',*,*,#3313,.F.);
#1532=ORIENTED_EDGE('',*,*,#3314,.F.);
#1533=ORIENTED_EDGE('',*,*,#3310,.T.);
#1534=ORIENTED_EDGE('',*,*,#3315,.T.);
#1535=ORIENTED_EDGE('',*,*,#3316,.F.);
#1536=ORIENTED_EDGE('',*,*,#3317,.F.);
#1537=ORIENTED_EDGE('',*,*,#3313,.T.);
#1538=ORIENTED_EDGE('',*,*,#3318,.T.);
#1539=ORIENTED_EDGE('',*,*,#3319,.F.);
#1540=ORIENTED_EDGE('',*,*,#3320,.F.);
#1541=ORIENTED_EDGE('',*,*,#3316,.T.);
#1542=ORIENTED_EDGE('',*,*,#3321,.T.);
#1543=ORIENTED_EDGE('',*,*,#3322,.F.);
#1544=ORIENTED_EDGE('',*,*,#3323,.F.);
#1545=ORIENTED_EDGE('',*,*,#3319,.T.);
#1546=ORIENTED_EDGE('',*,*,#3324,.T.);
#1547=ORIENTED_EDGE('',*,*,#3325,.F.);
#1548=ORIENTED_EDGE('',*,*,#3326,.F.);
#1549=ORIENTED_EDGE('',*,*,#3322,.T.);
#1550=ORIENTED_EDGE('',*,*,#3327,.T.);
#1551=ORIENTED_EDGE('',*,*,#3328,.F.);
#1552=ORIENTED_EDGE('',*,*,#3329,.F.);
#1553=ORIENTED_EDGE('',*,*,#3325,.T.);
#1554=ORIENTED_EDGE('',*,*,#3330,.T.);
#1555=ORIENTED_EDGE('',*,*,#3331,.F.);
#1556=ORIENTED_EDGE('',*,*,#3332,.F.);
#1557=ORIENTED_EDGE('',*,*,#3328,.T.);
#1558=ORIENTED_EDGE('',*,*,#3333,.T.);
#1559=ORIENTED_EDGE('',*,*,#3334,.F.);
#1560=ORIENTED_EDGE('',*,*,#3335,.F.);
#1561=ORIENTED_EDGE('',*,*,#3331,.T.);
#1562=ORIENTED_EDGE('',*,*,#3336,.T.);
#1563=ORIENTED_EDGE('',*,*,#3337,.F.);
#1564=ORIENTED_EDGE('',*,*,#3338,.F.);
#1565=ORIENTED_EDGE('',*,*,#3334,.T.);
#1566=ORIENTED_EDGE('',*,*,#3339,.T.);
#1567=ORIENTED_EDGE('',*,*,#3340,.F.);
#1568=ORIENTED_EDGE('',*,*,#3341,.F.);
#1569=ORIENTED_EDGE('',*,*,#3337,.T.);
#1570=ORIENTED_EDGE('',*,*,#3342,.T.);
#1571=ORIENTED_EDGE('',*,*,#3343,.F.);
#1572=ORIENTED_EDGE('',*,*,#3344,.F.);
#1573=ORIENTED_EDGE('',*,*,#3340,.T.);
#1574=ORIENTED_EDGE('',*,*,#3345,.T.);
#1575=ORIENTED_EDGE('',*,*,#3346,.F.);
#1576=ORIENTED_EDGE('',*,*,#3347,.F.);
#1577=ORIENTED_EDGE('',*,*,#3343,.T.);
#1578=ORIENTED_EDGE('',*,*,#3348,.T.);
#1579=ORIENTED_EDGE('',*,*,#3349,.F.);
#1580=ORIENTED_EDGE('',*,*,#3350,.F.);
#1581=ORIENTED_EDGE('',*,*,#3346,.T.);
#1582=ORIENTED_EDGE('',*,*,#3351,.T.);
#1583=ORIENTED_EDGE('',*,*,#3352,.F.);
#1584=ORIENTED_EDGE('',*,*,#3353,.F.);
#1585=ORIENTED_EDGE('',*,*,#3349,.T.);
#1586=ORIENTED_EDGE('',*,*,#3354,.T.);
#1587=ORIENTED_EDGE('',*,*,#3355,.F.);
#1588=ORIENTED_EDGE('',*,*,#3356,.F.);
#1589=ORIENTED_EDGE('',*,*,#3352,.T.);
#1590=ORIENTED_EDGE('',*,*,#3357,.T.);
#1591=ORIENTED_EDGE('',*,*,#3358,.F.);
#1592=ORIENTED_EDGE('',*,*,#3359,.F.);
#1593=ORIENTED_EDGE('',*,*,#3355,.T.);
#1594=ORIENTED_EDGE('',*,*,#3360,.T.);
#1595=ORIENTED_EDGE('',*,*,#3361,.F.);
#1596=ORIENTED_EDGE('',*,*,#3362,.F.);
#1597=ORIENTED_EDGE('',*,*,#3358,.T.);
#1598=ORIENTED_EDGE('',*,*,#3363,.T.);
#1599=ORIENTED_EDGE('',*,*,#3364,.F.);
#1600=ORIENTED_EDGE('',*,*,#3365,.F.);
#1601=ORIENTED_EDGE('',*,*,#3361,.T.);
#1602=ORIENTED_EDGE('',*,*,#3366,.T.);
#1603=ORIENTED_EDGE('',*,*,#3367,.F.);
#1604=ORIENTED_EDGE('',*,*,#3368,.F.);
#1605=ORIENTED_EDGE('',*,*,#3364,.T.);
#1606=ORIENTED_EDGE('',*,*,#3369,.T.);
#1607=ORIENTED_EDGE('',*,*,#3370,.F.);
#1608=ORIENTED_EDGE('',*,*,#3371,.F.);
#1609=ORIENTED_EDGE('',*,*,#3367,.T.);
#1610=ORIENTED_EDGE('',*,*,#3372,.T.);
#1611=ORIENTED_EDGE('',*,*,#3373,.F.);
#1612=ORIENTED_EDGE('',*,*,#3374,.F.);
#1613=ORIENTED_EDGE('',*,*,#3370,.T.);
#1614=ORIENTED_EDGE('',*,*,#3375,.T.);
#1615=ORIENTED_EDGE('',*,*,#3376,.F.);
#1616=ORIENTED_EDGE('',*,*,#3377,.F.);
#1617=ORIENTED_EDGE('',*,*,#3373,.T.);
#1618=ORIENTED_EDGE('',*,*,#3378,.T.);
#1619=ORIENTED_EDGE('',*,*,#3379,.F.);
#1620=ORIENTED_EDGE('',*,*,#3380,.F.);
#1621=ORIENTED_EDGE('',*,*,#3376,.T.);
#1622=ORIENTED_EDGE('',*,*,#3381,.T.);
#1623=ORIENTED_EDGE('',*,*,#3382,.F.);
#1624=ORIENTED_EDGE('',*,*,#3383,.F.);
#1625=ORIENTED_EDGE('',*,*,#3379,.T.);
#1626=ORIENTED_EDGE('',*,*,#3384,.T.);
#1627=ORIENTED_EDGE('',*,*,#3385,.F.);
#1628=ORIENTED_EDGE('',*,*,#3386,.F.);
#1629=ORIENTED_EDGE('',*,*,#3382,.T.);
#1630=ORIENTED_EDGE('',*,*,#3387,.T.);
#1631=ORIENTED_EDGE('',*,*,#3388,.F.);
#1632=ORIENTED_EDGE('',*,*,#3389,.F.);
#1633=ORIENTED_EDGE('',*,*,#3385,.T.);
#1634=ORIENTED_EDGE('',*,*,#3390,.F.);
#1635=ORIENTED_EDGE('',*,*,#3391,.F.);
#1636=ORIENTED_EDGE('',*,*,#3392,.T.);
#1637=ORIENTED_EDGE('',*,*,#3393,.T.);
#1638=ORIENTED_EDGE('',*,*,#3394,.F.);
#1639=ORIENTED_EDGE('',*,*,#3395,.F.);
#1640=ORIENTED_EDGE('',*,*,#3396,.T.);
#1641=ORIENTED_EDGE('',*,*,#3391,.T.);
#1642=ORIENTED_EDGE('',*,*,#3397,.F.);
#1643=ORIENTED_EDGE('',*,*,#3398,.F.);
#1644=ORIENTED_EDGE('',*,*,#3399,.T.);
#1645=ORIENTED_EDGE('',*,*,#3395,.T.);
#1646=ORIENTED_EDGE('',*,*,#3400,.F.);
#1647=ORIENTED_EDGE('',*,*,#3401,.F.);
#1648=ORIENTED_EDGE('',*,*,#3402,.T.);
#1649=ORIENTED_EDGE('',*,*,#3403,.T.);
#1650=ORIENTED_EDGE('',*,*,#3404,.F.);
#1651=ORIENTED_EDGE('',*,*,#3405,.F.);
#1652=ORIENTED_EDGE('',*,*,#3406,.T.);
#1653=ORIENTED_EDGE('',*,*,#3401,.T.);
#1654=ORIENTED_EDGE('',*,*,#3407,.F.);
#1655=ORIENTED_EDGE('',*,*,#3408,.F.);
#1656=ORIENTED_EDGE('',*,*,#3409,.T.);
#1657=ORIENTED_EDGE('',*,*,#3405,.T.);
#1658=ORIENTED_EDGE('',*,*,#3410,.F.);
#1659=ORIENTED_EDGE('',*,*,#3411,.F.);
#1660=ORIENTED_EDGE('',*,*,#3412,.T.);
#1661=ORIENTED_EDGE('',*,*,#3413,.T.);
#1662=ORIENTED_EDGE('',*,*,#3414,.F.);
#1663=ORIENTED_EDGE('',*,*,#3415,.F.);
#1664=ORIENTED_EDGE('',*,*,#3416,.T.);
#1665=ORIENTED_EDGE('',*,*,#3411,.T.);
#1666=ORIENTED_EDGE('',*,*,#3417,.F.);
#1667=ORIENTED_EDGE('',*,*,#3418,.F.);
#1668=ORIENTED_EDGE('',*,*,#3419,.T.);
#1669=ORIENTED_EDGE('',*,*,#3415,.T.);
#1670=ORIENTED_EDGE('',*,*,#3420,.F.);
#1671=ORIENTED_EDGE('',*,*,#3421,.F.);
#1672=ORIENTED_EDGE('',*,*,#3422,.T.);
#1673=ORIENTED_EDGE('',*,*,#3418,.T.);
#1674=ORIENTED_EDGE('',*,*,#3423,.F.);
#1675=ORIENTED_EDGE('',*,*,#3424,.F.);
#1676=ORIENTED_EDGE('',*,*,#3425,.T.);
#1677=ORIENTED_EDGE('',*,*,#3421,.T.);
#1678=ORIENTED_EDGE('',*,*,#3426,.F.);
#1679=ORIENTED_EDGE('',*,*,#3427,.F.);
#1680=ORIENTED_EDGE('',*,*,#3428,.T.);
#1681=ORIENTED_EDGE('',*,*,#3424,.T.);
#1682=ORIENTED_EDGE('',*,*,#3429,.F.);
#1683=ORIENTED_EDGE('',*,*,#3430,.F.);
#1684=ORIENTED_EDGE('',*,*,#3431,.T.);
#1685=ORIENTED_EDGE('',*,*,#3427,.T.);
#1686=ORIENTED_EDGE('',*,*,#3432,.F.);
#1687=ORIENTED_EDGE('',*,*,#3433,.F.);
#1688=ORIENTED_EDGE('',*,*,#3434,.T.);
#1689=ORIENTED_EDGE('',*,*,#3435,.T.);
#1690=ORIENTED_EDGE('',*,*,#3436,.F.);
#1691=ORIENTED_EDGE('',*,*,#3437,.F.);
#1692=ORIENTED_EDGE('',*,*,#3438,.T.);
#1693=ORIENTED_EDGE('',*,*,#3433,.T.);
#1694=ORIENTED_EDGE('',*,*,#3439,.F.);
#1695=ORIENTED_EDGE('',*,*,#3440,.F.);
#1696=ORIENTED_EDGE('',*,*,#3441,.T.);
#1697=ORIENTED_EDGE('',*,*,#3437,.T.);
#1698=ORIENTED_EDGE('',*,*,#3442,.F.);
#1699=ORIENTED_EDGE('',*,*,#3443,.F.);
#1700=ORIENTED_EDGE('',*,*,#3444,.T.);
#1701=ORIENTED_EDGE('',*,*,#3445,.T.);
#1702=ORIENTED_EDGE('',*,*,#3446,.F.);
#1703=ORIENTED_EDGE('',*,*,#3447,.F.);
#1704=ORIENTED_EDGE('',*,*,#3448,.T.);
#1705=ORIENTED_EDGE('',*,*,#3443,.T.);
#1706=ORIENTED_EDGE('',*,*,#3449,.F.);
#1707=ORIENTED_EDGE('',*,*,#3450,.F.);
#1708=ORIENTED_EDGE('',*,*,#3451,.T.);
#1709=ORIENTED_EDGE('',*,*,#3447,.T.);
#1710=ORIENTED_EDGE('',*,*,#3452,.F.);
#1711=ORIENTED_EDGE('',*,*,#3393,.F.);
#1712=ORIENTED_EDGE('',*,*,#3453,.T.);
#1713=ORIENTED_EDGE('',*,*,#3398,.T.);
#1714=ORIENTED_EDGE('',*,*,#3454,.F.);
#1715=ORIENTED_EDGE('',*,*,#3403,.F.);
#1716=ORIENTED_EDGE('',*,*,#3455,.T.);
#1717=ORIENTED_EDGE('',*,*,#3408,.T.);
#1718=ORIENTED_EDGE('',*,*,#3456,.F.);
#1719=ORIENTED_EDGE('',*,*,#3413,.F.);
#1720=ORIENTED_EDGE('',*,*,#3457,.T.);
#1721=ORIENTED_EDGE('',*,*,#3430,.T.);
#1722=ORIENTED_EDGE('',*,*,#3458,.F.);
#1723=ORIENTED_EDGE('',*,*,#3435,.F.);
#1724=ORIENTED_EDGE('',*,*,#3459,.T.);
#1725=ORIENTED_EDGE('',*,*,#3440,.T.);
#1726=ORIENTED_EDGE('',*,*,#3460,.F.);
#1727=ORIENTED_EDGE('',*,*,#3445,.F.);
#1728=ORIENTED_EDGE('',*,*,#3461,.T.);
#1729=ORIENTED_EDGE('',*,*,#3450,.T.);
#1730=ORIENTED_EDGE('',*,*,#3462,.T.);
#1731=ORIENTED_EDGE('',*,*,#3191,.F.);
#1732=ORIENTED_EDGE('',*,*,#3463,.F.);
#1733=ORIENTED_EDGE('',*,*,#3388,.T.);
#1734=ORIENTED_EDGE('',*,*,#3444,.F.);
#1735=ORIENTED_EDGE('',*,*,#3448,.F.);
#1736=ORIENTED_EDGE('',*,*,#3451,.F.);
#1737=ORIENTED_EDGE('',*,*,#3461,.F.);
#1738=ORIENTED_EDGE('',*,*,#3434,.F.);
#1739=ORIENTED_EDGE('',*,*,#3438,.F.);
#1740=ORIENTED_EDGE('',*,*,#3441,.F.);
#1741=ORIENTED_EDGE('',*,*,#3459,.F.);
#1742=ORIENTED_EDGE('',*,*,#3412,.F.);
#1743=ORIENTED_EDGE('',*,*,#3416,.F.);
#1744=ORIENTED_EDGE('',*,*,#3419,.F.);
#1745=ORIENTED_EDGE('',*,*,#3422,.F.);
#1746=ORIENTED_EDGE('',*,*,#3425,.F.);
#1747=ORIENTED_EDGE('',*,*,#3428,.F.);
#1748=ORIENTED_EDGE('',*,*,#3431,.F.);
#1749=ORIENTED_EDGE('',*,*,#3457,.F.);
#1750=ORIENTED_EDGE('',*,*,#3402,.F.);
#1751=ORIENTED_EDGE('',*,*,#3406,.F.);
#1752=ORIENTED_EDGE('',*,*,#3409,.F.);
#1753=ORIENTED_EDGE('',*,*,#3455,.F.);
#1754=ORIENTED_EDGE('',*,*,#3392,.F.);
#1755=ORIENTED_EDGE('',*,*,#3396,.F.);
#1756=ORIENTED_EDGE('',*,*,#3399,.F.);
#1757=ORIENTED_EDGE('',*,*,#3453,.F.);
#1758=ORIENTED_EDGE('',*,*,#3190,.T.);
#1759=ORIENTED_EDGE('',*,*,#3194,.T.);
#1760=ORIENTED_EDGE('',*,*,#3197,.T.);
#1761=ORIENTED_EDGE('',*,*,#3200,.T.);
#1762=ORIENTED_EDGE('',*,*,#3203,.T.);
#1763=ORIENTED_EDGE('',*,*,#3206,.T.);
#1764=ORIENTED_EDGE('',*,*,#3209,.T.);
#1765=ORIENTED_EDGE('',*,*,#3212,.T.);
#1766=ORIENTED_EDGE('',*,*,#3215,.T.);
#1767=ORIENTED_EDGE('',*,*,#3218,.T.);
#1768=ORIENTED_EDGE('',*,*,#3221,.T.);
#1769=ORIENTED_EDGE('',*,*,#3224,.T.);
#1770=ORIENTED_EDGE('',*,*,#3227,.T.);
#1771=ORIENTED_EDGE('',*,*,#3230,.T.);
#1772=ORIENTED_EDGE('',*,*,#3233,.T.);
#1773=ORIENTED_EDGE('',*,*,#3236,.T.);
#1774=ORIENTED_EDGE('',*,*,#3239,.T.);
#1775=ORIENTED_EDGE('',*,*,#3242,.T.);
#1776=ORIENTED_EDGE('',*,*,#3245,.T.);
#1777=ORIENTED_EDGE('',*,*,#3248,.T.);
#1778=ORIENTED_EDGE('',*,*,#3251,.T.);
#1779=ORIENTED_EDGE('',*,*,#3254,.T.);
#1780=ORIENTED_EDGE('',*,*,#3257,.T.);
#1781=ORIENTED_EDGE('',*,*,#3260,.T.);
#1782=ORIENTED_EDGE('',*,*,#3263,.T.);
#1783=ORIENTED_EDGE('',*,*,#3266,.T.);
#1784=ORIENTED_EDGE('',*,*,#3269,.T.);
#1785=ORIENTED_EDGE('',*,*,#3272,.T.);
#1786=ORIENTED_EDGE('',*,*,#3275,.T.);
#1787=ORIENTED_EDGE('',*,*,#3278,.T.);
#1788=ORIENTED_EDGE('',*,*,#3281,.T.);
#1789=ORIENTED_EDGE('',*,*,#3284,.T.);
#1790=ORIENTED_EDGE('',*,*,#3287,.T.);
#1791=ORIENTED_EDGE('',*,*,#3290,.T.);
#1792=ORIENTED_EDGE('',*,*,#3293,.T.);
#1793=ORIENTED_EDGE('',*,*,#3296,.T.);
#1794=ORIENTED_EDGE('',*,*,#3299,.T.);
#1795=ORIENTED_EDGE('',*,*,#3302,.T.);
#1796=ORIENTED_EDGE('',*,*,#3305,.T.);
#1797=ORIENTED_EDGE('',*,*,#3308,.T.);
#1798=ORIENTED_EDGE('',*,*,#3311,.T.);
#1799=ORIENTED_EDGE('',*,*,#3314,.T.);
#1800=ORIENTED_EDGE('',*,*,#3317,.T.);
#1801=ORIENTED_EDGE('',*,*,#3320,.T.);
#1802=ORIENTED_EDGE('',*,*,#3323,.T.);
#1803=ORIENTED_EDGE('',*,*,#3326,.T.);
#1804=ORIENTED_EDGE('',*,*,#3329,.T.);
#1805=ORIENTED_EDGE('',*,*,#3332,.T.);
#1806=ORIENTED_EDGE('',*,*,#3335,.T.);
#1807=ORIENTED_EDGE('',*,*,#3338,.T.);
#1808=ORIENTED_EDGE('',*,*,#3341,.T.);
#1809=ORIENTED_EDGE('',*,*,#3344,.T.);
#1810=ORIENTED_EDGE('',*,*,#3347,.T.);
#1811=ORIENTED_EDGE('',*,*,#3350,.T.);
#1812=ORIENTED_EDGE('',*,*,#3353,.T.);
#1813=ORIENTED_EDGE('',*,*,#3356,.T.);
#1814=ORIENTED_EDGE('',*,*,#3359,.T.);
#1815=ORIENTED_EDGE('',*,*,#3362,.T.);
#1816=ORIENTED_EDGE('',*,*,#3365,.T.);
#1817=ORIENTED_EDGE('',*,*,#3368,.T.);
#1818=ORIENTED_EDGE('',*,*,#3371,.T.);
#1819=ORIENTED_EDGE('',*,*,#3374,.T.);
#1820=ORIENTED_EDGE('',*,*,#3377,.T.);
#1821=ORIENTED_EDGE('',*,*,#3380,.T.);
#1822=ORIENTED_EDGE('',*,*,#3383,.T.);
#1823=ORIENTED_EDGE('',*,*,#3386,.T.);
#1824=ORIENTED_EDGE('',*,*,#3389,.T.);
#1825=ORIENTED_EDGE('',*,*,#3463,.T.);
#1826=ORIENTED_EDGE('',*,*,#3442,.T.);
#1827=ORIENTED_EDGE('',*,*,#3460,.T.);
#1828=ORIENTED_EDGE('',*,*,#3449,.T.);
#1829=ORIENTED_EDGE('',*,*,#3446,.T.);
#1830=ORIENTED_EDGE('',*,*,#3432,.T.);
#1831=ORIENTED_EDGE('',*,*,#3458,.T.);
#1832=ORIENTED_EDGE('',*,*,#3439,.T.);
#1833=ORIENTED_EDGE('',*,*,#3436,.T.);
#1834=ORIENTED_EDGE('',*,*,#3410,.T.);
#1835=ORIENTED_EDGE('',*,*,#3456,.T.);
#1836=ORIENTED_EDGE('',*,*,#3429,.T.);
#1837=ORIENTED_EDGE('',*,*,#3426,.T.);
#1838=ORIENTED_EDGE('',*,*,#3423,.T.);
#1839=ORIENTED_EDGE('',*,*,#3420,.T.);
#1840=ORIENTED_EDGE('',*,*,#3417,.T.);
#1841=ORIENTED_EDGE('',*,*,#3414,.T.);
#1842=ORIENTED_EDGE('',*,*,#3400,.T.);
#1843=ORIENTED_EDGE('',*,*,#3454,.T.);
#1844=ORIENTED_EDGE('',*,*,#3407,.T.);
#1845=ORIENTED_EDGE('',*,*,#3404,.T.);
#1846=ORIENTED_EDGE('',*,*,#3390,.T.);
#1847=ORIENTED_EDGE('',*,*,#3452,.T.);
#1848=ORIENTED_EDGE('',*,*,#3397,.T.);
#1849=ORIENTED_EDGE('',*,*,#3394,.T.);
#1850=ORIENTED_EDGE('',*,*,#3188,.F.);
#1851=ORIENTED_EDGE('',*,*,#3462,.F.);
#1852=ORIENTED_EDGE('',*,*,#3387,.F.);
#1853=ORIENTED_EDGE('',*,*,#3384,.F.);
#1854=ORIENTED_EDGE('',*,*,#3381,.F.);
#1855=ORIENTED_EDGE('',*,*,#3378,.F.);
#1856=ORIENTED_EDGE('',*,*,#3375,.F.);
#1857=ORIENTED_EDGE('',*,*,#3372,.F.);
#1858=ORIENTED_EDGE('',*,*,#3369,.F.);
#1859=ORIENTED_EDGE('',*,*,#3366,.F.);
#1860=ORIENTED_EDGE('',*,*,#3363,.F.);
#1861=ORIENTED_EDGE('',*,*,#3360,.F.);
#1862=ORIENTED_EDGE('',*,*,#3357,.F.);
#1863=ORIENTED_EDGE('',*,*,#3354,.F.);
#1864=ORIENTED_EDGE('',*,*,#3351,.F.);
#1865=ORIENTED_EDGE('',*,*,#3348,.F.);
#1866=ORIENTED_EDGE('',*,*,#3345,.F.);
#1867=ORIENTED_EDGE('',*,*,#3342,.F.);
#1868=ORIENTED_EDGE('',*,*,#3339,.F.);
#1869=ORIENTED_EDGE('',*,*,#3336,.F.);
#1870=ORIENTED_EDGE('',*,*,#3333,.F.);
#1871=ORIENTED_EDGE('',*,*,#3330,.F.);
#1872=ORIENTED_EDGE('',*,*,#3327,.F.);
#1873=ORIENTED_EDGE('',*,*,#3324,.F.);
#1874=ORIENTED_EDGE('',*,*,#3321,.F.);
#1875=ORIENTED_EDGE('',*,*,#3318,.F.);
#1876=ORIENTED_EDGE('',*,*,#3315,.F.);
#1877=ORIENTED_EDGE('',*,*,#3312,.F.);
#1878=ORIENTED_EDGE('',*,*,#3309,.F.);
#1879=ORIENTED_EDGE('',*,*,#3306,.F.);
#1880=ORIENTED_EDGE('',*,*,#3303,.F.);
#1881=ORIENTED_EDGE('',*,*,#3300,.F.);
#1882=ORIENTED_EDGE('',*,*,#3297,.F.);
#1883=ORIENTED_EDGE('',*,*,#3294,.F.);
#1884=ORIENTED_EDGE('',*,*,#3291,.F.);
#1885=ORIENTED_EDGE('',*,*,#3288,.F.);
#1886=ORIENTED_EDGE('',*,*,#3285,.F.);
#1887=ORIENTED_EDGE('',*,*,#3282,.F.);
#1888=ORIENTED_EDGE('',*,*,#3279,.F.);
#1889=ORIENTED_EDGE('',*,*,#3276,.F.);
#1890=ORIENTED_EDGE('',*,*,#3273,.F.);
#1891=ORIENTED_EDGE('',*,*,#3270,.F.);
#1892=ORIENTED_EDGE('',*,*,#3267,.F.);
#1893=ORIENTED_EDGE('',*,*,#3264,.F.);
#1894=ORIENTED_EDGE('',*,*,#3261,.F.);
#1895=ORIENTED_EDGE('',*,*,#3258,.F.);
#1896=ORIENTED_EDGE('',*,*,#3255,.F.);
#1897=ORIENTED_EDGE('',*,*,#3252,.F.);
#1898=ORIENTED_EDGE('',*,*,#3249,.F.);
#1899=ORIENTED_EDGE('',*,*,#3246,.F.);
#1900=ORIENTED_EDGE('',*,*,#3243,.F.);
#1901=ORIENTED_EDGE('',*,*,#3240,.F.);
#1902=ORIENTED_EDGE('',*,*,#3237,.F.);
#1903=ORIENTED_EDGE('',*,*,#3234,.F.);
#1904=ORIENTED_EDGE('',*,*,#3231,.F.);
#1905=ORIENTED_EDGE('',*,*,#3228,.F.);
#1906=ORIENTED_EDGE('',*,*,#3225,.F.);
#1907=ORIENTED_EDGE('',*,*,#3222,.F.);
#1908=ORIENTED_EDGE('',*,*,#3219,.F.);
#1909=ORIENTED_EDGE('',*,*,#3216,.F.);
#1910=ORIENTED_EDGE('',*,*,#3213,.F.);
#1911=ORIENTED_EDGE('',*,*,#3210,.F.);
#1912=ORIENTED_EDGE('',*,*,#3207,.F.);
#1913=ORIENTED_EDGE('',*,*,#3204,.F.);
#1914=ORIENTED_EDGE('',*,*,#3201,.F.);
#1915=ORIENTED_EDGE('',*,*,#3198,.F.);
#1916=ORIENTED_EDGE('',*,*,#3195,.F.);
#1917=ORIENTED_EDGE('',*,*,#3192,.F.);
#1918=ORIENTED_EDGE('',*,*,#3464,.T.);
#1919=ORIENTED_EDGE('',*,*,#3465,.F.);
#1920=ORIENTED_EDGE('',*,*,#3466,.F.);
#1921=ORIENTED_EDGE('',*,*,#3467,.T.);
#1922=ORIENTED_EDGE('',*,*,#3468,.T.);
#1923=ORIENTED_EDGE('',*,*,#3469,.F.);
#1924=ORIENTED_EDGE('',*,*,#3470,.F.);
#1925=ORIENTED_EDGE('',*,*,#3465,.T.);
#1926=ORIENTED_EDGE('',*,*,#3471,.T.);
#1927=ORIENTED_EDGE('',*,*,#3472,.F.);
#1928=ORIENTED_EDGE('',*,*,#3473,.F.);
#1929=ORIENTED_EDGE('',*,*,#3469,.T.);
#1930=ORIENTED_EDGE('',*,*,#3474,.T.);
#1931=ORIENTED_EDGE('',*,*,#3475,.F.);
#1932=ORIENTED_EDGE('',*,*,#3476,.F.);
#1933=ORIENTED_EDGE('',*,*,#3472,.T.);
#1934=ORIENTED_EDGE('',*,*,#3477,.T.);
#1935=ORIENTED_EDGE('',*,*,#3478,.F.);
#1936=ORIENTED_EDGE('',*,*,#3479,.F.);
#1937=ORIENTED_EDGE('',*,*,#3475,.T.);
#1938=ORIENTED_EDGE('',*,*,#3480,.T.);
#1939=ORIENTED_EDGE('',*,*,#3481,.F.);
#1940=ORIENTED_EDGE('',*,*,#3482,.F.);
#1941=ORIENTED_EDGE('',*,*,#3478,.T.);
#1942=ORIENTED_EDGE('',*,*,#3483,.T.);
#1943=ORIENTED_EDGE('',*,*,#3484,.F.);
#1944=ORIENTED_EDGE('',*,*,#3485,.F.);
#1945=ORIENTED_EDGE('',*,*,#3481,.T.);
#1946=ORIENTED_EDGE('',*,*,#3486,.T.);
#1947=ORIENTED_EDGE('',*,*,#3487,.F.);
#1948=ORIENTED_EDGE('',*,*,#3488,.F.);
#1949=ORIENTED_EDGE('',*,*,#3484,.T.);
#1950=ORIENTED_EDGE('',*,*,#3489,.T.);
#1951=ORIENTED_EDGE('',*,*,#3490,.F.);
#1952=ORIENTED_EDGE('',*,*,#3491,.F.);
#1953=ORIENTED_EDGE('',*,*,#3487,.T.);
#1954=ORIENTED_EDGE('',*,*,#3492,.T.);
#1955=ORIENTED_EDGE('',*,*,#3493,.F.);
#1956=ORIENTED_EDGE('',*,*,#3494,.F.);
#1957=ORIENTED_EDGE('',*,*,#3490,.T.);
#1958=ORIENTED_EDGE('',*,*,#3495,.T.);
#1959=ORIENTED_EDGE('',*,*,#3496,.F.);
#1960=ORIENTED_EDGE('',*,*,#3497,.F.);
#1961=ORIENTED_EDGE('',*,*,#3493,.T.);
#1962=ORIENTED_EDGE('',*,*,#3498,.T.);
#1963=ORIENTED_EDGE('',*,*,#3499,.F.);
#1964=ORIENTED_EDGE('',*,*,#3500,.F.);
#1965=ORIENTED_EDGE('',*,*,#3496,.T.);
#1966=ORIENTED_EDGE('',*,*,#3501,.T.);
#1967=ORIENTED_EDGE('',*,*,#3502,.F.);
#1968=ORIENTED_EDGE('',*,*,#3503,.F.);
#1969=ORIENTED_EDGE('',*,*,#3499,.T.);
#1970=ORIENTED_EDGE('',*,*,#3504,.T.);
#1971=ORIENTED_EDGE('',*,*,#3505,.F.);
#1972=ORIENTED_EDGE('',*,*,#3506,.F.);
#1973=ORIENTED_EDGE('',*,*,#3502,.T.);
#1974=ORIENTED_EDGE('',*,*,#3507,.T.);
#1975=ORIENTED_EDGE('',*,*,#3508,.F.);
#1976=ORIENTED_EDGE('',*,*,#3509,.F.);
#1977=ORIENTED_EDGE('',*,*,#3505,.T.);
#1978=ORIENTED_EDGE('',*,*,#3510,.T.);
#1979=ORIENTED_EDGE('',*,*,#3511,.F.);
#1980=ORIENTED_EDGE('',*,*,#3512,.F.);
#1981=ORIENTED_EDGE('',*,*,#3508,.T.);
#1982=ORIENTED_EDGE('',*,*,#3513,.T.);
#1983=ORIENTED_EDGE('',*,*,#3514,.F.);
#1984=ORIENTED_EDGE('',*,*,#3515,.F.);
#1985=ORIENTED_EDGE('',*,*,#3511,.T.);
#1986=ORIENTED_EDGE('',*,*,#3516,.T.);
#1987=ORIENTED_EDGE('',*,*,#3517,.F.);
#1988=ORIENTED_EDGE('',*,*,#3518,.F.);
#1989=ORIENTED_EDGE('',*,*,#3514,.T.);
#1990=ORIENTED_EDGE('',*,*,#3519,.T.);
#1991=ORIENTED_EDGE('',*,*,#3520,.F.);
#1992=ORIENTED_EDGE('',*,*,#3521,.F.);
#1993=ORIENTED_EDGE('',*,*,#3517,.T.);
#1994=ORIENTED_EDGE('',*,*,#3522,.T.);
#1995=ORIENTED_EDGE('',*,*,#3523,.F.);
#1996=ORIENTED_EDGE('',*,*,#3524,.F.);
#1997=ORIENTED_EDGE('',*,*,#3520,.T.);
#1998=ORIENTED_EDGE('',*,*,#3525,.T.);
#1999=ORIENTED_EDGE('',*,*,#3526,.F.);
#2000=ORIENTED_EDGE('',*,*,#3527,.F.);
#2001=ORIENTED_EDGE('',*,*,#3523,.T.);
#2002=ORIENTED_EDGE('',*,*,#3528,.T.);
#2003=ORIENTED_EDGE('',*,*,#3529,.F.);
#2004=ORIENTED_EDGE('',*,*,#3530,.F.);
#2005=ORIENTED_EDGE('',*,*,#3526,.T.);
#2006=ORIENTED_EDGE('',*,*,#3531,.T.);
#2007=ORIENTED_EDGE('',*,*,#3532,.F.);
#2008=ORIENTED_EDGE('',*,*,#3533,.F.);
#2009=ORIENTED_EDGE('',*,*,#3529,.T.);
#2010=ORIENTED_EDGE('',*,*,#3534,.T.);
#2011=ORIENTED_EDGE('',*,*,#3535,.F.);
#2012=ORIENTED_EDGE('',*,*,#3536,.F.);
#2013=ORIENTED_EDGE('',*,*,#3532,.T.);
#2014=ORIENTED_EDGE('',*,*,#3537,.T.);
#2015=ORIENTED_EDGE('',*,*,#3538,.F.);
#2016=ORIENTED_EDGE('',*,*,#3539,.F.);
#2017=ORIENTED_EDGE('',*,*,#3535,.T.);
#2018=ORIENTED_EDGE('',*,*,#3540,.T.);
#2019=ORIENTED_EDGE('',*,*,#3541,.F.);
#2020=ORIENTED_EDGE('',*,*,#3542,.F.);
#2021=ORIENTED_EDGE('',*,*,#3538,.T.);
#2022=ORIENTED_EDGE('',*,*,#3543,.T.);
#2023=ORIENTED_EDGE('',*,*,#3544,.F.);
#2024=ORIENTED_EDGE('',*,*,#3545,.F.);
#2025=ORIENTED_EDGE('',*,*,#3541,.T.);
#2026=ORIENTED_EDGE('',*,*,#3546,.T.);
#2027=ORIENTED_EDGE('',*,*,#3547,.F.);
#2028=ORIENTED_EDGE('',*,*,#3548,.F.);
#2029=ORIENTED_EDGE('',*,*,#3544,.T.);
#2030=ORIENTED_EDGE('',*,*,#3549,.T.);
#2031=ORIENTED_EDGE('',*,*,#3550,.F.);
#2032=ORIENTED_EDGE('',*,*,#3551,.F.);
#2033=ORIENTED_EDGE('',*,*,#3547,.T.);
#2034=ORIENTED_EDGE('',*,*,#3552,.T.);
#2035=ORIENTED_EDGE('',*,*,#3553,.F.);
#2036=ORIENTED_EDGE('',*,*,#3554,.F.);
#2037=ORIENTED_EDGE('',*,*,#3550,.T.);
#2038=ORIENTED_EDGE('',*,*,#3555,.T.);
#2039=ORIENTED_EDGE('',*,*,#3556,.F.);
#2040=ORIENTED_EDGE('',*,*,#3557,.F.);
#2041=ORIENTED_EDGE('',*,*,#3553,.T.);
#2042=ORIENTED_EDGE('',*,*,#3558,.T.);
#2043=ORIENTED_EDGE('',*,*,#3559,.F.);
#2044=ORIENTED_EDGE('',*,*,#3560,.F.);
#2045=ORIENTED_EDGE('',*,*,#3556,.T.);
#2046=ORIENTED_EDGE('',*,*,#3561,.T.);
#2047=ORIENTED_EDGE('',*,*,#3562,.F.);
#2048=ORIENTED_EDGE('',*,*,#3563,.F.);
#2049=ORIENTED_EDGE('',*,*,#3559,.T.);
#2050=ORIENTED_EDGE('',*,*,#3564,.T.);
#2051=ORIENTED_EDGE('',*,*,#3565,.F.);
#2052=ORIENTED_EDGE('',*,*,#3566,.F.);
#2053=ORIENTED_EDGE('',*,*,#3562,.T.);
#2054=ORIENTED_EDGE('',*,*,#3567,.T.);
#2055=ORIENTED_EDGE('',*,*,#3568,.F.);
#2056=ORIENTED_EDGE('',*,*,#3569,.F.);
#2057=ORIENTED_EDGE('',*,*,#3565,.T.);
#2058=ORIENTED_EDGE('',*,*,#3570,.T.);
#2059=ORIENTED_EDGE('',*,*,#3571,.F.);
#2060=ORIENTED_EDGE('',*,*,#3572,.F.);
#2061=ORIENTED_EDGE('',*,*,#3568,.T.);
#2062=ORIENTED_EDGE('',*,*,#3573,.T.);
#2063=ORIENTED_EDGE('',*,*,#3574,.F.);
#2064=ORIENTED_EDGE('',*,*,#3575,.F.);
#2065=ORIENTED_EDGE('',*,*,#3571,.T.);
#2066=ORIENTED_EDGE('',*,*,#3576,.T.);
#2067=ORIENTED_EDGE('',*,*,#3577,.F.);
#2068=ORIENTED_EDGE('',*,*,#3578,.F.);
#2069=ORIENTED_EDGE('',*,*,#3574,.T.);
#2070=ORIENTED_EDGE('',*,*,#3579,.T.);
#2071=ORIENTED_EDGE('',*,*,#3580,.F.);
#2072=ORIENTED_EDGE('',*,*,#3581,.F.);
#2073=ORIENTED_EDGE('',*,*,#3577,.T.);
#2074=ORIENTED_EDGE('',*,*,#3582,.T.);
#2075=ORIENTED_EDGE('',*,*,#3583,.F.);
#2076=ORIENTED_EDGE('',*,*,#3584,.F.);
#2077=ORIENTED_EDGE('',*,*,#3580,.T.);
#2078=ORIENTED_EDGE('',*,*,#3585,.T.);
#2079=ORIENTED_EDGE('',*,*,#3586,.F.);
#2080=ORIENTED_EDGE('',*,*,#3587,.F.);
#2081=ORIENTED_EDGE('',*,*,#3583,.T.);
#2082=ORIENTED_EDGE('',*,*,#3588,.T.);
#2083=ORIENTED_EDGE('',*,*,#3589,.F.);
#2084=ORIENTED_EDGE('',*,*,#3590,.F.);
#2085=ORIENTED_EDGE('',*,*,#3586,.T.);
#2086=ORIENTED_EDGE('',*,*,#3591,.T.);
#2087=ORIENTED_EDGE('',*,*,#3592,.F.);
#2088=ORIENTED_EDGE('',*,*,#3593,.F.);
#2089=ORIENTED_EDGE('',*,*,#3589,.T.);
#2090=ORIENTED_EDGE('',*,*,#3594,.T.);
#2091=ORIENTED_EDGE('',*,*,#3595,.F.);
#2092=ORIENTED_EDGE('',*,*,#3596,.F.);
#2093=ORIENTED_EDGE('',*,*,#3592,.T.);
#2094=ORIENTED_EDGE('',*,*,#3597,.T.);
#2095=ORIENTED_EDGE('',*,*,#3598,.F.);
#2096=ORIENTED_EDGE('',*,*,#3599,.F.);
#2097=ORIENTED_EDGE('',*,*,#3595,.T.);
#2098=ORIENTED_EDGE('',*,*,#3600,.T.);
#2099=ORIENTED_EDGE('',*,*,#3601,.F.);
#2100=ORIENTED_EDGE('',*,*,#3602,.F.);
#2101=ORIENTED_EDGE('',*,*,#3598,.T.);
#2102=ORIENTED_EDGE('',*,*,#3603,.T.);
#2103=ORIENTED_EDGE('',*,*,#3604,.F.);
#2104=ORIENTED_EDGE('',*,*,#3605,.F.);
#2105=ORIENTED_EDGE('',*,*,#3601,.T.);
#2106=ORIENTED_EDGE('',*,*,#3606,.T.);
#2107=ORIENTED_EDGE('',*,*,#3607,.F.);
#2108=ORIENTED_EDGE('',*,*,#3608,.F.);
#2109=ORIENTED_EDGE('',*,*,#3604,.T.);
#2110=ORIENTED_EDGE('',*,*,#3609,.T.);
#2111=ORIENTED_EDGE('',*,*,#3610,.F.);
#2112=ORIENTED_EDGE('',*,*,#3611,.F.);
#2113=ORIENTED_EDGE('',*,*,#3607,.T.);
#2114=ORIENTED_EDGE('',*,*,#3612,.T.);
#2115=ORIENTED_EDGE('',*,*,#3613,.F.);
#2116=ORIENTED_EDGE('',*,*,#3614,.F.);
#2117=ORIENTED_EDGE('',*,*,#3610,.T.);
#2118=ORIENTED_EDGE('',*,*,#3615,.T.);
#2119=ORIENTED_EDGE('',*,*,#3616,.F.);
#2120=ORIENTED_EDGE('',*,*,#3617,.F.);
#2121=ORIENTED_EDGE('',*,*,#3613,.T.);
#2122=ORIENTED_EDGE('',*,*,#3618,.T.);
#2123=ORIENTED_EDGE('',*,*,#3619,.F.);
#2124=ORIENTED_EDGE('',*,*,#3620,.F.);
#2125=ORIENTED_EDGE('',*,*,#3616,.T.);
#2126=ORIENTED_EDGE('',*,*,#3621,.T.);
#2127=ORIENTED_EDGE('',*,*,#3622,.F.);
#2128=ORIENTED_EDGE('',*,*,#3623,.F.);
#2129=ORIENTED_EDGE('',*,*,#3619,.T.);
#2130=ORIENTED_EDGE('',*,*,#3624,.T.);
#2131=ORIENTED_EDGE('',*,*,#3625,.F.);
#2132=ORIENTED_EDGE('',*,*,#3626,.F.);
#2133=ORIENTED_EDGE('',*,*,#3622,.T.);
#2134=ORIENTED_EDGE('',*,*,#3627,.T.);
#2135=ORIENTED_EDGE('',*,*,#3628,.F.);
#2136=ORIENTED_EDGE('',*,*,#3629,.F.);
#2137=ORIENTED_EDGE('',*,*,#3625,.T.);
#2138=ORIENTED_EDGE('',*,*,#3630,.T.);
#2139=ORIENTED_EDGE('',*,*,#3631,.F.);
#2140=ORIENTED_EDGE('',*,*,#3632,.F.);
#2141=ORIENTED_EDGE('',*,*,#3628,.T.);
#2142=ORIENTED_EDGE('',*,*,#3633,.T.);
#2143=ORIENTED_EDGE('',*,*,#3634,.F.);
#2144=ORIENTED_EDGE('',*,*,#3635,.F.);
#2145=ORIENTED_EDGE('',*,*,#3631,.T.);
#2146=ORIENTED_EDGE('',*,*,#3636,.T.);
#2147=ORIENTED_EDGE('',*,*,#3637,.F.);
#2148=ORIENTED_EDGE('',*,*,#3638,.F.);
#2149=ORIENTED_EDGE('',*,*,#3634,.T.);
#2150=ORIENTED_EDGE('',*,*,#3639,.T.);
#2151=ORIENTED_EDGE('',*,*,#3640,.F.);
#2152=ORIENTED_EDGE('',*,*,#3641,.F.);
#2153=ORIENTED_EDGE('',*,*,#3637,.T.);
#2154=ORIENTED_EDGE('',*,*,#3642,.T.);
#2155=ORIENTED_EDGE('',*,*,#3643,.F.);
#2156=ORIENTED_EDGE('',*,*,#3644,.F.);
#2157=ORIENTED_EDGE('',*,*,#3640,.T.);
#2158=ORIENTED_EDGE('',*,*,#3645,.T.);
#2159=ORIENTED_EDGE('',*,*,#3646,.F.);
#2160=ORIENTED_EDGE('',*,*,#3647,.F.);
#2161=ORIENTED_EDGE('',*,*,#3643,.T.);
#2162=ORIENTED_EDGE('',*,*,#3648,.T.);
#2163=ORIENTED_EDGE('',*,*,#3649,.F.);
#2164=ORIENTED_EDGE('',*,*,#3650,.F.);
#2165=ORIENTED_EDGE('',*,*,#3646,.T.);
#2166=ORIENTED_EDGE('',*,*,#3651,.T.);
#2167=ORIENTED_EDGE('',*,*,#3652,.F.);
#2168=ORIENTED_EDGE('',*,*,#3653,.F.);
#2169=ORIENTED_EDGE('',*,*,#3649,.T.);
#2170=ORIENTED_EDGE('',*,*,#3654,.T.);
#2171=ORIENTED_EDGE('',*,*,#3655,.F.);
#2172=ORIENTED_EDGE('',*,*,#3656,.F.);
#2173=ORIENTED_EDGE('',*,*,#3652,.T.);
#2174=ORIENTED_EDGE('',*,*,#3657,.T.);
#2175=ORIENTED_EDGE('',*,*,#3658,.F.);
#2176=ORIENTED_EDGE('',*,*,#3659,.F.);
#2177=ORIENTED_EDGE('',*,*,#3655,.T.);
#2178=ORIENTED_EDGE('',*,*,#3660,.T.);
#2179=ORIENTED_EDGE('',*,*,#3661,.F.);
#2180=ORIENTED_EDGE('',*,*,#3662,.F.);
#2181=ORIENTED_EDGE('',*,*,#3658,.T.);
#2182=ORIENTED_EDGE('',*,*,#3663,.T.);
#2183=ORIENTED_EDGE('',*,*,#3664,.F.);
#2184=ORIENTED_EDGE('',*,*,#3665,.F.);
#2185=ORIENTED_EDGE('',*,*,#3661,.T.);
#2186=ORIENTED_EDGE('',*,*,#3666,.F.);
#2187=ORIENTED_EDGE('',*,*,#3667,.F.);
#2188=ORIENTED_EDGE('',*,*,#3668,.T.);
#2189=ORIENTED_EDGE('',*,*,#3669,.T.);
#2190=ORIENTED_EDGE('',*,*,#3670,.F.);
#2191=ORIENTED_EDGE('',*,*,#3671,.F.);
#2192=ORIENTED_EDGE('',*,*,#3672,.T.);
#2193=ORIENTED_EDGE('',*,*,#3667,.T.);
#2194=ORIENTED_EDGE('',*,*,#3673,.F.);
#2195=ORIENTED_EDGE('',*,*,#3674,.F.);
#2196=ORIENTED_EDGE('',*,*,#3675,.T.);
#2197=ORIENTED_EDGE('',*,*,#3671,.T.);
#2198=ORIENTED_EDGE('',*,*,#3676,.F.);
#2199=ORIENTED_EDGE('',*,*,#3677,.F.);
#2200=ORIENTED_EDGE('',*,*,#3678,.T.);
#2201=ORIENTED_EDGE('',*,*,#3679,.T.);
#2202=ORIENTED_EDGE('',*,*,#3680,.F.);
#2203=ORIENTED_EDGE('',*,*,#3681,.F.);
#2204=ORIENTED_EDGE('',*,*,#3682,.T.);
#2205=ORIENTED_EDGE('',*,*,#3677,.T.);
#2206=ORIENTED_EDGE('',*,*,#3683,.F.);
#2207=ORIENTED_EDGE('',*,*,#3684,.F.);
#2208=ORIENTED_EDGE('',*,*,#3685,.T.);
#2209=ORIENTED_EDGE('',*,*,#3681,.T.);
#2210=ORIENTED_EDGE('',*,*,#3686,.F.);
#2211=ORIENTED_EDGE('',*,*,#3687,.F.);
#2212=ORIENTED_EDGE('',*,*,#3688,.T.);
#2213=ORIENTED_EDGE('',*,*,#3689,.T.);
#2214=ORIENTED_EDGE('',*,*,#3690,.F.);
#2215=ORIENTED_EDGE('',*,*,#3691,.F.);
#2216=ORIENTED_EDGE('',*,*,#3692,.T.);
#2217=ORIENTED_EDGE('',*,*,#3687,.T.);
#2218=ORIENTED_EDGE('',*,*,#3693,.F.);
#2219=ORIENTED_EDGE('',*,*,#3694,.F.);
#2220=ORIENTED_EDGE('',*,*,#3695,.T.);
#2221=ORIENTED_EDGE('',*,*,#3691,.T.);
#2222=ORIENTED_EDGE('',*,*,#3696,.F.);
#2223=ORIENTED_EDGE('',*,*,#3697,.F.);
#2224=ORIENTED_EDGE('',*,*,#3698,.T.);
#2225=ORIENTED_EDGE('',*,*,#3694,.T.);
#2226=ORIENTED_EDGE('',*,*,#3699,.F.);
#2227=ORIENTED_EDGE('',*,*,#3700,.F.);
#2228=ORIENTED_EDGE('',*,*,#3701,.T.);
#2229=ORIENTED_EDGE('',*,*,#3697,.T.);
#2230=ORIENTED_EDGE('',*,*,#3702,.F.);
#2231=ORIENTED_EDGE('',*,*,#3703,.F.);
#2232=ORIENTED_EDGE('',*,*,#3704,.T.);
#2233=ORIENTED_EDGE('',*,*,#3700,.T.);
#2234=ORIENTED_EDGE('',*,*,#3705,.F.);
#2235=ORIENTED_EDGE('',*,*,#3706,.F.);
#2236=ORIENTED_EDGE('',*,*,#3707,.T.);
#2237=ORIENTED_EDGE('',*,*,#3703,.T.);
#2238=ORIENTED_EDGE('',*,*,#3708,.F.);
#2239=ORIENTED_EDGE('',*,*,#3709,.F.);
#2240=ORIENTED_EDGE('',*,*,#3710,.T.);
#2241=ORIENTED_EDGE('',*,*,#3711,.T.);
#2242=ORIENTED_EDGE('',*,*,#3712,.F.);
#2243=ORIENTED_EDGE('',*,*,#3713,.F.);
#2244=ORIENTED_EDGE('',*,*,#3714,.T.);
#2245=ORIENTED_EDGE('',*,*,#3709,.T.);
#2246=ORIENTED_EDGE('',*,*,#3715,.F.);
#2247=ORIENTED_EDGE('',*,*,#3716,.F.);
#2248=ORIENTED_EDGE('',*,*,#3717,.T.);
#2249=ORIENTED_EDGE('',*,*,#3713,.T.);
#2250=ORIENTED_EDGE('',*,*,#3718,.F.);
#2251=ORIENTED_EDGE('',*,*,#3719,.F.);
#2252=ORIENTED_EDGE('',*,*,#3720,.T.);
#2253=ORIENTED_EDGE('',*,*,#3721,.T.);
#2254=ORIENTED_EDGE('',*,*,#3722,.F.);
#2255=ORIENTED_EDGE('',*,*,#3723,.F.);
#2256=ORIENTED_EDGE('',*,*,#3724,.T.);
#2257=ORIENTED_EDGE('',*,*,#3719,.T.);
#2258=ORIENTED_EDGE('',*,*,#3725,.F.);
#2259=ORIENTED_EDGE('',*,*,#3726,.F.);
#2260=ORIENTED_EDGE('',*,*,#3727,.T.);
#2261=ORIENTED_EDGE('',*,*,#3723,.T.);
#2262=ORIENTED_EDGE('',*,*,#3728,.F.);
#2263=ORIENTED_EDGE('',*,*,#3669,.F.);
#2264=ORIENTED_EDGE('',*,*,#3729,.T.);
#2265=ORIENTED_EDGE('',*,*,#3674,.T.);
#2266=ORIENTED_EDGE('',*,*,#3730,.F.);
#2267=ORIENTED_EDGE('',*,*,#3679,.F.);
#2268=ORIENTED_EDGE('',*,*,#3731,.T.);
#2269=ORIENTED_EDGE('',*,*,#3684,.T.);
#2270=ORIENTED_EDGE('',*,*,#3732,.F.);
#2271=ORIENTED_EDGE('',*,*,#3689,.F.);
#2272=ORIENTED_EDGE('',*,*,#3733,.T.);
#2273=ORIENTED_EDGE('',*,*,#3706,.T.);
#2274=ORIENTED_EDGE('',*,*,#3734,.F.);
#2275=ORIENTED_EDGE('',*,*,#3711,.F.);
#2276=ORIENTED_EDGE('',*,*,#3735,.T.);
#2277=ORIENTED_EDGE('',*,*,#3716,.T.);
#2278=ORIENTED_EDGE('',*,*,#3736,.F.);
#2279=ORIENTED_EDGE('',*,*,#3721,.F.);
#2280=ORIENTED_EDGE('',*,*,#3737,.T.);
#2281=ORIENTED_EDGE('',*,*,#3726,.T.);
#2282=ORIENTED_EDGE('',*,*,#3738,.T.);
#2283=ORIENTED_EDGE('',*,*,#3467,.F.);
#2284=ORIENTED_EDGE('',*,*,#3739,.F.);
#2285=ORIENTED_EDGE('',*,*,#3664,.T.);
#2286=ORIENTED_EDGE('',*,*,#3720,.F.);
#2287=ORIENTED_EDGE('',*,*,#3724,.F.);
#2288=ORIENTED_EDGE('',*,*,#3727,.F.);
#2289=ORIENTED_EDGE('',*,*,#3737,.F.);
#2290=ORIENTED_EDGE('',*,*,#3710,.F.);
#2291=ORIENTED_EDGE('',*,*,#3714,.F.);
#2292=ORIENTED_EDGE('',*,*,#3717,.F.);
#2293=ORIENTED_EDGE('',*,*,#3735,.F.);
#2294=ORIENTED_EDGE('',*,*,#3688,.F.);
#2295=ORIENTED_EDGE('',*,*,#3692,.F.);
#2296=ORIENTED_EDGE('',*,*,#3695,.F.);
#2297=ORIENTED_EDGE('',*,*,#3698,.F.);
#2298=ORIENTED_EDGE('',*,*,#3701,.F.);
#2299=ORIENTED_EDGE('',*,*,#3704,.F.);
#2300=ORIENTED_EDGE('',*,*,#3707,.F.);
#2301=ORIENTED_EDGE('',*,*,#3733,.F.);
#2302=ORIENTED_EDGE('',*,*,#3678,.F.);
#2303=ORIENTED_EDGE('',*,*,#3682,.F.);
#2304=ORIENTED_EDGE('',*,*,#3685,.F.);
#2305=ORIENTED_EDGE('',*,*,#3731,.F.);
#2306=ORIENTED_EDGE('',*,*,#3668,.F.);
#2307=ORIENTED_EDGE('',*,*,#3672,.F.);
#2308=ORIENTED_EDGE('',*,*,#3675,.F.);
#2309=ORIENTED_EDGE('',*,*,#3729,.F.);
#2310=ORIENTED_EDGE('',*,*,#3466,.T.);
#2311=ORIENTED_EDGE('',*,*,#3470,.T.);
#2312=ORIENTED_EDGE('',*,*,#3473,.T.);
#2313=ORIENTED_EDGE('',*,*,#3476,.T.);
#2314=ORIENTED_EDGE('',*,*,#3479,.T.);
#2315=ORIENTED_EDGE('',*,*,#3482,.T.);
#2316=ORIENTED_EDGE('',*,*,#3485,.T.);
#2317=ORIENTED_EDGE('',*,*,#3488,.T.);
#2318=ORIENTED_EDGE('',*,*,#3491,.T.);
#2319=ORIENTED_EDGE('',*,*,#3494,.T.);
#2320=ORIENTED_EDGE('',*,*,#3497,.T.);
#2321=ORIENTED_EDGE('',*,*,#3500,.T.);
#2322=ORIENTED_EDGE('',*,*,#3503,.T.);
#2323=ORIENTED_EDGE('',*,*,#3506,.T.);
#2324=ORIENTED_EDGE('',*,*,#3509,.T.);
#2325=ORIENTED_EDGE('',*,*,#3512,.T.);
#2326=ORIENTED_EDGE('',*,*,#3515,.T.);
#2327=ORIENTED_EDGE('',*,*,#3518,.T.);
#2328=ORIENTED_EDGE('',*,*,#3521,.T.);
#2329=ORIENTED_EDGE('',*,*,#3524,.T.);
#2330=ORIENTED_EDGE('',*,*,#3527,.T.);
#2331=ORIENTED_EDGE('',*,*,#3530,.T.);
#2332=ORIENTED_EDGE('',*,*,#3533,.T.);
#2333=ORIENTED_EDGE('',*,*,#3536,.T.);
#2334=ORIENTED_EDGE('',*,*,#3539,.T.);
#2335=ORIENTED_EDGE('',*,*,#3542,.T.);
#2336=ORIENTED_EDGE('',*,*,#3545,.T.);
#2337=ORIENTED_EDGE('',*,*,#3548,.T.);
#2338=ORIENTED_EDGE('',*,*,#3551,.T.);
#2339=ORIENTED_EDGE('',*,*,#3554,.T.);
#2340=ORIENTED_EDGE('',*,*,#3557,.T.);
#2341=ORIENTED_EDGE('',*,*,#3560,.T.);
#2342=ORIENTED_EDGE('',*,*,#3563,.T.);
#2343=ORIENTED_EDGE('',*,*,#3566,.T.);
#2344=ORIENTED_EDGE('',*,*,#3569,.T.);
#2345=ORIENTED_EDGE('',*,*,#3572,.T.);
#2346=ORIENTED_EDGE('',*,*,#3575,.T.);
#2347=ORIENTED_EDGE('',*,*,#3578,.T.);
#2348=ORIENTED_EDGE('',*,*,#3581,.T.);
#2349=ORIENTED_EDGE('',*,*,#3584,.T.);
#2350=ORIENTED_EDGE('',*,*,#3587,.T.);
#2351=ORIENTED_EDGE('',*,*,#3590,.T.);
#2352=ORIENTED_EDGE('',*,*,#3593,.T.);
#2353=ORIENTED_EDGE('',*,*,#3596,.T.);
#2354=ORIENTED_EDGE('',*,*,#3599,.T.);
#2355=ORIENTED_EDGE('',*,*,#3602,.T.);
#2356=ORIENTED_EDGE('',*,*,#3605,.T.);
#2357=ORIENTED_EDGE('',*,*,#3608,.T.);
#2358=ORIENTED_EDGE('',*,*,#3611,.T.);
#2359=ORIENTED_EDGE('',*,*,#3614,.T.);
#2360=ORIENTED_EDGE('',*,*,#3617,.T.);
#2361=ORIENTED_EDGE('',*,*,#3620,.T.);
#2362=ORIENTED_EDGE('',*,*,#3623,.T.);
#2363=ORIENTED_EDGE('',*,*,#3626,.T.);
#2364=ORIENTED_EDGE('',*,*,#3629,.T.);
#2365=ORIENTED_EDGE('',*,*,#3632,.T.);
#2366=ORIENTED_EDGE('',*,*,#3635,.T.);
#2367=ORIENTED_EDGE('',*,*,#3638,.T.);
#2368=ORIENTED_EDGE('',*,*,#3641,.T.);
#2369=ORIENTED_EDGE('',*,*,#3644,.T.);
#2370=ORIENTED_EDGE('',*,*,#3647,.T.);
#2371=ORIENTED_EDGE('',*,*,#3650,.T.);
#2372=ORIENTED_EDGE('',*,*,#3653,.T.);
#2373=ORIENTED_EDGE('',*,*,#3656,.T.);
#2374=ORIENTED_EDGE('',*,*,#3659,.T.);
#2375=ORIENTED_EDGE('',*,*,#3662,.T.);
#2376=ORIENTED_EDGE('',*,*,#3665,.T.);
#2377=ORIENTED_EDGE('',*,*,#3739,.T.);
#2378=ORIENTED_EDGE('',*,*,#3718,.T.);
#2379=ORIENTED_EDGE('',*,*,#3736,.T.);
#2380=ORIENTED_EDGE('',*,*,#3725,.T.);
#2381=ORIENTED_EDGE('',*,*,#3722,.T.);
#2382=ORIENTED_EDGE('',*,*,#3708,.T.);
#2383=ORIENTED_EDGE('',*,*,#3734,.T.);
#2384=ORIENTED_EDGE('',*,*,#3715,.T.);
#2385=ORIENTED_EDGE('',*,*,#3712,.T.);
#2386=ORIENTED_EDGE('',*,*,#3686,.T.);
#2387=ORIENTED_EDGE('',*,*,#3732,.T.);
#2388=ORIENTED_EDGE('',*,*,#3705,.T.);
#2389=ORIENTED_EDGE('',*,*,#3702,.T.);
#2390=ORIENTED_EDGE('',*,*,#3699,.T.);
#2391=ORIENTED_EDGE('',*,*,#3696,.T.);
#2392=ORIENTED_EDGE('',*,*,#3693,.T.);
#2393=ORIENTED_EDGE('',*,*,#3690,.T.);
#2394=ORIENTED_EDGE('',*,*,#3676,.T.);
#2395=ORIENTED_EDGE('',*,*,#3730,.T.);
#2396=ORIENTED_EDGE('',*,*,#3683,.T.);
#2397=ORIENTED_EDGE('',*,*,#3680,.T.);
#2398=ORIENTED_EDGE('',*,*,#3666,.T.);
#2399=ORIENTED_EDGE('',*,*,#3728,.T.);
#2400=ORIENTED_EDGE('',*,*,#3673,.T.);
#2401=ORIENTED_EDGE('',*,*,#3670,.T.);
#2402=ORIENTED_EDGE('',*,*,#3464,.F.);
#2403=ORIENTED_EDGE('',*,*,#3738,.F.);
#2404=ORIENTED_EDGE('',*,*,#3663,.F.);
#2405=ORIENTED_EDGE('',*,*,#3660,.F.);
#2406=ORIENTED_EDGE('',*,*,#3657,.F.);
#2407=ORIENTED_EDGE('',*,*,#3654,.F.);
#2408=ORIENTED_EDGE('',*,*,#3651,.F.);
#2409=ORIENTED_EDGE('',*,*,#3648,.F.);
#2410=ORIENTED_EDGE('',*,*,#3645,.F.);
#2411=ORIENTED_EDGE('',*,*,#3642,.F.);
#2412=ORIENTED_EDGE('',*,*,#3639,.F.);
#2413=ORIENTED_EDGE('',*,*,#3636,.F.);
#2414=ORIENTED_EDGE('',*,*,#3633,.F.);
#2415=ORIENTED_EDGE('',*,*,#3630,.F.);
#2416=ORIENTED_EDGE('',*,*,#3627,.F.);
#2417=ORIENTED_EDGE('',*,*,#3624,.F.);
#2418=ORIENTED_EDGE('',*,*,#3621,.F.);
#2419=ORIENTED_EDGE('',*,*,#3618,.F.);
#2420=ORIENTED_EDGE('',*,*,#3615,.F.);
#2421=ORIENTED_EDGE('',*,*,#3612,.F.);
#2422=ORIENTED_EDGE('',*,*,#3609,.F.);
#2423=ORIENTED_EDGE('',*,*,#3606,.F.);
#2424=ORIENTED_EDGE('',*,*,#3603,.F.);
#2425=ORIENTED_EDGE('',*,*,#3600,.F.);
#2426=ORIENTED_EDGE('',*,*,#3597,.F.);
#2427=ORIENTED_EDGE('',*,*,#3594,.F.);
#2428=ORIENTED_EDGE('',*,*,#3591,.F.);
#2429=ORIENTED_EDGE('',*,*,#3588,.F.);
#2430=ORIENTED_EDGE('',*,*,#3585,.F.);
#2431=ORIENTED_EDGE('',*,*,#3582,.F.);
#2432=ORIENTED_EDGE('',*,*,#3579,.F.);
#2433=ORIENTED_EDGE('',*,*,#3576,.F.);
#2434=ORIENTED_EDGE('',*,*,#3573,.F.);
#2435=ORIENTED_EDGE('',*,*,#3570,.F.);
#2436=ORIENTED_EDGE('',*,*,#3567,.F.);
#2437=ORIENTED_EDGE('',*,*,#3564,.F.);
#2438=ORIENTED_EDGE('',*,*,#3561,.F.);
#2439=ORIENTED_EDGE('',*,*,#3558,.F.);
#2440=ORIENTED_EDGE('',*,*,#3555,.F.);
#2441=ORIENTED_EDGE('',*,*,#3552,.F.);
#2442=ORIENTED_EDGE('',*,*,#3549,.F.);
#2443=ORIENTED_EDGE('',*,*,#3546,.F.);
#2444=ORIENTED_EDGE('',*,*,#3543,.F.);
#2445=ORIENTED_EDGE('',*,*,#3540,.F.);
#2446=ORIENTED_EDGE('',*,*,#3537,.F.);
#2447=ORIENTED_EDGE('',*,*,#3534,.F.);
#2448=ORIENTED_EDGE('',*,*,#3531,.F.);
#2449=ORIENTED_EDGE('',*,*,#3528,.F.);
#2450=ORIENTED_EDGE('',*,*,#3525,.F.);
#2451=ORIENTED_EDGE('',*,*,#3522,.F.);
#2452=ORIENTED_EDGE('',*,*,#3519,.F.);
#2453=ORIENTED_EDGE('',*,*,#3516,.F.);
#2454=ORIENTED_EDGE('',*,*,#3513,.F.);
#2455=ORIENTED_EDGE('',*,*,#3510,.F.);
#2456=ORIENTED_EDGE('',*,*,#3507,.F.);
#2457=ORIENTED_EDGE('',*,*,#3504,.F.);
#2458=ORIENTED_EDGE('',*,*,#3501,.F.);
#2459=ORIENTED_EDGE('',*,*,#3498,.F.);
#2460=ORIENTED_EDGE('',*,*,#3495,.F.);
#2461=ORIENTED_EDGE('',*,*,#3492,.F.);
#2462=ORIENTED_EDGE('',*,*,#3489,.F.);
#2463=ORIENTED_EDGE('',*,*,#3486,.F.);
#2464=ORIENTED_EDGE('',*,*,#3483,.F.);
#2465=ORIENTED_EDGE('',*,*,#3480,.F.);
#2466=ORIENTED_EDGE('',*,*,#3477,.F.);
#2467=ORIENTED_EDGE('',*,*,#3474,.F.);
#2468=ORIENTED_EDGE('',*,*,#3471,.F.);
#2469=ORIENTED_EDGE('',*,*,#3468,.F.);
#2470=ORIENTED_EDGE('',*,*,#3740,.F.);
#2471=ORIENTED_EDGE('',*,*,#3741,.F.);
#2472=ORIENTED_EDGE('',*,*,#3742,.T.);
#2473=ORIENTED_EDGE('',*,*,#3743,.T.);
#2474=ORIENTED_EDGE('',*,*,#3744,.F.);
#2475=ORIENTED_EDGE('',*,*,#3745,.F.);
#2476=ORIENTED_EDGE('',*,*,#3746,.T.);
#2477=ORIENTED_EDGE('',*,*,#3747,.T.);
#2478=ORIENTED_EDGE('',*,*,#3748,.F.);
#2479=ORIENTED_EDGE('',*,*,#3749,.F.);
#2480=ORIENTED_EDGE('',*,*,#3750,.T.);
#2481=ORIENTED_EDGE('',*,*,#3751,.T.);
#2482=ORIENTED_EDGE('',*,*,#3752,.F.);
#2483=ORIENTED_EDGE('',*,*,#3753,.F.);
#2484=ORIENTED_EDGE('',*,*,#3754,.T.);
#2485=ORIENTED_EDGE('',*,*,#3755,.T.);
#2486=ORIENTED_EDGE('',*,*,#3756,.T.);
#2487=ORIENTED_EDGE('',*,*,#3740,.T.);
#2488=ORIENTED_EDGE('',*,*,#3757,.T.);
#2489=ORIENTED_EDGE('',*,*,#3757,.F.);
#2490=ORIENTED_EDGE('',*,*,#3758,.F.);
#2491=ORIENTED_EDGE('',*,*,#3759,.F.);
#2492=ORIENTED_EDGE('',*,*,#3756,.F.);
#2493=ORIENTED_EDGE('',*,*,#3758,.T.);
#2494=ORIENTED_EDGE('',*,*,#3760,.T.);
#2495=ORIENTED_EDGE('',*,*,#3744,.T.);
#2496=ORIENTED_EDGE('',*,*,#3741,.T.);
#2497=ORIENTED_EDGE('',*,*,#3759,.T.);
#2498=ORIENTED_EDGE('',*,*,#3761,.F.);
#2499=ORIENTED_EDGE('',*,*,#3762,.F.);
#2500=ORIENTED_EDGE('',*,*,#3760,.F.);
#2501=ORIENTED_EDGE('',*,*,#3761,.T.);
#2502=ORIENTED_EDGE('',*,*,#3763,.T.);
#2503=ORIENTED_EDGE('',*,*,#3748,.T.);
#2504=ORIENTED_EDGE('',*,*,#3745,.T.);
#2505=ORIENTED_EDGE('',*,*,#3762,.T.);
#2506=ORIENTED_EDGE('',*,*,#3764,.F.);
#2507=ORIENTED_EDGE('',*,*,#3765,.F.);
#2508=ORIENTED_EDGE('',*,*,#3763,.F.);
#2509=ORIENTED_EDGE('',*,*,#3764,.T.);
#2510=ORIENTED_EDGE('',*,*,#3766,.T.);
#2511=ORIENTED_EDGE('',*,*,#3752,.T.);
#2512=ORIENTED_EDGE('',*,*,#3749,.T.);
#2513=ORIENTED_EDGE('',*,*,#3765,.T.);
#2514=ORIENTED_EDGE('',*,*,#3767,.F.);
#2515=ORIENTED_EDGE('',*,*,#3768,.F.);
#2516=ORIENTED_EDGE('',*,*,#3766,.F.);
#2517=ORIENTED_EDGE('',*,*,#3767,.T.);
#2518=ORIENTED_EDGE('',*,*,#3769,.T.);
#2519=ORIENTED_EDGE('',*,*,#3769,.F.);
#2520=ORIENTED_EDGE('',*,*,#3753,.T.);
#2521=ORIENTED_EDGE('',*,*,#3768,.T.);
#2522=ORIENTED_EDGE('',*,*,#3770,.T.);
#2523=ORIENTED_EDGE('',*,*,#3755,.F.);
#2524=ORIENTED_EDGE('',*,*,#3771,.F.);
#2525=ORIENTED_EDGE('',*,*,#3770,.F.);
#2526=ORIENTED_EDGE('',*,*,#3751,.F.);
#2527=ORIENTED_EDGE('',*,*,#3772,.F.);
#2528=ORIENTED_EDGE('',*,*,#3773,.F.);
#2529=ORIENTED_EDGE('',*,*,#3754,.F.);
#2530=ORIENTED_EDGE('',*,*,#3774,.T.);
#2531=ORIENTED_EDGE('',*,*,#3775,.T.);
#2532=ORIENTED_EDGE('',*,*,#3772,.T.);
#2533=ORIENTED_EDGE('',*,*,#3776,.T.);
#2534=ORIENTED_EDGE('',*,*,#3777,.F.);
#2535=ORIENTED_EDGE('',*,*,#3778,.F.);
#2536=ORIENTED_EDGE('',*,*,#3779,.F.);
#2537=ORIENTED_EDGE('',*,*,#3774,.F.);
#2538=ORIENTED_EDGE('',*,*,#3747,.F.);
#2539=ORIENTED_EDGE('',*,*,#3780,.F.);
#2540=ORIENTED_EDGE('',*,*,#3776,.F.);
#2541=ORIENTED_EDGE('',*,*,#3750,.F.);
#2542=ORIENTED_EDGE('',*,*,#3781,.T.);
#2543=ORIENTED_EDGE('',*,*,#3782,.T.);
#2544=ORIENTED_EDGE('',*,*,#3778,.T.);
#2545=ORIENTED_EDGE('',*,*,#3783,.T.);
#2546=ORIENTED_EDGE('',*,*,#3784,.F.);
#2547=ORIENTED_EDGE('',*,*,#3785,.F.);
#2548=ORIENTED_EDGE('',*,*,#3786,.F.);
#2549=ORIENTED_EDGE('',*,*,#3781,.F.);
#2550=ORIENTED_EDGE('',*,*,#3787,.T.);
#2551=ORIENTED_EDGE('',*,*,#3777,.T.);
#2552=ORIENTED_EDGE('',*,*,#3780,.T.);
#2553=ORIENTED_EDGE('',*,*,#3788,.T.);
#2554=ORIENTED_EDGE('',*,*,#3789,.F.);
#2555=ORIENTED_EDGE('',*,*,#3790,.F.);
#2556=ORIENTED_EDGE('',*,*,#3783,.F.);
#2557=ORIENTED_EDGE('',*,*,#3787,.F.);
#2558=ORIENTED_EDGE('',*,*,#3743,.F.);
#2559=ORIENTED_EDGE('',*,*,#3791,.F.);
#2560=ORIENTED_EDGE('',*,*,#3788,.F.);
#2561=ORIENTED_EDGE('',*,*,#3746,.F.);
#2562=ORIENTED_EDGE('',*,*,#3792,.F.);
#2563=ORIENTED_EDGE('',*,*,#3792,.T.);
#2564=ORIENTED_EDGE('',*,*,#3785,.T.);
#2565=ORIENTED_EDGE('',*,*,#3793,.T.);
#2566=ORIENTED_EDGE('',*,*,#3794,.T.);
#2567=ORIENTED_EDGE('',*,*,#3784,.T.);
#2568=ORIENTED_EDGE('',*,*,#3790,.T.);
#2569=ORIENTED_EDGE('',*,*,#3795,.T.);
#2570=ORIENTED_EDGE('',*,*,#3793,.F.);
#2571=ORIENTED_EDGE('',*,*,#3794,.F.);
#2572=ORIENTED_EDGE('',*,*,#3796,.T.);
#2573=ORIENTED_EDGE('',*,*,#3796,.F.);
#2574=ORIENTED_EDGE('',*,*,#3797,.T.);
#2575=ORIENTED_EDGE('',*,*,#3789,.T.);
#2576=ORIENTED_EDGE('',*,*,#3791,.T.);
#2577=ORIENTED_EDGE('',*,*,#3798,.T.);
#2578=ORIENTED_EDGE('',*,*,#3795,.F.);
#2579=ORIENTED_EDGE('',*,*,#3797,.F.);
#2580=ORIENTED_EDGE('',*,*,#3799,.T.);
#2581=ORIENTED_EDGE('',*,*,#3799,.F.);
#2582=ORIENTED_EDGE('',*,*,#3798,.F.);
#2583=ORIENTED_EDGE('',*,*,#3742,.F.);
#2584=ORIENTED_EDGE('',*,*,#3800,.T.);
#2585=ORIENTED_EDGE('',*,*,#3800,.F.);
#2586=ORIENTED_EDGE('',*,*,#3801,.T.);
#2587=ORIENTED_EDGE('',*,*,#3802,.T.);
#2588=ORIENTED_EDGE('',*,*,#3771,.T.);
#2589=ORIENTED_EDGE('',*,*,#3773,.T.);
#2590=ORIENTED_EDGE('',*,*,#3775,.F.);
#2591=ORIENTED_EDGE('',*,*,#3803,.F.);
#2592=ORIENTED_EDGE('',*,*,#3804,.F.);
#2593=ORIENTED_EDGE('',*,*,#3801,.F.);
#2594=ORIENTED_EDGE('',*,*,#3805,.T.);
#2595=ORIENTED_EDGE('',*,*,#3806,.T.);
#2596=ORIENTED_EDGE('',*,*,#3803,.T.);
#2597=ORIENTED_EDGE('',*,*,#3779,.T.);
#2598=ORIENTED_EDGE('',*,*,#3782,.F.);
#2599=ORIENTED_EDGE('',*,*,#3807,.F.);
#2600=ORIENTED_EDGE('',*,*,#3808,.F.);
#2601=ORIENTED_EDGE('',*,*,#3805,.F.);
#2602=ORIENTED_EDGE('',*,*,#3809,.F.);
#2603=ORIENTED_EDGE('',*,*,#3809,.T.);
#2604=ORIENTED_EDGE('',*,*,#3807,.T.);
#2605=ORIENTED_EDGE('',*,*,#3786,.T.);
#2606=ORIENTED_EDGE('',*,*,#3810,.T.);
#2607=ORIENTED_EDGE('',*,*,#3811,.T.);
#2608=ORIENTED_EDGE('',*,*,#3812,.T.);
#2609=ORIENTED_EDGE('',*,*,#3804,.T.);
#2610=ORIENTED_EDGE('',*,*,#3806,.F.);
#2611=ORIENTED_EDGE('',*,*,#3813,.F.);
#2612=ORIENTED_EDGE('',*,*,#3814,.F.);
#2613=ORIENTED_EDGE('',*,*,#3810,.F.);
#2614=ORIENTED_EDGE('',*,*,#3815,.T.);
#2615=ORIENTED_EDGE('',*,*,#3802,.F.);
#2616=ORIENTED_EDGE('',*,*,#3812,.F.);
#2617=ORIENTED_EDGE('',*,*,#3815,.F.);
#2618=ORIENTED_EDGE('',*,*,#3816,.F.);
#2619=ORIENTED_EDGE('',*,*,#3816,.T.);
#2620=ORIENTED_EDGE('',*,*,#3813,.T.);
#2621=ORIENTED_EDGE('',*,*,#3808,.T.);
#2622=ORIENTED_EDGE('',*,*,#3817,.F.);
#2623=ORIENTED_EDGE('',*,*,#3817,.T.);
#2624=ORIENTED_EDGE('',*,*,#3818,.T.);
#2625=ORIENTED_EDGE('',*,*,#3814,.T.);
#2626=ORIENTED_EDGE('',*,*,#3819,.T.);
#2627=ORIENTED_EDGE('',*,*,#3811,.F.);
#2628=ORIENTED_EDGE('',*,*,#3818,.F.);
#2629=ORIENTED_EDGE('',*,*,#3819,.F.);
#2630=EDGE_CURVE('',#3820,#3821,#4610,.T.);
#2631=EDGE_CURVE('',#3822,#3821,#4611,.T.);
#2632=EDGE_CURVE('',#3823,#3822,#4612,.T.);
#2633=EDGE_CURVE('',#3823,#3820,#4613,.T.);
#2634=EDGE_CURVE('',#3821,#3824,#4614,.T.);
#2635=EDGE_CURVE('',#3825,#3824,#4615,.T.);
#2636=EDGE_CURVE('',#3822,#3825,#4616,.T.);
#2637=EDGE_CURVE('',#3824,#3826,#4617,.T.);
#2638=EDGE_CURVE('',#3827,#3826,#4618,.T.);
#2639=EDGE_CURVE('',#3825,#3827,#4619,.T.);
#2640=EDGE_CURVE('',#3826,#3828,#4620,.T.);
#2641=EDGE_CURVE('',#3829,#3828,#4621,.T.);
#2642=EDGE_CURVE('',#3827,#3829,#4622,.T.);
#2643=EDGE_CURVE('',#3828,#3830,#4623,.T.);
#2644=EDGE_CURVE('',#3831,#3830,#4624,.T.);
#2645=EDGE_CURVE('',#3829,#3831,#4625,.T.);
#2646=EDGE_CURVE('',#3830,#3832,#4626,.T.);
#2647=EDGE_CURVE('',#3833,#3832,#4627,.T.);
#2648=EDGE_CURVE('',#3831,#3833,#4628,.T.);
#2649=EDGE_CURVE('',#3832,#3834,#4629,.T.);
#2650=EDGE_CURVE('',#3835,#3834,#4630,.T.);
#2651=EDGE_CURVE('',#3833,#3835,#4631,.T.);
#2652=EDGE_CURVE('',#3834,#3836,#4632,.T.);
#2653=EDGE_CURVE('',#3837,#3836,#4633,.T.);
#2654=EDGE_CURVE('',#3835,#3837,#4634,.T.);
#2655=EDGE_CURVE('',#3836,#3838,#4635,.T.);
#2656=EDGE_CURVE('',#3839,#3838,#4636,.T.);
#2657=EDGE_CURVE('',#3837,#3839,#4637,.T.);
#2658=EDGE_CURVE('',#3838,#3840,#4638,.T.);
#2659=EDGE_CURVE('',#3841,#3840,#4639,.T.);
#2660=EDGE_CURVE('',#3839,#3841,#4640,.T.);
#2661=EDGE_CURVE('',#3840,#3842,#4641,.T.);
#2662=EDGE_CURVE('',#3843,#3842,#4642,.T.);
#2663=EDGE_CURVE('',#3841,#3843,#4643,.T.);
#2664=EDGE_CURVE('',#3842,#3844,#4644,.T.);
#2665=EDGE_CURVE('',#3845,#3844,#4645,.T.);
#2666=EDGE_CURVE('',#3843,#3845,#4646,.T.);
#2667=EDGE_CURVE('',#3844,#3846,#4647,.T.);
#2668=EDGE_CURVE('',#3847,#3846,#4648,.T.);
#2669=EDGE_CURVE('',#3845,#3847,#4649,.T.);
#2670=EDGE_CURVE('',#3846,#3848,#4650,.T.);
#2671=EDGE_CURVE('',#3849,#3848,#4651,.T.);
#2672=EDGE_CURVE('',#3847,#3849,#4652,.T.);
#2673=EDGE_CURVE('',#3848,#3850,#4653,.T.);
#2674=EDGE_CURVE('',#3851,#3850,#4654,.T.);
#2675=EDGE_CURVE('',#3849,#3851,#4655,.T.);
#2676=EDGE_CURVE('',#3850,#3852,#4656,.T.);
#2677=EDGE_CURVE('',#3853,#3852,#4657,.T.);
#2678=EDGE_CURVE('',#3851,#3853,#4658,.T.);
#2679=EDGE_CURVE('',#3852,#3854,#4659,.T.);
#2680=EDGE_CURVE('',#3855,#3854,#4660,.T.);
#2681=EDGE_CURVE('',#3853,#3855,#4661,.T.);
#2682=EDGE_CURVE('',#3854,#3856,#4662,.T.);
#2683=EDGE_CURVE('',#3857,#3856,#4663,.T.);
#2684=EDGE_CURVE('',#3855,#3857,#4664,.T.);
#2685=EDGE_CURVE('',#3856,#3858,#4665,.T.);
#2686=EDGE_CURVE('',#3859,#3858,#4666,.T.);
#2687=EDGE_CURVE('',#3857,#3859,#4667,.T.);
#2688=EDGE_CURVE('',#3858,#3860,#4668,.T.);
#2689=EDGE_CURVE('',#3861,#3860,#4669,.T.);
#2690=EDGE_CURVE('',#3859,#3861,#4670,.T.);
#2691=EDGE_CURVE('',#3860,#3862,#4671,.T.);
#2692=EDGE_CURVE('',#3863,#3862,#4672,.T.);
#2693=EDGE_CURVE('',#3861,#3863,#4673,.T.);
#2694=EDGE_CURVE('',#3862,#3864,#4674,.T.);
#2695=EDGE_CURVE('',#3865,#3864,#4675,.T.);
#2696=EDGE_CURVE('',#3863,#3865,#4676,.T.);
#2697=EDGE_CURVE('',#3864,#3866,#4677,.T.);
#2698=EDGE_CURVE('',#3867,#3866,#4678,.T.);
#2699=EDGE_CURVE('',#3865,#3867,#4679,.T.);
#2700=EDGE_CURVE('',#3866,#3868,#4680,.T.);
#2701=EDGE_CURVE('',#3869,#3868,#4681,.T.);
#2702=EDGE_CURVE('',#3867,#3869,#4682,.T.);
#2703=EDGE_CURVE('',#3868,#3870,#4683,.T.);
#2704=EDGE_CURVE('',#3871,#3870,#4684,.T.);
#2705=EDGE_CURVE('',#3869,#3871,#4685,.T.);
#2706=EDGE_CURVE('',#3870,#3872,#4686,.T.);
#2707=EDGE_CURVE('',#3873,#3872,#4687,.T.);
#2708=EDGE_CURVE('',#3871,#3873,#4688,.T.);
#2709=EDGE_CURVE('',#3872,#3874,#4689,.T.);
#2710=EDGE_CURVE('',#3875,#3874,#4690,.T.);
#2711=EDGE_CURVE('',#3873,#3875,#4691,.T.);
#2712=EDGE_CURVE('',#3874,#3876,#4692,.T.);
#2713=EDGE_CURVE('',#3877,#3876,#4693,.T.);
#2714=EDGE_CURVE('',#3875,#3877,#4694,.T.);
#2715=EDGE_CURVE('',#3876,#3878,#4695,.T.);
#2716=EDGE_CURVE('',#3879,#3878,#4696,.T.);
#2717=EDGE_CURVE('',#3877,#3879,#4697,.T.);
#2718=EDGE_CURVE('',#3878,#3880,#4698,.T.);
#2719=EDGE_CURVE('',#3881,#3880,#4699,.T.);
#2720=EDGE_CURVE('',#3879,#3881,#4700,.T.);
#2721=EDGE_CURVE('',#3880,#3882,#4701,.T.);
#2722=EDGE_CURVE('',#3883,#3882,#4702,.T.);
#2723=EDGE_CURVE('',#3881,#3883,#4703,.T.);
#2724=EDGE_CURVE('',#3882,#3884,#4704,.T.);
#2725=EDGE_CURVE('',#3885,#3884,#4705,.T.);
#2726=EDGE_CURVE('',#3883,#3885,#4706,.T.);
#2727=EDGE_CURVE('',#3884,#3886,#4707,.T.);
#2728=EDGE_CURVE('',#3887,#3886,#4708,.T.);
#2729=EDGE_CURVE('',#3885,#3887,#4709,.T.);
#2730=EDGE_CURVE('',#3886,#3888,#4710,.T.);
#2731=EDGE_CURVE('',#3889,#3888,#4711,.T.);
#2732=EDGE_CURVE('',#3887,#3889,#4712,.T.);
#2733=EDGE_CURVE('',#3888,#3890,#4713,.T.);
#2734=EDGE_CURVE('',#3891,#3890,#4714,.T.);
#2735=EDGE_CURVE('',#3889,#3891,#4715,.T.);
#2736=EDGE_CURVE('',#3890,#3892,#4716,.T.);
#2737=EDGE_CURVE('',#3893,#3892,#4717,.T.);
#2738=EDGE_CURVE('',#3891,#3893,#4718,.T.);
#2739=EDGE_CURVE('',#3892,#3894,#4719,.T.);
#2740=EDGE_CURVE('',#3895,#3894,#4720,.T.);
#2741=EDGE_CURVE('',#3893,#3895,#4721,.T.);
#2742=EDGE_CURVE('',#3894,#3896,#4722,.T.);
#2743=EDGE_CURVE('',#3897,#3896,#4723,.T.);
#2744=EDGE_CURVE('',#3895,#3897,#4724,.T.);
#2745=EDGE_CURVE('',#3896,#3898,#4725,.T.);
#2746=EDGE_CURVE('',#3899,#3898,#4726,.T.);
#2747=EDGE_CURVE('',#3897,#3899,#4727,.T.);
#2748=EDGE_CURVE('',#3898,#3900,#4728,.T.);
#2749=EDGE_CURVE('',#3901,#3900,#4729,.T.);
#2750=EDGE_CURVE('',#3899,#3901,#4730,.T.);
#2751=EDGE_CURVE('',#3900,#3902,#4731,.T.);
#2752=EDGE_CURVE('',#3903,#3902,#4732,.T.);
#2753=EDGE_CURVE('',#3901,#3903,#4733,.T.);
#2754=EDGE_CURVE('',#3902,#3904,#4734,.T.);
#2755=EDGE_CURVE('',#3905,#3904,#4735,.T.);
#2756=EDGE_CURVE('',#3903,#3905,#4736,.T.);
#2757=EDGE_CURVE('',#3904,#3906,#4737,.T.);
#2758=EDGE_CURVE('',#3907,#3906,#4738,.T.);
#2759=EDGE_CURVE('',#3905,#3907,#4739,.T.);
#2760=EDGE_CURVE('',#3906,#3908,#4740,.T.);
#2761=EDGE_CURVE('',#3909,#3908,#4741,.T.);
#2762=EDGE_CURVE('',#3907,#3909,#4742,.T.);
#2763=EDGE_CURVE('',#3908,#3910,#4743,.T.);
#2764=EDGE_CURVE('',#3911,#3910,#4744,.T.);
#2765=EDGE_CURVE('',#3909,#3911,#4745,.T.);
#2766=EDGE_CURVE('',#3910,#3912,#4746,.T.);
#2767=EDGE_CURVE('',#3913,#3912,#4747,.T.);
#2768=EDGE_CURVE('',#3911,#3913,#4748,.T.);
#2769=EDGE_CURVE('',#3912,#3914,#4749,.T.);
#2770=EDGE_CURVE('',#3915,#3914,#4750,.T.);
#2771=EDGE_CURVE('',#3913,#3915,#4751,.T.);
#2772=EDGE_CURVE('',#3914,#3916,#4752,.T.);
#2773=EDGE_CURVE('',#3917,#3916,#4753,.T.);
#2774=EDGE_CURVE('',#3915,#3917,#4754,.T.);
#2775=EDGE_CURVE('',#3916,#3918,#4755,.T.);
#2776=EDGE_CURVE('',#3919,#3918,#4756,.T.);
#2777=EDGE_CURVE('',#3917,#3919,#4757,.T.);
#2778=EDGE_CURVE('',#3918,#3920,#4758,.T.);
#2779=EDGE_CURVE('',#3921,#3920,#4759,.T.);
#2780=EDGE_CURVE('',#3919,#3921,#4760,.T.);
#2781=EDGE_CURVE('',#3920,#3922,#4761,.T.);
#2782=EDGE_CURVE('',#3923,#3922,#4762,.T.);
#2783=EDGE_CURVE('',#3921,#3923,#4763,.T.);
#2784=EDGE_CURVE('',#3922,#3924,#4764,.T.);
#2785=EDGE_CURVE('',#3925,#3924,#4765,.T.);
#2786=EDGE_CURVE('',#3923,#3925,#4766,.T.);
#2787=EDGE_CURVE('',#3924,#3926,#4767,.T.);
#2788=EDGE_CURVE('',#3927,#3926,#4768,.T.);
#2789=EDGE_CURVE('',#3925,#3927,#4769,.T.);
#2790=EDGE_CURVE('',#3926,#3928,#4770,.T.);
#2791=EDGE_CURVE('',#3929,#3928,#4771,.T.);
#2792=EDGE_CURVE('',#3927,#3929,#4772,.T.);
#2793=EDGE_CURVE('',#3928,#3930,#4773,.T.);
#2794=EDGE_CURVE('',#3931,#3930,#4774,.T.);
#2795=EDGE_CURVE('',#3929,#3931,#4775,.T.);
#2796=EDGE_CURVE('',#3930,#3932,#4776,.T.);
#2797=EDGE_CURVE('',#3933,#3932,#4777,.T.);
#2798=EDGE_CURVE('',#3931,#3933,#4778,.T.);
#2799=EDGE_CURVE('',#3932,#3934,#4779,.T.);
#2800=EDGE_CURVE('',#3935,#3934,#4780,.T.);
#2801=EDGE_CURVE('',#3933,#3935,#4781,.T.);
#2802=EDGE_CURVE('',#3934,#3936,#4782,.T.);
#2803=EDGE_CURVE('',#3937,#3936,#4783,.T.);
#2804=EDGE_CURVE('',#3935,#3937,#4784,.T.);
#2805=EDGE_CURVE('',#3936,#3938,#4785,.T.);
#2806=EDGE_CURVE('',#3939,#3938,#4786,.T.);
#2807=EDGE_CURVE('',#3937,#3939,#4787,.T.);
#2808=EDGE_CURVE('',#3938,#3940,#4788,.T.);
#2809=EDGE_CURVE('',#3941,#3940,#4789,.T.);
#2810=EDGE_CURVE('',#3939,#3941,#4790,.T.);
#2811=EDGE_CURVE('',#3940,#3942,#4791,.T.);
#2812=EDGE_CURVE('',#3943,#3942,#4792,.T.);
#2813=EDGE_CURVE('',#3941,#3943,#4793,.T.);
#2814=EDGE_CURVE('',#3942,#3944,#4794,.T.);
#2815=EDGE_CURVE('',#3945,#3944,#4795,.T.);
#2816=EDGE_CURVE('',#3943,#3945,#4796,.T.);
#2817=EDGE_CURVE('',#3944,#3946,#4797,.T.);
#2818=EDGE_CURVE('',#3947,#3946,#4798,.T.);
#2819=EDGE_CURVE('',#3945,#3947,#4799,.T.);
#2820=EDGE_CURVE('',#3946,#3948,#4800,.T.);
#2821=EDGE_CURVE('',#3949,#3948,#4801,.T.);
#2822=EDGE_CURVE('',#3947,#3949,#4802,.T.);
#2823=EDGE_CURVE('',#3948,#3950,#4803,.T.);
#2824=EDGE_CURVE('',#3951,#3950,#4804,.T.);
#2825=EDGE_CURVE('',#3949,#3951,#4805,.T.);
#2826=EDGE_CURVE('',#3950,#3952,#4806,.T.);
#2827=EDGE_CURVE('',#3953,#3952,#4807,.T.);
#2828=EDGE_CURVE('',#3951,#3953,#4808,.T.);
#2829=EDGE_CURVE('',#3952,#3954,#4809,.T.);
#2830=EDGE_CURVE('',#3955,#3954,#4810,.T.);
#2831=EDGE_CURVE('',#3953,#3955,#4811,.T.);
#2832=EDGE_CURVE('',#3956,#3957,#4812,.T.);
#2833=EDGE_CURVE('',#3958,#3956,#4813,.T.);
#2834=EDGE_CURVE('',#3958,#3959,#4814,.T.);
#2835=EDGE_CURVE('',#3959,#3957,#4815,.T.);
#2836=EDGE_CURVE('',#3960,#3956,#4816,.T.);
#2837=EDGE_CURVE('',#3961,#3960,#4817,.T.);
#2838=EDGE_CURVE('',#3961,#3958,#4818,.T.);
#2839=EDGE_CURVE('',#3962,#3960,#4819,.T.);
#2840=EDGE_CURVE('',#3963,#3962,#4820,.T.);
#2841=EDGE_CURVE('',#3963,#3961,#4821,.T.);
#2842=EDGE_CURVE('',#3964,#3965,#4822,.T.);
#2843=EDGE_CURVE('',#3966,#3964,#4823,.T.);
#2844=EDGE_CURVE('',#3966,#3967,#4824,.T.);
#2845=EDGE_CURVE('',#3967,#3965,#4825,.T.);
#2846=EDGE_CURVE('',#3968,#3964,#4826,.T.);
#2847=EDGE_CURVE('',#3969,#3968,#4827,.T.);
#2848=EDGE_CURVE('',#3969,#3966,#4828,.T.);
#2849=EDGE_CURVE('',#3970,#3968,#4829,.T.);
#2850=EDGE_CURVE('',#3971,#3970,#4830,.T.);
#2851=EDGE_CURVE('',#3971,#3969,#4831,.T.);
#2852=EDGE_CURVE('',#3972,#3973,#90,.T.);
#2853=EDGE_CURVE('',#3974,#3972,#4832,.T.);
#2854=EDGE_CURVE('',#3974,#3975,#91,.T.);
#2855=EDGE_CURVE('',#3975,#3973,#4833,.T.);
#2856=EDGE_CURVE('',#3976,#3972,#92,.T.);
#2857=EDGE_CURVE('',#3977,#3976,#4834,.T.);
#2858=EDGE_CURVE('',#3977,#3974,#93,.T.);
#2859=EDGE_CURVE('',#3978,#3976,#94,.T.);
#2860=EDGE_CURVE('',#3979,#3978,#4835,.T.);
#2861=EDGE_CURVE('',#3979,#3977,#95,.T.);
#2862=EDGE_CURVE('',#3980,#3978,#96,.T.);
#2863=EDGE_CURVE('',#3981,#3980,#4836,.T.);
#2864=EDGE_CURVE('',#3981,#3979,#97,.T.);
#2865=EDGE_CURVE('',#3982,#3980,#98,.T.);
#2866=EDGE_CURVE('',#3983,#3982,#4837,.T.);
#2867=EDGE_CURVE('',#3983,#3981,#99,.T.);
#2868=EDGE_CURVE('',#3984,#3982,#100,.T.);
#2869=EDGE_CURVE('',#3985,#3984,#4838,.T.);
#2870=EDGE_CURVE('',#3985,#3983,#101,.T.);
#2871=EDGE_CURVE('',#3986,#3984,#102,.T.);
#2872=EDGE_CURVE('',#3987,#3986,#4839,.T.);
#2873=EDGE_CURVE('',#3987,#3985,#103,.T.);
#2874=EDGE_CURVE('',#3988,#3989,#4840,.T.);
#2875=EDGE_CURVE('',#3990,#3988,#4841,.T.);
#2876=EDGE_CURVE('',#3990,#3991,#4842,.T.);
#2877=EDGE_CURVE('',#3991,#3989,#4843,.T.);
#2878=EDGE_CURVE('',#3992,#3988,#4844,.T.);
#2879=EDGE_CURVE('',#3993,#3992,#4845,.T.);
#2880=EDGE_CURVE('',#3993,#3990,#4846,.T.);
#2881=EDGE_CURVE('',#3994,#3992,#4847,.T.);
#2882=EDGE_CURVE('',#3995,#3994,#4848,.T.);
#2883=EDGE_CURVE('',#3995,#3993,#4849,.T.);
#2884=EDGE_CURVE('',#3996,#3997,#4850,.T.);
#2885=EDGE_CURVE('',#3998,#3996,#4851,.T.);
#2886=EDGE_CURVE('',#3998,#3999,#4852,.T.);
#2887=EDGE_CURVE('',#3999,#3997,#4853,.T.);
#2888=EDGE_CURVE('',#4000,#3996,#4854,.T.);
#2889=EDGE_CURVE('',#4001,#4000,#4855,.T.);
#2890=EDGE_CURVE('',#4001,#3998,#4856,.T.);
#2891=EDGE_CURVE('',#4002,#4000,#4857,.T.);
#2892=EDGE_CURVE('',#4003,#4002,#4858,.T.);
#2893=EDGE_CURVE('',#4003,#4001,#4859,.T.);
#2894=EDGE_CURVE('',#3957,#3962,#4860,.T.);
#2895=EDGE_CURVE('',#3959,#3963,#4861,.T.);
#2896=EDGE_CURVE('',#3965,#3970,#4862,.T.);
#2897=EDGE_CURVE('',#3967,#3971,#4863,.T.);
#2898=EDGE_CURVE('',#3973,#3986,#104,.T.);
#2899=EDGE_CURVE('',#3975,#3987,#105,.T.);
#2900=EDGE_CURVE('',#3989,#3994,#4864,.T.);
#2901=EDGE_CURVE('',#3991,#3995,#4865,.T.);
#2902=EDGE_CURVE('',#3997,#4002,#4866,.T.);
#2903=EDGE_CURVE('',#3999,#4003,#4867,.T.);
#2904=EDGE_CURVE('',#3954,#3820,#4868,.T.);
#2905=EDGE_CURVE('',#3955,#3823,#4869,.T.);
#2906=EDGE_CURVE('',#4004,#4004,#106,.T.);
#2907=EDGE_CURVE('',#4005,#4005,#107,.T.);
#2908=EDGE_CURVE('',#4006,#4006,#108,.T.);
#2909=EDGE_CURVE('',#4007,#4007,#109,.T.);
#2910=EDGE_CURVE('',#4008,#4008,#110,.T.);
#2911=EDGE_CURVE('',#4009,#4009,#111,.T.);
#2912=EDGE_CURVE('',#4010,#4011,#4870,.T.);
#2913=EDGE_CURVE('',#4012,#4011,#4871,.T.);
#2914=EDGE_CURVE('',#4013,#4012,#4872,.T.);
#2915=EDGE_CURVE('',#4013,#4010,#4873,.T.);
#2916=EDGE_CURVE('',#4011,#4014,#4874,.T.);
#2917=EDGE_CURVE('',#4015,#4014,#4875,.T.);
#2918=EDGE_CURVE('',#4012,#4015,#4876,.T.);
#2919=EDGE_CURVE('',#4014,#4016,#4877,.T.);
#2920=EDGE_CURVE('',#4017,#4016,#4878,.T.);
#2921=EDGE_CURVE('',#4015,#4017,#4879,.T.);
#2922=EDGE_CURVE('',#4016,#4018,#4880,.T.);
#2923=EDGE_CURVE('',#4019,#4018,#4881,.T.);
#2924=EDGE_CURVE('',#4017,#4019,#4882,.T.);
#2925=EDGE_CURVE('',#4018,#4020,#4883,.T.);
#2926=EDGE_CURVE('',#4021,#4020,#4884,.T.);
#2927=EDGE_CURVE('',#4019,#4021,#4885,.T.);
#2928=EDGE_CURVE('',#4020,#4022,#4886,.T.);
#2929=EDGE_CURVE('',#4023,#4022,#4887,.T.);
#2930=EDGE_CURVE('',#4021,#4023,#4888,.T.);
#2931=EDGE_CURVE('',#4022,#4024,#4889,.T.);
#2932=EDGE_CURVE('',#4025,#4024,#4890,.T.);
#2933=EDGE_CURVE('',#4023,#4025,#4891,.T.);
#2934=EDGE_CURVE('',#4024,#4026,#4892,.T.);
#2935=EDGE_CURVE('',#4027,#4026,#4893,.T.);
#2936=EDGE_CURVE('',#4025,#4027,#4894,.T.);
#2937=EDGE_CURVE('',#4026,#4028,#4895,.T.);
#2938=EDGE_CURVE('',#4029,#4028,#4896,.T.);
#2939=EDGE_CURVE('',#4027,#4029,#4897,.T.);
#2940=EDGE_CURVE('',#4028,#4030,#4898,.T.);
#2941=EDGE_CURVE('',#4031,#4030,#4899,.T.);
#2942=EDGE_CURVE('',#4029,#4031,#4900,.T.);
#2943=EDGE_CURVE('',#4030,#4032,#4901,.T.);
#2944=EDGE_CURVE('',#4033,#4032,#4902,.T.);
#2945=EDGE_CURVE('',#4031,#4033,#4903,.T.);
#2946=EDGE_CURVE('',#4032,#4034,#4904,.T.);
#2947=EDGE_CURVE('',#4035,#4034,#4905,.T.);
#2948=EDGE_CURVE('',#4033,#4035,#4906,.T.);
#2949=EDGE_CURVE('',#4034,#4036,#4907,.T.);
#2950=EDGE_CURVE('',#4037,#4036,#4908,.T.);
#2951=EDGE_CURVE('',#4035,#4037,#4909,.T.);
#2952=EDGE_CURVE('',#4036,#4038,#4910,.T.);
#2953=EDGE_CURVE('',#4039,#4038,#4911,.T.);
#2954=EDGE_CURVE('',#4037,#4039,#4912,.T.);
#2955=EDGE_CURVE('',#4038,#4040,#4913,.T.);
#2956=EDGE_CURVE('',#4041,#4040,#4914,.T.);
#2957=EDGE_CURVE('',#4039,#4041,#4915,.T.);
#2958=EDGE_CURVE('',#4040,#4042,#4916,.T.);
#2959=EDGE_CURVE('',#4043,#4042,#4917,.T.);
#2960=EDGE_CURVE('',#4041,#4043,#4918,.T.);
#2961=EDGE_CURVE('',#4042,#4044,#4919,.T.);
#2962=EDGE_CURVE('',#4045,#4044,#4920,.T.);
#2963=EDGE_CURVE('',#4043,#4045,#4921,.T.);
#2964=EDGE_CURVE('',#4044,#4046,#4922,.T.);
#2965=EDGE_CURVE('',#4047,#4046,#4923,.T.);
#2966=EDGE_CURVE('',#4045,#4047,#4924,.T.);
#2967=EDGE_CURVE('',#4046,#4048,#4925,.T.);
#2968=EDGE_CURVE('',#4049,#4048,#4926,.T.);
#2969=EDGE_CURVE('',#4047,#4049,#4927,.T.);
#2970=EDGE_CURVE('',#4048,#4050,#4928,.T.);
#2971=EDGE_CURVE('',#4051,#4050,#4929,.T.);
#2972=EDGE_CURVE('',#4049,#4051,#4930,.T.);
#2973=EDGE_CURVE('',#4050,#4052,#4931,.T.);
#2974=EDGE_CURVE('',#4053,#4052,#4932,.T.);
#2975=EDGE_CURVE('',#4051,#4053,#4933,.T.);
#2976=EDGE_CURVE('',#4052,#4054,#4934,.T.);
#2977=EDGE_CURVE('',#4055,#4054,#4935,.T.);
#2978=EDGE_CURVE('',#4053,#4055,#4936,.T.);
#2979=EDGE_CURVE('',#4054,#4056,#4937,.T.);
#2980=EDGE_CURVE('',#4057,#4056,#4938,.T.);
#2981=EDGE_CURVE('',#4055,#4057,#4939,.T.);
#2982=EDGE_CURVE('',#4056,#4058,#4940,.T.);
#2983=EDGE_CURVE('',#4059,#4058,#4941,.T.);
#2984=EDGE_CURVE('',#4057,#4059,#4942,.T.);
#2985=EDGE_CURVE('',#4058,#4060,#4943,.T.);
#2986=EDGE_CURVE('',#4061,#4060,#4944,.T.);
#2987=EDGE_CURVE('',#4059,#4061,#4945,.T.);
#2988=EDGE_CURVE('',#4060,#4062,#4946,.T.);
#2989=EDGE_CURVE('',#4063,#4062,#4947,.T.);
#2990=EDGE_CURVE('',#4061,#4063,#4948,.T.);
#2991=EDGE_CURVE('',#4062,#4064,#4949,.T.);
#2992=EDGE_CURVE('',#4065,#4064,#4950,.T.);
#2993=EDGE_CURVE('',#4063,#4065,#4951,.T.);
#2994=EDGE_CURVE('',#4064,#4066,#4952,.T.);
#2995=EDGE_CURVE('',#4067,#4066,#4953,.T.);
#2996=EDGE_CURVE('',#4065,#4067,#4954,.T.);
#2997=EDGE_CURVE('',#4066,#4068,#4955,.T.);
#2998=EDGE_CURVE('',#4069,#4068,#4956,.T.);
#2999=EDGE_CURVE('',#4067,#4069,#4957,.T.);
#3000=EDGE_CURVE('',#4068,#4070,#4958,.T.);
#3001=EDGE_CURVE('',#4071,#4070,#4959,.T.);
#3002=EDGE_CURVE('',#4069,#4071,#4960,.T.);
#3003=EDGE_CURVE('',#4070,#4072,#4961,.T.);
#3004=EDGE_CURVE('',#4073,#4072,#4962,.T.);
#3005=EDGE_CURVE('',#4071,#4073,#4963,.T.);
#3006=EDGE_CURVE('',#4072,#4074,#4964,.T.);
#3007=EDGE_CURVE('',#4075,#4074,#4965,.T.);
#3008=EDGE_CURVE('',#4073,#4075,#4966,.T.);
#3009=EDGE_CURVE('',#4074,#4076,#4967,.T.);
#3010=EDGE_CURVE('',#4077,#4076,#4968,.T.);
#3011=EDGE_CURVE('',#4075,#4077,#4969,.T.);
#3012=EDGE_CURVE('',#4076,#4078,#4970,.T.);
#3013=EDGE_CURVE('',#4079,#4078,#4971,.T.);
#3014=EDGE_CURVE('',#4077,#4079,#4972,.T.);
#3015=EDGE_CURVE('',#4078,#4080,#4973,.T.);
#3016=EDGE_CURVE('',#4081,#4080,#4974,.T.);
#3017=EDGE_CURVE('',#4079,#4081,#4975,.T.);
#3018=EDGE_CURVE('',#4080,#4082,#4976,.T.);
#3019=EDGE_CURVE('',#4083,#4082,#4977,.T.);
#3020=EDGE_CURVE('',#4081,#4083,#4978,.T.);
#3021=EDGE_CURVE('',#4082,#4084,#4979,.T.);
#3022=EDGE_CURVE('',#4085,#4084,#4980,.T.);
#3023=EDGE_CURVE('',#4083,#4085,#4981,.T.);
#3024=EDGE_CURVE('',#4084,#4086,#4982,.T.);
#3025=EDGE_CURVE('',#4087,#4086,#4983,.T.);
#3026=EDGE_CURVE('',#4085,#4087,#4984,.T.);
#3027=EDGE_CURVE('',#4086,#4088,#4985,.T.);
#3028=EDGE_CURVE('',#4089,#4088,#4986,.T.);
#3029=EDGE_CURVE('',#4087,#4089,#4987,.T.);
#3030=EDGE_CURVE('',#4088,#4090,#4988,.T.);
#3031=EDGE_CURVE('',#4091,#4090,#4989,.T.);
#3032=EDGE_CURVE('',#4089,#4091,#4990,.T.);
#3033=EDGE_CURVE('',#4090,#4092,#4991,.T.);
#3034=EDGE_CURVE('',#4093,#4092,#4992,.T.);
#3035=EDGE_CURVE('',#4091,#4093,#4993,.T.);
#3036=EDGE_CURVE('',#4092,#4094,#4994,.T.);
#3037=EDGE_CURVE('',#4095,#4094,#4995,.T.);
#3038=EDGE_CURVE('',#4093,#4095,#4996,.T.);
#3039=EDGE_CURVE('',#4094,#4096,#4997,.T.);
#3040=EDGE_CURVE('',#4097,#4096,#4998,.T.);
#3041=EDGE_CURVE('',#4095,#4097,#4999,.T.);
#3042=EDGE_CURVE('',#4096,#4098,#5000,.T.);
#3043=EDGE_CURVE('',#4099,#4098,#5001,.T.);
#3044=EDGE_CURVE('',#4097,#4099,#5002,.T.);
#3045=EDGE_CURVE('',#4098,#4100,#5003,.T.);
#3046=EDGE_CURVE('',#4101,#4100,#5004,.T.);
#3047=EDGE_CURVE('',#4099,#4101,#5005,.T.);
#3048=EDGE_CURVE('',#4100,#4102,#5006,.T.);
#3049=EDGE_CURVE('',#4103,#4102,#5007,.T.);
#3050=EDGE_CURVE('',#4101,#4103,#5008,.T.);
#3051=EDGE_CURVE('',#4102,#4104,#5009,.T.);
#3052=EDGE_CURVE('',#4105,#4104,#5010,.T.);
#3053=EDGE_CURVE('',#4103,#4105,#5011,.T.);
#3054=EDGE_CURVE('',#4104,#4106,#5012,.T.);
#3055=EDGE_CURVE('',#4107,#4106,#5013,.T.);
#3056=EDGE_CURVE('',#4105,#4107,#5014,.T.);
#3057=EDGE_CURVE('',#4106,#4108,#5015,.T.);
#3058=EDGE_CURVE('',#4109,#4108,#5016,.T.);
#3059=EDGE_CURVE('',#4107,#4109,#5017,.T.);
#3060=EDGE_CURVE('',#4108,#4110,#5018,.T.);
#3061=EDGE_CURVE('',#4111,#4110,#5019,.T.);
#3062=EDGE_CURVE('',#4109,#4111,#5020,.T.);
#3063=EDGE_CURVE('',#4110,#4112,#5021,.T.);
#3064=EDGE_CURVE('',#4113,#4112,#5022,.T.);
#3065=EDGE_CURVE('',#4111,#4113,#5023,.T.);
#3066=EDGE_CURVE('',#4112,#4114,#5024,.T.);
#3067=EDGE_CURVE('',#4115,#4114,#5025,.T.);
#3068=EDGE_CURVE('',#4113,#4115,#5026,.T.);
#3069=EDGE_CURVE('',#4114,#4116,#5027,.T.);
#3070=EDGE_CURVE('',#4117,#4116,#5028,.T.);
#3071=EDGE_CURVE('',#4115,#4117,#5029,.T.);
#3072=EDGE_CURVE('',#4116,#4118,#5030,.T.);
#3073=EDGE_CURVE('',#4119,#4118,#5031,.T.);
#3074=EDGE_CURVE('',#4117,#4119,#5032,.T.);
#3075=EDGE_CURVE('',#4118,#4120,#5033,.T.);
#3076=EDGE_CURVE('',#4121,#4120,#5034,.T.);
#3077=EDGE_CURVE('',#4119,#4121,#5035,.T.);
#3078=EDGE_CURVE('',#4120,#4122,#5036,.T.);
#3079=EDGE_CURVE('',#4123,#4122,#5037,.T.);
#3080=EDGE_CURVE('',#4121,#4123,#5038,.T.);
#3081=EDGE_CURVE('',#4122,#4124,#5039,.T.);
#3082=EDGE_CURVE('',#4125,#4124,#5040,.T.);
#3083=EDGE_CURVE('',#4123,#4125,#5041,.T.);
#3084=EDGE_CURVE('',#4124,#4126,#5042,.T.);
#3085=EDGE_CURVE('',#4127,#4126,#5043,.T.);
#3086=EDGE_CURVE('',#4125,#4127,#5044,.T.);
#3087=EDGE_CURVE('',#4126,#4128,#5045,.T.);
#3088=EDGE_CURVE('',#4129,#4128,#5046,.T.);
#3089=EDGE_CURVE('',#4127,#4129,#5047,.T.);
#3090=EDGE_CURVE('',#4128,#4130,#5048,.T.);
#3091=EDGE_CURVE('',#4131,#4130,#5049,.T.);
#3092=EDGE_CURVE('',#4129,#4131,#5050,.T.);
#3093=EDGE_CURVE('',#4130,#4132,#5051,.T.);
#3094=EDGE_CURVE('',#4133,#4132,#5052,.T.);
#3095=EDGE_CURVE('',#4131,#4133,#5053,.T.);
#3096=EDGE_CURVE('',#4132,#4134,#5054,.T.);
#3097=EDGE_CURVE('',#4135,#4134,#5055,.T.);
#3098=EDGE_CURVE('',#4133,#4135,#5056,.T.);
#3099=EDGE_CURVE('',#4134,#4136,#5057,.T.);
#3100=EDGE_CURVE('',#4137,#4136,#5058,.T.);
#3101=EDGE_CURVE('',#4135,#4137,#5059,.T.);
#3102=EDGE_CURVE('',#4136,#4138,#5060,.T.);
#3103=EDGE_CURVE('',#4139,#4138,#5061,.T.);
#3104=EDGE_CURVE('',#4137,#4139,#5062,.T.);
#3105=EDGE_CURVE('',#4138,#4140,#5063,.T.);
#3106=EDGE_CURVE('',#4141,#4140,#5064,.T.);
#3107=EDGE_CURVE('',#4139,#4141,#5065,.T.);
#3108=EDGE_CURVE('',#4140,#4142,#5066,.T.);
#3109=EDGE_CURVE('',#4143,#4142,#5067,.T.);
#3110=EDGE_CURVE('',#4141,#4143,#5068,.T.);
#3111=EDGE_CURVE('',#4142,#4144,#5069,.T.);
#3112=EDGE_CURVE('',#4145,#4144,#5070,.T.);
#3113=EDGE_CURVE('',#4143,#4145,#5071,.T.);
#3114=EDGE_CURVE('',#4146,#4147,#5072,.T.);
#3115=EDGE_CURVE('',#4148,#4146,#5073,.T.);
#3116=EDGE_CURVE('',#4148,#4149,#5074,.T.);
#3117=EDGE_CURVE('',#4149,#4147,#5075,.T.);
#3118=EDGE_CURVE('',#4150,#4146,#5076,.T.);
#3119=EDGE_CURVE('',#4151,#4150,#5077,.T.);
#3120=EDGE_CURVE('',#4151,#4148,#5078,.T.);
#3121=EDGE_CURVE('',#4152,#4150,#5079,.T.);
#3122=EDGE_CURVE('',#4153,#4152,#5080,.T.);
#3123=EDGE_CURVE('',#4153,#4151,#5081,.T.);
#3124=EDGE_CURVE('',#4154,#4155,#5082,.T.);
#3125=EDGE_CURVE('',#4156,#4154,#5083,.T.);
#3126=EDGE_CURVE('',#4156,#4157,#5084,.T.);
#3127=EDGE_CURVE('',#4157,#4155,#5085,.T.);
#3128=EDGE_CURVE('',#4158,#4154,#5086,.T.);
#3129=EDGE_CURVE('',#4159,#4158,#5087,.T.);
#3130=EDGE_CURVE('',#4159,#4156,#5088,.T.);
#3131=EDGE_CURVE('',#4160,#4158,#5089,.T.);
#3132=EDGE_CURVE('',#4161,#4160,#5090,.T.);
#3133=EDGE_CURVE('',#4161,#4159,#5091,.T.);
#3134=EDGE_CURVE('',#4162,#4163,#112,.T.);
#3135=EDGE_CURVE('',#4164,#4162,#5092,.T.);
#3136=EDGE_CURVE('',#4164,#4165,#113,.T.);
#3137=EDGE_CURVE('',#4165,#4163,#5093,.T.);
#3138=EDGE_CURVE('',#4166,#4162,#114,.T.);
#3139=EDGE_CURVE('',#4167,#4166,#5094,.T.);
#3140=EDGE_CURVE('',#4167,#4164,#115,.T.);
#3141=EDGE_CURVE('',#4168,#4166,#116,.T.);
#3142=EDGE_CURVE('',#4169,#4168,#5095,.T.);
#3143=EDGE_CURVE('',#4169,#4167,#117,.T.);
#3144=EDGE_CURVE('',#4170,#4168,#118,.T.);
#3145=EDGE_CURVE('',#4171,#4170,#5096,.T.);
#3146=EDGE_CURVE('',#4171,#4169,#119,.T.);
#3147=EDGE_CURVE('',#4172,#4170,#120,.T.);
#3148=EDGE_CURVE('',#4173,#4172,#5097,.T.);
#3149=EDGE_CURVE('',#4173,#4171,#121,.T.);
#3150=EDGE_CURVE('',#4174,#4172,#122,.T.);
#3151=EDGE_CURVE('',#4175,#4174,#5098,.T.);
#3152=EDGE_CURVE('',#4175,#4173,#123,.T.);
#3153=EDGE_CURVE('',#4176,#4174,#124,.T.);
#3154=EDGE_CURVE('',#4177,#4176,#5099,.T.);
#3155=EDGE_CURVE('',#4177,#4175,#125,.T.);
#3156=EDGE_CURVE('',#4178,#4179,#5100,.T.);
#3157=EDGE_CURVE('',#4180,#4178,#5101,.T.);
#3158=EDGE_CURVE('',#4180,#4181,#5102,.T.);
#3159=EDGE_CURVE('',#4181,#4179,#5103,.T.);
#3160=EDGE_CURVE('',#4182,#4178,#5104,.T.);
#3161=EDGE_CURVE('',#4183,#4182,#5105,.T.);
#3162=EDGE_CURVE('',#4183,#4180,#5106,.T.);
#3163=EDGE_CURVE('',#4184,#4182,#5107,.T.);
#3164=EDGE_CURVE('',#4185,#4184,#5108,.T.);
#3165=EDGE_CURVE('',#4185,#4183,#5109,.T.);
#3166=EDGE_CURVE('',#4186,#4187,#5110,.T.);
#3167=EDGE_CURVE('',#4188,#4186,#5111,.T.);
#3168=EDGE_CURVE('',#4188,#4189,#5112,.T.);
#3169=EDGE_CURVE('',#4189,#4187,#5113,.T.);
#3170=EDGE_CURVE('',#4190,#4186,#5114,.T.);
#3171=EDGE_CURVE('',#4191,#4190,#5115,.T.);
#3172=EDGE_CURVE('',#4191,#4188,#5116,.T.);
#3173=EDGE_CURVE('',#4192,#4190,#5117,.T.);
#3174=EDGE_CURVE('',#4193,#4192,#5118,.T.);
#3175=EDGE_CURVE('',#4193,#4191,#5119,.T.);
#3176=EDGE_CURVE('',#4147,#4152,#5120,.T.);
#3177=EDGE_CURVE('',#4149,#4153,#5121,.T.);
#3178=EDGE_CURVE('',#4155,#4160,#5122,.T.);
#3179=EDGE_CURVE('',#4157,#4161,#5123,.T.);
#3180=EDGE_CURVE('',#4163,#4176,#126,.T.);
#3181=EDGE_CURVE('',#4165,#4177,#127,.T.);
#3182=EDGE_CURVE('',#4179,#4184,#5124,.T.);
#3183=EDGE_CURVE('',#4181,#4185,#5125,.T.);
#3184=EDGE_CURVE('',#4187,#4192,#5126,.T.);
#3185=EDGE_CURVE('',#4189,#4193,#5127,.T.);
#3186=EDGE_CURVE('',#4144,#4010,#5128,.T.);
#3187=EDGE_CURVE('',#4145,#4013,#5129,.T.);
#3188=EDGE_CURVE('',#4194,#4195,#5130,.T.);
#3189=EDGE_CURVE('',#4196,#4195,#5131,.T.);
#3190=EDGE_CURVE('',#4197,#4196,#5132,.T.);
#3191=EDGE_CURVE('',#4197,#4194,#5133,.T.);
#3192=EDGE_CURVE('',#4195,#4198,#5134,.T.);
#3193=EDGE_CURVE('',#4199,#4198,#5135,.T.);
#3194=EDGE_CURVE('',#4196,#4199,#5136,.T.);
#3195=EDGE_CURVE('',#4198,#4200,#5137,.T.);
#3196=EDGE_CURVE('',#4201,#4200,#5138,.T.);
#3197=EDGE_CURVE('',#4199,#4201,#5139,.T.);
#3198=EDGE_CURVE('',#4200,#4202,#5140,.T.);
#3199=EDGE_CURVE('',#4203,#4202,#5141,.T.);
#3200=EDGE_CURVE('',#4201,#4203,#5142,.T.);
#3201=EDGE_CURVE('',#4202,#4204,#5143,.T.);
#3202=EDGE_CURVE('',#4205,#4204,#5144,.T.);
#3203=EDGE_CURVE('',#4203,#4205,#5145,.T.);
#3204=EDGE_CURVE('',#4204,#4206,#5146,.T.);
#3205=EDGE_CURVE('',#4207,#4206,#5147,.T.);
#3206=EDGE_CURVE('',#4205,#4207,#5148,.T.);
#3207=EDGE_CURVE('',#4206,#4208,#5149,.T.);
#3208=EDGE_CURVE('',#4209,#4208,#5150,.T.);
#3209=EDGE_CURVE('',#4207,#4209,#5151,.T.);
#3210=EDGE_CURVE('',#4208,#4210,#5152,.T.);
#3211=EDGE_CURVE('',#4211,#4210,#5153,.T.);
#3212=EDGE_CURVE('',#4209,#4211,#5154,.T.);
#3213=EDGE_CURVE('',#4210,#4212,#5155,.T.);
#3214=EDGE_CURVE('',#4213,#4212,#5156,.T.);
#3215=EDGE_CURVE('',#4211,#4213,#5157,.T.);
#3216=EDGE_CURVE('',#4212,#4214,#5158,.T.);
#3217=EDGE_CURVE('',#4215,#4214,#5159,.T.);
#3218=EDGE_CURVE('',#4213,#4215,#5160,.T.);
#3219=EDGE_CURVE('',#4214,#4216,#5161,.T.);
#3220=EDGE_CURVE('',#4217,#4216,#5162,.T.);
#3221=EDGE_CURVE('',#4215,#4217,#5163,.T.);
#3222=EDGE_CURVE('',#4216,#4218,#5164,.T.);
#3223=EDGE_CURVE('',#4219,#4218,#5165,.T.);
#3224=EDGE_CURVE('',#4217,#4219,#5166,.T.);
#3225=EDGE_CURVE('',#4218,#4220,#5167,.T.);
#3226=EDGE_CURVE('',#4221,#4220,#5168,.T.);
#3227=EDGE_CURVE('',#4219,#4221,#5169,.T.);
#3228=EDGE_CURVE('',#4220,#4222,#5170,.T.);
#3229=EDGE_CURVE('',#4223,#4222,#5171,.T.);
#3230=EDGE_CURVE('',#4221,#4223,#5172,.T.);
#3231=EDGE_CURVE('',#4222,#4224,#5173,.T.);
#3232=EDGE_CURVE('',#4225,#4224,#5174,.T.);
#3233=EDGE_CURVE('',#4223,#4225,#5175,.T.);
#3234=EDGE_CURVE('',#4224,#4226,#5176,.T.);
#3235=EDGE_CURVE('',#4227,#4226,#5177,.T.);
#3236=EDGE_CURVE('',#4225,#4227,#5178,.T.);
#3237=EDGE_CURVE('',#4226,#4228,#5179,.T.);
#3238=EDGE_CURVE('',#4229,#4228,#5180,.T.);
#3239=EDGE_CURVE('',#4227,#4229,#5181,.T.);
#3240=EDGE_CURVE('',#4228,#4230,#5182,.T.);
#3241=EDGE_CURVE('',#4231,#4230,#5183,.T.);
#3242=EDGE_CURVE('',#4229,#4231,#5184,.T.);
#3243=EDGE_CURVE('',#4230,#4232,#5185,.T.);
#3244=EDGE_CURVE('',#4233,#4232,#5186,.T.);
#3245=EDGE_CURVE('',#4231,#4233,#5187,.T.);
#3246=EDGE_CURVE('',#4232,#4234,#5188,.T.);
#3247=EDGE_CURVE('',#4235,#4234,#5189,.T.);
#3248=EDGE_CURVE('',#4233,#4235,#5190,.T.);
#3249=EDGE_CURVE('',#4234,#4236,#5191,.T.);
#3250=EDGE_CURVE('',#4237,#4236,#5192,.T.);
#3251=EDGE_CURVE('',#4235,#4237,#5193,.T.);
#3252=EDGE_CURVE('',#4236,#4238,#5194,.T.);
#3253=EDGE_CURVE('',#4239,#4238,#5195,.T.);
#3254=EDGE_CURVE('',#4237,#4239,#5196,.T.);
#3255=EDGE_CURVE('',#4238,#4240,#5197,.T.);
#3256=EDGE_CURVE('',#4241,#4240,#5198,.T.);
#3257=EDGE_CURVE('',#4239,#4241,#5199,.T.);
#3258=EDGE_CURVE('',#4240,#4242,#5200,.T.);
#3259=EDGE_CURVE('',#4243,#4242,#5201,.T.);
#3260=EDGE_CURVE('',#4241,#4243,#5202,.T.);
#3261=EDGE_CURVE('',#4242,#4244,#5203,.T.);
#3262=EDGE_CURVE('',#4245,#4244,#5204,.T.);
#3263=EDGE_CURVE('',#4243,#4245,#5205,.T.);
#3264=EDGE_CURVE('',#4244,#4246,#5206,.T.);
#3265=EDGE_CURVE('',#4247,#4246,#5207,.T.);
#3266=EDGE_CURVE('',#4245,#4247,#5208,.T.);
#3267=EDGE_CURVE('',#4246,#4248,#5209,.T.);
#3268=EDGE_CURVE('',#4249,#4248,#5210,.T.);
#3269=EDGE_CURVE('',#4247,#4249,#5211,.T.);
#3270=EDGE_CURVE('',#4248,#4250,#5212,.T.);
#3271=EDGE_CURVE('',#4251,#4250,#5213,.T.);
#3272=EDGE_CURVE('',#4249,#4251,#5214,.T.);
#3273=EDGE_CURVE('',#4250,#4252,#5215,.T.);
#3274=EDGE_CURVE('',#4253,#4252,#5216,.T.);
#3275=EDGE_CURVE('',#4251,#4253,#5217,.T.);
#3276=EDGE_CURVE('',#4252,#4254,#5218,.T.);
#3277=EDGE_CURVE('',#4255,#4254,#5219,.T.);
#3278=EDGE_CURVE('',#4253,#4255,#5220,.T.);
#3279=EDGE_CURVE('',#4254,#4256,#5221,.T.);
#3280=EDGE_CURVE('',#4257,#4256,#5222,.T.);
#3281=EDGE_CURVE('',#4255,#4257,#5223,.T.);
#3282=EDGE_CURVE('',#4256,#4258,#5224,.T.);
#3283=EDGE_CURVE('',#4259,#4258,#5225,.T.);
#3284=EDGE_CURVE('',#4257,#4259,#5226,.T.);
#3285=EDGE_CURVE('',#4258,#4260,#5227,.T.);
#3286=EDGE_CURVE('',#4261,#4260,#5228,.T.);
#3287=EDGE_CURVE('',#4259,#4261,#5229,.T.);
#3288=EDGE_CURVE('',#4260,#4262,#5230,.T.);
#3289=EDGE_CURVE('',#4263,#4262,#5231,.T.);
#3290=EDGE_CURVE('',#4261,#4263,#5232,.T.);
#3291=EDGE_CURVE('',#4262,#4264,#5233,.T.);
#3292=EDGE_CURVE('',#4265,#4264,#5234,.T.);
#3293=EDGE_CURVE('',#4263,#4265,#5235,.T.);
#3294=EDGE_CURVE('',#4264,#4266,#5236,.T.);
#3295=EDGE_CURVE('',#4267,#4266,#5237,.T.);
#3296=EDGE_CURVE('',#4265,#4267,#5238,.T.);
#3297=EDGE_CURVE('',#4266,#4268,#5239,.T.);
#3298=EDGE_CURVE('',#4269,#4268,#5240,.T.);
#3299=EDGE_CURVE('',#4267,#4269,#5241,.T.);
#3300=EDGE_CURVE('',#4268,#4270,#5242,.T.);
#3301=EDGE_CURVE('',#4271,#4270,#5243,.T.);
#3302=EDGE_CURVE('',#4269,#4271,#5244,.T.);
#3303=EDGE_CURVE('',#4270,#4272,#5245,.T.);
#3304=EDGE_CURVE('',#4273,#4272,#5246,.T.);
#3305=EDGE_CURVE('',#4271,#4273,#5247,.T.);
#3306=EDGE_CURVE('',#4272,#4274,#5248,.T.);
#3307=EDGE_CURVE('',#4275,#4274,#5249,.T.);
#3308=EDGE_CURVE('',#4273,#4275,#5250,.T.);
#3309=EDGE_CURVE('',#4274,#4276,#5251,.T.);
#3310=EDGE_CURVE('',#4277,#4276,#5252,.T.);
#3311=EDGE_CURVE('',#4275,#4277,#5253,.T.);
#3312=EDGE_CURVE('',#4276,#4278,#5254,.T.);
#3313=EDGE_CURVE('',#4279,#4278,#5255,.T.);
#3314=EDGE_CURVE('',#4277,#4279,#5256,.T.);
#3315=EDGE_CURVE('',#4278,#4280,#5257,.T.);
#3316=EDGE_CURVE('',#4281,#4280,#5258,.T.);
#3317=EDGE_CURVE('',#4279,#4281,#5259,.T.);
#3318=EDGE_CURVE('',#4280,#4282,#5260,.T.);
#3319=EDGE_CURVE('',#4283,#4282,#5261,.T.);
#3320=EDGE_CURVE('',#4281,#4283,#5262,.T.);
#3321=EDGE_CURVE('',#4282,#4284,#5263,.T.);
#3322=EDGE_CURVE('',#4285,#4284,#5264,.T.);
#3323=EDGE_CURVE('',#4283,#4285,#5265,.T.);
#3324=EDGE_CURVE('',#4284,#4286,#5266,.T.);
#3325=EDGE_CURVE('',#4287,#4286,#5267,.T.);
#3326=EDGE_CURVE('',#4285,#4287,#5268,.T.);
#3327=EDGE_CURVE('',#4286,#4288,#5269,.T.);
#3328=EDGE_CURVE('',#4289,#4288,#5270,.T.);
#3329=EDGE_CURVE('',#4287,#4289,#5271,.T.);
#3330=EDGE_CURVE('',#4288,#4290,#5272,.T.);
#3331=EDGE_CURVE('',#4291,#4290,#5273,.T.);
#3332=EDGE_CURVE('',#4289,#4291,#5274,.T.);
#3333=EDGE_CURVE('',#4290,#4292,#5275,.T.);
#3334=EDGE_CURVE('',#4293,#4292,#5276,.T.);
#3335=EDGE_CURVE('',#4291,#4293,#5277,.T.);
#3336=EDGE_CURVE('',#4292,#4294,#5278,.T.);
#3337=EDGE_CURVE('',#4295,#4294,#5279,.T.);
#3338=EDGE_CURVE('',#4293,#4295,#5280,.T.);
#3339=EDGE_CURVE('',#4294,#4296,#5281,.T.);
#3340=EDGE_CURVE('',#4297,#4296,#5282,.T.);
#3341=EDGE_CURVE('',#4295,#4297,#5283,.T.);
#3342=EDGE_CURVE('',#4296,#4298,#5284,.T.);
#3343=EDGE_CURVE('',#4299,#4298,#5285,.T.);
#3344=EDGE_CURVE('',#4297,#4299,#5286,.T.);
#3345=EDGE_CURVE('',#4298,#4300,#5287,.T.);
#3346=EDGE_CURVE('',#4301,#4300,#5288,.T.);
#3347=EDGE_CURVE('',#4299,#4301,#5289,.T.);
#3348=EDGE_CURVE('',#4300,#4302,#5290,.T.);
#3349=EDGE_CURVE('',#4303,#4302,#5291,.T.);
#3350=EDGE_CURVE('',#4301,#4303,#5292,.T.);
#3351=EDGE_CURVE('',#4302,#4304,#5293,.T.);
#3352=EDGE_CURVE('',#4305,#4304,#5294,.T.);
#3353=EDGE_CURVE('',#4303,#4305,#5295,.T.);
#3354=EDGE_CURVE('',#4304,#4306,#5296,.T.);
#3355=EDGE_CURVE('',#4307,#4306,#5297,.T.);
#3356=EDGE_CURVE('',#4305,#4307,#5298,.T.);
#3357=EDGE_CURVE('',#4306,#4308,#5299,.T.);
#3358=EDGE_CURVE('',#4309,#4308,#5300,.T.);
#3359=EDGE_CURVE('',#4307,#4309,#5301,.T.);
#3360=EDGE_CURVE('',#4308,#4310,#5302,.T.);
#3361=EDGE_CURVE('',#4311,#4310,#5303,.T.);
#3362=EDGE_CURVE('',#4309,#4311,#5304,.T.);
#3363=EDGE_CURVE('',#4310,#4312,#5305,.T.);
#3364=EDGE_CURVE('',#4313,#4312,#5306,.T.);
#3365=EDGE_CURVE('',#4311,#4313,#5307,.T.);
#3366=EDGE_CURVE('',#4312,#4314,#5308,.T.);
#3367=EDGE_CURVE('',#4315,#4314,#5309,.T.);
#3368=EDGE_CURVE('',#4313,#4315,#5310,.T.);
#3369=EDGE_CURVE('',#4314,#4316,#5311,.T.);
#3370=EDGE_CURVE('',#4317,#4316,#5312,.T.);
#3371=EDGE_CURVE('',#4315,#4317,#5313,.T.);
#3372=EDGE_CURVE('',#4316,#4318,#5314,.T.);
#3373=EDGE_CURVE('',#4319,#4318,#5315,.T.);
#3374=EDGE_CURVE('',#4317,#4319,#5316,.T.);
#3375=EDGE_CURVE('',#4318,#4320,#5317,.T.);
#3376=EDGE_CURVE('',#4321,#4320,#5318,.T.);
#3377=EDGE_CURVE('',#4319,#4321,#5319,.T.);
#3378=EDGE_CURVE('',#4320,#4322,#5320,.T.);
#3379=EDGE_CURVE('',#4323,#4322,#5321,.T.);
#3380=EDGE_CURVE('',#4321,#4323,#5322,.T.);
#3381=EDGE_CURVE('',#4322,#4324,#5323,.T.);
#3382=EDGE_CURVE('',#4325,#4324,#5324,.T.);
#3383=EDGE_CURVE('',#4323,#4325,#5325,.T.);
#3384=EDGE_CURVE('',#4324,#4326,#5326,.T.);
#3385=EDGE_CURVE('',#4327,#4326,#5327,.T.);
#3386=EDGE_CURVE('',#4325,#4327,#5328,.T.);
#3387=EDGE_CURVE('',#4326,#4328,#5329,.T.);
#3388=EDGE_CURVE('',#4329,#4328,#5330,.T.);
#3389=EDGE_CURVE('',#4327,#4329,#5331,.T.);
#3390=EDGE_CURVE('',#4330,#4331,#5332,.T.);
#3391=EDGE_CURVE('',#4332,#4330,#5333,.T.);
#3392=EDGE_CURVE('',#4332,#4333,#5334,.T.);
#3393=EDGE_CURVE('',#4333,#4331,#5335,.T.);
#3394=EDGE_CURVE('',#4334,#4330,#5336,.T.);
#3395=EDGE_CURVE('',#4335,#4334,#5337,.T.);
#3396=EDGE_CURVE('',#4335,#4332,#5338,.T.);
#3397=EDGE_CURVE('',#4336,#4334,#5339,.T.);
#3398=EDGE_CURVE('',#4337,#4336,#5340,.T.);
#3399=EDGE_CURVE('',#4337,#4335,#5341,.T.);
#3400=EDGE_CURVE('',#4338,#4339,#5342,.T.);
#3401=EDGE_CURVE('',#4340,#4338,#5343,.T.);
#3402=EDGE_CURVE('',#4340,#4341,#5344,.T.);
#3403=EDGE_CURVE('',#4341,#4339,#5345,.T.);
#3404=EDGE_CURVE('',#4342,#4338,#5346,.T.);
#3405=EDGE_CURVE('',#4343,#4342,#5347,.T.);
#3406=EDGE_CURVE('',#4343,#4340,#5348,.T.);
#3407=EDGE_CURVE('',#4344,#4342,#5349,.T.);
#3408=EDGE_CURVE('',#4345,#4344,#5350,.T.);
#3409=EDGE_CURVE('',#4345,#4343,#5351,.T.);
#3410=EDGE_CURVE('',#4346,#4347,#128,.T.);
#3411=EDGE_CURVE('',#4348,#4346,#5352,.T.);
#3412=EDGE_CURVE('',#4348,#4349,#129,.T.);
#3413=EDGE_CURVE('',#4349,#4347,#5353,.T.);
#3414=EDGE_CURVE('',#4350,#4346,#130,.T.);
#3415=EDGE_CURVE('',#4351,#4350,#5354,.T.);
#3416=EDGE_CURVE('',#4351,#4348,#131,.T.);
#3417=EDGE_CURVE('',#4352,#4350,#132,.T.);
#3418=EDGE_CURVE('',#4353,#4352,#5355,.T.);
#3419=EDGE_CURVE('',#4353,#4351,#133,.T.);
#3420=EDGE_CURVE('',#4354,#4352,#134,.T.);
#3421=EDGE_CURVE('',#4355,#4354,#5356,.T.);
#3422=EDGE_CURVE('',#4355,#4353,#135,.T.);
#3423=EDGE_CURVE('',#4356,#4354,#136,.T.);
#3424=EDGE_CURVE('',#4357,#4356,#5357,.T.);
#3425=EDGE_CURVE('',#4357,#4355,#137,.T.);
#3426=EDGE_CURVE('',#4358,#4356,#138,.T.);
#3427=EDGE_CURVE('',#4359,#4358,#5358,.T.);
#3428=EDGE_CURVE('',#4359,#4357,#139,.T.);
#3429=EDGE_CURVE('',#4360,#4358,#140,.T.);
#3430=EDGE_CURVE('',#4361,#4360,#5359,.T.);
#3431=EDGE_CURVE('',#4361,#4359,#141,.T.);
#3432=EDGE_CURVE('',#4362,#4363,#5360,.T.);
#3433=EDGE_CURVE('',#4364,#4362,#5361,.T.);
#3434=EDGE_CURVE('',#4364,#4365,#5362,.T.);
#3435=EDGE_CURVE('',#4365,#4363,#5363,.T.);
#3436=EDGE_CURVE('',#4366,#4362,#5364,.T.);
#3437=EDGE_CURVE('',#4367,#4366,#5365,.T.);
#3438=EDGE_CURVE('',#4367,#4364,#5366,.T.);
#3439=EDGE_CURVE('',#4368,#4366,#5367,.T.);
#3440=EDGE_CURVE('',#4369,#4368,#5368,.T.);
#3441=EDGE_CURVE('',#4369,#4367,#5369,.T.);
#3442=EDGE_CURVE('',#4370,#4371,#5370,.T.);
#3443=EDGE_CURVE('',#4372,#4370,#5371,.T.);
#3444=EDGE_CURVE('',#4372,#4373,#5372,.T.);
#3445=EDGE_CURVE('',#4373,#4371,#5373,.T.);
#3446=EDGE_CURVE('',#4374,#4370,#5374,.T.);
#3447=EDGE_CURVE('',#4375,#4374,#5375,.T.);
#3448=EDGE_CURVE('',#4375,#4372,#5376,.T.);
#3449=EDGE_CURVE('',#4376,#4374,#5377,.T.);
#3450=EDGE_CURVE('',#4377,#4376,#5378,.T.);
#3451=EDGE_CURVE('',#4377,#4375,#5379,.T.);
#3452=EDGE_CURVE('',#4331,#4336,#5380,.T.);
#3453=EDGE_CURVE('',#4333,#4337,#5381,.T.);
#3454=EDGE_CURVE('',#4339,#4344,#5382,.T.);
#3455=EDGE_CURVE('',#4341,#4345,#5383,.T.);
#3456=EDGE_CURVE('',#4347,#4360,#142,.T.);
#3457=EDGE_CURVE('',#4349,#4361,#143,.T.);
#3458=EDGE_CURVE('',#4363,#4368,#5384,.T.);
#3459=EDGE_CURVE('',#4365,#4369,#5385,.T.);
#3460=EDGE_CURVE('',#4371,#4376,#5386,.T.);
#3461=EDGE_CURVE('',#4373,#4377,#5387,.T.);
#3462=EDGE_CURVE('',#4328,#4194,#5388,.T.);
#3463=EDGE_CURVE('',#4329,#4197,#5389,.T.);
#3464=EDGE_CURVE('',#4378,#4379,#5390,.T.);
#3465=EDGE_CURVE('',#4380,#4379,#5391,.T.);
#3466=EDGE_CURVE('',#4381,#4380,#5392,.T.);
#3467=EDGE_CURVE('',#4381,#4378,#5393,.T.);
#3468=EDGE_CURVE('',#4379,#4382,#5394,.T.);
#3469=EDGE_CURVE('',#4383,#4382,#5395,.T.);
#3470=EDGE_CURVE('',#4380,#4383,#5396,.T.);
#3471=EDGE_CURVE('',#4382,#4384,#5397,.T.);
#3472=EDGE_CURVE('',#4385,#4384,#5398,.T.);
#3473=EDGE_CURVE('',#4383,#4385,#5399,.T.);
#3474=EDGE_CURVE('',#4384,#4386,#5400,.T.);
#3475=EDGE_CURVE('',#4387,#4386,#5401,.T.);
#3476=EDGE_CURVE('',#4385,#4387,#5402,.T.);
#3477=EDGE_CURVE('',#4386,#4388,#5403,.T.);
#3478=EDGE_CURVE('',#4389,#4388,#5404,.T.);
#3479=EDGE_CURVE('',#4387,#4389,#5405,.T.);
#3480=EDGE_CURVE('',#4388,#4390,#5406,.T.);
#3481=EDGE_CURVE('',#4391,#4390,#5407,.T.);
#3482=EDGE_CURVE('',#4389,#4391,#5408,.T.);
#3483=EDGE_CURVE('',#4390,#4392,#5409,.T.);
#3484=EDGE_CURVE('',#4393,#4392,#5410,.T.);
#3485=EDGE_CURVE('',#4391,#4393,#5411,.T.);
#3486=EDGE_CURVE('',#4392,#4394,#5412,.T.);
#3487=EDGE_CURVE('',#4395,#4394,#5413,.T.);
#3488=EDGE_CURVE('',#4393,#4395,#5414,.T.);
#3489=EDGE_CURVE('',#4394,#4396,#5415,.T.);
#3490=EDGE_CURVE('',#4397,#4396,#5416,.T.);
#3491=EDGE_CURVE('',#4395,#4397,#5417,.T.);
#3492=EDGE_CURVE('',#4396,#4398,#5418,.T.);
#3493=EDGE_CURVE('',#4399,#4398,#5419,.T.);
#3494=EDGE_CURVE('',#4397,#4399,#5420,.T.);
#3495=EDGE_CURVE('',#4398,#4400,#5421,.T.);
#3496=EDGE_CURVE('',#4401,#4400,#5422,.T.);
#3497=EDGE_CURVE('',#4399,#4401,#5423,.T.);
#3498=EDGE_CURVE('',#4400,#4402,#5424,.T.);
#3499=EDGE_CURVE('',#4403,#4402,#5425,.T.);
#3500=EDGE_CURVE('',#4401,#4403,#5426,.T.);
#3501=EDGE_CURVE('',#4402,#4404,#5427,.T.);
#3502=EDGE_CURVE('',#4405,#4404,#5428,.T.);
#3503=EDGE_CURVE('',#4403,#4405,#5429,.T.);
#3504=EDGE_CURVE('',#4404,#4406,#5430,.T.);
#3505=EDGE_CURVE('',#4407,#4406,#5431,.T.);
#3506=EDGE_CURVE('',#4405,#4407,#5432,.T.);
#3507=EDGE_CURVE('',#4406,#4408,#5433,.T.);
#3508=EDGE_CURVE('',#4409,#4408,#5434,.T.);
#3509=EDGE_CURVE('',#4407,#4409,#5435,.T.);
#3510=EDGE_CURVE('',#4408,#4410,#5436,.T.);
#3511=EDGE_CURVE('',#4411,#4410,#5437,.T.);
#3512=EDGE_CURVE('',#4409,#4411,#5438,.T.);
#3513=EDGE_CURVE('',#4410,#4412,#5439,.T.);
#3514=EDGE_CURVE('',#4413,#4412,#5440,.T.);
#3515=EDGE_CURVE('',#4411,#4413,#5441,.T.);
#3516=EDGE_CURVE('',#4412,#4414,#5442,.T.);
#3517=EDGE_CURVE('',#4415,#4414,#5443,.T.);
#3518=EDGE_CURVE('',#4413,#4415,#5444,.T.);
#3519=EDGE_CURVE('',#4414,#4416,#5445,.T.);
#3520=EDGE_CURVE('',#4417,#4416,#5446,.T.);
#3521=EDGE_CURVE('',#4415,#4417,#5447,.T.);
#3522=EDGE_CURVE('',#4416,#4418,#5448,.T.);
#3523=EDGE_CURVE('',#4419,#4418,#5449,.T.);
#3524=EDGE_CURVE('',#4417,#4419,#5450,.T.);
#3525=EDGE_CURVE('',#4418,#4420,#5451,.T.);
#3526=EDGE_CURVE('',#4421,#4420,#5452,.T.);
#3527=EDGE_CURVE('',#4419,#4421,#5453,.T.);
#3528=EDGE_CURVE('',#4420,#4422,#5454,.T.);
#3529=EDGE_CURVE('',#4423,#4422,#5455,.T.);
#3530=EDGE_CURVE('',#4421,#4423,#5456,.T.);
#3531=EDGE_CURVE('',#4422,#4424,#5457,.T.);
#3532=EDGE_CURVE('',#4425,#4424,#5458,.T.);
#3533=EDGE_CURVE('',#4423,#4425,#5459,.T.);
#3534=EDGE_CURVE('',#4424,#4426,#5460,.T.);
#3535=EDGE_CURVE('',#4427,#4426,#5461,.T.);
#3536=EDGE_CURVE('',#4425,#4427,#5462,.T.);
#3537=EDGE_CURVE('',#4426,#4428,#5463,.T.);
#3538=EDGE_CURVE('',#4429,#4428,#5464,.T.);
#3539=EDGE_CURVE('',#4427,#4429,#5465,.T.);
#3540=EDGE_CURVE('',#4428,#4430,#5466,.T.);
#3541=EDGE_CURVE('',#4431,#4430,#5467,.T.);
#3542=EDGE_CURVE('',#4429,#4431,#5468,.T.);
#3543=EDGE_CURVE('',#4430,#4432,#5469,.T.);
#3544=EDGE_CURVE('',#4433,#4432,#5470,.T.);
#3545=EDGE_CURVE('',#4431,#4433,#5471,.T.);
#3546=EDGE_CURVE('',#4432,#4434,#5472,.T.);
#3547=EDGE_CURVE('',#4435,#4434,#5473,.T.);
#3548=EDGE_CURVE('',#4433,#4435,#5474,.T.);
#3549=EDGE_CURVE('',#4434,#4436,#5475,.T.);
#3550=EDGE_CURVE('',#4437,#4436,#5476,.T.);
#3551=EDGE_CURVE('',#4435,#4437,#5477,.T.);
#3552=EDGE_CURVE('',#4436,#4438,#5478,.T.);
#3553=EDGE_CURVE('',#4439,#4438,#5479,.T.);
#3554=EDGE_CURVE('',#4437,#4439,#5480,.T.);
#3555=EDGE_CURVE('',#4438,#4440,#5481,.T.);
#3556=EDGE_CURVE('',#4441,#4440,#5482,.T.);
#3557=EDGE_CURVE('',#4439,#4441,#5483,.T.);
#3558=EDGE_CURVE('',#4440,#4442,#5484,.T.);
#3559=EDGE_CURVE('',#4443,#4442,#5485,.T.);
#3560=EDGE_CURVE('',#4441,#4443,#5486,.T.);
#3561=EDGE_CURVE('',#4442,#4444,#5487,.T.);
#3562=EDGE_CURVE('',#4445,#4444,#5488,.T.);
#3563=EDGE_CURVE('',#4443,#4445,#5489,.T.);
#3564=EDGE_CURVE('',#4444,#4446,#5490,.T.);
#3565=EDGE_CURVE('',#4447,#4446,#5491,.T.);
#3566=EDGE_CURVE('',#4445,#4447,#5492,.T.);
#3567=EDGE_CURVE('',#4446,#4448,#5493,.T.);
#3568=EDGE_CURVE('',#4449,#4448,#5494,.T.);
#3569=EDGE_CURVE('',#4447,#4449,#5495,.T.);
#3570=EDGE_CURVE('',#4448,#4450,#5496,.T.);
#3571=EDGE_CURVE('',#4451,#4450,#5497,.T.);
#3572=EDGE_CURVE('',#4449,#4451,#5498,.T.);
#3573=EDGE_CURVE('',#4450,#4452,#5499,.T.);
#3574=EDGE_CURVE('',#4453,#4452,#5500,.T.);
#3575=EDGE_CURVE('',#4451,#4453,#5501,.T.);
#3576=EDGE_CURVE('',#4452,#4454,#5502,.T.);
#3577=EDGE_CURVE('',#4455,#4454,#5503,.T.);
#3578=EDGE_CURVE('',#4453,#4455,#5504,.T.);
#3579=EDGE_CURVE('',#4454,#4456,#5505,.T.);
#3580=EDGE_CURVE('',#4457,#4456,#5506,.T.);
#3581=EDGE_CURVE('',#4455,#4457,#5507,.T.);
#3582=EDGE_CURVE('',#4456,#4458,#5508,.T.);
#3583=EDGE_CURVE('',#4459,#4458,#5509,.T.);
#3584=EDGE_CURVE('',#4457,#4459,#5510,.T.);
#3585=EDGE_CURVE('',#4458,#4460,#5511,.T.);
#3586=EDGE_CURVE('',#4461,#4460,#5512,.T.);
#3587=EDGE_CURVE('',#4459,#4461,#5513,.T.);
#3588=EDGE_CURVE('',#4460,#4462,#5514,.T.);
#3589=EDGE_CURVE('',#4463,#4462,#5515,.T.);
#3590=EDGE_CURVE('',#4461,#4463,#5516,.T.);
#3591=EDGE_CURVE('',#4462,#4464,#5517,.T.);
#3592=EDGE_CURVE('',#4465,#4464,#5518,.T.);
#3593=EDGE_CURVE('',#4463,#4465,#5519,.T.);
#3594=EDGE_CURVE('',#4464,#4466,#5520,.T.);
#3595=EDGE_CURVE('',#4467,#4466,#5521,.T.);
#3596=EDGE_CURVE('',#4465,#4467,#5522,.T.);
#3597=EDGE_CURVE('',#4466,#4468,#5523,.T.);
#3598=EDGE_CURVE('',#4469,#4468,#5524,.T.);
#3599=EDGE_CURVE('',#4467,#4469,#5525,.T.);
#3600=EDGE_CURVE('',#4468,#4470,#5526,.T.);
#3601=EDGE_CURVE('',#4471,#4470,#5527,.T.);
#3602=EDGE_CURVE('',#4469,#4471,#5528,.T.);
#3603=EDGE_CURVE('',#4470,#4472,#5529,.T.);
#3604=EDGE_CURVE('',#4473,#4472,#5530,.T.);
#3605=EDGE_CURVE('',#4471,#4473,#5531,.T.);
#3606=EDGE_CURVE('',#4472,#4474,#5532,.T.);
#3607=EDGE_CURVE('',#4475,#4474,#5533,.T.);
#3608=EDGE_CURVE('',#4473,#4475,#5534,.T.);
#3609=EDGE_CURVE('',#4474,#4476,#5535,.T.);
#3610=EDGE_CURVE('',#4477,#4476,#5536,.T.);
#3611=EDGE_CURVE('',#4475,#4477,#5537,.T.);
#3612=EDGE_CURVE('',#4476,#4478,#5538,.T.);
#3613=EDGE_CURVE('',#4479,#4478,#5539,.T.);
#3614=EDGE_CURVE('',#4477,#4479,#5540,.T.);
#3615=EDGE_CURVE('',#4478,#4480,#5541,.T.);
#3616=EDGE_CURVE('',#4481,#4480,#5542,.T.);
#3617=EDGE_CURVE('',#4479,#4481,#5543,.T.);
#3618=EDGE_CURVE('',#4480,#4482,#5544,.T.);
#3619=EDGE_CURVE('',#4483,#4482,#5545,.T.);
#3620=EDGE_CURVE('',#4481,#4483,#5546,.T.);
#3621=EDGE_CURVE('',#4482,#4484,#5547,.T.);
#3622=EDGE_CURVE('',#4485,#4484,#5548,.T.);
#3623=EDGE_CURVE('',#4483,#4485,#5549,.T.);
#3624=EDGE_CURVE('',#4484,#4486,#5550,.T.);
#3625=EDGE_CURVE('',#4487,#4486,#5551,.T.);
#3626=EDGE_CURVE('',#4485,#4487,#5552,.T.);
#3627=EDGE_CURVE('',#4486,#4488,#5553,.T.);
#3628=EDGE_CURVE('',#4489,#4488,#5554,.T.);
#3629=EDGE_CURVE('',#4487,#4489,#5555,.T.);
#3630=EDGE_CURVE('',#4488,#4490,#5556,.T.);
#3631=EDGE_CURVE('',#4491,#4490,#5557,.T.);
#3632=EDGE_CURVE('',#4489,#4491,#5558,.T.);
#3633=EDGE_CURVE('',#4490,#4492,#5559,.T.);
#3634=EDGE_CURVE('',#4493,#4492,#5560,.T.);
#3635=EDGE_CURVE('',#4491,#4493,#5561,.T.);
#3636=EDGE_CURVE('',#4492,#4494,#5562,.T.);
#3637=EDGE_CURVE('',#4495,#4494,#5563,.T.);
#3638=EDGE_CURVE('',#4493,#4495,#5564,.T.);
#3639=EDGE_CURVE('',#4494,#4496,#5565,.T.);
#3640=EDGE_CURVE('',#4497,#4496,#5566,.T.);
#3641=EDGE_CURVE('',#4495,#4497,#5567,.T.);
#3642=EDGE_CURVE('',#4496,#4498,#5568,.T.);
#3643=EDGE_CURVE('',#4499,#4498,#5569,.T.);
#3644=EDGE_CURVE('',#4497,#4499,#5570,.T.);
#3645=EDGE_CURVE('',#4498,#4500,#5571,.T.);
#3646=EDGE_CURVE('',#4501,#4500,#5572,.T.);
#3647=EDGE_CURVE('',#4499,#4501,#5573,.T.);
#3648=EDGE_CURVE('',#4500,#4502,#5574,.T.);
#3649=EDGE_CURVE('',#4503,#4502,#5575,.T.);
#3650=EDGE_CURVE('',#4501,#4503,#5576,.T.);
#3651=EDGE_CURVE('',#4502,#4504,#5577,.T.);
#3652=EDGE_CURVE('',#4505,#4504,#5578,.T.);
#3653=EDGE_CURVE('',#4503,#4505,#5579,.T.);
#3654=EDGE_CURVE('',#4504,#4506,#5580,.T.);
#3655=EDGE_CURVE('',#4507,#4506,#5581,.T.);
#3656=EDGE_CURVE('',#4505,#4507,#5582,.T.);
#3657=EDGE_CURVE('',#4506,#4508,#5583,.T.);
#3658=EDGE_CURVE('',#4509,#4508,#5584,.T.);
#3659=EDGE_CURVE('',#4507,#4509,#5585,.T.);
#3660=EDGE_CURVE('',#4508,#4510,#5586,.T.);
#3661=EDGE_CURVE('',#4511,#4510,#5587,.T.);
#3662=EDGE_CURVE('',#4509,#4511,#5588,.T.);
#3663=EDGE_CURVE('',#4510,#4512,#5589,.T.);
#3664=EDGE_CURVE('',#4513,#4512,#5590,.T.);
#3665=EDGE_CURVE('',#4511,#4513,#5591,.T.);
#3666=EDGE_CURVE('',#4514,#4515,#5592,.T.);
#3667=EDGE_CURVE('',#4516,#4514,#5593,.T.);
#3668=EDGE_CURVE('',#4516,#4517,#5594,.T.);
#3669=EDGE_CURVE('',#4517,#4515,#5595,.T.);
#3670=EDGE_CURVE('',#4518,#4514,#5596,.T.);
#3671=EDGE_CURVE('',#4519,#4518,#5597,.T.);
#3672=EDGE_CURVE('',#4519,#4516,#5598,.T.);
#3673=EDGE_CURVE('',#4520,#4518,#5599,.T.);
#3674=EDGE_CURVE('',#4521,#4520,#5600,.T.);
#3675=EDGE_CURVE('',#4521,#4519,#5601,.T.);
#3676=EDGE_CURVE('',#4522,#4523,#5602,.T.);
#3677=EDGE_CURVE('',#4524,#4522,#5603,.T.);
#3678=EDGE_CURVE('',#4524,#4525,#5604,.T.);
#3679=EDGE_CURVE('',#4525,#4523,#5605,.T.);
#3680=EDGE_CURVE('',#4526,#4522,#5606,.T.);
#3681=EDGE_CURVE('',#4527,#4526,#5607,.T.);
#3682=EDGE_CURVE('',#4527,#4524,#5608,.T.);
#3683=EDGE_CURVE('',#4528,#4526,#5609,.T.);
#3684=EDGE_CURVE('',#4529,#4528,#5610,.T.);
#3685=EDGE_CURVE('',#4529,#4527,#5611,.T.);
#3686=EDGE_CURVE('',#4530,#4531,#144,.T.);
#3687=EDGE_CURVE('',#4532,#4530,#5612,.T.);
#3688=EDGE_CURVE('',#4532,#4533,#145,.T.);
#3689=EDGE_CURVE('',#4533,#4531,#5613,.T.);
#3690=EDGE_CURVE('',#4534,#4530,#146,.T.);
#3691=EDGE_CURVE('',#4535,#4534,#5614,.T.);
#3692=EDGE_CURVE('',#4535,#4532,#147,.T.);
#3693=EDGE_CURVE('',#4536,#4534,#148,.T.);
#3694=EDGE_CURVE('',#4537,#4536,#5615,.T.);
#3695=EDGE_CURVE('',#4537,#4535,#149,.T.);
#3696=EDGE_CURVE('',#4538,#4536,#150,.T.);
#3697=EDGE_CURVE('',#4539,#4538,#5616,.T.);
#3698=EDGE_CURVE('',#4539,#4537,#151,.T.);
#3699=EDGE_CURVE('',#4540,#4538,#152,.T.);
#3700=EDGE_CURVE('',#4541,#4540,#5617,.T.);
#3701=EDGE_CURVE('',#4541,#4539,#153,.T.);
#3702=EDGE_CURVE('',#4542,#4540,#154,.T.);
#3703=EDGE_CURVE('',#4543,#4542,#5618,.T.);
#3704=EDGE_CURVE('',#4543,#4541,#155,.T.);
#3705=EDGE_CURVE('',#4544,#4542,#156,.T.);
#3706=EDGE_CURVE('',#4545,#4544,#5619,.T.);
#3707=EDGE_CURVE('',#4545,#4543,#157,.T.);
#3708=EDGE_CURVE('',#4546,#4547,#5620,.T.);
#3709=EDGE_CURVE('',#4548,#4546,#5621,.T.);
#3710=EDGE_CURVE('',#4548,#4549,#5622,.T.);
#3711=EDGE_CURVE('',#4549,#4547,#5623,.T.);
#3712=EDGE_CURVE('',#4550,#4546,#5624,.T.);
#3713=EDGE_CURVE('',#4551,#4550,#5625,.T.);
#3714=EDGE_CURVE('',#4551,#4548,#5626,.T.);
#3715=EDGE_CURVE('',#4552,#4550,#5627,.T.);
#3716=EDGE_CURVE('',#4553,#4552,#5628,.T.);
#3717=EDGE_CURVE('',#4553,#4551,#5629,.T.);
#3718=EDGE_CURVE('',#4554,#4555,#5630,.T.);
#3719=EDGE_CURVE('',#4556,#4554,#5631,.T.);
#3720=EDGE_CURVE('',#4556,#4557,#5632,.T.);
#3721=EDGE_CURVE('',#4557,#4555,#5633,.T.);
#3722=EDGE_CURVE('',#4558,#4554,#5634,.T.);
#3723=EDGE_CURVE('',#4559,#4558,#5635,.T.);
#3724=EDGE_CURVE('',#4559,#4556,#5636,.T.);
#3725=EDGE_CURVE('',#4560,#4558,#5637,.T.);
#3726=EDGE_CURVE('',#4561,#4560,#5638,.T.);
#3727=EDGE_CURVE('',#4561,#4559,#5639,.T.);
#3728=EDGE_CURVE('',#4515,#4520,#5640,.T.);
#3729=EDGE_CURVE('',#4517,#4521,#5641,.T.);
#3730=EDGE_CURVE('',#4523,#4528,#5642,.T.);
#3731=EDGE_CURVE('',#4525,#4529,#5643,.T.);
#3732=EDGE_CURVE('',#4531,#4544,#158,.T.);
#3733=EDGE_CURVE('',#4533,#4545,#159,.T.);
#3734=EDGE_CURVE('',#4547,#4552,#5644,.T.);
#3735=EDGE_CURVE('',#4549,#4553,#5645,.T.);
#3736=EDGE_CURVE('',#4555,#4560,#5646,.T.);
#3737=EDGE_CURVE('',#4557,#4561,#5647,.T.);
#3738=EDGE_CURVE('',#4512,#4378,#5648,.T.);
#3739=EDGE_CURVE('',#4513,#4381,#5649,.T.);
#3740=EDGE_CURVE('',#4562,#4563,#18,.T.);
#3741=EDGE_CURVE('',#4563,#4562,#19,.F.);
#3742=EDGE_CURVE('',#4564,#4565,#20,.T.);
#3743=EDGE_CURVE('',#4565,#4564,#21,.T.);
#3744=EDGE_CURVE('',#4566,#4567,#22,.T.);
#3745=EDGE_CURVE('',#4567,#4566,#23,.F.);
#3746=EDGE_CURVE('',#4568,#4569,#24,.T.);
#3747=EDGE_CURVE('',#4569,#4568,#25,.T.);
#3748=EDGE_CURVE('',#4570,#4571,#26,.T.);
#3749=EDGE_CURVE('',#4571,#4570,#27,.F.);
#3750=EDGE_CURVE('',#4572,#4573,#28,.T.);
#3751=EDGE_CURVE('',#4573,#4572,#29,.T.);
#3752=EDGE_CURVE('',#4574,#4575,#30,.T.);
#3753=EDGE_CURVE('',#4575,#4574,#31,.F.);
#3754=EDGE_CURVE('',#4576,#4577,#32,.T.);
#3755=EDGE_CURVE('',#4577,#4576,#33,.T.);
#3756=EDGE_CURVE('',#4563,#4562,#34,.T.);
#3757=EDGE_CURVE('',#4578,#4578,#160,.T.);
#3758=EDGE_CURVE('',#4579,#4579,#161,.T.);
#3759=EDGE_CURVE('',#4562,#4563,#35,.F.);
#3760=EDGE_CURVE('',#4567,#4566,#36,.T.);
#3761=EDGE_CURVE('',#4580,#4580,#162,.T.);
#3762=EDGE_CURVE('',#4566,#4567,#37,.F.);
#3763=EDGE_CURVE('',#4571,#4570,#38,.T.);
#3764=EDGE_CURVE('',#4581,#4581,#163,.T.);
#3765=EDGE_CURVE('',#4570,#4571,#39,.F.);
#3766=EDGE_CURVE('',#4575,#4574,#40,.T.);
#3767=EDGE_CURVE('',#4582,#4582,#164,.T.);
#3768=EDGE_CURVE('',#4574,#4575,#41,.F.);
#3769=EDGE_CURVE('',#4583,#4583,#165,.T.);
#3770=EDGE_CURVE('',#4584,#4584,#166,.T.);
#3771=EDGE_CURVE('',#4576,#4577,#42,.F.);
#3772=EDGE_CURVE('',#4572,#4573,#43,.F.);
#3773=EDGE_CURVE('',#4577,#4576,#44,.F.);
#3774=EDGE_CURVE('',#4585,#4586,#45,.T.);
#3775=EDGE_CURVE('',#4586,#4585,#46,.T.);
#3776=EDGE_CURVE('',#4573,#4572,#47,.F.);
#3777=EDGE_CURVE('',#4587,#4588,#48,.T.);
#3778=EDGE_CURVE('',#4588,#4587,#49,.F.);
#3779=EDGE_CURVE('',#4586,#4585,#50,.F.);
#3780=EDGE_CURVE('',#4568,#4569,#51,.F.);
#3781=EDGE_CURVE('',#4589,#4590,#52,.T.);
#3782=EDGE_CURVE('',#4590,#4589,#53,.T.);
#3783=EDGE_CURVE('',#4587,#4588,#54,.F.);
#3784=EDGE_CURVE('',#4591,#4592,#55,.T.);
#3785=EDGE_CURVE('',#4592,#4591,#56,.F.);
#3786=EDGE_CURVE('',#4590,#4589,#57,.F.);
#3787=EDGE_CURVE('',#4588,#4587,#58,.T.);
#3788=EDGE_CURVE('',#4569,#4568,#59,.F.);
#3789=EDGE_CURVE('',#4593,#4594,#60,.T.);
#3790=EDGE_CURVE('',#4594,#4593,#61,.F.);
#3791=EDGE_CURVE('',#4564,#4565,#62,.F.);
#3792=EDGE_CURVE('',#4595,#4595,#167,.T.);
#3793=EDGE_CURVE('',#4591,#4592,#63,.F.);
#3794=EDGE_CURVE('',#4592,#4591,#64,.T.);
#3795=EDGE_CURVE('',#4593,#4594,#65,.F.);
#3796=EDGE_CURVE('',#4596,#4596,#168,.T.);
#3797=EDGE_CURVE('',#4594,#4593,#66,.T.);
#3798=EDGE_CURVE('',#4565,#4564,#67,.F.);
#3799=EDGE_CURVE('',#4597,#4597,#169,.T.);
#3800=EDGE_CURVE('',#4598,#4598,#170,.T.);
#3801=EDGE_CURVE('',#4599,#4600,#68,.T.);
#3802=EDGE_CURVE('',#4600,#4599,#69,.T.);
#3803=EDGE_CURVE('',#4585,#4586,#70,.F.);
#3804=EDGE_CURVE('',#4600,#4599,#71,.F.);
#3805=EDGE_CURVE('',#4601,#4602,#72,.T.);
#3806=EDGE_CURVE('',#4602,#4601,#73,.T.);
#3807=EDGE_CURVE('',#4589,#4590,#74,.F.);
#3808=EDGE_CURVE('',#4602,#4601,#75,.F.);
#3809=EDGE_CURVE('',#4603,#4603,#171,.T.);
#3810=EDGE_CURVE('',#4604,#4605,#76,.T.);
#3811=EDGE_CURVE('',#4605,#4604,#77,.T.);
#3812=EDGE_CURVE('',#4599,#4600,#78,.F.);
#3813=EDGE_CURVE('',#4601,#4602,#79,.F.);
#3814=EDGE_CURVE('',#4605,#4604,#80,.F.);
#3815=EDGE_CURVE('',#4606,#4606,#172,.T.);
#3816=EDGE_CURVE('',#4607,#4607,#173,.T.);
#3817=EDGE_CURVE('',#4608,#4608,#174,.T.);
#3818=EDGE_CURVE('',#4604,#4605,#81,.F.);
#3819=EDGE_CURVE('',#4609,#4609,#175,.T.);
#3820=VERTEX_POINT('',#11493);
#3821=VERTEX_POINT('',#11494);
#3822=VERTEX_POINT('',#11496);
#3823=VERTEX_POINT('',#11498);
#3824=VERTEX_POINT('',#11502);
#3825=VERTEX_POINT('',#11504);
#3826=VERTEX_POINT('',#11508);
#3827=VERTEX_POINT('',#11510);
#3828=VERTEX_POINT('',#11514);
#3829=VERTEX_POINT('',#11516);
#3830=VERTEX_POINT('',#11520);
#3831=VERTEX_POINT('',#11522);
#3832=VERTEX_POINT('',#11526);
#3833=VERTEX_POINT('',#11528);
#3834=VERTEX_POINT('',#11532);
#3835=VERTEX_POINT('',#11534);
#3836=VERTEX_POINT('',#11538);
#3837=VERTEX_POINT('',#11540);
#3838=VERTEX_POINT('',#11544);
#3839=VERTEX_POINT('',#11546);
#3840=VERTEX_POINT('',#11550);
#3841=VERTEX_POINT('',#11552);
#3842=VERTEX_POINT('',#11556);
#3843=VERTEX_POINT('',#11558);
#3844=VERTEX_POINT('',#11562);
#3845=VERTEX_POINT('',#11564);
#3846=VERTEX_POINT('',#11568);
#3847=VERTEX_POINT('',#11570);
#3848=VERTEX_POINT('',#11574);
#3849=VERTEX_POINT('',#11576);
#3850=VERTEX_POINT('',#11580);
#3851=VERTEX_POINT('',#11582);
#3852=VERTEX_POINT('',#11586);
#3853=VERTEX_POINT('',#11588);
#3854=VERTEX_POINT('',#11592);
#3855=VERTEX_POINT('',#11594);
#3856=VERTEX_POINT('',#11598);
#3857=VERTEX_POINT('',#11600);
#3858=VERTEX_POINT('',#11604);
#3859=VERTEX_POINT('',#11606);
#3860=VERTEX_POINT('',#11610);
#3861=VERTEX_POINT('',#11612);
#3862=VERTEX_POINT('',#11616);
#3863=VERTEX_POINT('',#11618);
#3864=VERTEX_POINT('',#11622);
#3865=VERTEX_POINT('',#11624);
#3866=VERTEX_POINT('',#11628);
#3867=VERTEX_POINT('',#11630);
#3868=VERTEX_POINT('',#11634);
#3869=VERTEX_POINT('',#11636);
#3870=VERTEX_POINT('',#11640);
#3871=VERTEX_POINT('',#11642);
#3872=VERTEX_POINT('',#11646);
#3873=VERTEX_POINT('',#11648);
#3874=VERTEX_POINT('',#11652);
#3875=VERTEX_POINT('',#11654);
#3876=VERTEX_POINT('',#11658);
#3877=VERTEX_POINT('',#11660);
#3878=VERTEX_POINT('',#11664);
#3879=VERTEX_POINT('',#11666);
#3880=VERTEX_POINT('',#11670);
#3881=VERTEX_POINT('',#11672);
#3882=VERTEX_POINT('',#11676);
#3883=VERTEX_POINT('',#11678);
#3884=VERTEX_POINT('',#11682);
#3885=VERTEX_POINT('',#11684);
#3886=VERTEX_POINT('',#11688);
#3887=VERTEX_POINT('',#11690);
#3888=VERTEX_POINT('',#11694);
#3889=VERTEX_POINT('',#11696);
#3890=VERTEX_POINT('',#11700);
#3891=VERTEX_POINT('',#11702);
#3892=VERTEX_POINT('',#11706);
#3893=VERTEX_POINT('',#11708);
#3894=VERTEX_POINT('',#11712);
#3895=VERTEX_POINT('',#11714);
#3896=VERTEX_POINT('',#11718);
#3897=VERTEX_POINT('',#11720);
#3898=VERTEX_POINT('',#11724);
#3899=VERTEX_POINT('',#11726);
#3900=VERTEX_POINT('',#11730);
#3901=VERTEX_POINT('',#11732);
#3902=VERTEX_POINT('',#11736);
#3903=VERTEX_POINT('',#11738);
#3904=VERTEX_POINT('',#11742);
#3905=VERTEX_POINT('',#11744);
#3906=VERTEX_POINT('',#11748);
#3907=VERTEX_POINT('',#11750);
#3908=VERTEX_POINT('',#11754);
#3909=VERTEX_POINT('',#11756);
#3910=VERTEX_POINT('',#11760);
#3911=VERTEX_POINT('',#11762);
#3912=VERTEX_POINT('',#11766);
#3913=VERTEX_POINT('',#11768);
#3914=VERTEX_POINT('',#11772);
#3915=VERTEX_POINT('',#11774);
#3916=VERTEX_POINT('',#11778);
#3917=VERTEX_POINT('',#11780);
#3918=VERTEX_POINT('',#11784);
#3919=VERTEX_POINT('',#11786);
#3920=VERTEX_POINT('',#11790);
#3921=VERTEX_POINT('',#11792);
#3922=VERTEX_POINT('',#11796);
#3923=VERTEX_POINT('',#11798);
#3924=VERTEX_POINT('',#11802);
#3925=VERTEX_POINT('',#11804);
#3926=VERTEX_POINT('',#11808);
#3927=VERTEX_POINT('',#11810);
#3928=VERTEX_POINT('',#11814);
#3929=VERTEX_POINT('',#11816);
#3930=VERTEX_POINT('',#11820);
#3931=VERTEX_POINT('',#11822);
#3932=VERTEX_POINT('',#11826);
#3933=VERTEX_POINT('',#11828);
#3934=VERTEX_POINT('',#11832);
#3935=VERTEX_POINT('',#11834);
#3936=VERTEX_POINT('',#11838);
#3937=VERTEX_POINT('',#11840);
#3938=VERTEX_POINT('',#11844);
#3939=VERTEX_POINT('',#11846);
#3940=VERTEX_POINT('',#11850);
#3941=VERTEX_POINT('',#11852);
#3942=VERTEX_POINT('',#11856);
#3943=VERTEX_POINT('',#11858);
#3944=VERTEX_POINT('',#11862);
#3945=VERTEX_POINT('',#11864);
#3946=VERTEX_POINT('',#11868);
#3947=VERTEX_POINT('',#11870);
#3948=VERTEX_POINT('',#11874);
#3949=VERTEX_POINT('',#11876);
#3950=VERTEX_POINT('',#11880);
#3951=VERTEX_POINT('',#11882);
#3952=VERTEX_POINT('',#11886);
#3953=VERTEX_POINT('',#11888);
#3954=VERTEX_POINT('',#11892);
#3955=VERTEX_POINT('',#11894);
#3956=VERTEX_POINT('',#11898);
#3957=VERTEX_POINT('',#11899);
#3958=VERTEX_POINT('',#11901);
#3959=VERTEX_POINT('',#11903);
#3960=VERTEX_POINT('',#11907);
#3961=VERTEX_POINT('',#11909);
#3962=VERTEX_POINT('',#11913);
#3963=VERTEX_POINT('',#11915);
#3964=VERTEX_POINT('',#11919);
#3965=VERTEX_POINT('',#11920);
#3966=VERTEX_POINT('',#11922);
#3967=VERTEX_POINT('',#11924);
#3968=VERTEX_POINT('',#11928);
#3969=VERTEX_POINT('',#11930);
#3970=VERTEX_POINT('',#11934);
#3971=VERTEX_POINT('',#11936);
#3972=VERTEX_POINT('',#11940);
#3973=VERTEX_POINT('',#11941);
#3974=VERTEX_POINT('',#11943);
#3975=VERTEX_POINT('',#11945);
#3976=VERTEX_POINT('',#11949);
#3977=VERTEX_POINT('',#11951);
#3978=VERTEX_POINT('',#11955);
#3979=VERTEX_POINT('',#11957);
#3980=VERTEX_POINT('',#11961);
#3981=VERTEX_POINT('',#11963);
#3982=VERTEX_POINT('',#11967);
#3983=VERTEX_POINT('',#11969);
#3984=VERTEX_POINT('',#11973);
#3985=VERTEX_POINT('',#11975);
#3986=VERTEX_POINT('',#11979);
#3987=VERTEX_POINT('',#11981);
#3988=VERTEX_POINT('',#11985);
#3989=VERTEX_POINT('',#11986);
#3990=VERTEX_POINT('',#11988);
#3991=VERTEX_POINT('',#11990);
#3992=VERTEX_POINT('',#11994);
#3993=VERTEX_POINT('',#11996);
#3994=VERTEX_POINT('',#12000);
#3995=VERTEX_POINT('',#12002);
#3996=VERTEX_POINT('',#12006);
#3997=VERTEX_POINT('',#12007);
#3998=VERTEX_POINT('',#12009);
#3999=VERTEX_POINT('',#12011);
#4000=VERTEX_POINT('',#12015);
#4001=VERTEX_POINT('',#12017);
#4002=VERTEX_POINT('',#12021);
#4003=VERTEX_POINT('',#12023);
#4004=VERTEX_POINT('',#12048);
#4005=VERTEX_POINT('',#12051);
#4006=VERTEX_POINT('',#12054);
#4007=VERTEX_POINT('',#12057);
#4008=VERTEX_POINT('',#12060);
#4009=VERTEX_POINT('',#12063);
#4010=VERTEX_POINT('',#12068);
#4011=VERTEX_POINT('',#12069);
#4012=VERTEX_POINT('',#12071);
#4013=VERTEX_POINT('',#12073);
#4014=VERTEX_POINT('',#12077);
#4015=VERTEX_POINT('',#12079);
#4016=VERTEX_POINT('',#12083);
#4017=VERTEX_POINT('',#12085);
#4018=VERTEX_POINT('',#12089);
#4019=VERTEX_POINT('',#12091);
#4020=VERTEX_POINT('',#12095);
#4021=VERTEX_POINT('',#12097);
#4022=VERTEX_POINT('',#12101);
#4023=VERTEX_POINT('',#12103);
#4024=VERTEX_POINT('',#12107);
#4025=VERTEX_POINT('',#12109);
#4026=VERTEX_POINT('',#12113);
#4027=VERTEX_POINT('',#12115);
#4028=VERTEX_POINT('',#12119);
#4029=VERTEX_POINT('',#12121);
#4030=VERTEX_POINT('',#12125);
#4031=VERTEX_POINT('',#12127);
#4032=VERTEX_POINT('',#12131);
#4033=VERTEX_POINT('',#12133);
#4034=VERTEX_POINT('',#12137);
#4035=VERTEX_POINT('',#12139);
#4036=VERTEX_POINT('',#12143);
#4037=VERTEX_POINT('',#12145);
#4038=VERTEX_POINT('',#12149);
#4039=VERTEX_POINT('',#12151);
#4040=VERTEX_POINT('',#12155);
#4041=VERTEX_POINT('',#12157);
#4042=VERTEX_POINT('',#12161);
#4043=VERTEX_POINT('',#12163);
#4044=VERTEX_POINT('',#12167);
#4045=VERTEX_POINT('',#12169);
#4046=VERTEX_POINT('',#12173);
#4047=VERTEX_POINT('',#12175);
#4048=VERTEX_POINT('',#12179);
#4049=VERTEX_POINT('',#12181);
#4050=VERTEX_POINT('',#12185);
#4051=VERTEX_POINT('',#12187);
#4052=VERTEX_POINT('',#12191);
#4053=VERTEX_POINT('',#12193);
#4054=VERTEX_POINT('',#12197);
#4055=VERTEX_POINT('',#12199);
#4056=VERTEX_POINT('',#12203);
#4057=VERTEX_POINT('',#12205);
#4058=VERTEX_POINT('',#12209);
#4059=VERTEX_POINT('',#12211);
#4060=VERTEX_POINT('',#12215);
#4061=VERTEX_POINT('',#12217);
#4062=VERTEX_POINT('',#12221);
#4063=VERTEX_POINT('',#12223);
#4064=VERTEX_POINT('',#12227);
#4065=VERTEX_POINT('',#12229);
#4066=VERTEX_POINT('',#12233);
#4067=VERTEX_POINT('',#12235);
#4068=VERTEX_POINT('',#12239);
#4069=VERTEX_POINT('',#12241);
#4070=VERTEX_POINT('',#12245);
#4071=VERTEX_POINT('',#12247);
#4072=VERTEX_POINT('',#12251);
#4073=VERTEX_POINT('',#12253);
#4074=VERTEX_POINT('',#12257);
#4075=VERTEX_POINT('',#12259);
#4076=VERTEX_POINT('',#12263);
#4077=VERTEX_POINT('',#12265);
#4078=VERTEX_POINT('',#12269);
#4079=VERTEX_POINT('',#12271);
#4080=VERTEX_POINT('',#12275);
#4081=VERTEX_POINT('',#12277);
#4082=VERTEX_POINT('',#12281);
#4083=VERTEX_POINT('',#12283);
#4084=VERTEX_POINT('',#12287);
#4085=VERTEX_POINT('',#12289);
#4086=VERTEX_POINT('',#12293);
#4087=VERTEX_POINT('',#12295);
#4088=VERTEX_POINT('',#12299);
#4089=VERTEX_POINT('',#12301);
#4090=VERTEX_POINT('',#12305);
#4091=VERTEX_POINT('',#12307);
#4092=VERTEX_POINT('',#12311);
#4093=VERTEX_POINT('',#12313);
#4094=VERTEX_POINT('',#12317);
#4095=VERTEX_POINT('',#12319);
#4096=VERTEX_POINT('',#12323);
#4097=VERTEX_POINT('',#12325);
#4098=VERTEX_POINT('',#12329);
#4099=VERTEX_POINT('',#12331);
#4100=VERTEX_POINT('',#12335);
#4101=VERTEX_POINT('',#12337);
#4102=VERTEX_POINT('',#12341);
#4103=VERTEX_POINT('',#12343);
#4104=VERTEX_POINT('',#12347);
#4105=VERTEX_POINT('',#12349);
#4106=VERTEX_POINT('',#12353);
#4107=VERTEX_POINT('',#12355);
#4108=VERTEX_POINT('',#12359);
#4109=VERTEX_POINT('',#12361);
#4110=VERTEX_POINT('',#12365);
#4111=VERTEX_POINT('',#12367);
#4112=VERTEX_POINT('',#12371);
#4113=VERTEX_POINT('',#12373);
#4114=VERTEX_POINT('',#12377);
#4115=VERTEX_POINT('',#12379);
#4116=VERTEX_POINT('',#12383);
#4117=VERTEX_POINT('',#12385);
#4118=VERTEX_POINT('',#12389);
#4119=VERTEX_POINT('',#12391);
#4120=VERTEX_POINT('',#12395);
#4121=VERTEX_POINT('',#12397);
#4122=VERTEX_POINT('',#12401);
#4123=VERTEX_POINT('',#12403);
#4124=VERTEX_POINT('',#12407);
#4125=VERTEX_POINT('',#12409);
#4126=VERTEX_POINT('',#12413);
#4127=VERTEX_POINT('',#12415);
#4128=VERTEX_POINT('',#12419);
#4129=VERTEX_POINT('',#12421);
#4130=VERTEX_POINT('',#12425);
#4131=VERTEX_POINT('',#12427);
#4132=VERTEX_POINT('',#12431);
#4133=VERTEX_POINT('',#12433);
#4134=VERTEX_POINT('',#12437);
#4135=VERTEX_POINT('',#12439);
#4136=VERTEX_POINT('',#12443);
#4137=VERTEX_POINT('',#12445);
#4138=VERTEX_POINT('',#12449);
#4139=VERTEX_POINT('',#12451);
#4140=VERTEX_POINT('',#12455);
#4141=VERTEX_POINT('',#12457);
#4142=VERTEX_POINT('',#12461);
#4143=VERTEX_POINT('',#12463);
#4144=VERTEX_POINT('',#12467);
#4145=VERTEX_POINT('',#12469);
#4146=VERTEX_POINT('',#12473);
#4147=VERTEX_POINT('',#12474);
#4148=VERTEX_POINT('',#12476);
#4149=VERTEX_POINT('',#12478);
#4150=VERTEX_POINT('',#12482);
#4151=VERTEX_POINT('',#12484);
#4152=VERTEX_POINT('',#12488);
#4153=VERTEX_POINT('',#12490);
#4154=VERTEX_POINT('',#12494);
#4155=VERTEX_POINT('',#12495);
#4156=VERTEX_POINT('',#12497);
#4157=VERTEX_POINT('',#12499);
#4158=VERTEX_POINT('',#12503);
#4159=VERTEX_POINT('',#12505);
#4160=VERTEX_POINT('',#12509);
#4161=VERTEX_POINT('',#12511);
#4162=VERTEX_POINT('',#12515);
#4163=VERTEX_POINT('',#12516);
#4164=VERTEX_POINT('',#12518);
#4165=VERTEX_POINT('',#12520);
#4166=VERTEX_POINT('',#12524);
#4167=VERTEX_POINT('',#12526);
#4168=VERTEX_POINT('',#12530);
#4169=VERTEX_POINT('',#12532);
#4170=VERTEX_POINT('',#12536);
#4171=VERTEX_POINT('',#12538);
#4172=VERTEX_POINT('',#12542);
#4173=VERTEX_POINT('',#12544);
#4174=VERTEX_POINT('',#12548);
#4175=VERTEX_POINT('',#12550);
#4176=VERTEX_POINT('',#12554);
#4177=VERTEX_POINT('',#12556);
#4178=VERTEX_POINT('',#12560);
#4179=VERTEX_POINT('',#12561);
#4180=VERTEX_POINT('',#12563);
#4181=VERTEX_POINT('',#12565);
#4182=VERTEX_POINT('',#12569);
#4183=VERTEX_POINT('',#12571);
#4184=VERTEX_POINT('',#12575);
#4185=VERTEX_POINT('',#12577);
#4186=VERTEX_POINT('',#12581);
#4187=VERTEX_POINT('',#12582);
#4188=VERTEX_POINT('',#12584);
#4189=VERTEX_POINT('',#12586);
#4190=VERTEX_POINT('',#12590);
#4191=VERTEX_POINT('',#12592);
#4192=VERTEX_POINT('',#12596);
#4193=VERTEX_POINT('',#12598);
#4194=VERTEX_POINT('',#12623);
#4195=VERTEX_POINT('',#12624);
#4196=VERTEX_POINT('',#12626);
#4197=VERTEX_POINT('',#12628);
#4198=VERTEX_POINT('',#12632);
#4199=VERTEX_POINT('',#12634);
#4200=VERTEX_POINT('',#12638);
#4201=VERTEX_POINT('',#12640);
#4202=VERTEX_POINT('',#12644);
#4203=VERTEX_POINT('',#12646);
#4204=VERTEX_POINT('',#12650);
#4205=VERTEX_POINT('',#12652);
#4206=VERTEX_POINT('',#12656);
#4207=VERTEX_POINT('',#12658);
#4208=VERTEX_POINT('',#12662);
#4209=VERTEX_POINT('',#12664);
#4210=VERTEX_POINT('',#12668);
#4211=VERTEX_POINT('',#12670);
#4212=VERTEX_POINT('',#12674);
#4213=VERTEX_POINT('',#12676);
#4214=VERTEX_POINT('',#12680);
#4215=VERTEX_POINT('',#12682);
#4216=VERTEX_POINT('',#12686);
#4217=VERTEX_POINT('',#12688);
#4218=VERTEX_POINT('',#12692);
#4219=VERTEX_POINT('',#12694);
#4220=VERTEX_POINT('',#12698);
#4221=VERTEX_POINT('',#12700);
#4222=VERTEX_POINT('',#12704);
#4223=VERTEX_POINT('',#12706);
#4224=VERTEX_POINT('',#12710);
#4225=VERTEX_POINT('',#12712);
#4226=VERTEX_POINT('',#12716);
#4227=VERTEX_POINT('',#12718);
#4228=VERTEX_POINT('',#12722);
#4229=VERTEX_POINT('',#12724);
#4230=VERTEX_POINT('',#12728);
#4231=VERTEX_POINT('',#12730);
#4232=VERTEX_POINT('',#12734);
#4233=VERTEX_POINT('',#12736);
#4234=VERTEX_POINT('',#12740);
#4235=VERTEX_POINT('',#12742);
#4236=VERTEX_POINT('',#12746);
#4237=VERTEX_POINT('',#12748);
#4238=VERTEX_POINT('',#12752);
#4239=VERTEX_POINT('',#12754);
#4240=VERTEX_POINT('',#12758);
#4241=VERTEX_POINT('',#12760);
#4242=VERTEX_POINT('',#12764);
#4243=VERTEX_POINT('',#12766);
#4244=VERTEX_POINT('',#12770);
#4245=VERTEX_POINT('',#12772);
#4246=VERTEX_POINT('',#12776);
#4247=VERTEX_POINT('',#12778);
#4248=VERTEX_POINT('',#12782);
#4249=VERTEX_POINT('',#12784);
#4250=VERTEX_POINT('',#12788);
#4251=VERTEX_POINT('',#12790);
#4252=VERTEX_POINT('',#12794);
#4253=VERTEX_POINT('',#12796);
#4254=VERTEX_POINT('',#12800);
#4255=VERTEX_POINT('',#12802);
#4256=VERTEX_POINT('',#12806);
#4257=VERTEX_POINT('',#12808);
#4258=VERTEX_POINT('',#12812);
#4259=VERTEX_POINT('',#12814);
#4260=VERTEX_POINT('',#12818);
#4261=VERTEX_POINT('',#12820);
#4262=VERTEX_POINT('',#12824);
#4263=VERTEX_POINT('',#12826);
#4264=VERTEX_POINT('',#12830);
#4265=VERTEX_POINT('',#12832);
#4266=VERTEX_POINT('',#12836);
#4267=VERTEX_POINT('',#12838);
#4268=VERTEX_POINT('',#12842);
#4269=VERTEX_POINT('',#12844);
#4270=VERTEX_POINT('',#12848);
#4271=VERTEX_POINT('',#12850);
#4272=VERTEX_POINT('',#12854);
#4273=VERTEX_POINT('',#12856);
#4274=VERTEX_POINT('',#12860);
#4275=VERTEX_POINT('',#12862);
#4276=VERTEX_POINT('',#12866);
#4277=VERTEX_POINT('',#12868);
#4278=VERTEX_POINT('',#12872);
#4279=VERTEX_POINT('',#12874);
#4280=VERTEX_POINT('',#12878);
#4281=VERTEX_POINT('',#12880);
#4282=VERTEX_POINT('',#12884);
#4283=VERTEX_POINT('',#12886);
#4284=VERTEX_POINT('',#12890);
#4285=VERTEX_POINT('',#12892);
#4286=VERTEX_POINT('',#12896);
#4287=VERTEX_POINT('',#12898);
#4288=VERTEX_POINT('',#12902);
#4289=VERTEX_POINT('',#12904);
#4290=VERTEX_POINT('',#12908);
#4291=VERTEX_POINT('',#12910);
#4292=VERTEX_POINT('',#12914);
#4293=VERTEX_POINT('',#12916);
#4294=VERTEX_POINT('',#12920);
#4295=VERTEX_POINT('',#12922);
#4296=VERTEX_POINT('',#12926);
#4297=VERTEX_POINT('',#12928);
#4298=VERTEX_POINT('',#12932);
#4299=VERTEX_POINT('',#12934);
#4300=VERTEX_POINT('',#12938);
#4301=VERTEX_POINT('',#12940);
#4302=VERTEX_POINT('',#12944);
#4303=VERTEX_POINT('',#12946);
#4304=VERTEX_POINT('',#12950);
#4305=VERTEX_POINT('',#12952);
#4306=VERTEX_POINT('',#12956);
#4307=VERTEX_POINT('',#12958);
#4308=VERTEX_POINT('',#12962);
#4309=VERTEX_POINT('',#12964);
#4310=VERTEX_POINT('',#12968);
#4311=VERTEX_POINT('',#12970);
#4312=VERTEX_POINT('',#12974);
#4313=VERTEX_POINT('',#12976);
#4314=VERTEX_POINT('',#12980);
#4315=VERTEX_POINT('',#12982);
#4316=VERTEX_POINT('',#12986);
#4317=VERTEX_POINT('',#12988);
#4318=VERTEX_POINT('',#12992);
#4319=VERTEX_POINT('',#12994);
#4320=VERTEX_POINT('',#12998);
#4321=VERTEX_POINT('',#13000);
#4322=VERTEX_POINT('',#13004);
#4323=VERTEX_POINT('',#13006);
#4324=VERTEX_POINT('',#13010);
#4325=VERTEX_POINT('',#13012);
#4326=VERTEX_POINT('',#13016);
#4327=VERTEX_POINT('',#13018);
#4328=VERTEX_POINT('',#13022);
#4329=VERTEX_POINT('',#13024);
#4330=VERTEX_POINT('',#13028);
#4331=VERTEX_POINT('',#13029);
#4332=VERTEX_POINT('',#13031);
#4333=VERTEX_POINT('',#13033);
#4334=VERTEX_POINT('',#13037);
#4335=VERTEX_POINT('',#13039);
#4336=VERTEX_POINT('',#13043);
#4337=VERTEX_POINT('',#13045);
#4338=VERTEX_POINT('',#13049);
#4339=VERTEX_POINT('',#13050);
#4340=VERTEX_POINT('',#13052);
#4341=VERTEX_POINT('',#13054);
#4342=VERTEX_POINT('',#13058);
#4343=VERTEX_POINT('',#13060);
#4344=VERTEX_POINT('',#13064);
#4345=VERTEX_POINT('',#13066);
#4346=VERTEX_POINT('',#13070);
#4347=VERTEX_POINT('',#13071);
#4348=VERTEX_POINT('',#13073);
#4349=VERTEX_POINT('',#13075);
#4350=VERTEX_POINT('',#13079);
#4351=VERTEX_POINT('',#13081);
#4352=VERTEX_POINT('',#13085);
#4353=VERTEX_POINT('',#13087);
#4354=VERTEX_POINT('',#13091);
#4355=VERTEX_POINT('',#13093);
#4356=VERTEX_POINT('',#13097);
#4357=VERTEX_POINT('',#13099);
#4358=VERTEX_POINT('',#13103);
#4359=VERTEX_POINT('',#13105);
#4360=VERTEX_POINT('',#13109);
#4361=VERTEX_POINT('',#13111);
#4362=VERTEX_POINT('',#13115);
#4363=VERTEX_POINT('',#13116);
#4364=VERTEX_POINT('',#13118);
#4365=VERTEX_POINT('',#13120);
#4366=VERTEX_POINT('',#13124);
#4367=VERTEX_POINT('',#13126);
#4368=VERTEX_POINT('',#13130);
#4369=VERTEX_POINT('',#13132);
#4370=VERTEX_POINT('',#13136);
#4371=VERTEX_POINT('',#13137);
#4372=VERTEX_POINT('',#13139);
#4373=VERTEX_POINT('',#13141);
#4374=VERTEX_POINT('',#13145);
#4375=VERTEX_POINT('',#13147);
#4376=VERTEX_POINT('',#13151);
#4377=VERTEX_POINT('',#13153);
#4378=VERTEX_POINT('',#13179);
#4379=VERTEX_POINT('',#13180);
#4380=VERTEX_POINT('',#13182);
#4381=VERTEX_POINT('',#13184);
#4382=VERTEX_POINT('',#13188);
#4383=VERTEX_POINT('',#13190);
#4384=VERTEX_POINT('',#13194);
#4385=VERTEX_POINT('',#13196);
#4386=VERTEX_POINT('',#13200);
#4387=VERTEX_POINT('',#13202);
#4388=VERTEX_POINT('',#13206);
#4389=VERTEX_POINT('',#13208);
#4390=VERTEX_POINT('',#13212);
#4391=VERTEX_POINT('',#13214);
#4392=VERTEX_POINT('',#13218);
#4393=VERTEX_POINT('',#13220);
#4394=VERTEX_POINT('',#13224);
#4395=VERTEX_POINT('',#13226);
#4396=VERTEX_POINT('',#13230);
#4397=VERTEX_POINT('',#13232);
#4398=VERTEX_POINT('',#13236);
#4399=VERTEX_POINT('',#13238);
#4400=VERTEX_POINT('',#13242);
#4401=VERTEX_POINT('',#13244);
#4402=VERTEX_POINT('',#13248);
#4403=VERTEX_POINT('',#13250);
#4404=VERTEX_POINT('',#13254);
#4405=VERTEX_POINT('',#13256);
#4406=VERTEX_POINT('',#13260);
#4407=VERTEX_POINT('',#13262);
#4408=VERTEX_POINT('',#13266);
#4409=VERTEX_POINT('',#13268);
#4410=VERTEX_POINT('',#13272);
#4411=VERTEX_POINT('',#13274);
#4412=VERTEX_POINT('',#13278);
#4413=VERTEX_POINT('',#13280);
#4414=VERTEX_POINT('',#13284);
#4415=VERTEX_POINT('',#13286);
#4416=VERTEX_POINT('',#13290);
#4417=VERTEX_POINT('',#13292);
#4418=VERTEX_POINT('',#13296);
#4419=VERTEX_POINT('',#13298);
#4420=VERTEX_POINT('',#13302);
#4421=VERTEX_POINT('',#13304);
#4422=VERTEX_POINT('',#13308);
#4423=VERTEX_POINT('',#13310);
#4424=VERTEX_POINT('',#13314);
#4425=VERTEX_POINT('',#13316);
#4426=VERTEX_POINT('',#13320);
#4427=VERTEX_POINT('',#13322);
#4428=VERTEX_POINT('',#13326);
#4429=VERTEX_POINT('',#13328);
#4430=VERTEX_POINT('',#13332);
#4431=VERTEX_POINT('',#13334);
#4432=VERTEX_POINT('',#13338);
#4433=VERTEX_POINT('',#13340);
#4434=VERTEX_POINT('',#13344);
#4435=VERTEX_POINT('',#13346);
#4436=VERTEX_POINT('',#13350);
#4437=VERTEX_POINT('',#13352);
#4438=VERTEX_POINT('',#13356);
#4439=VERTEX_POINT('',#13358);
#4440=VERTEX_POINT('',#13362);
#4441=VERTEX_POINT('',#13364);
#4442=VERTEX_POINT('',#13368);
#4443=VERTEX_POINT('',#13370);
#4444=VERTEX_POINT('',#13374);
#4445=VERTEX_POINT('',#13376);
#4446=VERTEX_POINT('',#13380);
#4447=VERTEX_POINT('',#13382);
#4448=VERTEX_POINT('',#13386);
#4449=VERTEX_POINT('',#13388);
#4450=VERTEX_POINT('',#13392);
#4451=VERTEX_POINT('',#13394);
#4452=VERTEX_POINT('',#13398);
#4453=VERTEX_POINT('',#13400);
#4454=VERTEX_POINT('',#13404);
#4455=VERTEX_POINT('',#13406);
#4456=VERTEX_POINT('',#13410);
#4457=VERTEX_POINT('',#13412);
#4458=VERTEX_POINT('',#13416);
#4459=VERTEX_POINT('',#13418);
#4460=VERTEX_POINT('',#13422);
#4461=VERTEX_POINT('',#13424);
#4462=VERTEX_POINT('',#13428);
#4463=VERTEX_POINT('',#13430);
#4464=VERTEX_POINT('',#13434);
#4465=VERTEX_POINT('',#13436);
#4466=VERTEX_POINT('',#13440);
#4467=VERTEX_POINT('',#13442);
#4468=VERTEX_POINT('',#13446);
#4469=VERTEX_POINT('',#13448);
#4470=VERTEX_POINT('',#13452);
#4471=VERTEX_POINT('',#13454);
#4472=VERTEX_POINT('',#13458);
#4473=VERTEX_POINT('',#13460);
#4474=VERTEX_POINT('',#13464);
#4475=VERTEX_POINT('',#13466);
#4476=VERTEX_POINT('',#13470);
#4477=VERTEX_POINT('',#13472);
#4478=VERTEX_POINT('',#13476);
#4479=VERTEX_POINT('',#13478);
#4480=VERTEX_POINT('',#13482);
#4481=VERTEX_POINT('',#13484);
#4482=VERTEX_POINT('',#13488);
#4483=VERTEX_POINT('',#13490);
#4484=VERTEX_POINT('',#13494);
#4485=VERTEX_POINT('',#13496);
#4486=VERTEX_POINT('',#13500);
#4487=VERTEX_POINT('',#13502);
#4488=VERTEX_POINT('',#13506);
#4489=VERTEX_POINT('',#13508);
#4490=VERTEX_POINT('',#13512);
#4491=VERTEX_POINT('',#13514);
#4492=VERTEX_POINT('',#13518);
#4493=VERTEX_POINT('',#13520);
#4494=VERTEX_POINT('',#13524);
#4495=VERTEX_POINT('',#13526);
#4496=VERTEX_POINT('',#13530);
#4497=VERTEX_POINT('',#13532);
#4498=VERTEX_POINT('',#13536);
#4499=VERTEX_POINT('',#13538);
#4500=VERTEX_POINT('',#13542);
#4501=VERTEX_POINT('',#13544);
#4502=VERTEX_POINT('',#13548);
#4503=VERTEX_POINT('',#13550);
#4504=VERTEX_POINT('',#13554);
#4505=VERTEX_POINT('',#13556);
#4506=VERTEX_POINT('',#13560);
#4507=VERTEX_POINT('',#13562);
#4508=VERTEX_POINT('',#13566);
#4509=VERTEX_POINT('',#13568);
#4510=VERTEX_POINT('',#13572);
#4511=VERTEX_POINT('',#13574);
#4512=VERTEX_POINT('',#13578);
#4513=VERTEX_POINT('',#13580);
#4514=VERTEX_POINT('',#13584);
#4515=VERTEX_POINT('',#13585);
#4516=VERTEX_POINT('',#13587);
#4517=VERTEX_POINT('',#13589);
#4518=VERTEX_POINT('',#13593);
#4519=VERTEX_POINT('',#13595);
#4520=VERTEX_POINT('',#13599);
#4521=VERTEX_POINT('',#13601);
#4522=VERTEX_POINT('',#13605);
#4523=VERTEX_POINT('',#13606);
#4524=VERTEX_POINT('',#13608);
#4525=VERTEX_POINT('',#13610);
#4526=VERTEX_POINT('',#13614);
#4527=VERTEX_POINT('',#13616);
#4528=VERTEX_POINT('',#13620);
#4529=VERTEX_POINT('',#13622);
#4530=VERTEX_POINT('',#13626);
#4531=VERTEX_POINT('',#13627);
#4532=VERTEX_POINT('',#13629);
#4533=VERTEX_POINT('',#13631);
#4534=VERTEX_POINT('',#13635);
#4535=VERTEX_POINT('',#13637);
#4536=VERTEX_POINT('',#13641);
#4537=VERTEX_POINT('',#13643);
#4538=VERTEX_POINT('',#13647);
#4539=VERTEX_POINT('',#13649);
#4540=VERTEX_POINT('',#13653);
#4541=VERTEX_POINT('',#13655);
#4542=VERTEX_POINT('',#13659);
#4543=VERTEX_POINT('',#13661);
#4544=VERTEX_POINT('',#13665);
#4545=VERTEX_POINT('',#13667);
#4546=VERTEX_POINT('',#13671);
#4547=VERTEX_POINT('',#13672);
#4548=VERTEX_POINT('',#13674);
#4549=VERTEX_POINT('',#13676);
#4550=VERTEX_POINT('',#13680);
#4551=VERTEX_POINT('',#13682);
#4552=VERTEX_POINT('',#13686);
#4553=VERTEX_POINT('',#13688);
#4554=VERTEX_POINT('',#13692);
#4555=VERTEX_POINT('',#13693);
#4556=VERTEX_POINT('',#13695);
#4557=VERTEX_POINT('',#13697);
#4558=VERTEX_POINT('',#13701);
#4559=VERTEX_POINT('',#13703);
#4560=VERTEX_POINT('',#13707);
#4561=VERTEX_POINT('',#13709);
#4562=VERTEX_POINT('',#13734);
#4563=VERTEX_POINT('',#13735);
#4564=VERTEX_POINT('',#13738);
#4565=VERTEX_POINT('',#13739);
#4566=VERTEX_POINT('',#13743);
#4567=VERTEX_POINT('',#13744);
#4568=VERTEX_POINT('',#13747);
#4569=VERTEX_POINT('',#13748);
#4570=VERTEX_POINT('',#13752);
#4571=VERTEX_POINT('',#13753);
#4572=VERTEX_POINT('',#13756);
#4573=VERTEX_POINT('',#13757);
#4574=VERTEX_POINT('',#13761);
#4575=VERTEX_POINT('',#13762);
#4576=VERTEX_POINT('',#13765);
#4577=VERTEX_POINT('',#13766);
#4578=VERTEX_POINT('',#13771);
#4579=VERTEX_POINT('',#13775);
#4580=VERTEX_POINT('',#13782);
#4581=VERTEX_POINT('',#13789);
#4582=VERTEX_POINT('',#13796);
#4583=VERTEX_POINT('',#13801);
#4584=VERTEX_POINT('',#13805);
#4585=VERTEX_POINT('',#13813);
#4586=VERTEX_POINT('',#13814);
#4587=VERTEX_POINT('',#13819);
#4588=VERTEX_POINT('',#13820);
#4589=VERTEX_POINT('',#13827);
#4590=VERTEX_POINT('',#13828);
#4591=VERTEX_POINT('',#13833);
#4592=VERTEX_POINT('',#13834);
#4593=VERTEX_POINT('',#13842);
#4594=VERTEX_POINT('',#13843);
#4595=VERTEX_POINT('',#13849);
#4596=VERTEX_POINT('',#13857);
#4597=VERTEX_POINT('',#13864);
#4598=VERTEX_POINT('',#13868);
#4599=VERTEX_POINT('',#13872);
#4600=VERTEX_POINT('',#13873);
#4601=VERTEX_POINT('',#13880);
#4602=VERTEX_POINT('',#13881);
#4603=VERTEX_POINT('',#13888);
#4604=VERTEX_POINT('',#13892);
#4605=VERTEX_POINT('',#13893);
#4606=VERTEX_POINT('',#13901);
#4607=VERTEX_POINT('',#13905);
#4608=VERTEX_POINT('',#13909);
#4609=VERTEX_POINT('',#13914);
#4610=LINE('',#11492,#5650);
#4611=LINE('',#11495,#5651);
#4612=LINE('',#11497,#5652);
#4613=LINE('',#11499,#5653);
#4614=LINE('',#11501,#5654);
#4615=LINE('',#11503,#5655);
#4616=LINE('',#11505,#5656);
#4617=LINE('',#11507,#5657);
#4618=LINE('',#11509,#5658);
#4619=LINE('',#11511,#5659);
#4620=LINE('',#11513,#5660);
#4621=LINE('',#11515,#5661);
#4622=LINE('',#11517,#5662);
#4623=LINE('',#11519,#5663);
#4624=LINE('',#11521,#5664);
#4625=LINE('',#11523,#5665);
#4626=LINE('',#11525,#5666);
#4627=LINE('',#11527,#5667);
#4628=LINE('',#11529,#5668);
#4629=LINE('',#11531,#5669);
#4630=LINE('',#11533,#5670);
#4631=LINE('',#11535,#5671);
#4632=LINE('',#11537,#5672);
#4633=LINE('',#11539,#5673);
#4634=LINE('',#11541,#5674);
#4635=LINE('',#11543,#5675);
#4636=LINE('',#11545,#5676);
#4637=LINE('',#11547,#5677);
#4638=LINE('',#11549,#5678);
#4639=LINE('',#11551,#5679);
#4640=LINE('',#11553,#5680);
#4641=LINE('',#11555,#5681);
#4642=LINE('',#11557,#5682);
#4643=LINE('',#11559,#5683);
#4644=LINE('',#11561,#5684);
#4645=LINE('',#11563,#5685);
#4646=LINE('',#11565,#5686);
#4647=LINE('',#11567,#5687);
#4648=LINE('',#11569,#5688);
#4649=LINE('',#11571,#5689);
#4650=LINE('',#11573,#5690);
#4651=LINE('',#11575,#5691);
#4652=LINE('',#11577,#5692);
#4653=LINE('',#11579,#5693);
#4654=LINE('',#11581,#5694);
#4655=LINE('',#11583,#5695);
#4656=LINE('',#11585,#5696);
#4657=LINE('',#11587,#5697);
#4658=LINE('',#11589,#5698);
#4659=LINE('',#11591,#5699);
#4660=LINE('',#11593,#5700);
#4661=LINE('',#11595,#5701);
#4662=LINE('',#11597,#5702);
#4663=LINE('',#11599,#5703);
#4664=LINE('',#11601,#5704);
#4665=LINE('',#11603,#5705);
#4666=LINE('',#11605,#5706);
#4667=LINE('',#11607,#5707);
#4668=LINE('',#11609,#5708);
#4669=LINE('',#11611,#5709);
#4670=LINE('',#11613,#5710);
#4671=LINE('',#11615,#5711);
#4672=LINE('',#11617,#5712);
#4673=LINE('',#11619,#5713);
#4674=LINE('',#11621,#5714);
#4675=LINE('',#11623,#5715);
#4676=LINE('',#11625,#5716);
#4677=LINE('',#11627,#5717);
#4678=LINE('',#11629,#5718);
#4679=LINE('',#11631,#5719);
#4680=LINE('',#11633,#5720);
#4681=LINE('',#11635,#5721);
#4682=LINE('',#11637,#5722);
#4683=LINE('',#11639,#5723);
#4684=LINE('',#11641,#5724);
#4685=LINE('',#11643,#5725);
#4686=LINE('',#11645,#5726);
#4687=LINE('',#11647,#5727);
#4688=LINE('',#11649,#5728);
#4689=LINE('',#11651,#5729);
#4690=LINE('',#11653,#5730);
#4691=LINE('',#11655,#5731);
#4692=LINE('',#11657,#5732);
#4693=LINE('',#11659,#5733);
#4694=LINE('',#11661,#5734);
#4695=LINE('',#11663,#5735);
#4696=LINE('',#11665,#5736);
#4697=LINE('',#11667,#5737);
#4698=LINE('',#11669,#5738);
#4699=LINE('',#11671,#5739);
#4700=LINE('',#11673,#5740);
#4701=LINE('',#11675,#5741);
#4702=LINE('',#11677,#5742);
#4703=LINE('',#11679,#5743);
#4704=LINE('',#11681,#5744);
#4705=LINE('',#11683,#5745);
#4706=LINE('',#11685,#5746);
#4707=LINE('',#11687,#5747);
#4708=LINE('',#11689,#5748);
#4709=LINE('',#11691,#5749);
#4710=LINE('',#11693,#5750);
#4711=LINE('',#11695,#5751);
#4712=LINE('',#11697,#5752);
#4713=LINE('',#11699,#5753);
#4714=LINE('',#11701,#5754);
#4715=LINE('',#11703,#5755);
#4716=LINE('',#11705,#5756);
#4717=LINE('',#11707,#5757);
#4718=LINE('',#11709,#5758);
#4719=LINE('',#11711,#5759);
#4720=LINE('',#11713,#5760);
#4721=LINE('',#11715,#5761);
#4722=LINE('',#11717,#5762);
#4723=LINE('',#11719,#5763);
#4724=LINE('',#11721,#5764);
#4725=LINE('',#11723,#5765);
#4726=LINE('',#11725,#5766);
#4727=LINE('',#11727,#5767);
#4728=LINE('',#11729,#5768);
#4729=LINE('',#11731,#5769);
#4730=LINE('',#11733,#5770);
#4731=LINE('',#11735,#5771);
#4732=LINE('',#11737,#5772);
#4733=LINE('',#11739,#5773);
#4734=LINE('',#11741,#5774);
#4735=LINE('',#11743,#5775);
#4736=LINE('',#11745,#5776);
#4737=LINE('',#11747,#5777);
#4738=LINE('',#11749,#5778);
#4739=LINE('',#11751,#5779);
#4740=LINE('',#11753,#5780);
#4741=LINE('',#11755,#5781);
#4742=LINE('',#11757,#5782);
#4743=LINE('',#11759,#5783);
#4744=LINE('',#11761,#5784);
#4745=LINE('',#11763,#5785);
#4746=LINE('',#11765,#5786);
#4747=LINE('',#11767,#5787);
#4748=LINE('',#11769,#5788);
#4749=LINE('',#11771,#5789);
#4750=LINE('',#11773,#5790);
#4751=LINE('',#11775,#5791);
#4752=LINE('',#11777,#5792);
#4753=LINE('',#11779,#5793);
#4754=LINE('',#11781,#5794);
#4755=LINE('',#11783,#5795);
#4756=LINE('',#11785,#5796);
#4757=LINE('',#11787,#5797);
#4758=LINE('',#11789,#5798);
#4759=LINE('',#11791,#5799);
#4760=LINE('',#11793,#5800);
#4761=LINE('',#11795,#5801);
#4762=LINE('',#11797,#5802);
#4763=LINE('',#11799,#5803);
#4764=LINE('',#11801,#5804);
#4765=LINE('',#11803,#5805);
#4766=LINE('',#11805,#5806);
#4767=LINE('',#11807,#5807);
#4768=LINE('',#11809,#5808);
#4769=LINE('',#11811,#5809);
#4770=LINE('',#11813,#5810);
#4771=LINE('',#11815,#5811);
#4772=LINE('',#11817,#5812);
#4773=LINE('',#11819,#5813);
#4774=LINE('',#11821,#5814);
#4775=LINE('',#11823,#5815);
#4776=LINE('',#11825,#5816);
#4777=LINE('',#11827,#5817);
#4778=LINE('',#11829,#5818);
#4779=LINE('',#11831,#5819);
#4780=LINE('',#11833,#5820);
#4781=LINE('',#11835,#5821);
#4782=LINE('',#11837,#5822);
#4783=LINE('',#11839,#5823);
#4784=LINE('',#11841,#5824);
#4785=LINE('',#11843,#5825);
#4786=LINE('',#11845,#5826);
#4787=LINE('',#11847,#5827);
#4788=LINE('',#11849,#5828);
#4789=LINE('',#11851,#5829);
#4790=LINE('',#11853,#5830);
#4791=LINE('',#11855,#5831);
#4792=LINE('',#11857,#5832);
#4793=LINE('',#11859,#5833);
#4794=LINE('',#11861,#5834);
#4795=LINE('',#11863,#5835);
#4796=LINE('',#11865,#5836);
#4797=LINE('',#11867,#5837);
#4798=LINE('',#11869,#5838);
#4799=LINE('',#11871,#5839);
#4800=LINE('',#11873,#5840);
#4801=LINE('',#11875,#5841);
#4802=LINE('',#11877,#5842);
#4803=LINE('',#11879,#5843);
#4804=LINE('',#11881,#5844);
#4805=LINE('',#11883,#5845);
#4806=LINE('',#11885,#5846);
#4807=LINE('',#11887,#5847);
#4808=LINE('',#11889,#5848);
#4809=LINE('',#11891,#5849);
#4810=LINE('',#11893,#5850);
#4811=LINE('',#11895,#5851);
#4812=LINE('',#11897,#5852);
#4813=LINE('',#11900,#5853);
#4814=LINE('',#11902,#5854);
#4815=LINE('',#11904,#5855);
#4816=LINE('',#11906,#5856);
#4817=LINE('',#11908,#5857);
#4818=LINE('',#11910,#5858);
#4819=LINE('',#11912,#5859);
#4820=LINE('',#11914,#5860);
#4821=LINE('',#11916,#5861);
#4822=LINE('',#11918,#5862);
#4823=LINE('',#11921,#5863);
#4824=LINE('',#11923,#5864);
#4825=LINE('',#11925,#5865);
#4826=LINE('',#11927,#5866);
#4827=LINE('',#11929,#5867);
#4828=LINE('',#11931,#5868);
#4829=LINE('',#11933,#5869);
#4830=LINE('',#11935,#5870);
#4831=LINE('',#11937,#5871);
#4832=LINE('',#11942,#5872);
#4833=LINE('',#11946,#5873);
#4834=LINE('',#11950,#5874);
#4835=LINE('',#11956,#5875);
#4836=LINE('',#11962,#5876);
#4837=LINE('',#11968,#5877);
#4838=LINE('',#11974,#5878);
#4839=LINE('',#11980,#5879);
#4840=LINE('',#11984,#5880);
#4841=LINE('',#11987,#5881);
#4842=LINE('',#11989,#5882);
#4843=LINE('',#11991,#5883);
#4844=LINE('',#11993,#5884);
#4845=LINE('',#11995,#5885);
#4846=LINE('',#11997,#5886);
#4847=LINE('',#11999,#5887);
#4848=LINE('',#12001,#5888);
#4849=LINE('',#12003,#5889);
#4850=LINE('',#12005,#5890);
#4851=LINE('',#12008,#5891);
#4852=LINE('',#12010,#5892);
#4853=LINE('',#12012,#5893);
#4854=LINE('',#12014,#5894);
#4855=LINE('',#12016,#5895);
#4856=LINE('',#12018,#5896);
#4857=LINE('',#12020,#5897);
#4858=LINE('',#12022,#5898);
#4859=LINE('',#12024,#5899);
#4860=LINE('',#12026,#5900);
#4861=LINE('',#12027,#5901);
#4862=LINE('',#12029,#5902);
#4863=LINE('',#12030,#5903);
#4864=LINE('',#12035,#5904);
#4865=LINE('',#12036,#5905);
#4866=LINE('',#12038,#5906);
#4867=LINE('',#12039,#5907);
#4868=LINE('',#12041,#5908);
#4869=LINE('',#12042,#5909);
#4870=LINE('',#12067,#5910);
#4871=LINE('',#12070,#5911);
#4872=LINE('',#12072,#5912);
#4873=LINE('',#12074,#5913);
#4874=LINE('',#12076,#5914);
#4875=LINE('',#12078,#5915);
#4876=LINE('',#12080,#5916);
#4877=LINE('',#12082,#5917);
#4878=LINE('',#12084,#5918);
#4879=LINE('',#12086,#5919);
#4880=LINE('',#12088,#5920);
#4881=LINE('',#12090,#5921);
#4882=LINE('',#12092,#5922);
#4883=LINE('',#12094,#5923);
#4884=LINE('',#12096,#5924);
#4885=LINE('',#12098,#5925);
#4886=LINE('',#12100,#5926);
#4887=LINE('',#12102,#5927);
#4888=LINE('',#12104,#5928);
#4889=LINE('',#12106,#5929);
#4890=LINE('',#12108,#5930);
#4891=LINE('',#12110,#5931);
#4892=LINE('',#12112,#5932);
#4893=LINE('',#12114,#5933);
#4894=LINE('',#12116,#5934);
#4895=LINE('',#12118,#5935);
#4896=LINE('',#12120,#5936);
#4897=LINE('',#12122,#5937);
#4898=LINE('',#12124,#5938);
#4899=LINE('',#12126,#5939);
#4900=LINE('',#12128,#5940);
#4901=LINE('',#12130,#5941);
#4902=LINE('',#12132,#5942);
#4903=LINE('',#12134,#5943);
#4904=LINE('',#12136,#5944);
#4905=LINE('',#12138,#5945);
#4906=LINE('',#12140,#5946);
#4907=LINE('',#12142,#5947);
#4908=LINE('',#12144,#5948);
#4909=LINE('',#12146,#5949);
#4910=LINE('',#12148,#5950);
#4911=LINE('',#12150,#5951);
#4912=LINE('',#12152,#5952);
#4913=LINE('',#12154,#5953);
#4914=LINE('',#12156,#5954);
#4915=LINE('',#12158,#5955);
#4916=LINE('',#12160,#5956);
#4917=LINE('',#12162,#5957);
#4918=LINE('',#12164,#5958);
#4919=LINE('',#12166,#5959);
#4920=LINE('',#12168,#5960);
#4921=LINE('',#12170,#5961);
#4922=LINE('',#12172,#5962);
#4923=LINE('',#12174,#5963);
#4924=LINE('',#12176,#5964);
#4925=LINE('',#12178,#5965);
#4926=LINE('',#12180,#5966);
#4927=LINE('',#12182,#5967);
#4928=LINE('',#12184,#5968);
#4929=LINE('',#12186,#5969);
#4930=LINE('',#12188,#5970);
#4931=LINE('',#12190,#5971);
#4932=LINE('',#12192,#5972);
#4933=LINE('',#12194,#5973);
#4934=LINE('',#12196,#5974);
#4935=LINE('',#12198,#5975);
#4936=LINE('',#12200,#5976);
#4937=LINE('',#12202,#5977);
#4938=LINE('',#12204,#5978);
#4939=LINE('',#12206,#5979);
#4940=LINE('',#12208,#5980);
#4941=LINE('',#12210,#5981);
#4942=LINE('',#12212,#5982);
#4943=LINE('',#12214,#5983);
#4944=LINE('',#12216,#5984);
#4945=LINE('',#12218,#5985);
#4946=LINE('',#12220,#5986);
#4947=LINE('',#12222,#5987);
#4948=LINE('',#12224,#5988);
#4949=LINE('',#12226,#5989);
#4950=LINE('',#12228,#5990);
#4951=LINE('',#12230,#5991);
#4952=LINE('',#12232,#5992);
#4953=LINE('',#12234,#5993);
#4954=LINE('',#12236,#5994);
#4955=LINE('',#12238,#5995);
#4956=LINE('',#12240,#5996);
#4957=LINE('',#12242,#5997);
#4958=LINE('',#12244,#5998);
#4959=LINE('',#12246,#5999);
#4960=LINE('',#12248,#6000);
#4961=LINE('',#12250,#6001);
#4962=LINE('',#12252,#6002);
#4963=LINE('',#12254,#6003);
#4964=LINE('',#12256,#6004);
#4965=LINE('',#12258,#6005);
#4966=LINE('',#12260,#6006);
#4967=LINE('',#12262,#6007);
#4968=LINE('',#12264,#6008);
#4969=LINE('',#12266,#6009);
#4970=LINE('',#12268,#6010);
#4971=LINE('',#12270,#6011);
#4972=LINE('',#12272,#6012);
#4973=LINE('',#12274,#6013);
#4974=LINE('',#12276,#6014);
#4975=LINE('',#12278,#6015);
#4976=LINE('',#12280,#6016);
#4977=LINE('',#12282,#6017);
#4978=LINE('',#12284,#6018);
#4979=LINE('',#12286,#6019);
#4980=LINE('',#12288,#6020);
#4981=LINE('',#12290,#6021);
#4982=LINE('',#12292,#6022);
#4983=LINE('',#12294,#6023);
#4984=LINE('',#12296,#6024);
#4985=LINE('',#12298,#6025);
#4986=LINE('',#12300,#6026);
#4987=LINE('',#12302,#6027);
#4988=LINE('',#12304,#6028);
#4989=LINE('',#12306,#6029);
#4990=LINE('',#12308,#6030);
#4991=LINE('',#12310,#6031);
#4992=LINE('',#12312,#6032);
#4993=LINE('',#12314,#6033);
#4994=LINE('',#12316,#6034);
#4995=LINE('',#12318,#6035);
#4996=LINE('',#12320,#6036);
#4997=LINE('',#12322,#6037);
#4998=LINE('',#12324,#6038);
#4999=LINE('',#12326,#6039);
#5000=LINE('',#12328,#6040);
#5001=LINE('',#12330,#6041);
#5002=LINE('',#12332,#6042);
#5003=LINE('',#12334,#6043);
#5004=LINE('',#12336,#6044);
#5005=LINE('',#12338,#6045);
#5006=LINE('',#12340,#6046);
#5007=LINE('',#12342,#6047);
#5008=LINE('',#12344,#6048);
#5009=LINE('',#12346,#6049);
#5010=LINE('',#12348,#6050);
#5011=LINE('',#12350,#6051);
#5012=LINE('',#12352,#6052);
#5013=LINE('',#12354,#6053);
#5014=LINE('',#12356,#6054);
#5015=LINE('',#12358,#6055);
#5016=LINE('',#12360,#6056);
#5017=LINE('',#12362,#6057);
#5018=LINE('',#12364,#6058);
#5019=LINE('',#12366,#6059);
#5020=LINE('',#12368,#6060);
#5021=LINE('',#12370,#6061);
#5022=LINE('',#12372,#6062);
#5023=LINE('',#12374,#6063);
#5024=LINE('',#12376,#6064);
#5025=LINE('',#12378,#6065);
#5026=LINE('',#12380,#6066);
#5027=LINE('',#12382,#6067);
#5028=LINE('',#12384,#6068);
#5029=LINE('',#12386,#6069);
#5030=LINE('',#12388,#6070);
#5031=LINE('',#12390,#6071);
#5032=LINE('',#12392,#6072);
#5033=LINE('',#12394,#6073);
#5034=LINE('',#12396,#6074);
#5035=LINE('',#12398,#6075);
#5036=LINE('',#12400,#6076);
#5037=LINE('',#12402,#6077);
#5038=LINE('',#12404,#6078);
#5039=LINE('',#12406,#6079);
#5040=LINE('',#12408,#6080);
#5041=LINE('',#12410,#6081);
#5042=LINE('',#12412,#6082);
#5043=LINE('',#12414,#6083);
#5044=LINE('',#12416,#6084);
#5045=LINE('',#12418,#6085);
#5046=LINE('',#12420,#6086);
#5047=LINE('',#12422,#6087);
#5048=LINE('',#12424,#6088);
#5049=LINE('',#12426,#6089);
#5050=LINE('',#12428,#6090);
#5051=LINE('',#12430,#6091);
#5052=LINE('',#12432,#6092);
#5053=LINE('',#12434,#6093);
#5054=LINE('',#12436,#6094);
#5055=LINE('',#12438,#6095);
#5056=LINE('',#12440,#6096);
#5057=LINE('',#12442,#6097);
#5058=LINE('',#12444,#6098);
#5059=LINE('',#12446,#6099);
#5060=LINE('',#12448,#6100);
#5061=LINE('',#12450,#6101);
#5062=LINE('',#12452,#6102);
#5063=LINE('',#12454,#6103);
#5064=LINE('',#12456,#6104);
#5065=LINE('',#12458,#6105);
#5066=LINE('',#12460,#6106);
#5067=LINE('',#12462,#6107);
#5068=LINE('',#12464,#6108);
#5069=LINE('',#12466,#6109);
#5070=LINE('',#12468,#6110);
#5071=LINE('',#12470,#6111);
#5072=LINE('',#12472,#6112);
#5073=LINE('',#12475,#6113);
#5074=LINE('',#12477,#6114);
#5075=LINE('',#12479,#6115);
#5076=LINE('',#12481,#6116);
#5077=LINE('',#12483,#6117);
#5078=LINE('',#12485,#6118);
#5079=LINE('',#12487,#6119);
#5080=LINE('',#12489,#6120);
#5081=LINE('',#12491,#6121);
#5082=LINE('',#12493,#6122);
#5083=LINE('',#12496,#6123);
#5084=LINE('',#12498,#6124);
#5085=LINE('',#12500,#6125);
#5086=LINE('',#12502,#6126);
#5087=LINE('',#12504,#6127);
#5088=LINE('',#12506,#6128);
#5089=LINE('',#12508,#6129);
#5090=LINE('',#12510,#6130);
#5091=LINE('',#12512,#6131);
#5092=LINE('',#12517,#6132);
#5093=LINE('',#12521,#6133);
#5094=LINE('',#12525,#6134);
#5095=LINE('',#12531,#6135);
#5096=LINE('',#12537,#6136);
#5097=LINE('',#12543,#6137);
#5098=LINE('',#12549,#6138);
#5099=LINE('',#12555,#6139);
#5100=LINE('',#12559,#6140);
#5101=LINE('',#12562,#6141);
#5102=LINE('',#12564,#6142);
#5103=LINE('',#12566,#6143);
#5104=LINE('',#12568,#6144);
#5105=LINE('',#12570,#6145);
#5106=LINE('',#12572,#6146);
#5107=LINE('',#12574,#6147);
#5108=LINE('',#12576,#6148);
#5109=LINE('',#12578,#6149);
#5110=LINE('',#12580,#6150);
#5111=LINE('',#12583,#6151);
#5112=LINE('',#12585,#6152);
#5113=LINE('',#12587,#6153);
#5114=LINE('',#12589,#6154);
#5115=LINE('',#12591,#6155);
#5116=LINE('',#12593,#6156);
#5117=LINE('',#12595,#6157);
#5118=LINE('',#12597,#6158);
#5119=LINE('',#12599,#6159);
#5120=LINE('',#12601,#6160);
#5121=LINE('',#12602,#6161);
#5122=LINE('',#12604,#6162);
#5123=LINE('',#12605,#6163);
#5124=LINE('',#12610,#6164);
#5125=LINE('',#12611,#6165);
#5126=LINE('',#12613,#6166);
#5127=LINE('',#12614,#6167);
#5128=LINE('',#12616,#6168);
#5129=LINE('',#12617,#6169);
#5130=LINE('',#12622,#6170);
#5131=LINE('',#12625,#6171);
#5132=LINE('',#12627,#6172);
#5133=LINE('',#12629,#6173);
#5134=LINE('',#12631,#6174);
#5135=LINE('',#12633,#6175);
#5136=LINE('',#12635,#6176);
#5137=LINE('',#12637,#6177);
#5138=LINE('',#12639,#6178);
#5139=LINE('',#12641,#6179);
#5140=LINE('',#12643,#6180);
#5141=LINE('',#12645,#6181);
#5142=LINE('',#12647,#6182);
#5143=LINE('',#12649,#6183);
#5144=LINE('',#12651,#6184);
#5145=LINE('',#12653,#6185);
#5146=LINE('',#12655,#6186);
#5147=LINE('',#12657,#6187);
#5148=LINE('',#12659,#6188);
#5149=LINE('',#12661,#6189);
#5150=LINE('',#12663,#6190);
#5151=LINE('',#12665,#6191);
#5152=LINE('',#12667,#6192);
#5153=LINE('',#12669,#6193);
#5154=LINE('',#12671,#6194);
#5155=LINE('',#12673,#6195);
#5156=LINE('',#12675,#6196);
#5157=LINE('',#12677,#6197);
#5158=LINE('',#12679,#6198);
#5159=LINE('',#12681,#6199);
#5160=LINE('',#12683,#6200);
#5161=LINE('',#12685,#6201);
#5162=LINE('',#12687,#6202);
#5163=LINE('',#12689,#6203);
#5164=LINE('',#12691,#6204);
#5165=LINE('',#12693,#6205);
#5166=LINE('',#12695,#6206);
#5167=LINE('',#12697,#6207);
#5168=LINE('',#12699,#6208);
#5169=LINE('',#12701,#6209);
#5170=LINE('',#12703,#6210);
#5171=LINE('',#12705,#6211);
#5172=LINE('',#12707,#6212);
#5173=LINE('',#12709,#6213);
#5174=LINE('',#12711,#6214);
#5175=LINE('',#12713,#6215);
#5176=LINE('',#12715,#6216);
#5177=LINE('',#12717,#6217);
#5178=LINE('',#12719,#6218);
#5179=LINE('',#12721,#6219);
#5180=LINE('',#12723,#6220);
#5181=LINE('',#12725,#6221);
#5182=LINE('',#12727,#6222);
#5183=LINE('',#12729,#6223);
#5184=LINE('',#12731,#6224);
#5185=LINE('',#12733,#6225);
#5186=LINE('',#12735,#6226);
#5187=LINE('',#12737,#6227);
#5188=LINE('',#12739,#6228);
#5189=LINE('',#12741,#6229);
#5190=LINE('',#12743,#6230);
#5191=LINE('',#12745,#6231);
#5192=LINE('',#12747,#6232);
#5193=LINE('',#12749,#6233);
#5194=LINE('',#12751,#6234);
#5195=LINE('',#12753,#6235);
#5196=LINE('',#12755,#6236);
#5197=LINE('',#12757,#6237);
#5198=LINE('',#12759,#6238);
#5199=LINE('',#12761,#6239);
#5200=LINE('',#12763,#6240);
#5201=LINE('',#12765,#6241);
#5202=LINE('',#12767,#6242);
#5203=LINE('',#12769,#6243);
#5204=LINE('',#12771,#6244);
#5205=LINE('',#12773,#6245);
#5206=LINE('',#12775,#6246);
#5207=LINE('',#12777,#6247);
#5208=LINE('',#12779,#6248);
#5209=LINE('',#12781,#6249);
#5210=LINE('',#12783,#6250);
#5211=LINE('',#12785,#6251);
#5212=LINE('',#12787,#6252);
#5213=LINE('',#12789,#6253);
#5214=LINE('',#12791,#6254);
#5215=LINE('',#12793,#6255);
#5216=LINE('',#12795,#6256);
#5217=LINE('',#12797,#6257);
#5218=LINE('',#12799,#6258);
#5219=LINE('',#12801,#6259);
#5220=LINE('',#12803,#6260);
#5221=LINE('',#12805,#6261);
#5222=LINE('',#12807,#6262);
#5223=LINE('',#12809,#6263);
#5224=LINE('',#12811,#6264);
#5225=LINE('',#12813,#6265);
#5226=LINE('',#12815,#6266);
#5227=LINE('',#12817,#6267);
#5228=LINE('',#12819,#6268);
#5229=LINE('',#12821,#6269);
#5230=LINE('',#12823,#6270);
#5231=LINE('',#12825,#6271);
#5232=LINE('',#12827,#6272);
#5233=LINE('',#12829,#6273);
#5234=LINE('',#12831,#6274);
#5235=LINE('',#12833,#6275);
#5236=LINE('',#12835,#6276);
#5237=LINE('',#12837,#6277);
#5238=LINE('',#12839,#6278);
#5239=LINE('',#12841,#6279);
#5240=LINE('',#12843,#6280);
#5241=LINE('',#12845,#6281);
#5242=LINE('',#12847,#6282);
#5243=LINE('',#12849,#6283);
#5244=LINE('',#12851,#6284);
#5245=LINE('',#12853,#6285);
#5246=LINE('',#12855,#6286);
#5247=LINE('',#12857,#6287);
#5248=LINE('',#12859,#6288);
#5249=LINE('',#12861,#6289);
#5250=LINE('',#12863,#6290);
#5251=LINE('',#12865,#6291);
#5252=LINE('',#12867,#6292);
#5253=LINE('',#12869,#6293);
#5254=LINE('',#12871,#6294);
#5255=LINE('',#12873,#6295);
#5256=LINE('',#12875,#6296);
#5257=LINE('',#12877,#6297);
#5258=LINE('',#12879,#6298);
#5259=LINE('',#12881,#6299);
#5260=LINE('',#12883,#6300);
#5261=LINE('',#12885,#6301);
#5262=LINE('',#12887,#6302);
#5263=LINE('',#12889,#6303);
#5264=LINE('',#12891,#6304);
#5265=LINE('',#12893,#6305);
#5266=LINE('',#12895,#6306);
#5267=LINE('',#12897,#6307);
#5268=LINE('',#12899,#6308);
#5269=LINE('',#12901,#6309);
#5270=LINE('',#12903,#6310);
#5271=LINE('',#12905,#6311);
#5272=LINE('',#12907,#6312);
#5273=LINE('',#12909,#6313);
#5274=LINE('',#12911,#6314);
#5275=LINE('',#12913,#6315);
#5276=LINE('',#12915,#6316);
#5277=LINE('',#12917,#6317);
#5278=LINE('',#12919,#6318);
#5279=LINE('',#12921,#6319);
#5280=LINE('',#12923,#6320);
#5281=LINE('',#12925,#6321);
#5282=LINE('',#12927,#6322);
#5283=LINE('',#12929,#6323);
#5284=LINE('',#12931,#6324);
#5285=LINE('',#12933,#6325);
#5286=LINE('',#12935,#6326);
#5287=LINE('',#12937,#6327);
#5288=LINE('',#12939,#6328);
#5289=LINE('',#12941,#6329);
#5290=LINE('',#12943,#6330);
#5291=LINE('',#12945,#6331);
#5292=LINE('',#12947,#6332);
#5293=LINE('',#12949,#6333);
#5294=LINE('',#12951,#6334);
#5295=LINE('',#12953,#6335);
#5296=LINE('',#12955,#6336);
#5297=LINE('',#12957,#6337);
#5298=LINE('',#12959,#6338);
#5299=LINE('',#12961,#6339);
#5300=LINE('',#12963,#6340);
#5301=LINE('',#12965,#6341);
#5302=LINE('',#12967,#6342);
#5303=LINE('',#12969,#6343);
#5304=LINE('',#12971,#6344);
#5305=LINE('',#12973,#6345);
#5306=LINE('',#12975,#6346);
#5307=LINE('',#12977,#6347);
#5308=LINE('',#12979,#6348);
#5309=LINE('',#12981,#6349);
#5310=LINE('',#12983,#6350);
#5311=LINE('',#12985,#6351);
#5312=LINE('',#12987,#6352);
#5313=LINE('',#12989,#6353);
#5314=LINE('',#12991,#6354);
#5315=LINE('',#12993,#6355);
#5316=LINE('',#12995,#6356);
#5317=LINE('',#12997,#6357);
#5318=LINE('',#12999,#6358);
#5319=LINE('',#13001,#6359);
#5320=LINE('',#13003,#6360);
#5321=LINE('',#13005,#6361);
#5322=LINE('',#13007,#6362);
#5323=LINE('',#13009,#6363);
#5324=LINE('',#13011,#6364);
#5325=LINE('',#13013,#6365);
#5326=LINE('',#13015,#6366);
#5327=LINE('',#13017,#6367);
#5328=LINE('',#13019,#6368);
#5329=LINE('',#13021,#6369);
#5330=LINE('',#13023,#6370);
#5331=LINE('',#13025,#6371);
#5332=LINE('',#13027,#6372);
#5333=LINE('',#13030,#6373);
#5334=LINE('',#13032,#6374);
#5335=LINE('',#13034,#6375);
#5336=LINE('',#13036,#6376);
#5337=LINE('',#13038,#6377);
#5338=LINE('',#13040,#6378);
#5339=LINE('',#13042,#6379);
#5340=LINE('',#13044,#6380);
#5341=LINE('',#13046,#6381);
#5342=LINE('',#13048,#6382);
#5343=LINE('',#13051,#6383);
#5344=LINE('',#13053,#6384);
#5345=LINE('',#13055,#6385);
#5346=LINE('',#13057,#6386);
#5347=LINE('',#13059,#6387);
#5348=LINE('',#13061,#6388);
#5349=LINE('',#13063,#6389);
#5350=LINE('',#13065,#6390);
#5351=LINE('',#13067,#6391);
#5352=LINE('',#13072,#6392);
#5353=LINE('',#13076,#6393);
#5354=LINE('',#13080,#6394);
#5355=LINE('',#13086,#6395);
#5356=LINE('',#13092,#6396);
#5357=LINE('',#13098,#6397);
#5358=LINE('',#13104,#6398);
#5359=LINE('',#13110,#6399);
#5360=LINE('',#13114,#6400);
#5361=LINE('',#13117,#6401);
#5362=LINE('',#13119,#6402);
#5363=LINE('',#13121,#6403);
#5364=LINE('',#13123,#6404);
#5365=LINE('',#13125,#6405);
#5366=LINE('',#13127,#6406);
#5367=LINE('',#13129,#6407);
#5368=LINE('',#13131,#6408);
#5369=LINE('',#13133,#6409);
#5370=LINE('',#13135,#6410);
#5371=LINE('',#13138,#6411);
#5372=LINE('',#13140,#6412);
#5373=LINE('',#13142,#6413);
#5374=LINE('',#13144,#6414);
#5375=LINE('',#13146,#6415);
#5376=LINE('',#13148,#6416);
#5377=LINE('',#13150,#6417);
#5378=LINE('',#13152,#6418);
#5379=LINE('',#13154,#6419);
#5380=LINE('',#13156,#6420);
#5381=LINE('',#13157,#6421);
#5382=LINE('',#13159,#6422);
#5383=LINE('',#13160,#6423);
#5384=LINE('',#13165,#6424);
#5385=LINE('',#13166,#6425);
#5386=LINE('',#13168,#6426);
#5387=LINE('',#13169,#6427);
#5388=LINE('',#13171,#6428);
#5389=LINE('',#13172,#6429);
#5390=LINE('',#13178,#6430);
#5391=LINE('',#13181,#6431);
#5392=LINE('',#13183,#6432);
#5393=LINE('',#13185,#6433);
#5394=LINE('',#13187,#6434);
#5395=LINE('',#13189,#6435);
#5396=LINE('',#13191,#6436);
#5397=LINE('',#13193,#6437);
#5398=LINE('',#13195,#6438);
#5399=LINE('',#13197,#6439);
#5400=LINE('',#13199,#6440);
#5401=LINE('',#13201,#6441);
#5402=LINE('',#13203,#6442);
#5403=LINE('',#13205,#6443);
#5404=LINE('',#13207,#6444);
#5405=LINE('',#13209,#6445);
#5406=LINE('',#13211,#6446);
#5407=LINE('',#13213,#6447);
#5408=LINE('',#13215,#6448);
#5409=LINE('',#13217,#6449);
#5410=LINE('',#13219,#6450);
#5411=LINE('',#13221,#6451);
#5412=LINE('',#13223,#6452);
#5413=LINE('',#13225,#6453);
#5414=LINE('',#13227,#6454);
#5415=LINE('',#13229,#6455);
#5416=LINE('',#13231,#6456);
#5417=LINE('',#13233,#6457);
#5418=LINE('',#13235,#6458);
#5419=LINE('',#13237,#6459);
#5420=LINE('',#13239,#6460);
#5421=LINE('',#13241,#6461);
#5422=LINE('',#13243,#6462);
#5423=LINE('',#13245,#6463);
#5424=LINE('',#13247,#6464);
#5425=LINE('',#13249,#6465);
#5426=LINE('',#13251,#6466);
#5427=LINE('',#13253,#6467);
#5428=LINE('',#13255,#6468);
#5429=LINE('',#13257,#6469);
#5430=LINE('',#13259,#6470);
#5431=LINE('',#13261,#6471);
#5432=LINE('',#13263,#6472);
#5433=LINE('',#13265,#6473);
#5434=LINE('',#13267,#6474);
#5435=LINE('',#13269,#6475);
#5436=LINE('',#13271,#6476);
#5437=LINE('',#13273,#6477);
#5438=LINE('',#13275,#6478);
#5439=LINE('',#13277,#6479);
#5440=LINE('',#13279,#6480);
#5441=LINE('',#13281,#6481);
#5442=LINE('',#13283,#6482);
#5443=LINE('',#13285,#6483);
#5444=LINE('',#13287,#6484);
#5445=LINE('',#13289,#6485);
#5446=LINE('',#13291,#6486);
#5447=LINE('',#13293,#6487);
#5448=LINE('',#13295,#6488);
#5449=LINE('',#13297,#6489);
#5450=LINE('',#13299,#6490);
#5451=LINE('',#13301,#6491);
#5452=LINE('',#13303,#6492);
#5453=LINE('',#13305,#6493);
#5454=LINE('',#13307,#6494);
#5455=LINE('',#13309,#6495);
#5456=LINE('',#13311,#6496);
#5457=LINE('',#13313,#6497);
#5458=LINE('',#13315,#6498);
#5459=LINE('',#13317,#6499);
#5460=LINE('',#13319,#6500);
#5461=LINE('',#13321,#6501);
#5462=LINE('',#13323,#6502);
#5463=LINE('',#13325,#6503);
#5464=LINE('',#13327,#6504);
#5465=LINE('',#13329,#6505);
#5466=LINE('',#13331,#6506);
#5467=LINE('',#13333,#6507);
#5468=LINE('',#13335,#6508);
#5469=LINE('',#13337,#6509);
#5470=LINE('',#13339,#6510);
#5471=LINE('',#13341,#6511);
#5472=LINE('',#13343,#6512);
#5473=LINE('',#13345,#6513);
#5474=LINE('',#13347,#6514);
#5475=LINE('',#13349,#6515);
#5476=LINE('',#13351,#6516);
#5477=LINE('',#13353,#6517);
#5478=LINE('',#13355,#6518);
#5479=LINE('',#13357,#6519);
#5480=LINE('',#13359,#6520);
#5481=LINE('',#13361,#6521);
#5482=LINE('',#13363,#6522);
#5483=LINE('',#13365,#6523);
#5484=LINE('',#13367,#6524);
#5485=LINE('',#13369,#6525);
#5486=LINE('',#13371,#6526);
#5487=LINE('',#13373,#6527);
#5488=LINE('',#13375,#6528);
#5489=LINE('',#13377,#6529);
#5490=LINE('',#13379,#6530);
#5491=LINE('',#13381,#6531);
#5492=LINE('',#13383,#6532);
#5493=LINE('',#13385,#6533);
#5494=LINE('',#13387,#6534);
#5495=LINE('',#13389,#6535);
#5496=LINE('',#13391,#6536);
#5497=LINE('',#13393,#6537);
#5498=LINE('',#13395,#6538);
#5499=LINE('',#13397,#6539);
#5500=LINE('',#13399,#6540);
#5501=LINE('',#13401,#6541);
#5502=LINE('',#13403,#6542);
#5503=LINE('',#13405,#6543);
#5504=LINE('',#13407,#6544);
#5505=LINE('',#13409,#6545);
#5506=LINE('',#13411,#6546);
#5507=LINE('',#13413,#6547);
#5508=LINE('',#13415,#6548);
#5509=LINE('',#13417,#6549);
#5510=LINE('',#13419,#6550);
#5511=LINE('',#13421,#6551);
#5512=LINE('',#13423,#6552);
#5513=LINE('',#13425,#6553);
#5514=LINE('',#13427,#6554);
#5515=LINE('',#13429,#6555);
#5516=LINE('',#13431,#6556);
#5517=LINE('',#13433,#6557);
#5518=LINE('',#13435,#6558);
#5519=LINE('',#13437,#6559);
#5520=LINE('',#13439,#6560);
#5521=LINE('',#13441,#6561);
#5522=LINE('',#13443,#6562);
#5523=LINE('',#13445,#6563);
#5524=LINE('',#13447,#6564);
#5525=LINE('',#13449,#6565);
#5526=LINE('',#13451,#6566);
#5527=LINE('',#13453,#6567);
#5528=LINE('',#13455,#6568);
#5529=LINE('',#13457,#6569);
#5530=LINE('',#13459,#6570);
#5531=LINE('',#13461,#6571);
#5532=LINE('',#13463,#6572);
#5533=LINE('',#13465,#6573);
#5534=LINE('',#13467,#6574);
#5535=LINE('',#13469,#6575);
#5536=LINE('',#13471,#6576);
#5537=LINE('',#13473,#6577);
#5538=LINE('',#13475,#6578);
#5539=LINE('',#13477,#6579);
#5540=LINE('',#13479,#6580);
#5541=LINE('',#13481,#6581);
#5542=LINE('',#13483,#6582);
#5543=LINE('',#13485,#6583);
#5544=LINE('',#13487,#6584);
#5545=LINE('',#13489,#6585);
#5546=LINE('',#13491,#6586);
#5547=LINE('',#13493,#6587);
#5548=LINE('',#13495,#6588);
#5549=LINE('',#13497,#6589);
#5550=LINE('',#13499,#6590);
#5551=LINE('',#13501,#6591);
#5552=LINE('',#13503,#6592);
#5553=LINE('',#13505,#6593);
#5554=LINE('',#13507,#6594);
#5555=LINE('',#13509,#6595);
#5556=LINE('',#13511,#6596);
#5557=LINE('',#13513,#6597);
#5558=LINE('',#13515,#6598);
#5559=LINE('',#13517,#6599);
#5560=LINE('',#13519,#6600);
#5561=LINE('',#13521,#6601);
#5562=LINE('',#13523,#6602);
#5563=LINE('',#13525,#6603);
#5564=LINE('',#13527,#6604);
#5565=LINE('',#13529,#6605);
#5566=LINE('',#13531,#6606);
#5567=LINE('',#13533,#6607);
#5568=LINE('',#13535,#6608);
#5569=LINE('',#13537,#6609);
#5570=LINE('',#13539,#6610);
#5571=LINE('',#13541,#6611);
#5572=LINE('',#13543,#6612);
#5573=LINE('',#13545,#6613);
#5574=LINE('',#13547,#6614);
#5575=LINE('',#13549,#6615);
#5576=LINE('',#13551,#6616);
#5577=LINE('',#13553,#6617);
#5578=LINE('',#13555,#6618);
#5579=LINE('',#13557,#6619);
#5580=LINE('',#13559,#6620);
#5581=LINE('',#13561,#6621);
#5582=LINE('',#13563,#6622);
#5583=LINE('',#13565,#6623);
#5584=LINE('',#13567,#6624);
#5585=LINE('',#13569,#6625);
#5586=LINE('',#13571,#6626);
#5587=LINE('',#13573,#6627);
#5588=LINE('',#13575,#6628);
#5589=LINE('',#13577,#6629);
#5590=LINE('',#13579,#6630);
#5591=LINE('',#13581,#6631);
#5592=LINE('',#13583,#6632);
#5593=LINE('',#13586,#6633);
#5594=LINE('',#13588,#6634);
#5595=LINE('',#13590,#6635);
#5596=LINE('',#13592,#6636);
#5597=LINE('',#13594,#6637);
#5598=LINE('',#13596,#6638);
#5599=LINE('',#13598,#6639);
#5600=LINE('',#13600,#6640);
#5601=LINE('',#13602,#6641);
#5602=LINE('',#13604,#6642);
#5603=LINE('',#13607,#6643);
#5604=LINE('',#13609,#6644);
#5605=LINE('',#13611,#6645);
#5606=LINE('',#13613,#6646);
#5607=LINE('',#13615,#6647);
#5608=LINE('',#13617,#6648);
#5609=LINE('',#13619,#6649);
#5610=LINE('',#13621,#6650);
#5611=LINE('',#13623,#6651);
#5612=LINE('',#13628,#6652);
#5613=LINE('',#13632,#6653);
#5614=LINE('',#13636,#6654);
#5615=LINE('',#13642,#6655);
#5616=LINE('',#13648,#6656);
#5617=LINE('',#13654,#6657);
#5618=LINE('',#13660,#6658);
#5619=LINE('',#13666,#6659);
#5620=LINE('',#13670,#6660);
#5621=LINE('',#13673,#6661);
#5622=LINE('',#13675,#6662);
#5623=LINE('',#13677,#6663);
#5624=LINE('',#13679,#6664);
#5625=LINE('',#13681,#6665);
#5626=LINE('',#13683,#6666);
#5627=LINE('',#13685,#6667);
#5628=LINE('',#13687,#6668);
#5629=LINE('',#13689,#6669);
#5630=LINE('',#13691,#6670);
#5631=LINE('',#13694,#6671);
#5632=LINE('',#13696,#6672);
#5633=LINE('',#13698,#6673);
#5634=LINE('',#13700,#6674);
#5635=LINE('',#13702,#6675);
#5636=LINE('',#13704,#6676);
#5637=LINE('',#13706,#6677);
#5638=LINE('',#13708,#6678);
#5639=LINE('',#13710,#6679);
#5640=LINE('',#13712,#6680);
#5641=LINE('',#13713,#6681);
#5642=LINE('',#13715,#6682);
#5643=LINE('',#13716,#6683);
#5644=LINE('',#13721,#6684);
#5645=LINE('',#13722,#6685);
#5646=LINE('',#13724,#6686);
#5647=LINE('',#13725,#6687);
#5648=LINE('',#13727,#6688);
#5649=LINE('',#13728,#6689);
#5650=VECTOR('',#9258,1000.);
#5651=VECTOR('',#9259,1000.);
#5652=VECTOR('',#9260,1000.);
#5653=VECTOR('',#9261,1000.);
#5654=VECTOR('',#9264,1000.);
#5655=VECTOR('',#9265,1000.);
#5656=VECTOR('',#9266,1000.);
#5657=VECTOR('',#9269,1000.);
#5658=VECTOR('',#9270,1000.);
#5659=VECTOR('',#9271,1000.);
#5660=VECTOR('',#9274,1000.);
#5661=VECTOR('',#9275,1000.);
#5662=VECTOR('',#9276,1000.);
#5663=VECTOR('',#9279,1000.);
#5664=VECTOR('',#9280,1000.);
#5665=VECTOR('',#9281,1000.);
#5666=VECTOR('',#9284,1000.);
#5667=VECTOR('',#9285,1000.);
#5668=VECTOR('',#9286,1000.);
#5669=VECTOR('',#9289,1000.);
#5670=VECTOR('',#9290,1000.);
#5671=VECTOR('',#9291,1000.);
#5672=VECTOR('',#9294,1000.);
#5673=VECTOR('',#9295,1000.);
#5674=VECTOR('',#9296,1000.);
#5675=VECTOR('',#9299,1000.);
#5676=VECTOR('',#9300,1000.);
#5677=VECTOR('',#9301,1000.);
#5678=VECTOR('',#9304,1000.);
#5679=VECTOR('',#9305,1000.);
#5680=VECTOR('',#9306,1000.);
#5681=VECTOR('',#9309,1000.);
#5682=VECTOR('',#9310,1000.);
#5683=VECTOR('',#9311,1000.);
#5684=VECTOR('',#9314,1000.);
#5685=VECTOR('',#9315,1000.);
#5686=VECTOR('',#9316,1000.);
#5687=VECTOR('',#9319,1000.);
#5688=VECTOR('',#9320,1000.);
#5689=VECTOR('',#9321,1000.);
#5690=VECTOR('',#9324,1000.);
#5691=VECTOR('',#9325,1000.);
#5692=VECTOR('',#9326,1000.);
#5693=VECTOR('',#9329,1000.);
#5694=VECTOR('',#9330,1000.);
#5695=VECTOR('',#9331,1000.);
#5696=VECTOR('',#9334,1000.);
#5697=VECTOR('',#9335,1000.);
#5698=VECTOR('',#9336,1000.);
#5699=VECTOR('',#9339,1000.);
#5700=VECTOR('',#9340,1000.);
#5701=VECTOR('',#9341,1000.);
#5702=VECTOR('',#9344,1000.);
#5703=VECTOR('',#9345,1000.);
#5704=VECTOR('',#9346,1000.);
#5705=VECTOR('',#9349,1000.);
#5706=VECTOR('',#9350,1000.);
#5707=VECTOR('',#9351,1000.);
#5708=VECTOR('',#9354,1000.);
#5709=VECTOR('',#9355,1000.);
#5710=VECTOR('',#9356,1000.);
#5711=VECTOR('',#9359,1000.);
#5712=VECTOR('',#9360,1000.);
#5713=VECTOR('',#9361,1000.);
#5714=VECTOR('',#9364,1000.);
#5715=VECTOR('',#9365,1000.);
#5716=VECTOR('',#9366,1000.);
#5717=VECTOR('',#9369,1000.);
#5718=VECTOR('',#9370,1000.);
#5719=VECTOR('',#9371,1000.);
#5720=VECTOR('',#9374,1000.);
#5721=VECTOR('',#9375,1000.);
#5722=VECTOR('',#9376,1000.);
#5723=VECTOR('',#9379,1000.);
#5724=VECTOR('',#9380,1000.);
#5725=VECTOR('',#9381,1000.);
#5726=VECTOR('',#9384,1000.);
#5727=VECTOR('',#9385,1000.);
#5728=VECTOR('',#9386,1000.);
#5729=VECTOR('',#9389,1000.);
#5730=VECTOR('',#9390,1000.);
#5731=VECTOR('',#9391,1000.);
#5732=VECTOR('',#9394,1000.);
#5733=VECTOR('',#9395,1000.);
#5734=VECTOR('',#9396,1000.);
#5735=VECTOR('',#9399,1000.);
#5736=VECTOR('',#9400,1000.);
#5737=VECTOR('',#9401,1000.);
#5738=VECTOR('',#9404,1000.);
#5739=VECTOR('',#9405,1000.);
#5740=VECTOR('',#9406,1000.);
#5741=VECTOR('',#9409,1000.);
#5742=VECTOR('',#9410,1000.);
#5743=VECTOR('',#9411,1000.);
#5744=VECTOR('',#9414,1000.);
#5745=VECTOR('',#9415,1000.);
#5746=VECTOR('',#9416,1000.);
#5747=VECTOR('',#9419,1000.);
#5748=VECTOR('',#9420,1000.);
#5749=VECTOR('',#9421,1000.);
#5750=VECTOR('',#9424,1000.);
#5751=VECTOR('',#9425,1000.);
#5752=VECTOR('',#9426,1000.);
#5753=VECTOR('',#9429,1000.);
#5754=VECTOR('',#9430,1000.);
#5755=VECTOR('',#9431,1000.);
#5756=VECTOR('',#9434,1000.);
#5757=VECTOR('',#9435,1000.);
#5758=VECTOR('',#9436,1000.);
#5759=VECTOR('',#9439,1000.);
#5760=VECTOR('',#9440,1000.);
#5761=VECTOR('',#9441,1000.);
#5762=VECTOR('',#9444,1000.);
#5763=VECTOR('',#9445,1000.);
#5764=VECTOR('',#9446,1000.);
#5765=VECTOR('',#9449,1000.);
#5766=VECTOR('',#9450,1000.);
#5767=VECTOR('',#9451,1000.);
#5768=VECTOR('',#9454,1000.);
#5769=VECTOR('',#9455,1000.);
#5770=VECTOR('',#9456,1000.);
#5771=VECTOR('',#9459,1000.);
#5772=VECTOR('',#9460,1000.);
#5773=VECTOR('',#9461,1000.);
#5774=VECTOR('',#9464,1000.);
#5775=VECTOR('',#9465,1000.);
#5776=VECTOR('',#9466,1000.);
#5777=VECTOR('',#9469,1000.);
#5778=VECTOR('',#9470,1000.);
#5779=VECTOR('',#9471,1000.);
#5780=VECTOR('',#9474,1000.);
#5781=VECTOR('',#9475,1000.);
#5782=VECTOR('',#9476,1000.);
#5783=VECTOR('',#9479,1000.);
#5784=VECTOR('',#9480,1000.);
#5785=VECTOR('',#9481,1000.);
#5786=VECTOR('',#9484,1000.);
#5787=VECTOR('',#9485,1000.);
#5788=VECTOR('',#9486,1000.);
#5789=VECTOR('',#9489,1000.);
#5790=VECTOR('',#9490,1000.);
#5791=VECTOR('',#9491,1000.);
#5792=VECTOR('',#9494,1000.);
#5793=VECTOR('',#9495,1000.);
#5794=VECTOR('',#9496,1000.);
#5795=VECTOR('',#9499,1000.);
#5796=VECTOR('',#9500,1000.);
#5797=VECTOR('',#9501,1000.);
#5798=VECTOR('',#9504,1000.);
#5799=VECTOR('',#9505,1000.);
#5800=VECTOR('',#9506,1000.);
#5801=VECTOR('',#9509,1000.);
#5802=VECTOR('',#9510,1000.);
#5803=VECTOR('',#9511,1000.);
#5804=VECTOR('',#9514,1000.);
#5805=VECTOR('',#9515,1000.);
#5806=VECTOR('',#9516,1000.);
#5807=VECTOR('',#9519,1000.);
#5808=VECTOR('',#9520,1000.);
#5809=VECTOR('',#9521,1000.);
#5810=VECTOR('',#9524,1000.);
#5811=VECTOR('',#9525,1000.);
#5812=VECTOR('',#9526,1000.);
#5813=VECTOR('',#9529,1000.);
#5814=VECTOR('',#9530,1000.);
#5815=VECTOR('',#9531,1000.);
#5816=VECTOR('',#9534,1000.);
#5817=VECTOR('',#9535,1000.);
#5818=VECTOR('',#9536,1000.);
#5819=VECTOR('',#9539,1000.);
#5820=VECTOR('',#9540,1000.);
#5821=VECTOR('',#9541,1000.);
#5822=VECTOR('',#9544,1000.);
#5823=VECTOR('',#9545,1000.);
#5824=VECTOR('',#9546,1000.);
#5825=VECTOR('',#9549,1000.);
#5826=VECTOR('',#9550,1000.);
#5827=VECTOR('',#9551,1000.);
#5828=VECTOR('',#9554,1000.);
#5829=VECTOR('',#9555,1000.);
#5830=VECTOR('',#9556,1000.);
#5831=VECTOR('',#9559,1000.);
#5832=VECTOR('',#9560,1000.);
#5833=VECTOR('',#9561,1000.);
#5834=VECTOR('',#9564,1000.);
#5835=VECTOR('',#9565,1000.);
#5836=VECTOR('',#9566,1000.);
#5837=VECTOR('',#9569,1000.);
#5838=VECTOR('',#9570,1000.);
#5839=VECTOR('',#9571,1000.);
#5840=VECTOR('',#9574,1000.);
#5841=VECTOR('',#9575,1000.);
#5842=VECTOR('',#9576,1000.);
#5843=VECTOR('',#9579,1000.);
#5844=VECTOR('',#9580,1000.);
#5845=VECTOR('',#9581,1000.);
#5846=VECTOR('',#9584,1000.);
#5847=VECTOR('',#9585,1000.);
#5848=VECTOR('',#9586,1000.);
#5849=VECTOR('',#9589,1000.);
#5850=VECTOR('',#9590,1000.);
#5851=VECTOR('',#9591,1000.);
#5852=VECTOR('',#9594,1000.);
#5853=VECTOR('',#9595,1000.);
#5854=VECTOR('',#9596,1000.);
#5855=VECTOR('',#9597,1000.);
#5856=VECTOR('',#9600,1000.);
#5857=VECTOR('',#9601,1000.);
#5858=VECTOR('',#9602,1000.);
#5859=VECTOR('',#9605,1000.);
#5860=VECTOR('',#9606,1000.);
#5861=VECTOR('',#9607,1000.);
#5862=VECTOR('',#9610,1000.);
#5863=VECTOR('',#9611,1000.);
#5864=VECTOR('',#9612,1000.);
#5865=VECTOR('',#9613,1000.);
#5866=VECTOR('',#9616,1000.);
#5867=VECTOR('',#9617,1000.);
#5868=VECTOR('',#9618,1000.);
#5869=VECTOR('',#9621,1000.);
#5870=VECTOR('',#9622,1000.);
#5871=VECTOR('',#9623,1000.);
#5872=VECTOR('',#9628,1000.);
#5873=VECTOR('',#9631,1000.);
#5874=VECTOR('',#9636,1000.);
#5875=VECTOR('',#9643,1000.);
#5876=VECTOR('',#9650,1000.);
#5877=VECTOR('',#9657,1000.);
#5878=VECTOR('',#9664,1000.);
#5879=VECTOR('',#9671,1000.);
#5880=VECTOR('',#9676,1000.);
#5881=VECTOR('',#9677,1000.);
#5882=VECTOR('',#9678,1000.);
#5883=VECTOR('',#9679,1000.);
#5884=VECTOR('',#9682,1000.);
#5885=VECTOR('',#9683,1000.);
#5886=VECTOR('',#9684,1000.);
#5887=VECTOR('',#9687,1000.);
#5888=VECTOR('',#9688,1000.);
#5889=VECTOR('',#9689,1000.);
#5890=VECTOR('',#9692,1000.);
#5891=VECTOR('',#9693,1000.);
#5892=VECTOR('',#9694,1000.);
#5893=VECTOR('',#9695,1000.);
#5894=VECTOR('',#9698,1000.);
#5895=VECTOR('',#9699,1000.);
#5896=VECTOR('',#9700,1000.);
#5897=VECTOR('',#9703,1000.);
#5898=VECTOR('',#9704,1000.);
#5899=VECTOR('',#9705,1000.);
#5900=VECTOR('',#9708,1000.);
#5901=VECTOR('',#9709,1000.);
#5902=VECTOR('',#9712,1000.);
#5903=VECTOR('',#9713,1000.);
#5904=VECTOR('',#9722,1000.);
#5905=VECTOR('',#9723,1000.);
#5906=VECTOR('',#9726,1000.);
#5907=VECTOR('',#9727,1000.);
#5908=VECTOR('',#9730,1000.);
#5909=VECTOR('',#9731,1000.);
#5910=VECTOR('',#9768,1000.);
#5911=VECTOR('',#9769,1000.);
#5912=VECTOR('',#9770,1000.);
#5913=VECTOR('',#9771,1000.);
#5914=VECTOR('',#9774,1000.);
#5915=VECTOR('',#9775,1000.);
#5916=VECTOR('',#9776,1000.);
#5917=VECTOR('',#9779,1000.);
#5918=VECTOR('',#9780,1000.);
#5919=VECTOR('',#9781,1000.);
#5920=VECTOR('',#9784,1000.);
#5921=VECTOR('',#9785,1000.);
#5922=VECTOR('',#9786,1000.);
#5923=VECTOR('',#9789,1000.);
#5924=VECTOR('',#9790,1000.);
#5925=VECTOR('',#9791,1000.);
#5926=VECTOR('',#9794,1000.);
#5927=VECTOR('',#9795,1000.);
#5928=VECTOR('',#9796,1000.);
#5929=VECTOR('',#9799,1000.);
#5930=VECTOR('',#9800,1000.);
#5931=VECTOR('',#9801,1000.);
#5932=VECTOR('',#9804,1000.);
#5933=VECTOR('',#9805,1000.);
#5934=VECTOR('',#9806,1000.);
#5935=VECTOR('',#9809,1000.);
#5936=VECTOR('',#9810,1000.);
#5937=VECTOR('',#9811,1000.);
#5938=VECTOR('',#9814,1000.);
#5939=VECTOR('',#9815,1000.);
#5940=VECTOR('',#9816,1000.);
#5941=VECTOR('',#9819,1000.);
#5942=VECTOR('',#9820,1000.);
#5943=VECTOR('',#9821,1000.);
#5944=VECTOR('',#9824,1000.);
#5945=VECTOR('',#9825,1000.);
#5946=VECTOR('',#9826,1000.);
#5947=VECTOR('',#9829,1000.);
#5948=VECTOR('',#9830,1000.);
#5949=VECTOR('',#9831,1000.);
#5950=VECTOR('',#9834,1000.);
#5951=VECTOR('',#9835,1000.);
#5952=VECTOR('',#9836,1000.);
#5953=VECTOR('',#9839,1000.);
#5954=VECTOR('',#9840,1000.);
#5955=VECTOR('',#9841,1000.);
#5956=VECTOR('',#9844,1000.);
#5957=VECTOR('',#9845,1000.);
#5958=VECTOR('',#9846,1000.);
#5959=VECTOR('',#9849,1000.);
#5960=VECTOR('',#9850,1000.);
#5961=VECTOR('',#9851,1000.);
#5962=VECTOR('',#9854,1000.);
#5963=VECTOR('',#9855,1000.);
#5964=VECTOR('',#9856,1000.);
#5965=VECTOR('',#9859,1000.);
#5966=VECTOR('',#9860,1000.);
#5967=VECTOR('',#9861,1000.);
#5968=VECTOR('',#9864,1000.);
#5969=VECTOR('',#9865,1000.);
#5970=VECTOR('',#9866,1000.);
#5971=VECTOR('',#9869,1000.);
#5972=VECTOR('',#9870,1000.);
#5973=VECTOR('',#9871,1000.);
#5974=VECTOR('',#9874,1000.);
#5975=VECTOR('',#9875,1000.);
#5976=VECTOR('',#9876,1000.);
#5977=VECTOR('',#9879,1000.);
#5978=VECTOR('',#9880,1000.);
#5979=VECTOR('',#9881,1000.);
#5980=VECTOR('',#9884,1000.);
#5981=VECTOR('',#9885,1000.);
#5982=VECTOR('',#9886,1000.);
#5983=VECTOR('',#9889,1000.);
#5984=VECTOR('',#9890,1000.);
#5985=VECTOR('',#9891,1000.);
#5986=VECTOR('',#9894,1000.);
#5987=VECTOR('',#9895,1000.);
#5988=VECTOR('',#9896,1000.);
#5989=VECTOR('',#9899,1000.);
#5990=VECTOR('',#9900,1000.);
#5991=VECTOR('',#9901,1000.);
#5992=VECTOR('',#9904,1000.);
#5993=VECTOR('',#9905,1000.);
#5994=VECTOR('',#9906,1000.);
#5995=VECTOR('',#9909,1000.);
#5996=VECTOR('',#9910,1000.);
#5997=VECTOR('',#9911,1000.);
#5998=VECTOR('',#9914,1000.);
#5999=VECTOR('',#9915,1000.);
#6000=VECTOR('',#9916,1000.);
#6001=VECTOR('',#9919,1000.);
#6002=VECTOR('',#9920,1000.);
#6003=VECTOR('',#9921,1000.);
#6004=VECTOR('',#9924,1000.);
#6005=VECTOR('',#9925,1000.);
#6006=VECTOR('',#9926,1000.);
#6007=VECTOR('',#9929,1000.);
#6008=VECTOR('',#9930,1000.);
#6009=VECTOR('',#9931,1000.);
#6010=VECTOR('',#9934,1000.);
#6011=VECTOR('',#9935,1000.);
#6012=VECTOR('',#9936,1000.);
#6013=VECTOR('',#9939,1000.);
#6014=VECTOR('',#9940,1000.);
#6015=VECTOR('',#9941,1000.);
#6016=VECTOR('',#9944,1000.);
#6017=VECTOR('',#9945,1000.);
#6018=VECTOR('',#9946,1000.);
#6019=VECTOR('',#9949,1000.);
#6020=VECTOR('',#9950,1000.);
#6021=VECTOR('',#9951,1000.);
#6022=VECTOR('',#9954,1000.);
#6023=VECTOR('',#9955,1000.);
#6024=VECTOR('',#9956,1000.);
#6025=VECTOR('',#9959,1000.);
#6026=VECTOR('',#9960,1000.);
#6027=VECTOR('',#9961,1000.);
#6028=VECTOR('',#9964,1000.);
#6029=VECTOR('',#9965,1000.);
#6030=VECTOR('',#9966,1000.);
#6031=VECTOR('',#9969,1000.);
#6032=VECTOR('',#9970,1000.);
#6033=VECTOR('',#9971,1000.);
#6034=VECTOR('',#9974,1000.);
#6035=VECTOR('',#9975,1000.);
#6036=VECTOR('',#9976,1000.);
#6037=VECTOR('',#9979,1000.);
#6038=VECTOR('',#9980,1000.);
#6039=VECTOR('',#9981,1000.);
#6040=VECTOR('',#9984,1000.);
#6041=VECTOR('',#9985,1000.);
#6042=VECTOR('',#9986,1000.);
#6043=VECTOR('',#9989,1000.);
#6044=VECTOR('',#9990,1000.);
#6045=VECTOR('',#9991,1000.);
#6046=VECTOR('',#9994,1000.);
#6047=VECTOR('',#9995,1000.);
#6048=VECTOR('',#9996,1000.);
#6049=VECTOR('',#9999,1000.);
#6050=VECTOR('',#10000,1000.);
#6051=VECTOR('',#10001,1000.);
#6052=VECTOR('',#10004,1000.);
#6053=VECTOR('',#10005,1000.);
#6054=VECTOR('',#10006,1000.);
#6055=VECTOR('',#10009,1000.);
#6056=VECTOR('',#10010,1000.);
#6057=VECTOR('',#10011,1000.);
#6058=VECTOR('',#10014,1000.);
#6059=VECTOR('',#10015,1000.);
#6060=VECTOR('',#10016,1000.);
#6061=VECTOR('',#10019,1000.);
#6062=VECTOR('',#10020,1000.);
#6063=VECTOR('',#10021,1000.);
#6064=VECTOR('',#10024,1000.);
#6065=VECTOR('',#10025,1000.);
#6066=VECTOR('',#10026,1000.);
#6067=VECTOR('',#10029,1000.);
#6068=VECTOR('',#10030,1000.);
#6069=VECTOR('',#10031,1000.);
#6070=VECTOR('',#10034,1000.);
#6071=VECTOR('',#10035,1000.);
#6072=VECTOR('',#10036,1000.);
#6073=VECTOR('',#10039,1000.);
#6074=VECTOR('',#10040,1000.);
#6075=VECTOR('',#10041,1000.);
#6076=VECTOR('',#10044,1000.);
#6077=VECTOR('',#10045,1000.);
#6078=VECTOR('',#10046,1000.);
#6079=VECTOR('',#10049,1000.);
#6080=VECTOR('',#10050,1000.);
#6081=VECTOR('',#10051,1000.);
#6082=VECTOR('',#10054,1000.);
#6083=VECTOR('',#10055,1000.);
#6084=VECTOR('',#10056,1000.);
#6085=VECTOR('',#10059,1000.);
#6086=VECTOR('',#10060,1000.);
#6087=VECTOR('',#10061,1000.);
#6088=VECTOR('',#10064,1000.);
#6089=VECTOR('',#10065,1000.);
#6090=VECTOR('',#10066,1000.);
#6091=VECTOR('',#10069,1000.);
#6092=VECTOR('',#10070,1000.);
#6093=VECTOR('',#10071,1000.);
#6094=VECTOR('',#10074,1000.);
#6095=VECTOR('',#10075,1000.);
#6096=VECTOR('',#10076,1000.);
#6097=VECTOR('',#10079,1000.);
#6098=VECTOR('',#10080,1000.);
#6099=VECTOR('',#10081,1000.);
#6100=VECTOR('',#10084,1000.);
#6101=VECTOR('',#10085,1000.);
#6102=VECTOR('',#10086,1000.);
#6103=VECTOR('',#10089,1000.);
#6104=VECTOR('',#10090,1000.);
#6105=VECTOR('',#10091,1000.);
#6106=VECTOR('',#10094,1000.);
#6107=VECTOR('',#10095,1000.);
#6108=VECTOR('',#10096,1000.);
#6109=VECTOR('',#10099,1000.);
#6110=VECTOR('',#10100,1000.);
#6111=VECTOR('',#10101,1000.);
#6112=VECTOR('',#10104,1000.);
#6113=VECTOR('',#10105,1000.);
#6114=VECTOR('',#10106,1000.);
#6115=VECTOR('',#10107,1000.);
#6116=VECTOR('',#10110,1000.);
#6117=VECTOR('',#10111,1000.);
#6118=VECTOR('',#10112,1000.);
#6119=VECTOR('',#10115,1000.);
#6120=VECTOR('',#10116,1000.);
#6121=VECTOR('',#10117,1000.);
#6122=VECTOR('',#10120,1000.);
#6123=VECTOR('',#10121,1000.);
#6124=VECTOR('',#10122,1000.);
#6125=VECTOR('',#10123,1000.);
#6126=VECTOR('',#10126,1000.);
#6127=VECTOR('',#10127,1000.);
#6128=VECTOR('',#10128,1000.);
#6129=VECTOR('',#10131,1000.);
#6130=VECTOR('',#10132,1000.);
#6131=VECTOR('',#10133,1000.);
#6132=VECTOR('',#10138,1000.);
#6133=VECTOR('',#10141,1000.);
#6134=VECTOR('',#10146,1000.);
#6135=VECTOR('',#10153,1000.);
#6136=VECTOR('',#10160,1000.);
#6137=VECTOR('',#10167,1000.);
#6138=VECTOR('',#10174,1000.);
#6139=VECTOR('',#10181,1000.);
#6140=VECTOR('',#10186,1000.);
#6141=VECTOR('',#10187,1000.);
#6142=VECTOR('',#10188,1000.);
#6143=VECTOR('',#10189,1000.);
#6144=VECTOR('',#10192,1000.);
#6145=VECTOR('',#10193,1000.);
#6146=VECTOR('',#10194,1000.);
#6147=VECTOR('',#10197,1000.);
#6148=VECTOR('',#10198,1000.);
#6149=VECTOR('',#10199,1000.);
#6150=VECTOR('',#10202,1000.);
#6151=VECTOR('',#10203,1000.);
#6152=VECTOR('',#10204,1000.);
#6153=VECTOR('',#10205,1000.);
#6154=VECTOR('',#10208,1000.);
#6155=VECTOR('',#10209,1000.);
#6156=VECTOR('',#10210,1000.);
#6157=VECTOR('',#10213,1000.);
#6158=VECTOR('',#10214,1000.);
#6159=VECTOR('',#10215,1000.);
#6160=VECTOR('',#10218,1000.);
#6161=VECTOR('',#10219,1000.);
#6162=VECTOR('',#10222,1000.);
#6163=VECTOR('',#10223,1000.);
#6164=VECTOR('',#10232,1000.);
#6165=VECTOR('',#10233,1000.);
#6166=VECTOR('',#10236,1000.);
#6167=VECTOR('',#10237,1000.);
#6168=VECTOR('',#10240,1000.);
#6169=VECTOR('',#10241,1000.);
#6170=VECTOR('',#10250,1000.);
#6171=VECTOR('',#10251,1000.);
#6172=VECTOR('',#10252,1000.);
#6173=VECTOR('',#10253,1000.);
#6174=VECTOR('',#10256,1000.);
#6175=VECTOR('',#10257,1000.);
#6176=VECTOR('',#10258,1000.);
#6177=VECTOR('',#10261,1000.);
#6178=VECTOR('',#10262,1000.);
#6179=VECTOR('',#10263,1000.);
#6180=VECTOR('',#10266,1000.);
#6181=VECTOR('',#10267,1000.);
#6182=VECTOR('',#10268,1000.);
#6183=VECTOR('',#10271,1000.);
#6184=VECTOR('',#10272,1000.);
#6185=VECTOR('',#10273,1000.);
#6186=VECTOR('',#10276,1000.);
#6187=VECTOR('',#10277,1000.);
#6188=VECTOR('',#10278,1000.);
#6189=VECTOR('',#10281,1000.);
#6190=VECTOR('',#10282,1000.);
#6191=VECTOR('',#10283,1000.);
#6192=VECTOR('',#10286,1000.);
#6193=VECTOR('',#10287,1000.);
#6194=VECTOR('',#10288,1000.);
#6195=VECTOR('',#10291,1000.);
#6196=VECTOR('',#10292,1000.);
#6197=VECTOR('',#10293,1000.);
#6198=VECTOR('',#10296,1000.);
#6199=VECTOR('',#10297,1000.);
#6200=VECTOR('',#10298,1000.);
#6201=VECTOR('',#10301,1000.);
#6202=VECTOR('',#10302,1000.);
#6203=VECTOR('',#10303,1000.);
#6204=VECTOR('',#10306,1000.);
#6205=VECTOR('',#10307,1000.);
#6206=VECTOR('',#10308,1000.);
#6207=VECTOR('',#10311,1000.);
#6208=VECTOR('',#10312,1000.);
#6209=VECTOR('',#10313,1000.);
#6210=VECTOR('',#10316,1000.);
#6211=VECTOR('',#10317,1000.);
#6212=VECTOR('',#10318,1000.);
#6213=VECTOR('',#10321,1000.);
#6214=VECTOR('',#10322,1000.);
#6215=VECTOR('',#10323,1000.);
#6216=VECTOR('',#10326,1000.);
#6217=VECTOR('',#10327,1000.);
#6218=VECTOR('',#10328,1000.);
#6219=VECTOR('',#10331,1000.);
#6220=VECTOR('',#10332,1000.);
#6221=VECTOR('',#10333,1000.);
#6222=VECTOR('',#10336,1000.);
#6223=VECTOR('',#10337,1000.);
#6224=VECTOR('',#10338,1000.);
#6225=VECTOR('',#10341,1000.);
#6226=VECTOR('',#10342,1000.);
#6227=VECTOR('',#10343,1000.);
#6228=VECTOR('',#10346,1000.);
#6229=VECTOR('',#10347,1000.);
#6230=VECTOR('',#10348,1000.);
#6231=VECTOR('',#10351,1000.);
#6232=VECTOR('',#10352,1000.);
#6233=VECTOR('',#10353,1000.);
#6234=VECTOR('',#10356,1000.);
#6235=VECTOR('',#10357,1000.);
#6236=VECTOR('',#10358,1000.);
#6237=VECTOR('',#10361,1000.);
#6238=VECTOR('',#10362,1000.);
#6239=VECTOR('',#10363,1000.);
#6240=VECTOR('',#10366,1000.);
#6241=VECTOR('',#10367,1000.);
#6242=VECTOR('',#10368,1000.);
#6243=VECTOR('',#10371,1000.);
#6244=VECTOR('',#10372,1000.);
#6245=VECTOR('',#10373,1000.);
#6246=VECTOR('',#10376,1000.);
#6247=VECTOR('',#10377,1000.);
#6248=VECTOR('',#10378,1000.);
#6249=VECTOR('',#10381,1000.);
#6250=VECTOR('',#10382,1000.);
#6251=VECTOR('',#10383,1000.);
#6252=VECTOR('',#10386,1000.);
#6253=VECTOR('',#10387,1000.);
#6254=VECTOR('',#10388,1000.);
#6255=VECTOR('',#10391,1000.);
#6256=VECTOR('',#10392,1000.);
#6257=VECTOR('',#10393,1000.);
#6258=VECTOR('',#10396,1000.);
#6259=VECTOR('',#10397,1000.);
#6260=VECTOR('',#10398,1000.);
#6261=VECTOR('',#10401,1000.);
#6262=VECTOR('',#10402,1000.);
#6263=VECTOR('',#10403,1000.);
#6264=VECTOR('',#10406,1000.);
#6265=VECTOR('',#10407,1000.);
#6266=VECTOR('',#10408,1000.);
#6267=VECTOR('',#10411,1000.);
#6268=VECTOR('',#10412,1000.);
#6269=VECTOR('',#10413,1000.);
#6270=VECTOR('',#10416,1000.);
#6271=VECTOR('',#10417,1000.);
#6272=VECTOR('',#10418,1000.);
#6273=VECTOR('',#10421,1000.);
#6274=VECTOR('',#10422,1000.);
#6275=VECTOR('',#10423,1000.);
#6276=VECTOR('',#10426,1000.);
#6277=VECTOR('',#10427,1000.);
#6278=VECTOR('',#10428,1000.);
#6279=VECTOR('',#10431,1000.);
#6280=VECTOR('',#10432,1000.);
#6281=VECTOR('',#10433,1000.);
#6282=VECTOR('',#10436,1000.);
#6283=VECTOR('',#10437,1000.);
#6284=VECTOR('',#10438,1000.);
#6285=VECTOR('',#10441,1000.);
#6286=VECTOR('',#10442,1000.);
#6287=VECTOR('',#10443,1000.);
#6288=VECTOR('',#10446,1000.);
#6289=VECTOR('',#10447,1000.);
#6290=VECTOR('',#10448,1000.);
#6291=VECTOR('',#10451,1000.);
#6292=VECTOR('',#10452,1000.);
#6293=VECTOR('',#10453,1000.);
#6294=VECTOR('',#10456,1000.);
#6295=VECTOR('',#10457,1000.);
#6296=VECTOR('',#10458,1000.);
#6297=VECTOR('',#10461,1000.);
#6298=VECTOR('',#10462,1000.);
#6299=VECTOR('',#10463,1000.);
#6300=VECTOR('',#10466,1000.);
#6301=VECTOR('',#10467,1000.);
#6302=VECTOR('',#10468,1000.);
#6303=VECTOR('',#10471,1000.);
#6304=VECTOR('',#10472,1000.);
#6305=VECTOR('',#10473,1000.);
#6306=VECTOR('',#10476,1000.);
#6307=VECTOR('',#10477,1000.);
#6308=VECTOR('',#10478,1000.);
#6309=VECTOR('',#10481,1000.);
#6310=VECTOR('',#10482,1000.);
#6311=VECTOR('',#10483,1000.);
#6312=VECTOR('',#10486,1000.);
#6313=VECTOR('',#10487,1000.);
#6314=VECTOR('',#10488,1000.);
#6315=VECTOR('',#10491,1000.);
#6316=VECTOR('',#10492,1000.);
#6317=VECTOR('',#10493,1000.);
#6318=VECTOR('',#10496,1000.);
#6319=VECTOR('',#10497,1000.);
#6320=VECTOR('',#10498,1000.);
#6321=VECTOR('',#10501,1000.);
#6322=VECTOR('',#10502,1000.);
#6323=VECTOR('',#10503,1000.);
#6324=VECTOR('',#10506,1000.);
#6325=VECTOR('',#10507,1000.);
#6326=VECTOR('',#10508,1000.);
#6327=VECTOR('',#10511,1000.);
#6328=VECTOR('',#10512,1000.);
#6329=VECTOR('',#10513,1000.);
#6330=VECTOR('',#10516,1000.);
#6331=VECTOR('',#10517,1000.);
#6332=VECTOR('',#10518,1000.);
#6333=VECTOR('',#10521,1000.);
#6334=VECTOR('',#10522,1000.);
#6335=VECTOR('',#10523,1000.);
#6336=VECTOR('',#10526,1000.);
#6337=VECTOR('',#10527,1000.);
#6338=VECTOR('',#10528,1000.);
#6339=VECTOR('',#10531,1000.);
#6340=VECTOR('',#10532,1000.);
#6341=VECTOR('',#10533,1000.);
#6342=VECTOR('',#10536,1000.);
#6343=VECTOR('',#10537,1000.);
#6344=VECTOR('',#10538,1000.);
#6345=VECTOR('',#10541,1000.);
#6346=VECTOR('',#10542,1000.);
#6347=VECTOR('',#10543,1000.);
#6348=VECTOR('',#10546,1000.);
#6349=VECTOR('',#10547,1000.);
#6350=VECTOR('',#10548,1000.);
#6351=VECTOR('',#10551,1000.);
#6352=VECTOR('',#10552,1000.);
#6353=VECTOR('',#10553,1000.);
#6354=VECTOR('',#10556,1000.);
#6355=VECTOR('',#10557,1000.);
#6356=VECTOR('',#10558,1000.);
#6357=VECTOR('',#10561,1000.);
#6358=VECTOR('',#10562,1000.);
#6359=VECTOR('',#10563,1000.);
#6360=VECTOR('',#10566,1000.);
#6361=VECTOR('',#10567,1000.);
#6362=VECTOR('',#10568,1000.);
#6363=VECTOR('',#10571,1000.);
#6364=VECTOR('',#10572,1000.);
#6365=VECTOR('',#10573,1000.);
#6366=VECTOR('',#10576,1000.);
#6367=VECTOR('',#10577,1000.);
#6368=VECTOR('',#10578,1000.);
#6369=VECTOR('',#10581,1000.);
#6370=VECTOR('',#10582,1000.);
#6371=VECTOR('',#10583,1000.);
#6372=VECTOR('',#10586,1000.);
#6373=VECTOR('',#10587,1000.);
#6374=VECTOR('',#10588,1000.);
#6375=VECTOR('',#10589,1000.);
#6376=VECTOR('',#10592,1000.);
#6377=VECTOR('',#10593,1000.);
#6378=VECTOR('',#10594,1000.);
#6379=VECTOR('',#10597,1000.);
#6380=VECTOR('',#10598,1000.);
#6381=VECTOR('',#10599,1000.);
#6382=VECTOR('',#10602,1000.);
#6383=VECTOR('',#10603,1000.);
#6384=VECTOR('',#10604,1000.);
#6385=VECTOR('',#10605,1000.);
#6386=VECTOR('',#10608,1000.);
#6387=VECTOR('',#10609,1000.);
#6388=VECTOR('',#10610,1000.);
#6389=VECTOR('',#10613,1000.);
#6390=VECTOR('',#10614,1000.);
#6391=VECTOR('',#10615,1000.);
#6392=VECTOR('',#10620,1000.);
#6393=VECTOR('',#10623,1000.);
#6394=VECTOR('',#10628,1000.);
#6395=VECTOR('',#10635,1000.);
#6396=VECTOR('',#10642,1000.);
#6397=VECTOR('',#10649,1000.);
#6398=VECTOR('',#10656,1000.);
#6399=VECTOR('',#10663,1000.);
#6400=VECTOR('',#10668,1000.);
#6401=VECTOR('',#10669,1000.);
#6402=VECTOR('',#10670,1000.);
#6403=VECTOR('',#10671,1000.);
#6404=VECTOR('',#10674,1000.);
#6405=VECTOR('',#10675,1000.);
#6406=VECTOR('',#10676,1000.);
#6407=VECTOR('',#10679,1000.);
#6408=VECTOR('',#10680,1000.);
#6409=VECTOR('',#10681,1000.);
#6410=VECTOR('',#10684,1000.);
#6411=VECTOR('',#10685,1000.);
#6412=VECTOR('',#10686,1000.);
#6413=VECTOR('',#10687,1000.);
#6414=VECTOR('',#10690,1000.);
#6415=VECTOR('',#10691,1000.);
#6416=VECTOR('',#10692,1000.);
#6417=VECTOR('',#10695,1000.);
#6418=VECTOR('',#10696,1000.);
#6419=VECTOR('',#10697,1000.);
#6420=VECTOR('',#10700,1000.);
#6421=VECTOR('',#10701,1000.);
#6422=VECTOR('',#10704,1000.);
#6423=VECTOR('',#10705,1000.);
#6424=VECTOR('',#10714,1000.);
#6425=VECTOR('',#10715,1000.);
#6426=VECTOR('',#10718,1000.);
#6427=VECTOR('',#10719,1000.);
#6428=VECTOR('',#10722,1000.);
#6429=VECTOR('',#10723,1000.);
#6430=VECTOR('',#10734,1000.);
#6431=VECTOR('',#10735,1000.);
#6432=VECTOR('',#10736,1000.);
#6433=VECTOR('',#10737,1000.);
#6434=VECTOR('',#10740,1000.);
#6435=VECTOR('',#10741,1000.);
#6436=VECTOR('',#10742,1000.);
#6437=VECTOR('',#10745,1000.);
#6438=VECTOR('',#10746,1000.);
#6439=VECTOR('',#10747,1000.);
#6440=VECTOR('',#10750,1000.);
#6441=VECTOR('',#10751,1000.);
#6442=VECTOR('',#10752,1000.);
#6443=VECTOR('',#10755,1000.);
#6444=VECTOR('',#10756,1000.);
#6445=VECTOR('',#10757,1000.);
#6446=VECTOR('',#10760,1000.);
#6447=VECTOR('',#10761,1000.);
#6448=VECTOR('',#10762,1000.);
#6449=VECTOR('',#10765,1000.);
#6450=VECTOR('',#10766,1000.);
#6451=VECTOR('',#10767,1000.);
#6452=VECTOR('',#10770,1000.);
#6453=VECTOR('',#10771,1000.);
#6454=VECTOR('',#10772,1000.);
#6455=VECTOR('',#10775,1000.);
#6456=VECTOR('',#10776,1000.);
#6457=VECTOR('',#10777,1000.);
#6458=VECTOR('',#10780,1000.);
#6459=VECTOR('',#10781,1000.);
#6460=VECTOR('',#10782,1000.);
#6461=VECTOR('',#10785,1000.);
#6462=VECTOR('',#10786,1000.);
#6463=VECTOR('',#10787,1000.);
#6464=VECTOR('',#10790,1000.);
#6465=VECTOR('',#10791,1000.);
#6466=VECTOR('',#10792,1000.);
#6467=VECTOR('',#10795,1000.);
#6468=VECTOR('',#10796,1000.);
#6469=VECTOR('',#10797,1000.);
#6470=VECTOR('',#10800,1000.);
#6471=VECTOR('',#10801,1000.);
#6472=VECTOR('',#10802,1000.);
#6473=VECTOR('',#10805,1000.);
#6474=VECTOR('',#10806,1000.);
#6475=VECTOR('',#10807,1000.);
#6476=VECTOR('',#10810,1000.);
#6477=VECTOR('',#10811,1000.);
#6478=VECTOR('',#10812,1000.);
#6479=VECTOR('',#10815,1000.);
#6480=VECTOR('',#10816,1000.);
#6481=VECTOR('',#10817,1000.);
#6482=VECTOR('',#10820,1000.);
#6483=VECTOR('',#10821,1000.);
#6484=VECTOR('',#10822,1000.);
#6485=VECTOR('',#10825,1000.);
#6486=VECTOR('',#10826,1000.);
#6487=VECTOR('',#10827,1000.);
#6488=VECTOR('',#10830,1000.);
#6489=VECTOR('',#10831,1000.);
#6490=VECTOR('',#10832,1000.);
#6491=VECTOR('',#10835,1000.);
#6492=VECTOR('',#10836,1000.);
#6493=VECTOR('',#10837,1000.);
#6494=VECTOR('',#10840,1000.);
#6495=VECTOR('',#10841,1000.);
#6496=VECTOR('',#10842,1000.);
#6497=VECTOR('',#10845,1000.);
#6498=VECTOR('',#10846,1000.);
#6499=VECTOR('',#10847,1000.);
#6500=VECTOR('',#10850,1000.);
#6501=VECTOR('',#10851,1000.);
#6502=VECTOR('',#10852,1000.);
#6503=VECTOR('',#10855,1000.);
#6504=VECTOR('',#10856,1000.);
#6505=VECTOR('',#10857,1000.);
#6506=VECTOR('',#10860,1000.);
#6507=VECTOR('',#10861,1000.);
#6508=VECTOR('',#10862,1000.);
#6509=VECTOR('',#10865,1000.);
#6510=VECTOR('',#10866,1000.);
#6511=VECTOR('',#10867,1000.);
#6512=VECTOR('',#10870,1000.);
#6513=VECTOR('',#10871,1000.);
#6514=VECTOR('',#10872,1000.);
#6515=VECTOR('',#10875,1000.);
#6516=VECTOR('',#10876,1000.);
#6517=VECTOR('',#10877,1000.);
#6518=VECTOR('',#10880,1000.);
#6519=VECTOR('',#10881,1000.);
#6520=VECTOR('',#10882,1000.);
#6521=VECTOR('',#10885,1000.);
#6522=VECTOR('',#10886,1000.);
#6523=VECTOR('',#10887,1000.);
#6524=VECTOR('',#10890,1000.);
#6525=VECTOR('',#10891,1000.);
#6526=VECTOR('',#10892,1000.);
#6527=VECTOR('',#10895,1000.);
#6528=VECTOR('',#10896,1000.);
#6529=VECTOR('',#10897,1000.);
#6530=VECTOR('',#10900,1000.);
#6531=VECTOR('',#10901,1000.);
#6532=VECTOR('',#10902,1000.);
#6533=VECTOR('',#10905,1000.);
#6534=VECTOR('',#10906,1000.);
#6535=VECTOR('',#10907,1000.);
#6536=VECTOR('',#10910,1000.);
#6537=VECTOR('',#10911,1000.);
#6538=VECTOR('',#10912,1000.);
#6539=VECTOR('',#10915,1000.);
#6540=VECTOR('',#10916,1000.);
#6541=VECTOR('',#10917,1000.);
#6542=VECTOR('',#10920,1000.);
#6543=VECTOR('',#10921,1000.);
#6544=VECTOR('',#10922,1000.);
#6545=VECTOR('',#10925,1000.);
#6546=VECTOR('',#10926,1000.);
#6547=VECTOR('',#10927,1000.);
#6548=VECTOR('',#10930,1000.);
#6549=VECTOR('',#10931,1000.);
#6550=VECTOR('',#10932,1000.);
#6551=VECTOR('',#10935,1000.);
#6552=VECTOR('',#10936,1000.);
#6553=VECTOR('',#10937,1000.);
#6554=VECTOR('',#10940,1000.);
#6555=VECTOR('',#10941,1000.);
#6556=VECTOR('',#10942,1000.);
#6557=VECTOR('',#10945,1000.);
#6558=VECTOR('',#10946,1000.);
#6559=VECTOR('',#10947,1000.);
#6560=VECTOR('',#10950,1000.);
#6561=VECTOR('',#10951,1000.);
#6562=VECTOR('',#10952,1000.);
#6563=VECTOR('',#10955,1000.);
#6564=VECTOR('',#10956,1000.);
#6565=VECTOR('',#10957,1000.);
#6566=VECTOR('',#10960,1000.);
#6567=VECTOR('',#10961,1000.);
#6568=VECTOR('',#10962,1000.);
#6569=VECTOR('',#10965,1000.);
#6570=VECTOR('',#10966,1000.);
#6571=VECTOR('',#10967,1000.);
#6572=VECTOR('',#10970,1000.);
#6573=VECTOR('',#10971,1000.);
#6574=VECTOR('',#10972,1000.);
#6575=VECTOR('',#10975,1000.);
#6576=VECTOR('',#10976,1000.);
#6577=VECTOR('',#10977,1000.);
#6578=VECTOR('',#10980,1000.);
#6579=VECTOR('',#10981,1000.);
#6580=VECTOR('',#10982,1000.);
#6581=VECTOR('',#10985,1000.);
#6582=VECTOR('',#10986,1000.);
#6583=VECTOR('',#10987,1000.);
#6584=VECTOR('',#10990,1000.);
#6585=VECTOR('',#10991,1000.);
#6586=VECTOR('',#10992,1000.);
#6587=VECTOR('',#10995,1000.);
#6588=VECTOR('',#10996,1000.);
#6589=VECTOR('',#10997,1000.);
#6590=VECTOR('',#11000,1000.);
#6591=VECTOR('',#11001,1000.);
#6592=VECTOR('',#11002,1000.);
#6593=VECTOR('',#11005,1000.);
#6594=VECTOR('',#11006,1000.);
#6595=VECTOR('',#11007,1000.);
#6596=VECTOR('',#11010,1000.);
#6597=VECTOR('',#11011,1000.);
#6598=VECTOR('',#11012,1000.);
#6599=VECTOR('',#11015,1000.);
#6600=VECTOR('',#11016,1000.);
#6601=VECTOR('',#11017,1000.);
#6602=VECTOR('',#11020,1000.);
#6603=VECTOR('',#11021,1000.);
#6604=VECTOR('',#11022,1000.);
#6605=VECTOR('',#11025,1000.);
#6606=VECTOR('',#11026,1000.);
#6607=VECTOR('',#11027,1000.);
#6608=VECTOR('',#11030,1000.);
#6609=VECTOR('',#11031,1000.);
#6610=VECTOR('',#11032,1000.);
#6611=VECTOR('',#11035,1000.);
#6612=VECTOR('',#11036,1000.);
#6613=VECTOR('',#11037,1000.);
#6614=VECTOR('',#11040,1000.);
#6615=VECTOR('',#11041,1000.);
#6616=VECTOR('',#11042,1000.);
#6617=VECTOR('',#11045,1000.);
#6618=VECTOR('',#11046,1000.);
#6619=VECTOR('',#11047,1000.);
#6620=VECTOR('',#11050,1000.);
#6621=VECTOR('',#11051,1000.);
#6622=VECTOR('',#11052,1000.);
#6623=VECTOR('',#11055,1000.);
#6624=VECTOR('',#11056,1000.);
#6625=VECTOR('',#11057,1000.);
#6626=VECTOR('',#11060,1000.);
#6627=VECTOR('',#11061,1000.);
#6628=VECTOR('',#11062,1000.);
#6629=VECTOR('',#11065,1000.);
#6630=VECTOR('',#11066,1000.);
#6631=VECTOR('',#11067,1000.);
#6632=VECTOR('',#11070,1000.);
#6633=VECTOR('',#11071,1000.);
#6634=VECTOR('',#11072,1000.);
#6635=VECTOR('',#11073,1000.);
#6636=VECTOR('',#11076,1000.);
#6637=VECTOR('',#11077,1000.);
#6638=VECTOR('',#11078,1000.);
#6639=VECTOR('',#11081,1000.);
#6640=VECTOR('',#11082,1000.);
#6641=VECTOR('',#11083,1000.);
#6642=VECTOR('',#11086,1000.);
#6643=VECTOR('',#11087,1000.);
#6644=VECTOR('',#11088,1000.);
#6645=VECTOR('',#11089,1000.);
#6646=VECTOR('',#11092,1000.);
#6647=VECTOR('',#11093,1000.);
#6648=VECTOR('',#11094,1000.);
#6649=VECTOR('',#11097,1000.);
#6650=VECTOR('',#11098,1000.);
#6651=VECTOR('',#11099,1000.);
#6652=VECTOR('',#11104,1000.);
#6653=VECTOR('',#11107,1000.);
#6654=VECTOR('',#11112,1000.);
#6655=VECTOR('',#11119,1000.);
#6656=VECTOR('',#11126,1000.);
#6657=VECTOR('',#11133,1000.);
#6658=VECTOR('',#11140,1000.);
#6659=VECTOR('',#11147,1000.);
#6660=VECTOR('',#11152,1000.);
#6661=VECTOR('',#11153,1000.);
#6662=VECTOR('',#11154,1000.);
#6663=VECTOR('',#11155,1000.);
#6664=VECTOR('',#11158,1000.);
#6665=VECTOR('',#11159,1000.);
#6666=VECTOR('',#11160,1000.);
#6667=VECTOR('',#11163,1000.);
#6668=VECTOR('',#11164,1000.);
#6669=VECTOR('',#11165,1000.);
#6670=VECTOR('',#11168,1000.);
#6671=VECTOR('',#11169,1000.);
#6672=VECTOR('',#11170,1000.);
#6673=VECTOR('',#11171,1000.);
#6674=VECTOR('',#11174,1000.);
#6675=VECTOR('',#11175,1000.);
#6676=VECTOR('',#11176,1000.);
#6677=VECTOR('',#11179,1000.);
#6678=VECTOR('',#11180,1000.);
#6679=VECTOR('',#11181,1000.);
#6680=VECTOR('',#11184,1000.);
#6681=VECTOR('',#11185,1000.);
#6682=VECTOR('',#11188,1000.);
#6683=VECTOR('',#11189,1000.);
#6684=VECTOR('',#11198,1000.);
#6685=VECTOR('',#11199,1000.);
#6686=VECTOR('',#11202,1000.);
#6687=VECTOR('',#11203,1000.);
#6688=VECTOR('',#11206,1000.);
#6689=VECTOR('',#11207,1000.);
#6690=EDGE_LOOP('',(#250,#251,#252,#253));
#6691=EDGE_LOOP('',(#254,#255,#256,#257));
#6692=EDGE_LOOP('',(#258,#259,#260,#261));
#6693=EDGE_LOOP('',(#262,#263,#264,#265));
#6694=EDGE_LOOP('',(#266,#267,#268,#269));
#6695=EDGE_LOOP('',(#270,#271,#272,#273));
#6696=EDGE_LOOP('',(#274,#275,#276,#277));
#6697=EDGE_LOOP('',(#278,#279,#280,#281));
#6698=EDGE_LOOP('',(#282,#283,#284,#285));
#6699=EDGE_LOOP('',(#286,#287,#288,#289));
#6700=EDGE_LOOP('',(#290,#291,#292,#293));
#6701=EDGE_LOOP('',(#294,#295,#296,#297));
#6702=EDGE_LOOP('',(#298,#299,#300,#301));
#6703=EDGE_LOOP('',(#302,#303,#304,#305));
#6704=EDGE_LOOP('',(#306,#307,#308,#309));
#6705=EDGE_LOOP('',(#310,#311,#312,#313));
#6706=EDGE_LOOP('',(#314,#315,#316,#317));
#6707=EDGE_LOOP('',(#318,#319,#320,#321));
#6708=EDGE_LOOP('',(#322,#323,#324,#325));
#6709=EDGE_LOOP('',(#326,#327,#328,#329));
#6710=EDGE_LOOP('',(#330,#331,#332,#333));
#6711=EDGE_LOOP('',(#334,#335,#336,#337));
#6712=EDGE_LOOP('',(#338,#339,#340,#341));
#6713=EDGE_LOOP('',(#342,#343,#344,#345));
#6714=EDGE_LOOP('',(#346,#347,#348,#349));
#6715=EDGE_LOOP('',(#350,#351,#352,#353));
#6716=EDGE_LOOP('',(#354,#355,#356,#357));
#6717=EDGE_LOOP('',(#358,#359,#360,#361));
#6718=EDGE_LOOP('',(#362,#363,#364,#365));
#6719=EDGE_LOOP('',(#366,#367,#368,#369));
#6720=EDGE_LOOP('',(#370,#371,#372,#373));
#6721=EDGE_LOOP('',(#374,#375,#376,#377));
#6722=EDGE_LOOP('',(#378,#379,#380,#381));
#6723=EDGE_LOOP('',(#382,#383,#384,#385));
#6724=EDGE_LOOP('',(#386,#387,#388,#389));
#6725=EDGE_LOOP('',(#390,#391,#392,#393));
#6726=EDGE_LOOP('',(#394,#395,#396,#397));
#6727=EDGE_LOOP('',(#398,#399,#400,#401));
#6728=EDGE_LOOP('',(#402,#403,#404,#405));
#6729=EDGE_LOOP('',(#406,#407,#408,#409));
#6730=EDGE_LOOP('',(#410,#411,#412,#413));
#6731=EDGE_LOOP('',(#414,#415,#416,#417));
#6732=EDGE_LOOP('',(#418,#419,#420,#421));
#6733=EDGE_LOOP('',(#422,#423,#424,#425));
#6734=EDGE_LOOP('',(#426,#427,#428,#429));
#6735=EDGE_LOOP('',(#430,#431,#432,#433));
#6736=EDGE_LOOP('',(#434,#435,#436,#437));
#6737=EDGE_LOOP('',(#438,#439,#440,#441));
#6738=EDGE_LOOP('',(#442,#443,#444,#445));
#6739=EDGE_LOOP('',(#446,#447,#448,#449));
#6740=EDGE_LOOP('',(#450,#451,#452,#453));
#6741=EDGE_LOOP('',(#454,#455,#456,#457));
#6742=EDGE_LOOP('',(#458,#459,#460,#461));
#6743=EDGE_LOOP('',(#462,#463,#464,#465));
#6744=EDGE_LOOP('',(#466,#467,#468,#469));
#6745=EDGE_LOOP('',(#470,#471,#472,#473));
#6746=EDGE_LOOP('',(#474,#475,#476,#477));
#6747=EDGE_LOOP('',(#478,#479,#480,#481));
#6748=EDGE_LOOP('',(#482,#483,#484,#485));
#6749=EDGE_LOOP('',(#486,#487,#488,#489));
#6750=EDGE_LOOP('',(#490,#491,#492,#493));
#6751=EDGE_LOOP('',(#494,#495,#496,#497));
#6752=EDGE_LOOP('',(#498,#499,#500,#501));
#6753=EDGE_LOOP('',(#502,#503,#504,#505));
#6754=EDGE_LOOP('',(#506,#507,#508,#509));
#6755=EDGE_LOOP('',(#510,#511,#512,#513));
#6756=EDGE_LOOP('',(#514,#515,#516,#517));
#6757=EDGE_LOOP('',(#518,#519,#520,#521));
#6758=EDGE_LOOP('',(#522,#523,#524,#525));
#6759=EDGE_LOOP('',(#526,#527,#528,#529));
#6760=EDGE_LOOP('',(#530,#531,#532,#533));
#6761=EDGE_LOOP('',(#534,#535,#536,#537));
#6762=EDGE_LOOP('',(#538,#539,#540,#541));
#6763=EDGE_LOOP('',(#542,#543,#544,#545));
#6764=EDGE_LOOP('',(#546,#547,#548,#549));
#6765=EDGE_LOOP('',(#550,#551,#552,#553));
#6766=EDGE_LOOP('',(#554,#555,#556,#557));
#6767=EDGE_LOOP('',(#558,#559,#560,#561));
#6768=EDGE_LOOP('',(#562,#563,#564,#565));
#6769=EDGE_LOOP('',(#566,#567,#568,#569));
#6770=EDGE_LOOP('',(#570,#571,#572,#573));
#6771=EDGE_LOOP('',(#574,#575,#576,#577));
#6772=EDGE_LOOP('',(#578,#579,#580,#581));
#6773=EDGE_LOOP('',(#582,#583,#584,#585));
#6774=EDGE_LOOP('',(#586,#587,#588,#589));
#6775=EDGE_LOOP('',(#590,#591,#592,#593));
#6776=EDGE_LOOP('',(#594,#595,#596,#597));
#6777=EDGE_LOOP('',(#598,#599,#600,#601));
#6778=EDGE_LOOP('',(#602,#603,#604,#605));
#6779=EDGE_LOOP('',(#606,#607,#608,#609));
#6780=EDGE_LOOP('',(#610,#611,#612,#613));
#6781=EDGE_LOOP('',(#614,#615,#616,#617));
#6782=EDGE_LOOP('',(#618,#619,#620,#621));
#6783=EDGE_LOOP('',(#622,#623,#624,#625));
#6784=EDGE_LOOP('',(#626,#627,#628,#629,#630,#631,#632,#633));
#6785=EDGE_LOOP('',(#634,#635,#636,#637));
#6786=EDGE_LOOP('',(#638,#639,#640,#641));
#6787=EDGE_LOOP('',(#642,#643,#644,#645,#646,#647,#648,#649,#650,#651,#652,
#653,#654,#655,#656,#657,#658,#659,#660,#661,#662,#663,#664,#665,#666,#667,
#668,#669,#670,#671,#672,#673,#674,#675,#676,#677,#678,#679,#680,#681,#682,
#683,#684,#685,#686,#687,#688,#689,#690,#691,#692,#693,#694,#695,#696,#697,
#698,#699,#700,#701,#702,#703,#704,#705,#706,#707,#708,#709));
#6788=EDGE_LOOP('',(#710,#711,#712,#713));
#6789=EDGE_LOOP('',(#714,#715,#716,#717));
#6790=EDGE_LOOP('',(#718,#719,#720,#721,#722,#723,#724,#725));
#6791=EDGE_LOOP('',(#726,#727,#728,#729));
#6792=EDGE_LOOP('',(#730,#731,#732,#733));
#6793=EDGE_LOOP('',(#734,#735,#736,#737,#738,#739,#740,#741,#742,#743,#744,
#745,#746,#747,#748,#749,#750,#751,#752,#753,#754,#755,#756,#757,#758,#759,
#760,#761,#762,#763,#764,#765,#766,#767,#768,#769,#770,#771,#772,#773,#774,
#775,#776,#777,#778,#779,#780,#781,#782,#783,#784,#785,#786,#787,#788,#789,
#790,#791,#792,#793,#794,#795,#796,#797,#798,#799,#800,#801));
#6794=EDGE_LOOP('',(#802));
#6795=EDGE_LOOP('',(#803));
#6796=EDGE_LOOP('',(#804));
#6797=EDGE_LOOP('',(#805));
#6798=EDGE_LOOP('',(#806));
#6799=EDGE_LOOP('',(#807));
#6800=EDGE_LOOP('',(#808));
#6801=EDGE_LOOP('',(#809));
#6802=EDGE_LOOP('',(#810));
#6803=EDGE_LOOP('',(#811));
#6804=EDGE_LOOP('',(#812));
#6805=EDGE_LOOP('',(#813));
#6806=EDGE_LOOP('',(#814,#815,#816,#817));
#6807=EDGE_LOOP('',(#818,#819,#820,#821));
#6808=EDGE_LOOP('',(#822,#823,#824,#825));
#6809=EDGE_LOOP('',(#826,#827,#828,#829));
#6810=EDGE_LOOP('',(#830,#831,#832,#833));
#6811=EDGE_LOOP('',(#834,#835,#836,#837));
#6812=EDGE_LOOP('',(#838,#839,#840,#841));
#6813=EDGE_LOOP('',(#842,#843,#844,#845));
#6814=EDGE_LOOP('',(#846,#847,#848,#849));
#6815=EDGE_LOOP('',(#850,#851,#852,#853));
#6816=EDGE_LOOP('',(#854,#855,#856,#857));
#6817=EDGE_LOOP('',(#858,#859,#860,#861));
#6818=EDGE_LOOP('',(#862,#863,#864,#865));
#6819=EDGE_LOOP('',(#866,#867,#868,#869));
#6820=EDGE_LOOP('',(#870,#871,#872,#873));
#6821=EDGE_LOOP('',(#874,#875,#876,#877));
#6822=EDGE_LOOP('',(#878,#879,#880,#881));
#6823=EDGE_LOOP('',(#882,#883,#884,#885));
#6824=EDGE_LOOP('',(#886,#887,#888,#889));
#6825=EDGE_LOOP('',(#890,#891,#892,#893));
#6826=EDGE_LOOP('',(#894,#895,#896,#897));
#6827=EDGE_LOOP('',(#898,#899,#900,#901));
#6828=EDGE_LOOP('',(#902,#903,#904,#905));
#6829=EDGE_LOOP('',(#906,#907,#908,#909));
#6830=EDGE_LOOP('',(#910,#911,#912,#913));
#6831=EDGE_LOOP('',(#914,#915,#916,#917));
#6832=EDGE_LOOP('',(#918,#919,#920,#921));
#6833=EDGE_LOOP('',(#922,#923,#924,#925));
#6834=EDGE_LOOP('',(#926,#927,#928,#929));
#6835=EDGE_LOOP('',(#930,#931,#932,#933));
#6836=EDGE_LOOP('',(#934,#935,#936,#937));
#6837=EDGE_LOOP('',(#938,#939,#940,#941));
#6838=EDGE_LOOP('',(#942,#943,#944,#945));
#6839=EDGE_LOOP('',(#946,#947,#948,#949));
#6840=EDGE_LOOP('',(#950,#951,#952,#953));
#6841=EDGE_LOOP('',(#954,#955,#956,#957));
#6842=EDGE_LOOP('',(#958,#959,#960,#961));
#6843=EDGE_LOOP('',(#962,#963,#964,#965));
#6844=EDGE_LOOP('',(#966,#967,#968,#969));
#6845=EDGE_LOOP('',(#970,#971,#972,#973));
#6846=EDGE_LOOP('',(#974,#975,#976,#977));
#6847=EDGE_LOOP('',(#978,#979,#980,#981));
#6848=EDGE_LOOP('',(#982,#983,#984,#985));
#6849=EDGE_LOOP('',(#986,#987,#988,#989));
#6850=EDGE_LOOP('',(#990,#991,#992,#993));
#6851=EDGE_LOOP('',(#994,#995,#996,#997));
#6852=EDGE_LOOP('',(#998,#999,#1000,#1001));
#6853=EDGE_LOOP('',(#1002,#1003,#1004,#1005));
#6854=EDGE_LOOP('',(#1006,#1007,#1008,#1009));
#6855=EDGE_LOOP('',(#1010,#1011,#1012,#1013));
#6856=EDGE_LOOP('',(#1014,#1015,#1016,#1017));
#6857=EDGE_LOOP('',(#1018,#1019,#1020,#1021));
#6858=EDGE_LOOP('',(#1022,#1023,#1024,#1025));
#6859=EDGE_LOOP('',(#1026,#1027,#1028,#1029));
#6860=EDGE_LOOP('',(#1030,#1031,#1032,#1033));
#6861=EDGE_LOOP('',(#1034,#1035,#1036,#1037));
#6862=EDGE_LOOP('',(#1038,#1039,#1040,#1041));
#6863=EDGE_LOOP('',(#1042,#1043,#1044,#1045));
#6864=EDGE_LOOP('',(#1046,#1047,#1048,#1049));
#6865=EDGE_LOOP('',(#1050,#1051,#1052,#1053));
#6866=EDGE_LOOP('',(#1054,#1055,#1056,#1057));
#6867=EDGE_LOOP('',(#1058,#1059,#1060,#1061));
#6868=EDGE_LOOP('',(#1062,#1063,#1064,#1065));
#6869=EDGE_LOOP('',(#1066,#1067,#1068,#1069));
#6870=EDGE_LOOP('',(#1070,#1071,#1072,#1073));
#6871=EDGE_LOOP('',(#1074,#1075,#1076,#1077));
#6872=EDGE_LOOP('',(#1078,#1079,#1080,#1081));
#6873=EDGE_LOOP('',(#1082,#1083,#1084,#1085));
#6874=EDGE_LOOP('',(#1086,#1087,#1088,#1089));
#6875=EDGE_LOOP('',(#1090,#1091,#1092,#1093));
#6876=EDGE_LOOP('',(#1094,#1095,#1096,#1097));
#6877=EDGE_LOOP('',(#1098,#1099,#1100,#1101));
#6878=EDGE_LOOP('',(#1102,#1103,#1104,#1105));
#6879=EDGE_LOOP('',(#1106,#1107,#1108,#1109));
#6880=EDGE_LOOP('',(#1110,#1111,#1112,#1113));
#6881=EDGE_LOOP('',(#1114,#1115,#1116,#1117));
#6882=EDGE_LOOP('',(#1118,#1119,#1120,#1121));
#6883=EDGE_LOOP('',(#1122,#1123,#1124,#1125));
#6884=EDGE_LOOP('',(#1126,#1127,#1128,#1129));
#6885=EDGE_LOOP('',(#1130,#1131,#1132,#1133));
#6886=EDGE_LOOP('',(#1134,#1135,#1136,#1137));
#6887=EDGE_LOOP('',(#1138,#1139,#1140,#1141));
#6888=EDGE_LOOP('',(#1142,#1143,#1144,#1145));
#6889=EDGE_LOOP('',(#1146,#1147,#1148,#1149));
#6890=EDGE_LOOP('',(#1150,#1151,#1152,#1153));
#6891=EDGE_LOOP('',(#1154,#1155,#1156,#1157));
#6892=EDGE_LOOP('',(#1158,#1159,#1160,#1161));
#6893=EDGE_LOOP('',(#1162,#1163,#1164,#1165));
#6894=EDGE_LOOP('',(#1166,#1167,#1168,#1169));
#6895=EDGE_LOOP('',(#1170,#1171,#1172,#1173));
#6896=EDGE_LOOP('',(#1174,#1175,#1176,#1177));
#6897=EDGE_LOOP('',(#1178,#1179,#1180,#1181));
#6898=EDGE_LOOP('',(#1182,#1183,#1184,#1185));
#6899=EDGE_LOOP('',(#1186,#1187,#1188,#1189));
#6900=EDGE_LOOP('',(#1190,#1191,#1192,#1193,#1194,#1195,#1196,#1197));
#6901=EDGE_LOOP('',(#1198,#1199,#1200,#1201));
#6902=EDGE_LOOP('',(#1202,#1203,#1204,#1205));
#6903=EDGE_LOOP('',(#1206,#1207,#1208,#1209,#1210,#1211,#1212,#1213,#1214,
#1215,#1216,#1217,#1218,#1219,#1220,#1221,#1222,#1223,#1224,#1225,#1226,
#1227,#1228,#1229,#1230,#1231,#1232,#1233,#1234,#1235,#1236,#1237,#1238,
#1239,#1240,#1241,#1242,#1243,#1244,#1245,#1246,#1247,#1248,#1249,#1250,
#1251,#1252,#1253,#1254,#1255,#1256,#1257,#1258,#1259,#1260,#1261,#1262,
#1263,#1264,#1265,#1266,#1267,#1268,#1269,#1270,#1271,#1272,#1273));
#6904=EDGE_LOOP('',(#1274,#1275,#1276,#1277));
#6905=EDGE_LOOP('',(#1278,#1279,#1280,#1281));
#6906=EDGE_LOOP('',(#1282,#1283,#1284,#1285,#1286,#1287,#1288,#1289));
#6907=EDGE_LOOP('',(#1290,#1291,#1292,#1293));
#6908=EDGE_LOOP('',(#1294,#1295,#1296,#1297));
#6909=EDGE_LOOP('',(#1298,#1299,#1300,#1301,#1302,#1303,#1304,#1305,#1306,
#1307,#1308,#1309,#1310,#1311,#1312,#1313,#1314,#1315,#1316,#1317,#1318,
#1319,#1320,#1321,#1322,#1323,#1324,#1325,#1326,#1327,#1328,#1329,#1330,
#1331,#1332,#1333,#1334,#1335,#1336,#1337,#1338,#1339,#1340,#1341,#1342,
#1343,#1344,#1345,#1346,#1347,#1348,#1349,#1350,#1351,#1352,#1353,#1354,
#1355,#1356,#1357,#1358,#1359,#1360,#1361,#1362,#1363,#1364,#1365));
#6910=EDGE_LOOP('',(#1366,#1367,#1368,#1369));
#6911=EDGE_LOOP('',(#1370,#1371,#1372,#1373));
#6912=EDGE_LOOP('',(#1374,#1375,#1376,#1377));
#6913=EDGE_LOOP('',(#1378,#1379,#1380,#1381));
#6914=EDGE_LOOP('',(#1382,#1383,#1384,#1385));
#6915=EDGE_LOOP('',(#1386,#1387,#1388,#1389));
#6916=EDGE_LOOP('',(#1390,#1391,#1392,#1393));
#6917=EDGE_LOOP('',(#1394,#1395,#1396,#1397));
#6918=EDGE_LOOP('',(#1398,#1399,#1400,#1401));
#6919=EDGE_LOOP('',(#1402,#1403,#1404,#1405));
#6920=EDGE_LOOP('',(#1406,#1407,#1408,#1409));
#6921=EDGE_LOOP('',(#1410,#1411,#1412,#1413));
#6922=EDGE_LOOP('',(#1414,#1415,#1416,#1417));
#6923=EDGE_LOOP('',(#1418,#1419,#1420,#1421));
#6924=EDGE_LOOP('',(#1422,#1423,#1424,#1425));
#6925=EDGE_LOOP('',(#1426,#1427,#1428,#1429));
#6926=EDGE_LOOP('',(#1430,#1431,#1432,#1433));
#6927=EDGE_LOOP('',(#1434,#1435,#1436,#1437));
#6928=EDGE_LOOP('',(#1438,#1439,#1440,#1441));
#6929=EDGE_LOOP('',(#1442,#1443,#1444,#1445));
#6930=EDGE_LOOP('',(#1446,#1447,#1448,#1449));
#6931=EDGE_LOOP('',(#1450,#1451,#1452,#1453));
#6932=EDGE_LOOP('',(#1454,#1455,#1456,#1457));
#6933=EDGE_LOOP('',(#1458,#1459,#1460,#1461));
#6934=EDGE_LOOP('',(#1462,#1463,#1464,#1465));
#6935=EDGE_LOOP('',(#1466,#1467,#1468,#1469));
#6936=EDGE_LOOP('',(#1470,#1471,#1472,#1473));
#6937=EDGE_LOOP('',(#1474,#1475,#1476,#1477));
#6938=EDGE_LOOP('',(#1478,#1479,#1480,#1481));
#6939=EDGE_LOOP('',(#1482,#1483,#1484,#1485));
#6940=EDGE_LOOP('',(#1486,#1487,#1488,#1489));
#6941=EDGE_LOOP('',(#1490,#1491,#1492,#1493));
#6942=EDGE_LOOP('',(#1494,#1495,#1496,#1497));
#6943=EDGE_LOOP('',(#1498,#1499,#1500,#1501));
#6944=EDGE_LOOP('',(#1502,#1503,#1504,#1505));
#6945=EDGE_LOOP('',(#1506,#1507,#1508,#1509));
#6946=EDGE_LOOP('',(#1510,#1511,#1512,#1513));
#6947=EDGE_LOOP('',(#1514,#1515,#1516,#1517));
#6948=EDGE_LOOP('',(#1518,#1519,#1520,#1521));
#6949=EDGE_LOOP('',(#1522,#1523,#1524,#1525));
#6950=EDGE_LOOP('',(#1526,#1527,#1528,#1529));
#6951=EDGE_LOOP('',(#1530,#1531,#1532,#1533));
#6952=EDGE_LOOP('',(#1534,#1535,#1536,#1537));
#6953=EDGE_LOOP('',(#1538,#1539,#1540,#1541));
#6954=EDGE_LOOP('',(#1542,#1543,#1544,#1545));
#6955=EDGE_LOOP('',(#1546,#1547,#1548,#1549));
#6956=EDGE_LOOP('',(#1550,#1551,#1552,#1553));
#6957=EDGE_LOOP('',(#1554,#1555,#1556,#1557));
#6958=EDGE_LOOP('',(#1558,#1559,#1560,#1561));
#6959=EDGE_LOOP('',(#1562,#1563,#1564,#1565));
#6960=EDGE_LOOP('',(#1566,#1567,#1568,#1569));
#6961=EDGE_LOOP('',(#1570,#1571,#1572,#1573));
#6962=EDGE_LOOP('',(#1574,#1575,#1576,#1577));
#6963=EDGE_LOOP('',(#1578,#1579,#1580,#1581));
#6964=EDGE_LOOP('',(#1582,#1583,#1584,#1585));
#6965=EDGE_LOOP('',(#1586,#1587,#1588,#1589));
#6966=EDGE_LOOP('',(#1590,#1591,#1592,#1593));
#6967=EDGE_LOOP('',(#1594,#1595,#1596,#1597));
#6968=EDGE_LOOP('',(#1598,#1599,#1600,#1601));
#6969=EDGE_LOOP('',(#1602,#1603,#1604,#1605));
#6970=EDGE_LOOP('',(#1606,#1607,#1608,#1609));
#6971=EDGE_LOOP('',(#1610,#1611,#1612,#1613));
#6972=EDGE_LOOP('',(#1614,#1615,#1616,#1617));
#6973=EDGE_LOOP('',(#1618,#1619,#1620,#1621));
#6974=EDGE_LOOP('',(#1622,#1623,#1624,#1625));
#6975=EDGE_LOOP('',(#1626,#1627,#1628,#1629));
#6976=EDGE_LOOP('',(#1630,#1631,#1632,#1633));
#6977=EDGE_LOOP('',(#1634,#1635,#1636,#1637));
#6978=EDGE_LOOP('',(#1638,#1639,#1640,#1641));
#6979=EDGE_LOOP('',(#1642,#1643,#1644,#1645));
#6980=EDGE_LOOP('',(#1646,#1647,#1648,#1649));
#6981=EDGE_LOOP('',(#1650,#1651,#1652,#1653));
#6982=EDGE_LOOP('',(#1654,#1655,#1656,#1657));
#6983=EDGE_LOOP('',(#1658,#1659,#1660,#1661));
#6984=EDGE_LOOP('',(#1662,#1663,#1664,#1665));
#6985=EDGE_LOOP('',(#1666,#1667,#1668,#1669));
#6986=EDGE_LOOP('',(#1670,#1671,#1672,#1673));
#6987=EDGE_LOOP('',(#1674,#1675,#1676,#1677));
#6988=EDGE_LOOP('',(#1678,#1679,#1680,#1681));
#6989=EDGE_LOOP('',(#1682,#1683,#1684,#1685));
#6990=EDGE_LOOP('',(#1686,#1687,#1688,#1689));
#6991=EDGE_LOOP('',(#1690,#1691,#1692,#1693));
#6992=EDGE_LOOP('',(#1694,#1695,#1696,#1697));
#6993=EDGE_LOOP('',(#1698,#1699,#1700,#1701));
#6994=EDGE_LOOP('',(#1702,#1703,#1704,#1705));
#6995=EDGE_LOOP('',(#1706,#1707,#1708,#1709));
#6996=EDGE_LOOP('',(#1710,#1711,#1712,#1713));
#6997=EDGE_LOOP('',(#1714,#1715,#1716,#1717));
#6998=EDGE_LOOP('',(#1718,#1719,#1720,#1721));
#6999=EDGE_LOOP('',(#1722,#1723,#1724,#1725));
#7000=EDGE_LOOP('',(#1726,#1727,#1728,#1729));
#7001=EDGE_LOOP('',(#1730,#1731,#1732,#1733));
#7002=EDGE_LOOP('',(#1734,#1735,#1736,#1737));
#7003=EDGE_LOOP('',(#1738,#1739,#1740,#1741));
#7004=EDGE_LOOP('',(#1742,#1743,#1744,#1745,#1746,#1747,#1748,#1749));
#7005=EDGE_LOOP('',(#1750,#1751,#1752,#1753));
#7006=EDGE_LOOP('',(#1754,#1755,#1756,#1757));
#7007=EDGE_LOOP('',(#1758,#1759,#1760,#1761,#1762,#1763,#1764,#1765,#1766,
#1767,#1768,#1769,#1770,#1771,#1772,#1773,#1774,#1775,#1776,#1777,#1778,
#1779,#1780,#1781,#1782,#1783,#1784,#1785,#1786,#1787,#1788,#1789,#1790,
#1791,#1792,#1793,#1794,#1795,#1796,#1797,#1798,#1799,#1800,#1801,#1802,
#1803,#1804,#1805,#1806,#1807,#1808,#1809,#1810,#1811,#1812,#1813,#1814,
#1815,#1816,#1817,#1818,#1819,#1820,#1821,#1822,#1823,#1824,#1825));
#7008=EDGE_LOOP('',(#1826,#1827,#1828,#1829));
#7009=EDGE_LOOP('',(#1830,#1831,#1832,#1833));
#7010=EDGE_LOOP('',(#1834,#1835,#1836,#1837,#1838,#1839,#1840,#1841));
#7011=EDGE_LOOP('',(#1842,#1843,#1844,#1845));
#7012=EDGE_LOOP('',(#1846,#1847,#1848,#1849));
#7013=EDGE_LOOP('',(#1850,#1851,#1852,#1853,#1854,#1855,#1856,#1857,#1858,
#1859,#1860,#1861,#1862,#1863,#1864,#1865,#1866,#1867,#1868,#1869,#1870,
#1871,#1872,#1873,#1874,#1875,#1876,#1877,#1878,#1879,#1880,#1881,#1882,
#1883,#1884,#1885,#1886,#1887,#1888,#1889,#1890,#1891,#1892,#1893,#1894,
#1895,#1896,#1897,#1898,#1899,#1900,#1901,#1902,#1903,#1904,#1905,#1906,
#1907,#1908,#1909,#1910,#1911,#1912,#1913,#1914,#1915,#1916,#1917));
#7014=EDGE_LOOP('',(#1918,#1919,#1920,#1921));
#7015=EDGE_LOOP('',(#1922,#1923,#1924,#1925));
#7016=EDGE_LOOP('',(#1926,#1927,#1928,#1929));
#7017=EDGE_LOOP('',(#1930,#1931,#1932,#1933));
#7018=EDGE_LOOP('',(#1934,#1935,#1936,#1937));
#7019=EDGE_LOOP('',(#1938,#1939,#1940,#1941));
#7020=EDGE_LOOP('',(#1942,#1943,#1944,#1945));
#7021=EDGE_LOOP('',(#1946,#1947,#1948,#1949));
#7022=EDGE_LOOP('',(#1950,#1951,#1952,#1953));
#7023=EDGE_LOOP('',(#1954,#1955,#1956,#1957));
#7024=EDGE_LOOP('',(#1958,#1959,#1960,#1961));
#7025=EDGE_LOOP('',(#1962,#1963,#1964,#1965));
#7026=EDGE_LOOP('',(#1966,#1967,#1968,#1969));
#7027=EDGE_LOOP('',(#1970,#1971,#1972,#1973));
#7028=EDGE_LOOP('',(#1974,#1975,#1976,#1977));
#7029=EDGE_LOOP('',(#1978,#1979,#1980,#1981));
#7030=EDGE_LOOP('',(#1982,#1983,#1984,#1985));
#7031=EDGE_LOOP('',(#1986,#1987,#1988,#1989));
#7032=EDGE_LOOP('',(#1990,#1991,#1992,#1993));
#7033=EDGE_LOOP('',(#1994,#1995,#1996,#1997));
#7034=EDGE_LOOP('',(#1998,#1999,#2000,#2001));
#7035=EDGE_LOOP('',(#2002,#2003,#2004,#2005));
#7036=EDGE_LOOP('',(#2006,#2007,#2008,#2009));
#7037=EDGE_LOOP('',(#2010,#2011,#2012,#2013));
#7038=EDGE_LOOP('',(#2014,#2015,#2016,#2017));
#7039=EDGE_LOOP('',(#2018,#2019,#2020,#2021));
#7040=EDGE_LOOP('',(#2022,#2023,#2024,#2025));
#7041=EDGE_LOOP('',(#2026,#2027,#2028,#2029));
#7042=EDGE_LOOP('',(#2030,#2031,#2032,#2033));
#7043=EDGE_LOOP('',(#2034,#2035,#2036,#2037));
#7044=EDGE_LOOP('',(#2038,#2039,#2040,#2041));
#7045=EDGE_LOOP('',(#2042,#2043,#2044,#2045));
#7046=EDGE_LOOP('',(#2046,#2047,#2048,#2049));
#7047=EDGE_LOOP('',(#2050,#2051,#2052,#2053));
#7048=EDGE_LOOP('',(#2054,#2055,#2056,#2057));
#7049=EDGE_LOOP('',(#2058,#2059,#2060,#2061));
#7050=EDGE_LOOP('',(#2062,#2063,#2064,#2065));
#7051=EDGE_LOOP('',(#2066,#2067,#2068,#2069));
#7052=EDGE_LOOP('',(#2070,#2071,#2072,#2073));
#7053=EDGE_LOOP('',(#2074,#2075,#2076,#2077));
#7054=EDGE_LOOP('',(#2078,#2079,#2080,#2081));
#7055=EDGE_LOOP('',(#2082,#2083,#2084,#2085));
#7056=EDGE_LOOP('',(#2086,#2087,#2088,#2089));
#7057=EDGE_LOOP('',(#2090,#2091,#2092,#2093));
#7058=EDGE_LOOP('',(#2094,#2095,#2096,#2097));
#7059=EDGE_LOOP('',(#2098,#2099,#2100,#2101));
#7060=EDGE_LOOP('',(#2102,#2103,#2104,#2105));
#7061=EDGE_LOOP('',(#2106,#2107,#2108,#2109));
#7062=EDGE_LOOP('',(#2110,#2111,#2112,#2113));
#7063=EDGE_LOOP('',(#2114,#2115,#2116,#2117));
#7064=EDGE_LOOP('',(#2118,#2119,#2120,#2121));
#7065=EDGE_LOOP('',(#2122,#2123,#2124,#2125));
#7066=EDGE_LOOP('',(#2126,#2127,#2128,#2129));
#7067=EDGE_LOOP('',(#2130,#2131,#2132,#2133));
#7068=EDGE_LOOP('',(#2134,#2135,#2136,#2137));
#7069=EDGE_LOOP('',(#2138,#2139,#2140,#2141));
#7070=EDGE_LOOP('',(#2142,#2143,#2144,#2145));
#7071=EDGE_LOOP('',(#2146,#2147,#2148,#2149));
#7072=EDGE_LOOP('',(#2150,#2151,#2152,#2153));
#7073=EDGE_LOOP('',(#2154,#2155,#2156,#2157));
#7074=EDGE_LOOP('',(#2158,#2159,#2160,#2161));
#7075=EDGE_LOOP('',(#2162,#2163,#2164,#2165));
#7076=EDGE_LOOP('',(#2166,#2167,#2168,#2169));
#7077=EDGE_LOOP('',(#2170,#2171,#2172,#2173));
#7078=EDGE_LOOP('',(#2174,#2175,#2176,#2177));
#7079=EDGE_LOOP('',(#2178,#2179,#2180,#2181));
#7080=EDGE_LOOP('',(#2182,#2183,#2184,#2185));
#7081=EDGE_LOOP('',(#2186,#2187,#2188,#2189));
#7082=EDGE_LOOP('',(#2190,#2191,#2192,#2193));
#7083=EDGE_LOOP('',(#2194,#2195,#2196,#2197));
#7084=EDGE_LOOP('',(#2198,#2199,#2200,#2201));
#7085=EDGE_LOOP('',(#2202,#2203,#2204,#2205));
#7086=EDGE_LOOP('',(#2206,#2207,#2208,#2209));
#7087=EDGE_LOOP('',(#2210,#2211,#2212,#2213));
#7088=EDGE_LOOP('',(#2214,#2215,#2216,#2217));
#7089=EDGE_LOOP('',(#2218,#2219,#2220,#2221));
#7090=EDGE_LOOP('',(#2222,#2223,#2224,#2225));
#7091=EDGE_LOOP('',(#2226,#2227,#2228,#2229));
#7092=EDGE_LOOP('',(#2230,#2231,#2232,#2233));
#7093=EDGE_LOOP('',(#2234,#2235,#2236,#2237));
#7094=EDGE_LOOP('',(#2238,#2239,#2240,#2241));
#7095=EDGE_LOOP('',(#2242,#2243,#2244,#2245));
#7096=EDGE_LOOP('',(#2246,#2247,#2248,#2249));
#7097=EDGE_LOOP('',(#2250,#2251,#2252,#2253));
#7098=EDGE_LOOP('',(#2254,#2255,#2256,#2257));
#7099=EDGE_LOOP('',(#2258,#2259,#2260,#2261));
#7100=EDGE_LOOP('',(#2262,#2263,#2264,#2265));
#7101=EDGE_LOOP('',(#2266,#2267,#2268,#2269));
#7102=EDGE_LOOP('',(#2270,#2271,#2272,#2273));
#7103=EDGE_LOOP('',(#2274,#2275,#2276,#2277));
#7104=EDGE_LOOP('',(#2278,#2279,#2280,#2281));
#7105=EDGE_LOOP('',(#2282,#2283,#2284,#2285));
#7106=EDGE_LOOP('',(#2286,#2287,#2288,#2289));
#7107=EDGE_LOOP('',(#2290,#2291,#2292,#2293));
#7108=EDGE_LOOP('',(#2294,#2295,#2296,#2297,#2298,#2299,#2300,#2301));
#7109=EDGE_LOOP('',(#2302,#2303,#2304,#2305));
#7110=EDGE_LOOP('',(#2306,#2307,#2308,#2309));
#7111=EDGE_LOOP('',(#2310,#2311,#2312,#2313,#2314,#2315,#2316,#2317,#2318,
#2319,#2320,#2321,#2322,#2323,#2324,#2325,#2326,#2327,#2328,#2329,#2330,
#2331,#2332,#2333,#2334,#2335,#2336,#2337,#2338,#2339,#2340,#2341,#2342,
#2343,#2344,#2345,#2346,#2347,#2348,#2349,#2350,#2351,#2352,#2353,#2354,
#2355,#2356,#2357,#2358,#2359,#2360,#2361,#2362,#2363,#2364,#2365,#2366,
#2367,#2368,#2369,#2370,#2371,#2372,#2373,#2374,#2375,#2376,#2377));
#7112=EDGE_LOOP('',(#2378,#2379,#2380,#2381));
#7113=EDGE_LOOP('',(#2382,#2383,#2384,#2385));
#7114=EDGE_LOOP('',(#2386,#2387,#2388,#2389,#2390,#2391,#2392,#2393));
#7115=EDGE_LOOP('',(#2394,#2395,#2396,#2397));
#7116=EDGE_LOOP('',(#2398,#2399,#2400,#2401));
#7117=EDGE_LOOP('',(#2402,#2403,#2404,#2405,#2406,#2407,#2408,#2409,#2410,
#2411,#2412,#2413,#2414,#2415,#2416,#2417,#2418,#2419,#2420,#2421,#2422,
#2423,#2424,#2425,#2426,#2427,#2428,#2429,#2430,#2431,#2432,#2433,#2434,
#2435,#2436,#2437,#2438,#2439,#2440,#2441,#2442,#2443,#2444,#2445,#2446,
#2447,#2448,#2449,#2450,#2451,#2452,#2453,#2454,#2455,#2456,#2457,#2458,
#2459,#2460,#2461,#2462,#2463,#2464,#2465,#2466,#2467,#2468,#2469));
#7118=EDGE_LOOP('',(#2470,#2471));
#7119=EDGE_LOOP('',(#2472,#2473));
#7120=EDGE_LOOP('',(#2474,#2475));
#7121=EDGE_LOOP('',(#2476,#2477));
#7122=EDGE_LOOP('',(#2478,#2479));
#7123=EDGE_LOOP('',(#2480,#2481));
#7124=EDGE_LOOP('',(#2482,#2483));
#7125=EDGE_LOOP('',(#2484,#2485));
#7126=EDGE_LOOP('',(#2486,#2487));
#7127=EDGE_LOOP('',(#2488));
#7128=EDGE_LOOP('',(#2489));
#7129=EDGE_LOOP('',(#2490));
#7130=EDGE_LOOP('',(#2491,#2492));
#7131=EDGE_LOOP('',(#2493));
#7132=EDGE_LOOP('',(#2494,#2495));
#7133=EDGE_LOOP('',(#2496,#2497));
#7134=EDGE_LOOP('',(#2498));
#7135=EDGE_LOOP('',(#2499,#2500));
#7136=EDGE_LOOP('',(#2501));
#7137=EDGE_LOOP('',(#2502,#2503));
#7138=EDGE_LOOP('',(#2504,#2505));
#7139=EDGE_LOOP('',(#2506));
#7140=EDGE_LOOP('',(#2507,#2508));
#7141=EDGE_LOOP('',(#2509));
#7142=EDGE_LOOP('',(#2510,#2511));
#7143=EDGE_LOOP('',(#2512,#2513));
#7144=EDGE_LOOP('',(#2514));
#7145=EDGE_LOOP('',(#2515,#2516));
#7146=EDGE_LOOP('',(#2517));
#7147=EDGE_LOOP('',(#2518));
#7148=EDGE_LOOP('',(#2519));
#7149=EDGE_LOOP('',(#2520,#2521));
#7150=EDGE_LOOP('',(#2522));
#7151=EDGE_LOOP('',(#2523,#2524));
#7152=EDGE_LOOP('',(#2525));
#7153=EDGE_LOOP('',(#2526,#2527));
#7154=EDGE_LOOP('',(#2528,#2529));
#7155=EDGE_LOOP('',(#2530,#2531));
#7156=EDGE_LOOP('',(#2532,#2533));
#7157=EDGE_LOOP('',(#2534,#2535));
#7158=EDGE_LOOP('',(#2536,#2537));
#7159=EDGE_LOOP('',(#2538,#2539));
#7160=EDGE_LOOP('',(#2540,#2541));
#7161=EDGE_LOOP('',(#2542,#2543));
#7162=EDGE_LOOP('',(#2544,#2545));
#7163=EDGE_LOOP('',(#2546,#2547));
#7164=EDGE_LOOP('',(#2548,#2549));
#7165=EDGE_LOOP('',(#2550,#2551));
#7166=EDGE_LOOP('',(#2552,#2553));
#7167=EDGE_LOOP('',(#2554,#2555));
#7168=EDGE_LOOP('',(#2556,#2557));
#7169=EDGE_LOOP('',(#2558,#2559));
#7170=EDGE_LOOP('',(#2560,#2561));
#7171=EDGE_LOOP('',(#2562));
#7172=EDGE_LOOP('',(#2563));
#7173=EDGE_LOOP('',(#2564,#2565));
#7174=EDGE_LOOP('',(#2566,#2567));
#7175=EDGE_LOOP('',(#2568,#2569));
#7176=EDGE_LOOP('',(#2570,#2571));
#7177=EDGE_LOOP('',(#2572));
#7178=EDGE_LOOP('',(#2573));
#7179=EDGE_LOOP('',(#2574,#2575));
#7180=EDGE_LOOP('',(#2576,#2577));
#7181=EDGE_LOOP('',(#2578,#2579));
#7182=EDGE_LOOP('',(#2580));
#7183=EDGE_LOOP('',(#2581));
#7184=EDGE_LOOP('',(#2582,#2583));
#7185=EDGE_LOOP('',(#2584));
#7186=EDGE_LOOP('',(#2585));
#7187=EDGE_LOOP('',(#2586,#2587));
#7188=EDGE_LOOP('',(#2588,#2589));
#7189=EDGE_LOOP('',(#2590,#2591));
#7190=EDGE_LOOP('',(#2592,#2593));
#7191=EDGE_LOOP('',(#2594,#2595));
#7192=EDGE_LOOP('',(#2596,#2597));
#7193=EDGE_LOOP('',(#2598,#2599));
#7194=EDGE_LOOP('',(#2600,#2601));
#7195=EDGE_LOOP('',(#2602));
#7196=EDGE_LOOP('',(#2603));
#7197=EDGE_LOOP('',(#2604,#2605));
#7198=EDGE_LOOP('',(#2606,#2607));
#7199=EDGE_LOOP('',(#2608,#2609));
#7200=EDGE_LOOP('',(#2610,#2611));
#7201=EDGE_LOOP('',(#2612,#2613));
#7202=EDGE_LOOP('',(#2614));
#7203=EDGE_LOOP('',(#2615,#2616));
#7204=EDGE_LOOP('',(#2617));
#7205=EDGE_LOOP('',(#2618));
#7206=EDGE_LOOP('',(#2619));
#7207=EDGE_LOOP('',(#2620,#2621));
#7208=EDGE_LOOP('',(#2622));
#7209=EDGE_LOOP('',(#2623));
#7210=EDGE_LOOP('',(#2624,#2625));
#7211=EDGE_LOOP('',(#2626));
#7212=EDGE_LOOP('',(#2627,#2628));
#7213=EDGE_LOOP('',(#2629));
#7214=FACE_BOUND('',#6690,.T.);
#7215=FACE_BOUND('',#6691,.T.);
#7216=FACE_BOUND('',#6692,.T.);
#7217=FACE_BOUND('',#6693,.T.);
#7218=FACE_BOUND('',#6694,.T.);
#7219=FACE_BOUND('',#6695,.T.);
#7220=FACE_BOUND('',#6696,.T.);
#7221=FACE_BOUND('',#6697,.T.);
#7222=FACE_BOUND('',#6698,.T.);
#7223=FACE_BOUND('',#6699,.T.);
#7224=FACE_BOUND('',#6700,.T.);
#7225=FACE_BOUND('',#6701,.T.);
#7226=FACE_BOUND('',#6702,.T.);
#7227=FACE_BOUND('',#6703,.T.);
#7228=FACE_BOUND('',#6704,.T.);
#7229=FACE_BOUND('',#6705,.T.);
#7230=FACE_BOUND('',#6706,.T.);
#7231=FACE_BOUND('',#6707,.T.);
#7232=FACE_BOUND('',#6708,.T.);
#7233=FACE_BOUND('',#6709,.T.);
#7234=FACE_BOUND('',#6710,.T.);
#7235=FACE_BOUND('',#6711,.T.);
#7236=FACE_BOUND('',#6712,.T.);
#7237=FACE_BOUND('',#6713,.T.);
#7238=FACE_BOUND('',#6714,.T.);
#7239=FACE_BOUND('',#6715,.T.);
#7240=FACE_BOUND('',#6716,.T.);
#7241=FACE_BOUND('',#6717,.T.);
#7242=FACE_BOUND('',#6718,.T.);
#7243=FACE_BOUND('',#6719,.T.);
#7244=FACE_BOUND('',#6720,.T.);
#7245=FACE_BOUND('',#6721,.T.);
#7246=FACE_BOUND('',#6722,.T.);
#7247=FACE_BOUND('',#6723,.T.);
#7248=FACE_BOUND('',#6724,.T.);
#7249=FACE_BOUND('',#6725,.T.);
#7250=FACE_BOUND('',#6726,.T.);
#7251=FACE_BOUND('',#6727,.T.);
#7252=FACE_BOUND('',#6728,.T.);
#7253=FACE_BOUND('',#6729,.T.);
#7254=FACE_BOUND('',#6730,.T.);
#7255=FACE_BOUND('',#6731,.T.);
#7256=FACE_BOUND('',#6732,.T.);
#7257=FACE_BOUND('',#6733,.T.);
#7258=FACE_BOUND('',#6734,.T.);
#7259=FACE_BOUND('',#6735,.T.);
#7260=FACE_BOUND('',#6736,.T.);
#7261=FACE_BOUND('',#6737,.T.);
#7262=FACE_BOUND('',#6738,.T.);
#7263=FACE_BOUND('',#6739,.T.);
#7264=FACE_BOUND('',#6740,.T.);
#7265=FACE_BOUND('',#6741,.T.);
#7266=FACE_BOUND('',#6742,.T.);
#7267=FACE_BOUND('',#6743,.T.);
#7268=FACE_BOUND('',#6744,.T.);
#7269=FACE_BOUND('',#6745,.T.);
#7270=FACE_BOUND('',#6746,.T.);
#7271=FACE_BOUND('',#6747,.T.);
#7272=FACE_BOUND('',#6748,.T.);
#7273=FACE_BOUND('',#6749,.T.);
#7274=FACE_BOUND('',#6750,.T.);
#7275=FACE_BOUND('',#6751,.T.);
#7276=FACE_BOUND('',#6752,.T.);
#7277=FACE_BOUND('',#6753,.T.);
#7278=FACE_BOUND('',#6754,.T.);
#7279=FACE_BOUND('',#6755,.T.);
#7280=FACE_BOUND('',#6756,.T.);
#7281=FACE_BOUND('',#6757,.T.);
#7282=FACE_BOUND('',#6758,.T.);
#7283=FACE_BOUND('',#6759,.T.);
#7284=FACE_BOUND('',#6760,.T.);
#7285=FACE_BOUND('',#6761,.T.);
#7286=FACE_BOUND('',#6762,.T.);
#7287=FACE_BOUND('',#6763,.T.);
#7288=FACE_BOUND('',#6764,.T.);
#7289=FACE_BOUND('',#6765,.T.);
#7290=FACE_BOUND('',#6766,.T.);
#7291=FACE_BOUND('',#6767,.T.);
#7292=FACE_BOUND('',#6768,.T.);
#7293=FACE_BOUND('',#6769,.T.);
#7294=FACE_BOUND('',#6770,.T.);
#7295=FACE_BOUND('',#6771,.T.);
#7296=FACE_BOUND('',#6772,.T.);
#7297=FACE_BOUND('',#6773,.T.);
#7298=FACE_BOUND('',#6774,.T.);
#7299=FACE_BOUND('',#6775,.T.);
#7300=FACE_BOUND('',#6776,.T.);
#7301=FACE_BOUND('',#6777,.T.);
#7302=FACE_BOUND('',#6778,.T.);
#7303=FACE_BOUND('',#6779,.T.);
#7304=FACE_BOUND('',#6780,.T.);
#7305=FACE_BOUND('',#6781,.T.);
#7306=FACE_BOUND('',#6782,.T.);
#7307=FACE_BOUND('',#6783,.T.);
#7308=FACE_BOUND('',#6784,.T.);
#7309=FACE_BOUND('',#6785,.T.);
#7310=FACE_BOUND('',#6786,.T.);
#7311=FACE_BOUND('',#6787,.T.);
#7312=FACE_BOUND('',#6788,.T.);
#7313=FACE_BOUND('',#6789,.T.);
#7314=FACE_BOUND('',#6790,.T.);
#7315=FACE_BOUND('',#6791,.T.);
#7316=FACE_BOUND('',#6792,.T.);
#7317=FACE_BOUND('',#6793,.T.);
#7318=FACE_BOUND('',#6794,.T.);
#7319=FACE_BOUND('',#6795,.T.);
#7320=FACE_BOUND('',#6796,.T.);
#7321=FACE_BOUND('',#6797,.T.);
#7322=FACE_BOUND('',#6798,.T.);
#7323=FACE_BOUND('',#6799,.T.);
#7324=FACE_BOUND('',#6800,.T.);
#7325=FACE_BOUND('',#6801,.T.);
#7326=FACE_BOUND('',#6802,.T.);
#7327=FACE_BOUND('',#6803,.T.);
#7328=FACE_BOUND('',#6804,.T.);
#7329=FACE_BOUND('',#6805,.T.);
#7330=FACE_BOUND('',#6806,.T.);
#7331=FACE_BOUND('',#6807,.T.);
#7332=FACE_BOUND('',#6808,.T.);
#7333=FACE_BOUND('',#6809,.T.);
#7334=FACE_BOUND('',#6810,.T.);
#7335=FACE_BOUND('',#6811,.T.);
#7336=FACE_BOUND('',#6812,.T.);
#7337=FACE_BOUND('',#6813,.T.);
#7338=FACE_BOUND('',#6814,.T.);
#7339=FACE_BOUND('',#6815,.T.);
#7340=FACE_BOUND('',#6816,.T.);
#7341=FACE_BOUND('',#6817,.T.);
#7342=FACE_BOUND('',#6818,.T.);
#7343=FACE_BOUND('',#6819,.T.);
#7344=FACE_BOUND('',#6820,.T.);
#7345=FACE_BOUND('',#6821,.T.);
#7346=FACE_BOUND('',#6822,.T.);
#7347=FACE_BOUND('',#6823,.T.);
#7348=FACE_BOUND('',#6824,.T.);
#7349=FACE_BOUND('',#6825,.T.);
#7350=FACE_BOUND('',#6826,.T.);
#7351=FACE_BOUND('',#6827,.T.);
#7352=FACE_BOUND('',#6828,.T.);
#7353=FACE_BOUND('',#6829,.T.);
#7354=FACE_BOUND('',#6830,.T.);
#7355=FACE_BOUND('',#6831,.T.);
#7356=FACE_BOUND('',#6832,.T.);
#7357=FACE_BOUND('',#6833,.T.);
#7358=FACE_BOUND('',#6834,.T.);
#7359=FACE_BOUND('',#6835,.T.);
#7360=FACE_BOUND('',#6836,.T.);
#7361=FACE_BOUND('',#6837,.T.);
#7362=FACE_BOUND('',#6838,.T.);
#7363=FACE_BOUND('',#6839,.T.);
#7364=FACE_BOUND('',#6840,.T.);
#7365=FACE_BOUND('',#6841,.T.);
#7366=FACE_BOUND('',#6842,.T.);
#7367=FACE_BOUND('',#6843,.T.);
#7368=FACE_BOUND('',#6844,.T.);
#7369=FACE_BOUND('',#6845,.T.);
#7370=FACE_BOUND('',#6846,.T.);
#7371=FACE_BOUND('',#6847,.T.);
#7372=FACE_BOUND('',#6848,.T.);
#7373=FACE_BOUND('',#6849,.T.);
#7374=FACE_BOUND('',#6850,.T.);
#7375=FACE_BOUND('',#6851,.T.);
#7376=FACE_BOUND('',#6852,.T.);
#7377=FACE_BOUND('',#6853,.T.);
#7378=FACE_BOUND('',#6854,.T.);
#7379=FACE_BOUND('',#6855,.T.);
#7380=FACE_BOUND('',#6856,.T.);
#7381=FACE_BOUND('',#6857,.T.);
#7382=FACE_BOUND('',#6858,.T.);
#7383=FACE_BOUND('',#6859,.T.);
#7384=FACE_BOUND('',#6860,.T.);
#7385=FACE_BOUND('',#6861,.T.);
#7386=FACE_BOUND('',#6862,.T.);
#7387=FACE_BOUND('',#6863,.T.);
#7388=FACE_BOUND('',#6864,.T.);
#7389=FACE_BOUND('',#6865,.T.);
#7390=FACE_BOUND('',#6866,.T.);
#7391=FACE_BOUND('',#6867,.T.);
#7392=FACE_BOUND('',#6868,.T.);
#7393=FACE_BOUND('',#6869,.T.);
#7394=FACE_BOUND('',#6870,.T.);
#7395=FACE_BOUND('',#6871,.T.);
#7396=FACE_BOUND('',#6872,.T.);
#7397=FACE_BOUND('',#6873,.T.);
#7398=FACE_BOUND('',#6874,.T.);
#7399=FACE_BOUND('',#6875,.T.);
#7400=FACE_BOUND('',#6876,.T.);
#7401=FACE_BOUND('',#6877,.T.);
#7402=FACE_BOUND('',#6878,.T.);
#7403=FACE_BOUND('',#6879,.T.);
#7404=FACE_BOUND('',#6880,.T.);
#7405=FACE_BOUND('',#6881,.T.);
#7406=FACE_BOUND('',#6882,.T.);
#7407=FACE_BOUND('',#6883,.T.);
#7408=FACE_BOUND('',#6884,.T.);
#7409=FACE_BOUND('',#6885,.T.);
#7410=FACE_BOUND('',#6886,.T.);
#7411=FACE_BOUND('',#6887,.T.);
#7412=FACE_BOUND('',#6888,.T.);
#7413=FACE_BOUND('',#6889,.T.);
#7414=FACE_BOUND('',#6890,.T.);
#7415=FACE_BOUND('',#6891,.T.);
#7416=FACE_BOUND('',#6892,.T.);
#7417=FACE_BOUND('',#6893,.T.);
#7418=FACE_BOUND('',#6894,.T.);
#7419=FACE_BOUND('',#6895,.T.);
#7420=FACE_BOUND('',#6896,.T.);
#7421=FACE_BOUND('',#6897,.T.);
#7422=FACE_BOUND('',#6898,.T.);
#7423=FACE_BOUND('',#6899,.T.);
#7424=FACE_BOUND('',#6900,.T.);
#7425=FACE_BOUND('',#6901,.T.);
#7426=FACE_BOUND('',#6902,.T.);
#7427=FACE_BOUND('',#6903,.T.);
#7428=FACE_BOUND('',#6904,.T.);
#7429=FACE_BOUND('',#6905,.T.);
#7430=FACE_BOUND('',#6906,.T.);
#7431=FACE_BOUND('',#6907,.T.);
#7432=FACE_BOUND('',#6908,.T.);
#7433=FACE_BOUND('',#6909,.T.);
#7434=FACE_BOUND('',#6910,.T.);
#7435=FACE_BOUND('',#6911,.T.);
#7436=FACE_BOUND('',#6912,.T.);
#7437=FACE_BOUND('',#6913,.T.);
#7438=FACE_BOUND('',#6914,.T.);
#7439=FACE_BOUND('',#6915,.T.);
#7440=FACE_BOUND('',#6916,.T.);
#7441=FACE_BOUND('',#6917,.T.);
#7442=FACE_BOUND('',#6918,.T.);
#7443=FACE_BOUND('',#6919,.T.);
#7444=FACE_BOUND('',#6920,.T.);
#7445=FACE_BOUND('',#6921,.T.);
#7446=FACE_BOUND('',#6922,.T.);
#7447=FACE_BOUND('',#6923,.T.);
#7448=FACE_BOUND('',#6924,.T.);
#7449=FACE_BOUND('',#6925,.T.);
#7450=FACE_BOUND('',#6926,.T.);
#7451=FACE_BOUND('',#6927,.T.);
#7452=FACE_BOUND('',#6928,.T.);
#7453=FACE_BOUND('',#6929,.T.);
#7454=FACE_BOUND('',#6930,.T.);
#7455=FACE_BOUND('',#6931,.T.);
#7456=FACE_BOUND('',#6932,.T.);
#7457=FACE_BOUND('',#6933,.T.);
#7458=FACE_BOUND('',#6934,.T.);
#7459=FACE_BOUND('',#6935,.T.);
#7460=FACE_BOUND('',#6936,.T.);
#7461=FACE_BOUND('',#6937,.T.);
#7462=FACE_BOUND('',#6938,.T.);
#7463=FACE_BOUND('',#6939,.T.);
#7464=FACE_BOUND('',#6940,.T.);
#7465=FACE_BOUND('',#6941,.T.);
#7466=FACE_BOUND('',#6942,.T.);
#7467=FACE_BOUND('',#6943,.T.);
#7468=FACE_BOUND('',#6944,.T.);
#7469=FACE_BOUND('',#6945,.T.);
#7470=FACE_BOUND('',#6946,.T.);
#7471=FACE_BOUND('',#6947,.T.);
#7472=FACE_BOUND('',#6948,.T.);
#7473=FACE_BOUND('',#6949,.T.);
#7474=FACE_BOUND('',#6950,.T.);
#7475=FACE_BOUND('',#6951,.T.);
#7476=FACE_BOUND('',#6952,.T.);
#7477=FACE_BOUND('',#6953,.T.);
#7478=FACE_BOUND('',#6954,.T.);
#7479=FACE_BOUND('',#6955,.T.);
#7480=FACE_BOUND('',#6956,.T.);
#7481=FACE_BOUND('',#6957,.T.);
#7482=FACE_BOUND('',#6958,.T.);
#7483=FACE_BOUND('',#6959,.T.);
#7484=FACE_BOUND('',#6960,.T.);
#7485=FACE_BOUND('',#6961,.T.);
#7486=FACE_BOUND('',#6962,.T.);
#7487=FACE_BOUND('',#6963,.T.);
#7488=FACE_BOUND('',#6964,.T.);
#7489=FACE_BOUND('',#6965,.T.);
#7490=FACE_BOUND('',#6966,.T.);
#7491=FACE_BOUND('',#6967,.T.);
#7492=FACE_BOUND('',#6968,.T.);
#7493=FACE_BOUND('',#6969,.T.);
#7494=FACE_BOUND('',#6970,.T.);
#7495=FACE_BOUND('',#6971,.T.);
#7496=FACE_BOUND('',#6972,.T.);
#7497=FACE_BOUND('',#6973,.T.);
#7498=FACE_BOUND('',#6974,.T.);
#7499=FACE_BOUND('',#6975,.T.);
#7500=FACE_BOUND('',#6976,.T.);
#7501=FACE_BOUND('',#6977,.T.);
#7502=FACE_BOUND('',#6978,.T.);
#7503=FACE_BOUND('',#6979,.T.);
#7504=FACE_BOUND('',#6980,.T.);
#7505=FACE_BOUND('',#6981,.T.);
#7506=FACE_BOUND('',#6982,.T.);
#7507=FACE_BOUND('',#6983,.T.);
#7508=FACE_BOUND('',#6984,.T.);
#7509=FACE_BOUND('',#6985,.T.);
#7510=FACE_BOUND('',#6986,.T.);
#7511=FACE_BOUND('',#6987,.T.);
#7512=FACE_BOUND('',#6988,.T.);
#7513=FACE_BOUND('',#6989,.T.);
#7514=FACE_BOUND('',#6990,.T.);
#7515=FACE_BOUND('',#6991,.T.);
#7516=FACE_BOUND('',#6992,.T.);
#7517=FACE_BOUND('',#6993,.T.);
#7518=FACE_BOUND('',#6994,.T.);
#7519=FACE_BOUND('',#6995,.T.);
#7520=FACE_BOUND('',#6996,.T.);
#7521=FACE_BOUND('',#6997,.T.);
#7522=FACE_BOUND('',#6998,.T.);
#7523=FACE_BOUND('',#6999,.T.);
#7524=FACE_BOUND('',#7000,.T.);
#7525=FACE_BOUND('',#7001,.T.);
#7526=FACE_BOUND('',#7002,.T.);
#7527=FACE_BOUND('',#7003,.T.);
#7528=FACE_BOUND('',#7004,.T.);
#7529=FACE_BOUND('',#7005,.T.);
#7530=FACE_BOUND('',#7006,.T.);
#7531=FACE_BOUND('',#7007,.T.);
#7532=FACE_BOUND('',#7008,.T.);
#7533=FACE_BOUND('',#7009,.T.);
#7534=FACE_BOUND('',#7010,.T.);
#7535=FACE_BOUND('',#7011,.T.);
#7536=FACE_BOUND('',#7012,.T.);
#7537=FACE_BOUND('',#7013,.T.);
#7538=FACE_BOUND('',#7014,.T.);
#7539=FACE_BOUND('',#7015,.T.);
#7540=FACE_BOUND('',#7016,.T.);
#7541=FACE_BOUND('',#7017,.T.);
#7542=FACE_BOUND('',#7018,.T.);
#7543=FACE_BOUND('',#7019,.T.);
#7544=FACE_BOUND('',#7020,.T.);
#7545=FACE_BOUND('',#7021,.T.);
#7546=FACE_BOUND('',#7022,.T.);
#7547=FACE_BOUND('',#7023,.T.);
#7548=FACE_BOUND('',#7024,.T.);
#7549=FACE_BOUND('',#7025,.T.);
#7550=FACE_BOUND('',#7026,.T.);
#7551=FACE_BOUND('',#7027,.T.);
#7552=FACE_BOUND('',#7028,.T.);
#7553=FACE_BOUND('',#7029,.T.);
#7554=FACE_BOUND('',#7030,.T.);
#7555=FACE_BOUND('',#7031,.T.);
#7556=FACE_BOUND('',#7032,.T.);
#7557=FACE_BOUND('',#7033,.T.);
#7558=FACE_BOUND('',#7034,.T.);
#7559=FACE_BOUND('',#7035,.T.);
#7560=FACE_BOUND('',#7036,.T.);
#7561=FACE_BOUND('',#7037,.T.);
#7562=FACE_BOUND('',#7038,.T.);
#7563=FACE_BOUND('',#7039,.T.);
#7564=FACE_BOUND('',#7040,.T.);
#7565=FACE_BOUND('',#7041,.T.);
#7566=FACE_BOUND('',#7042,.T.);
#7567=FACE_BOUND('',#7043,.T.);
#7568=FACE_BOUND('',#7044,.T.);
#7569=FACE_BOUND('',#7045,.T.);
#7570=FACE_BOUND('',#7046,.T.);
#7571=FACE_BOUND('',#7047,.T.);
#7572=FACE_BOUND('',#7048,.T.);
#7573=FACE_BOUND('',#7049,.T.);
#7574=FACE_BOUND('',#7050,.T.);
#7575=FACE_BOUND('',#7051,.T.);
#7576=FACE_BOUND('',#7052,.T.);
#7577=FACE_BOUND('',#7053,.T.);
#7578=FACE_BOUND('',#7054,.T.);
#7579=FACE_BOUND('',#7055,.T.);
#7580=FACE_BOUND('',#7056,.T.);
#7581=FACE_BOUND('',#7057,.T.);
#7582=FACE_BOUND('',#7058,.T.);
#7583=FACE_BOUND('',#7059,.T.);
#7584=FACE_BOUND('',#7060,.T.);
#7585=FACE_BOUND('',#7061,.T.);
#7586=FACE_BOUND('',#7062,.T.);
#7587=FACE_BOUND('',#7063,.T.);
#7588=FACE_BOUND('',#7064,.T.);
#7589=FACE_BOUND('',#7065,.T.);
#7590=FACE_BOUND('',#7066,.T.);
#7591=FACE_BOUND('',#7067,.T.);
#7592=FACE_BOUND('',#7068,.T.);
#7593=FACE_BOUND('',#7069,.T.);
#7594=FACE_BOUND('',#7070,.T.);
#7595=FACE_BOUND('',#7071,.T.);
#7596=FACE_BOUND('',#7072,.T.);
#7597=FACE_BOUND('',#7073,.T.);
#7598=FACE_BOUND('',#7074,.T.);
#7599=FACE_BOUND('',#7075,.T.);
#7600=FACE_BOUND('',#7076,.T.);
#7601=FACE_BOUND('',#7077,.T.);
#7602=FACE_BOUND('',#7078,.T.);
#7603=FACE_BOUND('',#7079,.T.);
#7604=FACE_BOUND('',#7080,.T.);
#7605=FACE_BOUND('',#7081,.T.);
#7606=FACE_BOUND('',#7082,.T.);
#7607=FACE_BOUND('',#7083,.T.);
#7608=FACE_BOUND('',#7084,.T.);
#7609=FACE_BOUND('',#7085,.T.);
#7610=FACE_BOUND('',#7086,.T.);
#7611=FACE_BOUND('',#7087,.T.);
#7612=FACE_BOUND('',#7088,.T.);
#7613=FACE_BOUND('',#7089,.T.);
#7614=FACE_BOUND('',#7090,.T.);
#7615=FACE_BOUND('',#7091,.T.);
#7616=FACE_BOUND('',#7092,.T.);
#7617=FACE_BOUND('',#7093,.T.);
#7618=FACE_BOUND('',#7094,.T.);
#7619=FACE_BOUND('',#7095,.T.);
#7620=FACE_BOUND('',#7096,.T.);
#7621=FACE_BOUND('',#7097,.T.);
#7622=FACE_BOUND('',#7098,.T.);
#7623=FACE_BOUND('',#7099,.T.);
#7624=FACE_BOUND('',#7100,.T.);
#7625=FACE_BOUND('',#7101,.T.);
#7626=FACE_BOUND('',#7102,.T.);
#7627=FACE_BOUND('',#7103,.T.);
#7628=FACE_BOUND('',#7104,.T.);
#7629=FACE_BOUND('',#7105,.T.);
#7630=FACE_BOUND('',#7106,.T.);
#7631=FACE_BOUND('',#7107,.T.);
#7632=FACE_BOUND('',#7108,.T.);
#7633=FACE_BOUND('',#7109,.T.);
#7634=FACE_BOUND('',#7110,.T.);
#7635=FACE_BOUND('',#7111,.T.);
#7636=FACE_BOUND('',#7112,.T.);
#7637=FACE_BOUND('',#7113,.T.);
#7638=FACE_BOUND('',#7114,.T.);
#7639=FACE_BOUND('',#7115,.T.);
#7640=FACE_BOUND('',#7116,.T.);
#7641=FACE_BOUND('',#7117,.T.);
#7642=FACE_BOUND('',#7118,.T.);
#7643=FACE_BOUND('',#7119,.T.);
#7644=FACE_BOUND('',#7120,.T.);
#7645=FACE_BOUND('',#7121,.T.);
#7646=FACE_BOUND('',#7122,.T.);
#7647=FACE_BOUND('',#7123,.T.);
#7648=FACE_BOUND('',#7124,.T.);
#7649=FACE_BOUND('',#7125,.T.);
#7650=FACE_BOUND('',#7126,.T.);
#7651=FACE_BOUND('',#7127,.T.);
#7652=FACE_BOUND('',#7128,.T.);
#7653=FACE_BOUND('',#7129,.T.);
#7654=FACE_BOUND('',#7130,.T.);
#7655=FACE_BOUND('',#7131,.T.);
#7656=FACE_BOUND('',#7132,.T.);
#7657=FACE_BOUND('',#7133,.T.);
#7658=FACE_BOUND('',#7134,.T.);
#7659=FACE_BOUND('',#7135,.T.);
#7660=FACE_BOUND('',#7136,.T.);
#7661=FACE_BOUND('',#7137,.T.);
#7662=FACE_BOUND('',#7138,.T.);
#7663=FACE_BOUND('',#7139,.T.);
#7664=FACE_BOUND('',#7140,.T.);
#7665=FACE_BOUND('',#7141,.T.);
#7666=FACE_BOUND('',#7142,.T.);
#7667=FACE_BOUND('',#7143,.T.);
#7668=FACE_BOUND('',#7144,.T.);
#7669=FACE_BOUND('',#7145,.T.);
#7670=FACE_BOUND('',#7146,.T.);
#7671=FACE_BOUND('',#7147,.T.);
#7672=FACE_BOUND('',#7148,.T.);
#7673=FACE_BOUND('',#7149,.T.);
#7674=FACE_BOUND('',#7150,.T.);
#7675=FACE_BOUND('',#7151,.T.);
#7676=FACE_BOUND('',#7152,.T.);
#7677=FACE_BOUND('',#7153,.T.);
#7678=FACE_BOUND('',#7154,.T.);
#7679=FACE_BOUND('',#7155,.T.);
#7680=FACE_BOUND('',#7156,.T.);
#7681=FACE_BOUND('',#7157,.T.);
#7682=FACE_BOUND('',#7158,.T.);
#7683=FACE_BOUND('',#7159,.T.);
#7684=FACE_BOUND('',#7160,.T.);
#7685=FACE_BOUND('',#7161,.T.);
#7686=FACE_BOUND('',#7162,.T.);
#7687=FACE_BOUND('',#7163,.T.);
#7688=FACE_BOUND('',#7164,.T.);
#7689=FACE_BOUND('',#7165,.T.);
#7690=FACE_BOUND('',#7166,.T.);
#7691=FACE_BOUND('',#7167,.T.);
#7692=FACE_BOUND('',#7168,.T.);
#7693=FACE_BOUND('',#7169,.T.);
#7694=FACE_BOUND('',#7170,.T.);
#7695=FACE_BOUND('',#7171,.T.);
#7696=FACE_BOUND('',#7172,.T.);
#7697=FACE_BOUND('',#7173,.T.);
#7698=FACE_BOUND('',#7174,.T.);
#7699=FACE_BOUND('',#7175,.T.);
#7700=FACE_BOUND('',#7176,.T.);
#7701=FACE_BOUND('',#7177,.T.);
#7702=FACE_BOUND('',#7178,.T.);
#7703=FACE_BOUND('',#7179,.T.);
#7704=FACE_BOUND('',#7180,.T.);
#7705=FACE_BOUND('',#7181,.T.);
#7706=FACE_BOUND('',#7182,.T.);
#7707=FACE_BOUND('',#7183,.T.);
#7708=FACE_BOUND('',#7184,.T.);
#7709=FACE_BOUND('',#7185,.T.);
#7710=FACE_BOUND('',#7186,.T.);
#7711=FACE_BOUND('',#7187,.T.);
#7712=FACE_BOUND('',#7188,.T.);
#7713=FACE_BOUND('',#7189,.T.);
#7714=FACE_BOUND('',#7190,.T.);
#7715=FACE_BOUND('',#7191,.T.);
#7716=FACE_BOUND('',#7192,.T.);
#7717=FACE_BOUND('',#7193,.T.);
#7718=FACE_BOUND('',#7194,.T.);
#7719=FACE_BOUND('',#7195,.T.);
#7720=FACE_BOUND('',#7196,.T.);
#7721=FACE_BOUND('',#7197,.T.);
#7722=FACE_BOUND('',#7198,.T.);
#7723=FACE_BOUND('',#7199,.T.);
#7724=FACE_BOUND('',#7200,.T.);
#7725=FACE_BOUND('',#7201,.T.);
#7726=FACE_BOUND('',#7202,.T.);
#7727=FACE_BOUND('',#7203,.T.);
#7728=FACE_BOUND('',#7204,.T.);
#7729=FACE_BOUND('',#7205,.T.);
#7730=FACE_BOUND('',#7206,.T.);
#7731=FACE_BOUND('',#7207,.T.);
#7732=FACE_BOUND('',#7208,.T.);
#7733=FACE_BOUND('',#7209,.T.);
#7734=FACE_BOUND('',#7210,.T.);
#7735=FACE_BOUND('',#7211,.T.);
#7736=FACE_BOUND('',#7212,.T.);
#7737=FACE_BOUND('',#7213,.T.);
#7738=PLANE('',#8656);
#7739=PLANE('',#8657);
#7740=PLANE('',#8658);
#7741=PLANE('',#8659);
#7742=PLANE('',#8660);
#7743=PLANE('',#8661);
#7744=PLANE('',#8662);
#7745=PLANE('',#8663);
#7746=PLANE('',#8664);
#7747=PLANE('',#8665);
#7748=PLANE('',#8666);
#7749=PLANE('',#8667);
#7750=PLANE('',#8668);
#7751=PLANE('',#8669);
#7752=PLANE('',#8670);
#7753=PLANE('',#8671);
#7754=PLANE('',#8672);
#7755=PLANE('',#8673);
#7756=PLANE('',#8674);
#7757=PLANE('',#8675);
#7758=PLANE('',#8676);
#7759=PLANE('',#8677);
#7760=PLANE('',#8678);
#7761=PLANE('',#8679);
#7762=PLANE('',#8680);
#7763=PLANE('',#8681);
#7764=PLANE('',#8682);
#7765=PLANE('',#8683);
#7766=PLANE('',#8684);
#7767=PLANE('',#8685);
#7768=PLANE('',#8686);
#7769=PLANE('',#8687);
#7770=PLANE('',#8688);
#7771=PLANE('',#8689);
#7772=PLANE('',#8690);
#7773=PLANE('',#8691);
#7774=PLANE('',#8692);
#7775=PLANE('',#8693);
#7776=PLANE('',#8694);
#7777=PLANE('',#8695);
#7778=PLANE('',#8696);
#7779=PLANE('',#8697);
#7780=PLANE('',#8698);
#7781=PLANE('',#8699);
#7782=PLANE('',#8700);
#7783=PLANE('',#8701);
#7784=PLANE('',#8702);
#7785=PLANE('',#8703);
#7786=PLANE('',#8704);
#7787=PLANE('',#8705);
#7788=PLANE('',#8706);
#7789=PLANE('',#8707);
#7790=PLANE('',#8708);
#7791=PLANE('',#8709);
#7792=PLANE('',#8710);
#7793=PLANE('',#8711);
#7794=PLANE('',#8712);
#7795=PLANE('',#8713);
#7796=PLANE('',#8714);
#7797=PLANE('',#8715);
#7798=PLANE('',#8716);
#7799=PLANE('',#8717);
#7800=PLANE('',#8718);
#7801=PLANE('',#8719);
#7802=PLANE('',#8720);
#7803=PLANE('',#8721);
#7804=PLANE('',#8722);
#7805=PLANE('',#8723);
#7806=PLANE('',#8724);
#7807=PLANE('',#8725);
#7808=PLANE('',#8726);
#7809=PLANE('',#8727);
#7810=PLANE('',#8728);
#7811=PLANE('',#8750);
#7812=PLANE('',#8751);
#7813=PLANE('',#8752);
#7814=PLANE('',#8753);
#7815=PLANE('',#8754);
#7816=PLANE('',#8755);
#7817=PLANE('',#8756);
#7818=PLANE('',#8757);
#7819=PLANE('',#8761);
#7820=PLANE('',#8762);
#7821=PLANE('',#8763);
#7822=PLANE('',#8764);
#7823=PLANE('',#8765);
#7824=PLANE('',#8767);
#7825=PLANE('',#8773);
#7826=PLANE('',#8779);
#7827=PLANE('',#8781);
#7828=PLANE('',#8782);
#7829=PLANE('',#8783);
#7830=PLANE('',#8784);
#7831=PLANE('',#8785);
#7832=PLANE('',#8786);
#7833=PLANE('',#8787);
#7834=PLANE('',#8788);
#7835=PLANE('',#8789);
#7836=PLANE('',#8790);
#7837=PLANE('',#8791);
#7838=PLANE('',#8792);
#7839=PLANE('',#8793);
#7840=PLANE('',#8794);
#7841=PLANE('',#8795);
#7842=PLANE('',#8796);
#7843=PLANE('',#8797);
#7844=PLANE('',#8798);
#7845=PLANE('',#8799);
#7846=PLANE('',#8800);
#7847=PLANE('',#8801);
#7848=PLANE('',#8802);
#7849=PLANE('',#8803);
#7850=PLANE('',#8804);
#7851=PLANE('',#8805);
#7852=PLANE('',#8806);
#7853=PLANE('',#8807);
#7854=PLANE('',#8808);
#7855=PLANE('',#8809);
#7856=PLANE('',#8810);
#7857=PLANE('',#8811);
#7858=PLANE('',#8812);
#7859=PLANE('',#8813);
#7860=PLANE('',#8814);
#7861=PLANE('',#8815);
#7862=PLANE('',#8816);
#7863=PLANE('',#8817);
#7864=PLANE('',#8818);
#7865=PLANE('',#8819);
#7866=PLANE('',#8820);
#7867=PLANE('',#8821);
#7868=PLANE('',#8822);
#7869=PLANE('',#8823);
#7870=PLANE('',#8824);
#7871=PLANE('',#8825);
#7872=PLANE('',#8826);
#7873=PLANE('',#8827);
#7874=PLANE('',#8828);
#7875=PLANE('',#8829);
#7876=PLANE('',#8830);
#7877=PLANE('',#8831);
#7878=PLANE('',#8832);
#7879=PLANE('',#8833);
#7880=PLANE('',#8834);
#7881=PLANE('',#8835);
#7882=PLANE('',#8836);
#7883=PLANE('',#8837);
#7884=PLANE('',#8838);
#7885=PLANE('',#8839);
#7886=PLANE('',#8840);
#7887=PLANE('',#8841);
#7888=PLANE('',#8842);
#7889=PLANE('',#8843);
#7890=PLANE('',#8844);
#7891=PLANE('',#8845);
#7892=PLANE('',#8846);
#7893=PLANE('',#8847);
#7894=PLANE('',#8848);
#7895=PLANE('',#8849);
#7896=PLANE('',#8850);
#7897=PLANE('',#8851);
#7898=PLANE('',#8852);
#7899=PLANE('',#8853);
#7900=PLANE('',#8875);
#7901=PLANE('',#8876);
#7902=PLANE('',#8877);
#7903=PLANE('',#8878);
#7904=PLANE('',#8879);
#7905=PLANE('',#8880);
#7906=PLANE('',#8881);
#7907=PLANE('',#8882);
#7908=PLANE('',#8886);
#7909=PLANE('',#8887);
#7910=PLANE('',#8888);
#7911=PLANE('',#8889);
#7912=PLANE('',#8890);
#7913=PLANE('',#8892);
#7914=PLANE('',#8893);
#7915=PLANE('',#8894);
#7916=PLANE('',#8895);
#7917=PLANE('',#8896);
#7918=PLANE('',#8897);
#7919=PLANE('',#8898);
#7920=PLANE('',#8899);
#7921=PLANE('',#8900);
#7922=PLANE('',#8901);
#7923=PLANE('',#8902);
#7924=PLANE('',#8903);
#7925=PLANE('',#8904);
#7926=PLANE('',#8905);
#7927=PLANE('',#8906);
#7928=PLANE('',#8907);
#7929=PLANE('',#8908);
#7930=PLANE('',#8909);
#7931=PLANE('',#8910);
#7932=PLANE('',#8911);
#7933=PLANE('',#8912);
#7934=PLANE('',#8913);
#7935=PLANE('',#8914);
#7936=PLANE('',#8915);
#7937=PLANE('',#8916);
#7938=PLANE('',#8917);
#7939=PLANE('',#8918);
#7940=PLANE('',#8919);
#7941=PLANE('',#8920);
#7942=PLANE('',#8921);
#7943=PLANE('',#8922);
#7944=PLANE('',#8923);
#7945=PLANE('',#8924);
#7946=PLANE('',#8925);
#7947=PLANE('',#8926);
#7948=PLANE('',#8927);
#7949=PLANE('',#8928);
#7950=PLANE('',#8929);
#7951=PLANE('',#8930);
#7952=PLANE('',#8931);
#7953=PLANE('',#8932);
#7954=PLANE('',#8933);
#7955=PLANE('',#8934);
#7956=PLANE('',#8935);
#7957=PLANE('',#8936);
#7958=PLANE('',#8937);
#7959=PLANE('',#8938);
#7960=PLANE('',#8939);
#7961=PLANE('',#8940);
#7962=PLANE('',#8941);
#7963=PLANE('',#8942);
#7964=PLANE('',#8943);
#7965=PLANE('',#8944);
#7966=PLANE('',#8945);
#7967=PLANE('',#8946);
#7968=PLANE('',#8947);
#7969=PLANE('',#8948);
#7970=PLANE('',#8949);
#7971=PLANE('',#8950);
#7972=PLANE('',#8951);
#7973=PLANE('',#8952);
#7974=PLANE('',#8953);
#7975=PLANE('',#8954);
#7976=PLANE('',#8955);
#7977=PLANE('',#8956);
#7978=PLANE('',#8957);
#7979=PLANE('',#8958);
#7980=PLANE('',#8959);
#7981=PLANE('',#8960);
#7982=PLANE('',#8961);
#7983=PLANE('',#8962);
#7984=PLANE('',#8963);
#7985=PLANE('',#8964);
#7986=PLANE('',#8986);
#7987=PLANE('',#8987);
#7988=PLANE('',#8988);
#7989=PLANE('',#8989);
#7990=PLANE('',#8990);
#7991=PLANE('',#8991);
#7992=PLANE('',#8992);
#7993=PLANE('',#8993);
#7994=PLANE('',#8997);
#7995=PLANE('',#8998);
#7996=PLANE('',#8999);
#7997=PLANE('',#9000);
#7998=PLANE('',#9001);
#7999=PLANE('',#9004);
#8000=PLANE('',#9005);
#8001=PLANE('',#9006);
#8002=PLANE('',#9007);
#8003=PLANE('',#9008);
#8004=PLANE('',#9009);
#8005=PLANE('',#9010);
#8006=PLANE('',#9011);
#8007=PLANE('',#9012);
#8008=PLANE('',#9013);
#8009=PLANE('',#9014);
#8010=PLANE('',#9015);
#8011=PLANE('',#9016);
#8012=PLANE('',#9017);
#8013=PLANE('',#9018);
#8014=PLANE('',#9019);
#8015=PLANE('',#9020);
#8016=PLANE('',#9021);
#8017=PLANE('',#9022);
#8018=PLANE('',#9023);
#8019=PLANE('',#9024);
#8020=PLANE('',#9025);
#8021=PLANE('',#9026);
#8022=PLANE('',#9027);
#8023=PLANE('',#9028);
#8024=PLANE('',#9029);
#8025=PLANE('',#9030);
#8026=PLANE('',#9031);
#8027=PLANE('',#9032);
#8028=PLANE('',#9033);
#8029=PLANE('',#9034);
#8030=PLANE('',#9035);
#8031=PLANE('',#9036);
#8032=PLANE('',#9037);
#8033=PLANE('',#9038);
#8034=PLANE('',#9039);
#8035=PLANE('',#9040);
#8036=PLANE('',#9041);
#8037=PLANE('',#9042);
#8038=PLANE('',#9043);
#8039=PLANE('',#9044);
#8040=PLANE('',#9045);
#8041=PLANE('',#9046);
#8042=PLANE('',#9047);
#8043=PLANE('',#9048);
#8044=PLANE('',#9049);
#8045=PLANE('',#9050);
#8046=PLANE('',#9051);
#8047=PLANE('',#9052);
#8048=PLANE('',#9053);
#8049=PLANE('',#9054);
#8050=PLANE('',#9055);
#8051=PLANE('',#9056);
#8052=PLANE('',#9057);
#8053=PLANE('',#9058);
#8054=PLANE('',#9059);
#8055=PLANE('',#9060);
#8056=PLANE('',#9061);
#8057=PLANE('',#9062);
#8058=PLANE('',#9063);
#8059=PLANE('',#9064);
#8060=PLANE('',#9065);
#8061=PLANE('',#9066);
#8062=PLANE('',#9067);
#8063=PLANE('',#9068);
#8064=PLANE('',#9069);
#8065=PLANE('',#9070);
#8066=PLANE('',#9071);
#8067=PLANE('',#9072);
#8068=PLANE('',#9073);
#8069=PLANE('',#9074);
#8070=PLANE('',#9075);
#8071=PLANE('',#9076);
#8072=PLANE('',#9098);
#8073=PLANE('',#9099);
#8074=PLANE('',#9100);
#8075=PLANE('',#9101);
#8076=PLANE('',#9102);
#8077=PLANE('',#9103);
#8078=PLANE('',#9104);
#8079=PLANE('',#9105);
#8080=PLANE('',#9109);
#8081=PLANE('',#9110);
#8082=PLANE('',#9111);
#8083=PLANE('',#9112);
#8084=PLANE('',#9113);
#8085=PLANE('',#9138);
#8086=PLANE('',#9142);
#8087=PLANE('',#9148);
#8088=PLANE('',#9154);
#8089=PLANE('',#9160);
#8090=PLANE('',#9161);
#8091=PLANE('',#9164);
#8092=PLANE('',#9197);
#8093=PLANE('',#9206);
#8094=PLANE('',#9212);
#8095=PLANE('',#9215);
#8096=PLANE('',#9228);
#8097=PLANE('',#9238);
#8098=PLANE('',#9241);
#8099=PLANE('',#9244);
#8100=PLANE('',#9248);
#8101=ADVANCED_FACE('',(#7214),#7738,.F.);
#8102=ADVANCED_FACE('',(#7215),#7739,.F.);
#8103=ADVANCED_FACE('',(#7216),#7740,.F.);
#8104=ADVANCED_FACE('',(#7217),#7741,.F.);
#8105=ADVANCED_FACE('',(#7218),#7742,.F.);
#8106=ADVANCED_FACE('',(#7219),#7743,.F.);
#8107=ADVANCED_FACE('',(#7220),#7744,.F.);
#8108=ADVANCED_FACE('',(#7221),#7745,.F.);
#8109=ADVANCED_FACE('',(#7222),#7746,.F.);
#8110=ADVANCED_FACE('',(#7223),#7747,.F.);
#8111=ADVANCED_FACE('',(#7224),#7748,.F.);
#8112=ADVANCED_FACE('',(#7225),#7749,.F.);
#8113=ADVANCED_FACE('',(#7226),#7750,.F.);
#8114=ADVANCED_FACE('',(#7227),#7751,.F.);
#8115=ADVANCED_FACE('',(#7228),#7752,.F.);
#8116=ADVANCED_FACE('',(#7229),#7753,.F.);
#8117=ADVANCED_FACE('',(#7230),#7754,.F.);
#8118=ADVANCED_FACE('',(#7231),#7755,.F.);
#8119=ADVANCED_FACE('',(#7232),#7756,.F.);
#8120=ADVANCED_FACE('',(#7233),#7757,.F.);
#8121=ADVANCED_FACE('',(#7234),#7758,.F.);
#8122=ADVANCED_FACE('',(#7235),#7759,.F.);
#8123=ADVANCED_FACE('',(#7236),#7760,.F.);
#8124=ADVANCED_FACE('',(#7237),#7761,.F.);
#8125=ADVANCED_FACE('',(#7238),#7762,.F.);
#8126=ADVANCED_FACE('',(#7239),#7763,.F.);
#8127=ADVANCED_FACE('',(#7240),#7764,.F.);
#8128=ADVANCED_FACE('',(#7241),#7765,.F.);
#8129=ADVANCED_FACE('',(#7242),#7766,.F.);
#8130=ADVANCED_FACE('',(#7243),#7767,.F.);
#8131=ADVANCED_FACE('',(#7244),#7768,.F.);
#8132=ADVANCED_FACE('',(#7245),#7769,.F.);
#8133=ADVANCED_FACE('',(#7246),#7770,.F.);
#8134=ADVANCED_FACE('',(#7247),#7771,.F.);
#8135=ADVANCED_FACE('',(#7248),#7772,.F.);
#8136=ADVANCED_FACE('',(#7249),#7773,.F.);
#8137=ADVANCED_FACE('',(#7250),#7774,.F.);
#8138=ADVANCED_FACE('',(#7251),#7775,.F.);
#8139=ADVANCED_FACE('',(#7252),#7776,.F.);
#8140=ADVANCED_FACE('',(#7253),#7777,.F.);
#8141=ADVANCED_FACE('',(#7254),#7778,.F.);
#8142=ADVANCED_FACE('',(#7255),#7779,.F.);
#8143=ADVANCED_FACE('',(#7256),#7780,.F.);
#8144=ADVANCED_FACE('',(#7257),#7781,.F.);
#8145=ADVANCED_FACE('',(#7258),#7782,.F.);
#8146=ADVANCED_FACE('',(#7259),#7783,.F.);
#8147=ADVANCED_FACE('',(#7260),#7784,.F.);
#8148=ADVANCED_FACE('',(#7261),#7785,.F.);
#8149=ADVANCED_FACE('',(#7262),#7786,.F.);
#8150=ADVANCED_FACE('',(#7263),#7787,.F.);
#8151=ADVANCED_FACE('',(#7264),#7788,.F.);
#8152=ADVANCED_FACE('',(#7265),#7789,.F.);
#8153=ADVANCED_FACE('',(#7266),#7790,.F.);
#8154=ADVANCED_FACE('',(#7267),#7791,.F.);
#8155=ADVANCED_FACE('',(#7268),#7792,.F.);
#8156=ADVANCED_FACE('',(#7269),#7793,.F.);
#8157=ADVANCED_FACE('',(#7270),#7794,.F.);
#8158=ADVANCED_FACE('',(#7271),#7795,.F.);
#8159=ADVANCED_FACE('',(#7272),#7796,.F.);
#8160=ADVANCED_FACE('',(#7273),#7797,.F.);
#8161=ADVANCED_FACE('',(#7274),#7798,.F.);
#8162=ADVANCED_FACE('',(#7275),#7799,.F.);
#8163=ADVANCED_FACE('',(#7276),#7800,.F.);
#8164=ADVANCED_FACE('',(#7277),#7801,.F.);
#8165=ADVANCED_FACE('',(#7278),#7802,.F.);
#8166=ADVANCED_FACE('',(#7279),#7803,.F.);
#8167=ADVANCED_FACE('',(#7280),#7804,.F.);
#8168=ADVANCED_FACE('',(#7281),#7805,.T.);
#8169=ADVANCED_FACE('',(#7282),#7806,.T.);
#8170=ADVANCED_FACE('',(#7283),#7807,.T.);
#8171=ADVANCED_FACE('',(#7284),#7808,.T.);
#8172=ADVANCED_FACE('',(#7285),#7809,.T.);
#8173=ADVANCED_FACE('',(#7286),#7810,.T.);
#8174=ADVANCED_FACE('',(#7287),#176,.F.);
#8175=ADVANCED_FACE('',(#7288),#177,.F.);
#8176=ADVANCED_FACE('',(#7289),#178,.F.);
#8177=ADVANCED_FACE('',(#7290),#179,.F.);
#8178=ADVANCED_FACE('',(#7291),#180,.F.);
#8179=ADVANCED_FACE('',(#7292),#181,.F.);
#8180=ADVANCED_FACE('',(#7293),#182,.F.);
#8181=ADVANCED_FACE('',(#7294),#7811,.T.);
#8182=ADVANCED_FACE('',(#7295),#7812,.T.);
#8183=ADVANCED_FACE('',(#7296),#7813,.T.);
#8184=ADVANCED_FACE('',(#7297),#7814,.T.);
#8185=ADVANCED_FACE('',(#7298),#7815,.T.);
#8186=ADVANCED_FACE('',(#7299),#7816,.T.);
#8187=ADVANCED_FACE('',(#7300),#7817,.T.);
#8188=ADVANCED_FACE('',(#7301),#7818,.T.);
#8189=ADVANCED_FACE('',(#7302),#183,.F.);
#8190=ADVANCED_FACE('',(#7303),#7819,.T.);
#8191=ADVANCED_FACE('',(#7304),#7820,.T.);
#8192=ADVANCED_FACE('',(#7305),#7821,.F.);
#8193=ADVANCED_FACE('',(#7306,#7307,#7308,#7309,#7310,#7311),#7822,.T.);
#8194=ADVANCED_FACE('',(#7312,#7313,#7314,#7315,#7316,#7317),#7823,.F.);
#8195=ADVANCED_FACE('',(#7318),#7824,.F.);
#8196=ADVANCED_FACE('',(#7319,#7320),#82,.T.);
#8197=ADVANCED_FACE('',(#7321,#7322),#184,.T.);
#8198=ADVANCED_FACE('',(#7323,#7324),#7825,.F.);
#8199=ADVANCED_FACE('',(#7325,#7326),#185,.T.);
#8200=ADVANCED_FACE('',(#7327,#7328),#83,.T.);
#8201=ADVANCED_FACE('',(#7329),#7826,.F.);
#8202=ADVANCED_FACE('',(#7330),#7827,.F.);
#8203=ADVANCED_FACE('',(#7331),#7828,.F.);
#8204=ADVANCED_FACE('',(#7332),#7829,.F.);
#8205=ADVANCED_FACE('',(#7333),#7830,.F.);
#8206=ADVANCED_FACE('',(#7334),#7831,.F.);
#8207=ADVANCED_FACE('',(#7335),#7832,.F.);
#8208=ADVANCED_FACE('',(#7336),#7833,.F.);
#8209=ADVANCED_FACE('',(#7337),#7834,.F.);
#8210=ADVANCED_FACE('',(#7338),#7835,.F.);
#8211=ADVANCED_FACE('',(#7339),#7836,.F.);
#8212=ADVANCED_FACE('',(#7340),#7837,.F.);
#8213=ADVANCED_FACE('',(#7341),#7838,.F.);
#8214=ADVANCED_FACE('',(#7342),#7839,.F.);
#8215=ADVANCED_FACE('',(#7343),#7840,.F.);
#8216=ADVANCED_FACE('',(#7344),#7841,.F.);
#8217=ADVANCED_FACE('',(#7345),#7842,.F.);
#8218=ADVANCED_FACE('',(#7346),#7843,.F.);
#8219=ADVANCED_FACE('',(#7347),#7844,.F.);
#8220=ADVANCED_FACE('',(#7348),#7845,.F.);
#8221=ADVANCED_FACE('',(#7349),#7846,.F.);
#8222=ADVANCED_FACE('',(#7350),#7847,.F.);
#8223=ADVANCED_FACE('',(#7351),#7848,.F.);
#8224=ADVANCED_FACE('',(#7352),#7849,.F.);
#8225=ADVANCED_FACE('',(#7353),#7850,.F.);
#8226=ADVANCED_FACE('',(#7354),#7851,.F.);
#8227=ADVANCED_FACE('',(#7355),#7852,.F.);
#8228=ADVANCED_FACE('',(#7356),#7853,.F.);
#8229=ADVANCED_FACE('',(#7357),#7854,.F.);
#8230=ADVANCED_FACE('',(#7358),#7855,.F.);
#8231=ADVANCED_FACE('',(#7359),#7856,.F.);
#8232=ADVANCED_FACE('',(#7360),#7857,.F.);
#8233=ADVANCED_FACE('',(#7361),#7858,.F.);
#8234=ADVANCED_FACE('',(#7362),#7859,.F.);
#8235=ADVANCED_FACE('',(#7363),#7860,.F.);
#8236=ADVANCED_FACE('',(#7364),#7861,.F.);
#8237=ADVANCED_FACE('',(#7365),#7862,.F.);
#8238=ADVANCED_FACE('',(#7366),#7863,.F.);
#8239=ADVANCED_FACE('',(#7367),#7864,.F.);
#8240=ADVANCED_FACE('',(#7368),#7865,.F.);
#8241=ADVANCED_FACE('',(#7369),#7866,.F.);
#8242=ADVANCED_FACE('',(#7370),#7867,.F.);
#8243=ADVANCED_FACE('',(#7371),#7868,.F.);
#8244=ADVANCED_FACE('',(#7372),#7869,.F.);
#8245=ADVANCED_FACE('',(#7373),#7870,.F.);
#8246=ADVANCED_FACE('',(#7374),#7871,.F.);
#8247=ADVANCED_FACE('',(#7375),#7872,.F.);
#8248=ADVANCED_FACE('',(#7376),#7873,.F.);
#8249=ADVANCED_FACE('',(#7377),#7874,.F.);
#8250=ADVANCED_FACE('',(#7378),#7875,.F.);
#8251=ADVANCED_FACE('',(#7379),#7876,.F.);
#8252=ADVANCED_FACE('',(#7380),#7877,.F.);
#8253=ADVANCED_FACE('',(#7381),#7878,.F.);
#8254=ADVANCED_FACE('',(#7382),#7879,.F.);
#8255=ADVANCED_FACE('',(#7383),#7880,.F.);
#8256=ADVANCED_FACE('',(#7384),#7881,.F.);
#8257=ADVANCED_FACE('',(#7385),#7882,.F.);
#8258=ADVANCED_FACE('',(#7386),#7883,.F.);
#8259=ADVANCED_FACE('',(#7387),#7884,.F.);
#8260=ADVANCED_FACE('',(#7388),#7885,.F.);
#8261=ADVANCED_FACE('',(#7389),#7886,.F.);
#8262=ADVANCED_FACE('',(#7390),#7887,.F.);
#8263=ADVANCED_FACE('',(#7391),#7888,.F.);
#8264=ADVANCED_FACE('',(#7392),#7889,.F.);
#8265=ADVANCED_FACE('',(#7393),#7890,.F.);
#8266=ADVANCED_FACE('',(#7394),#7891,.F.);
#8267=ADVANCED_FACE('',(#7395),#7892,.F.);
#8268=ADVANCED_FACE('',(#7396),#7893,.F.);
#8269=ADVANCED_FACE('',(#7397),#7894,.T.);
#8270=ADVANCED_FACE('',(#7398),#7895,.T.);
#8271=ADVANCED_FACE('',(#7399),#7896,.T.);
#8272=ADVANCED_FACE('',(#7400),#7897,.T.);
#8273=ADVANCED_FACE('',(#7401),#7898,.T.);
#8274=ADVANCED_FACE('',(#7402),#7899,.T.);
#8275=ADVANCED_FACE('',(#7403),#186,.F.);
#8276=ADVANCED_FACE('',(#7404),#187,.F.);
#8277=ADVANCED_FACE('',(#7405),#188,.F.);
#8278=ADVANCED_FACE('',(#7406),#189,.F.);
#8279=ADVANCED_FACE('',(#7407),#190,.F.);
#8280=ADVANCED_FACE('',(#7408),#191,.F.);
#8281=ADVANCED_FACE('',(#7409),#192,.F.);
#8282=ADVANCED_FACE('',(#7410),#7900,.T.);
#8283=ADVANCED_FACE('',(#7411),#7901,.T.);
#8284=ADVANCED_FACE('',(#7412),#7902,.T.);
#8285=ADVANCED_FACE('',(#7413),#7903,.T.);
#8286=ADVANCED_FACE('',(#7414),#7904,.T.);
#8287=ADVANCED_FACE('',(#7415),#7905,.T.);
#8288=ADVANCED_FACE('',(#7416),#7906,.T.);
#8289=ADVANCED_FACE('',(#7417),#7907,.T.);
#8290=ADVANCED_FACE('',(#7418),#193,.F.);
#8291=ADVANCED_FACE('',(#7419),#7908,.T.);
#8292=ADVANCED_FACE('',(#7420),#7909,.T.);
#8293=ADVANCED_FACE('',(#7421),#7910,.F.);
#8294=ADVANCED_FACE('',(#7422,#7423,#7424,#7425,#7426,#7427),#7911,.T.);
#8295=ADVANCED_FACE('',(#7428,#7429,#7430,#7431,#7432,#7433),#7912,.F.);
#8296=ADVANCED_FACE('',(#7434),#7913,.F.);
#8297=ADVANCED_FACE('',(#7435),#7914,.F.);
#8298=ADVANCED_FACE('',(#7436),#7915,.F.);
#8299=ADVANCED_FACE('',(#7437),#7916,.F.);
#8300=ADVANCED_FACE('',(#7438),#7917,.F.);
#8301=ADVANCED_FACE('',(#7439),#7918,.F.);
#8302=ADVANCED_FACE('',(#7440),#7919,.F.);
#8303=ADVANCED_FACE('',(#7441),#7920,.F.);
#8304=ADVANCED_FACE('',(#7442),#7921,.F.);
#8305=ADVANCED_FACE('',(#7443),#7922,.F.);
#8306=ADVANCED_FACE('',(#7444),#7923,.F.);
#8307=ADVANCED_FACE('',(#7445),#7924,.F.);
#8308=ADVANCED_FACE('',(#7446),#7925,.F.);
#8309=ADVANCED_FACE('',(#7447),#7926,.F.);
#8310=ADVANCED_FACE('',(#7448),#7927,.F.);
#8311=ADVANCED_FACE('',(#7449),#7928,.F.);
#8312=ADVANCED_FACE('',(#7450),#7929,.F.);
#8313=ADVANCED_FACE('',(#7451),#7930,.F.);
#8314=ADVANCED_FACE('',(#7452),#7931,.F.);
#8315=ADVANCED_FACE('',(#7453),#7932,.F.);
#8316=ADVANCED_FACE('',(#7454),#7933,.F.);
#8317=ADVANCED_FACE('',(#7455),#7934,.F.);
#8318=ADVANCED_FACE('',(#7456),#7935,.F.);
#8319=ADVANCED_FACE('',(#7457),#7936,.F.);
#8320=ADVANCED_FACE('',(#7458),#7937,.F.);
#8321=ADVANCED_FACE('',(#7459),#7938,.F.);
#8322=ADVANCED_FACE('',(#7460),#7939,.F.);
#8323=ADVANCED_FACE('',(#7461),#7940,.F.);
#8324=ADVANCED_FACE('',(#7462),#7941,.F.);
#8325=ADVANCED_FACE('',(#7463),#7942,.F.);
#8326=ADVANCED_FACE('',(#7464),#7943,.F.);
#8327=ADVANCED_FACE('',(#7465),#7944,.F.);
#8328=ADVANCED_FACE('',(#7466),#7945,.F.);
#8329=ADVANCED_FACE('',(#7467),#7946,.F.);
#8330=ADVANCED_FACE('',(#7468),#7947,.F.);
#8331=ADVANCED_FACE('',(#7469),#7948,.F.);
#8332=ADVANCED_FACE('',(#7470),#7949,.F.);
#8333=ADVANCED_FACE('',(#7471),#7950,.F.);
#8334=ADVANCED_FACE('',(#7472),#7951,.F.);
#8335=ADVANCED_FACE('',(#7473),#7952,.F.);
#8336=ADVANCED_FACE('',(#7474),#7953,.F.);
#8337=ADVANCED_FACE('',(#7475),#7954,.F.);
#8338=ADVANCED_FACE('',(#7476),#7955,.F.);
#8339=ADVANCED_FACE('',(#7477),#7956,.F.);
#8340=ADVANCED_FACE('',(#7478),#7957,.F.);
#8341=ADVANCED_FACE('',(#7479),#7958,.F.);
#8342=ADVANCED_FACE('',(#7480),#7959,.F.);
#8343=ADVANCED_FACE('',(#7481),#7960,.F.);
#8344=ADVANCED_FACE('',(#7482),#7961,.F.);
#8345=ADVANCED_FACE('',(#7483),#7962,.F.);
#8346=ADVANCED_FACE('',(#7484),#7963,.F.);
#8347=ADVANCED_FACE('',(#7485),#7964,.F.);
#8348=ADVANCED_FACE('',(#7486),#7965,.F.);
#8349=ADVANCED_FACE('',(#7487),#7966,.F.);
#8350=ADVANCED_FACE('',(#7488),#7967,.F.);
#8351=ADVANCED_FACE('',(#7489),#7968,.F.);
#8352=ADVANCED_FACE('',(#7490),#7969,.F.);
#8353=ADVANCED_FACE('',(#7491),#7970,.F.);
#8354=ADVANCED_FACE('',(#7492),#7971,.F.);
#8355=ADVANCED_FACE('',(#7493),#7972,.F.);
#8356=ADVANCED_FACE('',(#7494),#7973,.F.);
#8357=ADVANCED_FACE('',(#7495),#7974,.F.);
#8358=ADVANCED_FACE('',(#7496),#7975,.F.);
#8359=ADVANCED_FACE('',(#7497),#7976,.F.);
#8360=ADVANCED_FACE('',(#7498),#7977,.F.);
#8361=ADVANCED_FACE('',(#7499),#7978,.F.);
#8362=ADVANCED_FACE('',(#7500),#7979,.F.);
#8363=ADVANCED_FACE('',(#7501),#7980,.T.);
#8364=ADVANCED_FACE('',(#7502),#7981,.T.);
#8365=ADVANCED_FACE('',(#7503),#7982,.T.);
#8366=ADVANCED_FACE('',(#7504),#7983,.T.);
#8367=ADVANCED_FACE('',(#7505),#7984,.T.);
#8368=ADVANCED_FACE('',(#7506),#7985,.T.);
#8369=ADVANCED_FACE('',(#7507),#194,.F.);
#8370=ADVANCED_FACE('',(#7508),#195,.F.);
#8371=ADVANCED_FACE('',(#7509),#196,.F.);
#8372=ADVANCED_FACE('',(#7510),#197,.F.);
#8373=ADVANCED_FACE('',(#7511),#198,.F.);
#8374=ADVANCED_FACE('',(#7512),#199,.F.);
#8375=ADVANCED_FACE('',(#7513),#200,.F.);
#8376=ADVANCED_FACE('',(#7514),#7986,.T.);
#8377=ADVANCED_FACE('',(#7515),#7987,.T.);
#8378=ADVANCED_FACE('',(#7516),#7988,.T.);
#8379=ADVANCED_FACE('',(#7517),#7989,.T.);
#8380=ADVANCED_FACE('',(#7518),#7990,.T.);
#8381=ADVANCED_FACE('',(#7519),#7991,.T.);
#8382=ADVANCED_FACE('',(#7520),#7992,.T.);
#8383=ADVANCED_FACE('',(#7521),#7993,.T.);
#8384=ADVANCED_FACE('',(#7522),#201,.F.);
#8385=ADVANCED_FACE('',(#7523),#7994,.T.);
#8386=ADVANCED_FACE('',(#7524),#7995,.T.);
#8387=ADVANCED_FACE('',(#7525),#7996,.F.);
#8388=ADVANCED_FACE('',(#7526,#7527,#7528,#7529,#7530,#7531),#7997,.T.);
#8389=ADVANCED_FACE('',(#7532,#7533,#7534,#7535,#7536,#7537),#7998,.F.);
#8390=ADVANCED_FACE('',(#7538),#7999,.F.);
#8391=ADVANCED_FACE('',(#7539),#8000,.F.);
#8392=ADVANCED_FACE('',(#7540),#8001,.F.);
#8393=ADVANCED_FACE('',(#7541),#8002,.F.);
#8394=ADVANCED_FACE('',(#7542),#8003,.F.);
#8395=ADVANCED_FACE('',(#7543),#8004,.F.);
#8396=ADVANCED_FACE('',(#7544),#8005,.F.);
#8397=ADVANCED_FACE('',(#7545),#8006,.F.);
#8398=ADVANCED_FACE('',(#7546),#8007,.F.);
#8399=ADVANCED_FACE('',(#7547),#8008,.F.);
#8400=ADVANCED_FACE('',(#7548),#8009,.F.);
#8401=ADVANCED_FACE('',(#7549),#8010,.F.);
#8402=ADVANCED_FACE('',(#7550),#8011,.F.);
#8403=ADVANCED_FACE('',(#7551),#8012,.F.);
#8404=ADVANCED_FACE('',(#7552),#8013,.F.);
#8405=ADVANCED_FACE('',(#7553),#8014,.F.);
#8406=ADVANCED_FACE('',(#7554),#8015,.F.);
#8407=ADVANCED_FACE('',(#7555),#8016,.F.);
#8408=ADVANCED_FACE('',(#7556),#8017,.F.);
#8409=ADVANCED_FACE('',(#7557),#8018,.F.);
#8410=ADVANCED_FACE('',(#7558),#8019,.F.);
#8411=ADVANCED_FACE('',(#7559),#8020,.F.);
#8412=ADVANCED_FACE('',(#7560),#8021,.F.);
#8413=ADVANCED_FACE('',(#7561),#8022,.F.);
#8414=ADVANCED_FACE('',(#7562),#8023,.F.);
#8415=ADVANCED_FACE('',(#7563),#8024,.F.);
#8416=ADVANCED_FACE('',(#7564),#8025,.F.);
#8417=ADVANCED_FACE('',(#7565),#8026,.F.);
#8418=ADVANCED_FACE('',(#7566),#8027,.F.);
#8419=ADVANCED_FACE('',(#7567),#8028,.F.);
#8420=ADVANCED_FACE('',(#7568),#8029,.F.);
#8421=ADVANCED_FACE('',(#7569),#8030,.F.);
#8422=ADVANCED_FACE('',(#7570),#8031,.F.);
#8423=ADVANCED_FACE('',(#7571),#8032,.F.);
#8424=ADVANCED_FACE('',(#7572),#8033,.F.);
#8425=ADVANCED_FACE('',(#7573),#8034,.F.);
#8426=ADVANCED_FACE('',(#7574),#8035,.F.);
#8427=ADVANCED_FACE('',(#7575),#8036,.F.);
#8428=ADVANCED_FACE('',(#7576),#8037,.F.);
#8429=ADVANCED_FACE('',(#7577),#8038,.F.);
#8430=ADVANCED_FACE('',(#7578),#8039,.F.);
#8431=ADVANCED_FACE('',(#7579),#8040,.F.);
#8432=ADVANCED_FACE('',(#7580),#8041,.F.);
#8433=ADVANCED_FACE('',(#7581),#8042,.F.);
#8434=ADVANCED_FACE('',(#7582),#8043,.F.);
#8435=ADVANCED_FACE('',(#7583),#8044,.F.);
#8436=ADVANCED_FACE('',(#7584),#8045,.F.);
#8437=ADVANCED_FACE('',(#7585),#8046,.F.);
#8438=ADVANCED_FACE('',(#7586),#8047,.F.);
#8439=ADVANCED_FACE('',(#7587),#8048,.F.);
#8440=ADVANCED_FACE('',(#7588),#8049,.F.);
#8441=ADVANCED_FACE('',(#7589),#8050,.F.);
#8442=ADVANCED_FACE('',(#7590),#8051,.F.);
#8443=ADVANCED_FACE('',(#7591),#8052,.F.);
#8444=ADVANCED_FACE('',(#7592),#8053,.F.);
#8445=ADVANCED_FACE('',(#7593),#8054,.F.);
#8446=ADVANCED_FACE('',(#7594),#8055,.F.);
#8447=ADVANCED_FACE('',(#7595),#8056,.F.);
#8448=ADVANCED_FACE('',(#7596),#8057,.F.);
#8449=ADVANCED_FACE('',(#7597),#8058,.F.);
#8450=ADVANCED_FACE('',(#7598),#8059,.F.);
#8451=ADVANCED_FACE('',(#7599),#8060,.F.);
#8452=ADVANCED_FACE('',(#7600),#8061,.F.);
#8453=ADVANCED_FACE('',(#7601),#8062,.F.);
#8454=ADVANCED_FACE('',(#7602),#8063,.F.);
#8455=ADVANCED_FACE('',(#7603),#8064,.F.);
#8456=ADVANCED_FACE('',(#7604),#8065,.F.);
#8457=ADVANCED_FACE('',(#7605),#8066,.T.);
#8458=ADVANCED_FACE('',(#7606),#8067,.T.);
#8459=ADVANCED_FACE('',(#7607),#8068,.T.);
#8460=ADVANCED_FACE('',(#7608),#8069,.T.);
#8461=ADVANCED_FACE('',(#7609),#8070,.T.);
#8462=ADVANCED_FACE('',(#7610),#8071,.T.);
#8463=ADVANCED_FACE('',(#7611),#202,.F.);
#8464=ADVANCED_FACE('',(#7612),#203,.F.);
#8465=ADVANCED_FACE('',(#7613),#204,.F.);
#8466=ADVANCED_FACE('',(#7614),#205,.F.);
#8467=ADVANCED_FACE('',(#7615),#206,.F.);
#8468=ADVANCED_FACE('',(#7616),#207,.F.);
#8469=ADVANCED_FACE('',(#7617),#208,.F.);
#8470=ADVANCED_FACE('',(#7618),#8072,.T.);
#8471=ADVANCED_FACE('',(#7619),#8073,.T.);
#8472=ADVANCED_FACE('',(#7620),#8074,.T.);
#8473=ADVANCED_FACE('',(#7621),#8075,.T.);
#8474=ADVANCED_FACE('',(#7622),#8076,.T.);
#8475=ADVANCED_FACE('',(#7623),#8077,.T.);
#8476=ADVANCED_FACE('',(#7624),#8078,.T.);
#8477=ADVANCED_FACE('',(#7625),#8079,.T.);
#8478=ADVANCED_FACE('',(#7626),#209,.F.);
#8479=ADVANCED_FACE('',(#7627),#8080,.T.);
#8480=ADVANCED_FACE('',(#7628),#8081,.T.);
#8481=ADVANCED_FACE('',(#7629),#8082,.F.);
#8482=ADVANCED_FACE('',(#7630,#7631,#7632,#7633,#7634,#7635),#8083,.T.);
#8483=ADVANCED_FACE('',(#7636,#7637,#7638,#7639,#7640,#7641),#8084,.F.);
#8484=ADVANCED_FACE('',(#7642,#7643),#210,.T.);
#8485=ADVANCED_FACE('',(#7644,#7645),#211,.T.);
#8486=ADVANCED_FACE('',(#7646,#7647),#212,.T.);
#8487=ADVANCED_FACE('',(#7648,#7649),#213,.T.);
#8488=ADVANCED_FACE('',(#7650,#7651),#214,.T.);
#8489=ADVANCED_FACE('',(#7652),#8085,.F.);
#8490=ADVANCED_FACE('',(#7653,#7654),#215,.T.);
#8491=ADVANCED_FACE('',(#7655),#8086,.T.);
#8492=ADVANCED_FACE('',(#7656,#7657),#216,.T.);
#8493=ADVANCED_FACE('',(#7658,#7659),#217,.T.);
#8494=ADVANCED_FACE('',(#7660),#8087,.T.);
#8495=ADVANCED_FACE('',(#7661,#7662),#218,.T.);
#8496=ADVANCED_FACE('',(#7663,#7664),#219,.T.);
#8497=ADVANCED_FACE('',(#7665),#8088,.T.);
#8498=ADVANCED_FACE('',(#7666,#7667),#220,.T.);
#8499=ADVANCED_FACE('',(#7668,#7669),#221,.T.);
#8500=ADVANCED_FACE('',(#7670),#8089,.T.);
#8501=ADVANCED_FACE('',(#7671),#8090,.T.);
#8502=ADVANCED_FACE('',(#7672,#7673),#222,.T.);
#8503=ADVANCED_FACE('',(#7674),#8091,.T.);
#8504=ADVANCED_FACE('',(#7675,#7676),#223,.T.);
#8505=ADVANCED_FACE('',(#7677,#7678),#224,.T.);
#8506=ADVANCED_FACE('',(#7679,#7680),#225,.T.);
#8507=ADVANCED_FACE('',(#7681,#7682),#226,.T.);
#8508=ADVANCED_FACE('',(#7683,#7684),#227,.T.);
#8509=ADVANCED_FACE('',(#7685,#7686),#228,.T.);
#8510=ADVANCED_FACE('',(#7687,#7688),#229,.T.);
#8511=ADVANCED_FACE('',(#7689,#7690),#230,.T.);
#8512=ADVANCED_FACE('',(#7691,#7692),#231,.T.);
#8513=ADVANCED_FACE('',(#7693,#7694),#232,.T.);
#8514=ADVANCED_FACE('',(#7695),#8092,.F.);
#8515=ADVANCED_FACE('',(#7696,#7697),#233,.T.);
#8516=ADVANCED_FACE('',(#7698,#7699),#234,.T.);
#8517=ADVANCED_FACE('',(#7700,#7701),#235,.T.);
#8518=ADVANCED_FACE('',(#7702),#8093,.F.);
#8519=ADVANCED_FACE('',(#7703,#7704),#236,.T.);
#8520=ADVANCED_FACE('',(#7705,#7706),#237,.T.);
#8521=ADVANCED_FACE('',(#7707),#8094,.F.);
#8522=ADVANCED_FACE('',(#7708,#7709),#238,.T.);
#8523=ADVANCED_FACE('',(#7710),#8095,.F.);
#8524=ADVANCED_FACE('',(#7711,#7712),#239,.T.);
#8525=ADVANCED_FACE('',(#7713,#7714),#240,.T.);
#8526=ADVANCED_FACE('',(#7715,#7716),#241,.T.);
#8527=ADVANCED_FACE('',(#7717,#7718),#242,.T.);
#8528=ADVANCED_FACE('',(#7719),#8096,.F.);
#8529=ADVANCED_FACE('',(#7720,#7721),#243,.T.);
#8530=ADVANCED_FACE('',(#7722,#7723),#244,.T.);
#8531=ADVANCED_FACE('',(#7724,#7725),#245,.T.);
#8532=ADVANCED_FACE('',(#7726),#8097,.T.);
#8533=ADVANCED_FACE('',(#7727,#7728),#246,.T.);
#8534=ADVANCED_FACE('',(#7729),#8098,.F.);
#8535=ADVANCED_FACE('',(#7730,#7731),#247,.T.);
#8536=ADVANCED_FACE('',(#7732),#8099,.F.);
#8537=ADVANCED_FACE('',(#7733,#7734),#248,.T.);
#8538=ADVANCED_FACE('',(#7735),#8100,.T.);
#8539=ADVANCED_FACE('',(#7736,#7737),#249,.T.);
#8540=CLOSED_SHELL('',(#8101,#8102,#8103,#8104,#8105,#8106,#8107,#8108,
#8109,#8110,#8111,#8112,#8113,#8114,#8115,#8116,#8117,#8118,#8119,#8120,
#8121,#8122,#8123,#8124,#8125,#8126,#8127,#8128,#8129,#8130,#8131,#8132,
#8133,#8134,#8135,#8136,#8137,#8138,#8139,#8140,#8141,#8142,#8143,#8144,
#8145,#8146,#8147,#8148,#8149,#8150,#8151,#8152,#8153,#8154,#8155,#8156,
#8157,#8158,#8159,#8160,#8161,#8162,#8163,#8164,#8165,#8166,#8167,#8168,
#8169,#8170,#8171,#8172,#8173,#8174,#8175,#8176,#8177,#8178,#8179,#8180,
#8181,#8182,#8183,#8184,#8185,#8186,#8187,#8188,#8189,#8190,#8191,#8192,
#8193,#8194));
#8541=CLOSED_SHELL('',(#8195,#8196,#8197,#8198,#8199,#8200,#8201));
#8542=CLOSED_SHELL('',(#8202,#8203,#8204,#8205,#8206,#8207,#8208,#8209,
#8210,#8211,#8212,#8213,#8214,#8215,#8216,#8217,#8218,#8219,#8220,#8221,
#8222,#8223,#8224,#8225,#8226,#8227,#8228,#8229,#8230,#8231,#8232,#8233,
#8234,#8235,#8236,#8237,#8238,#8239,#8240,#8241,#8242,#8243,#8244,#8245,
#8246,#8247,#8248,#8249,#8250,#8251,#8252,#8253,#8254,#8255,#8256,#8257,
#8258,#8259,#8260,#8261,#8262,#8263,#8264,#8265,#8266,#8267,#8268,#8269,
#8270,#8271,#8272,#8273,#8274,#8275,#8276,#8277,#8278,#8279,#8280,#8281,
#8282,#8283,#8284,#8285,#8286,#8287,#8288,#8289,#8290,#8291,#8292,#8293,
#8294,#8295));
#8543=CLOSED_SHELL('',(#8296,#8297,#8298,#8299,#8300,#8301,#8302,#8303,
#8304,#8305,#8306,#8307,#8308,#8309,#8310,#8311,#8312,#8313,#8314,#8315,
#8316,#8317,#8318,#8319,#8320,#8321,#8322,#8323,#8324,#8325,#8326,#8327,
#8328,#8329,#8330,#8331,#8332,#8333,#8334,#8335,#8336,#8337,#8338,#8339,
#8340,#8341,#8342,#8343,#8344,#8345,#8346,#8347,#8348,#8349,#8350,#8351,
#8352,#8353,#8354,#8355,#8356,#8357,#8358,#8359,#8360,#8361,#8362,#8363,
#8364,#8365,#8366,#8367,#8368,#8369,#8370,#8371,#8372,#8373,#8374,#8375,
#8376,#8377,#8378,#8379,#8380,#8381,#8382,#8383,#8384,#8385,#8386,#8387,
#8388,#8389));
#8544=CLOSED_SHELL('',(#8390,#8391,#8392,#8393,#8394,#8395,#8396,#8397,
#8398,#8399,#8400,#8401,#8402,#8403,#8404,#8405,#8406,#8407,#8408,#8409,
#8410,#8411,#8412,#8413,#8414,#8415,#8416,#8417,#8418,#8419,#8420,#8421,
#8422,#8423,#8424,#8425,#8426,#8427,#8428,#8429,#8430,#8431,#8432,#8433,
#8434,#8435,#8436,#8437,#8438,#8439,#8440,#8441,#8442,#8443,#8444,#8445,
#8446,#8447,#8448,#8449,#8450,#8451,#8452,#8453,#8454,#8455,#8456,#8457,
#8458,#8459,#8460,#8461,#8462,#8463,#8464,#8465,#8466,#8467,#8468,#8469,
#8470,#8471,#8472,#8473,#8474,#8475,#8476,#8477,#8478,#8479,#8480,#8481,
#8482,#8483));
#8545=CLOSED_SHELL('',(#8484,#8485,#8486,#8487,#8488,#8489,#8490,#8491,
#8492,#8493,#8494,#8495,#8496,#8497,#8498,#8499,#8500,#8501,#8502,#8503,
#8504,#8505,#8506,#8507,#8508,#8509,#8510,#8511,#8512,#8513,#8514,#8515,
#8516,#8517,#8518,#8519,#8520,#8521,#8522,#8523,#8524,#8525,#8526,#8527,
#8528,#8529,#8530,#8531,#8532,#8533,#8534,#8535,#8536,#8537,#8538,#8539));
#8546=STYLED_ITEM('',(#8552),#8591);
#8547=STYLED_ITEM('',(#8553),#8592);
#8548=STYLED_ITEM('',(#8554),#8593);
#8549=STYLED_ITEM('',(#8555),#8594);
#8550=STYLED_ITEM('',(#8556),#8595);
#8551=STYLED_ITEM('',(#8557),#8596);
#8552=PRESENTATION_STYLE_ASSIGNMENT((#8558));
#8553=PRESENTATION_STYLE_ASSIGNMENT((#8559));
#8554=PRESENTATION_STYLE_ASSIGNMENT((#8560));
#8555=PRESENTATION_STYLE_ASSIGNMENT((#8561));
#8556=PRESENTATION_STYLE_ASSIGNMENT((#8562));
#8557=PRESENTATION_STYLE_ASSIGNMENT((#8563));
#8558=SURFACE_STYLE_USAGE(.BOTH.,#8564);
#8559=SURFACE_STYLE_USAGE(.BOTH.,#8565);
#8560=SURFACE_STYLE_USAGE(.BOTH.,#8566);
#8561=SURFACE_STYLE_USAGE(.BOTH.,#8567);
#8562=SURFACE_STYLE_USAGE(.BOTH.,#8568);
#8563=SURFACE_STYLE_USAGE(.BOTH.,#8569);
#8564=SURFACE_SIDE_STYLE('',(#8570));
#8565=SURFACE_SIDE_STYLE('',(#8571));
#8566=SURFACE_SIDE_STYLE('',(#8572));
#8567=SURFACE_SIDE_STYLE('',(#8573));
#8568=SURFACE_SIDE_STYLE('',(#8574));
#8569=SURFACE_SIDE_STYLE('',(#8575));
#8570=SURFACE_STYLE_FILL_AREA(#8576);
#8571=SURFACE_STYLE_FILL_AREA(#8577);
#8572=SURFACE_STYLE_FILL_AREA(#8578);
#8573=SURFACE_STYLE_FILL_AREA(#8579);
#8574=SURFACE_STYLE_FILL_AREA(#8580);
#8575=SURFACE_STYLE_FILL_AREA(#8581);
#8576=FILL_AREA_STYLE('',(#8582));
#8577=FILL_AREA_STYLE('',(#8583));
#8578=FILL_AREA_STYLE('',(#8584));
#8579=FILL_AREA_STYLE('',(#8585));
#8580=FILL_AREA_STYLE('',(#8586));
#8581=FILL_AREA_STYLE('',(#8587));
#8582=FILL_AREA_STYLE_COLOUR('',#8588);
#8583=FILL_AREA_STYLE_COLOUR('',#8589);
#8584=FILL_AREA_STYLE_COLOUR('',#8588);
#8585=FILL_AREA_STYLE_COLOUR('',#8588);
#8586=FILL_AREA_STYLE_COLOUR('',#8588);
#8587=FILL_AREA_STYLE_COLOUR('',#8590);
#8588=COLOUR_RGB('',0.689999997615814,0.689999997615814,0.689999997615814);
#8589=COLOUR_RGB('',0.501960813999176,0.501960813999176,0.501960813999176);
#8590=COLOUR_RGB('',0.823529422283173,0.823529422283173,0.823529422283173);
#8591=MANIFOLD_SOLID_BREP('Robotunits PIL_4140_b01_1 2021 179 0 A',#8540);
#8592=MANIFOLD_SOLID_BREP('SSP 4900 Bolt for Safety Fence',#8541);
#8593=MANIFOLD_SOLID_BREP('Robotunits PIL_4140_b03_1 0438',#8542);
#8594=MANIFOLD_SOLID_BREP('Robotunits PIL_4140_b04 2021 179 A',#8543);
#8595=MANIFOLD_SOLID_BREP('Robotunits PIL4140_b02_1 0438 0 179 0',#8544);
#8596=MANIFOLD_SOLID_BREP('PAN Ausschnitt 202 202',#8545);
#8597=CONTEXT_DEPENDENT_SHAPE_REPRESENTATION(#8613,#13939);
#8598=CONTEXT_DEPENDENT_SHAPE_REPRESENTATION(#8614,#13941);
#8599=CONTEXT_DEPENDENT_SHAPE_REPRESENTATION(#8615,#13943);
#8600=CONTEXT_DEPENDENT_SHAPE_REPRESENTATION(#8616,#13945);
#8601=CONTEXT_DEPENDENT_SHAPE_REPRESENTATION(#8617,#13947);
#8602=CONTEXT_DEPENDENT_SHAPE_REPRESENTATION(#8618,#13948);
#8603=CONTEXT_DEPENDENT_SHAPE_REPRESENTATION(#8619,#13950);
#8604=CONTEXT_DEPENDENT_SHAPE_REPRESENTATION(#8620,#13952);
#8605=NEXT_ASSEMBLY_USAGE_OCCURRENCE('NAUO1',
'allround SAE 0518 SNN 2021 (0)','allround SAE 0518 SNN 2021 (0)',#13953,
#13954,'');
#8606=NEXT_ASSEMBLY_USAGE_OCCURRENCE('NAUO2',
'Robotunits PIL_4140_b01_1 2021 179 0 A',
'Robotunits PIL_4140_b01_1 2021 179 0 A',#13953,#13955,'');
#8607=NEXT_ASSEMBLY_USAGE_OCCURRENCE('NAUO3',
'SSP 4900 Bolt for Safety Fence','SSP 4900 Bolt for Safety Fence',#13953,
#13956,'');
#8608=NEXT_ASSEMBLY_USAGE_OCCURRENCE('NAUO4',
'Robotunits PIL_4140_b03_1 0438','Robotunits PIL_4140_b03_1 0438',#13953,
#13957,'');
#8609=NEXT_ASSEMBLY_USAGE_OCCURRENCE('NAUO5',
'Robotunits PIL_4140_b04 2021 179 A',
'Robotunits PIL_4140_b04 2021 179 A',#13953,#13958,'');
#8610=NEXT_ASSEMBLY_USAGE_OCCURRENCE('NAUO6',
'SSP 4900 Bolt for Safety Fence','SSP 4900 Bolt for Safety Fence',#13953,
#13956,'');
#8611=NEXT_ASSEMBLY_USAGE_OCCURRENCE('NAUO7',
'Robotunits PIL4140_b02_1 0438 0 179 0',
'Robotunits PIL4140_b02_1 0438 0 179 0',#13953,#13959,'');
#8612=NEXT_ASSEMBLY_USAGE_OCCURRENCE('NAUO8','PAN Ausschnitt 202 202',
'PAN Ausschnitt 202 202',#13953,#13960,'');
#8613=(
REPRESENTATION_RELATIONSHIP(' ',' ',#8647,#8646)
REPRESENTATION_RELATIONSHIP_WITH_TRANSFORMATION(#8621)
SHAPE_REPRESENTATION_RELATIONSHIP()
);
#8614=(
REPRESENTATION_RELATIONSHIP(' ',' ',#8648,#8646)
REPRESENTATION_RELATIONSHIP_WITH_TRANSFORMATION(#8622)
SHAPE_REPRESENTATION_RELATIONSHIP()
);
#8615=(
REPRESENTATION_RELATIONSHIP(' ',' ',#8649,#8646)
REPRESENTATION_RELATIONSHIP_WITH_TRANSFORMATION(#8623)
SHAPE_REPRESENTATION_RELATIONSHIP()
);
#8616=(
REPRESENTATION_RELATIONSHIP(' ',' ',#8650,#8646)
REPRESENTATION_RELATIONSHIP_WITH_TRANSFORMATION(#8624)
SHAPE_REPRESENTATION_RELATIONSHIP()
);
#8617=(
REPRESENTATION_RELATIONSHIP(' ',' ',#8651,#8646)
REPRESENTATION_RELATIONSHIP_WITH_TRANSFORMATION(#8625)
SHAPE_REPRESENTATION_RELATIONSHIP()
);
#8618=(
REPRESENTATION_RELATIONSHIP(' ',' ',#8649,#8646)
REPRESENTATION_RELATIONSHIP_WITH_TRANSFORMATION(#8626)
SHAPE_REPRESENTATION_RELATIONSHIP()
);
#8619=(
REPRESENTATION_RELATIONSHIP(' ',' ',#8652,#8646)
REPRESENTATION_RELATIONSHIP_WITH_TRANSFORMATION(#8627)
SHAPE_REPRESENTATION_RELATIONSHIP()
);
#8620=(
REPRESENTATION_RELATIONSHIP(' ',' ',#8653,#8646)
REPRESENTATION_RELATIONSHIP_WITH_TRANSFORMATION(#8628)
SHAPE_REPRESENTATION_RELATIONSHIP()
);
#8621=ITEM_DEFINED_TRANSFORMATION(' ',' ',#8654,#8655);
#8622=ITEM_DEFINED_TRANSFORMATION(' ',' ',#8654,#8766);
#8623=ITEM_DEFINED_TRANSFORMATION(' ',' ',#8654,#8780);
#8624=ITEM_DEFINED_TRANSFORMATION(' ',' ',#8654,#8891);
#8625=ITEM_DEFINED_TRANSFORMATION(' ',' ',#8654,#9002);
#8626=ITEM_DEFINED_TRANSFORMATION(' ',' ',#8654,#9003);
#8627=ITEM_DEFINED_TRANSFORMATION(' ',' ',#8654,#9114);
#8628=ITEM_DEFINED_TRANSFORMATION(' ',' ',#8654,#9251);
#8629=SHAPE_REPRESENTATION_RELATIONSHIP('','',#8647,#8636);
#8630=SHAPE_REPRESENTATION_RELATIONSHIP('','',#8648,#84);
#8631=SHAPE_REPRESENTATION_RELATIONSHIP('','',#8649,#85);
#8632=SHAPE_REPRESENTATION_RELATIONSHIP('','',#8650,#86);
#8633=SHAPE_REPRESENTATION_RELATIONSHIP('','',#8651,#87);
#8634=SHAPE_REPRESENTATION_RELATIONSHIP('','',#8652,#88);
#8635=SHAPE_REPRESENTATION_RELATIONSHIP('','',#8653,#89);
#8636=GEOMETRICALLY_BOUNDED_WIREFRAME_SHAPE_REPRESENTATION('',(#8637),#13919);
#8637=GEOMETRIC_CURVE_SET('',(#11489));
#8638=SHAPE_DEFINITION_REPRESENTATION(#13937,#8646);
#8639=SHAPE_DEFINITION_REPRESENTATION(#13938,#8647);
#8640=SHAPE_DEFINITION_REPRESENTATION(#13940,#8648);
#8641=SHAPE_DEFINITION_REPRESENTATION(#13942,#8649);
#8642=SHAPE_DEFINITION_REPRESENTATION(#13944,#8650);
#8643=SHAPE_DEFINITION_REPRESENTATION(#13946,#8651);
#8644=SHAPE_DEFINITION_REPRESENTATION(#13949,#8652);
#8645=SHAPE_DEFINITION_REPRESENTATION(#13951,#8653);
#8646=SHAPE_REPRESENTATION('SAE 0518 SNN 2021 (0)',(#8654,#8655,#8766,#8780,
#8891,#9002,#9003,#9114,#9251),#13918);
#8647=SHAPE_REPRESENTATION('allround SAE 0518 SNN 2021 (0)',(#8654),#13919);
#8648=SHAPE_REPRESENTATION('Robotunits PIL_4140_b01_1 2021 179 0 A',(#8654),
#13920);
#8649=SHAPE_REPRESENTATION('SSP 4900 Bolt for Safety Fence',(#8654),#13921);
#8650=SHAPE_REPRESENTATION('Robotunits PIL_4140_b03_1 0438',(#8654),#13922);
#8651=SHAPE_REPRESENTATION('Robotunits PIL_4140_b04 2021 179 A',(#8654),
#13923);
#8652=SHAPE_REPRESENTATION('Robotunits PIL4140_b02_1 0438 0 179 0',(#8654),
#13924);
#8653=SHAPE_REPRESENTATION('PAN Ausschnitt 202 202',(#8654),#13925);
#8654=AXIS2_PLACEMENT_3D('',#11488,#9252,#9253);
#8655=AXIS2_PLACEMENT_3D('',#11490,#9254,#9255);
#8656=AXIS2_PLACEMENT_3D('',#11491,#9256,#9257);
#8657=AXIS2_PLACEMENT_3D('',#11500,#9262,#9263);
#8658=AXIS2_PLACEMENT_3D('',#11506,#9267,#9268);
#8659=AXIS2_PLACEMENT_3D('',#11512,#9272,#9273);
#8660=AXIS2_PLACEMENT_3D('',#11518,#9277,#9278);
#8661=AXIS2_PLACEMENT_3D('',#11524,#9282,#9283);
#8662=AXIS2_PLACEMENT_3D('',#11530,#9287,#9288);
#8663=AXIS2_PLACEMENT_3D('',#11536,#9292,#9293);
#8664=AXIS2_PLACEMENT_3D('',#11542,#9297,#9298);
#8665=AXIS2_PLACEMENT_3D('',#11548,#9302,#9303);
#8666=AXIS2_PLACEMENT_3D('',#11554,#9307,#9308);
#8667=AXIS2_PLACEMENT_3D('',#11560,#9312,#9313);
#8668=AXIS2_PLACEMENT_3D('',#11566,#9317,#9318);
#8669=AXIS2_PLACEMENT_3D('',#11572,#9322,#9323);
#8670=AXIS2_PLACEMENT_3D('',#11578,#9327,#9328);
#8671=AXIS2_PLACEMENT_3D('',#11584,#9332,#9333);
#8672=AXIS2_PLACEMENT_3D('',#11590,#9337,#9338);
#8673=AXIS2_PLACEMENT_3D('',#11596,#9342,#9343);
#8674=AXIS2_PLACEMENT_3D('',#11602,#9347,#9348);
#8675=AXIS2_PLACEMENT_3D('',#11608,#9352,#9353);
#8676=AXIS2_PLACEMENT_3D('',#11614,#9357,#9358);
#8677=AXIS2_PLACEMENT_3D('',#11620,#9362,#9363);
#8678=AXIS2_PLACEMENT_3D('',#11626,#9367,#9368);
#8679=AXIS2_PLACEMENT_3D('',#11632,#9372,#9373);
#8680=AXIS2_PLACEMENT_3D('',#11638,#9377,#9378);
#8681=AXIS2_PLACEMENT_3D('',#11644,#9382,#9383);
#8682=AXIS2_PLACEMENT_3D('',#11650,#9387,#9388);
#8683=AXIS2_PLACEMENT_3D('',#11656,#9392,#9393);
#8684=AXIS2_PLACEMENT_3D('',#11662,#9397,#9398);
#8685=AXIS2_PLACEMENT_3D('',#11668,#9402,#9403);
#8686=AXIS2_PLACEMENT_3D('',#11674,#9407,#9408);
#8687=AXIS2_PLACEMENT_3D('',#11680,#9412,#9413);
#8688=AXIS2_PLACEMENT_3D('',#11686,#9417,#9418);
#8689=AXIS2_PLACEMENT_3D('',#11692,#9422,#9423);
#8690=AXIS2_PLACEMENT_3D('',#11698,#9427,#9428);
#8691=AXIS2_PLACEMENT_3D('',#11704,#9432,#9433);
#8692=AXIS2_PLACEMENT_3D('',#11710,#9437,#9438);
#8693=AXIS2_PLACEMENT_3D('',#11716,#9442,#9443);
#8694=AXIS2_PLACEMENT_3D('',#11722,#9447,#9448);
#8695=AXIS2_PLACEMENT_3D('',#11728,#9452,#9453);
#8696=AXIS2_PLACEMENT_3D('',#11734,#9457,#9458);
#8697=AXIS2_PLACEMENT_3D('',#11740,#9462,#9463);
#8698=AXIS2_PLACEMENT_3D('',#11746,#9467,#9468);
#8699=AXIS2_PLACEMENT_3D('',#11752,#9472,#9473);
#8700=AXIS2_PLACEMENT_3D('',#11758,#9477,#9478);
#8701=AXIS2_PLACEMENT_3D('',#11764,#9482,#9483);
#8702=AXIS2_PLACEMENT_3D('',#11770,#9487,#9488);
#8703=AXIS2_PLACEMENT_3D('',#11776,#9492,#9493);
#8704=AXIS2_PLACEMENT_3D('',#11782,#9497,#9498);
#8705=AXIS2_PLACEMENT_3D('',#11788,#9502,#9503);
#8706=AXIS2_PLACEMENT_3D('',#11794,#9507,#9508);
#8707=AXIS2_PLACEMENT_3D('',#11800,#9512,#9513);
#8708=AXIS2_PLACEMENT_3D('',#11806,#9517,#9518);
#8709=AXIS2_PLACEMENT_3D('',#11812,#9522,#9523);
#8710=AXIS2_PLACEMENT_3D('',#11818,#9527,#9528);
#8711=AXIS2_PLACEMENT_3D('',#11824,#9532,#9533);
#8712=AXIS2_PLACEMENT_3D('',#11830,#9537,#9538);
#8713=AXIS2_PLACEMENT_3D('',#11836,#9542,#9543);
#8714=AXIS2_PLACEMENT_3D('',#11842,#9547,#9548);
#8715=AXIS2_PLACEMENT_3D('',#11848,#9552,#9553);
#8716=AXIS2_PLACEMENT_3D('',#11854,#9557,#9558);
#8717=AXIS2_PLACEMENT_3D('',#11860,#9562,#9563);
#8718=AXIS2_PLACEMENT_3D('',#11866,#9567,#9568);
#8719=AXIS2_PLACEMENT_3D('',#11872,#9572,#9573);
#8720=AXIS2_PLACEMENT_3D('',#11878,#9577,#9578);
#8721=AXIS2_PLACEMENT_3D('',#11884,#9582,#9583);
#8722=AXIS2_PLACEMENT_3D('',#11890,#9587,#9588);
#8723=AXIS2_PLACEMENT_3D('',#11896,#9592,#9593);
#8724=AXIS2_PLACEMENT_3D('',#11905,#9598,#9599);
#8725=AXIS2_PLACEMENT_3D('',#11911,#9603,#9604);
#8726=AXIS2_PLACEMENT_3D('',#11917,#9608,#9609);
#8727=AXIS2_PLACEMENT_3D('',#11926,#9614,#9615);
#8728=AXIS2_PLACEMENT_3D('',#11932,#9619,#9620);
#8729=AXIS2_PLACEMENT_3D('',#11938,#9624,#9625);
#8730=AXIS2_PLACEMENT_3D('',#11939,#9626,#9627);
#8731=AXIS2_PLACEMENT_3D('',#11944,#9629,#9630);
#8732=AXIS2_PLACEMENT_3D('',#11947,#9632,#9633);
#8733=AXIS2_PLACEMENT_3D('',#11948,#9634,#9635);
#8734=AXIS2_PLACEMENT_3D('',#11952,#9637,#9638);
#8735=AXIS2_PLACEMENT_3D('',#11953,#9639,#9640);
#8736=AXIS2_PLACEMENT_3D('',#11954,#9641,#9642);
#8737=AXIS2_PLACEMENT_3D('',#11958,#9644,#9645);
#8738=AXIS2_PLACEMENT_3D('',#11959,#9646,#9647);
#8739=AXIS2_PLACEMENT_3D('',#11960,#9648,#9649);
#8740=AXIS2_PLACEMENT_3D('',#11964,#9651,#9652);
#8741=AXIS2_PLACEMENT_3D('',#11965,#9653,#9654);
#8742=AXIS2_PLACEMENT_3D('',#11966,#9655,#9656);
#8743=AXIS2_PLACEMENT_3D('',#11970,#9658,#9659);
#8744=AXIS2_PLACEMENT_3D('',#11971,#9660,#9661);
#8745=AXIS2_PLACEMENT_3D('',#11972,#9662,#9663);
#8746=AXIS2_PLACEMENT_3D('',#11976,#9665,#9666);
#8747=AXIS2_PLACEMENT_3D('',#11977,#9667,#9668);
#8748=AXIS2_PLACEMENT_3D('',#11978,#9669,#9670);
#8749=AXIS2_PLACEMENT_3D('',#11982,#9672,#9673);
#8750=AXIS2_PLACEMENT_3D('',#11983,#9674,#9675);
#8751=AXIS2_PLACEMENT_3D('',#11992,#9680,#9681);
#8752=AXIS2_PLACEMENT_3D('',#11998,#9685,#9686);
#8753=AXIS2_PLACEMENT_3D('',#12004,#9690,#9691);
#8754=AXIS2_PLACEMENT_3D('',#12013,#9696,#9697);
#8755=AXIS2_PLACEMENT_3D('',#12019,#9701,#9702);
#8756=AXIS2_PLACEMENT_3D('',#12025,#9706,#9707);
#8757=AXIS2_PLACEMENT_3D('',#12028,#9710,#9711);
#8758=AXIS2_PLACEMENT_3D('',#12031,#9714,#9715);
#8759=AXIS2_PLACEMENT_3D('',#12032,#9716,#9717);
#8760=AXIS2_PLACEMENT_3D('',#12033,#9718,#9719);
#8761=AXIS2_PLACEMENT_3D('',#12034,#9720,#9721);
#8762=AXIS2_PLACEMENT_3D('',#12037,#9724,#9725);
#8763=AXIS2_PLACEMENT_3D('',#12040,#9728,#9729);
#8764=AXIS2_PLACEMENT_3D('',#12043,#9732,#9733);
#8765=AXIS2_PLACEMENT_3D('',#12044,#9734,#9735);
#8766=AXIS2_PLACEMENT_3D('',#12045,#9736,#9737);
#8767=AXIS2_PLACEMENT_3D('',#12046,#9738,#9739);
#8768=AXIS2_PLACEMENT_3D('',#12047,#9740,#9741);
#8769=AXIS2_PLACEMENT_3D('',#12049,#9742,#9743);
#8770=AXIS2_PLACEMENT_3D('',#12050,#9744,#9745);
#8771=AXIS2_PLACEMENT_3D('',#12052,#9746,#9747);
#8772=AXIS2_PLACEMENT_3D('',#12053,#9748,#9749);
#8773=AXIS2_PLACEMENT_3D('',#12055,#9750,#9751);
#8774=AXIS2_PLACEMENT_3D('',#12056,#9752,#9753);
#8775=AXIS2_PLACEMENT_3D('',#12058,#9754,#9755);
#8776=AXIS2_PLACEMENT_3D('',#12059,#9756,#9757);
#8777=AXIS2_PLACEMENT_3D('',#12061,#9758,#9759);
#8778=AXIS2_PLACEMENT_3D('',#12062,#9760,#9761);
#8779=AXIS2_PLACEMENT_3D('',#12064,#9762,#9763);
#8780=AXIS2_PLACEMENT_3D('',#12065,#9764,#9765);
#8781=AXIS2_PLACEMENT_3D('',#12066,#9766,#9767);
#8782=AXIS2_PLACEMENT_3D('',#12075,#9772,#9773);
#8783=AXIS2_PLACEMENT_3D('',#12081,#9777,#9778);
#8784=AXIS2_PLACEMENT_3D('',#12087,#9782,#9783);
#8785=AXIS2_PLACEMENT_3D('',#12093,#9787,#9788);
#8786=AXIS2_PLACEMENT_3D('',#12099,#9792,#9793);
#8787=AXIS2_PLACEMENT_3D('',#12105,#9797,#9798);
#8788=AXIS2_PLACEMENT_3D('',#12111,#9802,#9803);
#8789=AXIS2_PLACEMENT_3D('',#12117,#9807,#9808);
#8790=AXIS2_PLACEMENT_3D('',#12123,#9812,#9813);
#8791=AXIS2_PLACEMENT_3D('',#12129,#9817,#9818);
#8792=AXIS2_PLACEMENT_3D('',#12135,#9822,#9823);
#8793=AXIS2_PLACEMENT_3D('',#12141,#9827,#9828);
#8794=AXIS2_PLACEMENT_3D('',#12147,#9832,#9833);
#8795=AXIS2_PLACEMENT_3D('',#12153,#9837,#9838);
#8796=AXIS2_PLACEMENT_3D('',#12159,#9842,#9843);
#8797=AXIS2_PLACEMENT_3D('',#12165,#9847,#9848);
#8798=AXIS2_PLACEMENT_3D('',#12171,#9852,#9853);
#8799=AXIS2_PLACEMENT_3D('',#12177,#9857,#9858);
#8800=AXIS2_PLACEMENT_3D('',#12183,#9862,#9863);
#8801=AXIS2_PLACEMENT_3D('',#12189,#9867,#9868);
#8802=AXIS2_PLACEMENT_3D('',#12195,#9872,#9873);
#8803=AXIS2_PLACEMENT_3D('',#12201,#9877,#9878);
#8804=AXIS2_PLACEMENT_3D('',#12207,#9882,#9883);
#8805=AXIS2_PLACEMENT_3D('',#12213,#9887,#9888);
#8806=AXIS2_PLACEMENT_3D('',#12219,#9892,#9893);
#8807=AXIS2_PLACEMENT_3D('',#12225,#9897,#9898);
#8808=AXIS2_PLACEMENT_3D('',#12231,#9902,#9903);
#8809=AXIS2_PLACEMENT_3D('',#12237,#9907,#9908);
#8810=AXIS2_PLACEMENT_3D('',#12243,#9912,#9913);
#8811=AXIS2_PLACEMENT_3D('',#12249,#9917,#9918);
#8812=AXIS2_PLACEMENT_3D('',#12255,#9922,#9923);
#8813=AXIS2_PLACEMENT_3D('',#12261,#9927,#9928);
#8814=AXIS2_PLACEMENT_3D('',#12267,#9932,#9933);
#8815=AXIS2_PLACEMENT_3D('',#12273,#9937,#9938);
#8816=AXIS2_PLACEMENT_3D('',#12279,#9942,#9943);
#8817=AXIS2_PLACEMENT_3D('',#12285,#9947,#9948);
#8818=AXIS2_PLACEMENT_3D('',#12291,#9952,#9953);
#8819=AXIS2_PLACEMENT_3D('',#12297,#9957,#9958);
#8820=AXIS2_PLACEMENT_3D('',#12303,#9962,#9963);
#8821=AXIS2_PLACEMENT_3D('',#12309,#9967,#9968);
#8822=AXIS2_PLACEMENT_3D('',#12315,#9972,#9973);
#8823=AXIS2_PLACEMENT_3D('',#12321,#9977,#9978);
#8824=AXIS2_PLACEMENT_3D('',#12327,#9982,#9983);
#8825=AXIS2_PLACEMENT_3D('',#12333,#9987,#9988);
#8826=AXIS2_PLACEMENT_3D('',#12339,#9992,#9993);
#8827=AXIS2_PLACEMENT_3D('',#12345,#9997,#9998);
#8828=AXIS2_PLACEMENT_3D('',#12351,#10002,#10003);
#8829=AXIS2_PLACEMENT_3D('',#12357,#10007,#10008);
#8830=AXIS2_PLACEMENT_3D('',#12363,#10012,#10013);
#8831=AXIS2_PLACEMENT_3D('',#12369,#10017,#10018);
#8832=AXIS2_PLACEMENT_3D('',#12375,#10022,#10023);
#8833=AXIS2_PLACEMENT_3D('',#12381,#10027,#10028);
#8834=AXIS2_PLACEMENT_3D('',#12387,#10032,#10033);
#8835=AXIS2_PLACEMENT_3D('',#12393,#10037,#10038);
#8836=AXIS2_PLACEMENT_3D('',#12399,#10042,#10043);
#8837=AXIS2_PLACEMENT_3D('',#12405,#10047,#10048);
#8838=AXIS2_PLACEMENT_3D('',#12411,#10052,#10053);
#8839=AXIS2_PLACEMENT_3D('',#12417,#10057,#10058);
#8840=AXIS2_PLACEMENT_3D('',#12423,#10062,#10063);
#8841=AXIS2_PLACEMENT_3D('',#12429,#10067,#10068);
#8842=AXIS2_PLACEMENT_3D('',#12435,#10072,#10073);
#8843=AXIS2_PLACEMENT_3D('',#12441,#10077,#10078);
#8844=AXIS2_PLACEMENT_3D('',#12447,#10082,#10083);
#8845=AXIS2_PLACEMENT_3D('',#12453,#10087,#10088);
#8846=AXIS2_PLACEMENT_3D('',#12459,#10092,#10093);
#8847=AXIS2_PLACEMENT_3D('',#12465,#10097,#10098);
#8848=AXIS2_PLACEMENT_3D('',#12471,#10102,#10103);
#8849=AXIS2_PLACEMENT_3D('',#12480,#10108,#10109);
#8850=AXIS2_PLACEMENT_3D('',#12486,#10113,#10114);
#8851=AXIS2_PLACEMENT_3D('',#12492,#10118,#10119);
#8852=AXIS2_PLACEMENT_3D('',#12501,#10124,#10125);
#8853=AXIS2_PLACEMENT_3D('',#12507,#10129,#10130);
#8854=AXIS2_PLACEMENT_3D('',#12513,#10134,#10135);
#8855=AXIS2_PLACEMENT_3D('',#12514,#10136,#10137);
#8856=AXIS2_PLACEMENT_3D('',#12519,#10139,#10140);
#8857=AXIS2_PLACEMENT_3D('',#12522,#10142,#10143);
#8858=AXIS2_PLACEMENT_3D('',#12523,#10144,#10145);
#8859=AXIS2_PLACEMENT_3D('',#12527,#10147,#10148);
#8860=AXIS2_PLACEMENT_3D('',#12528,#10149,#10150);
#8861=AXIS2_PLACEMENT_3D('',#12529,#10151,#10152);
#8862=AXIS2_PLACEMENT_3D('',#12533,#10154,#10155);
#8863=AXIS2_PLACEMENT_3D('',#12534,#10156,#10157);
#8864=AXIS2_PLACEMENT_3D('',#12535,#10158,#10159);
#8865=AXIS2_PLACEMENT_3D('',#12539,#10161,#10162);
#8866=AXIS2_PLACEMENT_3D('',#12540,#10163,#10164);
#8867=AXIS2_PLACEMENT_3D('',#12541,#10165,#10166);
#8868=AXIS2_PLACEMENT_3D('',#12545,#10168,#10169);
#8869=AXIS2_PLACEMENT_3D('',#12546,#10170,#10171);
#8870=AXIS2_PLACEMENT_3D('',#12547,#10172,#10173);
#8871=AXIS2_PLACEMENT_3D('',#12551,#10175,#10176);
#8872=AXIS2_PLACEMENT_3D('',#12552,#10177,#10178);
#8873=AXIS2_PLACEMENT_3D('',#12553,#10179,#10180);
#8874=AXIS2_PLACEMENT_3D('',#12557,#10182,#10183);
#8875=AXIS2_PLACEMENT_3D('',#12558,#10184,#10185);
#8876=AXIS2_PLACEMENT_3D('',#12567,#10190,#10191);
#8877=AXIS2_PLACEMENT_3D('',#12573,#10195,#10196);
#8878=AXIS2_PLACEMENT_3D('',#12579,#10200,#10201);
#8879=AXIS2_PLACEMENT_3D('',#12588,#10206,#10207);
#8880=AXIS2_PLACEMENT_3D('',#12594,#10211,#10212);
#8881=AXIS2_PLACEMENT_3D('',#12600,#10216,#10217);
#8882=AXIS2_PLACEMENT_3D('',#12603,#10220,#10221);
#8883=AXIS2_PLACEMENT_3D('',#12606,#10224,#10225);
#8884=AXIS2_PLACEMENT_3D('',#12607,#10226,#10227);
#8885=AXIS2_PLACEMENT_3D('',#12608,#10228,#10229);
#8886=AXIS2_PLACEMENT_3D('',#12609,#10230,#10231);
#8887=AXIS2_PLACEMENT_3D('',#12612,#10234,#10235);
#8888=AXIS2_PLACEMENT_3D('',#12615,#10238,#10239);
#8889=AXIS2_PLACEMENT_3D('',#12618,#10242,#10243);
#8890=AXIS2_PLACEMENT_3D('',#12619,#10244,#10245);
#8891=AXIS2_PLACEMENT_3D('',#12620,#10246,#10247);
#8892=AXIS2_PLACEMENT_3D('',#12621,#10248,#10249);
#8893=AXIS2_PLACEMENT_3D('',#12630,#10254,#10255);
#8894=AXIS2_PLACEMENT_3D('',#12636,#10259,#10260);
#8895=AXIS2_PLACEMENT_3D('',#12642,#10264,#10265);
#8896=AXIS2_PLACEMENT_3D('',#12648,#10269,#10270);
#8897=AXIS2_PLACEMENT_3D('',#12654,#10274,#10275);
#8898=AXIS2_PLACEMENT_3D('',#12660,#10279,#10280);
#8899=AXIS2_PLACEMENT_3D('',#12666,#10284,#10285);
#8900=AXIS2_PLACEMENT_3D('',#12672,#10289,#10290);
#8901=AXIS2_PLACEMENT_3D('',#12678,#10294,#10295);
#8902=AXIS2_PLACEMENT_3D('',#12684,#10299,#10300);
#8903=AXIS2_PLACEMENT_3D('',#12690,#10304,#10305);
#8904=AXIS2_PLACEMENT_3D('',#12696,#10309,#10310);
#8905=AXIS2_PLACEMENT_3D('',#12702,#10314,#10315);
#8906=AXIS2_PLACEMENT_3D('',#12708,#10319,#10320);
#8907=AXIS2_PLACEMENT_3D('',#12714,#10324,#10325);
#8908=AXIS2_PLACEMENT_3D('',#12720,#10329,#10330);
#8909=AXIS2_PLACEMENT_3D('',#12726,#10334,#10335);
#8910=AXIS2_PLACEMENT_3D('',#12732,#10339,#10340);
#8911=AXIS2_PLACEMENT_3D('',#12738,#10344,#10345);
#8912=AXIS2_PLACEMENT_3D('',#12744,#10349,#10350);
#8913=AXIS2_PLACEMENT_3D('',#12750,#10354,#10355);
#8914=AXIS2_PLACEMENT_3D('',#12756,#10359,#10360);
#8915=AXIS2_PLACEMENT_3D('',#12762,#10364,#10365);
#8916=AXIS2_PLACEMENT_3D('',#12768,#10369,#10370);
#8917=AXIS2_PLACEMENT_3D('',#12774,#10374,#10375);
#8918=AXIS2_PLACEMENT_3D('',#12780,#10379,#10380);
#8919=AXIS2_PLACEMENT_3D('',#12786,#10384,#10385);
#8920=AXIS2_PLACEMENT_3D('',#12792,#10389,#10390);
#8921=AXIS2_PLACEMENT_3D('',#12798,#10394,#10395);
#8922=AXIS2_PLACEMENT_3D('',#12804,#10399,#10400);
#8923=AXIS2_PLACEMENT_3D('',#12810,#10404,#10405);
#8924=AXIS2_PLACEMENT_3D('',#12816,#10409,#10410);
#8925=AXIS2_PLACEMENT_3D('',#12822,#10414,#10415);
#8926=AXIS2_PLACEMENT_3D('',#12828,#10419,#10420);
#8927=AXIS2_PLACEMENT_3D('',#12834,#10424,#10425);
#8928=AXIS2_PLACEMENT_3D('',#12840,#10429,#10430);
#8929=AXIS2_PLACEMENT_3D('',#12846,#10434,#10435);
#8930=AXIS2_PLACEMENT_3D('',#12852,#10439,#10440);
#8931=AXIS2_PLACEMENT_3D('',#12858,#10444,#10445);
#8932=AXIS2_PLACEMENT_3D('',#12864,#10449,#10450);
#8933=AXIS2_PLACEMENT_3D('',#12870,#10454,#10455);
#8934=AXIS2_PLACEMENT_3D('',#12876,#10459,#10460);
#8935=AXIS2_PLACEMENT_3D('',#12882,#10464,#10465);
#8936=AXIS2_PLACEMENT_3D('',#12888,#10469,#10470);
#8937=AXIS2_PLACEMENT_3D('',#12894,#10474,#10475);
#8938=AXIS2_PLACEMENT_3D('',#12900,#10479,#10480);
#8939=AXIS2_PLACEMENT_3D('',#12906,#10484,#10485);
#8940=AXIS2_PLACEMENT_3D('',#12912,#10489,#10490);
#8941=AXIS2_PLACEMENT_3D('',#12918,#10494,#10495);
#8942=AXIS2_PLACEMENT_3D('',#12924,#10499,#10500);
#8943=AXIS2_PLACEMENT_3D('',#12930,#10504,#10505);
#8944=AXIS2_PLACEMENT_3D('',#12936,#10509,#10510);
#8945=AXIS2_PLACEMENT_3D('',#12942,#10514,#10515);
#8946=AXIS2_PLACEMENT_3D('',#12948,#10519,#10520);
#8947=AXIS2_PLACEMENT_3D('',#12954,#10524,#10525);
#8948=AXIS2_PLACEMENT_3D('',#12960,#10529,#10530);
#8949=AXIS2_PLACEMENT_3D('',#12966,#10534,#10535);
#8950=AXIS2_PLACEMENT_3D('',#12972,#10539,#10540);
#8951=AXIS2_PLACEMENT_3D('',#12978,#10544,#10545);
#8952=AXIS2_PLACEMENT_3D('',#12984,#10549,#10550);
#8953=AXIS2_PLACEMENT_3D('',#12990,#10554,#10555);
#8954=AXIS2_PLACEMENT_3D('',#12996,#10559,#10560);
#8955=AXIS2_PLACEMENT_3D('',#13002,#10564,#10565);
#8956=AXIS2_PLACEMENT_3D('',#13008,#10569,#10570);
#8957=AXIS2_PLACEMENT_3D('',#13014,#10574,#10575);
#8958=AXIS2_PLACEMENT_3D('',#13020,#10579,#10580);
#8959=AXIS2_PLACEMENT_3D('',#13026,#10584,#10585);
#8960=AXIS2_PLACEMENT_3D('',#13035,#10590,#10591);
#8961=AXIS2_PLACEMENT_3D('',#13041,#10595,#10596);
#8962=AXIS2_PLACEMENT_3D('',#13047,#10600,#10601);
#8963=AXIS2_PLACEMENT_3D('',#13056,#10606,#10607);
#8964=AXIS2_PLACEMENT_3D('',#13062,#10611,#10612);
#8965=AXIS2_PLACEMENT_3D('',#13068,#10616,#10617);
#8966=AXIS2_PLACEMENT_3D('',#13069,#10618,#10619);
#8967=AXIS2_PLACEMENT_3D('',#13074,#10621,#10622);
#8968=AXIS2_PLACEMENT_3D('',#13077,#10624,#10625);
#8969=AXIS2_PLACEMENT_3D('',#13078,#10626,#10627);
#8970=AXIS2_PLACEMENT_3D('',#13082,#10629,#10630);
#8971=AXIS2_PLACEMENT_3D('',#13083,#10631,#10632);
#8972=AXIS2_PLACEMENT_3D('',#13084,#10633,#10634);
#8973=AXIS2_PLACEMENT_3D('',#13088,#10636,#10637);
#8974=AXIS2_PLACEMENT_3D('',#13089,#10638,#10639);
#8975=AXIS2_PLACEMENT_3D('',#13090,#10640,#10641);
#8976=AXIS2_PLACEMENT_3D('',#13094,#10643,#10644);
#8977=AXIS2_PLACEMENT_3D('',#13095,#10645,#10646);
#8978=AXIS2_PLACEMENT_3D('',#13096,#10647,#10648);
#8979=AXIS2_PLACEMENT_3D('',#13100,#10650,#10651);
#8980=AXIS2_PLACEMENT_3D('',#13101,#10652,#10653);
#8981=AXIS2_PLACEMENT_3D('',#13102,#10654,#10655);
#8982=AXIS2_PLACEMENT_3D('',#13106,#10657,#10658);
#8983=AXIS2_PLACEMENT_3D('',#13107,#10659,#10660);
#8984=AXIS2_PLACEMENT_3D('',#13108,#10661,#10662);
#8985=AXIS2_PLACEMENT_3D('',#13112,#10664,#10665);
#8986=AXIS2_PLACEMENT_3D('',#13113,#10666,#10667);
#8987=AXIS2_PLACEMENT_3D('',#13122,#10672,#10673);
#8988=AXIS2_PLACEMENT_3D('',#13128,#10677,#10678);
#8989=AXIS2_PLACEMENT_3D('',#13134,#10682,#10683);
#8990=AXIS2_PLACEMENT_3D('',#13143,#10688,#10689);
#8991=AXIS2_PLACEMENT_3D('',#13149,#10693,#10694);
#8992=AXIS2_PLACEMENT_3D('',#13155,#10698,#10699);
#8993=AXIS2_PLACEMENT_3D('',#13158,#10702,#10703);
#8994=AXIS2_PLACEMENT_3D('',#13161,#10706,#10707);
#8995=AXIS2_PLACEMENT_3D('',#13162,#10708,#10709);
#8996=AXIS2_PLACEMENT_3D('',#13163,#10710,#10711);
#8997=AXIS2_PLACEMENT_3D('',#13164,#10712,#10713);
#8998=AXIS2_PLACEMENT_3D('',#13167,#10716,#10717);
#8999=AXIS2_PLACEMENT_3D('',#13170,#10720,#10721);
#9000=AXIS2_PLACEMENT_3D('',#13173,#10724,#10725);
#9001=AXIS2_PLACEMENT_3D('',#13174,#10726,#10727);
#9002=AXIS2_PLACEMENT_3D('',#13175,#10728,#10729);
#9003=AXIS2_PLACEMENT_3D('',#13176,#10730,#10731);
#9004=AXIS2_PLACEMENT_3D('',#13177,#10732,#10733);
#9005=AXIS2_PLACEMENT_3D('',#13186,#10738,#10739);
#9006=AXIS2_PLACEMENT_3D('',#13192,#10743,#10744);
#9007=AXIS2_PLACEMENT_3D('',#13198,#10748,#10749);
#9008=AXIS2_PLACEMENT_3D('',#13204,#10753,#10754);
#9009=AXIS2_PLACEMENT_3D('',#13210,#10758,#10759);
#9010=AXIS2_PLACEMENT_3D('',#13216,#10763,#10764);
#9011=AXIS2_PLACEMENT_3D('',#13222,#10768,#10769);
#9012=AXIS2_PLACEMENT_3D('',#13228,#10773,#10774);
#9013=AXIS2_PLACEMENT_3D('',#13234,#10778,#10779);
#9014=AXIS2_PLACEMENT_3D('',#13240,#10783,#10784);
#9015=AXIS2_PLACEMENT_3D('',#13246,#10788,#10789);
#9016=AXIS2_PLACEMENT_3D('',#13252,#10793,#10794);
#9017=AXIS2_PLACEMENT_3D('',#13258,#10798,#10799);
#9018=AXIS2_PLACEMENT_3D('',#13264,#10803,#10804);
#9019=AXIS2_PLACEMENT_3D('',#13270,#10808,#10809);
#9020=AXIS2_PLACEMENT_3D('',#13276,#10813,#10814);
#9021=AXIS2_PLACEMENT_3D('',#13282,#10818,#10819);
#9022=AXIS2_PLACEMENT_3D('',#13288,#10823,#10824);
#9023=AXIS2_PLACEMENT_3D('',#13294,#10828,#10829);
#9024=AXIS2_PLACEMENT_3D('',#13300,#10833,#10834);
#9025=AXIS2_PLACEMENT_3D('',#13306,#10838,#10839);
#9026=AXIS2_PLACEMENT_3D('',#13312,#10843,#10844);
#9027=AXIS2_PLACEMENT_3D('',#13318,#10848,#10849);
#9028=AXIS2_PLACEMENT_3D('',#13324,#10853,#10854);
#9029=AXIS2_PLACEMENT_3D('',#13330,#10858,#10859);
#9030=AXIS2_PLACEMENT_3D('',#13336,#10863,#10864);
#9031=AXIS2_PLACEMENT_3D('',#13342,#10868,#10869);
#9032=AXIS2_PLACEMENT_3D('',#13348,#10873,#10874);
#9033=AXIS2_PLACEMENT_3D('',#13354,#10878,#10879);
#9034=AXIS2_PLACEMENT_3D('',#13360,#10883,#10884);
#9035=AXIS2_PLACEMENT_3D('',#13366,#10888,#10889);
#9036=AXIS2_PLACEMENT_3D('',#13372,#10893,#10894);
#9037=AXIS2_PLACEMENT_3D('',#13378,#10898,#10899);
#9038=AXIS2_PLACEMENT_3D('',#13384,#10903,#10904);
#9039=AXIS2_PLACEMENT_3D('',#13390,#10908,#10909);
#9040=AXIS2_PLACEMENT_3D('',#13396,#10913,#10914);
#9041=AXIS2_PLACEMENT_3D('',#13402,#10918,#10919);
#9042=AXIS2_PLACEMENT_3D('',#13408,#10923,#10924);
#9043=AXIS2_PLACEMENT_3D('',#13414,#10928,#10929);
#9044=AXIS2_PLACEMENT_3D('',#13420,#10933,#10934);
#9045=AXIS2_PLACEMENT_3D('',#13426,#10938,#10939);
#9046=AXIS2_PLACEMENT_3D('',#13432,#10943,#10944);
#9047=AXIS2_PLACEMENT_3D('',#13438,#10948,#10949);
#9048=AXIS2_PLACEMENT_3D('',#13444,#10953,#10954);
#9049=AXIS2_PLACEMENT_3D('',#13450,#10958,#10959);
#9050=AXIS2_PLACEMENT_3D('',#13456,#10963,#10964);
#9051=AXIS2_PLACEMENT_3D('',#13462,#10968,#10969);
#9052=AXIS2_PLACEMENT_3D('',#13468,#10973,#10974);
#9053=AXIS2_PLACEMENT_3D('',#13474,#10978,#10979);
#9054=AXIS2_PLACEMENT_3D('',#13480,#10983,#10984);
#9055=AXIS2_PLACEMENT_3D('',#13486,#10988,#10989);
#9056=AXIS2_PLACEMENT_3D('',#13492,#10993,#10994);
#9057=AXIS2_PLACEMENT_3D('',#13498,#10998,#10999);
#9058=AXIS2_PLACEMENT_3D('',#13504,#11003,#11004);
#9059=AXIS2_PLACEMENT_3D('',#13510,#11008,#11009);
#9060=AXIS2_PLACEMENT_3D('',#13516,#11013,#11014);
#9061=AXIS2_PLACEMENT_3D('',#13522,#11018,#11019);
#9062=AXIS2_PLACEMENT_3D('',#13528,#11023,#11024);
#9063=AXIS2_PLACEMENT_3D('',#13534,#11028,#11029);
#9064=AXIS2_PLACEMENT_3D('',#13540,#11033,#11034);
#9065=AXIS2_PLACEMENT_3D('',#13546,#11038,#11039);
#9066=AXIS2_PLACEMENT_3D('',#13552,#11043,#11044);
#9067=AXIS2_PLACEMENT_3D('',#13558,#11048,#11049);
#9068=AXIS2_PLACEMENT_3D('',#13564,#11053,#11054);
#9069=AXIS2_PLACEMENT_3D('',#13570,#11058,#11059);
#9070=AXIS2_PLACEMENT_3D('',#13576,#11063,#11064);
#9071=AXIS2_PLACEMENT_3D('',#13582,#11068,#11069);
#9072=AXIS2_PLACEMENT_3D('',#13591,#11074,#11075);
#9073=AXIS2_PLACEMENT_3D('',#13597,#11079,#11080);
#9074=AXIS2_PLACEMENT_3D('',#13603,#11084,#11085);
#9075=AXIS2_PLACEMENT_3D('',#13612,#11090,#11091);
#9076=AXIS2_PLACEMENT_3D('',#13618,#11095,#11096);
#9077=AXIS2_PLACEMENT_3D('',#13624,#11100,#11101);
#9078=AXIS2_PLACEMENT_3D('',#13625,#11102,#11103);
#9079=AXIS2_PLACEMENT_3D('',#13630,#11105,#11106);
#9080=AXIS2_PLACEMENT_3D('',#13633,#11108,#11109);
#9081=AXIS2_PLACEMENT_3D('',#13634,#11110,#11111);
#9082=AXIS2_PLACEMENT_3D('',#13638,#11113,#11114);
#9083=AXIS2_PLACEMENT_3D('',#13639,#11115,#11116);
#9084=AXIS2_PLACEMENT_3D('',#13640,#11117,#11118);
#9085=AXIS2_PLACEMENT_3D('',#13644,#11120,#11121);
#9086=AXIS2_PLACEMENT_3D('',#13645,#11122,#11123);
#9087=AXIS2_PLACEMENT_3D('',#13646,#11124,#11125);
#9088=AXIS2_PLACEMENT_3D('',#13650,#11127,#11128);
#9089=AXIS2_PLACEMENT_3D('',#13651,#11129,#11130);
#9090=AXIS2_PLACEMENT_3D('',#13652,#11131,#11132);
#9091=AXIS2_PLACEMENT_3D('',#13656,#11134,#11135);
#9092=AXIS2_PLACEMENT_3D('',#13657,#11136,#11137);
#9093=AXIS2_PLACEMENT_3D('',#13658,#11138,#11139);
#9094=AXIS2_PLACEMENT_3D('',#13662,#11141,#11142);
#9095=AXIS2_PLACEMENT_3D('',#13663,#11143,#11144);
#9096=AXIS2_PLACEMENT_3D('',#13664,#11145,#11146);
#9097=AXIS2_PLACEMENT_3D('',#13668,#11148,#11149);
#9098=AXIS2_PLACEMENT_3D('',#13669,#11150,#11151);
#9099=AXIS2_PLACEMENT_3D('',#13678,#11156,#11157);
#9100=AXIS2_PLACEMENT_3D('',#13684,#11161,#11162);
#9101=AXIS2_PLACEMENT_3D('',#13690,#11166,#11167);
#9102=AXIS2_PLACEMENT_3D('',#13699,#11172,#11173);
#9103=AXIS2_PLACEMENT_3D('',#13705,#11177,#11178);
#9104=AXIS2_PLACEMENT_3D('',#13711,#11182,#11183);
#9105=AXIS2_PLACEMENT_3D('',#13714,#11186,#11187);
#9106=AXIS2_PLACEMENT_3D('',#13717,#11190,#11191);
#9107=AXIS2_PLACEMENT_3D('',#13718,#11192,#11193);
#9108=AXIS2_PLACEMENT_3D('',#13719,#11194,#11195);
#9109=AXIS2_PLACEMENT_3D('',#13720,#11196,#11197);
#9110=AXIS2_PLACEMENT_3D('',#13723,#11200,#11201);
#9111=AXIS2_PLACEMENT_3D('',#13726,#11204,#11205);
#9112=AXIS2_PLACEMENT_3D('',#13729,#11208,#11209);
#9113=AXIS2_PLACEMENT_3D('',#13730,#11210,#11211);
#9114=AXIS2_PLACEMENT_3D('',#13731,#11212,#11213);
#9115=AXIS2_PLACEMENT_3D('',#13732,#11214,#11215);
#9116=AXIS2_PLACEMENT_3D('',#13733,#11216,#11217);
#9117=AXIS2_PLACEMENT_3D('',#13736,#11218,#11219);
#9118=AXIS2_PLACEMENT_3D('',#13737,#11220,#11221);
#9119=AXIS2_PLACEMENT_3D('',#13740,#11222,#11223);
#9120=AXIS2_PLACEMENT_3D('',#13741,#11224,#11225);
#9121=AXIS2_PLACEMENT_3D('',#13742,#11226,#11227);
#9122=AXIS2_PLACEMENT_3D('',#13745,#11228,#11229);
#9123=AXIS2_PLACEMENT_3D('',#13746,#11230,#11231);
#9124=AXIS2_PLACEMENT_3D('',#13749,#11232,#11233);
#9125=AXIS2_PLACEMENT_3D('',#13750,#11234,#11235);
#9126=AXIS2_PLACEMENT_3D('',#13751,#11236,#11237);
#9127=AXIS2_PLACEMENT_3D('',#13754,#11238,#11239);
#9128=AXIS2_PLACEMENT_3D('',#13755,#11240,#11241);
#9129=AXIS2_PLACEMENT_3D('',#13758,#11242,#11243);
#9130=AXIS2_PLACEMENT_3D('',#13759,#11244,#11245);
#9131=AXIS2_PLACEMENT_3D('',#13760,#11246,#11247);
#9132=AXIS2_PLACEMENT_3D('',#13763,#11248,#11249);
#9133=AXIS2_PLACEMENT_3D('',#13764,#11250,#11251);
#9134=AXIS2_PLACEMENT_3D('',#13767,#11252,#11253);
#9135=AXIS2_PLACEMENT_3D('',#13768,#11254,#11255);
#9136=AXIS2_PLACEMENT_3D('',#13769,#11256,#11257);
#9137=AXIS2_PLACEMENT_3D('',#13770,#11258,#11259);
#9138=AXIS2_PLACEMENT_3D('',#13772,#11260,#11261);
#9139=AXIS2_PLACEMENT_3D('',#13773,#11262,#11263);
#9140=AXIS2_PLACEMENT_3D('',#13774,#11264,#11265);
#9141=AXIS2_PLACEMENT_3D('',#13776,#11266,#11267);
#9142=AXIS2_PLACEMENT_3D('',#13777,#11268,#11269);
#9143=AXIS2_PLACEMENT_3D('',#13778,#11270,#11271);
#9144=AXIS2_PLACEMENT_3D('',#13779,#11272,#11273);
#9145=AXIS2_PLACEMENT_3D('',#13780,#11274,#11275);
#9146=AXIS2_PLACEMENT_3D('',#13781,#11276,#11277);
#9147=AXIS2_PLACEMENT_3D('',#13783,#11278,#11279);
#9148=AXIS2_PLACEMENT_3D('',#13784,#11280,#11281);
#9149=AXIS2_PLACEMENT_3D('',#13785,#11282,#11283);
#9150=AXIS2_PLACEMENT_3D('',#13786,#11284,#11285);
#9151=AXIS2_PLACEMENT_3D('',#13787,#11286,#11287);
#9152=AXIS2_PLACEMENT_3D('',#13788,#11288,#11289);
#9153=AXIS2_PLACEMENT_3D('',#13790,#11290,#11291);
#9154=AXIS2_PLACEMENT_3D('',#13791,#11292,#11293);
#9155=AXIS2_PLACEMENT_3D('',#13792,#11294,#11295);
#9156=AXIS2_PLACEMENT_3D('',#13793,#11296,#11297);
#9157=AXIS2_PLACEMENT_3D('',#13794,#11298,#11299);
#9158=AXIS2_PLACEMENT_3D('',#13795,#11300,#11301);
#9159=AXIS2_PLACEMENT_3D('',#13797,#11302,#11303);
#9160=AXIS2_PLACEMENT_3D('',#13798,#11304,#11305);
#9161=AXIS2_PLACEMENT_3D('',#13799,#11306,#11307);
#9162=AXIS2_PLACEMENT_3D('',#13800,#11308,#11309);
#9163=AXIS2_PLACEMENT_3D('',#13802,#11310,#11311);
#9164=AXIS2_PLACEMENT_3D('',#13803,#11312,#11313);
#9165=AXIS2_PLACEMENT_3D('',#13804,#11314,#11315);
#9166=AXIS2_PLACEMENT_3D('',#13806,#11316,#11317);
#9167=AXIS2_PLACEMENT_3D('',#13807,#11318,#11319);
#9168=AXIS2_PLACEMENT_3D('',#13808,#11320,#11321);
#9169=AXIS2_PLACEMENT_3D('',#13809,#11322,#11323);
#9170=AXIS2_PLACEMENT_3D('',#13810,#11324,#11325);
#9171=AXIS2_PLACEMENT_3D('',#13811,#11326,#11327);
#9172=AXIS2_PLACEMENT_3D('',#13812,#11328,#11329);
#9173=AXIS2_PLACEMENT_3D('',#13815,#11330,#11331);
#9174=AXIS2_PLACEMENT_3D('',#13816,#11332,#11333);
#9175=AXIS2_PLACEMENT_3D('',#13817,#11334,#11335);
#9176=AXIS2_PLACEMENT_3D('',#13818,#11336,#11337);
#9177=AXIS2_PLACEMENT_3D('',#13821,#11338,#11339);
#9178=AXIS2_PLACEMENT_3D('',#13822,#11340,#11341);
#9179=AXIS2_PLACEMENT_3D('',#13823,#11342,#11343);
#9180=AXIS2_PLACEMENT_3D('',#13824,#11344,#11345);
#9181=AXIS2_PLACEMENT_3D('',#13825,#11346,#11347);
#9182=AXIS2_PLACEMENT_3D('',#13826,#11348,#11349);
#9183=AXIS2_PLACEMENT_3D('',#13829,#11350,#11351);
#9184=AXIS2_PLACEMENT_3D('',#13830,#11352,#11353);
#9185=AXIS2_PLACEMENT_3D('',#13831,#11354,#11355);
#9186=AXIS2_PLACEMENT_3D('',#13832,#11356,#11357);
#9187=AXIS2_PLACEMENT_3D('',#13835,#11358,#11359);
#9188=AXIS2_PLACEMENT_3D('',#13836,#11360,#11361);
#9189=AXIS2_PLACEMENT_3D('',#13837,#11362,#11363);
#9190=AXIS2_PLACEMENT_3D('',#13838,#11364,#11365);
#9191=AXIS2_PLACEMENT_3D('',#13839,#11366,#11367);
#9192=AXIS2_PLACEMENT_3D('',#13840,#11368,#11369);
#9193=AXIS2_PLACEMENT_3D('',#13841,#11370,#11371);
#9194=AXIS2_PLACEMENT_3D('',#13844,#11372,#11373);
#9195=AXIS2_PLACEMENT_3D('',#13845,#11374,#11375);
#9196=AXIS2_PLACEMENT_3D('',#13846,#11376,#11377);
#9197=AXIS2_PLACEMENT_3D('',#13847,#11378,#11379);
#9198=AXIS2_PLACEMENT_3D('',#13848,#11380,#11381);
#9199=AXIS2_PLACEMENT_3D('',#13850,#11382,#11383);
#9200=AXIS2_PLACEMENT_3D('',#13851,#11384,#11385);
#9201=AXIS2_PLACEMENT_3D('',#13852,#11386,#11387);
#9202=AXIS2_PLACEMENT_3D('',#13853,#11388,#11389);
#9203=AXIS2_PLACEMENT_3D('',#13854,#11390,#11391);
#9204=AXIS2_PLACEMENT_3D('',#13855,#11392,#11393);
#9205=AXIS2_PLACEMENT_3D('',#13856,#11394,#11395);
#9206=AXIS2_PLACEMENT_3D('',#13858,#11396,#11397);
#9207=AXIS2_PLACEMENT_3D('',#13859,#11398,#11399);
#9208=AXIS2_PLACEMENT_3D('',#13860,#11400,#11401);
#9209=AXIS2_PLACEMENT_3D('',#13861,#11402,#11403);
#9210=AXIS2_PLACEMENT_3D('',#13862,#11404,#11405);
#9211=AXIS2_PLACEMENT_3D('',#13863,#11406,#11407);
#9212=AXIS2_PLACEMENT_3D('',#13865,#11408,#11409);
#9213=AXIS2_PLACEMENT_3D('',#13866,#11410,#11411);
#9214=AXIS2_PLACEMENT_3D('',#13867,#11412,#11413);
#9215=AXIS2_PLACEMENT_3D('',#13869,#11414,#11415);
#9216=AXIS2_PLACEMENT_3D('',#13870,#11416,#11417);
#9217=AXIS2_PLACEMENT_3D('',#13871,#11418,#11419);
#9218=AXIS2_PLACEMENT_3D('',#13874,#11420,#11421);
#9219=AXIS2_PLACEMENT_3D('',#13875,#11422,#11423);
#9220=AXIS2_PLACEMENT_3D('',#13876,#11424,#11425);
#9221=AXIS2_PLACEMENT_3D('',#13877,#11426,#11427);
#9222=AXIS2_PLACEMENT_3D('',#13878,#11428,#11429);
#9223=AXIS2_PLACEMENT_3D('',#13879,#11430,#11431);
#9224=AXIS2_PLACEMENT_3D('',#13882,#11432,#11433);
#9225=AXIS2_PLACEMENT_3D('',#13883,#11434,#11435);
#9226=AXIS2_PLACEMENT_3D('',#13884,#11436,#11437);
#9227=AXIS2_PLACEMENT_3D('',#13885,#11438,#11439);
#9228=AXIS2_PLACEMENT_3D('',#13886,#11440,#11441);
#9229=AXIS2_PLACEMENT_3D('',#13887,#11442,#11443);
#9230=AXIS2_PLACEMENT_3D('',#13889,#11444,#11445);
#9231=AXIS2_PLACEMENT_3D('',#13890,#11446,#11447);
#9232=AXIS2_PLACEMENT_3D('',#13891,#11448,#11449);
#9233=AXIS2_PLACEMENT_3D('',#13894,#11450,#11451);
#9234=AXIS2_PLACEMENT_3D('',#13895,#11452,#11453);
#9235=AXIS2_PLACEMENT_3D('',#13896,#11454,#11455);
#9236=AXIS2_PLACEMENT_3D('',#13897,#11456,#11457);
#9237=AXIS2_PLACEMENT_3D('',#13898,#11458,#11459);
#9238=AXIS2_PLACEMENT_3D('',#13899,#11460,#11461);
#9239=AXIS2_PLACEMENT_3D('',#13900,#11462,#11463);
#9240=AXIS2_PLACEMENT_3D('',#13902,#11464,#11465);
#9241=AXIS2_PLACEMENT_3D('',#13903,#11466,#11467);
#9242=AXIS2_PLACEMENT_3D('',#13904,#11468,#11469);
#9243=AXIS2_PLACEMENT_3D('',#13906,#11470,#11471);
#9244=AXIS2_PLACEMENT_3D('',#13907,#11472,#11473);
#9245=AXIS2_PLACEMENT_3D('',#13908,#11474,#11475);
#9246=AXIS2_PLACEMENT_3D('',#13910,#11476,#11477);
#9247=AXIS2_PLACEMENT_3D('',#13911,#11478,#11479);
#9248=AXIS2_PLACEMENT_3D('',#13912,#11480,#11481);
#9249=AXIS2_PLACEMENT_3D('',#13913,#11482,#11483);
#9250=AXIS2_PLACEMENT_3D('',#13915,#11484,#11485);
#9251=AXIS2_PLACEMENT_3D('',#13916,#11486,#11487);
#9252=DIRECTION('',(0.,0.,1.));
#9253=DIRECTION('',(1.,0.,0.));
#9254=DIRECTION('',(0.,0.,1.));
#9255=DIRECTION('',(1.,0.,0.));
#9256=DIRECTION('',(1.,0.,0.));
#9257=DIRECTION('',(0.,0.,-1.));
#9258=DIRECTION('',(0.,-1.,0.));
#9259=DIRECTION('',(0.,0.,-1.));
#9260=DIRECTION('',(0.,-1.,0.));
#9261=DIRECTION('',(0.,0.,-1.));
#9262=DIRECTION('',(0.,1.,0.));
#9263=DIRECTION('',(0.,0.,1.));
#9264=DIRECTION('',(1.,0.,0.));
#9265=DIRECTION('',(0.,0.,-1.));
#9266=DIRECTION('',(1.,0.,0.));
#9267=DIRECTION('',(-1.,0.,0.));
#9268=DIRECTION('',(0.,0.,1.));
#9269=DIRECTION('',(0.,1.,0.));
#9270=DIRECTION('',(0.,0.,-1.));
#9271=DIRECTION('',(0.,1.,0.));
#9272=DIRECTION('',(0.,-1.,0.));
#9273=DIRECTION('',(0.,0.,-1.));
#9274=DIRECTION('',(-1.,0.,0.));
#9275=DIRECTION('',(0.,0.,-1.));
#9276=DIRECTION('',(-1.,0.,0.));
#9277=DIRECTION('',(1.,0.,0.));
#9278=DIRECTION('',(0.,0.,-1.));
#9279=DIRECTION('',(0.,-1.,0.));
#9280=DIRECTION('',(0.,0.,-1.));
#9281=DIRECTION('',(0.,-1.,0.));
#9282=DIRECTION('',(0.,-1.,0.));
#9283=DIRECTION('',(0.,0.,-1.));
#9284=DIRECTION('',(-1.,0.,0.));
#9285=DIRECTION('',(0.,0.,-1.));
#9286=DIRECTION('',(-1.,0.,0.));
#9287=DIRECTION('',(-1.,0.,0.));
#9288=DIRECTION('',(0.,0.,1.));
#9289=DIRECTION('',(0.,1.,0.));
#9290=DIRECTION('',(0.,0.,-1.));
#9291=DIRECTION('',(0.,1.,0.));
#9292=DIRECTION('',(-0.707106781186547,0.707106781186548,0.));
#9293=DIRECTION('',(-0.707106781186548,-0.707106781186547,0.));
#9294=DIRECTION('',(0.707106781186548,0.707106781186547,0.));
#9295=DIRECTION('',(0.,0.,-1.));
#9296=DIRECTION('',(0.707106781186548,0.707106781186547,0.));
#9297=DIRECTION('',(-0.5,0.866025403784439,0.));
#9298=DIRECTION('',(-0.866025403784439,-0.5,0.));
#9299=DIRECTION('',(0.866025403784439,0.5,0.));
#9300=DIRECTION('',(0.,0.,-1.));
#9301=DIRECTION('',(0.866025403784439,0.5,0.));
#9302=DIRECTION('',(-5.19378286220601E-16,1.,0.));
#9303=DIRECTION('',(-1.,-5.19378286220601E-16,0.));
#9304=DIRECTION('',(1.,5.19378286220601E-16,0.));
#9305=DIRECTION('',(0.,0.,-1.));
#9306=DIRECTION('',(1.,5.19378286220601E-16,0.));
#9307=DIRECTION('',(0.5,0.866025403784439,0.));
#9308=DIRECTION('',(-0.866025403784439,0.5,0.));
#9309=DIRECTION('',(0.866025403784439,-0.5,0.));
#9310=DIRECTION('',(0.,0.,-1.));
#9311=DIRECTION('',(0.866025403784439,-0.5,0.));
#9312=DIRECTION('',(0.707106781186548,0.707106781186547,0.));
#9313=DIRECTION('',(-0.707106781186547,0.707106781186548,0.));
#9314=DIRECTION('',(0.707106781186547,-0.707106781186548,0.));
#9315=DIRECTION('',(0.,0.,-1.));
#9316=DIRECTION('',(0.707106781186547,-0.707106781186548,0.));
#9317=DIRECTION('',(1.,0.,0.));
#9318=DIRECTION('',(0.,0.,-1.));
#9319=DIRECTION('',(0.,-1.,0.));
#9320=DIRECTION('',(0.,0.,-1.));
#9321=DIRECTION('',(0.,-1.,0.));
#9322=DIRECTION('',(0.,-1.,0.));
#9323=DIRECTION('',(0.,0.,-1.));
#9324=DIRECTION('',(-1.,0.,0.));
#9325=DIRECTION('',(0.,0.,-1.));
#9326=DIRECTION('',(-1.,0.,0.));
#9327=DIRECTION('',(-1.,0.,0.));
#9328=DIRECTION('',(0.,0.,1.));
#9329=DIRECTION('',(0.,1.,0.));
#9330=DIRECTION('',(0.,0.,-1.));
#9331=DIRECTION('',(0.,1.,0.));
#9332=DIRECTION('',(0.,-1.,0.));
#9333=DIRECTION('',(0.,0.,-1.));
#9334=DIRECTION('',(-1.,0.,0.));
#9335=DIRECTION('',(0.,0.,-1.));
#9336=DIRECTION('',(-1.,0.,0.));
#9337=DIRECTION('',(1.,0.,0.));
#9338=DIRECTION('',(0.,0.,-1.));
#9339=DIRECTION('',(0.,-1.,0.));
#9340=DIRECTION('',(0.,0.,-1.));
#9341=DIRECTION('',(0.,-1.,0.));
#9342=DIRECTION('',(0.,1.,0.));
#9343=DIRECTION('',(0.,0.,1.));
#9344=DIRECTION('',(1.,0.,0.));
#9345=DIRECTION('',(0.,0.,-1.));
#9346=DIRECTION('',(1.,0.,0.));
#9347=DIRECTION('',(-1.,0.,0.));
#9348=DIRECTION('',(0.,0.,1.));
#9349=DIRECTION('',(0.,1.,0.));
#9350=DIRECTION('',(0.,0.,-1.));
#9351=DIRECTION('',(0.,1.,0.));
#9352=DIRECTION('',(3.85494105772624E-16,-1.,0.));
#9353=DIRECTION('',(1.,3.85494105772624E-16,0.));
#9354=DIRECTION('',(-1.,-3.85494105772624E-16,0.));
#9355=DIRECTION('',(0.,0.,-1.));
#9356=DIRECTION('',(-1.,-3.85494105772624E-16,0.));
#9357=DIRECTION('',(1.,0.,0.));
#9358=DIRECTION('',(0.,0.,-1.));
#9359=DIRECTION('',(0.,-1.,0.));
#9360=DIRECTION('',(0.,0.,-1.));
#9361=DIRECTION('',(0.,-1.,0.));
#9362=DIRECTION('',(-1.28498035257541E-15,1.,0.));
#9363=DIRECTION('',(-1.,-1.28498035257541E-15,0.));
#9364=DIRECTION('',(1.,1.28498035257541E-15,0.));
#9365=DIRECTION('',(0.,0.,-1.));
#9366=DIRECTION('',(1.,1.28498035257541E-15,0.));
#9367=DIRECTION('',(1.,1.57702134179709E-15,0.));
#9368=DIRECTION('',(-1.57702134179709E-15,1.,0.));
#9369=DIRECTION('',(1.57702134179709E-15,-1.,0.));
#9370=DIRECTION('',(0.,0.,-1.));
#9371=DIRECTION('',(1.57702134179709E-15,-1.,0.));
#9372=DIRECTION('',(7.22358443174057E-16,-1.,0.));
#9373=DIRECTION('',(1.,7.22358443174057E-16,0.));
#9374=DIRECTION('',(-1.,-7.22358443174057E-16,0.));
#9375=DIRECTION('',(0.,0.,-1.));
#9376=DIRECTION('',(-1.,-7.22358443174057E-16,0.));
#9377=DIRECTION('',(-0.707106781186548,-0.707106781186547,0.));
#9378=DIRECTION('',(0.707106781186547,-0.707106781186548,0.));
#9379=DIRECTION('',(-0.707106781186547,0.707106781186548,0.));
#9380=DIRECTION('',(0.,0.,-1.));
#9381=DIRECTION('',(-0.707106781186547,0.707106781186548,0.));
#9382=DIRECTION('',(-0.866025403784439,-0.5,0.));
#9383=DIRECTION('',(0.5,-0.866025403784439,0.));
#9384=DIRECTION('',(-0.5,0.866025403784439,0.));
#9385=DIRECTION('',(0.,0.,-1.));
#9386=DIRECTION('',(-0.5,0.866025403784439,0.));
#9387=DIRECTION('',(-1.,0.,0.));
#9388=DIRECTION('',(0.,0.,1.));
#9389=DIRECTION('',(0.,1.,0.));
#9390=DIRECTION('',(0.,0.,-1.));
#9391=DIRECTION('',(0.,1.,0.));
#9392=DIRECTION('',(-0.866025403784439,0.5,0.));
#9393=DIRECTION('',(-0.5,-0.866025403784439,0.));
#9394=DIRECTION('',(0.5,0.866025403784439,0.));
#9395=DIRECTION('',(0.,0.,-1.));
#9396=DIRECTION('',(0.5,0.866025403784439,0.));
#9397=DIRECTION('',(-0.707106781186548,0.707106781186547,0.));
#9398=DIRECTION('',(-0.707106781186547,-0.707106781186548,0.));
#9399=DIRECTION('',(0.707106781186547,0.707106781186548,0.));
#9400=DIRECTION('',(0.,0.,-1.));
#9401=DIRECTION('',(0.707106781186547,0.707106781186548,0.));
#9402=DIRECTION('',(7.22358443174058E-16,1.,0.));
#9403=DIRECTION('',(-1.,7.22358443174058E-16,0.));
#9404=DIRECTION('',(1.,-7.22358443174058E-16,0.));
#9405=DIRECTION('',(0.,0.,-1.));
#9406=DIRECTION('',(1.,-7.22358443174058E-16,0.));
#9407=DIRECTION('',(1.,-1.57702134179709E-15,0.));
#9408=DIRECTION('',(1.57702134179709E-15,1.,0.));
#9409=DIRECTION('',(-1.57702134179709E-15,-1.,0.));
#9410=DIRECTION('',(0.,0.,-1.));
#9411=DIRECTION('',(-1.57702134179709E-15,-1.,0.));
#9412=DIRECTION('',(-1.28498035257541E-15,-1.,0.));
#9413=DIRECTION('',(1.,-1.28498035257541E-15,0.));
#9414=DIRECTION('',(-1.,1.28498035257541E-15,0.));
#9415=DIRECTION('',(0.,0.,-1.));
#9416=DIRECTION('',(-1.,1.28498035257541E-15,0.));
#9417=DIRECTION('',(1.,0.,0.));
#9418=DIRECTION('',(0.,0.,-1.));
#9419=DIRECTION('',(0.,-1.,0.));
#9420=DIRECTION('',(0.,0.,-1.));
#9421=DIRECTION('',(0.,-1.,0.));
#9422=DIRECTION('',(0.,1.,0.));
#9423=DIRECTION('',(0.,0.,1.));
#9424=DIRECTION('',(1.,0.,0.));
#9425=DIRECTION('',(0.,0.,-1.));
#9426=DIRECTION('',(1.,0.,0.));
#9427=DIRECTION('',(-1.,0.,0.));
#9428=DIRECTION('',(0.,0.,1.));
#9429=DIRECTION('',(0.,1.,0.));
#9430=DIRECTION('',(0.,0.,-1.));
#9431=DIRECTION('',(0.,1.,0.));
#9432=DIRECTION('',(0.,-1.,0.));
#9433=DIRECTION('',(0.,0.,-1.));
#9434=DIRECTION('',(-1.,0.,0.));
#9435=DIRECTION('',(0.,0.,-1.));
#9436=DIRECTION('',(-1.,0.,0.));
#9437=DIRECTION('',(1.,3.85494105772624E-16,0.));
#9438=DIRECTION('',(-3.85494105772624E-16,1.,0.));
#9439=DIRECTION('',(3.85494105772624E-16,-1.,0.));
#9440=DIRECTION('',(0.,0.,-1.));
#9441=DIRECTION('',(3.85494105772624E-16,-1.,0.));
#9442=DIRECTION('',(0.,1.,0.));
#9443=DIRECTION('',(0.,0.,1.));
#9444=DIRECTION('',(1.,0.,0.));
#9445=DIRECTION('',(0.,0.,-1.));
#9446=DIRECTION('',(1.,0.,0.));
#9447=DIRECTION('',(-1.,0.,0.));
#9448=DIRECTION('',(0.,0.,1.));
#9449=DIRECTION('',(0.,1.,0.));
#9450=DIRECTION('',(0.,0.,-1.));
#9451=DIRECTION('',(0.,1.,0.));
#9452=DIRECTION('',(0.,1.,0.));
#9453=DIRECTION('',(0.,0.,1.));
#9454=DIRECTION('',(1.,0.,0.));
#9455=DIRECTION('',(0.,0.,-1.));
#9456=DIRECTION('',(1.,0.,0.));
#9457=DIRECTION('',(1.,0.,0.));
#9458=DIRECTION('',(0.,0.,-1.));
#9459=DIRECTION('',(0.,-1.,0.));
#9460=DIRECTION('',(0.,0.,-1.));
#9461=DIRECTION('',(0.,-1.,0.));
#9462=DIRECTION('',(0.707106781186547,-0.707106781186548,0.));
#9463=DIRECTION('',(0.707106781186548,0.707106781186547,0.));
#9464=DIRECTION('',(-0.707106781186548,-0.707106781186547,0.));
#9465=DIRECTION('',(0.,0.,-1.));
#9466=DIRECTION('',(-0.707106781186548,-0.707106781186547,0.));
#9467=DIRECTION('',(0.5,-0.866025403784439,0.));
#9468=DIRECTION('',(0.866025403784439,0.5,0.));
#9469=DIRECTION('',(-0.866025403784439,-0.5,0.));
#9470=DIRECTION('',(0.,0.,-1.));
#9471=DIRECTION('',(-0.866025403784439,-0.5,0.));
#9472=DIRECTION('',(0.,-1.,0.));
#9473=DIRECTION('',(0.,0.,-1.));
#9474=DIRECTION('',(-1.,0.,0.));
#9475=DIRECTION('',(0.,0.,-1.));
#9476=DIRECTION('',(-1.,0.,0.));
#9477=DIRECTION('',(-0.5,-0.866025403784439,0.));
#9478=DIRECTION('',(0.866025403784439,-0.5,0.));
#9479=DIRECTION('',(-0.866025403784439,0.5,0.));
#9480=DIRECTION('',(0.,0.,-1.));
#9481=DIRECTION('',(-0.866025403784439,0.5,0.));
#9482=DIRECTION('',(-0.707106781186547,-0.707106781186548,0.));
#9483=DIRECTION('',(0.707106781186548,-0.707106781186547,0.));
#9484=DIRECTION('',(-0.707106781186548,0.707106781186547,0.));
#9485=DIRECTION('',(0.,0.,-1.));
#9486=DIRECTION('',(-0.707106781186548,0.707106781186547,0.));
#9487=DIRECTION('',(-1.,0.,0.));
#9488=DIRECTION('',(0.,0.,1.));
#9489=DIRECTION('',(0.,1.,0.));
#9490=DIRECTION('',(0.,0.,-1.));
#9491=DIRECTION('',(0.,1.,0.));
#9492=DIRECTION('',(0.,1.,0.));
#9493=DIRECTION('',(0.,0.,1.));
#9494=DIRECTION('',(1.,0.,0.));
#9495=DIRECTION('',(0.,0.,-1.));
#9496=DIRECTION('',(1.,0.,0.));
#9497=DIRECTION('',(1.,0.,0.));
#9498=DIRECTION('',(0.,0.,-1.));
#9499=DIRECTION('',(0.,-1.,0.));
#9500=DIRECTION('',(0.,0.,-1.));
#9501=DIRECTION('',(0.,-1.,0.));
#9502=DIRECTION('',(0.,1.,0.));
#9503=DIRECTION('',(0.,0.,1.));
#9504=DIRECTION('',(1.,0.,0.));
#9505=DIRECTION('',(0.,0.,-1.));
#9506=DIRECTION('',(1.,0.,0.));
#9507=DIRECTION('',(-1.,0.,0.));
#9508=DIRECTION('',(0.,0.,1.));
#9509=DIRECTION('',(0.,1.,0.));
#9510=DIRECTION('',(0.,0.,-1.));
#9511=DIRECTION('',(0.,1.,0.));
#9512=DIRECTION('',(0.,-1.,0.));
#9513=DIRECTION('',(0.,0.,-1.));
#9514=DIRECTION('',(-1.,0.,0.));
#9515=DIRECTION('',(0.,0.,-1.));
#9516=DIRECTION('',(-1.,0.,0.));
#9517=DIRECTION('',(1.,0.,0.));
#9518=DIRECTION('',(0.,0.,-1.));
#9519=DIRECTION('',(0.,-1.,0.));
#9520=DIRECTION('',(0.,0.,-1.));
#9521=DIRECTION('',(0.,-1.,0.));
#9522=DIRECTION('',(0.,1.,0.));
#9523=DIRECTION('',(0.,0.,1.));
#9524=DIRECTION('',(1.,0.,0.));
#9525=DIRECTION('',(0.,0.,-1.));
#9526=DIRECTION('',(1.,0.,0.));
#9527=DIRECTION('',(-1.,0.,0.));
#9528=DIRECTION('',(0.,0.,1.));
#9529=DIRECTION('',(0.,1.,0.));
#9530=DIRECTION('',(0.,0.,-1.));
#9531=DIRECTION('',(0.,1.,0.));
#9532=DIRECTION('',(1.28498035257541E-15,-1.,0.));
#9533=DIRECTION('',(1.,1.28498035257541E-15,0.));
#9534=DIRECTION('',(-1.,-1.28498035257541E-15,0.));
#9535=DIRECTION('',(0.,0.,-1.));
#9536=DIRECTION('',(-1.,-1.28498035257541E-15,0.));
#9537=DIRECTION('',(-1.,-1.57702134179709E-15,0.));
#9538=DIRECTION('',(1.57702134179709E-15,-1.,0.));
#9539=DIRECTION('',(-1.57702134179709E-15,1.,0.));
#9540=DIRECTION('',(0.,0.,-1.));
#9541=DIRECTION('',(-1.57702134179709E-15,1.,0.));
#9542=DIRECTION('',(-2.16707532952217E-15,1.,0.));
#9543=DIRECTION('',(-1.,-2.16707532952217E-15,0.));
#9544=DIRECTION('',(1.,2.16707532952217E-15,0.));
#9545=DIRECTION('',(0.,0.,-1.));
#9546=DIRECTION('',(1.,2.16707532952217E-15,0.));
#9547=DIRECTION('',(0.707106781186548,0.707106781186547,0.));
#9548=DIRECTION('',(-0.707106781186547,0.707106781186548,0.));
#9549=DIRECTION('',(0.707106781186547,-0.707106781186548,0.));
#9550=DIRECTION('',(0.,0.,-1.));
#9551=DIRECTION('',(0.707106781186547,-0.707106781186548,0.));
#9552=DIRECTION('',(0.866025403784439,0.5,0.));
#9553=DIRECTION('',(-0.5,0.866025403784439,0.));
#9554=DIRECTION('',(0.5,-0.866025403784439,0.));
#9555=DIRECTION('',(0.,0.,-1.));
#9556=DIRECTION('',(0.5,-0.866025403784439,0.));
#9557=DIRECTION('',(1.,0.,0.));
#9558=DIRECTION('',(0.,0.,-1.));
#9559=DIRECTION('',(0.,-1.,0.));
#9560=DIRECTION('',(0.,0.,-1.));
#9561=DIRECTION('',(0.,-1.,0.));
#9562=DIRECTION('',(0.866025403784439,-0.5,0.));
#9563=DIRECTION('',(0.5,0.866025403784439,0.));
#9564=DIRECTION('',(-0.5,-0.866025403784439,0.));
#9565=DIRECTION('',(0.,0.,-1.));
#9566=DIRECTION('',(-0.5,-0.866025403784439,0.));
#9567=DIRECTION('',(0.707106781186548,-0.707106781186547,0.));
#9568=DIRECTION('',(0.707106781186547,0.707106781186548,0.));
#9569=DIRECTION('',(-0.707106781186547,-0.707106781186548,0.));
#9570=DIRECTION('',(0.,0.,-1.));
#9571=DIRECTION('',(-0.707106781186547,-0.707106781186548,0.));
#9572=DIRECTION('',(-2.5282545511092E-15,-1.,0.));
#9573=DIRECTION('',(1.,-2.5282545511092E-15,0.));
#9574=DIRECTION('',(-1.,2.5282545511092E-15,0.));
#9575=DIRECTION('',(0.,0.,-1.));
#9576=DIRECTION('',(-1.,2.5282545511092E-15,0.));
#9577=DIRECTION('',(-1.,1.5770213417971E-15,0.));
#9578=DIRECTION('',(-1.5770213417971E-15,-1.,0.));
#9579=DIRECTION('',(1.5770213417971E-15,1.,0.));
#9580=DIRECTION('',(0.,0.,-1.));
#9581=DIRECTION('',(1.5770213417971E-15,1.,0.));
#9582=DIRECTION('',(1.28498035257541E-15,1.,0.));
#9583=DIRECTION('',(-1.,1.28498035257541E-15,0.));
#9584=DIRECTION('',(1.,-1.28498035257541E-15,0.));
#9585=DIRECTION('',(0.,0.,-1.));
#9586=DIRECTION('',(1.,-1.28498035257541E-15,0.));
#9587=DIRECTION('',(-1.,0.,0.));
#9588=DIRECTION('',(0.,0.,1.));
#9589=DIRECTION('',(0.,1.,0.));
#9590=DIRECTION('',(0.,0.,-1.));
#9591=DIRECTION('',(0.,1.,0.));
#9592=DIRECTION('',(-6.08674903851511E-16,-1.,0.));
#9593=DIRECTION('',(1.,-6.08674903851511E-16,0.));
#9594=DIRECTION('',(-1.,6.08674903851511E-16,0.));
#9595=DIRECTION('',(0.,0.,-1.));
#9596=DIRECTION('',(-1.,6.08674903851511E-16,0.));
#9597=DIRECTION('',(0.,0.,-1.));
#9598=DIRECTION('',(-1.,-1.82602471155454E-15,0.));
#9599=DIRECTION('',(1.82602471155454E-15,-1.,0.));
#9600=DIRECTION('',(-1.82602471155454E-15,1.,0.));
#9601=DIRECTION('',(0.,0.,-1.));
#9602=DIRECTION('',(-1.82602471155454E-15,1.,0.));
#9603=DIRECTION('',(-1.21734980770302E-15,1.,0.));
#9604=DIRECTION('',(-1.,-1.21734980770302E-15,0.));
#9605=DIRECTION('',(1.,1.21734980770302E-15,0.));
#9606=DIRECTION('',(0.,0.,-1.));
#9607=DIRECTION('',(1.,1.21734980770302E-15,0.));
#9608=DIRECTION('',(1.,0.,0.));
#9609=DIRECTION('',(0.,0.,-1.));
#9610=DIRECTION('',(0.,-1.,0.));
#9611=DIRECTION('',(0.,0.,-1.));
#9612=DIRECTION('',(0.,-1.,0.));
#9613=DIRECTION('',(0.,0.,-1.));
#9614=DIRECTION('',(-1.21734980770302E-15,-1.,0.));
#9615=DIRECTION('',(1.,-1.21734980770302E-15,0.));
#9616=DIRECTION('',(-1.,1.21734980770302E-15,0.));
#9617=DIRECTION('',(0.,0.,-1.));
#9618=DIRECTION('',(-1.,1.21734980770302E-15,0.));
#9619=DIRECTION('',(-1.,1.82602471155454E-15,0.));
#9620=DIRECTION('',(-1.82602471155454E-15,-1.,0.));
#9621=DIRECTION('',(1.82602471155454E-15,1.,0.));
#9622=DIRECTION('',(0.,0.,-1.));
#9623=DIRECTION('',(1.82602471155454E-15,1.,0.));
#9624=DIRECTION('',(0.,0.,-1.));
#9625=DIRECTION('',(-1.,0.,0.));
#9626=DIRECTION('',(0.,0.,1.));
#9627=DIRECTION('',(1.,0.,0.));
#9628=DIRECTION('',(0.,0.,-1.));
#9629=DIRECTION('',(0.,0.,1.));
#9630=DIRECTION('',(1.,0.,0.));
#9631=DIRECTION('',(0.,0.,-1.));
#9632=DIRECTION('',(0.,0.,-1.));
#9633=DIRECTION('',(-1.,0.,0.));
#9634=DIRECTION('',(0.,0.,1.));
#9635=DIRECTION('',(1.,0.,0.));
#9636=DIRECTION('',(0.,0.,-1.));
#9637=DIRECTION('',(0.,0.,1.));
#9638=DIRECTION('',(1.,0.,0.));
#9639=DIRECTION('',(0.,0.,-1.));
#9640=DIRECTION('',(-1.,0.,0.));
#9641=DIRECTION('',(0.,0.,1.));
#9642=DIRECTION('',(1.,0.,0.));
#9643=DIRECTION('',(0.,0.,-1.));
#9644=DIRECTION('',(0.,0.,1.));
#9645=DIRECTION('',(1.,0.,0.));
#9646=DIRECTION('',(0.,0.,-1.));
#9647=DIRECTION('',(-1.,0.,0.));
#9648=DIRECTION('',(0.,0.,1.));
#9649=DIRECTION('',(1.,0.,0.));
#9650=DIRECTION('',(0.,0.,-1.));
#9651=DIRECTION('',(0.,0.,1.));
#9652=DIRECTION('',(1.,0.,0.));
#9653=DIRECTION('',(0.,0.,-1.));
#9654=DIRECTION('',(-1.,0.,0.));
#9655=DIRECTION('',(0.,0.,1.));
#9656=DIRECTION('',(1.,0.,0.));
#9657=DIRECTION('',(0.,0.,-1.));
#9658=DIRECTION('',(0.,0.,1.));
#9659=DIRECTION('',(1.,0.,0.));
#9660=DIRECTION('',(0.,0.,-1.));
#9661=DIRECTION('',(-1.,0.,0.));
#9662=DIRECTION('',(0.,0.,1.));
#9663=DIRECTION('',(1.,0.,0.));
#9664=DIRECTION('',(0.,0.,-1.));
#9665=DIRECTION('',(0.,0.,1.));
#9666=DIRECTION('',(1.,0.,0.));
#9667=DIRECTION('',(0.,0.,-1.));
#9668=DIRECTION('',(-1.,0.,0.));
#9669=DIRECTION('',(0.,0.,1.));
#9670=DIRECTION('',(1.,0.,0.));
#9671=DIRECTION('',(0.,0.,-1.));
#9672=DIRECTION('',(0.,0.,1.));
#9673=DIRECTION('',(1.,0.,0.));
#9674=DIRECTION('',(1.,-1.82602471155454E-15,0.));
#9675=DIRECTION('',(1.82602471155454E-15,1.,0.));
#9676=DIRECTION('',(-1.82602471155454E-15,-1.,0.));
#9677=DIRECTION('',(0.,0.,-1.));
#9678=DIRECTION('',(-1.82602471155454E-15,-1.,0.));
#9679=DIRECTION('',(0.,0.,-1.));
#9680=DIRECTION('',(6.08674903851511E-16,-1.,0.));
#9681=DIRECTION('',(1.,6.08674903851511E-16,0.));
#9682=DIRECTION('',(-1.,-6.08674903851511E-16,0.));
#9683=DIRECTION('',(0.,0.,-1.));
#9684=DIRECTION('',(-1.,-6.08674903851511E-16,0.));
#9685=DIRECTION('',(-1.,0.,0.));
#9686=DIRECTION('',(0.,0.,1.));
#9687=DIRECTION('',(0.,1.,0.));
#9688=DIRECTION('',(0.,0.,-1.));
#9689=DIRECTION('',(0.,1.,0.));
#9690=DIRECTION('',(1.21734980770302E-15,-1.,0.));
#9691=DIRECTION('',(1.,1.21734980770302E-15,0.));
#9692=DIRECTION('',(-1.,-1.21734980770302E-15,0.));
#9693=DIRECTION('',(0.,0.,-1.));
#9694=DIRECTION('',(-1.,-1.21734980770302E-15,0.));
#9695=DIRECTION('',(0.,0.,-1.));
#9696=DIRECTION('',(-1.,0.,0.));
#9697=DIRECTION('',(0.,0.,1.));
#9698=DIRECTION('',(0.,1.,0.));
#9699=DIRECTION('',(0.,0.,-1.));
#9700=DIRECTION('',(0.,1.,0.));
#9701=DIRECTION('',(-6.08674903851511E-16,1.,0.));
#9702=DIRECTION('',(-1.,-6.08674903851511E-16,0.));
#9703=DIRECTION('',(1.,6.08674903851511E-16,0.));
#9704=DIRECTION('',(0.,0.,-1.));
#9705=DIRECTION('',(1.,6.08674903851511E-16,0.));
#9706=DIRECTION('',(1.,0.,0.));
#9707=DIRECTION('',(0.,0.,-1.));
#9708=DIRECTION('',(0.,-1.,0.));
#9709=DIRECTION('',(0.,-1.,0.));
#9710=DIRECTION('',(-6.08674903851511E-16,1.,0.));
#9711=DIRECTION('',(-1.,-6.08674903851511E-16,0.));
#9712=DIRECTION('',(1.,6.08674903851511E-16,0.));
#9713=DIRECTION('',(1.,6.08674903851511E-16,0.));
#9714=DIRECTION('',(0.,0.,-1.));
#9715=DIRECTION('',(-1.,0.,0.));
#9716=DIRECTION('',(0.,0.,1.));
#9717=DIRECTION('',(1.,0.,0.));
#9718=DIRECTION('',(0.,0.,1.));
#9719=DIRECTION('',(1.,0.,0.));
#9720=DIRECTION('',(1.21734980770302E-15,1.,0.));
#9721=DIRECTION('',(-1.,1.21734980770302E-15,0.));
#9722=DIRECTION('',(1.,-1.21734980770302E-15,0.));
#9723=DIRECTION('',(1.,-1.21734980770302E-15,0.));
#9724=DIRECTION('',(1.,1.82602471155453E-15,0.));
#9725=DIRECTION('',(-1.82602471155453E-15,1.,0.));
#9726=DIRECTION('',(1.82602471155453E-15,-1.,0.));
#9727=DIRECTION('',(1.82602471155453E-15,-1.,0.));
#9728=DIRECTION('',(0.,-1.,0.));
#9729=DIRECTION('',(0.,0.,-1.));
#9730=DIRECTION('',(-1.,0.,0.));
#9731=DIRECTION('',(-1.,0.,0.));
#9732=DIRECTION('',(0.,0.,1.));
#9733=DIRECTION('',(1.,0.,0.));
#9734=DIRECTION('',(0.,0.,1.));
#9735=DIRECTION('',(1.,0.,0.));
#9736=DIRECTION('',(0.,1.,0.));
#9737=DIRECTION('',(1.,0.,0.));
#9738=DIRECTION('',(1.,0.,0.));
#9739=DIRECTION('',(0.,0.,-1.));
#9740=DIRECTION('',(1.,0.,0.));
#9741=DIRECTION('',(0.,0.,-1.));
#9742=DIRECTION('',(1.,0.,0.));
#9743=DIRECTION('',(0.,0.,-1.));
#9744=DIRECTION('',(1.,0.,0.));
#9745=DIRECTION('',(0.,0.,-1.));
#9746=DIRECTION('',(1.,0.,0.));
#9747=DIRECTION('',(0.,0.,-1.));
#9748=DIRECTION('',(1.,0.,0.));
#9749=DIRECTION('',(0.,0.,-1.));
#9750=DIRECTION('',(1.,0.,0.));
#9751=DIRECTION('',(0.,0.,-1.));
#9752=DIRECTION('',(1.,0.,0.));
#9753=DIRECTION('',(0.,0.,-1.));
#9754=DIRECTION('',(1.,0.,0.));
#9755=DIRECTION('',(0.,0.,-1.));
#9756=DIRECTION('',(1.,0.,0.));
#9757=DIRECTION('',(0.,0.,-1.));
#9758=DIRECTION('',(-1.,0.,0.));
#9759=DIRECTION('',(0.,0.,1.));
#9760=DIRECTION('',(1.,0.,0.));
#9761=DIRECTION('',(0.,0.,-1.));
#9762=DIRECTION('',(-1.,0.,0.));
#9763=DIRECTION('',(0.,0.,1.));
#9764=DIRECTION('',(0.,0.,1.));
#9765=DIRECTION('',(0.,-1.,0.));
#9766=DIRECTION('',(1.,0.,0.));
#9767=DIRECTION('',(0.,0.,-1.));
#9768=DIRECTION('',(0.,-1.,0.));
#9769=DIRECTION('',(0.,0.,-1.));
#9770=DIRECTION('',(0.,-1.,0.));
#9771=DIRECTION('',(0.,0.,-1.));
#9772=DIRECTION('',(0.,1.,0.));
#9773=DIRECTION('',(0.,0.,1.));
#9774=DIRECTION('',(1.,0.,0.));
#9775=DIRECTION('',(0.,0.,-1.));
#9776=DIRECTION('',(1.,0.,0.));
#9777=DIRECTION('',(-1.,-3.85494105772623E-16,0.));
#9778=DIRECTION('',(3.85494105772623E-16,-1.,0.));
#9779=DIRECTION('',(-3.85494105772623E-16,1.,0.));
#9780=DIRECTION('',(0.,0.,-1.));
#9781=DIRECTION('',(-3.85494105772623E-16,1.,0.));
#9782=DIRECTION('',(0.,-1.,0.));
#9783=DIRECTION('',(0.,0.,-1.));
#9784=DIRECTION('',(-1.,0.,0.));
#9785=DIRECTION('',(0.,0.,-1.));
#9786=DIRECTION('',(-1.,0.,0.));
#9787=DIRECTION('',(1.,0.,0.));
#9788=DIRECTION('',(0.,0.,-1.));
#9789=DIRECTION('',(0.,-1.,0.));
#9790=DIRECTION('',(0.,0.,-1.));
#9791=DIRECTION('',(0.,-1.,0.));
#9792=DIRECTION('',(0.,-1.,0.));
#9793=DIRECTION('',(0.,0.,-1.));
#9794=DIRECTION('',(-1.,0.,0.));
#9795=DIRECTION('',(0.,0.,-1.));
#9796=DIRECTION('',(-1.,0.,0.));
#9797=DIRECTION('',(-1.,0.,0.));
#9798=DIRECTION('',(0.,0.,1.));
#9799=DIRECTION('',(0.,1.,0.));
#9800=DIRECTION('',(0.,0.,-1.));
#9801=DIRECTION('',(0.,1.,0.));
#9802=DIRECTION('',(-0.707106781186547,0.707106781186548,0.));
#9803=DIRECTION('',(-0.707106781186548,-0.707106781186547,0.));
#9804=DIRECTION('',(0.707106781186548,0.707106781186547,0.));
#9805=DIRECTION('',(0.,0.,-1.));
#9806=DIRECTION('',(0.707106781186548,0.707106781186547,0.));
#9807=DIRECTION('',(-0.5,0.866025403784439,0.));
#9808=DIRECTION('',(-0.866025403784439,-0.5,0.));
#9809=DIRECTION('',(0.866025403784439,0.5,0.));
#9810=DIRECTION('',(0.,0.,-1.));
#9811=DIRECTION('',(0.866025403784439,0.5,0.));
#9812=DIRECTION('',(-5.19378286220601E-16,1.,0.));
#9813=DIRECTION('',(-1.,-5.19378286220601E-16,0.));
#9814=DIRECTION('',(1.,5.19378286220601E-16,0.));
#9815=DIRECTION('',(0.,0.,-1.));
#9816=DIRECTION('',(1.,5.19378286220601E-16,0.));
#9817=DIRECTION('',(0.5,0.866025403784439,0.));
#9818=DIRECTION('',(-0.866025403784439,0.5,0.));
#9819=DIRECTION('',(0.866025403784439,-0.5,0.));
#9820=DIRECTION('',(0.,0.,-1.));
#9821=DIRECTION('',(0.866025403784439,-0.5,0.));
#9822=DIRECTION('',(0.707106781186548,0.707106781186547,0.));
#9823=DIRECTION('',(-0.707106781186547,0.707106781186548,0.));
#9824=DIRECTION('',(0.707106781186547,-0.707106781186548,0.));
#9825=DIRECTION('',(0.,0.,-1.));
#9826=DIRECTION('',(0.707106781186547,-0.707106781186548,0.));
#9827=DIRECTION('',(1.,0.,0.));
#9828=DIRECTION('',(0.,0.,-1.));
#9829=DIRECTION('',(0.,-1.,0.));
#9830=DIRECTION('',(0.,0.,-1.));
#9831=DIRECTION('',(0.,-1.,0.));
#9832=DIRECTION('',(0.,-1.,0.));
#9833=DIRECTION('',(0.,0.,-1.));
#9834=DIRECTION('',(-1.,0.,0.));
#9835=DIRECTION('',(0.,0.,-1.));
#9836=DIRECTION('',(-1.,0.,0.));
#9837=DIRECTION('',(-1.,0.,0.));
#9838=DIRECTION('',(0.,0.,1.));
#9839=DIRECTION('',(0.,1.,0.));
#9840=DIRECTION('',(0.,0.,-1.));
#9841=DIRECTION('',(0.,1.,0.));
#9842=DIRECTION('',(0.,-1.,0.));
#9843=DIRECTION('',(0.,0.,-1.));
#9844=DIRECTION('',(-1.,0.,0.));
#9845=DIRECTION('',(0.,0.,-1.));
#9846=DIRECTION('',(-1.,0.,0.));
#9847=DIRECTION('',(1.,0.,0.));
#9848=DIRECTION('',(0.,0.,-1.));
#9849=DIRECTION('',(0.,-1.,0.));
#9850=DIRECTION('',(0.,0.,-1.));
#9851=DIRECTION('',(0.,-1.,0.));
#9852=DIRECTION('',(0.,1.,0.));
#9853=DIRECTION('',(0.,0.,1.));
#9854=DIRECTION('',(1.,0.,0.));
#9855=DIRECTION('',(0.,0.,-1.));
#9856=DIRECTION('',(1.,0.,0.));
#9857=DIRECTION('',(-1.,0.,0.));
#9858=DIRECTION('',(0.,0.,1.));
#9859=DIRECTION('',(0.,1.,0.));
#9860=DIRECTION('',(0.,0.,-1.));
#9861=DIRECTION('',(0.,1.,0.));
#9862=DIRECTION('',(3.85494105772624E-16,-1.,0.));
#9863=DIRECTION('',(1.,3.85494105772624E-16,0.));
#9864=DIRECTION('',(-1.,-3.85494105772624E-16,0.));
#9865=DIRECTION('',(0.,0.,-1.));
#9866=DIRECTION('',(-1.,-3.85494105772624E-16,0.));
#9867=DIRECTION('',(1.,0.,0.));
#9868=DIRECTION('',(0.,0.,-1.));
#9869=DIRECTION('',(0.,-1.,0.));
#9870=DIRECTION('',(0.,0.,-1.));
#9871=DIRECTION('',(0.,-1.,0.));
#9872=DIRECTION('',(-1.28498035257541E-15,1.,0.));
#9873=DIRECTION('',(-1.,-1.28498035257541E-15,0.));
#9874=DIRECTION('',(1.,1.28498035257541E-15,0.));
#9875=DIRECTION('',(0.,0.,-1.));
#9876=DIRECTION('',(1.,1.28498035257541E-15,0.));
#9877=DIRECTION('',(1.,1.57702134179709E-15,0.));
#9878=DIRECTION('',(-1.57702134179709E-15,1.,0.));
#9879=DIRECTION('',(1.57702134179709E-15,-1.,0.));
#9880=DIRECTION('',(0.,0.,-1.));
#9881=DIRECTION('',(1.57702134179709E-15,-1.,0.));
#9882=DIRECTION('',(7.22358443174057E-16,-1.,0.));
#9883=DIRECTION('',(1.,7.22358443174057E-16,0.));
#9884=DIRECTION('',(-1.,-7.22358443174057E-16,0.));
#9885=DIRECTION('',(0.,0.,-1.));
#9886=DIRECTION('',(-1.,-7.22358443174057E-16,0.));
#9887=DIRECTION('',(-0.707106781186548,-0.707106781186547,0.));
#9888=DIRECTION('',(0.707106781186547,-0.707106781186548,0.));
#9889=DIRECTION('',(-0.707106781186547,0.707106781186548,0.));
#9890=DIRECTION('',(0.,0.,-1.));
#9891=DIRECTION('',(-0.707106781186547,0.707106781186548,0.));
#9892=DIRECTION('',(-0.866025403784439,-0.5,0.));
#9893=DIRECTION('',(0.5,-0.866025403784439,0.));
#9894=DIRECTION('',(-0.5,0.866025403784439,0.));
#9895=DIRECTION('',(0.,0.,-1.));
#9896=DIRECTION('',(-0.5,0.866025403784439,0.));
#9897=DIRECTION('',(-1.,0.,0.));
#9898=DIRECTION('',(0.,0.,1.));
#9899=DIRECTION('',(0.,1.,0.));
#9900=DIRECTION('',(0.,0.,-1.));
#9901=DIRECTION('',(0.,1.,0.));
#9902=DIRECTION('',(-0.866025403784439,0.5,0.));
#9903=DIRECTION('',(-0.5,-0.866025403784439,0.));
#9904=DIRECTION('',(0.5,0.866025403784439,0.));
#9905=DIRECTION('',(0.,0.,-1.));
#9906=DIRECTION('',(0.5,0.866025403784439,0.));
#9907=DIRECTION('',(-0.707106781186548,0.707106781186547,0.));
#9908=DIRECTION('',(-0.707106781186547,-0.707106781186548,0.));
#9909=DIRECTION('',(0.707106781186547,0.707106781186548,0.));
#9910=DIRECTION('',(0.,0.,-1.));
#9911=DIRECTION('',(0.707106781186547,0.707106781186548,0.));
#9912=DIRECTION('',(7.22358443174058E-16,1.,0.));
#9913=DIRECTION('',(-1.,7.22358443174058E-16,0.));
#9914=DIRECTION('',(1.,-7.22358443174058E-16,0.));
#9915=DIRECTION('',(0.,0.,-1.));
#9916=DIRECTION('',(1.,-7.22358443174058E-16,0.));
#9917=DIRECTION('',(1.,-1.57702134179709E-15,0.));
#9918=DIRECTION('',(1.57702134179709E-15,1.,0.));
#9919=DIRECTION('',(-1.57702134179709E-15,-1.,0.));
#9920=DIRECTION('',(0.,0.,-1.));
#9921=DIRECTION('',(-1.57702134179709E-15,-1.,0.));
#9922=DIRECTION('',(-1.28498035257541E-15,-1.,0.));
#9923=DIRECTION('',(1.,-1.28498035257541E-15,0.));
#9924=DIRECTION('',(-1.,1.28498035257541E-15,0.));
#9925=DIRECTION('',(0.,0.,-1.));
#9926=DIRECTION('',(-1.,1.28498035257541E-15,0.));
#9927=DIRECTION('',(1.,0.,0.));
#9928=DIRECTION('',(0.,0.,-1.));
#9929=DIRECTION('',(0.,-1.,0.));
#9930=DIRECTION('',(0.,0.,-1.));
#9931=DIRECTION('',(0.,-1.,0.));
#9932=DIRECTION('',(0.,1.,0.));
#9933=DIRECTION('',(0.,0.,1.));
#9934=DIRECTION('',(1.,0.,0.));
#9935=DIRECTION('',(0.,0.,-1.));
#9936=DIRECTION('',(1.,0.,0.));
#9937=DIRECTION('',(-1.,0.,0.));
#9938=DIRECTION('',(0.,0.,1.));
#9939=DIRECTION('',(0.,1.,0.));
#9940=DIRECTION('',(0.,0.,-1.));
#9941=DIRECTION('',(0.,1.,0.));
#9942=DIRECTION('',(0.,-1.,0.));
#9943=DIRECTION('',(0.,0.,-1.));
#9944=DIRECTION('',(-1.,0.,0.));
#9945=DIRECTION('',(0.,0.,-1.));
#9946=DIRECTION('',(-1.,0.,0.));
#9947=DIRECTION('',(1.,3.85494105772624E-16,0.));
#9948=DIRECTION('',(-3.85494105772624E-16,1.,0.));
#9949=DIRECTION('',(3.85494105772624E-16,-1.,0.));
#9950=DIRECTION('',(0.,0.,-1.));
#9951=DIRECTION('',(3.85494105772624E-16,-1.,0.));
#9952=DIRECTION('',(0.,1.,0.));
#9953=DIRECTION('',(0.,0.,1.));
#9954=DIRECTION('',(1.,0.,0.));
#9955=DIRECTION('',(0.,0.,-1.));
#9956=DIRECTION('',(1.,0.,0.));
#9957=DIRECTION('',(-1.,0.,0.));
#9958=DIRECTION('',(0.,0.,1.));
#9959=DIRECTION('',(0.,1.,0.));
#9960=DIRECTION('',(0.,0.,-1.));
#9961=DIRECTION('',(0.,1.,0.));
#9962=DIRECTION('',(0.,1.,0.));
#9963=DIRECTION('',(0.,0.,1.));
#9964=DIRECTION('',(1.,0.,0.));
#9965=DIRECTION('',(0.,0.,-1.));
#9966=DIRECTION('',(1.,0.,0.));
#9967=DIRECTION('',(1.,0.,0.));
#9968=DIRECTION('',(0.,0.,-1.));
#9969=DIRECTION('',(0.,-1.,0.));
#9970=DIRECTION('',(0.,0.,-1.));
#9971=DIRECTION('',(0.,-1.,0.));
#9972=DIRECTION('',(0.707106781186547,-0.707106781186548,0.));
#9973=DIRECTION('',(0.707106781186548,0.707106781186547,0.));
#9974=DIRECTION('',(-0.707106781186548,-0.707106781186547,0.));
#9975=DIRECTION('',(0.,0.,-1.));
#9976=DIRECTION('',(-0.707106781186548,-0.707106781186547,0.));
#9977=DIRECTION('',(0.5,-0.866025403784439,0.));
#9978=DIRECTION('',(0.866025403784439,0.5,0.));
#9979=DIRECTION('',(-0.866025403784439,-0.5,0.));
#9980=DIRECTION('',(0.,0.,-1.));
#9981=DIRECTION('',(-0.866025403784439,-0.5,0.));
#9982=DIRECTION('',(0.,-1.,0.));
#9983=DIRECTION('',(0.,0.,-1.));
#9984=DIRECTION('',(-1.,0.,0.));
#9985=DIRECTION('',(0.,0.,-1.));
#9986=DIRECTION('',(-1.,0.,0.));
#9987=DIRECTION('',(-0.5,-0.866025403784439,0.));
#9988=DIRECTION('',(0.866025403784439,-0.5,0.));
#9989=DIRECTION('',(-0.866025403784439,0.5,0.));
#9990=DIRECTION('',(0.,0.,-1.));
#9991=DIRECTION('',(-0.866025403784439,0.5,0.));
#9992=DIRECTION('',(-0.707106781186547,-0.707106781186548,0.));
#9993=DIRECTION('',(0.707106781186548,-0.707106781186547,0.));
#9994=DIRECTION('',(-0.707106781186548,0.707106781186547,0.));
#9995=DIRECTION('',(0.,0.,-1.));
#9996=DIRECTION('',(-0.707106781186548,0.707106781186547,0.));
#9997=DIRECTION('',(-1.,0.,0.));
#9998=DIRECTION('',(0.,0.,1.));
#9999=DIRECTION('',(0.,1.,0.));
#10000=DIRECTION('',(0.,0.,-1.));
#10001=DIRECTION('',(0.,1.,0.));
#10002=DIRECTION('',(0.,1.,0.));
#10003=DIRECTION('',(0.,0.,1.));
#10004=DIRECTION('',(1.,0.,0.));
#10005=DIRECTION('',(0.,0.,-1.));
#10006=DIRECTION('',(1.,0.,0.));
#10007=DIRECTION('',(1.,0.,0.));
#10008=DIRECTION('',(0.,0.,-1.));
#10009=DIRECTION('',(0.,-1.,0.));
#10010=DIRECTION('',(0.,0.,-1.));
#10011=DIRECTION('',(0.,-1.,0.));
#10012=DIRECTION('',(0.,1.,0.));
#10013=DIRECTION('',(0.,0.,1.));
#10014=DIRECTION('',(1.,0.,0.));
#10015=DIRECTION('',(0.,0.,-1.));
#10016=DIRECTION('',(1.,0.,0.));
#10017=DIRECTION('',(-1.,0.,0.));
#10018=DIRECTION('',(0.,0.,1.));
#10019=DIRECTION('',(0.,1.,0.));
#10020=DIRECTION('',(0.,0.,-1.));
#10021=DIRECTION('',(0.,1.,0.));
#10022=DIRECTION('',(0.,-1.,0.));
#10023=DIRECTION('',(0.,0.,-1.));
#10024=DIRECTION('',(-1.,0.,0.));
#10025=DIRECTION('',(0.,0.,-1.));
#10026=DIRECTION('',(-1.,0.,0.));
#10027=DIRECTION('',(1.,0.,0.));
#10028=DIRECTION('',(0.,0.,-1.));
#10029=DIRECTION('',(0.,-1.,0.));
#10030=DIRECTION('',(0.,0.,-1.));
#10031=DIRECTION('',(0.,-1.,0.));
#10032=DIRECTION('',(0.,1.,0.));
#10033=DIRECTION('',(0.,0.,1.));
#10034=DIRECTION('',(1.,0.,0.));
#10035=DIRECTION('',(0.,0.,-1.));
#10036=DIRECTION('',(1.,0.,0.));
#10037=DIRECTION('',(-1.,0.,0.));
#10038=DIRECTION('',(0.,0.,1.));
#10039=DIRECTION('',(0.,1.,0.));
#10040=DIRECTION('',(0.,0.,-1.));
#10041=DIRECTION('',(0.,1.,0.));
#10042=DIRECTION('',(1.28498035257541E-15,-1.,0.));
#10043=DIRECTION('',(1.,1.28498035257541E-15,0.));
#10044=DIRECTION('',(-1.,-1.28498035257541E-15,0.));
#10045=DIRECTION('',(0.,0.,-1.));
#10046=DIRECTION('',(-1.,-1.28498035257541E-15,0.));
#10047=DIRECTION('',(-1.,-1.57702134179709E-15,0.));
#10048=DIRECTION('',(1.57702134179709E-15,-1.,0.));
#10049=DIRECTION('',(-1.57702134179709E-15,1.,0.));
#10050=DIRECTION('',(0.,0.,-1.));
#10051=DIRECTION('',(-1.57702134179709E-15,1.,0.));
#10052=DIRECTION('',(-2.16707532952217E-15,1.,0.));
#10053=DIRECTION('',(-1.,-2.16707532952217E-15,0.));
#10054=DIRECTION('',(1.,2.16707532952217E-15,0.));
#10055=DIRECTION('',(0.,0.,-1.));
#10056=DIRECTION('',(1.,2.16707532952217E-15,0.));
#10057=DIRECTION('',(0.707106781186548,0.707106781186547,0.));
#10058=DIRECTION('',(-0.707106781186547,0.707106781186548,0.));
#10059=DIRECTION('',(0.707106781186547,-0.707106781186548,0.));
#10060=DIRECTION('',(0.,0.,-1.));
#10061=DIRECTION('',(0.707106781186547,-0.707106781186548,0.));
#10062=DIRECTION('',(0.866025403784439,0.5,0.));
#10063=DIRECTION('',(-0.5,0.866025403784439,0.));
#10064=DIRECTION('',(0.5,-0.866025403784439,0.));
#10065=DIRECTION('',(0.,0.,-1.));
#10066=DIRECTION('',(0.5,-0.866025403784439,0.));
#10067=DIRECTION('',(1.,0.,0.));
#10068=DIRECTION('',(0.,0.,-1.));
#10069=DIRECTION('',(0.,-1.,0.));
#10070=DIRECTION('',(0.,0.,-1.));
#10071=DIRECTION('',(0.,-1.,0.));
#10072=DIRECTION('',(0.866025403784439,-0.5,0.));
#10073=DIRECTION('',(0.5,0.866025403784439,0.));
#10074=DIRECTION('',(-0.5,-0.866025403784439,0.));
#10075=DIRECTION('',(0.,0.,-1.));
#10076=DIRECTION('',(-0.5,-0.866025403784439,0.));
#10077=DIRECTION('',(0.707106781186548,-0.707106781186547,0.));
#10078=DIRECTION('',(0.707106781186547,0.707106781186548,0.));
#10079=DIRECTION('',(-0.707106781186547,-0.707106781186548,0.));
#10080=DIRECTION('',(0.,0.,-1.));
#10081=DIRECTION('',(-0.707106781186547,-0.707106781186548,0.));
#10082=DIRECTION('',(-2.5282545511092E-15,-1.,0.));
#10083=DIRECTION('',(1.,-2.5282545511092E-15,0.));
#10084=DIRECTION('',(-1.,2.5282545511092E-15,0.));
#10085=DIRECTION('',(0.,0.,-1.));
#10086=DIRECTION('',(-1.,2.5282545511092E-15,0.));
#10087=DIRECTION('',(-1.,1.5770213417971E-15,0.));
#10088=DIRECTION('',(-1.5770213417971E-15,-1.,0.));
#10089=DIRECTION('',(1.5770213417971E-15,1.,0.));
#10090=DIRECTION('',(0.,0.,-1.));
#10091=DIRECTION('',(1.5770213417971E-15,1.,0.));
#10092=DIRECTION('',(1.28498035257541E-15,1.,0.));
#10093=DIRECTION('',(-1.,1.28498035257541E-15,0.));
#10094=DIRECTION('',(1.,-1.28498035257541E-15,0.));
#10095=DIRECTION('',(0.,0.,-1.));
#10096=DIRECTION('',(1.,-1.28498035257541E-15,0.));
#10097=DIRECTION('',(-1.,0.,0.));
#10098=DIRECTION('',(0.,0.,1.));
#10099=DIRECTION('',(0.,1.,0.));
#10100=DIRECTION('',(0.,0.,-1.));
#10101=DIRECTION('',(0.,1.,0.));
#10102=DIRECTION('',(-6.08674903851511E-16,-1.,0.));
#10103=DIRECTION('',(1.,-6.08674903851511E-16,0.));
#10104=DIRECTION('',(-1.,6.08674903851511E-16,0.));
#10105=DIRECTION('',(0.,0.,-1.));
#10106=DIRECTION('',(-1.,6.08674903851511E-16,0.));
#10107=DIRECTION('',(0.,0.,-1.));
#10108=DIRECTION('',(-1.,-1.82602471155454E-15,0.));
#10109=DIRECTION('',(1.82602471155454E-15,-1.,0.));
#10110=DIRECTION('',(-1.82602471155454E-15,1.,0.));
#10111=DIRECTION('',(0.,0.,-1.));
#10112=DIRECTION('',(-1.82602471155454E-15,1.,0.));
#10113=DIRECTION('',(-1.21734980770302E-15,1.,0.));
#10114=DIRECTION('',(-1.,-1.21734980770302E-15,0.));
#10115=DIRECTION('',(1.,1.21734980770302E-15,0.));
#10116=DIRECTION('',(0.,0.,-1.));
#10117=DIRECTION('',(1.,1.21734980770302E-15,0.));
#10118=DIRECTION('',(1.,0.,0.));
#10119=DIRECTION('',(0.,0.,-1.));
#10120=DIRECTION('',(0.,-1.,0.));
#10121=DIRECTION('',(0.,0.,-1.));
#10122=DIRECTION('',(0.,-1.,0.));
#10123=DIRECTION('',(0.,0.,-1.));
#10124=DIRECTION('',(-1.21734980770302E-15,-1.,0.));
#10125=DIRECTION('',(1.,-1.21734980770302E-15,0.));
#10126=DIRECTION('',(-1.,1.21734980770302E-15,0.));
#10127=DIRECTION('',(0.,0.,-1.));
#10128=DIRECTION('',(-1.,1.21734980770302E-15,0.));
#10129=DIRECTION('',(-1.,1.82602471155454E-15,0.));
#10130=DIRECTION('',(-1.82602471155454E-15,-1.,0.));
#10131=DIRECTION('',(1.82602471155454E-15,1.,0.));
#10132=DIRECTION('',(0.,0.,-1.));
#10133=DIRECTION('',(1.82602471155454E-15,1.,0.));
#10134=DIRECTION('',(0.,0.,-1.));
#10135=DIRECTION('',(-1.,0.,0.));
#10136=DIRECTION('',(0.,0.,1.));
#10137=DIRECTION('',(1.,0.,0.));
#10138=DIRECTION('',(0.,0.,-1.));
#10139=DIRECTION('',(0.,0.,1.));
#10140=DIRECTION('',(1.,0.,0.));
#10141=DIRECTION('',(0.,0.,-1.));
#10142=DIRECTION('',(0.,0.,-1.));
#10143=DIRECTION('',(-1.,0.,0.));
#10144=DIRECTION('',(0.,0.,1.));
#10145=DIRECTION('',(1.,0.,0.));
#10146=DIRECTION('',(0.,0.,-1.));
#10147=DIRECTION('',(0.,0.,1.));
#10148=DIRECTION('',(1.,0.,0.));
#10149=DIRECTION('',(0.,0.,-1.));
#10150=DIRECTION('',(-1.,0.,0.));
#10151=DIRECTION('',(0.,0.,1.));
#10152=DIRECTION('',(1.,0.,0.));
#10153=DIRECTION('',(0.,0.,-1.));
#10154=DIRECTION('',(0.,0.,1.));
#10155=DIRECTION('',(1.,0.,0.));
#10156=DIRECTION('',(0.,0.,-1.));
#10157=DIRECTION('',(-1.,0.,0.));
#10158=DIRECTION('',(0.,0.,1.));
#10159=DIRECTION('',(1.,0.,0.));
#10160=DIRECTION('',(0.,0.,-1.));
#10161=DIRECTION('',(0.,0.,1.));
#10162=DIRECTION('',(1.,0.,0.));
#10163=DIRECTION('',(0.,0.,-1.));
#10164=DIRECTION('',(-1.,0.,0.));
#10165=DIRECTION('',(0.,0.,1.));
#10166=DIRECTION('',(1.,0.,0.));
#10167=DIRECTION('',(0.,0.,-1.));
#10168=DIRECTION('',(0.,0.,1.));
#10169=DIRECTION('',(1.,0.,0.));
#10170=DIRECTION('',(0.,0.,-1.));
#10171=DIRECTION('',(-1.,0.,0.));
#10172=DIRECTION('',(0.,0.,1.));
#10173=DIRECTION('',(1.,0.,0.));
#10174=DIRECTION('',(0.,0.,-1.));
#10175=DIRECTION('',(0.,0.,1.));
#10176=DIRECTION('',(1.,0.,0.));
#10177=DIRECTION('',(0.,0.,-1.));
#10178=DIRECTION('',(-1.,0.,0.));
#10179=DIRECTION('',(0.,0.,1.));
#10180=DIRECTION('',(1.,0.,0.));
#10181=DIRECTION('',(0.,0.,-1.));
#10182=DIRECTION('',(0.,0.,1.));
#10183=DIRECTION('',(1.,0.,0.));
#10184=DIRECTION('',(1.,-1.82602471155454E-15,0.));
#10185=DIRECTION('',(1.82602471155454E-15,1.,0.));
#10186=DIRECTION('',(-1.82602471155454E-15,-1.,0.));
#10187=DIRECTION('',(0.,0.,-1.));
#10188=DIRECTION('',(-1.82602471155454E-15,-1.,0.));
#10189=DIRECTION('',(0.,0.,-1.));
#10190=DIRECTION('',(6.08674903851511E-16,-1.,0.));
#10191=DIRECTION('',(1.,6.08674903851511E-16,0.));
#10192=DIRECTION('',(-1.,-6.08674903851511E-16,0.));
#10193=DIRECTION('',(0.,0.,-1.));
#10194=DIRECTION('',(-1.,-6.08674903851511E-16,0.));
#10195=DIRECTION('',(-1.,0.,0.));
#10196=DIRECTION('',(0.,0.,1.));
#10197=DIRECTION('',(0.,1.,0.));
#10198=DIRECTION('',(0.,0.,-1.));
#10199=DIRECTION('',(0.,1.,0.));
#10200=DIRECTION('',(1.21734980770302E-15,-1.,0.));
#10201=DIRECTION('',(1.,1.21734980770302E-15,0.));
#10202=DIRECTION('',(-1.,-1.21734980770302E-15,0.));
#10203=DIRECTION('',(0.,0.,-1.));
#10204=DIRECTION('',(-1.,-1.21734980770302E-15,0.));
#10205=DIRECTION('',(0.,0.,-1.));
#10206=DIRECTION('',(-1.,0.,0.));
#10207=DIRECTION('',(0.,0.,1.));
#10208=DIRECTION('',(0.,1.,0.));
#10209=DIRECTION('',(0.,0.,-1.));
#10210=DIRECTION('',(0.,1.,0.));
#10211=DIRECTION('',(-6.08674903851511E-16,1.,0.));
#10212=DIRECTION('',(-1.,-6.08674903851511E-16,0.));
#10213=DIRECTION('',(1.,6.08674903851511E-16,0.));
#10214=DIRECTION('',(0.,0.,-1.));
#10215=DIRECTION('',(1.,6.08674903851511E-16,0.));
#10216=DIRECTION('',(1.,0.,0.));
#10217=DIRECTION('',(0.,0.,-1.));
#10218=DIRECTION('',(0.,-1.,0.));
#10219=DIRECTION('',(0.,-1.,0.));
#10220=DIRECTION('',(-6.08674903851511E-16,1.,0.));
#10221=DIRECTION('',(-1.,-6.08674903851511E-16,0.));
#10222=DIRECTION('',(1.,6.08674903851511E-16,0.));
#10223=DIRECTION('',(1.,6.08674903851511E-16,0.));
#10224=DIRECTION('',(0.,0.,-1.));
#10225=DIRECTION('',(-1.,0.,0.));
#10226=DIRECTION('',(0.,0.,1.));
#10227=DIRECTION('',(1.,0.,0.));
#10228=DIRECTION('',(0.,0.,1.));
#10229=DIRECTION('',(1.,0.,0.));
#10230=DIRECTION('',(1.21734980770302E-15,1.,0.));
#10231=DIRECTION('',(-1.,1.21734980770302E-15,0.));
#10232=DIRECTION('',(1.,-1.21734980770302E-15,0.));
#10233=DIRECTION('',(1.,-1.21734980770302E-15,0.));
#10234=DIRECTION('',(1.,1.82602471155453E-15,0.));
#10235=DIRECTION('',(-1.82602471155453E-15,1.,0.));
#10236=DIRECTION('',(1.82602471155453E-15,-1.,0.));
#10237=DIRECTION('',(1.82602471155453E-15,-1.,0.));
#10238=DIRECTION('',(0.,-1.,0.));
#10239=DIRECTION('',(0.,0.,-1.));
#10240=DIRECTION('',(-1.,0.,0.));
#10241=DIRECTION('',(-1.,0.,0.));
#10242=DIRECTION('',(0.,0.,1.));
#10243=DIRECTION('',(1.,0.,0.));
#10244=DIRECTION('',(0.,0.,1.));
#10245=DIRECTION('',(1.,0.,0.));
#10246=DIRECTION('',(0.,0.,-1.));
#10247=DIRECTION('',(1.,0.,0.));
#10248=DIRECTION('',(0.,-1.,0.));
#10249=DIRECTION('',(0.,0.,-1.));
#10250=DIRECTION('',(-1.,0.,0.));
#10251=DIRECTION('',(0.,0.,-1.));
#10252=DIRECTION('',(-1.,0.,0.));
#10253=DIRECTION('',(0.,0.,-1.));
#10254=DIRECTION('',(1.,0.,0.));
#10255=DIRECTION('',(0.,0.,-1.));
#10256=DIRECTION('',(0.,-1.,0.));
#10257=DIRECTION('',(0.,0.,-1.));
#10258=DIRECTION('',(0.,-1.,0.));
#10259=DIRECTION('',(0.,1.,0.));
#10260=DIRECTION('',(0.,0.,1.));
#10261=DIRECTION('',(1.,0.,0.));
#10262=DIRECTION('',(0.,0.,-1.));
#10263=DIRECTION('',(1.,0.,0.));
#10264=DIRECTION('',(-1.,-3.85494105772623E-16,0.));
#10265=DIRECTION('',(3.85494105772623E-16,-1.,0.));
#10266=DIRECTION('',(-3.85494105772623E-16,1.,0.));
#10267=DIRECTION('',(0.,0.,-1.));
#10268=DIRECTION('',(-3.85494105772623E-16,1.,0.));
#10269=DIRECTION('',(0.,-1.,0.));
#10270=DIRECTION('',(0.,0.,-1.));
#10271=DIRECTION('',(-1.,0.,0.));
#10272=DIRECTION('',(0.,0.,-1.));
#10273=DIRECTION('',(-1.,0.,0.));
#10274=DIRECTION('',(1.,0.,0.));
#10275=DIRECTION('',(0.,0.,-1.));
#10276=DIRECTION('',(0.,-1.,0.));
#10277=DIRECTION('',(0.,0.,-1.));
#10278=DIRECTION('',(0.,-1.,0.));
#10279=DIRECTION('',(0.,-1.,0.));
#10280=DIRECTION('',(0.,0.,-1.));
#10281=DIRECTION('',(-1.,0.,0.));
#10282=DIRECTION('',(0.,0.,-1.));
#10283=DIRECTION('',(-1.,0.,0.));
#10284=DIRECTION('',(-1.,0.,0.));
#10285=DIRECTION('',(0.,0.,1.));
#10286=DIRECTION('',(0.,1.,0.));
#10287=DIRECTION('',(0.,0.,-1.));
#10288=DIRECTION('',(0.,1.,0.));
#10289=DIRECTION('',(-0.707106781186547,0.707106781186548,0.));
#10290=DIRECTION('',(-0.707106781186548,-0.707106781186547,0.));
#10291=DIRECTION('',(0.707106781186548,0.707106781186547,0.));
#10292=DIRECTION('',(0.,0.,-1.));
#10293=DIRECTION('',(0.707106781186548,0.707106781186547,0.));
#10294=DIRECTION('',(-0.5,0.866025403784439,0.));
#10295=DIRECTION('',(-0.866025403784439,-0.5,0.));
#10296=DIRECTION('',(0.866025403784439,0.5,0.));
#10297=DIRECTION('',(0.,0.,-1.));
#10298=DIRECTION('',(0.866025403784439,0.5,0.));
#10299=DIRECTION('',(-5.19378286220601E-16,1.,0.));
#10300=DIRECTION('',(-1.,-5.19378286220601E-16,0.));
#10301=DIRECTION('',(1.,5.19378286220601E-16,0.));
#10302=DIRECTION('',(0.,0.,-1.));
#10303=DIRECTION('',(1.,5.19378286220601E-16,0.));
#10304=DIRECTION('',(0.5,0.866025403784439,0.));
#10305=DIRECTION('',(-0.866025403784439,0.5,0.));
#10306=DIRECTION('',(0.866025403784439,-0.5,0.));
#10307=DIRECTION('',(0.,0.,-1.));
#10308=DIRECTION('',(0.866025403784439,-0.5,0.));
#10309=DIRECTION('',(0.707106781186548,0.707106781186547,0.));
#10310=DIRECTION('',(-0.707106781186547,0.707106781186548,0.));
#10311=DIRECTION('',(0.707106781186547,-0.707106781186548,0.));
#10312=DIRECTION('',(0.,0.,-1.));
#10313=DIRECTION('',(0.707106781186547,-0.707106781186548,0.));
#10314=DIRECTION('',(1.,0.,0.));
#10315=DIRECTION('',(0.,0.,-1.));
#10316=DIRECTION('',(0.,-1.,0.));
#10317=DIRECTION('',(0.,0.,-1.));
#10318=DIRECTION('',(0.,-1.,0.));
#10319=DIRECTION('',(0.,-1.,0.));
#10320=DIRECTION('',(0.,0.,-1.));
#10321=DIRECTION('',(-1.,0.,0.));
#10322=DIRECTION('',(0.,0.,-1.));
#10323=DIRECTION('',(-1.,0.,0.));
#10324=DIRECTION('',(-1.,0.,0.));
#10325=DIRECTION('',(0.,0.,1.));
#10326=DIRECTION('',(0.,1.,0.));
#10327=DIRECTION('',(0.,0.,-1.));
#10328=DIRECTION('',(0.,1.,0.));
#10329=DIRECTION('',(0.,-1.,0.));
#10330=DIRECTION('',(0.,0.,-1.));
#10331=DIRECTION('',(-1.,0.,0.));
#10332=DIRECTION('',(0.,0.,-1.));
#10333=DIRECTION('',(-1.,0.,0.));
#10334=DIRECTION('',(1.,0.,0.));
#10335=DIRECTION('',(0.,0.,-1.));
#10336=DIRECTION('',(0.,-1.,0.));
#10337=DIRECTION('',(0.,0.,-1.));
#10338=DIRECTION('',(0.,-1.,0.));
#10339=DIRECTION('',(0.,1.,0.));
#10340=DIRECTION('',(0.,0.,1.));
#10341=DIRECTION('',(1.,0.,0.));
#10342=DIRECTION('',(0.,0.,-1.));
#10343=DIRECTION('',(1.,0.,0.));
#10344=DIRECTION('',(-1.,0.,0.));
#10345=DIRECTION('',(0.,0.,1.));
#10346=DIRECTION('',(0.,1.,0.));
#10347=DIRECTION('',(0.,0.,-1.));
#10348=DIRECTION('',(0.,1.,0.));
#10349=DIRECTION('',(3.85494105772624E-16,-1.,0.));
#10350=DIRECTION('',(1.,3.85494105772624E-16,0.));
#10351=DIRECTION('',(-1.,-3.85494105772624E-16,0.));
#10352=DIRECTION('',(0.,0.,-1.));
#10353=DIRECTION('',(-1.,-3.85494105772624E-16,0.));
#10354=DIRECTION('',(1.,0.,0.));
#10355=DIRECTION('',(0.,0.,-1.));
#10356=DIRECTION('',(0.,-1.,0.));
#10357=DIRECTION('',(0.,0.,-1.));
#10358=DIRECTION('',(0.,-1.,0.));
#10359=DIRECTION('',(-1.28498035257541E-15,1.,0.));
#10360=DIRECTION('',(-1.,-1.28498035257541E-15,0.));
#10361=DIRECTION('',(1.,1.28498035257541E-15,0.));
#10362=DIRECTION('',(0.,0.,-1.));
#10363=DIRECTION('',(1.,1.28498035257541E-15,0.));
#10364=DIRECTION('',(1.,1.57702134179709E-15,0.));
#10365=DIRECTION('',(-1.57702134179709E-15,1.,0.));
#10366=DIRECTION('',(1.57702134179709E-15,-1.,0.));
#10367=DIRECTION('',(0.,0.,-1.));
#10368=DIRECTION('',(1.57702134179709E-15,-1.,0.));
#10369=DIRECTION('',(7.22358443174057E-16,-1.,0.));
#10370=DIRECTION('',(1.,7.22358443174057E-16,0.));
#10371=DIRECTION('',(-1.,-7.22358443174057E-16,0.));
#10372=DIRECTION('',(0.,0.,-1.));
#10373=DIRECTION('',(-1.,-7.22358443174057E-16,0.));
#10374=DIRECTION('',(-0.707106781186548,-0.707106781186547,0.));
#10375=DIRECTION('',(0.707106781186547,-0.707106781186548,0.));
#10376=DIRECTION('',(-0.707106781186547,0.707106781186548,0.));
#10377=DIRECTION('',(0.,0.,-1.));
#10378=DIRECTION('',(-0.707106781186547,0.707106781186548,0.));
#10379=DIRECTION('',(-0.866025403784439,-0.5,0.));
#10380=DIRECTION('',(0.5,-0.866025403784439,0.));
#10381=DIRECTION('',(-0.5,0.866025403784439,0.));
#10382=DIRECTION('',(0.,0.,-1.));
#10383=DIRECTION('',(-0.5,0.866025403784439,0.));
#10384=DIRECTION('',(-1.,0.,0.));
#10385=DIRECTION('',(0.,0.,1.));
#10386=DIRECTION('',(0.,1.,0.));
#10387=DIRECTION('',(0.,0.,-1.));
#10388=DIRECTION('',(0.,1.,0.));
#10389=DIRECTION('',(-0.866025403784439,0.5,0.));
#10390=DIRECTION('',(-0.5,-0.866025403784439,0.));
#10391=DIRECTION('',(0.5,0.866025403784439,0.));
#10392=DIRECTION('',(0.,0.,-1.));
#10393=DIRECTION('',(0.5,0.866025403784439,0.));
#10394=DIRECTION('',(-0.707106781186548,0.707106781186547,0.));
#10395=DIRECTION('',(-0.707106781186547,-0.707106781186548,0.));
#10396=DIRECTION('',(0.707106781186547,0.707106781186548,0.));
#10397=DIRECTION('',(0.,0.,-1.));
#10398=DIRECTION('',(0.707106781186547,0.707106781186548,0.));
#10399=DIRECTION('',(7.22358443174058E-16,1.,0.));
#10400=DIRECTION('',(-1.,7.22358443174058E-16,0.));
#10401=DIRECTION('',(1.,-7.22358443174058E-16,0.));
#10402=DIRECTION('',(0.,0.,-1.));
#10403=DIRECTION('',(1.,-7.22358443174058E-16,0.));
#10404=DIRECTION('',(1.,-1.57702134179709E-15,0.));
#10405=DIRECTION('',(1.57702134179709E-15,1.,0.));
#10406=DIRECTION('',(-1.57702134179709E-15,-1.,0.));
#10407=DIRECTION('',(0.,0.,-1.));
#10408=DIRECTION('',(-1.57702134179709E-15,-1.,0.));
#10409=DIRECTION('',(-1.28498035257541E-15,-1.,0.));
#10410=DIRECTION('',(1.,-1.28498035257541E-15,0.));
#10411=DIRECTION('',(-1.,1.28498035257541E-15,0.));
#10412=DIRECTION('',(0.,0.,-1.));
#10413=DIRECTION('',(-1.,1.28498035257541E-15,0.));
#10414=DIRECTION('',(1.,0.,0.));
#10415=DIRECTION('',(0.,0.,-1.));
#10416=DIRECTION('',(0.,-1.,0.));
#10417=DIRECTION('',(0.,0.,-1.));
#10418=DIRECTION('',(0.,-1.,0.));
#10419=DIRECTION('',(0.,1.,0.));
#10420=DIRECTION('',(0.,0.,1.));
#10421=DIRECTION('',(1.,0.,0.));
#10422=DIRECTION('',(0.,0.,-1.));
#10423=DIRECTION('',(1.,0.,0.));
#10424=DIRECTION('',(-1.,0.,0.));
#10425=DIRECTION('',(0.,0.,1.));
#10426=DIRECTION('',(0.,1.,0.));
#10427=DIRECTION('',(0.,0.,-1.));
#10428=DIRECTION('',(0.,1.,0.));
#10429=DIRECTION('',(0.,-1.,0.));
#10430=DIRECTION('',(0.,0.,-1.));
#10431=DIRECTION('',(-1.,0.,0.));
#10432=DIRECTION('',(0.,0.,-1.));
#10433=DIRECTION('',(-1.,0.,0.));
#10434=DIRECTION('',(1.,3.85494105772624E-16,0.));
#10435=DIRECTION('',(-3.85494105772624E-16,1.,0.));
#10436=DIRECTION('',(3.85494105772624E-16,-1.,0.));
#10437=DIRECTION('',(0.,0.,-1.));
#10438=DIRECTION('',(3.85494105772624E-16,-1.,0.));
#10439=DIRECTION('',(0.,1.,0.));
#10440=DIRECTION('',(0.,0.,1.));
#10441=DIRECTION('',(1.,0.,0.));
#10442=DIRECTION('',(0.,0.,-1.));
#10443=DIRECTION('',(1.,0.,0.));
#10444=DIRECTION('',(-1.,0.,0.));
#10445=DIRECTION('',(0.,0.,1.));
#10446=DIRECTION('',(0.,1.,0.));
#10447=DIRECTION('',(0.,0.,-1.));
#10448=DIRECTION('',(0.,1.,0.));
#10449=DIRECTION('',(0.,1.,0.));
#10450=DIRECTION('',(0.,0.,1.));
#10451=DIRECTION('',(1.,0.,0.));
#10452=DIRECTION('',(0.,0.,-1.));
#10453=DIRECTION('',(1.,0.,0.));
#10454=DIRECTION('',(1.,0.,0.));
#10455=DIRECTION('',(0.,0.,-1.));
#10456=DIRECTION('',(0.,-1.,0.));
#10457=DIRECTION('',(0.,0.,-1.));
#10458=DIRECTION('',(0.,-1.,0.));
#10459=DIRECTION('',(0.707106781186547,-0.707106781186548,0.));
#10460=DIRECTION('',(0.707106781186548,0.707106781186547,0.));
#10461=DIRECTION('',(-0.707106781186548,-0.707106781186547,0.));
#10462=DIRECTION('',(0.,0.,-1.));
#10463=DIRECTION('',(-0.707106781186548,-0.707106781186547,0.));
#10464=DIRECTION('',(0.5,-0.866025403784439,0.));
#10465=DIRECTION('',(0.866025403784439,0.5,0.));
#10466=DIRECTION('',(-0.866025403784439,-0.5,0.));
#10467=DIRECTION('',(0.,0.,-1.));
#10468=DIRECTION('',(-0.866025403784439,-0.5,0.));
#10469=DIRECTION('',(0.,-1.,0.));
#10470=DIRECTION('',(0.,0.,-1.));
#10471=DIRECTION('',(-1.,0.,0.));
#10472=DIRECTION('',(0.,0.,-1.));
#10473=DIRECTION('',(-1.,0.,0.));
#10474=DIRECTION('',(-0.5,-0.866025403784439,0.));
#10475=DIRECTION('',(0.866025403784439,-0.5,0.));
#10476=DIRECTION('',(-0.866025403784439,0.5,0.));
#10477=DIRECTION('',(0.,0.,-1.));
#10478=DIRECTION('',(-0.866025403784439,0.5,0.));
#10479=DIRECTION('',(-0.707106781186547,-0.707106781186548,0.));
#10480=DIRECTION('',(0.707106781186548,-0.707106781186547,0.));
#10481=DIRECTION('',(-0.707106781186548,0.707106781186547,0.));
#10482=DIRECTION('',(0.,0.,-1.));
#10483=DIRECTION('',(-0.707106781186548,0.707106781186547,0.));
#10484=DIRECTION('',(-1.,0.,0.));
#10485=DIRECTION('',(0.,0.,1.));
#10486=DIRECTION('',(0.,1.,0.));
#10487=DIRECTION('',(0.,0.,-1.));
#10488=DIRECTION('',(0.,1.,0.));
#10489=DIRECTION('',(0.,1.,0.));
#10490=DIRECTION('',(0.,0.,1.));
#10491=DIRECTION('',(1.,0.,0.));
#10492=DIRECTION('',(0.,0.,-1.));
#10493=DIRECTION('',(1.,0.,0.));
#10494=DIRECTION('',(1.,0.,0.));
#10495=DIRECTION('',(0.,0.,-1.));
#10496=DIRECTION('',(0.,-1.,0.));
#10497=DIRECTION('',(0.,0.,-1.));
#10498=DIRECTION('',(0.,-1.,0.));
#10499=DIRECTION('',(0.,1.,0.));
#10500=DIRECTION('',(0.,0.,1.));
#10501=DIRECTION('',(1.,0.,0.));
#10502=DIRECTION('',(0.,0.,-1.));
#10503=DIRECTION('',(1.,0.,0.));
#10504=DIRECTION('',(-1.,0.,0.));
#10505=DIRECTION('',(0.,0.,1.));
#10506=DIRECTION('',(0.,1.,0.));
#10507=DIRECTION('',(0.,0.,-1.));
#10508=DIRECTION('',(0.,1.,0.));
#10509=DIRECTION('',(0.,-1.,0.));
#10510=DIRECTION('',(0.,0.,-1.));
#10511=DIRECTION('',(-1.,0.,0.));
#10512=DIRECTION('',(0.,0.,-1.));
#10513=DIRECTION('',(-1.,0.,0.));
#10514=DIRECTION('',(1.,0.,0.));
#10515=DIRECTION('',(0.,0.,-1.));
#10516=DIRECTION('',(0.,-1.,0.));
#10517=DIRECTION('',(0.,0.,-1.));
#10518=DIRECTION('',(0.,-1.,0.));
#10519=DIRECTION('',(0.,1.,0.));
#10520=DIRECTION('',(0.,0.,1.));
#10521=DIRECTION('',(1.,0.,0.));
#10522=DIRECTION('',(0.,0.,-1.));
#10523=DIRECTION('',(1.,0.,0.));
#10524=DIRECTION('',(-1.,0.,0.));
#10525=DIRECTION('',(0.,0.,1.));
#10526=DIRECTION('',(0.,1.,0.));
#10527=DIRECTION('',(0.,0.,-1.));
#10528=DIRECTION('',(0.,1.,0.));
#10529=DIRECTION('',(1.28498035257541E-15,-1.,0.));
#10530=DIRECTION('',(1.,1.28498035257541E-15,0.));
#10531=DIRECTION('',(-1.,-1.28498035257541E-15,0.));
#10532=DIRECTION('',(0.,0.,-1.));
#10533=DIRECTION('',(-1.,-1.28498035257541E-15,0.));
#10534=DIRECTION('',(-1.,-1.57702134179709E-15,0.));
#10535=DIRECTION('',(1.57702134179709E-15,-1.,0.));
#10536=DIRECTION('',(-1.57702134179709E-15,1.,0.));
#10537=DIRECTION('',(0.,0.,-1.));
#10538=DIRECTION('',(-1.57702134179709E-15,1.,0.));
#10539=DIRECTION('',(-2.16707532952217E-15,1.,0.));
#10540=DIRECTION('',(-1.,-2.16707532952217E-15,0.));
#10541=DIRECTION('',(1.,2.16707532952217E-15,0.));
#10542=DIRECTION('',(0.,0.,-1.));
#10543=DIRECTION('',(1.,2.16707532952217E-15,0.));
#10544=DIRECTION('',(0.707106781186548,0.707106781186547,0.));
#10545=DIRECTION('',(-0.707106781186547,0.707106781186548,0.));
#10546=DIRECTION('',(0.707106781186547,-0.707106781186548,0.));
#10547=DIRECTION('',(0.,0.,-1.));
#10548=DIRECTION('',(0.707106781186547,-0.707106781186548,0.));
#10549=DIRECTION('',(0.866025403784439,0.5,0.));
#10550=DIRECTION('',(-0.5,0.866025403784439,0.));
#10551=DIRECTION('',(0.5,-0.866025403784439,0.));
#10552=DIRECTION('',(0.,0.,-1.));
#10553=DIRECTION('',(0.5,-0.866025403784439,0.));
#10554=DIRECTION('',(1.,0.,0.));
#10555=DIRECTION('',(0.,0.,-1.));
#10556=DIRECTION('',(0.,-1.,0.));
#10557=DIRECTION('',(0.,0.,-1.));
#10558=DIRECTION('',(0.,-1.,0.));
#10559=DIRECTION('',(0.866025403784439,-0.5,0.));
#10560=DIRECTION('',(0.5,0.866025403784439,0.));
#10561=DIRECTION('',(-0.5,-0.866025403784439,0.));
#10562=DIRECTION('',(0.,0.,-1.));
#10563=DIRECTION('',(-0.5,-0.866025403784439,0.));
#10564=DIRECTION('',(0.707106781186548,-0.707106781186547,0.));
#10565=DIRECTION('',(0.707106781186547,0.707106781186548,0.));
#10566=DIRECTION('',(-0.707106781186547,-0.707106781186548,0.));
#10567=DIRECTION('',(0.,0.,-1.));
#10568=DIRECTION('',(-0.707106781186547,-0.707106781186548,0.));
#10569=DIRECTION('',(-2.5282545511092E-15,-1.,0.));
#10570=DIRECTION('',(1.,-2.5282545511092E-15,0.));
#10571=DIRECTION('',(-1.,2.5282545511092E-15,0.));
#10572=DIRECTION('',(0.,0.,-1.));
#10573=DIRECTION('',(-1.,2.5282545511092E-15,0.));
#10574=DIRECTION('',(-1.,1.5770213417971E-15,0.));
#10575=DIRECTION('',(-1.5770213417971E-15,-1.,0.));
#10576=DIRECTION('',(1.5770213417971E-15,1.,0.));
#10577=DIRECTION('',(0.,0.,-1.));
#10578=DIRECTION('',(1.5770213417971E-15,1.,0.));
#10579=DIRECTION('',(1.28498035257541E-15,1.,0.));
#10580=DIRECTION('',(-1.,1.28498035257541E-15,0.));
#10581=DIRECTION('',(1.,-1.28498035257541E-15,0.));
#10582=DIRECTION('',(0.,0.,-1.));
#10583=DIRECTION('',(1.,-1.28498035257541E-15,0.));
#10584=DIRECTION('',(-6.08674903851511E-16,-1.,0.));
#10585=DIRECTION('',(1.,-6.08674903851511E-16,0.));
#10586=DIRECTION('',(-1.,6.08674903851511E-16,0.));
#10587=DIRECTION('',(0.,0.,-1.));
#10588=DIRECTION('',(-1.,6.08674903851511E-16,0.));
#10589=DIRECTION('',(0.,0.,-1.));
#10590=DIRECTION('',(-1.,-1.82602471155454E-15,0.));
#10591=DIRECTION('',(1.82602471155454E-15,-1.,0.));
#10592=DIRECTION('',(-1.82602471155454E-15,1.,0.));
#10593=DIRECTION('',(0.,0.,-1.));
#10594=DIRECTION('',(-1.82602471155454E-15,1.,0.));
#10595=DIRECTION('',(-1.21734980770302E-15,1.,0.));
#10596=DIRECTION('',(-1.,-1.21734980770302E-15,0.));
#10597=DIRECTION('',(1.,1.21734980770302E-15,0.));
#10598=DIRECTION('',(0.,0.,-1.));
#10599=DIRECTION('',(1.,1.21734980770302E-15,0.));
#10600=DIRECTION('',(1.,0.,0.));
#10601=DIRECTION('',(0.,0.,-1.));
#10602=DIRECTION('',(0.,-1.,0.));
#10603=DIRECTION('',(0.,0.,-1.));
#10604=DIRECTION('',(0.,-1.,0.));
#10605=DIRECTION('',(0.,0.,-1.));
#10606=DIRECTION('',(-1.21734980770302E-15,-1.,0.));
#10607=DIRECTION('',(1.,-1.21734980770302E-15,0.));
#10608=DIRECTION('',(-1.,1.21734980770302E-15,0.));
#10609=DIRECTION('',(0.,0.,-1.));
#10610=DIRECTION('',(-1.,1.21734980770302E-15,0.));
#10611=DIRECTION('',(-1.,1.82602471155454E-15,0.));
#10612=DIRECTION('',(-1.82602471155454E-15,-1.,0.));
#10613=DIRECTION('',(1.82602471155454E-15,1.,0.));
#10614=DIRECTION('',(0.,0.,-1.));
#10615=DIRECTION('',(1.82602471155454E-15,1.,0.));
#10616=DIRECTION('',(0.,0.,-1.));
#10617=DIRECTION('',(-1.,0.,0.));
#10618=DIRECTION('',(0.,0.,1.));
#10619=DIRECTION('',(1.,0.,0.));
#10620=DIRECTION('',(0.,0.,-1.));
#10621=DIRECTION('',(0.,0.,1.));
#10622=DIRECTION('',(1.,0.,0.));
#10623=DIRECTION('',(0.,0.,-1.));
#10624=DIRECTION('',(0.,0.,-1.));
#10625=DIRECTION('',(-1.,0.,0.));
#10626=DIRECTION('',(0.,0.,1.));
#10627=DIRECTION('',(1.,0.,0.));
#10628=DIRECTION('',(0.,0.,-1.));
#10629=DIRECTION('',(0.,0.,1.));
#10630=DIRECTION('',(1.,0.,0.));
#10631=DIRECTION('',(0.,0.,-1.));
#10632=DIRECTION('',(-1.,0.,0.));
#10633=DIRECTION('',(0.,0.,1.));
#10634=DIRECTION('',(1.,0.,0.));
#10635=DIRECTION('',(0.,0.,-1.));
#10636=DIRECTION('',(0.,0.,1.));
#10637=DIRECTION('',(1.,0.,0.));
#10638=DIRECTION('',(0.,0.,-1.));
#10639=DIRECTION('',(-1.,0.,0.));
#10640=DIRECTION('',(0.,0.,1.));
#10641=DIRECTION('',(1.,0.,0.));
#10642=DIRECTION('',(0.,0.,-1.));
#10643=DIRECTION('',(0.,0.,1.));
#10644=DIRECTION('',(1.,0.,0.));
#10645=DIRECTION('',(0.,0.,-1.));
#10646=DIRECTION('',(-1.,0.,0.));
#10647=DIRECTION('',(0.,0.,1.));
#10648=DIRECTION('',(1.,0.,0.));
#10649=DIRECTION('',(0.,0.,-1.));
#10650=DIRECTION('',(0.,0.,1.));
#10651=DIRECTION('',(1.,0.,0.));
#10652=DIRECTION('',(0.,0.,-1.));
#10653=DIRECTION('',(-1.,0.,0.));
#10654=DIRECTION('',(0.,0.,1.));
#10655=DIRECTION('',(1.,0.,0.));
#10656=DIRECTION('',(0.,0.,-1.));
#10657=DIRECTION('',(0.,0.,1.));
#10658=DIRECTION('',(1.,0.,0.));
#10659=DIRECTION('',(0.,0.,-1.));
#10660=DIRECTION('',(-1.,0.,0.));
#10661=DIRECTION('',(0.,0.,1.));
#10662=DIRECTION('',(1.,0.,0.));
#10663=DIRECTION('',(0.,0.,-1.));
#10664=DIRECTION('',(0.,0.,1.));
#10665=DIRECTION('',(1.,0.,0.));
#10666=DIRECTION('',(1.,-1.82602471155454E-15,0.));
#10667=DIRECTION('',(1.82602471155454E-15,1.,0.));
#10668=DIRECTION('',(-1.82602471155454E-15,-1.,0.));
#10669=DIRECTION('',(0.,0.,-1.));
#10670=DIRECTION('',(-1.82602471155454E-15,-1.,0.));
#10671=DIRECTION('',(0.,0.,-1.));
#10672=DIRECTION('',(6.08674903851511E-16,-1.,0.));
#10673=DIRECTION('',(1.,6.08674903851511E-16,0.));
#10674=DIRECTION('',(-1.,-6.08674903851511E-16,0.));
#10675=DIRECTION('',(0.,0.,-1.));
#10676=DIRECTION('',(-1.,-6.08674903851511E-16,0.));
#10677=DIRECTION('',(-1.,0.,0.));
#10678=DIRECTION('',(0.,0.,1.));
#10679=DIRECTION('',(0.,1.,0.));
#10680=DIRECTION('',(0.,0.,-1.));
#10681=DIRECTION('',(0.,1.,0.));
#10682=DIRECTION('',(1.21734980770302E-15,-1.,0.));
#10683=DIRECTION('',(1.,1.21734980770302E-15,0.));
#10684=DIRECTION('',(-1.,-1.21734980770302E-15,0.));
#10685=DIRECTION('',(0.,0.,-1.));
#10686=DIRECTION('',(-1.,-1.21734980770302E-15,0.));
#10687=DIRECTION('',(0.,0.,-1.));
#10688=DIRECTION('',(-1.,0.,0.));
#10689=DIRECTION('',(0.,0.,1.));
#10690=DIRECTION('',(0.,1.,0.));
#10691=DIRECTION('',(0.,0.,-1.));
#10692=DIRECTION('',(0.,1.,0.));
#10693=DIRECTION('',(-6.08674903851511E-16,1.,0.));
#10694=DIRECTION('',(-1.,-6.08674903851511E-16,0.));
#10695=DIRECTION('',(1.,6.08674903851511E-16,0.));
#10696=DIRECTION('',(0.,0.,-1.));
#10697=DIRECTION('',(1.,6.08674903851511E-16,0.));
#10698=DIRECTION('',(1.,0.,0.));
#10699=DIRECTION('',(0.,0.,-1.));
#10700=DIRECTION('',(0.,-1.,0.));
#10701=DIRECTION('',(0.,-1.,0.));
#10702=DIRECTION('',(-6.08674903851511E-16,1.,0.));
#10703=DIRECTION('',(-1.,-6.08674903851511E-16,0.));
#10704=DIRECTION('',(1.,6.08674903851511E-16,0.));
#10705=DIRECTION('',(1.,6.08674903851511E-16,0.));
#10706=DIRECTION('',(0.,0.,-1.));
#10707=DIRECTION('',(-1.,0.,0.));
#10708=DIRECTION('',(0.,0.,1.));
#10709=DIRECTION('',(1.,0.,0.));
#10710=DIRECTION('',(0.,0.,1.));
#10711=DIRECTION('',(1.,0.,0.));
#10712=DIRECTION('',(1.21734980770302E-15,1.,0.));
#10713=DIRECTION('',(-1.,1.21734980770302E-15,0.));
#10714=DIRECTION('',(1.,-1.21734980770302E-15,0.));
#10715=DIRECTION('',(1.,-1.21734980770302E-15,0.));
#10716=DIRECTION('',(1.,1.82602471155453E-15,0.));
#10717=DIRECTION('',(-1.82602471155453E-15,1.,0.));
#10718=DIRECTION('',(1.82602471155453E-15,-1.,0.));
#10719=DIRECTION('',(1.82602471155453E-15,-1.,0.));
#10720=DIRECTION('',(-1.,0.,0.));
#10721=DIRECTION('',(0.,0.,1.));
#10722=DIRECTION('',(0.,1.,0.));
#10723=DIRECTION('',(0.,1.,0.));
#10724=DIRECTION('',(0.,0.,1.));
#10725=DIRECTION('',(1.,0.,0.));
#10726=DIRECTION('',(0.,0.,1.));
#10727=DIRECTION('',(1.,0.,0.));
#10728=DIRECTION('',(0.,1.,0.));
#10729=DIRECTION('',(1.,0.,0.));
#10730=DIRECTION('',(0.,0.,1.));
#10731=DIRECTION('',(0.,-1.,0.));
#10732=DIRECTION('',(0.,-1.,0.));
#10733=DIRECTION('',(0.,0.,-1.));
#10734=DIRECTION('',(-1.,0.,0.));
#10735=DIRECTION('',(0.,0.,-1.));
#10736=DIRECTION('',(-1.,0.,0.));
#10737=DIRECTION('',(0.,0.,-1.));
#10738=DIRECTION('',(1.,0.,0.));
#10739=DIRECTION('',(0.,0.,-1.));
#10740=DIRECTION('',(0.,-1.,0.));
#10741=DIRECTION('',(0.,0.,-1.));
#10742=DIRECTION('',(0.,-1.,0.));
#10743=DIRECTION('',(0.,1.,0.));
#10744=DIRECTION('',(0.,0.,1.));
#10745=DIRECTION('',(1.,0.,0.));
#10746=DIRECTION('',(0.,0.,-1.));
#10747=DIRECTION('',(1.,0.,0.));
#10748=DIRECTION('',(-1.,-3.85494105772623E-16,0.));
#10749=DIRECTION('',(3.85494105772623E-16,-1.,0.));
#10750=DIRECTION('',(-3.85494105772623E-16,1.,0.));
#10751=DIRECTION('',(0.,0.,-1.));
#10752=DIRECTION('',(-3.85494105772623E-16,1.,0.));
#10753=DIRECTION('',(0.,-1.,0.));
#10754=DIRECTION('',(0.,0.,-1.));
#10755=DIRECTION('',(-1.,0.,0.));
#10756=DIRECTION('',(0.,0.,-1.));
#10757=DIRECTION('',(-1.,0.,0.));
#10758=DIRECTION('',(1.,0.,0.));
#10759=DIRECTION('',(0.,0.,-1.));
#10760=DIRECTION('',(0.,-1.,0.));
#10761=DIRECTION('',(0.,0.,-1.));
#10762=DIRECTION('',(0.,-1.,0.));
#10763=DIRECTION('',(0.,-1.,0.));
#10764=DIRECTION('',(0.,0.,-1.));
#10765=DIRECTION('',(-1.,0.,0.));
#10766=DIRECTION('',(0.,0.,-1.));
#10767=DIRECTION('',(-1.,0.,0.));
#10768=DIRECTION('',(-1.,0.,0.));
#10769=DIRECTION('',(0.,0.,1.));
#10770=DIRECTION('',(0.,1.,0.));
#10771=DIRECTION('',(0.,0.,-1.));
#10772=DIRECTION('',(0.,1.,0.));
#10773=DIRECTION('',(-0.707106781186547,0.707106781186548,0.));
#10774=DIRECTION('',(-0.707106781186548,-0.707106781186547,0.));
#10775=DIRECTION('',(0.707106781186548,0.707106781186547,0.));
#10776=DIRECTION('',(0.,0.,-1.));
#10777=DIRECTION('',(0.707106781186548,0.707106781186547,0.));
#10778=DIRECTION('',(-0.5,0.866025403784439,0.));
#10779=DIRECTION('',(-0.866025403784439,-0.5,0.));
#10780=DIRECTION('',(0.866025403784439,0.5,0.));
#10781=DIRECTION('',(0.,0.,-1.));
#10782=DIRECTION('',(0.866025403784439,0.5,0.));
#10783=DIRECTION('',(-5.19378286220601E-16,1.,0.));
#10784=DIRECTION('',(-1.,-5.19378286220601E-16,0.));
#10785=DIRECTION('',(1.,5.19378286220601E-16,0.));
#10786=DIRECTION('',(0.,0.,-1.));
#10787=DIRECTION('',(1.,5.19378286220601E-16,0.));
#10788=DIRECTION('',(0.5,0.866025403784439,0.));
#10789=DIRECTION('',(-0.866025403784439,0.5,0.));
#10790=DIRECTION('',(0.866025403784439,-0.5,0.));
#10791=DIRECTION('',(0.,0.,-1.));
#10792=DIRECTION('',(0.866025403784439,-0.5,0.));
#10793=DIRECTION('',(0.707106781186548,0.707106781186547,0.));
#10794=DIRECTION('',(-0.707106781186547,0.707106781186548,0.));
#10795=DIRECTION('',(0.707106781186547,-0.707106781186548,0.));
#10796=DIRECTION('',(0.,0.,-1.));
#10797=DIRECTION('',(0.707106781186547,-0.707106781186548,0.));
#10798=DIRECTION('',(1.,0.,0.));
#10799=DIRECTION('',(0.,0.,-1.));
#10800=DIRECTION('',(0.,-1.,0.));
#10801=DIRECTION('',(0.,0.,-1.));
#10802=DIRECTION('',(0.,-1.,0.));
#10803=DIRECTION('',(0.,-1.,0.));
#10804=DIRECTION('',(0.,0.,-1.));
#10805=DIRECTION('',(-1.,0.,0.));
#10806=DIRECTION('',(0.,0.,-1.));
#10807=DIRECTION('',(-1.,0.,0.));
#10808=DIRECTION('',(-1.,0.,0.));
#10809=DIRECTION('',(0.,0.,1.));
#10810=DIRECTION('',(0.,1.,0.));
#10811=DIRECTION('',(0.,0.,-1.));
#10812=DIRECTION('',(0.,1.,0.));
#10813=DIRECTION('',(0.,-1.,0.));
#10814=DIRECTION('',(0.,0.,-1.));
#10815=DIRECTION('',(-1.,0.,0.));
#10816=DIRECTION('',(0.,0.,-1.));
#10817=DIRECTION('',(-1.,0.,0.));
#10818=DIRECTION('',(1.,0.,0.));
#10819=DIRECTION('',(0.,0.,-1.));
#10820=DIRECTION('',(0.,-1.,0.));
#10821=DIRECTION('',(0.,0.,-1.));
#10822=DIRECTION('',(0.,-1.,0.));
#10823=DIRECTION('',(0.,1.,0.));
#10824=DIRECTION('',(0.,0.,1.));
#10825=DIRECTION('',(1.,0.,0.));
#10826=DIRECTION('',(0.,0.,-1.));
#10827=DIRECTION('',(1.,0.,0.));
#10828=DIRECTION('',(-1.,0.,0.));
#10829=DIRECTION('',(0.,0.,1.));
#10830=DIRECTION('',(0.,1.,0.));
#10831=DIRECTION('',(0.,0.,-1.));
#10832=DIRECTION('',(0.,1.,0.));
#10833=DIRECTION('',(3.85494105772624E-16,-1.,0.));
#10834=DIRECTION('',(1.,3.85494105772624E-16,0.));
#10835=DIRECTION('',(-1.,-3.85494105772624E-16,0.));
#10836=DIRECTION('',(0.,0.,-1.));
#10837=DIRECTION('',(-1.,-3.85494105772624E-16,0.));
#10838=DIRECTION('',(1.,0.,0.));
#10839=DIRECTION('',(0.,0.,-1.));
#10840=DIRECTION('',(0.,-1.,0.));
#10841=DIRECTION('',(0.,0.,-1.));
#10842=DIRECTION('',(0.,-1.,0.));
#10843=DIRECTION('',(-1.28498035257541E-15,1.,0.));
#10844=DIRECTION('',(-1.,-1.28498035257541E-15,0.));
#10845=DIRECTION('',(1.,1.28498035257541E-15,0.));
#10846=DIRECTION('',(0.,0.,-1.));
#10847=DIRECTION('',(1.,1.28498035257541E-15,0.));
#10848=DIRECTION('',(1.,1.57702134179709E-15,0.));
#10849=DIRECTION('',(-1.57702134179709E-15,1.,0.));
#10850=DIRECTION('',(1.57702134179709E-15,-1.,0.));
#10851=DIRECTION('',(0.,0.,-1.));
#10852=DIRECTION('',(1.57702134179709E-15,-1.,0.));
#10853=DIRECTION('',(7.22358443174057E-16,-1.,0.));
#10854=DIRECTION('',(1.,7.22358443174057E-16,0.));
#10855=DIRECTION('',(-1.,-7.22358443174057E-16,0.));
#10856=DIRECTION('',(0.,0.,-1.));
#10857=DIRECTION('',(-1.,-7.22358443174057E-16,0.));
#10858=DIRECTION('',(-0.707106781186548,-0.707106781186547,0.));
#10859=DIRECTION('',(0.707106781186547,-0.707106781186548,0.));
#10860=DIRECTION('',(-0.707106781186547,0.707106781186548,0.));
#10861=DIRECTION('',(0.,0.,-1.));
#10862=DIRECTION('',(-0.707106781186547,0.707106781186548,0.));
#10863=DIRECTION('',(-0.866025403784439,-0.5,0.));
#10864=DIRECTION('',(0.5,-0.866025403784439,0.));
#10865=DIRECTION('',(-0.5,0.866025403784439,0.));
#10866=DIRECTION('',(0.,0.,-1.));
#10867=DIRECTION('',(-0.5,0.866025403784439,0.));
#10868=DIRECTION('',(-1.,0.,0.));
#10869=DIRECTION('',(0.,0.,1.));
#10870=DIRECTION('',(0.,1.,0.));
#10871=DIRECTION('',(0.,0.,-1.));
#10872=DIRECTION('',(0.,1.,0.));
#10873=DIRECTION('',(-0.866025403784439,0.5,0.));
#10874=DIRECTION('',(-0.5,-0.866025403784439,0.));
#10875=DIRECTION('',(0.5,0.866025403784439,0.));
#10876=DIRECTION('',(0.,0.,-1.));
#10877=DIRECTION('',(0.5,0.866025403784439,0.));
#10878=DIRECTION('',(-0.707106781186548,0.707106781186547,0.));
#10879=DIRECTION('',(-0.707106781186547,-0.707106781186548,0.));
#10880=DIRECTION('',(0.707106781186547,0.707106781186548,0.));
#10881=DIRECTION('',(0.,0.,-1.));
#10882=DIRECTION('',(0.707106781186547,0.707106781186548,0.));
#10883=DIRECTION('',(7.22358443174058E-16,1.,0.));
#10884=DIRECTION('',(-1.,7.22358443174058E-16,0.));
#10885=DIRECTION('',(1.,-7.22358443174058E-16,0.));
#10886=DIRECTION('',(0.,0.,-1.));
#10887=DIRECTION('',(1.,-7.22358443174058E-16,0.));
#10888=DIRECTION('',(1.,-1.57702134179709E-15,0.));
#10889=DIRECTION('',(1.57702134179709E-15,1.,0.));
#10890=DIRECTION('',(-1.57702134179709E-15,-1.,0.));
#10891=DIRECTION('',(0.,0.,-1.));
#10892=DIRECTION('',(-1.57702134179709E-15,-1.,0.));
#10893=DIRECTION('',(-1.28498035257541E-15,-1.,0.));
#10894=DIRECTION('',(1.,-1.28498035257541E-15,0.));
#10895=DIRECTION('',(-1.,1.28498035257541E-15,0.));
#10896=DIRECTION('',(0.,0.,-1.));
#10897=DIRECTION('',(-1.,1.28498035257541E-15,0.));
#10898=DIRECTION('',(1.,0.,0.));
#10899=DIRECTION('',(0.,0.,-1.));
#10900=DIRECTION('',(0.,-1.,0.));
#10901=DIRECTION('',(0.,0.,-1.));
#10902=DIRECTION('',(0.,-1.,0.));
#10903=DIRECTION('',(0.,1.,0.));
#10904=DIRECTION('',(0.,0.,1.));
#10905=DIRECTION('',(1.,0.,0.));
#10906=DIRECTION('',(0.,0.,-1.));
#10907=DIRECTION('',(1.,0.,0.));
#10908=DIRECTION('',(-1.,0.,0.));
#10909=DIRECTION('',(0.,0.,1.));
#10910=DIRECTION('',(0.,1.,0.));
#10911=DIRECTION('',(0.,0.,-1.));
#10912=DIRECTION('',(0.,1.,0.));
#10913=DIRECTION('',(0.,-1.,0.));
#10914=DIRECTION('',(0.,0.,-1.));
#10915=DIRECTION('',(-1.,0.,0.));
#10916=DIRECTION('',(0.,0.,-1.));
#10917=DIRECTION('',(-1.,0.,0.));
#10918=DIRECTION('',(1.,3.85494105772624E-16,0.));
#10919=DIRECTION('',(-3.85494105772624E-16,1.,0.));
#10920=DIRECTION('',(3.85494105772624E-16,-1.,0.));
#10921=DIRECTION('',(0.,0.,-1.));
#10922=DIRECTION('',(3.85494105772624E-16,-1.,0.));
#10923=DIRECTION('',(0.,1.,0.));
#10924=DIRECTION('',(0.,0.,1.));
#10925=DIRECTION('',(1.,0.,0.));
#10926=DIRECTION('',(0.,0.,-1.));
#10927=DIRECTION('',(1.,0.,0.));
#10928=DIRECTION('',(-1.,0.,0.));
#10929=DIRECTION('',(0.,0.,1.));
#10930=DIRECTION('',(0.,1.,0.));
#10931=DIRECTION('',(0.,0.,-1.));
#10932=DIRECTION('',(0.,1.,0.));
#10933=DIRECTION('',(0.,1.,0.));
#10934=DIRECTION('',(0.,0.,1.));
#10935=DIRECTION('',(1.,0.,0.));
#10936=DIRECTION('',(0.,0.,-1.));
#10937=DIRECTION('',(1.,0.,0.));
#10938=DIRECTION('',(1.,0.,0.));
#10939=DIRECTION('',(0.,0.,-1.));
#10940=DIRECTION('',(0.,-1.,0.));
#10941=DIRECTION('',(0.,0.,-1.));
#10942=DIRECTION('',(0.,-1.,0.));
#10943=DIRECTION('',(0.707106781186547,-0.707106781186548,0.));
#10944=DIRECTION('',(0.707106781186548,0.707106781186547,0.));
#10945=DIRECTION('',(-0.707106781186548,-0.707106781186547,0.));
#10946=DIRECTION('',(0.,0.,-1.));
#10947=DIRECTION('',(-0.707106781186548,-0.707106781186547,0.));
#10948=DIRECTION('',(0.5,-0.866025403784439,0.));
#10949=DIRECTION('',(0.866025403784439,0.5,0.));
#10950=DIRECTION('',(-0.866025403784439,-0.5,0.));
#10951=DIRECTION('',(0.,0.,-1.));
#10952=DIRECTION('',(-0.866025403784439,-0.5,0.));
#10953=DIRECTION('',(0.,-1.,0.));
#10954=DIRECTION('',(0.,0.,-1.));
#10955=DIRECTION('',(-1.,0.,0.));
#10956=DIRECTION('',(0.,0.,-1.));
#10957=DIRECTION('',(-1.,0.,0.));
#10958=DIRECTION('',(-0.5,-0.866025403784439,0.));
#10959=DIRECTION('',(0.866025403784439,-0.5,0.));
#10960=DIRECTION('',(-0.866025403784439,0.5,0.));
#10961=DIRECTION('',(0.,0.,-1.));
#10962=DIRECTION('',(-0.866025403784439,0.5,0.));
#10963=DIRECTION('',(-0.707106781186547,-0.707106781186548,0.));
#10964=DIRECTION('',(0.707106781186548,-0.707106781186547,0.));
#10965=DIRECTION('',(-0.707106781186548,0.707106781186547,0.));
#10966=DIRECTION('',(0.,0.,-1.));
#10967=DIRECTION('',(-0.707106781186548,0.707106781186547,0.));
#10968=DIRECTION('',(-1.,0.,0.));
#10969=DIRECTION('',(0.,0.,1.));
#10970=DIRECTION('',(0.,1.,0.));
#10971=DIRECTION('',(0.,0.,-1.));
#10972=DIRECTION('',(0.,1.,0.));
#10973=DIRECTION('',(0.,1.,0.));
#10974=DIRECTION('',(0.,0.,1.));
#10975=DIRECTION('',(1.,0.,0.));
#10976=DIRECTION('',(0.,0.,-1.));
#10977=DIRECTION('',(1.,0.,0.));
#10978=DIRECTION('',(1.,0.,0.));
#10979=DIRECTION('',(0.,0.,-1.));
#10980=DIRECTION('',(0.,-1.,0.));
#10981=DIRECTION('',(0.,0.,-1.));
#10982=DIRECTION('',(0.,-1.,0.));
#10983=DIRECTION('',(0.,1.,0.));
#10984=DIRECTION('',(0.,0.,1.));
#10985=DIRECTION('',(1.,0.,0.));
#10986=DIRECTION('',(0.,0.,-1.));
#10987=DIRECTION('',(1.,0.,0.));
#10988=DIRECTION('',(-1.,0.,0.));
#10989=DIRECTION('',(0.,0.,1.));
#10990=DIRECTION('',(0.,1.,0.));
#10991=DIRECTION('',(0.,0.,-1.));
#10992=DIRECTION('',(0.,1.,0.));
#10993=DIRECTION('',(0.,-1.,0.));
#10994=DIRECTION('',(0.,0.,-1.));
#10995=DIRECTION('',(-1.,0.,0.));
#10996=DIRECTION('',(0.,0.,-1.));
#10997=DIRECTION('',(-1.,0.,0.));
#10998=DIRECTION('',(1.,0.,0.));
#10999=DIRECTION('',(0.,0.,-1.));
#11000=DIRECTION('',(0.,-1.,0.));
#11001=DIRECTION('',(0.,0.,-1.));
#11002=DIRECTION('',(0.,-1.,0.));
#11003=DIRECTION('',(0.,1.,0.));
#11004=DIRECTION('',(0.,0.,1.));
#11005=DIRECTION('',(1.,0.,0.));
#11006=DIRECTION('',(0.,0.,-1.));
#11007=DIRECTION('',(1.,0.,0.));
#11008=DIRECTION('',(-1.,0.,0.));
#11009=DIRECTION('',(0.,0.,1.));
#11010=DIRECTION('',(0.,1.,0.));
#11011=DIRECTION('',(0.,0.,-1.));
#11012=DIRECTION('',(0.,1.,0.));
#11013=DIRECTION('',(1.28498035257541E-15,-1.,0.));
#11014=DIRECTION('',(1.,1.28498035257541E-15,0.));
#11015=DIRECTION('',(-1.,-1.28498035257541E-15,0.));
#11016=DIRECTION('',(0.,0.,-1.));
#11017=DIRECTION('',(-1.,-1.28498035257541E-15,0.));
#11018=DIRECTION('',(-1.,-1.57702134179709E-15,0.));
#11019=DIRECTION('',(1.57702134179709E-15,-1.,0.));
#11020=DIRECTION('',(-1.57702134179709E-15,1.,0.));
#11021=DIRECTION('',(0.,0.,-1.));
#11022=DIRECTION('',(-1.57702134179709E-15,1.,0.));
#11023=DIRECTION('',(-2.16707532952217E-15,1.,0.));
#11024=DIRECTION('',(-1.,-2.16707532952217E-15,0.));
#11025=DIRECTION('',(1.,2.16707532952217E-15,0.));
#11026=DIRECTION('',(0.,0.,-1.));
#11027=DIRECTION('',(1.,2.16707532952217E-15,0.));
#11028=DIRECTION('',(0.707106781186548,0.707106781186547,0.));
#11029=DIRECTION('',(-0.707106781186547,0.707106781186548,0.));
#11030=DIRECTION('',(0.707106781186547,-0.707106781186548,0.));
#11031=DIRECTION('',(0.,0.,-1.));
#11032=DIRECTION('',(0.707106781186547,-0.707106781186548,0.));
#11033=DIRECTION('',(0.866025403784439,0.5,0.));
#11034=DIRECTION('',(-0.5,0.866025403784439,0.));
#11035=DIRECTION('',(0.5,-0.866025403784439,0.));
#11036=DIRECTION('',(0.,0.,-1.));
#11037=DIRECTION('',(0.5,-0.866025403784439,0.));
#11038=DIRECTION('',(1.,0.,0.));
#11039=DIRECTION('',(0.,0.,-1.));
#11040=DIRECTION('',(0.,-1.,0.));
#11041=DIRECTION('',(0.,0.,-1.));
#11042=DIRECTION('',(0.,-1.,0.));
#11043=DIRECTION('',(0.866025403784439,-0.5,0.));
#11044=DIRECTION('',(0.5,0.866025403784439,0.));
#11045=DIRECTION('',(-0.5,-0.866025403784439,0.));
#11046=DIRECTION('',(0.,0.,-1.));
#11047=DIRECTION('',(-0.5,-0.866025403784439,0.));
#11048=DIRECTION('',(0.707106781186548,-0.707106781186547,0.));
#11049=DIRECTION('',(0.707106781186547,0.707106781186548,0.));
#11050=DIRECTION('',(-0.707106781186547,-0.707106781186548,0.));
#11051=DIRECTION('',(0.,0.,-1.));
#11052=DIRECTION('',(-0.707106781186547,-0.707106781186548,0.));
#11053=DIRECTION('',(-2.5282545511092E-15,-1.,0.));
#11054=DIRECTION('',(1.,-2.5282545511092E-15,0.));
#11055=DIRECTION('',(-1.,2.5282545511092E-15,0.));
#11056=DIRECTION('',(0.,0.,-1.));
#11057=DIRECTION('',(-1.,2.5282545511092E-15,0.));
#11058=DIRECTION('',(-1.,1.5770213417971E-15,0.));
#11059=DIRECTION('',(-1.5770213417971E-15,-1.,0.));
#11060=DIRECTION('',(1.5770213417971E-15,1.,0.));
#11061=DIRECTION('',(0.,0.,-1.));
#11062=DIRECTION('',(1.5770213417971E-15,1.,0.));
#11063=DIRECTION('',(1.28498035257541E-15,1.,0.));
#11064=DIRECTION('',(-1.,1.28498035257541E-15,0.));
#11065=DIRECTION('',(1.,-1.28498035257541E-15,0.));
#11066=DIRECTION('',(0.,0.,-1.));
#11067=DIRECTION('',(1.,-1.28498035257541E-15,0.));
#11068=DIRECTION('',(-6.08674903851511E-16,-1.,0.));
#11069=DIRECTION('',(1.,-6.08674903851511E-16,0.));
#11070=DIRECTION('',(-1.,6.08674903851511E-16,0.));
#11071=DIRECTION('',(0.,0.,-1.));
#11072=DIRECTION('',(-1.,6.08674903851511E-16,0.));
#11073=DIRECTION('',(0.,0.,-1.));
#11074=DIRECTION('',(-1.,-1.82602471155454E-15,0.));
#11075=DIRECTION('',(1.82602471155454E-15,-1.,0.));
#11076=DIRECTION('',(-1.82602471155454E-15,1.,0.));
#11077=DIRECTION('',(0.,0.,-1.));
#11078=DIRECTION('',(-1.82602471155454E-15,1.,0.));
#11079=DIRECTION('',(-1.21734980770302E-15,1.,0.));
#11080=DIRECTION('',(-1.,-1.21734980770302E-15,0.));
#11081=DIRECTION('',(1.,1.21734980770302E-15,0.));
#11082=DIRECTION('',(0.,0.,-1.));
#11083=DIRECTION('',(1.,1.21734980770302E-15,0.));
#11084=DIRECTION('',(1.,0.,0.));
#11085=DIRECTION('',(0.,0.,-1.));
#11086=DIRECTION('',(0.,-1.,0.));
#11087=DIRECTION('',(0.,0.,-1.));
#11088=DIRECTION('',(0.,-1.,0.));
#11089=DIRECTION('',(0.,0.,-1.));
#11090=DIRECTION('',(-1.21734980770302E-15,-1.,0.));
#11091=DIRECTION('',(1.,-1.21734980770302E-15,0.));
#11092=DIRECTION('',(-1.,1.21734980770302E-15,0.));
#11093=DIRECTION('',(0.,0.,-1.));
#11094=DIRECTION('',(-1.,1.21734980770302E-15,0.));
#11095=DIRECTION('',(-1.,1.82602471155454E-15,0.));
#11096=DIRECTION('',(-1.82602471155454E-15,-1.,0.));
#11097=DIRECTION('',(1.82602471155454E-15,1.,0.));
#11098=DIRECTION('',(0.,0.,-1.));
#11099=DIRECTION('',(1.82602471155454E-15,1.,0.));
#11100=DIRECTION('',(0.,0.,-1.));
#11101=DIRECTION('',(-1.,0.,0.));
#11102=DIRECTION('',(0.,0.,1.));
#11103=DIRECTION('',(1.,0.,0.));
#11104=DIRECTION('',(0.,0.,-1.));
#11105=DIRECTION('',(0.,0.,1.));
#11106=DIRECTION('',(1.,0.,0.));
#11107=DIRECTION('',(0.,0.,-1.));
#11108=DIRECTION('',(0.,0.,-1.));
#11109=DIRECTION('',(-1.,0.,0.));
#11110=DIRECTION('',(0.,0.,1.));
#11111=DIRECTION('',(1.,0.,0.));
#11112=DIRECTION('',(0.,0.,-1.));
#11113=DIRECTION('',(0.,0.,1.));
#11114=DIRECTION('',(1.,0.,0.));
#11115=DIRECTION('',(0.,0.,-1.));
#11116=DIRECTION('',(-1.,0.,0.));
#11117=DIRECTION('',(0.,0.,1.));
#11118=DIRECTION('',(1.,0.,0.));
#11119=DIRECTION('',(0.,0.,-1.));
#11120=DIRECTION('',(0.,0.,1.));
#11121=DIRECTION('',(1.,0.,0.));
#11122=DIRECTION('',(0.,0.,-1.));
#11123=DIRECTION('',(-1.,0.,0.));
#11124=DIRECTION('',(0.,0.,1.));
#11125=DIRECTION('',(1.,0.,0.));
#11126=DIRECTION('',(0.,0.,-1.));
#11127=DIRECTION('',(0.,0.,1.));
#11128=DIRECTION('',(1.,0.,0.));
#11129=DIRECTION('',(0.,0.,-1.));
#11130=DIRECTION('',(-1.,0.,0.));
#11131=DIRECTION('',(0.,0.,1.));
#11132=DIRECTION('',(1.,0.,0.));
#11133=DIRECTION('',(0.,0.,-1.));
#11134=DIRECTION('',(0.,0.,1.));
#11135=DIRECTION('',(1.,0.,0.));
#11136=DIRECTION('',(0.,0.,-1.));
#11137=DIRECTION('',(-1.,0.,0.));
#11138=DIRECTION('',(0.,0.,1.));
#11139=DIRECTION('',(1.,0.,0.));
#11140=DIRECTION('',(0.,0.,-1.));
#11141=DIRECTION('',(0.,0.,1.));
#11142=DIRECTION('',(1.,0.,0.));
#11143=DIRECTION('',(0.,0.,-1.));
#11144=DIRECTION('',(-1.,0.,0.));
#11145=DIRECTION('',(0.,0.,1.));
#11146=DIRECTION('',(1.,0.,0.));
#11147=DIRECTION('',(0.,0.,-1.));
#11148=DIRECTION('',(0.,0.,1.));
#11149=DIRECTION('',(1.,0.,0.));
#11150=DIRECTION('',(1.,-1.82602471155454E-15,0.));
#11151=DIRECTION('',(1.82602471155454E-15,1.,0.));
#11152=DIRECTION('',(-1.82602471155454E-15,-1.,0.));
#11153=DIRECTION('',(0.,0.,-1.));
#11154=DIRECTION('',(-1.82602471155454E-15,-1.,0.));
#11155=DIRECTION('',(0.,0.,-1.));
#11156=DIRECTION('',(6.08674903851511E-16,-1.,0.));
#11157=DIRECTION('',(1.,6.08674903851511E-16,0.));
#11158=DIRECTION('',(-1.,-6.08674903851511E-16,0.));
#11159=DIRECTION('',(0.,0.,-1.));
#11160=DIRECTION('',(-1.,-6.08674903851511E-16,0.));
#11161=DIRECTION('',(-1.,0.,0.));
#11162=DIRECTION('',(0.,0.,1.));
#11163=DIRECTION('',(0.,1.,0.));
#11164=DIRECTION('',(0.,0.,-1.));
#11165=DIRECTION('',(0.,1.,0.));
#11166=DIRECTION('',(1.21734980770302E-15,-1.,0.));
#11167=DIRECTION('',(1.,1.21734980770302E-15,0.));
#11168=DIRECTION('',(-1.,-1.21734980770302E-15,0.));
#11169=DIRECTION('',(0.,0.,-1.));
#11170=DIRECTION('',(-1.,-1.21734980770302E-15,0.));
#11171=DIRECTION('',(0.,0.,-1.));
#11172=DIRECTION('',(-1.,0.,0.));
#11173=DIRECTION('',(0.,0.,1.));
#11174=DIRECTION('',(0.,1.,0.));
#11175=DIRECTION('',(0.,0.,-1.));
#11176=DIRECTION('',(0.,1.,0.));
#11177=DIRECTION('',(-6.08674903851511E-16,1.,0.));
#11178=DIRECTION('',(-1.,-6.08674903851511E-16,0.));
#11179=DIRECTION('',(1.,6.08674903851511E-16,0.));
#11180=DIRECTION('',(0.,0.,-1.));
#11181=DIRECTION('',(1.,6.08674903851511E-16,0.));
#11182=DIRECTION('',(1.,0.,0.));
#11183=DIRECTION('',(0.,0.,-1.));
#11184=DIRECTION('',(0.,-1.,0.));
#11185=DIRECTION('',(0.,-1.,0.));
#11186=DIRECTION('',(-6.08674903851511E-16,1.,0.));
#11187=DIRECTION('',(-1.,-6.08674903851511E-16,0.));
#11188=DIRECTION('',(1.,6.08674903851511E-16,0.));
#11189=DIRECTION('',(1.,6.08674903851511E-16,0.));
#11190=DIRECTION('',(0.,0.,-1.));
#11191=DIRECTION('',(-1.,0.,0.));
#11192=DIRECTION('',(0.,0.,1.));
#11193=DIRECTION('',(1.,0.,0.));
#11194=DIRECTION('',(0.,0.,1.));
#11195=DIRECTION('',(1.,0.,0.));
#11196=DIRECTION('',(1.21734980770302E-15,1.,0.));
#11197=DIRECTION('',(-1.,1.21734980770302E-15,0.));
#11198=DIRECTION('',(1.,-1.21734980770302E-15,0.));
#11199=DIRECTION('',(1.,-1.21734980770302E-15,0.));
#11200=DIRECTION('',(1.,1.82602471155453E-15,0.));
#11201=DIRECTION('',(-1.82602471155453E-15,1.,0.));
#11202=DIRECTION('',(1.82602471155453E-15,-1.,0.));
#11203=DIRECTION('',(1.82602471155453E-15,-1.,0.));
#11204=DIRECTION('',(-1.,0.,0.));
#11205=DIRECTION('',(0.,0.,1.));
#11206=DIRECTION('',(0.,1.,0.));
#11207=DIRECTION('',(0.,1.,0.));
#11208=DIRECTION('',(0.,0.,1.));
#11209=DIRECTION('',(1.,0.,0.));
#11210=DIRECTION('',(0.,0.,1.));
#11211=DIRECTION('',(1.,0.,0.));
#11212=DIRECTION('',(0.,0.,-1.));
#11213=DIRECTION('',(1.,0.,0.));
#11214=DIRECTION('',(0.,1.,0.));
#11215=DIRECTION('',(0.,0.,1.));
#11216=DIRECTION('',(-0.707106781186547,0.707106781186547,0.));
#11217=DIRECTION('',(-0.707106781186547,-0.707106781186547,0.));
#11218=DIRECTION('',(-0.707106781186547,-0.707106781186547,0.));
#11219=DIRECTION('',(-0.707106781186547,0.707106781186547,0.));
#11220=DIRECTION('',(0.707106781186547,0.707106781186547,0.));
#11221=DIRECTION('',(-0.707106781186547,0.707106781186547,0.));
#11222=DIRECTION('',(-0.707106781186547,0.707106781186547,0.));
#11223=DIRECTION('',(0.707106781186547,0.707106781186547,0.));
#11224=DIRECTION('',(0.,1.,0.));
#11225=DIRECTION('',(0.,0.,1.));
#11226=DIRECTION('',(-0.707106781186547,0.707106781186547,0.));
#11227=DIRECTION('',(-0.707106781186547,-0.707106781186547,0.));
#11228=DIRECTION('',(-0.707106781186547,-0.707106781186547,0.));
#11229=DIRECTION('',(-0.707106781186547,0.707106781186547,0.));
#11230=DIRECTION('',(0.707106781186547,0.707106781186547,0.));
#11231=DIRECTION('',(-0.707106781186547,0.707106781186547,0.));
#11232=DIRECTION('',(-0.707106781186547,0.707106781186547,0.));
#11233=DIRECTION('',(0.707106781186547,0.707106781186547,0.));
#11234=DIRECTION('',(0.,1.,0.));
#11235=DIRECTION('',(0.,0.,1.));
#11236=DIRECTION('',(-0.707106781186547,0.707106781186547,0.));
#11237=DIRECTION('',(-0.707106781186547,-0.707106781186547,0.));
#11238=DIRECTION('',(-0.707106781186547,-0.707106781186547,0.));
#11239=DIRECTION('',(-0.707106781186547,0.707106781186547,0.));
#11240=DIRECTION('',(0.707106781186547,0.707106781186547,0.));
#11241=DIRECTION('',(-0.707106781186547,0.707106781186547,0.));
#11242=DIRECTION('',(-0.707106781186547,0.707106781186547,0.));
#11243=DIRECTION('',(0.707106781186547,0.707106781186547,0.));
#11244=DIRECTION('',(0.,1.,0.));
#11245=DIRECTION('',(0.,0.,1.));
#11246=DIRECTION('',(-0.707106781186547,0.707106781186547,0.));
#11247=DIRECTION('',(-0.707106781186547,-0.707106781186547,0.));
#11248=DIRECTION('',(-0.707106781186547,-0.707106781186547,0.));
#11249=DIRECTION('',(-0.707106781186547,0.707106781186547,0.));
#11250=DIRECTION('',(0.707106781186547,0.707106781186547,0.));
#11251=DIRECTION('',(-0.707106781186547,0.707106781186547,0.));
#11252=DIRECTION('',(-0.707106781186547,0.707106781186547,0.));
#11253=DIRECTION('',(0.707106781186547,0.707106781186547,0.));
#11254=DIRECTION('',(-1.,0.,0.));
#11255=DIRECTION('',(0.,0.,1.));
#11256=DIRECTION('',(-0.707106781186547,-0.707106781186547,0.));
#11257=DIRECTION('',(-0.707106781186547,0.707106781186547,0.));
#11258=DIRECTION('',(1.,0.,0.));
#11259=DIRECTION('',(0.,0.,-1.));
#11260=DIRECTION('',(1.,0.,0.));
#11261=DIRECTION('',(0.,0.,-1.));
#11262=DIRECTION('',(0.,1.,0.));
#11263=DIRECTION('',(0.,0.,1.));
#11264=DIRECTION('',(0.,1.,0.));
#11265=DIRECTION('',(1.,0.,0.));
#11266=DIRECTION('',(-0.707106781186547,0.707106781186547,0.));
#11267=DIRECTION('',(-0.707106781186547,-0.707106781186547,0.));
#11268=DIRECTION('',(0.,1.,0.));
#11269=DIRECTION('',(0.,0.,1.));
#11270=DIRECTION('',(-1.,0.,0.));
#11271=DIRECTION('',(0.,0.,1.));
#11272=DIRECTION('',(-0.707106781186547,-0.707106781186547,0.));
#11273=DIRECTION('',(-0.707106781186547,0.707106781186547,0.));
#11274=DIRECTION('',(0.,1.,0.));
#11275=DIRECTION('',(0.,0.,1.));
#11276=DIRECTION('',(0.,1.,0.));
#11277=DIRECTION('',(1.,0.,0.));
#11278=DIRECTION('',(-0.707106781186547,0.707106781186547,0.));
#11279=DIRECTION('',(-0.707106781186547,-0.707106781186547,0.));
#11280=DIRECTION('',(0.,1.,0.));
#11281=DIRECTION('',(0.,0.,1.));
#11282=DIRECTION('',(-1.,0.,0.));
#11283=DIRECTION('',(0.,0.,1.));
#11284=DIRECTION('',(-0.707106781186547,-0.707106781186547,0.));
#11285=DIRECTION('',(-0.707106781186547,0.707106781186547,0.));
#11286=DIRECTION('',(0.,1.,0.));
#11287=DIRECTION('',(0.,0.,1.));
#11288=DIRECTION('',(0.,1.,0.));
#11289=DIRECTION('',(1.,0.,0.));
#11290=DIRECTION('',(-0.707106781186547,0.707106781186547,0.));
#11291=DIRECTION('',(-0.707106781186547,-0.707106781186547,0.));
#11292=DIRECTION('',(0.,1.,0.));
#11293=DIRECTION('',(0.,0.,1.));
#11294=DIRECTION('',(-1.,0.,0.));
#11295=DIRECTION('',(0.,0.,1.));
#11296=DIRECTION('',(-0.707106781186547,-0.707106781186547,0.));
#11297=DIRECTION('',(-0.707106781186547,0.707106781186547,0.));
#11298=DIRECTION('',(0.,1.,0.));
#11299=DIRECTION('',(0.,0.,1.));
#11300=DIRECTION('',(0.,1.,0.));
#11301=DIRECTION('',(1.,0.,0.));
#11302=DIRECTION('',(-0.707106781186547,0.707106781186547,0.));
#11303=DIRECTION('',(-0.707106781186547,-0.707106781186547,0.));
#11304=DIRECTION('',(0.,1.,0.));
#11305=DIRECTION('',(0.,0.,1.));
#11306=DIRECTION('',(1.,0.,0.));
#11307=DIRECTION('',(0.,0.,-1.));
#11308=DIRECTION('',(1.,0.,0.));
#11309=DIRECTION('',(0.,0.,-1.));
#11310=DIRECTION('',(-1.,0.,0.));
#11311=DIRECTION('',(0.,0.,1.));
#11312=DIRECTION('',(1.,0.,0.));
#11313=DIRECTION('',(0.,0.,-1.));
#11314=DIRECTION('',(1.,0.,0.));
#11315=DIRECTION('',(0.,0.,-1.));
#11316=DIRECTION('',(-1.,0.,0.));
#11317=DIRECTION('',(0.,0.,1.));
#11318=DIRECTION('',(0.707106781186547,0.707106781186547,0.));
#11319=DIRECTION('',(-0.707106781186547,0.707106781186547,0.));
#11320=DIRECTION('',(-1.,0.,0.));
#11321=DIRECTION('',(0.,0.,1.));
#11322=DIRECTION('',(0.707106781186547,0.707106781186547,0.));
#11323=DIRECTION('',(-0.707106781186547,0.707106781186547,0.));
#11324=DIRECTION('',(-0.707106781186547,0.707106781186547,0.));
#11325=DIRECTION('',(0.707106781186547,0.707106781186547,0.));
#11326=DIRECTION('',(0.,1.,0.));
#11327=DIRECTION('',(0.,0.,1.));
#11328=DIRECTION('',(0.707106781186547,0.707106781186547,0.));
#11329=DIRECTION('',(-0.707106781186547,0.707106781186547,0.));
#11330=DIRECTION('',(-0.707106781186547,0.707106781186547,0.));
#11331=DIRECTION('',(0.707106781186547,0.707106781186547,0.));
#11332=DIRECTION('',(-0.707106781186547,0.707106781186547,0.));
#11333=DIRECTION('',(0.707106781186547,0.707106781186547,0.));
#11334=DIRECTION('',(-1.,0.,0.));
#11335=DIRECTION('',(0.,0.,1.));
#11336=DIRECTION('',(-0.707106781186547,0.707106781186547,0.));
#11337=DIRECTION('',(0.707106781186547,0.707106781186547,0.));
#11338=DIRECTION('',(0.707106781186547,0.707106781186547,0.));
#11339=DIRECTION('',(-0.707106781186547,0.707106781186547,0.));
#11340=DIRECTION('',(-0.707106781186547,0.707106781186547,0.));
#11341=DIRECTION('',(0.707106781186547,0.707106781186547,0.));
#11342=DIRECTION('',(-1.,0.,0.));
#11343=DIRECTION('',(0.,0.,1.));
#11344=DIRECTION('',(0.707106781186547,0.707106781186547,0.));
#11345=DIRECTION('',(-0.707106781186547,0.707106781186547,0.));
#11346=DIRECTION('',(0.,1.,0.));
#11347=DIRECTION('',(0.,0.,1.));
#11348=DIRECTION('',(0.707106781186547,0.707106781186547,0.));
#11349=DIRECTION('',(-0.707106781186547,0.707106781186547,0.));
#11350=DIRECTION('',(-0.707106781186547,0.707106781186547,0.));
#11351=DIRECTION('',(0.707106781186547,0.707106781186547,0.));
#11352=DIRECTION('',(-0.707106781186547,0.707106781186547,0.));
#11353=DIRECTION('',(0.707106781186547,0.707106781186547,0.));
#11354=DIRECTION('',(-1.,0.,0.));
#11355=DIRECTION('',(0.,0.,1.));
#11356=DIRECTION('',(-0.707106781186547,0.707106781186547,0.));
#11357=DIRECTION('',(0.707106781186547,0.707106781186547,0.));
#11358=DIRECTION('',(0.707106781186547,0.707106781186547,0.));
#11359=DIRECTION('',(-0.707106781186547,0.707106781186547,0.));
#11360=DIRECTION('',(-0.707106781186547,0.707106781186547,0.));
#11361=DIRECTION('',(0.707106781186547,0.707106781186547,0.));
#11362=DIRECTION('',(0.,1.,0.));
#11363=DIRECTION('',(0.,0.,1.));
#11364=DIRECTION('',(0.707106781186547,0.707106781186547,0.));
#11365=DIRECTION('',(-0.707106781186547,0.707106781186547,0.));
#11366=DIRECTION('',(-0.707106781186547,0.707106781186547,0.));
#11367=DIRECTION('',(0.707106781186547,0.707106781186547,0.));
#11368=DIRECTION('',(-1.,0.,0.));
#11369=DIRECTION('',(0.,0.,1.));
#11370=DIRECTION('',(-0.707106781186547,0.707106781186547,0.));
#11371=DIRECTION('',(0.707106781186547,0.707106781186547,0.));
#11372=DIRECTION('',(0.707106781186547,0.707106781186547,0.));
#11373=DIRECTION('',(-0.707106781186547,0.707106781186547,0.));
#11374=DIRECTION('',(-1.,0.,0.));
#11375=DIRECTION('',(0.,0.,1.));
#11376=DIRECTION('',(0.707106781186547,0.707106781186547,0.));
#11377=DIRECTION('',(-0.707106781186547,0.707106781186547,0.));
#11378=DIRECTION('',(0.,1.,0.));
#11379=DIRECTION('',(0.,0.,1.));
#11380=DIRECTION('',(0.,1.,0.));
#11381=DIRECTION('',(1.,0.,0.));
#11382=DIRECTION('',(0.,1.,0.));
#11383=DIRECTION('',(0.,0.,1.));
#11384=DIRECTION('',(-0.707106781186547,0.707106781186547,0.));
#11385=DIRECTION('',(0.707106781186547,0.707106781186547,0.));
#11386=DIRECTION('',(0.,1.,0.));
#11387=DIRECTION('',(0.,0.,1.));
#11388=DIRECTION('',(0.707106781186547,0.707106781186547,0.));
#11389=DIRECTION('',(-0.707106781186547,0.707106781186547,0.));
#11390=DIRECTION('',(-0.707106781186547,0.707106781186547,0.));
#11391=DIRECTION('',(0.707106781186547,0.707106781186547,0.));
#11392=DIRECTION('',(-1.,0.,0.));
#11393=DIRECTION('',(0.,0.,1.));
#11394=DIRECTION('',(1.,0.,0.));
#11395=DIRECTION('',(0.,0.,-1.));
#11396=DIRECTION('',(1.,0.,0.));
#11397=DIRECTION('',(0.,0.,-1.));
#11398=DIRECTION('',(0.,1.,0.));
#11399=DIRECTION('',(0.,0.,1.));
#11400=DIRECTION('',(0.707106781186547,0.707106781186547,0.));
#11401=DIRECTION('',(-0.707106781186547,0.707106781186547,0.));
#11402=DIRECTION('',(-0.707106781186547,0.707106781186547,0.));
#11403=DIRECTION('',(0.707106781186547,0.707106781186547,0.));
#11404=DIRECTION('',(-1.,0.,0.));
#11405=DIRECTION('',(0.,0.,1.));
#11406=DIRECTION('',(1.,0.,0.));
#11407=DIRECTION('',(0.,0.,-1.));
#11408=DIRECTION('',(1.,0.,0.));
#11409=DIRECTION('',(0.,0.,-1.));
#11410=DIRECTION('',(-1.,0.,0.));
#11411=DIRECTION('',(0.,0.,1.));
#11412=DIRECTION('',(1.,0.,0.));
#11413=DIRECTION('',(0.,0.,-1.));
#11414=DIRECTION('',(1.,0.,0.));
#11415=DIRECTION('',(0.,0.,-1.));
#11416=DIRECTION('',(0.,1.,0.));
#11417=DIRECTION('',(0.,0.,1.));
#11418=DIRECTION('',(0.707106781186547,0.707106781186547,0.));
#11419=DIRECTION('',(-0.707106781186547,0.707106781186547,0.));
#11420=DIRECTION('',(-0.707106781186547,0.707106781186547,0.));
#11421=DIRECTION('',(0.707106781186547,0.707106781186547,0.));
#11422=DIRECTION('',(-1.,0.,0.));
#11423=DIRECTION('',(0.,0.,1.));
#11424=DIRECTION('',(0.707106781186547,0.707106781186547,0.));
#11425=DIRECTION('',(-0.707106781186547,0.707106781186547,0.));
#11426=DIRECTION('',(-0.707106781186547,0.707106781186547,0.));
#11427=DIRECTION('',(0.707106781186547,0.707106781186547,0.));
#11428=DIRECTION('',(0.,1.,0.));
#11429=DIRECTION('',(0.,0.,1.));
#11430=DIRECTION('',(0.707106781186547,0.707106781186547,0.));
#11431=DIRECTION('',(-0.707106781186547,0.707106781186547,0.));
#11432=DIRECTION('',(-0.707106781186547,0.707106781186547,0.));
#11433=DIRECTION('',(0.707106781186547,0.707106781186547,0.));
#11434=DIRECTION('',(-1.,0.,0.));
#11435=DIRECTION('',(0.,0.,1.));
#11436=DIRECTION('',(0.707106781186547,0.707106781186547,0.));
#11437=DIRECTION('',(-0.707106781186547,0.707106781186547,0.));
#11438=DIRECTION('',(-0.707106781186547,0.707106781186547,0.));
#11439=DIRECTION('',(0.707106781186547,0.707106781186547,0.));
#11440=DIRECTION('',(0.,1.,0.));
#11441=DIRECTION('',(0.,0.,1.));
#11442=DIRECTION('',(0.,1.,0.));
#11443=DIRECTION('',(1.,0.,0.));
#11444=DIRECTION('',(0.,1.,0.));
#11445=DIRECTION('',(0.,0.,1.));
#11446=DIRECTION('',(0.,1.,0.));
#11447=DIRECTION('',(0.,0.,1.));
#11448=DIRECTION('',(0.707106781186547,0.707106781186547,0.));
#11449=DIRECTION('',(-0.707106781186547,0.707106781186547,0.));
#11450=DIRECTION('',(-0.707106781186547,0.707106781186547,0.));
#11451=DIRECTION('',(0.707106781186547,0.707106781186547,0.));
#11452=DIRECTION('',(0.707106781186547,0.707106781186547,0.));
#11453=DIRECTION('',(-0.707106781186547,0.707106781186547,0.));
#11454=DIRECTION('',(-1.,0.,0.));
#11455=DIRECTION('',(0.,0.,1.));
#11456=DIRECTION('',(0.707106781186547,0.707106781186547,0.));
#11457=DIRECTION('',(-0.707106781186547,0.707106781186547,0.));
#11458=DIRECTION('',(-0.707106781186547,0.707106781186547,0.));
#11459=DIRECTION('',(0.707106781186547,0.707106781186547,0.));
#11460=DIRECTION('',(1.,0.,0.));
#11461=DIRECTION('',(0.,0.,-1.));
#11462=DIRECTION('',(1.,0.,0.));
#11463=DIRECTION('',(0.,0.,-1.));
#11464=DIRECTION('',(-1.,0.,0.));
#11465=DIRECTION('',(0.,0.,1.));
#11466=DIRECTION('',(0.,1.,0.));
#11467=DIRECTION('',(0.,0.,1.));
#11468=DIRECTION('',(0.,1.,0.));
#11469=DIRECTION('',(1.,0.,0.));
#11470=DIRECTION('',(0.,1.,0.));
#11471=DIRECTION('',(0.,0.,1.));
#11472=DIRECTION('',(0.,1.,0.));
#11473=DIRECTION('',(0.,0.,1.));
#11474=DIRECTION('',(0.,1.,0.));
#11475=DIRECTION('',(1.,0.,0.));
#11476=DIRECTION('',(0.,1.,0.));
#11477=DIRECTION('',(0.,0.,1.));
#11478=DIRECTION('',(0.707106781186547,0.707106781186547,0.));
#11479=DIRECTION('',(-0.707106781186547,0.707106781186547,0.));
#11480=DIRECTION('',(1.,0.,0.));
#11481=DIRECTION('',(0.,0.,-1.));
#11482=DIRECTION('',(1.,0.,0.));
#11483=DIRECTION('',(0.,0.,-1.));
#11484=DIRECTION('',(-1.,0.,0.));
#11485=DIRECTION('',(0.,0.,1.));
#11486=DIRECTION('',(-1.,0.,0.));
#11487=DIRECTION('',(0.,0.,-1.));
#11488=CARTESIAN_POINT('',(0.,0.,0.));
#11489=CARTESIAN_POINT('allround SAE 0518 SNN 2021 (0)',(0.,0.,0.));
#11490=CARTESIAN_POINT('',(0.,0.,0.));
#11491=CARTESIAN_POINT('',(-20.,-7.,2021.));
#11492=CARTESIAN_POINT('',(-20.,-7.,0.));
#11493=CARTESIAN_POINT('',(-20.,-7.,0.));
#11494=CARTESIAN_POINT('',(-20.,-20.,0.));
#11495=CARTESIAN_POINT('',(-20.,-20.,2021.));
#11496=CARTESIAN_POINT('',(-20.,-20.,2021.));
#11497=CARTESIAN_POINT('',(-20.,-7.,2021.));
#11498=CARTESIAN_POINT('',(-20.,-7.,2021.));
#11499=CARTESIAN_POINT('',(-20.,-7.,2021.));
#11500=CARTESIAN_POINT('',(-20.,-20.,2021.));
#11501=CARTESIAN_POINT('',(-20.,-20.,0.));
#11502=CARTESIAN_POINT('',(-7.,-20.,0.));
#11503=CARTESIAN_POINT('',(-7.,-20.,2021.));
#11504=CARTESIAN_POINT('',(-7.,-20.,2021.));
#11505=CARTESIAN_POINT('',(-20.,-20.,2021.));
#11506=CARTESIAN_POINT('',(-7.,-20.,2021.));
#11507=CARTESIAN_POINT('',(-7.,-20.,0.));
#11508=CARTESIAN_POINT('',(-7.,-15.5,0.));
#11509=CARTESIAN_POINT('',(-7.,-15.5,2021.));
#11510=CARTESIAN_POINT('',(-7.,-15.5,2021.));
#11511=CARTESIAN_POINT('',(-7.,-20.,2021.));
#11512=CARTESIAN_POINT('',(-7.,-15.5,2021.));
#11513=CARTESIAN_POINT('',(-7.,-15.5,0.));
#11514=CARTESIAN_POINT('',(-9.5,-15.5,0.));
#11515=CARTESIAN_POINT('',(-9.5,-15.5,2021.));
#11516=CARTESIAN_POINT('',(-9.5,-15.5,2021.));
#11517=CARTESIAN_POINT('',(-7.,-15.5,2021.));
#11518=CARTESIAN_POINT('',(-9.5,-15.5,2021.));
#11519=CARTESIAN_POINT('',(-9.5,-15.5,0.));
#11520=CARTESIAN_POINT('',(-9.5,-18.2,0.));
#11521=CARTESIAN_POINT('',(-9.5,-18.2,2021.));
#11522=CARTESIAN_POINT('',(-9.5,-18.2,2021.));
#11523=CARTESIAN_POINT('',(-9.5,-15.5,2021.));
#11524=CARTESIAN_POINT('',(-9.5,-18.2,2021.));
#11525=CARTESIAN_POINT('',(-9.5,-18.2,0.));
#11526=CARTESIAN_POINT('',(-11.7,-18.2,0.));
#11527=CARTESIAN_POINT('',(-11.7,-18.2,2021.));
#11528=CARTESIAN_POINT('',(-11.7,-18.2,2021.));
#11529=CARTESIAN_POINT('',(-9.5,-18.2,2021.));
#11530=CARTESIAN_POINT('',(-11.7,-18.2,2021.));
#11531=CARTESIAN_POINT('',(-11.7,-18.2,0.));
#11532=CARTESIAN_POINT('',(-11.7,-13.3970562748477,0.));
#11533=CARTESIAN_POINT('',(-11.7,-13.3970562748477,2021.));
#11534=CARTESIAN_POINT('',(-11.7,-13.3970562748477,2021.));
#11535=CARTESIAN_POINT('',(-11.7,-18.2,2021.));
#11536=CARTESIAN_POINT('',(-11.7,-13.3970562748477,2021.));
#11537=CARTESIAN_POINT('',(-11.7,-13.3970562748477,0.));
#11538=CARTESIAN_POINT('',(-7.47372716776394,-9.17078344261165,0.));
#11539=CARTESIAN_POINT('',(-7.47372716776394,-9.17078344261165,2021.));
#11540=CARTESIAN_POINT('',(-7.47372716776394,-9.17078344261165,2021.));
#11541=CARTESIAN_POINT('',(-11.7,-13.3970562748477,2021.));
#11542=CARTESIAN_POINT('',(-7.47372716776394,-9.17078344261165,2021.));
#11543=CARTESIAN_POINT('',(-7.47372716776394,-9.17078344261165,0.));
#11544=CARTESIAN_POINT('',(-1.67,-5.82,0.));
#11545=CARTESIAN_POINT('',(-1.67,-5.82,2021.));
#11546=CARTESIAN_POINT('',(-1.67,-5.82,2021.));
#11547=CARTESIAN_POINT('',(-7.47372716776394,-9.17078344261165,2021.));
#11548=CARTESIAN_POINT('',(-1.67,-5.82,2021.));
#11549=CARTESIAN_POINT('',(-1.67,-5.82,0.));
#11550=CARTESIAN_POINT('',(1.67,-5.82,0.));
#11551=CARTESIAN_POINT('',(1.67,-5.82,2021.));
#11552=CARTESIAN_POINT('',(1.67,-5.82,2021.));
#11553=CARTESIAN_POINT('',(-1.67,-5.82,2021.));
#11554=CARTESIAN_POINT('',(1.67,-5.82,2021.));
#11555=CARTESIAN_POINT('',(1.67,-5.82,0.));
#11556=CARTESIAN_POINT('',(7.47372716776395,-9.17078344261166,0.));
#11557=CARTESIAN_POINT('',(7.47372716776395,-9.17078344261166,2021.));
#11558=CARTESIAN_POINT('',(7.47372716776395,-9.17078344261166,2021.));
#11559=CARTESIAN_POINT('',(1.67,-5.82,2021.));
#11560=CARTESIAN_POINT('',(7.47372716776395,-9.17078344261166,2021.));
#11561=CARTESIAN_POINT('',(7.47372716776395,-9.17078344261166,0.));
#11562=CARTESIAN_POINT('',(11.7,-13.3970562748477,0.));
#11563=CARTESIAN_POINT('',(11.7,-13.3970562748477,2021.));
#11564=CARTESIAN_POINT('',(11.7,-13.3970562748477,2021.));
#11565=CARTESIAN_POINT('',(7.47372716776395,-9.17078344261166,2021.));
#11566=CARTESIAN_POINT('',(11.7,-13.3970562748477,2021.));
#11567=CARTESIAN_POINT('',(11.7,-13.3970562748477,0.));
#11568=CARTESIAN_POINT('',(11.7,-18.2,0.));
#11569=CARTESIAN_POINT('',(11.7,-18.2,2021.));
#11570=CARTESIAN_POINT('',(11.7,-18.2,2021.));
#11571=CARTESIAN_POINT('',(11.7,-13.3970562748477,2021.));
#11572=CARTESIAN_POINT('',(11.7,-18.2,2021.));
#11573=CARTESIAN_POINT('',(11.7,-18.2,0.));
#11574=CARTESIAN_POINT('',(9.5,-18.2,0.));
#11575=CARTESIAN_POINT('',(9.5,-18.2,2021.));
#11576=CARTESIAN_POINT('',(9.5,-18.2,2021.));
#11577=CARTESIAN_POINT('',(11.7,-18.2,2021.));
#11578=CARTESIAN_POINT('',(9.5,-18.2,2021.));
#11579=CARTESIAN_POINT('',(9.5,-18.2,0.));
#11580=CARTESIAN_POINT('',(9.5,-15.5,0.));
#11581=CARTESIAN_POINT('',(9.5,-15.5,2021.));
#11582=CARTESIAN_POINT('',(9.5,-15.5,2021.));
#11583=CARTESIAN_POINT('',(9.5,-18.2,2021.));
#11584=CARTESIAN_POINT('',(9.5,-15.5,2021.));
#11585=CARTESIAN_POINT('',(9.5,-15.5,0.));
#11586=CARTESIAN_POINT('',(7.,-15.5,0.));
#11587=CARTESIAN_POINT('',(7.,-15.5,2021.));
#11588=CARTESIAN_POINT('',(7.,-15.5,2021.));
#11589=CARTESIAN_POINT('',(9.5,-15.5,2021.));
#11590=CARTESIAN_POINT('',(7.,-15.5,2021.));
#11591=CARTESIAN_POINT('',(7.,-15.5,0.));
#11592=CARTESIAN_POINT('',(7.,-20.,0.));
#11593=CARTESIAN_POINT('',(7.,-20.,2021.));
#11594=CARTESIAN_POINT('',(7.,-20.,2021.));
#11595=CARTESIAN_POINT('',(7.,-15.5,2021.));
#11596=CARTESIAN_POINT('',(7.,-20.,2021.));
#11597=CARTESIAN_POINT('',(7.,-20.,0.));
#11598=CARTESIAN_POINT('',(20.,-20.,0.));
#11599=CARTESIAN_POINT('',(20.,-20.,2021.));
#11600=CARTESIAN_POINT('',(20.,-20.,2021.));
#11601=CARTESIAN_POINT('',(7.,-20.,2021.));
#11602=CARTESIAN_POINT('',(20.,-20.,2021.));
#11603=CARTESIAN_POINT('',(20.,-20.,0.));
#11604=CARTESIAN_POINT('',(20.,-7.,0.));
#11605=CARTESIAN_POINT('',(20.,-7.,2021.));
#11606=CARTESIAN_POINT('',(20.,-7.,2021.));
#11607=CARTESIAN_POINT('',(20.,-20.,2021.));
#11608=CARTESIAN_POINT('',(20.,-7.,2021.));
#11609=CARTESIAN_POINT('',(20.,-7.,0.));
#11610=CARTESIAN_POINT('',(15.5,-7.,0.));
#11611=CARTESIAN_POINT('',(15.5,-7.,2021.));
#11612=CARTESIAN_POINT('',(15.5,-7.,2021.));
#11613=CARTESIAN_POINT('',(20.,-7.,2021.));
#11614=CARTESIAN_POINT('',(15.5,-7.,2021.));
#11615=CARTESIAN_POINT('',(15.5,-7.,0.));
#11616=CARTESIAN_POINT('',(15.5,-9.5,0.));
#11617=CARTESIAN_POINT('',(15.5,-9.5,2021.));
#11618=CARTESIAN_POINT('',(15.5,-9.5,2021.));
#11619=CARTESIAN_POINT('',(15.5,-7.,2021.));
#11620=CARTESIAN_POINT('',(15.5,-9.5,2021.));
#11621=CARTESIAN_POINT('',(15.5,-9.5,0.));
#11622=CARTESIAN_POINT('',(18.2,-9.5,0.));
#11623=CARTESIAN_POINT('',(18.2,-9.5,2021.));
#11624=CARTESIAN_POINT('',(18.2,-9.5,2021.));
#11625=CARTESIAN_POINT('',(15.5,-9.5,2021.));
#11626=CARTESIAN_POINT('',(18.2,-9.5,2021.));
#11627=CARTESIAN_POINT('',(18.2,-9.5,0.));
#11628=CARTESIAN_POINT('',(18.2,-11.7,0.));
#11629=CARTESIAN_POINT('',(18.2,-11.7,2021.));
#11630=CARTESIAN_POINT('',(18.2,-11.7,2021.));
#11631=CARTESIAN_POINT('',(18.2,-9.5,2021.));
#11632=CARTESIAN_POINT('',(18.2,-11.7,2021.));
#11633=CARTESIAN_POINT('',(18.2,-11.7,0.));
#11634=CARTESIAN_POINT('',(13.3970562748477,-11.7,0.));
#11635=CARTESIAN_POINT('',(13.3970562748477,-11.7,2021.));
#11636=CARTESIAN_POINT('',(13.3970562748477,-11.7,2021.));
#11637=CARTESIAN_POINT('',(18.2,-11.7,2021.));
#11638=CARTESIAN_POINT('',(13.3970562748477,-11.7,2021.));
#11639=CARTESIAN_POINT('',(13.3970562748477,-11.7,0.));
#11640=CARTESIAN_POINT('',(9.17078344261165,-7.47372716776393,0.));
#11641=CARTESIAN_POINT('',(9.17078344261165,-7.47372716776393,2021.));
#11642=CARTESIAN_POINT('',(9.17078344261165,-7.47372716776393,2021.));
#11643=CARTESIAN_POINT('',(13.3970562748477,-11.7,2021.));
#11644=CARTESIAN_POINT('',(9.17078344261165,-7.47372716776393,2021.));
#11645=CARTESIAN_POINT('',(9.17078344261165,-7.47372716776393,0.));
#11646=CARTESIAN_POINT('',(5.82,-1.67,0.));
#11647=CARTESIAN_POINT('',(5.82,-1.67,2021.));
#11648=CARTESIAN_POINT('',(5.82,-1.67,2021.));
#11649=CARTESIAN_POINT('',(9.17078344261165,-7.47372716776393,2021.));
#11650=CARTESIAN_POINT('',(5.82,-1.67,2021.));
#11651=CARTESIAN_POINT('',(5.82,-1.67,0.));
#11652=CARTESIAN_POINT('',(5.82,1.67,0.));
#11653=CARTESIAN_POINT('',(5.82,1.67,2021.));
#11654=CARTESIAN_POINT('',(5.82,1.67,2021.));
#11655=CARTESIAN_POINT('',(5.82,-1.67,2021.));
#11656=CARTESIAN_POINT('',(5.82,1.67,2021.));
#11657=CARTESIAN_POINT('',(5.82,1.67,0.));
#11658=CARTESIAN_POINT('',(9.17078344261165,7.47372716776394,0.));
#11659=CARTESIAN_POINT('',(9.17078344261165,7.47372716776394,2021.));
#11660=CARTESIAN_POINT('',(9.17078344261165,7.47372716776394,2021.));
#11661=CARTESIAN_POINT('',(5.82,1.67,2021.));
#11662=CARTESIAN_POINT('',(9.17078344261165,7.47372716776394,2021.));
#11663=CARTESIAN_POINT('',(9.17078344261165,7.47372716776394,0.));
#11664=CARTESIAN_POINT('',(13.3970562748477,11.7,0.));
#11665=CARTESIAN_POINT('',(13.3970562748477,11.7,2021.));
#11666=CARTESIAN_POINT('',(13.3970562748477,11.7,2021.));
#11667=CARTESIAN_POINT('',(9.17078344261165,7.47372716776394,2021.));
#11668=CARTESIAN_POINT('',(13.3970562748477,11.7,2021.));
#11669=CARTESIAN_POINT('',(13.3970562748477,11.7,0.));
#11670=CARTESIAN_POINT('',(18.2,11.7,0.));
#11671=CARTESIAN_POINT('',(18.2,11.7,2021.));
#11672=CARTESIAN_POINT('',(18.2,11.7,2021.));
#11673=CARTESIAN_POINT('',(13.3970562748477,11.7,2021.));
#11674=CARTESIAN_POINT('',(18.2,11.7,2021.));
#11675=CARTESIAN_POINT('',(18.2,11.7,0.));
#11676=CARTESIAN_POINT('',(18.2,9.5,0.));
#11677=CARTESIAN_POINT('',(18.2,9.5,2021.));
#11678=CARTESIAN_POINT('',(18.2,9.5,2021.));
#11679=CARTESIAN_POINT('',(18.2,11.7,2021.));
#11680=CARTESIAN_POINT('',(18.2,9.5,2021.));
#11681=CARTESIAN_POINT('',(18.2,9.5,0.));
#11682=CARTESIAN_POINT('',(15.5,9.5,0.));
#11683=CARTESIAN_POINT('',(15.5,9.5,2021.));
#11684=CARTESIAN_POINT('',(15.5,9.5,2021.));
#11685=CARTESIAN_POINT('',(18.2,9.5,2021.));
#11686=CARTESIAN_POINT('',(15.5,9.5,2021.));
#11687=CARTESIAN_POINT('',(15.5,9.5,0.));
#11688=CARTESIAN_POINT('',(15.5,7.,0.));
#11689=CARTESIAN_POINT('',(15.5,7.,2021.));
#11690=CARTESIAN_POINT('',(15.5,7.,2021.));
#11691=CARTESIAN_POINT('',(15.5,9.5,2021.));
#11692=CARTESIAN_POINT('',(15.5,7.,2021.));
#11693=CARTESIAN_POINT('',(15.5,7.,0.));
#11694=CARTESIAN_POINT('',(20.,7.,0.));
#11695=CARTESIAN_POINT('',(20.,7.,2021.));
#11696=CARTESIAN_POINT('',(20.,7.,2021.));
#11697=CARTESIAN_POINT('',(15.5,7.,2021.));
#11698=CARTESIAN_POINT('',(20.,7.,2021.));
#11699=CARTESIAN_POINT('',(20.,7.,0.));
#11700=CARTESIAN_POINT('',(20.,20.,0.));
#11701=CARTESIAN_POINT('',(20.,20.,2021.));
#11702=CARTESIAN_POINT('',(20.,20.,2021.));
#11703=CARTESIAN_POINT('',(20.,7.,2021.));
#11704=CARTESIAN_POINT('',(20.,20.,2021.));
#11705=CARTESIAN_POINT('',(20.,20.,0.));
#11706=CARTESIAN_POINT('',(7.,20.,0.));
#11707=CARTESIAN_POINT('',(7.,20.,2021.));
#11708=CARTESIAN_POINT('',(7.,20.,2021.));
#11709=CARTESIAN_POINT('',(20.,20.,2021.));
#11710=CARTESIAN_POINT('',(7.,20.,2021.));
#11711=CARTESIAN_POINT('',(7.,20.,0.));
#11712=CARTESIAN_POINT('',(7.,15.5,0.));
#11713=CARTESIAN_POINT('',(7.,15.5,2021.));
#11714=CARTESIAN_POINT('',(7.,15.5,2021.));
#11715=CARTESIAN_POINT('',(7.,20.,2021.));
#11716=CARTESIAN_POINT('',(7.,15.5,2021.));
#11717=CARTESIAN_POINT('',(7.,15.5,0.));
#11718=CARTESIAN_POINT('',(9.5,15.5,0.));
#11719=CARTESIAN_POINT('',(9.5,15.5,2021.));
#11720=CARTESIAN_POINT('',(9.5,15.5,2021.));
#11721=CARTESIAN_POINT('',(7.,15.5,2021.));
#11722=CARTESIAN_POINT('',(9.5,15.5,2021.));
#11723=CARTESIAN_POINT('',(9.5,15.5,0.));
#11724=CARTESIAN_POINT('',(9.5,18.2,0.));
#11725=CARTESIAN_POINT('',(9.5,18.2,2021.));
#11726=CARTESIAN_POINT('',(9.5,18.2,2021.));
#11727=CARTESIAN_POINT('',(9.5,15.5,2021.));
#11728=CARTESIAN_POINT('',(9.5,18.2,2021.));
#11729=CARTESIAN_POINT('',(9.5,18.2,0.));
#11730=CARTESIAN_POINT('',(11.7,18.2,0.));
#11731=CARTESIAN_POINT('',(11.7,18.2,2021.));
#11732=CARTESIAN_POINT('',(11.7,18.2,2021.));
#11733=CARTESIAN_POINT('',(9.5,18.2,2021.));
#11734=CARTESIAN_POINT('',(11.7,18.2,2021.));
#11735=CARTESIAN_POINT('',(11.7,18.2,0.));
#11736=CARTESIAN_POINT('',(11.7,13.3970562748477,0.));
#11737=CARTESIAN_POINT('',(11.7,13.3970562748477,2021.));
#11738=CARTESIAN_POINT('',(11.7,13.3970562748477,2021.));
#11739=CARTESIAN_POINT('',(11.7,18.2,2021.));
#11740=CARTESIAN_POINT('',(11.7,13.3970562748477,2021.));
#11741=CARTESIAN_POINT('',(11.7,13.3970562748477,0.));
#11742=CARTESIAN_POINT('',(7.47372716776394,9.17078344261165,0.));
#11743=CARTESIAN_POINT('',(7.47372716776394,9.17078344261165,2021.));
#11744=CARTESIAN_POINT('',(7.47372716776394,9.17078344261165,2021.));
#11745=CARTESIAN_POINT('',(11.7,13.3970562748477,2021.));
#11746=CARTESIAN_POINT('',(7.47372716776394,9.17078344261165,2021.));
#11747=CARTESIAN_POINT('',(7.47372716776394,9.17078344261165,0.));
#11748=CARTESIAN_POINT('',(1.67,5.82,0.));
#11749=CARTESIAN_POINT('',(1.67,5.82,2021.));
#11750=CARTESIAN_POINT('',(1.67,5.82,2021.));
#11751=CARTESIAN_POINT('',(7.47372716776394,9.17078344261165,2021.));
#11752=CARTESIAN_POINT('',(1.67,5.82,2021.));
#11753=CARTESIAN_POINT('',(1.67,5.82,0.));
#11754=CARTESIAN_POINT('',(-1.67,5.82,0.));
#11755=CARTESIAN_POINT('',(-1.67,5.82,2021.));
#11756=CARTESIAN_POINT('',(-1.67,5.82,2021.));
#11757=CARTESIAN_POINT('',(1.67,5.82,2021.));
#11758=CARTESIAN_POINT('',(-1.67,5.82,2021.));
#11759=CARTESIAN_POINT('',(-1.67,5.82,0.));
#11760=CARTESIAN_POINT('',(-7.47372716776393,9.17078344261165,0.));
#11761=CARTESIAN_POINT('',(-7.47372716776393,9.17078344261165,2021.));
#11762=CARTESIAN_POINT('',(-7.47372716776393,9.17078344261165,2021.));
#11763=CARTESIAN_POINT('',(-1.67,5.82,2021.));
#11764=CARTESIAN_POINT('',(-7.47372716776393,9.17078344261165,2021.));
#11765=CARTESIAN_POINT('',(-7.47372716776393,9.17078344261165,0.));
#11766=CARTESIAN_POINT('',(-11.7,13.3970562748477,0.));
#11767=CARTESIAN_POINT('',(-11.7,13.3970562748477,2021.));
#11768=CARTESIAN_POINT('',(-11.7,13.3970562748477,2021.));
#11769=CARTESIAN_POINT('',(-7.47372716776393,9.17078344261165,2021.));
#11770=CARTESIAN_POINT('',(-11.7,13.3970562748477,2021.));
#11771=CARTESIAN_POINT('',(-11.7,13.3970562748477,0.));
#11772=CARTESIAN_POINT('',(-11.7,18.2,0.));
#11773=CARTESIAN_POINT('',(-11.7,18.2,2021.));
#11774=CARTESIAN_POINT('',(-11.7,18.2,2021.));
#11775=CARTESIAN_POINT('',(-11.7,13.3970562748477,2021.));
#11776=CARTESIAN_POINT('',(-11.7,18.2,2021.));
#11777=CARTESIAN_POINT('',(-11.7,18.2,0.));
#11778=CARTESIAN_POINT('',(-9.5,18.2,0.));
#11779=CARTESIAN_POINT('',(-9.5,18.2,2021.));
#11780=CARTESIAN_POINT('',(-9.5,18.2,2021.));
#11781=CARTESIAN_POINT('',(-11.7,18.2,2021.));
#11782=CARTESIAN_POINT('',(-9.5,18.2,2021.));
#11783=CARTESIAN_POINT('',(-9.5,18.2,0.));
#11784=CARTESIAN_POINT('',(-9.5,15.5,0.));
#11785=CARTESIAN_POINT('',(-9.5,15.5,2021.));
#11786=CARTESIAN_POINT('',(-9.5,15.5,2021.));
#11787=CARTESIAN_POINT('',(-9.5,18.2,2021.));
#11788=CARTESIAN_POINT('',(-9.5,15.5,2021.));
#11789=CARTESIAN_POINT('',(-9.5,15.5,0.));
#11790=CARTESIAN_POINT('',(-7.,15.5,0.));
#11791=CARTESIAN_POINT('',(-7.,15.5,2021.));
#11792=CARTESIAN_POINT('',(-7.,15.5,2021.));
#11793=CARTESIAN_POINT('',(-9.5,15.5,2021.));
#11794=CARTESIAN_POINT('',(-7.,15.5,2021.));
#11795=CARTESIAN_POINT('',(-7.,15.5,0.));
#11796=CARTESIAN_POINT('',(-7.,20.,0.));
#11797=CARTESIAN_POINT('',(-7.,20.,2021.));
#11798=CARTESIAN_POINT('',(-7.,20.,2021.));
#11799=CARTESIAN_POINT('',(-7.,15.5,2021.));
#11800=CARTESIAN_POINT('',(-7.,20.,2021.));
#11801=CARTESIAN_POINT('',(-7.,20.,0.));
#11802=CARTESIAN_POINT('',(-20.,20.,0.));
#11803=CARTESIAN_POINT('',(-20.,20.,2021.));
#11804=CARTESIAN_POINT('',(-20.,20.,2021.));
#11805=CARTESIAN_POINT('',(-7.,20.,2021.));
#11806=CARTESIAN_POINT('',(-20.,20.,2021.));
#11807=CARTESIAN_POINT('',(-20.,20.,0.));
#11808=CARTESIAN_POINT('',(-20.,7.,0.));
#11809=CARTESIAN_POINT('',(-20.,7.,2021.));
#11810=CARTESIAN_POINT('',(-20.,7.,2021.));
#11811=CARTESIAN_POINT('',(-20.,20.,2021.));
#11812=CARTESIAN_POINT('',(-20.,7.,2021.));
#11813=CARTESIAN_POINT('',(-20.,7.,0.));
#11814=CARTESIAN_POINT('',(-15.5,7.,0.));
#11815=CARTESIAN_POINT('',(-15.5,7.,2021.));
#11816=CARTESIAN_POINT('',(-15.5,7.,2021.));
#11817=CARTESIAN_POINT('',(-20.,7.,2021.));
#11818=CARTESIAN_POINT('',(-15.5,7.,2021.));
#11819=CARTESIAN_POINT('',(-15.5,7.,0.));
#11820=CARTESIAN_POINT('',(-15.5,9.5,0.));
#11821=CARTESIAN_POINT('',(-15.5,9.5,2021.));
#11822=CARTESIAN_POINT('',(-15.5,9.5,2021.));
#11823=CARTESIAN_POINT('',(-15.5,7.,2021.));
#11824=CARTESIAN_POINT('',(-15.5,9.5,2021.));
#11825=CARTESIAN_POINT('',(-15.5,9.5,0.));
#11826=CARTESIAN_POINT('',(-18.2,9.5,0.));
#11827=CARTESIAN_POINT('',(-18.2,9.5,2021.));
#11828=CARTESIAN_POINT('',(-18.2,9.5,2021.));
#11829=CARTESIAN_POINT('',(-15.5,9.5,2021.));
#11830=CARTESIAN_POINT('',(-18.2,9.5,2021.));
#11831=CARTESIAN_POINT('',(-18.2,9.5,0.));
#11832=CARTESIAN_POINT('',(-18.2,11.7,0.));
#11833=CARTESIAN_POINT('',(-18.2,11.7,2021.));
#11834=CARTESIAN_POINT('',(-18.2,11.7,2021.));
#11835=CARTESIAN_POINT('',(-18.2,9.5,2021.));
#11836=CARTESIAN_POINT('',(-18.2,11.7,2021.));
#11837=CARTESIAN_POINT('',(-18.2,11.7,0.));
#11838=CARTESIAN_POINT('',(-13.3970562748477,11.7,0.));
#11839=CARTESIAN_POINT('',(-13.3970562748477,11.7,2021.));
#11840=CARTESIAN_POINT('',(-13.3970562748477,11.7,2021.));
#11841=CARTESIAN_POINT('',(-18.2,11.7,2021.));
#11842=CARTESIAN_POINT('',(-13.3970562748477,11.7,2021.));
#11843=CARTESIAN_POINT('',(-13.3970562748477,11.7,0.));
#11844=CARTESIAN_POINT('',(-9.17078344261166,7.47372716776394,0.));
#11845=CARTESIAN_POINT('',(-9.17078344261166,7.47372716776394,2021.));
#11846=CARTESIAN_POINT('',(-9.17078344261166,7.47372716776394,2021.));
#11847=CARTESIAN_POINT('',(-13.3970562748477,11.7,2021.));
#11848=CARTESIAN_POINT('',(-9.17078344261166,7.47372716776394,2021.));
#11849=CARTESIAN_POINT('',(-9.17078344261166,7.47372716776394,0.));
#11850=CARTESIAN_POINT('',(-5.82,1.67,0.));
#11851=CARTESIAN_POINT('',(-5.82,1.67,2021.));
#11852=CARTESIAN_POINT('',(-5.82,1.67,2021.));
#11853=CARTESIAN_POINT('',(-9.17078344261166,7.47372716776394,2021.));
#11854=CARTESIAN_POINT('',(-5.82,1.67,2021.));
#11855=CARTESIAN_POINT('',(-5.82,1.67,0.));
#11856=CARTESIAN_POINT('',(-5.82,-1.67,0.));
#11857=CARTESIAN_POINT('',(-5.82,-1.67,2021.));
#11858=CARTESIAN_POINT('',(-5.82,-1.67,2021.));
#11859=CARTESIAN_POINT('',(-5.82,1.67,2021.));
#11860=CARTESIAN_POINT('',(-5.82,-1.67,2021.));
#11861=CARTESIAN_POINT('',(-5.82,-1.67,0.));
#11862=CARTESIAN_POINT('',(-9.17078344261165,-7.47372716776394,0.));
#11863=CARTESIAN_POINT('',(-9.17078344261165,-7.47372716776394,2021.));
#11864=CARTESIAN_POINT('',(-9.17078344261165,-7.47372716776394,2021.));
#11865=CARTESIAN_POINT('',(-5.82,-1.67,2021.));
#11866=CARTESIAN_POINT('',(-9.17078344261165,-7.47372716776394,2021.));
#11867=CARTESIAN_POINT('',(-9.17078344261165,-7.47372716776394,0.));
#11868=CARTESIAN_POINT('',(-13.3970562748477,-11.7,0.));
#11869=CARTESIAN_POINT('',(-13.3970562748477,-11.7,2021.));
#11870=CARTESIAN_POINT('',(-13.3970562748477,-11.7,2021.));
#11871=CARTESIAN_POINT('',(-9.17078344261165,-7.47372716776394,2021.));
#11872=CARTESIAN_POINT('',(-13.3970562748477,-11.7,2021.));
#11873=CARTESIAN_POINT('',(-13.3970562748477,-11.7,0.));
#11874=CARTESIAN_POINT('',(-18.2,-11.7,0.));
#11875=CARTESIAN_POINT('',(-18.2,-11.7,2021.));
#11876=CARTESIAN_POINT('',(-18.2,-11.7,2021.));
#11877=CARTESIAN_POINT('',(-13.3970562748477,-11.7,2021.));
#11878=CARTESIAN_POINT('',(-18.2,-11.7,2021.));
#11879=CARTESIAN_POINT('',(-18.2,-11.7,0.));
#11880=CARTESIAN_POINT('',(-18.2,-9.5,0.));
#11881=CARTESIAN_POINT('',(-18.2,-9.5,2021.));
#11882=CARTESIAN_POINT('',(-18.2,-9.5,2021.));
#11883=CARTESIAN_POINT('',(-18.2,-11.7,2021.));
#11884=CARTESIAN_POINT('',(-18.2,-9.5,2021.));
#11885=CARTESIAN_POINT('',(-18.2,-9.5,0.));
#11886=CARTESIAN_POINT('',(-15.5,-9.5,0.));
#11887=CARTESIAN_POINT('',(-15.5,-9.5,2021.));
#11888=CARTESIAN_POINT('',(-15.5,-9.5,2021.));
#11889=CARTESIAN_POINT('',(-18.2,-9.5,2021.));
#11890=CARTESIAN_POINT('',(-15.5,-9.5,2021.));
#11891=CARTESIAN_POINT('',(-15.5,-9.5,0.));
#11892=CARTESIAN_POINT('',(-15.5,-7.,0.));
#11893=CARTESIAN_POINT('',(-15.5,-7.,2021.));
#11894=CARTESIAN_POINT('',(-15.5,-7.,2021.));
#11895=CARTESIAN_POINT('',(-15.5,-9.5,2021.));
#11896=CARTESIAN_POINT('',(18.7,18.7,2021.));
#11897=CARTESIAN_POINT('',(18.7,18.7,0.));
#11898=CARTESIAN_POINT('',(18.7,18.7,0.));
#11899=CARTESIAN_POINT('',(13.,18.7,0.));
#11900=CARTESIAN_POINT('',(18.7,18.7,2021.));
#11901=CARTESIAN_POINT('',(18.7,18.7,2021.));
#11902=CARTESIAN_POINT('',(18.7,18.7,2021.));
#11903=CARTESIAN_POINT('',(13.,18.7,2021.));
#11904=CARTESIAN_POINT('',(13.,18.7,2021.));
#11905=CARTESIAN_POINT('',(18.7,13.,2021.));
#11906=CARTESIAN_POINT('',(18.7,13.,0.));
#11907=CARTESIAN_POINT('',(18.7,13.,0.));
#11908=CARTESIAN_POINT('',(18.7,13.,2021.));
#11909=CARTESIAN_POINT('',(18.7,13.,2021.));
#11910=CARTESIAN_POINT('',(18.7,13.,2021.));
#11911=CARTESIAN_POINT('',(13.,13.,2021.));
#11912=CARTESIAN_POINT('',(13.,13.,0.));
#11913=CARTESIAN_POINT('',(13.,13.,0.));
#11914=CARTESIAN_POINT('',(13.,13.,2021.));
#11915=CARTESIAN_POINT('',(13.,13.,2021.));
#11916=CARTESIAN_POINT('',(13.,13.,2021.));
#11917=CARTESIAN_POINT('',(13.,-13.,2021.));
#11918=CARTESIAN_POINT('',(13.,-13.,0.));
#11919=CARTESIAN_POINT('',(13.,-13.,0.));
#11920=CARTESIAN_POINT('',(13.,-18.7,0.));
#11921=CARTESIAN_POINT('',(13.,-13.,2021.));
#11922=CARTESIAN_POINT('',(13.,-13.,2021.));
#11923=CARTESIAN_POINT('',(13.,-13.,2021.));
#11924=CARTESIAN_POINT('',(13.,-18.7,2021.));
#11925=CARTESIAN_POINT('',(13.,-18.7,2021.));
#11926=CARTESIAN_POINT('',(18.7,-13.,2021.));
#11927=CARTESIAN_POINT('',(18.7,-13.,0.));
#11928=CARTESIAN_POINT('',(18.7,-13.,0.));
#11929=CARTESIAN_POINT('',(18.7,-13.,2021.));
#11930=CARTESIAN_POINT('',(18.7,-13.,2021.));
#11931=CARTESIAN_POINT('',(18.7,-13.,2021.));
#11932=CARTESIAN_POINT('',(18.7,-18.7,2021.));
#11933=CARTESIAN_POINT('',(18.7,-18.7,0.));
#11934=CARTESIAN_POINT('',(18.7,-18.7,0.));
#11935=CARTESIAN_POINT('',(18.7,-18.7,2021.));
#11936=CARTESIAN_POINT('',(18.7,-18.7,2021.));
#11937=CARTESIAN_POINT('',(18.7,-18.7,2021.));
#11938=CARTESIAN_POINT('',(-1.30104260698261E-15,1.95156391047391E-15,2021.));
#11939=CARTESIAN_POINT('',(-1.30104260698261E-15,1.95156391047391E-15,0.));
#11940=CARTESIAN_POINT('',(-2.40416305603426,2.40416305603426,0.));
#11941=CARTESIAN_POINT('',(-3.4,-1.3263232922562E-15,0.));
#11942=CARTESIAN_POINT('',(-2.40416305603426,2.40416305603426,2021.));
#11943=CARTESIAN_POINT('',(-2.40416305603426,2.40416305603426,2021.));
#11944=CARTESIAN_POINT('',(-1.30104260698261E-15,1.95156391047391E-15,2021.));
#11945=CARTESIAN_POINT('',(-3.4,-1.3263232922562E-15,2021.));
#11946=CARTESIAN_POINT('',(-3.4,-1.3263232922562E-15,2021.));
#11947=CARTESIAN_POINT('',(-1.30104260698261E-15,-4.33680868994202E-16,
2021.));
#11948=CARTESIAN_POINT('',(-1.30104260698261E-15,-4.33680868994202E-16,
0.));
#11949=CARTESIAN_POINT('',(-9.64483113905268E-16,3.4,0.));
#11950=CARTESIAN_POINT('',(-9.64483113905268E-16,3.4,2021.));
#11951=CARTESIAN_POINT('',(-9.64483113905268E-16,3.4,2021.));
#11952=CARTESIAN_POINT('',(-1.30104260698261E-15,-4.33680868994202E-16,
2021.));
#11953=CARTESIAN_POINT('',(2.60208521396521E-15,3.03576608295941E-15,2021.));
#11954=CARTESIAN_POINT('',(2.60208521396521E-15,3.03576608295941E-15,0.));
#11955=CARTESIAN_POINT('',(2.40416305603426,2.40416305603426,0.));
#11956=CARTESIAN_POINT('',(2.40416305603426,2.40416305603426,2021.));
#11957=CARTESIAN_POINT('',(2.40416305603426,2.40416305603426,2021.));
#11958=CARTESIAN_POINT('',(2.60208521396521E-15,3.03576608295941E-15,2021.));
#11959=CARTESIAN_POINT('',(3.46944695195361E-15,2.81892564846231E-15,2021.));
#11960=CARTESIAN_POINT('',(3.46944695195361E-15,2.81892564846231E-15,0.));
#11961=CARTESIAN_POINT('',(3.4,3.00384717100143E-15,0.));
#11962=CARTESIAN_POINT('',(3.4,3.00384717100143E-15,2021.));
#11963=CARTESIAN_POINT('',(3.4,3.00384717100143E-15,2021.));
#11964=CARTESIAN_POINT('',(3.46944695195361E-15,2.81892564846231E-15,2021.));
#11965=CARTESIAN_POINT('',(4.33680868994202E-15,-3.03576608295941E-15,2021.));
#11966=CARTESIAN_POINT('',(4.33680868994202E-15,-3.03576608295941E-15,0.));
#11967=CARTESIAN_POINT('',(2.40416305603426,-2.40416305603426,0.));
#11968=CARTESIAN_POINT('',(2.40416305603426,-2.40416305603426,2021.));
#11969=CARTESIAN_POINT('',(2.40416305603426,-2.40416305603426,2021.));
#11970=CARTESIAN_POINT('',(4.33680868994202E-15,-3.03576608295941E-15,2021.));
#11971=CARTESIAN_POINT('',(2.38524477946811E-15,-5.63785129692462E-15,2021.));
#11972=CARTESIAN_POINT('',(2.38524477946811E-15,-5.63785129692462E-15,0.));
#11973=CARTESIAN_POINT('',(-3.44349551602746E-15,-3.4,0.));
#11974=CARTESIAN_POINT('',(-3.44349551602746E-15,-3.4,2021.));
#11975=CARTESIAN_POINT('',(-3.44349551602746E-15,-3.4,2021.));
#11976=CARTESIAN_POINT('',(2.38524477946811E-15,-5.63785129692462E-15,2021.));
#11977=CARTESIAN_POINT('',(-2.81892564846231E-15,-4.33680868994202E-15,
2021.));
#11978=CARTESIAN_POINT('',(-2.81892564846231E-15,-4.33680868994202E-15,
0.));
#11979=CARTESIAN_POINT('',(-2.40416305603426,-2.40416305603426,0.));
#11980=CARTESIAN_POINT('',(-2.40416305603426,-2.40416305603426,2021.));
#11981=CARTESIAN_POINT('',(-2.40416305603426,-2.40416305603426,2021.));
#11982=CARTESIAN_POINT('',(-2.81892564846231E-15,-4.33680868994202E-15,
2021.));
#11983=CARTESIAN_POINT('',(-18.7,18.7,2021.));
#11984=CARTESIAN_POINT('',(-18.7,18.7,0.));
#11985=CARTESIAN_POINT('',(-18.7,18.7,0.));
#11986=CARTESIAN_POINT('',(-18.7,13.,0.));
#11987=CARTESIAN_POINT('',(-18.7,18.7,2021.));
#11988=CARTESIAN_POINT('',(-18.7,18.7,2021.));
#11989=CARTESIAN_POINT('',(-18.7,18.7,2021.));
#11990=CARTESIAN_POINT('',(-18.7,13.,2021.));
#11991=CARTESIAN_POINT('',(-18.7,13.,2021.));
#11992=CARTESIAN_POINT('',(-13.,18.7,2021.));
#11993=CARTESIAN_POINT('',(-13.,18.7,0.));
#11994=CARTESIAN_POINT('',(-13.,18.7,0.));
#11995=CARTESIAN_POINT('',(-13.,18.7,2021.));
#11996=CARTESIAN_POINT('',(-13.,18.7,2021.));
#11997=CARTESIAN_POINT('',(-13.,18.7,2021.));
#11998=CARTESIAN_POINT('',(-13.,13.,2021.));
#11999=CARTESIAN_POINT('',(-13.,13.,0.));
#12000=CARTESIAN_POINT('',(-13.,13.,0.));
#12001=CARTESIAN_POINT('',(-13.,13.,2021.));
#12002=CARTESIAN_POINT('',(-13.,13.,2021.));
#12003=CARTESIAN_POINT('',(-13.,13.,2021.));
#12004=CARTESIAN_POINT('',(-13.,-13.,2021.));
#12005=CARTESIAN_POINT('',(-13.,-13.,0.));
#12006=CARTESIAN_POINT('',(-13.,-13.,0.));
#12007=CARTESIAN_POINT('',(-18.7,-13.,0.));
#12008=CARTESIAN_POINT('',(-13.,-13.,2021.));
#12009=CARTESIAN_POINT('',(-13.,-13.,2021.));
#12010=CARTESIAN_POINT('',(-13.,-13.,2021.));
#12011=CARTESIAN_POINT('',(-18.7,-13.,2021.));
#12012=CARTESIAN_POINT('',(-18.7,-13.,2021.));
#12013=CARTESIAN_POINT('',(-13.,-18.7,2021.));
#12014=CARTESIAN_POINT('',(-13.,-18.7,0.));
#12015=CARTESIAN_POINT('',(-13.,-18.7,0.));
#12016=CARTESIAN_POINT('',(-13.,-18.7,2021.));
#12017=CARTESIAN_POINT('',(-13.,-18.7,2021.));
#12018=CARTESIAN_POINT('',(-13.,-18.7,2021.));
#12019=CARTESIAN_POINT('',(-18.7,-18.7,2021.));
#12020=CARTESIAN_POINT('',(-18.7,-18.7,0.));
#12021=CARTESIAN_POINT('',(-18.7,-18.7,0.));
#12022=CARTESIAN_POINT('',(-18.7,-18.7,2021.));
#12023=CARTESIAN_POINT('',(-18.7,-18.7,2021.));
#12024=CARTESIAN_POINT('',(-18.7,-18.7,2021.));
#12025=CARTESIAN_POINT('',(13.,18.7,2021.));
#12026=CARTESIAN_POINT('',(13.,18.7,0.));
#12027=CARTESIAN_POINT('',(13.,18.7,2021.));
#12028=CARTESIAN_POINT('',(13.,-18.7,2021.));
#12029=CARTESIAN_POINT('',(13.,-18.7,0.));
#12030=CARTESIAN_POINT('',(13.,-18.7,2021.));
#12031=CARTESIAN_POINT('',(-1.73472347597681E-15,-3.25260651745651E-15,
2021.));
#12032=CARTESIAN_POINT('',(-1.73472347597681E-15,-3.25260651745651E-15,
0.));
#12033=CARTESIAN_POINT('',(-1.73472347597681E-15,-3.25260651745651E-15,
2021.));
#12034=CARTESIAN_POINT('',(-18.7,13.,2021.));
#12035=CARTESIAN_POINT('',(-18.7,13.,0.));
#12036=CARTESIAN_POINT('',(-18.7,13.,2021.));
#12037=CARTESIAN_POINT('',(-18.7,-13.,2021.));
#12038=CARTESIAN_POINT('',(-18.7,-13.,0.));
#12039=CARTESIAN_POINT('',(-18.7,-13.,2021.));
#12040=CARTESIAN_POINT('',(-15.5,-7.,2021.));
#12041=CARTESIAN_POINT('',(-15.5,-7.,0.));
#12042=CARTESIAN_POINT('',(-15.5,-7.,2021.));
#12043=CARTESIAN_POINT('',(0.,0.,2021.));
#12044=CARTESIAN_POINT('',(0.,0.,0.));
#12045=CARTESIAN_POINT('',(0.,0.,0.));
#12046=CARTESIAN_POINT('',(-12.5,0.,0.));
#12047=CARTESIAN_POINT('',(-12.5,0.,0.));
#12048=CARTESIAN_POINT('',(-12.5,0.,-2.325));
#12049=CARTESIAN_POINT('',(-12.5,0.,0.));
#12050=CARTESIAN_POINT('',(-11.5,0.,0.));
#12051=CARTESIAN_POINT('',(-11.5,0.,-3.325));
#12052=CARTESIAN_POINT('',(50.,0.,0.));
#12053=CARTESIAN_POINT('',(2.5,0.,0.));
#12054=CARTESIAN_POINT('',(2.5,0.,-3.325));
#12055=CARTESIAN_POINT('',(2.5,3.325,0.));
#12056=CARTESIAN_POINT('',(2.5,0.,0.));
#12057=CARTESIAN_POINT('',(2.5,0.,-4.025));
#12058=CARTESIAN_POINT('',(50.,0.,0.));
#12059=CARTESIAN_POINT('',(11.5,0.,0.));
#12060=CARTESIAN_POINT('',(11.5,0.,-4.025));
#12061=CARTESIAN_POINT('',(11.5,0.,0.));
#12062=CARTESIAN_POINT('',(12.5,0.,0.));
#12063=CARTESIAN_POINT('',(12.5,0.,-3.025));
#12064=CARTESIAN_POINT('',(12.5,3.025,0.));
#12065=CARTESIAN_POINT('',(-8.88178419700125E-16,2.5,0.));
#12066=CARTESIAN_POINT('',(-20.,-7.,438.));
#12067=CARTESIAN_POINT('',(-20.,-7.,0.));
#12068=CARTESIAN_POINT('',(-20.,-7.,0.));
#12069=CARTESIAN_POINT('',(-20.,-20.,0.));
#12070=CARTESIAN_POINT('',(-20.,-20.,438.));
#12071=CARTESIAN_POINT('',(-20.,-20.,438.));
#12072=CARTESIAN_POINT('',(-20.,-7.,438.));
#12073=CARTESIAN_POINT('',(-20.,-7.,438.));
#12074=CARTESIAN_POINT('',(-20.,-7.,438.));
#12075=CARTESIAN_POINT('',(-20.,-20.,438.));
#12076=CARTESIAN_POINT('',(-20.,-20.,0.));
#12077=CARTESIAN_POINT('',(-7.,-20.,0.));
#12078=CARTESIAN_POINT('',(-7.,-20.,438.));
#12079=CARTESIAN_POINT('',(-7.,-20.,438.));
#12080=CARTESIAN_POINT('',(-20.,-20.,438.));
#12081=CARTESIAN_POINT('',(-7.,-20.,438.));
#12082=CARTESIAN_POINT('',(-7.,-20.,0.));
#12083=CARTESIAN_POINT('',(-7.,-15.5,0.));
#12084=CARTESIAN_POINT('',(-7.,-15.5,438.));
#12085=CARTESIAN_POINT('',(-7.,-15.5,438.));
#12086=CARTESIAN_POINT('',(-7.,-20.,438.));
#12087=CARTESIAN_POINT('',(-7.,-15.5,438.));
#12088=CARTESIAN_POINT('',(-7.,-15.5,0.));
#12089=CARTESIAN_POINT('',(-9.5,-15.5,0.));
#12090=CARTESIAN_POINT('',(-9.5,-15.5,438.));
#12091=CARTESIAN_POINT('',(-9.5,-15.5,438.));
#12092=CARTESIAN_POINT('',(-7.,-15.5,438.));
#12093=CARTESIAN_POINT('',(-9.5,-15.5,438.));
#12094=CARTESIAN_POINT('',(-9.5,-15.5,0.));
#12095=CARTESIAN_POINT('',(-9.5,-18.2,0.));
#12096=CARTESIAN_POINT('',(-9.5,-18.2,438.));
#12097=CARTESIAN_POINT('',(-9.5,-18.2,438.));
#12098=CARTESIAN_POINT('',(-9.5,-15.5,438.));
#12099=CARTESIAN_POINT('',(-9.5,-18.2,438.));
#12100=CARTESIAN_POINT('',(-9.5,-18.2,0.));
#12101=CARTESIAN_POINT('',(-11.7,-18.2,0.));
#12102=CARTESIAN_POINT('',(-11.7,-18.2,438.));
#12103=CARTESIAN_POINT('',(-11.7,-18.2,438.));
#12104=CARTESIAN_POINT('',(-9.5,-18.2,438.));
#12105=CARTESIAN_POINT('',(-11.7,-18.2,438.));
#12106=CARTESIAN_POINT('',(-11.7,-18.2,0.));
#12107=CARTESIAN_POINT('',(-11.7,-13.3970562748477,0.));
#12108=CARTESIAN_POINT('',(-11.7,-13.3970562748477,438.));
#12109=CARTESIAN_POINT('',(-11.7,-13.3970562748477,438.));
#12110=CARTESIAN_POINT('',(-11.7,-18.2,438.));
#12111=CARTESIAN_POINT('',(-11.7,-13.3970562748477,438.));
#12112=CARTESIAN_POINT('',(-11.7,-13.3970562748477,0.));
#12113=CARTESIAN_POINT('',(-7.47372716776394,-9.17078344261165,0.));
#12114=CARTESIAN_POINT('',(-7.47372716776394,-9.17078344261165,438.));
#12115=CARTESIAN_POINT('',(-7.47372716776394,-9.17078344261165,438.));
#12116=CARTESIAN_POINT('',(-11.7,-13.3970562748477,438.));
#12117=CARTESIAN_POINT('',(-7.47372716776394,-9.17078344261165,438.));
#12118=CARTESIAN_POINT('',(-7.47372716776394,-9.17078344261165,0.));
#12119=CARTESIAN_POINT('',(-1.67,-5.82,0.));
#12120=CARTESIAN_POINT('',(-1.67,-5.82,438.));
#12121=CARTESIAN_POINT('',(-1.67,-5.82,438.));
#12122=CARTESIAN_POINT('',(-7.47372716776394,-9.17078344261165,438.));
#12123=CARTESIAN_POINT('',(-1.67,-5.82,438.));
#12124=CARTESIAN_POINT('',(-1.67,-5.82,0.));
#12125=CARTESIAN_POINT('',(1.67,-5.82,0.));
#12126=CARTESIAN_POINT('',(1.67,-5.82,438.));
#12127=CARTESIAN_POINT('',(1.67,-5.82,438.));
#12128=CARTESIAN_POINT('',(-1.67,-5.82,438.));
#12129=CARTESIAN_POINT('',(1.67,-5.82,438.));
#12130=CARTESIAN_POINT('',(1.67,-5.82,0.));
#12131=CARTESIAN_POINT('',(7.47372716776395,-9.17078344261166,0.));
#12132=CARTESIAN_POINT('',(7.47372716776395,-9.17078344261166,438.));
#12133=CARTESIAN_POINT('',(7.47372716776395,-9.17078344261166,438.));
#12134=CARTESIAN_POINT('',(1.67,-5.82,438.));
#12135=CARTESIAN_POINT('',(7.47372716776395,-9.17078344261166,438.));
#12136=CARTESIAN_POINT('',(7.47372716776395,-9.17078344261166,0.));
#12137=CARTESIAN_POINT('',(11.7,-13.3970562748477,0.));
#12138=CARTESIAN_POINT('',(11.7,-13.3970562748477,438.));
#12139=CARTESIAN_POINT('',(11.7,-13.3970562748477,438.));
#12140=CARTESIAN_POINT('',(7.47372716776395,-9.17078344261166,438.));
#12141=CARTESIAN_POINT('',(11.7,-13.3970562748477,438.));
#12142=CARTESIAN_POINT('',(11.7,-13.3970562748477,0.));
#12143=CARTESIAN_POINT('',(11.7,-18.2,0.));
#12144=CARTESIAN_POINT('',(11.7,-18.2,438.));
#12145=CARTESIAN_POINT('',(11.7,-18.2,438.));
#12146=CARTESIAN_POINT('',(11.7,-13.3970562748477,438.));
#12147=CARTESIAN_POINT('',(11.7,-18.2,438.));
#12148=CARTESIAN_POINT('',(11.7,-18.2,0.));
#12149=CARTESIAN_POINT('',(9.5,-18.2,0.));
#12150=CARTESIAN_POINT('',(9.5,-18.2,438.));
#12151=CARTESIAN_POINT('',(9.5,-18.2,438.));
#12152=CARTESIAN_POINT('',(11.7,-18.2,438.));
#12153=CARTESIAN_POINT('',(9.5,-18.2,438.));
#12154=CARTESIAN_POINT('',(9.5,-18.2,0.));
#12155=CARTESIAN_POINT('',(9.5,-15.5,0.));
#12156=CARTESIAN_POINT('',(9.5,-15.5,438.));
#12157=CARTESIAN_POINT('',(9.5,-15.5,438.));
#12158=CARTESIAN_POINT('',(9.5,-18.2,438.));
#12159=CARTESIAN_POINT('',(9.5,-15.5,438.));
#12160=CARTESIAN_POINT('',(9.5,-15.5,0.));
#12161=CARTESIAN_POINT('',(7.,-15.5,0.));
#12162=CARTESIAN_POINT('',(7.,-15.5,438.));
#12163=CARTESIAN_POINT('',(7.,-15.5,438.));
#12164=CARTESIAN_POINT('',(9.5,-15.5,438.));
#12165=CARTESIAN_POINT('',(7.,-15.5,438.));
#12166=CARTESIAN_POINT('',(7.,-15.5,0.));
#12167=CARTESIAN_POINT('',(7.,-20.,0.));
#12168=CARTESIAN_POINT('',(7.,-20.,438.));
#12169=CARTESIAN_POINT('',(7.,-20.,438.));
#12170=CARTESIAN_POINT('',(7.,-15.5,438.));
#12171=CARTESIAN_POINT('',(7.,-20.,438.));
#12172=CARTESIAN_POINT('',(7.,-20.,0.));
#12173=CARTESIAN_POINT('',(20.,-20.,0.));
#12174=CARTESIAN_POINT('',(20.,-20.,438.));
#12175=CARTESIAN_POINT('',(20.,-20.,438.));
#12176=CARTESIAN_POINT('',(7.,-20.,438.));
#12177=CARTESIAN_POINT('',(20.,-20.,438.));
#12178=CARTESIAN_POINT('',(20.,-20.,0.));
#12179=CARTESIAN_POINT('',(20.,-7.,0.));
#12180=CARTESIAN_POINT('',(20.,-7.,438.));
#12181=CARTESIAN_POINT('',(20.,-7.,438.));
#12182=CARTESIAN_POINT('',(20.,-20.,438.));
#12183=CARTESIAN_POINT('',(20.,-7.,438.));
#12184=CARTESIAN_POINT('',(20.,-7.,0.));
#12185=CARTESIAN_POINT('',(15.5,-7.,0.));
#12186=CARTESIAN_POINT('',(15.5,-7.,438.));
#12187=CARTESIAN_POINT('',(15.5,-7.,438.));
#12188=CARTESIAN_POINT('',(20.,-7.,438.));
#12189=CARTESIAN_POINT('',(15.5,-7.,438.));
#12190=CARTESIAN_POINT('',(15.5,-7.,0.));
#12191=CARTESIAN_POINT('',(15.5,-9.5,0.));
#12192=CARTESIAN_POINT('',(15.5,-9.5,438.));
#12193=CARTESIAN_POINT('',(15.5,-9.5,438.));
#12194=CARTESIAN_POINT('',(15.5,-7.,438.));
#12195=CARTESIAN_POINT('',(15.5,-9.5,438.));
#12196=CARTESIAN_POINT('',(15.5,-9.5,0.));
#12197=CARTESIAN_POINT('',(18.2,-9.5,0.));
#12198=CARTESIAN_POINT('',(18.2,-9.5,438.));
#12199=CARTESIAN_POINT('',(18.2,-9.5,438.));
#12200=CARTESIAN_POINT('',(15.5,-9.5,438.));
#12201=CARTESIAN_POINT('',(18.2,-9.5,438.));
#12202=CARTESIAN_POINT('',(18.2,-9.5,0.));
#12203=CARTESIAN_POINT('',(18.2,-11.7,0.));
#12204=CARTESIAN_POINT('',(18.2,-11.7,438.));
#12205=CARTESIAN_POINT('',(18.2,-11.7,438.));
#12206=CARTESIAN_POINT('',(18.2,-9.5,438.));
#12207=CARTESIAN_POINT('',(18.2,-11.7,438.));
#12208=CARTESIAN_POINT('',(18.2,-11.7,0.));
#12209=CARTESIAN_POINT('',(13.3970562748477,-11.7,0.));
#12210=CARTESIAN_POINT('',(13.3970562748477,-11.7,438.));
#12211=CARTESIAN_POINT('',(13.3970562748477,-11.7,438.));
#12212=CARTESIAN_POINT('',(18.2,-11.7,438.));
#12213=CARTESIAN_POINT('',(13.3970562748477,-11.7,438.));
#12214=CARTESIAN_POINT('',(13.3970562748477,-11.7,0.));
#12215=CARTESIAN_POINT('',(9.17078344261165,-7.47372716776393,0.));
#12216=CARTESIAN_POINT('',(9.17078344261165,-7.47372716776393,438.));
#12217=CARTESIAN_POINT('',(9.17078344261165,-7.47372716776393,438.));
#12218=CARTESIAN_POINT('',(13.3970562748477,-11.7,438.));
#12219=CARTESIAN_POINT('',(9.17078344261165,-7.47372716776393,438.));
#12220=CARTESIAN_POINT('',(9.17078344261165,-7.47372716776393,0.));
#12221=CARTESIAN_POINT('',(5.82,-1.67,0.));
#12222=CARTESIAN_POINT('',(5.82,-1.67,438.));
#12223=CARTESIAN_POINT('',(5.82,-1.67,438.));
#12224=CARTESIAN_POINT('',(9.17078344261165,-7.47372716776393,438.));
#12225=CARTESIAN_POINT('',(5.82,-1.67,438.));
#12226=CARTESIAN_POINT('',(5.82,-1.67,0.));
#12227=CARTESIAN_POINT('',(5.82,1.67,0.));
#12228=CARTESIAN_POINT('',(5.82,1.67,438.));
#12229=CARTESIAN_POINT('',(5.82,1.67,438.));
#12230=CARTESIAN_POINT('',(5.82,-1.67,438.));
#12231=CARTESIAN_POINT('',(5.82,1.67,438.));
#12232=CARTESIAN_POINT('',(5.82,1.67,0.));
#12233=CARTESIAN_POINT('',(9.17078344261165,7.47372716776394,0.));
#12234=CARTESIAN_POINT('',(9.17078344261165,7.47372716776394,438.));
#12235=CARTESIAN_POINT('',(9.17078344261165,7.47372716776394,438.));
#12236=CARTESIAN_POINT('',(5.82,1.67,438.));
#12237=CARTESIAN_POINT('',(9.17078344261165,7.47372716776394,438.));
#12238=CARTESIAN_POINT('',(9.17078344261165,7.47372716776394,0.));
#12239=CARTESIAN_POINT('',(13.3970562748477,11.7,0.));
#12240=CARTESIAN_POINT('',(13.3970562748477,11.7,438.));
#12241=CARTESIAN_POINT('',(13.3970562748477,11.7,438.));
#12242=CARTESIAN_POINT('',(9.17078344261165,7.47372716776394,438.));
#12243=CARTESIAN_POINT('',(13.3970562748477,11.7,438.));
#12244=CARTESIAN_POINT('',(13.3970562748477,11.7,0.));
#12245=CARTESIAN_POINT('',(18.2,11.7,0.));
#12246=CARTESIAN_POINT('',(18.2,11.7,438.));
#12247=CARTESIAN_POINT('',(18.2,11.7,438.));
#12248=CARTESIAN_POINT('',(13.3970562748477,11.7,438.));
#12249=CARTESIAN_POINT('',(18.2,11.7,438.));
#12250=CARTESIAN_POINT('',(18.2,11.7,0.));
#12251=CARTESIAN_POINT('',(18.2,9.5,0.));
#12252=CARTESIAN_POINT('',(18.2,9.5,438.));
#12253=CARTESIAN_POINT('',(18.2,9.5,438.));
#12254=CARTESIAN_POINT('',(18.2,11.7,438.));
#12255=CARTESIAN_POINT('',(18.2,9.5,438.));
#12256=CARTESIAN_POINT('',(18.2,9.5,0.));
#12257=CARTESIAN_POINT('',(15.5,9.5,0.));
#12258=CARTESIAN_POINT('',(15.5,9.5,438.));
#12259=CARTESIAN_POINT('',(15.5,9.5,438.));
#12260=CARTESIAN_POINT('',(18.2,9.5,438.));
#12261=CARTESIAN_POINT('',(15.5,9.5,438.));
#12262=CARTESIAN_POINT('',(15.5,9.5,0.));
#12263=CARTESIAN_POINT('',(15.5,7.,0.));
#12264=CARTESIAN_POINT('',(15.5,7.,438.));
#12265=CARTESIAN_POINT('',(15.5,7.,438.));
#12266=CARTESIAN_POINT('',(15.5,9.5,438.));
#12267=CARTESIAN_POINT('',(15.5,7.,438.));
#12268=CARTESIAN_POINT('',(15.5,7.,0.));
#12269=CARTESIAN_POINT('',(20.,7.,0.));
#12270=CARTESIAN_POINT('',(20.,7.,438.));
#12271=CARTESIAN_POINT('',(20.,7.,438.));
#12272=CARTESIAN_POINT('',(15.5,7.,438.));
#12273=CARTESIAN_POINT('',(20.,7.,438.));
#12274=CARTESIAN_POINT('',(20.,7.,0.));
#12275=CARTESIAN_POINT('',(20.,20.,0.));
#12276=CARTESIAN_POINT('',(20.,20.,438.));
#12277=CARTESIAN_POINT('',(20.,20.,438.));
#12278=CARTESIAN_POINT('',(20.,7.,438.));
#12279=CARTESIAN_POINT('',(20.,20.,438.));
#12280=CARTESIAN_POINT('',(20.,20.,0.));
#12281=CARTESIAN_POINT('',(7.,20.,0.));
#12282=CARTESIAN_POINT('',(7.,20.,438.));
#12283=CARTESIAN_POINT('',(7.,20.,438.));
#12284=CARTESIAN_POINT('',(20.,20.,438.));
#12285=CARTESIAN_POINT('',(7.,20.,438.));
#12286=CARTESIAN_POINT('',(7.,20.,0.));
#12287=CARTESIAN_POINT('',(7.,15.5,0.));
#12288=CARTESIAN_POINT('',(7.,15.5,438.));
#12289=CARTESIAN_POINT('',(7.,15.5,438.));
#12290=CARTESIAN_POINT('',(7.,20.,438.));
#12291=CARTESIAN_POINT('',(7.,15.5,438.));
#12292=CARTESIAN_POINT('',(7.,15.5,0.));
#12293=CARTESIAN_POINT('',(9.5,15.5,0.));
#12294=CARTESIAN_POINT('',(9.5,15.5,438.));
#12295=CARTESIAN_POINT('',(9.5,15.5,438.));
#12296=CARTESIAN_POINT('',(7.,15.5,438.));
#12297=CARTESIAN_POINT('',(9.5,15.5,438.));
#12298=CARTESIAN_POINT('',(9.5,15.5,0.));
#12299=CARTESIAN_POINT('',(9.5,18.2,0.));
#12300=CARTESIAN_POINT('',(9.5,18.2,438.));
#12301=CARTESIAN_POINT('',(9.5,18.2,438.));
#12302=CARTESIAN_POINT('',(9.5,15.5,438.));
#12303=CARTESIAN_POINT('',(9.5,18.2,438.));
#12304=CARTESIAN_POINT('',(9.5,18.2,0.));
#12305=CARTESIAN_POINT('',(11.7,18.2,0.));
#12306=CARTESIAN_POINT('',(11.7,18.2,438.));
#12307=CARTESIAN_POINT('',(11.7,18.2,438.));
#12308=CARTESIAN_POINT('',(9.5,18.2,438.));
#12309=CARTESIAN_POINT('',(11.7,18.2,438.));
#12310=CARTESIAN_POINT('',(11.7,18.2,0.));
#12311=CARTESIAN_POINT('',(11.7,13.3970562748477,0.));
#12312=CARTESIAN_POINT('',(11.7,13.3970562748477,438.));
#12313=CARTESIAN_POINT('',(11.7,13.3970562748477,438.));
#12314=CARTESIAN_POINT('',(11.7,18.2,438.));
#12315=CARTESIAN_POINT('',(11.7,13.3970562748477,438.));
#12316=CARTESIAN_POINT('',(11.7,13.3970562748477,0.));
#12317=CARTESIAN_POINT('',(7.47372716776394,9.17078344261165,0.));
#12318=CARTESIAN_POINT('',(7.47372716776394,9.17078344261165,438.));
#12319=CARTESIAN_POINT('',(7.47372716776394,9.17078344261165,438.));
#12320=CARTESIAN_POINT('',(11.7,13.3970562748477,438.));
#12321=CARTESIAN_POINT('',(7.47372716776394,9.17078344261165,438.));
#12322=CARTESIAN_POINT('',(7.47372716776394,9.17078344261165,0.));
#12323=CARTESIAN_POINT('',(1.67,5.82,0.));
#12324=CARTESIAN_POINT('',(1.67,5.82,438.));
#12325=CARTESIAN_POINT('',(1.67,5.82,438.));
#12326=CARTESIAN_POINT('',(7.47372716776394,9.17078344261165,438.));
#12327=CARTESIAN_POINT('',(1.67,5.82,438.));
#12328=CARTESIAN_POINT('',(1.67,5.82,0.));
#12329=CARTESIAN_POINT('',(-1.67,5.82,0.));
#12330=CARTESIAN_POINT('',(-1.67,5.82,438.));
#12331=CARTESIAN_POINT('',(-1.67,5.82,438.));
#12332=CARTESIAN_POINT('',(1.67,5.82,438.));
#12333=CARTESIAN_POINT('',(-1.67,5.82,438.));
#12334=CARTESIAN_POINT('',(-1.67,5.82,0.));
#12335=CARTESIAN_POINT('',(-7.47372716776393,9.17078344261165,0.));
#12336=CARTESIAN_POINT('',(-7.47372716776393,9.17078344261165,438.));
#12337=CARTESIAN_POINT('',(-7.47372716776393,9.17078344261165,438.));
#12338=CARTESIAN_POINT('',(-1.67,5.82,438.));
#12339=CARTESIAN_POINT('',(-7.47372716776393,9.17078344261165,438.));
#12340=CARTESIAN_POINT('',(-7.47372716776393,9.17078344261165,0.));
#12341=CARTESIAN_POINT('',(-11.7,13.3970562748477,0.));
#12342=CARTESIAN_POINT('',(-11.7,13.3970562748477,438.));
#12343=CARTESIAN_POINT('',(-11.7,13.3970562748477,438.));
#12344=CARTESIAN_POINT('',(-7.47372716776393,9.17078344261165,438.));
#12345=CARTESIAN_POINT('',(-11.7,13.3970562748477,438.));
#12346=CARTESIAN_POINT('',(-11.7,13.3970562748477,0.));
#12347=CARTESIAN_POINT('',(-11.7,18.2,0.));
#12348=CARTESIAN_POINT('',(-11.7,18.2,438.));
#12349=CARTESIAN_POINT('',(-11.7,18.2,438.));
#12350=CARTESIAN_POINT('',(-11.7,13.3970562748477,438.));
#12351=CARTESIAN_POINT('',(-11.7,18.2,438.));
#12352=CARTESIAN_POINT('',(-11.7,18.2,0.));
#12353=CARTESIAN_POINT('',(-9.5,18.2,0.));
#12354=CARTESIAN_POINT('',(-9.5,18.2,438.));
#12355=CARTESIAN_POINT('',(-9.5,18.2,438.));
#12356=CARTESIAN_POINT('',(-11.7,18.2,438.));
#12357=CARTESIAN_POINT('',(-9.5,18.2,438.));
#12358=CARTESIAN_POINT('',(-9.5,18.2,0.));
#12359=CARTESIAN_POINT('',(-9.5,15.5,0.));
#12360=CARTESIAN_POINT('',(-9.5,15.5,438.));
#12361=CARTESIAN_POINT('',(-9.5,15.5,438.));
#12362=CARTESIAN_POINT('',(-9.5,18.2,438.));
#12363=CARTESIAN_POINT('',(-9.5,15.5,438.));
#12364=CARTESIAN_POINT('',(-9.5,15.5,0.));
#12365=CARTESIAN_POINT('',(-7.,15.5,0.));
#12366=CARTESIAN_POINT('',(-7.,15.5,438.));
#12367=CARTESIAN_POINT('',(-7.,15.5,438.));
#12368=CARTESIAN_POINT('',(-9.5,15.5,438.));
#12369=CARTESIAN_POINT('',(-7.,15.5,438.));
#12370=CARTESIAN_POINT('',(-7.,15.5,0.));
#12371=CARTESIAN_POINT('',(-7.,20.,0.));
#12372=CARTESIAN_POINT('',(-7.,20.,438.));
#12373=CARTESIAN_POINT('',(-7.,20.,438.));
#12374=CARTESIAN_POINT('',(-7.,15.5,438.));
#12375=CARTESIAN_POINT('',(-7.,20.,438.));
#12376=CARTESIAN_POINT('',(-7.,20.,0.));
#12377=CARTESIAN_POINT('',(-20.,20.,0.));
#12378=CARTESIAN_POINT('',(-20.,20.,438.));
#12379=CARTESIAN_POINT('',(-20.,20.,438.));
#12380=CARTESIAN_POINT('',(-7.,20.,438.));
#12381=CARTESIAN_POINT('',(-20.,20.,438.));
#12382=CARTESIAN_POINT('',(-20.,20.,0.));
#12383=CARTESIAN_POINT('',(-20.,7.,0.));
#12384=CARTESIAN_POINT('',(-20.,7.,438.));
#12385=CARTESIAN_POINT('',(-20.,7.,438.));
#12386=CARTESIAN_POINT('',(-20.,20.,438.));
#12387=CARTESIAN_POINT('',(-20.,7.,438.));
#12388=CARTESIAN_POINT('',(-20.,7.,0.));
#12389=CARTESIAN_POINT('',(-15.5,7.,0.));
#12390=CARTESIAN_POINT('',(-15.5,7.,438.));
#12391=CARTESIAN_POINT('',(-15.5,7.,438.));
#12392=CARTESIAN_POINT('',(-20.,7.,438.));
#12393=CARTESIAN_POINT('',(-15.5,7.,438.));
#12394=CARTESIAN_POINT('',(-15.5,7.,0.));
#12395=CARTESIAN_POINT('',(-15.5,9.5,0.));
#12396=CARTESIAN_POINT('',(-15.5,9.5,438.));
#12397=CARTESIAN_POINT('',(-15.5,9.5,438.));
#12398=CARTESIAN_POINT('',(-15.5,7.,438.));
#12399=CARTESIAN_POINT('',(-15.5,9.5,438.));
#12400=CARTESIAN_POINT('',(-15.5,9.5,0.));
#12401=CARTESIAN_POINT('',(-18.2,9.5,0.));
#12402=CARTESIAN_POINT('',(-18.2,9.5,438.));
#12403=CARTESIAN_POINT('',(-18.2,9.5,438.));
#12404=CARTESIAN_POINT('',(-15.5,9.5,438.));
#12405=CARTESIAN_POINT('',(-18.2,9.5,438.));
#12406=CARTESIAN_POINT('',(-18.2,9.5,0.));
#12407=CARTESIAN_POINT('',(-18.2,11.7,0.));
#12408=CARTESIAN_POINT('',(-18.2,11.7,438.));
#12409=CARTESIAN_POINT('',(-18.2,11.7,438.));
#12410=CARTESIAN_POINT('',(-18.2,9.5,438.));
#12411=CARTESIAN_POINT('',(-18.2,11.7,438.));
#12412=CARTESIAN_POINT('',(-18.2,11.7,0.));
#12413=CARTESIAN_POINT('',(-13.3970562748477,11.7,0.));
#12414=CARTESIAN_POINT('',(-13.3970562748477,11.7,438.));
#12415=CARTESIAN_POINT('',(-13.3970562748477,11.7,438.));
#12416=CARTESIAN_POINT('',(-18.2,11.7,438.));
#12417=CARTESIAN_POINT('',(-13.3970562748477,11.7,438.));
#12418=CARTESIAN_POINT('',(-13.3970562748477,11.7,0.));
#12419=CARTESIAN_POINT('',(-9.17078344261166,7.47372716776394,0.));
#12420=CARTESIAN_POINT('',(-9.17078344261166,7.47372716776394,438.));
#12421=CARTESIAN_POINT('',(-9.17078344261166,7.47372716776394,438.));
#12422=CARTESIAN_POINT('',(-13.3970562748477,11.7,438.));
#12423=CARTESIAN_POINT('',(-9.17078344261166,7.47372716776394,438.));
#12424=CARTESIAN_POINT('',(-9.17078344261166,7.47372716776394,0.));
#12425=CARTESIAN_POINT('',(-5.82,1.67,0.));
#12426=CARTESIAN_POINT('',(-5.82,1.67,438.));
#12427=CARTESIAN_POINT('',(-5.82,1.67,438.));
#12428=CARTESIAN_POINT('',(-9.17078344261166,7.47372716776394,438.));
#12429=CARTESIAN_POINT('',(-5.82,1.67,438.));
#12430=CARTESIAN_POINT('',(-5.82,1.67,0.));
#12431=CARTESIAN_POINT('',(-5.82,-1.67,0.));
#12432=CARTESIAN_POINT('',(-5.82,-1.67,438.));
#12433=CARTESIAN_POINT('',(-5.82,-1.67,438.));
#12434=CARTESIAN_POINT('',(-5.82,1.67,438.));
#12435=CARTESIAN_POINT('',(-5.82,-1.67,438.));
#12436=CARTESIAN_POINT('',(-5.82,-1.67,0.));
#12437=CARTESIAN_POINT('',(-9.17078344261165,-7.47372716776394,0.));
#12438=CARTESIAN_POINT('',(-9.17078344261165,-7.47372716776394,438.));
#12439=CARTESIAN_POINT('',(-9.17078344261165,-7.47372716776394,438.));
#12440=CARTESIAN_POINT('',(-5.82,-1.67,438.));
#12441=CARTESIAN_POINT('',(-9.17078344261165,-7.47372716776394,438.));
#12442=CARTESIAN_POINT('',(-9.17078344261165,-7.47372716776394,0.));
#12443=CARTESIAN_POINT('',(-13.3970562748477,-11.7,0.));
#12444=CARTESIAN_POINT('',(-13.3970562748477,-11.7,438.));
#12445=CARTESIAN_POINT('',(-13.3970562748477,-11.7,438.));
#12446=CARTESIAN_POINT('',(-9.17078344261165,-7.47372716776394,438.));
#12447=CARTESIAN_POINT('',(-13.3970562748477,-11.7,438.));
#12448=CARTESIAN_POINT('',(-13.3970562748477,-11.7,0.));
#12449=CARTESIAN_POINT('',(-18.2,-11.7,0.));
#12450=CARTESIAN_POINT('',(-18.2,-11.7,438.));
#12451=CARTESIAN_POINT('',(-18.2,-11.7,438.));
#12452=CARTESIAN_POINT('',(-13.3970562748477,-11.7,438.));
#12453=CARTESIAN_POINT('',(-18.2,-11.7,438.));
#12454=CARTESIAN_POINT('',(-18.2,-11.7,0.));
#12455=CARTESIAN_POINT('',(-18.2,-9.5,0.));
#12456=CARTESIAN_POINT('',(-18.2,-9.5,438.));
#12457=CARTESIAN_POINT('',(-18.2,-9.5,438.));
#12458=CARTESIAN_POINT('',(-18.2,-11.7,438.));
#12459=CARTESIAN_POINT('',(-18.2,-9.5,438.));
#12460=CARTESIAN_POINT('',(-18.2,-9.5,0.));
#12461=CARTESIAN_POINT('',(-15.5,-9.5,0.));
#12462=CARTESIAN_POINT('',(-15.5,-9.5,438.));
#12463=CARTESIAN_POINT('',(-15.5,-9.5,438.));
#12464=CARTESIAN_POINT('',(-18.2,-9.5,438.));
#12465=CARTESIAN_POINT('',(-15.5,-9.5,438.));
#12466=CARTESIAN_POINT('',(-15.5,-9.5,0.));
#12467=CARTESIAN_POINT('',(-15.5,-7.,0.));
#12468=CARTESIAN_POINT('',(-15.5,-7.,438.));
#12469=CARTESIAN_POINT('',(-15.5,-7.,438.));
#12470=CARTESIAN_POINT('',(-15.5,-9.5,438.));
#12471=CARTESIAN_POINT('',(18.7,18.7,438.));
#12472=CARTESIAN_POINT('',(18.7,18.7,0.));
#12473=CARTESIAN_POINT('',(18.7,18.7,0.));
#12474=CARTESIAN_POINT('',(13.,18.7,0.));
#12475=CARTESIAN_POINT('',(18.7,18.7,438.));
#12476=CARTESIAN_POINT('',(18.7,18.7,438.));
#12477=CARTESIAN_POINT('',(18.7,18.7,438.));
#12478=CARTESIAN_POINT('',(13.,18.7,438.));
#12479=CARTESIAN_POINT('',(13.,18.7,438.));
#12480=CARTESIAN_POINT('',(18.7,13.,438.));
#12481=CARTESIAN_POINT('',(18.7,13.,0.));
#12482=CARTESIAN_POINT('',(18.7,13.,0.));
#12483=CARTESIAN_POINT('',(18.7,13.,438.));
#12484=CARTESIAN_POINT('',(18.7,13.,438.));
#12485=CARTESIAN_POINT('',(18.7,13.,438.));
#12486=CARTESIAN_POINT('',(13.,13.,438.));
#12487=CARTESIAN_POINT('',(13.,13.,0.));
#12488=CARTESIAN_POINT('',(13.,13.,0.));
#12489=CARTESIAN_POINT('',(13.,13.,438.));
#12490=CARTESIAN_POINT('',(13.,13.,438.));
#12491=CARTESIAN_POINT('',(13.,13.,438.));
#12492=CARTESIAN_POINT('',(13.,-13.,438.));
#12493=CARTESIAN_POINT('',(13.,-13.,0.));
#12494=CARTESIAN_POINT('',(13.,-13.,0.));
#12495=CARTESIAN_POINT('',(13.,-18.7,0.));
#12496=CARTESIAN_POINT('',(13.,-13.,438.));
#12497=CARTESIAN_POINT('',(13.,-13.,438.));
#12498=CARTESIAN_POINT('',(13.,-13.,438.));
#12499=CARTESIAN_POINT('',(13.,-18.7,438.));
#12500=CARTESIAN_POINT('',(13.,-18.7,438.));
#12501=CARTESIAN_POINT('',(18.7,-13.,438.));
#12502=CARTESIAN_POINT('',(18.7,-13.,0.));
#12503=CARTESIAN_POINT('',(18.7,-13.,0.));
#12504=CARTESIAN_POINT('',(18.7,-13.,438.));
#12505=CARTESIAN_POINT('',(18.7,-13.,438.));
#12506=CARTESIAN_POINT('',(18.7,-13.,438.));
#12507=CARTESIAN_POINT('',(18.7,-18.7,438.));
#12508=CARTESIAN_POINT('',(18.7,-18.7,0.));
#12509=CARTESIAN_POINT('',(18.7,-18.7,0.));
#12510=CARTESIAN_POINT('',(18.7,-18.7,438.));
#12511=CARTESIAN_POINT('',(18.7,-18.7,438.));
#12512=CARTESIAN_POINT('',(18.7,-18.7,438.));
#12513=CARTESIAN_POINT('',(-1.30104260698261E-15,1.95156391047391E-15,438.));
#12514=CARTESIAN_POINT('',(-1.30104260698261E-15,1.95156391047391E-15,0.));
#12515=CARTESIAN_POINT('',(-2.40416305603426,2.40416305603426,0.));
#12516=CARTESIAN_POINT('',(-3.4,-1.3263232922562E-15,0.));
#12517=CARTESIAN_POINT('',(-2.40416305603426,2.40416305603426,438.));
#12518=CARTESIAN_POINT('',(-2.40416305603426,2.40416305603426,438.));
#12519=CARTESIAN_POINT('',(-1.30104260698261E-15,1.95156391047391E-15,438.));
#12520=CARTESIAN_POINT('',(-3.4,-1.3263232922562E-15,438.));
#12521=CARTESIAN_POINT('',(-3.4,-1.3263232922562E-15,438.));
#12522=CARTESIAN_POINT('',(-1.30104260698261E-15,-4.33680868994202E-16,
438.));
#12523=CARTESIAN_POINT('',(-1.30104260698261E-15,-4.33680868994202E-16,
0.));
#12524=CARTESIAN_POINT('',(-9.64483113905268E-16,3.4,0.));
#12525=CARTESIAN_POINT('',(-9.64483113905268E-16,3.4,438.));
#12526=CARTESIAN_POINT('',(-9.64483113905268E-16,3.4,438.));
#12527=CARTESIAN_POINT('',(-1.30104260698261E-15,-4.33680868994202E-16,
438.));
#12528=CARTESIAN_POINT('',(2.60208521396521E-15,3.03576608295941E-15,438.));
#12529=CARTESIAN_POINT('',(2.60208521396521E-15,3.03576608295941E-15,0.));
#12530=CARTESIAN_POINT('',(2.40416305603426,2.40416305603426,0.));
#12531=CARTESIAN_POINT('',(2.40416305603426,2.40416305603426,438.));
#12532=CARTESIAN_POINT('',(2.40416305603426,2.40416305603426,438.));
#12533=CARTESIAN_POINT('',(2.60208521396521E-15,3.03576608295941E-15,438.));
#12534=CARTESIAN_POINT('',(3.46944695195361E-15,2.81892564846231E-15,438.));
#12535=CARTESIAN_POINT('',(3.46944695195361E-15,2.81892564846231E-15,0.));
#12536=CARTESIAN_POINT('',(3.4,3.00384717100143E-15,0.));
#12537=CARTESIAN_POINT('',(3.4,3.00384717100143E-15,438.));
#12538=CARTESIAN_POINT('',(3.4,3.00384717100143E-15,438.));
#12539=CARTESIAN_POINT('',(3.46944695195361E-15,2.81892564846231E-15,438.));
#12540=CARTESIAN_POINT('',(4.33680868994202E-15,-3.03576608295941E-15,438.));
#12541=CARTESIAN_POINT('',(4.33680868994202E-15,-3.03576608295941E-15,0.));
#12542=CARTESIAN_POINT('',(2.40416305603426,-2.40416305603426,0.));
#12543=CARTESIAN_POINT('',(2.40416305603426,-2.40416305603426,438.));
#12544=CARTESIAN_POINT('',(2.40416305603426,-2.40416305603426,438.));
#12545=CARTESIAN_POINT('',(4.33680868994202E-15,-3.03576608295941E-15,438.));
#12546=CARTESIAN_POINT('',(2.38524477946811E-15,-5.63785129692462E-15,438.));
#12547=CARTESIAN_POINT('',(2.38524477946811E-15,-5.63785129692462E-15,0.));
#12548=CARTESIAN_POINT('',(-3.44349551602746E-15,-3.4,0.));
#12549=CARTESIAN_POINT('',(-3.44349551602746E-15,-3.4,438.));
#12550=CARTESIAN_POINT('',(-3.44349551602746E-15,-3.4,438.));
#12551=CARTESIAN_POINT('',(2.38524477946811E-15,-5.63785129692462E-15,438.));
#12552=CARTESIAN_POINT('',(-2.81892564846231E-15,-4.33680868994202E-15,
438.));
#12553=CARTESIAN_POINT('',(-2.81892564846231E-15,-4.33680868994202E-15,
0.));
#12554=CARTESIAN_POINT('',(-2.40416305603426,-2.40416305603426,0.));
#12555=CARTESIAN_POINT('',(-2.40416305603426,-2.40416305603426,438.));
#12556=CARTESIAN_POINT('',(-2.40416305603426,-2.40416305603426,438.));
#12557=CARTESIAN_POINT('',(-2.81892564846231E-15,-4.33680868994202E-15,
438.));
#12558=CARTESIAN_POINT('',(-18.7,18.7,438.));
#12559=CARTESIAN_POINT('',(-18.7,18.7,0.));
#12560=CARTESIAN_POINT('',(-18.7,18.7,0.));
#12561=CARTESIAN_POINT('',(-18.7,13.,0.));
#12562=CARTESIAN_POINT('',(-18.7,18.7,438.));
#12563=CARTESIAN_POINT('',(-18.7,18.7,438.));
#12564=CARTESIAN_POINT('',(-18.7,18.7,438.));
#12565=CARTESIAN_POINT('',(-18.7,13.,438.));
#12566=CARTESIAN_POINT('',(-18.7,13.,438.));
#12567=CARTESIAN_POINT('',(-13.,18.7,438.));
#12568=CARTESIAN_POINT('',(-13.,18.7,0.));
#12569=CARTESIAN_POINT('',(-13.,18.7,0.));
#12570=CARTESIAN_POINT('',(-13.,18.7,438.));
#12571=CARTESIAN_POINT('',(-13.,18.7,438.));
#12572=CARTESIAN_POINT('',(-13.,18.7,438.));
#12573=CARTESIAN_POINT('',(-13.,13.,438.));
#12574=CARTESIAN_POINT('',(-13.,13.,0.));
#12575=CARTESIAN_POINT('',(-13.,13.,0.));
#12576=CARTESIAN_POINT('',(-13.,13.,438.));
#12577=CARTESIAN_POINT('',(-13.,13.,438.));
#12578=CARTESIAN_POINT('',(-13.,13.,438.));
#12579=CARTESIAN_POINT('',(-13.,-13.,438.));
#12580=CARTESIAN_POINT('',(-13.,-13.,0.));
#12581=CARTESIAN_POINT('',(-13.,-13.,0.));
#12582=CARTESIAN_POINT('',(-18.7,-13.,0.));
#12583=CARTESIAN_POINT('',(-13.,-13.,438.));
#12584=CARTESIAN_POINT('',(-13.,-13.,438.));
#12585=CARTESIAN_POINT('',(-13.,-13.,438.));
#12586=CARTESIAN_POINT('',(-18.7,-13.,438.));
#12587=CARTESIAN_POINT('',(-18.7,-13.,438.));
#12588=CARTESIAN_POINT('',(-13.,-18.7,438.));
#12589=CARTESIAN_POINT('',(-13.,-18.7,0.));
#12590=CARTESIAN_POINT('',(-13.,-18.7,0.));
#12591=CARTESIAN_POINT('',(-13.,-18.7,438.));
#12592=CARTESIAN_POINT('',(-13.,-18.7,438.));
#12593=CARTESIAN_POINT('',(-13.,-18.7,438.));
#12594=CARTESIAN_POINT('',(-18.7,-18.7,438.));
#12595=CARTESIAN_POINT('',(-18.7,-18.7,0.));
#12596=CARTESIAN_POINT('',(-18.7,-18.7,0.));
#12597=CARTESIAN_POINT('',(-18.7,-18.7,438.));
#12598=CARTESIAN_POINT('',(-18.7,-18.7,438.));
#12599=CARTESIAN_POINT('',(-18.7,-18.7,438.));
#12600=CARTESIAN_POINT('',(13.,18.7,438.));
#12601=CARTESIAN_POINT('',(13.,18.7,0.));
#12602=CARTESIAN_POINT('',(13.,18.7,438.));
#12603=CARTESIAN_POINT('',(13.,-18.7,438.));
#12604=CARTESIAN_POINT('',(13.,-18.7,0.));
#12605=CARTESIAN_POINT('',(13.,-18.7,438.));
#12606=CARTESIAN_POINT('',(-1.73472347597681E-15,-3.25260651745651E-15,
438.));
#12607=CARTESIAN_POINT('',(-1.73472347597681E-15,-3.25260651745651E-15,
0.));
#12608=CARTESIAN_POINT('',(-1.73472347597681E-15,-3.25260651745651E-15,
438.));
#12609=CARTESIAN_POINT('',(-18.7,13.,438.));
#12610=CARTESIAN_POINT('',(-18.7,13.,0.));
#12611=CARTESIAN_POINT('',(-18.7,13.,438.));
#12612=CARTESIAN_POINT('',(-18.7,-13.,438.));
#12613=CARTESIAN_POINT('',(-18.7,-13.,0.));
#12614=CARTESIAN_POINT('',(-18.7,-13.,438.));
#12615=CARTESIAN_POINT('',(-15.5,-7.,438.));
#12616=CARTESIAN_POINT('',(-15.5,-7.,0.));
#12617=CARTESIAN_POINT('',(-15.5,-7.,438.));
#12618=CARTESIAN_POINT('',(0.,0.,438.));
#12619=CARTESIAN_POINT('',(0.,0.,0.));
#12620=CARTESIAN_POINT('',(0.,2001.,-20.));
#12621=CARTESIAN_POINT('',(-15.5,-7.,2021.));
#12622=CARTESIAN_POINT('',(-15.5,-7.,0.));
#12623=CARTESIAN_POINT('',(-15.5,-7.,0.));
#12624=CARTESIAN_POINT('',(-20.,-7.,0.));
#12625=CARTESIAN_POINT('',(-20.,-7.,2021.));
#12626=CARTESIAN_POINT('',(-20.,-7.,2021.));
#12627=CARTESIAN_POINT('',(-15.5,-7.,2021.));
#12628=CARTESIAN_POINT('',(-15.5,-7.,2021.));
#12629=CARTESIAN_POINT('',(-15.5,-7.,2021.));
#12630=CARTESIAN_POINT('',(-20.,-7.,2021.));
#12631=CARTESIAN_POINT('',(-20.,-7.,0.));
#12632=CARTESIAN_POINT('',(-20.,-20.,0.));
#12633=CARTESIAN_POINT('',(-20.,-20.,2021.));
#12634=CARTESIAN_POINT('',(-20.,-20.,2021.));
#12635=CARTESIAN_POINT('',(-20.,-7.,2021.));
#12636=CARTESIAN_POINT('',(-20.,-20.,2021.));
#12637=CARTESIAN_POINT('',(-20.,-20.,0.));
#12638=CARTESIAN_POINT('',(-7.,-20.,0.));
#12639=CARTESIAN_POINT('',(-7.,-20.,2021.));
#12640=CARTESIAN_POINT('',(-7.,-20.,2021.));
#12641=CARTESIAN_POINT('',(-20.,-20.,2021.));
#12642=CARTESIAN_POINT('',(-7.,-20.,2021.));
#12643=CARTESIAN_POINT('',(-7.,-20.,0.));
#12644=CARTESIAN_POINT('',(-7.,-15.5,0.));
#12645=CARTESIAN_POINT('',(-7.,-15.5,2021.));
#12646=CARTESIAN_POINT('',(-7.,-15.5,2021.));
#12647=CARTESIAN_POINT('',(-7.,-20.,2021.));
#12648=CARTESIAN_POINT('',(-7.,-15.5,2021.));
#12649=CARTESIAN_POINT('',(-7.,-15.5,0.));
#12650=CARTESIAN_POINT('',(-9.5,-15.5,0.));
#12651=CARTESIAN_POINT('',(-9.5,-15.5,2021.));
#12652=CARTESIAN_POINT('',(-9.5,-15.5,2021.));
#12653=CARTESIAN_POINT('',(-7.,-15.5,2021.));
#12654=CARTESIAN_POINT('',(-9.5,-15.5,2021.));
#12655=CARTESIAN_POINT('',(-9.5,-15.5,0.));
#12656=CARTESIAN_POINT('',(-9.5,-18.2,0.));
#12657=CARTESIAN_POINT('',(-9.5,-18.2,2021.));
#12658=CARTESIAN_POINT('',(-9.5,-18.2,2021.));
#12659=CARTESIAN_POINT('',(-9.5,-15.5,2021.));
#12660=CARTESIAN_POINT('',(-9.5,-18.2,2021.));
#12661=CARTESIAN_POINT('',(-9.5,-18.2,0.));
#12662=CARTESIAN_POINT('',(-11.7,-18.2,0.));
#12663=CARTESIAN_POINT('',(-11.7,-18.2,2021.));
#12664=CARTESIAN_POINT('',(-11.7,-18.2,2021.));
#12665=CARTESIAN_POINT('',(-9.5,-18.2,2021.));
#12666=CARTESIAN_POINT('',(-11.7,-18.2,2021.));
#12667=CARTESIAN_POINT('',(-11.7,-18.2,0.));
#12668=CARTESIAN_POINT('',(-11.7,-13.3970562748477,0.));
#12669=CARTESIAN_POINT('',(-11.7,-13.3970562748477,2021.));
#12670=CARTESIAN_POINT('',(-11.7,-13.3970562748477,2021.));
#12671=CARTESIAN_POINT('',(-11.7,-18.2,2021.));
#12672=CARTESIAN_POINT('',(-11.7,-13.3970562748477,2021.));
#12673=CARTESIAN_POINT('',(-11.7,-13.3970562748477,0.));
#12674=CARTESIAN_POINT('',(-7.47372716776394,-9.17078344261165,0.));
#12675=CARTESIAN_POINT('',(-7.47372716776394,-9.17078344261165,2021.));
#12676=CARTESIAN_POINT('',(-7.47372716776394,-9.17078344261165,2021.));
#12677=CARTESIAN_POINT('',(-11.7,-13.3970562748477,2021.));
#12678=CARTESIAN_POINT('',(-7.47372716776394,-9.17078344261165,2021.));
#12679=CARTESIAN_POINT('',(-7.47372716776394,-9.17078344261165,0.));
#12680=CARTESIAN_POINT('',(-1.67,-5.82,0.));
#12681=CARTESIAN_POINT('',(-1.67,-5.82,2021.));
#12682=CARTESIAN_POINT('',(-1.67,-5.82,2021.));
#12683=CARTESIAN_POINT('',(-7.47372716776394,-9.17078344261165,2021.));
#12684=CARTESIAN_POINT('',(-1.67,-5.82,2021.));
#12685=CARTESIAN_POINT('',(-1.67,-5.82,0.));
#12686=CARTESIAN_POINT('',(1.67,-5.82,0.));
#12687=CARTESIAN_POINT('',(1.67,-5.82,2021.));
#12688=CARTESIAN_POINT('',(1.67,-5.82,2021.));
#12689=CARTESIAN_POINT('',(-1.67,-5.82,2021.));
#12690=CARTESIAN_POINT('',(1.67,-5.82,2021.));
#12691=CARTESIAN_POINT('',(1.67,-5.82,0.));
#12692=CARTESIAN_POINT('',(7.47372716776395,-9.17078344261166,0.));
#12693=CARTESIAN_POINT('',(7.47372716776395,-9.17078344261166,2021.));
#12694=CARTESIAN_POINT('',(7.47372716776395,-9.17078344261166,2021.));
#12695=CARTESIAN_POINT('',(1.67,-5.82,2021.));
#12696=CARTESIAN_POINT('',(7.47372716776395,-9.17078344261166,2021.));
#12697=CARTESIAN_POINT('',(7.47372716776395,-9.17078344261166,0.));
#12698=CARTESIAN_POINT('',(11.7,-13.3970562748477,0.));
#12699=CARTESIAN_POINT('',(11.7,-13.3970562748477,2021.));
#12700=CARTESIAN_POINT('',(11.7,-13.3970562748477,2021.));
#12701=CARTESIAN_POINT('',(7.47372716776395,-9.17078344261166,2021.));
#12702=CARTESIAN_POINT('',(11.7,-13.3970562748477,2021.));
#12703=CARTESIAN_POINT('',(11.7,-13.3970562748477,0.));
#12704=CARTESIAN_POINT('',(11.7,-18.2,0.));
#12705=CARTESIAN_POINT('',(11.7,-18.2,2021.));
#12706=CARTESIAN_POINT('',(11.7,-18.2,2021.));
#12707=CARTESIAN_POINT('',(11.7,-13.3970562748477,2021.));
#12708=CARTESIAN_POINT('',(11.7,-18.2,2021.));
#12709=CARTESIAN_POINT('',(11.7,-18.2,0.));
#12710=CARTESIAN_POINT('',(9.5,-18.2,0.));
#12711=CARTESIAN_POINT('',(9.5,-18.2,2021.));
#12712=CARTESIAN_POINT('',(9.5,-18.2,2021.));
#12713=CARTESIAN_POINT('',(11.7,-18.2,2021.));
#12714=CARTESIAN_POINT('',(9.5,-18.2,2021.));
#12715=CARTESIAN_POINT('',(9.5,-18.2,0.));
#12716=CARTESIAN_POINT('',(9.5,-15.5,0.));
#12717=CARTESIAN_POINT('',(9.5,-15.5,2021.));
#12718=CARTESIAN_POINT('',(9.5,-15.5,2021.));
#12719=CARTESIAN_POINT('',(9.5,-18.2,2021.));
#12720=CARTESIAN_POINT('',(9.5,-15.5,2021.));
#12721=CARTESIAN_POINT('',(9.5,-15.5,0.));
#12722=CARTESIAN_POINT('',(7.,-15.5,0.));
#12723=CARTESIAN_POINT('',(7.,-15.5,2021.));
#12724=CARTESIAN_POINT('',(7.,-15.5,2021.));
#12725=CARTESIAN_POINT('',(9.5,-15.5,2021.));
#12726=CARTESIAN_POINT('',(7.,-15.5,2021.));
#12727=CARTESIAN_POINT('',(7.,-15.5,0.));
#12728=CARTESIAN_POINT('',(7.,-20.,0.));
#12729=CARTESIAN_POINT('',(7.,-20.,2021.));
#12730=CARTESIAN_POINT('',(7.,-20.,2021.));
#12731=CARTESIAN_POINT('',(7.,-15.5,2021.));
#12732=CARTESIAN_POINT('',(7.,-20.,2021.));
#12733=CARTESIAN_POINT('',(7.,-20.,0.));
#12734=CARTESIAN_POINT('',(20.,-20.,0.));
#12735=CARTESIAN_POINT('',(20.,-20.,2021.));
#12736=CARTESIAN_POINT('',(20.,-20.,2021.));
#12737=CARTESIAN_POINT('',(7.,-20.,2021.));
#12738=CARTESIAN_POINT('',(20.,-20.,2021.));
#12739=CARTESIAN_POINT('',(20.,-20.,0.));
#12740=CARTESIAN_POINT('',(20.,-7.,0.));
#12741=CARTESIAN_POINT('',(20.,-7.,2021.));
#12742=CARTESIAN_POINT('',(20.,-7.,2021.));
#12743=CARTESIAN_POINT('',(20.,-20.,2021.));
#12744=CARTESIAN_POINT('',(20.,-7.,2021.));
#12745=CARTESIAN_POINT('',(20.,-7.,0.));
#12746=CARTESIAN_POINT('',(15.5,-7.,0.));
#12747=CARTESIAN_POINT('',(15.5,-7.,2021.));
#12748=CARTESIAN_POINT('',(15.5,-7.,2021.));
#12749=CARTESIAN_POINT('',(20.,-7.,2021.));
#12750=CARTESIAN_POINT('',(15.5,-7.,2021.));
#12751=CARTESIAN_POINT('',(15.5,-7.,0.));
#12752=CARTESIAN_POINT('',(15.5,-9.5,0.));
#12753=CARTESIAN_POINT('',(15.5,-9.5,2021.));
#12754=CARTESIAN_POINT('',(15.5,-9.5,2021.));
#12755=CARTESIAN_POINT('',(15.5,-7.,2021.));
#12756=CARTESIAN_POINT('',(15.5,-9.5,2021.));
#12757=CARTESIAN_POINT('',(15.5,-9.5,0.));
#12758=CARTESIAN_POINT('',(18.2,-9.5,0.));
#12759=CARTESIAN_POINT('',(18.2,-9.5,2021.));
#12760=CARTESIAN_POINT('',(18.2,-9.5,2021.));
#12761=CARTESIAN_POINT('',(15.5,-9.5,2021.));
#12762=CARTESIAN_POINT('',(18.2,-9.5,2021.));
#12763=CARTESIAN_POINT('',(18.2,-9.5,0.));
#12764=CARTESIAN_POINT('',(18.2,-11.7,0.));
#12765=CARTESIAN_POINT('',(18.2,-11.7,2021.));
#12766=CARTESIAN_POINT('',(18.2,-11.7,2021.));
#12767=CARTESIAN_POINT('',(18.2,-9.5,2021.));
#12768=CARTESIAN_POINT('',(18.2,-11.7,2021.));
#12769=CARTESIAN_POINT('',(18.2,-11.7,0.));
#12770=CARTESIAN_POINT('',(13.3970562748477,-11.7,0.));
#12771=CARTESIAN_POINT('',(13.3970562748477,-11.7,2021.));
#12772=CARTESIAN_POINT('',(13.3970562748477,-11.7,2021.));
#12773=CARTESIAN_POINT('',(18.2,-11.7,2021.));
#12774=CARTESIAN_POINT('',(13.3970562748477,-11.7,2021.));
#12775=CARTESIAN_POINT('',(13.3970562748477,-11.7,0.));
#12776=CARTESIAN_POINT('',(9.17078344261165,-7.47372716776393,0.));
#12777=CARTESIAN_POINT('',(9.17078344261165,-7.47372716776393,2021.));
#12778=CARTESIAN_POINT('',(9.17078344261165,-7.47372716776393,2021.));
#12779=CARTESIAN_POINT('',(13.3970562748477,-11.7,2021.));
#12780=CARTESIAN_POINT('',(9.17078344261165,-7.47372716776393,2021.));
#12781=CARTESIAN_POINT('',(9.17078344261165,-7.47372716776393,0.));
#12782=CARTESIAN_POINT('',(5.82,-1.67,0.));
#12783=CARTESIAN_POINT('',(5.82,-1.67,2021.));
#12784=CARTESIAN_POINT('',(5.82,-1.67,2021.));
#12785=CARTESIAN_POINT('',(9.17078344261165,-7.47372716776393,2021.));
#12786=CARTESIAN_POINT('',(5.82,-1.67,2021.));
#12787=CARTESIAN_POINT('',(5.82,-1.67,0.));
#12788=CARTESIAN_POINT('',(5.82,1.67,0.));
#12789=CARTESIAN_POINT('',(5.82,1.67,2021.));
#12790=CARTESIAN_POINT('',(5.82,1.67,2021.));
#12791=CARTESIAN_POINT('',(5.82,-1.67,2021.));
#12792=CARTESIAN_POINT('',(5.82,1.67,2021.));
#12793=CARTESIAN_POINT('',(5.82,1.67,0.));
#12794=CARTESIAN_POINT('',(9.17078344261165,7.47372716776394,0.));
#12795=CARTESIAN_POINT('',(9.17078344261165,7.47372716776394,2021.));
#12796=CARTESIAN_POINT('',(9.17078344261165,7.47372716776394,2021.));
#12797=CARTESIAN_POINT('',(5.82,1.67,2021.));
#12798=CARTESIAN_POINT('',(9.17078344261165,7.47372716776394,2021.));
#12799=CARTESIAN_POINT('',(9.17078344261165,7.47372716776394,0.));
#12800=CARTESIAN_POINT('',(13.3970562748477,11.7,0.));
#12801=CARTESIAN_POINT('',(13.3970562748477,11.7,2021.));
#12802=CARTESIAN_POINT('',(13.3970562748477,11.7,2021.));
#12803=CARTESIAN_POINT('',(9.17078344261165,7.47372716776394,2021.));
#12804=CARTESIAN_POINT('',(13.3970562748477,11.7,2021.));
#12805=CARTESIAN_POINT('',(13.3970562748477,11.7,0.));
#12806=CARTESIAN_POINT('',(18.2,11.7,0.));
#12807=CARTESIAN_POINT('',(18.2,11.7,2021.));
#12808=CARTESIAN_POINT('',(18.2,11.7,2021.));
#12809=CARTESIAN_POINT('',(13.3970562748477,11.7,2021.));
#12810=CARTESIAN_POINT('',(18.2,11.7,2021.));
#12811=CARTESIAN_POINT('',(18.2,11.7,0.));
#12812=CARTESIAN_POINT('',(18.2,9.5,0.));
#12813=CARTESIAN_POINT('',(18.2,9.5,2021.));
#12814=CARTESIAN_POINT('',(18.2,9.5,2021.));
#12815=CARTESIAN_POINT('',(18.2,11.7,2021.));
#12816=CARTESIAN_POINT('',(18.2,9.5,2021.));
#12817=CARTESIAN_POINT('',(18.2,9.5,0.));
#12818=CARTESIAN_POINT('',(15.5,9.5,0.));
#12819=CARTESIAN_POINT('',(15.5,9.5,2021.));
#12820=CARTESIAN_POINT('',(15.5,9.5,2021.));
#12821=CARTESIAN_POINT('',(18.2,9.5,2021.));
#12822=CARTESIAN_POINT('',(15.5,9.5,2021.));
#12823=CARTESIAN_POINT('',(15.5,9.5,0.));
#12824=CARTESIAN_POINT('',(15.5,7.,0.));
#12825=CARTESIAN_POINT('',(15.5,7.,2021.));
#12826=CARTESIAN_POINT('',(15.5,7.,2021.));
#12827=CARTESIAN_POINT('',(15.5,9.5,2021.));
#12828=CARTESIAN_POINT('',(15.5,7.,2021.));
#12829=CARTESIAN_POINT('',(15.5,7.,0.));
#12830=CARTESIAN_POINT('',(20.,7.,0.));
#12831=CARTESIAN_POINT('',(20.,7.,2021.));
#12832=CARTESIAN_POINT('',(20.,7.,2021.));
#12833=CARTESIAN_POINT('',(15.5,7.,2021.));
#12834=CARTESIAN_POINT('',(20.,7.,2021.));
#12835=CARTESIAN_POINT('',(20.,7.,0.));
#12836=CARTESIAN_POINT('',(20.,20.,0.));
#12837=CARTESIAN_POINT('',(20.,20.,2021.));
#12838=CARTESIAN_POINT('',(20.,20.,2021.));
#12839=CARTESIAN_POINT('',(20.,7.,2021.));
#12840=CARTESIAN_POINT('',(20.,20.,2021.));
#12841=CARTESIAN_POINT('',(20.,20.,0.));
#12842=CARTESIAN_POINT('',(7.,20.,0.));
#12843=CARTESIAN_POINT('',(7.,20.,2021.));
#12844=CARTESIAN_POINT('',(7.,20.,2021.));
#12845=CARTESIAN_POINT('',(20.,20.,2021.));
#12846=CARTESIAN_POINT('',(7.,20.,2021.));
#12847=CARTESIAN_POINT('',(7.,20.,0.));
#12848=CARTESIAN_POINT('',(7.,15.5,0.));
#12849=CARTESIAN_POINT('',(7.,15.5,2021.));
#12850=CARTESIAN_POINT('',(7.,15.5,2021.));
#12851=CARTESIAN_POINT('',(7.,20.,2021.));
#12852=CARTESIAN_POINT('',(7.,15.5,2021.));
#12853=CARTESIAN_POINT('',(7.,15.5,0.));
#12854=CARTESIAN_POINT('',(9.5,15.5,0.));
#12855=CARTESIAN_POINT('',(9.5,15.5,2021.));
#12856=CARTESIAN_POINT('',(9.5,15.5,2021.));
#12857=CARTESIAN_POINT('',(7.,15.5,2021.));
#12858=CARTESIAN_POINT('',(9.5,15.5,2021.));
#12859=CARTESIAN_POINT('',(9.5,15.5,0.));
#12860=CARTESIAN_POINT('',(9.5,18.2,0.));
#12861=CARTESIAN_POINT('',(9.5,18.2,2021.));
#12862=CARTESIAN_POINT('',(9.5,18.2,2021.));
#12863=CARTESIAN_POINT('',(9.5,15.5,2021.));
#12864=CARTESIAN_POINT('',(9.5,18.2,2021.));
#12865=CARTESIAN_POINT('',(9.5,18.2,0.));
#12866=CARTESIAN_POINT('',(11.7,18.2,0.));
#12867=CARTESIAN_POINT('',(11.7,18.2,2021.));
#12868=CARTESIAN_POINT('',(11.7,18.2,2021.));
#12869=CARTESIAN_POINT('',(9.5,18.2,2021.));
#12870=CARTESIAN_POINT('',(11.7,18.2,2021.));
#12871=CARTESIAN_POINT('',(11.7,18.2,0.));
#12872=CARTESIAN_POINT('',(11.7,13.3970562748477,0.));
#12873=CARTESIAN_POINT('',(11.7,13.3970562748477,2021.));
#12874=CARTESIAN_POINT('',(11.7,13.3970562748477,2021.));
#12875=CARTESIAN_POINT('',(11.7,18.2,2021.));
#12876=CARTESIAN_POINT('',(11.7,13.3970562748477,2021.));
#12877=CARTESIAN_POINT('',(11.7,13.3970562748477,0.));
#12878=CARTESIAN_POINT('',(7.47372716776394,9.17078344261165,0.));
#12879=CARTESIAN_POINT('',(7.47372716776394,9.17078344261165,2021.));
#12880=CARTESIAN_POINT('',(7.47372716776394,9.17078344261165,2021.));
#12881=CARTESIAN_POINT('',(11.7,13.3970562748477,2021.));
#12882=CARTESIAN_POINT('',(7.47372716776394,9.17078344261165,2021.));
#12883=CARTESIAN_POINT('',(7.47372716776394,9.17078344261165,0.));
#12884=CARTESIAN_POINT('',(1.67,5.82,0.));
#12885=CARTESIAN_POINT('',(1.67,5.82,2021.));
#12886=CARTESIAN_POINT('',(1.67,5.82,2021.));
#12887=CARTESIAN_POINT('',(7.47372716776394,9.17078344261165,2021.));
#12888=CARTESIAN_POINT('',(1.67,5.82,2021.));
#12889=CARTESIAN_POINT('',(1.67,5.82,0.));
#12890=CARTESIAN_POINT('',(-1.67,5.82,0.));
#12891=CARTESIAN_POINT('',(-1.67,5.82,2021.));
#12892=CARTESIAN_POINT('',(-1.67,5.82,2021.));
#12893=CARTESIAN_POINT('',(1.67,5.82,2021.));
#12894=CARTESIAN_POINT('',(-1.67,5.82,2021.));
#12895=CARTESIAN_POINT('',(-1.67,5.82,0.));
#12896=CARTESIAN_POINT('',(-7.47372716776393,9.17078344261165,0.));
#12897=CARTESIAN_POINT('',(-7.47372716776393,9.17078344261165,2021.));
#12898=CARTESIAN_POINT('',(-7.47372716776393,9.17078344261165,2021.));
#12899=CARTESIAN_POINT('',(-1.67,5.82,2021.));
#12900=CARTESIAN_POINT('',(-7.47372716776393,9.17078344261165,2021.));
#12901=CARTESIAN_POINT('',(-7.47372716776393,9.17078344261165,0.));
#12902=CARTESIAN_POINT('',(-11.7,13.3970562748477,0.));
#12903=CARTESIAN_POINT('',(-11.7,13.3970562748477,2021.));
#12904=CARTESIAN_POINT('',(-11.7,13.3970562748477,2021.));
#12905=CARTESIAN_POINT('',(-7.47372716776393,9.17078344261165,2021.));
#12906=CARTESIAN_POINT('',(-11.7,13.3970562748477,2021.));
#12907=CARTESIAN_POINT('',(-11.7,13.3970562748477,0.));
#12908=CARTESIAN_POINT('',(-11.7,18.2,0.));
#12909=CARTESIAN_POINT('',(-11.7,18.2,2021.));
#12910=CARTESIAN_POINT('',(-11.7,18.2,2021.));
#12911=CARTESIAN_POINT('',(-11.7,13.3970562748477,2021.));
#12912=CARTESIAN_POINT('',(-11.7,18.2,2021.));
#12913=CARTESIAN_POINT('',(-11.7,18.2,0.));
#12914=CARTESIAN_POINT('',(-9.5,18.2,0.));
#12915=CARTESIAN_POINT('',(-9.5,18.2,2021.));
#12916=CARTESIAN_POINT('',(-9.5,18.2,2021.));
#12917=CARTESIAN_POINT('',(-11.7,18.2,2021.));
#12918=CARTESIAN_POINT('',(-9.5,18.2,2021.));
#12919=CARTESIAN_POINT('',(-9.5,18.2,0.));
#12920=CARTESIAN_POINT('',(-9.5,15.5,0.));
#12921=CARTESIAN_POINT('',(-9.5,15.5,2021.));
#12922=CARTESIAN_POINT('',(-9.5,15.5,2021.));
#12923=CARTESIAN_POINT('',(-9.5,18.2,2021.));
#12924=CARTESIAN_POINT('',(-9.5,15.5,2021.));
#12925=CARTESIAN_POINT('',(-9.5,15.5,0.));
#12926=CARTESIAN_POINT('',(-7.,15.5,0.));
#12927=CARTESIAN_POINT('',(-7.,15.5,2021.));
#12928=CARTESIAN_POINT('',(-7.,15.5,2021.));
#12929=CARTESIAN_POINT('',(-9.5,15.5,2021.));
#12930=CARTESIAN_POINT('',(-7.,15.5,2021.));
#12931=CARTESIAN_POINT('',(-7.,15.5,0.));
#12932=CARTESIAN_POINT('',(-7.,20.,0.));
#12933=CARTESIAN_POINT('',(-7.,20.,2021.));
#12934=CARTESIAN_POINT('',(-7.,20.,2021.));
#12935=CARTESIAN_POINT('',(-7.,15.5,2021.));
#12936=CARTESIAN_POINT('',(-7.,20.,2021.));
#12937=CARTESIAN_POINT('',(-7.,20.,0.));
#12938=CARTESIAN_POINT('',(-20.,20.,0.));
#12939=CARTESIAN_POINT('',(-20.,20.,2021.));
#12940=CARTESIAN_POINT('',(-20.,20.,2021.));
#12941=CARTESIAN_POINT('',(-7.,20.,2021.));
#12942=CARTESIAN_POINT('',(-20.,20.,2021.));
#12943=CARTESIAN_POINT('',(-20.,20.,0.));
#12944=CARTESIAN_POINT('',(-20.,7.,0.));
#12945=CARTESIAN_POINT('',(-20.,7.,2021.));
#12946=CARTESIAN_POINT('',(-20.,7.,2021.));
#12947=CARTESIAN_POINT('',(-20.,20.,2021.));
#12948=CARTESIAN_POINT('',(-20.,7.,2021.));
#12949=CARTESIAN_POINT('',(-20.,7.,0.));
#12950=CARTESIAN_POINT('',(-15.5,7.,0.));
#12951=CARTESIAN_POINT('',(-15.5,7.,2021.));
#12952=CARTESIAN_POINT('',(-15.5,7.,2021.));
#12953=CARTESIAN_POINT('',(-20.,7.,2021.));
#12954=CARTESIAN_POINT('',(-15.5,7.,2021.));
#12955=CARTESIAN_POINT('',(-15.5,7.,0.));
#12956=CARTESIAN_POINT('',(-15.5,9.5,0.));
#12957=CARTESIAN_POINT('',(-15.5,9.5,2021.));
#12958=CARTESIAN_POINT('',(-15.5,9.5,2021.));
#12959=CARTESIAN_POINT('',(-15.5,7.,2021.));
#12960=CARTESIAN_POINT('',(-15.5,9.5,2021.));
#12961=CARTESIAN_POINT('',(-15.5,9.5,0.));
#12962=CARTESIAN_POINT('',(-18.2,9.5,0.));
#12963=CARTESIAN_POINT('',(-18.2,9.5,2021.));
#12964=CARTESIAN_POINT('',(-18.2,9.5,2021.));
#12965=CARTESIAN_POINT('',(-15.5,9.5,2021.));
#12966=CARTESIAN_POINT('',(-18.2,9.5,2021.));
#12967=CARTESIAN_POINT('',(-18.2,9.5,0.));
#12968=CARTESIAN_POINT('',(-18.2,11.7,0.));
#12969=CARTESIAN_POINT('',(-18.2,11.7,2021.));
#12970=CARTESIAN_POINT('',(-18.2,11.7,2021.));
#12971=CARTESIAN_POINT('',(-18.2,9.5,2021.));
#12972=CARTESIAN_POINT('',(-18.2,11.7,2021.));
#12973=CARTESIAN_POINT('',(-18.2,11.7,0.));
#12974=CARTESIAN_POINT('',(-13.3970562748477,11.7,0.));
#12975=CARTESIAN_POINT('',(-13.3970562748477,11.7,2021.));
#12976=CARTESIAN_POINT('',(-13.3970562748477,11.7,2021.));
#12977=CARTESIAN_POINT('',(-18.2,11.7,2021.));
#12978=CARTESIAN_POINT('',(-13.3970562748477,11.7,2021.));
#12979=CARTESIAN_POINT('',(-13.3970562748477,11.7,0.));
#12980=CARTESIAN_POINT('',(-9.17078344261166,7.47372716776394,0.));
#12981=CARTESIAN_POINT('',(-9.17078344261166,7.47372716776394,2021.));
#12982=CARTESIAN_POINT('',(-9.17078344261166,7.47372716776394,2021.));
#12983=CARTESIAN_POINT('',(-13.3970562748477,11.7,2021.));
#12984=CARTESIAN_POINT('',(-9.17078344261166,7.47372716776394,2021.));
#12985=CARTESIAN_POINT('',(-9.17078344261166,7.47372716776394,0.));
#12986=CARTESIAN_POINT('',(-5.82,1.67,0.));
#12987=CARTESIAN_POINT('',(-5.82,1.67,2021.));
#12988=CARTESIAN_POINT('',(-5.82,1.67,2021.));
#12989=CARTESIAN_POINT('',(-9.17078344261166,7.47372716776394,2021.));
#12990=CARTESIAN_POINT('',(-5.82,1.67,2021.));
#12991=CARTESIAN_POINT('',(-5.82,1.67,0.));
#12992=CARTESIAN_POINT('',(-5.82,-1.67,0.));
#12993=CARTESIAN_POINT('',(-5.82,-1.67,2021.));
#12994=CARTESIAN_POINT('',(-5.82,-1.67,2021.));
#12995=CARTESIAN_POINT('',(-5.82,1.67,2021.));
#12996=CARTESIAN_POINT('',(-5.82,-1.67,2021.));
#12997=CARTESIAN_POINT('',(-5.82,-1.67,0.));
#12998=CARTESIAN_POINT('',(-9.17078344261165,-7.47372716776394,0.));
#12999=CARTESIAN_POINT('',(-9.17078344261165,-7.47372716776394,2021.));
#13000=CARTESIAN_POINT('',(-9.17078344261165,-7.47372716776394,2021.));
#13001=CARTESIAN_POINT('',(-5.82,-1.67,2021.));
#13002=CARTESIAN_POINT('',(-9.17078344261165,-7.47372716776394,2021.));
#13003=CARTESIAN_POINT('',(-9.17078344261165,-7.47372716776394,0.));
#13004=CARTESIAN_POINT('',(-13.3970562748477,-11.7,0.));
#13005=CARTESIAN_POINT('',(-13.3970562748477,-11.7,2021.));
#13006=CARTESIAN_POINT('',(-13.3970562748477,-11.7,2021.));
#13007=CARTESIAN_POINT('',(-9.17078344261165,-7.47372716776394,2021.));
#13008=CARTESIAN_POINT('',(-13.3970562748477,-11.7,2021.));
#13009=CARTESIAN_POINT('',(-13.3970562748477,-11.7,0.));
#13010=CARTESIAN_POINT('',(-18.2,-11.7,0.));
#13011=CARTESIAN_POINT('',(-18.2,-11.7,2021.));
#13012=CARTESIAN_POINT('',(-18.2,-11.7,2021.));
#13013=CARTESIAN_POINT('',(-13.3970562748477,-11.7,2021.));
#13014=CARTESIAN_POINT('',(-18.2,-11.7,2021.));
#13015=CARTESIAN_POINT('',(-18.2,-11.7,0.));
#13016=CARTESIAN_POINT('',(-18.2,-9.5,0.));
#13017=CARTESIAN_POINT('',(-18.2,-9.5,2021.));
#13018=CARTESIAN_POINT('',(-18.2,-9.5,2021.));
#13019=CARTESIAN_POINT('',(-18.2,-11.7,2021.));
#13020=CARTESIAN_POINT('',(-18.2,-9.5,2021.));
#13021=CARTESIAN_POINT('',(-18.2,-9.5,0.));
#13022=CARTESIAN_POINT('',(-15.5,-9.5,0.));
#13023=CARTESIAN_POINT('',(-15.5,-9.5,2021.));
#13024=CARTESIAN_POINT('',(-15.5,-9.5,2021.));
#13025=CARTESIAN_POINT('',(-18.2,-9.5,2021.));
#13026=CARTESIAN_POINT('',(18.7,18.7,2021.));
#13027=CARTESIAN_POINT('',(18.7,18.7,0.));
#13028=CARTESIAN_POINT('',(18.7,18.7,0.));
#13029=CARTESIAN_POINT('',(13.,18.7,0.));
#13030=CARTESIAN_POINT('',(18.7,18.7,2021.));
#13031=CARTESIAN_POINT('',(18.7,18.7,2021.));
#13032=CARTESIAN_POINT('',(18.7,18.7,2021.));
#13033=CARTESIAN_POINT('',(13.,18.7,2021.));
#13034=CARTESIAN_POINT('',(13.,18.7,2021.));
#13035=CARTESIAN_POINT('',(18.7,13.,2021.));
#13036=CARTESIAN_POINT('',(18.7,13.,0.));
#13037=CARTESIAN_POINT('',(18.7,13.,0.));
#13038=CARTESIAN_POINT('',(18.7,13.,2021.));
#13039=CARTESIAN_POINT('',(18.7,13.,2021.));
#13040=CARTESIAN_POINT('',(18.7,13.,2021.));
#13041=CARTESIAN_POINT('',(13.,13.,2021.));
#13042=CARTESIAN_POINT('',(13.,13.,0.));
#13043=CARTESIAN_POINT('',(13.,13.,0.));
#13044=CARTESIAN_POINT('',(13.,13.,2021.));
#13045=CARTESIAN_POINT('',(13.,13.,2021.));
#13046=CARTESIAN_POINT('',(13.,13.,2021.));
#13047=CARTESIAN_POINT('',(13.,-13.,2021.));
#13048=CARTESIAN_POINT('',(13.,-13.,0.));
#13049=CARTESIAN_POINT('',(13.,-13.,0.));
#13050=CARTESIAN_POINT('',(13.,-18.7,0.));
#13051=CARTESIAN_POINT('',(13.,-13.,2021.));
#13052=CARTESIAN_POINT('',(13.,-13.,2021.));
#13053=CARTESIAN_POINT('',(13.,-13.,2021.));
#13054=CARTESIAN_POINT('',(13.,-18.7,2021.));
#13055=CARTESIAN_POINT('',(13.,-18.7,2021.));
#13056=CARTESIAN_POINT('',(18.7,-13.,2021.));
#13057=CARTESIAN_POINT('',(18.7,-13.,0.));
#13058=CARTESIAN_POINT('',(18.7,-13.,0.));
#13059=CARTESIAN_POINT('',(18.7,-13.,2021.));
#13060=CARTESIAN_POINT('',(18.7,-13.,2021.));
#13061=CARTESIAN_POINT('',(18.7,-13.,2021.));
#13062=CARTESIAN_POINT('',(18.7,-18.7,2021.));
#13063=CARTESIAN_POINT('',(18.7,-18.7,0.));
#13064=CARTESIAN_POINT('',(18.7,-18.7,0.));
#13065=CARTESIAN_POINT('',(18.7,-18.7,2021.));
#13066=CARTESIAN_POINT('',(18.7,-18.7,2021.));
#13067=CARTESIAN_POINT('',(18.7,-18.7,2021.));
#13068=CARTESIAN_POINT('',(-1.30104260698261E-15,1.95156391047391E-15,2021.));
#13069=CARTESIAN_POINT('',(-1.30104260698261E-15,1.95156391047391E-15,0.));
#13070=CARTESIAN_POINT('',(-2.40416305603426,2.40416305603426,0.));
#13071=CARTESIAN_POINT('',(-3.4,-1.3263232922562E-15,0.));
#13072=CARTESIAN_POINT('',(-2.40416305603426,2.40416305603426,2021.));
#13073=CARTESIAN_POINT('',(-2.40416305603426,2.40416305603426,2021.));
#13074=CARTESIAN_POINT('',(-1.30104260698261E-15,1.95156391047391E-15,2021.));
#13075=CARTESIAN_POINT('',(-3.4,-1.3263232922562E-15,2021.));
#13076=CARTESIAN_POINT('',(-3.4,-1.3263232922562E-15,2021.));
#13077=CARTESIAN_POINT('',(-1.30104260698261E-15,-4.33680868994202E-16,
2021.));
#13078=CARTESIAN_POINT('',(-1.30104260698261E-15,-4.33680868994202E-16,
0.));
#13079=CARTESIAN_POINT('',(-9.64483113905268E-16,3.4,0.));
#13080=CARTESIAN_POINT('',(-9.64483113905268E-16,3.4,2021.));
#13081=CARTESIAN_POINT('',(-9.64483113905268E-16,3.4,2021.));
#13082=CARTESIAN_POINT('',(-1.30104260698261E-15,-4.33680868994202E-16,
2021.));
#13083=CARTESIAN_POINT('',(2.60208521396521E-15,3.03576608295941E-15,2021.));
#13084=CARTESIAN_POINT('',(2.60208521396521E-15,3.03576608295941E-15,0.));
#13085=CARTESIAN_POINT('',(2.40416305603426,2.40416305603426,0.));
#13086=CARTESIAN_POINT('',(2.40416305603426,2.40416305603426,2021.));
#13087=CARTESIAN_POINT('',(2.40416305603426,2.40416305603426,2021.));
#13088=CARTESIAN_POINT('',(2.60208521396521E-15,3.03576608295941E-15,2021.));
#13089=CARTESIAN_POINT('',(3.46944695195361E-15,2.81892564846231E-15,2021.));
#13090=CARTESIAN_POINT('',(3.46944695195361E-15,2.81892564846231E-15,0.));
#13091=CARTESIAN_POINT('',(3.4,3.00384717100143E-15,0.));
#13092=CARTESIAN_POINT('',(3.4,3.00384717100143E-15,2021.));
#13093=CARTESIAN_POINT('',(3.4,3.00384717100143E-15,2021.));
#13094=CARTESIAN_POINT('',(3.46944695195361E-15,2.81892564846231E-15,2021.));
#13095=CARTESIAN_POINT('',(4.33680868994202E-15,-3.03576608295941E-15,2021.));
#13096=CARTESIAN_POINT('',(4.33680868994202E-15,-3.03576608295941E-15,0.));
#13097=CARTESIAN_POINT('',(2.40416305603426,-2.40416305603426,0.));
#13098=CARTESIAN_POINT('',(2.40416305603426,-2.40416305603426,2021.));
#13099=CARTESIAN_POINT('',(2.40416305603426,-2.40416305603426,2021.));
#13100=CARTESIAN_POINT('',(4.33680868994202E-15,-3.03576608295941E-15,2021.));
#13101=CARTESIAN_POINT('',(2.38524477946811E-15,-5.63785129692462E-15,2021.));
#13102=CARTESIAN_POINT('',(2.38524477946811E-15,-5.63785129692462E-15,0.));
#13103=CARTESIAN_POINT('',(-3.44349551602746E-15,-3.4,0.));
#13104=CARTESIAN_POINT('',(-3.44349551602746E-15,-3.4,2021.));
#13105=CARTESIAN_POINT('',(-3.44349551602746E-15,-3.4,2021.));
#13106=CARTESIAN_POINT('',(2.38524477946811E-15,-5.63785129692462E-15,2021.));
#13107=CARTESIAN_POINT('',(-2.81892564846231E-15,-4.33680868994202E-15,
2021.));
#13108=CARTESIAN_POINT('',(-2.81892564846231E-15,-4.33680868994202E-15,
0.));
#13109=CARTESIAN_POINT('',(-2.40416305603426,-2.40416305603426,0.));
#13110=CARTESIAN_POINT('',(-2.40416305603426,-2.40416305603426,2021.));
#13111=CARTESIAN_POINT('',(-2.40416305603426,-2.40416305603426,2021.));
#13112=CARTESIAN_POINT('',(-2.81892564846231E-15,-4.33680868994202E-15,
2021.));
#13113=CARTESIAN_POINT('',(-18.7,18.7,2021.));
#13114=CARTESIAN_POINT('',(-18.7,18.7,0.));
#13115=CARTESIAN_POINT('',(-18.7,18.7,0.));
#13116=CARTESIAN_POINT('',(-18.7,13.,0.));
#13117=CARTESIAN_POINT('',(-18.7,18.7,2021.));
#13118=CARTESIAN_POINT('',(-18.7,18.7,2021.));
#13119=CARTESIAN_POINT('',(-18.7,18.7,2021.));
#13120=CARTESIAN_POINT('',(-18.7,13.,2021.));
#13121=CARTESIAN_POINT('',(-18.7,13.,2021.));
#13122=CARTESIAN_POINT('',(-13.,18.7,2021.));
#13123=CARTESIAN_POINT('',(-13.,18.7,0.));
#13124=CARTESIAN_POINT('',(-13.,18.7,0.));
#13125=CARTESIAN_POINT('',(-13.,18.7,2021.));
#13126=CARTESIAN_POINT('',(-13.,18.7,2021.));
#13127=CARTESIAN_POINT('',(-13.,18.7,2021.));
#13128=CARTESIAN_POINT('',(-13.,13.,2021.));
#13129=CARTESIAN_POINT('',(-13.,13.,0.));
#13130=CARTESIAN_POINT('',(-13.,13.,0.));
#13131=CARTESIAN_POINT('',(-13.,13.,2021.));
#13132=CARTESIAN_POINT('',(-13.,13.,2021.));
#13133=CARTESIAN_POINT('',(-13.,13.,2021.));
#13134=CARTESIAN_POINT('',(-13.,-13.,2021.));
#13135=CARTESIAN_POINT('',(-13.,-13.,0.));
#13136=CARTESIAN_POINT('',(-13.,-13.,0.));
#13137=CARTESIAN_POINT('',(-18.7,-13.,0.));
#13138=CARTESIAN_POINT('',(-13.,-13.,2021.));
#13139=CARTESIAN_POINT('',(-13.,-13.,2021.));
#13140=CARTESIAN_POINT('',(-13.,-13.,2021.));
#13141=CARTESIAN_POINT('',(-18.7,-13.,2021.));
#13142=CARTESIAN_POINT('',(-18.7,-13.,2021.));
#13143=CARTESIAN_POINT('',(-13.,-18.7,2021.));
#13144=CARTESIAN_POINT('',(-13.,-18.7,0.));
#13145=CARTESIAN_POINT('',(-13.,-18.7,0.));
#13146=CARTESIAN_POINT('',(-13.,-18.7,2021.));
#13147=CARTESIAN_POINT('',(-13.,-18.7,2021.));
#13148=CARTESIAN_POINT('',(-13.,-18.7,2021.));
#13149=CARTESIAN_POINT('',(-18.7,-18.7,2021.));
#13150=CARTESIAN_POINT('',(-18.7,-18.7,0.));
#13151=CARTESIAN_POINT('',(-18.7,-18.7,0.));
#13152=CARTESIAN_POINT('',(-18.7,-18.7,2021.));
#13153=CARTESIAN_POINT('',(-18.7,-18.7,2021.));
#13154=CARTESIAN_POINT('',(-18.7,-18.7,2021.));
#13155=CARTESIAN_POINT('',(13.,18.7,2021.));
#13156=CARTESIAN_POINT('',(13.,18.7,0.));
#13157=CARTESIAN_POINT('',(13.,18.7,2021.));
#13158=CARTESIAN_POINT('',(13.,-18.7,2021.));
#13159=CARTESIAN_POINT('',(13.,-18.7,0.));
#13160=CARTESIAN_POINT('',(13.,-18.7,2021.));
#13161=CARTESIAN_POINT('',(-1.73472347597681E-15,-3.25260651745651E-15,
2021.));
#13162=CARTESIAN_POINT('',(-1.73472347597681E-15,-3.25260651745651E-15,
0.));
#13163=CARTESIAN_POINT('',(-1.73472347597681E-15,-3.25260651745651E-15,
2021.));
#13164=CARTESIAN_POINT('',(-18.7,13.,2021.));
#13165=CARTESIAN_POINT('',(-18.7,13.,0.));
#13166=CARTESIAN_POINT('',(-18.7,13.,2021.));
#13167=CARTESIAN_POINT('',(-18.7,-13.,2021.));
#13168=CARTESIAN_POINT('',(-18.7,-13.,0.));
#13169=CARTESIAN_POINT('',(-18.7,-13.,2021.));
#13170=CARTESIAN_POINT('',(-15.5,-9.5,2021.));
#13171=CARTESIAN_POINT('',(-15.5,-9.5,0.));
#13172=CARTESIAN_POINT('',(-15.5,-9.5,2021.));
#13173=CARTESIAN_POINT('',(0.,0.,2021.));
#13174=CARTESIAN_POINT('',(0.,0.,0.));
#13175=CARTESIAN_POINT('',(1.29631339612294E-13,0.,-478.));
#13176=CARTESIAN_POINT('',(1.28743161192594E-13,2.5,-478.));
#13177=CARTESIAN_POINT('',(-15.5,-7.,438.));
#13178=CARTESIAN_POINT('',(-15.5,-7.,0.));
#13179=CARTESIAN_POINT('',(-15.5,-7.,0.));
#13180=CARTESIAN_POINT('',(-20.,-7.,0.));
#13181=CARTESIAN_POINT('',(-20.,-7.,438.));
#13182=CARTESIAN_POINT('',(-20.,-7.,438.));
#13183=CARTESIAN_POINT('',(-15.5,-7.,438.));
#13184=CARTESIAN_POINT('',(-15.5,-7.,438.));
#13185=CARTESIAN_POINT('',(-15.5,-7.,438.));
#13186=CARTESIAN_POINT('',(-20.,-7.,438.));
#13187=CARTESIAN_POINT('',(-20.,-7.,0.));
#13188=CARTESIAN_POINT('',(-20.,-20.,0.));
#13189=CARTESIAN_POINT('',(-20.,-20.,438.));
#13190=CARTESIAN_POINT('',(-20.,-20.,438.));
#13191=CARTESIAN_POINT('',(-20.,-7.,438.));
#13192=CARTESIAN_POINT('',(-20.,-20.,438.));
#13193=CARTESIAN_POINT('',(-20.,-20.,0.));
#13194=CARTESIAN_POINT('',(-7.,-20.,0.));
#13195=CARTESIAN_POINT('',(-7.,-20.,438.));
#13196=CARTESIAN_POINT('',(-7.,-20.,438.));
#13197=CARTESIAN_POINT('',(-20.,-20.,438.));
#13198=CARTESIAN_POINT('',(-7.,-20.,438.));
#13199=CARTESIAN_POINT('',(-7.,-20.,0.));
#13200=CARTESIAN_POINT('',(-7.,-15.5,0.));
#13201=CARTESIAN_POINT('',(-7.,-15.5,438.));
#13202=CARTESIAN_POINT('',(-7.,-15.5,438.));
#13203=CARTESIAN_POINT('',(-7.,-20.,438.));
#13204=CARTESIAN_POINT('',(-7.,-15.5,438.));
#13205=CARTESIAN_POINT('',(-7.,-15.5,0.));
#13206=CARTESIAN_POINT('',(-9.5,-15.5,0.));
#13207=CARTESIAN_POINT('',(-9.5,-15.5,438.));
#13208=CARTESIAN_POINT('',(-9.5,-15.5,438.));
#13209=CARTESIAN_POINT('',(-7.,-15.5,438.));
#13210=CARTESIAN_POINT('',(-9.5,-15.5,438.));
#13211=CARTESIAN_POINT('',(-9.5,-15.5,0.));
#13212=CARTESIAN_POINT('',(-9.5,-18.2,0.));
#13213=CARTESIAN_POINT('',(-9.5,-18.2,438.));
#13214=CARTESIAN_POINT('',(-9.5,-18.2,438.));
#13215=CARTESIAN_POINT('',(-9.5,-15.5,438.));
#13216=CARTESIAN_POINT('',(-9.5,-18.2,438.));
#13217=CARTESIAN_POINT('',(-9.5,-18.2,0.));
#13218=CARTESIAN_POINT('',(-11.7,-18.2,0.));
#13219=CARTESIAN_POINT('',(-11.7,-18.2,438.));
#13220=CARTESIAN_POINT('',(-11.7,-18.2,438.));
#13221=CARTESIAN_POINT('',(-9.5,-18.2,438.));
#13222=CARTESIAN_POINT('',(-11.7,-18.2,438.));
#13223=CARTESIAN_POINT('',(-11.7,-18.2,0.));
#13224=CARTESIAN_POINT('',(-11.7,-13.3970562748477,0.));
#13225=CARTESIAN_POINT('',(-11.7,-13.3970562748477,438.));
#13226=CARTESIAN_POINT('',(-11.7,-13.3970562748477,438.));
#13227=CARTESIAN_POINT('',(-11.7,-18.2,438.));
#13228=CARTESIAN_POINT('',(-11.7,-13.3970562748477,438.));
#13229=CARTESIAN_POINT('',(-11.7,-13.3970562748477,0.));
#13230=CARTESIAN_POINT('',(-7.47372716776394,-9.17078344261165,0.));
#13231=CARTESIAN_POINT('',(-7.47372716776394,-9.17078344261165,438.));
#13232=CARTESIAN_POINT('',(-7.47372716776394,-9.17078344261165,438.));
#13233=CARTESIAN_POINT('',(-11.7,-13.3970562748477,438.));
#13234=CARTESIAN_POINT('',(-7.47372716776394,-9.17078344261165,438.));
#13235=CARTESIAN_POINT('',(-7.47372716776394,-9.17078344261165,0.));
#13236=CARTESIAN_POINT('',(-1.67,-5.82,0.));
#13237=CARTESIAN_POINT('',(-1.67,-5.82,438.));
#13238=CARTESIAN_POINT('',(-1.67,-5.82,438.));
#13239=CARTESIAN_POINT('',(-7.47372716776394,-9.17078344261165,438.));
#13240=CARTESIAN_POINT('',(-1.67,-5.82,438.));
#13241=CARTESIAN_POINT('',(-1.67,-5.82,0.));
#13242=CARTESIAN_POINT('',(1.67,-5.82,0.));
#13243=CARTESIAN_POINT('',(1.67,-5.82,438.));
#13244=CARTESIAN_POINT('',(1.67,-5.82,438.));
#13245=CARTESIAN_POINT('',(-1.67,-5.82,438.));
#13246=CARTESIAN_POINT('',(1.67,-5.82,438.));
#13247=CARTESIAN_POINT('',(1.67,-5.82,0.));
#13248=CARTESIAN_POINT('',(7.47372716776395,-9.17078344261166,0.));
#13249=CARTESIAN_POINT('',(7.47372716776395,-9.17078344261166,438.));
#13250=CARTESIAN_POINT('',(7.47372716776395,-9.17078344261166,438.));
#13251=CARTESIAN_POINT('',(1.67,-5.82,438.));
#13252=CARTESIAN_POINT('',(7.47372716776395,-9.17078344261166,438.));
#13253=CARTESIAN_POINT('',(7.47372716776395,-9.17078344261166,0.));
#13254=CARTESIAN_POINT('',(11.7,-13.3970562748477,0.));
#13255=CARTESIAN_POINT('',(11.7,-13.3970562748477,438.));
#13256=CARTESIAN_POINT('',(11.7,-13.3970562748477,438.));
#13257=CARTESIAN_POINT('',(7.47372716776395,-9.17078344261166,438.));
#13258=CARTESIAN_POINT('',(11.7,-13.3970562748477,438.));
#13259=CARTESIAN_POINT('',(11.7,-13.3970562748477,0.));
#13260=CARTESIAN_POINT('',(11.7,-18.2,0.));
#13261=CARTESIAN_POINT('',(11.7,-18.2,438.));
#13262=CARTESIAN_POINT('',(11.7,-18.2,438.));
#13263=CARTESIAN_POINT('',(11.7,-13.3970562748477,438.));
#13264=CARTESIAN_POINT('',(11.7,-18.2,438.));
#13265=CARTESIAN_POINT('',(11.7,-18.2,0.));
#13266=CARTESIAN_POINT('',(9.5,-18.2,0.));
#13267=CARTESIAN_POINT('',(9.5,-18.2,438.));
#13268=CARTESIAN_POINT('',(9.5,-18.2,438.));
#13269=CARTESIAN_POINT('',(11.7,-18.2,438.));
#13270=CARTESIAN_POINT('',(9.5,-18.2,438.));
#13271=CARTESIAN_POINT('',(9.5,-18.2,0.));
#13272=CARTESIAN_POINT('',(9.5,-15.5,0.));
#13273=CARTESIAN_POINT('',(9.5,-15.5,438.));
#13274=CARTESIAN_POINT('',(9.5,-15.5,438.));
#13275=CARTESIAN_POINT('',(9.5,-18.2,438.));
#13276=CARTESIAN_POINT('',(9.5,-15.5,438.));
#13277=CARTESIAN_POINT('',(9.5,-15.5,0.));
#13278=CARTESIAN_POINT('',(7.,-15.5,0.));
#13279=CARTESIAN_POINT('',(7.,-15.5,438.));
#13280=CARTESIAN_POINT('',(7.,-15.5,438.));
#13281=CARTESIAN_POINT('',(9.5,-15.5,438.));
#13282=CARTESIAN_POINT('',(7.,-15.5,438.));
#13283=CARTESIAN_POINT('',(7.,-15.5,0.));
#13284=CARTESIAN_POINT('',(7.,-20.,0.));
#13285=CARTESIAN_POINT('',(7.,-20.,438.));
#13286=CARTESIAN_POINT('',(7.,-20.,438.));
#13287=CARTESIAN_POINT('',(7.,-15.5,438.));
#13288=CARTESIAN_POINT('',(7.,-20.,438.));
#13289=CARTESIAN_POINT('',(7.,-20.,0.));
#13290=CARTESIAN_POINT('',(20.,-20.,0.));
#13291=CARTESIAN_POINT('',(20.,-20.,438.));
#13292=CARTESIAN_POINT('',(20.,-20.,438.));
#13293=CARTESIAN_POINT('',(7.,-20.,438.));
#13294=CARTESIAN_POINT('',(20.,-20.,438.));
#13295=CARTESIAN_POINT('',(20.,-20.,0.));
#13296=CARTESIAN_POINT('',(20.,-7.,0.));
#13297=CARTESIAN_POINT('',(20.,-7.,438.));
#13298=CARTESIAN_POINT('',(20.,-7.,438.));
#13299=CARTESIAN_POINT('',(20.,-20.,438.));
#13300=CARTESIAN_POINT('',(20.,-7.,438.));
#13301=CARTESIAN_POINT('',(20.,-7.,0.));
#13302=CARTESIAN_POINT('',(15.5,-7.,0.));
#13303=CARTESIAN_POINT('',(15.5,-7.,438.));
#13304=CARTESIAN_POINT('',(15.5,-7.,438.));
#13305=CARTESIAN_POINT('',(20.,-7.,438.));
#13306=CARTESIAN_POINT('',(15.5,-7.,438.));
#13307=CARTESIAN_POINT('',(15.5,-7.,0.));
#13308=CARTESIAN_POINT('',(15.5,-9.5,0.));
#13309=CARTESIAN_POINT('',(15.5,-9.5,438.));
#13310=CARTESIAN_POINT('',(15.5,-9.5,438.));
#13311=CARTESIAN_POINT('',(15.5,-7.,438.));
#13312=CARTESIAN_POINT('',(15.5,-9.5,438.));
#13313=CARTESIAN_POINT('',(15.5,-9.5,0.));
#13314=CARTESIAN_POINT('',(18.2,-9.5,0.));
#13315=CARTESIAN_POINT('',(18.2,-9.5,438.));
#13316=CARTESIAN_POINT('',(18.2,-9.5,438.));
#13317=CARTESIAN_POINT('',(15.5,-9.5,438.));
#13318=CARTESIAN_POINT('',(18.2,-9.5,438.));
#13319=CARTESIAN_POINT('',(18.2,-9.5,0.));
#13320=CARTESIAN_POINT('',(18.2,-11.7,0.));
#13321=CARTESIAN_POINT('',(18.2,-11.7,438.));
#13322=CARTESIAN_POINT('',(18.2,-11.7,438.));
#13323=CARTESIAN_POINT('',(18.2,-9.5,438.));
#13324=CARTESIAN_POINT('',(18.2,-11.7,438.));
#13325=CARTESIAN_POINT('',(18.2,-11.7,0.));
#13326=CARTESIAN_POINT('',(13.3970562748477,-11.7,0.));
#13327=CARTESIAN_POINT('',(13.3970562748477,-11.7,438.));
#13328=CARTESIAN_POINT('',(13.3970562748477,-11.7,438.));
#13329=CARTESIAN_POINT('',(18.2,-11.7,438.));
#13330=CARTESIAN_POINT('',(13.3970562748477,-11.7,438.));
#13331=CARTESIAN_POINT('',(13.3970562748477,-11.7,0.));
#13332=CARTESIAN_POINT('',(9.17078344261165,-7.47372716776393,0.));
#13333=CARTESIAN_POINT('',(9.17078344261165,-7.47372716776393,438.));
#13334=CARTESIAN_POINT('',(9.17078344261165,-7.47372716776393,438.));
#13335=CARTESIAN_POINT('',(13.3970562748477,-11.7,438.));
#13336=CARTESIAN_POINT('',(9.17078344261165,-7.47372716776393,438.));
#13337=CARTESIAN_POINT('',(9.17078344261165,-7.47372716776393,0.));
#13338=CARTESIAN_POINT('',(5.82,-1.67,0.));
#13339=CARTESIAN_POINT('',(5.82,-1.67,438.));
#13340=CARTESIAN_POINT('',(5.82,-1.67,438.));
#13341=CARTESIAN_POINT('',(9.17078344261165,-7.47372716776393,438.));
#13342=CARTESIAN_POINT('',(5.82,-1.67,438.));
#13343=CARTESIAN_POINT('',(5.82,-1.67,0.));
#13344=CARTESIAN_POINT('',(5.82,1.67,0.));
#13345=CARTESIAN_POINT('',(5.82,1.67,438.));
#13346=CARTESIAN_POINT('',(5.82,1.67,438.));
#13347=CARTESIAN_POINT('',(5.82,-1.67,438.));
#13348=CARTESIAN_POINT('',(5.82,1.67,438.));
#13349=CARTESIAN_POINT('',(5.82,1.67,0.));
#13350=CARTESIAN_POINT('',(9.17078344261165,7.47372716776394,0.));
#13351=CARTESIAN_POINT('',(9.17078344261165,7.47372716776394,438.));
#13352=CARTESIAN_POINT('',(9.17078344261165,7.47372716776394,438.));
#13353=CARTESIAN_POINT('',(5.82,1.67,438.));
#13354=CARTESIAN_POINT('',(9.17078344261165,7.47372716776394,438.));
#13355=CARTESIAN_POINT('',(9.17078344261165,7.47372716776394,0.));
#13356=CARTESIAN_POINT('',(13.3970562748477,11.7,0.));
#13357=CARTESIAN_POINT('',(13.3970562748477,11.7,438.));
#13358=CARTESIAN_POINT('',(13.3970562748477,11.7,438.));
#13359=CARTESIAN_POINT('',(9.17078344261165,7.47372716776394,438.));
#13360=CARTESIAN_POINT('',(13.3970562748477,11.7,438.));
#13361=CARTESIAN_POINT('',(13.3970562748477,11.7,0.));
#13362=CARTESIAN_POINT('',(18.2,11.7,0.));
#13363=CARTESIAN_POINT('',(18.2,11.7,438.));
#13364=CARTESIAN_POINT('',(18.2,11.7,438.));
#13365=CARTESIAN_POINT('',(13.3970562748477,11.7,438.));
#13366=CARTESIAN_POINT('',(18.2,11.7,438.));
#13367=CARTESIAN_POINT('',(18.2,11.7,0.));
#13368=CARTESIAN_POINT('',(18.2,9.5,0.));
#13369=CARTESIAN_POINT('',(18.2,9.5,438.));
#13370=CARTESIAN_POINT('',(18.2,9.5,438.));
#13371=CARTESIAN_POINT('',(18.2,11.7,438.));
#13372=CARTESIAN_POINT('',(18.2,9.5,438.));
#13373=CARTESIAN_POINT('',(18.2,9.5,0.));
#13374=CARTESIAN_POINT('',(15.5,9.5,0.));
#13375=CARTESIAN_POINT('',(15.5,9.5,438.));
#13376=CARTESIAN_POINT('',(15.5,9.5,438.));
#13377=CARTESIAN_POINT('',(18.2,9.5,438.));
#13378=CARTESIAN_POINT('',(15.5,9.5,438.));
#13379=CARTESIAN_POINT('',(15.5,9.5,0.));
#13380=CARTESIAN_POINT('',(15.5,7.,0.));
#13381=CARTESIAN_POINT('',(15.5,7.,438.));
#13382=CARTESIAN_POINT('',(15.5,7.,438.));
#13383=CARTESIAN_POINT('',(15.5,9.5,438.));
#13384=CARTESIAN_POINT('',(15.5,7.,438.));
#13385=CARTESIAN_POINT('',(15.5,7.,0.));
#13386=CARTESIAN_POINT('',(20.,7.,0.));
#13387=CARTESIAN_POINT('',(20.,7.,438.));
#13388=CARTESIAN_POINT('',(20.,7.,438.));
#13389=CARTESIAN_POINT('',(15.5,7.,438.));
#13390=CARTESIAN_POINT('',(20.,7.,438.));
#13391=CARTESIAN_POINT('',(20.,7.,0.));
#13392=CARTESIAN_POINT('',(20.,20.,0.));
#13393=CARTESIAN_POINT('',(20.,20.,438.));
#13394=CARTESIAN_POINT('',(20.,20.,438.));
#13395=CARTESIAN_POINT('',(20.,7.,438.));
#13396=CARTESIAN_POINT('',(20.,20.,438.));
#13397=CARTESIAN_POINT('',(20.,20.,0.));
#13398=CARTESIAN_POINT('',(7.,20.,0.));
#13399=CARTESIAN_POINT('',(7.,20.,438.));
#13400=CARTESIAN_POINT('',(7.,20.,438.));
#13401=CARTESIAN_POINT('',(20.,20.,438.));
#13402=CARTESIAN_POINT('',(7.,20.,438.));
#13403=CARTESIAN_POINT('',(7.,20.,0.));
#13404=CARTESIAN_POINT('',(7.,15.5,0.));
#13405=CARTESIAN_POINT('',(7.,15.5,438.));
#13406=CARTESIAN_POINT('',(7.,15.5,438.));
#13407=CARTESIAN_POINT('',(7.,20.,438.));
#13408=CARTESIAN_POINT('',(7.,15.5,438.));
#13409=CARTESIAN_POINT('',(7.,15.5,0.));
#13410=CARTESIAN_POINT('',(9.5,15.5,0.));
#13411=CARTESIAN_POINT('',(9.5,15.5,438.));
#13412=CARTESIAN_POINT('',(9.5,15.5,438.));
#13413=CARTESIAN_POINT('',(7.,15.5,438.));
#13414=CARTESIAN_POINT('',(9.5,15.5,438.));
#13415=CARTESIAN_POINT('',(9.5,15.5,0.));
#13416=CARTESIAN_POINT('',(9.5,18.2,0.));
#13417=CARTESIAN_POINT('',(9.5,18.2,438.));
#13418=CARTESIAN_POINT('',(9.5,18.2,438.));
#13419=CARTESIAN_POINT('',(9.5,15.5,438.));
#13420=CARTESIAN_POINT('',(9.5,18.2,438.));
#13421=CARTESIAN_POINT('',(9.5,18.2,0.));
#13422=CARTESIAN_POINT('',(11.7,18.2,0.));
#13423=CARTESIAN_POINT('',(11.7,18.2,438.));
#13424=CARTESIAN_POINT('',(11.7,18.2,438.));
#13425=CARTESIAN_POINT('',(9.5,18.2,438.));
#13426=CARTESIAN_POINT('',(11.7,18.2,438.));
#13427=CARTESIAN_POINT('',(11.7,18.2,0.));
#13428=CARTESIAN_POINT('',(11.7,13.3970562748477,0.));
#13429=CARTESIAN_POINT('',(11.7,13.3970562748477,438.));
#13430=CARTESIAN_POINT('',(11.7,13.3970562748477,438.));
#13431=CARTESIAN_POINT('',(11.7,18.2,438.));
#13432=CARTESIAN_POINT('',(11.7,13.3970562748477,438.));
#13433=CARTESIAN_POINT('',(11.7,13.3970562748477,0.));
#13434=CARTESIAN_POINT('',(7.47372716776394,9.17078344261165,0.));
#13435=CARTESIAN_POINT('',(7.47372716776394,9.17078344261165,438.));
#13436=CARTESIAN_POINT('',(7.47372716776394,9.17078344261165,438.));
#13437=CARTESIAN_POINT('',(11.7,13.3970562748477,438.));
#13438=CARTESIAN_POINT('',(7.47372716776394,9.17078344261165,438.));
#13439=CARTESIAN_POINT('',(7.47372716776394,9.17078344261165,0.));
#13440=CARTESIAN_POINT('',(1.67,5.82,0.));
#13441=CARTESIAN_POINT('',(1.67,5.82,438.));
#13442=CARTESIAN_POINT('',(1.67,5.82,438.));
#13443=CARTESIAN_POINT('',(7.47372716776394,9.17078344261165,438.));
#13444=CARTESIAN_POINT('',(1.67,5.82,438.));
#13445=CARTESIAN_POINT('',(1.67,5.82,0.));
#13446=CARTESIAN_POINT('',(-1.67,5.82,0.));
#13447=CARTESIAN_POINT('',(-1.67,5.82,438.));
#13448=CARTESIAN_POINT('',(-1.67,5.82,438.));
#13449=CARTESIAN_POINT('',(1.67,5.82,438.));
#13450=CARTESIAN_POINT('',(-1.67,5.82,438.));
#13451=CARTESIAN_POINT('',(-1.67,5.82,0.));
#13452=CARTESIAN_POINT('',(-7.47372716776393,9.17078344261165,0.));
#13453=CARTESIAN_POINT('',(-7.47372716776393,9.17078344261165,438.));
#13454=CARTESIAN_POINT('',(-7.47372716776393,9.17078344261165,438.));
#13455=CARTESIAN_POINT('',(-1.67,5.82,438.));
#13456=CARTESIAN_POINT('',(-7.47372716776393,9.17078344261165,438.));
#13457=CARTESIAN_POINT('',(-7.47372716776393,9.17078344261165,0.));
#13458=CARTESIAN_POINT('',(-11.7,13.3970562748477,0.));
#13459=CARTESIAN_POINT('',(-11.7,13.3970562748477,438.));
#13460=CARTESIAN_POINT('',(-11.7,13.3970562748477,438.));
#13461=CARTESIAN_POINT('',(-7.47372716776393,9.17078344261165,438.));
#13462=CARTESIAN_POINT('',(-11.7,13.3970562748477,438.));
#13463=CARTESIAN_POINT('',(-11.7,13.3970562748477,0.));
#13464=CARTESIAN_POINT('',(-11.7,18.2,0.));
#13465=CARTESIAN_POINT('',(-11.7,18.2,438.));
#13466=CARTESIAN_POINT('',(-11.7,18.2,438.));
#13467=CARTESIAN_POINT('',(-11.7,13.3970562748477,438.));
#13468=CARTESIAN_POINT('',(-11.7,18.2,438.));
#13469=CARTESIAN_POINT('',(-11.7,18.2,0.));
#13470=CARTESIAN_POINT('',(-9.5,18.2,0.));
#13471=CARTESIAN_POINT('',(-9.5,18.2,438.));
#13472=CARTESIAN_POINT('',(-9.5,18.2,438.));
#13473=CARTESIAN_POINT('',(-11.7,18.2,438.));
#13474=CARTESIAN_POINT('',(-9.5,18.2,438.));
#13475=CARTESIAN_POINT('',(-9.5,18.2,0.));
#13476=CARTESIAN_POINT('',(-9.5,15.5,0.));
#13477=CARTESIAN_POINT('',(-9.5,15.5,438.));
#13478=CARTESIAN_POINT('',(-9.5,15.5,438.));
#13479=CARTESIAN_POINT('',(-9.5,18.2,438.));
#13480=CARTESIAN_POINT('',(-9.5,15.5,438.));
#13481=CARTESIAN_POINT('',(-9.5,15.5,0.));
#13482=CARTESIAN_POINT('',(-7.,15.5,0.));
#13483=CARTESIAN_POINT('',(-7.,15.5,438.));
#13484=CARTESIAN_POINT('',(-7.,15.5,438.));
#13485=CARTESIAN_POINT('',(-9.5,15.5,438.));
#13486=CARTESIAN_POINT('',(-7.,15.5,438.));
#13487=CARTESIAN_POINT('',(-7.,15.5,0.));
#13488=CARTESIAN_POINT('',(-7.,20.,0.));
#13489=CARTESIAN_POINT('',(-7.,20.,438.));
#13490=CARTESIAN_POINT('',(-7.,20.,438.));
#13491=CARTESIAN_POINT('',(-7.,15.5,438.));
#13492=CARTESIAN_POINT('',(-7.,20.,438.));
#13493=CARTESIAN_POINT('',(-7.,20.,0.));
#13494=CARTESIAN_POINT('',(-20.,20.,0.));
#13495=CARTESIAN_POINT('',(-20.,20.,438.));
#13496=CARTESIAN_POINT('',(-20.,20.,438.));
#13497=CARTESIAN_POINT('',(-7.,20.,438.));
#13498=CARTESIAN_POINT('',(-20.,20.,438.));
#13499=CARTESIAN_POINT('',(-20.,20.,0.));
#13500=CARTESIAN_POINT('',(-20.,7.,0.));
#13501=CARTESIAN_POINT('',(-20.,7.,438.));
#13502=CARTESIAN_POINT('',(-20.,7.,438.));
#13503=CARTESIAN_POINT('',(-20.,20.,438.));
#13504=CARTESIAN_POINT('',(-20.,7.,438.));
#13505=CARTESIAN_POINT('',(-20.,7.,0.));
#13506=CARTESIAN_POINT('',(-15.5,7.,0.));
#13507=CARTESIAN_POINT('',(-15.5,7.,438.));
#13508=CARTESIAN_POINT('',(-15.5,7.,438.));
#13509=CARTESIAN_POINT('',(-20.,7.,438.));
#13510=CARTESIAN_POINT('',(-15.5,7.,438.));
#13511=CARTESIAN_POINT('',(-15.5,7.,0.));
#13512=CARTESIAN_POINT('',(-15.5,9.5,0.));
#13513=CARTESIAN_POINT('',(-15.5,9.5,438.));
#13514=CARTESIAN_POINT('',(-15.5,9.5,438.));
#13515=CARTESIAN_POINT('',(-15.5,7.,438.));
#13516=CARTESIAN_POINT('',(-15.5,9.5,438.));
#13517=CARTESIAN_POINT('',(-15.5,9.5,0.));
#13518=CARTESIAN_POINT('',(-18.2,9.5,0.));
#13519=CARTESIAN_POINT('',(-18.2,9.5,438.));
#13520=CARTESIAN_POINT('',(-18.2,9.5,438.));
#13521=CARTESIAN_POINT('',(-15.5,9.5,438.));
#13522=CARTESIAN_POINT('',(-18.2,9.5,438.));
#13523=CARTESIAN_POINT('',(-18.2,9.5,0.));
#13524=CARTESIAN_POINT('',(-18.2,11.7,0.));
#13525=CARTESIAN_POINT('',(-18.2,11.7,438.));
#13526=CARTESIAN_POINT('',(-18.2,11.7,438.));
#13527=CARTESIAN_POINT('',(-18.2,9.5,438.));
#13528=CARTESIAN_POINT('',(-18.2,11.7,438.));
#13529=CARTESIAN_POINT('',(-18.2,11.7,0.));
#13530=CARTESIAN_POINT('',(-13.3970562748477,11.7,0.));
#13531=CARTESIAN_POINT('',(-13.3970562748477,11.7,438.));
#13532=CARTESIAN_POINT('',(-13.3970562748477,11.7,438.));
#13533=CARTESIAN_POINT('',(-18.2,11.7,438.));
#13534=CARTESIAN_POINT('',(-13.3970562748477,11.7,438.));
#13535=CARTESIAN_POINT('',(-13.3970562748477,11.7,0.));
#13536=CARTESIAN_POINT('',(-9.17078344261166,7.47372716776394,0.));
#13537=CARTESIAN_POINT('',(-9.17078344261166,7.47372716776394,438.));
#13538=CARTESIAN_POINT('',(-9.17078344261166,7.47372716776394,438.));
#13539=CARTESIAN_POINT('',(-13.3970562748477,11.7,438.));
#13540=CARTESIAN_POINT('',(-9.17078344261166,7.47372716776394,438.));
#13541=CARTESIAN_POINT('',(-9.17078344261166,7.47372716776394,0.));
#13542=CARTESIAN_POINT('',(-5.82,1.67,0.));
#13543=CARTESIAN_POINT('',(-5.82,1.67,438.));
#13544=CARTESIAN_POINT('',(-5.82,1.67,438.));
#13545=CARTESIAN_POINT('',(-9.17078344261166,7.47372716776394,438.));
#13546=CARTESIAN_POINT('',(-5.82,1.67,438.));
#13547=CARTESIAN_POINT('',(-5.82,1.67,0.));
#13548=CARTESIAN_POINT('',(-5.82,-1.67,0.));
#13549=CARTESIAN_POINT('',(-5.82,-1.67,438.));
#13550=CARTESIAN_POINT('',(-5.82,-1.67,438.));
#13551=CARTESIAN_POINT('',(-5.82,1.67,438.));
#13552=CARTESIAN_POINT('',(-5.82,-1.67,438.));
#13553=CARTESIAN_POINT('',(-5.82,-1.67,0.));
#13554=CARTESIAN_POINT('',(-9.17078344261165,-7.47372716776394,0.));
#13555=CARTESIAN_POINT('',(-9.17078344261165,-7.47372716776394,438.));
#13556=CARTESIAN_POINT('',(-9.17078344261165,-7.47372716776394,438.));
#13557=CARTESIAN_POINT('',(-5.82,-1.67,438.));
#13558=CARTESIAN_POINT('',(-9.17078344261165,-7.47372716776394,438.));
#13559=CARTESIAN_POINT('',(-9.17078344261165,-7.47372716776394,0.));
#13560=CARTESIAN_POINT('',(-13.3970562748477,-11.7,0.));
#13561=CARTESIAN_POINT('',(-13.3970562748477,-11.7,438.));
#13562=CARTESIAN_POINT('',(-13.3970562748477,-11.7,438.));
#13563=CARTESIAN_POINT('',(-9.17078344261165,-7.47372716776394,438.));
#13564=CARTESIAN_POINT('',(-13.3970562748477,-11.7,438.));
#13565=CARTESIAN_POINT('',(-13.3970562748477,-11.7,0.));
#13566=CARTESIAN_POINT('',(-18.2,-11.7,0.));
#13567=CARTESIAN_POINT('',(-18.2,-11.7,438.));
#13568=CARTESIAN_POINT('',(-18.2,-11.7,438.));
#13569=CARTESIAN_POINT('',(-13.3970562748477,-11.7,438.));
#13570=CARTESIAN_POINT('',(-18.2,-11.7,438.));
#13571=CARTESIAN_POINT('',(-18.2,-11.7,0.));
#13572=CARTESIAN_POINT('',(-18.2,-9.5,0.));
#13573=CARTESIAN_POINT('',(-18.2,-9.5,438.));
#13574=CARTESIAN_POINT('',(-18.2,-9.5,438.));
#13575=CARTESIAN_POINT('',(-18.2,-11.7,438.));
#13576=CARTESIAN_POINT('',(-18.2,-9.5,438.));
#13577=CARTESIAN_POINT('',(-18.2,-9.5,0.));
#13578=CARTESIAN_POINT('',(-15.5,-9.5,0.));
#13579=CARTESIAN_POINT('',(-15.5,-9.5,438.));
#13580=CARTESIAN_POINT('',(-15.5,-9.5,438.));
#13581=CARTESIAN_POINT('',(-18.2,-9.5,438.));
#13582=CARTESIAN_POINT('',(18.7,18.7,438.));
#13583=CARTESIAN_POINT('',(18.7,18.7,0.));
#13584=CARTESIAN_POINT('',(18.7,18.7,0.));
#13585=CARTESIAN_POINT('',(13.,18.7,0.));
#13586=CARTESIAN_POINT('',(18.7,18.7,438.));
#13587=CARTESIAN_POINT('',(18.7,18.7,438.));
#13588=CARTESIAN_POINT('',(18.7,18.7,438.));
#13589=CARTESIAN_POINT('',(13.,18.7,438.));
#13590=CARTESIAN_POINT('',(13.,18.7,438.));
#13591=CARTESIAN_POINT('',(18.7,13.,438.));
#13592=CARTESIAN_POINT('',(18.7,13.,0.));
#13593=CARTESIAN_POINT('',(18.7,13.,0.));
#13594=CARTESIAN_POINT('',(18.7,13.,438.));
#13595=CARTESIAN_POINT('',(18.7,13.,438.));
#13596=CARTESIAN_POINT('',(18.7,13.,438.));
#13597=CARTESIAN_POINT('',(13.,13.,438.));
#13598=CARTESIAN_POINT('',(13.,13.,0.));
#13599=CARTESIAN_POINT('',(13.,13.,0.));
#13600=CARTESIAN_POINT('',(13.,13.,438.));
#13601=CARTESIAN_POINT('',(13.,13.,438.));
#13602=CARTESIAN_POINT('',(13.,13.,438.));
#13603=CARTESIAN_POINT('',(13.,-13.,438.));
#13604=CARTESIAN_POINT('',(13.,-13.,0.));
#13605=CARTESIAN_POINT('',(13.,-13.,0.));
#13606=CARTESIAN_POINT('',(13.,-18.7,0.));
#13607=CARTESIAN_POINT('',(13.,-13.,438.));
#13608=CARTESIAN_POINT('',(13.,-13.,438.));
#13609=CARTESIAN_POINT('',(13.,-13.,438.));
#13610=CARTESIAN_POINT('',(13.,-18.7,438.));
#13611=CARTESIAN_POINT('',(13.,-18.7,438.));
#13612=CARTESIAN_POINT('',(18.7,-13.,438.));
#13613=CARTESIAN_POINT('',(18.7,-13.,0.));
#13614=CARTESIAN_POINT('',(18.7,-13.,0.));
#13615=CARTESIAN_POINT('',(18.7,-13.,438.));
#13616=CARTESIAN_POINT('',(18.7,-13.,438.));
#13617=CARTESIAN_POINT('',(18.7,-13.,438.));
#13618=CARTESIAN_POINT('',(18.7,-18.7,438.));
#13619=CARTESIAN_POINT('',(18.7,-18.7,0.));
#13620=CARTESIAN_POINT('',(18.7,-18.7,0.));
#13621=CARTESIAN_POINT('',(18.7,-18.7,438.));
#13622=CARTESIAN_POINT('',(18.7,-18.7,438.));
#13623=CARTESIAN_POINT('',(18.7,-18.7,438.));
#13624=CARTESIAN_POINT('',(-1.30104260698261E-15,1.95156391047391E-15,438.));
#13625=CARTESIAN_POINT('',(-1.30104260698261E-15,1.95156391047391E-15,0.));
#13626=CARTESIAN_POINT('',(-2.40416305603426,2.40416305603426,0.));
#13627=CARTESIAN_POINT('',(-3.4,-1.3263232922562E-15,0.));
#13628=CARTESIAN_POINT('',(-2.40416305603426,2.40416305603426,438.));
#13629=CARTESIAN_POINT('',(-2.40416305603426,2.40416305603426,438.));
#13630=CARTESIAN_POINT('',(-1.30104260698261E-15,1.95156391047391E-15,438.));
#13631=CARTESIAN_POINT('',(-3.4,-1.3263232922562E-15,438.));
#13632=CARTESIAN_POINT('',(-3.4,-1.3263232922562E-15,438.));
#13633=CARTESIAN_POINT('',(-1.30104260698261E-15,-4.33680868994202E-16,
438.));
#13634=CARTESIAN_POINT('',(-1.30104260698261E-15,-4.33680868994202E-16,
0.));
#13635=CARTESIAN_POINT('',(-9.64483113905268E-16,3.4,0.));
#13636=CARTESIAN_POINT('',(-9.64483113905268E-16,3.4,438.));
#13637=CARTESIAN_POINT('',(-9.64483113905268E-16,3.4,438.));
#13638=CARTESIAN_POINT('',(-1.30104260698261E-15,-4.33680868994202E-16,
438.));
#13639=CARTESIAN_POINT('',(2.60208521396521E-15,3.03576608295941E-15,438.));
#13640=CARTESIAN_POINT('',(2.60208521396521E-15,3.03576608295941E-15,0.));
#13641=CARTESIAN_POINT('',(2.40416305603426,2.40416305603426,0.));
#13642=CARTESIAN_POINT('',(2.40416305603426,2.40416305603426,438.));
#13643=CARTESIAN_POINT('',(2.40416305603426,2.40416305603426,438.));
#13644=CARTESIAN_POINT('',(2.60208521396521E-15,3.03576608295941E-15,438.));
#13645=CARTESIAN_POINT('',(3.46944695195361E-15,2.81892564846231E-15,438.));
#13646=CARTESIAN_POINT('',(3.46944695195361E-15,2.81892564846231E-15,0.));
#13647=CARTESIAN_POINT('',(3.4,3.00384717100143E-15,0.));
#13648=CARTESIAN_POINT('',(3.4,3.00384717100143E-15,438.));
#13649=CARTESIAN_POINT('',(3.4,3.00384717100143E-15,438.));
#13650=CARTESIAN_POINT('',(3.46944695195361E-15,2.81892564846231E-15,438.));
#13651=CARTESIAN_POINT('',(4.33680868994202E-15,-3.03576608295941E-15,438.));
#13652=CARTESIAN_POINT('',(4.33680868994202E-15,-3.03576608295941E-15,0.));
#13653=CARTESIAN_POINT('',(2.40416305603426,-2.40416305603426,0.));
#13654=CARTESIAN_POINT('',(2.40416305603426,-2.40416305603426,438.));
#13655=CARTESIAN_POINT('',(2.40416305603426,-2.40416305603426,438.));
#13656=CARTESIAN_POINT('',(4.33680868994202E-15,-3.03576608295941E-15,438.));
#13657=CARTESIAN_POINT('',(2.38524477946811E-15,-5.63785129692462E-15,438.));
#13658=CARTESIAN_POINT('',(2.38524477946811E-15,-5.63785129692462E-15,0.));
#13659=CARTESIAN_POINT('',(-3.44349551602746E-15,-3.4,0.));
#13660=CARTESIAN_POINT('',(-3.44349551602746E-15,-3.4,438.));
#13661=CARTESIAN_POINT('',(-3.44349551602746E-15,-3.4,438.));
#13662=CARTESIAN_POINT('',(2.38524477946811E-15,-5.63785129692462E-15,438.));
#13663=CARTESIAN_POINT('',(-2.81892564846231E-15,-4.33680868994202E-15,
438.));
#13664=CARTESIAN_POINT('',(-2.81892564846231E-15,-4.33680868994202E-15,
0.));
#13665=CARTESIAN_POINT('',(-2.40416305603426,-2.40416305603426,0.));
#13666=CARTESIAN_POINT('',(-2.40416305603426,-2.40416305603426,438.));
#13667=CARTESIAN_POINT('',(-2.40416305603426,-2.40416305603426,438.));
#13668=CARTESIAN_POINT('',(-2.81892564846231E-15,-4.33680868994202E-15,
438.));
#13669=CARTESIAN_POINT('',(-18.7,18.7,438.));
#13670=CARTESIAN_POINT('',(-18.7,18.7,0.));
#13671=CARTESIAN_POINT('',(-18.7,18.7,0.));
#13672=CARTESIAN_POINT('',(-18.7,13.,0.));
#13673=CARTESIAN_POINT('',(-18.7,18.7,438.));
#13674=CARTESIAN_POINT('',(-18.7,18.7,438.));
#13675=CARTESIAN_POINT('',(-18.7,18.7,438.));
#13676=CARTESIAN_POINT('',(-18.7,13.,438.));
#13677=CARTESIAN_POINT('',(-18.7,13.,438.));
#13678=CARTESIAN_POINT('',(-13.,18.7,438.));
#13679=CARTESIAN_POINT('',(-13.,18.7,0.));
#13680=CARTESIAN_POINT('',(-13.,18.7,0.));
#13681=CARTESIAN_POINT('',(-13.,18.7,438.));
#13682=CARTESIAN_POINT('',(-13.,18.7,438.));
#13683=CARTESIAN_POINT('',(-13.,18.7,438.));
#13684=CARTESIAN_POINT('',(-13.,13.,438.));
#13685=CARTESIAN_POINT('',(-13.,13.,0.));
#13686=CARTESIAN_POINT('',(-13.,13.,0.));
#13687=CARTESIAN_POINT('',(-13.,13.,438.));
#13688=CARTESIAN_POINT('',(-13.,13.,438.));
#13689=CARTESIAN_POINT('',(-13.,13.,438.));
#13690=CARTESIAN_POINT('',(-13.,-13.,438.));
#13691=CARTESIAN_POINT('',(-13.,-13.,0.));
#13692=CARTESIAN_POINT('',(-13.,-13.,0.));
#13693=CARTESIAN_POINT('',(-18.7,-13.,0.));
#13694=CARTESIAN_POINT('',(-13.,-13.,438.));
#13695=CARTESIAN_POINT('',(-13.,-13.,438.));
#13696=CARTESIAN_POINT('',(-13.,-13.,438.));
#13697=CARTESIAN_POINT('',(-18.7,-13.,438.));
#13698=CARTESIAN_POINT('',(-18.7,-13.,438.));
#13699=CARTESIAN_POINT('',(-13.,-18.7,438.));
#13700=CARTESIAN_POINT('',(-13.,-18.7,0.));
#13701=CARTESIAN_POINT('',(-13.,-18.7,0.));
#13702=CARTESIAN_POINT('',(-13.,-18.7,438.));
#13703=CARTESIAN_POINT('',(-13.,-18.7,438.));
#13704=CARTESIAN_POINT('',(-13.,-18.7,438.));
#13705=CARTESIAN_POINT('',(-18.7,-18.7,438.));
#13706=CARTESIAN_POINT('',(-18.7,-18.7,0.));
#13707=CARTESIAN_POINT('',(-18.7,-18.7,0.));
#13708=CARTESIAN_POINT('',(-18.7,-18.7,438.));
#13709=CARTESIAN_POINT('',(-18.7,-18.7,438.));
#13710=CARTESIAN_POINT('',(-18.7,-18.7,438.));
#13711=CARTESIAN_POINT('',(13.,18.7,438.));
#13712=CARTESIAN_POINT('',(13.,18.7,0.));
#13713=CARTESIAN_POINT('',(13.,18.7,438.));
#13714=CARTESIAN_POINT('',(13.,-18.7,438.));
#13715=CARTESIAN_POINT('',(13.,-18.7,0.));
#13716=CARTESIAN_POINT('',(13.,-18.7,438.));
#13717=CARTESIAN_POINT('',(-1.73472347597681E-15,-3.25260651745651E-15,
438.));
#13718=CARTESIAN_POINT('',(-1.73472347597681E-15,-3.25260651745651E-15,
0.));
#13719=CARTESIAN_POINT('',(-1.73472347597681E-15,-3.25260651745651E-15,
438.));
#13720=CARTESIAN_POINT('',(-18.7,13.,438.));
#13721=CARTESIAN_POINT('',(-18.7,13.,0.));
#13722=CARTESIAN_POINT('',(-18.7,13.,438.));
#13723=CARTESIAN_POINT('',(-18.7,-13.,438.));
#13724=CARTESIAN_POINT('',(-18.7,-13.,0.));
#13725=CARTESIAN_POINT('',(-18.7,-13.,438.));
#13726=CARTESIAN_POINT('',(-15.5,-9.5,438.));
#13727=CARTESIAN_POINT('',(-15.5,-9.5,0.));
#13728=CARTESIAN_POINT('',(-15.5,-9.5,438.));
#13729=CARTESIAN_POINT('',(0.,0.,438.));
#13730=CARTESIAN_POINT('',(0.,0.,0.));
#13731=CARTESIAN_POINT('',(0.,20.,-20.));
#13732=CARTESIAN_POINT('',(0.,-165.5,0.));
#13733=CARTESIAN_POINT('',(0.,0.,0.));
#13734=CARTESIAN_POINT('',(0.,0.,-1.9));
#13735=CARTESIAN_POINT('',(0.,0.,1.9));
#13736=CARTESIAN_POINT('',(0.,0.,0.));
#13737=CARTESIAN_POINT('',(0.,-43.,0.));
#13738=CARTESIAN_POINT('',(0.,-43.,-1.9));
#13739=CARTESIAN_POINT('',(0.,-43.,1.9));
#13740=CARTESIAN_POINT('',(0.,-43.,0.));
#13741=CARTESIAN_POINT('',(43.,-165.5,0.));
#13742=CARTESIAN_POINT('',(43.,0.,0.));
#13743=CARTESIAN_POINT('',(43.,0.,-1.9));
#13744=CARTESIAN_POINT('',(43.,0.,1.9));
#13745=CARTESIAN_POINT('',(43.,0.,0.));
#13746=CARTESIAN_POINT('',(43.,-43.,0.));
#13747=CARTESIAN_POINT('',(43.,-43.,-1.9));
#13748=CARTESIAN_POINT('',(43.,-43.,1.9));
#13749=CARTESIAN_POINT('',(43.,-43.,0.));
#13750=CARTESIAN_POINT('',(86.,-165.5,0.));
#13751=CARTESIAN_POINT('',(86.,0.,0.));
#13752=CARTESIAN_POINT('',(86.,0.,-1.9));
#13753=CARTESIAN_POINT('',(86.,0.,1.9));
#13754=CARTESIAN_POINT('',(86.,0.,0.));
#13755=CARTESIAN_POINT('',(86.,-43.,0.));
#13756=CARTESIAN_POINT('',(86.,-43.,-1.9));
#13757=CARTESIAN_POINT('',(86.,-43.,1.9));
#13758=CARTESIAN_POINT('',(86.,-43.,0.));
#13759=CARTESIAN_POINT('',(129.,-165.5,0.));
#13760=CARTESIAN_POINT('',(129.,0.,0.));
#13761=CARTESIAN_POINT('',(129.,0.,-1.9));
#13762=CARTESIAN_POINT('',(129.,0.,1.9));
#13763=CARTESIAN_POINT('',(129.,0.,0.));
#13764=CARTESIAN_POINT('',(129.,-43.,0.));
#13765=CARTESIAN_POINT('',(129.,-43.,-1.9));
#13766=CARTESIAN_POINT('',(129.,-43.,1.9));
#13767=CARTESIAN_POINT('',(129.,-43.,0.));
#13768=CARTESIAN_POINT('',(165.5,0.,0.));
#13769=CARTESIAN_POINT('',(0.,0.,0.));
#13770=CARTESIAN_POINT('',(-36.5,0.,0.));
#13771=CARTESIAN_POINT('',(-36.5,0.,-1.9));
#13772=CARTESIAN_POINT('',(-36.5,0.,0.));
#13773=CARTESIAN_POINT('',(0.,-165.5,0.));
#13774=CARTESIAN_POINT('',(0.,36.5,0.));
#13775=CARTESIAN_POINT('',(1.9,36.5,0.));
#13776=CARTESIAN_POINT('',(0.,0.,0.));
#13777=CARTESIAN_POINT('',(0.,36.5,0.));
#13778=CARTESIAN_POINT('',(165.5,0.,0.));
#13779=CARTESIAN_POINT('',(43.,0.,0.));
#13780=CARTESIAN_POINT('',(43.,-165.5,0.));
#13781=CARTESIAN_POINT('',(43.,36.5,0.));
#13782=CARTESIAN_POINT('',(44.9,36.5,0.));
#13783=CARTESIAN_POINT('',(43.,0.,0.));
#13784=CARTESIAN_POINT('',(43.,36.5,0.));
#13785=CARTESIAN_POINT('',(165.5,0.,0.));
#13786=CARTESIAN_POINT('',(86.,0.,0.));
#13787=CARTESIAN_POINT('',(86.,-165.5,0.));
#13788=CARTESIAN_POINT('',(86.,36.5,0.));
#13789=CARTESIAN_POINT('',(87.9,36.5,0.));
#13790=CARTESIAN_POINT('',(86.,0.,0.));
#13791=CARTESIAN_POINT('',(86.,36.5,0.));
#13792=CARTESIAN_POINT('',(165.5,0.,0.));
#13793=CARTESIAN_POINT('',(129.,0.,0.));
#13794=CARTESIAN_POINT('',(129.,-165.5,0.));
#13795=CARTESIAN_POINT('',(129.,36.5,0.));
#13796=CARTESIAN_POINT('',(130.9,36.5,0.));
#13797=CARTESIAN_POINT('',(129.,0.,0.));
#13798=CARTESIAN_POINT('',(129.,36.5,0.));
#13799=CARTESIAN_POINT('',(165.5,0.,0.));
#13800=CARTESIAN_POINT('',(165.5,0.,0.));
#13801=CARTESIAN_POINT('',(165.5,0.,-1.9));
#13802=CARTESIAN_POINT('',(165.5,0.,0.));
#13803=CARTESIAN_POINT('',(165.5,-43.,0.));
#13804=CARTESIAN_POINT('',(165.5,-43.,0.));
#13805=CARTESIAN_POINT('',(165.5,-43.,-1.9));
#13806=CARTESIAN_POINT('',(165.5,-43.,0.));
#13807=CARTESIAN_POINT('',(129.,-43.,0.));
#13808=CARTESIAN_POINT('',(165.5,-43.,0.));
#13809=CARTESIAN_POINT('',(86.,-43.,0.));
#13810=CARTESIAN_POINT('',(129.,-43.,0.));
#13811=CARTESIAN_POINT('',(86.,-165.5,0.));
#13812=CARTESIAN_POINT('',(86.,-86.,0.));
#13813=CARTESIAN_POINT('',(86.,-86.,-1.9));
#13814=CARTESIAN_POINT('',(86.,-86.,1.9));
#13815=CARTESIAN_POINT('',(86.,-86.,0.));
#13816=CARTESIAN_POINT('',(86.,-43.,0.));
#13817=CARTESIAN_POINT('',(165.5,-86.,0.));
#13818=CARTESIAN_POINT('',(43.,-86.,0.));
#13819=CARTESIAN_POINT('',(43.,-86.,1.9));
#13820=CARTESIAN_POINT('',(43.,-86.,-1.9));
#13821=CARTESIAN_POINT('',(43.,-86.,0.));
#13822=CARTESIAN_POINT('',(86.,-86.,0.));
#13823=CARTESIAN_POINT('',(165.5,-43.,0.));
#13824=CARTESIAN_POINT('',(43.,-43.,0.));
#13825=CARTESIAN_POINT('',(43.,-165.5,0.));
#13826=CARTESIAN_POINT('',(43.,-129.,0.));
#13827=CARTESIAN_POINT('',(43.,-129.,-1.9));
#13828=CARTESIAN_POINT('',(43.,-129.,1.9));
#13829=CARTESIAN_POINT('',(43.,-129.,0.));
#13830=CARTESIAN_POINT('',(43.,-86.,0.));
#13831=CARTESIAN_POINT('',(165.5,-129.,0.));
#13832=CARTESIAN_POINT('',(0.,-129.,0.));
#13833=CARTESIAN_POINT('',(0.,-129.,1.9));
#13834=CARTESIAN_POINT('',(0.,-129.,-1.9));
#13835=CARTESIAN_POINT('',(0.,-129.,0.));
#13836=CARTESIAN_POINT('',(43.,-129.,0.));
#13837=CARTESIAN_POINT('',(43.,-165.5,0.));
#13838=CARTESIAN_POINT('',(43.,-86.,0.));
#13839=CARTESIAN_POINT('',(43.,-43.,0.));
#13840=CARTESIAN_POINT('',(165.5,-86.,0.));
#13841=CARTESIAN_POINT('',(0.,-86.,0.));
#13842=CARTESIAN_POINT('',(0.,-86.,1.9));
#13843=CARTESIAN_POINT('',(0.,-86.,-1.9));
#13844=CARTESIAN_POINT('',(0.,-86.,0.));
#13845=CARTESIAN_POINT('',(165.5,-43.,0.));
#13846=CARTESIAN_POINT('',(0.,-43.,0.));
#13847=CARTESIAN_POINT('',(0.,-165.5,0.));
#13848=CARTESIAN_POINT('',(0.,-165.5,0.));
#13849=CARTESIAN_POINT('',(1.9,-165.5,0.));
#13850=CARTESIAN_POINT('',(0.,-165.5,0.));
#13851=CARTESIAN_POINT('',(0.,-129.,0.));
#13852=CARTESIAN_POINT('',(0.,-165.5,0.));
#13853=CARTESIAN_POINT('',(0.,-129.,0.));
#13854=CARTESIAN_POINT('',(0.,-86.,0.));
#13855=CARTESIAN_POINT('',(165.5,-129.,0.));
#13856=CARTESIAN_POINT('',(-36.5,-129.,0.));
#13857=CARTESIAN_POINT('',(-36.5,-129.,-1.9));
#13858=CARTESIAN_POINT('',(-36.5,-129.,0.));
#13859=CARTESIAN_POINT('',(0.,-165.5,0.));
#13860=CARTESIAN_POINT('',(0.,-86.,0.));
#13861=CARTESIAN_POINT('',(0.,-43.,0.));
#13862=CARTESIAN_POINT('',(165.5,-86.,0.));
#13863=CARTESIAN_POINT('',(-36.5,-86.,0.));
#13864=CARTESIAN_POINT('',(-36.5,-86.,-1.9));
#13865=CARTESIAN_POINT('',(-36.5,-86.,0.));
#13866=CARTESIAN_POINT('',(165.5,-43.,0.));
#13867=CARTESIAN_POINT('',(-36.5,-43.,0.));
#13868=CARTESIAN_POINT('',(-36.5,-43.,-1.9));
#13869=CARTESIAN_POINT('',(-36.5,-43.,0.));
#13870=CARTESIAN_POINT('',(129.,-165.5,0.));
#13871=CARTESIAN_POINT('',(129.,-86.,0.));
#13872=CARTESIAN_POINT('',(129.,-86.,-1.9));
#13873=CARTESIAN_POINT('',(129.,-86.,1.9));
#13874=CARTESIAN_POINT('',(129.,-86.,0.));
#13875=CARTESIAN_POINT('',(165.5,-86.,0.));
#13876=CARTESIAN_POINT('',(86.,-86.,0.));
#13877=CARTESIAN_POINT('',(129.,-86.,0.));
#13878=CARTESIAN_POINT('',(86.,-165.5,0.));
#13879=CARTESIAN_POINT('',(86.,-129.,0.));
#13880=CARTESIAN_POINT('',(86.,-129.,-1.9));
#13881=CARTESIAN_POINT('',(86.,-129.,1.9));
#13882=CARTESIAN_POINT('',(86.,-129.,0.));
#13883=CARTESIAN_POINT('',(165.5,-129.,0.));
#13884=CARTESIAN_POINT('',(43.,-129.,0.));
#13885=CARTESIAN_POINT('',(86.,-129.,0.));
#13886=CARTESIAN_POINT('',(43.,-165.5,0.));
#13887=CARTESIAN_POINT('',(43.,-165.5,0.));
#13888=CARTESIAN_POINT('',(44.9,-165.5,0.));
#13889=CARTESIAN_POINT('',(43.,-165.5,0.));
#13890=CARTESIAN_POINT('',(129.,-165.5,0.));
#13891=CARTESIAN_POINT('',(129.,-129.,0.));
#13892=CARTESIAN_POINT('',(129.,-129.,-1.9));
#13893=CARTESIAN_POINT('',(129.,-129.,1.9));
#13894=CARTESIAN_POINT('',(129.,-129.,0.));
#13895=CARTESIAN_POINT('',(129.,-86.,0.));
#13896=CARTESIAN_POINT('',(165.5,-129.,0.));
#13897=CARTESIAN_POINT('',(86.,-129.,0.));
#13898=CARTESIAN_POINT('',(129.,-129.,0.));
#13899=CARTESIAN_POINT('',(165.5,-86.,0.));
#13900=CARTESIAN_POINT('',(165.5,-86.,0.));
#13901=CARTESIAN_POINT('',(165.5,-86.,-1.9));
#13902=CARTESIAN_POINT('',(165.5,-86.,0.));
#13903=CARTESIAN_POINT('',(86.,-165.5,0.));
#13904=CARTESIAN_POINT('',(86.,-165.5,0.));
#13905=CARTESIAN_POINT('',(87.9,-165.5,0.));
#13906=CARTESIAN_POINT('',(86.,-165.5,0.));
#13907=CARTESIAN_POINT('',(129.,-165.5,0.));
#13908=CARTESIAN_POINT('',(129.,-165.5,0.));
#13909=CARTESIAN_POINT('',(130.9,-165.5,0.));
#13910=CARTESIAN_POINT('',(129.,-165.5,0.));
#13911=CARTESIAN_POINT('',(129.,-129.,0.));
#13912=CARTESIAN_POINT('',(165.5,-129.,0.));
#13913=CARTESIAN_POINT('',(165.5,-129.,0.));
#13914=CARTESIAN_POINT('',(165.5,-129.,-1.9));
#13915=CARTESIAN_POINT('',(165.5,-129.,0.));
#13916=CARTESIAN_POINT('',(1.15753881744888E-14,63.,-45.4));
#13917=MECHANICAL_DESIGN_GEOMETRIC_PRESENTATION_REPRESENTATION('',(#8546,
#8547,#8548,#8549,#8550,#8551),#13918);
#13918=(
GEOMETRIC_REPRESENTATION_CONTEXT(3)
GLOBAL_UNCERTAINTY_ASSIGNED_CONTEXT((#13926))
GLOBAL_UNIT_ASSIGNED_CONTEXT((#13936,#13935,#13934))
REPRESENTATION_CONTEXT('SAE 0518 SNN 2021 (0)',
'TOP_LEVEL_ASSEMBLY_PART')
);
#13919=(
GEOMETRIC_REPRESENTATION_CONTEXT(3)
GLOBAL_UNCERTAINTY_ASSIGNED_CONTEXT((#13927))
GLOBAL_UNIT_ASSIGNED_CONTEXT((#13936,#13935,#13934))
REPRESENTATION_CONTEXT('allround SAE 0518 SNN 2021 (0)',
'COMPONENT_PART')
);
#13920=(
GEOMETRIC_REPRESENTATION_CONTEXT(3)
GLOBAL_UNCERTAINTY_ASSIGNED_CONTEXT((#13928))
GLOBAL_UNIT_ASSIGNED_CONTEXT((#13936,#13935,#13934))
REPRESENTATION_CONTEXT('Robotunits PIL_4140_b01_1 2021 179 0 A',
'COMPONENT_PART')
);
#13921=(
GEOMETRIC_REPRESENTATION_CONTEXT(3)
GLOBAL_UNCERTAINTY_ASSIGNED_CONTEXT((#13929))
GLOBAL_UNIT_ASSIGNED_CONTEXT((#13936,#13935,#13934))
REPRESENTATION_CONTEXT('SSP 4900 Bolt for Safety Fence',
'COMPONENT_PART')
);
#13922=(
GEOMETRIC_REPRESENTATION_CONTEXT(3)
GLOBAL_UNCERTAINTY_ASSIGNED_CONTEXT((#13930))
GLOBAL_UNIT_ASSIGNED_CONTEXT((#13936,#13935,#13934))
REPRESENTATION_CONTEXT('Robotunits PIL_4140_b03_1 0438',
'COMPONENT_PART')
);
#13923=(
GEOMETRIC_REPRESENTATION_CONTEXT(3)
GLOBAL_UNCERTAINTY_ASSIGNED_CONTEXT((#13931))
GLOBAL_UNIT_ASSIGNED_CONTEXT((#13936,#13935,#13934))
REPRESENTATION_CONTEXT('Robotunits PIL_4140_b04 2021 179 A',
'COMPONENT_PART')
);
#13924=(
GEOMETRIC_REPRESENTATION_CONTEXT(3)
GLOBAL_UNCERTAINTY_ASSIGNED_CONTEXT((#13932))
GLOBAL_UNIT_ASSIGNED_CONTEXT((#13936,#13935,#13934))
REPRESENTATION_CONTEXT('Robotunits PIL4140_b02_1 0438 0 179 0',
'COMPONENT_PART')
);
#13925=(
GEOMETRIC_REPRESENTATION_CONTEXT(3)
GLOBAL_UNCERTAINTY_ASSIGNED_CONTEXT((#13933))
GLOBAL_UNIT_ASSIGNED_CONTEXT((#13936,#13935,#13934))
REPRESENTATION_CONTEXT('PAN Ausschnitt 202 202','COMPONENT_PART')
);
#13926=UNCERTAINTY_MEASURE_WITH_UNIT(LENGTH_MEASURE(1.E-5),#13936,
'DISTANCE_ACCURACY_VALUE','Maximum Tolerance applied to model');
#13927=UNCERTAINTY_MEASURE_WITH_UNIT(LENGTH_MEASURE(1.E-5),#13936,
'DISTANCE_ACCURACY_VALUE','Maximum Tolerance applied to model');
#13928=UNCERTAINTY_MEASURE_WITH_UNIT(LENGTH_MEASURE(1.E-5),#13936,
'DISTANCE_ACCURACY_VALUE','Maximum Tolerance applied to model');
#13929=UNCERTAINTY_MEASURE_WITH_UNIT(LENGTH_MEASURE(1.E-5),#13936,
'DISTANCE_ACCURACY_VALUE','Maximum Tolerance applied to model');
#13930=UNCERTAINTY_MEASURE_WITH_UNIT(LENGTH_MEASURE(1.E-5),#13936,
'DISTANCE_ACCURACY_VALUE','Maximum Tolerance applied to model');
#13931=UNCERTAINTY_MEASURE_WITH_UNIT(LENGTH_MEASURE(1.E-5),#13936,
'DISTANCE_ACCURACY_VALUE','Maximum Tolerance applied to model');
#13932=UNCERTAINTY_MEASURE_WITH_UNIT(LENGTH_MEASURE(1.E-5),#13936,
'DISTANCE_ACCURACY_VALUE','Maximum Tolerance applied to model');
#13933=UNCERTAINTY_MEASURE_WITH_UNIT(LENGTH_MEASURE(1.E-5),#13936,
'DISTANCE_ACCURACY_VALUE','Maximum Tolerance applied to model');
#13934=(
NAMED_UNIT(*)
SI_UNIT($,.STERADIAN.)
SOLID_ANGLE_UNIT()
);
#13935=(
NAMED_UNIT(*)
PLANE_ANGLE_UNIT()
SI_UNIT($,.RADIAN.)
);
#13936=(
LENGTH_UNIT()
NAMED_UNIT(*)
SI_UNIT(.MILLI.,.METRE.)
);
#13937=PRODUCT_DEFINITION_SHAPE('','',#13953);
#13938=PRODUCT_DEFINITION_SHAPE('','',#13954);
#13939=PRODUCT_DEFINITION_SHAPE(' ','NAUO PRDDFN',#8605);
#13940=PRODUCT_DEFINITION_SHAPE('','',#13955);
#13941=PRODUCT_DEFINITION_SHAPE(' ','NAUO PRDDFN',#8606);
#13942=PRODUCT_DEFINITION_SHAPE('','',#13956);
#13943=PRODUCT_DEFINITION_SHAPE(' ','NAUO PRDDFN',#8607);
#13944=PRODUCT_DEFINITION_SHAPE('','',#13957);
#13945=PRODUCT_DEFINITION_SHAPE(' ','NAUO PRDDFN',#8608);
#13946=PRODUCT_DEFINITION_SHAPE('','',#13958);
#13947=PRODUCT_DEFINITION_SHAPE(' ','NAUO PRDDFN',#8609);
#13948=PRODUCT_DEFINITION_SHAPE(' ','NAUO PRDDFN',#8610);
#13949=PRODUCT_DEFINITION_SHAPE('','',#13959);
#13950=PRODUCT_DEFINITION_SHAPE(' ','NAUO PRDDFN',#8611);
#13951=PRODUCT_DEFINITION_SHAPE('','',#13960);
#13952=PRODUCT_DEFINITION_SHAPE(' ','NAUO PRDDFN',#8612);
#13953=PRODUCT_DEFINITION('','',#13969,#13961);
#13954=PRODUCT_DEFINITION('','',#13970,#13962);
#13955=PRODUCT_DEFINITION('','',#13971,#13963);
#13956=PRODUCT_DEFINITION('','',#13972,#13964);
#13957=PRODUCT_DEFINITION('','',#13973,#13965);
#13958=PRODUCT_DEFINITION('','',#13974,#13966);
#13959=PRODUCT_DEFINITION('','',#13975,#13967);
#13960=PRODUCT_DEFINITION('','',#13976,#13968);
#13961=PRODUCT_DEFINITION_CONTEXT('',#14010,'design');
#13962=PRODUCT_DEFINITION_CONTEXT('',#14010,'design');
#13963=PRODUCT_DEFINITION_CONTEXT('',#14010,'design');
#13964=PRODUCT_DEFINITION_CONTEXT('',#14010,'design');
#13965=PRODUCT_DEFINITION_CONTEXT('',#14010,'design');
#13966=PRODUCT_DEFINITION_CONTEXT('',#14010,'design');
#13967=PRODUCT_DEFINITION_CONTEXT('',#14010,'design');
#13968=PRODUCT_DEFINITION_CONTEXT('',#14010,'design');
#13969=PRODUCT_DEFINITION_FORMATION_WITH_SPECIFIED_SOURCE('','',#13985,
 .NOT_KNOWN.);
#13970=PRODUCT_DEFINITION_FORMATION_WITH_SPECIFIED_SOURCE('','',#13986,
 .NOT_KNOWN.);
#13971=PRODUCT_DEFINITION_FORMATION_WITH_SPECIFIED_SOURCE('','',#13987,
 .NOT_KNOWN.);
#13972=PRODUCT_DEFINITION_FORMATION_WITH_SPECIFIED_SOURCE('','',#13988,
 .NOT_KNOWN.);
#13973=PRODUCT_DEFINITION_FORMATION_WITH_SPECIFIED_SOURCE('','',#13989,
 .NOT_KNOWN.);
#13974=PRODUCT_DEFINITION_FORMATION_WITH_SPECIFIED_SOURCE('','',#13990,
 .NOT_KNOWN.);
#13975=PRODUCT_DEFINITION_FORMATION_WITH_SPECIFIED_SOURCE('','',#13991,
 .NOT_KNOWN.);
#13976=PRODUCT_DEFINITION_FORMATION_WITH_SPECIFIED_SOURCE('','',#13992,
 .NOT_KNOWN.);
#13977=PRODUCT_RELATED_PRODUCT_CATEGORY('','',(#13985));
#13978=PRODUCT_RELATED_PRODUCT_CATEGORY('','',(#13986));
#13979=PRODUCT_RELATED_PRODUCT_CATEGORY('','',(#13987));
#13980=PRODUCT_RELATED_PRODUCT_CATEGORY('','',(#13988));
#13981=PRODUCT_RELATED_PRODUCT_CATEGORY('','',(#13989));
#13982=PRODUCT_RELATED_PRODUCT_CATEGORY('','',(#13990));
#13983=PRODUCT_RELATED_PRODUCT_CATEGORY('','',(#13991));
#13984=PRODUCT_RELATED_PRODUCT_CATEGORY('','',(#13992));
#13985=PRODUCT('SAE 0518 SNN 2021 (0)','SAE 0518 SNN 2021 (0)',
'SAE 0518 SNN 2021 (0)',(#14001));
#13986=PRODUCT('allround SAE 0518 SNN 2021 (0)',
'allround SAE 0518 SNN 2021 (0)','allround SAE 0518 SNN 2021 (0)',(#14002));
#13987=PRODUCT('Robotunits PIL_4140_b01_1 2021 179 0 A',
'Robotunits PIL_4140_b01_1 2021 179 0 A',
'Robotunits PIL_4140_b01_1 2021 179 0 A',(#14003));
#13988=PRODUCT('SSP 4900 Bolt for Safety Fence',
'SSP 4900 Bolt for Safety Fence','SSP 4900 Bolt for Safety Fence',(#14004));
#13989=PRODUCT('Robotunits PIL_4140_b03_1 0438',
'Robotunits PIL_4140_b03_1 0438','Robotunits PIL_4140_b03_1 0438',(#14005));
#13990=PRODUCT('Robotunits PIL_4140_b04 2021 179 A',
'Robotunits PIL_4140_b04 2021 179 A',
'Robotunits PIL_4140_b04 2021 179 A',(#14006));
#13991=PRODUCT('Robotunits PIL4140_b02_1 0438 0 179 0',
'Robotunits PIL4140_b02_1 0438 0 179 0',
'Robotunits PIL4140_b02_1 0438 0 179 0',(#14007));
#13992=PRODUCT('PAN Ausschnitt 202 202','PAN Ausschnitt 202 202',
'PAN Ausschnitt 202 202',(#14008));
#13993=PRODUCT_CATEGORY('','');
#13994=PRODUCT_CATEGORY('','');
#13995=PRODUCT_CATEGORY('','');
#13996=PRODUCT_CATEGORY('','');
#13997=PRODUCT_CATEGORY('','');
#13998=PRODUCT_CATEGORY('','');
#13999=PRODUCT_CATEGORY('','');
#14000=PRODUCT_CATEGORY('','');
#14001=PRODUCT_CONTEXT('',#14010,'mechanical');
#14002=PRODUCT_CONTEXT('',#14010,'mechanical');
#14003=PRODUCT_CONTEXT('',#14010,'mechanical');
#14004=PRODUCT_CONTEXT('',#14010,'mechanical');
#14005=PRODUCT_CONTEXT('',#14010,'mechanical');
#14006=PRODUCT_CONTEXT('',#14010,'mechanical');
#14007=PRODUCT_CONTEXT('',#14010,'mechanical');
#14008=PRODUCT_CONTEXT('',#14010,'mechanical');
#14009=APPLICATION_PROTOCOL_DEFINITION('international standard',
'automotive_design',2010,#14010);
#14010=APPLICATION_CONTEXT(
'core data for automotive mechanical design processes');
ENDSEC;
END-ISO-10303-21;
