ISO-10303-21;
HEADER;
/* Generated by software containing ST-Developer
 * from STEP Tools, Inc. (www.steptools.com) 
 */
/* OPTION: using custom renumber hook */

FILE_DESCRIPTION(
/* description */ ('STEP AP214'),
/* implementation_level */ '2;1');

FILE_NAME(
/* name */ '721011060',
/* time_stamp */ '2026-07-11T12:31:59+02:00',
/* author */ ('License CC BY-ND 4.0'),
/* organization */ ('CADENAS'),
/* preprocessor_version */ 'ST-DEVELOPER v20',
/* originating_system */ 'PARTsolutions',
/* authorisation */ '  ');

FILE_SCHEMA (('AUTOMOTIVE_DESIGN {1 0 10303 214 3 1 1}'));
ENDSEC;

DATA;
#10=PROPERTY_DEFINITION_REPRESENTATION(#14,#12);
#11=PROPERTY_DEFINITION_REPRESENTATION(#15,#13);
#12=REPRESENTATION('',(#16),#17206);
#13=REPRESENTATION('',(#17),#17206);
#14=PROPERTY_DEFINITION('pmi validation property','',#17217);
#15=PROPERTY_DEFINITION('pmi validation property','',#17217);
#16=VALUE_REPRESENTATION_ITEM('number of annotations',COUNT_MEASURE(0.));
#17=VALUE_REPRESENTATION_ITEM('number of views',COUNT_MEASURE(0.));
#18=ORIENTED_CLOSED_SHELL('',*,#10900,.F.);
#19=BREP_WITH_VOIDS('4257171',#10899,(#18));
#20=CONTEXT_DEPENDENT_SHAPE_REPRESENTATION(#32,#17219);
#21=CONTEXT_DEPENDENT_SHAPE_REPRESENTATION(#33,#17221);
#22=CONTEXT_DEPENDENT_SHAPE_REPRESENTATION(#34,#17223);
#23=CONTEXT_DEPENDENT_SHAPE_REPRESENTATION(#35,#17224);
#24=CONTEXT_DEPENDENT_SHAPE_REPRESENTATION(#36,#17225);
#25=CONTEXT_DEPENDENT_SHAPE_REPRESENTATION(#37,#17226);
#26=NEXT_ASSEMBLY_USAGE_OCCURRENCE('NAUO1','721011060-3','721011060-3',
#17227,#17228,'');
#27=NEXT_ASSEMBLY_USAGE_OCCURRENCE('NAUO2','721011060-2','721011060-2',
#17227,#17229,'');
#28=NEXT_ASSEMBLY_USAGE_OCCURRENCE('NAUO3','4257171','4257171',#17227,#17230,
'');
#29=NEXT_ASSEMBLY_USAGE_OCCURRENCE('NAUO4','4257171','4257171',#17227,#17230,
'');
#30=NEXT_ASSEMBLY_USAGE_OCCURRENCE('NAUO5','4257171','4257171',#17227,#17230,
'');
#31=NEXT_ASSEMBLY_USAGE_OCCURRENCE('NAUO6','4257171','4257171',#17227,#17230,
'');
#32=(
REPRESENTATION_RELATIONSHIP(' ',' ',#10908,#10907)
REPRESENTATION_RELATIONSHIP_WITH_TRANSFORMATION(#38)
SHAPE_REPRESENTATION_RELATIONSHIP()
);
#33=(
REPRESENTATION_RELATIONSHIP(' ',' ',#10909,#10907)
REPRESENTATION_RELATIONSHIP_WITH_TRANSFORMATION(#39)
SHAPE_REPRESENTATION_RELATIONSHIP()
);
#34=(
REPRESENTATION_RELATIONSHIP(' ',' ',#10910,#10907)
REPRESENTATION_RELATIONSHIP_WITH_TRANSFORMATION(#40)
SHAPE_REPRESENTATION_RELATIONSHIP()
);
#35=(
REPRESENTATION_RELATIONSHIP(' ',' ',#10910,#10907)
REPRESENTATION_RELATIONSHIP_WITH_TRANSFORMATION(#41)
SHAPE_REPRESENTATION_RELATIONSHIP()
);
#36=(
REPRESENTATION_RELATIONSHIP(' ',' ',#10910,#10907)
REPRESENTATION_RELATIONSHIP_WITH_TRANSFORMATION(#42)
SHAPE_REPRESENTATION_RELATIONSHIP()
);
#37=(
REPRESENTATION_RELATIONSHIP(' ',' ',#10910,#10907)
REPRESENTATION_RELATIONSHIP_WITH_TRANSFORMATION(#43)
SHAPE_REPRESENTATION_RELATIONSHIP()
);
#38=ITEM_DEFINED_TRANSFORMATION(' ',' ',#10911,#11811);
#39=ITEM_DEFINED_TRANSFORMATION(' ',' ',#10911,#11818);
#40=ITEM_DEFINED_TRANSFORMATION(' ',' ',#10911,#11932);
#41=ITEM_DEFINED_TRANSFORMATION(' ',' ',#10911,#11933);
#42=ITEM_DEFINED_TRANSFORMATION(' ',' ',#10911,#11934);
#43=ITEM_DEFINED_TRANSFORMATION(' ',' ',#10911,#11935);
#44=SHAPE_REPRESENTATION_RELATIONSHIP('','',#10908,#47);
#45=SHAPE_REPRESENTATION_RELATIONSHIP('','',#10909,#48);
#46=SHAPE_REPRESENTATION_RELATIONSHIP('','',#10910,#49);
#47=ADVANCED_BREP_SHAPE_REPRESENTATION('',(#10901),#17207);
#48=ADVANCED_BREP_SHAPE_REPRESENTATION('',(#10902),#17208);
#49=ADVANCED_BREP_SHAPE_REPRESENTATION('',(#19),#17209);
#50=CONICAL_SURFACE('',#11235,2.83578658001977,0.962374549549671);
#51=CONICAL_SURFACE('',#11359,2.83578658001977,0.962374549549671);
#52=CONICAL_SURFACE('',#11589,2.125,0.962374549549639);
#53=CONICAL_SURFACE('',#11640,2.125,0.962374549549639);
#54=CONICAL_SURFACE('',#11886,3.,0.785398163397447);
#55=CONICAL_SURFACE('',#11890,2.4585,0.785398163397448);
#56=CONICAL_SURFACE('',#11891,2.067,0.785398163397451);
#57=CONICAL_SURFACE('',#11919,1.63397459621556,1.0471975511966);
#58=TOROIDAL_SURFACE('',#11233,2.55000000000003,0.499999999999969);
#59=TOROIDAL_SURFACE('',#11357,2.55000000000003,0.499999999999969);
#60=TOROIDAL_SURFACE('',#11591,2.54999999999963,0.500000000000293);
#61=TOROIDAL_SURFACE('',#11642,2.54999999999963,0.500000000000293);
#62=TOROIDAL_SURFACE('',#11804,3.92000000000014,1.99999999999986);
#63=DRAUGHTING_PRE_DEFINED_COLOUR('black');
#64=DRAUGHTING_PRE_DEFINED_COLOUR('red');
#65=CIRCLE('',#10919,2.00999999999987);
#66=CIRCLE('',#10920,1.99999999999985);
#67=CIRCLE('',#10921,1.99999999999986);
#68=CIRCLE('',#10923,1.99999999999986);
#69=CIRCLE('',#10924,1.99999999999985);
#70=CIRCLE('',#10925,2.00999999999987);
#71=CIRCLE('',#10938,1.99999999999986);
#72=CIRCLE('',#10941,0.199999999999998);
#73=CIRCLE('',#10943,0.200000000000013);
#74=CIRCLE('',#10944,0.200000000000013);
#75=CIRCLE('',#10946,0.199999999999998);
#76=CIRCLE('',#10948,1.99999999999985);
#77=CIRCLE('',#10950,2.00999999999987);
#78=CIRCLE('',#10954,51.5000000000012);
#79=CIRCLE('',#10955,51.5000000000012);
#80=CIRCLE('',#10965,51.4999999999998);
#81=CIRCLE('',#10966,51.4999999999998);
#82=CIRCLE('',#10969,2.00999999999987);
#83=CIRCLE('',#10971,1.99999999999985);
#84=CIRCLE('',#10976,55.9999999999991);
#85=CIRCLE('',#10977,55.9999999999991);
#86=CIRCLE('',#10982,56.0000000000004);
#87=CIRCLE('',#10983,56.0000000000004);
#88=CIRCLE('',#10987,1.79999999999999);
#89=CIRCLE('',#10990,1.8);
#90=CIRCLE('',#10994,1.80000000000001);
#91=CIRCLE('',#10997,1.8);
#92=CIRCLE('',#10999,0.200000000000002);
#93=CIRCLE('',#11000,0.200000000000006);
#94=CIRCLE('',#11001,0.200000000000006);
#95=CIRCLE('',#11002,0.199999999999995);
#96=CIRCLE('',#11004,0.199999999999995);
#97=CIRCLE('',#11005,0.200000000000006);
#98=CIRCLE('',#11006,0.199999999999995);
#99=CIRCLE('',#11007,0.199999999999995);
#100=CIRCLE('',#11009,0.200000000000009);
#101=CIRCLE('',#11010,0.200000000000013);
#102=CIRCLE('',#11011,0.200000000000006);
#103=CIRCLE('',#11012,0.199999999999999);
#104=CIRCLE('',#11014,0.200000000000009);
#105=CIRCLE('',#11015,0.200000000000009);
#106=CIRCLE('',#11016,0.199999999999995);
#107=CIRCLE('',#11017,0.199999999999995);
#108=CIRCLE('',#11019,0.500000000000014);
#109=CIRCLE('',#11020,0.200000000000008);
#110=CIRCLE('',#11022,1.99999999999985);
#111=CIRCLE('',#11025,0.200000000000002);
#112=CIRCLE('',#11029,0.200000000000006);
#113=CIRCLE('',#11032,1.79999999999999);
#114=CIRCLE('',#11036,1.8);
#115=CIRCLE('',#11039,1.8);
#116=CIRCLE('',#11043,1.8);
#117=CIRCLE('',#11046,0.199999999999995);
#118=CIRCLE('',#11050,0.200000000000006);
#119=CIRCLE('',#11052,2.00999999999987);
#120=CIRCLE('',#11054,2.00999999999987);
#121=CIRCLE('',#11057,0.200000000000009);
#122=CIRCLE('',#11061,0.200000000000013);
#123=CIRCLE('',#11064,1.8);
#124=CIRCLE('',#11068,1.8);
#125=CIRCLE('',#11071,1.80000000000001);
#126=CIRCLE('',#11075,1.8);
#127=CIRCLE('',#11078,0.200000000000009);
#128=CIRCLE('',#11082,0.200000000000009);
#129=CIRCLE('',#11084,1.99999999999986);
#130=CIRCLE('',#11085,1.99999999999985);
#131=CIRCLE('',#11088,0.500000000000014);
#132=CIRCLE('',#11091,0.499999999999994);
#133=CIRCLE('',#11093,1.99999999999999);
#134=CIRCLE('',#11094,2.00000000000001);
#135=CIRCLE('',#11096,0.200000000000051);
#136=CIRCLE('',#11097,0.4);
#137=CIRCLE('',#11098,0.500000000000005);
#138=CIRCLE('',#11099,1.80000000000001);
#139=CIRCLE('',#11100,0.199999999999999);
#140=CIRCLE('',#11101,0.399999999999999);
#141=CIRCLE('',#11102,0.2);
#142=CIRCLE('',#11103,1.8);
#143=CIRCLE('',#11104,0.499999999999996);
#144=CIRCLE('',#11105,0.400000000000001);
#145=CIRCLE('',#11106,0.200000000000033);
#146=CIRCLE('',#11108,3.00000000000027);
#147=CIRCLE('',#11110,3.00000000000016);
#148=CIRCLE('',#11112,0.200000000000065);
#149=CIRCLE('',#11113,0.399999999999994);
#150=CIRCLE('',#11114,0.500000000000003);
#151=CIRCLE('',#11115,1.80000000000001);
#152=CIRCLE('',#11116,0.200000000000003);
#153=CIRCLE('',#11117,0.4);
#154=CIRCLE('',#11118,0.200000000000005);
#155=CIRCLE('',#11119,1.8);
#156=CIRCLE('',#11120,0.499999999999992);
#157=CIRCLE('',#11121,0.399999999999999);
#158=CIRCLE('',#11122,0.200000000000002);
#159=CIRCLE('',#11124,2.);
#160=CIRCLE('',#11125,1.99999999999999);
#161=CIRCLE('',#11128,0.199999999999995);
#162=CIRCLE('',#11129,0.200000000000006);
#163=CIRCLE('',#11131,0.199999999999995);
#164=CIRCLE('',#11132,0.199999999999995);
#165=CIRCLE('',#11134,0.199999999999999);
#166=CIRCLE('',#11135,0.200000000000006);
#167=CIRCLE('',#11137,0.199999999999995);
#168=CIRCLE('',#11138,0.199999999999995);
#169=CIRCLE('',#11140,0.200000000000008);
#170=CIRCLE('',#11145,1.99999999999999);
#171=CIRCLE('',#11148,2.00000000000001);
#172=CIRCLE('',#11150,0.200000000000051);
#173=CIRCLE('',#11153,0.4);
#174=CIRCLE('',#11155,0.500000000000005);
#175=CIRCLE('',#11157,1.80000000000001);
#176=CIRCLE('',#11159,0.199999999999999);
#177=CIRCLE('',#11161,0.399999999999999);
#178=CIRCLE('',#11163,0.2);
#179=CIRCLE('',#11165,1.8);
#180=CIRCLE('',#11167,0.499999999999996);
#181=CIRCLE('',#11169,0.400000000000001);
#182=CIRCLE('',#11172,0.200000000000033);
#183=CIRCLE('',#11177,3.00000000000027);
#184=CIRCLE('',#11179,3.00000000000016);
#185=CIRCLE('',#11184,0.200000000000065);
#186=CIRCLE('',#11187,0.399999999999994);
#187=CIRCLE('',#11189,0.500000000000003);
#188=CIRCLE('',#11191,1.80000000000001);
#189=CIRCLE('',#11193,0.200000000000003);
#190=CIRCLE('',#11195,0.4);
#191=CIRCLE('',#11197,0.200000000000005);
#192=CIRCLE('',#11199,1.8);
#193=CIRCLE('',#11201,0.499999999999992);
#194=CIRCLE('',#11203,0.399999999999999);
#195=CIRCLE('',#11206,0.200000000000002);
#196=CIRCLE('',#11208,2.);
#197=CIRCLE('',#11211,1.99999999999999);
#198=CIRCLE('',#11218,0.20000000000002);
#199=CIRCLE('',#11219,0.20000000000002);
#200=CIRCLE('',#11221,0.499999999999994);
#201=CIRCLE('',#11228,3.225);
#202=CIRCLE('',#11230,3.05);
#203=CIRCLE('',#11232,3.05);
#204=CIRCLE('',#11234,2.83578658001977);
#205=CIRCLE('',#11236,2.125);
#206=CIRCLE('',#11238,1.73);
#207=CIRCLE('',#11240,1.73);
#208=CIRCLE('',#11242,0.118);
#209=CIRCLE('',#11243,0.139999999999999);
#210=CIRCLE('',#11244,0.668);
#211=CIRCLE('',#11245,0.140000000000001);
#212=CIRCLE('',#11246,0.118);
#213=CIRCLE('',#11247,0.665999999999999);
#214=CIRCLE('',#11248,0.118);
#215=CIRCLE('',#11249,0.140000000000001);
#216=CIRCLE('',#11250,0.668000000000002);
#217=CIRCLE('',#11251,0.140000000000002);
#218=CIRCLE('',#11252,0.117999999999999);
#219=CIRCLE('',#11253,0.666);
#220=CIRCLE('',#11254,0.118);
#221=CIRCLE('',#11255,0.140000000000002);
#222=CIRCLE('',#11256,0.668000000000001);
#223=CIRCLE('',#11257,0.14);
#224=CIRCLE('',#11258,0.118);
#225=CIRCLE('',#11259,0.666);
#226=CIRCLE('',#11260,0.117999999999999);
#227=CIRCLE('',#11261,0.140000000000001);
#228=CIRCLE('',#11262,0.668);
#229=CIRCLE('',#11263,0.140000000000001);
#230=CIRCLE('',#11264,0.118);
#231=CIRCLE('',#11265,0.666000000000001);
#232=CIRCLE('',#11266,0.118);
#233=CIRCLE('',#11267,0.139999999999999);
#234=CIRCLE('',#11268,0.668000000000001);
#235=CIRCLE('',#11269,0.139999999999999);
#236=CIRCLE('',#11270,0.118);
#237=CIRCLE('',#11271,0.666);
#238=CIRCLE('',#11272,0.118);
#239=CIRCLE('',#11273,0.14);
#240=CIRCLE('',#11274,0.668000000000001);
#241=CIRCLE('',#11275,0.139999999999999);
#242=CIRCLE('',#11276,0.118000000000001);
#243=CIRCLE('',#11277,0.665999999999999);
#244=CIRCLE('',#11279,0.118);
#245=CIRCLE('',#11281,0.665999999999999);
#246=CIRCLE('',#11283,0.118000000000001);
#247=CIRCLE('',#11285,0.139999999999999);
#248=CIRCLE('',#11287,0.668000000000001);
#249=CIRCLE('',#11289,0.14);
#250=CIRCLE('',#11291,0.118);
#251=CIRCLE('',#11293,0.666);
#252=CIRCLE('',#11295,0.118);
#253=CIRCLE('',#11297,0.139999999999999);
#254=CIRCLE('',#11299,0.668000000000001);
#255=CIRCLE('',#11301,0.139999999999999);
#256=CIRCLE('',#11303,0.118);
#257=CIRCLE('',#11305,0.666000000000001);
#258=CIRCLE('',#11307,0.118);
#259=CIRCLE('',#11309,0.140000000000001);
#260=CIRCLE('',#11311,0.668);
#261=CIRCLE('',#11313,0.140000000000001);
#262=CIRCLE('',#11315,0.117999999999999);
#263=CIRCLE('',#11317,0.666);
#264=CIRCLE('',#11319,0.118);
#265=CIRCLE('',#11321,0.14);
#266=CIRCLE('',#11323,0.668000000000001);
#267=CIRCLE('',#11325,0.140000000000002);
#268=CIRCLE('',#11327,0.118);
#269=CIRCLE('',#11329,0.666);
#270=CIRCLE('',#11331,0.117999999999999);
#271=CIRCLE('',#11333,0.140000000000002);
#272=CIRCLE('',#11335,0.668000000000002);
#273=CIRCLE('',#11337,0.140000000000001);
#274=CIRCLE('',#11339,0.118);
#275=CIRCLE('',#11341,0.665999999999999);
#276=CIRCLE('',#11343,0.118);
#277=CIRCLE('',#11345,0.140000000000001);
#278=CIRCLE('',#11347,0.668);
#279=CIRCLE('',#11349,0.139999999999999);
#280=CIRCLE('',#11352,3.225);
#281=CIRCLE('',#11354,3.05);
#282=CIRCLE('',#11356,3.05);
#283=CIRCLE('',#11358,2.83578658001977);
#284=CIRCLE('',#11360,2.125);
#285=CIRCLE('',#11362,1.73);
#286=CIRCLE('',#11364,1.73);
#287=CIRCLE('',#11366,0.118);
#288=CIRCLE('',#11367,0.139999999999999);
#289=CIRCLE('',#11368,0.668);
#290=CIRCLE('',#11369,0.140000000000001);
#291=CIRCLE('',#11370,0.118);
#292=CIRCLE('',#11371,0.665999999999999);
#293=CIRCLE('',#11372,0.118);
#294=CIRCLE('',#11373,0.140000000000001);
#295=CIRCLE('',#11374,0.668000000000002);
#296=CIRCLE('',#11375,0.140000000000002);
#297=CIRCLE('',#11376,0.117999999999999);
#298=CIRCLE('',#11377,0.666);
#299=CIRCLE('',#11378,0.118);
#300=CIRCLE('',#11379,0.140000000000002);
#301=CIRCLE('',#11380,0.668000000000001);
#302=CIRCLE('',#11381,0.14);
#303=CIRCLE('',#11382,0.118);
#304=CIRCLE('',#11383,0.666);
#305=CIRCLE('',#11384,0.117999999999999);
#306=CIRCLE('',#11385,0.140000000000001);
#307=CIRCLE('',#11386,0.668);
#308=CIRCLE('',#11387,0.140000000000001);
#309=CIRCLE('',#11388,0.118);
#310=CIRCLE('',#11389,0.666000000000001);
#311=CIRCLE('',#11390,0.118);
#312=CIRCLE('',#11391,0.139999999999999);
#313=CIRCLE('',#11392,0.668000000000001);
#314=CIRCLE('',#11393,0.139999999999999);
#315=CIRCLE('',#11394,0.118);
#316=CIRCLE('',#11395,0.666);
#317=CIRCLE('',#11396,0.118);
#318=CIRCLE('',#11397,0.14);
#319=CIRCLE('',#11398,0.668000000000001);
#320=CIRCLE('',#11399,0.139999999999999);
#321=CIRCLE('',#11400,0.118000000000001);
#322=CIRCLE('',#11401,0.665999999999999);
#323=CIRCLE('',#11403,0.118);
#324=CIRCLE('',#11405,0.665999999999999);
#325=CIRCLE('',#11407,0.118000000000001);
#326=CIRCLE('',#11409,0.139999999999999);
#327=CIRCLE('',#11411,0.668000000000001);
#328=CIRCLE('',#11413,0.14);
#329=CIRCLE('',#11415,0.118);
#330=CIRCLE('',#11417,0.666);
#331=CIRCLE('',#11419,0.118);
#332=CIRCLE('',#11421,0.139999999999999);
#333=CIRCLE('',#11423,0.668000000000001);
#334=CIRCLE('',#11425,0.139999999999999);
#335=CIRCLE('',#11427,0.118);
#336=CIRCLE('',#11429,0.666000000000001);
#337=CIRCLE('',#11431,0.118);
#338=CIRCLE('',#11433,0.140000000000001);
#339=CIRCLE('',#11435,0.668);
#340=CIRCLE('',#11437,0.140000000000001);
#341=CIRCLE('',#11439,0.117999999999999);
#342=CIRCLE('',#11441,0.666);
#343=CIRCLE('',#11443,0.118);
#344=CIRCLE('',#11445,0.14);
#345=CIRCLE('',#11447,0.668000000000001);
#346=CIRCLE('',#11449,0.140000000000002);
#347=CIRCLE('',#11451,0.118);
#348=CIRCLE('',#11453,0.666);
#349=CIRCLE('',#11455,0.117999999999999);
#350=CIRCLE('',#11457,0.140000000000002);
#351=CIRCLE('',#11459,0.668000000000002);
#352=CIRCLE('',#11461,0.140000000000001);
#353=CIRCLE('',#11463,0.118);
#354=CIRCLE('',#11465,0.665999999999999);
#355=CIRCLE('',#11467,0.118);
#356=CIRCLE('',#11469,0.140000000000001);
#357=CIRCLE('',#11471,0.668);
#358=CIRCLE('',#11473,0.139999999999999);
#359=CIRCLE('',#11480,1.8);
#360=CIRCLE('',#11481,1.8);
#361=CIRCLE('',#11484,1.8);
#362=CIRCLE('',#11485,1.8);
#363=CIRCLE('',#11527,0.199999999999998);
#364=CIRCLE('',#11529,0.199999999999998);
#365=CIRCLE('',#11538,0.200000000000013);
#366=CIRCLE('',#11540,0.200000000000013);
#367=CIRCLE('',#11548,0.118);
#368=CIRCLE('',#11549,0.139999999999999);
#369=CIRCLE('',#11550,0.668);
#370=CIRCLE('',#11551,0.140000000000001);
#371=CIRCLE('',#11552,0.118);
#372=CIRCLE('',#11553,0.665999999999999);
#373=CIRCLE('',#11554,0.118);
#374=CIRCLE('',#11555,0.140000000000001);
#375=CIRCLE('',#11556,0.668000000000002);
#376=CIRCLE('',#11557,0.140000000000002);
#377=CIRCLE('',#11558,0.117999999999999);
#378=CIRCLE('',#11559,0.666);
#379=CIRCLE('',#11560,0.118);
#380=CIRCLE('',#11561,0.140000000000002);
#381=CIRCLE('',#11562,0.668000000000001);
#382=CIRCLE('',#11563,0.14);
#383=CIRCLE('',#11564,0.118);
#384=CIRCLE('',#11565,0.666);
#385=CIRCLE('',#11566,0.117999999999999);
#386=CIRCLE('',#11567,0.140000000000001);
#387=CIRCLE('',#11568,0.668);
#388=CIRCLE('',#11569,0.140000000000001);
#389=CIRCLE('',#11570,0.118);
#390=CIRCLE('',#11571,0.666000000000001);
#391=CIRCLE('',#11572,0.118);
#392=CIRCLE('',#11573,0.139999999999999);
#393=CIRCLE('',#11574,0.668000000000001);
#394=CIRCLE('',#11575,0.139999999999999);
#395=CIRCLE('',#11576,0.118);
#396=CIRCLE('',#11577,0.666);
#397=CIRCLE('',#11578,0.118);
#398=CIRCLE('',#11579,0.14);
#399=CIRCLE('',#11580,0.668000000000001);
#400=CIRCLE('',#11581,0.139999999999999);
#401=CIRCLE('',#11582,0.118000000000001);
#402=CIRCLE('',#11583,0.665999999999999);
#403=CIRCLE('',#11584,1.73);
#404=CIRCLE('',#11586,1.73);
#405=CIRCLE('',#11588,2.125);
#406=CIRCLE('',#11590,2.83578658001976);
#407=CIRCLE('',#11592,3.04999999999993);
#408=CIRCLE('',#11594,3.05);
#409=CIRCLE('',#11596,3.225);
#410=CIRCLE('',#11599,0.118);
#411=CIRCLE('',#11600,0.139999999999999);
#412=CIRCLE('',#11601,0.668);
#413=CIRCLE('',#11602,0.140000000000001);
#414=CIRCLE('',#11603,0.118);
#415=CIRCLE('',#11604,0.665999999999999);
#416=CIRCLE('',#11605,0.118);
#417=CIRCLE('',#11606,0.140000000000001);
#418=CIRCLE('',#11607,0.668000000000002);
#419=CIRCLE('',#11608,0.140000000000002);
#420=CIRCLE('',#11609,0.117999999999999);
#421=CIRCLE('',#11610,0.666);
#422=CIRCLE('',#11611,0.118);
#423=CIRCLE('',#11612,0.140000000000002);
#424=CIRCLE('',#11613,0.668000000000001);
#425=CIRCLE('',#11614,0.14);
#426=CIRCLE('',#11615,0.118);
#427=CIRCLE('',#11616,0.666);
#428=CIRCLE('',#11617,0.117999999999999);
#429=CIRCLE('',#11618,0.140000000000001);
#430=CIRCLE('',#11619,0.668);
#431=CIRCLE('',#11620,0.140000000000001);
#432=CIRCLE('',#11621,0.118);
#433=CIRCLE('',#11622,0.666000000000001);
#434=CIRCLE('',#11623,0.118);
#435=CIRCLE('',#11624,0.139999999999999);
#436=CIRCLE('',#11625,0.668000000000001);
#437=CIRCLE('',#11626,0.139999999999999);
#438=CIRCLE('',#11627,0.118);
#439=CIRCLE('',#11628,0.666);
#440=CIRCLE('',#11629,0.118);
#441=CIRCLE('',#11630,0.14);
#442=CIRCLE('',#11631,0.668000000000001);
#443=CIRCLE('',#11632,0.139999999999999);
#444=CIRCLE('',#11633,0.118000000000001);
#445=CIRCLE('',#11634,0.665999999999999);
#446=CIRCLE('',#11635,1.73);
#447=CIRCLE('',#11637,1.73);
#448=CIRCLE('',#11639,2.125);
#449=CIRCLE('',#11641,2.83578658001976);
#450=CIRCLE('',#11643,3.04999999999993);
#451=CIRCLE('',#11645,3.05);
#452=CIRCLE('',#11647,3.225);
#453=CIRCLE('',#11650,0.118);
#454=CIRCLE('',#11652,0.665999999999999);
#455=CIRCLE('',#11654,0.118000000000001);
#456=CIRCLE('',#11656,0.139999999999999);
#457=CIRCLE('',#11658,0.668000000000001);
#458=CIRCLE('',#11660,0.14);
#459=CIRCLE('',#11662,0.118);
#460=CIRCLE('',#11664,0.666);
#461=CIRCLE('',#11666,0.118);
#462=CIRCLE('',#11668,0.139999999999999);
#463=CIRCLE('',#11670,0.668000000000001);
#464=CIRCLE('',#11672,0.139999999999999);
#465=CIRCLE('',#11674,0.118);
#466=CIRCLE('',#11676,0.666000000000001);
#467=CIRCLE('',#11678,0.118);
#468=CIRCLE('',#11680,0.140000000000001);
#469=CIRCLE('',#11682,0.668);
#470=CIRCLE('',#11684,0.140000000000001);
#471=CIRCLE('',#11686,0.117999999999999);
#472=CIRCLE('',#11688,0.666);
#473=CIRCLE('',#11690,0.118);
#474=CIRCLE('',#11692,0.14);
#475=CIRCLE('',#11694,0.668000000000001);
#476=CIRCLE('',#11696,0.140000000000002);
#477=CIRCLE('',#11698,0.118);
#478=CIRCLE('',#11700,0.666);
#479=CIRCLE('',#11702,0.117999999999999);
#480=CIRCLE('',#11704,0.140000000000002);
#481=CIRCLE('',#11706,0.668000000000002);
#482=CIRCLE('',#11708,0.140000000000001);
#483=CIRCLE('',#11710,0.118);
#484=CIRCLE('',#11712,0.665999999999999);
#485=CIRCLE('',#11714,0.118);
#486=CIRCLE('',#11716,0.140000000000001);
#487=CIRCLE('',#11718,0.668);
#488=CIRCLE('',#11720,0.139999999999999);
#489=CIRCLE('',#11723,0.118);
#490=CIRCLE('',#11725,0.665999999999999);
#491=CIRCLE('',#11727,0.118000000000001);
#492=CIRCLE('',#11729,0.139999999999999);
#493=CIRCLE('',#11731,0.668000000000001);
#494=CIRCLE('',#11733,0.14);
#495=CIRCLE('',#11735,0.118);
#496=CIRCLE('',#11737,0.666);
#497=CIRCLE('',#11739,0.118);
#498=CIRCLE('',#11741,0.139999999999999);
#499=CIRCLE('',#11743,0.668000000000001);
#500=CIRCLE('',#11745,0.139999999999999);
#501=CIRCLE('',#11747,0.118);
#502=CIRCLE('',#11749,0.666000000000001);
#503=CIRCLE('',#11751,0.118);
#504=CIRCLE('',#11753,0.140000000000001);
#505=CIRCLE('',#11755,0.668);
#506=CIRCLE('',#11757,0.140000000000001);
#507=CIRCLE('',#11759,0.117999999999999);
#508=CIRCLE('',#11761,0.666);
#509=CIRCLE('',#11763,0.118);
#510=CIRCLE('',#11765,0.14);
#511=CIRCLE('',#11767,0.668000000000001);
#512=CIRCLE('',#11769,0.140000000000002);
#513=CIRCLE('',#11771,0.118);
#514=CIRCLE('',#11773,0.666);
#515=CIRCLE('',#11775,0.117999999999999);
#516=CIRCLE('',#11777,0.140000000000002);
#517=CIRCLE('',#11779,0.668000000000002);
#518=CIRCLE('',#11781,0.140000000000001);
#519=CIRCLE('',#11783,0.118);
#520=CIRCLE('',#11785,0.665999999999999);
#521=CIRCLE('',#11787,0.118);
#522=CIRCLE('',#11789,0.140000000000001);
#523=CIRCLE('',#11791,0.668);
#524=CIRCLE('',#11793,0.139999999999999);
#525=CIRCLE('',#11796,6.52);
#526=CIRCLE('',#11800,6.52);
#527=CIRCLE('',#11803,5.92);
#528=CIRCLE('',#11805,3.92);
#529=CIRCLE('',#11807,2.);
#530=CIRCLE('',#11809,2.);
#531=CIRCLE('',#11820,2.067);
#532=CIRCLE('',#11821,2.067);
#533=CIRCLE('',#11823,4.425);
#534=CIRCLE('',#11824,4.425);
#535=CIRCLE('',#11826,4.73);
#536=CIRCLE('',#11827,2.5);
#537=CIRCLE('',#11828,3.);
#538=CIRCLE('',#11829,3.);
#539=CIRCLE('',#11830,3.);
#540=CIRCLE('',#11831,3.);
#541=CIRCLE('',#11832,3.);
#542=CIRCLE('',#11835,4.425);
#543=CIRCLE('',#11836,4.425);
#544=CIRCLE('',#11841,15.0000000000004);
#545=CIRCLE('',#11842,15.0000000000004);
#546=CIRCLE('',#11843,15.0000000000004);
#547=CIRCLE('',#11844,15.0000000000004);
#548=CIRCLE('',#11846,4.64999999999999);
#549=CIRCLE('',#11848,4.64999999999999);
#550=CIRCLE('',#11855,2.);
#551=CIRCLE('',#11856,2.);
#552=CIRCLE('',#11859,2.);
#553=CIRCLE('',#11860,2.);
#554=CIRCLE('',#11863,2.);
#555=CIRCLE('',#11864,2.);
#556=CIRCLE('',#11866,2.);
#557=CIRCLE('',#11867,2.);
#558=CIRCLE('',#11870,2.5);
#559=CIRCLE('',#11871,3.);
#560=CIRCLE('',#11873,3.);
#561=CIRCLE('',#11874,3.);
#562=CIRCLE('',#11876,3.);
#563=CIRCLE('',#11877,3.);
#564=CIRCLE('',#11887,2.4585);
#565=CIRCLE('',#11889,2.4585);
#566=CIRCLE('',#11897,1.6);
#567=CIRCLE('',#11898,2.00000000000001);
#568=CIRCLE('',#11900,2.00000000000001);
#569=CIRCLE('',#11901,1.6);
#570=CIRCLE('',#11918,1.63397459621556);
#571=B_SPLINE_CURVE_WITH_KNOTS('',3,(#14654,#14655,#14656,#14657,#14658),
 .UNSPECIFIED.,.F.,.F.,(4,1,4),(0.000499977918113282,0.00209959781523208,
0.00369921771235087),.UNSPECIFIED.);
#572=B_SPLINE_CURVE_WITH_KNOTS('',3,(#14660,#14661,#14662,#14663),
 .UNSPECIFIED.,.F.,.F.,(4,4),(1.20435293388883E-16,0.00140209443837296),
 .UNSPECIFIED.);
#573=B_SPLINE_CURVE_WITH_KNOTS('',3,(#14664,#14665,#14666,#14667),
 .UNSPECIFIED.,.F.,.F.,(4,4),(1.20435293388883E-16,0.00140209443837296),
 .UNSPECIFIED.);
#574=B_SPLINE_CURVE_WITH_KNOTS('',3,(#14669,#14670,#14671,#14672),
 .UNSPECIFIED.,.F.,.F.,(4,4),(0.,0.00320693230436353),.UNSPECIFIED.);
#575=B_SPLINE_CURVE_WITH_KNOTS('',3,(#14678,#14679,#14680,#14681,#14682),
 .UNSPECIFIED.,.F.,.F.,(4,1,4),(1.19262238973405E-18,0.000319649971482308,
0.000639299942964615),.UNSPECIFIED.);
#576=B_SPLINE_CURVE_WITH_KNOTS('',3,(#14772,#14773,#14774,#14775),
 .UNSPECIFIED.,.F.,.F.,(4,4),(0.,0.000408465164548663),.UNSPECIFIED.);
#577=B_SPLINE_CURVE_WITH_KNOTS('',3,(#14781,#14782,#14783,#14784),
 .UNSPECIFIED.,.F.,.F.,(4,4),(0.00743619388947171,0.00784230418925249),
 .UNSPECIFIED.);
#578=B_SPLINE_CURVE_WITH_KNOTS('',3,(#14791,#14792,#14793,#14794),
 .UNSPECIFIED.,.F.,.F.,(4,4),(0.,0.00132976847280121),.UNSPECIFIED.);
#579=B_SPLINE_CURVE_WITH_KNOTS('',3,(#14800,#14801,#14802,#14803,#14804),
 .UNSPECIFIED.,.F.,.F.,(4,1,4),(1.73472347597681E-17,0.000863537159976851,
0.00172707431995368),.UNSPECIFIED.);
#580=B_SPLINE_CURVE_WITH_KNOTS('',3,(#14808,#14809,#14810,#14811,#14812),
 .UNSPECIFIED.,.F.,.F.,(4,1,4),(3.46944695195361E-18,0.00086733221460436,
0.00173466442920872),.UNSPECIFIED.);
#581=B_SPLINE_CURVE_WITH_KNOTS('',3,(#14818,#14819,#14820,#14821),
 .UNSPECIFIED.,.F.,.F.,(4,4),(0.,0.00113919860329218),.UNSPECIFIED.);
#582=B_SPLINE_CURVE_WITH_KNOTS('',3,(#14823,#14824,#14825,#14826),
 .UNSPECIFIED.,.F.,.F.,(4,4),(0.,0.000836455092854078),.UNSPECIFIED.);
#583=B_SPLINE_CURVE_WITH_KNOTS('',3,(#14828,#14829,#14830,#14831),
 .UNSPECIFIED.,.F.,.F.,(4,4),(0.,0.00136244880033468),.UNSPECIFIED.);
#584=B_SPLINE_CURVE_WITH_KNOTS('',3,(#15004,#15005,#15006,#15007),
 .UNSPECIFIED.,.F.,.F.,(4,4),(1.23055370414073E-16,0.00114006096780224),
 .UNSPECIFIED.);
#585=B_SPLINE_CURVE_WITH_KNOTS('',3,(#15028,#15029,#15030,#15031),
 .UNSPECIFIED.,.F.,.F.,(4,4),(0.,0.000836430880864147),.UNSPECIFIED.);
#586=B_SPLINE_CURVE_WITH_KNOTS('',3,(#15055,#15056,#15057,#15058),
 .UNSPECIFIED.,.F.,.F.,(4,4),(0.,0.0013634774258833),.UNSPECIFIED.);
#587=B_SPLINE_CURVE_WITH_KNOTS('',3,(#15084,#15085,#15086,#15087,#15088),
 .UNSPECIFIED.,.F.,.F.,(4,1,4),(1.73472347597681E-18,0.000867332214604355,
0.00173466442920871),.UNSPECIFIED.);
#588=B_SPLINE_CURVE_WITH_KNOTS('',3,(#15094,#15095,#15096,#15097),
 .UNSPECIFIED.,.F.,.F.,(4,4),(0.,0.00136347742588331),.UNSPECIFIED.);
#589=B_SPLINE_CURVE_WITH_KNOTS('',3,(#15105,#15106,#15107,#15108,#15109),
 .UNSPECIFIED.,.F.,.F.,(4,1,4),(1.73472347597681E-17,0.000863537159976843,
0.00172707431995367),.UNSPECIFIED.);
#590=B_SPLINE_CURVE_WITH_KNOTS('',3,(#15111,#15112,#15113,#15114),
 .UNSPECIFIED.,.F.,.F.,(4,4),(0.,0.00136244880033469),.UNSPECIFIED.);
#591=B_SPLINE_CURVE_WITH_KNOTS('',3,(#16114,#16115,#16116,#16117,#16118,
#16119,#16120,#16121),.UNSPECIFIED.,.F.,.F.,(4,1,1,1,1,4),(3.46944695195361E-18,
0.000102732443420577,0.00020546488684115,0.000410929773682296,0.000616394660523443,
0.000821859547364589),.UNSPECIFIED.);
#592=B_SPLINE_CURVE_WITH_KNOTS('',3,(#16129,#16130,#16131,#16132,#16133,
#16134,#16135,#16136),.UNSPECIFIED.,.F.,.F.,(4,1,1,1,1,4),(0.,0.000201521480015052,
0.000403042960030105,0.000604564440045157,0.000705325180052683,0.000806085920060209),
 .UNSPECIFIED.);
#593=B_SPLINE_CURVE_WITH_KNOTS('',3,(#16142,#16143,#16144,#16145),
 .UNSPECIFIED.,.F.,.F.,(4,4),(7.75791922889773E-18,0.00132847620849406),
 .UNSPECIFIED.);
#594=B_SPLINE_CURVE_WITH_KNOTS('',3,(#16147,#16148,#16149,#16150),
 .UNSPECIFIED.,.F.,.F.,(4,4),(1.19595313882331E-16,0.000927008311059921),
 .UNSPECIFIED.);
#595=B_SPLINE_CURVE_WITH_KNOTS('',3,(#16158,#16159,#16160,#16161),
 .UNSPECIFIED.,.F.,.F.,(4,4),(0.,0.000927008311059913),.UNSPECIFIED.);
#596=B_SPLINE_CURVE_WITH_KNOTS('',3,(#16163,#16164,#16165,#16166),
 .UNSPECIFIED.,.F.,.F.,(4,4),(0.,0.000927008311059907),.UNSPECIFIED.);
#597=B_SPLINE_CURVE_WITH_KNOTS('',3,(#16174,#16175,#16176,#16177),
 .UNSPECIFIED.,.F.,.F.,(4,4),(0.,0.000927008311059908),.UNSPECIFIED.);
#598=B_SPLINE_CURVE_WITH_KNOTS('',3,(#16179,#16180,#16181,#16182),
 .UNSPECIFIED.,.F.,.F.,(4,4),(0.,0.00132976847280121),.UNSPECIFIED.);
#599=B_SPLINE_CURVE_WITH_KNOTS('',3,(#16188,#16189,#16190,#16191),
 .UNSPECIFIED.,.F.,.F.,(4,4),(0.,0.00132847620849406),.UNSPECIFIED.);
#600=B_SPLINE_CURVE_WITH_KNOTS('',3,(#16193,#16194,#16195,#16196,#16197,
#16198,#16199,#16200),.UNSPECIFIED.,.F.,.F.,(4,1,1,1,1,4),(3.46944695195361E-17,
0.000102732443421001,0.000205464886841967,0.000410929773683899,0.000616394660525831,
0.000821859547367764),.UNSPECIFIED.);
#601=B_SPLINE_CURVE_WITH_KNOTS('',3,(#16208,#16209,#16210,#16211,#16212,
#16213,#16214,#16215),.UNSPECIFIED.,.F.,.F.,(4,1,1,1,1,4),(0.,0.000201521480015116,
0.000403042960030233,0.000604564440045349,0.000705325180052907,0.000806085920060466),
 .UNSPECIFIED.);
#602=B_SPLINE_CURVE_WITH_KNOTS('',3,(#16943,#16944,#16945,#16946,#16947),
 .UNSPECIFIED.,.F.,.F.,(4,1,4),(0.00113345717515311,0.00224535912018401,
0.00335726106521491),.UNSPECIFIED.);
#603=B_SPLINE_CURVE_WITH_KNOTS('',3,(#16954,#16955,#16956,#16957),
 .UNSPECIFIED.,.F.,.F.,(4,4),(0.000159489713057906,0.00105095473141312),
 .UNSPECIFIED.);
#604=B_SPLINE_CURVE_WITH_KNOTS('',3,(#16963,#16964,#16965,#16966),
 .UNSPECIFIED.,.F.,.F.,(4,4),(0.,0.000891465018355244),.UNSPECIFIED.);
#605=B_SPLINE_CURVE_WITH_KNOTS('',3,(#17086,#17087,#17088,#17089),
 .UNSPECIFIED.,.F.,.F.,(4,4),(0.,0.000542745088816041),.UNSPECIFIED.);
#606=B_SPLINE_CURVE_WITH_KNOTS('',3,(#17095,#17096,#17097,#17098),
 .UNSPECIFIED.,.F.,.F.,(4,4),(0.,0.000542745088816036),.UNSPECIFIED.);
#607=CYLINDRICAL_SURFACE('',#10914,2.93000000000024);
#608=CYLINDRICAL_SURFACE('',#10927,6.00000000000001);
#609=CYLINDRICAL_SURFACE('',#10930,6.);
#610=CYLINDRICAL_SURFACE('',#10933,43.2999999999995);
#611=CYLINDRICAL_SURFACE('',#10936,2.00999999999987);
#612=CYLINDRICAL_SURFACE('',#10937,1.99999999999986);
#613=CYLINDRICAL_SURFACE('',#10939,1.99999999999985);
#614=CYLINDRICAL_SURFACE('',#10942,0.200000000000013);
#615=CYLINDRICAL_SURFACE('',#10951,51.5000000000012);
#616=CYLINDRICAL_SURFACE('',#10956,3.00000000000001);
#617=CYLINDRICAL_SURFACE('',#10960,3.);
#618=CYLINDRICAL_SURFACE('',#10963,51.4999999999998);
#619=CYLINDRICAL_SURFACE('',#10972,2.99999999999978);
#620=CYLINDRICAL_SURFACE('',#10974,56.0000000000005);
#621=CYLINDRICAL_SURFACE('',#10979,56.0000000000013);
#622=CYLINDRICAL_SURFACE('',#10984,2.99999999999978);
#623=CYLINDRICAL_SURFACE('',#10986,1.79999999999999);
#624=CYLINDRICAL_SURFACE('',#10989,1.8);
#625=CYLINDRICAL_SURFACE('',#10993,1.80000000000001);
#626=CYLINDRICAL_SURFACE('',#10996,1.8);
#627=CYLINDRICAL_SURFACE('',#11023,0.200000000000002);
#628=CYLINDRICAL_SURFACE('',#11027,0.200000000000006);
#629=CYLINDRICAL_SURFACE('',#11030,1.79999999999999);
#630=CYLINDRICAL_SURFACE('',#11034,1.8);
#631=CYLINDRICAL_SURFACE('',#11037,1.8);
#632=CYLINDRICAL_SURFACE('',#11041,1.8);
#633=CYLINDRICAL_SURFACE('',#11044,0.199999999999995);
#634=CYLINDRICAL_SURFACE('',#11048,0.200000000000006);
#635=CYLINDRICAL_SURFACE('',#11055,0.200000000000009);
#636=CYLINDRICAL_SURFACE('',#11059,0.200000000000013);
#637=CYLINDRICAL_SURFACE('',#11062,1.8);
#638=CYLINDRICAL_SURFACE('',#11066,1.8);
#639=CYLINDRICAL_SURFACE('',#11069,1.80000000000001);
#640=CYLINDRICAL_SURFACE('',#11073,1.8);
#641=CYLINDRICAL_SURFACE('',#11076,0.200000000000009);
#642=CYLINDRICAL_SURFACE('',#11080,0.200000000000009);
#643=CYLINDRICAL_SURFACE('',#11086,0.500000000000014);
#644=CYLINDRICAL_SURFACE('',#11089,0.499999999999994);
#645=CYLINDRICAL_SURFACE('',#11141,0.199999999999995);
#646=CYLINDRICAL_SURFACE('',#11143,0.200000000000006);
#647=CYLINDRICAL_SURFACE('',#11144,1.99999999999999);
#648=CYLINDRICAL_SURFACE('',#11147,2.00000000000001);
#649=CYLINDRICAL_SURFACE('',#11149,0.200000000000051);
#650=CYLINDRICAL_SURFACE('',#11152,0.4);
#651=CYLINDRICAL_SURFACE('',#11154,0.500000000000005);
#652=CYLINDRICAL_SURFACE('',#11156,1.80000000000001);
#653=CYLINDRICAL_SURFACE('',#11158,0.199999999999999);
#654=CYLINDRICAL_SURFACE('',#11160,0.399999999999999);
#655=CYLINDRICAL_SURFACE('',#11162,0.2);
#656=CYLINDRICAL_SURFACE('',#11164,1.8);
#657=CYLINDRICAL_SURFACE('',#11166,0.499999999999996);
#658=CYLINDRICAL_SURFACE('',#11168,0.400000000000001);
#659=CYLINDRICAL_SURFACE('',#11171,0.200000000000033);
#660=CYLINDRICAL_SURFACE('',#11173,0.199999999999995);
#661=CYLINDRICAL_SURFACE('',#11175,0.199999999999995);
#662=CYLINDRICAL_SURFACE('',#11176,3.00000000000027);
#663=CYLINDRICAL_SURFACE('',#11178,3.00000000000016);
#664=CYLINDRICAL_SURFACE('',#11180,0.199999999999999);
#665=CYLINDRICAL_SURFACE('',#11182,0.200000000000006);
#666=CYLINDRICAL_SURFACE('',#11183,0.200000000000065);
#667=CYLINDRICAL_SURFACE('',#11186,0.399999999999994);
#668=CYLINDRICAL_SURFACE('',#11188,0.500000000000003);
#669=CYLINDRICAL_SURFACE('',#11190,1.80000000000001);
#670=CYLINDRICAL_SURFACE('',#11192,0.200000000000003);
#671=CYLINDRICAL_SURFACE('',#11194,0.4);
#672=CYLINDRICAL_SURFACE('',#11196,0.200000000000005);
#673=CYLINDRICAL_SURFACE('',#11198,1.8);
#674=CYLINDRICAL_SURFACE('',#11200,0.499999999999992);
#675=CYLINDRICAL_SURFACE('',#11202,0.399999999999999);
#676=CYLINDRICAL_SURFACE('',#11205,0.200000000000002);
#677=CYLINDRICAL_SURFACE('',#11207,2.);
#678=CYLINDRICAL_SURFACE('',#11210,1.99999999999999);
#679=CYLINDRICAL_SURFACE('',#11212,0.199999999999995);
#680=CYLINDRICAL_SURFACE('',#11214,0.199999999999995);
#681=CYLINDRICAL_SURFACE('',#11215,0.200000000000008);
#682=CYLINDRICAL_SURFACE('',#11216,0.199999999999998);
#683=CYLINDRICAL_SURFACE('',#11217,0.20000000000002);
#684=CYLINDRICAL_SURFACE('',#11227,3.225);
#685=CYLINDRICAL_SURFACE('',#11231,3.05);
#686=CYLINDRICAL_SURFACE('',#11239,1.73);
#687=CYLINDRICAL_SURFACE('',#11278,0.118);
#688=CYLINDRICAL_SURFACE('',#11280,0.665999999999999);
#689=CYLINDRICAL_SURFACE('',#11282,0.118000000000001);
#690=CYLINDRICAL_SURFACE('',#11284,0.139999999999999);
#691=CYLINDRICAL_SURFACE('',#11286,0.668000000000001);
#692=CYLINDRICAL_SURFACE('',#11288,0.14);
#693=CYLINDRICAL_SURFACE('',#11290,0.118);
#694=CYLINDRICAL_SURFACE('',#11292,0.666);
#695=CYLINDRICAL_SURFACE('',#11294,0.118);
#696=CYLINDRICAL_SURFACE('',#11296,0.139999999999999);
#697=CYLINDRICAL_SURFACE('',#11298,0.668000000000001);
#698=CYLINDRICAL_SURFACE('',#11300,0.139999999999999);
#699=CYLINDRICAL_SURFACE('',#11302,0.118);
#700=CYLINDRICAL_SURFACE('',#11304,0.666000000000001);
#701=CYLINDRICAL_SURFACE('',#11306,0.118);
#702=CYLINDRICAL_SURFACE('',#11308,0.140000000000001);
#703=CYLINDRICAL_SURFACE('',#11310,0.668);
#704=CYLINDRICAL_SURFACE('',#11312,0.140000000000001);
#705=CYLINDRICAL_SURFACE('',#11314,0.117999999999999);
#706=CYLINDRICAL_SURFACE('',#11316,0.666);
#707=CYLINDRICAL_SURFACE('',#11318,0.118);
#708=CYLINDRICAL_SURFACE('',#11320,0.14);
#709=CYLINDRICAL_SURFACE('',#11322,0.668000000000001);
#710=CYLINDRICAL_SURFACE('',#11324,0.140000000000002);
#711=CYLINDRICAL_SURFACE('',#11326,0.118);
#712=CYLINDRICAL_SURFACE('',#11328,0.666);
#713=CYLINDRICAL_SURFACE('',#11330,0.117999999999999);
#714=CYLINDRICAL_SURFACE('',#11332,0.140000000000002);
#715=CYLINDRICAL_SURFACE('',#11334,0.668000000000002);
#716=CYLINDRICAL_SURFACE('',#11336,0.140000000000001);
#717=CYLINDRICAL_SURFACE('',#11338,0.118);
#718=CYLINDRICAL_SURFACE('',#11340,0.665999999999999);
#719=CYLINDRICAL_SURFACE('',#11342,0.118);
#720=CYLINDRICAL_SURFACE('',#11344,0.140000000000001);
#721=CYLINDRICAL_SURFACE('',#11346,0.668);
#722=CYLINDRICAL_SURFACE('',#11348,0.139999999999999);
#723=CYLINDRICAL_SURFACE('',#11351,3.225);
#724=CYLINDRICAL_SURFACE('',#11355,3.05);
#725=CYLINDRICAL_SURFACE('',#11363,1.73);
#726=CYLINDRICAL_SURFACE('',#11402,0.118);
#727=CYLINDRICAL_SURFACE('',#11404,0.665999999999999);
#728=CYLINDRICAL_SURFACE('',#11406,0.118000000000001);
#729=CYLINDRICAL_SURFACE('',#11408,0.139999999999999);
#730=CYLINDRICAL_SURFACE('',#11410,0.668000000000001);
#731=CYLINDRICAL_SURFACE('',#11412,0.14);
#732=CYLINDRICAL_SURFACE('',#11414,0.118);
#733=CYLINDRICAL_SURFACE('',#11416,0.666);
#734=CYLINDRICAL_SURFACE('',#11418,0.118);
#735=CYLINDRICAL_SURFACE('',#11420,0.139999999999999);
#736=CYLINDRICAL_SURFACE('',#11422,0.668000000000001);
#737=CYLINDRICAL_SURFACE('',#11424,0.139999999999999);
#738=CYLINDRICAL_SURFACE('',#11426,0.118);
#739=CYLINDRICAL_SURFACE('',#11428,0.666000000000001);
#740=CYLINDRICAL_SURFACE('',#11430,0.118);
#741=CYLINDRICAL_SURFACE('',#11432,0.140000000000001);
#742=CYLINDRICAL_SURFACE('',#11434,0.668);
#743=CYLINDRICAL_SURFACE('',#11436,0.140000000000001);
#744=CYLINDRICAL_SURFACE('',#11438,0.117999999999999);
#745=CYLINDRICAL_SURFACE('',#11440,0.666);
#746=CYLINDRICAL_SURFACE('',#11442,0.118);
#747=CYLINDRICAL_SURFACE('',#11444,0.14);
#748=CYLINDRICAL_SURFACE('',#11446,0.668000000000001);
#749=CYLINDRICAL_SURFACE('',#11448,0.140000000000002);
#750=CYLINDRICAL_SURFACE('',#11450,0.118);
#751=CYLINDRICAL_SURFACE('',#11452,0.666);
#752=CYLINDRICAL_SURFACE('',#11454,0.117999999999999);
#753=CYLINDRICAL_SURFACE('',#11456,0.140000000000002);
#754=CYLINDRICAL_SURFACE('',#11458,0.668000000000002);
#755=CYLINDRICAL_SURFACE('',#11460,0.140000000000001);
#756=CYLINDRICAL_SURFACE('',#11462,0.118);
#757=CYLINDRICAL_SURFACE('',#11464,0.665999999999999);
#758=CYLINDRICAL_SURFACE('',#11466,0.118);
#759=CYLINDRICAL_SURFACE('',#11468,0.140000000000001);
#760=CYLINDRICAL_SURFACE('',#11470,0.668);
#761=CYLINDRICAL_SURFACE('',#11472,0.139999999999999);
#762=CYLINDRICAL_SURFACE('',#11477,0.3);
#763=CYLINDRICAL_SURFACE('',#11488,0.200000000000002);
#764=CYLINDRICAL_SURFACE('',#11490,0.200000000000006);
#765=CYLINDRICAL_SURFACE('',#11491,1.8);
#766=CYLINDRICAL_SURFACE('',#11493,1.8);
#767=CYLINDRICAL_SURFACE('',#11495,0.199999999999995);
#768=CYLINDRICAL_SURFACE('',#11497,0.200000000000006);
#769=CYLINDRICAL_SURFACE('',#11498,0.200000000000009);
#770=CYLINDRICAL_SURFACE('',#11500,0.200000000000013);
#771=CYLINDRICAL_SURFACE('',#11501,1.8);
#772=CYLINDRICAL_SURFACE('',#11503,1.8);
#773=CYLINDRICAL_SURFACE('',#11505,0.200000000000009);
#774=CYLINDRICAL_SURFACE('',#11507,0.200000000000009);
#775=CYLINDRICAL_SURFACE('',#11508,0.500000000000014);
#776=CYLINDRICAL_SURFACE('',#11509,0.499999999999994);
#777=CYLINDRICAL_SURFACE('',#11511,2.00999999999987);
#778=CYLINDRICAL_SURFACE('',#11512,2.00999999999987);
#779=CYLINDRICAL_SURFACE('',#11513,2.00999999999987);
#780=CYLINDRICAL_SURFACE('',#11519,1.99999999999986);
#781=CYLINDRICAL_SURFACE('',#11520,1.99999999999985);
#782=CYLINDRICAL_SURFACE('',#11521,1.99999999999985);
#783=CYLINDRICAL_SURFACE('',#11522,1.99999999999985);
#784=CYLINDRICAL_SURFACE('',#11528,0.199999999999998);
#785=CYLINDRICAL_SURFACE('',#11539,0.200000000000013);
#786=CYLINDRICAL_SURFACE('',#11546,0.3);
#787=CYLINDRICAL_SURFACE('',#11585,1.73);
#788=CYLINDRICAL_SURFACE('',#11593,3.04999999999996);
#789=CYLINDRICAL_SURFACE('',#11597,3.225);
#790=CYLINDRICAL_SURFACE('',#11636,1.73);
#791=CYLINDRICAL_SURFACE('',#11644,3.04999999999996);
#792=CYLINDRICAL_SURFACE('',#11648,3.225);
#793=CYLINDRICAL_SURFACE('',#11649,0.118);
#794=CYLINDRICAL_SURFACE('',#11651,0.665999999999999);
#795=CYLINDRICAL_SURFACE('',#11653,0.118000000000001);
#796=CYLINDRICAL_SURFACE('',#11655,0.139999999999999);
#797=CYLINDRICAL_SURFACE('',#11657,0.668000000000001);
#798=CYLINDRICAL_SURFACE('',#11659,0.14);
#799=CYLINDRICAL_SURFACE('',#11661,0.118);
#800=CYLINDRICAL_SURFACE('',#11663,0.666);
#801=CYLINDRICAL_SURFACE('',#11665,0.118);
#802=CYLINDRICAL_SURFACE('',#11667,0.139999999999999);
#803=CYLINDRICAL_SURFACE('',#11669,0.668000000000001);
#804=CYLINDRICAL_SURFACE('',#11671,0.139999999999999);
#805=CYLINDRICAL_SURFACE('',#11673,0.118);
#806=CYLINDRICAL_SURFACE('',#11675,0.666000000000001);
#807=CYLINDRICAL_SURFACE('',#11677,0.118);
#808=CYLINDRICAL_SURFACE('',#11679,0.140000000000001);
#809=CYLINDRICAL_SURFACE('',#11681,0.668);
#810=CYLINDRICAL_SURFACE('',#11683,0.140000000000001);
#811=CYLINDRICAL_SURFACE('',#11685,0.117999999999999);
#812=CYLINDRICAL_SURFACE('',#11687,0.666);
#813=CYLINDRICAL_SURFACE('',#11689,0.118);
#814=CYLINDRICAL_SURFACE('',#11691,0.14);
#815=CYLINDRICAL_SURFACE('',#11693,0.668000000000001);
#816=CYLINDRICAL_SURFACE('',#11695,0.140000000000002);
#817=CYLINDRICAL_SURFACE('',#11697,0.118);
#818=CYLINDRICAL_SURFACE('',#11699,0.666);
#819=CYLINDRICAL_SURFACE('',#11701,0.117999999999999);
#820=CYLINDRICAL_SURFACE('',#11703,0.140000000000002);
#821=CYLINDRICAL_SURFACE('',#11705,0.668000000000002);
#822=CYLINDRICAL_SURFACE('',#11707,0.140000000000001);
#823=CYLINDRICAL_SURFACE('',#11709,0.118);
#824=CYLINDRICAL_SURFACE('',#11711,0.665999999999999);
#825=CYLINDRICAL_SURFACE('',#11713,0.118);
#826=CYLINDRICAL_SURFACE('',#11715,0.140000000000001);
#827=CYLINDRICAL_SURFACE('',#11717,0.668);
#828=CYLINDRICAL_SURFACE('',#11719,0.139999999999999);
#829=CYLINDRICAL_SURFACE('',#11722,0.118);
#830=CYLINDRICAL_SURFACE('',#11724,0.665999999999999);
#831=CYLINDRICAL_SURFACE('',#11726,0.118000000000001);
#832=CYLINDRICAL_SURFACE('',#11728,0.139999999999999);
#833=CYLINDRICAL_SURFACE('',#11730,0.668000000000001);
#834=CYLINDRICAL_SURFACE('',#11732,0.14);
#835=CYLINDRICAL_SURFACE('',#11734,0.118);
#836=CYLINDRICAL_SURFACE('',#11736,0.666);
#837=CYLINDRICAL_SURFACE('',#11738,0.118);
#838=CYLINDRICAL_SURFACE('',#11740,0.139999999999999);
#839=CYLINDRICAL_SURFACE('',#11742,0.668000000000001);
#840=CYLINDRICAL_SURFACE('',#11744,0.139999999999999);
#841=CYLINDRICAL_SURFACE('',#11746,0.118);
#842=CYLINDRICAL_SURFACE('',#11748,0.666000000000001);
#843=CYLINDRICAL_SURFACE('',#11750,0.118);
#844=CYLINDRICAL_SURFACE('',#11752,0.140000000000001);
#845=CYLINDRICAL_SURFACE('',#11754,0.668);
#846=CYLINDRICAL_SURFACE('',#11756,0.140000000000001);
#847=CYLINDRICAL_SURFACE('',#11758,0.117999999999999);
#848=CYLINDRICAL_SURFACE('',#11760,0.666);
#849=CYLINDRICAL_SURFACE('',#11762,0.118);
#850=CYLINDRICAL_SURFACE('',#11764,0.14);
#851=CYLINDRICAL_SURFACE('',#11766,0.668000000000001);
#852=CYLINDRICAL_SURFACE('',#11768,0.140000000000002);
#853=CYLINDRICAL_SURFACE('',#11770,0.118);
#854=CYLINDRICAL_SURFACE('',#11772,0.666);
#855=CYLINDRICAL_SURFACE('',#11774,0.117999999999999);
#856=CYLINDRICAL_SURFACE('',#11776,0.140000000000002);
#857=CYLINDRICAL_SURFACE('',#11778,0.668000000000002);
#858=CYLINDRICAL_SURFACE('',#11780,0.140000000000001);
#859=CYLINDRICAL_SURFACE('',#11782,0.118);
#860=CYLINDRICAL_SURFACE('',#11784,0.665999999999999);
#861=CYLINDRICAL_SURFACE('',#11786,0.118);
#862=CYLINDRICAL_SURFACE('',#11788,0.140000000000001);
#863=CYLINDRICAL_SURFACE('',#11790,0.668);
#864=CYLINDRICAL_SURFACE('',#11792,0.139999999999999);
#865=CYLINDRICAL_SURFACE('',#11795,6.52);
#866=CYLINDRICAL_SURFACE('',#11799,6.52);
#867=CYLINDRICAL_SURFACE('',#11808,2.);
#868=CYLINDRICAL_SURFACE('',#11819,2.067);
#869=CYLINDRICAL_SURFACE('',#11837,1.41);
#870=CYLINDRICAL_SURFACE('',#11840,15.0000000000004);
#871=CYLINDRICAL_SURFACE('',#11850,4.73);
#872=CYLINDRICAL_SURFACE('',#11854,2.);
#873=CYLINDRICAL_SURFACE('',#11858,2.);
#874=CYLINDRICAL_SURFACE('',#11862,2.);
#875=CYLINDRICAL_SURFACE('',#11865,2.);
#876=CYLINDRICAL_SURFACE('',#11878,3.);
#877=CYLINDRICAL_SURFACE('',#11880,3.);
#878=CYLINDRICAL_SURFACE('',#11882,3.);
#879=CYLINDRICAL_SURFACE('',#11885,3.);
#880=CYLINDRICAL_SURFACE('',#11888,2.4585);
#881=CYLINDRICAL_SURFACE('',#11902,2.00000000000001);
#882=CYLINDRICAL_SURFACE('',#11903,1.6);
#883=CYLINDRICAL_SURFACE('',#11908,4.64999999999999);
#884=CYLINDRICAL_SURFACE('',#11910,1.41);
#885=CYLINDRICAL_SURFACE('',#11913,4.425);
#886=CYLINDRICAL_SURFACE('',#11915,4.425);
#887=CYLINDRICAL_SURFACE('',#11931,4.73);
#888=ELLIPSE('',#10913,0.310582854123025,0.3);
#889=ELLIPSE('',#10915,3.11804087335469,2.93000000000024);
#890=ELLIPSE('',#10916,3.11804087335469,2.93000000000024);
#891=ELLIPSE('',#10928,6.01646644124049,6.00000000000001);
#892=ELLIPSE('',#10929,6.07065323411916,6.00000000000001);
#893=ELLIPSE('',#10931,6.01646644124048,6.);
#894=ELLIPSE('',#10932,6.07065323411915,6.);
#895=ELLIPSE('',#10934,43.4188328176183,43.2999999999995);
#896=ELLIPSE('',#10935,43.8098808395594,43.2999999999995);
#897=ELLIPSE('',#10952,52.1064402595239,51.5000000000012);
#898=ELLIPSE('',#10953,51.5913444458795,51.5000000000012);
#899=ELLIPSE('',#10957,3.03532661705959,3.00000000000001);
#900=ELLIPSE('',#10958,3.00532103568225,3.00000000000001);
#901=ELLIPSE('',#10961,3.03532661705958,3.);
#902=ELLIPSE('',#10962,3.00532103568224,3.);
#903=ELLIPSE('',#10964,52.1064402595226,51.4999999999998);
#904=ELLIPSE('',#10967,51.5913444458782,51.4999999999998);
#905=ELLIPSE('',#10973,3.00532103568201,2.99999999999978);
#906=ELLIPSE('',#10975,56.1536867849116,56.0000000000005);
#907=ELLIPSE('',#10978,56.0993259994022,56.0000000000005);
#908=ELLIPSE('',#10980,56.1536867849124,56.0000000000013);
#909=ELLIPSE('',#10981,56.099325999403,56.0000000000013);
#910=ELLIPSE('',#10985,3.00532103568201,2.99999999999978);
#911=ELLIPSE('',#11024,0.200354735712151,0.200000000000002);
#912=ELLIPSE('',#11028,0.200354735712155,0.200000000000006);
#913=ELLIPSE('',#11031,1.80319262140933,1.79999999999999);
#914=ELLIPSE('',#11035,1.80319262140934,1.8);
#915=ELLIPSE('',#11038,1.80319262140934,1.8);
#916=ELLIPSE('',#11042,1.80319262140934,1.8);
#917=ELLIPSE('',#11045,0.200354735712144,0.199999999999995);
#918=ELLIPSE('',#11049,0.200354735712155,0.200000000000006);
#919=ELLIPSE('',#11056,0.200354735712158,0.200000000000009);
#920=ELLIPSE('',#11060,0.200354735712162,0.200000000000013);
#921=ELLIPSE('',#11063,1.80319262140934,1.8);
#922=ELLIPSE('',#11067,1.80319262140934,1.8);
#923=ELLIPSE('',#11070,1.80319262140935,1.80000000000001);
#924=ELLIPSE('',#11074,1.80319262140934,1.8);
#925=ELLIPSE('',#11077,0.200354735712158,0.200000000000009);
#926=ELLIPSE('',#11081,0.200354735712158,0.200000000000009);
#927=ELLIPSE('',#11087,0.500886839280386,0.500000000000014);
#928=ELLIPSE('',#11090,0.500886839280366,0.499999999999994);
#929=ELLIPSE('',#11224,3.2307201133584,3.225);
#930=ELLIPSE('',#11225,3.2307201133584,3.225);
#931=ELLIPSE('',#11226,1.49322858205727,0.3);
#932=ELLIPSE('',#11492,1.82119597023575,1.8);
#933=ELLIPSE('',#11494,1.82119597023574,1.8);
#934=ELLIPSE('',#11502,1.82119597023575,1.8);
#935=ELLIPSE('',#11504,1.82119597023575,1.8);
#936=ELLIPSE('',#11515,6.59677651440948,6.52);
#937=ELLIPSE('',#11516,6.59677651440948,6.52);
#938=ELLIPSE('',#11517,3.26297611333905,3.225);
#939=ELLIPSE('',#11518,3.26297611333905,3.225);
#940=ELLIPSE('',#11543,1.60689462255176,0.3);
#941=ELLIPSE('',#11838,1.45973941437822,1.41);
#942=ELLIPSE('',#11839,1.45973941437822,1.41);
#943=ELLIPSE('',#11851,4.8968563333397,4.73);
#944=ELLIPSE('',#11881,5.99999999999999,3.);
#945=ELLIPSE('',#11883,5.99999999999999,3.);
#946=ELLIPSE('',#11905,1.45973941437822,1.41);
#947=ELLIPSE('',#11928,18.2753166333887,4.73);
#948=ELLIPSE('',#11930,4.8968563333397,4.73);
#949=ORIENTED_EDGE('',*,*,#3363,.T.);
#950=ORIENTED_EDGE('',*,*,#3364,.T.);
#951=ORIENTED_EDGE('',*,*,#3365,.T.);
#952=ORIENTED_EDGE('',*,*,#3366,.T.);
#953=ORIENTED_EDGE('',*,*,#3367,.F.);
#954=ORIENTED_EDGE('',*,*,#3368,.F.);
#955=ORIENTED_EDGE('',*,*,#3369,.F.);
#956=ORIENTED_EDGE('',*,*,#3370,.F.);
#957=ORIENTED_EDGE('',*,*,#3371,.F.);
#958=ORIENTED_EDGE('',*,*,#3372,.F.);
#959=ORIENTED_EDGE('',*,*,#3373,.F.);
#960=ORIENTED_EDGE('',*,*,#3374,.T.);
#961=ORIENTED_EDGE('',*,*,#3375,.F.);
#962=ORIENTED_EDGE('',*,*,#3376,.F.);
#963=ORIENTED_EDGE('',*,*,#3377,.T.);
#964=ORIENTED_EDGE('',*,*,#3378,.F.);
#965=ORIENTED_EDGE('',*,*,#3379,.T.);
#966=ORIENTED_EDGE('',*,*,#3380,.F.);
#967=ORIENTED_EDGE('',*,*,#3381,.T.);
#968=ORIENTED_EDGE('',*,*,#3382,.F.);
#969=ORIENTED_EDGE('',*,*,#3383,.T.);
#970=ORIENTED_EDGE('',*,*,#3384,.T.);
#971=ORIENTED_EDGE('',*,*,#3385,.T.);
#972=ORIENTED_EDGE('',*,*,#3386,.T.);
#973=ORIENTED_EDGE('',*,*,#3387,.T.);
#974=ORIENTED_EDGE('',*,*,#3388,.T.);
#975=ORIENTED_EDGE('',*,*,#3389,.F.);
#976=ORIENTED_EDGE('',*,*,#3390,.F.);
#977=ORIENTED_EDGE('',*,*,#3391,.F.);
#978=ORIENTED_EDGE('',*,*,#3392,.T.);
#979=ORIENTED_EDGE('',*,*,#3393,.F.);
#980=ORIENTED_EDGE('',*,*,#3394,.T.);
#981=ORIENTED_EDGE('',*,*,#3363,.F.);
#982=ORIENTED_EDGE('',*,*,#3395,.T.);
#983=ORIENTED_EDGE('',*,*,#3396,.F.);
#984=ORIENTED_EDGE('',*,*,#3397,.T.);
#985=ORIENTED_EDGE('',*,*,#3398,.F.);
#986=ORIENTED_EDGE('',*,*,#3399,.F.);
#987=ORIENTED_EDGE('',*,*,#3400,.T.);
#988=ORIENTED_EDGE('',*,*,#3401,.T.);
#989=ORIENTED_EDGE('',*,*,#3402,.F.);
#990=ORIENTED_EDGE('',*,*,#3403,.T.);
#991=ORIENTED_EDGE('',*,*,#3404,.F.);
#992=ORIENTED_EDGE('',*,*,#3405,.T.);
#993=ORIENTED_EDGE('',*,*,#3406,.F.);
#994=ORIENTED_EDGE('',*,*,#3407,.T.);
#995=ORIENTED_EDGE('',*,*,#3408,.T.);
#996=ORIENTED_EDGE('',*,*,#3409,.T.);
#997=ORIENTED_EDGE('',*,*,#3410,.F.);
#998=ORIENTED_EDGE('',*,*,#3411,.F.);
#999=ORIENTED_EDGE('',*,*,#3412,.F.);
#1000=ORIENTED_EDGE('',*,*,#3413,.T.);
#1001=ORIENTED_EDGE('',*,*,#3414,.F.);
#1002=ORIENTED_EDGE('',*,*,#3415,.F.);
#1003=ORIENTED_EDGE('',*,*,#3416,.T.);
#1004=ORIENTED_EDGE('',*,*,#3417,.F.);
#1005=ORIENTED_EDGE('',*,*,#3418,.F.);
#1006=ORIENTED_EDGE('',*,*,#3419,.T.);
#1007=ORIENTED_EDGE('',*,*,#3402,.T.);
#1008=ORIENTED_EDGE('',*,*,#3420,.F.);
#1009=ORIENTED_EDGE('',*,*,#3421,.T.);
#1010=ORIENTED_EDGE('',*,*,#3422,.T.);
#1011=ORIENTED_EDGE('',*,*,#3423,.F.);
#1012=ORIENTED_EDGE('',*,*,#3424,.T.);
#1013=ORIENTED_EDGE('',*,*,#3425,.T.);
#1014=ORIENTED_EDGE('',*,*,#3426,.T.);
#1015=ORIENTED_EDGE('',*,*,#3427,.F.);
#1016=ORIENTED_EDGE('',*,*,#3428,.F.);
#1017=ORIENTED_EDGE('',*,*,#3429,.F.);
#1018=ORIENTED_EDGE('',*,*,#3430,.T.);
#1019=ORIENTED_EDGE('',*,*,#3431,.F.);
#1020=ORIENTED_EDGE('',*,*,#3432,.F.);
#1021=ORIENTED_EDGE('',*,*,#3433,.T.);
#1022=ORIENTED_EDGE('',*,*,#3434,.F.);
#1023=ORIENTED_EDGE('',*,*,#3435,.F.);
#1024=ORIENTED_EDGE('',*,*,#3436,.F.);
#1025=ORIENTED_EDGE('',*,*,#3421,.F.);
#1026=ORIENTED_EDGE('',*,*,#3437,.T.);
#1027=ORIENTED_EDGE('',*,*,#3438,.T.);
#1028=ORIENTED_EDGE('',*,*,#3439,.T.);
#1029=ORIENTED_EDGE('',*,*,#3405,.F.);
#1030=ORIENTED_EDGE('',*,*,#3440,.T.);
#1031=ORIENTED_EDGE('',*,*,#3441,.T.);
#1032=ORIENTED_EDGE('',*,*,#3442,.T.);
#1033=ORIENTED_EDGE('',*,*,#3443,.F.);
#1034=ORIENTED_EDGE('',*,*,#3444,.F.);
#1035=ORIENTED_EDGE('',*,*,#3445,.T.);
#1036=ORIENTED_EDGE('',*,*,#3436,.T.);
#1037=ORIENTED_EDGE('',*,*,#3446,.F.);
#1038=ORIENTED_EDGE('',*,*,#3447,.T.);
#1039=ORIENTED_EDGE('',*,*,#3441,.F.);
#1040=ORIENTED_EDGE('',*,*,#3448,.T.);
#1041=ORIENTED_EDGE('',*,*,#3444,.T.);
#1042=ORIENTED_EDGE('',*,*,#3449,.T.);
#1043=ORIENTED_EDGE('',*,*,#3450,.F.);
#1044=ORIENTED_EDGE('',*,*,#3406,.T.);
#1045=ORIENTED_EDGE('',*,*,#3443,.T.);
#1046=ORIENTED_EDGE('',*,*,#3451,.T.);
#1047=ORIENTED_EDGE('',*,*,#3419,.F.);
#1048=ORIENTED_EDGE('',*,*,#3452,.T.);
#1049=ORIENTED_EDGE('',*,*,#3453,.T.);
#1050=ORIENTED_EDGE('',*,*,#3454,.F.);
#1051=ORIENTED_EDGE('',*,*,#3455,.T.);
#1052=ORIENTED_EDGE('',*,*,#3456,.T.);
#1053=ORIENTED_EDGE('',*,*,#3457,.T.);
#1054=ORIENTED_EDGE('',*,*,#3458,.T.);
#1055=ORIENTED_EDGE('',*,*,#3459,.T.);
#1056=ORIENTED_EDGE('',*,*,#3403,.F.);
#1057=ORIENTED_EDGE('',*,*,#3452,.F.);
#1058=ORIENTED_EDGE('',*,*,#3418,.T.);
#1059=ORIENTED_EDGE('',*,*,#3460,.F.);
#1060=ORIENTED_EDGE('',*,*,#3388,.F.);
#1061=ORIENTED_EDGE('',*,*,#3461,.T.);
#1062=ORIENTED_EDGE('',*,*,#3462,.T.);
#1063=ORIENTED_EDGE('',*,*,#3463,.F.);
#1064=ORIENTED_EDGE('',*,*,#3464,.F.);
#1065=ORIENTED_EDGE('',*,*,#3383,.F.);
#1066=ORIENTED_EDGE('',*,*,#3465,.T.);
#1067=ORIENTED_EDGE('',*,*,#3466,.F.);
#1068=ORIENTED_EDGE('',*,*,#3390,.T.);
#1069=ORIENTED_EDGE('',*,*,#3467,.F.);
#1070=ORIENTED_EDGE('',*,*,#3468,.F.);
#1071=ORIENTED_EDGE('',*,*,#3469,.T.);
#1072=ORIENTED_EDGE('',*,*,#3470,.T.);
#1073=ORIENTED_EDGE('',*,*,#3471,.T.);
#1074=ORIENTED_EDGE('',*,*,#3472,.T.);
#1075=ORIENTED_EDGE('',*,*,#3473,.F.);
#1076=ORIENTED_EDGE('',*,*,#3474,.F.);
#1077=ORIENTED_EDGE('',*,*,#3475,.F.);
#1078=ORIENTED_EDGE('',*,*,#3476,.T.);
#1079=ORIENTED_EDGE('',*,*,#3477,.F.);
#1080=ORIENTED_EDGE('',*,*,#3478,.F.);
#1081=ORIENTED_EDGE('',*,*,#3479,.T.);
#1082=ORIENTED_EDGE('',*,*,#3480,.F.);
#1083=ORIENTED_EDGE('',*,*,#3481,.T.);
#1084=ORIENTED_EDGE('',*,*,#3482,.T.);
#1085=ORIENTED_EDGE('',*,*,#3483,.T.);
#1086=ORIENTED_EDGE('',*,*,#3484,.T.);
#1087=ORIENTED_EDGE('',*,*,#3485,.F.);
#1088=ORIENTED_EDGE('',*,*,#3486,.F.);
#1089=ORIENTED_EDGE('',*,*,#3487,.F.);
#1090=ORIENTED_EDGE('',*,*,#3488,.T.);
#1091=ORIENTED_EDGE('',*,*,#3489,.F.);
#1092=ORIENTED_EDGE('',*,*,#3490,.F.);
#1093=ORIENTED_EDGE('',*,*,#3491,.T.);
#1094=ORIENTED_EDGE('',*,*,#3492,.F.);
#1095=ORIENTED_EDGE('',*,*,#3493,.F.);
#1096=ORIENTED_EDGE('',*,*,#3494,.F.);
#1097=ORIENTED_EDGE('',*,*,#3495,.T.);
#1098=ORIENTED_EDGE('',*,*,#3496,.T.);
#1099=ORIENTED_EDGE('',*,*,#3497,.F.);
#1100=ORIENTED_EDGE('',*,*,#3498,.F.);
#1101=ORIENTED_EDGE('',*,*,#3499,.F.);
#1102=ORIENTED_EDGE('',*,*,#3500,.F.);
#1103=ORIENTED_EDGE('',*,*,#3501,.F.);
#1104=ORIENTED_EDGE('',*,*,#3502,.F.);
#1105=ORIENTED_EDGE('',*,*,#3493,.T.);
#1106=ORIENTED_EDGE('',*,*,#3503,.F.);
#1107=ORIENTED_EDGE('',*,*,#3504,.T.);
#1108=ORIENTED_EDGE('',*,*,#3505,.T.);
#1109=ORIENTED_EDGE('',*,*,#3506,.F.);
#1110=ORIENTED_EDGE('',*,*,#3507,.F.);
#1111=ORIENTED_EDGE('',*,*,#3508,.F.);
#1112=ORIENTED_EDGE('',*,*,#3509,.T.);
#1113=ORIENTED_EDGE('',*,*,#3501,.T.);
#1114=ORIENTED_EDGE('',*,*,#3510,.F.);
#1115=ORIENTED_EDGE('',*,*,#3511,.F.);
#1116=ORIENTED_EDGE('',*,*,#3512,.F.);
#1117=ORIENTED_EDGE('',*,*,#3508,.T.);
#1118=ORIENTED_EDGE('',*,*,#3513,.F.);
#1119=ORIENTED_EDGE('',*,*,#3514,.T.);
#1120=ORIENTED_EDGE('',*,*,#3515,.F.);
#1121=ORIENTED_EDGE('',*,*,#3516,.T.);
#1122=ORIENTED_EDGE('',*,*,#3517,.T.);
#1123=ORIENTED_EDGE('',*,*,#3518,.F.);
#1124=ORIENTED_EDGE('',*,*,#3519,.F.);
#1125=ORIENTED_EDGE('',*,*,#3511,.T.);
#1126=ORIENTED_EDGE('',*,*,#3520,.F.);
#1127=ORIENTED_EDGE('',*,*,#3521,.T.);
#1128=ORIENTED_EDGE('',*,*,#3522,.T.);
#1129=ORIENTED_EDGE('',*,*,#3523,.T.);
#1130=ORIENTED_EDGE('',*,*,#3524,.T.);
#1131=ORIENTED_EDGE('',*,*,#3525,.F.);
#1132=ORIENTED_EDGE('',*,*,#3526,.F.);
#1133=ORIENTED_EDGE('',*,*,#3527,.F.);
#1134=ORIENTED_EDGE('',*,*,#3528,.T.);
#1135=ORIENTED_EDGE('',*,*,#3529,.F.);
#1136=ORIENTED_EDGE('',*,*,#3530,.F.);
#1137=ORIENTED_EDGE('',*,*,#3531,.T.);
#1138=ORIENTED_EDGE('',*,*,#3532,.F.);
#1139=ORIENTED_EDGE('',*,*,#3533,.T.);
#1140=ORIENTED_EDGE('',*,*,#3534,.T.);
#1141=ORIENTED_EDGE('',*,*,#3535,.T.);
#1142=ORIENTED_EDGE('',*,*,#3536,.T.);
#1143=ORIENTED_EDGE('',*,*,#3537,.F.);
#1144=ORIENTED_EDGE('',*,*,#3538,.F.);
#1145=ORIENTED_EDGE('',*,*,#3539,.F.);
#1146=ORIENTED_EDGE('',*,*,#3540,.T.);
#1147=ORIENTED_EDGE('',*,*,#3541,.F.);
#1148=ORIENTED_EDGE('',*,*,#3542,.F.);
#1149=ORIENTED_EDGE('',*,*,#3543,.T.);
#1150=ORIENTED_EDGE('',*,*,#3544,.F.);
#1151=ORIENTED_EDGE('',*,*,#3545,.F.);
#1152=ORIENTED_EDGE('',*,*,#3546,.F.);
#1153=ORIENTED_EDGE('',*,*,#3547,.T.);
#1154=ORIENTED_EDGE('',*,*,#3548,.F.);
#1155=ORIENTED_EDGE('',*,*,#3396,.T.);
#1156=ORIENTED_EDGE('',*,*,#3549,.T.);
#1157=ORIENTED_EDGE('',*,*,#3550,.T.);
#1158=ORIENTED_EDGE('',*,*,#3551,.T.);
#1159=ORIENTED_EDGE('',*,*,#3552,.F.);
#1160=ORIENTED_EDGE('',*,*,#3553,.F.);
#1161=ORIENTED_EDGE('',*,*,#3554,.F.);
#1162=ORIENTED_EDGE('',*,*,#3545,.T.);
#1163=ORIENTED_EDGE('',*,*,#3555,.F.);
#1164=ORIENTED_EDGE('',*,*,#3438,.F.);
#1165=ORIENTED_EDGE('',*,*,#3556,.F.);
#1166=ORIENTED_EDGE('',*,*,#3393,.T.);
#1167=ORIENTED_EDGE('',*,*,#3557,.F.);
#1168=ORIENTED_EDGE('',*,*,#3400,.F.);
#1169=ORIENTED_EDGE('',*,*,#3459,.F.);
#1170=ORIENTED_EDGE('',*,*,#3558,.F.);
#1171=ORIENTED_EDGE('',*,*,#3559,.F.);
#1172=ORIENTED_EDGE('',*,*,#3560,.T.);
#1173=ORIENTED_EDGE('',*,*,#3561,.F.);
#1174=ORIENTED_EDGE('',*,*,#3562,.F.);
#1175=ORIENTED_EDGE('',*,*,#3563,.T.);
#1176=ORIENTED_EDGE('',*,*,#3458,.F.);
#1177=ORIENTED_EDGE('',*,*,#3564,.F.);
#1178=ORIENTED_EDGE('',*,*,#3565,.F.);
#1179=ORIENTED_EDGE('',*,*,#3558,.T.);
#1180=ORIENTED_EDGE('',*,*,#3455,.F.);
#1181=ORIENTED_EDGE('',*,*,#3566,.T.);
#1182=ORIENTED_EDGE('',*,*,#3567,.T.);
#1183=ORIENTED_EDGE('',*,*,#3470,.F.);
#1184=ORIENTED_EDGE('',*,*,#3568,.T.);
#1185=ORIENTED_EDGE('',*,*,#3566,.F.);
#1186=ORIENTED_EDGE('',*,*,#3454,.T.);
#1187=ORIENTED_EDGE('',*,*,#3569,.T.);
#1188=ORIENTED_EDGE('',*,*,#3570,.F.);
#1189=ORIENTED_EDGE('',*,*,#3453,.F.);
#1190=ORIENTED_EDGE('',*,*,#3460,.T.);
#1191=ORIENTED_EDGE('',*,*,#3417,.T.);
#1192=ORIENTED_EDGE('',*,*,#3571,.T.);
#1193=ORIENTED_EDGE('',*,*,#3569,.F.);
#1194=ORIENTED_EDGE('',*,*,#3572,.F.);
#1195=ORIENTED_EDGE('',*,*,#3573,.T.);
#1196=ORIENTED_EDGE('',*,*,#3574,.T.);
#1197=ORIENTED_EDGE('',*,*,#3575,.F.);
#1198=ORIENTED_EDGE('',*,*,#3576,.F.);
#1199=ORIENTED_EDGE('',*,*,#3577,.T.);
#1200=ORIENTED_EDGE('',*,*,#3578,.T.);
#1201=ORIENTED_EDGE('',*,*,#3579,.F.);
#1202=ORIENTED_EDGE('',*,*,#3580,.F.);
#1203=ORIENTED_EDGE('',*,*,#3581,.T.);
#1204=ORIENTED_EDGE('',*,*,#3582,.T.);
#1205=ORIENTED_EDGE('',*,*,#3424,.F.);
#1206=ORIENTED_EDGE('',*,*,#3583,.T.);
#1207=ORIENTED_EDGE('',*,*,#3581,.F.);
#1208=ORIENTED_EDGE('',*,*,#3584,.T.);
#1209=ORIENTED_EDGE('',*,*,#3585,.T.);
#1210=ORIENTED_EDGE('',*,*,#3586,.F.);
#1211=ORIENTED_EDGE('',*,*,#3587,.F.);
#1212=ORIENTED_EDGE('',*,*,#3588,.T.);
#1213=ORIENTED_EDGE('',*,*,#3532,.T.);
#1214=ORIENTED_EDGE('',*,*,#3589,.T.);
#1215=ORIENTED_EDGE('',*,*,#3585,.F.);
#1216=ORIENTED_EDGE('',*,*,#3590,.F.);
#1217=ORIENTED_EDGE('',*,*,#3591,.T.);
#1218=ORIENTED_EDGE('',*,*,#3592,.T.);
#1219=ORIENTED_EDGE('',*,*,#3593,.T.);
#1220=ORIENTED_EDGE('',*,*,#3479,.F.);
#1221=ORIENTED_EDGE('',*,*,#3594,.F.);
#1222=ORIENTED_EDGE('',*,*,#3595,.F.);
#1223=ORIENTED_EDGE('',*,*,#3596,.F.);
#1224=ORIENTED_EDGE('',*,*,#3483,.F.);
#1225=ORIENTED_EDGE('',*,*,#3597,.T.);
#1226=ORIENTED_EDGE('',*,*,#3598,.T.);
#1227=ORIENTED_EDGE('',*,*,#3599,.T.);
#1228=ORIENTED_EDGE('',*,*,#3600,.F.);
#1229=ORIENTED_EDGE('',*,*,#3601,.F.);
#1230=ORIENTED_EDGE('',*,*,#3602,.F.);
#1231=ORIENTED_EDGE('',*,*,#3603,.F.);
#1232=ORIENTED_EDGE('',*,*,#3604,.F.);
#1233=ORIENTED_EDGE('',*,*,#3605,.T.);
#1234=ORIENTED_EDGE('',*,*,#3606,.T.);
#1235=ORIENTED_EDGE('',*,*,#3607,.T.);
#1236=ORIENTED_EDGE('',*,*,#3531,.F.);
#1237=ORIENTED_EDGE('',*,*,#3608,.F.);
#1238=ORIENTED_EDGE('',*,*,#3609,.F.);
#1239=ORIENTED_EDGE('',*,*,#3610,.F.);
#1240=ORIENTED_EDGE('',*,*,#3535,.F.);
#1241=ORIENTED_EDGE('',*,*,#3611,.T.);
#1242=ORIENTED_EDGE('',*,*,#3612,.T.);
#1243=ORIENTED_EDGE('',*,*,#3613,.T.);
#1244=ORIENTED_EDGE('',*,*,#3614,.F.);
#1245=ORIENTED_EDGE('',*,*,#3615,.F.);
#1246=ORIENTED_EDGE('',*,*,#3616,.F.);
#1247=ORIENTED_EDGE('',*,*,#3617,.F.);
#1248=ORIENTED_EDGE('',*,*,#3550,.F.);
#1249=ORIENTED_EDGE('',*,*,#3618,.T.);
#1250=ORIENTED_EDGE('',*,*,#3377,.F.);
#1251=ORIENTED_EDGE('',*,*,#3619,.F.);
#1252=ORIENTED_EDGE('',*,*,#3457,.F.);
#1253=ORIENTED_EDGE('',*,*,#3620,.T.);
#1254=ORIENTED_EDGE('',*,*,#3621,.T.);
#1255=ORIENTED_EDGE('',*,*,#3590,.T.);
#1256=ORIENTED_EDGE('',*,*,#3622,.T.);
#1257=ORIENTED_EDGE('',*,*,#3623,.F.);
#1258=ORIENTED_EDGE('',*,*,#3624,.F.);
#1259=ORIENTED_EDGE('',*,*,#3625,.F.);
#1260=ORIENTED_EDGE('',*,*,#3564,.T.);
#1261=ORIENTED_EDGE('',*,*,#3626,.F.);
#1262=ORIENTED_EDGE('',*,*,#3624,.T.);
#1263=ORIENTED_EDGE('',*,*,#3627,.T.);
#1264=ORIENTED_EDGE('',*,*,#3628,.F.);
#1265=ORIENTED_EDGE('',*,*,#3629,.F.);
#1266=ORIENTED_EDGE('',*,*,#3628,.T.);
#1267=ORIENTED_EDGE('',*,*,#3630,.T.);
#1268=ORIENTED_EDGE('',*,*,#3631,.F.);
#1269=ORIENTED_EDGE('',*,*,#3632,.F.);
#1270=ORIENTED_EDGE('',*,*,#3631,.T.);
#1271=ORIENTED_EDGE('',*,*,#3633,.T.);
#1272=ORIENTED_EDGE('',*,*,#3476,.F.);
#1273=ORIENTED_EDGE('',*,*,#3634,.F.);
#1274=ORIENTED_EDGE('',*,*,#3635,.T.);
#1275=ORIENTED_EDGE('',*,*,#3474,.T.);
#1276=ORIENTED_EDGE('',*,*,#3636,.F.);
#1277=ORIENTED_EDGE('',*,*,#3637,.F.);
#1278=ORIENTED_EDGE('',*,*,#3634,.T.);
#1279=ORIENTED_EDGE('',*,*,#3638,.T.);
#1280=ORIENTED_EDGE('',*,*,#3639,.F.);
#1281=ORIENTED_EDGE('',*,*,#3413,.F.);
#1282=ORIENTED_EDGE('',*,*,#3640,.T.);
#1283=ORIENTED_EDGE('',*,*,#3639,.T.);
#1284=ORIENTED_EDGE('',*,*,#3641,.F.);
#1285=ORIENTED_EDGE('',*,*,#3642,.F.);
#1286=ORIENTED_EDGE('',*,*,#3643,.T.);
#1287=ORIENTED_EDGE('',*,*,#3411,.T.);
#1288=ORIENTED_EDGE('',*,*,#3644,.F.);
#1289=ORIENTED_EDGE('',*,*,#3645,.F.);
#1290=ORIENTED_EDGE('',*,*,#3642,.T.);
#1291=ORIENTED_EDGE('',*,*,#3646,.T.);
#1292=ORIENTED_EDGE('',*,*,#3647,.F.);
#1293=ORIENTED_EDGE('',*,*,#3488,.F.);
#1294=ORIENTED_EDGE('',*,*,#3648,.T.);
#1295=ORIENTED_EDGE('',*,*,#3647,.T.);
#1296=ORIENTED_EDGE('',*,*,#3649,.F.);
#1297=ORIENTED_EDGE('',*,*,#3650,.F.);
#1298=ORIENTED_EDGE('',*,*,#3486,.T.);
#1299=ORIENTED_EDGE('',*,*,#3651,.T.);
#1300=ORIENTED_EDGE('',*,*,#3652,.F.);
#1301=ORIENTED_EDGE('',*,*,#3653,.F.);
#1302=ORIENTED_EDGE('',*,*,#3652,.T.);
#1303=ORIENTED_EDGE('',*,*,#3654,.T.);
#1304=ORIENTED_EDGE('',*,*,#3655,.F.);
#1305=ORIENTED_EDGE('',*,*,#3656,.F.);
#1306=ORIENTED_EDGE('',*,*,#3655,.T.);
#1307=ORIENTED_EDGE('',*,*,#3657,.T.);
#1308=ORIENTED_EDGE('',*,*,#3658,.F.);
#1309=ORIENTED_EDGE('',*,*,#3659,.F.);
#1310=ORIENTED_EDGE('',*,*,#3660,.T.);
#1311=ORIENTED_EDGE('',*,*,#3661,.F.);
#1312=ORIENTED_EDGE('',*,*,#3499,.T.);
#1313=ORIENTED_EDGE('',*,*,#3662,.F.);
#1314=ORIENTED_EDGE('',*,*,#3663,.T.);
#1315=ORIENTED_EDGE('',*,*,#3664,.T.);
#1316=ORIENTED_EDGE('',*,*,#3495,.F.);
#1317=ORIENTED_EDGE('',*,*,#3665,.F.);
#1318=ORIENTED_EDGE('',*,*,#3658,.T.);
#1319=ORIENTED_EDGE('',*,*,#3666,.F.);
#1320=ORIENTED_EDGE('',*,*,#3667,.F.);
#1321=ORIENTED_EDGE('',*,*,#3600,.T.);
#1322=ORIENTED_EDGE('',*,*,#3668,.F.);
#1323=ORIENTED_EDGE('',*,*,#3669,.T.);
#1324=ORIENTED_EDGE('',*,*,#3670,.T.);
#1325=ORIENTED_EDGE('',*,*,#3604,.T.);
#1326=ORIENTED_EDGE('',*,*,#3671,.T.);
#1327=ORIENTED_EDGE('',*,*,#3672,.F.);
#1328=ORIENTED_EDGE('',*,*,#3673,.F.);
#1329=ORIENTED_EDGE('',*,*,#3674,.F.);
#1330=ORIENTED_EDGE('',*,*,#3518,.T.);
#1331=ORIENTED_EDGE('',*,*,#3675,.T.);
#1332=ORIENTED_EDGE('',*,*,#3676,.F.);
#1333=ORIENTED_EDGE('',*,*,#3677,.F.);
#1334=ORIENTED_EDGE('',*,*,#3514,.F.);
#1335=ORIENTED_EDGE('',*,*,#3678,.F.);
#1336=ORIENTED_EDGE('',*,*,#3673,.T.);
#1337=ORIENTED_EDGE('',*,*,#3679,.T.);
#1338=ORIENTED_EDGE('',*,*,#3680,.F.);
#1339=ORIENTED_EDGE('',*,*,#3681,.F.);
#1340=ORIENTED_EDGE('',*,*,#3680,.T.);
#1341=ORIENTED_EDGE('',*,*,#3682,.T.);
#1342=ORIENTED_EDGE('',*,*,#3683,.F.);
#1343=ORIENTED_EDGE('',*,*,#3684,.F.);
#1344=ORIENTED_EDGE('',*,*,#3683,.T.);
#1345=ORIENTED_EDGE('',*,*,#3685,.T.);
#1346=ORIENTED_EDGE('',*,*,#3528,.F.);
#1347=ORIENTED_EDGE('',*,*,#3686,.F.);
#1348=ORIENTED_EDGE('',*,*,#3687,.T.);
#1349=ORIENTED_EDGE('',*,*,#3526,.T.);
#1350=ORIENTED_EDGE('',*,*,#3688,.F.);
#1351=ORIENTED_EDGE('',*,*,#3689,.F.);
#1352=ORIENTED_EDGE('',*,*,#3686,.T.);
#1353=ORIENTED_EDGE('',*,*,#3690,.T.);
#1354=ORIENTED_EDGE('',*,*,#3691,.F.);
#1355=ORIENTED_EDGE('',*,*,#3430,.F.);
#1356=ORIENTED_EDGE('',*,*,#3692,.T.);
#1357=ORIENTED_EDGE('',*,*,#3691,.T.);
#1358=ORIENTED_EDGE('',*,*,#3693,.F.);
#1359=ORIENTED_EDGE('',*,*,#3694,.F.);
#1360=ORIENTED_EDGE('',*,*,#3695,.T.);
#1361=ORIENTED_EDGE('',*,*,#3428,.T.);
#1362=ORIENTED_EDGE('',*,*,#3696,.F.);
#1363=ORIENTED_EDGE('',*,*,#3697,.F.);
#1364=ORIENTED_EDGE('',*,*,#3694,.T.);
#1365=ORIENTED_EDGE('',*,*,#3698,.T.);
#1366=ORIENTED_EDGE('',*,*,#3699,.F.);
#1367=ORIENTED_EDGE('',*,*,#3540,.F.);
#1368=ORIENTED_EDGE('',*,*,#3700,.T.);
#1369=ORIENTED_EDGE('',*,*,#3699,.T.);
#1370=ORIENTED_EDGE('',*,*,#3701,.F.);
#1371=ORIENTED_EDGE('',*,*,#3702,.F.);
#1372=ORIENTED_EDGE('',*,*,#3538,.T.);
#1373=ORIENTED_EDGE('',*,*,#3703,.T.);
#1374=ORIENTED_EDGE('',*,*,#3704,.F.);
#1375=ORIENTED_EDGE('',*,*,#3705,.F.);
#1376=ORIENTED_EDGE('',*,*,#3704,.T.);
#1377=ORIENTED_EDGE('',*,*,#3706,.T.);
#1378=ORIENTED_EDGE('',*,*,#3707,.F.);
#1379=ORIENTED_EDGE('',*,*,#3708,.F.);
#1380=ORIENTED_EDGE('',*,*,#3707,.T.);
#1381=ORIENTED_EDGE('',*,*,#3709,.T.);
#1382=ORIENTED_EDGE('',*,*,#3710,.F.);
#1383=ORIENTED_EDGE('',*,*,#3711,.F.);
#1384=ORIENTED_EDGE('',*,*,#3547,.F.);
#1385=ORIENTED_EDGE('',*,*,#3712,.F.);
#1386=ORIENTED_EDGE('',*,*,#3710,.T.);
#1387=ORIENTED_EDGE('',*,*,#3713,.F.);
#1388=ORIENTED_EDGE('',*,*,#3714,.F.);
#1389=ORIENTED_EDGE('',*,*,#3614,.T.);
#1390=ORIENTED_EDGE('',*,*,#3715,.F.);
#1391=ORIENTED_EDGE('',*,*,#3716,.T.);
#1392=ORIENTED_EDGE('',*,*,#3717,.F.);
#1393=ORIENTED_EDGE('',*,*,#3553,.T.);
#1394=ORIENTED_EDGE('',*,*,#3718,.T.);
#1395=ORIENTED_EDGE('',*,*,#3374,.F.);
#1396=ORIENTED_EDGE('',*,*,#3719,.F.);
#1397=ORIENTED_EDGE('',*,*,#3368,.T.);
#1398=ORIENTED_EDGE('',*,*,#3720,.T.);
#1399=ORIENTED_EDGE('',*,*,#3560,.F.);
#1400=ORIENTED_EDGE('',*,*,#3636,.T.);
#1401=ORIENTED_EDGE('',*,*,#3473,.T.);
#1402=ORIENTED_EDGE('',*,*,#3721,.F.);
#1403=ORIENTED_EDGE('',*,*,#3722,.T.);
#1404=ORIENTED_EDGE('',*,*,#3723,.F.);
#1405=ORIENTED_EDGE('',*,*,#3414,.T.);
#1406=ORIENTED_EDGE('',*,*,#3641,.T.);
#1407=ORIENTED_EDGE('',*,*,#3638,.F.);
#1408=ORIENTED_EDGE('',*,*,#3644,.T.);
#1409=ORIENTED_EDGE('',*,*,#3410,.T.);
#1410=ORIENTED_EDGE('',*,*,#3724,.F.);
#1411=ORIENTED_EDGE('',*,*,#3725,.T.);
#1412=ORIENTED_EDGE('',*,*,#3726,.T.);
#1413=ORIENTED_EDGE('',*,*,#3727,.F.);
#1414=ORIENTED_EDGE('',*,*,#3728,.F.);
#1415=ORIENTED_EDGE('',*,*,#3729,.F.);
#1416=ORIENTED_EDGE('',*,*,#3730,.T.);
#1417=ORIENTED_EDGE('',*,*,#3731,.F.);
#1418=ORIENTED_EDGE('',*,*,#3732,.F.);
#1419=ORIENTED_EDGE('',*,*,#3733,.F.);
#1420=ORIENTED_EDGE('',*,*,#3734,.T.);
#1421=ORIENTED_EDGE('',*,*,#3735,.T.);
#1422=ORIENTED_EDGE('',*,*,#3736,.F.);
#1423=ORIENTED_EDGE('',*,*,#3489,.T.);
#1424=ORIENTED_EDGE('',*,*,#3649,.T.);
#1425=ORIENTED_EDGE('',*,*,#3646,.F.);
#1426=ORIENTED_EDGE('',*,*,#3664,.F.);
#1427=ORIENTED_EDGE('',*,*,#3737,.T.);
#1428=ORIENTED_EDGE('',*,*,#3496,.F.);
#1429=ORIENTED_EDGE('',*,*,#3517,.F.);
#1430=ORIENTED_EDGE('',*,*,#3738,.T.);
#1431=ORIENTED_EDGE('',*,*,#3675,.F.);
#1432=ORIENTED_EDGE('',*,*,#3688,.T.);
#1433=ORIENTED_EDGE('',*,*,#3525,.T.);
#1434=ORIENTED_EDGE('',*,*,#3739,.F.);
#1435=ORIENTED_EDGE('',*,*,#3740,.T.);
#1436=ORIENTED_EDGE('',*,*,#3741,.T.);
#1437=ORIENTED_EDGE('',*,*,#3742,.F.);
#1438=ORIENTED_EDGE('',*,*,#3743,.F.);
#1439=ORIENTED_EDGE('',*,*,#3744,.F.);
#1440=ORIENTED_EDGE('',*,*,#3745,.T.);
#1441=ORIENTED_EDGE('',*,*,#3746,.F.);
#1442=ORIENTED_EDGE('',*,*,#3747,.F.);
#1443=ORIENTED_EDGE('',*,*,#3748,.F.);
#1444=ORIENTED_EDGE('',*,*,#3749,.T.);
#1445=ORIENTED_EDGE('',*,*,#3750,.T.);
#1446=ORIENTED_EDGE('',*,*,#3751,.F.);
#1447=ORIENTED_EDGE('',*,*,#3431,.T.);
#1448=ORIENTED_EDGE('',*,*,#3693,.T.);
#1449=ORIENTED_EDGE('',*,*,#3690,.F.);
#1450=ORIENTED_EDGE('',*,*,#3696,.T.);
#1451=ORIENTED_EDGE('',*,*,#3427,.T.);
#1452=ORIENTED_EDGE('',*,*,#3752,.F.);
#1453=ORIENTED_EDGE('',*,*,#3753,.T.);
#1454=ORIENTED_EDGE('',*,*,#3754,.F.);
#1455=ORIENTED_EDGE('',*,*,#3541,.T.);
#1456=ORIENTED_EDGE('',*,*,#3701,.T.);
#1457=ORIENTED_EDGE('',*,*,#3698,.F.);
#1458=ORIENTED_EDGE('',*,*,#3464,.T.);
#1459=ORIENTED_EDGE('',*,*,#3755,.T.);
#1460=ORIENTED_EDGE('',*,*,#3384,.F.);
#1461=ORIENTED_EDGE('',*,*,#3627,.F.);
#1462=ORIENTED_EDGE('',*,*,#3623,.T.);
#1463=ORIENTED_EDGE('',*,*,#3756,.T.);
#1464=ORIENTED_EDGE('',*,*,#3757,.T.);
#1465=ORIENTED_EDGE('',*,*,#3758,.T.);
#1466=ORIENTED_EDGE('',*,*,#3477,.T.);
#1467=ORIENTED_EDGE('',*,*,#3633,.F.);
#1468=ORIENTED_EDGE('',*,*,#3630,.F.);
#1469=ORIENTED_EDGE('',*,*,#3651,.F.);
#1470=ORIENTED_EDGE('',*,*,#3485,.T.);
#1471=ORIENTED_EDGE('',*,*,#3759,.T.);
#1472=ORIENTED_EDGE('',*,*,#3760,.T.);
#1473=ORIENTED_EDGE('',*,*,#3761,.T.);
#1474=ORIENTED_EDGE('',*,*,#3666,.T.);
#1475=ORIENTED_EDGE('',*,*,#3657,.F.);
#1476=ORIENTED_EDGE('',*,*,#3654,.F.);
#1477=ORIENTED_EDGE('',*,*,#3679,.F.);
#1478=ORIENTED_EDGE('',*,*,#3672,.T.);
#1479=ORIENTED_EDGE('',*,*,#3762,.T.);
#1480=ORIENTED_EDGE('',*,*,#3763,.T.);
#1481=ORIENTED_EDGE('',*,*,#3764,.T.);
#1482=ORIENTED_EDGE('',*,*,#3529,.T.);
#1483=ORIENTED_EDGE('',*,*,#3685,.F.);
#1484=ORIENTED_EDGE('',*,*,#3682,.F.);
#1485=ORIENTED_EDGE('',*,*,#3703,.F.);
#1486=ORIENTED_EDGE('',*,*,#3537,.T.);
#1487=ORIENTED_EDGE('',*,*,#3765,.T.);
#1488=ORIENTED_EDGE('',*,*,#3766,.T.);
#1489=ORIENTED_EDGE('',*,*,#3767,.T.);
#1490=ORIENTED_EDGE('',*,*,#3713,.T.);
#1491=ORIENTED_EDGE('',*,*,#3709,.F.);
#1492=ORIENTED_EDGE('',*,*,#3706,.F.);
#1493=ORIENTED_EDGE('',*,*,#3718,.F.);
#1494=ORIENTED_EDGE('',*,*,#3552,.T.);
#1495=ORIENTED_EDGE('',*,*,#3768,.T.);
#1496=ORIENTED_EDGE('',*,*,#3375,.T.);
#1497=ORIENTED_EDGE('',*,*,#3756,.F.);
#1498=ORIENTED_EDGE('',*,*,#3622,.F.);
#1499=ORIENTED_EDGE('',*,*,#3596,.T.);
#1500=ORIENTED_EDGE('',*,*,#3769,.T.);
#1501=ORIENTED_EDGE('',*,*,#3757,.F.);
#1502=ORIENTED_EDGE('',*,*,#3769,.F.);
#1503=ORIENTED_EDGE('',*,*,#3595,.T.);
#1504=ORIENTED_EDGE('',*,*,#3770,.T.);
#1505=ORIENTED_EDGE('',*,*,#3758,.F.);
#1506=ORIENTED_EDGE('',*,*,#3770,.F.);
#1507=ORIENTED_EDGE('',*,*,#3594,.T.);
#1508=ORIENTED_EDGE('',*,*,#3478,.T.);
#1509=ORIENTED_EDGE('',*,*,#3721,.T.);
#1510=ORIENTED_EDGE('',*,*,#3472,.F.);
#1511=ORIENTED_EDGE('',*,*,#3771,.F.);
#1512=ORIENTED_EDGE('',*,*,#3772,.T.);
#1513=ORIENTED_EDGE('',*,*,#3722,.F.);
#1514=ORIENTED_EDGE('',*,*,#3772,.F.);
#1515=ORIENTED_EDGE('',*,*,#3773,.T.);
#1516=ORIENTED_EDGE('',*,*,#3774,.T.);
#1517=ORIENTED_EDGE('',*,*,#3723,.T.);
#1518=ORIENTED_EDGE('',*,*,#3774,.F.);
#1519=ORIENTED_EDGE('',*,*,#3775,.F.);
#1520=ORIENTED_EDGE('',*,*,#3415,.T.);
#1521=ORIENTED_EDGE('',*,*,#3724,.T.);
#1522=ORIENTED_EDGE('',*,*,#3409,.F.);
#1523=ORIENTED_EDGE('',*,*,#3776,.F.);
#1524=ORIENTED_EDGE('',*,*,#3777,.T.);
#1525=ORIENTED_EDGE('',*,*,#3725,.F.);
#1526=ORIENTED_EDGE('',*,*,#3777,.F.);
#1527=ORIENTED_EDGE('',*,*,#3778,.T.);
#1528=ORIENTED_EDGE('',*,*,#3779,.T.);
#1529=ORIENTED_EDGE('',*,*,#3726,.F.);
#1530=ORIENTED_EDGE('',*,*,#3779,.F.);
#1531=ORIENTED_EDGE('',*,*,#3780,.T.);
#1532=ORIENTED_EDGE('',*,*,#3781,.T.);
#1533=ORIENTED_EDGE('',*,*,#3727,.T.);
#1534=ORIENTED_EDGE('',*,*,#3781,.F.);
#1535=ORIENTED_EDGE('',*,*,#3782,.F.);
#1536=ORIENTED_EDGE('',*,*,#3783,.T.);
#1537=ORIENTED_EDGE('',*,*,#3728,.T.);
#1538=ORIENTED_EDGE('',*,*,#3783,.F.);
#1539=ORIENTED_EDGE('',*,*,#3784,.F.);
#1540=ORIENTED_EDGE('',*,*,#3785,.T.);
#1541=ORIENTED_EDGE('',*,*,#3729,.T.);
#1542=ORIENTED_EDGE('',*,*,#3785,.F.);
#1543=ORIENTED_EDGE('',*,*,#3786,.F.);
#1544=ORIENTED_EDGE('',*,*,#3787,.T.);
#1545=ORIENTED_EDGE('',*,*,#3730,.F.);
#1546=ORIENTED_EDGE('',*,*,#3787,.F.);
#1547=ORIENTED_EDGE('',*,*,#3788,.T.);
#1548=ORIENTED_EDGE('',*,*,#3789,.T.);
#1549=ORIENTED_EDGE('',*,*,#3731,.T.);
#1550=ORIENTED_EDGE('',*,*,#3789,.F.);
#1551=ORIENTED_EDGE('',*,*,#3790,.F.);
#1552=ORIENTED_EDGE('',*,*,#3791,.T.);
#1553=ORIENTED_EDGE('',*,*,#3732,.T.);
#1554=ORIENTED_EDGE('',*,*,#3791,.F.);
#1555=ORIENTED_EDGE('',*,*,#3792,.F.);
#1556=ORIENTED_EDGE('',*,*,#3793,.T.);
#1557=ORIENTED_EDGE('',*,*,#3733,.T.);
#1558=ORIENTED_EDGE('',*,*,#3793,.F.);
#1559=ORIENTED_EDGE('',*,*,#3794,.F.);
#1560=ORIENTED_EDGE('',*,*,#3795,.T.);
#1561=ORIENTED_EDGE('',*,*,#3734,.F.);
#1562=ORIENTED_EDGE('',*,*,#3795,.F.);
#1563=ORIENTED_EDGE('',*,*,#3796,.T.);
#1564=ORIENTED_EDGE('',*,*,#3797,.T.);
#1565=ORIENTED_EDGE('',*,*,#3735,.F.);
#1566=ORIENTED_EDGE('',*,*,#3797,.F.);
#1567=ORIENTED_EDGE('',*,*,#3798,.T.);
#1568=ORIENTED_EDGE('',*,*,#3799,.T.);
#1569=ORIENTED_EDGE('',*,*,#3736,.T.);
#1570=ORIENTED_EDGE('',*,*,#3799,.F.);
#1571=ORIENTED_EDGE('',*,*,#3800,.F.);
#1572=ORIENTED_EDGE('',*,*,#3490,.T.);
#1573=ORIENTED_EDGE('',*,*,#3759,.F.);
#1574=ORIENTED_EDGE('',*,*,#3484,.F.);
#1575=ORIENTED_EDGE('',*,*,#3603,.T.);
#1576=ORIENTED_EDGE('',*,*,#3801,.T.);
#1577=ORIENTED_EDGE('',*,*,#3760,.F.);
#1578=ORIENTED_EDGE('',*,*,#3801,.F.);
#1579=ORIENTED_EDGE('',*,*,#3602,.T.);
#1580=ORIENTED_EDGE('',*,*,#3802,.T.);
#1581=ORIENTED_EDGE('',*,*,#3761,.F.);
#1582=ORIENTED_EDGE('',*,*,#3802,.F.);
#1583=ORIENTED_EDGE('',*,*,#3601,.T.);
#1584=ORIENTED_EDGE('',*,*,#3667,.T.);
#1585=ORIENTED_EDGE('',*,*,#3737,.F.);
#1586=ORIENTED_EDGE('',*,*,#3663,.F.);
#1587=ORIENTED_EDGE('',*,*,#3803,.T.);
#1588=ORIENTED_EDGE('',*,*,#3497,.T.);
#1589=ORIENTED_EDGE('',*,*,#3738,.F.);
#1590=ORIENTED_EDGE('',*,*,#3516,.F.);
#1591=ORIENTED_EDGE('',*,*,#3804,.T.);
#1592=ORIENTED_EDGE('',*,*,#3676,.T.);
#1593=ORIENTED_EDGE('',*,*,#3762,.F.);
#1594=ORIENTED_EDGE('',*,*,#3671,.F.);
#1595=ORIENTED_EDGE('',*,*,#3610,.T.);
#1596=ORIENTED_EDGE('',*,*,#3805,.T.);
#1597=ORIENTED_EDGE('',*,*,#3763,.F.);
#1598=ORIENTED_EDGE('',*,*,#3805,.F.);
#1599=ORIENTED_EDGE('',*,*,#3609,.T.);
#1600=ORIENTED_EDGE('',*,*,#3806,.T.);
#1601=ORIENTED_EDGE('',*,*,#3764,.F.);
#1602=ORIENTED_EDGE('',*,*,#3806,.F.);
#1603=ORIENTED_EDGE('',*,*,#3608,.T.);
#1604=ORIENTED_EDGE('',*,*,#3530,.T.);
#1605=ORIENTED_EDGE('',*,*,#3739,.T.);
#1606=ORIENTED_EDGE('',*,*,#3524,.F.);
#1607=ORIENTED_EDGE('',*,*,#3807,.F.);
#1608=ORIENTED_EDGE('',*,*,#3808,.T.);
#1609=ORIENTED_EDGE('',*,*,#3740,.F.);
#1610=ORIENTED_EDGE('',*,*,#3808,.F.);
#1611=ORIENTED_EDGE('',*,*,#3809,.T.);
#1612=ORIENTED_EDGE('',*,*,#3810,.T.);
#1613=ORIENTED_EDGE('',*,*,#3741,.F.);
#1614=ORIENTED_EDGE('',*,*,#3810,.F.);
#1615=ORIENTED_EDGE('',*,*,#3811,.T.);
#1616=ORIENTED_EDGE('',*,*,#3812,.T.);
#1617=ORIENTED_EDGE('',*,*,#3742,.T.);
#1618=ORIENTED_EDGE('',*,*,#3812,.F.);
#1619=ORIENTED_EDGE('',*,*,#3813,.F.);
#1620=ORIENTED_EDGE('',*,*,#3814,.T.);
#1621=ORIENTED_EDGE('',*,*,#3743,.T.);
#1622=ORIENTED_EDGE('',*,*,#3814,.F.);
#1623=ORIENTED_EDGE('',*,*,#3815,.F.);
#1624=ORIENTED_EDGE('',*,*,#3816,.T.);
#1625=ORIENTED_EDGE('',*,*,#3744,.T.);
#1626=ORIENTED_EDGE('',*,*,#3816,.F.);
#1627=ORIENTED_EDGE('',*,*,#3817,.F.);
#1628=ORIENTED_EDGE('',*,*,#3818,.T.);
#1629=ORIENTED_EDGE('',*,*,#3745,.F.);
#1630=ORIENTED_EDGE('',*,*,#3818,.F.);
#1631=ORIENTED_EDGE('',*,*,#3819,.T.);
#1632=ORIENTED_EDGE('',*,*,#3820,.T.);
#1633=ORIENTED_EDGE('',*,*,#3746,.T.);
#1634=ORIENTED_EDGE('',*,*,#3820,.F.);
#1635=ORIENTED_EDGE('',*,*,#3821,.F.);
#1636=ORIENTED_EDGE('',*,*,#3822,.T.);
#1637=ORIENTED_EDGE('',*,*,#3747,.T.);
#1638=ORIENTED_EDGE('',*,*,#3822,.F.);
#1639=ORIENTED_EDGE('',*,*,#3823,.F.);
#1640=ORIENTED_EDGE('',*,*,#3824,.T.);
#1641=ORIENTED_EDGE('',*,*,#3748,.T.);
#1642=ORIENTED_EDGE('',*,*,#3824,.F.);
#1643=ORIENTED_EDGE('',*,*,#3825,.F.);
#1644=ORIENTED_EDGE('',*,*,#3826,.T.);
#1645=ORIENTED_EDGE('',*,*,#3749,.F.);
#1646=ORIENTED_EDGE('',*,*,#3826,.F.);
#1647=ORIENTED_EDGE('',*,*,#3827,.T.);
#1648=ORIENTED_EDGE('',*,*,#3828,.T.);
#1649=ORIENTED_EDGE('',*,*,#3750,.F.);
#1650=ORIENTED_EDGE('',*,*,#3828,.F.);
#1651=ORIENTED_EDGE('',*,*,#3829,.T.);
#1652=ORIENTED_EDGE('',*,*,#3830,.T.);
#1653=ORIENTED_EDGE('',*,*,#3751,.T.);
#1654=ORIENTED_EDGE('',*,*,#3830,.F.);
#1655=ORIENTED_EDGE('',*,*,#3831,.F.);
#1656=ORIENTED_EDGE('',*,*,#3432,.T.);
#1657=ORIENTED_EDGE('',*,*,#3752,.T.);
#1658=ORIENTED_EDGE('',*,*,#3426,.F.);
#1659=ORIENTED_EDGE('',*,*,#3832,.F.);
#1660=ORIENTED_EDGE('',*,*,#3833,.T.);
#1661=ORIENTED_EDGE('',*,*,#3753,.F.);
#1662=ORIENTED_EDGE('',*,*,#3833,.F.);
#1663=ORIENTED_EDGE('',*,*,#3834,.T.);
#1664=ORIENTED_EDGE('',*,*,#3835,.T.);
#1665=ORIENTED_EDGE('',*,*,#3754,.T.);
#1666=ORIENTED_EDGE('',*,*,#3835,.F.);
#1667=ORIENTED_EDGE('',*,*,#3836,.F.);
#1668=ORIENTED_EDGE('',*,*,#3542,.T.);
#1669=ORIENTED_EDGE('',*,*,#3765,.F.);
#1670=ORIENTED_EDGE('',*,*,#3536,.F.);
#1671=ORIENTED_EDGE('',*,*,#3617,.T.);
#1672=ORIENTED_EDGE('',*,*,#3837,.T.);
#1673=ORIENTED_EDGE('',*,*,#3766,.F.);
#1674=ORIENTED_EDGE('',*,*,#3837,.F.);
#1675=ORIENTED_EDGE('',*,*,#3616,.T.);
#1676=ORIENTED_EDGE('',*,*,#3838,.T.);
#1677=ORIENTED_EDGE('',*,*,#3767,.F.);
#1678=ORIENTED_EDGE('',*,*,#3838,.F.);
#1679=ORIENTED_EDGE('',*,*,#3615,.T.);
#1680=ORIENTED_EDGE('',*,*,#3714,.T.);
#1681=ORIENTED_EDGE('',*,*,#3768,.F.);
#1682=ORIENTED_EDGE('',*,*,#3551,.F.);
#1683=ORIENTED_EDGE('',*,*,#3619,.T.);
#1684=ORIENTED_EDGE('',*,*,#3376,.T.);
#1685=ORIENTED_EDGE('',*,*,#3839,.F.);
#1686=ORIENTED_EDGE('',*,*,#3467,.T.);
#1687=ORIENTED_EDGE('',*,*,#3389,.T.);
#1688=ORIENTED_EDGE('',*,*,#3462,.F.);
#1689=ORIENTED_EDGE('',*,*,#3840,.F.);
#1690=ORIENTED_EDGE('',*,*,#3366,.F.);
#1691=ORIENTED_EDGE('',*,*,#3841,.T.);
#1692=ORIENTED_EDGE('',*,*,#3562,.T.);
#1693=ORIENTED_EDGE('',*,*,#3365,.F.);
#1694=ORIENTED_EDGE('',*,*,#3842,.T.);
#1695=ORIENTED_EDGE('',*,*,#3563,.F.);
#1696=ORIENTED_EDGE('',*,*,#3841,.F.);
#1697=ORIENTED_EDGE('',*,*,#3720,.F.);
#1698=ORIENTED_EDGE('',*,*,#3367,.T.);
#1699=ORIENTED_EDGE('',*,*,#3840,.T.);
#1700=ORIENTED_EDGE('',*,*,#3561,.T.);
#1701=ORIENTED_EDGE('',*,*,#3843,.T.);
#1702=ORIENTED_EDGE('',*,*,#3844,.T.);
#1703=ORIENTED_EDGE('',*,*,#3845,.T.);
#1704=ORIENTED_EDGE('',*,*,#3846,.T.);
#1705=ORIENTED_EDGE('',*,*,#3369,.T.);
#1706=ORIENTED_EDGE('',*,*,#3719,.T.);
#1707=ORIENTED_EDGE('',*,*,#3559,.T.);
#1708=ORIENTED_EDGE('',*,*,#3565,.T.);
#1709=ORIENTED_EDGE('',*,*,#3625,.T.);
#1710=ORIENTED_EDGE('',*,*,#3626,.T.);
#1711=ORIENTED_EDGE('',*,*,#3629,.T.);
#1712=ORIENTED_EDGE('',*,*,#3632,.T.);
#1713=ORIENTED_EDGE('',*,*,#3475,.T.);
#1714=ORIENTED_EDGE('',*,*,#3635,.F.);
#1715=ORIENTED_EDGE('',*,*,#3637,.T.);
#1716=ORIENTED_EDGE('',*,*,#3640,.F.);
#1717=ORIENTED_EDGE('',*,*,#3412,.T.);
#1718=ORIENTED_EDGE('',*,*,#3643,.F.);
#1719=ORIENTED_EDGE('',*,*,#3645,.T.);
#1720=ORIENTED_EDGE('',*,*,#3648,.F.);
#1721=ORIENTED_EDGE('',*,*,#3487,.T.);
#1722=ORIENTED_EDGE('',*,*,#3650,.T.);
#1723=ORIENTED_EDGE('',*,*,#3653,.T.);
#1724=ORIENTED_EDGE('',*,*,#3656,.T.);
#1725=ORIENTED_EDGE('',*,*,#3665,.T.);
#1726=ORIENTED_EDGE('',*,*,#3494,.T.);
#1727=ORIENTED_EDGE('',*,*,#3502,.T.);
#1728=ORIENTED_EDGE('',*,*,#3509,.F.);
#1729=ORIENTED_EDGE('',*,*,#3512,.T.);
#1730=ORIENTED_EDGE('',*,*,#3519,.T.);
#1731=ORIENTED_EDGE('',*,*,#3674,.T.);
#1732=ORIENTED_EDGE('',*,*,#3678,.T.);
#1733=ORIENTED_EDGE('',*,*,#3681,.T.);
#1734=ORIENTED_EDGE('',*,*,#3684,.T.);
#1735=ORIENTED_EDGE('',*,*,#3527,.T.);
#1736=ORIENTED_EDGE('',*,*,#3687,.F.);
#1737=ORIENTED_EDGE('',*,*,#3689,.T.);
#1738=ORIENTED_EDGE('',*,*,#3692,.F.);
#1739=ORIENTED_EDGE('',*,*,#3429,.T.);
#1740=ORIENTED_EDGE('',*,*,#3695,.F.);
#1741=ORIENTED_EDGE('',*,*,#3697,.T.);
#1742=ORIENTED_EDGE('',*,*,#3700,.F.);
#1743=ORIENTED_EDGE('',*,*,#3539,.T.);
#1744=ORIENTED_EDGE('',*,*,#3702,.T.);
#1745=ORIENTED_EDGE('',*,*,#3705,.T.);
#1746=ORIENTED_EDGE('',*,*,#3708,.T.);
#1747=ORIENTED_EDGE('',*,*,#3712,.T.);
#1748=ORIENTED_EDGE('',*,*,#3546,.T.);
#1749=ORIENTED_EDGE('',*,*,#3554,.T.);
#1750=ORIENTED_EDGE('',*,*,#3717,.T.);
#1751=ORIENTED_EDGE('',*,*,#3373,.T.);
#1752=ORIENTED_EDGE('',*,*,#3847,.T.);
#1753=ORIENTED_EDGE('',*,*,#3844,.F.);
#1754=ORIENTED_EDGE('',*,*,#3848,.T.);
#1755=ORIENTED_EDGE('',*,*,#3849,.T.);
#1756=ORIENTED_EDGE('',*,*,#3848,.F.);
#1757=ORIENTED_EDGE('',*,*,#3850,.T.);
#1758=ORIENTED_EDGE('',*,*,#3849,.F.);
#1759=ORIENTED_EDGE('',*,*,#3851,.T.);
#1760=ORIENTED_EDGE('',*,*,#3850,.F.);
#1761=ORIENTED_EDGE('',*,*,#3852,.T.);
#1762=ORIENTED_EDGE('',*,*,#3851,.F.);
#1763=ORIENTED_EDGE('',*,*,#3853,.T.);
#1764=ORIENTED_EDGE('',*,*,#3852,.F.);
#1765=ORIENTED_EDGE('',*,*,#3854,.T.);
#1766=ORIENTED_EDGE('',*,*,#3853,.F.);
#1767=ORIENTED_EDGE('',*,*,#3855,.F.);
#1768=ORIENTED_EDGE('',*,*,#3856,.T.);
#1769=ORIENTED_EDGE('',*,*,#3857,.T.);
#1770=ORIENTED_EDGE('',*,*,#3858,.T.);
#1771=ORIENTED_EDGE('',*,*,#3859,.F.);
#1772=ORIENTED_EDGE('',*,*,#3860,.F.);
#1773=ORIENTED_EDGE('',*,*,#3861,.F.);
#1774=ORIENTED_EDGE('',*,*,#3862,.T.);
#1775=ORIENTED_EDGE('',*,*,#3863,.T.);
#1776=ORIENTED_EDGE('',*,*,#3864,.T.);
#1777=ORIENTED_EDGE('',*,*,#3865,.F.);
#1778=ORIENTED_EDGE('',*,*,#3866,.F.);
#1779=ORIENTED_EDGE('',*,*,#3867,.F.);
#1780=ORIENTED_EDGE('',*,*,#3868,.T.);
#1781=ORIENTED_EDGE('',*,*,#3869,.T.);
#1782=ORIENTED_EDGE('',*,*,#3870,.T.);
#1783=ORIENTED_EDGE('',*,*,#3871,.F.);
#1784=ORIENTED_EDGE('',*,*,#3872,.F.);
#1785=ORIENTED_EDGE('',*,*,#3873,.F.);
#1786=ORIENTED_EDGE('',*,*,#3874,.T.);
#1787=ORIENTED_EDGE('',*,*,#3875,.T.);
#1788=ORIENTED_EDGE('',*,*,#3876,.T.);
#1789=ORIENTED_EDGE('',*,*,#3877,.F.);
#1790=ORIENTED_EDGE('',*,*,#3878,.F.);
#1791=ORIENTED_EDGE('',*,*,#3879,.F.);
#1792=ORIENTED_EDGE('',*,*,#3880,.T.);
#1793=ORIENTED_EDGE('',*,*,#3881,.T.);
#1794=ORIENTED_EDGE('',*,*,#3882,.T.);
#1795=ORIENTED_EDGE('',*,*,#3883,.F.);
#1796=ORIENTED_EDGE('',*,*,#3884,.F.);
#1797=ORIENTED_EDGE('',*,*,#3885,.F.);
#1798=ORIENTED_EDGE('',*,*,#3886,.T.);
#1799=ORIENTED_EDGE('',*,*,#3887,.T.);
#1800=ORIENTED_EDGE('',*,*,#3888,.T.);
#1801=ORIENTED_EDGE('',*,*,#3889,.F.);
#1802=ORIENTED_EDGE('',*,*,#3890,.F.);
#1803=ORIENTED_EDGE('',*,*,#3854,.F.);
#1804=ORIENTED_EDGE('',*,*,#3855,.T.);
#1805=ORIENTED_EDGE('',*,*,#3891,.F.);
#1806=ORIENTED_EDGE('',*,*,#3892,.F.);
#1807=ORIENTED_EDGE('',*,*,#3893,.T.);
#1808=ORIENTED_EDGE('',*,*,#3890,.T.);
#1809=ORIENTED_EDGE('',*,*,#3894,.F.);
#1810=ORIENTED_EDGE('',*,*,#3895,.F.);
#1811=ORIENTED_EDGE('',*,*,#3891,.T.);
#1812=ORIENTED_EDGE('',*,*,#3889,.T.);
#1813=ORIENTED_EDGE('',*,*,#3896,.F.);
#1814=ORIENTED_EDGE('',*,*,#3897,.F.);
#1815=ORIENTED_EDGE('',*,*,#3894,.T.);
#1816=ORIENTED_EDGE('',*,*,#3888,.F.);
#1817=ORIENTED_EDGE('',*,*,#3898,.F.);
#1818=ORIENTED_EDGE('',*,*,#3899,.T.);
#1819=ORIENTED_EDGE('',*,*,#3896,.T.);
#1820=ORIENTED_EDGE('',*,*,#3887,.F.);
#1821=ORIENTED_EDGE('',*,*,#3900,.F.);
#1822=ORIENTED_EDGE('',*,*,#3901,.T.);
#1823=ORIENTED_EDGE('',*,*,#3898,.T.);
#1824=ORIENTED_EDGE('',*,*,#3886,.F.);
#1825=ORIENTED_EDGE('',*,*,#3902,.F.);
#1826=ORIENTED_EDGE('',*,*,#3903,.T.);
#1827=ORIENTED_EDGE('',*,*,#3900,.T.);
#1828=ORIENTED_EDGE('',*,*,#3885,.T.);
#1829=ORIENTED_EDGE('',*,*,#3904,.F.);
#1830=ORIENTED_EDGE('',*,*,#3905,.F.);
#1831=ORIENTED_EDGE('',*,*,#3902,.T.);
#1832=ORIENTED_EDGE('',*,*,#3884,.T.);
#1833=ORIENTED_EDGE('',*,*,#3906,.F.);
#1834=ORIENTED_EDGE('',*,*,#3907,.F.);
#1835=ORIENTED_EDGE('',*,*,#3904,.T.);
#1836=ORIENTED_EDGE('',*,*,#3883,.T.);
#1837=ORIENTED_EDGE('',*,*,#3908,.F.);
#1838=ORIENTED_EDGE('',*,*,#3909,.F.);
#1839=ORIENTED_EDGE('',*,*,#3906,.T.);
#1840=ORIENTED_EDGE('',*,*,#3882,.F.);
#1841=ORIENTED_EDGE('',*,*,#3910,.F.);
#1842=ORIENTED_EDGE('',*,*,#3911,.T.);
#1843=ORIENTED_EDGE('',*,*,#3908,.T.);
#1844=ORIENTED_EDGE('',*,*,#3881,.F.);
#1845=ORIENTED_EDGE('',*,*,#3912,.F.);
#1846=ORIENTED_EDGE('',*,*,#3913,.T.);
#1847=ORIENTED_EDGE('',*,*,#3910,.T.);
#1848=ORIENTED_EDGE('',*,*,#3880,.F.);
#1849=ORIENTED_EDGE('',*,*,#3914,.F.);
#1850=ORIENTED_EDGE('',*,*,#3915,.T.);
#1851=ORIENTED_EDGE('',*,*,#3912,.T.);
#1852=ORIENTED_EDGE('',*,*,#3879,.T.);
#1853=ORIENTED_EDGE('',*,*,#3916,.F.);
#1854=ORIENTED_EDGE('',*,*,#3917,.F.);
#1855=ORIENTED_EDGE('',*,*,#3914,.T.);
#1856=ORIENTED_EDGE('',*,*,#3878,.T.);
#1857=ORIENTED_EDGE('',*,*,#3918,.F.);
#1858=ORIENTED_EDGE('',*,*,#3919,.F.);
#1859=ORIENTED_EDGE('',*,*,#3916,.T.);
#1860=ORIENTED_EDGE('',*,*,#3877,.T.);
#1861=ORIENTED_EDGE('',*,*,#3920,.F.);
#1862=ORIENTED_EDGE('',*,*,#3921,.F.);
#1863=ORIENTED_EDGE('',*,*,#3918,.T.);
#1864=ORIENTED_EDGE('',*,*,#3876,.F.);
#1865=ORIENTED_EDGE('',*,*,#3922,.F.);
#1866=ORIENTED_EDGE('',*,*,#3923,.T.);
#1867=ORIENTED_EDGE('',*,*,#3920,.T.);
#1868=ORIENTED_EDGE('',*,*,#3875,.F.);
#1869=ORIENTED_EDGE('',*,*,#3924,.F.);
#1870=ORIENTED_EDGE('',*,*,#3925,.T.);
#1871=ORIENTED_EDGE('',*,*,#3922,.T.);
#1872=ORIENTED_EDGE('',*,*,#3874,.F.);
#1873=ORIENTED_EDGE('',*,*,#3926,.F.);
#1874=ORIENTED_EDGE('',*,*,#3927,.T.);
#1875=ORIENTED_EDGE('',*,*,#3924,.T.);
#1876=ORIENTED_EDGE('',*,*,#3873,.T.);
#1877=ORIENTED_EDGE('',*,*,#3928,.F.);
#1878=ORIENTED_EDGE('',*,*,#3929,.F.);
#1879=ORIENTED_EDGE('',*,*,#3926,.T.);
#1880=ORIENTED_EDGE('',*,*,#3872,.T.);
#1881=ORIENTED_EDGE('',*,*,#3930,.F.);
#1882=ORIENTED_EDGE('',*,*,#3931,.F.);
#1883=ORIENTED_EDGE('',*,*,#3928,.T.);
#1884=ORIENTED_EDGE('',*,*,#3871,.T.);
#1885=ORIENTED_EDGE('',*,*,#3932,.F.);
#1886=ORIENTED_EDGE('',*,*,#3933,.F.);
#1887=ORIENTED_EDGE('',*,*,#3930,.T.);
#1888=ORIENTED_EDGE('',*,*,#3870,.F.);
#1889=ORIENTED_EDGE('',*,*,#3934,.F.);
#1890=ORIENTED_EDGE('',*,*,#3935,.T.);
#1891=ORIENTED_EDGE('',*,*,#3932,.T.);
#1892=ORIENTED_EDGE('',*,*,#3869,.F.);
#1893=ORIENTED_EDGE('',*,*,#3936,.F.);
#1894=ORIENTED_EDGE('',*,*,#3937,.T.);
#1895=ORIENTED_EDGE('',*,*,#3934,.T.);
#1896=ORIENTED_EDGE('',*,*,#3868,.F.);
#1897=ORIENTED_EDGE('',*,*,#3938,.F.);
#1898=ORIENTED_EDGE('',*,*,#3939,.T.);
#1899=ORIENTED_EDGE('',*,*,#3936,.T.);
#1900=ORIENTED_EDGE('',*,*,#3867,.T.);
#1901=ORIENTED_EDGE('',*,*,#3940,.F.);
#1902=ORIENTED_EDGE('',*,*,#3941,.F.);
#1903=ORIENTED_EDGE('',*,*,#3938,.T.);
#1904=ORIENTED_EDGE('',*,*,#3866,.T.);
#1905=ORIENTED_EDGE('',*,*,#3942,.F.);
#1906=ORIENTED_EDGE('',*,*,#3943,.F.);
#1907=ORIENTED_EDGE('',*,*,#3940,.T.);
#1908=ORIENTED_EDGE('',*,*,#3865,.T.);
#1909=ORIENTED_EDGE('',*,*,#3944,.F.);
#1910=ORIENTED_EDGE('',*,*,#3945,.F.);
#1911=ORIENTED_EDGE('',*,*,#3942,.T.);
#1912=ORIENTED_EDGE('',*,*,#3864,.F.);
#1913=ORIENTED_EDGE('',*,*,#3946,.F.);
#1914=ORIENTED_EDGE('',*,*,#3947,.T.);
#1915=ORIENTED_EDGE('',*,*,#3944,.T.);
#1916=ORIENTED_EDGE('',*,*,#3863,.F.);
#1917=ORIENTED_EDGE('',*,*,#3948,.F.);
#1918=ORIENTED_EDGE('',*,*,#3949,.T.);
#1919=ORIENTED_EDGE('',*,*,#3946,.T.);
#1920=ORIENTED_EDGE('',*,*,#3862,.F.);
#1921=ORIENTED_EDGE('',*,*,#3950,.F.);
#1922=ORIENTED_EDGE('',*,*,#3951,.T.);
#1923=ORIENTED_EDGE('',*,*,#3948,.T.);
#1924=ORIENTED_EDGE('',*,*,#3861,.T.);
#1925=ORIENTED_EDGE('',*,*,#3952,.F.);
#1926=ORIENTED_EDGE('',*,*,#3953,.F.);
#1927=ORIENTED_EDGE('',*,*,#3950,.T.);
#1928=ORIENTED_EDGE('',*,*,#3860,.T.);
#1929=ORIENTED_EDGE('',*,*,#3954,.F.);
#1930=ORIENTED_EDGE('',*,*,#3955,.F.);
#1931=ORIENTED_EDGE('',*,*,#3952,.T.);
#1932=ORIENTED_EDGE('',*,*,#3859,.T.);
#1933=ORIENTED_EDGE('',*,*,#3956,.F.);
#1934=ORIENTED_EDGE('',*,*,#3957,.F.);
#1935=ORIENTED_EDGE('',*,*,#3954,.T.);
#1936=ORIENTED_EDGE('',*,*,#3858,.F.);
#1937=ORIENTED_EDGE('',*,*,#3958,.F.);
#1938=ORIENTED_EDGE('',*,*,#3959,.T.);
#1939=ORIENTED_EDGE('',*,*,#3956,.T.);
#1940=ORIENTED_EDGE('',*,*,#3857,.F.);
#1941=ORIENTED_EDGE('',*,*,#3960,.F.);
#1942=ORIENTED_EDGE('',*,*,#3961,.T.);
#1943=ORIENTED_EDGE('',*,*,#3958,.T.);
#1944=ORIENTED_EDGE('',*,*,#3856,.F.);
#1945=ORIENTED_EDGE('',*,*,#3893,.F.);
#1946=ORIENTED_EDGE('',*,*,#3962,.T.);
#1947=ORIENTED_EDGE('',*,*,#3960,.T.);
#1948=ORIENTED_EDGE('',*,*,#3892,.T.);
#1949=ORIENTED_EDGE('',*,*,#3895,.T.);
#1950=ORIENTED_EDGE('',*,*,#3897,.T.);
#1951=ORIENTED_EDGE('',*,*,#3899,.F.);
#1952=ORIENTED_EDGE('',*,*,#3901,.F.);
#1953=ORIENTED_EDGE('',*,*,#3903,.F.);
#1954=ORIENTED_EDGE('',*,*,#3905,.T.);
#1955=ORIENTED_EDGE('',*,*,#3907,.T.);
#1956=ORIENTED_EDGE('',*,*,#3909,.T.);
#1957=ORIENTED_EDGE('',*,*,#3911,.F.);
#1958=ORIENTED_EDGE('',*,*,#3913,.F.);
#1959=ORIENTED_EDGE('',*,*,#3915,.F.);
#1960=ORIENTED_EDGE('',*,*,#3917,.T.);
#1961=ORIENTED_EDGE('',*,*,#3919,.T.);
#1962=ORIENTED_EDGE('',*,*,#3921,.T.);
#1963=ORIENTED_EDGE('',*,*,#3923,.F.);
#1964=ORIENTED_EDGE('',*,*,#3925,.F.);
#1965=ORIENTED_EDGE('',*,*,#3927,.F.);
#1966=ORIENTED_EDGE('',*,*,#3929,.T.);
#1967=ORIENTED_EDGE('',*,*,#3931,.T.);
#1968=ORIENTED_EDGE('',*,*,#3933,.T.);
#1969=ORIENTED_EDGE('',*,*,#3935,.F.);
#1970=ORIENTED_EDGE('',*,*,#3937,.F.);
#1971=ORIENTED_EDGE('',*,*,#3939,.F.);
#1972=ORIENTED_EDGE('',*,*,#3941,.T.);
#1973=ORIENTED_EDGE('',*,*,#3943,.T.);
#1974=ORIENTED_EDGE('',*,*,#3945,.T.);
#1975=ORIENTED_EDGE('',*,*,#3947,.F.);
#1976=ORIENTED_EDGE('',*,*,#3949,.F.);
#1977=ORIENTED_EDGE('',*,*,#3951,.F.);
#1978=ORIENTED_EDGE('',*,*,#3953,.T.);
#1979=ORIENTED_EDGE('',*,*,#3955,.T.);
#1980=ORIENTED_EDGE('',*,*,#3957,.T.);
#1981=ORIENTED_EDGE('',*,*,#3959,.F.);
#1982=ORIENTED_EDGE('',*,*,#3961,.F.);
#1983=ORIENTED_EDGE('',*,*,#3962,.F.);
#1984=ORIENTED_EDGE('',*,*,#3843,.F.);
#1985=ORIENTED_EDGE('',*,*,#3963,.T.);
#1986=ORIENTED_EDGE('',*,*,#3964,.T.);
#1987=ORIENTED_EDGE('',*,*,#3963,.F.);
#1988=ORIENTED_EDGE('',*,*,#3965,.T.);
#1989=ORIENTED_EDGE('',*,*,#3964,.F.);
#1990=ORIENTED_EDGE('',*,*,#3966,.T.);
#1991=ORIENTED_EDGE('',*,*,#3965,.F.);
#1992=ORIENTED_EDGE('',*,*,#3967,.T.);
#1993=ORIENTED_EDGE('',*,*,#3966,.F.);
#1994=ORIENTED_EDGE('',*,*,#3968,.T.);
#1995=ORIENTED_EDGE('',*,*,#3967,.F.);
#1996=ORIENTED_EDGE('',*,*,#3969,.T.);
#1997=ORIENTED_EDGE('',*,*,#3968,.F.);
#1998=ORIENTED_EDGE('',*,*,#3970,.F.);
#1999=ORIENTED_EDGE('',*,*,#3971,.T.);
#2000=ORIENTED_EDGE('',*,*,#3972,.T.);
#2001=ORIENTED_EDGE('',*,*,#3973,.T.);
#2002=ORIENTED_EDGE('',*,*,#3974,.F.);
#2003=ORIENTED_EDGE('',*,*,#3975,.F.);
#2004=ORIENTED_EDGE('',*,*,#3976,.F.);
#2005=ORIENTED_EDGE('',*,*,#3977,.T.);
#2006=ORIENTED_EDGE('',*,*,#3978,.T.);
#2007=ORIENTED_EDGE('',*,*,#3979,.T.);
#2008=ORIENTED_EDGE('',*,*,#3980,.F.);
#2009=ORIENTED_EDGE('',*,*,#3981,.F.);
#2010=ORIENTED_EDGE('',*,*,#3982,.F.);
#2011=ORIENTED_EDGE('',*,*,#3983,.T.);
#2012=ORIENTED_EDGE('',*,*,#3984,.T.);
#2013=ORIENTED_EDGE('',*,*,#3985,.T.);
#2014=ORIENTED_EDGE('',*,*,#3986,.F.);
#2015=ORIENTED_EDGE('',*,*,#3987,.F.);
#2016=ORIENTED_EDGE('',*,*,#3988,.F.);
#2017=ORIENTED_EDGE('',*,*,#3989,.T.);
#2018=ORIENTED_EDGE('',*,*,#3990,.T.);
#2019=ORIENTED_EDGE('',*,*,#3991,.T.);
#2020=ORIENTED_EDGE('',*,*,#3992,.F.);
#2021=ORIENTED_EDGE('',*,*,#3993,.F.);
#2022=ORIENTED_EDGE('',*,*,#3994,.F.);
#2023=ORIENTED_EDGE('',*,*,#3995,.T.);
#2024=ORIENTED_EDGE('',*,*,#3996,.T.);
#2025=ORIENTED_EDGE('',*,*,#3997,.T.);
#2026=ORIENTED_EDGE('',*,*,#3998,.F.);
#2027=ORIENTED_EDGE('',*,*,#3999,.F.);
#2028=ORIENTED_EDGE('',*,*,#4000,.F.);
#2029=ORIENTED_EDGE('',*,*,#4001,.T.);
#2030=ORIENTED_EDGE('',*,*,#4002,.T.);
#2031=ORIENTED_EDGE('',*,*,#4003,.T.);
#2032=ORIENTED_EDGE('',*,*,#4004,.F.);
#2033=ORIENTED_EDGE('',*,*,#4005,.F.);
#2034=ORIENTED_EDGE('',*,*,#3969,.F.);
#2035=ORIENTED_EDGE('',*,*,#3970,.T.);
#2036=ORIENTED_EDGE('',*,*,#4006,.F.);
#2037=ORIENTED_EDGE('',*,*,#4007,.F.);
#2038=ORIENTED_EDGE('',*,*,#4008,.T.);
#2039=ORIENTED_EDGE('',*,*,#4005,.T.);
#2040=ORIENTED_EDGE('',*,*,#4009,.F.);
#2041=ORIENTED_EDGE('',*,*,#4010,.F.);
#2042=ORIENTED_EDGE('',*,*,#4006,.T.);
#2043=ORIENTED_EDGE('',*,*,#4004,.T.);
#2044=ORIENTED_EDGE('',*,*,#4011,.F.);
#2045=ORIENTED_EDGE('',*,*,#4012,.F.);
#2046=ORIENTED_EDGE('',*,*,#4009,.T.);
#2047=ORIENTED_EDGE('',*,*,#4003,.F.);
#2048=ORIENTED_EDGE('',*,*,#4013,.F.);
#2049=ORIENTED_EDGE('',*,*,#4014,.T.);
#2050=ORIENTED_EDGE('',*,*,#4011,.T.);
#2051=ORIENTED_EDGE('',*,*,#4002,.F.);
#2052=ORIENTED_EDGE('',*,*,#4015,.F.);
#2053=ORIENTED_EDGE('',*,*,#4016,.T.);
#2054=ORIENTED_EDGE('',*,*,#4013,.T.);
#2055=ORIENTED_EDGE('',*,*,#4001,.F.);
#2056=ORIENTED_EDGE('',*,*,#4017,.F.);
#2057=ORIENTED_EDGE('',*,*,#4018,.T.);
#2058=ORIENTED_EDGE('',*,*,#4015,.T.);
#2059=ORIENTED_EDGE('',*,*,#4000,.T.);
#2060=ORIENTED_EDGE('',*,*,#4019,.F.);
#2061=ORIENTED_EDGE('',*,*,#4020,.F.);
#2062=ORIENTED_EDGE('',*,*,#4017,.T.);
#2063=ORIENTED_EDGE('',*,*,#3999,.T.);
#2064=ORIENTED_EDGE('',*,*,#4021,.F.);
#2065=ORIENTED_EDGE('',*,*,#4022,.F.);
#2066=ORIENTED_EDGE('',*,*,#4019,.T.);
#2067=ORIENTED_EDGE('',*,*,#3998,.T.);
#2068=ORIENTED_EDGE('',*,*,#4023,.F.);
#2069=ORIENTED_EDGE('',*,*,#4024,.F.);
#2070=ORIENTED_EDGE('',*,*,#4021,.T.);
#2071=ORIENTED_EDGE('',*,*,#3997,.F.);
#2072=ORIENTED_EDGE('',*,*,#4025,.F.);
#2073=ORIENTED_EDGE('',*,*,#4026,.T.);
#2074=ORIENTED_EDGE('',*,*,#4023,.T.);
#2075=ORIENTED_EDGE('',*,*,#3996,.F.);
#2076=ORIENTED_EDGE('',*,*,#4027,.F.);
#2077=ORIENTED_EDGE('',*,*,#4028,.T.);
#2078=ORIENTED_EDGE('',*,*,#4025,.T.);
#2079=ORIENTED_EDGE('',*,*,#3995,.F.);
#2080=ORIENTED_EDGE('',*,*,#4029,.F.);
#2081=ORIENTED_EDGE('',*,*,#4030,.T.);
#2082=ORIENTED_EDGE('',*,*,#4027,.T.);
#2083=ORIENTED_EDGE('',*,*,#3994,.T.);
#2084=ORIENTED_EDGE('',*,*,#4031,.F.);
#2085=ORIENTED_EDGE('',*,*,#4032,.F.);
#2086=ORIENTED_EDGE('',*,*,#4029,.T.);
#2087=ORIENTED_EDGE('',*,*,#3993,.T.);
#2088=ORIENTED_EDGE('',*,*,#4033,.F.);
#2089=ORIENTED_EDGE('',*,*,#4034,.F.);
#2090=ORIENTED_EDGE('',*,*,#4031,.T.);
#2091=ORIENTED_EDGE('',*,*,#3992,.T.);
#2092=ORIENTED_EDGE('',*,*,#4035,.F.);
#2093=ORIENTED_EDGE('',*,*,#4036,.F.);
#2094=ORIENTED_EDGE('',*,*,#4033,.T.);
#2095=ORIENTED_EDGE('',*,*,#3991,.F.);
#2096=ORIENTED_EDGE('',*,*,#4037,.F.);
#2097=ORIENTED_EDGE('',*,*,#4038,.T.);
#2098=ORIENTED_EDGE('',*,*,#4035,.T.);
#2099=ORIENTED_EDGE('',*,*,#3990,.F.);
#2100=ORIENTED_EDGE('',*,*,#4039,.F.);
#2101=ORIENTED_EDGE('',*,*,#4040,.T.);
#2102=ORIENTED_EDGE('',*,*,#4037,.T.);
#2103=ORIENTED_EDGE('',*,*,#3989,.F.);
#2104=ORIENTED_EDGE('',*,*,#4041,.F.);
#2105=ORIENTED_EDGE('',*,*,#4042,.T.);
#2106=ORIENTED_EDGE('',*,*,#4039,.T.);
#2107=ORIENTED_EDGE('',*,*,#3988,.T.);
#2108=ORIENTED_EDGE('',*,*,#4043,.F.);
#2109=ORIENTED_EDGE('',*,*,#4044,.F.);
#2110=ORIENTED_EDGE('',*,*,#4041,.T.);
#2111=ORIENTED_EDGE('',*,*,#3987,.T.);
#2112=ORIENTED_EDGE('',*,*,#4045,.F.);
#2113=ORIENTED_EDGE('',*,*,#4046,.F.);
#2114=ORIENTED_EDGE('',*,*,#4043,.T.);
#2115=ORIENTED_EDGE('',*,*,#3986,.T.);
#2116=ORIENTED_EDGE('',*,*,#4047,.F.);
#2117=ORIENTED_EDGE('',*,*,#4048,.F.);
#2118=ORIENTED_EDGE('',*,*,#4045,.T.);
#2119=ORIENTED_EDGE('',*,*,#3985,.F.);
#2120=ORIENTED_EDGE('',*,*,#4049,.F.);
#2121=ORIENTED_EDGE('',*,*,#4050,.T.);
#2122=ORIENTED_EDGE('',*,*,#4047,.T.);
#2123=ORIENTED_EDGE('',*,*,#3984,.F.);
#2124=ORIENTED_EDGE('',*,*,#4051,.F.);
#2125=ORIENTED_EDGE('',*,*,#4052,.T.);
#2126=ORIENTED_EDGE('',*,*,#4049,.T.);
#2127=ORIENTED_EDGE('',*,*,#3983,.F.);
#2128=ORIENTED_EDGE('',*,*,#4053,.F.);
#2129=ORIENTED_EDGE('',*,*,#4054,.T.);
#2130=ORIENTED_EDGE('',*,*,#4051,.T.);
#2131=ORIENTED_EDGE('',*,*,#3982,.T.);
#2132=ORIENTED_EDGE('',*,*,#4055,.F.);
#2133=ORIENTED_EDGE('',*,*,#4056,.F.);
#2134=ORIENTED_EDGE('',*,*,#4053,.T.);
#2135=ORIENTED_EDGE('',*,*,#3981,.T.);
#2136=ORIENTED_EDGE('',*,*,#4057,.F.);
#2137=ORIENTED_EDGE('',*,*,#4058,.F.);
#2138=ORIENTED_EDGE('',*,*,#4055,.T.);
#2139=ORIENTED_EDGE('',*,*,#3980,.T.);
#2140=ORIENTED_EDGE('',*,*,#4059,.F.);
#2141=ORIENTED_EDGE('',*,*,#4060,.F.);
#2142=ORIENTED_EDGE('',*,*,#4057,.T.);
#2143=ORIENTED_EDGE('',*,*,#3979,.F.);
#2144=ORIENTED_EDGE('',*,*,#4061,.F.);
#2145=ORIENTED_EDGE('',*,*,#4062,.T.);
#2146=ORIENTED_EDGE('',*,*,#4059,.T.);
#2147=ORIENTED_EDGE('',*,*,#3978,.F.);
#2148=ORIENTED_EDGE('',*,*,#4063,.F.);
#2149=ORIENTED_EDGE('',*,*,#4064,.T.);
#2150=ORIENTED_EDGE('',*,*,#4061,.T.);
#2151=ORIENTED_EDGE('',*,*,#3977,.F.);
#2152=ORIENTED_EDGE('',*,*,#4065,.F.);
#2153=ORIENTED_EDGE('',*,*,#4066,.T.);
#2154=ORIENTED_EDGE('',*,*,#4063,.T.);
#2155=ORIENTED_EDGE('',*,*,#3976,.T.);
#2156=ORIENTED_EDGE('',*,*,#4067,.F.);
#2157=ORIENTED_EDGE('',*,*,#4068,.F.);
#2158=ORIENTED_EDGE('',*,*,#4065,.T.);
#2159=ORIENTED_EDGE('',*,*,#3975,.T.);
#2160=ORIENTED_EDGE('',*,*,#4069,.F.);
#2161=ORIENTED_EDGE('',*,*,#4070,.F.);
#2162=ORIENTED_EDGE('',*,*,#4067,.T.);
#2163=ORIENTED_EDGE('',*,*,#3974,.T.);
#2164=ORIENTED_EDGE('',*,*,#4071,.F.);
#2165=ORIENTED_EDGE('',*,*,#4072,.F.);
#2166=ORIENTED_EDGE('',*,*,#4069,.T.);
#2167=ORIENTED_EDGE('',*,*,#3973,.F.);
#2168=ORIENTED_EDGE('',*,*,#4073,.F.);
#2169=ORIENTED_EDGE('',*,*,#4074,.T.);
#2170=ORIENTED_EDGE('',*,*,#4071,.T.);
#2171=ORIENTED_EDGE('',*,*,#3972,.F.);
#2172=ORIENTED_EDGE('',*,*,#4075,.F.);
#2173=ORIENTED_EDGE('',*,*,#4076,.T.);
#2174=ORIENTED_EDGE('',*,*,#4073,.T.);
#2175=ORIENTED_EDGE('',*,*,#3971,.F.);
#2176=ORIENTED_EDGE('',*,*,#4008,.F.);
#2177=ORIENTED_EDGE('',*,*,#4077,.T.);
#2178=ORIENTED_EDGE('',*,*,#4075,.T.);
#2179=ORIENTED_EDGE('',*,*,#4007,.T.);
#2180=ORIENTED_EDGE('',*,*,#4010,.T.);
#2181=ORIENTED_EDGE('',*,*,#4012,.T.);
#2182=ORIENTED_EDGE('',*,*,#4014,.F.);
#2183=ORIENTED_EDGE('',*,*,#4016,.F.);
#2184=ORIENTED_EDGE('',*,*,#4018,.F.);
#2185=ORIENTED_EDGE('',*,*,#4020,.T.);
#2186=ORIENTED_EDGE('',*,*,#4022,.T.);
#2187=ORIENTED_EDGE('',*,*,#4024,.T.);
#2188=ORIENTED_EDGE('',*,*,#4026,.F.);
#2189=ORIENTED_EDGE('',*,*,#4028,.F.);
#2190=ORIENTED_EDGE('',*,*,#4030,.F.);
#2191=ORIENTED_EDGE('',*,*,#4032,.T.);
#2192=ORIENTED_EDGE('',*,*,#4034,.T.);
#2193=ORIENTED_EDGE('',*,*,#4036,.T.);
#2194=ORIENTED_EDGE('',*,*,#4038,.F.);
#2195=ORIENTED_EDGE('',*,*,#4040,.F.);
#2196=ORIENTED_EDGE('',*,*,#4042,.F.);
#2197=ORIENTED_EDGE('',*,*,#4044,.T.);
#2198=ORIENTED_EDGE('',*,*,#4046,.T.);
#2199=ORIENTED_EDGE('',*,*,#4048,.T.);
#2200=ORIENTED_EDGE('',*,*,#4050,.F.);
#2201=ORIENTED_EDGE('',*,*,#4052,.F.);
#2202=ORIENTED_EDGE('',*,*,#4054,.F.);
#2203=ORIENTED_EDGE('',*,*,#4056,.T.);
#2204=ORIENTED_EDGE('',*,*,#4058,.T.);
#2205=ORIENTED_EDGE('',*,*,#4060,.T.);
#2206=ORIENTED_EDGE('',*,*,#4062,.F.);
#2207=ORIENTED_EDGE('',*,*,#4064,.F.);
#2208=ORIENTED_EDGE('',*,*,#4066,.F.);
#2209=ORIENTED_EDGE('',*,*,#4068,.T.);
#2210=ORIENTED_EDGE('',*,*,#4070,.T.);
#2211=ORIENTED_EDGE('',*,*,#4072,.T.);
#2212=ORIENTED_EDGE('',*,*,#4074,.F.);
#2213=ORIENTED_EDGE('',*,*,#4076,.F.);
#2214=ORIENTED_EDGE('',*,*,#4077,.F.);
#2215=ORIENTED_EDGE('',*,*,#3370,.T.);
#2216=ORIENTED_EDGE('',*,*,#3846,.F.);
#2217=ORIENTED_EDGE('',*,*,#4078,.F.);
#2218=ORIENTED_EDGE('',*,*,#3372,.T.);
#2219=ORIENTED_EDGE('',*,*,#4079,.T.);
#2220=ORIENTED_EDGE('',*,*,#3847,.F.);
#2221=ORIENTED_EDGE('',*,*,#3371,.T.);
#2222=ORIENTED_EDGE('',*,*,#4078,.T.);
#2223=ORIENTED_EDGE('',*,*,#3845,.F.);
#2224=ORIENTED_EDGE('',*,*,#4079,.F.);
#2225=ORIENTED_EDGE('',*,*,#3471,.F.);
#2226=ORIENTED_EDGE('',*,*,#3567,.F.);
#2227=ORIENTED_EDGE('',*,*,#3570,.T.);
#2228=ORIENTED_EDGE('',*,*,#3571,.F.);
#2229=ORIENTED_EDGE('',*,*,#3416,.F.);
#2230=ORIENTED_EDGE('',*,*,#3775,.T.);
#2231=ORIENTED_EDGE('',*,*,#3773,.F.);
#2232=ORIENTED_EDGE('',*,*,#3771,.T.);
#2233=ORIENTED_EDGE('',*,*,#3408,.F.);
#2234=ORIENTED_EDGE('',*,*,#4080,.F.);
#2235=ORIENTED_EDGE('',*,*,#3575,.T.);
#2236=ORIENTED_EDGE('',*,*,#4081,.F.);
#2237=ORIENTED_EDGE('',*,*,#3491,.F.);
#2238=ORIENTED_EDGE('',*,*,#3800,.T.);
#2239=ORIENTED_EDGE('',*,*,#3798,.F.);
#2240=ORIENTED_EDGE('',*,*,#3796,.F.);
#2241=ORIENTED_EDGE('',*,*,#3794,.T.);
#2242=ORIENTED_EDGE('',*,*,#3792,.T.);
#2243=ORIENTED_EDGE('',*,*,#3790,.T.);
#2244=ORIENTED_EDGE('',*,*,#3788,.F.);
#2245=ORIENTED_EDGE('',*,*,#3786,.T.);
#2246=ORIENTED_EDGE('',*,*,#3784,.T.);
#2247=ORIENTED_EDGE('',*,*,#3782,.T.);
#2248=ORIENTED_EDGE('',*,*,#3780,.F.);
#2249=ORIENTED_EDGE('',*,*,#3778,.F.);
#2250=ORIENTED_EDGE('',*,*,#3776,.T.);
#2251=ORIENTED_EDGE('',*,*,#3498,.T.);
#2252=ORIENTED_EDGE('',*,*,#3803,.F.);
#2253=ORIENTED_EDGE('',*,*,#3662,.T.);
#2254=ORIENTED_EDGE('',*,*,#3523,.F.);
#2255=ORIENTED_EDGE('',*,*,#4082,.F.);
#2256=ORIENTED_EDGE('',*,*,#3579,.T.);
#2257=ORIENTED_EDGE('',*,*,#4083,.F.);
#2258=ORIENTED_EDGE('',*,*,#3433,.F.);
#2259=ORIENTED_EDGE('',*,*,#3831,.T.);
#2260=ORIENTED_EDGE('',*,*,#3829,.F.);
#2261=ORIENTED_EDGE('',*,*,#3827,.F.);
#2262=ORIENTED_EDGE('',*,*,#3825,.T.);
#2263=ORIENTED_EDGE('',*,*,#3823,.T.);
#2264=ORIENTED_EDGE('',*,*,#3821,.T.);
#2265=ORIENTED_EDGE('',*,*,#3819,.F.);
#2266=ORIENTED_EDGE('',*,*,#3817,.T.);
#2267=ORIENTED_EDGE('',*,*,#3815,.T.);
#2268=ORIENTED_EDGE('',*,*,#3813,.T.);
#2269=ORIENTED_EDGE('',*,*,#3811,.F.);
#2270=ORIENTED_EDGE('',*,*,#3809,.F.);
#2271=ORIENTED_EDGE('',*,*,#3807,.T.);
#2272=ORIENTED_EDGE('',*,*,#3425,.F.);
#2273=ORIENTED_EDGE('',*,*,#3582,.F.);
#2274=ORIENTED_EDGE('',*,*,#3586,.T.);
#2275=ORIENTED_EDGE('',*,*,#3589,.F.);
#2276=ORIENTED_EDGE('',*,*,#3543,.F.);
#2277=ORIENTED_EDGE('',*,*,#3836,.T.);
#2278=ORIENTED_EDGE('',*,*,#3834,.F.);
#2279=ORIENTED_EDGE('',*,*,#3832,.T.);
#2280=ORIENTED_EDGE('',*,*,#3677,.T.);
#2281=ORIENTED_EDGE('',*,*,#3804,.F.);
#2282=ORIENTED_EDGE('',*,*,#3515,.T.);
#2283=ORIENTED_EDGE('',*,*,#4084,.F.);
#2284=ORIENTED_EDGE('',*,*,#4085,.T.);
#2285=ORIENTED_EDGE('',*,*,#3591,.F.);
#2286=ORIENTED_EDGE('',*,*,#3621,.F.);
#2287=ORIENTED_EDGE('',*,*,#4086,.F.);
#2288=ORIENTED_EDGE('',*,*,#4087,.T.);
#2289=ORIENTED_EDGE('',*,*,#3592,.F.);
#2290=ORIENTED_EDGE('',*,*,#4085,.F.);
#2291=ORIENTED_EDGE('',*,*,#4088,.F.);
#2292=ORIENTED_EDGE('',*,*,#3468,.T.);
#2293=ORIENTED_EDGE('',*,*,#3593,.F.);
#2294=ORIENTED_EDGE('',*,*,#4087,.F.);
#2295=ORIENTED_EDGE('',*,*,#3407,.F.);
#2296=ORIENTED_EDGE('',*,*,#3450,.T.);
#2297=ORIENTED_EDGE('',*,*,#4089,.F.);
#2298=ORIENTED_EDGE('',*,*,#3572,.T.);
#2299=ORIENTED_EDGE('',*,*,#4080,.T.);
#2300=ORIENTED_EDGE('',*,*,#4090,.F.);
#2301=ORIENTED_EDGE('',*,*,#4091,.T.);
#2302=ORIENTED_EDGE('',*,*,#3480,.T.);
#2303=ORIENTED_EDGE('',*,*,#4081,.T.);
#2304=ORIENTED_EDGE('',*,*,#3574,.F.);
#2305=ORIENTED_EDGE('',*,*,#4092,.F.);
#2306=ORIENTED_EDGE('',*,*,#4093,.T.);
#2307=ORIENTED_EDGE('',*,*,#3597,.F.);
#2308=ORIENTED_EDGE('',*,*,#3482,.F.);
#2309=ORIENTED_EDGE('',*,*,#4094,.T.);
#2310=ORIENTED_EDGE('',*,*,#3598,.F.);
#2311=ORIENTED_EDGE('',*,*,#4093,.F.);
#2312=ORIENTED_EDGE('',*,*,#4095,.T.);
#2313=ORIENTED_EDGE('',*,*,#4096,.F.);
#2314=ORIENTED_EDGE('',*,*,#3659,.T.);
#2315=ORIENTED_EDGE('',*,*,#3599,.F.);
#2316=ORIENTED_EDGE('',*,*,#4094,.F.);
#2317=ORIENTED_EDGE('',*,*,#4097,.F.);
#2318=ORIENTED_EDGE('',*,*,#4098,.T.);
#2319=ORIENTED_EDGE('',*,*,#3605,.F.);
#2320=ORIENTED_EDGE('',*,*,#3670,.F.);
#2321=ORIENTED_EDGE('',*,*,#4099,.T.);
#2322=ORIENTED_EDGE('',*,*,#3606,.F.);
#2323=ORIENTED_EDGE('',*,*,#4098,.F.);
#2324=ORIENTED_EDGE('',*,*,#4100,.T.);
#2325=ORIENTED_EDGE('',*,*,#4101,.F.);
#2326=ORIENTED_EDGE('',*,*,#3520,.T.);
#2327=ORIENTED_EDGE('',*,*,#3607,.F.);
#2328=ORIENTED_EDGE('',*,*,#4099,.F.);
#2329=ORIENTED_EDGE('',*,*,#3522,.F.);
#2330=ORIENTED_EDGE('',*,*,#4102,.T.);
#2331=ORIENTED_EDGE('',*,*,#4103,.F.);
#2332=ORIENTED_EDGE('',*,*,#3576,.T.);
#2333=ORIENTED_EDGE('',*,*,#4082,.T.);
#2334=ORIENTED_EDGE('',*,*,#4104,.F.);
#2335=ORIENTED_EDGE('',*,*,#4105,.T.);
#2336=ORIENTED_EDGE('',*,*,#3434,.T.);
#2337=ORIENTED_EDGE('',*,*,#4083,.T.);
#2338=ORIENTED_EDGE('',*,*,#3578,.F.);
#2339=ORIENTED_EDGE('',*,*,#4106,.F.);
#2340=ORIENTED_EDGE('',*,*,#4107,.T.);
#2341=ORIENTED_EDGE('',*,*,#3611,.F.);
#2342=ORIENTED_EDGE('',*,*,#3534,.F.);
#2343=ORIENTED_EDGE('',*,*,#4108,.F.);
#2344=ORIENTED_EDGE('',*,*,#4109,.T.);
#2345=ORIENTED_EDGE('',*,*,#3612,.F.);
#2346=ORIENTED_EDGE('',*,*,#4107,.F.);
#2347=ORIENTED_EDGE('',*,*,#4110,.F.);
#2348=ORIENTED_EDGE('',*,*,#3715,.T.);
#2349=ORIENTED_EDGE('',*,*,#3613,.F.);
#2350=ORIENTED_EDGE('',*,*,#4109,.F.);
#2351=ORIENTED_EDGE('',*,*,#3395,.F.);
#2352=ORIENTED_EDGE('',*,*,#3378,.T.);
#2353=ORIENTED_EDGE('',*,*,#3618,.F.);
#2354=ORIENTED_EDGE('',*,*,#3549,.F.);
#2355=ORIENTED_EDGE('',*,*,#3394,.F.);
#2356=ORIENTED_EDGE('',*,*,#3556,.T.);
#2357=ORIENTED_EDGE('',*,*,#3842,.F.);
#2358=ORIENTED_EDGE('',*,*,#3364,.F.);
#2359=ORIENTED_EDGE('',*,*,#4111,.F.);
#2360=ORIENTED_EDGE('',*,*,#3465,.F.);
#2361=ORIENTED_EDGE('',*,*,#3382,.T.);
#2362=ORIENTED_EDGE('',*,*,#4112,.T.);
#2363=ORIENTED_EDGE('',*,*,#3446,.T.);
#2364=ORIENTED_EDGE('',*,*,#3435,.T.);
#2365=ORIENTED_EDGE('',*,*,#4105,.F.);
#2366=ORIENTED_EDGE('',*,*,#4113,.T.);
#2367=ORIENTED_EDGE('',*,*,#3660,.F.);
#2368=ORIENTED_EDGE('',*,*,#4096,.T.);
#2369=ORIENTED_EDGE('',*,*,#4095,.F.);
#2370=ORIENTED_EDGE('',*,*,#4092,.T.);
#2371=ORIENTED_EDGE('',*,*,#3481,.F.);
#2372=ORIENTED_EDGE('',*,*,#4091,.F.);
#2373=ORIENTED_EDGE('',*,*,#4114,.T.);
#2374=ORIENTED_EDGE('',*,*,#4102,.F.);
#2375=ORIENTED_EDGE('',*,*,#3521,.F.);
#2376=ORIENTED_EDGE('',*,*,#4101,.T.);
#2377=ORIENTED_EDGE('',*,*,#4100,.F.);
#2378=ORIENTED_EDGE('',*,*,#4097,.T.);
#2379=ORIENTED_EDGE('',*,*,#3669,.F.);
#2380=ORIENTED_EDGE('',*,*,#4115,.F.);
#2381=ORIENTED_EDGE('',*,*,#3503,.T.);
#2382=ORIENTED_EDGE('',*,*,#3500,.T.);
#2383=ORIENTED_EDGE('',*,*,#3492,.T.);
#2384=ORIENTED_EDGE('',*,*,#3661,.T.);
#2385=ORIENTED_EDGE('',*,*,#4113,.F.);
#2386=ORIENTED_EDGE('',*,*,#4090,.T.);
#2387=ORIENTED_EDGE('',*,*,#3573,.F.);
#2388=ORIENTED_EDGE('',*,*,#4089,.T.);
#2389=ORIENTED_EDGE('',*,*,#3451,.F.);
#2390=ORIENTED_EDGE('',*,*,#3442,.F.);
#2391=ORIENTED_EDGE('',*,*,#3449,.F.);
#2392=ORIENTED_EDGE('',*,*,#3447,.F.);
#2393=ORIENTED_EDGE('',*,*,#4112,.F.);
#2394=ORIENTED_EDGE('',*,*,#4104,.T.);
#2395=ORIENTED_EDGE('',*,*,#3577,.F.);
#2396=ORIENTED_EDGE('',*,*,#4103,.T.);
#2397=ORIENTED_EDGE('',*,*,#4114,.F.);
#2398=ORIENTED_EDGE('',*,*,#3668,.T.);
#2399=ORIENTED_EDGE('',*,*,#3513,.T.);
#2400=ORIENTED_EDGE('',*,*,#3510,.T.);
#2401=ORIENTED_EDGE('',*,*,#3507,.T.);
#2402=ORIENTED_EDGE('',*,*,#4116,.F.);
#2403=ORIENTED_EDGE('',*,*,#4117,.F.);
#2404=ORIENTED_EDGE('',*,*,#4118,.F.);
#2405=ORIENTED_EDGE('',*,*,#4119,.F.);
#2406=ORIENTED_EDGE('',*,*,#4120,.T.);
#2407=ORIENTED_EDGE('',*,*,#4121,.T.);
#2408=ORIENTED_EDGE('',*,*,#3422,.F.);
#2409=ORIENTED_EDGE('',*,*,#3439,.F.);
#2410=ORIENTED_EDGE('',*,*,#3555,.T.);
#2411=ORIENTED_EDGE('',*,*,#3544,.T.);
#2412=ORIENTED_EDGE('',*,*,#3711,.T.);
#2413=ORIENTED_EDGE('',*,*,#4122,.T.);
#2414=ORIENTED_EDGE('',*,*,#3587,.T.);
#2415=ORIENTED_EDGE('',*,*,#3584,.F.);
#2416=ORIENTED_EDGE('',*,*,#3580,.T.);
#2417=ORIENTED_EDGE('',*,*,#4123,.T.);
#2418=ORIENTED_EDGE('',*,*,#3456,.F.);
#2419=ORIENTED_EDGE('',*,*,#3568,.F.);
#2420=ORIENTED_EDGE('',*,*,#3469,.F.);
#2421=ORIENTED_EDGE('',*,*,#4088,.T.);
#2422=ORIENTED_EDGE('',*,*,#4086,.T.);
#2423=ORIENTED_EDGE('',*,*,#4084,.T.);
#2424=ORIENTED_EDGE('',*,*,#3620,.F.);
#2425=ORIENTED_EDGE('',*,*,#3583,.F.);
#2426=ORIENTED_EDGE('',*,*,#3423,.T.);
#2427=ORIENTED_EDGE('',*,*,#4123,.F.);
#2428=ORIENTED_EDGE('',*,*,#4122,.F.);
#2429=ORIENTED_EDGE('',*,*,#3716,.F.);
#2430=ORIENTED_EDGE('',*,*,#4110,.T.);
#2431=ORIENTED_EDGE('',*,*,#4108,.T.);
#2432=ORIENTED_EDGE('',*,*,#4106,.T.);
#2433=ORIENTED_EDGE('',*,*,#3533,.F.);
#2434=ORIENTED_EDGE('',*,*,#3588,.F.);
#2435=ORIENTED_EDGE('',*,*,#3380,.T.);
#2436=ORIENTED_EDGE('',*,*,#4124,.T.);
#2437=ORIENTED_EDGE('',*,*,#4125,.T.);
#2438=ORIENTED_EDGE('',*,*,#4126,.T.);
#2439=ORIENTED_EDGE('',*,*,#4127,.F.);
#2440=ORIENTED_EDGE('',*,*,#4128,.F.);
#2441=ORIENTED_EDGE('',*,*,#4129,.F.);
#2442=ORIENTED_EDGE('',*,*,#3386,.F.);
#2443=ORIENTED_EDGE('',*,*,#4130,.F.);
#2444=ORIENTED_EDGE('',*,*,#4131,.F.);
#2445=ORIENTED_EDGE('',*,*,#4132,.T.);
#2446=ORIENTED_EDGE('',*,*,#4133,.T.);
#2447=ORIENTED_EDGE('',*,*,#4134,.F.);
#2448=ORIENTED_EDGE('',*,*,#4135,.F.);
#2449=ORIENTED_EDGE('',*,*,#4132,.F.);
#2450=ORIENTED_EDGE('',*,*,#4136,.F.);
#2451=ORIENTED_EDGE('',*,*,#4137,.F.);
#2452=ORIENTED_EDGE('',*,*,#4138,.F.);
#2453=ORIENTED_EDGE('',*,*,#4133,.F.);
#2454=ORIENTED_EDGE('',*,*,#4135,.T.);
#2455=ORIENTED_EDGE('',*,*,#4138,.T.);
#2456=ORIENTED_EDGE('',*,*,#4139,.T.);
#2457=ORIENTED_EDGE('',*,*,#4140,.T.);
#2458=ORIENTED_EDGE('',*,*,#4130,.T.);
#2459=ORIENTED_EDGE('',*,*,#4140,.F.);
#2460=ORIENTED_EDGE('',*,*,#4141,.F.);
#2461=ORIENTED_EDGE('',*,*,#4136,.T.);
#2462=ORIENTED_EDGE('',*,*,#4131,.T.);
#2463=ORIENTED_EDGE('',*,*,#4142,.F.);
#2464=ORIENTED_EDGE('',*,*,#4143,.F.);
#2465=ORIENTED_EDGE('',*,*,#4144,.T.);
#2466=ORIENTED_EDGE('',*,*,#4145,.T.);
#2467=ORIENTED_EDGE('',*,*,#4146,.T.);
#2468=ORIENTED_EDGE('',*,*,#4127,.T.);
#2469=ORIENTED_EDGE('',*,*,#3385,.F.);
#2470=ORIENTED_EDGE('',*,*,#3755,.F.);
#2471=ORIENTED_EDGE('',*,*,#3463,.T.);
#2472=ORIENTED_EDGE('',*,*,#4111,.T.);
#2473=ORIENTED_EDGE('',*,*,#3381,.F.);
#2474=ORIENTED_EDGE('',*,*,#4126,.F.);
#2475=ORIENTED_EDGE('',*,*,#4147,.F.);
#2476=ORIENTED_EDGE('',*,*,#4148,.F.);
#2477=ORIENTED_EDGE('',*,*,#4149,.T.);
#2478=ORIENTED_EDGE('',*,*,#4150,.T.);
#2479=ORIENTED_EDGE('',*,*,#4146,.F.);
#2480=ORIENTED_EDGE('',*,*,#4125,.F.);
#2481=ORIENTED_EDGE('',*,*,#4151,.T.);
#2482=ORIENTED_EDGE('',*,*,#4128,.T.);
#2483=ORIENTED_EDGE('',*,*,#4141,.T.);
#2484=ORIENTED_EDGE('',*,*,#4139,.F.);
#2485=ORIENTED_EDGE('',*,*,#4137,.T.);
#2486=ORIENTED_EDGE('',*,*,#4134,.T.);
#2487=ORIENTED_EDGE('',*,*,#4129,.T.);
#2488=ORIENTED_EDGE('',*,*,#4151,.F.);
#2489=ORIENTED_EDGE('',*,*,#4124,.F.);
#2490=ORIENTED_EDGE('',*,*,#3379,.F.);
#2491=ORIENTED_EDGE('',*,*,#3466,.T.);
#2492=ORIENTED_EDGE('',*,*,#3839,.T.);
#2493=ORIENTED_EDGE('',*,*,#3461,.F.);
#2494=ORIENTED_EDGE('',*,*,#3387,.F.);
#2495=ORIENTED_EDGE('',*,*,#4152,.F.);
#2496=ORIENTED_EDGE('',*,*,#4145,.F.);
#2497=ORIENTED_EDGE('',*,*,#4153,.T.);
#2498=ORIENTED_EDGE('',*,*,#4148,.T.);
#2499=ORIENTED_EDGE('',*,*,#4149,.F.);
#2500=ORIENTED_EDGE('',*,*,#4153,.F.);
#2501=ORIENTED_EDGE('',*,*,#4144,.F.);
#2502=ORIENTED_EDGE('',*,*,#4154,.F.);
#2503=ORIENTED_EDGE('',*,*,#4150,.F.);
#2504=ORIENTED_EDGE('',*,*,#4154,.T.);
#2505=ORIENTED_EDGE('',*,*,#4143,.T.);
#2506=ORIENTED_EDGE('',*,*,#4155,.F.);
#2507=ORIENTED_EDGE('',*,*,#4152,.T.);
#2508=ORIENTED_EDGE('',*,*,#4147,.T.);
#2509=ORIENTED_EDGE('',*,*,#4155,.T.);
#2510=ORIENTED_EDGE('',*,*,#4142,.T.);
#2511=ORIENTED_EDGE('',*,*,#3392,.F.);
#2512=ORIENTED_EDGE('',*,*,#4156,.T.);
#2513=ORIENTED_EDGE('',*,*,#4157,.T.);
#2514=ORIENTED_EDGE('',*,*,#4158,.T.);
#2515=ORIENTED_EDGE('',*,*,#3397,.F.);
#2516=ORIENTED_EDGE('',*,*,#3548,.T.);
#2517=ORIENTED_EDGE('',*,*,#3437,.F.);
#2518=ORIENTED_EDGE('',*,*,#3420,.T.);
#2519=ORIENTED_EDGE('',*,*,#3445,.F.);
#2520=ORIENTED_EDGE('',*,*,#3448,.F.);
#2521=ORIENTED_EDGE('',*,*,#3440,.F.);
#2522=ORIENTED_EDGE('',*,*,#3404,.T.);
#2523=ORIENTED_EDGE('',*,*,#3401,.F.);
#2524=ORIENTED_EDGE('',*,*,#3557,.T.);
#2525=ORIENTED_EDGE('',*,*,#3391,.T.);
#2526=ORIENTED_EDGE('',*,*,#4159,.F.);
#2527=ORIENTED_EDGE('',*,*,#4156,.F.);
#2528=ORIENTED_EDGE('',*,*,#3398,.T.);
#2529=ORIENTED_EDGE('',*,*,#4158,.F.);
#2530=ORIENTED_EDGE('',*,*,#4160,.T.);
#2531=ORIENTED_EDGE('',*,*,#3399,.T.);
#2532=ORIENTED_EDGE('',*,*,#4160,.F.);
#2533=ORIENTED_EDGE('',*,*,#4157,.F.);
#2534=ORIENTED_EDGE('',*,*,#4159,.T.);
#2535=ORIENTED_EDGE('',*,*,#4161,.F.);
#2536=ORIENTED_EDGE('',*,*,#4162,.T.);
#2537=ORIENTED_EDGE('',*,*,#4163,.T.);
#2538=ORIENTED_EDGE('',*,*,#4164,.T.);
#2539=ORIENTED_EDGE('',*,*,#4165,.F.);
#2540=ORIENTED_EDGE('',*,*,#4166,.F.);
#2541=ORIENTED_EDGE('',*,*,#4167,.F.);
#2542=ORIENTED_EDGE('',*,*,#4168,.T.);
#2543=ORIENTED_EDGE('',*,*,#4169,.T.);
#2544=ORIENTED_EDGE('',*,*,#4170,.T.);
#2545=ORIENTED_EDGE('',*,*,#4171,.F.);
#2546=ORIENTED_EDGE('',*,*,#4172,.F.);
#2547=ORIENTED_EDGE('',*,*,#4173,.F.);
#2548=ORIENTED_EDGE('',*,*,#4174,.T.);
#2549=ORIENTED_EDGE('',*,*,#4175,.T.);
#2550=ORIENTED_EDGE('',*,*,#4176,.T.);
#2551=ORIENTED_EDGE('',*,*,#4177,.F.);
#2552=ORIENTED_EDGE('',*,*,#4178,.F.);
#2553=ORIENTED_EDGE('',*,*,#4179,.F.);
#2554=ORIENTED_EDGE('',*,*,#4180,.T.);
#2555=ORIENTED_EDGE('',*,*,#4181,.T.);
#2556=ORIENTED_EDGE('',*,*,#4182,.T.);
#2557=ORIENTED_EDGE('',*,*,#4183,.F.);
#2558=ORIENTED_EDGE('',*,*,#4184,.F.);
#2559=ORIENTED_EDGE('',*,*,#4185,.F.);
#2560=ORIENTED_EDGE('',*,*,#4186,.T.);
#2561=ORIENTED_EDGE('',*,*,#4187,.T.);
#2562=ORIENTED_EDGE('',*,*,#4188,.T.);
#2563=ORIENTED_EDGE('',*,*,#4189,.F.);
#2564=ORIENTED_EDGE('',*,*,#4190,.F.);
#2565=ORIENTED_EDGE('',*,*,#4191,.F.);
#2566=ORIENTED_EDGE('',*,*,#4192,.T.);
#2567=ORIENTED_EDGE('',*,*,#4193,.T.);
#2568=ORIENTED_EDGE('',*,*,#4194,.T.);
#2569=ORIENTED_EDGE('',*,*,#4195,.F.);
#2570=ORIENTED_EDGE('',*,*,#4196,.F.);
#2571=ORIENTED_EDGE('',*,*,#4197,.T.);
#2572=ORIENTED_EDGE('',*,*,#4198,.T.);
#2573=ORIENTED_EDGE('',*,*,#4197,.F.);
#2574=ORIENTED_EDGE('',*,*,#4199,.T.);
#2575=ORIENTED_EDGE('',*,*,#4198,.F.);
#2576=ORIENTED_EDGE('',*,*,#4200,.T.);
#2577=ORIENTED_EDGE('',*,*,#4199,.F.);
#2578=ORIENTED_EDGE('',*,*,#4201,.T.);
#2579=ORIENTED_EDGE('',*,*,#4200,.F.);
#2580=ORIENTED_EDGE('',*,*,#4202,.T.);
#2581=ORIENTED_EDGE('',*,*,#4201,.F.);
#2582=ORIENTED_EDGE('',*,*,#4203,.T.);
#2583=ORIENTED_EDGE('',*,*,#4202,.F.);
#2584=ORIENTED_EDGE('',*,*,#4121,.F.);
#2585=ORIENTED_EDGE('',*,*,#4203,.F.);
#2586=ORIENTED_EDGE('',*,*,#4204,.F.);
#2587=ORIENTED_EDGE('',*,*,#4205,.T.);
#2588=ORIENTED_EDGE('',*,*,#4206,.T.);
#2589=ORIENTED_EDGE('',*,*,#4207,.T.);
#2590=ORIENTED_EDGE('',*,*,#4208,.F.);
#2591=ORIENTED_EDGE('',*,*,#4209,.F.);
#2592=ORIENTED_EDGE('',*,*,#4210,.F.);
#2593=ORIENTED_EDGE('',*,*,#4211,.T.);
#2594=ORIENTED_EDGE('',*,*,#4212,.T.);
#2595=ORIENTED_EDGE('',*,*,#4213,.T.);
#2596=ORIENTED_EDGE('',*,*,#4214,.F.);
#2597=ORIENTED_EDGE('',*,*,#4215,.F.);
#2598=ORIENTED_EDGE('',*,*,#4216,.F.);
#2599=ORIENTED_EDGE('',*,*,#4217,.T.);
#2600=ORIENTED_EDGE('',*,*,#4218,.T.);
#2601=ORIENTED_EDGE('',*,*,#4219,.T.);
#2602=ORIENTED_EDGE('',*,*,#4220,.F.);
#2603=ORIENTED_EDGE('',*,*,#4221,.F.);
#2604=ORIENTED_EDGE('',*,*,#4222,.F.);
#2605=ORIENTED_EDGE('',*,*,#4223,.T.);
#2606=ORIENTED_EDGE('',*,*,#4224,.T.);
#2607=ORIENTED_EDGE('',*,*,#4225,.T.);
#2608=ORIENTED_EDGE('',*,*,#4226,.F.);
#2609=ORIENTED_EDGE('',*,*,#4227,.F.);
#2610=ORIENTED_EDGE('',*,*,#4228,.F.);
#2611=ORIENTED_EDGE('',*,*,#4229,.T.);
#2612=ORIENTED_EDGE('',*,*,#4230,.T.);
#2613=ORIENTED_EDGE('',*,*,#4231,.T.);
#2614=ORIENTED_EDGE('',*,*,#4232,.F.);
#2615=ORIENTED_EDGE('',*,*,#4233,.F.);
#2616=ORIENTED_EDGE('',*,*,#4234,.F.);
#2617=ORIENTED_EDGE('',*,*,#4235,.T.);
#2618=ORIENTED_EDGE('',*,*,#4236,.T.);
#2619=ORIENTED_EDGE('',*,*,#4237,.T.);
#2620=ORIENTED_EDGE('',*,*,#4238,.F.);
#2621=ORIENTED_EDGE('',*,*,#4239,.F.);
#2622=ORIENTED_EDGE('',*,*,#4240,.T.);
#2623=ORIENTED_EDGE('',*,*,#4241,.T.);
#2624=ORIENTED_EDGE('',*,*,#4240,.F.);
#2625=ORIENTED_EDGE('',*,*,#4242,.T.);
#2626=ORIENTED_EDGE('',*,*,#4241,.F.);
#2627=ORIENTED_EDGE('',*,*,#4243,.T.);
#2628=ORIENTED_EDGE('',*,*,#4242,.F.);
#2629=ORIENTED_EDGE('',*,*,#4244,.T.);
#2630=ORIENTED_EDGE('',*,*,#4243,.F.);
#2631=ORIENTED_EDGE('',*,*,#4245,.T.);
#2632=ORIENTED_EDGE('',*,*,#4244,.F.);
#2633=ORIENTED_EDGE('',*,*,#4246,.T.);
#2634=ORIENTED_EDGE('',*,*,#4245,.F.);
#2635=ORIENTED_EDGE('',*,*,#4120,.F.);
#2636=ORIENTED_EDGE('',*,*,#4246,.F.);
#2637=ORIENTED_EDGE('',*,*,#4161,.T.);
#2638=ORIENTED_EDGE('',*,*,#4247,.F.);
#2639=ORIENTED_EDGE('',*,*,#4248,.F.);
#2640=ORIENTED_EDGE('',*,*,#4249,.T.);
#2641=ORIENTED_EDGE('',*,*,#4196,.T.);
#2642=ORIENTED_EDGE('',*,*,#4250,.F.);
#2643=ORIENTED_EDGE('',*,*,#4251,.F.);
#2644=ORIENTED_EDGE('',*,*,#4247,.T.);
#2645=ORIENTED_EDGE('',*,*,#4195,.T.);
#2646=ORIENTED_EDGE('',*,*,#4252,.F.);
#2647=ORIENTED_EDGE('',*,*,#4253,.F.);
#2648=ORIENTED_EDGE('',*,*,#4250,.T.);
#2649=ORIENTED_EDGE('',*,*,#4194,.F.);
#2650=ORIENTED_EDGE('',*,*,#4254,.F.);
#2651=ORIENTED_EDGE('',*,*,#4255,.T.);
#2652=ORIENTED_EDGE('',*,*,#4252,.T.);
#2653=ORIENTED_EDGE('',*,*,#4193,.F.);
#2654=ORIENTED_EDGE('',*,*,#4256,.F.);
#2655=ORIENTED_EDGE('',*,*,#4257,.T.);
#2656=ORIENTED_EDGE('',*,*,#4254,.T.);
#2657=ORIENTED_EDGE('',*,*,#4192,.F.);
#2658=ORIENTED_EDGE('',*,*,#4258,.F.);
#2659=ORIENTED_EDGE('',*,*,#4259,.T.);
#2660=ORIENTED_EDGE('',*,*,#4256,.T.);
#2661=ORIENTED_EDGE('',*,*,#4191,.T.);
#2662=ORIENTED_EDGE('',*,*,#4260,.F.);
#2663=ORIENTED_EDGE('',*,*,#4261,.F.);
#2664=ORIENTED_EDGE('',*,*,#4258,.T.);
#2665=ORIENTED_EDGE('',*,*,#4190,.T.);
#2666=ORIENTED_EDGE('',*,*,#4262,.F.);
#2667=ORIENTED_EDGE('',*,*,#4263,.F.);
#2668=ORIENTED_EDGE('',*,*,#4260,.T.);
#2669=ORIENTED_EDGE('',*,*,#4189,.T.);
#2670=ORIENTED_EDGE('',*,*,#4264,.F.);
#2671=ORIENTED_EDGE('',*,*,#4265,.F.);
#2672=ORIENTED_EDGE('',*,*,#4262,.T.);
#2673=ORIENTED_EDGE('',*,*,#4188,.F.);
#2674=ORIENTED_EDGE('',*,*,#4266,.F.);
#2675=ORIENTED_EDGE('',*,*,#4267,.T.);
#2676=ORIENTED_EDGE('',*,*,#4264,.T.);
#2677=ORIENTED_EDGE('',*,*,#4187,.F.);
#2678=ORIENTED_EDGE('',*,*,#4268,.F.);
#2679=ORIENTED_EDGE('',*,*,#4269,.T.);
#2680=ORIENTED_EDGE('',*,*,#4266,.T.);
#2681=ORIENTED_EDGE('',*,*,#4186,.F.);
#2682=ORIENTED_EDGE('',*,*,#4270,.F.);
#2683=ORIENTED_EDGE('',*,*,#4271,.T.);
#2684=ORIENTED_EDGE('',*,*,#4268,.T.);
#2685=ORIENTED_EDGE('',*,*,#4185,.T.);
#2686=ORIENTED_EDGE('',*,*,#4272,.F.);
#2687=ORIENTED_EDGE('',*,*,#4273,.F.);
#2688=ORIENTED_EDGE('',*,*,#4270,.T.);
#2689=ORIENTED_EDGE('',*,*,#4184,.T.);
#2690=ORIENTED_EDGE('',*,*,#4274,.F.);
#2691=ORIENTED_EDGE('',*,*,#4275,.F.);
#2692=ORIENTED_EDGE('',*,*,#4272,.T.);
#2693=ORIENTED_EDGE('',*,*,#4183,.T.);
#2694=ORIENTED_EDGE('',*,*,#4276,.F.);
#2695=ORIENTED_EDGE('',*,*,#4277,.F.);
#2696=ORIENTED_EDGE('',*,*,#4274,.T.);
#2697=ORIENTED_EDGE('',*,*,#4182,.F.);
#2698=ORIENTED_EDGE('',*,*,#4278,.F.);
#2699=ORIENTED_EDGE('',*,*,#4279,.T.);
#2700=ORIENTED_EDGE('',*,*,#4276,.T.);
#2701=ORIENTED_EDGE('',*,*,#4181,.F.);
#2702=ORIENTED_EDGE('',*,*,#4280,.F.);
#2703=ORIENTED_EDGE('',*,*,#4281,.T.);
#2704=ORIENTED_EDGE('',*,*,#4278,.T.);
#2705=ORIENTED_EDGE('',*,*,#4180,.F.);
#2706=ORIENTED_EDGE('',*,*,#4282,.F.);
#2707=ORIENTED_EDGE('',*,*,#4283,.T.);
#2708=ORIENTED_EDGE('',*,*,#4280,.T.);
#2709=ORIENTED_EDGE('',*,*,#4179,.T.);
#2710=ORIENTED_EDGE('',*,*,#4284,.F.);
#2711=ORIENTED_EDGE('',*,*,#4285,.F.);
#2712=ORIENTED_EDGE('',*,*,#4282,.T.);
#2713=ORIENTED_EDGE('',*,*,#4178,.T.);
#2714=ORIENTED_EDGE('',*,*,#4286,.F.);
#2715=ORIENTED_EDGE('',*,*,#4287,.F.);
#2716=ORIENTED_EDGE('',*,*,#4284,.T.);
#2717=ORIENTED_EDGE('',*,*,#4177,.T.);
#2718=ORIENTED_EDGE('',*,*,#4288,.F.);
#2719=ORIENTED_EDGE('',*,*,#4289,.F.);
#2720=ORIENTED_EDGE('',*,*,#4286,.T.);
#2721=ORIENTED_EDGE('',*,*,#4176,.F.);
#2722=ORIENTED_EDGE('',*,*,#4290,.F.);
#2723=ORIENTED_EDGE('',*,*,#4291,.T.);
#2724=ORIENTED_EDGE('',*,*,#4288,.T.);
#2725=ORIENTED_EDGE('',*,*,#4175,.F.);
#2726=ORIENTED_EDGE('',*,*,#4292,.F.);
#2727=ORIENTED_EDGE('',*,*,#4293,.T.);
#2728=ORIENTED_EDGE('',*,*,#4290,.T.);
#2729=ORIENTED_EDGE('',*,*,#4174,.F.);
#2730=ORIENTED_EDGE('',*,*,#4294,.F.);
#2731=ORIENTED_EDGE('',*,*,#4295,.T.);
#2732=ORIENTED_EDGE('',*,*,#4292,.T.);
#2733=ORIENTED_EDGE('',*,*,#4173,.T.);
#2734=ORIENTED_EDGE('',*,*,#4296,.F.);
#2735=ORIENTED_EDGE('',*,*,#4297,.F.);
#2736=ORIENTED_EDGE('',*,*,#4294,.T.);
#2737=ORIENTED_EDGE('',*,*,#4172,.T.);
#2738=ORIENTED_EDGE('',*,*,#4298,.F.);
#2739=ORIENTED_EDGE('',*,*,#4299,.F.);
#2740=ORIENTED_EDGE('',*,*,#4296,.T.);
#2741=ORIENTED_EDGE('',*,*,#4171,.T.);
#2742=ORIENTED_EDGE('',*,*,#4300,.F.);
#2743=ORIENTED_EDGE('',*,*,#4301,.F.);
#2744=ORIENTED_EDGE('',*,*,#4298,.T.);
#2745=ORIENTED_EDGE('',*,*,#4170,.F.);
#2746=ORIENTED_EDGE('',*,*,#4302,.F.);
#2747=ORIENTED_EDGE('',*,*,#4303,.T.);
#2748=ORIENTED_EDGE('',*,*,#4300,.T.);
#2749=ORIENTED_EDGE('',*,*,#4169,.F.);
#2750=ORIENTED_EDGE('',*,*,#4304,.F.);
#2751=ORIENTED_EDGE('',*,*,#4305,.T.);
#2752=ORIENTED_EDGE('',*,*,#4302,.T.);
#2753=ORIENTED_EDGE('',*,*,#4168,.F.);
#2754=ORIENTED_EDGE('',*,*,#4306,.F.);
#2755=ORIENTED_EDGE('',*,*,#4307,.T.);
#2756=ORIENTED_EDGE('',*,*,#4304,.T.);
#2757=ORIENTED_EDGE('',*,*,#4167,.T.);
#2758=ORIENTED_EDGE('',*,*,#4308,.F.);
#2759=ORIENTED_EDGE('',*,*,#4309,.F.);
#2760=ORIENTED_EDGE('',*,*,#4306,.T.);
#2761=ORIENTED_EDGE('',*,*,#4166,.T.);
#2762=ORIENTED_EDGE('',*,*,#4310,.F.);
#2763=ORIENTED_EDGE('',*,*,#4311,.F.);
#2764=ORIENTED_EDGE('',*,*,#4308,.T.);
#2765=ORIENTED_EDGE('',*,*,#4165,.T.);
#2766=ORIENTED_EDGE('',*,*,#4312,.F.);
#2767=ORIENTED_EDGE('',*,*,#4313,.F.);
#2768=ORIENTED_EDGE('',*,*,#4310,.T.);
#2769=ORIENTED_EDGE('',*,*,#4164,.F.);
#2770=ORIENTED_EDGE('',*,*,#4314,.F.);
#2771=ORIENTED_EDGE('',*,*,#4315,.T.);
#2772=ORIENTED_EDGE('',*,*,#4312,.T.);
#2773=ORIENTED_EDGE('',*,*,#4163,.F.);
#2774=ORIENTED_EDGE('',*,*,#4316,.F.);
#2775=ORIENTED_EDGE('',*,*,#4317,.T.);
#2776=ORIENTED_EDGE('',*,*,#4314,.T.);
#2777=ORIENTED_EDGE('',*,*,#4162,.F.);
#2778=ORIENTED_EDGE('',*,*,#4249,.F.);
#2779=ORIENTED_EDGE('',*,*,#4318,.T.);
#2780=ORIENTED_EDGE('',*,*,#4316,.T.);
#2781=ORIENTED_EDGE('',*,*,#4248,.T.);
#2782=ORIENTED_EDGE('',*,*,#4251,.T.);
#2783=ORIENTED_EDGE('',*,*,#4253,.T.);
#2784=ORIENTED_EDGE('',*,*,#4255,.F.);
#2785=ORIENTED_EDGE('',*,*,#4257,.F.);
#2786=ORIENTED_EDGE('',*,*,#4259,.F.);
#2787=ORIENTED_EDGE('',*,*,#4261,.T.);
#2788=ORIENTED_EDGE('',*,*,#4263,.T.);
#2789=ORIENTED_EDGE('',*,*,#4265,.T.);
#2790=ORIENTED_EDGE('',*,*,#4267,.F.);
#2791=ORIENTED_EDGE('',*,*,#4269,.F.);
#2792=ORIENTED_EDGE('',*,*,#4271,.F.);
#2793=ORIENTED_EDGE('',*,*,#4273,.T.);
#2794=ORIENTED_EDGE('',*,*,#4275,.T.);
#2795=ORIENTED_EDGE('',*,*,#4277,.T.);
#2796=ORIENTED_EDGE('',*,*,#4279,.F.);
#2797=ORIENTED_EDGE('',*,*,#4281,.F.);
#2798=ORIENTED_EDGE('',*,*,#4283,.F.);
#2799=ORIENTED_EDGE('',*,*,#4285,.T.);
#2800=ORIENTED_EDGE('',*,*,#4287,.T.);
#2801=ORIENTED_EDGE('',*,*,#4289,.T.);
#2802=ORIENTED_EDGE('',*,*,#4291,.F.);
#2803=ORIENTED_EDGE('',*,*,#4293,.F.);
#2804=ORIENTED_EDGE('',*,*,#4295,.F.);
#2805=ORIENTED_EDGE('',*,*,#4297,.T.);
#2806=ORIENTED_EDGE('',*,*,#4299,.T.);
#2807=ORIENTED_EDGE('',*,*,#4301,.T.);
#2808=ORIENTED_EDGE('',*,*,#4303,.F.);
#2809=ORIENTED_EDGE('',*,*,#4305,.F.);
#2810=ORIENTED_EDGE('',*,*,#4307,.F.);
#2811=ORIENTED_EDGE('',*,*,#4309,.T.);
#2812=ORIENTED_EDGE('',*,*,#4311,.T.);
#2813=ORIENTED_EDGE('',*,*,#4313,.T.);
#2814=ORIENTED_EDGE('',*,*,#4315,.F.);
#2815=ORIENTED_EDGE('',*,*,#4317,.F.);
#2816=ORIENTED_EDGE('',*,*,#4318,.F.);
#2817=ORIENTED_EDGE('',*,*,#4204,.T.);
#2818=ORIENTED_EDGE('',*,*,#4319,.F.);
#2819=ORIENTED_EDGE('',*,*,#4320,.F.);
#2820=ORIENTED_EDGE('',*,*,#4321,.T.);
#2821=ORIENTED_EDGE('',*,*,#4239,.T.);
#2822=ORIENTED_EDGE('',*,*,#4322,.F.);
#2823=ORIENTED_EDGE('',*,*,#4323,.F.);
#2824=ORIENTED_EDGE('',*,*,#4319,.T.);
#2825=ORIENTED_EDGE('',*,*,#4238,.T.);
#2826=ORIENTED_EDGE('',*,*,#4324,.F.);
#2827=ORIENTED_EDGE('',*,*,#4325,.F.);
#2828=ORIENTED_EDGE('',*,*,#4322,.T.);
#2829=ORIENTED_EDGE('',*,*,#4237,.F.);
#2830=ORIENTED_EDGE('',*,*,#4326,.F.);
#2831=ORIENTED_EDGE('',*,*,#4327,.T.);
#2832=ORIENTED_EDGE('',*,*,#4324,.T.);
#2833=ORIENTED_EDGE('',*,*,#4236,.F.);
#2834=ORIENTED_EDGE('',*,*,#4328,.F.);
#2835=ORIENTED_EDGE('',*,*,#4329,.T.);
#2836=ORIENTED_EDGE('',*,*,#4326,.T.);
#2837=ORIENTED_EDGE('',*,*,#4235,.F.);
#2838=ORIENTED_EDGE('',*,*,#4330,.F.);
#2839=ORIENTED_EDGE('',*,*,#4331,.T.);
#2840=ORIENTED_EDGE('',*,*,#4328,.T.);
#2841=ORIENTED_EDGE('',*,*,#4234,.T.);
#2842=ORIENTED_EDGE('',*,*,#4332,.F.);
#2843=ORIENTED_EDGE('',*,*,#4333,.F.);
#2844=ORIENTED_EDGE('',*,*,#4330,.T.);
#2845=ORIENTED_EDGE('',*,*,#4233,.T.);
#2846=ORIENTED_EDGE('',*,*,#4334,.F.);
#2847=ORIENTED_EDGE('',*,*,#4335,.F.);
#2848=ORIENTED_EDGE('',*,*,#4332,.T.);
#2849=ORIENTED_EDGE('',*,*,#4232,.T.);
#2850=ORIENTED_EDGE('',*,*,#4336,.F.);
#2851=ORIENTED_EDGE('',*,*,#4337,.F.);
#2852=ORIENTED_EDGE('',*,*,#4334,.T.);
#2853=ORIENTED_EDGE('',*,*,#4231,.F.);
#2854=ORIENTED_EDGE('',*,*,#4338,.F.);
#2855=ORIENTED_EDGE('',*,*,#4339,.T.);
#2856=ORIENTED_EDGE('',*,*,#4336,.T.);
#2857=ORIENTED_EDGE('',*,*,#4230,.F.);
#2858=ORIENTED_EDGE('',*,*,#4340,.F.);
#2859=ORIENTED_EDGE('',*,*,#4341,.T.);
#2860=ORIENTED_EDGE('',*,*,#4338,.T.);
#2861=ORIENTED_EDGE('',*,*,#4229,.F.);
#2862=ORIENTED_EDGE('',*,*,#4342,.F.);
#2863=ORIENTED_EDGE('',*,*,#4343,.T.);
#2864=ORIENTED_EDGE('',*,*,#4340,.T.);
#2865=ORIENTED_EDGE('',*,*,#4228,.T.);
#2866=ORIENTED_EDGE('',*,*,#4344,.F.);
#2867=ORIENTED_EDGE('',*,*,#4345,.F.);
#2868=ORIENTED_EDGE('',*,*,#4342,.T.);
#2869=ORIENTED_EDGE('',*,*,#4227,.T.);
#2870=ORIENTED_EDGE('',*,*,#4346,.F.);
#2871=ORIENTED_EDGE('',*,*,#4347,.F.);
#2872=ORIENTED_EDGE('',*,*,#4344,.T.);
#2873=ORIENTED_EDGE('',*,*,#4226,.T.);
#2874=ORIENTED_EDGE('',*,*,#4348,.F.);
#2875=ORIENTED_EDGE('',*,*,#4349,.F.);
#2876=ORIENTED_EDGE('',*,*,#4346,.T.);
#2877=ORIENTED_EDGE('',*,*,#4225,.F.);
#2878=ORIENTED_EDGE('',*,*,#4350,.F.);
#2879=ORIENTED_EDGE('',*,*,#4351,.T.);
#2880=ORIENTED_EDGE('',*,*,#4348,.T.);
#2881=ORIENTED_EDGE('',*,*,#4224,.F.);
#2882=ORIENTED_EDGE('',*,*,#4352,.F.);
#2883=ORIENTED_EDGE('',*,*,#4353,.T.);
#2884=ORIENTED_EDGE('',*,*,#4350,.T.);
#2885=ORIENTED_EDGE('',*,*,#4223,.F.);
#2886=ORIENTED_EDGE('',*,*,#4354,.F.);
#2887=ORIENTED_EDGE('',*,*,#4355,.T.);
#2888=ORIENTED_EDGE('',*,*,#4352,.T.);
#2889=ORIENTED_EDGE('',*,*,#4222,.T.);
#2890=ORIENTED_EDGE('',*,*,#4356,.F.);
#2891=ORIENTED_EDGE('',*,*,#4357,.F.);
#2892=ORIENTED_EDGE('',*,*,#4354,.T.);
#2893=ORIENTED_EDGE('',*,*,#4221,.T.);
#2894=ORIENTED_EDGE('',*,*,#4358,.F.);
#2895=ORIENTED_EDGE('',*,*,#4359,.F.);
#2896=ORIENTED_EDGE('',*,*,#4356,.T.);
#2897=ORIENTED_EDGE('',*,*,#4220,.T.);
#2898=ORIENTED_EDGE('',*,*,#4360,.F.);
#2899=ORIENTED_EDGE('',*,*,#4361,.F.);
#2900=ORIENTED_EDGE('',*,*,#4358,.T.);
#2901=ORIENTED_EDGE('',*,*,#4219,.F.);
#2902=ORIENTED_EDGE('',*,*,#4362,.F.);
#2903=ORIENTED_EDGE('',*,*,#4363,.T.);
#2904=ORIENTED_EDGE('',*,*,#4360,.T.);
#2905=ORIENTED_EDGE('',*,*,#4218,.F.);
#2906=ORIENTED_EDGE('',*,*,#4364,.F.);
#2907=ORIENTED_EDGE('',*,*,#4365,.T.);
#2908=ORIENTED_EDGE('',*,*,#4362,.T.);
#2909=ORIENTED_EDGE('',*,*,#4217,.F.);
#2910=ORIENTED_EDGE('',*,*,#4366,.F.);
#2911=ORIENTED_EDGE('',*,*,#4367,.T.);
#2912=ORIENTED_EDGE('',*,*,#4364,.T.);
#2913=ORIENTED_EDGE('',*,*,#4216,.T.);
#2914=ORIENTED_EDGE('',*,*,#4368,.F.);
#2915=ORIENTED_EDGE('',*,*,#4369,.F.);
#2916=ORIENTED_EDGE('',*,*,#4366,.T.);
#2917=ORIENTED_EDGE('',*,*,#4215,.T.);
#2918=ORIENTED_EDGE('',*,*,#4370,.F.);
#2919=ORIENTED_EDGE('',*,*,#4371,.F.);
#2920=ORIENTED_EDGE('',*,*,#4368,.T.);
#2921=ORIENTED_EDGE('',*,*,#4214,.T.);
#2922=ORIENTED_EDGE('',*,*,#4372,.F.);
#2923=ORIENTED_EDGE('',*,*,#4373,.F.);
#2924=ORIENTED_EDGE('',*,*,#4370,.T.);
#2925=ORIENTED_EDGE('',*,*,#4213,.F.);
#2926=ORIENTED_EDGE('',*,*,#4374,.F.);
#2927=ORIENTED_EDGE('',*,*,#4375,.T.);
#2928=ORIENTED_EDGE('',*,*,#4372,.T.);
#2929=ORIENTED_EDGE('',*,*,#4212,.F.);
#2930=ORIENTED_EDGE('',*,*,#4376,.F.);
#2931=ORIENTED_EDGE('',*,*,#4377,.T.);
#2932=ORIENTED_EDGE('',*,*,#4374,.T.);
#2933=ORIENTED_EDGE('',*,*,#4211,.F.);
#2934=ORIENTED_EDGE('',*,*,#4378,.F.);
#2935=ORIENTED_EDGE('',*,*,#4379,.T.);
#2936=ORIENTED_EDGE('',*,*,#4376,.T.);
#2937=ORIENTED_EDGE('',*,*,#4210,.T.);
#2938=ORIENTED_EDGE('',*,*,#4380,.F.);
#2939=ORIENTED_EDGE('',*,*,#4381,.F.);
#2940=ORIENTED_EDGE('',*,*,#4378,.T.);
#2941=ORIENTED_EDGE('',*,*,#4209,.T.);
#2942=ORIENTED_EDGE('',*,*,#4382,.F.);
#2943=ORIENTED_EDGE('',*,*,#4383,.F.);
#2944=ORIENTED_EDGE('',*,*,#4380,.T.);
#2945=ORIENTED_EDGE('',*,*,#4208,.T.);
#2946=ORIENTED_EDGE('',*,*,#4384,.F.);
#2947=ORIENTED_EDGE('',*,*,#4385,.F.);
#2948=ORIENTED_EDGE('',*,*,#4382,.T.);
#2949=ORIENTED_EDGE('',*,*,#4207,.F.);
#2950=ORIENTED_EDGE('',*,*,#4386,.F.);
#2951=ORIENTED_EDGE('',*,*,#4387,.T.);
#2952=ORIENTED_EDGE('',*,*,#4384,.T.);
#2953=ORIENTED_EDGE('',*,*,#4206,.F.);
#2954=ORIENTED_EDGE('',*,*,#4388,.F.);
#2955=ORIENTED_EDGE('',*,*,#4389,.T.);
#2956=ORIENTED_EDGE('',*,*,#4386,.T.);
#2957=ORIENTED_EDGE('',*,*,#4205,.F.);
#2958=ORIENTED_EDGE('',*,*,#4321,.F.);
#2959=ORIENTED_EDGE('',*,*,#4390,.T.);
#2960=ORIENTED_EDGE('',*,*,#4388,.T.);
#2961=ORIENTED_EDGE('',*,*,#4320,.T.);
#2962=ORIENTED_EDGE('',*,*,#4323,.T.);
#2963=ORIENTED_EDGE('',*,*,#4325,.T.);
#2964=ORIENTED_EDGE('',*,*,#4327,.F.);
#2965=ORIENTED_EDGE('',*,*,#4329,.F.);
#2966=ORIENTED_EDGE('',*,*,#4331,.F.);
#2967=ORIENTED_EDGE('',*,*,#4333,.T.);
#2968=ORIENTED_EDGE('',*,*,#4335,.T.);
#2969=ORIENTED_EDGE('',*,*,#4337,.T.);
#2970=ORIENTED_EDGE('',*,*,#4339,.F.);
#2971=ORIENTED_EDGE('',*,*,#4341,.F.);
#2972=ORIENTED_EDGE('',*,*,#4343,.F.);
#2973=ORIENTED_EDGE('',*,*,#4345,.T.);
#2974=ORIENTED_EDGE('',*,*,#4347,.T.);
#2975=ORIENTED_EDGE('',*,*,#4349,.T.);
#2976=ORIENTED_EDGE('',*,*,#4351,.F.);
#2977=ORIENTED_EDGE('',*,*,#4353,.F.);
#2978=ORIENTED_EDGE('',*,*,#4355,.F.);
#2979=ORIENTED_EDGE('',*,*,#4357,.T.);
#2980=ORIENTED_EDGE('',*,*,#4359,.T.);
#2981=ORIENTED_EDGE('',*,*,#4361,.T.);
#2982=ORIENTED_EDGE('',*,*,#4363,.F.);
#2983=ORIENTED_EDGE('',*,*,#4365,.F.);
#2984=ORIENTED_EDGE('',*,*,#4367,.F.);
#2985=ORIENTED_EDGE('',*,*,#4369,.T.);
#2986=ORIENTED_EDGE('',*,*,#4371,.T.);
#2987=ORIENTED_EDGE('',*,*,#4373,.T.);
#2988=ORIENTED_EDGE('',*,*,#4375,.F.);
#2989=ORIENTED_EDGE('',*,*,#4377,.F.);
#2990=ORIENTED_EDGE('',*,*,#4379,.F.);
#2991=ORIENTED_EDGE('',*,*,#4381,.T.);
#2992=ORIENTED_EDGE('',*,*,#4383,.T.);
#2993=ORIENTED_EDGE('',*,*,#4385,.T.);
#2994=ORIENTED_EDGE('',*,*,#4387,.F.);
#2995=ORIENTED_EDGE('',*,*,#4389,.F.);
#2996=ORIENTED_EDGE('',*,*,#4390,.F.);
#2997=ORIENTED_EDGE('',*,*,#4119,.T.);
#2998=ORIENTED_EDGE('',*,*,#4391,.T.);
#2999=ORIENTED_EDGE('',*,*,#4392,.T.);
#3000=ORIENTED_EDGE('',*,*,#4393,.F.);
#3001=ORIENTED_EDGE('',*,*,#4115,.T.);
#3002=ORIENTED_EDGE('',*,*,#4393,.T.);
#3003=ORIENTED_EDGE('',*,*,#4394,.T.);
#3004=ORIENTED_EDGE('',*,*,#3504,.F.);
#3005=ORIENTED_EDGE('',*,*,#4116,.T.);
#3006=ORIENTED_EDGE('',*,*,#3506,.T.);
#3007=ORIENTED_EDGE('',*,*,#4395,.T.);
#3008=ORIENTED_EDGE('',*,*,#4396,.F.);
#3009=ORIENTED_EDGE('',*,*,#4117,.T.);
#3010=ORIENTED_EDGE('',*,*,#4396,.T.);
#3011=ORIENTED_EDGE('',*,*,#4397,.T.);
#3012=ORIENTED_EDGE('',*,*,#4398,.F.);
#3013=ORIENTED_EDGE('',*,*,#4118,.T.);
#3014=ORIENTED_EDGE('',*,*,#4398,.T.);
#3015=ORIENTED_EDGE('',*,*,#4399,.T.);
#3016=ORIENTED_EDGE('',*,*,#4391,.F.);
#3017=ORIENTED_EDGE('',*,*,#4400,.F.);
#3018=ORIENTED_EDGE('',*,*,#4392,.F.);
#3019=ORIENTED_EDGE('',*,*,#4399,.F.);
#3020=ORIENTED_EDGE('',*,*,#4397,.F.);
#3021=ORIENTED_EDGE('',*,*,#4395,.F.);
#3022=ORIENTED_EDGE('',*,*,#3505,.F.);
#3023=ORIENTED_EDGE('',*,*,#4394,.F.);
#3024=ORIENTED_EDGE('',*,*,#4400,.T.);
#3025=ORIENTED_EDGE('',*,*,#4401,.F.);
#3026=ORIENTED_EDGE('',*,*,#4402,.F.);
#3027=ORIENTED_EDGE('',*,*,#4401,.T.);
#3028=ORIENTED_EDGE('',*,*,#4403,.F.);
#3029=ORIENTED_EDGE('',*,*,#4402,.T.);
#3030=ORIENTED_EDGE('',*,*,#4403,.T.);
#3031=ORIENTED_EDGE('',*,*,#4404,.F.);
#3032=ORIENTED_EDGE('',*,*,#4405,.F.);
#3033=ORIENTED_EDGE('',*,*,#4406,.T.);
#3034=ORIENTED_EDGE('',*,*,#4407,.T.);
#3035=ORIENTED_EDGE('',*,*,#4408,.F.);
#3036=ORIENTED_EDGE('',*,*,#4407,.F.);
#3037=ORIENTED_EDGE('',*,*,#4409,.T.);
#3038=ORIENTED_EDGE('',*,*,#4410,.T.);
#3039=ORIENTED_EDGE('',*,*,#4411,.F.);
#3040=ORIENTED_EDGE('',*,*,#4410,.F.);
#3041=ORIENTED_EDGE('',*,*,#4412,.T.);
#3042=ORIENTED_EDGE('',*,*,#4413,.T.);
#3043=ORIENTED_EDGE('',*,*,#4414,.F.);
#3044=ORIENTED_EDGE('',*,*,#4413,.F.);
#3045=ORIENTED_EDGE('',*,*,#4415,.T.);
#3046=ORIENTED_EDGE('',*,*,#4405,.T.);
#3047=ORIENTED_EDGE('',*,*,#4406,.F.);
#3048=ORIENTED_EDGE('',*,*,#4415,.F.);
#3049=ORIENTED_EDGE('',*,*,#4412,.F.);
#3050=ORIENTED_EDGE('',*,*,#4409,.F.);
#3051=ORIENTED_EDGE('',*,*,#4404,.T.);
#3052=ORIENTED_EDGE('',*,*,#4408,.T.);
#3053=ORIENTED_EDGE('',*,*,#4411,.T.);
#3054=ORIENTED_EDGE('',*,*,#4414,.T.);
#3055=ORIENTED_EDGE('',*,*,#4416,.T.);
#3056=ORIENTED_EDGE('',*,*,#4417,.T.);
#3057=ORIENTED_EDGE('',*,*,#4418,.F.);
#3058=ORIENTED_EDGE('',*,*,#4419,.T.);
#3059=ORIENTED_EDGE('',*,*,#4420,.F.);
#3060=ORIENTED_EDGE('',*,*,#4421,.F.);
#3061=ORIENTED_EDGE('',*,*,#4422,.F.);
#3062=ORIENTED_EDGE('',*,*,#4423,.F.);
#3063=ORIENTED_EDGE('',*,*,#4424,.T.);
#3064=ORIENTED_EDGE('',*,*,#4425,.T.);
#3065=ORIENTED_EDGE('',*,*,#4426,.T.);
#3066=ORIENTED_EDGE('',*,*,#4427,.T.);
#3067=ORIENTED_EDGE('',*,*,#4428,.F.);
#3068=ORIENTED_EDGE('',*,*,#4429,.F.);
#3069=ORIENTED_EDGE('',*,*,#4430,.F.);
#3070=ORIENTED_EDGE('',*,*,#4431,.F.);
#3071=ORIENTED_EDGE('',*,*,#4432,.F.);
#3072=ORIENTED_EDGE('',*,*,#4433,.F.);
#3073=ORIENTED_EDGE('',*,*,#4434,.T.);
#3074=ORIENTED_EDGE('',*,*,#4435,.T.);
#3075=ORIENTED_EDGE('',*,*,#4436,.T.);
#3076=ORIENTED_EDGE('',*,*,#4437,.F.);
#3077=ORIENTED_EDGE('',*,*,#4438,.F.);
#3078=ORIENTED_EDGE('',*,*,#4439,.T.);
#3079=ORIENTED_EDGE('',*,*,#4440,.T.);
#3080=ORIENTED_EDGE('',*,*,#4441,.T.);
#3081=ORIENTED_EDGE('',*,*,#4442,.T.);
#3082=ORIENTED_EDGE('',*,*,#4443,.T.);
#3083=ORIENTED_EDGE('',*,*,#4444,.T.);
#3084=ORIENTED_EDGE('',*,*,#4445,.T.);
#3085=ORIENTED_EDGE('',*,*,#4446,.F.);
#3086=ORIENTED_EDGE('',*,*,#4447,.F.);
#3087=ORIENTED_EDGE('',*,*,#4448,.T.);
#3088=ORIENTED_EDGE('',*,*,#4422,.T.);
#3089=ORIENTED_EDGE('',*,*,#4449,.F.);
#3090=ORIENTED_EDGE('',*,*,#4438,.T.);
#3091=ORIENTED_EDGE('',*,*,#4450,.F.);
#3092=ORIENTED_EDGE('',*,*,#4451,.T.);
#3093=ORIENTED_EDGE('',*,*,#4447,.T.);
#3094=ORIENTED_EDGE('',*,*,#4452,.T.);
#3095=ORIENTED_EDGE('',*,*,#4453,.T.);
#3096=ORIENTED_EDGE('',*,*,#4454,.F.);
#3097=ORIENTED_EDGE('',*,*,#4455,.F.);
#3098=ORIENTED_EDGE('',*,*,#4456,.F.);
#3099=ORIENTED_EDGE('',*,*,#4457,.T.);
#3100=ORIENTED_EDGE('',*,*,#4458,.T.);
#3101=ORIENTED_EDGE('',*,*,#4459,.T.);
#3102=ORIENTED_EDGE('',*,*,#4460,.T.);
#3103=ORIENTED_EDGE('',*,*,#4461,.T.);
#3104=ORIENTED_EDGE('',*,*,#4462,.T.);
#3105=ORIENTED_EDGE('',*,*,#4463,.F.);
#3106=ORIENTED_EDGE('',*,*,#4464,.F.);
#3107=ORIENTED_EDGE('',*,*,#4465,.T.);
#3108=ORIENTED_EDGE('',*,*,#4466,.F.);
#3109=ORIENTED_EDGE('',*,*,#4467,.T.);
#3110=ORIENTED_EDGE('',*,*,#4468,.F.);
#3111=ORIENTED_EDGE('',*,*,#4469,.F.);
#3112=ORIENTED_EDGE('',*,*,#4470,.F.);
#3113=ORIENTED_EDGE('',*,*,#4471,.T.);
#3114=ORIENTED_EDGE('',*,*,#4472,.T.);
#3115=ORIENTED_EDGE('',*,*,#4473,.F.);
#3116=ORIENTED_EDGE('',*,*,#4474,.T.);
#3117=ORIENTED_EDGE('',*,*,#4475,.F.);
#3118=ORIENTED_EDGE('',*,*,#4476,.T.);
#3119=ORIENTED_EDGE('',*,*,#4477,.F.);
#3120=ORIENTED_EDGE('',*,*,#4478,.F.);
#3121=ORIENTED_EDGE('',*,*,#4479,.T.);
#3122=ORIENTED_EDGE('',*,*,#4429,.T.);
#3123=ORIENTED_EDGE('',*,*,#4458,.F.);
#3124=ORIENTED_EDGE('',*,*,#4480,.T.);
#3125=ORIENTED_EDGE('',*,*,#4481,.F.);
#3126=ORIENTED_EDGE('',*,*,#4482,.F.);
#3127=ORIENTED_EDGE('',*,*,#4462,.F.);
#3128=ORIENTED_EDGE('',*,*,#4483,.T.);
#3129=ORIENTED_EDGE('',*,*,#4433,.T.);
#3130=ORIENTED_EDGE('',*,*,#4484,.F.);
#3131=ORIENTED_EDGE('',*,*,#4485,.F.);
#3132=ORIENTED_EDGE('',*,*,#4431,.T.);
#3133=ORIENTED_EDGE('',*,*,#4486,.F.);
#3134=ORIENTED_EDGE('',*,*,#4487,.F.);
#3135=ORIENTED_EDGE('',*,*,#4478,.T.);
#3136=ORIENTED_EDGE('',*,*,#4488,.T.);
#3137=ORIENTED_EDGE('',*,*,#4487,.T.);
#3138=ORIENTED_EDGE('',*,*,#4489,.T.);
#3139=ORIENTED_EDGE('',*,*,#4490,.T.);
#3140=ORIENTED_EDGE('',*,*,#4491,.F.);
#3141=ORIENTED_EDGE('',*,*,#4492,.F.);
#3142=ORIENTED_EDGE('',*,*,#4493,.T.);
#3143=ORIENTED_EDGE('',*,*,#4494,.T.);
#3144=ORIENTED_EDGE('',*,*,#4495,.F.);
#3145=ORIENTED_EDGE('',*,*,#4496,.T.);
#3146=ORIENTED_EDGE('',*,*,#4497,.F.);
#3147=ORIENTED_EDGE('',*,*,#4443,.F.);
#3148=ORIENTED_EDGE('',*,*,#4498,.T.);
#3149=ORIENTED_EDGE('',*,*,#4499,.T.);
#3150=ORIENTED_EDGE('',*,*,#4491,.T.);
#3151=ORIENTED_EDGE('',*,*,#4500,.T.);
#3152=ORIENTED_EDGE('',*,*,#4501,.F.);
#3153=ORIENTED_EDGE('',*,*,#4502,.F.);
#3154=ORIENTED_EDGE('',*,*,#4495,.T.);
#3155=ORIENTED_EDGE('',*,*,#4503,.T.);
#3156=ORIENTED_EDGE('',*,*,#4504,.F.);
#3157=ORIENTED_EDGE('',*,*,#4505,.F.);
#3158=ORIENTED_EDGE('',*,*,#4501,.T.);
#3159=ORIENTED_EDGE('',*,*,#4506,.T.);
#3160=ORIENTED_EDGE('',*,*,#4426,.F.);
#3161=ORIENTED_EDGE('',*,*,#4507,.F.);
#3162=ORIENTED_EDGE('',*,*,#4504,.T.);
#3163=ORIENTED_EDGE('',*,*,#4508,.T.);
#3164=ORIENTED_EDGE('',*,*,#4509,.F.);
#3165=ORIENTED_EDGE('',*,*,#4510,.F.);
#3166=ORIENTED_EDGE('',*,*,#4418,.T.);
#3167=ORIENTED_EDGE('',*,*,#4511,.T.);
#3168=ORIENTED_EDGE('',*,*,#4493,.F.);
#3169=ORIENTED_EDGE('',*,*,#4512,.F.);
#3170=ORIENTED_EDGE('',*,*,#4509,.T.);
#3171=ORIENTED_EDGE('',*,*,#4513,.F.);
#3172=ORIENTED_EDGE('',*,*,#4514,.F.);
#3173=ORIENTED_EDGE('',*,*,#4490,.F.);
#3174=ORIENTED_EDGE('',*,*,#4511,.F.);
#3175=ORIENTED_EDGE('',*,*,#4508,.F.);
#3176=ORIENTED_EDGE('',*,*,#4427,.F.);
#3177=ORIENTED_EDGE('',*,*,#4506,.F.);
#3178=ORIENTED_EDGE('',*,*,#4503,.F.);
#3179=ORIENTED_EDGE('',*,*,#4500,.F.);
#3180=ORIENTED_EDGE('',*,*,#4494,.F.);
#3181=ORIENTED_EDGE('',*,*,#4505,.T.);
#3182=ORIENTED_EDGE('',*,*,#4507,.T.);
#3183=ORIENTED_EDGE('',*,*,#4425,.F.);
#3184=ORIENTED_EDGE('',*,*,#4515,.F.);
#3185=ORIENTED_EDGE('',*,*,#4516,.F.);
#3186=ORIENTED_EDGE('',*,*,#4517,.F.);
#3187=ORIENTED_EDGE('',*,*,#4496,.F.);
#3188=ORIENTED_EDGE('',*,*,#4502,.T.);
#3189=ORIENTED_EDGE('',*,*,#4512,.T.);
#3190=ORIENTED_EDGE('',*,*,#4492,.T.);
#3191=ORIENTED_EDGE('',*,*,#4499,.F.);
#3192=ORIENTED_EDGE('',*,*,#4518,.F.);
#3193=ORIENTED_EDGE('',*,*,#4519,.F.);
#3194=ORIENTED_EDGE('',*,*,#4520,.F.);
#3195=ORIENTED_EDGE('',*,*,#4419,.F.);
#3196=ORIENTED_EDGE('',*,*,#4510,.T.);
#3197=ORIENTED_EDGE('',*,*,#4517,.T.);
#3198=ORIENTED_EDGE('',*,*,#4521,.F.);
#3199=ORIENTED_EDGE('',*,*,#4444,.F.);
#3200=ORIENTED_EDGE('',*,*,#4497,.T.);
#3201=ORIENTED_EDGE('',*,*,#4516,.T.);
#3202=ORIENTED_EDGE('',*,*,#4522,.F.);
#3203=ORIENTED_EDGE('',*,*,#4445,.F.);
#3204=ORIENTED_EDGE('',*,*,#4521,.T.);
#3205=ORIENTED_EDGE('',*,*,#4424,.F.);
#3206=ORIENTED_EDGE('',*,*,#4523,.F.);
#3207=ORIENTED_EDGE('',*,*,#4524,.T.);
#3208=ORIENTED_EDGE('',*,*,#4436,.F.);
#3209=ORIENTED_EDGE('',*,*,#4522,.T.);
#3210=ORIENTED_EDGE('',*,*,#4515,.T.);
#3211=ORIENTED_EDGE('',*,*,#4440,.F.);
#3212=ORIENTED_EDGE('',*,*,#4525,.T.);
#3213=ORIENTED_EDGE('',*,*,#4526,.F.);
#3214=ORIENTED_EDGE('',*,*,#4420,.T.);
#3215=ORIENTED_EDGE('',*,*,#4520,.T.);
#3216=ORIENTED_EDGE('',*,*,#4527,.F.);
#3217=ORIENTED_EDGE('',*,*,#4519,.T.);
#3218=ORIENTED_EDGE('',*,*,#4528,.F.);
#3219=ORIENTED_EDGE('',*,*,#4441,.F.);
#3220=ORIENTED_EDGE('',*,*,#4527,.T.);
#3221=ORIENTED_EDGE('',*,*,#4518,.T.);
#3222=ORIENTED_EDGE('',*,*,#4498,.F.);
#3223=ORIENTED_EDGE('',*,*,#4442,.F.);
#3224=ORIENTED_EDGE('',*,*,#4528,.T.);
#3225=ORIENTED_EDGE('',*,*,#4529,.T.);
#3226=ORIENTED_EDGE('',*,*,#4435,.F.);
#3227=ORIENTED_EDGE('',*,*,#4530,.T.);
#3228=ORIENTED_EDGE('',*,*,#4529,.F.);
#3229=ORIENTED_EDGE('',*,*,#4514,.T.);
#3230=ORIENTED_EDGE('',*,*,#4530,.F.);
#3231=ORIENTED_EDGE('',*,*,#4513,.T.);
#3232=ORIENTED_EDGE('',*,*,#4416,.F.);
#3233=ORIENTED_EDGE('',*,*,#4461,.F.);
#3234=ORIENTED_EDGE('',*,*,#4428,.T.);
#3235=ORIENTED_EDGE('',*,*,#4483,.F.);
#3236=ORIENTED_EDGE('',*,*,#4459,.F.);
#3237=ORIENTED_EDGE('',*,*,#4484,.T.);
#3238=ORIENTED_EDGE('',*,*,#4432,.T.);
#3239=ORIENTED_EDGE('',*,*,#4430,.T.);
#3240=ORIENTED_EDGE('',*,*,#4479,.F.);
#3241=ORIENTED_EDGE('',*,*,#4489,.F.);
#3242=ORIENTED_EDGE('',*,*,#4486,.T.);
#3243=ORIENTED_EDGE('',*,*,#4488,.F.);
#3244=ORIENTED_EDGE('',*,*,#4477,.T.);
#3245=ORIENTED_EDGE('',*,*,#4460,.F.);
#3246=ORIENTED_EDGE('',*,*,#4485,.T.);
#3247=ORIENTED_EDGE('',*,*,#4467,.F.);
#3248=ORIENTED_EDGE('',*,*,#4531,.F.);
#3249=ORIENTED_EDGE('',*,*,#4471,.F.);
#3250=ORIENTED_EDGE('',*,*,#4532,.T.);
#3251=ORIENTED_EDGE('',*,*,#4533,.F.);
#3252=ORIENTED_EDGE('',*,*,#4463,.T.);
#3253=ORIENTED_EDGE('',*,*,#4482,.T.);
#3254=ORIENTED_EDGE('',*,*,#4534,.F.);
#3255=ORIENTED_EDGE('',*,*,#4535,.F.);
#3256=ORIENTED_EDGE('',*,*,#4536,.T.);
#3257=ORIENTED_EDGE('',*,*,#4469,.T.);
#3258=ORIENTED_EDGE('',*,*,#4537,.T.);
#3259=ORIENTED_EDGE('',*,*,#4538,.T.);
#3260=ORIENTED_EDGE('',*,*,#4480,.F.);
#3261=ORIENTED_EDGE('',*,*,#4457,.F.);
#3262=ORIENTED_EDGE('',*,*,#4539,.T.);
#3263=ORIENTED_EDGE('',*,*,#4540,.F.);
#3264=ORIENTED_EDGE('',*,*,#4475,.T.);
#3265=ORIENTED_EDGE('',*,*,#4535,.T.);
#3266=ORIENTED_EDGE('',*,*,#4541,.F.);
#3267=ORIENTED_EDGE('',*,*,#4537,.F.);
#3268=ORIENTED_EDGE('',*,*,#4468,.T.);
#3269=ORIENTED_EDGE('',*,*,#4532,.F.);
#3270=ORIENTED_EDGE('',*,*,#4476,.F.);
#3271=ORIENTED_EDGE('',*,*,#4540,.T.);
#3272=ORIENTED_EDGE('',*,*,#4542,.T.);
#3273=ORIENTED_EDGE('',*,*,#4543,.F.);
#3274=ORIENTED_EDGE('',*,*,#4464,.T.);
#3275=ORIENTED_EDGE('',*,*,#4533,.T.);
#3276=ORIENTED_EDGE('',*,*,#4542,.F.);
#3277=ORIENTED_EDGE('',*,*,#4539,.F.);
#3278=ORIENTED_EDGE('',*,*,#4456,.T.);
#3279=ORIENTED_EDGE('',*,*,#4453,.F.);
#3280=ORIENTED_EDGE('',*,*,#4534,.T.);
#3281=ORIENTED_EDGE('',*,*,#4481,.T.);
#3282=ORIENTED_EDGE('',*,*,#4538,.F.);
#3283=ORIENTED_EDGE('',*,*,#4541,.T.);
#3284=ORIENTED_EDGE('',*,*,#4470,.T.);
#3285=ORIENTED_EDGE('',*,*,#4536,.F.);
#3286=ORIENTED_EDGE('',*,*,#4474,.F.);
#3287=ORIENTED_EDGE('',*,*,#4544,.T.);
#3288=ORIENTED_EDGE('',*,*,#4544,.F.);
#3289=ORIENTED_EDGE('',*,*,#4473,.T.);
#3290=ORIENTED_EDGE('',*,*,#4545,.T.);
#3291=ORIENTED_EDGE('',*,*,#4465,.F.);
#3292=ORIENTED_EDGE('',*,*,#4466,.T.);
#3293=ORIENTED_EDGE('',*,*,#4545,.F.);
#3294=ORIENTED_EDGE('',*,*,#4472,.F.);
#3295=ORIENTED_EDGE('',*,*,#4531,.T.);
#3296=ORIENTED_EDGE('',*,*,#4543,.T.);
#3297=ORIENTED_EDGE('',*,*,#4455,.T.);
#3298=ORIENTED_EDGE('',*,*,#4454,.T.);
#3299=ORIENTED_EDGE('',*,*,#4524,.F.);
#3300=ORIENTED_EDGE('',*,*,#4546,.F.);
#3301=ORIENTED_EDGE('',*,*,#4450,.T.);
#3302=ORIENTED_EDGE('',*,*,#4437,.T.);
#3303=ORIENTED_EDGE('',*,*,#4546,.T.);
#3304=ORIENTED_EDGE('',*,*,#4523,.T.);
#3305=ORIENTED_EDGE('',*,*,#4423,.T.);
#3306=ORIENTED_EDGE('',*,*,#4448,.F.);
#3307=ORIENTED_EDGE('',*,*,#4451,.F.);
#3308=ORIENTED_EDGE('',*,*,#4525,.F.);
#3309=ORIENTED_EDGE('',*,*,#4439,.F.);
#3310=ORIENTED_EDGE('',*,*,#4449,.T.);
#3311=ORIENTED_EDGE('',*,*,#4547,.T.);
#3312=ORIENTED_EDGE('',*,*,#4421,.T.);
#3313=ORIENTED_EDGE('',*,*,#4526,.T.);
#3314=ORIENTED_EDGE('',*,*,#4547,.F.);
#3315=ORIENTED_EDGE('',*,*,#4452,.F.);
#3316=ORIENTED_EDGE('',*,*,#4446,.T.);
#3317=ORIENTED_EDGE('',*,*,#4548,.T.);
#3318=ORIENTED_EDGE('',*,*,#4549,.T.);
#3319=ORIENTED_EDGE('',*,*,#4550,.T.);
#3320=ORIENTED_EDGE('',*,*,#4551,.T.);
#3321=ORIENTED_EDGE('',*,*,#4552,.T.);
#3322=ORIENTED_EDGE('',*,*,#4553,.T.);
#3323=ORIENTED_EDGE('',*,*,#4417,.F.);
#3324=ORIENTED_EDGE('',*,*,#4554,.F.);
#3325=ORIENTED_EDGE('',*,*,#4434,.F.);
#3326=ORIENTED_EDGE('',*,*,#4554,.T.);
#3327=ORIENTED_EDGE('',*,*,#4549,.F.);
#3328=ORIENTED_EDGE('',*,*,#4555,.F.);
#3329=ORIENTED_EDGE('',*,*,#4556,.T.);
#3330=ORIENTED_EDGE('',*,*,#4557,.T.);
#3331=ORIENTED_EDGE('',*,*,#4550,.F.);
#3332=ORIENTED_EDGE('',*,*,#4557,.F.);
#3333=ORIENTED_EDGE('',*,*,#4558,.T.);
#3334=ORIENTED_EDGE('',*,*,#4559,.T.);
#3335=ORIENTED_EDGE('',*,*,#4551,.F.);
#3336=ORIENTED_EDGE('',*,*,#4559,.F.);
#3337=ORIENTED_EDGE('',*,*,#4560,.T.);
#3338=ORIENTED_EDGE('',*,*,#4561,.T.);
#3339=ORIENTED_EDGE('',*,*,#4552,.F.);
#3340=ORIENTED_EDGE('',*,*,#4561,.F.);
#3341=ORIENTED_EDGE('',*,*,#4562,.T.);
#3342=ORIENTED_EDGE('',*,*,#4563,.T.);
#3343=ORIENTED_EDGE('',*,*,#4553,.F.);
#3344=ORIENTED_EDGE('',*,*,#4563,.F.);
#3345=ORIENTED_EDGE('',*,*,#4564,.T.);
#3346=ORIENTED_EDGE('',*,*,#4565,.T.);
#3347=ORIENTED_EDGE('',*,*,#4548,.F.);
#3348=ORIENTED_EDGE('',*,*,#4565,.F.);
#3349=ORIENTED_EDGE('',*,*,#4566,.T.);
#3350=ORIENTED_EDGE('',*,*,#4555,.T.);
#3351=ORIENTED_EDGE('',*,*,#4556,.F.);
#3352=ORIENTED_EDGE('',*,*,#4566,.F.);
#3353=ORIENTED_EDGE('',*,*,#4564,.F.);
#3354=ORIENTED_EDGE('',*,*,#4562,.F.);
#3355=ORIENTED_EDGE('',*,*,#4560,.F.);
#3356=ORIENTED_EDGE('',*,*,#4558,.F.);
#3357=ORIENTED_EDGE('',*,*,#4567,.T.);
#3358=ORIENTED_EDGE('',*,*,#4568,.T.);
#3359=ORIENTED_EDGE('',*,*,#4567,.F.);
#3360=ORIENTED_EDGE('',*,*,#4569,.T.);
#3361=ORIENTED_EDGE('',*,*,#4568,.F.);
#3362=ORIENTED_EDGE('',*,*,#4569,.F.);
#3363=EDGE_CURVE('',#4570,#4571,#5389,.T.);
#3364=EDGE_CURVE('',#4571,#4572,#5390,.T.);
#3365=EDGE_CURVE('',#4572,#4573,#5391,.T.);
#3366=EDGE_CURVE('',#4573,#4574,#5392,.T.);
#3367=EDGE_CURVE('',#4575,#4574,#5393,.T.);
#3368=EDGE_CURVE('',#4576,#4575,#5394,.T.);
#3369=EDGE_CURVE('',#4577,#4576,#5395,.T.);
#3370=EDGE_CURVE('',#4578,#4577,#5396,.T.);
#3371=EDGE_CURVE('',#4579,#4578,#888,.F.);
#3372=EDGE_CURVE('',#4580,#4579,#5397,.T.);
#3373=EDGE_CURVE('',#4581,#4580,#5398,.T.);
#3374=EDGE_CURVE('',#4581,#4582,#5399,.T.);
#3375=EDGE_CURVE('',#4583,#4582,#5400,.T.);
#3376=EDGE_CURVE('',#4584,#4583,#5401,.T.);
#3377=EDGE_CURVE('',#4584,#4585,#5402,.T.);
#3378=EDGE_CURVE('',#4570,#4585,#5403,.T.);
#3379=EDGE_CURVE('',#4586,#4587,#5404,.T.);
#3380=EDGE_CURVE('',#4588,#4587,#5405,.T.);
#3381=EDGE_CURVE('',#4588,#4589,#5406,.T.);
#3382=EDGE_CURVE('',#4590,#4589,#5407,.T.);
#3383=EDGE_CURVE('',#4590,#4591,#5408,.T.);
#3384=EDGE_CURVE('',#4591,#4592,#5409,.T.);
#3385=EDGE_CURVE('',#4592,#4593,#5410,.T.);
#3386=EDGE_CURVE('',#4593,#4594,#5411,.T.);
#3387=EDGE_CURVE('',#4594,#4595,#5412,.T.);
#3388=EDGE_CURVE('',#4595,#4596,#5413,.T.);
#3389=EDGE_CURVE('',#4597,#4596,#5414,.T.);
#3390=EDGE_CURVE('',#4586,#4597,#5415,.T.);
#3391=EDGE_CURVE('',#4598,#4599,#889,.T.);
#3392=EDGE_CURVE('',#4598,#4600,#5416,.T.);
#3393=EDGE_CURVE('',#4601,#4600,#571,.T.);
#3394=EDGE_CURVE('',#4601,#4571,#572,.T.);
#3395=EDGE_CURVE('',#4570,#4602,#573,.F.);
#3396=EDGE_CURVE('',#4603,#4602,#574,.T.);
#3397=EDGE_CURVE('',#4603,#4604,#5417,.T.);
#3398=EDGE_CURVE('',#4605,#4604,#890,.T.);
#3399=EDGE_CURVE('',#4599,#4605,#575,.T.);
#3400=EDGE_CURVE('',#4606,#4607,#5418,.T.);
#3401=EDGE_CURVE('',#4607,#4608,#5419,.T.);
#3402=EDGE_CURVE('',#4609,#4608,#5420,.T.);
#3403=EDGE_CURVE('',#4609,#4606,#5421,.T.);
#3404=EDGE_CURVE('',#4610,#4608,#5422,.T.);
#3405=EDGE_CURVE('',#4610,#4611,#5423,.T.);
#3406=EDGE_CURVE('',#4612,#4611,#65,.T.);
#3407=EDGE_CURVE('',#4612,#4613,#5424,.T.);
#3408=EDGE_CURVE('',#4613,#4614,#5425,.T.);
#3409=EDGE_CURVE('',#4614,#4615,#5426,.T.);
#3410=EDGE_CURVE('',#4616,#4615,#5427,.T.);
#3411=EDGE_CURVE('',#4617,#4616,#5428,.T.);
#3412=EDGE_CURVE('',#4618,#4617,#5429,.T.);
#3413=EDGE_CURVE('',#4618,#4619,#5430,.T.);
#3414=EDGE_CURVE('',#4620,#4619,#5431,.T.);
#3415=EDGE_CURVE('',#4621,#4620,#5432,.T.);
#3416=EDGE_CURVE('',#4621,#4622,#5433,.T.);
#3417=EDGE_CURVE('',#4623,#4622,#5434,.T.);
#3418=EDGE_CURVE('',#4624,#4623,#66,.T.);
#3419=EDGE_CURVE('',#4624,#4609,#67,.T.);
#3420=EDGE_CURVE('',#4625,#4626,#5435,.T.);
#3421=EDGE_CURVE('',#4625,#4627,#5436,.T.);
#3422=EDGE_CURVE('',#4627,#4628,#68,.T.);
#3423=EDGE_CURVE('',#4629,#4628,#69,.T.);
#3424=EDGE_CURVE('',#4629,#4630,#5437,.T.);
#3425=EDGE_CURVE('',#4630,#4631,#5438,.T.);
#3426=EDGE_CURVE('',#4631,#4632,#5439,.T.);
#3427=EDGE_CURVE('',#4633,#4632,#5440,.T.);
#3428=EDGE_CURVE('',#4634,#4633,#5441,.T.);
#3429=EDGE_CURVE('',#4635,#4634,#5442,.T.);
#3430=EDGE_CURVE('',#4635,#4636,#5443,.T.);
#3431=EDGE_CURVE('',#4637,#4636,#5444,.T.);
#3432=EDGE_CURVE('',#4638,#4637,#5445,.T.);
#3433=EDGE_CURVE('',#4638,#4639,#5446,.T.);
#3434=EDGE_CURVE('',#4640,#4639,#5447,.T.);
#3435=EDGE_CURVE('',#4641,#4640,#70,.T.);
#3436=EDGE_CURVE('',#4626,#4641,#5448,.T.);
#3437=EDGE_CURVE('',#4625,#4642,#5449,.T.);
#3438=EDGE_CURVE('',#4642,#4643,#5450,.F.);
#3439=EDGE_CURVE('',#4643,#4627,#5451,.T.);
#3440=EDGE_CURVE('',#4610,#4644,#891,.F.);
#3441=EDGE_CURVE('',#4644,#4645,#5452,.T.);
#3442=EDGE_CURVE('',#4645,#4646,#892,.T.);
#3443=EDGE_CURVE('',#4611,#4646,#576,.T.);
#3444=EDGE_CURVE('',#4647,#4648,#5453,.T.);
#3445=EDGE_CURVE('',#4647,#4626,#893,.F.);
#3446=EDGE_CURVE('',#4649,#4641,#577,.T.);
#3447=EDGE_CURVE('',#4649,#4648,#894,.T.);
#3448=EDGE_CURVE('',#4644,#4647,#895,.F.);
#3449=EDGE_CURVE('',#4648,#4645,#896,.T.);
#3450=EDGE_CURVE('',#4612,#4650,#578,.T.);
#3451=EDGE_CURVE('',#4646,#4650,#5454,.T.);
#3452=EDGE_CURVE('',#4624,#4651,#5455,.T.);
#3453=EDGE_CURVE('',#4651,#4652,#579,.T.);
#3454=EDGE_CURVE('',#4653,#4652,#5456,.F.);
#3455=EDGE_CURVE('',#4653,#4654,#580,.T.);
#3456=EDGE_CURVE('',#4654,#4655,#5457,.T.);
#3457=EDGE_CURVE('',#4655,#4656,#71,.F.);
#3458=EDGE_CURVE('',#4656,#4657,#581,.T.);
#3459=EDGE_CURVE('',#4657,#4606,#582,.T.);
#3460=EDGE_CURVE('',#4651,#4623,#583,.T.);
#3461=EDGE_CURVE('',#4595,#4658,#5458,.T.);
#3462=EDGE_CURVE('',#4658,#4596,#72,.T.);
#3463=EDGE_CURVE('',#4659,#4660,#5459,.F.);
#3464=EDGE_CURVE('',#4591,#4659,#73,.T.);
#3465=EDGE_CURVE('',#4590,#4660,#74,.T.);
#3466=EDGE_CURVE('',#4586,#4661,#5460,.T.);
#3467=EDGE_CURVE('',#4661,#4597,#75,.T.);
#3468=EDGE_CURVE('',#4662,#4663,#5461,.T.);
#3469=EDGE_CURVE('',#4662,#4664,#76,.F.);
#3470=EDGE_CURVE('',#4664,#4665,#5462,.T.);
#3471=EDGE_CURVE('',#4665,#4666,#5463,.T.);
#3472=EDGE_CURVE('',#4666,#4667,#5464,.T.);
#3473=EDGE_CURVE('',#4668,#4667,#5465,.T.);
#3474=EDGE_CURVE('',#4669,#4668,#5466,.T.);
#3475=EDGE_CURVE('',#4670,#4669,#5467,.T.);
#3476=EDGE_CURVE('',#4670,#4671,#5468,.T.);
#3477=EDGE_CURVE('',#4672,#4671,#5469,.T.);
#3478=EDGE_CURVE('',#4673,#4672,#5470,.T.);
#3479=EDGE_CURVE('',#4673,#4663,#5471,.T.);
#3480=EDGE_CURVE('',#4674,#4675,#5472,.T.);
#3481=EDGE_CURVE('',#4674,#4676,#77,.F.);
#3482=EDGE_CURVE('',#4676,#4677,#5473,.T.);
#3483=EDGE_CURVE('',#4677,#4678,#5474,.T.);
#3484=EDGE_CURVE('',#4678,#4679,#5475,.T.);
#3485=EDGE_CURVE('',#4680,#4679,#5476,.T.);
#3486=EDGE_CURVE('',#4681,#4680,#5477,.T.);
#3487=EDGE_CURVE('',#4682,#4681,#5478,.T.);
#3488=EDGE_CURVE('',#4682,#4683,#5479,.T.);
#3489=EDGE_CURVE('',#4684,#4683,#5480,.T.);
#3490=EDGE_CURVE('',#4685,#4684,#5481,.T.);
#3491=EDGE_CURVE('',#4685,#4675,#5482,.T.);
#3492=EDGE_CURVE('',#4686,#4687,#897,.T.);
#3493=EDGE_CURVE('',#4688,#4686,#5483,.T.);
#3494=EDGE_CURVE('',#4689,#4688,#898,.T.);
#3495=EDGE_CURVE('',#4689,#4690,#5484,.T.);
#3496=EDGE_CURVE('',#4690,#4691,#78,.T.);
#3497=EDGE_CURVE('',#4692,#4691,#5485,.T.);
#3498=EDGE_CURVE('',#4693,#4692,#79,.T.);
#3499=EDGE_CURVE('',#4687,#4693,#5486,.T.);
#3500=EDGE_CURVE('',#4694,#4686,#899,.T.);
#3501=EDGE_CURVE('',#4695,#4694,#5487,.T.);
#3502=EDGE_CURVE('',#4688,#4695,#900,.T.);
#3503=EDGE_CURVE('',#4696,#4694,#5488,.T.);
#3504=EDGE_CURVE('',#4696,#4697,#5489,.T.);
#3505=EDGE_CURVE('',#4697,#4698,#5490,.T.);
#3506=EDGE_CURVE('',#4699,#4698,#5491,.T.);
#3507=EDGE_CURVE('',#4700,#4699,#5492,.T.);
#3508=EDGE_CURVE('',#4701,#4700,#5493,.T.);
#3509=EDGE_CURVE('',#4701,#4695,#5494,.T.);
#3510=EDGE_CURVE('',#4702,#4700,#901,.T.);
#3511=EDGE_CURVE('',#4703,#4702,#5495,.T.);
#3512=EDGE_CURVE('',#4701,#4703,#902,.T.);
#3513=EDGE_CURVE('',#4704,#4702,#903,.T.);
#3514=EDGE_CURVE('',#4704,#4705,#5496,.T.);
#3515=EDGE_CURVE('',#4706,#4705,#80,.T.);
#3516=EDGE_CURVE('',#4706,#4707,#5497,.T.);
#3517=EDGE_CURVE('',#4707,#4708,#81,.T.);
#3518=EDGE_CURVE('',#4709,#4708,#5498,.T.);
#3519=EDGE_CURVE('',#4703,#4709,#904,.T.);
#3520=EDGE_CURVE('',#4710,#4711,#5499,.T.);
#3521=EDGE_CURVE('',#4710,#4712,#82,.F.);
#3522=EDGE_CURVE('',#4712,#4713,#5500,.T.);
#3523=EDGE_CURVE('',#4713,#4714,#5501,.T.);
#3524=EDGE_CURVE('',#4714,#4715,#5502,.T.);
#3525=EDGE_CURVE('',#4716,#4715,#5503,.T.);
#3526=EDGE_CURVE('',#4717,#4716,#5504,.T.);
#3527=EDGE_CURVE('',#4718,#4717,#5505,.T.);
#3528=EDGE_CURVE('',#4718,#4719,#5506,.T.);
#3529=EDGE_CURVE('',#4720,#4719,#5507,.T.);
#3530=EDGE_CURVE('',#4721,#4720,#5508,.T.);
#3531=EDGE_CURVE('',#4721,#4711,#5509,.T.);
#3532=EDGE_CURVE('',#4722,#4723,#5510,.T.);
#3533=EDGE_CURVE('',#4722,#4724,#83,.F.);
#3534=EDGE_CURVE('',#4724,#4725,#5511,.T.);
#3535=EDGE_CURVE('',#4725,#4726,#5512,.T.);
#3536=EDGE_CURVE('',#4726,#4727,#5513,.T.);
#3537=EDGE_CURVE('',#4728,#4727,#5514,.T.);
#3538=EDGE_CURVE('',#4729,#4728,#5515,.T.);
#3539=EDGE_CURVE('',#4730,#4729,#5516,.T.);
#3540=EDGE_CURVE('',#4730,#4731,#5517,.T.);
#3541=EDGE_CURVE('',#4732,#4731,#5518,.T.);
#3542=EDGE_CURVE('',#4733,#4732,#5519,.T.);
#3543=EDGE_CURVE('',#4733,#4723,#5520,.T.);
#3544=EDGE_CURVE('',#4734,#4735,#584,.T.);
#3545=EDGE_CURVE('',#4736,#4734,#5521,.T.);
#3546=EDGE_CURVE('',#4737,#4736,#905,.T.);
#3547=EDGE_CURVE('',#4737,#4735,#5522,.T.);
#3548=EDGE_CURVE('',#4603,#4642,#906,.T.);
#3549=EDGE_CURVE('',#4602,#4738,#5523,.T.);
#3550=EDGE_CURVE('',#4738,#4739,#84,.T.);
#3551=EDGE_CURVE('',#4739,#4740,#5524,.T.);
#3552=EDGE_CURVE('',#4741,#4740,#85,.T.);
#3553=EDGE_CURVE('',#4742,#4741,#5525,.T.);
#3554=EDGE_CURVE('',#4736,#4742,#907,.T.);
#3555=EDGE_CURVE('',#4643,#4734,#585,.T.);
#3556=EDGE_CURVE('',#4601,#4743,#5526,.T.);
#3557=EDGE_CURVE('',#4607,#4600,#908,.T.);
#3558=EDGE_CURVE('',#4744,#4657,#5527,.T.);
#3559=EDGE_CURVE('',#4745,#4744,#909,.T.);
#3560=EDGE_CURVE('',#4745,#4746,#5528,.T.);
#3561=EDGE_CURVE('',#4747,#4746,#86,.T.);
#3562=EDGE_CURVE('',#4748,#4747,#5529,.T.);
#3563=EDGE_CURVE('',#4748,#4743,#87,.T.);
#3564=EDGE_CURVE('',#4749,#4656,#5530,.T.);
#3565=EDGE_CURVE('',#4744,#4749,#910,.T.);
#3566=EDGE_CURVE('',#4653,#4750,#5531,.T.);
#3567=EDGE_CURVE('',#4750,#4665,#88,.T.);
#3568=EDGE_CURVE('',#4664,#4654,#586,.T.);
#3569=EDGE_CURVE('',#4652,#4751,#5532,.T.);
#3570=EDGE_CURVE('',#4750,#4751,#5533,.T.);
#3571=EDGE_CURVE('',#4622,#4751,#89,.T.);
#3572=EDGE_CURVE('',#4752,#4753,#5534,.T.);
#3573=EDGE_CURVE('',#4752,#4754,#5535,.T.);
#3574=EDGE_CURVE('',#4754,#4755,#5536,.T.);
#3575=EDGE_CURVE('',#4753,#4755,#5537,.T.);
#3576=EDGE_CURVE('',#4756,#4757,#5538,.T.);
#3577=EDGE_CURVE('',#4756,#4758,#5539,.T.);
#3578=EDGE_CURVE('',#4758,#4759,#5540,.T.);
#3579=EDGE_CURVE('',#4757,#4759,#5541,.T.);
#3580=EDGE_CURVE('',#4760,#4761,#587,.T.);
#3581=EDGE_CURVE('',#4760,#4762,#5542,.T.);
#3582=EDGE_CURVE('',#4762,#4630,#90,.T.);
#3583=EDGE_CURVE('',#4629,#4761,#588,.T.);
#3584=EDGE_CURVE('',#4760,#4763,#5543,.F.);
#3585=EDGE_CURVE('',#4763,#4764,#5544,.T.);
#3586=EDGE_CURVE('',#4762,#4764,#5545,.T.);
#3587=EDGE_CURVE('',#4765,#4763,#589,.T.);
#3588=EDGE_CURVE('',#4765,#4722,#590,.T.);
#3589=EDGE_CURVE('',#4723,#4764,#91,.T.);
#3590=EDGE_CURVE('',#4766,#4767,#5546,.T.);
#3591=EDGE_CURVE('',#4766,#4768,#92,.T.);
#3592=EDGE_CURVE('',#4768,#4769,#5547,.T.);
#3593=EDGE_CURVE('',#4769,#4663,#93,.T.);
#3594=EDGE_CURVE('',#4770,#4673,#94,.T.);
#3595=EDGE_CURVE('',#4771,#4770,#5548,.T.);
#3596=EDGE_CURVE('',#4767,#4771,#95,.T.);
#3597=EDGE_CURVE('',#4677,#4772,#96,.T.);
#3598=EDGE_CURVE('',#4772,#4773,#5549,.T.);
#3599=EDGE_CURVE('',#4773,#4774,#97,.T.);
#3600=EDGE_CURVE('',#4775,#4774,#5550,.T.);
#3601=EDGE_CURVE('',#4776,#4775,#98,.T.);
#3602=EDGE_CURVE('',#4777,#4776,#5551,.T.);
#3603=EDGE_CURVE('',#4678,#4777,#99,.T.);
#3604=EDGE_CURVE('',#4778,#4779,#5552,.T.);
#3605=EDGE_CURVE('',#4778,#4780,#100,.T.);
#3606=EDGE_CURVE('',#4780,#4781,#5553,.T.);
#3607=EDGE_CURVE('',#4781,#4711,#101,.T.);
#3608=EDGE_CURVE('',#4782,#4721,#102,.T.);
#3609=EDGE_CURVE('',#4783,#4782,#5554,.T.);
#3610=EDGE_CURVE('',#4779,#4783,#103,.T.);
#3611=EDGE_CURVE('',#4725,#4784,#104,.T.);
#3612=EDGE_CURVE('',#4784,#4785,#5555,.T.);
#3613=EDGE_CURVE('',#4785,#4786,#105,.T.);
#3614=EDGE_CURVE('',#4787,#4786,#5556,.T.);
#3615=EDGE_CURVE('',#4788,#4787,#106,.T.);
#3616=EDGE_CURVE('',#4789,#4788,#5557,.T.);
#3617=EDGE_CURVE('',#4726,#4789,#107,.T.);
#3618=EDGE_CURVE('',#4738,#4585,#108,.T.);
#3619=EDGE_CURVE('',#4739,#4584,#109,.T.);
#3620=EDGE_CURVE('',#4655,#4790,#110,.F.);
#3621=EDGE_CURVE('',#4790,#4766,#5558,.T.);
#3622=EDGE_CURVE('',#4767,#4791,#5559,.T.);
#3623=EDGE_CURVE('',#4792,#4791,#5560,.T.);
#3624=EDGE_CURVE('',#4793,#4792,#5561,.T.);
#3625=EDGE_CURVE('',#4749,#4793,#5562,.T.);
#3626=EDGE_CURVE('',#4793,#4794,#911,.T.);
#3627=EDGE_CURVE('',#4792,#4795,#111,.T.);
#3628=EDGE_CURVE('',#4794,#4795,#5563,.T.);
#3629=EDGE_CURVE('',#4794,#4796,#5564,.T.);
#3630=EDGE_CURVE('',#4795,#4797,#5565,.T.);
#3631=EDGE_CURVE('',#4796,#4797,#5566,.T.);
#3632=EDGE_CURVE('',#4796,#4670,#912,.T.);
#3633=EDGE_CURVE('',#4797,#4671,#112,.T.);
#3634=EDGE_CURVE('',#4798,#4799,#5567,.T.);
#3635=EDGE_CURVE('',#4798,#4669,#913,.T.);
#3636=EDGE_CURVE('',#4799,#4668,#113,.T.);
#3637=EDGE_CURVE('',#4798,#4800,#5568,.T.);
#3638=EDGE_CURVE('',#4799,#4801,#5569,.T.);
#3639=EDGE_CURVE('',#4800,#4801,#5570,.T.);
#3640=EDGE_CURVE('',#4618,#4800,#914,.T.);
#3641=EDGE_CURVE('',#4619,#4801,#114,.T.);
#3642=EDGE_CURVE('',#4802,#4803,#5571,.T.);
#3643=EDGE_CURVE('',#4802,#4617,#915,.T.);
#3644=EDGE_CURVE('',#4803,#4616,#115,.T.);
#3645=EDGE_CURVE('',#4802,#4804,#5572,.T.);
#3646=EDGE_CURVE('',#4803,#4805,#5573,.T.);
#3647=EDGE_CURVE('',#4804,#4805,#5574,.T.);
#3648=EDGE_CURVE('',#4682,#4804,#916,.T.);
#3649=EDGE_CURVE('',#4683,#4805,#116,.T.);
#3650=EDGE_CURVE('',#4681,#4806,#917,.T.);
#3651=EDGE_CURVE('',#4680,#4807,#117,.T.);
#3652=EDGE_CURVE('',#4806,#4807,#5575,.T.);
#3653=EDGE_CURVE('',#4806,#4808,#5576,.T.);
#3654=EDGE_CURVE('',#4807,#4809,#5577,.T.);
#3655=EDGE_CURVE('',#4808,#4809,#5578,.T.);
#3656=EDGE_CURVE('',#4808,#4810,#918,.T.);
#3657=EDGE_CURVE('',#4809,#4811,#118,.T.);
#3658=EDGE_CURVE('',#4810,#4811,#5579,.T.);
#3659=EDGE_CURVE('',#4812,#4774,#5580,.T.);
#3660=EDGE_CURVE('',#4812,#4813,#119,.F.);
#3661=EDGE_CURVE('',#4687,#4813,#5581,.T.);
#3662=EDGE_CURVE('',#4814,#4693,#5582,.T.);
#3663=EDGE_CURVE('',#4814,#4815,#5583,.T.);
#3664=EDGE_CURVE('',#4815,#4690,#5584,.T.);
#3665=EDGE_CURVE('',#4810,#4689,#5585,.T.);
#3666=EDGE_CURVE('',#4816,#4811,#5586,.T.);
#3667=EDGE_CURVE('',#4775,#4816,#5587,.T.);
#3668=EDGE_CURVE('',#4817,#4704,#5588,.T.);
#3669=EDGE_CURVE('',#4817,#4818,#120,.F.);
#3670=EDGE_CURVE('',#4818,#4778,#5589,.T.);
#3671=EDGE_CURVE('',#4779,#4819,#5590,.T.);
#3672=EDGE_CURVE('',#4820,#4819,#5591,.T.);
#3673=EDGE_CURVE('',#4821,#4820,#5592,.T.);
#3674=EDGE_CURVE('',#4709,#4821,#5593,.T.);
#3675=EDGE_CURVE('',#4708,#4822,#5594,.T.);
#3676=EDGE_CURVE('',#4823,#4822,#5595,.T.);
#3677=EDGE_CURVE('',#4705,#4823,#5596,.T.);
#3678=EDGE_CURVE('',#4821,#4824,#919,.T.);
#3679=EDGE_CURVE('',#4820,#4825,#121,.T.);
#3680=EDGE_CURVE('',#4824,#4825,#5597,.T.);
#3681=EDGE_CURVE('',#4824,#4826,#5598,.T.);
#3682=EDGE_CURVE('',#4825,#4827,#5599,.T.);
#3683=EDGE_CURVE('',#4826,#4827,#5600,.T.);
#3684=EDGE_CURVE('',#4826,#4718,#920,.T.);
#3685=EDGE_CURVE('',#4827,#4719,#122,.T.);
#3686=EDGE_CURVE('',#4828,#4829,#5601,.T.);
#3687=EDGE_CURVE('',#4828,#4717,#921,.T.);
#3688=EDGE_CURVE('',#4829,#4716,#123,.T.);
#3689=EDGE_CURVE('',#4828,#4830,#5602,.T.);
#3690=EDGE_CURVE('',#4829,#4831,#5603,.T.);
#3691=EDGE_CURVE('',#4830,#4831,#5604,.T.);
#3692=EDGE_CURVE('',#4635,#4830,#922,.T.);
#3693=EDGE_CURVE('',#4636,#4831,#124,.T.);
#3694=EDGE_CURVE('',#4832,#4833,#5605,.T.);
#3695=EDGE_CURVE('',#4832,#4634,#923,.T.);
#3696=EDGE_CURVE('',#4833,#4633,#125,.T.);
#3697=EDGE_CURVE('',#4832,#4834,#5606,.T.);
#3698=EDGE_CURVE('',#4833,#4835,#5607,.T.);
#3699=EDGE_CURVE('',#4834,#4835,#5608,.T.);
#3700=EDGE_CURVE('',#4730,#4834,#924,.T.);
#3701=EDGE_CURVE('',#4731,#4835,#126,.T.);
#3702=EDGE_CURVE('',#4729,#4836,#925,.T.);
#3703=EDGE_CURVE('',#4728,#4837,#127,.T.);
#3704=EDGE_CURVE('',#4836,#4837,#5609,.T.);
#3705=EDGE_CURVE('',#4836,#4838,#5610,.T.);
#3706=EDGE_CURVE('',#4837,#4839,#5611,.T.);
#3707=EDGE_CURVE('',#4838,#4839,#5612,.T.);
#3708=EDGE_CURVE('',#4838,#4840,#926,.T.);
#3709=EDGE_CURVE('',#4839,#4841,#128,.T.);
#3710=EDGE_CURVE('',#4840,#4841,#5613,.T.);
#3711=EDGE_CURVE('',#4735,#4842,#129,.F.);
#3712=EDGE_CURVE('',#4840,#4737,#5614,.T.);
#3713=EDGE_CURVE('',#4843,#4841,#5615,.T.);
#3714=EDGE_CURVE('',#4787,#4843,#5616,.T.);
#3715=EDGE_CURVE('',#4844,#4786,#5617,.T.);
#3716=EDGE_CURVE('',#4844,#4842,#130,.F.);
#3717=EDGE_CURVE('',#4742,#4581,#927,.T.);
#3718=EDGE_CURVE('',#4741,#4582,#131,.T.);
#3719=EDGE_CURVE('',#4576,#4745,#928,.T.);
#3720=EDGE_CURVE('',#4575,#4746,#132,.T.);
#3721=EDGE_CURVE('',#4845,#4667,#133,.T.);
#3722=EDGE_CURVE('',#4845,#4846,#5618,.T.);
#3723=EDGE_CURVE('',#4620,#4846,#134,.T.);
#3724=EDGE_CURVE('',#4847,#4615,#135,.T.);
#3725=EDGE_CURVE('',#4847,#4848,#5619,.T.);
#3726=EDGE_CURVE('',#4848,#4849,#136,.T.);
#3727=EDGE_CURVE('',#4850,#4849,#137,.T.);
#3728=EDGE_CURVE('',#4851,#4850,#138,.T.);
#3729=EDGE_CURVE('',#4852,#4851,#139,.T.);
#3730=EDGE_CURVE('',#4852,#4853,#140,.T.);
#3731=EDGE_CURVE('',#4854,#4853,#141,.T.);
#3732=EDGE_CURVE('',#4855,#4854,#142,.T.);
#3733=EDGE_CURVE('',#4856,#4855,#143,.T.);
#3734=EDGE_CURVE('',#4856,#4857,#144,.T.);
#3735=EDGE_CURVE('',#4857,#4858,#5620,.T.);
#3736=EDGE_CURVE('',#4684,#4858,#145,.T.);
#3737=EDGE_CURVE('',#4815,#4691,#146,.T.);
#3738=EDGE_CURVE('',#4707,#4822,#147,.T.);
#3739=EDGE_CURVE('',#4859,#4715,#148,.T.);
#3740=EDGE_CURVE('',#4859,#4860,#5621,.T.);
#3741=EDGE_CURVE('',#4860,#4861,#149,.T.);
#3742=EDGE_CURVE('',#4862,#4861,#150,.T.);
#3743=EDGE_CURVE('',#4863,#4862,#151,.T.);
#3744=EDGE_CURVE('',#4864,#4863,#152,.T.);
#3745=EDGE_CURVE('',#4864,#4865,#153,.T.);
#3746=EDGE_CURVE('',#4866,#4865,#154,.T.);
#3747=EDGE_CURVE('',#4867,#4866,#155,.T.);
#3748=EDGE_CURVE('',#4868,#4867,#156,.T.);
#3749=EDGE_CURVE('',#4868,#4869,#157,.T.);
#3750=EDGE_CURVE('',#4869,#4870,#5622,.T.);
#3751=EDGE_CURVE('',#4637,#4870,#158,.T.);
#3752=EDGE_CURVE('',#4871,#4632,#159,.T.);
#3753=EDGE_CURVE('',#4871,#4872,#5623,.T.);
#3754=EDGE_CURVE('',#4732,#4872,#160,.T.);
#3755=EDGE_CURVE('',#4659,#4592,#5624,.T.);
#3756=EDGE_CURVE('',#4791,#4873,#161,.T.);
#3757=EDGE_CURVE('',#4873,#4874,#5625,.T.);
#3758=EDGE_CURVE('',#4874,#4672,#162,.T.);
#3759=EDGE_CURVE('',#4679,#4875,#163,.T.);
#3760=EDGE_CURVE('',#4875,#4876,#5626,.T.);
#3761=EDGE_CURVE('',#4876,#4816,#164,.T.);
#3762=EDGE_CURVE('',#4819,#4877,#165,.T.);
#3763=EDGE_CURVE('',#4877,#4878,#5627,.T.);
#3764=EDGE_CURVE('',#4878,#4720,#166,.T.);
#3765=EDGE_CURVE('',#4727,#4879,#167,.T.);
#3766=EDGE_CURVE('',#4879,#4880,#5628,.T.);
#3767=EDGE_CURVE('',#4880,#4843,#168,.T.);
#3768=EDGE_CURVE('',#4740,#4583,#169,.T.);
#3769=EDGE_CURVE('',#4771,#4873,#5629,.T.);
#3770=EDGE_CURVE('',#4770,#4874,#5630,.T.);
#3771=EDGE_CURVE('',#4881,#4666,#170,.T.);
#3772=EDGE_CURVE('',#4881,#4845,#5631,.T.);
#3773=EDGE_CURVE('',#4881,#4882,#5632,.T.);
#3774=EDGE_CURVE('',#4882,#4846,#5633,.T.);
#3775=EDGE_CURVE('',#4621,#4882,#171,.T.);
#3776=EDGE_CURVE('',#4883,#4614,#172,.T.);
#3777=EDGE_CURVE('',#4883,#4847,#5634,.T.);
#3778=EDGE_CURVE('',#4883,#4884,#5635,.T.);
#3779=EDGE_CURVE('',#4884,#4848,#5636,.T.);
#3780=EDGE_CURVE('',#4884,#4885,#173,.T.);
#3781=EDGE_CURVE('',#4885,#4849,#5637,.T.);
#3782=EDGE_CURVE('',#4886,#4885,#174,.T.);
#3783=EDGE_CURVE('',#4886,#4850,#5638,.T.);
#3784=EDGE_CURVE('',#4887,#4886,#175,.T.);
#3785=EDGE_CURVE('',#4887,#4851,#5639,.T.);
#3786=EDGE_CURVE('',#4888,#4887,#176,.T.);
#3787=EDGE_CURVE('',#4888,#4852,#5640,.T.);
#3788=EDGE_CURVE('',#4888,#4889,#177,.T.);
#3789=EDGE_CURVE('',#4889,#4853,#5641,.T.);
#3790=EDGE_CURVE('',#4890,#4889,#178,.T.);
#3791=EDGE_CURVE('',#4890,#4854,#5642,.T.);
#3792=EDGE_CURVE('',#4891,#4890,#179,.T.);
#3793=EDGE_CURVE('',#4891,#4855,#5643,.T.);
#3794=EDGE_CURVE('',#4892,#4891,#180,.T.);
#3795=EDGE_CURVE('',#4892,#4856,#5644,.T.);
#3796=EDGE_CURVE('',#4892,#4893,#181,.T.);
#3797=EDGE_CURVE('',#4893,#4857,#5645,.T.);
#3798=EDGE_CURVE('',#4893,#4894,#5646,.T.);
#3799=EDGE_CURVE('',#4894,#4858,#5647,.T.);
#3800=EDGE_CURVE('',#4685,#4894,#182,.T.);
#3801=EDGE_CURVE('',#4777,#4875,#5648,.T.);
#3802=EDGE_CURVE('',#4776,#4876,#5649,.T.);
#3803=EDGE_CURVE('',#4814,#4692,#183,.T.);
#3804=EDGE_CURVE('',#4706,#4823,#184,.T.);
#3805=EDGE_CURVE('',#4783,#4877,#5650,.T.);
#3806=EDGE_CURVE('',#4782,#4878,#5651,.T.);
#3807=EDGE_CURVE('',#4895,#4714,#185,.T.);
#3808=EDGE_CURVE('',#4895,#4859,#5652,.T.);
#3809=EDGE_CURVE('',#4895,#4896,#5653,.T.);
#3810=EDGE_CURVE('',#4896,#4860,#5654,.T.);
#3811=EDGE_CURVE('',#4896,#4897,#186,.T.);
#3812=EDGE_CURVE('',#4897,#4861,#5655,.T.);
#3813=EDGE_CURVE('',#4898,#4897,#187,.T.);
#3814=EDGE_CURVE('',#4898,#4862,#5656,.T.);
#3815=EDGE_CURVE('',#4899,#4898,#188,.T.);
#3816=EDGE_CURVE('',#4899,#4863,#5657,.T.);
#3817=EDGE_CURVE('',#4900,#4899,#189,.T.);
#3818=EDGE_CURVE('',#4900,#4864,#5658,.T.);
#3819=EDGE_CURVE('',#4900,#4901,#190,.T.);
#3820=EDGE_CURVE('',#4901,#4865,#5659,.T.);
#3821=EDGE_CURVE('',#4902,#4901,#191,.T.);
#3822=EDGE_CURVE('',#4902,#4866,#5660,.T.);
#3823=EDGE_CURVE('',#4903,#4902,#192,.T.);
#3824=EDGE_CURVE('',#4903,#4867,#5661,.T.);
#3825=EDGE_CURVE('',#4904,#4903,#193,.T.);
#3826=EDGE_CURVE('',#4904,#4868,#5662,.T.);
#3827=EDGE_CURVE('',#4904,#4905,#194,.T.);
#3828=EDGE_CURVE('',#4905,#4869,#5663,.T.);
#3829=EDGE_CURVE('',#4905,#4906,#5664,.T.);
#3830=EDGE_CURVE('',#4906,#4870,#5665,.T.);
#3831=EDGE_CURVE('',#4638,#4906,#195,.T.);
#3832=EDGE_CURVE('',#4907,#4631,#196,.T.);
#3833=EDGE_CURVE('',#4907,#4871,#5666,.T.);
#3834=EDGE_CURVE('',#4907,#4908,#5667,.T.);
#3835=EDGE_CURVE('',#4908,#4872,#5668,.T.);
#3836=EDGE_CURVE('',#4733,#4908,#197,.T.);
#3837=EDGE_CURVE('',#4789,#4879,#5669,.T.);
#3838=EDGE_CURVE('',#4788,#4880,#5670,.T.);
#3839=EDGE_CURVE('',#4661,#4658,#5671,.T.);
#3840=EDGE_CURVE('',#4574,#4747,#198,.T.);
#3841=EDGE_CURVE('',#4573,#4748,#199,.T.);
#3842=EDGE_CURVE('',#4572,#4743,#200,.T.);
#3843=EDGE_CURVE('',#4909,#4909,#929,.F.);
#3844=EDGE_CURVE('',#4910,#4910,#930,.F.);
#3845=EDGE_CURVE('',#4911,#4912,#931,.F.);
#3846=EDGE_CURVE('',#4912,#4577,#5672,.T.);
#3847=EDGE_CURVE('',#4580,#4911,#5673,.T.);
#3848=EDGE_CURVE('',#4913,#4913,#201,.T.);
#3849=EDGE_CURVE('',#4914,#4914,#202,.T.);
#3850=EDGE_CURVE('',#4915,#4915,#203,.T.);
#3851=EDGE_CURVE('',#4916,#4916,#204,.T.);
#3852=EDGE_CURVE('',#4917,#4917,#205,.T.);
#3853=EDGE_CURVE('',#4918,#4918,#206,.T.);
#3854=EDGE_CURVE('',#4919,#4919,#207,.T.);
#3855=EDGE_CURVE('',#4920,#4921,#208,.T.);
#3856=EDGE_CURVE('',#4920,#4922,#209,.T.);
#3857=EDGE_CURVE('',#4922,#4923,#210,.T.);
#3858=EDGE_CURVE('',#4923,#4924,#211,.T.);
#3859=EDGE_CURVE('',#4925,#4924,#212,.T.);
#3860=EDGE_CURVE('',#4926,#4925,#213,.T.);
#3861=EDGE_CURVE('',#4927,#4926,#214,.T.);
#3862=EDGE_CURVE('',#4927,#4928,#215,.T.);
#3863=EDGE_CURVE('',#4928,#4929,#216,.T.);
#3864=EDGE_CURVE('',#4929,#4930,#217,.T.);
#3865=EDGE_CURVE('',#4931,#4930,#218,.T.);
#3866=EDGE_CURVE('',#4932,#4931,#219,.T.);
#3867=EDGE_CURVE('',#4933,#4932,#220,.T.);
#3868=EDGE_CURVE('',#4933,#4934,#221,.T.);
#3869=EDGE_CURVE('',#4934,#4935,#222,.T.);
#3870=EDGE_CURVE('',#4935,#4936,#223,.T.);
#3871=EDGE_CURVE('',#4937,#4936,#224,.T.);
#3872=EDGE_CURVE('',#4938,#4937,#225,.T.);
#3873=EDGE_CURVE('',#4939,#4938,#226,.T.);
#3874=EDGE_CURVE('',#4939,#4940,#227,.T.);
#3875=EDGE_CURVE('',#4940,#4941,#228,.T.);
#3876=EDGE_CURVE('',#4941,#4942,#229,.T.);
#3877=EDGE_CURVE('',#4943,#4942,#230,.T.);
#3878=EDGE_CURVE('',#4944,#4943,#231,.T.);
#3879=EDGE_CURVE('',#4945,#4944,#232,.T.);
#3880=EDGE_CURVE('',#4945,#4946,#233,.T.);
#3881=EDGE_CURVE('',#4946,#4947,#234,.T.);
#3882=EDGE_CURVE('',#4947,#4948,#235,.T.);
#3883=EDGE_CURVE('',#4949,#4948,#236,.T.);
#3884=EDGE_CURVE('',#4950,#4949,#237,.T.);
#3885=EDGE_CURVE('',#4951,#4950,#238,.T.);
#3886=EDGE_CURVE('',#4951,#4952,#239,.T.);
#3887=EDGE_CURVE('',#4952,#4953,#240,.T.);
#3888=EDGE_CURVE('',#4953,#4954,#241,.T.);
#3889=EDGE_CURVE('',#4955,#4954,#242,.T.);
#3890=EDGE_CURVE('',#4921,#4955,#243,.T.);
#3891=EDGE_CURVE('',#4956,#4921,#5674,.T.);
#3892=EDGE_CURVE('',#4957,#4956,#244,.T.);
#3893=EDGE_CURVE('',#4957,#4920,#5675,.T.);
#3894=EDGE_CURVE('',#4958,#4955,#5676,.T.);
#3895=EDGE_CURVE('',#4956,#4958,#245,.T.);
#3896=EDGE_CURVE('',#4959,#4954,#5677,.T.);
#3897=EDGE_CURVE('',#4958,#4959,#246,.T.);
#3898=EDGE_CURVE('',#4960,#4953,#5678,.T.);
#3899=EDGE_CURVE('',#4960,#4959,#247,.T.);
#3900=EDGE_CURVE('',#4961,#4952,#5679,.T.);
#3901=EDGE_CURVE('',#4961,#4960,#248,.T.);
#3902=EDGE_CURVE('',#4962,#4951,#5680,.T.);
#3903=EDGE_CURVE('',#4962,#4961,#249,.T.);
#3904=EDGE_CURVE('',#4963,#4950,#5681,.T.);
#3905=EDGE_CURVE('',#4962,#4963,#250,.T.);
#3906=EDGE_CURVE('',#4964,#4949,#5682,.T.);
#3907=EDGE_CURVE('',#4963,#4964,#251,.T.);
#3908=EDGE_CURVE('',#4965,#4948,#5683,.T.);
#3909=EDGE_CURVE('',#4964,#4965,#252,.T.);
#3910=EDGE_CURVE('',#4966,#4947,#5684,.T.);
#3911=EDGE_CURVE('',#4966,#4965,#253,.T.);
#3912=EDGE_CURVE('',#4967,#4946,#5685,.T.);
#3913=EDGE_CURVE('',#4967,#4966,#254,.T.);
#3914=EDGE_CURVE('',#4968,#4945,#5686,.T.);
#3915=EDGE_CURVE('',#4968,#4967,#255,.T.);
#3916=EDGE_CURVE('',#4969,#4944,#5687,.T.);
#3917=EDGE_CURVE('',#4968,#4969,#256,.T.);
#3918=EDGE_CURVE('',#4970,#4943,#5688,.T.);
#3919=EDGE_CURVE('',#4969,#4970,#257,.T.);
#3920=EDGE_CURVE('',#4971,#4942,#5689,.T.);
#3921=EDGE_CURVE('',#4970,#4971,#258,.T.);
#3922=EDGE_CURVE('',#4972,#4941,#5690,.T.);
#3923=EDGE_CURVE('',#4972,#4971,#259,.T.);
#3924=EDGE_CURVE('',#4973,#4940,#5691,.T.);
#3925=EDGE_CURVE('',#4973,#4972,#260,.T.);
#3926=EDGE_CURVE('',#4974,#4939,#5692,.T.);
#3927=EDGE_CURVE('',#4974,#4973,#261,.T.);
#3928=EDGE_CURVE('',#4975,#4938,#5693,.T.);
#3929=EDGE_CURVE('',#4974,#4975,#262,.T.);
#3930=EDGE_CURVE('',#4976,#4937,#5694,.T.);
#3931=EDGE_CURVE('',#4975,#4976,#263,.T.);
#3932=EDGE_CURVE('',#4977,#4936,#5695,.T.);
#3933=EDGE_CURVE('',#4976,#4977,#264,.T.);
#3934=EDGE_CURVE('',#4978,#4935,#5696,.T.);
#3935=EDGE_CURVE('',#4978,#4977,#265,.T.);
#3936=EDGE_CURVE('',#4979,#4934,#5697,.T.);
#3937=EDGE_CURVE('',#4979,#4978,#266,.T.);
#3938=EDGE_CURVE('',#4980,#4933,#5698,.T.);
#3939=EDGE_CURVE('',#4980,#4979,#267,.T.);
#3940=EDGE_CURVE('',#4981,#4932,#5699,.T.);
#3941=EDGE_CURVE('',#4980,#4981,#268,.T.);
#3942=EDGE_CURVE('',#4982,#4931,#5700,.T.);
#3943=EDGE_CURVE('',#4981,#4982,#269,.T.);
#3944=EDGE_CURVE('',#4983,#4930,#5701,.T.);
#3945=EDGE_CURVE('',#4982,#4983,#270,.T.);
#3946=EDGE_CURVE('',#4984,#4929,#5702,.T.);
#3947=EDGE_CURVE('',#4984,#4983,#271,.T.);
#3948=EDGE_CURVE('',#4985,#4928,#5703,.T.);
#3949=EDGE_CURVE('',#4985,#4984,#272,.T.);
#3950=EDGE_CURVE('',#4986,#4927,#5704,.T.);
#3951=EDGE_CURVE('',#4986,#4985,#273,.T.);
#3952=EDGE_CURVE('',#4987,#4926,#5705,.T.);
#3953=EDGE_CURVE('',#4986,#4987,#274,.T.);
#3954=EDGE_CURVE('',#4988,#4925,#5706,.T.);
#3955=EDGE_CURVE('',#4987,#4988,#275,.T.);
#3956=EDGE_CURVE('',#4989,#4924,#5707,.T.);
#3957=EDGE_CURVE('',#4988,#4989,#276,.T.);
#3958=EDGE_CURVE('',#4990,#4923,#5708,.T.);
#3959=EDGE_CURVE('',#4990,#4989,#277,.T.);
#3960=EDGE_CURVE('',#4991,#4922,#5709,.T.);
#3961=EDGE_CURVE('',#4991,#4990,#278,.T.);
#3962=EDGE_CURVE('',#4957,#4991,#279,.T.);
#3963=EDGE_CURVE('',#4992,#4992,#280,.T.);
#3964=EDGE_CURVE('',#4993,#4993,#281,.T.);
#3965=EDGE_CURVE('',#4994,#4994,#282,.T.);
#3966=EDGE_CURVE('',#4995,#4995,#283,.T.);
#3967=EDGE_CURVE('',#4996,#4996,#284,.T.);
#3968=EDGE_CURVE('',#4997,#4997,#285,.T.);
#3969=EDGE_CURVE('',#4998,#4998,#286,.T.);
#3970=EDGE_CURVE('',#4999,#5000,#287,.T.);
#3971=EDGE_CURVE('',#4999,#5001,#288,.T.);
#3972=EDGE_CURVE('',#5001,#5002,#289,.T.);
#3973=EDGE_CURVE('',#5002,#5003,#290,.T.);
#3974=EDGE_CURVE('',#5004,#5003,#291,.T.);
#3975=EDGE_CURVE('',#5005,#5004,#292,.T.);
#3976=EDGE_CURVE('',#5006,#5005,#293,.T.);
#3977=EDGE_CURVE('',#5006,#5007,#294,.T.);
#3978=EDGE_CURVE('',#5007,#5008,#295,.T.);
#3979=EDGE_CURVE('',#5008,#5009,#296,.T.);
#3980=EDGE_CURVE('',#5010,#5009,#297,.T.);
#3981=EDGE_CURVE('',#5011,#5010,#298,.T.);
#3982=EDGE_CURVE('',#5012,#5011,#299,.T.);
#3983=EDGE_CURVE('',#5012,#5013,#300,.T.);
#3984=EDGE_CURVE('',#5013,#5014,#301,.T.);
#3985=EDGE_CURVE('',#5014,#5015,#302,.T.);
#3986=EDGE_CURVE('',#5016,#5015,#303,.T.);
#3987=EDGE_CURVE('',#5017,#5016,#304,.T.);
#3988=EDGE_CURVE('',#5018,#5017,#305,.T.);
#3989=EDGE_CURVE('',#5018,#5019,#306,.T.);
#3990=EDGE_CURVE('',#5019,#5020,#307,.T.);
#3991=EDGE_CURVE('',#5020,#5021,#308,.T.);
#3992=EDGE_CURVE('',#5022,#5021,#309,.T.);
#3993=EDGE_CURVE('',#5023,#5022,#310,.T.);
#3994=EDGE_CURVE('',#5024,#5023,#311,.T.);
#3995=EDGE_CURVE('',#5024,#5025,#312,.T.);
#3996=EDGE_CURVE('',#5025,#5026,#313,.T.);
#3997=EDGE_CURVE('',#5026,#5027,#314,.T.);
#3998=EDGE_CURVE('',#5028,#5027,#315,.T.);
#3999=EDGE_CURVE('',#5029,#5028,#316,.T.);
#4000=EDGE_CURVE('',#5030,#5029,#317,.T.);
#4001=EDGE_CURVE('',#5030,#5031,#318,.T.);
#4002=EDGE_CURVE('',#5031,#5032,#319,.T.);
#4003=EDGE_CURVE('',#5032,#5033,#320,.T.);
#4004=EDGE_CURVE('',#5034,#5033,#321,.T.);
#4005=EDGE_CURVE('',#5000,#5034,#322,.T.);
#4006=EDGE_CURVE('',#5035,#5000,#5710,.T.);
#4007=EDGE_CURVE('',#5036,#5035,#323,.T.);
#4008=EDGE_CURVE('',#5036,#4999,#5711,.T.);
#4009=EDGE_CURVE('',#5037,#5034,#5712,.T.);
#4010=EDGE_CURVE('',#5035,#5037,#324,.T.);
#4011=EDGE_CURVE('',#5038,#5033,#5713,.T.);
#4012=EDGE_CURVE('',#5037,#5038,#325,.T.);
#4013=EDGE_CURVE('',#5039,#5032,#5714,.T.);
#4014=EDGE_CURVE('',#5039,#5038,#326,.T.);
#4015=EDGE_CURVE('',#5040,#5031,#5715,.T.);
#4016=EDGE_CURVE('',#5040,#5039,#327,.T.);
#4017=EDGE_CURVE('',#5041,#5030,#5716,.T.);
#4018=EDGE_CURVE('',#5041,#5040,#328,.T.);
#4019=EDGE_CURVE('',#5042,#5029,#5717,.T.);
#4020=EDGE_CURVE('',#5041,#5042,#329,.T.);
#4021=EDGE_CURVE('',#5043,#5028,#5718,.T.);
#4022=EDGE_CURVE('',#5042,#5043,#330,.T.);
#4023=EDGE_CURVE('',#5044,#5027,#5719,.T.);
#4024=EDGE_CURVE('',#5043,#5044,#331,.T.);
#4025=EDGE_CURVE('',#5045,#5026,#5720,.T.);
#4026=EDGE_CURVE('',#5045,#5044,#332,.T.);
#4027=EDGE_CURVE('',#5046,#5025,#5721,.T.);
#4028=EDGE_CURVE('',#5046,#5045,#333,.T.);
#4029=EDGE_CURVE('',#5047,#5024,#5722,.T.);
#4030=EDGE_CURVE('',#5047,#5046,#334,.T.);
#4031=EDGE_CURVE('',#5048,#5023,#5723,.T.);
#4032=EDGE_CURVE('',#5047,#5048,#335,.T.);
#4033=EDGE_CURVE('',#5049,#5022,#5724,.T.);
#4034=EDGE_CURVE('',#5048,#5049,#336,.T.);
#4035=EDGE_CURVE('',#5050,#5021,#5725,.T.);
#4036=EDGE_CURVE('',#5049,#5050,#337,.T.);
#4037=EDGE_CURVE('',#5051,#5020,#5726,.T.);
#4038=EDGE_CURVE('',#5051,#5050,#338,.T.);
#4039=EDGE_CURVE('',#5052,#5019,#5727,.T.);
#4040=EDGE_CURVE('',#5052,#5051,#339,.T.);
#4041=EDGE_CURVE('',#5053,#5018,#5728,.T.);
#4042=EDGE_CURVE('',#5053,#5052,#340,.T.);
#4043=EDGE_CURVE('',#5054,#5017,#5729,.T.);
#4044=EDGE_CURVE('',#5053,#5054,#341,.T.);
#4045=EDGE_CURVE('',#5055,#5016,#5730,.T.);
#4046=EDGE_CURVE('',#5054,#5055,#342,.T.);
#4047=EDGE_CURVE('',#5056,#5015,#5731,.T.);
#4048=EDGE_CURVE('',#5055,#5056,#343,.T.);
#4049=EDGE_CURVE('',#5057,#5014,#5732,.T.);
#4050=EDGE_CURVE('',#5057,#5056,#344,.T.);
#4051=EDGE_CURVE('',#5058,#5013,#5733,.T.);
#4052=EDGE_CURVE('',#5058,#5057,#345,.T.);
#4053=EDGE_CURVE('',#5059,#5012,#5734,.T.);
#4054=EDGE_CURVE('',#5059,#5058,#346,.T.);
#4055=EDGE_CURVE('',#5060,#5011,#5735,.T.);
#4056=EDGE_CURVE('',#5059,#5060,#347,.T.);
#4057=EDGE_CURVE('',#5061,#5010,#5736,.T.);
#4058=EDGE_CURVE('',#5060,#5061,#348,.T.);
#4059=EDGE_CURVE('',#5062,#5009,#5737,.T.);
#4060=EDGE_CURVE('',#5061,#5062,#349,.T.);
#4061=EDGE_CURVE('',#5063,#5008,#5738,.T.);
#4062=EDGE_CURVE('',#5063,#5062,#350,.T.);
#4063=EDGE_CURVE('',#5064,#5007,#5739,.T.);
#4064=EDGE_CURVE('',#5064,#5063,#351,.T.);
#4065=EDGE_CURVE('',#5065,#5006,#5740,.T.);
#4066=EDGE_CURVE('',#5065,#5064,#352,.T.);
#4067=EDGE_CURVE('',#5066,#5005,#5741,.T.);
#4068=EDGE_CURVE('',#5065,#5066,#353,.T.);
#4069=EDGE_CURVE('',#5067,#5004,#5742,.T.);
#4070=EDGE_CURVE('',#5066,#5067,#354,.T.);
#4071=EDGE_CURVE('',#5068,#5003,#5743,.T.);
#4072=EDGE_CURVE('',#5067,#5068,#355,.T.);
#4073=EDGE_CURVE('',#5069,#5002,#5744,.T.);
#4074=EDGE_CURVE('',#5069,#5068,#356,.T.);
#4075=EDGE_CURVE('',#5070,#5001,#5745,.T.);
#4076=EDGE_CURVE('',#5070,#5069,#357,.T.);
#4077=EDGE_CURVE('',#5036,#5070,#358,.T.);
#4078=EDGE_CURVE('',#4578,#4912,#5746,.T.);
#4079=EDGE_CURVE('',#4579,#4911,#5747,.T.);
#4080=EDGE_CURVE('',#4753,#4613,#359,.T.);
#4081=EDGE_CURVE('',#4675,#4755,#360,.T.);
#4082=EDGE_CURVE('',#4757,#4713,#361,.T.);
#4083=EDGE_CURVE('',#4639,#4759,#362,.T.);
#4084=EDGE_CURVE('',#5071,#4790,#591,.T.);
#4085=EDGE_CURVE('',#5071,#4768,#5748,.T.);
#4086=EDGE_CURVE('',#5072,#5071,#5749,.T.);
#4087=EDGE_CURVE('',#5072,#4769,#5750,.T.);
#4088=EDGE_CURVE('',#4662,#5072,#592,.T.);
#4089=EDGE_CURVE('',#4752,#4650,#932,.F.);
#4090=EDGE_CURVE('',#5073,#4754,#933,.F.);
#4091=EDGE_CURVE('',#5073,#4674,#593,.T.);
#4092=EDGE_CURVE('',#5074,#4676,#594,.F.);
#4093=EDGE_CURVE('',#5074,#4772,#5751,.T.);
#4094=EDGE_CURVE('',#5075,#4773,#5752,.T.);
#4095=EDGE_CURVE('',#5074,#5075,#5753,.T.);
#4096=EDGE_CURVE('',#4812,#5075,#595,.T.);
#4097=EDGE_CURVE('',#5076,#4818,#596,.F.);
#4098=EDGE_CURVE('',#5076,#4780,#5754,.T.);
#4099=EDGE_CURVE('',#5077,#4781,#5755,.T.);
#4100=EDGE_CURVE('',#5076,#5077,#5756,.T.);
#4101=EDGE_CURVE('',#4710,#5077,#597,.T.);
#4102=EDGE_CURVE('',#4712,#5078,#598,.T.);
#4103=EDGE_CURVE('',#4756,#5078,#934,.F.);
#4104=EDGE_CURVE('',#5079,#4758,#935,.F.);
#4105=EDGE_CURVE('',#5079,#4640,#599,.T.);
#4106=EDGE_CURVE('',#5080,#4724,#600,.T.);
#4107=EDGE_CURVE('',#5080,#4784,#5757,.T.);
#4108=EDGE_CURVE('',#5081,#5080,#5758,.T.);
#4109=EDGE_CURVE('',#5081,#4785,#5759,.T.);
#4110=EDGE_CURVE('',#4844,#5081,#601,.T.);
#4111=EDGE_CURVE('',#4660,#4589,#5760,.T.);
#4112=EDGE_CURVE('',#5079,#4649,#5761,.T.);
#4113=EDGE_CURVE('',#5073,#4813,#5762,.T.);
#4114=EDGE_CURVE('',#4817,#5078,#5763,.T.);
#4115=EDGE_CURVE('',#4696,#5082,#5764,.T.);
#4116=EDGE_CURVE('',#5083,#4699,#5765,.T.);
#4117=EDGE_CURVE('',#5084,#5083,#936,.T.);
#4118=EDGE_CURVE('',#5085,#5084,#5766,.T.);
#4119=EDGE_CURVE('',#5082,#5085,#937,.T.);
#4120=EDGE_CURVE('',#5086,#5086,#938,.F.);
#4121=EDGE_CURVE('',#5087,#5087,#939,.F.);
#4122=EDGE_CURVE('',#4842,#4765,#5767,.T.);
#4123=EDGE_CURVE('',#4761,#4628,#5768,.T.);
#4124=EDGE_CURVE('',#4587,#5088,#5769,.T.);
#4125=EDGE_CURVE('',#5088,#5089,#5770,.T.);
#4126=EDGE_CURVE('',#5089,#4588,#5771,.T.);
#4127=EDGE_CURVE('',#5090,#4593,#5772,.T.);
#4128=EDGE_CURVE('',#5091,#5090,#5773,.T.);
#4129=EDGE_CURVE('',#4594,#5091,#5774,.T.);
#4130=EDGE_CURVE('',#5092,#5093,#5775,.T.);
#4131=EDGE_CURVE('',#5094,#5092,#5776,.T.);
#4132=EDGE_CURVE('',#5094,#5095,#5777,.T.);
#4133=EDGE_CURVE('',#5095,#5093,#5778,.T.);
#4134=EDGE_CURVE('',#5096,#5097,#5779,.T.);
#4135=EDGE_CURVE('',#5095,#5096,#363,.T.);
#4136=EDGE_CURVE('',#5097,#5094,#5780,.T.);
#4137=EDGE_CURVE('',#5098,#5096,#5781,.F.);
#4138=EDGE_CURVE('',#5093,#5098,#364,.T.);
#4139=EDGE_CURVE('',#5098,#5099,#5782,.T.);
#4140=EDGE_CURVE('',#5099,#5092,#5783,.T.);
#4141=EDGE_CURVE('',#5097,#5099,#5784,.T.);
#4142=EDGE_CURVE('',#5100,#5101,#5785,.T.);
#4143=EDGE_CURVE('',#5102,#5100,#5786,.T.);
#4144=EDGE_CURVE('',#5102,#5103,#5787,.T.);
#4145=EDGE_CURVE('',#5103,#5101,#5788,.T.);
#4146=EDGE_CURVE('',#5089,#5090,#5789,.T.);
#4147=EDGE_CURVE('',#5104,#5105,#5790,.T.);
#4148=EDGE_CURVE('',#5106,#5104,#5791,.T.);
#4149=EDGE_CURVE('',#5106,#5107,#5792,.T.);
#4150=EDGE_CURVE('',#5107,#5105,#5793,.T.);
#4151=EDGE_CURVE('',#5088,#5091,#5794,.T.);
#4152=EDGE_CURVE('',#5101,#5104,#5795,.T.);
#4153=EDGE_CURVE('',#5103,#5106,#5796,.T.);
#4154=EDGE_CURVE('',#5107,#5102,#365,.T.);
#4155=EDGE_CURVE('',#5105,#5100,#366,.T.);
#4156=EDGE_CURVE('',#4598,#5108,#5797,.T.);
#4157=EDGE_CURVE('',#5108,#5109,#940,.F.);
#4158=EDGE_CURVE('',#5109,#4604,#5798,.T.);
#4159=EDGE_CURVE('',#5108,#4599,#5799,.T.);
#4160=EDGE_CURVE('',#5109,#4605,#5800,.T.);
#4161=EDGE_CURVE('',#5110,#5111,#367,.T.);
#4162=EDGE_CURVE('',#5110,#5112,#368,.T.);
#4163=EDGE_CURVE('',#5112,#5113,#369,.T.);
#4164=EDGE_CURVE('',#5113,#5114,#370,.T.);
#4165=EDGE_CURVE('',#5115,#5114,#371,.T.);
#4166=EDGE_CURVE('',#5116,#5115,#372,.T.);
#4167=EDGE_CURVE('',#5117,#5116,#373,.T.);
#4168=EDGE_CURVE('',#5117,#5118,#374,.T.);
#4169=EDGE_CURVE('',#5118,#5119,#375,.T.);
#4170=EDGE_CURVE('',#5119,#5120,#376,.T.);
#4171=EDGE_CURVE('',#5121,#5120,#377,.T.);
#4172=EDGE_CURVE('',#5122,#5121,#378,.T.);
#4173=EDGE_CURVE('',#5123,#5122,#379,.T.);
#4174=EDGE_CURVE('',#5123,#5124,#380,.T.);
#4175=EDGE_CURVE('',#5124,#5125,#381,.T.);
#4176=EDGE_CURVE('',#5125,#5126,#382,.T.);
#4177=EDGE_CURVE('',#5127,#5126,#383,.T.);
#4178=EDGE_CURVE('',#5128,#5127,#384,.T.);
#4179=EDGE_CURVE('',#5129,#5128,#385,.T.);
#4180=EDGE_CURVE('',#5129,#5130,#386,.T.);
#4181=EDGE_CURVE('',#5130,#5131,#387,.T.);
#4182=EDGE_CURVE('',#5131,#5132,#388,.T.);
#4183=EDGE_CURVE('',#5133,#5132,#389,.T.);
#4184=EDGE_CURVE('',#5134,#5133,#390,.T.);
#4185=EDGE_CURVE('',#5135,#5134,#391,.T.);
#4186=EDGE_CURVE('',#5135,#5136,#392,.T.);
#4187=EDGE_CURVE('',#5136,#5137,#393,.T.);
#4188=EDGE_CURVE('',#5137,#5138,#394,.T.);
#4189=EDGE_CURVE('',#5139,#5138,#395,.T.);
#4190=EDGE_CURVE('',#5140,#5139,#396,.T.);
#4191=EDGE_CURVE('',#5141,#5140,#397,.T.);
#4192=EDGE_CURVE('',#5141,#5142,#398,.T.);
#4193=EDGE_CURVE('',#5142,#5143,#399,.T.);
#4194=EDGE_CURVE('',#5143,#5144,#400,.T.);
#4195=EDGE_CURVE('',#5145,#5144,#401,.T.);
#4196=EDGE_CURVE('',#5111,#5145,#402,.T.);
#4197=EDGE_CURVE('',#5146,#5146,#403,.T.);
#4198=EDGE_CURVE('',#5147,#5147,#404,.T.);
#4199=EDGE_CURVE('',#5148,#5148,#405,.T.);
#4200=EDGE_CURVE('',#5149,#5149,#406,.T.);
#4201=EDGE_CURVE('',#5150,#5150,#407,.T.);
#4202=EDGE_CURVE('',#5151,#5151,#408,.T.);
#4203=EDGE_CURVE('',#5152,#5152,#409,.T.);
#4204=EDGE_CURVE('',#5153,#5154,#410,.T.);
#4205=EDGE_CURVE('',#5153,#5155,#411,.T.);
#4206=EDGE_CURVE('',#5155,#5156,#412,.T.);
#4207=EDGE_CURVE('',#5156,#5157,#413,.T.);
#4208=EDGE_CURVE('',#5158,#5157,#414,.T.);
#4209=EDGE_CURVE('',#5159,#5158,#415,.T.);
#4210=EDGE_CURVE('',#5160,#5159,#416,.T.);
#4211=EDGE_CURVE('',#5160,#5161,#417,.T.);
#4212=EDGE_CURVE('',#5161,#5162,#418,.T.);
#4213=EDGE_CURVE('',#5162,#5163,#419,.T.);
#4214=EDGE_CURVE('',#5164,#5163,#420,.T.);
#4215=EDGE_CURVE('',#5165,#5164,#421,.T.);
#4216=EDGE_CURVE('',#5166,#5165,#422,.T.);
#4217=EDGE_CURVE('',#5166,#5167,#423,.T.);
#4218=EDGE_CURVE('',#5167,#5168,#424,.T.);
#4219=EDGE_CURVE('',#5168,#5169,#425,.T.);
#4220=EDGE_CURVE('',#5170,#5169,#426,.T.);
#4221=EDGE_CURVE('',#5171,#5170,#427,.T.);
#4222=EDGE_CURVE('',#5172,#5171,#428,.T.);
#4223=EDGE_CURVE('',#5172,#5173,#429,.T.);
#4224=EDGE_CURVE('',#5173,#5174,#430,.T.);
#4225=EDGE_CURVE('',#5174,#5175,#431,.T.);
#4226=EDGE_CURVE('',#5176,#5175,#432,.T.);
#4227=EDGE_CURVE('',#5177,#5176,#433,.T.);
#4228=EDGE_CURVE('',#5178,#5177,#434,.T.);
#4229=EDGE_CURVE('',#5178,#5179,#435,.T.);
#4230=EDGE_CURVE('',#5179,#5180,#436,.T.);
#4231=EDGE_CURVE('',#5180,#5181,#437,.T.);
#4232=EDGE_CURVE('',#5182,#5181,#438,.T.);
#4233=EDGE_CURVE('',#5183,#5182,#439,.T.);
#4234=EDGE_CURVE('',#5184,#5183,#440,.T.);
#4235=EDGE_CURVE('',#5184,#5185,#441,.T.);
#4236=EDGE_CURVE('',#5185,#5186,#442,.T.);
#4237=EDGE_CURVE('',#5186,#5187,#443,.T.);
#4238=EDGE_CURVE('',#5188,#5187,#444,.T.);
#4239=EDGE_CURVE('',#5154,#5188,#445,.T.);
#4240=EDGE_CURVE('',#5189,#5189,#446,.T.);
#4241=EDGE_CURVE('',#5190,#5190,#447,.T.);
#4242=EDGE_CURVE('',#5191,#5191,#448,.T.);
#4243=EDGE_CURVE('',#5192,#5192,#449,.T.);
#4244=EDGE_CURVE('',#5193,#5193,#450,.T.);
#4245=EDGE_CURVE('',#5194,#5194,#451,.T.);
#4246=EDGE_CURVE('',#5195,#5195,#452,.T.);
#4247=EDGE_CURVE('',#5196,#5111,#5801,.T.);
#4248=EDGE_CURVE('',#5197,#5196,#453,.T.);
#4249=EDGE_CURVE('',#5197,#5110,#5802,.T.);
#4250=EDGE_CURVE('',#5198,#5145,#5803,.T.);
#4251=EDGE_CURVE('',#5196,#5198,#454,.T.);
#4252=EDGE_CURVE('',#5199,#5144,#5804,.T.);
#4253=EDGE_CURVE('',#5198,#5199,#455,.T.);
#4254=EDGE_CURVE('',#5200,#5143,#5805,.T.);
#4255=EDGE_CURVE('',#5200,#5199,#456,.T.);
#4256=EDGE_CURVE('',#5201,#5142,#5806,.T.);
#4257=EDGE_CURVE('',#5201,#5200,#457,.T.);
#4258=EDGE_CURVE('',#5202,#5141,#5807,.T.);
#4259=EDGE_CURVE('',#5202,#5201,#458,.T.);
#4260=EDGE_CURVE('',#5203,#5140,#5808,.T.);
#4261=EDGE_CURVE('',#5202,#5203,#459,.T.);
#4262=EDGE_CURVE('',#5204,#5139,#5809,.T.);
#4263=EDGE_CURVE('',#5203,#5204,#460,.T.);
#4264=EDGE_CURVE('',#5205,#5138,#5810,.T.);
#4265=EDGE_CURVE('',#5204,#5205,#461,.T.);
#4266=EDGE_CURVE('',#5206,#5137,#5811,.T.);
#4267=EDGE_CURVE('',#5206,#5205,#462,.T.);
#4268=EDGE_CURVE('',#5207,#5136,#5812,.T.);
#4269=EDGE_CURVE('',#5207,#5206,#463,.T.);
#4270=EDGE_CURVE('',#5208,#5135,#5813,.T.);
#4271=EDGE_CURVE('',#5208,#5207,#464,.T.);
#4272=EDGE_CURVE('',#5209,#5134,#5814,.T.);
#4273=EDGE_CURVE('',#5208,#5209,#465,.T.);
#4274=EDGE_CURVE('',#5210,#5133,#5815,.T.);
#4275=EDGE_CURVE('',#5209,#5210,#466,.T.);
#4276=EDGE_CURVE('',#5211,#5132,#5816,.T.);
#4277=EDGE_CURVE('',#5210,#5211,#467,.T.);
#4278=EDGE_CURVE('',#5212,#5131,#5817,.T.);
#4279=EDGE_CURVE('',#5212,#5211,#468,.T.);
#4280=EDGE_CURVE('',#5213,#5130,#5818,.T.);
#4281=EDGE_CURVE('',#5213,#5212,#469,.T.);
#4282=EDGE_CURVE('',#5214,#5129,#5819,.T.);
#4283=EDGE_CURVE('',#5214,#5213,#470,.T.);
#4284=EDGE_CURVE('',#5215,#5128,#5820,.T.);
#4285=EDGE_CURVE('',#5214,#5215,#471,.T.);
#4286=EDGE_CURVE('',#5216,#5127,#5821,.T.);
#4287=EDGE_CURVE('',#5215,#5216,#472,.T.);
#4288=EDGE_CURVE('',#5217,#5126,#5822,.T.);
#4289=EDGE_CURVE('',#5216,#5217,#473,.T.);
#4290=EDGE_CURVE('',#5218,#5125,#5823,.T.);
#4291=EDGE_CURVE('',#5218,#5217,#474,.T.);
#4292=EDGE_CURVE('',#5219,#5124,#5824,.T.);
#4293=EDGE_CURVE('',#5219,#5218,#475,.T.);
#4294=EDGE_CURVE('',#5220,#5123,#5825,.T.);
#4295=EDGE_CURVE('',#5220,#5219,#476,.T.);
#4296=EDGE_CURVE('',#5221,#5122,#5826,.T.);
#4297=EDGE_CURVE('',#5220,#5221,#477,.T.);
#4298=EDGE_CURVE('',#5222,#5121,#5827,.T.);
#4299=EDGE_CURVE('',#5221,#5222,#478,.T.);
#4300=EDGE_CURVE('',#5223,#5120,#5828,.T.);
#4301=EDGE_CURVE('',#5222,#5223,#479,.T.);
#4302=EDGE_CURVE('',#5224,#5119,#5829,.T.);
#4303=EDGE_CURVE('',#5224,#5223,#480,.T.);
#4304=EDGE_CURVE('',#5225,#5118,#5830,.T.);
#4305=EDGE_CURVE('',#5225,#5224,#481,.T.);
#4306=EDGE_CURVE('',#5226,#5117,#5831,.T.);
#4307=EDGE_CURVE('',#5226,#5225,#482,.T.);
#4308=EDGE_CURVE('',#5227,#5116,#5832,.T.);
#4309=EDGE_CURVE('',#5226,#5227,#483,.T.);
#4310=EDGE_CURVE('',#5228,#5115,#5833,.T.);
#4311=EDGE_CURVE('',#5227,#5228,#484,.T.);
#4312=EDGE_CURVE('',#5229,#5114,#5834,.T.);
#4313=EDGE_CURVE('',#5228,#5229,#485,.T.);
#4314=EDGE_CURVE('',#5230,#5113,#5835,.T.);
#4315=EDGE_CURVE('',#5230,#5229,#486,.T.);
#4316=EDGE_CURVE('',#5231,#5112,#5836,.T.);
#4317=EDGE_CURVE('',#5231,#5230,#487,.T.);
#4318=EDGE_CURVE('',#5197,#5231,#488,.T.);
#4319=EDGE_CURVE('',#5232,#5154,#5837,.T.);
#4320=EDGE_CURVE('',#5233,#5232,#489,.T.);
#4321=EDGE_CURVE('',#5233,#5153,#5838,.T.);
#4322=EDGE_CURVE('',#5234,#5188,#5839,.T.);
#4323=EDGE_CURVE('',#5232,#5234,#490,.T.);
#4324=EDGE_CURVE('',#5235,#5187,#5840,.T.);
#4325=EDGE_CURVE('',#5234,#5235,#491,.T.);
#4326=EDGE_CURVE('',#5236,#5186,#5841,.T.);
#4327=EDGE_CURVE('',#5236,#5235,#492,.T.);
#4328=EDGE_CURVE('',#5237,#5185,#5842,.T.);
#4329=EDGE_CURVE('',#5237,#5236,#493,.T.);
#4330=EDGE_CURVE('',#5238,#5184,#5843,.T.);
#4331=EDGE_CURVE('',#5238,#5237,#494,.T.);
#4332=EDGE_CURVE('',#5239,#5183,#5844,.T.);
#4333=EDGE_CURVE('',#5238,#5239,#495,.T.);
#4334=EDGE_CURVE('',#5240,#5182,#5845,.T.);
#4335=EDGE_CURVE('',#5239,#5240,#496,.T.);
#4336=EDGE_CURVE('',#5241,#5181,#5846,.T.);
#4337=EDGE_CURVE('',#5240,#5241,#497,.T.);
#4338=EDGE_CURVE('',#5242,#5180,#5847,.T.);
#4339=EDGE_CURVE('',#5242,#5241,#498,.T.);
#4340=EDGE_CURVE('',#5243,#5179,#5848,.T.);
#4341=EDGE_CURVE('',#5243,#5242,#499,.T.);
#4342=EDGE_CURVE('',#5244,#5178,#5849,.T.);
#4343=EDGE_CURVE('',#5244,#5243,#500,.T.);
#4344=EDGE_CURVE('',#5245,#5177,#5850,.T.);
#4345=EDGE_CURVE('',#5244,#5245,#501,.T.);
#4346=EDGE_CURVE('',#5246,#5176,#5851,.T.);
#4347=EDGE_CURVE('',#5245,#5246,#502,.T.);
#4348=EDGE_CURVE('',#5247,#5175,#5852,.T.);
#4349=EDGE_CURVE('',#5246,#5247,#503,.T.);
#4350=EDGE_CURVE('',#5248,#5174,#5853,.T.);
#4351=EDGE_CURVE('',#5248,#5247,#504,.T.);
#4352=EDGE_CURVE('',#5249,#5173,#5854,.T.);
#4353=EDGE_CURVE('',#5249,#5248,#505,.T.);
#4354=EDGE_CURVE('',#5250,#5172,#5855,.T.);
#4355=EDGE_CURVE('',#5250,#5249,#506,.T.);
#4356=EDGE_CURVE('',#5251,#5171,#5856,.T.);
#4357=EDGE_CURVE('',#5250,#5251,#507,.T.);
#4358=EDGE_CURVE('',#5252,#5170,#5857,.T.);
#4359=EDGE_CURVE('',#5251,#5252,#508,.T.);
#4360=EDGE_CURVE('',#5253,#5169,#5858,.T.);
#4361=EDGE_CURVE('',#5252,#5253,#509,.T.);
#4362=EDGE_CURVE('',#5254,#5168,#5859,.T.);
#4363=EDGE_CURVE('',#5254,#5253,#510,.T.);
#4364=EDGE_CURVE('',#5255,#5167,#5860,.T.);
#4365=EDGE_CURVE('',#5255,#5254,#511,.T.);
#4366=EDGE_CURVE('',#5256,#5166,#5861,.T.);
#4367=EDGE_CURVE('',#5256,#5255,#512,.T.);
#4368=EDGE_CURVE('',#5257,#5165,#5862,.T.);
#4369=EDGE_CURVE('',#5256,#5257,#513,.T.);
#4370=EDGE_CURVE('',#5258,#5164,#5863,.T.);
#4371=EDGE_CURVE('',#5257,#5258,#514,.T.);
#4372=EDGE_CURVE('',#5259,#5163,#5864,.T.);
#4373=EDGE_CURVE('',#5258,#5259,#515,.T.);
#4374=EDGE_CURVE('',#5260,#5162,#5865,.T.);
#4375=EDGE_CURVE('',#5260,#5259,#516,.T.);
#4376=EDGE_CURVE('',#5261,#5161,#5866,.T.);
#4377=EDGE_CURVE('',#5261,#5260,#517,.T.);
#4378=EDGE_CURVE('',#5262,#5160,#5867,.T.);
#4379=EDGE_CURVE('',#5262,#5261,#518,.T.);
#4380=EDGE_CURVE('',#5263,#5159,#5868,.T.);
#4381=EDGE_CURVE('',#5262,#5263,#519,.T.);
#4382=EDGE_CURVE('',#5264,#5158,#5869,.T.);
#4383=EDGE_CURVE('',#5263,#5264,#520,.T.);
#4384=EDGE_CURVE('',#5265,#5157,#5870,.T.);
#4385=EDGE_CURVE('',#5264,#5265,#521,.T.);
#4386=EDGE_CURVE('',#5266,#5156,#5871,.T.);
#4387=EDGE_CURVE('',#5266,#5265,#522,.T.);
#4388=EDGE_CURVE('',#5267,#5155,#5872,.T.);
#4389=EDGE_CURVE('',#5267,#5266,#523,.T.);
#4390=EDGE_CURVE('',#5233,#5267,#524,.T.);
#4391=EDGE_CURVE('',#5085,#5268,#5873,.T.);
#4392=EDGE_CURVE('',#5268,#5269,#525,.T.);
#4393=EDGE_CURVE('',#5082,#5269,#5874,.T.);
#4394=EDGE_CURVE('',#5269,#4697,#5875,.T.);
#4395=EDGE_CURVE('',#4698,#5270,#5876,.T.);
#4396=EDGE_CURVE('',#5083,#5270,#5877,.T.);
#4397=EDGE_CURVE('',#5270,#5271,#526,.T.);
#4398=EDGE_CURVE('',#5084,#5271,#5878,.T.);
#4399=EDGE_CURVE('',#5271,#5268,#5879,.T.);
#4400=EDGE_CURVE('',#5272,#5272,#527,.T.);
#4401=EDGE_CURVE('',#5273,#5273,#528,.T.);
#4402=EDGE_CURVE('',#5274,#5274,#529,.T.);
#4403=EDGE_CURVE('',#5275,#5275,#530,.T.);
#4404=EDGE_CURVE('',#5276,#5277,#5880,.T.);
#4405=EDGE_CURVE('',#5278,#5276,#5881,.T.);
#4406=EDGE_CURVE('',#5278,#5279,#5882,.T.);
#4407=EDGE_CURVE('',#5279,#5277,#5883,.T.);
#4408=EDGE_CURVE('',#5277,#5280,#5884,.T.);
#4409=EDGE_CURVE('',#5279,#5281,#5885,.T.);
#4410=EDGE_CURVE('',#5281,#5280,#5886,.T.);
#4411=EDGE_CURVE('',#5280,#5282,#5887,.T.);
#4412=EDGE_CURVE('',#5281,#5283,#5888,.T.);
#4413=EDGE_CURVE('',#5283,#5282,#5889,.T.);
#4414=EDGE_CURVE('',#5282,#5276,#5890,.T.);
#4415=EDGE_CURVE('',#5283,#5278,#5891,.T.);
#4416=EDGE_CURVE('',#5284,#5284,#531,.T.);
#4417=EDGE_CURVE('',#5285,#5285,#532,.T.);
#4418=EDGE_CURVE('',#5286,#5287,#5892,.T.);
#4419=EDGE_CURVE('',#5286,#5288,#5893,.T.);
#4420=EDGE_CURVE('',#5289,#5288,#5894,.T.);
#4421=EDGE_CURVE('',#5290,#5289,#533,.T.);
#4422=EDGE_CURVE('',#5291,#5290,#5895,.T.);
#4423=EDGE_CURVE('',#5292,#5291,#534,.T.);
#4424=EDGE_CURVE('',#5292,#5293,#5896,.T.);
#4425=EDGE_CURVE('',#5293,#5294,#5897,.T.);
#4426=EDGE_CURVE('',#5294,#5295,#5898,.T.);
#4427=EDGE_CURVE('',#5295,#5287,#5899,.T.);
#4428=EDGE_CURVE('',#5296,#5297,#5900,.T.);
#4429=EDGE_CURVE('',#5298,#5296,#5901,.T.);
#4430=EDGE_CURVE('',#5299,#5298,#5902,.T.);
#4431=EDGE_CURVE('',#5300,#5299,#5903,.T.);
#4432=EDGE_CURVE('',#5301,#5300,#5904,.T.);
#4433=EDGE_CURVE('',#5297,#5301,#535,.T.);
#4434=EDGE_CURVE('',#5302,#5302,#536,.T.);
#4435=EDGE_CURVE('',#5303,#5303,#537,.T.);
#4436=EDGE_CURVE('',#5304,#5305,#538,.T.);
#4437=EDGE_CURVE('',#5306,#5305,#5905,.T.);
#4438=EDGE_CURVE('',#5307,#5306,#5906,.T.);
#4439=EDGE_CURVE('',#5307,#5308,#5907,.T.);
#4440=EDGE_CURVE('',#5308,#5309,#539,.T.);
#4441=EDGE_CURVE('',#5309,#5310,#5908,.T.);
#4442=EDGE_CURVE('',#5310,#5311,#540,.T.);
#4443=EDGE_CURVE('',#5311,#5312,#5909,.T.);
#4444=EDGE_CURVE('',#5312,#5313,#541,.T.);
#4445=EDGE_CURVE('',#5313,#5304,#5910,.T.);
#4446=EDGE_CURVE('',#5314,#5290,#5911,.T.);
#4447=EDGE_CURVE('',#5315,#5314,#5912,.T.);
#4448=EDGE_CURVE('',#5315,#5291,#5913,.T.);
#4449=EDGE_CURVE('',#5307,#5316,#5914,.T.);
#4450=EDGE_CURVE('',#5317,#5306,#5915,.T.);
#4451=EDGE_CURVE('',#5317,#5315,#542,.T.);
#4452=EDGE_CURVE('',#5314,#5316,#543,.T.);
#4453=EDGE_CURVE('',#5318,#5318,#941,.F.);
#4454=EDGE_CURVE('',#5319,#5319,#942,.T.);
#4455=EDGE_CURVE('',#5320,#5321,#602,.T.);
#4456=EDGE_CURVE('',#5322,#5320,#5916,.T.);
#4457=EDGE_CURVE('',#5322,#5323,#544,.T.);
#4458=EDGE_CURVE('',#5323,#5324,#603,.T.);
#4459=EDGE_CURVE('',#5324,#5300,#545,.F.);
#4460=EDGE_CURVE('',#5300,#5296,#5917,.T.);
#4461=EDGE_CURVE('',#5296,#5325,#546,.F.);
#4462=EDGE_CURVE('',#5325,#5326,#604,.T.);
#4463=EDGE_CURVE('',#5327,#5326,#547,.T.);
#4464=EDGE_CURVE('',#5321,#5327,#5918,.T.);
#4465=EDGE_CURVE('',#5328,#5329,#548,.T.);
#4466=EDGE_CURVE('',#5330,#5329,#5919,.T.);
#4467=EDGE_CURVE('',#5330,#5331,#5920,.T.);
#4468=EDGE_CURVE('',#5332,#5331,#5921,.T.);
#4469=EDGE_CURVE('',#5333,#5332,#5922,.T.);
#4470=EDGE_CURVE('',#5328,#5333,#5923,.T.);
#4471=EDGE_CURVE('',#5334,#5335,#5924,.T.);
#4472=EDGE_CURVE('',#5335,#5336,#5925,.T.);
#4473=EDGE_CURVE('',#5337,#5336,#549,.T.);
#4474=EDGE_CURVE('',#5337,#5338,#5926,.T.);
#4475=EDGE_CURVE('',#5339,#5338,#5927,.T.);
#4476=EDGE_CURVE('',#5339,#5334,#5928,.T.);
#4477=EDGE_CURVE('',#5340,#5296,#5929,.T.);
#4478=EDGE_CURVE('',#5341,#5340,#5930,.T.);
#4479=EDGE_CURVE('',#5341,#5298,#5931,.T.);
#4480=EDGE_CURVE('',#5323,#5342,#5932,.T.);
#4481=EDGE_CURVE('',#5343,#5342,#943,.F.);
#4482=EDGE_CURVE('',#5326,#5343,#5933,.T.);
#4483=EDGE_CURVE('',#5325,#5297,#5934,.T.);
#4484=EDGE_CURVE('',#5324,#5301,#5935,.T.);
#4485=EDGE_CURVE('',#5300,#5344,#5936,.T.);
#4486=EDGE_CURVE('',#5345,#5299,#5937,.T.);
#4487=EDGE_CURVE('',#5344,#5345,#5938,.T.);
#4488=EDGE_CURVE('',#5340,#5344,#5939,.T.);
#4489=EDGE_CURVE('',#5345,#5341,#5940,.T.);
#4490=EDGE_CURVE('',#5346,#5347,#550,.T.);
#4491=EDGE_CURVE('',#5348,#5347,#5941,.T.);
#4492=EDGE_CURVE('',#5349,#5348,#551,.T.);
#4493=EDGE_CURVE('',#5349,#5346,#5942,.T.);
#4494=EDGE_CURVE('',#5347,#5350,#5943,.T.);
#4495=EDGE_CURVE('',#5351,#5350,#5944,.T.);
#4496=EDGE_CURVE('',#5351,#5352,#5945,.T.);
#4497=EDGE_CURVE('',#5312,#5352,#5946,.T.);
#4498=EDGE_CURVE('',#5311,#5353,#5947,.T.);
#4499=EDGE_CURVE('',#5353,#5348,#5948,.T.);
#4500=EDGE_CURVE('',#5350,#5354,#552,.T.);
#4501=EDGE_CURVE('',#5355,#5354,#5949,.T.);
#4502=EDGE_CURVE('',#5351,#5355,#553,.T.);
#4503=EDGE_CURVE('',#5354,#5356,#5950,.T.);
#4504=EDGE_CURVE('',#5357,#5356,#5951,.T.);
#4505=EDGE_CURVE('',#5355,#5357,#5952,.T.);
#4506=EDGE_CURVE('',#5356,#5295,#554,.T.);
#4507=EDGE_CURVE('',#5357,#5294,#555,.T.);
#4508=EDGE_CURVE('',#5287,#5358,#556,.T.);
#4509=EDGE_CURVE('',#5359,#5358,#5953,.T.);
#4510=EDGE_CURVE('',#5286,#5359,#557,.T.);
#4511=EDGE_CURVE('',#5358,#5346,#5954,.T.);
#4512=EDGE_CURVE('',#5359,#5349,#5955,.T.);
#4513=EDGE_CURVE('',#5360,#5360,#558,.T.);
#4514=EDGE_CURVE('',#5361,#5361,#559,.T.);
#4515=EDGE_CURVE('',#5362,#5293,#560,.T.);
#4516=EDGE_CURVE('',#5363,#5362,#5956,.T.);
#4517=EDGE_CURVE('',#5352,#5363,#561,.T.);
#4518=EDGE_CURVE('',#5364,#5353,#562,.T.);
#4519=EDGE_CURVE('',#5365,#5364,#5957,.T.);
#4520=EDGE_CURVE('',#5288,#5365,#563,.T.);
#4521=EDGE_CURVE('',#5313,#5363,#5958,.T.);
#4522=EDGE_CURVE('',#5304,#5362,#5959,.T.);
#4523=EDGE_CURVE('',#5366,#5292,#605,.T.);
#4524=EDGE_CURVE('',#5366,#5305,#944,.F.);
#4525=EDGE_CURVE('',#5308,#5367,#945,.F.);
#4526=EDGE_CURVE('',#5289,#5367,#606,.T.);
#4527=EDGE_CURVE('',#5309,#5365,#5960,.T.);
#4528=EDGE_CURVE('',#5310,#5364,#5961,.T.);
#4529=EDGE_CURVE('',#5368,#5368,#564,.T.);
#4530=EDGE_CURVE('',#5369,#5369,#565,.T.);
#4531=EDGE_CURVE('',#5335,#5330,#5962,.T.);
#4532=EDGE_CURVE('',#5334,#5370,#566,.T.);
#4533=EDGE_CURVE('',#5327,#5370,#5963,.T.);
#4534=EDGE_CURVE('',#5371,#5343,#5964,.T.);
#4535=EDGE_CURVE('',#5331,#5371,#567,.T.);
#4536=EDGE_CURVE('',#5338,#5333,#5965,.T.);
#4537=EDGE_CURVE('',#5332,#5372,#568,.T.);
#4538=EDGE_CURVE('',#5372,#5342,#5966,.T.);
#4539=EDGE_CURVE('',#5322,#5373,#5967,.T.);
#4540=EDGE_CURVE('',#5339,#5373,#569,.T.);
#4541=EDGE_CURVE('',#5372,#5371,#5968,.T.);
#4542=EDGE_CURVE('',#5373,#5370,#5969,.T.);
#4543=EDGE_CURVE('',#5321,#5320,#946,.F.);
#4544=EDGE_CURVE('',#5337,#5328,#5970,.T.);
#4545=EDGE_CURVE('',#5336,#5329,#5971,.T.);
#4546=EDGE_CURVE('',#5317,#5366,#5972,.T.);
#4547=EDGE_CURVE('',#5316,#5367,#5973,.T.);
#4548=EDGE_CURVE('',#5374,#5375,#5974,.T.);
#4549=EDGE_CURVE('',#5375,#5376,#5975,.T.);
#4550=EDGE_CURVE('',#5376,#5377,#5976,.T.);
#4551=EDGE_CURVE('',#5377,#5378,#5977,.T.);
#4552=EDGE_CURVE('',#5378,#5379,#5978,.T.);
#4553=EDGE_CURVE('',#5379,#5374,#5979,.T.);
#4554=EDGE_CURVE('',#5380,#5380,#570,.T.);
#4555=EDGE_CURVE('',#5381,#5375,#5980,.T.);
#4556=EDGE_CURVE('',#5381,#5382,#5981,.T.);
#4557=EDGE_CURVE('',#5382,#5376,#5982,.T.);
#4558=EDGE_CURVE('',#5382,#5383,#5983,.T.);
#4559=EDGE_CURVE('',#5383,#5377,#5984,.T.);
#4560=EDGE_CURVE('',#5383,#5384,#5985,.T.);
#4561=EDGE_CURVE('',#5384,#5378,#5986,.T.);
#4562=EDGE_CURVE('',#5384,#5385,#5987,.T.);
#4563=EDGE_CURVE('',#5385,#5379,#5988,.T.);
#4564=EDGE_CURVE('',#5385,#5386,#5989,.T.);
#4565=EDGE_CURVE('',#5386,#5374,#5990,.T.);
#4566=EDGE_CURVE('',#5386,#5381,#5991,.T.);
#4567=EDGE_CURVE('',#5387,#5388,#5992,.T.);
#4568=EDGE_CURVE('',#5388,#5387,#947,.F.);
#4569=EDGE_CURVE('',#5387,#5388,#948,.F.);
#4570=VERTEX_POINT('',#14593);
#4571=VERTEX_POINT('',#14594);
#4572=VERTEX_POINT('',#14596);
#4573=VERTEX_POINT('',#14598);
#4574=VERTEX_POINT('',#14600);
#4575=VERTEX_POINT('',#14602);
#4576=VERTEX_POINT('',#14604);
#4577=VERTEX_POINT('',#14606);
#4578=VERTEX_POINT('',#14608);
#4579=VERTEX_POINT('',#14610);
#4580=VERTEX_POINT('',#14612);
#4581=VERTEX_POINT('',#14614);
#4582=VERTEX_POINT('',#14616);
#4583=VERTEX_POINT('',#14618);
#4584=VERTEX_POINT('',#14620);
#4585=VERTEX_POINT('',#14622);
#4586=VERTEX_POINT('',#14625);
#4587=VERTEX_POINT('',#14626);
#4588=VERTEX_POINT('',#14628);
#4589=VERTEX_POINT('',#14630);
#4590=VERTEX_POINT('',#14632);
#4591=VERTEX_POINT('',#14634);
#4592=VERTEX_POINT('',#14636);
#4593=VERTEX_POINT('',#14638);
#4594=VERTEX_POINT('',#14640);
#4595=VERTEX_POINT('',#14642);
#4596=VERTEX_POINT('',#14644);
#4597=VERTEX_POINT('',#14646);
#4598=VERTEX_POINT('',#14650);
#4599=VERTEX_POINT('',#14651);
#4600=VERTEX_POINT('',#14653);
#4601=VERTEX_POINT('',#14659);
#4602=VERTEX_POINT('',#14668);
#4603=VERTEX_POINT('',#14673);
#4604=VERTEX_POINT('',#14675);
#4605=VERTEX_POINT('',#14677);
#4606=VERTEX_POINT('',#14685);
#4607=VERTEX_POINT('',#14686);
#4608=VERTEX_POINT('',#14688);
#4609=VERTEX_POINT('',#14690);
#4610=VERTEX_POINT('',#14694);
#4611=VERTEX_POINT('',#14696);
#4612=VERTEX_POINT('',#14698);
#4613=VERTEX_POINT('',#14700);
#4614=VERTEX_POINT('',#14702);
#4615=VERTEX_POINT('',#14704);
#4616=VERTEX_POINT('',#14706);
#4617=VERTEX_POINT('',#14708);
#4618=VERTEX_POINT('',#14710);
#4619=VERTEX_POINT('',#14712);
#4620=VERTEX_POINT('',#14714);
#4621=VERTEX_POINT('',#14716);
#4622=VERTEX_POINT('',#14718);
#4623=VERTEX_POINT('',#14720);
#4624=VERTEX_POINT('',#14722);
#4625=VERTEX_POINT('',#14726);
#4626=VERTEX_POINT('',#14727);
#4627=VERTEX_POINT('',#14729);
#4628=VERTEX_POINT('',#14731);
#4629=VERTEX_POINT('',#14733);
#4630=VERTEX_POINT('',#14735);
#4631=VERTEX_POINT('',#14737);
#4632=VERTEX_POINT('',#14739);
#4633=VERTEX_POINT('',#14741);
#4634=VERTEX_POINT('',#14743);
#4635=VERTEX_POINT('',#14745);
#4636=VERTEX_POINT('',#14747);
#4637=VERTEX_POINT('',#14749);
#4638=VERTEX_POINT('',#14751);
#4639=VERTEX_POINT('',#14753);
#4640=VERTEX_POINT('',#14755);
#4641=VERTEX_POINT('',#14757);
#4642=VERTEX_POINT('',#14761);
#4643=VERTEX_POINT('',#14763);
#4644=VERTEX_POINT('',#14767);
#4645=VERTEX_POINT('',#14769);
#4646=VERTEX_POINT('',#14771);
#4647=VERTEX_POINT('',#14778);
#4648=VERTEX_POINT('',#14779);
#4649=VERTEX_POINT('',#14785);
#4650=VERTEX_POINT('',#14795);
#4651=VERTEX_POINT('',#14799);
#4652=VERTEX_POINT('',#14805);
#4653=VERTEX_POINT('',#14807);
#4654=VERTEX_POINT('',#14813);
#4655=VERTEX_POINT('',#14815);
#4656=VERTEX_POINT('',#14817);
#4657=VERTEX_POINT('',#14822);
#4658=VERTEX_POINT('',#14834);
#4659=VERTEX_POINT('',#14838);
#4660=VERTEX_POINT('',#14839);
#4661=VERTEX_POINT('',#14844);
#4662=VERTEX_POINT('',#14848);
#4663=VERTEX_POINT('',#14849);
#4664=VERTEX_POINT('',#14851);
#4665=VERTEX_POINT('',#14853);
#4666=VERTEX_POINT('',#14855);
#4667=VERTEX_POINT('',#14857);
#4668=VERTEX_POINT('',#14859);
#4669=VERTEX_POINT('',#14861);
#4670=VERTEX_POINT('',#14863);
#4671=VERTEX_POINT('',#14865);
#4672=VERTEX_POINT('',#14867);
#4673=VERTEX_POINT('',#14869);
#4674=VERTEX_POINT('',#14873);
#4675=VERTEX_POINT('',#14874);
#4676=VERTEX_POINT('',#14876);
#4677=VERTEX_POINT('',#14878);
#4678=VERTEX_POINT('',#14880);
#4679=VERTEX_POINT('',#14882);
#4680=VERTEX_POINT('',#14884);
#4681=VERTEX_POINT('',#14886);
#4682=VERTEX_POINT('',#14888);
#4683=VERTEX_POINT('',#14890);
#4684=VERTEX_POINT('',#14892);
#4685=VERTEX_POINT('',#14894);
#4686=VERTEX_POINT('',#14898);
#4687=VERTEX_POINT('',#14899);
#4688=VERTEX_POINT('',#14901);
#4689=VERTEX_POINT('',#14903);
#4690=VERTEX_POINT('',#14905);
#4691=VERTEX_POINT('',#14907);
#4692=VERTEX_POINT('',#14909);
#4693=VERTEX_POINT('',#14911);
#4694=VERTEX_POINT('',#14915);
#4695=VERTEX_POINT('',#14917);
#4696=VERTEX_POINT('',#14921);
#4697=VERTEX_POINT('',#14923);
#4698=VERTEX_POINT('',#14925);
#4699=VERTEX_POINT('',#14927);
#4700=VERTEX_POINT('',#14929);
#4701=VERTEX_POINT('',#14931);
#4702=VERTEX_POINT('',#14935);
#4703=VERTEX_POINT('',#14937);
#4704=VERTEX_POINT('',#14941);
#4705=VERTEX_POINT('',#14943);
#4706=VERTEX_POINT('',#14945);
#4707=VERTEX_POINT('',#14947);
#4708=VERTEX_POINT('',#14949);
#4709=VERTEX_POINT('',#14951);
#4710=VERTEX_POINT('',#14955);
#4711=VERTEX_POINT('',#14956);
#4712=VERTEX_POINT('',#14958);
#4713=VERTEX_POINT('',#14960);
#4714=VERTEX_POINT('',#14962);
#4715=VERTEX_POINT('',#14964);
#4716=VERTEX_POINT('',#14966);
#4717=VERTEX_POINT('',#14968);
#4718=VERTEX_POINT('',#14970);
#4719=VERTEX_POINT('',#14972);
#4720=VERTEX_POINT('',#14974);
#4721=VERTEX_POINT('',#14976);
#4722=VERTEX_POINT('',#14980);
#4723=VERTEX_POINT('',#14981);
#4724=VERTEX_POINT('',#14983);
#4725=VERTEX_POINT('',#14985);
#4726=VERTEX_POINT('',#14987);
#4727=VERTEX_POINT('',#14989);
#4728=VERTEX_POINT('',#14991);
#4729=VERTEX_POINT('',#14993);
#4730=VERTEX_POINT('',#14995);
#4731=VERTEX_POINT('',#14997);
#4732=VERTEX_POINT('',#14999);
#4733=VERTEX_POINT('',#15001);
#4734=VERTEX_POINT('',#15008);
#4735=VERTEX_POINT('',#15009);
#4736=VERTEX_POINT('',#15011);
#4737=VERTEX_POINT('',#15013);
#4738=VERTEX_POINT('',#15018);
#4739=VERTEX_POINT('',#15020);
#4740=VERTEX_POINT('',#15022);
#4741=VERTEX_POINT('',#15024);
#4742=VERTEX_POINT('',#15026);
#4743=VERTEX_POINT('',#15034);
#4744=VERTEX_POINT('',#15037);
#4745=VERTEX_POINT('',#15039);
#4746=VERTEX_POINT('',#15041);
#4747=VERTEX_POINT('',#15043);
#4748=VERTEX_POINT('',#15045);
#4749=VERTEX_POINT('',#15049);
#4750=VERTEX_POINT('',#15053);
#4751=VERTEX_POINT('',#15061);
#4752=VERTEX_POINT('',#15067);
#4753=VERTEX_POINT('',#15068);
#4754=VERTEX_POINT('',#15070);
#4755=VERTEX_POINT('',#15072);
#4756=VERTEX_POINT('',#15076);
#4757=VERTEX_POINT('',#15077);
#4758=VERTEX_POINT('',#15079);
#4759=VERTEX_POINT('',#15081);
#4760=VERTEX_POINT('',#15089);
#4761=VERTEX_POINT('',#15090);
#4762=VERTEX_POINT('',#15092);
#4763=VERTEX_POINT('',#15100);
#4764=VERTEX_POINT('',#15102);
#4765=VERTEX_POINT('',#15110);
#4766=VERTEX_POINT('',#15118);
#4767=VERTEX_POINT('',#15119);
#4768=VERTEX_POINT('',#15121);
#4769=VERTEX_POINT('',#15123);
#4770=VERTEX_POINT('',#15126);
#4771=VERTEX_POINT('',#15128);
#4772=VERTEX_POINT('',#15132);
#4773=VERTEX_POINT('',#15134);
#4774=VERTEX_POINT('',#15136);
#4775=VERTEX_POINT('',#15138);
#4776=VERTEX_POINT('',#15140);
#4777=VERTEX_POINT('',#15142);
#4778=VERTEX_POINT('',#15146);
#4779=VERTEX_POINT('',#15147);
#4780=VERTEX_POINT('',#15149);
#4781=VERTEX_POINT('',#15151);
#4782=VERTEX_POINT('',#15154);
#4783=VERTEX_POINT('',#15156);
#4784=VERTEX_POINT('',#15160);
#4785=VERTEX_POINT('',#15162);
#4786=VERTEX_POINT('',#15164);
#4787=VERTEX_POINT('',#15166);
#4788=VERTEX_POINT('',#15168);
#4789=VERTEX_POINT('',#15170);
#4790=VERTEX_POINT('',#15177);
#4791=VERTEX_POINT('',#15180);
#4792=VERTEX_POINT('',#15182);
#4793=VERTEX_POINT('',#15184);
#4794=VERTEX_POINT('',#15188);
#4795=VERTEX_POINT('',#15190);
#4796=VERTEX_POINT('',#15194);
#4797=VERTEX_POINT('',#15196);
#4798=VERTEX_POINT('',#15203);
#4799=VERTEX_POINT('',#15204);
#4800=VERTEX_POINT('',#15209);
#4801=VERTEX_POINT('',#15211);
#4802=VERTEX_POINT('',#15218);
#4803=VERTEX_POINT('',#15219);
#4804=VERTEX_POINT('',#15224);
#4805=VERTEX_POINT('',#15226);
#4806=VERTEX_POINT('',#15233);
#4807=VERTEX_POINT('',#15235);
#4808=VERTEX_POINT('',#15239);
#4809=VERTEX_POINT('',#15241);
#4810=VERTEX_POINT('',#15245);
#4811=VERTEX_POINT('',#15247);
#4812=VERTEX_POINT('',#15251);
#4813=VERTEX_POINT('',#15253);
#4814=VERTEX_POINT('',#15256);
#4815=VERTEX_POINT('',#15258);
#4816=VERTEX_POINT('',#15262);
#4817=VERTEX_POINT('',#15266);
#4818=VERTEX_POINT('',#15268);
#4819=VERTEX_POINT('',#15271);
#4820=VERTEX_POINT('',#15273);
#4821=VERTEX_POINT('',#15275);
#4822=VERTEX_POINT('',#15278);
#4823=VERTEX_POINT('',#15280);
#4824=VERTEX_POINT('',#15284);
#4825=VERTEX_POINT('',#15286);
#4826=VERTEX_POINT('',#15290);
#4827=VERTEX_POINT('',#15292);
#4828=VERTEX_POINT('',#15299);
#4829=VERTEX_POINT('',#15300);
#4830=VERTEX_POINT('',#15305);
#4831=VERTEX_POINT('',#15307);
#4832=VERTEX_POINT('',#15314);
#4833=VERTEX_POINT('',#15315);
#4834=VERTEX_POINT('',#15320);
#4835=VERTEX_POINT('',#15322);
#4836=VERTEX_POINT('',#15329);
#4837=VERTEX_POINT('',#15331);
#4838=VERTEX_POINT('',#15335);
#4839=VERTEX_POINT('',#15337);
#4840=VERTEX_POINT('',#15341);
#4841=VERTEX_POINT('',#15343);
#4842=VERTEX_POINT('',#15347);
#4843=VERTEX_POINT('',#15350);
#4844=VERTEX_POINT('',#15353);
#4845=VERTEX_POINT('',#15363);
#4846=VERTEX_POINT('',#15365);
#4847=VERTEX_POINT('',#15369);
#4848=VERTEX_POINT('',#15371);
#4849=VERTEX_POINT('',#15373);
#4850=VERTEX_POINT('',#15375);
#4851=VERTEX_POINT('',#15377);
#4852=VERTEX_POINT('',#15379);
#4853=VERTEX_POINT('',#15381);
#4854=VERTEX_POINT('',#15383);
#4855=VERTEX_POINT('',#15385);
#4856=VERTEX_POINT('',#15387);
#4857=VERTEX_POINT('',#15389);
#4858=VERTEX_POINT('',#15391);
#4859=VERTEX_POINT('',#15399);
#4860=VERTEX_POINT('',#15401);
#4861=VERTEX_POINT('',#15403);
#4862=VERTEX_POINT('',#15405);
#4863=VERTEX_POINT('',#15407);
#4864=VERTEX_POINT('',#15409);
#4865=VERTEX_POINT('',#15411);
#4866=VERTEX_POINT('',#15413);
#4867=VERTEX_POINT('',#15415);
#4868=VERTEX_POINT('',#15417);
#4869=VERTEX_POINT('',#15419);
#4870=VERTEX_POINT('',#15421);
#4871=VERTEX_POINT('',#15425);
#4872=VERTEX_POINT('',#15427);
#4873=VERTEX_POINT('',#15433);
#4874=VERTEX_POINT('',#15435);
#4875=VERTEX_POINT('',#15439);
#4876=VERTEX_POINT('',#15441);
#4877=VERTEX_POINT('',#15445);
#4878=VERTEX_POINT('',#15447);
#4879=VERTEX_POINT('',#15451);
#4880=VERTEX_POINT('',#15453);
#4881=VERTEX_POINT('',#15464);
#4882=VERTEX_POINT('',#15468);
#4883=VERTEX_POINT('',#15474);
#4884=VERTEX_POINT('',#15478);
#4885=VERTEX_POINT('',#15482);
#4886=VERTEX_POINT('',#15486);
#4887=VERTEX_POINT('',#15490);
#4888=VERTEX_POINT('',#15494);
#4889=VERTEX_POINT('',#15498);
#4890=VERTEX_POINT('',#15502);
#4891=VERTEX_POINT('',#15506);
#4892=VERTEX_POINT('',#15510);
#4893=VERTEX_POINT('',#15514);
#4894=VERTEX_POINT('',#15518);
#4895=VERTEX_POINT('',#15538);
#4896=VERTEX_POINT('',#15542);
#4897=VERTEX_POINT('',#15546);
#4898=VERTEX_POINT('',#15550);
#4899=VERTEX_POINT('',#15554);
#4900=VERTEX_POINT('',#15558);
#4901=VERTEX_POINT('',#15562);
#4902=VERTEX_POINT('',#15566);
#4903=VERTEX_POINT('',#15570);
#4904=VERTEX_POINT('',#15574);
#4905=VERTEX_POINT('',#15578);
#4906=VERTEX_POINT('',#15582);
#4907=VERTEX_POINT('',#15588);
#4908=VERTEX_POINT('',#15592);
#4909=VERTEX_POINT('',#15612);
#4910=VERTEX_POINT('',#15614);
#4911=VERTEX_POINT('',#15616);
#4912=VERTEX_POINT('',#15617);
#4913=VERTEX_POINT('',#15622);
#4914=VERTEX_POINT('',#15625);
#4915=VERTEX_POINT('',#15628);
#4916=VERTEX_POINT('',#15631);
#4917=VERTEX_POINT('',#15634);
#4918=VERTEX_POINT('',#15637);
#4919=VERTEX_POINT('',#15640);
#4920=VERTEX_POINT('',#15643);
#4921=VERTEX_POINT('',#15644);
#4922=VERTEX_POINT('',#15646);
#4923=VERTEX_POINT('',#15648);
#4924=VERTEX_POINT('',#15650);
#4925=VERTEX_POINT('',#15652);
#4926=VERTEX_POINT('',#15654);
#4927=VERTEX_POINT('',#15656);
#4928=VERTEX_POINT('',#15658);
#4929=VERTEX_POINT('',#15660);
#4930=VERTEX_POINT('',#15662);
#4931=VERTEX_POINT('',#15664);
#4932=VERTEX_POINT('',#15666);
#4933=VERTEX_POINT('',#15668);
#4934=VERTEX_POINT('',#15670);
#4935=VERTEX_POINT('',#15672);
#4936=VERTEX_POINT('',#15674);
#4937=VERTEX_POINT('',#15676);
#4938=VERTEX_POINT('',#15678);
#4939=VERTEX_POINT('',#15680);
#4940=VERTEX_POINT('',#15682);
#4941=VERTEX_POINT('',#15684);
#4942=VERTEX_POINT('',#15686);
#4943=VERTEX_POINT('',#15688);
#4944=VERTEX_POINT('',#15690);
#4945=VERTEX_POINT('',#15692);
#4946=VERTEX_POINT('',#15694);
#4947=VERTEX_POINT('',#15696);
#4948=VERTEX_POINT('',#15698);
#4949=VERTEX_POINT('',#15700);
#4950=VERTEX_POINT('',#15702);
#4951=VERTEX_POINT('',#15704);
#4952=VERTEX_POINT('',#15706);
#4953=VERTEX_POINT('',#15708);
#4954=VERTEX_POINT('',#15710);
#4955=VERTEX_POINT('',#15712);
#4956=VERTEX_POINT('',#15716);
#4957=VERTEX_POINT('',#15718);
#4958=VERTEX_POINT('',#15722);
#4959=VERTEX_POINT('',#15726);
#4960=VERTEX_POINT('',#15730);
#4961=VERTEX_POINT('',#15734);
#4962=VERTEX_POINT('',#15738);
#4963=VERTEX_POINT('',#15742);
#4964=VERTEX_POINT('',#15746);
#4965=VERTEX_POINT('',#15750);
#4966=VERTEX_POINT('',#15754);
#4967=VERTEX_POINT('',#15758);
#4968=VERTEX_POINT('',#15762);
#4969=VERTEX_POINT('',#15766);
#4970=VERTEX_POINT('',#15770);
#4971=VERTEX_POINT('',#15774);
#4972=VERTEX_POINT('',#15778);
#4973=VERTEX_POINT('',#15782);
#4974=VERTEX_POINT('',#15786);
#4975=VERTEX_POINT('',#15790);
#4976=VERTEX_POINT('',#15794);
#4977=VERTEX_POINT('',#15798);
#4978=VERTEX_POINT('',#15802);
#4979=VERTEX_POINT('',#15806);
#4980=VERTEX_POINT('',#15810);
#4981=VERTEX_POINT('',#15814);
#4982=VERTEX_POINT('',#15818);
#4983=VERTEX_POINT('',#15822);
#4984=VERTEX_POINT('',#15826);
#4985=VERTEX_POINT('',#15830);
#4986=VERTEX_POINT('',#15834);
#4987=VERTEX_POINT('',#15838);
#4988=VERTEX_POINT('',#15842);
#4989=VERTEX_POINT('',#15846);
#4990=VERTEX_POINT('',#15850);
#4991=VERTEX_POINT('',#15854);
#4992=VERTEX_POINT('',#15861);
#4993=VERTEX_POINT('',#15864);
#4994=VERTEX_POINT('',#15867);
#4995=VERTEX_POINT('',#15870);
#4996=VERTEX_POINT('',#15873);
#4997=VERTEX_POINT('',#15876);
#4998=VERTEX_POINT('',#15879);
#4999=VERTEX_POINT('',#15882);
#5000=VERTEX_POINT('',#15883);
#5001=VERTEX_POINT('',#15885);
#5002=VERTEX_POINT('',#15887);
#5003=VERTEX_POINT('',#15889);
#5004=VERTEX_POINT('',#15891);
#5005=VERTEX_POINT('',#15893);
#5006=VERTEX_POINT('',#15895);
#5007=VERTEX_POINT('',#15897);
#5008=VERTEX_POINT('',#15899);
#5009=VERTEX_POINT('',#15901);
#5010=VERTEX_POINT('',#15903);
#5011=VERTEX_POINT('',#15905);
#5012=VERTEX_POINT('',#15907);
#5013=VERTEX_POINT('',#15909);
#5014=VERTEX_POINT('',#15911);
#5015=VERTEX_POINT('',#15913);
#5016=VERTEX_POINT('',#15915);
#5017=VERTEX_POINT('',#15917);
#5018=VERTEX_POINT('',#15919);
#5019=VERTEX_POINT('',#15921);
#5020=VERTEX_POINT('',#15923);
#5021=VERTEX_POINT('',#15925);
#5022=VERTEX_POINT('',#15927);
#5023=VERTEX_POINT('',#15929);
#5024=VERTEX_POINT('',#15931);
#5025=VERTEX_POINT('',#15933);
#5026=VERTEX_POINT('',#15935);
#5027=VERTEX_POINT('',#15937);
#5028=VERTEX_POINT('',#15939);
#5029=VERTEX_POINT('',#15941);
#5030=VERTEX_POINT('',#15943);
#5031=VERTEX_POINT('',#15945);
#5032=VERTEX_POINT('',#15947);
#5033=VERTEX_POINT('',#15949);
#5034=VERTEX_POINT('',#15951);
#5035=VERTEX_POINT('',#15955);
#5036=VERTEX_POINT('',#15957);
#5037=VERTEX_POINT('',#15961);
#5038=VERTEX_POINT('',#15965);
#5039=VERTEX_POINT('',#15969);
#5040=VERTEX_POINT('',#15973);
#5041=VERTEX_POINT('',#15977);
#5042=VERTEX_POINT('',#15981);
#5043=VERTEX_POINT('',#15985);
#5044=VERTEX_POINT('',#15989);
#5045=VERTEX_POINT('',#15993);
#5046=VERTEX_POINT('',#15997);
#5047=VERTEX_POINT('',#16001);
#5048=VERTEX_POINT('',#16005);
#5049=VERTEX_POINT('',#16009);
#5050=VERTEX_POINT('',#16013);
#5051=VERTEX_POINT('',#16017);
#5052=VERTEX_POINT('',#16021);
#5053=VERTEX_POINT('',#16025);
#5054=VERTEX_POINT('',#16029);
#5055=VERTEX_POINT('',#16033);
#5056=VERTEX_POINT('',#16037);
#5057=VERTEX_POINT('',#16041);
#5058=VERTEX_POINT('',#16045);
#5059=VERTEX_POINT('',#16049);
#5060=VERTEX_POINT('',#16053);
#5061=VERTEX_POINT('',#16057);
#5062=VERTEX_POINT('',#16061);
#5063=VERTEX_POINT('',#16065);
#5064=VERTEX_POINT('',#16069);
#5065=VERTEX_POINT('',#16073);
#5066=VERTEX_POINT('',#16077);
#5067=VERTEX_POINT('',#16081);
#5068=VERTEX_POINT('',#16085);
#5069=VERTEX_POINT('',#16089);
#5070=VERTEX_POINT('',#16093);
#5071=VERTEX_POINT('',#16122);
#5072=VERTEX_POINT('',#16126);
#5073=VERTEX_POINT('',#16141);
#5074=VERTEX_POINT('',#16151);
#5075=VERTEX_POINT('',#16155);
#5076=VERTEX_POINT('',#16167);
#5077=VERTEX_POINT('',#16171);
#5078=VERTEX_POINT('',#16183);
#5079=VERTEX_POINT('',#16187);
#5080=VERTEX_POINT('',#16201);
#5081=VERTEX_POINT('',#16205);
#5082=VERTEX_POINT('',#16228);
#5083=VERTEX_POINT('',#16230);
#5084=VERTEX_POINT('',#16232);
#5085=VERTEX_POINT('',#16234);
#5086=VERTEX_POINT('',#16237);
#5087=VERTEX_POINT('',#16239);
#5088=VERTEX_POINT('',#16248);
#5089=VERTEX_POINT('',#16250);
#5090=VERTEX_POINT('',#16254);
#5091=VERTEX_POINT('',#16256);
#5092=VERTEX_POINT('',#16260);
#5093=VERTEX_POINT('',#16261);
#5094=VERTEX_POINT('',#16263);
#5095=VERTEX_POINT('',#16265);
#5096=VERTEX_POINT('',#16269);
#5097=VERTEX_POINT('',#16270);
#5098=VERTEX_POINT('',#16275);
#5099=VERTEX_POINT('',#16279);
#5100=VERTEX_POINT('',#16285);
#5101=VERTEX_POINT('',#16286);
#5102=VERTEX_POINT('',#16288);
#5103=VERTEX_POINT('',#16290);
#5104=VERTEX_POINT('',#16295);
#5105=VERTEX_POINT('',#16296);
#5106=VERTEX_POINT('',#16298);
#5107=VERTEX_POINT('',#16300);
#5108=VERTEX_POINT('',#16315);
#5109=VERTEX_POINT('',#16317);
#5110=VERTEX_POINT('',#16326);
#5111=VERTEX_POINT('',#16327);
#5112=VERTEX_POINT('',#16329);
#5113=VERTEX_POINT('',#16331);
#5114=VERTEX_POINT('',#16333);
#5115=VERTEX_POINT('',#16335);
#5116=VERTEX_POINT('',#16337);
#5117=VERTEX_POINT('',#16339);
#5118=VERTEX_POINT('',#16341);
#5119=VERTEX_POINT('',#16343);
#5120=VERTEX_POINT('',#16345);
#5121=VERTEX_POINT('',#16347);
#5122=VERTEX_POINT('',#16349);
#5123=VERTEX_POINT('',#16351);
#5124=VERTEX_POINT('',#16353);
#5125=VERTEX_POINT('',#16355);
#5126=VERTEX_POINT('',#16357);
#5127=VERTEX_POINT('',#16359);
#5128=VERTEX_POINT('',#16361);
#5129=VERTEX_POINT('',#16363);
#5130=VERTEX_POINT('',#16365);
#5131=VERTEX_POINT('',#16367);
#5132=VERTEX_POINT('',#16369);
#5133=VERTEX_POINT('',#16371);
#5134=VERTEX_POINT('',#16373);
#5135=VERTEX_POINT('',#16375);
#5136=VERTEX_POINT('',#16377);
#5137=VERTEX_POINT('',#16379);
#5138=VERTEX_POINT('',#16381);
#5139=VERTEX_POINT('',#16383);
#5140=VERTEX_POINT('',#16385);
#5141=VERTEX_POINT('',#16387);
#5142=VERTEX_POINT('',#16389);
#5143=VERTEX_POINT('',#16391);
#5144=VERTEX_POINT('',#16393);
#5145=VERTEX_POINT('',#16395);
#5146=VERTEX_POINT('',#16398);
#5147=VERTEX_POINT('',#16401);
#5148=VERTEX_POINT('',#16404);
#5149=VERTEX_POINT('',#16407);
#5150=VERTEX_POINT('',#16410);
#5151=VERTEX_POINT('',#16413);
#5152=VERTEX_POINT('',#16416);
#5153=VERTEX_POINT('',#16420);
#5154=VERTEX_POINT('',#16421);
#5155=VERTEX_POINT('',#16423);
#5156=VERTEX_POINT('',#16425);
#5157=VERTEX_POINT('',#16427);
#5158=VERTEX_POINT('',#16429);
#5159=VERTEX_POINT('',#16431);
#5160=VERTEX_POINT('',#16433);
#5161=VERTEX_POINT('',#16435);
#5162=VERTEX_POINT('',#16437);
#5163=VERTEX_POINT('',#16439);
#5164=VERTEX_POINT('',#16441);
#5165=VERTEX_POINT('',#16443);
#5166=VERTEX_POINT('',#16445);
#5167=VERTEX_POINT('',#16447);
#5168=VERTEX_POINT('',#16449);
#5169=VERTEX_POINT('',#16451);
#5170=VERTEX_POINT('',#16453);
#5171=VERTEX_POINT('',#16455);
#5172=VERTEX_POINT('',#16457);
#5173=VERTEX_POINT('',#16459);
#5174=VERTEX_POINT('',#16461);
#5175=VERTEX_POINT('',#16463);
#5176=VERTEX_POINT('',#16465);
#5177=VERTEX_POINT('',#16467);
#5178=VERTEX_POINT('',#16469);
#5179=VERTEX_POINT('',#16471);
#5180=VERTEX_POINT('',#16473);
#5181=VERTEX_POINT('',#16475);
#5182=VERTEX_POINT('',#16477);
#5183=VERTEX_POINT('',#16479);
#5184=VERTEX_POINT('',#16481);
#5185=VERTEX_POINT('',#16483);
#5186=VERTEX_POINT('',#16485);
#5187=VERTEX_POINT('',#16487);
#5188=VERTEX_POINT('',#16489);
#5189=VERTEX_POINT('',#16492);
#5190=VERTEX_POINT('',#16495);
#5191=VERTEX_POINT('',#16498);
#5192=VERTEX_POINT('',#16501);
#5193=VERTEX_POINT('',#16504);
#5194=VERTEX_POINT('',#16507);
#5195=VERTEX_POINT('',#16510);
#5196=VERTEX_POINT('',#16514);
#5197=VERTEX_POINT('',#16516);
#5198=VERTEX_POINT('',#16520);
#5199=VERTEX_POINT('',#16524);
#5200=VERTEX_POINT('',#16528);
#5201=VERTEX_POINT('',#16532);
#5202=VERTEX_POINT('',#16536);
#5203=VERTEX_POINT('',#16540);
#5204=VERTEX_POINT('',#16544);
#5205=VERTEX_POINT('',#16548);
#5206=VERTEX_POINT('',#16552);
#5207=VERTEX_POINT('',#16556);
#5208=VERTEX_POINT('',#16560);
#5209=VERTEX_POINT('',#16564);
#5210=VERTEX_POINT('',#16568);
#5211=VERTEX_POINT('',#16572);
#5212=VERTEX_POINT('',#16576);
#5213=VERTEX_POINT('',#16580);
#5214=VERTEX_POINT('',#16584);
#5215=VERTEX_POINT('',#16588);
#5216=VERTEX_POINT('',#16592);
#5217=VERTEX_POINT('',#16596);
#5218=VERTEX_POINT('',#16600);
#5219=VERTEX_POINT('',#16604);
#5220=VERTEX_POINT('',#16608);
#5221=VERTEX_POINT('',#16612);
#5222=VERTEX_POINT('',#16616);
#5223=VERTEX_POINT('',#16620);
#5224=VERTEX_POINT('',#16624);
#5225=VERTEX_POINT('',#16628);
#5226=VERTEX_POINT('',#16632);
#5227=VERTEX_POINT('',#16636);
#5228=VERTEX_POINT('',#16640);
#5229=VERTEX_POINT('',#16644);
#5230=VERTEX_POINT('',#16648);
#5231=VERTEX_POINT('',#16652);
#5232=VERTEX_POINT('',#16659);
#5233=VERTEX_POINT('',#16661);
#5234=VERTEX_POINT('',#16665);
#5235=VERTEX_POINT('',#16669);
#5236=VERTEX_POINT('',#16673);
#5237=VERTEX_POINT('',#16677);
#5238=VERTEX_POINT('',#16681);
#5239=VERTEX_POINT('',#16685);
#5240=VERTEX_POINT('',#16689);
#5241=VERTEX_POINT('',#16693);
#5242=VERTEX_POINT('',#16697);
#5243=VERTEX_POINT('',#16701);
#5244=VERTEX_POINT('',#16705);
#5245=VERTEX_POINT('',#16709);
#5246=VERTEX_POINT('',#16713);
#5247=VERTEX_POINT('',#16717);
#5248=VERTEX_POINT('',#16721);
#5249=VERTEX_POINT('',#16725);
#5250=VERTEX_POINT('',#16729);
#5251=VERTEX_POINT('',#16733);
#5252=VERTEX_POINT('',#16737);
#5253=VERTEX_POINT('',#16741);
#5254=VERTEX_POINT('',#16745);
#5255=VERTEX_POINT('',#16749);
#5256=VERTEX_POINT('',#16753);
#5257=VERTEX_POINT('',#16757);
#5258=VERTEX_POINT('',#16761);
#5259=VERTEX_POINT('',#16765);
#5260=VERTEX_POINT('',#16769);
#5261=VERTEX_POINT('',#16773);
#5262=VERTEX_POINT('',#16777);
#5263=VERTEX_POINT('',#16781);
#5264=VERTEX_POINT('',#16785);
#5265=VERTEX_POINT('',#16789);
#5266=VERTEX_POINT('',#16793);
#5267=VERTEX_POINT('',#16797);
#5268=VERTEX_POINT('',#16804);
#5269=VERTEX_POINT('',#16806);
#5270=VERTEX_POINT('',#16812);
#5271=VERTEX_POINT('',#16816);
#5272=VERTEX_POINT('',#16822);
#5273=VERTEX_POINT('',#16825);
#5274=VERTEX_POINT('',#16828);
#5275=VERTEX_POINT('',#16831);
#5276=VERTEX_POINT('',#16836);
#5277=VERTEX_POINT('',#16837);
#5278=VERTEX_POINT('',#16839);
#5279=VERTEX_POINT('',#16841);
#5280=VERTEX_POINT('',#16845);
#5281=VERTEX_POINT('',#16847);
#5282=VERTEX_POINT('',#16851);
#5283=VERTEX_POINT('',#16853);
#5284=VERTEX_POINT('',#16863);
#5285=VERTEX_POINT('',#16865);
#5286=VERTEX_POINT('',#16868);
#5287=VERTEX_POINT('',#16869);
#5288=VERTEX_POINT('',#16871);
#5289=VERTEX_POINT('',#16873);
#5290=VERTEX_POINT('',#16875);
#5291=VERTEX_POINT('',#16877);
#5292=VERTEX_POINT('',#16879);
#5293=VERTEX_POINT('',#16881);
#5294=VERTEX_POINT('',#16883);
#5295=VERTEX_POINT('',#16885);
#5296=VERTEX_POINT('',#16889);
#5297=VERTEX_POINT('',#16890);
#5298=VERTEX_POINT('',#16892);
#5299=VERTEX_POINT('',#16894);
#5300=VERTEX_POINT('',#16896);
#5301=VERTEX_POINT('',#16898);
#5302=VERTEX_POINT('',#16901);
#5303=VERTEX_POINT('',#16903);
#5304=VERTEX_POINT('',#16905);
#5305=VERTEX_POINT('',#16906);
#5306=VERTEX_POINT('',#16908);
#5307=VERTEX_POINT('',#16910);
#5308=VERTEX_POINT('',#16912);
#5309=VERTEX_POINT('',#16914);
#5310=VERTEX_POINT('',#16916);
#5311=VERTEX_POINT('',#16918);
#5312=VERTEX_POINT('',#16920);
#5313=VERTEX_POINT('',#16922);
#5314=VERTEX_POINT('',#16926);
#5315=VERTEX_POINT('',#16928);
#5316=VERTEX_POINT('',#16932);
#5317=VERTEX_POINT('',#16934);
#5318=VERTEX_POINT('',#16939);
#5319=VERTEX_POINT('',#16941);
#5320=VERTEX_POINT('',#16948);
#5321=VERTEX_POINT('',#16949);
#5322=VERTEX_POINT('',#16951);
#5323=VERTEX_POINT('',#16953);
#5324=VERTEX_POINT('',#16958);
#5325=VERTEX_POINT('',#16962);
#5326=VERTEX_POINT('',#16967);
#5327=VERTEX_POINT('',#16969);
#5328=VERTEX_POINT('',#16973);
#5329=VERTEX_POINT('',#16974);
#5330=VERTEX_POINT('',#16976);
#5331=VERTEX_POINT('',#16978);
#5332=VERTEX_POINT('',#16980);
#5333=VERTEX_POINT('',#16982);
#5334=VERTEX_POINT('',#16986);
#5335=VERTEX_POINT('',#16987);
#5336=VERTEX_POINT('',#16989);
#5337=VERTEX_POINT('',#16991);
#5338=VERTEX_POINT('',#16993);
#5339=VERTEX_POINT('',#16995);
#5340=VERTEX_POINT('',#16999);
#5341=VERTEX_POINT('',#17001);
#5342=VERTEX_POINT('',#17005);
#5343=VERTEX_POINT('',#17007);
#5344=VERTEX_POINT('',#17013);
#5345=VERTEX_POINT('',#17015);
#5346=VERTEX_POINT('',#17022);
#5347=VERTEX_POINT('',#17023);
#5348=VERTEX_POINT('',#17025);
#5349=VERTEX_POINT('',#17027);
#5350=VERTEX_POINT('',#17031);
#5351=VERTEX_POINT('',#17033);
#5352=VERTEX_POINT('',#17035);
#5353=VERTEX_POINT('',#17038);
#5354=VERTEX_POINT('',#17042);
#5355=VERTEX_POINT('',#17044);
#5356=VERTEX_POINT('',#17048);
#5357=VERTEX_POINT('',#17050);
#5358=VERTEX_POINT('',#17057);
#5359=VERTEX_POINT('',#17059);
#5360=VERTEX_POINT('',#17066);
#5361=VERTEX_POINT('',#17068);
#5362=VERTEX_POINT('',#17071);
#5363=VERTEX_POINT('',#17073);
#5364=VERTEX_POINT('',#17077);
#5365=VERTEX_POINT('',#17079);
#5366=VERTEX_POINT('',#17090);
#5367=VERTEX_POINT('',#17094);
#5368=VERTEX_POINT('',#17105);
#5369=VERTEX_POINT('',#17108);
#5370=VERTEX_POINT('',#17118);
#5371=VERTEX_POINT('',#17121);
#5372=VERTEX_POINT('',#17126);
#5373=VERTEX_POINT('',#17129);
#5374=VERTEX_POINT('',#17153);
#5375=VERTEX_POINT('',#17154);
#5376=VERTEX_POINT('',#17156);
#5377=VERTEX_POINT('',#17158);
#5378=VERTEX_POINT('',#17160);
#5379=VERTEX_POINT('',#17162);
#5380=VERTEX_POINT('',#17166);
#5381=VERTEX_POINT('',#17170);
#5382=VERTEX_POINT('',#17172);
#5383=VERTEX_POINT('',#17176);
#5384=VERTEX_POINT('',#17180);
#5385=VERTEX_POINT('',#17184);
#5386=VERTEX_POINT('',#17188);
#5387=VERTEX_POINT('',#17195);
#5388=VERTEX_POINT('',#17196);
#5389=LINE('',#14592,#5993);
#5390=LINE('',#14595,#5994);
#5391=LINE('',#14597,#5995);
#5392=LINE('',#14599,#5996);
#5393=LINE('',#14601,#5997);
#5394=LINE('',#14603,#5998);
#5395=LINE('',#14605,#5999);
#5396=LINE('',#14607,#6000);
#5397=LINE('',#14611,#6001);
#5398=LINE('',#14613,#6002);
#5399=LINE('',#14615,#6003);
#5400=LINE('',#14617,#6004);
#5401=LINE('',#14619,#6005);
#5402=LINE('',#14621,#6006);
#5403=LINE('',#14623,#6007);
#5404=LINE('',#14624,#6008);
#5405=LINE('',#14627,#6009);
#5406=LINE('',#14629,#6010);
#5407=LINE('',#14631,#6011);
#5408=LINE('',#14633,#6012);
#5409=LINE('',#14635,#6013);
#5410=LINE('',#14637,#6014);
#5411=LINE('',#14639,#6015);
#5412=LINE('',#14641,#6016);
#5413=LINE('',#14643,#6017);
#5414=LINE('',#14645,#6018);
#5415=LINE('',#14647,#6019);
#5416=LINE('',#14652,#6020);
#5417=LINE('',#14674,#6021);
#5418=LINE('',#14684,#6022);
#5419=LINE('',#14687,#6023);
#5420=LINE('',#14689,#6024);
#5421=LINE('',#14691,#6025);
#5422=LINE('',#14693,#6026);
#5423=LINE('',#14695,#6027);
#5424=LINE('',#14699,#6028);
#5425=LINE('',#14701,#6029);
#5426=LINE('',#14703,#6030);
#5427=LINE('',#14705,#6031);
#5428=LINE('',#14707,#6032);
#5429=LINE('',#14709,#6033);
#5430=LINE('',#14711,#6034);
#5431=LINE('',#14713,#6035);
#5432=LINE('',#14715,#6036);
#5433=LINE('',#14717,#6037);
#5434=LINE('',#14719,#6038);
#5435=LINE('',#14725,#6039);
#5436=LINE('',#14728,#6040);
#5437=LINE('',#14734,#6041);
#5438=LINE('',#14736,#6042);
#5439=LINE('',#14738,#6043);
#5440=LINE('',#14740,#6044);
#5441=LINE('',#14742,#6045);
#5442=LINE('',#14744,#6046);
#5443=LINE('',#14746,#6047);
#5444=LINE('',#14748,#6048);
#5445=LINE('',#14750,#6049);
#5446=LINE('',#14752,#6050);
#5447=LINE('',#14754,#6051);
#5448=LINE('',#14758,#6052);
#5449=LINE('',#14760,#6053);
#5450=LINE('',#14762,#6054);
#5451=LINE('',#14764,#6055);
#5452=LINE('',#14768,#6056);
#5453=LINE('',#14777,#6057);
#5454=LINE('',#14796,#6058);
#5455=LINE('',#14798,#6059);
#5456=LINE('',#14806,#6060);
#5457=LINE('',#14814,#6061);
#5458=LINE('',#14833,#6062);
#5459=LINE('',#14837,#6063);
#5460=LINE('',#14843,#6064);
#5461=LINE('',#14847,#6065);
#5462=LINE('',#14852,#6066);
#5463=LINE('',#14854,#6067);
#5464=LINE('',#14856,#6068);
#5465=LINE('',#14858,#6069);
#5466=LINE('',#14860,#6070);
#5467=LINE('',#14862,#6071);
#5468=LINE('',#14864,#6072);
#5469=LINE('',#14866,#6073);
#5470=LINE('',#14868,#6074);
#5471=LINE('',#14870,#6075);
#5472=LINE('',#14872,#6076);
#5473=LINE('',#14877,#6077);
#5474=LINE('',#14879,#6078);
#5475=LINE('',#14881,#6079);
#5476=LINE('',#14883,#6080);
#5477=LINE('',#14885,#6081);
#5478=LINE('',#14887,#6082);
#5479=LINE('',#14889,#6083);
#5480=LINE('',#14891,#6084);
#5481=LINE('',#14893,#6085);
#5482=LINE('',#14895,#6086);
#5483=LINE('',#14900,#6087);
#5484=LINE('',#14904,#6088);
#5485=LINE('',#14908,#6089);
#5486=LINE('',#14912,#6090);
#5487=LINE('',#14916,#6091);
#5488=LINE('',#14920,#6092);
#5489=LINE('',#14922,#6093);
#5490=LINE('',#14924,#6094);
#5491=LINE('',#14926,#6095);
#5492=LINE('',#14928,#6096);
#5493=LINE('',#14930,#6097);
#5494=LINE('',#14932,#6098);
#5495=LINE('',#14936,#6099);
#5496=LINE('',#14942,#6100);
#5497=LINE('',#14946,#6101);
#5498=LINE('',#14950,#6102);
#5499=LINE('',#14954,#6103);
#5500=LINE('',#14959,#6104);
#5501=LINE('',#14961,#6105);
#5502=LINE('',#14963,#6106);
#5503=LINE('',#14965,#6107);
#5504=LINE('',#14967,#6108);
#5505=LINE('',#14969,#6109);
#5506=LINE('',#14971,#6110);
#5507=LINE('',#14973,#6111);
#5508=LINE('',#14975,#6112);
#5509=LINE('',#14977,#6113);
#5510=LINE('',#14979,#6114);
#5511=LINE('',#14984,#6115);
#5512=LINE('',#14986,#6116);
#5513=LINE('',#14988,#6117);
#5514=LINE('',#14990,#6118);
#5515=LINE('',#14992,#6119);
#5516=LINE('',#14994,#6120);
#5517=LINE('',#14996,#6121);
#5518=LINE('',#14998,#6122);
#5519=LINE('',#15000,#6123);
#5520=LINE('',#15002,#6124);
#5521=LINE('',#15010,#6125);
#5522=LINE('',#15014,#6126);
#5523=LINE('',#15017,#6127);
#5524=LINE('',#15021,#6128);
#5525=LINE('',#15025,#6129);
#5526=LINE('',#15033,#6130);
#5527=LINE('',#15036,#6131);
#5528=LINE('',#15040,#6132);
#5529=LINE('',#15044,#6133);
#5530=LINE('',#15048,#6134);
#5531=LINE('',#15052,#6135);
#5532=LINE('',#15060,#6136);
#5533=LINE('',#15062,#6137);
#5534=LINE('',#15066,#6138);
#5535=LINE('',#15069,#6139);
#5536=LINE('',#15071,#6140);
#5537=LINE('',#15073,#6141);
#5538=LINE('',#15075,#6142);
#5539=LINE('',#15078,#6143);
#5540=LINE('',#15080,#6144);
#5541=LINE('',#15082,#6145);
#5542=LINE('',#15091,#6146);
#5543=LINE('',#15099,#6147);
#5544=LINE('',#15101,#6148);
#5545=LINE('',#15103,#6149);
#5546=LINE('',#15117,#6150);
#5547=LINE('',#15122,#6151);
#5548=LINE('',#15127,#6152);
#5549=LINE('',#15133,#6153);
#5550=LINE('',#15137,#6154);
#5551=LINE('',#15141,#6155);
#5552=LINE('',#15145,#6156);
#5553=LINE('',#15150,#6157);
#5554=LINE('',#15155,#6158);
#5555=LINE('',#15161,#6159);
#5556=LINE('',#15165,#6160);
#5557=LINE('',#15169,#6161);
#5558=LINE('',#15178,#6162);
#5559=LINE('',#15179,#6163);
#5560=LINE('',#15181,#6164);
#5561=LINE('',#15183,#6165);
#5562=LINE('',#15185,#6166);
#5563=LINE('',#15191,#6167);
#5564=LINE('',#15193,#6168);
#5565=LINE('',#15195,#6169);
#5566=LINE('',#15197,#6170);
#5567=LINE('',#15202,#6171);
#5568=LINE('',#15208,#6172);
#5569=LINE('',#15210,#6173);
#5570=LINE('',#15212,#6174);
#5571=LINE('',#15217,#6175);
#5572=LINE('',#15223,#6176);
#5573=LINE('',#15225,#6177);
#5574=LINE('',#15227,#6178);
#5575=LINE('',#15236,#6179);
#5576=LINE('',#15238,#6180);
#5577=LINE('',#15240,#6181);
#5578=LINE('',#15242,#6182);
#5579=LINE('',#15248,#6183);
#5580=LINE('',#15250,#6184);
#5581=LINE('',#15254,#6185);
#5582=LINE('',#15255,#6186);
#5583=LINE('',#15257,#6187);
#5584=LINE('',#15259,#6188);
#5585=LINE('',#15260,#6189);
#5586=LINE('',#15261,#6190);
#5587=LINE('',#15263,#6191);
#5588=LINE('',#15265,#6192);
#5589=LINE('',#15269,#6193);
#5590=LINE('',#15270,#6194);
#5591=LINE('',#15272,#6195);
#5592=LINE('',#15274,#6196);
#5593=LINE('',#15276,#6197);
#5594=LINE('',#15277,#6198);
#5595=LINE('',#15279,#6199);
#5596=LINE('',#15281,#6200);
#5597=LINE('',#15287,#6201);
#5598=LINE('',#15289,#6202);
#5599=LINE('',#15291,#6203);
#5600=LINE('',#15293,#6204);
#5601=LINE('',#15298,#6205);
#5602=LINE('',#15304,#6206);
#5603=LINE('',#15306,#6207);
#5604=LINE('',#15308,#6208);
#5605=LINE('',#15313,#6209);
#5606=LINE('',#15319,#6210);
#5607=LINE('',#15321,#6211);
#5608=LINE('',#15323,#6212);
#5609=LINE('',#15332,#6213);
#5610=LINE('',#15334,#6214);
#5611=LINE('',#15336,#6215);
#5612=LINE('',#15338,#6216);
#5613=LINE('',#15344,#6217);
#5614=LINE('',#15348,#6218);
#5615=LINE('',#15349,#6219);
#5616=LINE('',#15351,#6220);
#5617=LINE('',#15352,#6221);
#5618=LINE('',#15364,#6222);
#5619=LINE('',#15370,#6223);
#5620=LINE('',#15390,#6224);
#5621=LINE('',#15400,#6225);
#5622=LINE('',#15420,#6226);
#5623=LINE('',#15426,#6227);
#5624=LINE('',#15430,#6228);
#5625=LINE('',#15434,#6229);
#5626=LINE('',#15440,#6230);
#5627=LINE('',#15446,#6231);
#5628=LINE('',#15452,#6232);
#5629=LINE('',#15458,#6233);
#5630=LINE('',#15460,#6234);
#5631=LINE('',#15465,#6235);
#5632=LINE('',#15467,#6236);
#5633=LINE('',#15469,#6237);
#5634=LINE('',#15475,#6238);
#5635=LINE('',#15477,#6239);
#5636=LINE('',#15479,#6240);
#5637=LINE('',#15483,#6241);
#5638=LINE('',#15487,#6242);
#5639=LINE('',#15491,#6243);
#5640=LINE('',#15495,#6244);
#5641=LINE('',#15499,#6245);
#5642=LINE('',#15503,#6246);
#5643=LINE('',#15507,#6247);
#5644=LINE('',#15511,#6248);
#5645=LINE('',#15515,#6249);
#5646=LINE('',#15517,#6250);
#5647=LINE('',#15519,#6251);
#5648=LINE('',#15523,#6252);
#5649=LINE('',#15525,#6253);
#5650=LINE('',#15532,#6254);
#5651=LINE('',#15534,#6255);
#5652=LINE('',#15539,#6256);
#5653=LINE('',#15541,#6257);
#5654=LINE('',#15543,#6258);
#5655=LINE('',#15547,#6259);
#5656=LINE('',#15551,#6260);
#5657=LINE('',#15555,#6261);
#5658=LINE('',#15559,#6262);
#5659=LINE('',#15563,#6263);
#5660=LINE('',#15567,#6264);
#5661=LINE('',#15571,#6265);
#5662=LINE('',#15575,#6266);
#5663=LINE('',#15579,#6267);
#5664=LINE('',#15581,#6268);
#5665=LINE('',#15583,#6269);
#5666=LINE('',#15589,#6270);
#5667=LINE('',#15591,#6271);
#5668=LINE('',#15593,#6272);
#5669=LINE('',#15597,#6273);
#5670=LINE('',#15599,#6274);
#5671=LINE('',#15603,#6275);
#5672=LINE('',#15618,#6276);
#5673=LINE('',#15619,#6277);
#5674=LINE('',#15715,#6278);
#5675=LINE('',#15719,#6279);
#5676=LINE('',#15721,#6280);
#5677=LINE('',#15725,#6281);
#5678=LINE('',#15729,#6282);
#5679=LINE('',#15733,#6283);
#5680=LINE('',#15737,#6284);
#5681=LINE('',#15741,#6285);
#5682=LINE('',#15745,#6286);
#5683=LINE('',#15749,#6287);
#5684=LINE('',#15753,#6288);
#5685=LINE('',#15757,#6289);
#5686=LINE('',#15761,#6290);
#5687=LINE('',#15765,#6291);
#5688=LINE('',#15769,#6292);
#5689=LINE('',#15773,#6293);
#5690=LINE('',#15777,#6294);
#5691=LINE('',#15781,#6295);
#5692=LINE('',#15785,#6296);
#5693=LINE('',#15789,#6297);
#5694=LINE('',#15793,#6298);
#5695=LINE('',#15797,#6299);
#5696=LINE('',#15801,#6300);
#5697=LINE('',#15805,#6301);
#5698=LINE('',#15809,#6302);
#5699=LINE('',#15813,#6303);
#5700=LINE('',#15817,#6304);
#5701=LINE('',#15821,#6305);
#5702=LINE('',#15825,#6306);
#5703=LINE('',#15829,#6307);
#5704=LINE('',#15833,#6308);
#5705=LINE('',#15837,#6309);
#5706=LINE('',#15841,#6310);
#5707=LINE('',#15845,#6311);
#5708=LINE('',#15849,#6312);
#5709=LINE('',#15853,#6313);
#5710=LINE('',#15954,#6314);
#5711=LINE('',#15958,#6315);
#5712=LINE('',#15960,#6316);
#5713=LINE('',#15964,#6317);
#5714=LINE('',#15968,#6318);
#5715=LINE('',#15972,#6319);
#5716=LINE('',#15976,#6320);
#5717=LINE('',#15980,#6321);
#5718=LINE('',#15984,#6322);
#5719=LINE('',#15988,#6323);
#5720=LINE('',#15992,#6324);
#5721=LINE('',#15996,#6325);
#5722=LINE('',#16000,#6326);
#5723=LINE('',#16004,#6327);
#5724=LINE('',#16008,#6328);
#5725=LINE('',#16012,#6329);
#5726=LINE('',#16016,#6330);
#5727=LINE('',#16020,#6331);
#5728=LINE('',#16024,#6332);
#5729=LINE('',#16028,#6333);
#5730=LINE('',#16032,#6334);
#5731=LINE('',#16036,#6335);
#5732=LINE('',#16040,#6336);
#5733=LINE('',#16044,#6337);
#5734=LINE('',#16048,#6338);
#5735=LINE('',#16052,#6339);
#5736=LINE('',#16056,#6340);
#5737=LINE('',#16060,#6341);
#5738=LINE('',#16064,#6342);
#5739=LINE('',#16068,#6343);
#5740=LINE('',#16072,#6344);
#5741=LINE('',#16076,#6345);
#5742=LINE('',#16080,#6346);
#5743=LINE('',#16084,#6347);
#5744=LINE('',#16088,#6348);
#5745=LINE('',#16092,#6349);
#5746=LINE('',#16099,#6350);
#5747=LINE('',#16101,#6351);
#5748=LINE('',#16123,#6352);
#5749=LINE('',#16125,#6353);
#5750=LINE('',#16127,#6354);
#5751=LINE('',#16152,#6355);
#5752=LINE('',#16154,#6356);
#5753=LINE('',#16156,#6357);
#5754=LINE('',#16168,#6358);
#5755=LINE('',#16170,#6359);
#5756=LINE('',#16172,#6360);
#5757=LINE('',#16202,#6361);
#5758=LINE('',#16204,#6362);
#5759=LINE('',#16206,#6363);
#5760=LINE('',#16219,#6364);
#5761=LINE('',#16221,#6365);
#5762=LINE('',#16223,#6366);
#5763=LINE('',#16225,#6367);
#5764=LINE('',#16227,#6368);
#5765=LINE('',#16229,#6369);
#5766=LINE('',#16233,#6370);
#5767=LINE('',#16241,#6371);
#5768=LINE('',#16242,#6372);
#5769=LINE('',#16247,#6373);
#5770=LINE('',#16249,#6374);
#5771=LINE('',#16251,#6375);
#5772=LINE('',#16253,#6376);
#5773=LINE('',#16255,#6377);
#5774=LINE('',#16257,#6378);
#5775=LINE('',#16259,#6379);
#5776=LINE('',#16262,#6380);
#5777=LINE('',#16264,#6381);
#5778=LINE('',#16266,#6382);
#5779=LINE('',#16268,#6383);
#5780=LINE('',#16272,#6384);
#5781=LINE('',#16274,#6385);
#5782=LINE('',#16278,#6386);
#5783=LINE('',#16280,#6387);
#5784=LINE('',#16282,#6388);
#5785=LINE('',#16284,#6389);
#5786=LINE('',#16287,#6390);
#5787=LINE('',#16289,#6391);
#5788=LINE('',#16291,#6392);
#5789=LINE('',#16293,#6393);
#5790=LINE('',#16294,#6394);
#5791=LINE('',#16297,#6395);
#5792=LINE('',#16299,#6396);
#5793=LINE('',#16301,#6397);
#5794=LINE('',#16303,#6398);
#5795=LINE('',#16306,#6399);
#5796=LINE('',#16307,#6400);
#5797=LINE('',#16314,#6401);
#5798=LINE('',#16318,#6402);
#5799=LINE('',#16320,#6403);
#5800=LINE('',#16322,#6404);
#5801=LINE('',#16513,#6405);
#5802=LINE('',#16517,#6406);
#5803=LINE('',#16519,#6407);
#5804=LINE('',#16523,#6408);
#5805=LINE('',#16527,#6409);
#5806=LINE('',#16531,#6410);
#5807=LINE('',#16535,#6411);
#5808=LINE('',#16539,#6412);
#5809=LINE('',#16543,#6413);
#5810=LINE('',#16547,#6414);
#5811=LINE('',#16551,#6415);
#5812=LINE('',#16555,#6416);
#5813=LINE('',#16559,#6417);
#5814=LINE('',#16563,#6418);
#5815=LINE('',#16567,#6419);
#5816=LINE('',#16571,#6420);
#5817=LINE('',#16575,#6421);
#5818=LINE('',#16579,#6422);
#5819=LINE('',#16583,#6423);
#5820=LINE('',#16587,#6424);
#5821=LINE('',#16591,#6425);
#5822=LINE('',#16595,#6426);
#5823=LINE('',#16599,#6427);
#5824=LINE('',#16603,#6428);
#5825=LINE('',#16607,#6429);
#5826=LINE('',#16611,#6430);
#5827=LINE('',#16615,#6431);
#5828=LINE('',#16619,#6432);
#5829=LINE('',#16623,#6433);
#5830=LINE('',#16627,#6434);
#5831=LINE('',#16631,#6435);
#5832=LINE('',#16635,#6436);
#5833=LINE('',#16639,#6437);
#5834=LINE('',#16643,#6438);
#5835=LINE('',#16647,#6439);
#5836=LINE('',#16651,#6440);
#5837=LINE('',#16658,#6441);
#5838=LINE('',#16662,#6442);
#5839=LINE('',#16664,#6443);
#5840=LINE('',#16668,#6444);
#5841=LINE('',#16672,#6445);
#5842=LINE('',#16676,#6446);
#5843=LINE('',#16680,#6447);
#5844=LINE('',#16684,#6448);
#5845=LINE('',#16688,#6449);
#5846=LINE('',#16692,#6450);
#5847=LINE('',#16696,#6451);
#5848=LINE('',#16700,#6452);
#5849=LINE('',#16704,#6453);
#5850=LINE('',#16708,#6454);
#5851=LINE('',#16712,#6455);
#5852=LINE('',#16716,#6456);
#5853=LINE('',#16720,#6457);
#5854=LINE('',#16724,#6458);
#5855=LINE('',#16728,#6459);
#5856=LINE('',#16732,#6460);
#5857=LINE('',#16736,#6461);
#5858=LINE('',#16740,#6462);
#5859=LINE('',#16744,#6463);
#5860=LINE('',#16748,#6464);
#5861=LINE('',#16752,#6465);
#5862=LINE('',#16756,#6466);
#5863=LINE('',#16760,#6467);
#5864=LINE('',#16764,#6468);
#5865=LINE('',#16768,#6469);
#5866=LINE('',#16772,#6470);
#5867=LINE('',#16776,#6471);
#5868=LINE('',#16780,#6472);
#5869=LINE('',#16784,#6473);
#5870=LINE('',#16788,#6474);
#5871=LINE('',#16792,#6475);
#5872=LINE('',#16796,#6476);
#5873=LINE('',#16803,#6477);
#5874=LINE('',#16807,#6478);
#5875=LINE('',#16809,#6479);
#5876=LINE('',#16811,#6480);
#5877=LINE('',#16813,#6481);
#5878=LINE('',#16817,#6482);
#5879=LINE('',#16819,#6483);
#5880=LINE('',#16835,#6484);
#5881=LINE('',#16838,#6485);
#5882=LINE('',#16840,#6486);
#5883=LINE('',#16842,#6487);
#5884=LINE('',#16844,#6488);
#5885=LINE('',#16846,#6489);
#5886=LINE('',#16848,#6490);
#5887=LINE('',#16850,#6491);
#5888=LINE('',#16852,#6492);
#5889=LINE('',#16854,#6493);
#5890=LINE('',#16856,#6494);
#5891=LINE('',#16857,#6495);
#5892=LINE('',#16867,#6496);
#5893=LINE('',#16870,#6497);
#5894=LINE('',#16872,#6498);
#5895=LINE('',#16876,#6499);
#5896=LINE('',#16880,#6500);
#5897=LINE('',#16882,#6501);
#5898=LINE('',#16884,#6502);
#5899=LINE('',#16886,#6503);
#5900=LINE('',#16888,#6504);
#5901=LINE('',#16891,#6505);
#5902=LINE('',#16893,#6506);
#5903=LINE('',#16895,#6507);
#5904=LINE('',#16897,#6508);
#5905=LINE('',#16907,#6509);
#5906=LINE('',#16909,#6510);
#5907=LINE('',#16911,#6511);
#5908=LINE('',#16915,#6512);
#5909=LINE('',#16919,#6513);
#5910=LINE('',#16923,#6514);
#5911=LINE('',#16925,#6515);
#5912=LINE('',#16927,#6516);
#5913=LINE('',#16929,#6517);
#5914=LINE('',#16931,#6518);
#5915=LINE('',#16933,#6519);
#5916=LINE('',#16950,#6520);
#5917=LINE('',#16960,#6521);
#5918=LINE('',#16970,#6522);
#5919=LINE('',#16975,#6523);
#5920=LINE('',#16977,#6524);
#5921=LINE('',#16979,#6525);
#5922=LINE('',#16981,#6526);
#5923=LINE('',#16983,#6527);
#5924=LINE('',#16985,#6528);
#5925=LINE('',#16988,#6529);
#5926=LINE('',#16992,#6530);
#5927=LINE('',#16994,#6531);
#5928=LINE('',#16996,#6532);
#5929=LINE('',#16998,#6533);
#5930=LINE('',#17000,#6534);
#5931=LINE('',#17002,#6535);
#5932=LINE('',#17004,#6536);
#5933=LINE('',#17008,#6537);
#5934=LINE('',#17009,#6538);
#5935=LINE('',#17010,#6539);
#5936=LINE('',#17012,#6540);
#5937=LINE('',#17014,#6541);
#5938=LINE('',#17016,#6542);
#5939=LINE('',#17018,#6543);
#5940=LINE('',#17019,#6544);
#5941=LINE('',#17024,#6545);
#5942=LINE('',#17028,#6546);
#5943=LINE('',#17030,#6547);
#5944=LINE('',#17032,#6548);
#5945=LINE('',#17034,#6549);
#5946=LINE('',#17036,#6550);
#5947=LINE('',#17037,#6551);
#5948=LINE('',#17039,#6552);
#5949=LINE('',#17043,#6553);
#5950=LINE('',#17047,#6554);
#5951=LINE('',#17049,#6555);
#5952=LINE('',#17051,#6556);
#5953=LINE('',#17058,#6557);
#5954=LINE('',#17062,#6558);
#5955=LINE('',#17063,#6559);
#5956=LINE('',#17072,#6560);
#5957=LINE('',#17078,#6561);
#5958=LINE('',#17082,#6562);
#5959=LINE('',#17084,#6563);
#5960=LINE('',#17099,#6564);
#5961=LINE('',#17101,#6565);
#5962=LINE('',#17116,#6566);
#5963=LINE('',#17119,#6567);
#5964=LINE('',#17120,#6568);
#5965=LINE('',#17124,#6569);
#5966=LINE('',#17127,#6570);
#5967=LINE('',#17128,#6571);
#5968=LINE('',#17132,#6572);
#5969=LINE('',#17134,#6573);
#5970=LINE('',#17139,#6574);
#5971=LINE('',#17141,#6575);
#5972=LINE('',#17146,#6576);
#5973=LINE('',#17149,#6577);
#5974=LINE('',#17152,#6578);
#5975=LINE('',#17155,#6579);
#5976=LINE('',#17157,#6580);
#5977=LINE('',#17159,#6581);
#5978=LINE('',#17161,#6582);
#5979=LINE('',#17163,#6583);
#5980=LINE('',#17169,#6584);
#5981=LINE('',#17171,#6585);
#5982=LINE('',#17173,#6586);
#5983=LINE('',#17175,#6587);
#5984=LINE('',#17177,#6588);
#5985=LINE('',#17179,#6589);
#5986=LINE('',#17181,#6590);
#5987=LINE('',#17183,#6591);
#5988=LINE('',#17185,#6592);
#5989=LINE('',#17187,#6593);
#5990=LINE('',#17189,#6594);
#5991=LINE('',#17191,#6595);
#5992=LINE('',#17194,#6596);
#5993=VECTOR('',#11940,1000.);
#5994=VECTOR('',#11941,1000.);
#5995=VECTOR('',#11942,1000.);
#5996=VECTOR('',#11943,1000.);
#5997=VECTOR('',#11944,1000.);
#5998=VECTOR('',#11945,1000.);
#5999=VECTOR('',#11946,1000.);
#6000=VECTOR('',#11947,1000.);
#6001=VECTOR('',#11950,1000.);
#6002=VECTOR('',#11951,1000.);
#6003=VECTOR('',#11952,1000.);
#6004=VECTOR('',#11953,1000.);
#6005=VECTOR('',#11954,1000.);
#6006=VECTOR('',#11955,1000.);
#6007=VECTOR('',#11956,1000.);
#6008=VECTOR('',#11957,1000.);
#6009=VECTOR('',#11958,1000.);
#6010=VECTOR('',#11959,1000.);
#6011=VECTOR('',#11960,1000.);
#6012=VECTOR('',#11961,1000.);
#6013=VECTOR('',#11962,1000.);
#6014=VECTOR('',#11963,1000.);
#6015=VECTOR('',#11964,1000.);
#6016=VECTOR('',#11965,1000.);
#6017=VECTOR('',#11966,1000.);
#6018=VECTOR('',#11967,1000.);
#6019=VECTOR('',#11968,1000.);
#6020=VECTOR('',#11973,1000.);
#6021=VECTOR('',#11974,1000.);
#6022=VECTOR('',#11979,1000.);
#6023=VECTOR('',#11980,1000.);
#6024=VECTOR('',#11981,1000.);
#6025=VECTOR('',#11982,1000.);
#6026=VECTOR('',#11985,1000.);
#6027=VECTOR('',#11986,1000.);
#6028=VECTOR('',#11989,1000.);
#6029=VECTOR('',#11990,1000.);
#6030=VECTOR('',#11991,1000.);
#6031=VECTOR('',#11992,1000.);
#6032=VECTOR('',#11993,1000.);
#6033=VECTOR('',#11994,1000.);
#6034=VECTOR('',#11995,1000.);
#6035=VECTOR('',#11996,1000.);
#6036=VECTOR('',#11997,1000.);
#6037=VECTOR('',#11998,1000.);
#6038=VECTOR('',#11999,1000.);
#6039=VECTOR('',#12006,1000.);
#6040=VECTOR('',#12007,1000.);
#6041=VECTOR('',#12012,1000.);
#6042=VECTOR('',#12013,1000.);
#6043=VECTOR('',#12014,1000.);
#6044=VECTOR('',#12015,1000.);
#6045=VECTOR('',#12016,1000.);
#6046=VECTOR('',#12017,1000.);
#6047=VECTOR('',#12018,1000.);
#6048=VECTOR('',#12019,1000.);
#6049=VECTOR('',#12020,1000.);
#6050=VECTOR('',#12021,1000.);
#6051=VECTOR('',#12022,1000.);
#6052=VECTOR('',#12025,1000.);
#6053=VECTOR('',#12028,1000.);
#6054=VECTOR('',#12029,1000.);
#6055=VECTOR('',#12030,1000.);
#6056=VECTOR('',#12035,1000.);
#6057=VECTOR('',#12040,1000.);
#6058=VECTOR('',#12053,1000.);
#6059=VECTOR('',#12056,1000.);
#6060=VECTOR('',#12057,1000.);
#6061=VECTOR('',#12058,1000.);
#6062=VECTOR('',#12065,1000.);
#6063=VECTOR('',#12070,1000.);
#6064=VECTOR('',#12077,1000.);
#6065=VECTOR('',#12082,1000.);
#6066=VECTOR('',#12085,1000.);
#6067=VECTOR('',#12086,1000.);
#6068=VECTOR('',#12087,1000.);
#6069=VECTOR('',#12088,1000.);
#6070=VECTOR('',#12089,1000.);
#6071=VECTOR('',#12090,1000.);
#6072=VECTOR('',#12091,1000.);
#6073=VECTOR('',#12092,1000.);
#6074=VECTOR('',#12093,1000.);
#6075=VECTOR('',#12094,1000.);
#6076=VECTOR('',#12097,1000.);
#6077=VECTOR('',#12100,1000.);
#6078=VECTOR('',#12101,1000.);
#6079=VECTOR('',#12102,1000.);
#6080=VECTOR('',#12103,1000.);
#6081=VECTOR('',#12104,1000.);
#6082=VECTOR('',#12105,1000.);
#6083=VECTOR('',#12106,1000.);
#6084=VECTOR('',#12107,1000.);
#6085=VECTOR('',#12108,1000.);
#6086=VECTOR('',#12109,1000.);
#6087=VECTOR('',#12114,1000.);
#6088=VECTOR('',#12117,1000.);
#6089=VECTOR('',#12120,1000.);
#6090=VECTOR('',#12123,1000.);
#6091=VECTOR('',#12128,1000.);
#6092=VECTOR('',#12133,1000.);
#6093=VECTOR('',#12134,1000.);
#6094=VECTOR('',#12135,1000.);
#6095=VECTOR('',#12136,1000.);
#6096=VECTOR('',#12137,1000.);
#6097=VECTOR('',#12138,1000.);
#6098=VECTOR('',#12139,1000.);
#6099=VECTOR('',#12144,1000.);
#6100=VECTOR('',#12151,1000.);
#6101=VECTOR('',#12154,1000.);
#6102=VECTOR('',#12157,1000.);
#6103=VECTOR('',#12162,1000.);
#6104=VECTOR('',#12165,1000.);
#6105=VECTOR('',#12166,1000.);
#6106=VECTOR('',#12167,1000.);
#6107=VECTOR('',#12168,1000.);
#6108=VECTOR('',#12169,1000.);
#6109=VECTOR('',#12170,1000.);
#6110=VECTOR('',#12171,1000.);
#6111=VECTOR('',#12172,1000.);
#6112=VECTOR('',#12173,1000.);
#6113=VECTOR('',#12174,1000.);
#6114=VECTOR('',#12177,1000.);
#6115=VECTOR('',#12180,1000.);
#6116=VECTOR('',#12181,1000.);
#6117=VECTOR('',#12182,1000.);
#6118=VECTOR('',#12183,1000.);
#6119=VECTOR('',#12184,1000.);
#6120=VECTOR('',#12185,1000.);
#6121=VECTOR('',#12186,1000.);
#6122=VECTOR('',#12187,1000.);
#6123=VECTOR('',#12188,1000.);
#6124=VECTOR('',#12189,1000.);
#6125=VECTOR('',#12192,1000.);
#6126=VECTOR('',#12195,1000.);
#6127=VECTOR('',#12200,1000.);
#6128=VECTOR('',#12203,1000.);
#6129=VECTOR('',#12206,1000.);
#6130=VECTOR('',#12211,1000.);
#6131=VECTOR('',#12214,1000.);
#6132=VECTOR('',#12217,1000.);
#6133=VECTOR('',#12220,1000.);
#6134=VECTOR('',#12225,1000.);
#6135=VECTOR('',#12230,1000.);
#6136=VECTOR('',#12235,1000.);
#6137=VECTOR('',#12236,1000.);
#6138=VECTOR('',#12243,1000.);
#6139=VECTOR('',#12244,1000.);
#6140=VECTOR('',#12245,1000.);
#6141=VECTOR('',#12246,1000.);
#6142=VECTOR('',#12249,1000.);
#6143=VECTOR('',#12250,1000.);
#6144=VECTOR('',#12251,1000.);
#6145=VECTOR('',#12252,1000.);
#6146=VECTOR('',#12255,1000.);
#6147=VECTOR('',#12260,1000.);
#6148=VECTOR('',#12261,1000.);
#6149=VECTOR('',#12262,1000.);
#6150=VECTOR('',#12269,1000.);
#6151=VECTOR('',#12272,1000.);
#6152=VECTOR('',#12277,1000.);
#6153=VECTOR('',#12284,1000.);
#6154=VECTOR('',#12287,1000.);
#6155=VECTOR('',#12290,1000.);
#6156=VECTOR('',#12295,1000.);
#6157=VECTOR('',#12298,1000.);
#6158=VECTOR('',#12303,1000.);
#6159=VECTOR('',#12310,1000.);
#6160=VECTOR('',#12313,1000.);
#6161=VECTOR('',#12316,1000.);
#6162=VECTOR('',#12329,1000.);
#6163=VECTOR('',#12330,1000.);
#6164=VECTOR('',#12331,1000.);
#6165=VECTOR('',#12332,1000.);
#6166=VECTOR('',#12333,1000.);
#6167=VECTOR('',#12340,1000.);
#6168=VECTOR('',#12343,1000.);
#6169=VECTOR('',#12344,1000.);
#6170=VECTOR('',#12345,1000.);
#6171=VECTOR('',#12354,1000.);
#6172=VECTOR('',#12361,1000.);
#6173=VECTOR('',#12362,1000.);
#6174=VECTOR('',#12363,1000.);
#6175=VECTOR('',#12372,1000.);
#6176=VECTOR('',#12379,1000.);
#6177=VECTOR('',#12380,1000.);
#6178=VECTOR('',#12381,1000.);
#6179=VECTOR('',#12394,1000.);
#6180=VECTOR('',#12397,1000.);
#6181=VECTOR('',#12398,1000.);
#6182=VECTOR('',#12399,1000.);
#6183=VECTOR('',#12406,1000.);
#6184=VECTOR('',#12409,1000.);
#6185=VECTOR('',#12412,1000.);
#6186=VECTOR('',#12413,1000.);
#6187=VECTOR('',#12414,1000.);
#6188=VECTOR('',#12415,1000.);
#6189=VECTOR('',#12416,1000.);
#6190=VECTOR('',#12417,1000.);
#6191=VECTOR('',#12418,1000.);
#6192=VECTOR('',#12421,1000.);
#6193=VECTOR('',#12424,1000.);
#6194=VECTOR('',#12425,1000.);
#6195=VECTOR('',#12426,1000.);
#6196=VECTOR('',#12427,1000.);
#6197=VECTOR('',#12428,1000.);
#6198=VECTOR('',#12429,1000.);
#6199=VECTOR('',#12430,1000.);
#6200=VECTOR('',#12431,1000.);
#6201=VECTOR('',#12438,1000.);
#6202=VECTOR('',#12441,1000.);
#6203=VECTOR('',#12442,1000.);
#6204=VECTOR('',#12443,1000.);
#6205=VECTOR('',#12452,1000.);
#6206=VECTOR('',#12459,1000.);
#6207=VECTOR('',#12460,1000.);
#6208=VECTOR('',#12461,1000.);
#6209=VECTOR('',#12470,1000.);
#6210=VECTOR('',#12477,1000.);
#6211=VECTOR('',#12478,1000.);
#6212=VECTOR('',#12479,1000.);
#6213=VECTOR('',#12492,1000.);
#6214=VECTOR('',#12495,1000.);
#6215=VECTOR('',#12496,1000.);
#6216=VECTOR('',#12497,1000.);
#6217=VECTOR('',#12504,1000.);
#6218=VECTOR('',#12509,1000.);
#6219=VECTOR('',#12510,1000.);
#6220=VECTOR('',#12511,1000.);
#6221=VECTOR('',#12512,1000.);
#6222=VECTOR('',#12531,1000.);
#6223=VECTOR('',#12538,1000.);
#6224=VECTOR('',#12557,1000.);
#6225=VECTOR('',#12572,1000.);
#6226=VECTOR('',#12591,1000.);
#6227=VECTOR('',#12598,1000.);
#6228=VECTOR('',#12603,1000.);
#6229=VECTOR('',#12608,1000.);
#6230=VECTOR('',#12615,1000.);
#6231=VECTOR('',#12622,1000.);
#6232=VECTOR('',#12629,1000.);
#6233=VECTOR('',#12638,1000.);
#6234=VECTOR('',#12641,1000.);
#6235=VECTOR('',#12648,1000.);
#6236=VECTOR('',#12651,1000.);
#6237=VECTOR('',#12652,1000.);
#6238=VECTOR('',#12661,1000.);
#6239=VECTOR('',#12664,1000.);
#6240=VECTOR('',#12665,1000.);
#6241=VECTOR('',#12670,1000.);
#6242=VECTOR('',#12675,1000.);
#6243=VECTOR('',#12680,1000.);
#6244=VECTOR('',#12685,1000.);
#6245=VECTOR('',#12690,1000.);
#6246=VECTOR('',#12695,1000.);
#6247=VECTOR('',#12700,1000.);
#6248=VECTOR('',#12705,1000.);
#6249=VECTOR('',#12710,1000.);
#6250=VECTOR('',#12713,1000.);
#6251=VECTOR('',#12714,1000.);
#6252=VECTOR('',#12721,1000.);
#6253=VECTOR('',#12724,1000.);
#6254=VECTOR('',#12737,1000.);
#6255=VECTOR('',#12740,1000.);
#6256=VECTOR('',#12747,1000.);
#6257=VECTOR('',#12750,1000.);
#6258=VECTOR('',#12751,1000.);
#6259=VECTOR('',#12756,1000.);
#6260=VECTOR('',#12761,1000.);
#6261=VECTOR('',#12766,1000.);
#6262=VECTOR('',#12771,1000.);
#6263=VECTOR('',#12776,1000.);
#6264=VECTOR('',#12781,1000.);
#6265=VECTOR('',#12786,1000.);
#6266=VECTOR('',#12791,1000.);
#6267=VECTOR('',#12796,1000.);
#6268=VECTOR('',#12799,1000.);
#6269=VECTOR('',#12800,1000.);
#6270=VECTOR('',#12809,1000.);
#6271=VECTOR('',#12812,1000.);
#6272=VECTOR('',#12813,1000.);
#6273=VECTOR('',#12820,1000.);
#6274=VECTOR('',#12823,1000.);
#6275=VECTOR('',#12830,1000.);
#6276=VECTOR('',#12851,1000.);
#6277=VECTOR('',#12852,1000.);
#6278=VECTOR('',#12957,1000.);
#6279=VECTOR('',#12960,1000.);
#6280=VECTOR('',#12963,1000.);
#6281=VECTOR('',#12968,1000.);
#6282=VECTOR('',#12973,1000.);
#6283=VECTOR('',#12978,1000.);
#6284=VECTOR('',#12983,1000.);
#6285=VECTOR('',#12988,1000.);
#6286=VECTOR('',#12993,1000.);
#6287=VECTOR('',#12998,1000.);
#6288=VECTOR('',#13003,1000.);
#6289=VECTOR('',#13008,1000.);
#6290=VECTOR('',#13013,1000.);
#6291=VECTOR('',#13018,1000.);
#6292=VECTOR('',#13023,1000.);
#6293=VECTOR('',#13028,1000.);
#6294=VECTOR('',#13033,1000.);
#6295=VECTOR('',#13038,1000.);
#6296=VECTOR('',#13043,1000.);
#6297=VECTOR('',#13048,1000.);
#6298=VECTOR('',#13053,1000.);
#6299=VECTOR('',#13058,1000.);
#6300=VECTOR('',#13063,1000.);
#6301=VECTOR('',#13068,1000.);
#6302=VECTOR('',#13073,1000.);
#6303=VECTOR('',#13078,1000.);
#6304=VECTOR('',#13083,1000.);
#6305=VECTOR('',#13088,1000.);
#6306=VECTOR('',#13093,1000.);
#6307=VECTOR('',#13098,1000.);
#6308=VECTOR('',#13103,1000.);
#6309=VECTOR('',#13108,1000.);
#6310=VECTOR('',#13113,1000.);
#6311=VECTOR('',#13118,1000.);
#6312=VECTOR('',#13123,1000.);
#6313=VECTOR('',#13128,1000.);
#6314=VECTOR('',#13241,1000.);
#6315=VECTOR('',#13244,1000.);
#6316=VECTOR('',#13247,1000.);
#6317=VECTOR('',#13252,1000.);
#6318=VECTOR('',#13257,1000.);
#6319=VECTOR('',#13262,1000.);
#6320=VECTOR('',#13267,1000.);
#6321=VECTOR('',#13272,1000.);
#6322=VECTOR('',#13277,1000.);
#6323=VECTOR('',#13282,1000.);
#6324=VECTOR('',#13287,1000.);
#6325=VECTOR('',#13292,1000.);
#6326=VECTOR('',#13297,1000.);
#6327=VECTOR('',#13302,1000.);
#6328=VECTOR('',#13307,1000.);
#6329=VECTOR('',#13312,1000.);
#6330=VECTOR('',#13317,1000.);
#6331=VECTOR('',#13322,1000.);
#6332=VECTOR('',#13327,1000.);
#6333=VECTOR('',#13332,1000.);
#6334=VECTOR('',#13337,1000.);
#6335=VECTOR('',#13342,1000.);
#6336=VECTOR('',#13347,1000.);
#6337=VECTOR('',#13352,1000.);
#6338=VECTOR('',#13357,1000.);
#6339=VECTOR('',#13362,1000.);
#6340=VECTOR('',#13367,1000.);
#6341=VECTOR('',#13372,1000.);
#6342=VECTOR('',#13377,1000.);
#6343=VECTOR('',#13382,1000.);
#6344=VECTOR('',#13387,1000.);
#6345=VECTOR('',#13392,1000.);
#6346=VECTOR('',#13397,1000.);
#6347=VECTOR('',#13402,1000.);
#6348=VECTOR('',#13407,1000.);
#6349=VECTOR('',#13412,1000.);
#6350=VECTOR('',#13423,1000.);
#6351=VECTOR('',#13426,1000.);
#6352=VECTOR('',#13451,1000.);
#6353=VECTOR('',#13454,1000.);
#6354=VECTOR('',#13455,1000.);
#6355=VECTOR('',#13468,1000.);
#6356=VECTOR('',#13471,1000.);
#6357=VECTOR('',#13472,1000.);
#6358=VECTOR('',#13477,1000.);
#6359=VECTOR('',#13480,1000.);
#6360=VECTOR('',#13481,1000.);
#6361=VECTOR('',#13494,1000.);
#6362=VECTOR('',#13497,1000.);
#6363=VECTOR('',#13498,1000.);
#6364=VECTOR('',#13507,1000.);
#6365=VECTOR('',#13510,1000.);
#6366=VECTOR('',#13513,1000.);
#6367=VECTOR('',#13516,1000.);
#6368=VECTOR('',#13519,1000.);
#6369=VECTOR('',#13520,1000.);
#6370=VECTOR('',#13523,1000.);
#6371=VECTOR('',#13532,1000.);
#6372=VECTOR('',#13533,1000.);
#6373=VECTOR('',#13542,1000.);
#6374=VECTOR('',#13543,1000.);
#6375=VECTOR('',#13544,1000.);
#6376=VECTOR('',#13547,1000.);
#6377=VECTOR('',#13548,1000.);
#6378=VECTOR('',#13549,1000.);
#6379=VECTOR('',#13552,1000.);
#6380=VECTOR('',#13553,1000.);
#6381=VECTOR('',#13554,1000.);
#6382=VECTOR('',#13555,1000.);
#6383=VECTOR('',#13558,1000.);
#6384=VECTOR('',#13561,1000.);
#6385=VECTOR('',#13564,1000.);
#6386=VECTOR('',#13569,1000.);
#6387=VECTOR('',#13570,1000.);
#6388=VECTOR('',#13573,1000.);
#6389=VECTOR('',#13576,1000.);
#6390=VECTOR('',#13577,1000.);
#6391=VECTOR('',#13578,1000.);
#6392=VECTOR('',#13579,1000.);
#6393=VECTOR('',#13582,1000.);
#6394=VECTOR('',#13583,1000.);
#6395=VECTOR('',#13584,1000.);
#6396=VECTOR('',#13585,1000.);
#6397=VECTOR('',#13586,1000.);
#6398=VECTOR('',#13589,1000.);
#6399=VECTOR('',#13594,1000.);
#6400=VECTOR('',#13595,1000.);
#6401=VECTOR('',#13608,1000.);
#6402=VECTOR('',#13611,1000.);
#6403=VECTOR('',#13614,1000.);
#6404=VECTOR('',#13617,1000.);
#6405=VECTOR('',#13826,1000.);
#6406=VECTOR('',#13829,1000.);
#6407=VECTOR('',#13832,1000.);
#6408=VECTOR('',#13837,1000.);
#6409=VECTOR('',#13842,1000.);
#6410=VECTOR('',#13847,1000.);
#6411=VECTOR('',#13852,1000.);
#6412=VECTOR('',#13857,1000.);
#6413=VECTOR('',#13862,1000.);
#6414=VECTOR('',#13867,1000.);
#6415=VECTOR('',#13872,1000.);
#6416=VECTOR('',#13877,1000.);
#6417=VECTOR('',#13882,1000.);
#6418=VECTOR('',#13887,1000.);
#6419=VECTOR('',#13892,1000.);
#6420=VECTOR('',#13897,1000.);
#6421=VECTOR('',#13902,1000.);
#6422=VECTOR('',#13907,1000.);
#6423=VECTOR('',#13912,1000.);
#6424=VECTOR('',#13917,1000.);
#6425=VECTOR('',#13922,1000.);
#6426=VECTOR('',#13927,1000.);
#6427=VECTOR('',#13932,1000.);
#6428=VECTOR('',#13937,1000.);
#6429=VECTOR('',#13942,1000.);
#6430=VECTOR('',#13947,1000.);
#6431=VECTOR('',#13952,1000.);
#6432=VECTOR('',#13957,1000.);
#6433=VECTOR('',#13962,1000.);
#6434=VECTOR('',#13967,1000.);
#6435=VECTOR('',#13972,1000.);
#6436=VECTOR('',#13977,1000.);
#6437=VECTOR('',#13982,1000.);
#6438=VECTOR('',#13987,1000.);
#6439=VECTOR('',#13992,1000.);
#6440=VECTOR('',#13997,1000.);
#6441=VECTOR('',#14008,1000.);
#6442=VECTOR('',#14011,1000.);
#6443=VECTOR('',#14014,1000.);
#6444=VECTOR('',#14019,1000.);
#6445=VECTOR('',#14024,1000.);
#6446=VECTOR('',#14029,1000.);
#6447=VECTOR('',#14034,1000.);
#6448=VECTOR('',#14039,1000.);
#6449=VECTOR('',#14044,1000.);
#6450=VECTOR('',#14049,1000.);
#6451=VECTOR('',#14054,1000.);
#6452=VECTOR('',#14059,1000.);
#6453=VECTOR('',#14064,1000.);
#6454=VECTOR('',#14069,1000.);
#6455=VECTOR('',#14074,1000.);
#6456=VECTOR('',#14079,1000.);
#6457=VECTOR('',#14084,1000.);
#6458=VECTOR('',#14089,1000.);
#6459=VECTOR('',#14094,1000.);
#6460=VECTOR('',#14099,1000.);
#6461=VECTOR('',#14104,1000.);
#6462=VECTOR('',#14109,1000.);
#6463=VECTOR('',#14114,1000.);
#6464=VECTOR('',#14119,1000.);
#6465=VECTOR('',#14124,1000.);
#6466=VECTOR('',#14129,1000.);
#6467=VECTOR('',#14134,1000.);
#6468=VECTOR('',#14139,1000.);
#6469=VECTOR('',#14144,1000.);
#6470=VECTOR('',#14149,1000.);
#6471=VECTOR('',#14154,1000.);
#6472=VECTOR('',#14159,1000.);
#6473=VECTOR('',#14164,1000.);
#6474=VECTOR('',#14169,1000.);
#6475=VECTOR('',#14174,1000.);
#6476=VECTOR('',#14179,1000.);
#6477=VECTOR('',#14190,1000.);
#6478=VECTOR('',#14193,1000.);
#6479=VECTOR('',#14196,1000.);
#6480=VECTOR('',#14199,1000.);
#6481=VECTOR('',#14200,1000.);
#6482=VECTOR('',#14205,1000.);
#6483=VECTOR('',#14208,1000.);
#6484=VECTOR('',#14231,1000.);
#6485=VECTOR('',#14232,1000.);
#6486=VECTOR('',#14233,1000.);
#6487=VECTOR('',#14234,1000.);
#6488=VECTOR('',#14237,1000.);
#6489=VECTOR('',#14238,1000.);
#6490=VECTOR('',#14239,1000.);
#6491=VECTOR('',#14242,1000.);
#6492=VECTOR('',#14243,1000.);
#6493=VECTOR('',#14244,1000.);
#6494=VECTOR('',#14247,1000.);
#6495=VECTOR('',#14248,1000.);
#6496=VECTOR('',#14263,1000.);
#6497=VECTOR('',#14264,1000.);
#6498=VECTOR('',#14265,1000.);
#6499=VECTOR('',#14268,1000.);
#6500=VECTOR('',#14271,1000.);
#6501=VECTOR('',#14272,1000.);
#6502=VECTOR('',#14273,1000.);
#6503=VECTOR('',#14274,1000.);
#6504=VECTOR('',#14277,1000.);
#6505=VECTOR('',#14278,1000.);
#6506=VECTOR('',#14279,1000.);
#6507=VECTOR('',#14280,1000.);
#6508=VECTOR('',#14281,1000.);
#6509=VECTOR('',#14290,1000.);
#6510=VECTOR('',#14291,1000.);
#6511=VECTOR('',#14292,1000.);
#6512=VECTOR('',#14295,1000.);
#6513=VECTOR('',#14298,1000.);
#6514=VECTOR('',#14301,1000.);
#6515=VECTOR('',#14304,1000.);
#6516=VECTOR('',#14305,1000.);
#6517=VECTOR('',#14306,1000.);
#6518=VECTOR('',#14309,1000.);
#6519=VECTOR('',#14310,1000.);
#6520=VECTOR('',#14323,1000.);
#6521=VECTOR('',#14328,1000.);
#6522=VECTOR('',#14333,1000.);
#6523=VECTOR('',#14338,1000.);
#6524=VECTOR('',#14339,1000.);
#6525=VECTOR('',#14340,1000.);
#6526=VECTOR('',#14341,1000.);
#6527=VECTOR('',#14342,1000.);
#6528=VECTOR('',#14345,1000.);
#6529=VECTOR('',#14346,1000.);
#6530=VECTOR('',#14349,1000.);
#6531=VECTOR('',#14350,1000.);
#6532=VECTOR('',#14351,1000.);
#6533=VECTOR('',#14354,1000.);
#6534=VECTOR('',#14355,1000.);
#6535=VECTOR('',#14356,1000.);
#6536=VECTOR('',#14359,1000.);
#6537=VECTOR('',#14362,1000.);
#6538=VECTOR('',#14363,1000.);
#6539=VECTOR('',#14364,1000.);
#6540=VECTOR('',#14367,1000.);
#6541=VECTOR('',#14368,1000.);
#6542=VECTOR('',#14369,1000.);
#6543=VECTOR('',#14372,1000.);
#6544=VECTOR('',#14373,1000.);
#6545=VECTOR('',#14378,1000.);
#6546=VECTOR('',#14381,1000.);
#6547=VECTOR('',#14384,1000.);
#6548=VECTOR('',#14385,1000.);
#6549=VECTOR('',#14386,1000.);
#6550=VECTOR('',#14387,1000.);
#6551=VECTOR('',#14388,1000.);
#6552=VECTOR('',#14389,1000.);
#6553=VECTOR('',#14394,1000.);
#6554=VECTOR('',#14399,1000.);
#6555=VECTOR('',#14400,1000.);
#6556=VECTOR('',#14401,1000.);
#6557=VECTOR('',#14412,1000.);
#6558=VECTOR('',#14417,1000.);
#6559=VECTOR('',#14418,1000.);
#6560=VECTOR('',#14429,1000.);
#6561=VECTOR('',#14436,1000.);
#6562=VECTOR('',#14441,1000.);
#6563=VECTOR('',#14444,1000.);
#6564=VECTOR('',#14453,1000.);
#6565=VECTOR('',#14456,1000.);
#6566=VECTOR('',#14481,1000.);
#6567=VECTOR('',#14484,1000.);
#6568=VECTOR('',#14485,1000.);
#6569=VECTOR('',#14490,1000.);
#6570=VECTOR('',#14493,1000.);
#6571=VECTOR('',#14494,1000.);
#6572=VECTOR('',#14499,1000.);
#6573=VECTOR('',#14502,1000.);
#6574=VECTOR('',#14511,1000.);
#6575=VECTOR('',#14514,1000.);
#6576=VECTOR('',#14523,1000.);
#6577=VECTOR('',#14528,1000.);
#6578=VECTOR('',#14533,1000.);
#6579=VECTOR('',#14534,1000.);
#6580=VECTOR('',#14535,1000.);
#6581=VECTOR('',#14536,1000.);
#6582=VECTOR('',#14537,1000.);
#6583=VECTOR('',#14538,1000.);
#6584=VECTOR('',#14547,1000.);
#6585=VECTOR('',#14548,1000.);
#6586=VECTOR('',#14549,1000.);
#6587=VECTOR('',#14552,1000.);
#6588=VECTOR('',#14553,1000.);
#6589=VECTOR('',#14556,1000.);
#6590=VECTOR('',#14557,1000.);
#6591=VECTOR('',#14560,1000.);
#6592=VECTOR('',#14561,1000.);
#6593=VECTOR('',#14564,1000.);
#6594=VECTOR('',#14565,1000.);
#6595=VECTOR('',#14568,1000.);
#6596=VECTOR('',#14573,1000.);
#6597=EDGE_LOOP('',(#949,#950,#951,#952,#953,#954,#955,#956,#957,#958,#959,
#960,#961,#962,#963,#964));
#6598=EDGE_LOOP('',(#965,#966,#967,#968,#969,#970,#971,#972,#973,#974,#975,
#976));
#6599=EDGE_LOOP('',(#977,#978,#979,#980,#981,#982,#983,#984,#985,#986));
#6600=EDGE_LOOP('',(#987,#988,#989,#990));
#6601=EDGE_LOOP('',(#991,#992,#993,#994,#995,#996,#997,#998,#999,#1000,
#1001,#1002,#1003,#1004,#1005,#1006,#1007));
#6602=EDGE_LOOP('',(#1008,#1009,#1010,#1011,#1012,#1013,#1014,#1015,#1016,
#1017,#1018,#1019,#1020,#1021,#1022,#1023,#1024));
#6603=EDGE_LOOP('',(#1025,#1026,#1027,#1028));
#6604=EDGE_LOOP('',(#1029,#1030,#1031,#1032,#1033));
#6605=EDGE_LOOP('',(#1034,#1035,#1036,#1037,#1038));
#6606=EDGE_LOOP('',(#1039,#1040,#1041,#1042));
#6607=EDGE_LOOP('',(#1043,#1044,#1045,#1046));
#6608=EDGE_LOOP('',(#1047,#1048,#1049,#1050,#1051,#1052,#1053,#1054,#1055,
#1056));
#6609=EDGE_LOOP('',(#1057,#1058,#1059));
#6610=EDGE_LOOP('',(#1060,#1061,#1062));
#6611=EDGE_LOOP('',(#1063,#1064,#1065,#1066));
#6612=EDGE_LOOP('',(#1067,#1068,#1069));
#6613=EDGE_LOOP('',(#1070,#1071,#1072,#1073,#1074,#1075,#1076,#1077,#1078,
#1079,#1080,#1081));
#6614=EDGE_LOOP('',(#1082,#1083,#1084,#1085,#1086,#1087,#1088,#1089,#1090,
#1091,#1092,#1093));
#6615=EDGE_LOOP('',(#1094,#1095,#1096,#1097,#1098,#1099,#1100,#1101));
#6616=EDGE_LOOP('',(#1102,#1103,#1104,#1105));
#6617=EDGE_LOOP('',(#1106,#1107,#1108,#1109,#1110,#1111,#1112,#1113));
#6618=EDGE_LOOP('',(#1114,#1115,#1116,#1117));
#6619=EDGE_LOOP('',(#1118,#1119,#1120,#1121,#1122,#1123,#1124,#1125));
#6620=EDGE_LOOP('',(#1126,#1127,#1128,#1129,#1130,#1131,#1132,#1133,#1134,
#1135,#1136,#1137));
#6621=EDGE_LOOP('',(#1138,#1139,#1140,#1141,#1142,#1143,#1144,#1145,#1146,
#1147,#1148,#1149));
#6622=EDGE_LOOP('',(#1150,#1151,#1152,#1153));
#6623=EDGE_LOOP('',(#1154,#1155,#1156,#1157,#1158,#1159,#1160,#1161,#1162,
#1163,#1164));
#6624=EDGE_LOOP('',(#1165,#1166,#1167,#1168,#1169,#1170,#1171,#1172,#1173,
#1174,#1175));
#6625=EDGE_LOOP('',(#1176,#1177,#1178,#1179));
#6626=EDGE_LOOP('',(#1180,#1181,#1182,#1183,#1184));
#6627=EDGE_LOOP('',(#1185,#1186,#1187,#1188));
#6628=EDGE_LOOP('',(#1189,#1190,#1191,#1192,#1193));
#6629=EDGE_LOOP('',(#1194,#1195,#1196,#1197));
#6630=EDGE_LOOP('',(#1198,#1199,#1200,#1201));
#6631=EDGE_LOOP('',(#1202,#1203,#1204,#1205,#1206));
#6632=EDGE_LOOP('',(#1207,#1208,#1209,#1210));
#6633=EDGE_LOOP('',(#1211,#1212,#1213,#1214,#1215));
#6634=EDGE_LOOP('',(#1216,#1217,#1218,#1219,#1220,#1221,#1222,#1223));
#6635=EDGE_LOOP('',(#1224,#1225,#1226,#1227,#1228,#1229,#1230,#1231));
#6636=EDGE_LOOP('',(#1232,#1233,#1234,#1235,#1236,#1237,#1238,#1239));
#6637=EDGE_LOOP('',(#1240,#1241,#1242,#1243,#1244,#1245,#1246,#1247));
#6638=EDGE_LOOP('',(#1248,#1249,#1250,#1251));
#6639=EDGE_LOOP('',(#1252,#1253,#1254,#1255,#1256,#1257,#1258,#1259,#1260));
#6640=EDGE_LOOP('',(#1261,#1262,#1263,#1264));
#6641=EDGE_LOOP('',(#1265,#1266,#1267,#1268));
#6642=EDGE_LOOP('',(#1269,#1270,#1271,#1272));
#6643=EDGE_LOOP('',(#1273,#1274,#1275,#1276));
#6644=EDGE_LOOP('',(#1277,#1278,#1279,#1280));
#6645=EDGE_LOOP('',(#1281,#1282,#1283,#1284));
#6646=EDGE_LOOP('',(#1285,#1286,#1287,#1288));
#6647=EDGE_LOOP('',(#1289,#1290,#1291,#1292));
#6648=EDGE_LOOP('',(#1293,#1294,#1295,#1296));
#6649=EDGE_LOOP('',(#1297,#1298,#1299,#1300));
#6650=EDGE_LOOP('',(#1301,#1302,#1303,#1304));
#6651=EDGE_LOOP('',(#1305,#1306,#1307,#1308));
#6652=EDGE_LOOP('',(#1309,#1310,#1311,#1312,#1313,#1314,#1315,#1316,#1317,
#1318,#1319,#1320,#1321));
#6653=EDGE_LOOP('',(#1322,#1323,#1324,#1325,#1326,#1327,#1328,#1329,#1330,
#1331,#1332,#1333,#1334));
#6654=EDGE_LOOP('',(#1335,#1336,#1337,#1338));
#6655=EDGE_LOOP('',(#1339,#1340,#1341,#1342));
#6656=EDGE_LOOP('',(#1343,#1344,#1345,#1346));
#6657=EDGE_LOOP('',(#1347,#1348,#1349,#1350));
#6658=EDGE_LOOP('',(#1351,#1352,#1353,#1354));
#6659=EDGE_LOOP('',(#1355,#1356,#1357,#1358));
#6660=EDGE_LOOP('',(#1359,#1360,#1361,#1362));
#6661=EDGE_LOOP('',(#1363,#1364,#1365,#1366));
#6662=EDGE_LOOP('',(#1367,#1368,#1369,#1370));
#6663=EDGE_LOOP('',(#1371,#1372,#1373,#1374));
#6664=EDGE_LOOP('',(#1375,#1376,#1377,#1378));
#6665=EDGE_LOOP('',(#1379,#1380,#1381,#1382));
#6666=EDGE_LOOP('',(#1383,#1384,#1385,#1386,#1387,#1388,#1389,#1390,#1391));
#6667=EDGE_LOOP('',(#1392,#1393,#1394,#1395));
#6668=EDGE_LOOP('',(#1396,#1397,#1398,#1399));
#6669=EDGE_LOOP('',(#1400,#1401,#1402,#1403,#1404,#1405,#1406,#1407));
#6670=EDGE_LOOP('',(#1408,#1409,#1410,#1411,#1412,#1413,#1414,#1415,#1416,
#1417,#1418,#1419,#1420,#1421,#1422,#1423,#1424,#1425));
#6671=EDGE_LOOP('',(#1426,#1427,#1428));
#6672=EDGE_LOOP('',(#1429,#1430,#1431));
#6673=EDGE_LOOP('',(#1432,#1433,#1434,#1435,#1436,#1437,#1438,#1439,#1440,
#1441,#1442,#1443,#1444,#1445,#1446,#1447,#1448,#1449));
#6674=EDGE_LOOP('',(#1450,#1451,#1452,#1453,#1454,#1455,#1456,#1457));
#6675=EDGE_LOOP('',(#1458,#1459,#1460));
#6676=EDGE_LOOP('',(#1461,#1462,#1463,#1464,#1465,#1466,#1467,#1468));
#6677=EDGE_LOOP('',(#1469,#1470,#1471,#1472,#1473,#1474,#1475,#1476));
#6678=EDGE_LOOP('',(#1477,#1478,#1479,#1480,#1481,#1482,#1483,#1484));
#6679=EDGE_LOOP('',(#1485,#1486,#1487,#1488,#1489,#1490,#1491,#1492));
#6680=EDGE_LOOP('',(#1493,#1494,#1495,#1496));
#6681=EDGE_LOOP('',(#1497,#1498,#1499,#1500));
#6682=EDGE_LOOP('',(#1501,#1502,#1503,#1504));
#6683=EDGE_LOOP('',(#1505,#1506,#1507,#1508));
#6684=EDGE_LOOP('',(#1509,#1510,#1511,#1512));
#6685=EDGE_LOOP('',(#1513,#1514,#1515,#1516));
#6686=EDGE_LOOP('',(#1517,#1518,#1519,#1520));
#6687=EDGE_LOOP('',(#1521,#1522,#1523,#1524));
#6688=EDGE_LOOP('',(#1525,#1526,#1527,#1528));
#6689=EDGE_LOOP('',(#1529,#1530,#1531,#1532));
#6690=EDGE_LOOP('',(#1533,#1534,#1535,#1536));
#6691=EDGE_LOOP('',(#1537,#1538,#1539,#1540));
#6692=EDGE_LOOP('',(#1541,#1542,#1543,#1544));
#6693=EDGE_LOOP('',(#1545,#1546,#1547,#1548));
#6694=EDGE_LOOP('',(#1549,#1550,#1551,#1552));
#6695=EDGE_LOOP('',(#1553,#1554,#1555,#1556));
#6696=EDGE_LOOP('',(#1557,#1558,#1559,#1560));
#6697=EDGE_LOOP('',(#1561,#1562,#1563,#1564));
#6698=EDGE_LOOP('',(#1565,#1566,#1567,#1568));
#6699=EDGE_LOOP('',(#1569,#1570,#1571,#1572));
#6700=EDGE_LOOP('',(#1573,#1574,#1575,#1576));
#6701=EDGE_LOOP('',(#1577,#1578,#1579,#1580));
#6702=EDGE_LOOP('',(#1581,#1582,#1583,#1584));
#6703=EDGE_LOOP('',(#1585,#1586,#1587,#1588));
#6704=EDGE_LOOP('',(#1589,#1590,#1591,#1592));
#6705=EDGE_LOOP('',(#1593,#1594,#1595,#1596));
#6706=EDGE_LOOP('',(#1597,#1598,#1599,#1600));
#6707=EDGE_LOOP('',(#1601,#1602,#1603,#1604));
#6708=EDGE_LOOP('',(#1605,#1606,#1607,#1608));
#6709=EDGE_LOOP('',(#1609,#1610,#1611,#1612));
#6710=EDGE_LOOP('',(#1613,#1614,#1615,#1616));
#6711=EDGE_LOOP('',(#1617,#1618,#1619,#1620));
#6712=EDGE_LOOP('',(#1621,#1622,#1623,#1624));
#6713=EDGE_LOOP('',(#1625,#1626,#1627,#1628));
#6714=EDGE_LOOP('',(#1629,#1630,#1631,#1632));
#6715=EDGE_LOOP('',(#1633,#1634,#1635,#1636));
#6716=EDGE_LOOP('',(#1637,#1638,#1639,#1640));
#6717=EDGE_LOOP('',(#1641,#1642,#1643,#1644));
#6718=EDGE_LOOP('',(#1645,#1646,#1647,#1648));
#6719=EDGE_LOOP('',(#1649,#1650,#1651,#1652));
#6720=EDGE_LOOP('',(#1653,#1654,#1655,#1656));
#6721=EDGE_LOOP('',(#1657,#1658,#1659,#1660));
#6722=EDGE_LOOP('',(#1661,#1662,#1663,#1664));
#6723=EDGE_LOOP('',(#1665,#1666,#1667,#1668));
#6724=EDGE_LOOP('',(#1669,#1670,#1671,#1672));
#6725=EDGE_LOOP('',(#1673,#1674,#1675,#1676));
#6726=EDGE_LOOP('',(#1677,#1678,#1679,#1680));
#6727=EDGE_LOOP('',(#1681,#1682,#1683,#1684));
#6728=EDGE_LOOP('',(#1685,#1686,#1687,#1688));
#6729=EDGE_LOOP('',(#1689,#1690,#1691,#1692));
#6730=EDGE_LOOP('',(#1693,#1694,#1695,#1696));
#6731=EDGE_LOOP('',(#1697,#1698,#1699,#1700));
#6732=EDGE_LOOP('',(#1701));
#6733=EDGE_LOOP('',(#1702));
#6734=EDGE_LOOP('',(#1703,#1704,#1705,#1706,#1707,#1708,#1709,#1710,#1711,
#1712,#1713,#1714,#1715,#1716,#1717,#1718,#1719,#1720,#1721,#1722,#1723,
#1724,#1725,#1726,#1727,#1728,#1729,#1730,#1731,#1732,#1733,#1734,#1735,
#1736,#1737,#1738,#1739,#1740,#1741,#1742,#1743,#1744,#1745,#1746,#1747,
#1748,#1749,#1750,#1751,#1752));
#6735=EDGE_LOOP('',(#1753));
#6736=EDGE_LOOP('',(#1754));
#6737=EDGE_LOOP('',(#1755));
#6738=EDGE_LOOP('',(#1756));
#6739=EDGE_LOOP('',(#1757));
#6740=EDGE_LOOP('',(#1758));
#6741=EDGE_LOOP('',(#1759));
#6742=EDGE_LOOP('',(#1760));
#6743=EDGE_LOOP('',(#1761));
#6744=EDGE_LOOP('',(#1762));
#6745=EDGE_LOOP('',(#1763));
#6746=EDGE_LOOP('',(#1764));
#6747=EDGE_LOOP('',(#1765));
#6748=EDGE_LOOP('',(#1766));
#6749=EDGE_LOOP('',(#1767,#1768,#1769,#1770,#1771,#1772,#1773,#1774,#1775,
#1776,#1777,#1778,#1779,#1780,#1781,#1782,#1783,#1784,#1785,#1786,#1787,
#1788,#1789,#1790,#1791,#1792,#1793,#1794,#1795,#1796,#1797,#1798,#1799,
#1800,#1801,#1802));
#6750=EDGE_LOOP('',(#1803));
#6751=EDGE_LOOP('',(#1804,#1805,#1806,#1807));
#6752=EDGE_LOOP('',(#1808,#1809,#1810,#1811));
#6753=EDGE_LOOP('',(#1812,#1813,#1814,#1815));
#6754=EDGE_LOOP('',(#1816,#1817,#1818,#1819));
#6755=EDGE_LOOP('',(#1820,#1821,#1822,#1823));
#6756=EDGE_LOOP('',(#1824,#1825,#1826,#1827));
#6757=EDGE_LOOP('',(#1828,#1829,#1830,#1831));
#6758=EDGE_LOOP('',(#1832,#1833,#1834,#1835));
#6759=EDGE_LOOP('',(#1836,#1837,#1838,#1839));
#6760=EDGE_LOOP('',(#1840,#1841,#1842,#1843));
#6761=EDGE_LOOP('',(#1844,#1845,#1846,#1847));
#6762=EDGE_LOOP('',(#1848,#1849,#1850,#1851));
#6763=EDGE_LOOP('',(#1852,#1853,#1854,#1855));
#6764=EDGE_LOOP('',(#1856,#1857,#1858,#1859));
#6765=EDGE_LOOP('',(#1860,#1861,#1862,#1863));
#6766=EDGE_LOOP('',(#1864,#1865,#1866,#1867));
#6767=EDGE_LOOP('',(#1868,#1869,#1870,#1871));
#6768=EDGE_LOOP('',(#1872,#1873,#1874,#1875));
#6769=EDGE_LOOP('',(#1876,#1877,#1878,#1879));
#6770=EDGE_LOOP('',(#1880,#1881,#1882,#1883));
#6771=EDGE_LOOP('',(#1884,#1885,#1886,#1887));
#6772=EDGE_LOOP('',(#1888,#1889,#1890,#1891));
#6773=EDGE_LOOP('',(#1892,#1893,#1894,#1895));
#6774=EDGE_LOOP('',(#1896,#1897,#1898,#1899));
#6775=EDGE_LOOP('',(#1900,#1901,#1902,#1903));
#6776=EDGE_LOOP('',(#1904,#1905,#1906,#1907));
#6777=EDGE_LOOP('',(#1908,#1909,#1910,#1911));
#6778=EDGE_LOOP('',(#1912,#1913,#1914,#1915));
#6779=EDGE_LOOP('',(#1916,#1917,#1918,#1919));
#6780=EDGE_LOOP('',(#1920,#1921,#1922,#1923));
#6781=EDGE_LOOP('',(#1924,#1925,#1926,#1927));
#6782=EDGE_LOOP('',(#1928,#1929,#1930,#1931));
#6783=EDGE_LOOP('',(#1932,#1933,#1934,#1935));
#6784=EDGE_LOOP('',(#1936,#1937,#1938,#1939));
#6785=EDGE_LOOP('',(#1940,#1941,#1942,#1943));
#6786=EDGE_LOOP('',(#1944,#1945,#1946,#1947));
#6787=EDGE_LOOP('',(#1948,#1949,#1950,#1951,#1952,#1953,#1954,#1955,#1956,
#1957,#1958,#1959,#1960,#1961,#1962,#1963,#1964,#1965,#1966,#1967,#1968,
#1969,#1970,#1971,#1972,#1973,#1974,#1975,#1976,#1977,#1978,#1979,#1980,
#1981,#1982,#1983));
#6788=EDGE_LOOP('',(#1984));
#6789=EDGE_LOOP('',(#1985));
#6790=EDGE_LOOP('',(#1986));
#6791=EDGE_LOOP('',(#1987));
#6792=EDGE_LOOP('',(#1988));
#6793=EDGE_LOOP('',(#1989));
#6794=EDGE_LOOP('',(#1990));
#6795=EDGE_LOOP('',(#1991));
#6796=EDGE_LOOP('',(#1992));
#6797=EDGE_LOOP('',(#1993));
#6798=EDGE_LOOP('',(#1994));
#6799=EDGE_LOOP('',(#1995));
#6800=EDGE_LOOP('',(#1996));
#6801=EDGE_LOOP('',(#1997));
#6802=EDGE_LOOP('',(#1998,#1999,#2000,#2001,#2002,#2003,#2004,#2005,#2006,
#2007,#2008,#2009,#2010,#2011,#2012,#2013,#2014,#2015,#2016,#2017,#2018,
#2019,#2020,#2021,#2022,#2023,#2024,#2025,#2026,#2027,#2028,#2029,#2030,
#2031,#2032,#2033));
#6803=EDGE_LOOP('',(#2034));
#6804=EDGE_LOOP('',(#2035,#2036,#2037,#2038));
#6805=EDGE_LOOP('',(#2039,#2040,#2041,#2042));
#6806=EDGE_LOOP('',(#2043,#2044,#2045,#2046));
#6807=EDGE_LOOP('',(#2047,#2048,#2049,#2050));
#6808=EDGE_LOOP('',(#2051,#2052,#2053,#2054));
#6809=EDGE_LOOP('',(#2055,#2056,#2057,#2058));
#6810=EDGE_LOOP('',(#2059,#2060,#2061,#2062));
#6811=EDGE_LOOP('',(#2063,#2064,#2065,#2066));
#6812=EDGE_LOOP('',(#2067,#2068,#2069,#2070));
#6813=EDGE_LOOP('',(#2071,#2072,#2073,#2074));
#6814=EDGE_LOOP('',(#2075,#2076,#2077,#2078));
#6815=EDGE_LOOP('',(#2079,#2080,#2081,#2082));
#6816=EDGE_LOOP('',(#2083,#2084,#2085,#2086));
#6817=EDGE_LOOP('',(#2087,#2088,#2089,#2090));
#6818=EDGE_LOOP('',(#2091,#2092,#2093,#2094));
#6819=EDGE_LOOP('',(#2095,#2096,#2097,#2098));
#6820=EDGE_LOOP('',(#2099,#2100,#2101,#2102));
#6821=EDGE_LOOP('',(#2103,#2104,#2105,#2106));
#6822=EDGE_LOOP('',(#2107,#2108,#2109,#2110));
#6823=EDGE_LOOP('',(#2111,#2112,#2113,#2114));
#6824=EDGE_LOOP('',(#2115,#2116,#2117,#2118));
#6825=EDGE_LOOP('',(#2119,#2120,#2121,#2122));
#6826=EDGE_LOOP('',(#2123,#2124,#2125,#2126));
#6827=EDGE_LOOP('',(#2127,#2128,#2129,#2130));
#6828=EDGE_LOOP('',(#2131,#2132,#2133,#2134));
#6829=EDGE_LOOP('',(#2135,#2136,#2137,#2138));
#6830=EDGE_LOOP('',(#2139,#2140,#2141,#2142));
#6831=EDGE_LOOP('',(#2143,#2144,#2145,#2146));
#6832=EDGE_LOOP('',(#2147,#2148,#2149,#2150));
#6833=EDGE_LOOP('',(#2151,#2152,#2153,#2154));
#6834=EDGE_LOOP('',(#2155,#2156,#2157,#2158));
#6835=EDGE_LOOP('',(#2159,#2160,#2161,#2162));
#6836=EDGE_LOOP('',(#2163,#2164,#2165,#2166));
#6837=EDGE_LOOP('',(#2167,#2168,#2169,#2170));
#6838=EDGE_LOOP('',(#2171,#2172,#2173,#2174));
#6839=EDGE_LOOP('',(#2175,#2176,#2177,#2178));
#6840=EDGE_LOOP('',(#2179,#2180,#2181,#2182,#2183,#2184,#2185,#2186,#2187,
#2188,#2189,#2190,#2191,#2192,#2193,#2194,#2195,#2196,#2197,#2198,#2199,
#2200,#2201,#2202,#2203,#2204,#2205,#2206,#2207,#2208,#2209,#2210,#2211,
#2212,#2213,#2214));
#6841=EDGE_LOOP('',(#2215,#2216,#2217));
#6842=EDGE_LOOP('',(#2218,#2219,#2220));
#6843=EDGE_LOOP('',(#2221,#2222,#2223,#2224));
#6844=EDGE_LOOP('',(#2225,#2226,#2227,#2228,#2229,#2230,#2231,#2232));
#6845=EDGE_LOOP('',(#2233,#2234,#2235,#2236,#2237,#2238,#2239,#2240,#2241,
#2242,#2243,#2244,#2245,#2246,#2247,#2248,#2249,#2250));
#6846=EDGE_LOOP('',(#2251,#2252,#2253));
#6847=EDGE_LOOP('',(#2254,#2255,#2256,#2257,#2258,#2259,#2260,#2261,#2262,
#2263,#2264,#2265,#2266,#2267,#2268,#2269,#2270,#2271));
#6848=EDGE_LOOP('',(#2272,#2273,#2274,#2275,#2276,#2277,#2278,#2279));
#6849=EDGE_LOOP('',(#2280,#2281,#2282));
#6850=EDGE_LOOP('',(#2283,#2284,#2285,#2286));
#6851=EDGE_LOOP('',(#2287,#2288,#2289,#2290));
#6852=EDGE_LOOP('',(#2291,#2292,#2293,#2294));
#6853=EDGE_LOOP('',(#2295,#2296,#2297,#2298,#2299));
#6854=EDGE_LOOP('',(#2300,#2301,#2302,#2303,#2304));
#6855=EDGE_LOOP('',(#2305,#2306,#2307,#2308));
#6856=EDGE_LOOP('',(#2309,#2310,#2311,#2312));
#6857=EDGE_LOOP('',(#2313,#2314,#2315,#2316));
#6858=EDGE_LOOP('',(#2317,#2318,#2319,#2320));
#6859=EDGE_LOOP('',(#2321,#2322,#2323,#2324));
#6860=EDGE_LOOP('',(#2325,#2326,#2327,#2328));
#6861=EDGE_LOOP('',(#2329,#2330,#2331,#2332,#2333));
#6862=EDGE_LOOP('',(#2334,#2335,#2336,#2337,#2338));
#6863=EDGE_LOOP('',(#2339,#2340,#2341,#2342));
#6864=EDGE_LOOP('',(#2343,#2344,#2345,#2346));
#6865=EDGE_LOOP('',(#2347,#2348,#2349,#2350));
#6866=EDGE_LOOP('',(#2351,#2352,#2353,#2354));
#6867=EDGE_LOOP('',(#2355,#2356,#2357,#2358));
#6868=EDGE_LOOP('',(#2359,#2360,#2361));
#6869=EDGE_LOOP('',(#2362,#2363,#2364,#2365));
#6870=EDGE_LOOP('',(#2366,#2367,#2368,#2369,#2370,#2371,#2372));
#6871=EDGE_LOOP('',(#2373,#2374,#2375,#2376,#2377,#2378,#2379));
#6872=EDGE_LOOP('',(#2380,#2381,#2382,#2383,#2384,#2385,#2386,#2387,#2388,
#2389,#2390,#2391,#2392,#2393,#2394,#2395,#2396,#2397,#2398,#2399,#2400,
#2401,#2402,#2403,#2404,#2405));
#6873=EDGE_LOOP('',(#2406));
#6874=EDGE_LOOP('',(#2407));
#6875=EDGE_LOOP('',(#2408,#2409,#2410,#2411,#2412,#2413,#2414,#2415,#2416,
#2417));
#6876=EDGE_LOOP('',(#2418,#2419,#2420,#2421,#2422,#2423,#2424));
#6877=EDGE_LOOP('',(#2425,#2426,#2427));
#6878=EDGE_LOOP('',(#2428,#2429,#2430,#2431,#2432,#2433,#2434));
#6879=EDGE_LOOP('',(#2435,#2436,#2437,#2438));
#6880=EDGE_LOOP('',(#2439,#2440,#2441,#2442));
#6881=EDGE_LOOP('',(#2443,#2444,#2445,#2446));
#6882=EDGE_LOOP('',(#2447,#2448,#2449,#2450));
#6883=EDGE_LOOP('',(#2451,#2452,#2453,#2454));
#6884=EDGE_LOOP('',(#2455,#2456,#2457,#2458));
#6885=EDGE_LOOP('',(#2459,#2460,#2461,#2462));
#6886=EDGE_LOOP('',(#2463,#2464,#2465,#2466));
#6887=EDGE_LOOP('',(#2467,#2468,#2469,#2470,#2471,#2472,#2473,#2474));
#6888=EDGE_LOOP('',(#2475,#2476,#2477,#2478));
#6889=EDGE_LOOP('',(#2479,#2480,#2481,#2482));
#6890=EDGE_LOOP('',(#2483,#2484,#2485,#2486));
#6891=EDGE_LOOP('',(#2487,#2488,#2489,#2490,#2491,#2492,#2493,#2494));
#6892=EDGE_LOOP('',(#2495,#2496,#2497,#2498));
#6893=EDGE_LOOP('',(#2499,#2500,#2501,#2502));
#6894=EDGE_LOOP('',(#2503,#2504,#2505,#2506));
#6895=EDGE_LOOP('',(#2507,#2508,#2509,#2510));
#6896=EDGE_LOOP('',(#2511,#2512,#2513,#2514,#2515,#2516,#2517,#2518,#2519,
#2520,#2521,#2522,#2523,#2524));
#6897=EDGE_LOOP('',(#2525,#2526,#2527));
#6898=EDGE_LOOP('',(#2528,#2529,#2530));
#6899=EDGE_LOOP('',(#2531,#2532,#2533,#2534));
#6900=EDGE_LOOP('',(#2535,#2536,#2537,#2538,#2539,#2540,#2541,#2542,#2543,
#2544,#2545,#2546,#2547,#2548,#2549,#2550,#2551,#2552,#2553,#2554,#2555,
#2556,#2557,#2558,#2559,#2560,#2561,#2562,#2563,#2564,#2565,#2566,#2567,
#2568,#2569,#2570));
#6901=EDGE_LOOP('',(#2571));
#6902=EDGE_LOOP('',(#2572));
#6903=EDGE_LOOP('',(#2573));
#6904=EDGE_LOOP('',(#2574));
#6905=EDGE_LOOP('',(#2575));
#6906=EDGE_LOOP('',(#2576));
#6907=EDGE_LOOP('',(#2577));
#6908=EDGE_LOOP('',(#2578));
#6909=EDGE_LOOP('',(#2579));
#6910=EDGE_LOOP('',(#2580));
#6911=EDGE_LOOP('',(#2581));
#6912=EDGE_LOOP('',(#2582));
#6913=EDGE_LOOP('',(#2583));
#6914=EDGE_LOOP('',(#2584));
#6915=EDGE_LOOP('',(#2585));
#6916=EDGE_LOOP('',(#2586,#2587,#2588,#2589,#2590,#2591,#2592,#2593,#2594,
#2595,#2596,#2597,#2598,#2599,#2600,#2601,#2602,#2603,#2604,#2605,#2606,
#2607,#2608,#2609,#2610,#2611,#2612,#2613,#2614,#2615,#2616,#2617,#2618,
#2619,#2620,#2621));
#6917=EDGE_LOOP('',(#2622));
#6918=EDGE_LOOP('',(#2623));
#6919=EDGE_LOOP('',(#2624));
#6920=EDGE_LOOP('',(#2625));
#6921=EDGE_LOOP('',(#2626));
#6922=EDGE_LOOP('',(#2627));
#6923=EDGE_LOOP('',(#2628));
#6924=EDGE_LOOP('',(#2629));
#6925=EDGE_LOOP('',(#2630));
#6926=EDGE_LOOP('',(#2631));
#6927=EDGE_LOOP('',(#2632));
#6928=EDGE_LOOP('',(#2633));
#6929=EDGE_LOOP('',(#2634));
#6930=EDGE_LOOP('',(#2635));
#6931=EDGE_LOOP('',(#2636));
#6932=EDGE_LOOP('',(#2637,#2638,#2639,#2640));
#6933=EDGE_LOOP('',(#2641,#2642,#2643,#2644));
#6934=EDGE_LOOP('',(#2645,#2646,#2647,#2648));
#6935=EDGE_LOOP('',(#2649,#2650,#2651,#2652));
#6936=EDGE_LOOP('',(#2653,#2654,#2655,#2656));
#6937=EDGE_LOOP('',(#2657,#2658,#2659,#2660));
#6938=EDGE_LOOP('',(#2661,#2662,#2663,#2664));
#6939=EDGE_LOOP('',(#2665,#2666,#2667,#2668));
#6940=EDGE_LOOP('',(#2669,#2670,#2671,#2672));
#6941=EDGE_LOOP('',(#2673,#2674,#2675,#2676));
#6942=EDGE_LOOP('',(#2677,#2678,#2679,#2680));
#6943=EDGE_LOOP('',(#2681,#2682,#2683,#2684));
#6944=EDGE_LOOP('',(#2685,#2686,#2687,#2688));
#6945=EDGE_LOOP('',(#2689,#2690,#2691,#2692));
#6946=EDGE_LOOP('',(#2693,#2694,#2695,#2696));
#6947=EDGE_LOOP('',(#2697,#2698,#2699,#2700));
#6948=EDGE_LOOP('',(#2701,#2702,#2703,#2704));
#6949=EDGE_LOOP('',(#2705,#2706,#2707,#2708));
#6950=EDGE_LOOP('',(#2709,#2710,#2711,#2712));
#6951=EDGE_LOOP('',(#2713,#2714,#2715,#2716));
#6952=EDGE_LOOP('',(#2717,#2718,#2719,#2720));
#6953=EDGE_LOOP('',(#2721,#2722,#2723,#2724));
#6954=EDGE_LOOP('',(#2725,#2726,#2727,#2728));
#6955=EDGE_LOOP('',(#2729,#2730,#2731,#2732));
#6956=EDGE_LOOP('',(#2733,#2734,#2735,#2736));
#6957=EDGE_LOOP('',(#2737,#2738,#2739,#2740));
#6958=EDGE_LOOP('',(#2741,#2742,#2743,#2744));
#6959=EDGE_LOOP('',(#2745,#2746,#2747,#2748));
#6960=EDGE_LOOP('',(#2749,#2750,#2751,#2752));
#6961=EDGE_LOOP('',(#2753,#2754,#2755,#2756));
#6962=EDGE_LOOP('',(#2757,#2758,#2759,#2760));
#6963=EDGE_LOOP('',(#2761,#2762,#2763,#2764));
#6964=EDGE_LOOP('',(#2765,#2766,#2767,#2768));
#6965=EDGE_LOOP('',(#2769,#2770,#2771,#2772));
#6966=EDGE_LOOP('',(#2773,#2774,#2775,#2776));
#6967=EDGE_LOOP('',(#2777,#2778,#2779,#2780));
#6968=EDGE_LOOP('',(#2781,#2782,#2783,#2784,#2785,#2786,#2787,#2788,#2789,
#2790,#2791,#2792,#2793,#2794,#2795,#2796,#2797,#2798,#2799,#2800,#2801,
#2802,#2803,#2804,#2805,#2806,#2807,#2808,#2809,#2810,#2811,#2812,#2813,
#2814,#2815,#2816));
#6969=EDGE_LOOP('',(#2817,#2818,#2819,#2820));
#6970=EDGE_LOOP('',(#2821,#2822,#2823,#2824));
#6971=EDGE_LOOP('',(#2825,#2826,#2827,#2828));
#6972=EDGE_LOOP('',(#2829,#2830,#2831,#2832));
#6973=EDGE_LOOP('',(#2833,#2834,#2835,#2836));
#6974=EDGE_LOOP('',(#2837,#2838,#2839,#2840));
#6975=EDGE_LOOP('',(#2841,#2842,#2843,#2844));
#6976=EDGE_LOOP('',(#2845,#2846,#2847,#2848));
#6977=EDGE_LOOP('',(#2849,#2850,#2851,#2852));
#6978=EDGE_LOOP('',(#2853,#2854,#2855,#2856));
#6979=EDGE_LOOP('',(#2857,#2858,#2859,#2860));
#6980=EDGE_LOOP('',(#2861,#2862,#2863,#2864));
#6981=EDGE_LOOP('',(#2865,#2866,#2867,#2868));
#6982=EDGE_LOOP('',(#2869,#2870,#2871,#2872));
#6983=EDGE_LOOP('',(#2873,#2874,#2875,#2876));
#6984=EDGE_LOOP('',(#2877,#2878,#2879,#2880));
#6985=EDGE_LOOP('',(#2881,#2882,#2883,#2884));
#6986=EDGE_LOOP('',(#2885,#2886,#2887,#2888));
#6987=EDGE_LOOP('',(#2889,#2890,#2891,#2892));
#6988=EDGE_LOOP('',(#2893,#2894,#2895,#2896));
#6989=EDGE_LOOP('',(#2897,#2898,#2899,#2900));
#6990=EDGE_LOOP('',(#2901,#2902,#2903,#2904));
#6991=EDGE_LOOP('',(#2905,#2906,#2907,#2908));
#6992=EDGE_LOOP('',(#2909,#2910,#2911,#2912));
#6993=EDGE_LOOP('',(#2913,#2914,#2915,#2916));
#6994=EDGE_LOOP('',(#2917,#2918,#2919,#2920));
#6995=EDGE_LOOP('',(#2921,#2922,#2923,#2924));
#6996=EDGE_LOOP('',(#2925,#2926,#2927,#2928));
#6997=EDGE_LOOP('',(#2929,#2930,#2931,#2932));
#6998=EDGE_LOOP('',(#2933,#2934,#2935,#2936));
#6999=EDGE_LOOP('',(#2937,#2938,#2939,#2940));
#7000=EDGE_LOOP('',(#2941,#2942,#2943,#2944));
#7001=EDGE_LOOP('',(#2945,#2946,#2947,#2948));
#7002=EDGE_LOOP('',(#2949,#2950,#2951,#2952));
#7003=EDGE_LOOP('',(#2953,#2954,#2955,#2956));
#7004=EDGE_LOOP('',(#2957,#2958,#2959,#2960));
#7005=EDGE_LOOP('',(#2961,#2962,#2963,#2964,#2965,#2966,#2967,#2968,#2969,
#2970,#2971,#2972,#2973,#2974,#2975,#2976,#2977,#2978,#2979,#2980,#2981,
#2982,#2983,#2984,#2985,#2986,#2987,#2988,#2989,#2990,#2991,#2992,#2993,
#2994,#2995,#2996));
#7006=EDGE_LOOP('',(#2997,#2998,#2999,#3000));
#7007=EDGE_LOOP('',(#3001,#3002,#3003,#3004));
#7008=EDGE_LOOP('',(#3005,#3006,#3007,#3008));
#7009=EDGE_LOOP('',(#3009,#3010,#3011,#3012));
#7010=EDGE_LOOP('',(#3013,#3014,#3015,#3016));
#7011=EDGE_LOOP('',(#3017));
#7012=EDGE_LOOP('',(#3018,#3019,#3020,#3021,#3022,#3023));
#7013=EDGE_LOOP('',(#3024));
#7014=EDGE_LOOP('',(#3025));
#7015=EDGE_LOOP('',(#3026));
#7016=EDGE_LOOP('',(#3027));
#7017=EDGE_LOOP('',(#3028));
#7018=EDGE_LOOP('',(#3029));
#7019=EDGE_LOOP('',(#3030));
#7020=EDGE_LOOP('',(#3031,#3032,#3033,#3034));
#7021=EDGE_LOOP('',(#3035,#3036,#3037,#3038));
#7022=EDGE_LOOP('',(#3039,#3040,#3041,#3042));
#7023=EDGE_LOOP('',(#3043,#3044,#3045,#3046));
#7024=EDGE_LOOP('',(#3047,#3048,#3049,#3050));
#7025=EDGE_LOOP('',(#3051,#3052,#3053,#3054));
#7026=EDGE_LOOP('',(#3055));
#7027=EDGE_LOOP('',(#3056));
#7028=EDGE_LOOP('',(#3057,#3058,#3059,#3060,#3061,#3062,#3063,#3064,#3065,
#3066));
#7029=EDGE_LOOP('',(#3067,#3068,#3069,#3070,#3071,#3072));
#7030=EDGE_LOOP('',(#3073));
#7031=EDGE_LOOP('',(#3074));
#7032=EDGE_LOOP('',(#3075,#3076,#3077,#3078,#3079,#3080,#3081,#3082,#3083,
#3084));
#7033=EDGE_LOOP('',(#3085,#3086,#3087,#3088));
#7034=EDGE_LOOP('',(#3089,#3090,#3091,#3092,#3093,#3094));
#7035=EDGE_LOOP('',(#3095));
#7036=EDGE_LOOP('',(#3096));
#7037=EDGE_LOOP('',(#3097,#3098,#3099,#3100,#3101,#3102,#3103,#3104,#3105,
#3106));
#7038=EDGE_LOOP('',(#3107,#3108,#3109,#3110,#3111,#3112));
#7039=EDGE_LOOP('',(#3113,#3114,#3115,#3116,#3117,#3118));
#7040=EDGE_LOOP('',(#3119,#3120,#3121,#3122));
#7041=EDGE_LOOP('',(#3123,#3124,#3125,#3126,#3127,#3128,#3129,#3130));
#7042=EDGE_LOOP('',(#3131,#3132,#3133,#3134));
#7043=EDGE_LOOP('',(#3135,#3136,#3137,#3138));
#7044=EDGE_LOOP('',(#3139,#3140,#3141,#3142));
#7045=EDGE_LOOP('',(#3143,#3144,#3145,#3146,#3147,#3148,#3149,#3150));
#7046=EDGE_LOOP('',(#3151,#3152,#3153,#3154));
#7047=EDGE_LOOP('',(#3155,#3156,#3157,#3158));
#7048=EDGE_LOOP('',(#3159,#3160,#3161,#3162));
#7049=EDGE_LOOP('',(#3163,#3164,#3165,#3166));
#7050=EDGE_LOOP('',(#3167,#3168,#3169,#3170));
#7051=EDGE_LOOP('',(#3171));
#7052=EDGE_LOOP('',(#3172));
#7053=EDGE_LOOP('',(#3173,#3174,#3175,#3176,#3177,#3178,#3179,#3180));
#7054=EDGE_LOOP('',(#3181,#3182,#3183,#3184,#3185,#3186,#3187,#3188));
#7055=EDGE_LOOP('',(#3189,#3190,#3191,#3192,#3193,#3194,#3195,#3196));
#7056=EDGE_LOOP('',(#3197,#3198,#3199,#3200));
#7057=EDGE_LOOP('',(#3201,#3202,#3203,#3204));
#7058=EDGE_LOOP('',(#3205,#3206,#3207,#3208,#3209,#3210));
#7059=EDGE_LOOP('',(#3211,#3212,#3213,#3214,#3215,#3216));
#7060=EDGE_LOOP('',(#3217,#3218,#3219,#3220));
#7061=EDGE_LOOP('',(#3221,#3222,#3223,#3224));
#7062=EDGE_LOOP('',(#3225));
#7063=EDGE_LOOP('',(#3226));
#7064=EDGE_LOOP('',(#3227));
#7065=EDGE_LOOP('',(#3228));
#7066=EDGE_LOOP('',(#3229));
#7067=EDGE_LOOP('',(#3230));
#7068=EDGE_LOOP('',(#3231));
#7069=EDGE_LOOP('',(#3232));
#7070=EDGE_LOOP('',(#3233,#3234,#3235));
#7071=EDGE_LOOP('',(#3236,#3237,#3238));
#7072=EDGE_LOOP('',(#3239,#3240,#3241,#3242));
#7073=EDGE_LOOP('',(#3243,#3244,#3245,#3246));
#7074=EDGE_LOOP('',(#3247,#3248,#3249,#3250,#3251,#3252,#3253,#3254,#3255));
#7075=EDGE_LOOP('',(#3256,#3257,#3258,#3259,#3260,#3261,#3262,#3263,#3264));
#7076=EDGE_LOOP('',(#3265,#3266,#3267,#3268));
#7077=EDGE_LOOP('',(#3269,#3270,#3271,#3272));
#7078=EDGE_LOOP('',(#3273,#3274,#3275,#3276,#3277,#3278));
#7079=EDGE_LOOP('',(#3279));
#7080=EDGE_LOOP('',(#3280,#3281,#3282,#3283));
#7081=EDGE_LOOP('',(#3284,#3285,#3286,#3287));
#7082=EDGE_LOOP('',(#3288,#3289,#3290,#3291));
#7083=EDGE_LOOP('',(#3292,#3293,#3294,#3295));
#7084=EDGE_LOOP('',(#3296,#3297));
#7085=EDGE_LOOP('',(#3298));
#7086=EDGE_LOOP('',(#3299,#3300,#3301,#3302));
#7087=EDGE_LOOP('',(#3303,#3304,#3305,#3306,#3307));
#7088=EDGE_LOOP('',(#3308,#3309,#3310,#3311));
#7089=EDGE_LOOP('',(#3312,#3313,#3314,#3315,#3316));
#7090=EDGE_LOOP('',(#3317,#3318,#3319,#3320,#3321,#3322));
#7091=EDGE_LOOP('',(#3323));
#7092=EDGE_LOOP('',(#3324));
#7093=EDGE_LOOP('',(#3325));
#7094=EDGE_LOOP('',(#3326));
#7095=EDGE_LOOP('',(#3327,#3328,#3329,#3330));
#7096=EDGE_LOOP('',(#3331,#3332,#3333,#3334));
#7097=EDGE_LOOP('',(#3335,#3336,#3337,#3338));
#7098=EDGE_LOOP('',(#3339,#3340,#3341,#3342));
#7099=EDGE_LOOP('',(#3343,#3344,#3345,#3346));
#7100=EDGE_LOOP('',(#3347,#3348,#3349,#3350));
#7101=EDGE_LOOP('',(#3351,#3352,#3353,#3354,#3355,#3356));
#7102=EDGE_LOOP('',(#3357,#3358));
#7103=EDGE_LOOP('',(#3359,#3360));
#7104=EDGE_LOOP('',(#3361,#3362));
#7105=FACE_BOUND('',#6597,.T.);
#7106=FACE_BOUND('',#6598,.T.);
#7107=FACE_BOUND('',#6599,.T.);
#7108=FACE_BOUND('',#6600,.T.);
#7109=FACE_BOUND('',#6601,.T.);
#7110=FACE_BOUND('',#6602,.T.);
#7111=FACE_BOUND('',#6603,.T.);
#7112=FACE_BOUND('',#6604,.T.);
#7113=FACE_BOUND('',#6605,.T.);
#7114=FACE_BOUND('',#6606,.T.);
#7115=FACE_BOUND('',#6607,.T.);
#7116=FACE_BOUND('',#6608,.T.);
#7117=FACE_BOUND('',#6609,.T.);
#7118=FACE_BOUND('',#6610,.T.);
#7119=FACE_BOUND('',#6611,.T.);
#7120=FACE_BOUND('',#6612,.T.);
#7121=FACE_BOUND('',#6613,.T.);
#7122=FACE_BOUND('',#6614,.T.);
#7123=FACE_BOUND('',#6615,.T.);
#7124=FACE_BOUND('',#6616,.T.);
#7125=FACE_BOUND('',#6617,.T.);
#7126=FACE_BOUND('',#6618,.T.);
#7127=FACE_BOUND('',#6619,.T.);
#7128=FACE_BOUND('',#6620,.T.);
#7129=FACE_BOUND('',#6621,.T.);
#7130=FACE_BOUND('',#6622,.T.);
#7131=FACE_BOUND('',#6623,.T.);
#7132=FACE_BOUND('',#6624,.T.);
#7133=FACE_BOUND('',#6625,.T.);
#7134=FACE_BOUND('',#6626,.T.);
#7135=FACE_BOUND('',#6627,.T.);
#7136=FACE_BOUND('',#6628,.T.);
#7137=FACE_BOUND('',#6629,.T.);
#7138=FACE_BOUND('',#6630,.T.);
#7139=FACE_BOUND('',#6631,.T.);
#7140=FACE_BOUND('',#6632,.T.);
#7141=FACE_BOUND('',#6633,.T.);
#7142=FACE_BOUND('',#6634,.T.);
#7143=FACE_BOUND('',#6635,.T.);
#7144=FACE_BOUND('',#6636,.T.);
#7145=FACE_BOUND('',#6637,.T.);
#7146=FACE_BOUND('',#6638,.T.);
#7147=FACE_BOUND('',#6639,.T.);
#7148=FACE_BOUND('',#6640,.T.);
#7149=FACE_BOUND('',#6641,.T.);
#7150=FACE_BOUND('',#6642,.T.);
#7151=FACE_BOUND('',#6643,.T.);
#7152=FACE_BOUND('',#6644,.T.);
#7153=FACE_BOUND('',#6645,.T.);
#7154=FACE_BOUND('',#6646,.T.);
#7155=FACE_BOUND('',#6647,.T.);
#7156=FACE_BOUND('',#6648,.T.);
#7157=FACE_BOUND('',#6649,.T.);
#7158=FACE_BOUND('',#6650,.T.);
#7159=FACE_BOUND('',#6651,.T.);
#7160=FACE_BOUND('',#6652,.T.);
#7161=FACE_BOUND('',#6653,.T.);
#7162=FACE_BOUND('',#6654,.T.);
#7163=FACE_BOUND('',#6655,.T.);
#7164=FACE_BOUND('',#6656,.T.);
#7165=FACE_BOUND('',#6657,.T.);
#7166=FACE_BOUND('',#6658,.T.);
#7167=FACE_BOUND('',#6659,.T.);
#7168=FACE_BOUND('',#6660,.T.);
#7169=FACE_BOUND('',#6661,.T.);
#7170=FACE_BOUND('',#6662,.T.);
#7171=FACE_BOUND('',#6663,.T.);
#7172=FACE_BOUND('',#6664,.T.);
#7173=FACE_BOUND('',#6665,.T.);
#7174=FACE_BOUND('',#6666,.T.);
#7175=FACE_BOUND('',#6667,.T.);
#7176=FACE_BOUND('',#6668,.T.);
#7177=FACE_BOUND('',#6669,.T.);
#7178=FACE_BOUND('',#6670,.T.);
#7179=FACE_BOUND('',#6671,.T.);
#7180=FACE_BOUND('',#6672,.T.);
#7181=FACE_BOUND('',#6673,.T.);
#7182=FACE_BOUND('',#6674,.T.);
#7183=FACE_BOUND('',#6675,.T.);
#7184=FACE_BOUND('',#6676,.T.);
#7185=FACE_BOUND('',#6677,.T.);
#7186=FACE_BOUND('',#6678,.T.);
#7187=FACE_BOUND('',#6679,.T.);
#7188=FACE_BOUND('',#6680,.T.);
#7189=FACE_BOUND('',#6681,.T.);
#7190=FACE_BOUND('',#6682,.T.);
#7191=FACE_BOUND('',#6683,.T.);
#7192=FACE_BOUND('',#6684,.T.);
#7193=FACE_BOUND('',#6685,.T.);
#7194=FACE_BOUND('',#6686,.T.);
#7195=FACE_BOUND('',#6687,.T.);
#7196=FACE_BOUND('',#6688,.T.);
#7197=FACE_BOUND('',#6689,.T.);
#7198=FACE_BOUND('',#6690,.T.);
#7199=FACE_BOUND('',#6691,.T.);
#7200=FACE_BOUND('',#6692,.T.);
#7201=FACE_BOUND('',#6693,.T.);
#7202=FACE_BOUND('',#6694,.T.);
#7203=FACE_BOUND('',#6695,.T.);
#7204=FACE_BOUND('',#6696,.T.);
#7205=FACE_BOUND('',#6697,.T.);
#7206=FACE_BOUND('',#6698,.T.);
#7207=FACE_BOUND('',#6699,.T.);
#7208=FACE_BOUND('',#6700,.T.);
#7209=FACE_BOUND('',#6701,.T.);
#7210=FACE_BOUND('',#6702,.T.);
#7211=FACE_BOUND('',#6703,.T.);
#7212=FACE_BOUND('',#6704,.T.);
#7213=FACE_BOUND('',#6705,.T.);
#7214=FACE_BOUND('',#6706,.T.);
#7215=FACE_BOUND('',#6707,.T.);
#7216=FACE_BOUND('',#6708,.T.);
#7217=FACE_BOUND('',#6709,.T.);
#7218=FACE_BOUND('',#6710,.T.);
#7219=FACE_BOUND('',#6711,.T.);
#7220=FACE_BOUND('',#6712,.T.);
#7221=FACE_BOUND('',#6713,.T.);
#7222=FACE_BOUND('',#6714,.T.);
#7223=FACE_BOUND('',#6715,.T.);
#7224=FACE_BOUND('',#6716,.T.);
#7225=FACE_BOUND('',#6717,.T.);
#7226=FACE_BOUND('',#6718,.T.);
#7227=FACE_BOUND('',#6719,.T.);
#7228=FACE_BOUND('',#6720,.T.);
#7229=FACE_BOUND('',#6721,.T.);
#7230=FACE_BOUND('',#6722,.T.);
#7231=FACE_BOUND('',#6723,.T.);
#7232=FACE_BOUND('',#6724,.T.);
#7233=FACE_BOUND('',#6725,.T.);
#7234=FACE_BOUND('',#6726,.T.);
#7235=FACE_BOUND('',#6727,.T.);
#7236=FACE_BOUND('',#6728,.T.);
#7237=FACE_BOUND('',#6729,.T.);
#7238=FACE_BOUND('',#6730,.T.);
#7239=FACE_BOUND('',#6731,.T.);
#7240=FACE_BOUND('',#6732,.T.);
#7241=FACE_BOUND('',#6733,.T.);
#7242=FACE_BOUND('',#6734,.T.);
#7243=FACE_BOUND('',#6735,.T.);
#7244=FACE_BOUND('',#6736,.T.);
#7245=FACE_BOUND('',#6737,.T.);
#7246=FACE_BOUND('',#6738,.T.);
#7247=FACE_BOUND('',#6739,.T.);
#7248=FACE_BOUND('',#6740,.T.);
#7249=FACE_BOUND('',#6741,.T.);
#7250=FACE_BOUND('',#6742,.T.);
#7251=FACE_BOUND('',#6743,.T.);
#7252=FACE_BOUND('',#6744,.T.);
#7253=FACE_BOUND('',#6745,.T.);
#7254=FACE_BOUND('',#6746,.T.);
#7255=FACE_BOUND('',#6747,.T.);
#7256=FACE_BOUND('',#6748,.T.);
#7257=FACE_BOUND('',#6749,.T.);
#7258=FACE_BOUND('',#6750,.T.);
#7259=FACE_BOUND('',#6751,.T.);
#7260=FACE_BOUND('',#6752,.T.);
#7261=FACE_BOUND('',#6753,.T.);
#7262=FACE_BOUND('',#6754,.T.);
#7263=FACE_BOUND('',#6755,.T.);
#7264=FACE_BOUND('',#6756,.T.);
#7265=FACE_BOUND('',#6757,.T.);
#7266=FACE_BOUND('',#6758,.T.);
#7267=FACE_BOUND('',#6759,.T.);
#7268=FACE_BOUND('',#6760,.T.);
#7269=FACE_BOUND('',#6761,.T.);
#7270=FACE_BOUND('',#6762,.T.);
#7271=FACE_BOUND('',#6763,.T.);
#7272=FACE_BOUND('',#6764,.T.);
#7273=FACE_BOUND('',#6765,.T.);
#7274=FACE_BOUND('',#6766,.T.);
#7275=FACE_BOUND('',#6767,.T.);
#7276=FACE_BOUND('',#6768,.T.);
#7277=FACE_BOUND('',#6769,.T.);
#7278=FACE_BOUND('',#6770,.T.);
#7279=FACE_BOUND('',#6771,.T.);
#7280=FACE_BOUND('',#6772,.T.);
#7281=FACE_BOUND('',#6773,.T.);
#7282=FACE_BOUND('',#6774,.T.);
#7283=FACE_BOUND('',#6775,.T.);
#7284=FACE_BOUND('',#6776,.T.);
#7285=FACE_BOUND('',#6777,.T.);
#7286=FACE_BOUND('',#6778,.T.);
#7287=FACE_BOUND('',#6779,.T.);
#7288=FACE_BOUND('',#6780,.T.);
#7289=FACE_BOUND('',#6781,.T.);
#7290=FACE_BOUND('',#6782,.T.);
#7291=FACE_BOUND('',#6783,.T.);
#7292=FACE_BOUND('',#6784,.T.);
#7293=FACE_BOUND('',#6785,.T.);
#7294=FACE_BOUND('',#6786,.T.);
#7295=FACE_BOUND('',#6787,.T.);
#7296=FACE_BOUND('',#6788,.T.);
#7297=FACE_BOUND('',#6789,.T.);
#7298=FACE_BOUND('',#6790,.T.);
#7299=FACE_BOUND('',#6791,.T.);
#7300=FACE_BOUND('',#6792,.T.);
#7301=FACE_BOUND('',#6793,.T.);
#7302=FACE_BOUND('',#6794,.T.);
#7303=FACE_BOUND('',#6795,.T.);
#7304=FACE_BOUND('',#6796,.T.);
#7305=FACE_BOUND('',#6797,.T.);
#7306=FACE_BOUND('',#6798,.T.);
#7307=FACE_BOUND('',#6799,.T.);
#7308=FACE_BOUND('',#6800,.T.);
#7309=FACE_BOUND('',#6801,.T.);
#7310=FACE_BOUND('',#6802,.T.);
#7311=FACE_BOUND('',#6803,.T.);
#7312=FACE_BOUND('',#6804,.T.);
#7313=FACE_BOUND('',#6805,.T.);
#7314=FACE_BOUND('',#6806,.T.);
#7315=FACE_BOUND('',#6807,.T.);
#7316=FACE_BOUND('',#6808,.T.);
#7317=FACE_BOUND('',#6809,.T.);
#7318=FACE_BOUND('',#6810,.T.);
#7319=FACE_BOUND('',#6811,.T.);
#7320=FACE_BOUND('',#6812,.T.);
#7321=FACE_BOUND('',#6813,.T.);
#7322=FACE_BOUND('',#6814,.T.);
#7323=FACE_BOUND('',#6815,.T.);
#7324=FACE_BOUND('',#6816,.T.);
#7325=FACE_BOUND('',#6817,.T.);
#7326=FACE_BOUND('',#6818,.T.);
#7327=FACE_BOUND('',#6819,.T.);
#7328=FACE_BOUND('',#6820,.T.);
#7329=FACE_BOUND('',#6821,.T.);
#7330=FACE_BOUND('',#6822,.T.);
#7331=FACE_BOUND('',#6823,.T.);
#7332=FACE_BOUND('',#6824,.T.);
#7333=FACE_BOUND('',#6825,.T.);
#7334=FACE_BOUND('',#6826,.T.);
#7335=FACE_BOUND('',#6827,.T.);
#7336=FACE_BOUND('',#6828,.T.);
#7337=FACE_BOUND('',#6829,.T.);
#7338=FACE_BOUND('',#6830,.T.);
#7339=FACE_BOUND('',#6831,.T.);
#7340=FACE_BOUND('',#6832,.T.);
#7341=FACE_BOUND('',#6833,.T.);
#7342=FACE_BOUND('',#6834,.T.);
#7343=FACE_BOUND('',#6835,.T.);
#7344=FACE_BOUND('',#6836,.T.);
#7345=FACE_BOUND('',#6837,.T.);
#7346=FACE_BOUND('',#6838,.T.);
#7347=FACE_BOUND('',#6839,.T.);
#7348=FACE_BOUND('',#6840,.T.);
#7349=FACE_BOUND('',#6841,.T.);
#7350=FACE_BOUND('',#6842,.T.);
#7351=FACE_BOUND('',#6843,.T.);
#7352=FACE_BOUND('',#6844,.T.);
#7353=FACE_BOUND('',#6845,.T.);
#7354=FACE_BOUND('',#6846,.T.);
#7355=FACE_BOUND('',#6847,.T.);
#7356=FACE_BOUND('',#6848,.T.);
#7357=FACE_BOUND('',#6849,.T.);
#7358=FACE_BOUND('',#6850,.T.);
#7359=FACE_BOUND('',#6851,.T.);
#7360=FACE_BOUND('',#6852,.T.);
#7361=FACE_BOUND('',#6853,.T.);
#7362=FACE_BOUND('',#6854,.T.);
#7363=FACE_BOUND('',#6855,.T.);
#7364=FACE_BOUND('',#6856,.T.);
#7365=FACE_BOUND('',#6857,.T.);
#7366=FACE_BOUND('',#6858,.T.);
#7367=FACE_BOUND('',#6859,.T.);
#7368=FACE_BOUND('',#6860,.T.);
#7369=FACE_BOUND('',#6861,.T.);
#7370=FACE_BOUND('',#6862,.T.);
#7371=FACE_BOUND('',#6863,.T.);
#7372=FACE_BOUND('',#6864,.T.);
#7373=FACE_BOUND('',#6865,.T.);
#7374=FACE_BOUND('',#6866,.T.);
#7375=FACE_BOUND('',#6867,.T.);
#7376=FACE_BOUND('',#6868,.T.);
#7377=FACE_BOUND('',#6869,.T.);
#7378=FACE_BOUND('',#6870,.T.);
#7379=FACE_BOUND('',#6871,.T.);
#7380=FACE_BOUND('',#6872,.T.);
#7381=FACE_BOUND('',#6873,.T.);
#7382=FACE_BOUND('',#6874,.T.);
#7383=FACE_BOUND('',#6875,.T.);
#7384=FACE_BOUND('',#6876,.T.);
#7385=FACE_BOUND('',#6877,.T.);
#7386=FACE_BOUND('',#6878,.T.);
#7387=FACE_BOUND('',#6879,.T.);
#7388=FACE_BOUND('',#6880,.T.);
#7389=FACE_BOUND('',#6881,.T.);
#7390=FACE_BOUND('',#6882,.T.);
#7391=FACE_BOUND('',#6883,.T.);
#7392=FACE_BOUND('',#6884,.T.);
#7393=FACE_BOUND('',#6885,.T.);
#7394=FACE_BOUND('',#6886,.T.);
#7395=FACE_BOUND('',#6887,.T.);
#7396=FACE_BOUND('',#6888,.T.);
#7397=FACE_BOUND('',#6889,.T.);
#7398=FACE_BOUND('',#6890,.T.);
#7399=FACE_BOUND('',#6891,.T.);
#7400=FACE_BOUND('',#6892,.T.);
#7401=FACE_BOUND('',#6893,.T.);
#7402=FACE_BOUND('',#6894,.T.);
#7403=FACE_BOUND('',#6895,.T.);
#7404=FACE_BOUND('',#6896,.T.);
#7405=FACE_BOUND('',#6897,.T.);
#7406=FACE_BOUND('',#6898,.T.);
#7407=FACE_BOUND('',#6899,.T.);
#7408=FACE_BOUND('',#6900,.T.);
#7409=FACE_BOUND('',#6901,.T.);
#7410=FACE_BOUND('',#6902,.T.);
#7411=FACE_BOUND('',#6903,.T.);
#7412=FACE_BOUND('',#6904,.T.);
#7413=FACE_BOUND('',#6905,.T.);
#7414=FACE_BOUND('',#6906,.T.);
#7415=FACE_BOUND('',#6907,.T.);
#7416=FACE_BOUND('',#6908,.T.);
#7417=FACE_BOUND('',#6909,.T.);
#7418=FACE_BOUND('',#6910,.T.);
#7419=FACE_BOUND('',#6911,.T.);
#7420=FACE_BOUND('',#6912,.T.);
#7421=FACE_BOUND('',#6913,.T.);
#7422=FACE_BOUND('',#6914,.T.);
#7423=FACE_BOUND('',#6915,.T.);
#7424=FACE_BOUND('',#6916,.T.);
#7425=FACE_BOUND('',#6917,.T.);
#7426=FACE_BOUND('',#6918,.T.);
#7427=FACE_BOUND('',#6919,.T.);
#7428=FACE_BOUND('',#6920,.T.);
#7429=FACE_BOUND('',#6921,.T.);
#7430=FACE_BOUND('',#6922,.T.);
#7431=FACE_BOUND('',#6923,.T.);
#7432=FACE_BOUND('',#6924,.T.);
#7433=FACE_BOUND('',#6925,.T.);
#7434=FACE_BOUND('',#6926,.T.);
#7435=FACE_BOUND('',#6927,.T.);
#7436=FACE_BOUND('',#6928,.T.);
#7437=FACE_BOUND('',#6929,.T.);
#7438=FACE_BOUND('',#6930,.T.);
#7439=FACE_BOUND('',#6931,.T.);
#7440=FACE_BOUND('',#6932,.T.);
#7441=FACE_BOUND('',#6933,.T.);
#7442=FACE_BOUND('',#6934,.T.);
#7443=FACE_BOUND('',#6935,.T.);
#7444=FACE_BOUND('',#6936,.T.);
#7445=FACE_BOUND('',#6937,.T.);
#7446=FACE_BOUND('',#6938,.T.);
#7447=FACE_BOUND('',#6939,.T.);
#7448=FACE_BOUND('',#6940,.T.);
#7449=FACE_BOUND('',#6941,.T.);
#7450=FACE_BOUND('',#6942,.T.);
#7451=FACE_BOUND('',#6943,.T.);
#7452=FACE_BOUND('',#6944,.T.);
#7453=FACE_BOUND('',#6945,.T.);
#7454=FACE_BOUND('',#6946,.T.);
#7455=FACE_BOUND('',#6947,.T.);
#7456=FACE_BOUND('',#6948,.T.);
#7457=FACE_BOUND('',#6949,.T.);
#7458=FACE_BOUND('',#6950,.T.);
#7459=FACE_BOUND('',#6951,.T.);
#7460=FACE_BOUND('',#6952,.T.);
#7461=FACE_BOUND('',#6953,.T.);
#7462=FACE_BOUND('',#6954,.T.);
#7463=FACE_BOUND('',#6955,.T.);
#7464=FACE_BOUND('',#6956,.T.);
#7465=FACE_BOUND('',#6957,.T.);
#7466=FACE_BOUND('',#6958,.T.);
#7467=FACE_BOUND('',#6959,.T.);
#7468=FACE_BOUND('',#6960,.T.);
#7469=FACE_BOUND('',#6961,.T.);
#7470=FACE_BOUND('',#6962,.T.);
#7471=FACE_BOUND('',#6963,.T.);
#7472=FACE_BOUND('',#6964,.T.);
#7473=FACE_BOUND('',#6965,.T.);
#7474=FACE_BOUND('',#6966,.T.);
#7475=FACE_BOUND('',#6967,.T.);
#7476=FACE_BOUND('',#6968,.T.);
#7477=FACE_BOUND('',#6969,.T.);
#7478=FACE_BOUND('',#6970,.T.);
#7479=FACE_BOUND('',#6971,.T.);
#7480=FACE_BOUND('',#6972,.T.);
#7481=FACE_BOUND('',#6973,.T.);
#7482=FACE_BOUND('',#6974,.T.);
#7483=FACE_BOUND('',#6975,.T.);
#7484=FACE_BOUND('',#6976,.T.);
#7485=FACE_BOUND('',#6977,.T.);
#7486=FACE_BOUND('',#6978,.T.);
#7487=FACE_BOUND('',#6979,.T.);
#7488=FACE_BOUND('',#6980,.T.);
#7489=FACE_BOUND('',#6981,.T.);
#7490=FACE_BOUND('',#6982,.T.);
#7491=FACE_BOUND('',#6983,.T.);
#7492=FACE_BOUND('',#6984,.T.);
#7493=FACE_BOUND('',#6985,.T.);
#7494=FACE_BOUND('',#6986,.T.);
#7495=FACE_BOUND('',#6987,.T.);
#7496=FACE_BOUND('',#6988,.T.);
#7497=FACE_BOUND('',#6989,.T.);
#7498=FACE_BOUND('',#6990,.T.);
#7499=FACE_BOUND('',#6991,.T.);
#7500=FACE_BOUND('',#6992,.T.);
#7501=FACE_BOUND('',#6993,.T.);
#7502=FACE_BOUND('',#6994,.T.);
#7503=FACE_BOUND('',#6995,.T.);
#7504=FACE_BOUND('',#6996,.T.);
#7505=FACE_BOUND('',#6997,.T.);
#7506=FACE_BOUND('',#6998,.T.);
#7507=FACE_BOUND('',#6999,.T.);
#7508=FACE_BOUND('',#7000,.T.);
#7509=FACE_BOUND('',#7001,.T.);
#7510=FACE_BOUND('',#7002,.T.);
#7511=FACE_BOUND('',#7003,.T.);
#7512=FACE_BOUND('',#7004,.T.);
#7513=FACE_BOUND('',#7005,.T.);
#7514=FACE_BOUND('',#7006,.T.);
#7515=FACE_BOUND('',#7007,.T.);
#7516=FACE_BOUND('',#7008,.T.);
#7517=FACE_BOUND('',#7009,.T.);
#7518=FACE_BOUND('',#7010,.T.);
#7519=FACE_BOUND('',#7011,.T.);
#7520=FACE_BOUND('',#7012,.T.);
#7521=FACE_BOUND('',#7013,.T.);
#7522=FACE_BOUND('',#7014,.T.);
#7523=FACE_BOUND('',#7015,.T.);
#7524=FACE_BOUND('',#7016,.T.);
#7525=FACE_BOUND('',#7017,.T.);
#7526=FACE_BOUND('',#7018,.T.);
#7527=FACE_BOUND('',#7019,.T.);
#7528=FACE_BOUND('',#7020,.T.);
#7529=FACE_BOUND('',#7021,.T.);
#7530=FACE_BOUND('',#7022,.T.);
#7531=FACE_BOUND('',#7023,.T.);
#7532=FACE_BOUND('',#7024,.T.);
#7533=FACE_BOUND('',#7025,.T.);
#7534=FACE_BOUND('',#7026,.T.);
#7535=FACE_BOUND('',#7027,.T.);
#7536=FACE_BOUND('',#7028,.T.);
#7537=FACE_BOUND('',#7029,.T.);
#7538=FACE_BOUND('',#7030,.T.);
#7539=FACE_BOUND('',#7031,.T.);
#7540=FACE_BOUND('',#7032,.T.);
#7541=FACE_BOUND('',#7033,.T.);
#7542=FACE_BOUND('',#7034,.T.);
#7543=FACE_BOUND('',#7035,.T.);
#7544=FACE_BOUND('',#7036,.T.);
#7545=FACE_BOUND('',#7037,.T.);
#7546=FACE_BOUND('',#7038,.T.);
#7547=FACE_BOUND('',#7039,.T.);
#7548=FACE_BOUND('',#7040,.T.);
#7549=FACE_BOUND('',#7041,.T.);
#7550=FACE_BOUND('',#7042,.T.);
#7551=FACE_BOUND('',#7043,.T.);
#7552=FACE_BOUND('',#7044,.T.);
#7553=FACE_BOUND('',#7045,.T.);
#7554=FACE_BOUND('',#7046,.T.);
#7555=FACE_BOUND('',#7047,.T.);
#7556=FACE_BOUND('',#7048,.T.);
#7557=FACE_BOUND('',#7049,.T.);
#7558=FACE_BOUND('',#7050,.T.);
#7559=FACE_BOUND('',#7051,.T.);
#7560=FACE_BOUND('',#7052,.T.);
#7561=FACE_BOUND('',#7053,.T.);
#7562=FACE_BOUND('',#7054,.T.);
#7563=FACE_BOUND('',#7055,.T.);
#7564=FACE_BOUND('',#7056,.T.);
#7565=FACE_BOUND('',#7057,.T.);
#7566=FACE_BOUND('',#7058,.T.);
#7567=FACE_BOUND('',#7059,.T.);
#7568=FACE_BOUND('',#7060,.T.);
#7569=FACE_BOUND('',#7061,.T.);
#7570=FACE_BOUND('',#7062,.T.);
#7571=FACE_BOUND('',#7063,.T.);
#7572=FACE_BOUND('',#7064,.T.);
#7573=FACE_BOUND('',#7065,.T.);
#7574=FACE_BOUND('',#7066,.T.);
#7575=FACE_BOUND('',#7067,.T.);
#7576=FACE_BOUND('',#7068,.T.);
#7577=FACE_BOUND('',#7069,.T.);
#7578=FACE_BOUND('',#7070,.T.);
#7579=FACE_BOUND('',#7071,.T.);
#7580=FACE_BOUND('',#7072,.T.);
#7581=FACE_BOUND('',#7073,.T.);
#7582=FACE_BOUND('',#7074,.T.);
#7583=FACE_BOUND('',#7075,.T.);
#7584=FACE_BOUND('',#7076,.T.);
#7585=FACE_BOUND('',#7077,.T.);
#7586=FACE_BOUND('',#7078,.T.);
#7587=FACE_BOUND('',#7079,.T.);
#7588=FACE_BOUND('',#7080,.T.);
#7589=FACE_BOUND('',#7081,.T.);
#7590=FACE_BOUND('',#7082,.T.);
#7591=FACE_BOUND('',#7083,.T.);
#7592=FACE_BOUND('',#7084,.T.);
#7593=FACE_BOUND('',#7085,.T.);
#7594=FACE_BOUND('',#7086,.T.);
#7595=FACE_BOUND('',#7087,.T.);
#7596=FACE_BOUND('',#7088,.T.);
#7597=FACE_BOUND('',#7089,.T.);
#7598=FACE_BOUND('',#7090,.T.);
#7599=FACE_BOUND('',#7091,.T.);
#7600=FACE_BOUND('',#7092,.T.);
#7601=FACE_BOUND('',#7093,.T.);
#7602=FACE_BOUND('',#7094,.T.);
#7603=FACE_BOUND('',#7095,.T.);
#7604=FACE_BOUND('',#7096,.T.);
#7605=FACE_BOUND('',#7097,.T.);
#7606=FACE_BOUND('',#7098,.T.);
#7607=FACE_BOUND('',#7099,.T.);
#7608=FACE_BOUND('',#7100,.T.);
#7609=FACE_BOUND('',#7101,.T.);
#7610=FACE_BOUND('',#7102,.T.);
#7611=FACE_BOUND('',#7103,.T.);
#7612=FACE_BOUND('',#7104,.T.);
#7613=PLANE('',#10912);
#7614=PLANE('',#10917);
#7615=PLANE('',#10918);
#7616=PLANE('',#10922);
#7617=PLANE('',#10926);
#7618=PLANE('',#10940);
#7619=PLANE('',#10945);
#7620=PLANE('',#10947);
#7621=PLANE('',#10949);
#7622=PLANE('',#10959);
#7623=PLANE('',#10968);
#7624=PLANE('',#10970);
#7625=PLANE('',#10988);
#7626=PLANE('',#10991);
#7627=PLANE('',#10992);
#7628=PLANE('',#10995);
#7629=PLANE('',#10998);
#7630=PLANE('',#11003);
#7631=PLANE('',#11008);
#7632=PLANE('',#11013);
#7633=PLANE('',#11018);
#7634=PLANE('',#11021);
#7635=PLANE('',#11026);
#7636=PLANE('',#11033);
#7637=PLANE('',#11040);
#7638=PLANE('',#11047);
#7639=PLANE('',#11051);
#7640=PLANE('',#11053);
#7641=PLANE('',#11058);
#7642=PLANE('',#11065);
#7643=PLANE('',#11072);
#7644=PLANE('',#11079);
#7645=PLANE('',#11083);
#7646=PLANE('',#11092);
#7647=PLANE('',#11095);
#7648=PLANE('',#11107);
#7649=PLANE('',#11109);
#7650=PLANE('',#11111);
#7651=PLANE('',#11123);
#7652=PLANE('',#11126);
#7653=PLANE('',#11127);
#7654=PLANE('',#11130);
#7655=PLANE('',#11133);
#7656=PLANE('',#11136);
#7657=PLANE('',#11139);
#7658=PLANE('',#11142);
#7659=PLANE('',#11146);
#7660=PLANE('',#11151);
#7661=PLANE('',#11170);
#7662=PLANE('',#11174);
#7663=PLANE('',#11181);
#7664=PLANE('',#11185);
#7665=PLANE('',#11204);
#7666=PLANE('',#11209);
#7667=PLANE('',#11213);
#7668=PLANE('',#11220);
#7669=PLANE('',#11222);
#7670=PLANE('',#11223);
#7671=PLANE('',#11229);
#7672=PLANE('',#11237);
#7673=PLANE('',#11241);
#7674=PLANE('',#11350);
#7675=PLANE('',#11353);
#7676=PLANE('',#11361);
#7677=PLANE('',#11365);
#7678=PLANE('',#11474);
#7679=PLANE('',#11475);
#7680=PLANE('',#11476);
#7681=PLANE('',#11478);
#7682=PLANE('',#11479);
#7683=PLANE('',#11482);
#7684=PLANE('',#11483);
#7685=PLANE('',#11486);
#7686=PLANE('',#11487);
#7687=PLANE('',#11489);
#7688=PLANE('',#11496);
#7689=PLANE('',#11499);
#7690=PLANE('',#11506);
#7691=PLANE('',#11510);
#7692=PLANE('',#11514);
#7693=PLANE('',#11523);
#7694=PLANE('',#11524);
#7695=PLANE('',#11525);
#7696=PLANE('',#11526);
#7697=PLANE('',#11530);
#7698=PLANE('',#11531);
#7699=PLANE('',#11532);
#7700=PLANE('',#11533);
#7701=PLANE('',#11534);
#7702=PLANE('',#11535);
#7703=PLANE('',#11536);
#7704=PLANE('',#11537);
#7705=PLANE('',#11541);
#7706=PLANE('',#11542);
#7707=PLANE('',#11544);
#7708=PLANE('',#11545);
#7709=PLANE('',#11547);
#7710=PLANE('',#11587);
#7711=PLANE('',#11595);
#7712=PLANE('',#11598);
#7713=PLANE('',#11638);
#7714=PLANE('',#11646);
#7715=PLANE('',#11721);
#7716=PLANE('',#11794);
#7717=PLANE('',#11797);
#7718=PLANE('',#11798);
#7719=PLANE('',#11801);
#7720=PLANE('',#11802);
#7721=PLANE('',#11806);
#7722=PLANE('',#11810);
#7723=PLANE('',#11812);
#7724=PLANE('',#11813);
#7725=PLANE('',#11814);
#7726=PLANE('',#11815);
#7727=PLANE('',#11816);
#7728=PLANE('',#11817);
#7729=PLANE('',#11822);
#7730=PLANE('',#11825);
#7731=PLANE('',#11833);
#7732=PLANE('',#11834);
#7733=PLANE('',#11845);
#7734=PLANE('',#11847);
#7735=PLANE('',#11849);
#7736=PLANE('',#11852);
#7737=PLANE('',#11853);
#7738=PLANE('',#11857);
#7739=PLANE('',#11861);
#7740=PLANE('',#11868);
#7741=PLANE('',#11869);
#7742=PLANE('',#11872);
#7743=PLANE('',#11875);
#7744=PLANE('',#11879);
#7745=PLANE('',#11884);
#7746=PLANE('',#11892);
#7747=PLANE('',#11893);
#7748=PLANE('',#11894);
#7749=PLANE('',#11895);
#7750=PLANE('',#11896);
#7751=PLANE('',#11899);
#7752=PLANE('',#11904);
#7753=PLANE('',#11906);
#7754=PLANE('',#11907);
#7755=PLANE('',#11909);
#7756=PLANE('',#11911);
#7757=PLANE('',#11912);
#7758=PLANE('',#11914);
#7759=PLANE('',#11916);
#7760=PLANE('',#11917);
#7761=PLANE('',#11920);
#7762=PLANE('',#11921);
#7763=PLANE('',#11922);
#7764=PLANE('',#11923);
#7765=PLANE('',#11924);
#7766=PLANE('',#11925);
#7767=PLANE('',#11926);
#7768=PLANE('',#11927);
#7769=PLANE('',#11929);
#7770=STYLED_ITEM('',(#8152),#10446);
#7771=STYLED_ITEM('',(#8153),#10447);
#7772=STYLED_ITEM('',(#8154),#10448);
#7773=STYLED_ITEM('',(#8155),#10449);
#7774=STYLED_ITEM('',(#8156),#10450);
#7775=STYLED_ITEM('',(#8157),#10451);
#7776=STYLED_ITEM('',(#8158),#10452);
#7777=STYLED_ITEM('',(#8159),#10453);
#7778=STYLED_ITEM('',(#8160),#10454);
#7779=STYLED_ITEM('',(#8161),#10455);
#7780=STYLED_ITEM('',(#8162),#10456);
#7781=STYLED_ITEM('',(#8163),#10457);
#7782=STYLED_ITEM('',(#8164),#10458);
#7783=STYLED_ITEM('',(#8165),#10459);
#7784=STYLED_ITEM('',(#8166),#10460);
#7785=STYLED_ITEM('',(#8167),#10461);
#7786=STYLED_ITEM('',(#8168),#10462);
#7787=STYLED_ITEM('',(#8169),#10463);
#7788=STYLED_ITEM('',(#8170),#10464);
#7789=STYLED_ITEM('',(#8171),#10465);
#7790=STYLED_ITEM('',(#8172),#10466);
#7791=STYLED_ITEM('',(#8173),#10467);
#7792=STYLED_ITEM('',(#8174),#10468);
#7793=STYLED_ITEM('',(#8175),#10469);
#7794=STYLED_ITEM('',(#8176),#10470);
#7795=STYLED_ITEM('',(#8177),#10471);
#7796=STYLED_ITEM('',(#8178),#10472);
#7797=STYLED_ITEM('',(#8179),#10473);
#7798=STYLED_ITEM('',(#8180),#10474);
#7799=STYLED_ITEM('',(#8181),#10475);
#7800=STYLED_ITEM('',(#8182),#10476);
#7801=STYLED_ITEM('',(#8183),#10477);
#7802=STYLED_ITEM('',(#8184),#10478);
#7803=STYLED_ITEM('',(#8185),#10479);
#7804=STYLED_ITEM('',(#8186),#10480);
#7805=STYLED_ITEM('',(#8187),#10481);
#7806=STYLED_ITEM('',(#8188),#10482);
#7807=STYLED_ITEM('',(#8189),#10483);
#7808=STYLED_ITEM('',(#8190),#10484);
#7809=STYLED_ITEM('',(#8191),#10485);
#7810=STYLED_ITEM('',(#8192),#10486);
#7811=STYLED_ITEM('',(#8193),#10487);
#7812=STYLED_ITEM('',(#8194),#10488);
#7813=STYLED_ITEM('',(#8195),#10489);
#7814=STYLED_ITEM('',(#8196),#10490);
#7815=STYLED_ITEM('',(#8197),#10491);
#7816=STYLED_ITEM('',(#8198),#10492);
#7817=STYLED_ITEM('',(#8199),#10493);
#7818=STYLED_ITEM('',(#8200),#10494);
#7819=STYLED_ITEM('',(#8201),#10495);
#7820=STYLED_ITEM('',(#8202),#10496);
#7821=STYLED_ITEM('',(#8203),#10497);
#7822=STYLED_ITEM('',(#8204),#10498);
#7823=STYLED_ITEM('',(#8205),#10499);
#7824=STYLED_ITEM('',(#8206),#10500);
#7825=STYLED_ITEM('',(#8207),#10501);
#7826=STYLED_ITEM('',(#8208),#10502);
#7827=STYLED_ITEM('',(#8209),#10503);
#7828=STYLED_ITEM('',(#8210),#10504);
#7829=STYLED_ITEM('',(#8211),#10505);
#7830=STYLED_ITEM('',(#8212),#10506);
#7831=STYLED_ITEM('',(#8213),#10507);
#7832=STYLED_ITEM('',(#8214),#10508);
#7833=STYLED_ITEM('',(#8215),#10509);
#7834=STYLED_ITEM('',(#8216),#10510);
#7835=STYLED_ITEM('',(#8217),#10511);
#7836=STYLED_ITEM('',(#8218),#10512);
#7837=STYLED_ITEM('',(#8219),#10513);
#7838=STYLED_ITEM('',(#8220),#10514);
#7839=STYLED_ITEM('',(#8221),#10515);
#7840=STYLED_ITEM('',(#8222),#10516);
#7841=STYLED_ITEM('',(#8223),#10517);
#7842=STYLED_ITEM('',(#8224),#10518);
#7843=STYLED_ITEM('',(#8225),#10519);
#7844=STYLED_ITEM('',(#8226),#10520);
#7845=STYLED_ITEM('',(#8227),#10521);
#7846=STYLED_ITEM('',(#8228),#10522);
#7847=STYLED_ITEM('',(#8229),#10523);
#7848=STYLED_ITEM('',(#8230),#10524);
#7849=STYLED_ITEM('',(#8231),#10525);
#7850=STYLED_ITEM('',(#8232),#10526);
#7851=STYLED_ITEM('',(#8233),#10527);
#7852=STYLED_ITEM('',(#8234),#10528);
#7853=STYLED_ITEM('',(#8235),#10529);
#7854=STYLED_ITEM('',(#8236),#10530);
#7855=STYLED_ITEM('',(#8237),#10531);
#7856=STYLED_ITEM('',(#8238),#10532);
#7857=STYLED_ITEM('',(#8239),#10533);
#7858=STYLED_ITEM('',(#8240),#10534);
#7859=STYLED_ITEM('',(#8241),#10535);
#7860=STYLED_ITEM('',(#8242),#10536);
#7861=STYLED_ITEM('',(#8243),#10537);
#7862=STYLED_ITEM('',(#8244),#10538);
#7863=STYLED_ITEM('',(#8245),#10539);
#7864=STYLED_ITEM('',(#8246),#10540);
#7865=STYLED_ITEM('',(#8247),#10541);
#7866=STYLED_ITEM('',(#8248),#10542);
#7867=STYLED_ITEM('',(#8249),#10543);
#7868=STYLED_ITEM('',(#8250),#10544);
#7869=STYLED_ITEM('',(#8251),#10545);
#7870=STYLED_ITEM('',(#8252),#10546);
#7871=STYLED_ITEM('',(#8253),#10547);
#7872=STYLED_ITEM('',(#8254),#10548);
#7873=STYLED_ITEM('',(#8255),#10549);
#7874=STYLED_ITEM('',(#8256),#10550);
#7875=STYLED_ITEM('',(#8257),#10551);
#7876=STYLED_ITEM('',(#8258),#10552);
#7877=STYLED_ITEM('',(#8259),#10553);
#7878=STYLED_ITEM('',(#8260),#10554);
#7879=STYLED_ITEM('',(#8261),#10555);
#7880=STYLED_ITEM('',(#8262),#10556);
#7881=STYLED_ITEM('',(#8263),#10557);
#7882=STYLED_ITEM('',(#8264),#10558);
#7883=STYLED_ITEM('',(#8265),#10559);
#7884=STYLED_ITEM('',(#8266),#10560);
#7885=STYLED_ITEM('',(#8267),#10561);
#7886=STYLED_ITEM('',(#8268),#10562);
#7887=STYLED_ITEM('',(#8269),#10563);
#7888=STYLED_ITEM('',(#8270),#10564);
#7889=STYLED_ITEM('',(#8271),#10565);
#7890=STYLED_ITEM('',(#8272),#10566);
#7891=STYLED_ITEM('',(#8273),#10567);
#7892=STYLED_ITEM('',(#8274),#10568);
#7893=STYLED_ITEM('',(#8275),#10569);
#7894=STYLED_ITEM('',(#8276),#10570);
#7895=STYLED_ITEM('',(#8277),#10571);
#7896=STYLED_ITEM('',(#8278),#10572);
#7897=STYLED_ITEM('',(#8279),#10573);
#7898=STYLED_ITEM('',(#8280),#10574);
#7899=STYLED_ITEM('',(#8281),#10575);
#7900=STYLED_ITEM('',(#8282),#10576);
#7901=STYLED_ITEM('',(#8283),#10577);
#7902=STYLED_ITEM('',(#8284),#10578);
#7903=STYLED_ITEM('',(#8285),#10579);
#7904=STYLED_ITEM('',(#8286),#10580);
#7905=STYLED_ITEM('',(#8287),#10581);
#7906=STYLED_ITEM('',(#8288),#10582);
#7907=STYLED_ITEM('',(#8289),#10583);
#7908=STYLED_ITEM('',(#8290),#10584);
#7909=STYLED_ITEM('',(#8291),#10585);
#7910=STYLED_ITEM('',(#8292),#10586);
#7911=STYLED_ITEM('',(#8293),#10587);
#7912=STYLED_ITEM('',(#8294),#10588);
#7913=STYLED_ITEM('',(#8295),#10589);
#7914=STYLED_ITEM('',(#8296),#10590);
#7915=STYLED_ITEM('',(#8297),#10591);
#7916=STYLED_ITEM('',(#8298),#10592);
#7917=STYLED_ITEM('',(#8299),#10593);
#7918=STYLED_ITEM('',(#8300),#10594);
#7919=STYLED_ITEM('',(#8301),#10595);
#7920=STYLED_ITEM('',(#8302),#10596);
#7921=STYLED_ITEM('',(#8303),#10597);
#7922=STYLED_ITEM('',(#8304),#10598);
#7923=STYLED_ITEM('',(#8305),#10599);
#7924=STYLED_ITEM('',(#8306),#10600);
#7925=STYLED_ITEM('',(#8307),#10601);
#7926=STYLED_ITEM('',(#8308),#10602);
#7927=STYLED_ITEM('',(#8309),#10603);
#7928=STYLED_ITEM('',(#8310),#10604);
#7929=STYLED_ITEM('',(#8311),#10605);
#7930=STYLED_ITEM('',(#8312),#10606);
#7931=STYLED_ITEM('',(#8313),#10607);
#7932=STYLED_ITEM('',(#8314),#10608);
#7933=STYLED_ITEM('',(#8315),#10609);
#7934=STYLED_ITEM('',(#8316),#10610);
#7935=STYLED_ITEM('',(#8317),#10611);
#7936=STYLED_ITEM('',(#8318),#10612);
#7937=STYLED_ITEM('',(#8319),#10613);
#7938=STYLED_ITEM('',(#8320),#10614);
#7939=STYLED_ITEM('',(#8321),#10615);
#7940=STYLED_ITEM('',(#8322),#10616);
#7941=STYLED_ITEM('',(#8323),#10617);
#7942=STYLED_ITEM('',(#8324),#10618);
#7943=STYLED_ITEM('',(#8325),#10619);
#7944=STYLED_ITEM('',(#8326),#10620);
#7945=STYLED_ITEM('',(#8327),#10621);
#7946=STYLED_ITEM('',(#8328),#10622);
#7947=STYLED_ITEM('',(#8329),#10623);
#7948=STYLED_ITEM('',(#8330),#10624);
#7949=STYLED_ITEM('',(#8331),#10625);
#7950=STYLED_ITEM('',(#8332),#10626);
#7951=STYLED_ITEM('',(#8333),#10627);
#7952=STYLED_ITEM('',(#8334),#10628);
#7953=STYLED_ITEM('',(#8335),#10629);
#7954=STYLED_ITEM('',(#8336),#10630);
#7955=STYLED_ITEM('',(#8337),#10631);
#7956=STYLED_ITEM('',(#8338),#10632);
#7957=STYLED_ITEM('',(#8339),#10633);
#7958=STYLED_ITEM('',(#8340),#10634);
#7959=STYLED_ITEM('',(#8341),#10635);
#7960=STYLED_ITEM('',(#8342),#10636);
#7961=STYLED_ITEM('',(#8343),#10637);
#7962=STYLED_ITEM('',(#8344),#10638);
#7963=STYLED_ITEM('',(#8345),#10639);
#7964=STYLED_ITEM('',(#8346),#10640);
#7965=STYLED_ITEM('',(#8347),#10641);
#7966=STYLED_ITEM('',(#8348),#10642);
#7967=STYLED_ITEM('',(#8349),#10643);
#7968=STYLED_ITEM('',(#8350),#10644);
#7969=STYLED_ITEM('',(#8351),#10645);
#7970=STYLED_ITEM('',(#8352),#10646);
#7971=STYLED_ITEM('',(#8353),#10647);
#7972=STYLED_ITEM('',(#8354),#10648);
#7973=STYLED_ITEM('',(#8355),#10649);
#7974=STYLED_ITEM('',(#8356),#10650);
#7975=STYLED_ITEM('',(#8357),#10651);
#7976=STYLED_ITEM('',(#8358),#10652);
#7977=STYLED_ITEM('',(#8359),#10653);
#7978=STYLED_ITEM('',(#8360),#10654);
#7979=STYLED_ITEM('',(#8361),#10655);
#7980=STYLED_ITEM('',(#8362),#10656);
#7981=STYLED_ITEM('',(#8363),#10657);
#7982=STYLED_ITEM('',(#8364),#10658);
#7983=STYLED_ITEM('',(#8365),#10659);
#7984=STYLED_ITEM('',(#8366),#10660);
#7985=STYLED_ITEM('',(#8367),#10661);
#7986=STYLED_ITEM('',(#8368),#10662);
#7987=STYLED_ITEM('',(#8369),#10663);
#7988=STYLED_ITEM('',(#8370),#10664);
#7989=STYLED_ITEM('',(#8371),#10665);
#7990=STYLED_ITEM('',(#8372),#10666);
#7991=STYLED_ITEM('',(#8373),#10667);
#7992=STYLED_ITEM('',(#8374),#10668);
#7993=STYLED_ITEM('',(#8375),#10669);
#7994=STYLED_ITEM('',(#8376),#10670);
#7995=STYLED_ITEM('',(#8377),#10671);
#7996=STYLED_ITEM('',(#8378),#10672);
#7997=STYLED_ITEM('',(#8379),#10673);
#7998=STYLED_ITEM('',(#8380),#10674);
#7999=STYLED_ITEM('',(#8381),#10675);
#8000=STYLED_ITEM('',(#8382),#10676);
#8001=STYLED_ITEM('',(#8383),#10677);
#8002=STYLED_ITEM('',(#8384),#10678);
#8003=STYLED_ITEM('',(#8385),#10679);
#8004=STYLED_ITEM('',(#8386),#10680);
#8005=STYLED_ITEM('',(#8387),#10681);
#8006=STYLED_ITEM('',(#8388),#10682);
#8007=STYLED_ITEM('',(#8389),#10683);
#8008=STYLED_ITEM('',(#8390),#10684);
#8009=STYLED_ITEM('',(#8391),#10685);
#8010=STYLED_ITEM('',(#8392),#10686);
#8011=STYLED_ITEM('',(#8393),#10687);
#8012=STYLED_ITEM('',(#8394),#10688);
#8013=STYLED_ITEM('',(#8395),#10689);
#8014=STYLED_ITEM('',(#8396),#10690);
#8015=STYLED_ITEM('',(#8397),#10691);
#8016=STYLED_ITEM('',(#8398),#10692);
#8017=STYLED_ITEM('',(#8399),#10693);
#8018=STYLED_ITEM('',(#8400),#10694);
#8019=STYLED_ITEM('',(#8401),#10695);
#8020=STYLED_ITEM('',(#8402),#10696);
#8021=STYLED_ITEM('',(#8403),#10697);
#8022=STYLED_ITEM('',(#8404),#10698);
#8023=STYLED_ITEM('',(#8405),#10699);
#8024=STYLED_ITEM('',(#8406),#10700);
#8025=STYLED_ITEM('',(#8407),#10701);
#8026=STYLED_ITEM('',(#8408),#10702);
#8027=STYLED_ITEM('',(#8409),#10703);
#8028=STYLED_ITEM('',(#8410),#10704);
#8029=STYLED_ITEM('',(#8411),#10705);
#8030=STYLED_ITEM('',(#8412),#10706);
#8031=STYLED_ITEM('',(#8413),#10707);
#8032=STYLED_ITEM('',(#8414),#10708);
#8033=STYLED_ITEM('',(#8415),#10709);
#8034=STYLED_ITEM('',(#8416),#10710);
#8035=STYLED_ITEM('',(#8417),#10711);
#8036=STYLED_ITEM('',(#8418),#10712);
#8037=STYLED_ITEM('',(#8419),#10713);
#8038=STYLED_ITEM('',(#8420),#10714);
#8039=STYLED_ITEM('',(#8421),#10715);
#8040=STYLED_ITEM('',(#8422),#10716);
#8041=STYLED_ITEM('',(#8423),#10717);
#8042=STYLED_ITEM('',(#8424),#10718);
#8043=STYLED_ITEM('',(#8425),#10719);
#8044=STYLED_ITEM('',(#8426),#10720);
#8045=STYLED_ITEM('',(#8427),#10721);
#8046=STYLED_ITEM('',(#8428),#10722);
#8047=STYLED_ITEM('',(#8429),#10723);
#8048=STYLED_ITEM('',(#8430),#10724);
#8049=STYLED_ITEM('',(#8431),#10725);
#8050=STYLED_ITEM('',(#8432),#10726);
#8051=STYLED_ITEM('',(#8433),#10727);
#8052=STYLED_ITEM('',(#8434),#10728);
#8053=STYLED_ITEM('',(#8435),#10729);
#8054=STYLED_ITEM('',(#8436),#10730);
#8055=STYLED_ITEM('',(#8437),#10731);
#8056=STYLED_ITEM('',(#8438),#10732);
#8057=STYLED_ITEM('',(#8439),#10733);
#8058=STYLED_ITEM('',(#8440),#10734);
#8059=STYLED_ITEM('',(#8441),#10735);
#8060=STYLED_ITEM('',(#8442),#10736);
#8061=STYLED_ITEM('',(#8443),#10737);
#8062=STYLED_ITEM('',(#8444),#10738);
#8063=STYLED_ITEM('',(#8445),#10739);
#8064=STYLED_ITEM('',(#8446),#10740);
#8065=STYLED_ITEM('',(#8447),#10741);
#8066=STYLED_ITEM('',(#8448),#10742);
#8067=STYLED_ITEM('',(#8449),#10743);
#8068=STYLED_ITEM('',(#8450),#10744);
#8069=STYLED_ITEM('',(#8451),#10745);
#8070=STYLED_ITEM('',(#8452),#10746);
#8071=STYLED_ITEM('',(#8453),#10747);
#8072=STYLED_ITEM('',(#8454),#10748);
#8073=STYLED_ITEM('',(#8455),#10749);
#8074=STYLED_ITEM('',(#8456),#10750);
#8075=STYLED_ITEM('',(#8457),#10751);
#8076=STYLED_ITEM('',(#8458),#10752);
#8077=STYLED_ITEM('',(#8459),#10753);
#8078=STYLED_ITEM('',(#8460),#10754);
#8079=STYLED_ITEM('',(#8461),#10755);
#8080=STYLED_ITEM('',(#8462),#10756);
#8081=STYLED_ITEM('',(#8463),#10757);
#8082=STYLED_ITEM('',(#8464),#10758);
#8083=STYLED_ITEM('',(#8465),#10759);
#8084=STYLED_ITEM('',(#8466),#10760);
#8085=STYLED_ITEM('',(#8467),#10761);
#8086=STYLED_ITEM('',(#8468),#10762);
#8087=STYLED_ITEM('',(#8469),#10763);
#8088=STYLED_ITEM('',(#8470),#10764);
#8089=STYLED_ITEM('',(#8471),#10765);
#8090=STYLED_ITEM('',(#8472),#10766);
#8091=STYLED_ITEM('',(#8473),#10767);
#8092=STYLED_ITEM('',(#8474),#10768);
#8093=STYLED_ITEM('',(#8475),#10769);
#8094=STYLED_ITEM('',(#8476),#10770);
#8095=STYLED_ITEM('',(#8477),#10771);
#8096=STYLED_ITEM('',(#8478),#10772);
#8097=STYLED_ITEM('',(#8479),#10773);
#8098=STYLED_ITEM('',(#8480),#10774);
#8099=STYLED_ITEM('',(#8481),#10775);
#8100=STYLED_ITEM('',(#8482),#10776);
#8101=STYLED_ITEM('',(#8483),#10777);
#8102=STYLED_ITEM('',(#8484),#10778);
#8103=STYLED_ITEM('',(#8485),#10779);
#8104=STYLED_ITEM('',(#8486),#10780);
#8105=STYLED_ITEM('',(#8487),#10781);
#8106=STYLED_ITEM('',(#8488),#10782);
#8107=STYLED_ITEM('',(#8489),#10783);
#8108=STYLED_ITEM('',(#8490),#10784);
#8109=STYLED_ITEM('',(#8491),#10785);
#8110=STYLED_ITEM('',(#8492),#10786);
#8111=STYLED_ITEM('',(#8493),#10787);
#8112=STYLED_ITEM('',(#8494),#10788);
#8113=STYLED_ITEM('',(#8495),#10789);
#8114=STYLED_ITEM('',(#8496),#10790);
#8115=STYLED_ITEM('',(#8497),#10791);
#8116=STYLED_ITEM('',(#8498),#10792);
#8117=STYLED_ITEM('',(#8499),#10793);
#8118=STYLED_ITEM('',(#8500),#10794);
#8119=STYLED_ITEM('',(#8501),#10795);
#8120=STYLED_ITEM('',(#8502),#10796);
#8121=STYLED_ITEM('',(#8503),#10797);
#8122=STYLED_ITEM('',(#8504),#10798);
#8123=STYLED_ITEM('',(#8505),#10799);
#8124=STYLED_ITEM('',(#8506),#10800);
#8125=STYLED_ITEM('',(#8507),#10801);
#8126=STYLED_ITEM('',(#8508),#10802);
#8127=STYLED_ITEM('',(#8509),#10803);
#8128=STYLED_ITEM('',(#8510),#10804);
#8129=STYLED_ITEM('',(#8511),#10805);
#8130=STYLED_ITEM('',(#8512),#10806);
#8131=STYLED_ITEM('',(#8513),#10807);
#8132=STYLED_ITEM('',(#8514),#10808);
#8133=STYLED_ITEM('',(#8515),#10809);
#8134=STYLED_ITEM('',(#8516),#10810);
#8135=STYLED_ITEM('',(#8517),#10811);
#8136=STYLED_ITEM('',(#8518),#10812);
#8137=STYLED_ITEM('',(#8519),#10813);
#8138=STYLED_ITEM('',(#8520),#10814);
#8139=STYLED_ITEM('',(#8521),#10815);
#8140=STYLED_ITEM('',(#8522),#10816);
#8141=STYLED_ITEM('',(#8523),#10817);
#8142=STYLED_ITEM('',(#8524),#10818);
#8143=STYLED_ITEM('',(#8525),#10819);
#8144=STYLED_ITEM('',(#8526),#10820);
#8145=STYLED_ITEM('',(#8527),#10821);
#8146=STYLED_ITEM('',(#8528),#10822);
#8147=STYLED_ITEM('',(#8529),#10823);
#8148=STYLED_ITEM('',(#8530),#10824);
#8149=STYLED_ITEM('',(#8531),#10825);
#8150=STYLED_ITEM('',(#8532),#10902);
#8151=STYLED_ITEM('',(#8533),#19);
#8152=PRESENTATION_STYLE_ASSIGNMENT((#8534));
#8153=PRESENTATION_STYLE_ASSIGNMENT((#8535));
#8154=PRESENTATION_STYLE_ASSIGNMENT((#8536));
#8155=PRESENTATION_STYLE_ASSIGNMENT((#8537));
#8156=PRESENTATION_STYLE_ASSIGNMENT((#8538));
#8157=PRESENTATION_STYLE_ASSIGNMENT((#8539));
#8158=PRESENTATION_STYLE_ASSIGNMENT((#8540));
#8159=PRESENTATION_STYLE_ASSIGNMENT((#8541));
#8160=PRESENTATION_STYLE_ASSIGNMENT((#8542));
#8161=PRESENTATION_STYLE_ASSIGNMENT((#8543));
#8162=PRESENTATION_STYLE_ASSIGNMENT((#8544));
#8163=PRESENTATION_STYLE_ASSIGNMENT((#8545));
#8164=PRESENTATION_STYLE_ASSIGNMENT((#8546));
#8165=PRESENTATION_STYLE_ASSIGNMENT((#8547));
#8166=PRESENTATION_STYLE_ASSIGNMENT((#8548));
#8167=PRESENTATION_STYLE_ASSIGNMENT((#8549));
#8168=PRESENTATION_STYLE_ASSIGNMENT((#8550));
#8169=PRESENTATION_STYLE_ASSIGNMENT((#8551));
#8170=PRESENTATION_STYLE_ASSIGNMENT((#8552));
#8171=PRESENTATION_STYLE_ASSIGNMENT((#8553));
#8172=PRESENTATION_STYLE_ASSIGNMENT((#8554));
#8173=PRESENTATION_STYLE_ASSIGNMENT((#8555));
#8174=PRESENTATION_STYLE_ASSIGNMENT((#8556));
#8175=PRESENTATION_STYLE_ASSIGNMENT((#8557));
#8176=PRESENTATION_STYLE_ASSIGNMENT((#8558));
#8177=PRESENTATION_STYLE_ASSIGNMENT((#8559));
#8178=PRESENTATION_STYLE_ASSIGNMENT((#8560));
#8179=PRESENTATION_STYLE_ASSIGNMENT((#8561));
#8180=PRESENTATION_STYLE_ASSIGNMENT((#8562));
#8181=PRESENTATION_STYLE_ASSIGNMENT((#8563));
#8182=PRESENTATION_STYLE_ASSIGNMENT((#8564));
#8183=PRESENTATION_STYLE_ASSIGNMENT((#8565));
#8184=PRESENTATION_STYLE_ASSIGNMENT((#8566));
#8185=PRESENTATION_STYLE_ASSIGNMENT((#8567));
#8186=PRESENTATION_STYLE_ASSIGNMENT((#8568));
#8187=PRESENTATION_STYLE_ASSIGNMENT((#8569));
#8188=PRESENTATION_STYLE_ASSIGNMENT((#8570));
#8189=PRESENTATION_STYLE_ASSIGNMENT((#8571));
#8190=PRESENTATION_STYLE_ASSIGNMENT((#8572));
#8191=PRESENTATION_STYLE_ASSIGNMENT((#8573));
#8192=PRESENTATION_STYLE_ASSIGNMENT((#8574));
#8193=PRESENTATION_STYLE_ASSIGNMENT((#8575));
#8194=PRESENTATION_STYLE_ASSIGNMENT((#8576));
#8195=PRESENTATION_STYLE_ASSIGNMENT((#8577));
#8196=PRESENTATION_STYLE_ASSIGNMENT((#8578));
#8197=PRESENTATION_STYLE_ASSIGNMENT((#8579));
#8198=PRESENTATION_STYLE_ASSIGNMENT((#8580));
#8199=PRESENTATION_STYLE_ASSIGNMENT((#8581));
#8200=PRESENTATION_STYLE_ASSIGNMENT((#8582));
#8201=PRESENTATION_STYLE_ASSIGNMENT((#8583));
#8202=PRESENTATION_STYLE_ASSIGNMENT((#8584));
#8203=PRESENTATION_STYLE_ASSIGNMENT((#8585));
#8204=PRESENTATION_STYLE_ASSIGNMENT((#8586));
#8205=PRESENTATION_STYLE_ASSIGNMENT((#8587));
#8206=PRESENTATION_STYLE_ASSIGNMENT((#8588));
#8207=PRESENTATION_STYLE_ASSIGNMENT((#8589));
#8208=PRESENTATION_STYLE_ASSIGNMENT((#8590));
#8209=PRESENTATION_STYLE_ASSIGNMENT((#8591));
#8210=PRESENTATION_STYLE_ASSIGNMENT((#8592));
#8211=PRESENTATION_STYLE_ASSIGNMENT((#8593));
#8212=PRESENTATION_STYLE_ASSIGNMENT((#8594));
#8213=PRESENTATION_STYLE_ASSIGNMENT((#8595));
#8214=PRESENTATION_STYLE_ASSIGNMENT((#8596));
#8215=PRESENTATION_STYLE_ASSIGNMENT((#8597));
#8216=PRESENTATION_STYLE_ASSIGNMENT((#8598));
#8217=PRESENTATION_STYLE_ASSIGNMENT((#8599));
#8218=PRESENTATION_STYLE_ASSIGNMENT((#8600));
#8219=PRESENTATION_STYLE_ASSIGNMENT((#8601));
#8220=PRESENTATION_STYLE_ASSIGNMENT((#8602));
#8221=PRESENTATION_STYLE_ASSIGNMENT((#8603));
#8222=PRESENTATION_STYLE_ASSIGNMENT((#8604));
#8223=PRESENTATION_STYLE_ASSIGNMENT((#8605));
#8224=PRESENTATION_STYLE_ASSIGNMENT((#8606));
#8225=PRESENTATION_STYLE_ASSIGNMENT((#8607));
#8226=PRESENTATION_STYLE_ASSIGNMENT((#8608));
#8227=PRESENTATION_STYLE_ASSIGNMENT((#8609));
#8228=PRESENTATION_STYLE_ASSIGNMENT((#8610));
#8229=PRESENTATION_STYLE_ASSIGNMENT((#8611));
#8230=PRESENTATION_STYLE_ASSIGNMENT((#8612));
#8231=PRESENTATION_STYLE_ASSIGNMENT((#8613));
#8232=PRESENTATION_STYLE_ASSIGNMENT((#8614));
#8233=PRESENTATION_STYLE_ASSIGNMENT((#8615));
#8234=PRESENTATION_STYLE_ASSIGNMENT((#8616));
#8235=PRESENTATION_STYLE_ASSIGNMENT((#8617));
#8236=PRESENTATION_STYLE_ASSIGNMENT((#8618));
#8237=PRESENTATION_STYLE_ASSIGNMENT((#8619));
#8238=PRESENTATION_STYLE_ASSIGNMENT((#8620));
#8239=PRESENTATION_STYLE_ASSIGNMENT((#8621));
#8240=PRESENTATION_STYLE_ASSIGNMENT((#8622));
#8241=PRESENTATION_STYLE_ASSIGNMENT((#8623));
#8242=PRESENTATION_STYLE_ASSIGNMENT((#8624));
#8243=PRESENTATION_STYLE_ASSIGNMENT((#8625));
#8244=PRESENTATION_STYLE_ASSIGNMENT((#8626));
#8245=PRESENTATION_STYLE_ASSIGNMENT((#8627));
#8246=PRESENTATION_STYLE_ASSIGNMENT((#8628));
#8247=PRESENTATION_STYLE_ASSIGNMENT((#8629));
#8248=PRESENTATION_STYLE_ASSIGNMENT((#8630));
#8249=PRESENTATION_STYLE_ASSIGNMENT((#8631));
#8250=PRESENTATION_STYLE_ASSIGNMENT((#8632));
#8251=PRESENTATION_STYLE_ASSIGNMENT((#8633));
#8252=PRESENTATION_STYLE_ASSIGNMENT((#8634));
#8253=PRESENTATION_STYLE_ASSIGNMENT((#8635));
#8254=PRESENTATION_STYLE_ASSIGNMENT((#8636));
#8255=PRESENTATION_STYLE_ASSIGNMENT((#8637));
#8256=PRESENTATION_STYLE_ASSIGNMENT((#8638));
#8257=PRESENTATION_STYLE_ASSIGNMENT((#8639));
#8258=PRESENTATION_STYLE_ASSIGNMENT((#8640));
#8259=PRESENTATION_STYLE_ASSIGNMENT((#8641));
#8260=PRESENTATION_STYLE_ASSIGNMENT((#8642));
#8261=PRESENTATION_STYLE_ASSIGNMENT((#8643));
#8262=PRESENTATION_STYLE_ASSIGNMENT((#8644));
#8263=PRESENTATION_STYLE_ASSIGNMENT((#8645));
#8264=PRESENTATION_STYLE_ASSIGNMENT((#8646));
#8265=PRESENTATION_STYLE_ASSIGNMENT((#8647));
#8266=PRESENTATION_STYLE_ASSIGNMENT((#8648));
#8267=PRESENTATION_STYLE_ASSIGNMENT((#8649));
#8268=PRESENTATION_STYLE_ASSIGNMENT((#8650));
#8269=PRESENTATION_STYLE_ASSIGNMENT((#8651));
#8270=PRESENTATION_STYLE_ASSIGNMENT((#8652));
#8271=PRESENTATION_STYLE_ASSIGNMENT((#8653));
#8272=PRESENTATION_STYLE_ASSIGNMENT((#8654));
#8273=PRESENTATION_STYLE_ASSIGNMENT((#8655));
#8274=PRESENTATION_STYLE_ASSIGNMENT((#8656));
#8275=PRESENTATION_STYLE_ASSIGNMENT((#8657));
#8276=PRESENTATION_STYLE_ASSIGNMENT((#8658));
#8277=PRESENTATION_STYLE_ASSIGNMENT((#8659));
#8278=PRESENTATION_STYLE_ASSIGNMENT((#8660));
#8279=PRESENTATION_STYLE_ASSIGNMENT((#8661));
#8280=PRESENTATION_STYLE_ASSIGNMENT((#8662));
#8281=PRESENTATION_STYLE_ASSIGNMENT((#8663));
#8282=PRESENTATION_STYLE_ASSIGNMENT((#8664));
#8283=PRESENTATION_STYLE_ASSIGNMENT((#8665));
#8284=PRESENTATION_STYLE_ASSIGNMENT((#8666));
#8285=PRESENTATION_STYLE_ASSIGNMENT((#8667));
#8286=PRESENTATION_STYLE_ASSIGNMENT((#8668));
#8287=PRESENTATION_STYLE_ASSIGNMENT((#8669));
#8288=PRESENTATION_STYLE_ASSIGNMENT((#8670));
#8289=PRESENTATION_STYLE_ASSIGNMENT((#8671));
#8290=PRESENTATION_STYLE_ASSIGNMENT((#8672));
#8291=PRESENTATION_STYLE_ASSIGNMENT((#8673));
#8292=PRESENTATION_STYLE_ASSIGNMENT((#8674));
#8293=PRESENTATION_STYLE_ASSIGNMENT((#8675));
#8294=PRESENTATION_STYLE_ASSIGNMENT((#8676));
#8295=PRESENTATION_STYLE_ASSIGNMENT((#8677));
#8296=PRESENTATION_STYLE_ASSIGNMENT((#8678));
#8297=PRESENTATION_STYLE_ASSIGNMENT((#8679));
#8298=PRESENTATION_STYLE_ASSIGNMENT((#8680));
#8299=PRESENTATION_STYLE_ASSIGNMENT((#8681));
#8300=PRESENTATION_STYLE_ASSIGNMENT((#8682));
#8301=PRESENTATION_STYLE_ASSIGNMENT((#8683));
#8302=PRESENTATION_STYLE_ASSIGNMENT((#8684));
#8303=PRESENTATION_STYLE_ASSIGNMENT((#8685));
#8304=PRESENTATION_STYLE_ASSIGNMENT((#8686));
#8305=PRESENTATION_STYLE_ASSIGNMENT((#8687));
#8306=PRESENTATION_STYLE_ASSIGNMENT((#8688));
#8307=PRESENTATION_STYLE_ASSIGNMENT((#8689));
#8308=PRESENTATION_STYLE_ASSIGNMENT((#8690));
#8309=PRESENTATION_STYLE_ASSIGNMENT((#8691));
#8310=PRESENTATION_STYLE_ASSIGNMENT((#8692));
#8311=PRESENTATION_STYLE_ASSIGNMENT((#8693));
#8312=PRESENTATION_STYLE_ASSIGNMENT((#8694));
#8313=PRESENTATION_STYLE_ASSIGNMENT((#8695));
#8314=PRESENTATION_STYLE_ASSIGNMENT((#8696));
#8315=PRESENTATION_STYLE_ASSIGNMENT((#8697));
#8316=PRESENTATION_STYLE_ASSIGNMENT((#8698));
#8317=PRESENTATION_STYLE_ASSIGNMENT((#8699));
#8318=PRESENTATION_STYLE_ASSIGNMENT((#8700));
#8319=PRESENTATION_STYLE_ASSIGNMENT((#8701));
#8320=PRESENTATION_STYLE_ASSIGNMENT((#8702));
#8321=PRESENTATION_STYLE_ASSIGNMENT((#8703));
#8322=PRESENTATION_STYLE_ASSIGNMENT((#8704));
#8323=PRESENTATION_STYLE_ASSIGNMENT((#8705));
#8324=PRESENTATION_STYLE_ASSIGNMENT((#8706));
#8325=PRESENTATION_STYLE_ASSIGNMENT((#8707));
#8326=PRESENTATION_STYLE_ASSIGNMENT((#8708));
#8327=PRESENTATION_STYLE_ASSIGNMENT((#8709));
#8328=PRESENTATION_STYLE_ASSIGNMENT((#8710));
#8329=PRESENTATION_STYLE_ASSIGNMENT((#8711));
#8330=PRESENTATION_STYLE_ASSIGNMENT((#8712));
#8331=PRESENTATION_STYLE_ASSIGNMENT((#8713));
#8332=PRESENTATION_STYLE_ASSIGNMENT((#8714));
#8333=PRESENTATION_STYLE_ASSIGNMENT((#8715));
#8334=PRESENTATION_STYLE_ASSIGNMENT((#8716));
#8335=PRESENTATION_STYLE_ASSIGNMENT((#8717));
#8336=PRESENTATION_STYLE_ASSIGNMENT((#8718));
#8337=PRESENTATION_STYLE_ASSIGNMENT((#8719));
#8338=PRESENTATION_STYLE_ASSIGNMENT((#8720));
#8339=PRESENTATION_STYLE_ASSIGNMENT((#8721));
#8340=PRESENTATION_STYLE_ASSIGNMENT((#8722));
#8341=PRESENTATION_STYLE_ASSIGNMENT((#8723));
#8342=PRESENTATION_STYLE_ASSIGNMENT((#8724));
#8343=PRESENTATION_STYLE_ASSIGNMENT((#8725));
#8344=PRESENTATION_STYLE_ASSIGNMENT((#8726));
#8345=PRESENTATION_STYLE_ASSIGNMENT((#8727));
#8346=PRESENTATION_STYLE_ASSIGNMENT((#8728));
#8347=PRESENTATION_STYLE_ASSIGNMENT((#8729));
#8348=PRESENTATION_STYLE_ASSIGNMENT((#8730));
#8349=PRESENTATION_STYLE_ASSIGNMENT((#8731));
#8350=PRESENTATION_STYLE_ASSIGNMENT((#8732));
#8351=PRESENTATION_STYLE_ASSIGNMENT((#8733));
#8352=PRESENTATION_STYLE_ASSIGNMENT((#8734));
#8353=PRESENTATION_STYLE_ASSIGNMENT((#8735));
#8354=PRESENTATION_STYLE_ASSIGNMENT((#8736));
#8355=PRESENTATION_STYLE_ASSIGNMENT((#8737));
#8356=PRESENTATION_STYLE_ASSIGNMENT((#8738));
#8357=PRESENTATION_STYLE_ASSIGNMENT((#8739));
#8358=PRESENTATION_STYLE_ASSIGNMENT((#8740));
#8359=PRESENTATION_STYLE_ASSIGNMENT((#8741));
#8360=PRESENTATION_STYLE_ASSIGNMENT((#8742));
#8361=PRESENTATION_STYLE_ASSIGNMENT((#8743));
#8362=PRESENTATION_STYLE_ASSIGNMENT((#8744));
#8363=PRESENTATION_STYLE_ASSIGNMENT((#8745));
#8364=PRESENTATION_STYLE_ASSIGNMENT((#8746));
#8365=PRESENTATION_STYLE_ASSIGNMENT((#8747));
#8366=PRESENTATION_STYLE_ASSIGNMENT((#8748));
#8367=PRESENTATION_STYLE_ASSIGNMENT((#8749));
#8368=PRESENTATION_STYLE_ASSIGNMENT((#8750));
#8369=PRESENTATION_STYLE_ASSIGNMENT((#8751));
#8370=PRESENTATION_STYLE_ASSIGNMENT((#8752));
#8371=PRESENTATION_STYLE_ASSIGNMENT((#8753));
#8372=PRESENTATION_STYLE_ASSIGNMENT((#8754));
#8373=PRESENTATION_STYLE_ASSIGNMENT((#8755));
#8374=PRESENTATION_STYLE_ASSIGNMENT((#8756));
#8375=PRESENTATION_STYLE_ASSIGNMENT((#8757));
#8376=PRESENTATION_STYLE_ASSIGNMENT((#8758));
#8377=PRESENTATION_STYLE_ASSIGNMENT((#8759));
#8378=PRESENTATION_STYLE_ASSIGNMENT((#8760));
#8379=PRESENTATION_STYLE_ASSIGNMENT((#8761));
#8380=PRESENTATION_STYLE_ASSIGNMENT((#8762));
#8381=PRESENTATION_STYLE_ASSIGNMENT((#8763));
#8382=PRESENTATION_STYLE_ASSIGNMENT((#8764));
#8383=PRESENTATION_STYLE_ASSIGNMENT((#8765));
#8384=PRESENTATION_STYLE_ASSIGNMENT((#8766));
#8385=PRESENTATION_STYLE_ASSIGNMENT((#8767));
#8386=PRESENTATION_STYLE_ASSIGNMENT((#8768));
#8387=PRESENTATION_STYLE_ASSIGNMENT((#8769));
#8388=PRESENTATION_STYLE_ASSIGNMENT((#8770));
#8389=PRESENTATION_STYLE_ASSIGNMENT((#8771));
#8390=PRESENTATION_STYLE_ASSIGNMENT((#8772));
#8391=PRESENTATION_STYLE_ASSIGNMENT((#8773));
#8392=PRESENTATION_STYLE_ASSIGNMENT((#8774));
#8393=PRESENTATION_STYLE_ASSIGNMENT((#8775));
#8394=PRESENTATION_STYLE_ASSIGNMENT((#8776));
#8395=PRESENTATION_STYLE_ASSIGNMENT((#8777));
#8396=PRESENTATION_STYLE_ASSIGNMENT((#8778));
#8397=PRESENTATION_STYLE_ASSIGNMENT((#8779));
#8398=PRESENTATION_STYLE_ASSIGNMENT((#8780));
#8399=PRESENTATION_STYLE_ASSIGNMENT((#8781));
#8400=PRESENTATION_STYLE_ASSIGNMENT((#8782));
#8401=PRESENTATION_STYLE_ASSIGNMENT((#8783));
#8402=PRESENTATION_STYLE_ASSIGNMENT((#8784));
#8403=PRESENTATION_STYLE_ASSIGNMENT((#8785));
#8404=PRESENTATION_STYLE_ASSIGNMENT((#8786));
#8405=PRESENTATION_STYLE_ASSIGNMENT((#8787));
#8406=PRESENTATION_STYLE_ASSIGNMENT((#8788));
#8407=PRESENTATION_STYLE_ASSIGNMENT((#8789));
#8408=PRESENTATION_STYLE_ASSIGNMENT((#8790));
#8409=PRESENTATION_STYLE_ASSIGNMENT((#8791));
#8410=PRESENTATION_STYLE_ASSIGNMENT((#8792));
#8411=PRESENTATION_STYLE_ASSIGNMENT((#8793));
#8412=PRESENTATION_STYLE_ASSIGNMENT((#8794));
#8413=PRESENTATION_STYLE_ASSIGNMENT((#8795));
#8414=PRESENTATION_STYLE_ASSIGNMENT((#8796));
#8415=PRESENTATION_STYLE_ASSIGNMENT((#8797));
#8416=PRESENTATION_STYLE_ASSIGNMENT((#8798));
#8417=PRESENTATION_STYLE_ASSIGNMENT((#8799));
#8418=PRESENTATION_STYLE_ASSIGNMENT((#8800));
#8419=PRESENTATION_STYLE_ASSIGNMENT((#8801));
#8420=PRESENTATION_STYLE_ASSIGNMENT((#8802));
#8421=PRESENTATION_STYLE_ASSIGNMENT((#8803));
#8422=PRESENTATION_STYLE_ASSIGNMENT((#8804));
#8423=PRESENTATION_STYLE_ASSIGNMENT((#8805));
#8424=PRESENTATION_STYLE_ASSIGNMENT((#8806));
#8425=PRESENTATION_STYLE_ASSIGNMENT((#8807));
#8426=PRESENTATION_STYLE_ASSIGNMENT((#8808));
#8427=PRESENTATION_STYLE_ASSIGNMENT((#8809));
#8428=PRESENTATION_STYLE_ASSIGNMENT((#8810));
#8429=PRESENTATION_STYLE_ASSIGNMENT((#8811));
#8430=PRESENTATION_STYLE_ASSIGNMENT((#8812));
#8431=PRESENTATION_STYLE_ASSIGNMENT((#8813));
#8432=PRESENTATION_STYLE_ASSIGNMENT((#8814));
#8433=PRESENTATION_STYLE_ASSIGNMENT((#8815));
#8434=PRESENTATION_STYLE_ASSIGNMENT((#8816));
#8435=PRESENTATION_STYLE_ASSIGNMENT((#8817));
#8436=PRESENTATION_STYLE_ASSIGNMENT((#8818));
#8437=PRESENTATION_STYLE_ASSIGNMENT((#8819));
#8438=PRESENTATION_STYLE_ASSIGNMENT((#8820));
#8439=PRESENTATION_STYLE_ASSIGNMENT((#8821));
#8440=PRESENTATION_STYLE_ASSIGNMENT((#8822));
#8441=PRESENTATION_STYLE_ASSIGNMENT((#8823));
#8442=PRESENTATION_STYLE_ASSIGNMENT((#8824));
#8443=PRESENTATION_STYLE_ASSIGNMENT((#8825));
#8444=PRESENTATION_STYLE_ASSIGNMENT((#8826));
#8445=PRESENTATION_STYLE_ASSIGNMENT((#8827));
#8446=PRESENTATION_STYLE_ASSIGNMENT((#8828));
#8447=PRESENTATION_STYLE_ASSIGNMENT((#8829));
#8448=PRESENTATION_STYLE_ASSIGNMENT((#8830));
#8449=PRESENTATION_STYLE_ASSIGNMENT((#8831));
#8450=PRESENTATION_STYLE_ASSIGNMENT((#8832));
#8451=PRESENTATION_STYLE_ASSIGNMENT((#8833));
#8452=PRESENTATION_STYLE_ASSIGNMENT((#8834));
#8453=PRESENTATION_STYLE_ASSIGNMENT((#8835));
#8454=PRESENTATION_STYLE_ASSIGNMENT((#8836));
#8455=PRESENTATION_STYLE_ASSIGNMENT((#8837));
#8456=PRESENTATION_STYLE_ASSIGNMENT((#8838));
#8457=PRESENTATION_STYLE_ASSIGNMENT((#8839));
#8458=PRESENTATION_STYLE_ASSIGNMENT((#8840));
#8459=PRESENTATION_STYLE_ASSIGNMENT((#8841));
#8460=PRESENTATION_STYLE_ASSIGNMENT((#8842));
#8461=PRESENTATION_STYLE_ASSIGNMENT((#8843));
#8462=PRESENTATION_STYLE_ASSIGNMENT((#8844));
#8463=PRESENTATION_STYLE_ASSIGNMENT((#8845));
#8464=PRESENTATION_STYLE_ASSIGNMENT((#8846));
#8465=PRESENTATION_STYLE_ASSIGNMENT((#8847));
#8466=PRESENTATION_STYLE_ASSIGNMENT((#8848));
#8467=PRESENTATION_STYLE_ASSIGNMENT((#8849));
#8468=PRESENTATION_STYLE_ASSIGNMENT((#8850));
#8469=PRESENTATION_STYLE_ASSIGNMENT((#8851));
#8470=PRESENTATION_STYLE_ASSIGNMENT((#8852));
#8471=PRESENTATION_STYLE_ASSIGNMENT((#8853));
#8472=PRESENTATION_STYLE_ASSIGNMENT((#8854));
#8473=PRESENTATION_STYLE_ASSIGNMENT((#8855));
#8474=PRESENTATION_STYLE_ASSIGNMENT((#8856));
#8475=PRESENTATION_STYLE_ASSIGNMENT((#8857));
#8476=PRESENTATION_STYLE_ASSIGNMENT((#8858));
#8477=PRESENTATION_STYLE_ASSIGNMENT((#8859));
#8478=PRESENTATION_STYLE_ASSIGNMENT((#8860));
#8479=PRESENTATION_STYLE_ASSIGNMENT((#8861));
#8480=PRESENTATION_STYLE_ASSIGNMENT((#8862));
#8481=PRESENTATION_STYLE_ASSIGNMENT((#8863));
#8482=PRESENTATION_STYLE_ASSIGNMENT((#8864));
#8483=PRESENTATION_STYLE_ASSIGNMENT((#8865));
#8484=PRESENTATION_STYLE_ASSIGNMENT((#8866));
#8485=PRESENTATION_STYLE_ASSIGNMENT((#8867));
#8486=PRESENTATION_STYLE_ASSIGNMENT((#8868));
#8487=PRESENTATION_STYLE_ASSIGNMENT((#8869));
#8488=PRESENTATION_STYLE_ASSIGNMENT((#8870));
#8489=PRESENTATION_STYLE_ASSIGNMENT((#8871));
#8490=PRESENTATION_STYLE_ASSIGNMENT((#8872));
#8491=PRESENTATION_STYLE_ASSIGNMENT((#8873));
#8492=PRESENTATION_STYLE_ASSIGNMENT((#8874));
#8493=PRESENTATION_STYLE_ASSIGNMENT((#8875));
#8494=PRESENTATION_STYLE_ASSIGNMENT((#8876));
#8495=PRESENTATION_STYLE_ASSIGNMENT((#8877));
#8496=PRESENTATION_STYLE_ASSIGNMENT((#8878));
#8497=PRESENTATION_STYLE_ASSIGNMENT((#8879));
#8498=PRESENTATION_STYLE_ASSIGNMENT((#8880));
#8499=PRESENTATION_STYLE_ASSIGNMENT((#8881));
#8500=PRESENTATION_STYLE_ASSIGNMENT((#8882));
#8501=PRESENTATION_STYLE_ASSIGNMENT((#8883));
#8502=PRESENTATION_STYLE_ASSIGNMENT((#8884));
#8503=PRESENTATION_STYLE_ASSIGNMENT((#8885));
#8504=PRESENTATION_STYLE_ASSIGNMENT((#8886));
#8505=PRESENTATION_STYLE_ASSIGNMENT((#8887));
#8506=PRESENTATION_STYLE_ASSIGNMENT((#8888));
#8507=PRESENTATION_STYLE_ASSIGNMENT((#8889));
#8508=PRESENTATION_STYLE_ASSIGNMENT((#8890));
#8509=PRESENTATION_STYLE_ASSIGNMENT((#8891));
#8510=PRESENTATION_STYLE_ASSIGNMENT((#8892));
#8511=PRESENTATION_STYLE_ASSIGNMENT((#8893));
#8512=PRESENTATION_STYLE_ASSIGNMENT((#8894));
#8513=PRESENTATION_STYLE_ASSIGNMENT((#8895));
#8514=PRESENTATION_STYLE_ASSIGNMENT((#8896));
#8515=PRESENTATION_STYLE_ASSIGNMENT((#8897));
#8516=PRESENTATION_STYLE_ASSIGNMENT((#8898));
#8517=PRESENTATION_STYLE_ASSIGNMENT((#8899));
#8518=PRESENTATION_STYLE_ASSIGNMENT((#8900));
#8519=PRESENTATION_STYLE_ASSIGNMENT((#8901));
#8520=PRESENTATION_STYLE_ASSIGNMENT((#8902));
#8521=PRESENTATION_STYLE_ASSIGNMENT((#8903));
#8522=PRESENTATION_STYLE_ASSIGNMENT((#8904));
#8523=PRESENTATION_STYLE_ASSIGNMENT((#8905));
#8524=PRESENTATION_STYLE_ASSIGNMENT((#8906));
#8525=PRESENTATION_STYLE_ASSIGNMENT((#8907));
#8526=PRESENTATION_STYLE_ASSIGNMENT((#8908));
#8527=PRESENTATION_STYLE_ASSIGNMENT((#8909));
#8528=PRESENTATION_STYLE_ASSIGNMENT((#8910));
#8529=PRESENTATION_STYLE_ASSIGNMENT((#8911));
#8530=PRESENTATION_STYLE_ASSIGNMENT((#8912));
#8531=PRESENTATION_STYLE_ASSIGNMENT((#8913));
#8532=PRESENTATION_STYLE_ASSIGNMENT((#8914));
#8533=PRESENTATION_STYLE_ASSIGNMENT((#8915));
#8534=SURFACE_STYLE_USAGE(.BOTH.,#8916);
#8535=SURFACE_STYLE_USAGE(.BOTH.,#8917);
#8536=SURFACE_STYLE_USAGE(.BOTH.,#8918);
#8537=SURFACE_STYLE_USAGE(.BOTH.,#8919);
#8538=SURFACE_STYLE_USAGE(.BOTH.,#8920);
#8539=SURFACE_STYLE_USAGE(.BOTH.,#8921);
#8540=SURFACE_STYLE_USAGE(.BOTH.,#8922);
#8541=SURFACE_STYLE_USAGE(.BOTH.,#8923);
#8542=SURFACE_STYLE_USAGE(.BOTH.,#8924);
#8543=SURFACE_STYLE_USAGE(.BOTH.,#8925);
#8544=SURFACE_STYLE_USAGE(.BOTH.,#8926);
#8545=SURFACE_STYLE_USAGE(.BOTH.,#8927);
#8546=SURFACE_STYLE_USAGE(.BOTH.,#8928);
#8547=SURFACE_STYLE_USAGE(.BOTH.,#8929);
#8548=SURFACE_STYLE_USAGE(.BOTH.,#8930);
#8549=SURFACE_STYLE_USAGE(.BOTH.,#8931);
#8550=SURFACE_STYLE_USAGE(.BOTH.,#8932);
#8551=SURFACE_STYLE_USAGE(.BOTH.,#8933);
#8552=SURFACE_STYLE_USAGE(.BOTH.,#8934);
#8553=SURFACE_STYLE_USAGE(.BOTH.,#8935);
#8554=SURFACE_STYLE_USAGE(.BOTH.,#8936);
#8555=SURFACE_STYLE_USAGE(.BOTH.,#8937);
#8556=SURFACE_STYLE_USAGE(.BOTH.,#8938);
#8557=SURFACE_STYLE_USAGE(.BOTH.,#8939);
#8558=SURFACE_STYLE_USAGE(.BOTH.,#8940);
#8559=SURFACE_STYLE_USAGE(.BOTH.,#8941);
#8560=SURFACE_STYLE_USAGE(.BOTH.,#8942);
#8561=SURFACE_STYLE_USAGE(.BOTH.,#8943);
#8562=SURFACE_STYLE_USAGE(.BOTH.,#8944);
#8563=SURFACE_STYLE_USAGE(.BOTH.,#8945);
#8564=SURFACE_STYLE_USAGE(.BOTH.,#8946);
#8565=SURFACE_STYLE_USAGE(.BOTH.,#8947);
#8566=SURFACE_STYLE_USAGE(.BOTH.,#8948);
#8567=SURFACE_STYLE_USAGE(.BOTH.,#8949);
#8568=SURFACE_STYLE_USAGE(.BOTH.,#8950);
#8569=SURFACE_STYLE_USAGE(.BOTH.,#8951);
#8570=SURFACE_STYLE_USAGE(.BOTH.,#8952);
#8571=SURFACE_STYLE_USAGE(.BOTH.,#8953);
#8572=SURFACE_STYLE_USAGE(.BOTH.,#8954);
#8573=SURFACE_STYLE_USAGE(.BOTH.,#8955);
#8574=SURFACE_STYLE_USAGE(.BOTH.,#8956);
#8575=SURFACE_STYLE_USAGE(.BOTH.,#8957);
#8576=SURFACE_STYLE_USAGE(.BOTH.,#8958);
#8577=SURFACE_STYLE_USAGE(.BOTH.,#8959);
#8578=SURFACE_STYLE_USAGE(.BOTH.,#8960);
#8579=SURFACE_STYLE_USAGE(.BOTH.,#8961);
#8580=SURFACE_STYLE_USAGE(.BOTH.,#8962);
#8581=SURFACE_STYLE_USAGE(.BOTH.,#8963);
#8582=SURFACE_STYLE_USAGE(.BOTH.,#8964);
#8583=SURFACE_STYLE_USAGE(.BOTH.,#8965);
#8584=SURFACE_STYLE_USAGE(.BOTH.,#8966);
#8585=SURFACE_STYLE_USAGE(.BOTH.,#8967);
#8586=SURFACE_STYLE_USAGE(.BOTH.,#8968);
#8587=SURFACE_STYLE_USAGE(.BOTH.,#8969);
#8588=SURFACE_STYLE_USAGE(.BOTH.,#8970);
#8589=SURFACE_STYLE_USAGE(.BOTH.,#8971);
#8590=SURFACE_STYLE_USAGE(.BOTH.,#8972);
#8591=SURFACE_STYLE_USAGE(.BOTH.,#8973);
#8592=SURFACE_STYLE_USAGE(.BOTH.,#8974);
#8593=SURFACE_STYLE_USAGE(.BOTH.,#8975);
#8594=SURFACE_STYLE_USAGE(.BOTH.,#8976);
#8595=SURFACE_STYLE_USAGE(.BOTH.,#8977);
#8596=SURFACE_STYLE_USAGE(.BOTH.,#8978);
#8597=SURFACE_STYLE_USAGE(.BOTH.,#8979);
#8598=SURFACE_STYLE_USAGE(.BOTH.,#8980);
#8599=SURFACE_STYLE_USAGE(.BOTH.,#8981);
#8600=SURFACE_STYLE_USAGE(.BOTH.,#8982);
#8601=SURFACE_STYLE_USAGE(.BOTH.,#8983);
#8602=SURFACE_STYLE_USAGE(.BOTH.,#8984);
#8603=SURFACE_STYLE_USAGE(.BOTH.,#8985);
#8604=SURFACE_STYLE_USAGE(.BOTH.,#8986);
#8605=SURFACE_STYLE_USAGE(.BOTH.,#8987);
#8606=SURFACE_STYLE_USAGE(.BOTH.,#8988);
#8607=SURFACE_STYLE_USAGE(.BOTH.,#8989);
#8608=SURFACE_STYLE_USAGE(.BOTH.,#8990);
#8609=SURFACE_STYLE_USAGE(.BOTH.,#8991);
#8610=SURFACE_STYLE_USAGE(.BOTH.,#8992);
#8611=SURFACE_STYLE_USAGE(.BOTH.,#8993);
#8612=SURFACE_STYLE_USAGE(.BOTH.,#8994);
#8613=SURFACE_STYLE_USAGE(.BOTH.,#8995);
#8614=SURFACE_STYLE_USAGE(.BOTH.,#8996);
#8615=SURFACE_STYLE_USAGE(.BOTH.,#8997);
#8616=SURFACE_STYLE_USAGE(.BOTH.,#8998);
#8617=SURFACE_STYLE_USAGE(.BOTH.,#8999);
#8618=SURFACE_STYLE_USAGE(.BOTH.,#9000);
#8619=SURFACE_STYLE_USAGE(.BOTH.,#9001);
#8620=SURFACE_STYLE_USAGE(.BOTH.,#9002);
#8621=SURFACE_STYLE_USAGE(.BOTH.,#9003);
#8622=SURFACE_STYLE_USAGE(.BOTH.,#9004);
#8623=SURFACE_STYLE_USAGE(.BOTH.,#9005);
#8624=SURFACE_STYLE_USAGE(.BOTH.,#9006);
#8625=SURFACE_STYLE_USAGE(.BOTH.,#9007);
#8626=SURFACE_STYLE_USAGE(.BOTH.,#9008);
#8627=SURFACE_STYLE_USAGE(.BOTH.,#9009);
#8628=SURFACE_STYLE_USAGE(.BOTH.,#9010);
#8629=SURFACE_STYLE_USAGE(.BOTH.,#9011);
#8630=SURFACE_STYLE_USAGE(.BOTH.,#9012);
#8631=SURFACE_STYLE_USAGE(.BOTH.,#9013);
#8632=SURFACE_STYLE_USAGE(.BOTH.,#9014);
#8633=SURFACE_STYLE_USAGE(.BOTH.,#9015);
#8634=SURFACE_STYLE_USAGE(.BOTH.,#9016);
#8635=SURFACE_STYLE_USAGE(.BOTH.,#9017);
#8636=SURFACE_STYLE_USAGE(.BOTH.,#9018);
#8637=SURFACE_STYLE_USAGE(.BOTH.,#9019);
#8638=SURFACE_STYLE_USAGE(.BOTH.,#9020);
#8639=SURFACE_STYLE_USAGE(.BOTH.,#9021);
#8640=SURFACE_STYLE_USAGE(.BOTH.,#9022);
#8641=SURFACE_STYLE_USAGE(.BOTH.,#9023);
#8642=SURFACE_STYLE_USAGE(.BOTH.,#9024);
#8643=SURFACE_STYLE_USAGE(.BOTH.,#9025);
#8644=SURFACE_STYLE_USAGE(.BOTH.,#9026);
#8645=SURFACE_STYLE_USAGE(.BOTH.,#9027);
#8646=SURFACE_STYLE_USAGE(.BOTH.,#9028);
#8647=SURFACE_STYLE_USAGE(.BOTH.,#9029);
#8648=SURFACE_STYLE_USAGE(.BOTH.,#9030);
#8649=SURFACE_STYLE_USAGE(.BOTH.,#9031);
#8650=SURFACE_STYLE_USAGE(.BOTH.,#9032);
#8651=SURFACE_STYLE_USAGE(.BOTH.,#9033);
#8652=SURFACE_STYLE_USAGE(.BOTH.,#9034);
#8653=SURFACE_STYLE_USAGE(.BOTH.,#9035);
#8654=SURFACE_STYLE_USAGE(.BOTH.,#9036);
#8655=SURFACE_STYLE_USAGE(.BOTH.,#9037);
#8656=SURFACE_STYLE_USAGE(.BOTH.,#9038);
#8657=SURFACE_STYLE_USAGE(.BOTH.,#9039);
#8658=SURFACE_STYLE_USAGE(.BOTH.,#9040);
#8659=SURFACE_STYLE_USAGE(.BOTH.,#9041);
#8660=SURFACE_STYLE_USAGE(.BOTH.,#9042);
#8661=SURFACE_STYLE_USAGE(.BOTH.,#9043);
#8662=SURFACE_STYLE_USAGE(.BOTH.,#9044);
#8663=SURFACE_STYLE_USAGE(.BOTH.,#9045);
#8664=SURFACE_STYLE_USAGE(.BOTH.,#9046);
#8665=SURFACE_STYLE_USAGE(.BOTH.,#9047);
#8666=SURFACE_STYLE_USAGE(.BOTH.,#9048);
#8667=SURFACE_STYLE_USAGE(.BOTH.,#9049);
#8668=SURFACE_STYLE_USAGE(.BOTH.,#9050);
#8669=SURFACE_STYLE_USAGE(.BOTH.,#9051);
#8670=SURFACE_STYLE_USAGE(.BOTH.,#9052);
#8671=SURFACE_STYLE_USAGE(.BOTH.,#9053);
#8672=SURFACE_STYLE_USAGE(.BOTH.,#9054);
#8673=SURFACE_STYLE_USAGE(.BOTH.,#9055);
#8674=SURFACE_STYLE_USAGE(.BOTH.,#9056);
#8675=SURFACE_STYLE_USAGE(.BOTH.,#9057);
#8676=SURFACE_STYLE_USAGE(.BOTH.,#9058);
#8677=SURFACE_STYLE_USAGE(.BOTH.,#9059);
#8678=SURFACE_STYLE_USAGE(.BOTH.,#9060);
#8679=SURFACE_STYLE_USAGE(.BOTH.,#9061);
#8680=SURFACE_STYLE_USAGE(.BOTH.,#9062);
#8681=SURFACE_STYLE_USAGE(.BOTH.,#9063);
#8682=SURFACE_STYLE_USAGE(.BOTH.,#9064);
#8683=SURFACE_STYLE_USAGE(.BOTH.,#9065);
#8684=SURFACE_STYLE_USAGE(.BOTH.,#9066);
#8685=SURFACE_STYLE_USAGE(.BOTH.,#9067);
#8686=SURFACE_STYLE_USAGE(.BOTH.,#9068);
#8687=SURFACE_STYLE_USAGE(.BOTH.,#9069);
#8688=SURFACE_STYLE_USAGE(.BOTH.,#9070);
#8689=SURFACE_STYLE_USAGE(.BOTH.,#9071);
#8690=SURFACE_STYLE_USAGE(.BOTH.,#9072);
#8691=SURFACE_STYLE_USAGE(.BOTH.,#9073);
#8692=SURFACE_STYLE_USAGE(.BOTH.,#9074);
#8693=SURFACE_STYLE_USAGE(.BOTH.,#9075);
#8694=SURFACE_STYLE_USAGE(.BOTH.,#9076);
#8695=SURFACE_STYLE_USAGE(.BOTH.,#9077);
#8696=SURFACE_STYLE_USAGE(.BOTH.,#9078);
#8697=SURFACE_STYLE_USAGE(.BOTH.,#9079);
#8698=SURFACE_STYLE_USAGE(.BOTH.,#9080);
#8699=SURFACE_STYLE_USAGE(.BOTH.,#9081);
#8700=SURFACE_STYLE_USAGE(.BOTH.,#9082);
#8701=SURFACE_STYLE_USAGE(.BOTH.,#9083);
#8702=SURFACE_STYLE_USAGE(.BOTH.,#9084);
#8703=SURFACE_STYLE_USAGE(.BOTH.,#9085);
#8704=SURFACE_STYLE_USAGE(.BOTH.,#9086);
#8705=SURFACE_STYLE_USAGE(.BOTH.,#9087);
#8706=SURFACE_STYLE_USAGE(.BOTH.,#9088);
#8707=SURFACE_STYLE_USAGE(.BOTH.,#9089);
#8708=SURFACE_STYLE_USAGE(.BOTH.,#9090);
#8709=SURFACE_STYLE_USAGE(.BOTH.,#9091);
#8710=SURFACE_STYLE_USAGE(.BOTH.,#9092);
#8711=SURFACE_STYLE_USAGE(.BOTH.,#9093);
#8712=SURFACE_STYLE_USAGE(.BOTH.,#9094);
#8713=SURFACE_STYLE_USAGE(.BOTH.,#9095);
#8714=SURFACE_STYLE_USAGE(.BOTH.,#9096);
#8715=SURFACE_STYLE_USAGE(.BOTH.,#9097);
#8716=SURFACE_STYLE_USAGE(.BOTH.,#9098);
#8717=SURFACE_STYLE_USAGE(.BOTH.,#9099);
#8718=SURFACE_STYLE_USAGE(.BOTH.,#9100);
#8719=SURFACE_STYLE_USAGE(.BOTH.,#9101);
#8720=SURFACE_STYLE_USAGE(.BOTH.,#9102);
#8721=SURFACE_STYLE_USAGE(.BOTH.,#9103);
#8722=SURFACE_STYLE_USAGE(.BOTH.,#9104);
#8723=SURFACE_STYLE_USAGE(.BOTH.,#9105);
#8724=SURFACE_STYLE_USAGE(.BOTH.,#9106);
#8725=SURFACE_STYLE_USAGE(.BOTH.,#9107);
#8726=SURFACE_STYLE_USAGE(.BOTH.,#9108);
#8727=SURFACE_STYLE_USAGE(.BOTH.,#9109);
#8728=SURFACE_STYLE_USAGE(.BOTH.,#9110);
#8729=SURFACE_STYLE_USAGE(.BOTH.,#9111);
#8730=SURFACE_STYLE_USAGE(.BOTH.,#9112);
#8731=SURFACE_STYLE_USAGE(.BOTH.,#9113);
#8732=SURFACE_STYLE_USAGE(.BOTH.,#9114);
#8733=SURFACE_STYLE_USAGE(.BOTH.,#9115);
#8734=SURFACE_STYLE_USAGE(.BOTH.,#9116);
#8735=SURFACE_STYLE_USAGE(.BOTH.,#9117);
#8736=SURFACE_STYLE_USAGE(.BOTH.,#9118);
#8737=SURFACE_STYLE_USAGE(.BOTH.,#9119);
#8738=SURFACE_STYLE_USAGE(.BOTH.,#9120);
#8739=SURFACE_STYLE_USAGE(.BOTH.,#9121);
#8740=SURFACE_STYLE_USAGE(.BOTH.,#9122);
#8741=SURFACE_STYLE_USAGE(.BOTH.,#9123);
#8742=SURFACE_STYLE_USAGE(.BOTH.,#9124);
#8743=SURFACE_STYLE_USAGE(.BOTH.,#9125);
#8744=SURFACE_STYLE_USAGE(.BOTH.,#9126);
#8745=SURFACE_STYLE_USAGE(.BOTH.,#9127);
#8746=SURFACE_STYLE_USAGE(.BOTH.,#9128);
#8747=SURFACE_STYLE_USAGE(.BOTH.,#9129);
#8748=SURFACE_STYLE_USAGE(.BOTH.,#9130);
#8749=SURFACE_STYLE_USAGE(.BOTH.,#9131);
#8750=SURFACE_STYLE_USAGE(.BOTH.,#9132);
#8751=SURFACE_STYLE_USAGE(.BOTH.,#9133);
#8752=SURFACE_STYLE_USAGE(.BOTH.,#9134);
#8753=SURFACE_STYLE_USAGE(.BOTH.,#9135);
#8754=SURFACE_STYLE_USAGE(.BOTH.,#9136);
#8755=SURFACE_STYLE_USAGE(.BOTH.,#9137);
#8756=SURFACE_STYLE_USAGE(.BOTH.,#9138);
#8757=SURFACE_STYLE_USAGE(.BOTH.,#9139);
#8758=SURFACE_STYLE_USAGE(.BOTH.,#9140);
#8759=SURFACE_STYLE_USAGE(.BOTH.,#9141);
#8760=SURFACE_STYLE_USAGE(.BOTH.,#9142);
#8761=SURFACE_STYLE_USAGE(.BOTH.,#9143);
#8762=SURFACE_STYLE_USAGE(.BOTH.,#9144);
#8763=SURFACE_STYLE_USAGE(.BOTH.,#9145);
#8764=SURFACE_STYLE_USAGE(.BOTH.,#9146);
#8765=SURFACE_STYLE_USAGE(.BOTH.,#9147);
#8766=SURFACE_STYLE_USAGE(.BOTH.,#9148);
#8767=SURFACE_STYLE_USAGE(.BOTH.,#9149);
#8768=SURFACE_STYLE_USAGE(.BOTH.,#9150);
#8769=SURFACE_STYLE_USAGE(.BOTH.,#9151);
#8770=SURFACE_STYLE_USAGE(.BOTH.,#9152);
#8771=SURFACE_STYLE_USAGE(.BOTH.,#9153);
#8772=SURFACE_STYLE_USAGE(.BOTH.,#9154);
#8773=SURFACE_STYLE_USAGE(.BOTH.,#9155);
#8774=SURFACE_STYLE_USAGE(.BOTH.,#9156);
#8775=SURFACE_STYLE_USAGE(.BOTH.,#9157);
#8776=SURFACE_STYLE_USAGE(.BOTH.,#9158);
#8777=SURFACE_STYLE_USAGE(.BOTH.,#9159);
#8778=SURFACE_STYLE_USAGE(.BOTH.,#9160);
#8779=SURFACE_STYLE_USAGE(.BOTH.,#9161);
#8780=SURFACE_STYLE_USAGE(.BOTH.,#9162);
#8781=SURFACE_STYLE_USAGE(.BOTH.,#9163);
#8782=SURFACE_STYLE_USAGE(.BOTH.,#9164);
#8783=SURFACE_STYLE_USAGE(.BOTH.,#9165);
#8784=SURFACE_STYLE_USAGE(.BOTH.,#9166);
#8785=SURFACE_STYLE_USAGE(.BOTH.,#9167);
#8786=SURFACE_STYLE_USAGE(.BOTH.,#9168);
#8787=SURFACE_STYLE_USAGE(.BOTH.,#9169);
#8788=SURFACE_STYLE_USAGE(.BOTH.,#9170);
#8789=SURFACE_STYLE_USAGE(.BOTH.,#9171);
#8790=SURFACE_STYLE_USAGE(.BOTH.,#9172);
#8791=SURFACE_STYLE_USAGE(.BOTH.,#9173);
#8792=SURFACE_STYLE_USAGE(.BOTH.,#9174);
#8793=SURFACE_STYLE_USAGE(.BOTH.,#9175);
#8794=SURFACE_STYLE_USAGE(.BOTH.,#9176);
#8795=SURFACE_STYLE_USAGE(.BOTH.,#9177);
#8796=SURFACE_STYLE_USAGE(.BOTH.,#9178);
#8797=SURFACE_STYLE_USAGE(.BOTH.,#9179);
#8798=SURFACE_STYLE_USAGE(.BOTH.,#9180);
#8799=SURFACE_STYLE_USAGE(.BOTH.,#9181);
#8800=SURFACE_STYLE_USAGE(.BOTH.,#9182);
#8801=SURFACE_STYLE_USAGE(.BOTH.,#9183);
#8802=SURFACE_STYLE_USAGE(.BOTH.,#9184);
#8803=SURFACE_STYLE_USAGE(.BOTH.,#9185);
#8804=SURFACE_STYLE_USAGE(.BOTH.,#9186);
#8805=SURFACE_STYLE_USAGE(.BOTH.,#9187);
#8806=SURFACE_STYLE_USAGE(.BOTH.,#9188);
#8807=SURFACE_STYLE_USAGE(.BOTH.,#9189);
#8808=SURFACE_STYLE_USAGE(.BOTH.,#9190);
#8809=SURFACE_STYLE_USAGE(.BOTH.,#9191);
#8810=SURFACE_STYLE_USAGE(.BOTH.,#9192);
#8811=SURFACE_STYLE_USAGE(.BOTH.,#9193);
#8812=SURFACE_STYLE_USAGE(.BOTH.,#9194);
#8813=SURFACE_STYLE_USAGE(.BOTH.,#9195);
#8814=SURFACE_STYLE_USAGE(.BOTH.,#9196);
#8815=SURFACE_STYLE_USAGE(.BOTH.,#9197);
#8816=SURFACE_STYLE_USAGE(.BOTH.,#9198);
#8817=SURFACE_STYLE_USAGE(.BOTH.,#9199);
#8818=SURFACE_STYLE_USAGE(.BOTH.,#9200);
#8819=SURFACE_STYLE_USAGE(.BOTH.,#9201);
#8820=SURFACE_STYLE_USAGE(.BOTH.,#9202);
#8821=SURFACE_STYLE_USAGE(.BOTH.,#9203);
#8822=SURFACE_STYLE_USAGE(.BOTH.,#9204);
#8823=SURFACE_STYLE_USAGE(.BOTH.,#9205);
#8824=SURFACE_STYLE_USAGE(.BOTH.,#9206);
#8825=SURFACE_STYLE_USAGE(.BOTH.,#9207);
#8826=SURFACE_STYLE_USAGE(.BOTH.,#9208);
#8827=SURFACE_STYLE_USAGE(.BOTH.,#9209);
#8828=SURFACE_STYLE_USAGE(.BOTH.,#9210);
#8829=SURFACE_STYLE_USAGE(.BOTH.,#9211);
#8830=SURFACE_STYLE_USAGE(.BOTH.,#9212);
#8831=SURFACE_STYLE_USAGE(.BOTH.,#9213);
#8832=SURFACE_STYLE_USAGE(.BOTH.,#9214);
#8833=SURFACE_STYLE_USAGE(.BOTH.,#9215);
#8834=SURFACE_STYLE_USAGE(.BOTH.,#9216);
#8835=SURFACE_STYLE_USAGE(.BOTH.,#9217);
#8836=SURFACE_STYLE_USAGE(.BOTH.,#9218);
#8837=SURFACE_STYLE_USAGE(.BOTH.,#9219);
#8838=SURFACE_STYLE_USAGE(.BOTH.,#9220);
#8839=SURFACE_STYLE_USAGE(.BOTH.,#9221);
#8840=SURFACE_STYLE_USAGE(.BOTH.,#9222);
#8841=SURFACE_STYLE_USAGE(.BOTH.,#9223);
#8842=SURFACE_STYLE_USAGE(.BOTH.,#9224);
#8843=SURFACE_STYLE_USAGE(.BOTH.,#9225);
#8844=SURFACE_STYLE_USAGE(.BOTH.,#9226);
#8845=SURFACE_STYLE_USAGE(.BOTH.,#9227);
#8846=SURFACE_STYLE_USAGE(.BOTH.,#9228);
#8847=SURFACE_STYLE_USAGE(.BOTH.,#9229);
#8848=SURFACE_STYLE_USAGE(.BOTH.,#9230);
#8849=SURFACE_STYLE_USAGE(.BOTH.,#9231);
#8850=SURFACE_STYLE_USAGE(.BOTH.,#9232);
#8851=SURFACE_STYLE_USAGE(.BOTH.,#9233);
#8852=SURFACE_STYLE_USAGE(.BOTH.,#9234);
#8853=SURFACE_STYLE_USAGE(.BOTH.,#9235);
#8854=SURFACE_STYLE_USAGE(.BOTH.,#9236);
#8855=SURFACE_STYLE_USAGE(.BOTH.,#9237);
#8856=SURFACE_STYLE_USAGE(.BOTH.,#9238);
#8857=SURFACE_STYLE_USAGE(.BOTH.,#9239);
#8858=SURFACE_STYLE_USAGE(.BOTH.,#9240);
#8859=SURFACE_STYLE_USAGE(.BOTH.,#9241);
#8860=SURFACE_STYLE_USAGE(.BOTH.,#9242);
#8861=SURFACE_STYLE_USAGE(.BOTH.,#9243);
#8862=SURFACE_STYLE_USAGE(.BOTH.,#9244);
#8863=SURFACE_STYLE_USAGE(.BOTH.,#9245);
#8864=SURFACE_STYLE_USAGE(.BOTH.,#9246);
#8865=SURFACE_STYLE_USAGE(.BOTH.,#9247);
#8866=SURFACE_STYLE_USAGE(.BOTH.,#9248);
#8867=SURFACE_STYLE_USAGE(.BOTH.,#9249);
#8868=SURFACE_STYLE_USAGE(.BOTH.,#9250);
#8869=SURFACE_STYLE_USAGE(.BOTH.,#9251);
#8870=SURFACE_STYLE_USAGE(.BOTH.,#9252);
#8871=SURFACE_STYLE_USAGE(.BOTH.,#9253);
#8872=SURFACE_STYLE_USAGE(.BOTH.,#9254);
#8873=SURFACE_STYLE_USAGE(.BOTH.,#9255);
#8874=SURFACE_STYLE_USAGE(.BOTH.,#9256);
#8875=SURFACE_STYLE_USAGE(.BOTH.,#9257);
#8876=SURFACE_STYLE_USAGE(.BOTH.,#9258);
#8877=SURFACE_STYLE_USAGE(.BOTH.,#9259);
#8878=SURFACE_STYLE_USAGE(.BOTH.,#9260);
#8879=SURFACE_STYLE_USAGE(.BOTH.,#9261);
#8880=SURFACE_STYLE_USAGE(.BOTH.,#9262);
#8881=SURFACE_STYLE_USAGE(.BOTH.,#9263);
#8882=SURFACE_STYLE_USAGE(.BOTH.,#9264);
#8883=SURFACE_STYLE_USAGE(.BOTH.,#9265);
#8884=SURFACE_STYLE_USAGE(.BOTH.,#9266);
#8885=SURFACE_STYLE_USAGE(.BOTH.,#9267);
#8886=SURFACE_STYLE_USAGE(.BOTH.,#9268);
#8887=SURFACE_STYLE_USAGE(.BOTH.,#9269);
#8888=SURFACE_STYLE_USAGE(.BOTH.,#9270);
#8889=SURFACE_STYLE_USAGE(.BOTH.,#9271);
#8890=SURFACE_STYLE_USAGE(.BOTH.,#9272);
#8891=SURFACE_STYLE_USAGE(.BOTH.,#9273);
#8892=SURFACE_STYLE_USAGE(.BOTH.,#9274);
#8893=SURFACE_STYLE_USAGE(.BOTH.,#9275);
#8894=SURFACE_STYLE_USAGE(.BOTH.,#9276);
#8895=SURFACE_STYLE_USAGE(.BOTH.,#9277);
#8896=SURFACE_STYLE_USAGE(.BOTH.,#9278);
#8897=SURFACE_STYLE_USAGE(.BOTH.,#9279);
#8898=SURFACE_STYLE_USAGE(.BOTH.,#9280);
#8899=SURFACE_STYLE_USAGE(.BOTH.,#9281);
#8900=SURFACE_STYLE_USAGE(.BOTH.,#9282);
#8901=SURFACE_STYLE_USAGE(.BOTH.,#9283);
#8902=SURFACE_STYLE_USAGE(.BOTH.,#9284);
#8903=SURFACE_STYLE_USAGE(.BOTH.,#9285);
#8904=SURFACE_STYLE_USAGE(.BOTH.,#9286);
#8905=SURFACE_STYLE_USAGE(.BOTH.,#9287);
#8906=SURFACE_STYLE_USAGE(.BOTH.,#9288);
#8907=SURFACE_STYLE_USAGE(.BOTH.,#9289);
#8908=SURFACE_STYLE_USAGE(.BOTH.,#9290);
#8909=SURFACE_STYLE_USAGE(.BOTH.,#9291);
#8910=SURFACE_STYLE_USAGE(.BOTH.,#9292);
#8911=SURFACE_STYLE_USAGE(.BOTH.,#9293);
#8912=SURFACE_STYLE_USAGE(.BOTH.,#9294);
#8913=SURFACE_STYLE_USAGE(.BOTH.,#9295);
#8914=SURFACE_STYLE_USAGE(.BOTH.,#9296);
#8915=SURFACE_STYLE_USAGE(.BOTH.,#9297);
#8916=SURFACE_SIDE_STYLE('',(#9298));
#8917=SURFACE_SIDE_STYLE('',(#9299));
#8918=SURFACE_SIDE_STYLE('',(#9300));
#8919=SURFACE_SIDE_STYLE('',(#9301));
#8920=SURFACE_SIDE_STYLE('',(#9302));
#8921=SURFACE_SIDE_STYLE('',(#9303));
#8922=SURFACE_SIDE_STYLE('',(#9304));
#8923=SURFACE_SIDE_STYLE('',(#9305));
#8924=SURFACE_SIDE_STYLE('',(#9306));
#8925=SURFACE_SIDE_STYLE('',(#9307));
#8926=SURFACE_SIDE_STYLE('',(#9308));
#8927=SURFACE_SIDE_STYLE('',(#9309));
#8928=SURFACE_SIDE_STYLE('',(#9310));
#8929=SURFACE_SIDE_STYLE('',(#9311));
#8930=SURFACE_SIDE_STYLE('',(#9312));
#8931=SURFACE_SIDE_STYLE('',(#9313));
#8932=SURFACE_SIDE_STYLE('',(#9314));
#8933=SURFACE_SIDE_STYLE('',(#9315));
#8934=SURFACE_SIDE_STYLE('',(#9316));
#8935=SURFACE_SIDE_STYLE('',(#9317));
#8936=SURFACE_SIDE_STYLE('',(#9318));
#8937=SURFACE_SIDE_STYLE('',(#9319));
#8938=SURFACE_SIDE_STYLE('',(#9320));
#8939=SURFACE_SIDE_STYLE('',(#9321));
#8940=SURFACE_SIDE_STYLE('',(#9322));
#8941=SURFACE_SIDE_STYLE('',(#9323));
#8942=SURFACE_SIDE_STYLE('',(#9324));
#8943=SURFACE_SIDE_STYLE('',(#9325));
#8944=SURFACE_SIDE_STYLE('',(#9326));
#8945=SURFACE_SIDE_STYLE('',(#9327));
#8946=SURFACE_SIDE_STYLE('',(#9328));
#8947=SURFACE_SIDE_STYLE('',(#9329));
#8948=SURFACE_SIDE_STYLE('',(#9330));
#8949=SURFACE_SIDE_STYLE('',(#9331));
#8950=SURFACE_SIDE_STYLE('',(#9332));
#8951=SURFACE_SIDE_STYLE('',(#9333));
#8952=SURFACE_SIDE_STYLE('',(#9334));
#8953=SURFACE_SIDE_STYLE('',(#9335));
#8954=SURFACE_SIDE_STYLE('',(#9336));
#8955=SURFACE_SIDE_STYLE('',(#9337));
#8956=SURFACE_SIDE_STYLE('',(#9338));
#8957=SURFACE_SIDE_STYLE('',(#9339));
#8958=SURFACE_SIDE_STYLE('',(#9340));
#8959=SURFACE_SIDE_STYLE('',(#9341));
#8960=SURFACE_SIDE_STYLE('',(#9342));
#8961=SURFACE_SIDE_STYLE('',(#9343));
#8962=SURFACE_SIDE_STYLE('',(#9344));
#8963=SURFACE_SIDE_STYLE('',(#9345));
#8964=SURFACE_SIDE_STYLE('',(#9346));
#8965=SURFACE_SIDE_STYLE('',(#9347));
#8966=SURFACE_SIDE_STYLE('',(#9348));
#8967=SURFACE_SIDE_STYLE('',(#9349));
#8968=SURFACE_SIDE_STYLE('',(#9350));
#8969=SURFACE_SIDE_STYLE('',(#9351));
#8970=SURFACE_SIDE_STYLE('',(#9352));
#8971=SURFACE_SIDE_STYLE('',(#9353));
#8972=SURFACE_SIDE_STYLE('',(#9354));
#8973=SURFACE_SIDE_STYLE('',(#9355));
#8974=SURFACE_SIDE_STYLE('',(#9356));
#8975=SURFACE_SIDE_STYLE('',(#9357));
#8976=SURFACE_SIDE_STYLE('',(#9358));
#8977=SURFACE_SIDE_STYLE('',(#9359));
#8978=SURFACE_SIDE_STYLE('',(#9360));
#8979=SURFACE_SIDE_STYLE('',(#9361));
#8980=SURFACE_SIDE_STYLE('',(#9362));
#8981=SURFACE_SIDE_STYLE('',(#9363));
#8982=SURFACE_SIDE_STYLE('',(#9364));
#8983=SURFACE_SIDE_STYLE('',(#9365));
#8984=SURFACE_SIDE_STYLE('',(#9366));
#8985=SURFACE_SIDE_STYLE('',(#9367));
#8986=SURFACE_SIDE_STYLE('',(#9368));
#8987=SURFACE_SIDE_STYLE('',(#9369));
#8988=SURFACE_SIDE_STYLE('',(#9370));
#8989=SURFACE_SIDE_STYLE('',(#9371));
#8990=SURFACE_SIDE_STYLE('',(#9372));
#8991=SURFACE_SIDE_STYLE('',(#9373));
#8992=SURFACE_SIDE_STYLE('',(#9374));
#8993=SURFACE_SIDE_STYLE('',(#9375));
#8994=SURFACE_SIDE_STYLE('',(#9376));
#8995=SURFACE_SIDE_STYLE('',(#9377));
#8996=SURFACE_SIDE_STYLE('',(#9378));
#8997=SURFACE_SIDE_STYLE('',(#9379));
#8998=SURFACE_SIDE_STYLE('',(#9380));
#8999=SURFACE_SIDE_STYLE('',(#9381));
#9000=SURFACE_SIDE_STYLE('',(#9382));
#9001=SURFACE_SIDE_STYLE('',(#9383));
#9002=SURFACE_SIDE_STYLE('',(#9384));
#9003=SURFACE_SIDE_STYLE('',(#9385));
#9004=SURFACE_SIDE_STYLE('',(#9386));
#9005=SURFACE_SIDE_STYLE('',(#9387));
#9006=SURFACE_SIDE_STYLE('',(#9388));
#9007=SURFACE_SIDE_STYLE('',(#9389));
#9008=SURFACE_SIDE_STYLE('',(#9390));
#9009=SURFACE_SIDE_STYLE('',(#9391));
#9010=SURFACE_SIDE_STYLE('',(#9392));
#9011=SURFACE_SIDE_STYLE('',(#9393));
#9012=SURFACE_SIDE_STYLE('',(#9394));
#9013=SURFACE_SIDE_STYLE('',(#9395));
#9014=SURFACE_SIDE_STYLE('',(#9396));
#9015=SURFACE_SIDE_STYLE('',(#9397));
#9016=SURFACE_SIDE_STYLE('',(#9398));
#9017=SURFACE_SIDE_STYLE('',(#9399));
#9018=SURFACE_SIDE_STYLE('',(#9400));
#9019=SURFACE_SIDE_STYLE('',(#9401));
#9020=SURFACE_SIDE_STYLE('',(#9402));
#9021=SURFACE_SIDE_STYLE('',(#9403));
#9022=SURFACE_SIDE_STYLE('',(#9404));
#9023=SURFACE_SIDE_STYLE('',(#9405));
#9024=SURFACE_SIDE_STYLE('',(#9406));
#9025=SURFACE_SIDE_STYLE('',(#9407));
#9026=SURFACE_SIDE_STYLE('',(#9408));
#9027=SURFACE_SIDE_STYLE('',(#9409));
#9028=SURFACE_SIDE_STYLE('',(#9410));
#9029=SURFACE_SIDE_STYLE('',(#9411));
#9030=SURFACE_SIDE_STYLE('',(#9412));
#9031=SURFACE_SIDE_STYLE('',(#9413));
#9032=SURFACE_SIDE_STYLE('',(#9414));
#9033=SURFACE_SIDE_STYLE('',(#9415));
#9034=SURFACE_SIDE_STYLE('',(#9416));
#9035=SURFACE_SIDE_STYLE('',(#9417));
#9036=SURFACE_SIDE_STYLE('',(#9418));
#9037=SURFACE_SIDE_STYLE('',(#9419));
#9038=SURFACE_SIDE_STYLE('',(#9420));
#9039=SURFACE_SIDE_STYLE('',(#9421));
#9040=SURFACE_SIDE_STYLE('',(#9422));
#9041=SURFACE_SIDE_STYLE('',(#9423));
#9042=SURFACE_SIDE_STYLE('',(#9424));
#9043=SURFACE_SIDE_STYLE('',(#9425));
#9044=SURFACE_SIDE_STYLE('',(#9426));
#9045=SURFACE_SIDE_STYLE('',(#9427));
#9046=SURFACE_SIDE_STYLE('',(#9428));
#9047=SURFACE_SIDE_STYLE('',(#9429));
#9048=SURFACE_SIDE_STYLE('',(#9430));
#9049=SURFACE_SIDE_STYLE('',(#9431));
#9050=SURFACE_SIDE_STYLE('',(#9432));
#9051=SURFACE_SIDE_STYLE('',(#9433));
#9052=SURFACE_SIDE_STYLE('',(#9434));
#9053=SURFACE_SIDE_STYLE('',(#9435));
#9054=SURFACE_SIDE_STYLE('',(#9436));
#9055=SURFACE_SIDE_STYLE('',(#9437));
#9056=SURFACE_SIDE_STYLE('',(#9438));
#9057=SURFACE_SIDE_STYLE('',(#9439));
#9058=SURFACE_SIDE_STYLE('',(#9440));
#9059=SURFACE_SIDE_STYLE('',(#9441));
#9060=SURFACE_SIDE_STYLE('',(#9442));
#9061=SURFACE_SIDE_STYLE('',(#9443));
#9062=SURFACE_SIDE_STYLE('',(#9444));
#9063=SURFACE_SIDE_STYLE('',(#9445));
#9064=SURFACE_SIDE_STYLE('',(#9446));
#9065=SURFACE_SIDE_STYLE('',(#9447));
#9066=SURFACE_SIDE_STYLE('',(#9448));
#9067=SURFACE_SIDE_STYLE('',(#9449));
#9068=SURFACE_SIDE_STYLE('',(#9450));
#9069=SURFACE_SIDE_STYLE('',(#9451));
#9070=SURFACE_SIDE_STYLE('',(#9452));
#9071=SURFACE_SIDE_STYLE('',(#9453));
#9072=SURFACE_SIDE_STYLE('',(#9454));
#9073=SURFACE_SIDE_STYLE('',(#9455));
#9074=SURFACE_SIDE_STYLE('',(#9456));
#9075=SURFACE_SIDE_STYLE('',(#9457));
#9076=SURFACE_SIDE_STYLE('',(#9458));
#9077=SURFACE_SIDE_STYLE('',(#9459));
#9078=SURFACE_SIDE_STYLE('',(#9460));
#9079=SURFACE_SIDE_STYLE('',(#9461));
#9080=SURFACE_SIDE_STYLE('',(#9462));
#9081=SURFACE_SIDE_STYLE('',(#9463));
#9082=SURFACE_SIDE_STYLE('',(#9464));
#9083=SURFACE_SIDE_STYLE('',(#9465));
#9084=SURFACE_SIDE_STYLE('',(#9466));
#9085=SURFACE_SIDE_STYLE('',(#9467));
#9086=SURFACE_SIDE_STYLE('',(#9468));
#9087=SURFACE_SIDE_STYLE('',(#9469));
#9088=SURFACE_SIDE_STYLE('',(#9470));
#9089=SURFACE_SIDE_STYLE('',(#9471));
#9090=SURFACE_SIDE_STYLE('',(#9472));
#9091=SURFACE_SIDE_STYLE('',(#9473));
#9092=SURFACE_SIDE_STYLE('',(#9474));
#9093=SURFACE_SIDE_STYLE('',(#9475));
#9094=SURFACE_SIDE_STYLE('',(#9476));
#9095=SURFACE_SIDE_STYLE('',(#9477));
#9096=SURFACE_SIDE_STYLE('',(#9478));
#9097=SURFACE_SIDE_STYLE('',(#9479));
#9098=SURFACE_SIDE_STYLE('',(#9480));
#9099=SURFACE_SIDE_STYLE('',(#9481));
#9100=SURFACE_SIDE_STYLE('',(#9482));
#9101=SURFACE_SIDE_STYLE('',(#9483));
#9102=SURFACE_SIDE_STYLE('',(#9484));
#9103=SURFACE_SIDE_STYLE('',(#9485));
#9104=SURFACE_SIDE_STYLE('',(#9486));
#9105=SURFACE_SIDE_STYLE('',(#9487));
#9106=SURFACE_SIDE_STYLE('',(#9488));
#9107=SURFACE_SIDE_STYLE('',(#9489));
#9108=SURFACE_SIDE_STYLE('',(#9490));
#9109=SURFACE_SIDE_STYLE('',(#9491));
#9110=SURFACE_SIDE_STYLE('',(#9492));
#9111=SURFACE_SIDE_STYLE('',(#9493));
#9112=SURFACE_SIDE_STYLE('',(#9494));
#9113=SURFACE_SIDE_STYLE('',(#9495));
#9114=SURFACE_SIDE_STYLE('',(#9496));
#9115=SURFACE_SIDE_STYLE('',(#9497));
#9116=SURFACE_SIDE_STYLE('',(#9498));
#9117=SURFACE_SIDE_STYLE('',(#9499));
#9118=SURFACE_SIDE_STYLE('',(#9500));
#9119=SURFACE_SIDE_STYLE('',(#9501));
#9120=SURFACE_SIDE_STYLE('',(#9502));
#9121=SURFACE_SIDE_STYLE('',(#9503));
#9122=SURFACE_SIDE_STYLE('',(#9504));
#9123=SURFACE_SIDE_STYLE('',(#9505));
#9124=SURFACE_SIDE_STYLE('',(#9506));
#9125=SURFACE_SIDE_STYLE('',(#9507));
#9126=SURFACE_SIDE_STYLE('',(#9508));
#9127=SURFACE_SIDE_STYLE('',(#9509));
#9128=SURFACE_SIDE_STYLE('',(#9510));
#9129=SURFACE_SIDE_STYLE('',(#9511));
#9130=SURFACE_SIDE_STYLE('',(#9512));
#9131=SURFACE_SIDE_STYLE('',(#9513));
#9132=SURFACE_SIDE_STYLE('',(#9514));
#9133=SURFACE_SIDE_STYLE('',(#9515));
#9134=SURFACE_SIDE_STYLE('',(#9516));
#9135=SURFACE_SIDE_STYLE('',(#9517));
#9136=SURFACE_SIDE_STYLE('',(#9518));
#9137=SURFACE_SIDE_STYLE('',(#9519));
#9138=SURFACE_SIDE_STYLE('',(#9520));
#9139=SURFACE_SIDE_STYLE('',(#9521));
#9140=SURFACE_SIDE_STYLE('',(#9522));
#9141=SURFACE_SIDE_STYLE('',(#9523));
#9142=SURFACE_SIDE_STYLE('',(#9524));
#9143=SURFACE_SIDE_STYLE('',(#9525));
#9144=SURFACE_SIDE_STYLE('',(#9526));
#9145=SURFACE_SIDE_STYLE('',(#9527));
#9146=SURFACE_SIDE_STYLE('',(#9528));
#9147=SURFACE_SIDE_STYLE('',(#9529));
#9148=SURFACE_SIDE_STYLE('',(#9530));
#9149=SURFACE_SIDE_STYLE('',(#9531));
#9150=SURFACE_SIDE_STYLE('',(#9532));
#9151=SURFACE_SIDE_STYLE('',(#9533));
#9152=SURFACE_SIDE_STYLE('',(#9534));
#9153=SURFACE_SIDE_STYLE('',(#9535));
#9154=SURFACE_SIDE_STYLE('',(#9536));
#9155=SURFACE_SIDE_STYLE('',(#9537));
#9156=SURFACE_SIDE_STYLE('',(#9538));
#9157=SURFACE_SIDE_STYLE('',(#9539));
#9158=SURFACE_SIDE_STYLE('',(#9540));
#9159=SURFACE_SIDE_STYLE('',(#9541));
#9160=SURFACE_SIDE_STYLE('',(#9542));
#9161=SURFACE_SIDE_STYLE('',(#9543));
#9162=SURFACE_SIDE_STYLE('',(#9544));
#9163=SURFACE_SIDE_STYLE('',(#9545));
#9164=SURFACE_SIDE_STYLE('',(#9546));
#9165=SURFACE_SIDE_STYLE('',(#9547));
#9166=SURFACE_SIDE_STYLE('',(#9548));
#9167=SURFACE_SIDE_STYLE('',(#9549));
#9168=SURFACE_SIDE_STYLE('',(#9550));
#9169=SURFACE_SIDE_STYLE('',(#9551));
#9170=SURFACE_SIDE_STYLE('',(#9552));
#9171=SURFACE_SIDE_STYLE('',(#9553));
#9172=SURFACE_SIDE_STYLE('',(#9554));
#9173=SURFACE_SIDE_STYLE('',(#9555));
#9174=SURFACE_SIDE_STYLE('',(#9556));
#9175=SURFACE_SIDE_STYLE('',(#9557));
#9176=SURFACE_SIDE_STYLE('',(#9558));
#9177=SURFACE_SIDE_STYLE('',(#9559));
#9178=SURFACE_SIDE_STYLE('',(#9560));
#9179=SURFACE_SIDE_STYLE('',(#9561));
#9180=SURFACE_SIDE_STYLE('',(#9562));
#9181=SURFACE_SIDE_STYLE('',(#9563));
#9182=SURFACE_SIDE_STYLE('',(#9564));
#9183=SURFACE_SIDE_STYLE('',(#9565));
#9184=SURFACE_SIDE_STYLE('',(#9566));
#9185=SURFACE_SIDE_STYLE('',(#9567));
#9186=SURFACE_SIDE_STYLE('',(#9568));
#9187=SURFACE_SIDE_STYLE('',(#9569));
#9188=SURFACE_SIDE_STYLE('',(#9570));
#9189=SURFACE_SIDE_STYLE('',(#9571));
#9190=SURFACE_SIDE_STYLE('',(#9572));
#9191=SURFACE_SIDE_STYLE('',(#9573));
#9192=SURFACE_SIDE_STYLE('',(#9574));
#9193=SURFACE_SIDE_STYLE('',(#9575));
#9194=SURFACE_SIDE_STYLE('',(#9576));
#9195=SURFACE_SIDE_STYLE('',(#9577));
#9196=SURFACE_SIDE_STYLE('',(#9578));
#9197=SURFACE_SIDE_STYLE('',(#9579));
#9198=SURFACE_SIDE_STYLE('',(#9580));
#9199=SURFACE_SIDE_STYLE('',(#9581));
#9200=SURFACE_SIDE_STYLE('',(#9582));
#9201=SURFACE_SIDE_STYLE('',(#9583));
#9202=SURFACE_SIDE_STYLE('',(#9584));
#9203=SURFACE_SIDE_STYLE('',(#9585));
#9204=SURFACE_SIDE_STYLE('',(#9586));
#9205=SURFACE_SIDE_STYLE('',(#9587));
#9206=SURFACE_SIDE_STYLE('',(#9588));
#9207=SURFACE_SIDE_STYLE('',(#9589));
#9208=SURFACE_SIDE_STYLE('',(#9590));
#9209=SURFACE_SIDE_STYLE('',(#9591));
#9210=SURFACE_SIDE_STYLE('',(#9592));
#9211=SURFACE_SIDE_STYLE('',(#9593));
#9212=SURFACE_SIDE_STYLE('',(#9594));
#9213=SURFACE_SIDE_STYLE('',(#9595));
#9214=SURFACE_SIDE_STYLE('',(#9596));
#9215=SURFACE_SIDE_STYLE('',(#9597));
#9216=SURFACE_SIDE_STYLE('',(#9598));
#9217=SURFACE_SIDE_STYLE('',(#9599));
#9218=SURFACE_SIDE_STYLE('',(#9600));
#9219=SURFACE_SIDE_STYLE('',(#9601));
#9220=SURFACE_SIDE_STYLE('',(#9602));
#9221=SURFACE_SIDE_STYLE('',(#9603));
#9222=SURFACE_SIDE_STYLE('',(#9604));
#9223=SURFACE_SIDE_STYLE('',(#9605));
#9224=SURFACE_SIDE_STYLE('',(#9606));
#9225=SURFACE_SIDE_STYLE('',(#9607));
#9226=SURFACE_SIDE_STYLE('',(#9608));
#9227=SURFACE_SIDE_STYLE('',(#9609));
#9228=SURFACE_SIDE_STYLE('',(#9610));
#9229=SURFACE_SIDE_STYLE('',(#9611));
#9230=SURFACE_SIDE_STYLE('',(#9612));
#9231=SURFACE_SIDE_STYLE('',(#9613));
#9232=SURFACE_SIDE_STYLE('',(#9614));
#9233=SURFACE_SIDE_STYLE('',(#9615));
#9234=SURFACE_SIDE_STYLE('',(#9616));
#9235=SURFACE_SIDE_STYLE('',(#9617));
#9236=SURFACE_SIDE_STYLE('',(#9618));
#9237=SURFACE_SIDE_STYLE('',(#9619));
#9238=SURFACE_SIDE_STYLE('',(#9620));
#9239=SURFACE_SIDE_STYLE('',(#9621));
#9240=SURFACE_SIDE_STYLE('',(#9622));
#9241=SURFACE_SIDE_STYLE('',(#9623));
#9242=SURFACE_SIDE_STYLE('',(#9624));
#9243=SURFACE_SIDE_STYLE('',(#9625));
#9244=SURFACE_SIDE_STYLE('',(#9626));
#9245=SURFACE_SIDE_STYLE('',(#9627));
#9246=SURFACE_SIDE_STYLE('',(#9628));
#9247=SURFACE_SIDE_STYLE('',(#9629));
#9248=SURFACE_SIDE_STYLE('',(#9630));
#9249=SURFACE_SIDE_STYLE('',(#9631));
#9250=SURFACE_SIDE_STYLE('',(#9632));
#9251=SURFACE_SIDE_STYLE('',(#9633));
#9252=SURFACE_SIDE_STYLE('',(#9634));
#9253=SURFACE_SIDE_STYLE('',(#9635));
#9254=SURFACE_SIDE_STYLE('',(#9636));
#9255=SURFACE_SIDE_STYLE('',(#9637));
#9256=SURFACE_SIDE_STYLE('',(#9638));
#9257=SURFACE_SIDE_STYLE('',(#9639));
#9258=SURFACE_SIDE_STYLE('',(#9640));
#9259=SURFACE_SIDE_STYLE('',(#9641));
#9260=SURFACE_SIDE_STYLE('',(#9642));
#9261=SURFACE_SIDE_STYLE('',(#9643));
#9262=SURFACE_SIDE_STYLE('',(#9644));
#9263=SURFACE_SIDE_STYLE('',(#9645));
#9264=SURFACE_SIDE_STYLE('',(#9646));
#9265=SURFACE_SIDE_STYLE('',(#9647));
#9266=SURFACE_SIDE_STYLE('',(#9648));
#9267=SURFACE_SIDE_STYLE('',(#9649));
#9268=SURFACE_SIDE_STYLE('',(#9650));
#9269=SURFACE_SIDE_STYLE('',(#9651));
#9270=SURFACE_SIDE_STYLE('',(#9652));
#9271=SURFACE_SIDE_STYLE('',(#9653));
#9272=SURFACE_SIDE_STYLE('',(#9654));
#9273=SURFACE_SIDE_STYLE('',(#9655));
#9274=SURFACE_SIDE_STYLE('',(#9656));
#9275=SURFACE_SIDE_STYLE('',(#9657));
#9276=SURFACE_SIDE_STYLE('',(#9658));
#9277=SURFACE_SIDE_STYLE('',(#9659));
#9278=SURFACE_SIDE_STYLE('',(#9660));
#9279=SURFACE_SIDE_STYLE('',(#9661));
#9280=SURFACE_SIDE_STYLE('',(#9662));
#9281=SURFACE_SIDE_STYLE('',(#9663));
#9282=SURFACE_SIDE_STYLE('',(#9664));
#9283=SURFACE_SIDE_STYLE('',(#9665));
#9284=SURFACE_SIDE_STYLE('',(#9666));
#9285=SURFACE_SIDE_STYLE('',(#9667));
#9286=SURFACE_SIDE_STYLE('',(#9668));
#9287=SURFACE_SIDE_STYLE('',(#9669));
#9288=SURFACE_SIDE_STYLE('',(#9670));
#9289=SURFACE_SIDE_STYLE('',(#9671));
#9290=SURFACE_SIDE_STYLE('',(#9672));
#9291=SURFACE_SIDE_STYLE('',(#9673));
#9292=SURFACE_SIDE_STYLE('',(#9674));
#9293=SURFACE_SIDE_STYLE('',(#9675));
#9294=SURFACE_SIDE_STYLE('',(#9676));
#9295=SURFACE_SIDE_STYLE('',(#9677));
#9296=SURFACE_SIDE_STYLE('',(#9678));
#9297=SURFACE_SIDE_STYLE('',(#9679));
#9298=SURFACE_STYLE_FILL_AREA(#9680);
#9299=SURFACE_STYLE_FILL_AREA(#9681);
#9300=SURFACE_STYLE_FILL_AREA(#9682);
#9301=SURFACE_STYLE_FILL_AREA(#9683);
#9302=SURFACE_STYLE_FILL_AREA(#9684);
#9303=SURFACE_STYLE_FILL_AREA(#9685);
#9304=SURFACE_STYLE_FILL_AREA(#9686);
#9305=SURFACE_STYLE_FILL_AREA(#9687);
#9306=SURFACE_STYLE_FILL_AREA(#9688);
#9307=SURFACE_STYLE_FILL_AREA(#9689);
#9308=SURFACE_STYLE_FILL_AREA(#9690);
#9309=SURFACE_STYLE_FILL_AREA(#9691);
#9310=SURFACE_STYLE_FILL_AREA(#9692);
#9311=SURFACE_STYLE_FILL_AREA(#9693);
#9312=SURFACE_STYLE_FILL_AREA(#9694);
#9313=SURFACE_STYLE_FILL_AREA(#9695);
#9314=SURFACE_STYLE_FILL_AREA(#9696);
#9315=SURFACE_STYLE_FILL_AREA(#9697);
#9316=SURFACE_STYLE_FILL_AREA(#9698);
#9317=SURFACE_STYLE_FILL_AREA(#9699);
#9318=SURFACE_STYLE_FILL_AREA(#9700);
#9319=SURFACE_STYLE_FILL_AREA(#9701);
#9320=SURFACE_STYLE_FILL_AREA(#9702);
#9321=SURFACE_STYLE_FILL_AREA(#9703);
#9322=SURFACE_STYLE_FILL_AREA(#9704);
#9323=SURFACE_STYLE_FILL_AREA(#9705);
#9324=SURFACE_STYLE_FILL_AREA(#9706);
#9325=SURFACE_STYLE_FILL_AREA(#9707);
#9326=SURFACE_STYLE_FILL_AREA(#9708);
#9327=SURFACE_STYLE_FILL_AREA(#9709);
#9328=SURFACE_STYLE_FILL_AREA(#9710);
#9329=SURFACE_STYLE_FILL_AREA(#9711);
#9330=SURFACE_STYLE_FILL_AREA(#9712);
#9331=SURFACE_STYLE_FILL_AREA(#9713);
#9332=SURFACE_STYLE_FILL_AREA(#9714);
#9333=SURFACE_STYLE_FILL_AREA(#9715);
#9334=SURFACE_STYLE_FILL_AREA(#9716);
#9335=SURFACE_STYLE_FILL_AREA(#9717);
#9336=SURFACE_STYLE_FILL_AREA(#9718);
#9337=SURFACE_STYLE_FILL_AREA(#9719);
#9338=SURFACE_STYLE_FILL_AREA(#9720);
#9339=SURFACE_STYLE_FILL_AREA(#9721);
#9340=SURFACE_STYLE_FILL_AREA(#9722);
#9341=SURFACE_STYLE_FILL_AREA(#9723);
#9342=SURFACE_STYLE_FILL_AREA(#9724);
#9343=SURFACE_STYLE_FILL_AREA(#9725);
#9344=SURFACE_STYLE_FILL_AREA(#9726);
#9345=SURFACE_STYLE_FILL_AREA(#9727);
#9346=SURFACE_STYLE_FILL_AREA(#9728);
#9347=SURFACE_STYLE_FILL_AREA(#9729);
#9348=SURFACE_STYLE_FILL_AREA(#9730);
#9349=SURFACE_STYLE_FILL_AREA(#9731);
#9350=SURFACE_STYLE_FILL_AREA(#9732);
#9351=SURFACE_STYLE_FILL_AREA(#9733);
#9352=SURFACE_STYLE_FILL_AREA(#9734);
#9353=SURFACE_STYLE_FILL_AREA(#9735);
#9354=SURFACE_STYLE_FILL_AREA(#9736);
#9355=SURFACE_STYLE_FILL_AREA(#9737);
#9356=SURFACE_STYLE_FILL_AREA(#9738);
#9357=SURFACE_STYLE_FILL_AREA(#9739);
#9358=SURFACE_STYLE_FILL_AREA(#9740);
#9359=SURFACE_STYLE_FILL_AREA(#9741);
#9360=SURFACE_STYLE_FILL_AREA(#9742);
#9361=SURFACE_STYLE_FILL_AREA(#9743);
#9362=SURFACE_STYLE_FILL_AREA(#9744);
#9363=SURFACE_STYLE_FILL_AREA(#9745);
#9364=SURFACE_STYLE_FILL_AREA(#9746);
#9365=SURFACE_STYLE_FILL_AREA(#9747);
#9366=SURFACE_STYLE_FILL_AREA(#9748);
#9367=SURFACE_STYLE_FILL_AREA(#9749);
#9368=SURFACE_STYLE_FILL_AREA(#9750);
#9369=SURFACE_STYLE_FILL_AREA(#9751);
#9370=SURFACE_STYLE_FILL_AREA(#9752);
#9371=SURFACE_STYLE_FILL_AREA(#9753);
#9372=SURFACE_STYLE_FILL_AREA(#9754);
#9373=SURFACE_STYLE_FILL_AREA(#9755);
#9374=SURFACE_STYLE_FILL_AREA(#9756);
#9375=SURFACE_STYLE_FILL_AREA(#9757);
#9376=SURFACE_STYLE_FILL_AREA(#9758);
#9377=SURFACE_STYLE_FILL_AREA(#9759);
#9378=SURFACE_STYLE_FILL_AREA(#9760);
#9379=SURFACE_STYLE_FILL_AREA(#9761);
#9380=SURFACE_STYLE_FILL_AREA(#9762);
#9381=SURFACE_STYLE_FILL_AREA(#9763);
#9382=SURFACE_STYLE_FILL_AREA(#9764);
#9383=SURFACE_STYLE_FILL_AREA(#9765);
#9384=SURFACE_STYLE_FILL_AREA(#9766);
#9385=SURFACE_STYLE_FILL_AREA(#9767);
#9386=SURFACE_STYLE_FILL_AREA(#9768);
#9387=SURFACE_STYLE_FILL_AREA(#9769);
#9388=SURFACE_STYLE_FILL_AREA(#9770);
#9389=SURFACE_STYLE_FILL_AREA(#9771);
#9390=SURFACE_STYLE_FILL_AREA(#9772);
#9391=SURFACE_STYLE_FILL_AREA(#9773);
#9392=SURFACE_STYLE_FILL_AREA(#9774);
#9393=SURFACE_STYLE_FILL_AREA(#9775);
#9394=SURFACE_STYLE_FILL_AREA(#9776);
#9395=SURFACE_STYLE_FILL_AREA(#9777);
#9396=SURFACE_STYLE_FILL_AREA(#9778);
#9397=SURFACE_STYLE_FILL_AREA(#9779);
#9398=SURFACE_STYLE_FILL_AREA(#9780);
#9399=SURFACE_STYLE_FILL_AREA(#9781);
#9400=SURFACE_STYLE_FILL_AREA(#9782);
#9401=SURFACE_STYLE_FILL_AREA(#9783);
#9402=SURFACE_STYLE_FILL_AREA(#9784);
#9403=SURFACE_STYLE_FILL_AREA(#9785);
#9404=SURFACE_STYLE_FILL_AREA(#9786);
#9405=SURFACE_STYLE_FILL_AREA(#9787);
#9406=SURFACE_STYLE_FILL_AREA(#9788);
#9407=SURFACE_STYLE_FILL_AREA(#9789);
#9408=SURFACE_STYLE_FILL_AREA(#9790);
#9409=SURFACE_STYLE_FILL_AREA(#9791);
#9410=SURFACE_STYLE_FILL_AREA(#9792);
#9411=SURFACE_STYLE_FILL_AREA(#9793);
#9412=SURFACE_STYLE_FILL_AREA(#9794);
#9413=SURFACE_STYLE_FILL_AREA(#9795);
#9414=SURFACE_STYLE_FILL_AREA(#9796);
#9415=SURFACE_STYLE_FILL_AREA(#9797);
#9416=SURFACE_STYLE_FILL_AREA(#9798);
#9417=SURFACE_STYLE_FILL_AREA(#9799);
#9418=SURFACE_STYLE_FILL_AREA(#9800);
#9419=SURFACE_STYLE_FILL_AREA(#9801);
#9420=SURFACE_STYLE_FILL_AREA(#9802);
#9421=SURFACE_STYLE_FILL_AREA(#9803);
#9422=SURFACE_STYLE_FILL_AREA(#9804);
#9423=SURFACE_STYLE_FILL_AREA(#9805);
#9424=SURFACE_STYLE_FILL_AREA(#9806);
#9425=SURFACE_STYLE_FILL_AREA(#9807);
#9426=SURFACE_STYLE_FILL_AREA(#9808);
#9427=SURFACE_STYLE_FILL_AREA(#9809);
#9428=SURFACE_STYLE_FILL_AREA(#9810);
#9429=SURFACE_STYLE_FILL_AREA(#9811);
#9430=SURFACE_STYLE_FILL_AREA(#9812);
#9431=SURFACE_STYLE_FILL_AREA(#9813);
#9432=SURFACE_STYLE_FILL_AREA(#9814);
#9433=SURFACE_STYLE_FILL_AREA(#9815);
#9434=SURFACE_STYLE_FILL_AREA(#9816);
#9435=SURFACE_STYLE_FILL_AREA(#9817);
#9436=SURFACE_STYLE_FILL_AREA(#9818);
#9437=SURFACE_STYLE_FILL_AREA(#9819);
#9438=SURFACE_STYLE_FILL_AREA(#9820);
#9439=SURFACE_STYLE_FILL_AREA(#9821);
#9440=SURFACE_STYLE_FILL_AREA(#9822);
#9441=SURFACE_STYLE_FILL_AREA(#9823);
#9442=SURFACE_STYLE_FILL_AREA(#9824);
#9443=SURFACE_STYLE_FILL_AREA(#9825);
#9444=SURFACE_STYLE_FILL_AREA(#9826);
#9445=SURFACE_STYLE_FILL_AREA(#9827);
#9446=SURFACE_STYLE_FILL_AREA(#9828);
#9447=SURFACE_STYLE_FILL_AREA(#9829);
#9448=SURFACE_STYLE_FILL_AREA(#9830);
#9449=SURFACE_STYLE_FILL_AREA(#9831);
#9450=SURFACE_STYLE_FILL_AREA(#9832);
#9451=SURFACE_STYLE_FILL_AREA(#9833);
#9452=SURFACE_STYLE_FILL_AREA(#9834);
#9453=SURFACE_STYLE_FILL_AREA(#9835);
#9454=SURFACE_STYLE_FILL_AREA(#9836);
#9455=SURFACE_STYLE_FILL_AREA(#9837);
#9456=SURFACE_STYLE_FILL_AREA(#9838);
#9457=SURFACE_STYLE_FILL_AREA(#9839);
#9458=SURFACE_STYLE_FILL_AREA(#9840);
#9459=SURFACE_STYLE_FILL_AREA(#9841);
#9460=SURFACE_STYLE_FILL_AREA(#9842);
#9461=SURFACE_STYLE_FILL_AREA(#9843);
#9462=SURFACE_STYLE_FILL_AREA(#9844);
#9463=SURFACE_STYLE_FILL_AREA(#9845);
#9464=SURFACE_STYLE_FILL_AREA(#9846);
#9465=SURFACE_STYLE_FILL_AREA(#9847);
#9466=SURFACE_STYLE_FILL_AREA(#9848);
#9467=SURFACE_STYLE_FILL_AREA(#9849);
#9468=SURFACE_STYLE_FILL_AREA(#9850);
#9469=SURFACE_STYLE_FILL_AREA(#9851);
#9470=SURFACE_STYLE_FILL_AREA(#9852);
#9471=SURFACE_STYLE_FILL_AREA(#9853);
#9472=SURFACE_STYLE_FILL_AREA(#9854);
#9473=SURFACE_STYLE_FILL_AREA(#9855);
#9474=SURFACE_STYLE_FILL_AREA(#9856);
#9475=SURFACE_STYLE_FILL_AREA(#9857);
#9476=SURFACE_STYLE_FILL_AREA(#9858);
#9477=SURFACE_STYLE_FILL_AREA(#9859);
#9478=SURFACE_STYLE_FILL_AREA(#9860);
#9479=SURFACE_STYLE_FILL_AREA(#9861);
#9480=SURFACE_STYLE_FILL_AREA(#9862);
#9481=SURFACE_STYLE_FILL_AREA(#9863);
#9482=SURFACE_STYLE_FILL_AREA(#9864);
#9483=SURFACE_STYLE_FILL_AREA(#9865);
#9484=SURFACE_STYLE_FILL_AREA(#9866);
#9485=SURFACE_STYLE_FILL_AREA(#9867);
#9486=SURFACE_STYLE_FILL_AREA(#9868);
#9487=SURFACE_STYLE_FILL_AREA(#9869);
#9488=SURFACE_STYLE_FILL_AREA(#9870);
#9489=SURFACE_STYLE_FILL_AREA(#9871);
#9490=SURFACE_STYLE_FILL_AREA(#9872);
#9491=SURFACE_STYLE_FILL_AREA(#9873);
#9492=SURFACE_STYLE_FILL_AREA(#9874);
#9493=SURFACE_STYLE_FILL_AREA(#9875);
#9494=SURFACE_STYLE_FILL_AREA(#9876);
#9495=SURFACE_STYLE_FILL_AREA(#9877);
#9496=SURFACE_STYLE_FILL_AREA(#9878);
#9497=SURFACE_STYLE_FILL_AREA(#9879);
#9498=SURFACE_STYLE_FILL_AREA(#9880);
#9499=SURFACE_STYLE_FILL_AREA(#9881);
#9500=SURFACE_STYLE_FILL_AREA(#9882);
#9501=SURFACE_STYLE_FILL_AREA(#9883);
#9502=SURFACE_STYLE_FILL_AREA(#9884);
#9503=SURFACE_STYLE_FILL_AREA(#9885);
#9504=SURFACE_STYLE_FILL_AREA(#9886);
#9505=SURFACE_STYLE_FILL_AREA(#9887);
#9506=SURFACE_STYLE_FILL_AREA(#9888);
#9507=SURFACE_STYLE_FILL_AREA(#9889);
#9508=SURFACE_STYLE_FILL_AREA(#9890);
#9509=SURFACE_STYLE_FILL_AREA(#9891);
#9510=SURFACE_STYLE_FILL_AREA(#9892);
#9511=SURFACE_STYLE_FILL_AREA(#9893);
#9512=SURFACE_STYLE_FILL_AREA(#9894);
#9513=SURFACE_STYLE_FILL_AREA(#9895);
#9514=SURFACE_STYLE_FILL_AREA(#9896);
#9515=SURFACE_STYLE_FILL_AREA(#9897);
#9516=SURFACE_STYLE_FILL_AREA(#9898);
#9517=SURFACE_STYLE_FILL_AREA(#9899);
#9518=SURFACE_STYLE_FILL_AREA(#9900);
#9519=SURFACE_STYLE_FILL_AREA(#9901);
#9520=SURFACE_STYLE_FILL_AREA(#9902);
#9521=SURFACE_STYLE_FILL_AREA(#9903);
#9522=SURFACE_STYLE_FILL_AREA(#9904);
#9523=SURFACE_STYLE_FILL_AREA(#9905);
#9524=SURFACE_STYLE_FILL_AREA(#9906);
#9525=SURFACE_STYLE_FILL_AREA(#9907);
#9526=SURFACE_STYLE_FILL_AREA(#9908);
#9527=SURFACE_STYLE_FILL_AREA(#9909);
#9528=SURFACE_STYLE_FILL_AREA(#9910);
#9529=SURFACE_STYLE_FILL_AREA(#9911);
#9530=SURFACE_STYLE_FILL_AREA(#9912);
#9531=SURFACE_STYLE_FILL_AREA(#9913);
#9532=SURFACE_STYLE_FILL_AREA(#9914);
#9533=SURFACE_STYLE_FILL_AREA(#9915);
#9534=SURFACE_STYLE_FILL_AREA(#9916);
#9535=SURFACE_STYLE_FILL_AREA(#9917);
#9536=SURFACE_STYLE_FILL_AREA(#9918);
#9537=SURFACE_STYLE_FILL_AREA(#9919);
#9538=SURFACE_STYLE_FILL_AREA(#9920);
#9539=SURFACE_STYLE_FILL_AREA(#9921);
#9540=SURFACE_STYLE_FILL_AREA(#9922);
#9541=SURFACE_STYLE_FILL_AREA(#9923);
#9542=SURFACE_STYLE_FILL_AREA(#9924);
#9543=SURFACE_STYLE_FILL_AREA(#9925);
#9544=SURFACE_STYLE_FILL_AREA(#9926);
#9545=SURFACE_STYLE_FILL_AREA(#9927);
#9546=SURFACE_STYLE_FILL_AREA(#9928);
#9547=SURFACE_STYLE_FILL_AREA(#9929);
#9548=SURFACE_STYLE_FILL_AREA(#9930);
#9549=SURFACE_STYLE_FILL_AREA(#9931);
#9550=SURFACE_STYLE_FILL_AREA(#9932);
#9551=SURFACE_STYLE_FILL_AREA(#9933);
#9552=SURFACE_STYLE_FILL_AREA(#9934);
#9553=SURFACE_STYLE_FILL_AREA(#9935);
#9554=SURFACE_STYLE_FILL_AREA(#9936);
#9555=SURFACE_STYLE_FILL_AREA(#9937);
#9556=SURFACE_STYLE_FILL_AREA(#9938);
#9557=SURFACE_STYLE_FILL_AREA(#9939);
#9558=SURFACE_STYLE_FILL_AREA(#9940);
#9559=SURFACE_STYLE_FILL_AREA(#9941);
#9560=SURFACE_STYLE_FILL_AREA(#9942);
#9561=SURFACE_STYLE_FILL_AREA(#9943);
#9562=SURFACE_STYLE_FILL_AREA(#9944);
#9563=SURFACE_STYLE_FILL_AREA(#9945);
#9564=SURFACE_STYLE_FILL_AREA(#9946);
#9565=SURFACE_STYLE_FILL_AREA(#9947);
#9566=SURFACE_STYLE_FILL_AREA(#9948);
#9567=SURFACE_STYLE_FILL_AREA(#9949);
#9568=SURFACE_STYLE_FILL_AREA(#9950);
#9569=SURFACE_STYLE_FILL_AREA(#9951);
#9570=SURFACE_STYLE_FILL_AREA(#9952);
#9571=SURFACE_STYLE_FILL_AREA(#9953);
#9572=SURFACE_STYLE_FILL_AREA(#9954);
#9573=SURFACE_STYLE_FILL_AREA(#9955);
#9574=SURFACE_STYLE_FILL_AREA(#9956);
#9575=SURFACE_STYLE_FILL_AREA(#9957);
#9576=SURFACE_STYLE_FILL_AREA(#9958);
#9577=SURFACE_STYLE_FILL_AREA(#9959);
#9578=SURFACE_STYLE_FILL_AREA(#9960);
#9579=SURFACE_STYLE_FILL_AREA(#9961);
#9580=SURFACE_STYLE_FILL_AREA(#9962);
#9581=SURFACE_STYLE_FILL_AREA(#9963);
#9582=SURFACE_STYLE_FILL_AREA(#9964);
#9583=SURFACE_STYLE_FILL_AREA(#9965);
#9584=SURFACE_STYLE_FILL_AREA(#9966);
#9585=SURFACE_STYLE_FILL_AREA(#9967);
#9586=SURFACE_STYLE_FILL_AREA(#9968);
#9587=SURFACE_STYLE_FILL_AREA(#9969);
#9588=SURFACE_STYLE_FILL_AREA(#9970);
#9589=SURFACE_STYLE_FILL_AREA(#9971);
#9590=SURFACE_STYLE_FILL_AREA(#9972);
#9591=SURFACE_STYLE_FILL_AREA(#9973);
#9592=SURFACE_STYLE_FILL_AREA(#9974);
#9593=SURFACE_STYLE_FILL_AREA(#9975);
#9594=SURFACE_STYLE_FILL_AREA(#9976);
#9595=SURFACE_STYLE_FILL_AREA(#9977);
#9596=SURFACE_STYLE_FILL_AREA(#9978);
#9597=SURFACE_STYLE_FILL_AREA(#9979);
#9598=SURFACE_STYLE_FILL_AREA(#9980);
#9599=SURFACE_STYLE_FILL_AREA(#9981);
#9600=SURFACE_STYLE_FILL_AREA(#9982);
#9601=SURFACE_STYLE_FILL_AREA(#9983);
#9602=SURFACE_STYLE_FILL_AREA(#9984);
#9603=SURFACE_STYLE_FILL_AREA(#9985);
#9604=SURFACE_STYLE_FILL_AREA(#9986);
#9605=SURFACE_STYLE_FILL_AREA(#9987);
#9606=SURFACE_STYLE_FILL_AREA(#9988);
#9607=SURFACE_STYLE_FILL_AREA(#9989);
#9608=SURFACE_STYLE_FILL_AREA(#9990);
#9609=SURFACE_STYLE_FILL_AREA(#9991);
#9610=SURFACE_STYLE_FILL_AREA(#9992);
#9611=SURFACE_STYLE_FILL_AREA(#9993);
#9612=SURFACE_STYLE_FILL_AREA(#9994);
#9613=SURFACE_STYLE_FILL_AREA(#9995);
#9614=SURFACE_STYLE_FILL_AREA(#9996);
#9615=SURFACE_STYLE_FILL_AREA(#9997);
#9616=SURFACE_STYLE_FILL_AREA(#9998);
#9617=SURFACE_STYLE_FILL_AREA(#9999);
#9618=SURFACE_STYLE_FILL_AREA(#10000);
#9619=SURFACE_STYLE_FILL_AREA(#10001);
#9620=SURFACE_STYLE_FILL_AREA(#10002);
#9621=SURFACE_STYLE_FILL_AREA(#10003);
#9622=SURFACE_STYLE_FILL_AREA(#10004);
#9623=SURFACE_STYLE_FILL_AREA(#10005);
#9624=SURFACE_STYLE_FILL_AREA(#10006);
#9625=SURFACE_STYLE_FILL_AREA(#10007);
#9626=SURFACE_STYLE_FILL_AREA(#10008);
#9627=SURFACE_STYLE_FILL_AREA(#10009);
#9628=SURFACE_STYLE_FILL_AREA(#10010);
#9629=SURFACE_STYLE_FILL_AREA(#10011);
#9630=SURFACE_STYLE_FILL_AREA(#10012);
#9631=SURFACE_STYLE_FILL_AREA(#10013);
#9632=SURFACE_STYLE_FILL_AREA(#10014);
#9633=SURFACE_STYLE_FILL_AREA(#10015);
#9634=SURFACE_STYLE_FILL_AREA(#10016);
#9635=SURFACE_STYLE_FILL_AREA(#10017);
#9636=SURFACE_STYLE_FILL_AREA(#10018);
#9637=SURFACE_STYLE_FILL_AREA(#10019);
#9638=SURFACE_STYLE_FILL_AREA(#10020);
#9639=SURFACE_STYLE_FILL_AREA(#10021);
#9640=SURFACE_STYLE_FILL_AREA(#10022);
#9641=SURFACE_STYLE_FILL_AREA(#10023);
#9642=SURFACE_STYLE_FILL_AREA(#10024);
#9643=SURFACE_STYLE_FILL_AREA(#10025);
#9644=SURFACE_STYLE_FILL_AREA(#10026);
#9645=SURFACE_STYLE_FILL_AREA(#10027);
#9646=SURFACE_STYLE_FILL_AREA(#10028);
#9647=SURFACE_STYLE_FILL_AREA(#10029);
#9648=SURFACE_STYLE_FILL_AREA(#10030);
#9649=SURFACE_STYLE_FILL_AREA(#10031);
#9650=SURFACE_STYLE_FILL_AREA(#10032);
#9651=SURFACE_STYLE_FILL_AREA(#10033);
#9652=SURFACE_STYLE_FILL_AREA(#10034);
#9653=SURFACE_STYLE_FILL_AREA(#10035);
#9654=SURFACE_STYLE_FILL_AREA(#10036);
#9655=SURFACE_STYLE_FILL_AREA(#10037);
#9656=SURFACE_STYLE_FILL_AREA(#10038);
#9657=SURFACE_STYLE_FILL_AREA(#10039);
#9658=SURFACE_STYLE_FILL_AREA(#10040);
#9659=SURFACE_STYLE_FILL_AREA(#10041);
#9660=SURFACE_STYLE_FILL_AREA(#10042);
#9661=SURFACE_STYLE_FILL_AREA(#10043);
#9662=SURFACE_STYLE_FILL_AREA(#10044);
#9663=SURFACE_STYLE_FILL_AREA(#10045);
#9664=SURFACE_STYLE_FILL_AREA(#10046);
#9665=SURFACE_STYLE_FILL_AREA(#10047);
#9666=SURFACE_STYLE_FILL_AREA(#10048);
#9667=SURFACE_STYLE_FILL_AREA(#10049);
#9668=SURFACE_STYLE_FILL_AREA(#10050);
#9669=SURFACE_STYLE_FILL_AREA(#10051);
#9670=SURFACE_STYLE_FILL_AREA(#10052);
#9671=SURFACE_STYLE_FILL_AREA(#10053);
#9672=SURFACE_STYLE_FILL_AREA(#10054);
#9673=SURFACE_STYLE_FILL_AREA(#10055);
#9674=SURFACE_STYLE_FILL_AREA(#10056);
#9675=SURFACE_STYLE_FILL_AREA(#10057);
#9676=SURFACE_STYLE_FILL_AREA(#10058);
#9677=SURFACE_STYLE_FILL_AREA(#10059);
#9678=SURFACE_STYLE_FILL_AREA(#10060);
#9679=SURFACE_STYLE_FILL_AREA(#10061);
#9680=FILL_AREA_STYLE('',(#10062));
#9681=FILL_AREA_STYLE('',(#10063));
#9682=FILL_AREA_STYLE('',(#10064));
#9683=FILL_AREA_STYLE('',(#10065));
#9684=FILL_AREA_STYLE('',(#10066));
#9685=FILL_AREA_STYLE('',(#10067));
#9686=FILL_AREA_STYLE('',(#10068));
#9687=FILL_AREA_STYLE('',(#10069));
#9688=FILL_AREA_STYLE('',(#10070));
#9689=FILL_AREA_STYLE('',(#10071));
#9690=FILL_AREA_STYLE('',(#10072));
#9691=FILL_AREA_STYLE('',(#10073));
#9692=FILL_AREA_STYLE('',(#10074));
#9693=FILL_AREA_STYLE('',(#10075));
#9694=FILL_AREA_STYLE('',(#10076));
#9695=FILL_AREA_STYLE('',(#10077));
#9696=FILL_AREA_STYLE('',(#10078));
#9697=FILL_AREA_STYLE('',(#10079));
#9698=FILL_AREA_STYLE('',(#10080));
#9699=FILL_AREA_STYLE('',(#10081));
#9700=FILL_AREA_STYLE('',(#10082));
#9701=FILL_AREA_STYLE('',(#10083));
#9702=FILL_AREA_STYLE('',(#10084));
#9703=FILL_AREA_STYLE('',(#10085));
#9704=FILL_AREA_STYLE('',(#10086));
#9705=FILL_AREA_STYLE('',(#10087));
#9706=FILL_AREA_STYLE('',(#10088));
#9707=FILL_AREA_STYLE('',(#10089));
#9708=FILL_AREA_STYLE('',(#10090));
#9709=FILL_AREA_STYLE('',(#10091));
#9710=FILL_AREA_STYLE('',(#10092));
#9711=FILL_AREA_STYLE('',(#10093));
#9712=FILL_AREA_STYLE('',(#10094));
#9713=FILL_AREA_STYLE('',(#10095));
#9714=FILL_AREA_STYLE('',(#10096));
#9715=FILL_AREA_STYLE('',(#10097));
#9716=FILL_AREA_STYLE('',(#10098));
#9717=FILL_AREA_STYLE('',(#10099));
#9718=FILL_AREA_STYLE('',(#10100));
#9719=FILL_AREA_STYLE('',(#10101));
#9720=FILL_AREA_STYLE('',(#10102));
#9721=FILL_AREA_STYLE('',(#10103));
#9722=FILL_AREA_STYLE('',(#10104));
#9723=FILL_AREA_STYLE('',(#10105));
#9724=FILL_AREA_STYLE('',(#10106));
#9725=FILL_AREA_STYLE('',(#10107));
#9726=FILL_AREA_STYLE('',(#10108));
#9727=FILL_AREA_STYLE('',(#10109));
#9728=FILL_AREA_STYLE('',(#10110));
#9729=FILL_AREA_STYLE('',(#10111));
#9730=FILL_AREA_STYLE('',(#10112));
#9731=FILL_AREA_STYLE('',(#10113));
#9732=FILL_AREA_STYLE('',(#10114));
#9733=FILL_AREA_STYLE('',(#10115));
#9734=FILL_AREA_STYLE('',(#10116));
#9735=FILL_AREA_STYLE('',(#10117));
#9736=FILL_AREA_STYLE('',(#10118));
#9737=FILL_AREA_STYLE('',(#10119));
#9738=FILL_AREA_STYLE('',(#10120));
#9739=FILL_AREA_STYLE('',(#10121));
#9740=FILL_AREA_STYLE('',(#10122));
#9741=FILL_AREA_STYLE('',(#10123));
#9742=FILL_AREA_STYLE('',(#10124));
#9743=FILL_AREA_STYLE('',(#10125));
#9744=FILL_AREA_STYLE('',(#10126));
#9745=FILL_AREA_STYLE('',(#10127));
#9746=FILL_AREA_STYLE('',(#10128));
#9747=FILL_AREA_STYLE('',(#10129));
#9748=FILL_AREA_STYLE('',(#10130));
#9749=FILL_AREA_STYLE('',(#10131));
#9750=FILL_AREA_STYLE('',(#10132));
#9751=FILL_AREA_STYLE('',(#10133));
#9752=FILL_AREA_STYLE('',(#10134));
#9753=FILL_AREA_STYLE('',(#10135));
#9754=FILL_AREA_STYLE('',(#10136));
#9755=FILL_AREA_STYLE('',(#10137));
#9756=FILL_AREA_STYLE('',(#10138));
#9757=FILL_AREA_STYLE('',(#10139));
#9758=FILL_AREA_STYLE('',(#10140));
#9759=FILL_AREA_STYLE('',(#10141));
#9760=FILL_AREA_STYLE('',(#10142));
#9761=FILL_AREA_STYLE('',(#10143));
#9762=FILL_AREA_STYLE('',(#10144));
#9763=FILL_AREA_STYLE('',(#10145));
#9764=FILL_AREA_STYLE('',(#10146));
#9765=FILL_AREA_STYLE('',(#10147));
#9766=FILL_AREA_STYLE('',(#10148));
#9767=FILL_AREA_STYLE('',(#10149));
#9768=FILL_AREA_STYLE('',(#10150));
#9769=FILL_AREA_STYLE('',(#10151));
#9770=FILL_AREA_STYLE('',(#10152));
#9771=FILL_AREA_STYLE('',(#10153));
#9772=FILL_AREA_STYLE('',(#10154));
#9773=FILL_AREA_STYLE('',(#10155));
#9774=FILL_AREA_STYLE('',(#10156));
#9775=FILL_AREA_STYLE('',(#10157));
#9776=FILL_AREA_STYLE('',(#10158));
#9777=FILL_AREA_STYLE('',(#10159));
#9778=FILL_AREA_STYLE('',(#10160));
#9779=FILL_AREA_STYLE('',(#10161));
#9780=FILL_AREA_STYLE('',(#10162));
#9781=FILL_AREA_STYLE('',(#10163));
#9782=FILL_AREA_STYLE('',(#10164));
#9783=FILL_AREA_STYLE('',(#10165));
#9784=FILL_AREA_STYLE('',(#10166));
#9785=FILL_AREA_STYLE('',(#10167));
#9786=FILL_AREA_STYLE('',(#10168));
#9787=FILL_AREA_STYLE('',(#10169));
#9788=FILL_AREA_STYLE('',(#10170));
#9789=FILL_AREA_STYLE('',(#10171));
#9790=FILL_AREA_STYLE('',(#10172));
#9791=FILL_AREA_STYLE('',(#10173));
#9792=FILL_AREA_STYLE('',(#10174));
#9793=FILL_AREA_STYLE('',(#10175));
#9794=FILL_AREA_STYLE('',(#10176));
#9795=FILL_AREA_STYLE('',(#10177));
#9796=FILL_AREA_STYLE('',(#10178));
#9797=FILL_AREA_STYLE('',(#10179));
#9798=FILL_AREA_STYLE('',(#10180));
#9799=FILL_AREA_STYLE('',(#10181));
#9800=FILL_AREA_STYLE('',(#10182));
#9801=FILL_AREA_STYLE('',(#10183));
#9802=FILL_AREA_STYLE('',(#10184));
#9803=FILL_AREA_STYLE('',(#10185));
#9804=FILL_AREA_STYLE('',(#10186));
#9805=FILL_AREA_STYLE('',(#10187));
#9806=FILL_AREA_STYLE('',(#10188));
#9807=FILL_AREA_STYLE('',(#10189));
#9808=FILL_AREA_STYLE('',(#10190));
#9809=FILL_AREA_STYLE('',(#10191));
#9810=FILL_AREA_STYLE('',(#10192));
#9811=FILL_AREA_STYLE('',(#10193));
#9812=FILL_AREA_STYLE('',(#10194));
#9813=FILL_AREA_STYLE('',(#10195));
#9814=FILL_AREA_STYLE('',(#10196));
#9815=FILL_AREA_STYLE('',(#10197));
#9816=FILL_AREA_STYLE('',(#10198));
#9817=FILL_AREA_STYLE('',(#10199));
#9818=FILL_AREA_STYLE('',(#10200));
#9819=FILL_AREA_STYLE('',(#10201));
#9820=FILL_AREA_STYLE('',(#10202));
#9821=FILL_AREA_STYLE('',(#10203));
#9822=FILL_AREA_STYLE('',(#10204));
#9823=FILL_AREA_STYLE('',(#10205));
#9824=FILL_AREA_STYLE('',(#10206));
#9825=FILL_AREA_STYLE('',(#10207));
#9826=FILL_AREA_STYLE('',(#10208));
#9827=FILL_AREA_STYLE('',(#10209));
#9828=FILL_AREA_STYLE('',(#10210));
#9829=FILL_AREA_STYLE('',(#10211));
#9830=FILL_AREA_STYLE('',(#10212));
#9831=FILL_AREA_STYLE('',(#10213));
#9832=FILL_AREA_STYLE('',(#10214));
#9833=FILL_AREA_STYLE('',(#10215));
#9834=FILL_AREA_STYLE('',(#10216));
#9835=FILL_AREA_STYLE('',(#10217));
#9836=FILL_AREA_STYLE('',(#10218));
#9837=FILL_AREA_STYLE('',(#10219));
#9838=FILL_AREA_STYLE('',(#10220));
#9839=FILL_AREA_STYLE('',(#10221));
#9840=FILL_AREA_STYLE('',(#10222));
#9841=FILL_AREA_STYLE('',(#10223));
#9842=FILL_AREA_STYLE('',(#10224));
#9843=FILL_AREA_STYLE('',(#10225));
#9844=FILL_AREA_STYLE('',(#10226));
#9845=FILL_AREA_STYLE('',(#10227));
#9846=FILL_AREA_STYLE('',(#10228));
#9847=FILL_AREA_STYLE('',(#10229));
#9848=FILL_AREA_STYLE('',(#10230));
#9849=FILL_AREA_STYLE('',(#10231));
#9850=FILL_AREA_STYLE('',(#10232));
#9851=FILL_AREA_STYLE('',(#10233));
#9852=FILL_AREA_STYLE('',(#10234));
#9853=FILL_AREA_STYLE('',(#10235));
#9854=FILL_AREA_STYLE('',(#10236));
#9855=FILL_AREA_STYLE('',(#10237));
#9856=FILL_AREA_STYLE('',(#10238));
#9857=FILL_AREA_STYLE('',(#10239));
#9858=FILL_AREA_STYLE('',(#10240));
#9859=FILL_AREA_STYLE('',(#10241));
#9860=FILL_AREA_STYLE('',(#10242));
#9861=FILL_AREA_STYLE('',(#10243));
#9862=FILL_AREA_STYLE('',(#10244));
#9863=FILL_AREA_STYLE('',(#10245));
#9864=FILL_AREA_STYLE('',(#10246));
#9865=FILL_AREA_STYLE('',(#10247));
#9866=FILL_AREA_STYLE('',(#10248));
#9867=FILL_AREA_STYLE('',(#10249));
#9868=FILL_AREA_STYLE('',(#10250));
#9869=FILL_AREA_STYLE('',(#10251));
#9870=FILL_AREA_STYLE('',(#10252));
#9871=FILL_AREA_STYLE('',(#10253));
#9872=FILL_AREA_STYLE('',(#10254));
#9873=FILL_AREA_STYLE('',(#10255));
#9874=FILL_AREA_STYLE('',(#10256));
#9875=FILL_AREA_STYLE('',(#10257));
#9876=FILL_AREA_STYLE('',(#10258));
#9877=FILL_AREA_STYLE('',(#10259));
#9878=FILL_AREA_STYLE('',(#10260));
#9879=FILL_AREA_STYLE('',(#10261));
#9880=FILL_AREA_STYLE('',(#10262));
#9881=FILL_AREA_STYLE('',(#10263));
#9882=FILL_AREA_STYLE('',(#10264));
#9883=FILL_AREA_STYLE('',(#10265));
#9884=FILL_AREA_STYLE('',(#10266));
#9885=FILL_AREA_STYLE('',(#10267));
#9886=FILL_AREA_STYLE('',(#10268));
#9887=FILL_AREA_STYLE('',(#10269));
#9888=FILL_AREA_STYLE('',(#10270));
#9889=FILL_AREA_STYLE('',(#10271));
#9890=FILL_AREA_STYLE('',(#10272));
#9891=FILL_AREA_STYLE('',(#10273));
#9892=FILL_AREA_STYLE('',(#10274));
#9893=FILL_AREA_STYLE('',(#10275));
#9894=FILL_AREA_STYLE('',(#10276));
#9895=FILL_AREA_STYLE('',(#10277));
#9896=FILL_AREA_STYLE('',(#10278));
#9897=FILL_AREA_STYLE('',(#10279));
#9898=FILL_AREA_STYLE('',(#10280));
#9899=FILL_AREA_STYLE('',(#10281));
#9900=FILL_AREA_STYLE('',(#10282));
#9901=FILL_AREA_STYLE('',(#10283));
#9902=FILL_AREA_STYLE('',(#10284));
#9903=FILL_AREA_STYLE('',(#10285));
#9904=FILL_AREA_STYLE('',(#10286));
#9905=FILL_AREA_STYLE('',(#10287));
#9906=FILL_AREA_STYLE('',(#10288));
#9907=FILL_AREA_STYLE('',(#10289));
#9908=FILL_AREA_STYLE('',(#10290));
#9909=FILL_AREA_STYLE('',(#10291));
#9910=FILL_AREA_STYLE('',(#10292));
#9911=FILL_AREA_STYLE('',(#10293));
#9912=FILL_AREA_STYLE('',(#10294));
#9913=FILL_AREA_STYLE('',(#10295));
#9914=FILL_AREA_STYLE('',(#10296));
#9915=FILL_AREA_STYLE('',(#10297));
#9916=FILL_AREA_STYLE('',(#10298));
#9917=FILL_AREA_STYLE('',(#10299));
#9918=FILL_AREA_STYLE('',(#10300));
#9919=FILL_AREA_STYLE('',(#10301));
#9920=FILL_AREA_STYLE('',(#10302));
#9921=FILL_AREA_STYLE('',(#10303));
#9922=FILL_AREA_STYLE('',(#10304));
#9923=FILL_AREA_STYLE('',(#10305));
#9924=FILL_AREA_STYLE('',(#10306));
#9925=FILL_AREA_STYLE('',(#10307));
#9926=FILL_AREA_STYLE('',(#10308));
#9927=FILL_AREA_STYLE('',(#10309));
#9928=FILL_AREA_STYLE('',(#10310));
#9929=FILL_AREA_STYLE('',(#10311));
#9930=FILL_AREA_STYLE('',(#10312));
#9931=FILL_AREA_STYLE('',(#10313));
#9932=FILL_AREA_STYLE('',(#10314));
#9933=FILL_AREA_STYLE('',(#10315));
#9934=FILL_AREA_STYLE('',(#10316));
#9935=FILL_AREA_STYLE('',(#10317));
#9936=FILL_AREA_STYLE('',(#10318));
#9937=FILL_AREA_STYLE('',(#10319));
#9938=FILL_AREA_STYLE('',(#10320));
#9939=FILL_AREA_STYLE('',(#10321));
#9940=FILL_AREA_STYLE('',(#10322));
#9941=FILL_AREA_STYLE('',(#10323));
#9942=FILL_AREA_STYLE('',(#10324));
#9943=FILL_AREA_STYLE('',(#10325));
#9944=FILL_AREA_STYLE('',(#10326));
#9945=FILL_AREA_STYLE('',(#10327));
#9946=FILL_AREA_STYLE('',(#10328));
#9947=FILL_AREA_STYLE('',(#10329));
#9948=FILL_AREA_STYLE('',(#10330));
#9949=FILL_AREA_STYLE('',(#10331));
#9950=FILL_AREA_STYLE('',(#10332));
#9951=FILL_AREA_STYLE('',(#10333));
#9952=FILL_AREA_STYLE('',(#10334));
#9953=FILL_AREA_STYLE('',(#10335));
#9954=FILL_AREA_STYLE('',(#10336));
#9955=FILL_AREA_STYLE('',(#10337));
#9956=FILL_AREA_STYLE('',(#10338));
#9957=FILL_AREA_STYLE('',(#10339));
#9958=FILL_AREA_STYLE('',(#10340));
#9959=FILL_AREA_STYLE('',(#10341));
#9960=FILL_AREA_STYLE('',(#10342));
#9961=FILL_AREA_STYLE('',(#10343));
#9962=FILL_AREA_STYLE('',(#10344));
#9963=FILL_AREA_STYLE('',(#10345));
#9964=FILL_AREA_STYLE('',(#10346));
#9965=FILL_AREA_STYLE('',(#10347));
#9966=FILL_AREA_STYLE('',(#10348));
#9967=FILL_AREA_STYLE('',(#10349));
#9968=FILL_AREA_STYLE('',(#10350));
#9969=FILL_AREA_STYLE('',(#10351));
#9970=FILL_AREA_STYLE('',(#10352));
#9971=FILL_AREA_STYLE('',(#10353));
#9972=FILL_AREA_STYLE('',(#10354));
#9973=FILL_AREA_STYLE('',(#10355));
#9974=FILL_AREA_STYLE('',(#10356));
#9975=FILL_AREA_STYLE('',(#10357));
#9976=FILL_AREA_STYLE('',(#10358));
#9977=FILL_AREA_STYLE('',(#10359));
#9978=FILL_AREA_STYLE('',(#10360));
#9979=FILL_AREA_STYLE('',(#10361));
#9980=FILL_AREA_STYLE('',(#10362));
#9981=FILL_AREA_STYLE('',(#10363));
#9982=FILL_AREA_STYLE('',(#10364));
#9983=FILL_AREA_STYLE('',(#10365));
#9984=FILL_AREA_STYLE('',(#10366));
#9985=FILL_AREA_STYLE('',(#10367));
#9986=FILL_AREA_STYLE('',(#10368));
#9987=FILL_AREA_STYLE('',(#10369));
#9988=FILL_AREA_STYLE('',(#10370));
#9989=FILL_AREA_STYLE('',(#10371));
#9990=FILL_AREA_STYLE('',(#10372));
#9991=FILL_AREA_STYLE('',(#10373));
#9992=FILL_AREA_STYLE('',(#10374));
#9993=FILL_AREA_STYLE('',(#10375));
#9994=FILL_AREA_STYLE('',(#10376));
#9995=FILL_AREA_STYLE('',(#10377));
#9996=FILL_AREA_STYLE('',(#10378));
#9997=FILL_AREA_STYLE('',(#10379));
#9998=FILL_AREA_STYLE('',(#10380));
#9999=FILL_AREA_STYLE('',(#10381));
#10000=FILL_AREA_STYLE('',(#10382));
#10001=FILL_AREA_STYLE('',(#10383));
#10002=FILL_AREA_STYLE('',(#10384));
#10003=FILL_AREA_STYLE('',(#10385));
#10004=FILL_AREA_STYLE('',(#10386));
#10005=FILL_AREA_STYLE('',(#10387));
#10006=FILL_AREA_STYLE('',(#10388));
#10007=FILL_AREA_STYLE('',(#10389));
#10008=FILL_AREA_STYLE('',(#10390));
#10009=FILL_AREA_STYLE('',(#10391));
#10010=FILL_AREA_STYLE('',(#10392));
#10011=FILL_AREA_STYLE('',(#10393));
#10012=FILL_AREA_STYLE('',(#10394));
#10013=FILL_AREA_STYLE('',(#10395));
#10014=FILL_AREA_STYLE('',(#10396));
#10015=FILL_AREA_STYLE('',(#10397));
#10016=FILL_AREA_STYLE('',(#10398));
#10017=FILL_AREA_STYLE('',(#10399));
#10018=FILL_AREA_STYLE('',(#10400));
#10019=FILL_AREA_STYLE('',(#10401));
#10020=FILL_AREA_STYLE('',(#10402));
#10021=FILL_AREA_STYLE('',(#10403));
#10022=FILL_AREA_STYLE('',(#10404));
#10023=FILL_AREA_STYLE('',(#10405));
#10024=FILL_AREA_STYLE('',(#10406));
#10025=FILL_AREA_STYLE('',(#10407));
#10026=FILL_AREA_STYLE('',(#10408));
#10027=FILL_AREA_STYLE('',(#10409));
#10028=FILL_AREA_STYLE('',(#10410));
#10029=FILL_AREA_STYLE('',(#10411));
#10030=FILL_AREA_STYLE('',(#10412));
#10031=FILL_AREA_STYLE('',(#10413));
#10032=FILL_AREA_STYLE('',(#10414));
#10033=FILL_AREA_STYLE('',(#10415));
#10034=FILL_AREA_STYLE('',(#10416));
#10035=FILL_AREA_STYLE('',(#10417));
#10036=FILL_AREA_STYLE('',(#10418));
#10037=FILL_AREA_STYLE('',(#10419));
#10038=FILL_AREA_STYLE('',(#10420));
#10039=FILL_AREA_STYLE('',(#10421));
#10040=FILL_AREA_STYLE('',(#10422));
#10041=FILL_AREA_STYLE('',(#10423));
#10042=FILL_AREA_STYLE('',(#10424));
#10043=FILL_AREA_STYLE('',(#10425));
#10044=FILL_AREA_STYLE('',(#10426));
#10045=FILL_AREA_STYLE('',(#10427));
#10046=FILL_AREA_STYLE('',(#10428));
#10047=FILL_AREA_STYLE('',(#10429));
#10048=FILL_AREA_STYLE('',(#10430));
#10049=FILL_AREA_STYLE('',(#10431));
#10050=FILL_AREA_STYLE('',(#10432));
#10051=FILL_AREA_STYLE('',(#10433));
#10052=FILL_AREA_STYLE('',(#10434));
#10053=FILL_AREA_STYLE('',(#10435));
#10054=FILL_AREA_STYLE('',(#10436));
#10055=FILL_AREA_STYLE('',(#10437));
#10056=FILL_AREA_STYLE('',(#10438));
#10057=FILL_AREA_STYLE('',(#10439));
#10058=FILL_AREA_STYLE('',(#10440));
#10059=FILL_AREA_STYLE('',(#10441));
#10060=FILL_AREA_STYLE('',(#10442));
#10061=FILL_AREA_STYLE('',(#10443));
#10062=FILL_AREA_STYLE_COLOUR('',#10444);
#10063=FILL_AREA_STYLE_COLOUR('',#10445);
#10064=FILL_AREA_STYLE_COLOUR('',#10445);
#10065=FILL_AREA_STYLE_COLOUR('',#10444);
#10066=FILL_AREA_STYLE_COLOUR('',#10444);
#10067=FILL_AREA_STYLE_COLOUR('',#10445);
#10068=FILL_AREA_STYLE_COLOUR('',#10445);
#10069=FILL_AREA_STYLE_COLOUR('',#10445);
#10070=FILL_AREA_STYLE_COLOUR('',#10445);
#10071=FILL_AREA_STYLE_COLOUR('',#10445);
#10072=FILL_AREA_STYLE_COLOUR('',#10445);
#10073=FILL_AREA_STYLE_COLOUR('',#10445);
#10074=FILL_AREA_STYLE_COLOUR('',#63);
#10075=FILL_AREA_STYLE_COLOUR('',#10444);
#10076=FILL_AREA_STYLE_COLOUR('',#63);
#10077=FILL_AREA_STYLE_COLOUR('',#10444);
#10078=FILL_AREA_STYLE_COLOUR('',#10444);
#10079=FILL_AREA_STYLE_COLOUR('',#10444);
#10080=FILL_AREA_STYLE_COLOUR('',#10444);
#10081=FILL_AREA_STYLE_COLOUR('',#10444);
#10082=FILL_AREA_STYLE_COLOUR('',#10444);
#10083=FILL_AREA_STYLE_COLOUR('',#10444);
#10084=FILL_AREA_STYLE_COLOUR('',#10444);
#10085=FILL_AREA_STYLE_COLOUR('',#10444);
#10086=FILL_AREA_STYLE_COLOUR('',#10444);
#10087=FILL_AREA_STYLE_COLOUR('',#10444);
#10088=FILL_AREA_STYLE_COLOUR('',#10444);
#10089=FILL_AREA_STYLE_COLOUR('',#10444);
#10090=FILL_AREA_STYLE_COLOUR('',#10445);
#10091=FILL_AREA_STYLE_COLOUR('',#10445);
#10092=FILL_AREA_STYLE_COLOUR('',#10445);
#10093=FILL_AREA_STYLE_COLOUR('',#10445);
#10094=FILL_AREA_STYLE_COLOUR('',#10445);
#10095=FILL_AREA_STYLE_COLOUR('',#10445);
#10096=FILL_AREA_STYLE_COLOUR('',#10445);
#10097=FILL_AREA_STYLE_COLOUR('',#10445);
#10098=FILL_AREA_STYLE_COLOUR('',#10445);
#10099=FILL_AREA_STYLE_COLOUR('',#10445);
#10100=FILL_AREA_STYLE_COLOUR('',#10445);
#10101=FILL_AREA_STYLE_COLOUR('',#10445);
#10102=FILL_AREA_STYLE_COLOUR('',#10445);
#10103=FILL_AREA_STYLE_COLOUR('',#10444);
#10104=FILL_AREA_STYLE_COLOUR('',#10445);
#10105=FILL_AREA_STYLE_COLOUR('',#10445);
#10106=FILL_AREA_STYLE_COLOUR('',#10445);
#10107=FILL_AREA_STYLE_COLOUR('',#10445);
#10108=FILL_AREA_STYLE_COLOUR('',#10445);
#10109=FILL_AREA_STYLE_COLOUR('',#10445);
#10110=FILL_AREA_STYLE_COLOUR('',#10445);
#10111=FILL_AREA_STYLE_COLOUR('',#10445);
#10112=FILL_AREA_STYLE_COLOUR('',#10445);
#10113=FILL_AREA_STYLE_COLOUR('',#10445);
#10114=FILL_AREA_STYLE_COLOUR('',#10445);
#10115=FILL_AREA_STYLE_COLOUR('',#10445);
#10116=FILL_AREA_STYLE_COLOUR('',#10444);
#10117=FILL_AREA_STYLE_COLOUR('',#10444);
#10118=FILL_AREA_STYLE_COLOUR('',#10445);
#10119=FILL_AREA_STYLE_COLOUR('',#10445);
#10120=FILL_AREA_STYLE_COLOUR('',#10445);
#10121=FILL_AREA_STYLE_COLOUR('',#10445);
#10122=FILL_AREA_STYLE_COLOUR('',#10445);
#10123=FILL_AREA_STYLE_COLOUR('',#10445);
#10124=FILL_AREA_STYLE_COLOUR('',#10445);
#10125=FILL_AREA_STYLE_COLOUR('',#10445);
#10126=FILL_AREA_STYLE_COLOUR('',#10445);
#10127=FILL_AREA_STYLE_COLOUR('',#10445);
#10128=FILL_AREA_STYLE_COLOUR('',#10445);
#10129=FILL_AREA_STYLE_COLOUR('',#10445);
#10130=FILL_AREA_STYLE_COLOUR('',#10444);
#10131=FILL_AREA_STYLE_COLOUR('',#10445);
#10132=FILL_AREA_STYLE_COLOUR('',#10445);
#10133=FILL_AREA_STYLE_COLOUR('',#63);
#10134=FILL_AREA_STYLE_COLOUR('',#63);
#10135=FILL_AREA_STYLE_COLOUR('',#10445);
#10136=FILL_AREA_STYLE_COLOUR('',#10445);
#10137=FILL_AREA_STYLE_COLOUR('',#63);
#10138=FILL_AREA_STYLE_COLOUR('',#10445);
#10139=FILL_AREA_STYLE_COLOUR('',#63);
#10140=FILL_AREA_STYLE_COLOUR('',#10445);
#10141=FILL_AREA_STYLE_COLOUR('',#10445);
#10142=FILL_AREA_STYLE_COLOUR('',#10445);
#10143=FILL_AREA_STYLE_COLOUR('',#10445);
#10144=FILL_AREA_STYLE_COLOUR('',#10445);
#10145=FILL_AREA_STYLE_COLOUR('',#10444);
#10146=FILL_AREA_STYLE_COLOUR('',#10444);
#10147=FILL_AREA_STYLE_COLOUR('',#10444);
#10148=FILL_AREA_STYLE_COLOUR('',#10444);
#10149=FILL_AREA_STYLE_COLOUR('',#10444);
#10150=FILL_AREA_STYLE_COLOUR('',#10444);
#10151=FILL_AREA_STYLE_COLOUR('',#10445);
#10152=FILL_AREA_STYLE_COLOUR('',#10444);
#10153=FILL_AREA_STYLE_COLOUR('',#10445);
#10154=FILL_AREA_STYLE_COLOUR('',#10445);
#10155=FILL_AREA_STYLE_COLOUR('',#10444);
#10156=FILL_AREA_STYLE_COLOUR('',#10444);
#10157=FILL_AREA_STYLE_COLOUR('',#10444);
#10158=FILL_AREA_STYLE_COLOUR('',#10445);
#10159=FILL_AREA_STYLE_COLOUR('',#10444);
#10160=FILL_AREA_STYLE_COLOUR('',#10445);
#10161=FILL_AREA_STYLE_COLOUR('',#10445);
#10162=FILL_AREA_STYLE_COLOUR('',#10444);
#10163=FILL_AREA_STYLE_COLOUR('',#10445);
#10164=FILL_AREA_STYLE_COLOUR('',#10444);
#10165=FILL_AREA_STYLE_COLOUR('',#10444);
#10166=FILL_AREA_STYLE_COLOUR('',#10444);
#10167=FILL_AREA_STYLE_COLOUR('',#10444);
#10168=FILL_AREA_STYLE_COLOUR('',#10444);
#10169=FILL_AREA_STYLE_COLOUR('',#10444);
#10170=FILL_AREA_STYLE_COLOUR('',#10444);
#10171=FILL_AREA_STYLE_COLOUR('',#10444);
#10172=FILL_AREA_STYLE_COLOUR('',#10445);
#10173=FILL_AREA_STYLE_COLOUR('',#10444);
#10174=FILL_AREA_STYLE_COLOUR('',#10445);
#10175=FILL_AREA_STYLE_COLOUR('',#10445);
#10176=FILL_AREA_STYLE_COLOUR('',#10444);
#10177=FILL_AREA_STYLE_COLOUR('',#10445);
#10178=FILL_AREA_STYLE_COLOUR('',#10444);
#10179=FILL_AREA_STYLE_COLOUR('',#10445);
#10180=FILL_AREA_STYLE_COLOUR('',#10444);
#10181=FILL_AREA_STYLE_COLOUR('',#10445);
#10182=FILL_AREA_STYLE_COLOUR('',#10445);
#10183=FILL_AREA_STYLE_COLOUR('',#10444);
#10184=FILL_AREA_STYLE_COLOUR('',#10445);
#10185=FILL_AREA_STYLE_COLOUR('',#10444);
#10186=FILL_AREA_STYLE_COLOUR('',#10444);
#10187=FILL_AREA_STYLE_COLOUR('',#10444);
#10188=FILL_AREA_STYLE_COLOUR('',#10444);
#10189=FILL_AREA_STYLE_COLOUR('',#10444);
#10190=FILL_AREA_STYLE_COLOUR('',#10444);
#10191=FILL_AREA_STYLE_COLOUR('',#10444);
#10192=FILL_AREA_STYLE_COLOUR('',#10444);
#10193=FILL_AREA_STYLE_COLOUR('',#10444);
#10194=FILL_AREA_STYLE_COLOUR('',#10445);
#10195=FILL_AREA_STYLE_COLOUR('',#10445);
#10196=FILL_AREA_STYLE_COLOUR('',#10445);
#10197=FILL_AREA_STYLE_COLOUR('',#10445);
#10198=FILL_AREA_STYLE_COLOUR('',#10445);
#10199=FILL_AREA_STYLE_COLOUR('',#10445);
#10200=FILL_AREA_STYLE_COLOUR('',#10445);
#10201=FILL_AREA_STYLE_COLOUR('',#10445);
#10202=FILL_AREA_STYLE_COLOUR('',#10445);
#10203=FILL_AREA_STYLE_COLOUR('',#10445);
#10204=FILL_AREA_STYLE_COLOUR('',#10445);
#10205=FILL_AREA_STYLE_COLOUR('',#10445);
#10206=FILL_AREA_STYLE_COLOUR('',#10445);
#10207=FILL_AREA_STYLE_COLOUR('',#10445);
#10208=FILL_AREA_STYLE_COLOUR('',#10445);
#10209=FILL_AREA_STYLE_COLOUR('',#10445);
#10210=FILL_AREA_STYLE_COLOUR('',#10445);
#10211=FILL_AREA_STYLE_COLOUR('',#10445);
#10212=FILL_AREA_STYLE_COLOUR('',#10445);
#10213=FILL_AREA_STYLE_COLOUR('',#10445);
#10214=FILL_AREA_STYLE_COLOUR('',#10445);
#10215=FILL_AREA_STYLE_COLOUR('',#10445);
#10216=FILL_AREA_STYLE_COLOUR('',#10445);
#10217=FILL_AREA_STYLE_COLOUR('',#10445);
#10218=FILL_AREA_STYLE_COLOUR('',#10445);
#10219=FILL_AREA_STYLE_COLOUR('',#10445);
#10220=FILL_AREA_STYLE_COLOUR('',#10445);
#10221=FILL_AREA_STYLE_COLOUR('',#10445);
#10222=FILL_AREA_STYLE_COLOUR('',#10445);
#10223=FILL_AREA_STYLE_COLOUR('',#10445);
#10224=FILL_AREA_STYLE_COLOUR('',#10445);
#10225=FILL_AREA_STYLE_COLOUR('',#10445);
#10226=FILL_AREA_STYLE_COLOUR('',#10445);
#10227=FILL_AREA_STYLE_COLOUR('',#10445);
#10228=FILL_AREA_STYLE_COLOUR('',#10445);
#10229=FILL_AREA_STYLE_COLOUR('',#10445);
#10230=FILL_AREA_STYLE_COLOUR('',#10445);
#10231=FILL_AREA_STYLE_COLOUR('',#10445);
#10232=FILL_AREA_STYLE_COLOUR('',#10445);
#10233=FILL_AREA_STYLE_COLOUR('',#10445);
#10234=FILL_AREA_STYLE_COLOUR('',#10445);
#10235=FILL_AREA_STYLE_COLOUR('',#10445);
#10236=FILL_AREA_STYLE_COLOUR('',#10445);
#10237=FILL_AREA_STYLE_COLOUR('',#10445);
#10238=FILL_AREA_STYLE_COLOUR('',#10445);
#10239=FILL_AREA_STYLE_COLOUR('',#10445);
#10240=FILL_AREA_STYLE_COLOUR('',#10445);
#10241=FILL_AREA_STYLE_COLOUR('',#10445);
#10242=FILL_AREA_STYLE_COLOUR('',#10445);
#10243=FILL_AREA_STYLE_COLOUR('',#10445);
#10244=FILL_AREA_STYLE_COLOUR('',#10445);
#10245=FILL_AREA_STYLE_COLOUR('',#10445);
#10246=FILL_AREA_STYLE_COLOUR('',#10445);
#10247=FILL_AREA_STYLE_COLOUR('',#10445);
#10248=FILL_AREA_STYLE_COLOUR('',#10445);
#10249=FILL_AREA_STYLE_COLOUR('',#10445);
#10250=FILL_AREA_STYLE_COLOUR('',#10445);
#10251=FILL_AREA_STYLE_COLOUR('',#10445);
#10252=FILL_AREA_STYLE_COLOUR('',#10445);
#10253=FILL_AREA_STYLE_COLOUR('',#10445);
#10254=FILL_AREA_STYLE_COLOUR('',#10445);
#10255=FILL_AREA_STYLE_COLOUR('',#10445);
#10256=FILL_AREA_STYLE_COLOUR('',#10445);
#10257=FILL_AREA_STYLE_COLOUR('',#10445);
#10258=FILL_AREA_STYLE_COLOUR('',#10445);
#10259=FILL_AREA_STYLE_COLOUR('',#10445);
#10260=FILL_AREA_STYLE_COLOUR('',#10445);
#10261=FILL_AREA_STYLE_COLOUR('',#10445);
#10262=FILL_AREA_STYLE_COLOUR('',#10445);
#10263=FILL_AREA_STYLE_COLOUR('',#10445);
#10264=FILL_AREA_STYLE_COLOUR('',#10445);
#10265=FILL_AREA_STYLE_COLOUR('',#10445);
#10266=FILL_AREA_STYLE_COLOUR('',#10445);
#10267=FILL_AREA_STYLE_COLOUR('',#10445);
#10268=FILL_AREA_STYLE_COLOUR('',#10445);
#10269=FILL_AREA_STYLE_COLOUR('',#10445);
#10270=FILL_AREA_STYLE_COLOUR('',#10445);
#10271=FILL_AREA_STYLE_COLOUR('',#10445);
#10272=FILL_AREA_STYLE_COLOUR('',#10445);
#10273=FILL_AREA_STYLE_COLOUR('',#10445);
#10274=FILL_AREA_STYLE_COLOUR('',#10445);
#10275=FILL_AREA_STYLE_COLOUR('',#10445);
#10276=FILL_AREA_STYLE_COLOUR('',#10445);
#10277=FILL_AREA_STYLE_COLOUR('',#10445);
#10278=FILL_AREA_STYLE_COLOUR('',#10445);
#10279=FILL_AREA_STYLE_COLOUR('',#10445);
#10280=FILL_AREA_STYLE_COLOUR('',#10445);
#10281=FILL_AREA_STYLE_COLOUR('',#10445);
#10282=FILL_AREA_STYLE_COLOUR('',#10445);
#10283=FILL_AREA_STYLE_COLOUR('',#10445);
#10284=FILL_AREA_STYLE_COLOUR('',#10445);
#10285=FILL_AREA_STYLE_COLOUR('',#10445);
#10286=FILL_AREA_STYLE_COLOUR('',#10445);
#10287=FILL_AREA_STYLE_COLOUR('',#10445);
#10288=FILL_AREA_STYLE_COLOUR('',#10445);
#10289=FILL_AREA_STYLE_COLOUR('',#10445);
#10290=FILL_AREA_STYLE_COLOUR('',#63);
#10291=FILL_AREA_STYLE_COLOUR('',#63);
#10292=FILL_AREA_STYLE_COLOUR('',#10445);
#10293=FILL_AREA_STYLE_COLOUR('',#63);
#10294=FILL_AREA_STYLE_COLOUR('',#10445);
#10295=FILL_AREA_STYLE_COLOUR('',#10445);
#10296=FILL_AREA_STYLE_COLOUR('',#10445);
#10297=FILL_AREA_STYLE_COLOUR('',#10445);
#10298=FILL_AREA_STYLE_COLOUR('',#10445);
#10299=FILL_AREA_STYLE_COLOUR('',#10445);
#10300=FILL_AREA_STYLE_COLOUR('',#10445);
#10301=FILL_AREA_STYLE_COLOUR('',#10445);
#10302=FILL_AREA_STYLE_COLOUR('',#10445);
#10303=FILL_AREA_STYLE_COLOUR('',#10445);
#10304=FILL_AREA_STYLE_COLOUR('',#10445);
#10305=FILL_AREA_STYLE_COLOUR('',#10445);
#10306=FILL_AREA_STYLE_COLOUR('',#10445);
#10307=FILL_AREA_STYLE_COLOUR('',#10445);
#10308=FILL_AREA_STYLE_COLOUR('',#10445);
#10309=FILL_AREA_STYLE_COLOUR('',#10445);
#10310=FILL_AREA_STYLE_COLOUR('',#10445);
#10311=FILL_AREA_STYLE_COLOUR('',#10445);
#10312=FILL_AREA_STYLE_COLOUR('',#10445);
#10313=FILL_AREA_STYLE_COLOUR('',#10445);
#10314=FILL_AREA_STYLE_COLOUR('',#63);
#10315=FILL_AREA_STYLE_COLOUR('',#10445);
#10316=FILL_AREA_STYLE_COLOUR('',#10445);
#10317=FILL_AREA_STYLE_COLOUR('',#10445);
#10318=FILL_AREA_STYLE_COLOUR('',#10445);
#10319=FILL_AREA_STYLE_COLOUR('',#10445);
#10320=FILL_AREA_STYLE_COLOUR('',#10445);
#10321=FILL_AREA_STYLE_COLOUR('',#10445);
#10322=FILL_AREA_STYLE_COLOUR('',#10445);
#10323=FILL_AREA_STYLE_COLOUR('',#63);
#10324=FILL_AREA_STYLE_COLOUR('',#63);
#10325=FILL_AREA_STYLE_COLOUR('',#10444);
#10326=FILL_AREA_STYLE_COLOUR('',#63);
#10327=FILL_AREA_STYLE_COLOUR('',#10445);
#10328=FILL_AREA_STYLE_COLOUR('',#63);
#10329=FILL_AREA_STYLE_COLOUR('',#63);
#10330=FILL_AREA_STYLE_COLOUR('',#10444);
#10331=FILL_AREA_STYLE_COLOUR('',#63);
#10332=FILL_AREA_STYLE_COLOUR('',#63);
#10333=FILL_AREA_STYLE_COLOUR('',#63);
#10334=FILL_AREA_STYLE_COLOUR('',#63);
#10335=FILL_AREA_STYLE_COLOUR('',#63);
#10336=FILL_AREA_STYLE_COLOUR('',#10445);
#10337=FILL_AREA_STYLE_COLOUR('',#63);
#10338=FILL_AREA_STYLE_COLOUR('',#10445);
#10339=FILL_AREA_STYLE_COLOUR('',#10445);
#10340=FILL_AREA_STYLE_COLOUR('',#10445);
#10341=FILL_AREA_STYLE_COLOUR('',#10445);
#10342=FILL_AREA_STYLE_COLOUR('',#10445);
#10343=FILL_AREA_STYLE_COLOUR('',#10445);
#10344=FILL_AREA_STYLE_COLOUR('',#10445);
#10345=FILL_AREA_STYLE_COLOUR('',#10445);
#10346=FILL_AREA_STYLE_COLOUR('',#10445);
#10347=FILL_AREA_STYLE_COLOUR('',#10445);
#10348=FILL_AREA_STYLE_COLOUR('',#10445);
#10349=FILL_AREA_STYLE_COLOUR('',#10445);
#10350=FILL_AREA_STYLE_COLOUR('',#10445);
#10351=FILL_AREA_STYLE_COLOUR('',#10445);
#10352=FILL_AREA_STYLE_COLOUR('',#10445);
#10353=FILL_AREA_STYLE_COLOUR('',#10445);
#10354=FILL_AREA_STYLE_COLOUR('',#10445);
#10355=FILL_AREA_STYLE_COLOUR('',#10445);
#10356=FILL_AREA_STYLE_COLOUR('',#10445);
#10357=FILL_AREA_STYLE_COLOUR('',#10445);
#10358=FILL_AREA_STYLE_COLOUR('',#10445);
#10359=FILL_AREA_STYLE_COLOUR('',#10445);
#10360=FILL_AREA_STYLE_COLOUR('',#10445);
#10361=FILL_AREA_STYLE_COLOUR('',#10445);
#10362=FILL_AREA_STYLE_COLOUR('',#10445);
#10363=FILL_AREA_STYLE_COLOUR('',#10445);
#10364=FILL_AREA_STYLE_COLOUR('',#10445);
#10365=FILL_AREA_STYLE_COLOUR('',#10445);
#10366=FILL_AREA_STYLE_COLOUR('',#10445);
#10367=FILL_AREA_STYLE_COLOUR('',#10445);
#10368=FILL_AREA_STYLE_COLOUR('',#10445);
#10369=FILL_AREA_STYLE_COLOUR('',#10445);
#10370=FILL_AREA_STYLE_COLOUR('',#10445);
#10371=FILL_AREA_STYLE_COLOUR('',#10445);
#10372=FILL_AREA_STYLE_COLOUR('',#10445);
#10373=FILL_AREA_STYLE_COLOUR('',#10445);
#10374=FILL_AREA_STYLE_COLOUR('',#10445);
#10375=FILL_AREA_STYLE_COLOUR('',#10445);
#10376=FILL_AREA_STYLE_COLOUR('',#10445);
#10377=FILL_AREA_STYLE_COLOUR('',#10445);
#10378=FILL_AREA_STYLE_COLOUR('',#10445);
#10379=FILL_AREA_STYLE_COLOUR('',#10445);
#10380=FILL_AREA_STYLE_COLOUR('',#10445);
#10381=FILL_AREA_STYLE_COLOUR('',#10445);
#10382=FILL_AREA_STYLE_COLOUR('',#10445);
#10383=FILL_AREA_STYLE_COLOUR('',#10445);
#10384=FILL_AREA_STYLE_COLOUR('',#10445);
#10385=FILL_AREA_STYLE_COLOUR('',#10445);
#10386=FILL_AREA_STYLE_COLOUR('',#10445);
#10387=FILL_AREA_STYLE_COLOUR('',#10445);
#10388=FILL_AREA_STYLE_COLOUR('',#10445);
#10389=FILL_AREA_STYLE_COLOUR('',#10445);
#10390=FILL_AREA_STYLE_COLOUR('',#10445);
#10391=FILL_AREA_STYLE_COLOUR('',#10445);
#10392=FILL_AREA_STYLE_COLOUR('',#10445);
#10393=FILL_AREA_STYLE_COLOUR('',#10445);
#10394=FILL_AREA_STYLE_COLOUR('',#10445);
#10395=FILL_AREA_STYLE_COLOUR('',#10445);
#10396=FILL_AREA_STYLE_COLOUR('',#10445);
#10397=FILL_AREA_STYLE_COLOUR('',#10445);
#10398=FILL_AREA_STYLE_COLOUR('',#10445);
#10399=FILL_AREA_STYLE_COLOUR('',#10445);
#10400=FILL_AREA_STYLE_COLOUR('',#10445);
#10401=FILL_AREA_STYLE_COLOUR('',#10445);
#10402=FILL_AREA_STYLE_COLOUR('',#10445);
#10403=FILL_AREA_STYLE_COLOUR('',#10445);
#10404=FILL_AREA_STYLE_COLOUR('',#10445);
#10405=FILL_AREA_STYLE_COLOUR('',#10445);
#10406=FILL_AREA_STYLE_COLOUR('',#10445);
#10407=FILL_AREA_STYLE_COLOUR('',#10445);
#10408=FILL_AREA_STYLE_COLOUR('',#10445);
#10409=FILL_AREA_STYLE_COLOUR('',#10445);
#10410=FILL_AREA_STYLE_COLOUR('',#10445);
#10411=FILL_AREA_STYLE_COLOUR('',#10445);
#10412=FILL_AREA_STYLE_COLOUR('',#10445);
#10413=FILL_AREA_STYLE_COLOUR('',#10445);
#10414=FILL_AREA_STYLE_COLOUR('',#10445);
#10415=FILL_AREA_STYLE_COLOUR('',#10445);
#10416=FILL_AREA_STYLE_COLOUR('',#10445);
#10417=FILL_AREA_STYLE_COLOUR('',#10445);
#10418=FILL_AREA_STYLE_COLOUR('',#10445);
#10419=FILL_AREA_STYLE_COLOUR('',#10445);
#10420=FILL_AREA_STYLE_COLOUR('',#10445);
#10421=FILL_AREA_STYLE_COLOUR('',#10445);
#10422=FILL_AREA_STYLE_COLOUR('',#10445);
#10423=FILL_AREA_STYLE_COLOUR('',#10445);
#10424=FILL_AREA_STYLE_COLOUR('',#10445);
#10425=FILL_AREA_STYLE_COLOUR('',#10445);
#10426=FILL_AREA_STYLE_COLOUR('',#10445);
#10427=FILL_AREA_STYLE_COLOUR('',#10445);
#10428=FILL_AREA_STYLE_COLOUR('',#10445);
#10429=FILL_AREA_STYLE_COLOUR('',#10445);
#10430=FILL_AREA_STYLE_COLOUR('',#10445);
#10431=FILL_AREA_STYLE_COLOUR('',#10445);
#10432=FILL_AREA_STYLE_COLOUR('',#10445);
#10433=FILL_AREA_STYLE_COLOUR('',#10445);
#10434=FILL_AREA_STYLE_COLOUR('',#10445);
#10435=FILL_AREA_STYLE_COLOUR('',#10445);
#10436=FILL_AREA_STYLE_COLOUR('',#10445);
#10437=FILL_AREA_STYLE_COLOUR('',#10445);
#10438=FILL_AREA_STYLE_COLOUR('',#10445);
#10439=FILL_AREA_STYLE_COLOUR('',#10445);
#10440=FILL_AREA_STYLE_COLOUR('',#63);
#10441=FILL_AREA_STYLE_COLOUR('',#63);
#10442=FILL_AREA_STYLE_COLOUR('',#64);
#10443=FILL_AREA_STYLE_COLOUR('',#10445);
#10444=COLOUR_RGB('',0.97299998998642,0.71399998664856,0.);
#10445=COLOUR_RGB('',0.689999997615814,0.689999997615814,0.689999997615814);
#10446=ADVANCED_FACE('',(#7105,#7106),#7613,.F.);
#10447=ADVANCED_FACE('',(#7107),#607,.T.);
#10448=ADVANCED_FACE('',(#7108),#7614,.T.);
#10449=ADVANCED_FACE('',(#7109),#7615,.F.);
#10450=ADVANCED_FACE('',(#7110),#7616,.F.);
#10451=ADVANCED_FACE('',(#7111),#7617,.T.);
#10452=ADVANCED_FACE('',(#7112),#608,.T.);
#10453=ADVANCED_FACE('',(#7113),#609,.T.);
#10454=ADVANCED_FACE('',(#7114),#610,.T.);
#10455=ADVANCED_FACE('',(#7115),#611,.T.);
#10456=ADVANCED_FACE('',(#7116),#612,.F.);
#10457=ADVANCED_FACE('',(#7117),#613,.T.);
#10458=ADVANCED_FACE('',(#7118),#7618,.F.);
#10459=ADVANCED_FACE('',(#7119),#614,.T.);
#10460=ADVANCED_FACE('',(#7120),#7619,.T.);
#10461=ADVANCED_FACE('',(#7121),#7620,.F.);
#10462=ADVANCED_FACE('',(#7122),#7621,.F.);
#10463=ADVANCED_FACE('',(#7123),#615,.T.);
#10464=ADVANCED_FACE('',(#7124),#616,.T.);
#10465=ADVANCED_FACE('',(#7125),#7622,.F.);
#10466=ADVANCED_FACE('',(#7126),#617,.T.);
#10467=ADVANCED_FACE('',(#7127),#618,.T.);
#10468=ADVANCED_FACE('',(#7128),#7623,.F.);
#10469=ADVANCED_FACE('',(#7129),#7624,.F.);
#10470=ADVANCED_FACE('',(#7130),#619,.T.);
#10471=ADVANCED_FACE('',(#7131),#620,.T.);
#10472=ADVANCED_FACE('',(#7132),#621,.T.);
#10473=ADVANCED_FACE('',(#7133),#622,.T.);
#10474=ADVANCED_FACE('',(#7134),#623,.F.);
#10475=ADVANCED_FACE('',(#7135),#7625,.T.);
#10476=ADVANCED_FACE('',(#7136),#624,.F.);
#10477=ADVANCED_FACE('',(#7137),#7626,.T.);
#10478=ADVANCED_FACE('',(#7138),#7627,.T.);
#10479=ADVANCED_FACE('',(#7139),#625,.F.);
#10480=ADVANCED_FACE('',(#7140),#7628,.T.);
#10481=ADVANCED_FACE('',(#7141),#626,.F.);
#10482=ADVANCED_FACE('',(#7142),#7629,.F.);
#10483=ADVANCED_FACE('',(#7143),#7630,.F.);
#10484=ADVANCED_FACE('',(#7144),#7631,.F.);
#10485=ADVANCED_FACE('',(#7145),#7632,.F.);
#10486=ADVANCED_FACE('',(#7146),#7633,.F.);
#10487=ADVANCED_FACE('',(#7147),#7634,.F.);
#10488=ADVANCED_FACE('',(#7148),#627,.T.);
#10489=ADVANCED_FACE('',(#7149),#7635,.F.);
#10490=ADVANCED_FACE('',(#7150),#628,.T.);
#10491=ADVANCED_FACE('',(#7151),#629,.F.);
#10492=ADVANCED_FACE('',(#7152),#7636,.F.);
#10493=ADVANCED_FACE('',(#7153),#630,.F.);
#10494=ADVANCED_FACE('',(#7154),#631,.F.);
#10495=ADVANCED_FACE('',(#7155),#7637,.F.);
#10496=ADVANCED_FACE('',(#7156),#632,.F.);
#10497=ADVANCED_FACE('',(#7157),#633,.T.);
#10498=ADVANCED_FACE('',(#7158),#7638,.F.);
#10499=ADVANCED_FACE('',(#7159),#634,.T.);
#10500=ADVANCED_FACE('',(#7160),#7639,.F.);
#10501=ADVANCED_FACE('',(#7161),#7640,.F.);
#10502=ADVANCED_FACE('',(#7162),#635,.T.);
#10503=ADVANCED_FACE('',(#7163),#7641,.F.);
#10504=ADVANCED_FACE('',(#7164),#636,.T.);
#10505=ADVANCED_FACE('',(#7165),#637,.F.);
#10506=ADVANCED_FACE('',(#7166),#7642,.F.);
#10507=ADVANCED_FACE('',(#7167),#638,.F.);
#10508=ADVANCED_FACE('',(#7168),#639,.F.);
#10509=ADVANCED_FACE('',(#7169),#7643,.F.);
#10510=ADVANCED_FACE('',(#7170),#640,.F.);
#10511=ADVANCED_FACE('',(#7171),#641,.T.);
#10512=ADVANCED_FACE('',(#7172),#7644,.F.);
#10513=ADVANCED_FACE('',(#7173),#642,.T.);
#10514=ADVANCED_FACE('',(#7174),#7645,.F.);
#10515=ADVANCED_FACE('',(#7175),#643,.T.);
#10516=ADVANCED_FACE('',(#7176),#644,.T.);
#10517=ADVANCED_FACE('',(#7177),#7646,.F.);
#10518=ADVANCED_FACE('',(#7178),#7647,.F.);
#10519=ADVANCED_FACE('',(#7179),#7648,.F.);
#10520=ADVANCED_FACE('',(#7180),#7649,.F.);
#10521=ADVANCED_FACE('',(#7181),#7650,.F.);
#10522=ADVANCED_FACE('',(#7182),#7651,.F.);
#10523=ADVANCED_FACE('',(#7183),#7652,.F.);
#10524=ADVANCED_FACE('',(#7184),#7653,.T.);
#10525=ADVANCED_FACE('',(#7185),#7654,.T.);
#10526=ADVANCED_FACE('',(#7186),#7655,.T.);
#10527=ADVANCED_FACE('',(#7187),#7656,.T.);
#10528=ADVANCED_FACE('',(#7188),#7657,.T.);
#10529=ADVANCED_FACE('',(#7189),#645,.T.);
#10530=ADVANCED_FACE('',(#7190),#7658,.T.);
#10531=ADVANCED_FACE('',(#7191),#646,.T.);
#10532=ADVANCED_FACE('',(#7192),#647,.F.);
#10533=ADVANCED_FACE('',(#7193),#7659,.T.);
#10534=ADVANCED_FACE('',(#7194),#648,.F.);
#10535=ADVANCED_FACE('',(#7195),#649,.F.);
#10536=ADVANCED_FACE('',(#7196),#7660,.T.);
#10537=ADVANCED_FACE('',(#7197),#650,.T.);
#10538=ADVANCED_FACE('',(#7198),#651,.F.);
#10539=ADVANCED_FACE('',(#7199),#652,.F.);
#10540=ADVANCED_FACE('',(#7200),#653,.F.);
#10541=ADVANCED_FACE('',(#7201),#654,.T.);
#10542=ADVANCED_FACE('',(#7202),#655,.F.);
#10543=ADVANCED_FACE('',(#7203),#656,.F.);
#10544=ADVANCED_FACE('',(#7204),#657,.F.);
#10545=ADVANCED_FACE('',(#7205),#658,.T.);
#10546=ADVANCED_FACE('',(#7206),#7661,.T.);
#10547=ADVANCED_FACE('',(#7207),#659,.F.);
#10548=ADVANCED_FACE('',(#7208),#660,.T.);
#10549=ADVANCED_FACE('',(#7209),#7662,.T.);
#10550=ADVANCED_FACE('',(#7210),#661,.T.);
#10551=ADVANCED_FACE('',(#7211),#662,.T.);
#10552=ADVANCED_FACE('',(#7212),#663,.T.);
#10553=ADVANCED_FACE('',(#7213),#664,.T.);
#10554=ADVANCED_FACE('',(#7214),#7663,.T.);
#10555=ADVANCED_FACE('',(#7215),#665,.T.);
#10556=ADVANCED_FACE('',(#7216),#666,.F.);
#10557=ADVANCED_FACE('',(#7217),#7664,.T.);
#10558=ADVANCED_FACE('',(#7218),#667,.T.);
#10559=ADVANCED_FACE('',(#7219),#668,.F.);
#10560=ADVANCED_FACE('',(#7220),#669,.F.);
#10561=ADVANCED_FACE('',(#7221),#670,.F.);
#10562=ADVANCED_FACE('',(#7222),#671,.T.);
#10563=ADVANCED_FACE('',(#7223),#672,.F.);
#10564=ADVANCED_FACE('',(#7224),#673,.F.);
#10565=ADVANCED_FACE('',(#7225),#674,.F.);
#10566=ADVANCED_FACE('',(#7226),#675,.T.);
#10567=ADVANCED_FACE('',(#7227),#7665,.T.);
#10568=ADVANCED_FACE('',(#7228),#676,.F.);
#10569=ADVANCED_FACE('',(#7229),#677,.F.);
#10570=ADVANCED_FACE('',(#7230),#7666,.T.);
#10571=ADVANCED_FACE('',(#7231),#678,.F.);
#10572=ADVANCED_FACE('',(#7232),#679,.T.);
#10573=ADVANCED_FACE('',(#7233),#7667,.T.);
#10574=ADVANCED_FACE('',(#7234),#680,.T.);
#10575=ADVANCED_FACE('',(#7235),#681,.T.);
#10576=ADVANCED_FACE('',(#7236),#682,.T.);
#10577=ADVANCED_FACE('',(#7237),#683,.T.);
#10578=ADVANCED_FACE('',(#7238),#7668,.F.);
#10579=ADVANCED_FACE('',(#7239),#7669,.T.);
#10580=ADVANCED_FACE('',(#7240,#7241,#7242),#7670,.T.);
#10581=ADVANCED_FACE('',(#7243,#7244),#684,.F.);
#10582=ADVANCED_FACE('',(#7245,#7246),#7671,.T.);
#10583=ADVANCED_FACE('',(#7247,#7248),#685,.T.);
#10584=ADVANCED_FACE('',(#7249,#7250),#58,.T.);
#10585=ADVANCED_FACE('',(#7251,#7252),#50,.T.);
#10586=ADVANCED_FACE('',(#7253,#7254),#7672,.T.);
#10587=ADVANCED_FACE('',(#7255,#7256),#686,.F.);
#10588=ADVANCED_FACE('',(#7257,#7258),#7673,.T.);
#10589=ADVANCED_FACE('',(#7259),#687,.F.);
#10590=ADVANCED_FACE('',(#7260),#688,.F.);
#10591=ADVANCED_FACE('',(#7261),#689,.F.);
#10592=ADVANCED_FACE('',(#7262),#690,.T.);
#10593=ADVANCED_FACE('',(#7263),#691,.T.);
#10594=ADVANCED_FACE('',(#7264),#692,.T.);
#10595=ADVANCED_FACE('',(#7265),#693,.F.);
#10596=ADVANCED_FACE('',(#7266),#694,.F.);
#10597=ADVANCED_FACE('',(#7267),#695,.F.);
#10598=ADVANCED_FACE('',(#7268),#696,.T.);
#10599=ADVANCED_FACE('',(#7269),#697,.T.);
#10600=ADVANCED_FACE('',(#7270),#698,.T.);
#10601=ADVANCED_FACE('',(#7271),#699,.F.);
#10602=ADVANCED_FACE('',(#7272),#700,.F.);
#10603=ADVANCED_FACE('',(#7273),#701,.F.);
#10604=ADVANCED_FACE('',(#7274),#702,.T.);
#10605=ADVANCED_FACE('',(#7275),#703,.T.);
#10606=ADVANCED_FACE('',(#7276),#704,.T.);
#10607=ADVANCED_FACE('',(#7277),#705,.F.);
#10608=ADVANCED_FACE('',(#7278),#706,.F.);
#10609=ADVANCED_FACE('',(#7279),#707,.F.);
#10610=ADVANCED_FACE('',(#7280),#708,.T.);
#10611=ADVANCED_FACE('',(#7281),#709,.T.);
#10612=ADVANCED_FACE('',(#7282),#710,.T.);
#10613=ADVANCED_FACE('',(#7283),#711,.F.);
#10614=ADVANCED_FACE('',(#7284),#712,.F.);
#10615=ADVANCED_FACE('',(#7285),#713,.F.);
#10616=ADVANCED_FACE('',(#7286),#714,.T.);
#10617=ADVANCED_FACE('',(#7287),#715,.T.);
#10618=ADVANCED_FACE('',(#7288),#716,.T.);
#10619=ADVANCED_FACE('',(#7289),#717,.F.);
#10620=ADVANCED_FACE('',(#7290),#718,.F.);
#10621=ADVANCED_FACE('',(#7291),#719,.F.);
#10622=ADVANCED_FACE('',(#7292),#720,.T.);
#10623=ADVANCED_FACE('',(#7293),#721,.T.);
#10624=ADVANCED_FACE('',(#7294),#722,.T.);
#10625=ADVANCED_FACE('',(#7295),#7674,.T.);
#10626=ADVANCED_FACE('',(#7296,#7297),#723,.F.);
#10627=ADVANCED_FACE('',(#7298,#7299),#7675,.T.);
#10628=ADVANCED_FACE('',(#7300,#7301),#724,.T.);
#10629=ADVANCED_FACE('',(#7302,#7303),#59,.T.);
#10630=ADVANCED_FACE('',(#7304,#7305),#51,.T.);
#10631=ADVANCED_FACE('',(#7306,#7307),#7676,.T.);
#10632=ADVANCED_FACE('',(#7308,#7309),#725,.F.);
#10633=ADVANCED_FACE('',(#7310,#7311),#7677,.T.);
#10634=ADVANCED_FACE('',(#7312),#726,.F.);
#10635=ADVANCED_FACE('',(#7313),#727,.F.);
#10636=ADVANCED_FACE('',(#7314),#728,.F.);
#10637=ADVANCED_FACE('',(#7315),#729,.T.);
#10638=ADVANCED_FACE('',(#7316),#730,.T.);
#10639=ADVANCED_FACE('',(#7317),#731,.T.);
#10640=ADVANCED_FACE('',(#7318),#732,.F.);
#10641=ADVANCED_FACE('',(#7319),#733,.F.);
#10642=ADVANCED_FACE('',(#7320),#734,.F.);
#10643=ADVANCED_FACE('',(#7321),#735,.T.);
#10644=ADVANCED_FACE('',(#7322),#736,.T.);
#10645=ADVANCED_FACE('',(#7323),#737,.T.);
#10646=ADVANCED_FACE('',(#7324),#738,.F.);
#10647=ADVANCED_FACE('',(#7325),#739,.F.);
#10648=ADVANCED_FACE('',(#7326),#740,.F.);
#10649=ADVANCED_FACE('',(#7327),#741,.T.);
#10650=ADVANCED_FACE('',(#7328),#742,.T.);
#10651=ADVANCED_FACE('',(#7329),#743,.T.);
#10652=ADVANCED_FACE('',(#7330),#744,.F.);
#10653=ADVANCED_FACE('',(#7331),#745,.F.);
#10654=ADVANCED_FACE('',(#7332),#746,.F.);
#10655=ADVANCED_FACE('',(#7333),#747,.T.);
#10656=ADVANCED_FACE('',(#7334),#748,.T.);
#10657=ADVANCED_FACE('',(#7335),#749,.T.);
#10658=ADVANCED_FACE('',(#7336),#750,.F.);
#10659=ADVANCED_FACE('',(#7337),#751,.F.);
#10660=ADVANCED_FACE('',(#7338),#752,.F.);
#10661=ADVANCED_FACE('',(#7339),#753,.T.);
#10662=ADVANCED_FACE('',(#7340),#754,.T.);
#10663=ADVANCED_FACE('',(#7341),#755,.T.);
#10664=ADVANCED_FACE('',(#7342),#756,.F.);
#10665=ADVANCED_FACE('',(#7343),#757,.F.);
#10666=ADVANCED_FACE('',(#7344),#758,.F.);
#10667=ADVANCED_FACE('',(#7345),#759,.T.);
#10668=ADVANCED_FACE('',(#7346),#760,.T.);
#10669=ADVANCED_FACE('',(#7347),#761,.T.);
#10670=ADVANCED_FACE('',(#7348),#7678,.T.);
#10671=ADVANCED_FACE('',(#7349),#7679,.T.);
#10672=ADVANCED_FACE('',(#7350),#7680,.T.);
#10673=ADVANCED_FACE('',(#7351),#762,.F.);
#10674=ADVANCED_FACE('',(#7352),#7681,.T.);
#10675=ADVANCED_FACE('',(#7353),#7682,.T.);
#10676=ADVANCED_FACE('',(#7354),#7683,.T.);
#10677=ADVANCED_FACE('',(#7355),#7684,.T.);
#10678=ADVANCED_FACE('',(#7356),#7685,.T.);
#10679=ADVANCED_FACE('',(#7357),#7686,.T.);
#10680=ADVANCED_FACE('',(#7358),#763,.T.);
#10681=ADVANCED_FACE('',(#7359),#7687,.T.);
#10682=ADVANCED_FACE('',(#7360),#764,.T.);
#10683=ADVANCED_FACE('',(#7361),#765,.F.);
#10684=ADVANCED_FACE('',(#7362),#766,.F.);
#10685=ADVANCED_FACE('',(#7363),#767,.T.);
#10686=ADVANCED_FACE('',(#7364),#7688,.T.);
#10687=ADVANCED_FACE('',(#7365),#768,.T.);
#10688=ADVANCED_FACE('',(#7366),#769,.T.);
#10689=ADVANCED_FACE('',(#7367),#7689,.T.);
#10690=ADVANCED_FACE('',(#7368),#770,.T.);
#10691=ADVANCED_FACE('',(#7369),#771,.F.);
#10692=ADVANCED_FACE('',(#7370),#772,.F.);
#10693=ADVANCED_FACE('',(#7371),#773,.T.);
#10694=ADVANCED_FACE('',(#7372),#7690,.T.);
#10695=ADVANCED_FACE('',(#7373),#774,.T.);
#10696=ADVANCED_FACE('',(#7374),#775,.T.);
#10697=ADVANCED_FACE('',(#7375),#776,.T.);
#10698=ADVANCED_FACE('',(#7376),#7691,.T.);
#10699=ADVANCED_FACE('',(#7377),#777,.T.);
#10700=ADVANCED_FACE('',(#7378),#778,.T.);
#10701=ADVANCED_FACE('',(#7379),#779,.T.);
#10702=ADVANCED_FACE('',(#7380,#7381,#7382),#7692,.T.);
#10703=ADVANCED_FACE('',(#7383),#780,.F.);
#10704=ADVANCED_FACE('',(#7384),#781,.T.);
#10705=ADVANCED_FACE('',(#7385),#782,.T.);
#10706=ADVANCED_FACE('',(#7386),#783,.T.);
#10707=ADVANCED_FACE('',(#7387),#7693,.T.);
#10708=ADVANCED_FACE('',(#7388),#7694,.F.);
#10709=ADVANCED_FACE('',(#7389),#7695,.T.);
#10710=ADVANCED_FACE('',(#7390),#7696,.T.);
#10711=ADVANCED_FACE('',(#7391),#784,.T.);
#10712=ADVANCED_FACE('',(#7392),#7697,.F.);
#10713=ADVANCED_FACE('',(#7393),#7698,.T.);
#10714=ADVANCED_FACE('',(#7394),#7699,.T.);
#10715=ADVANCED_FACE('',(#7395,#7396),#7700,.T.);
#10716=ADVANCED_FACE('',(#7397),#7701,.T.);
#10717=ADVANCED_FACE('',(#7398,#7399),#7702,.T.);
#10718=ADVANCED_FACE('',(#7400),#7703,.T.);
#10719=ADVANCED_FACE('',(#7401),#7704,.T.);
#10720=ADVANCED_FACE('',(#7402),#785,.T.);
#10721=ADVANCED_FACE('',(#7403),#7705,.F.);
#10722=ADVANCED_FACE('',(#7404),#7706,.T.);
#10723=ADVANCED_FACE('',(#7405),#7707,.T.);
#10724=ADVANCED_FACE('',(#7406),#7708,.T.);
#10725=ADVANCED_FACE('',(#7407),#786,.F.);
#10726=ADVANCED_FACE('',(#7408,#7409),#7709,.T.);
#10727=ADVANCED_FACE('',(#7410,#7411),#787,.F.);
#10728=ADVANCED_FACE('',(#7412,#7413),#7710,.T.);
#10729=ADVANCED_FACE('',(#7414,#7415),#52,.T.);
#10730=ADVANCED_FACE('',(#7416,#7417),#60,.T.);
#10731=ADVANCED_FACE('',(#7418,#7419),#788,.T.);
#10732=ADVANCED_FACE('',(#7420,#7421),#7711,.T.);
#10733=ADVANCED_FACE('',(#7422,#7423),#789,.F.);
#10734=ADVANCED_FACE('',(#7424,#7425),#7712,.T.);
#10735=ADVANCED_FACE('',(#7426,#7427),#790,.F.);
#10736=ADVANCED_FACE('',(#7428,#7429),#7713,.T.);
#10737=ADVANCED_FACE('',(#7430,#7431),#53,.T.);
#10738=ADVANCED_FACE('',(#7432,#7433),#61,.T.);
#10739=ADVANCED_FACE('',(#7434,#7435),#791,.T.);
#10740=ADVANCED_FACE('',(#7436,#7437),#7714,.T.);
#10741=ADVANCED_FACE('',(#7438,#7439),#792,.F.);
#10742=ADVANCED_FACE('',(#7440),#793,.F.);
#10743=ADVANCED_FACE('',(#7441),#794,.F.);
#10744=ADVANCED_FACE('',(#7442),#795,.F.);
#10745=ADVANCED_FACE('',(#7443),#796,.T.);
#10746=ADVANCED_FACE('',(#7444),#797,.T.);
#10747=ADVANCED_FACE('',(#7445),#798,.T.);
#10748=ADVANCED_FACE('',(#7446),#799,.F.);
#10749=ADVANCED_FACE('',(#7447),#800,.F.);
#10750=ADVANCED_FACE('',(#7448),#801,.F.);
#10751=ADVANCED_FACE('',(#7449),#802,.T.);
#10752=ADVANCED_FACE('',(#7450),#803,.T.);
#10753=ADVANCED_FACE('',(#7451),#804,.T.);
#10754=ADVANCED_FACE('',(#7452),#805,.F.);
#10755=ADVANCED_FACE('',(#7453),#806,.F.);
#10756=ADVANCED_FACE('',(#7454),#807,.F.);
#10757=ADVANCED_FACE('',(#7455),#808,.T.);
#10758=ADVANCED_FACE('',(#7456),#809,.T.);
#10759=ADVANCED_FACE('',(#7457),#810,.T.);
#10760=ADVANCED_FACE('',(#7458),#811,.F.);
#10761=ADVANCED_FACE('',(#7459),#812,.F.);
#10762=ADVANCED_FACE('',(#7460),#813,.F.);
#10763=ADVANCED_FACE('',(#7461),#814,.T.);
#10764=ADVANCED_FACE('',(#7462),#815,.T.);
#10765=ADVANCED_FACE('',(#7463),#816,.T.);
#10766=ADVANCED_FACE('',(#7464),#817,.F.);
#10767=ADVANCED_FACE('',(#7465),#818,.F.);
#10768=ADVANCED_FACE('',(#7466),#819,.F.);
#10769=ADVANCED_FACE('',(#7467),#820,.T.);
#10770=ADVANCED_FACE('',(#7468),#821,.T.);
#10771=ADVANCED_FACE('',(#7469),#822,.T.);
#10772=ADVANCED_FACE('',(#7470),#823,.F.);
#10773=ADVANCED_FACE('',(#7471),#824,.F.);
#10774=ADVANCED_FACE('',(#7472),#825,.F.);
#10775=ADVANCED_FACE('',(#7473),#826,.T.);
#10776=ADVANCED_FACE('',(#7474),#827,.T.);
#10777=ADVANCED_FACE('',(#7475),#828,.T.);
#10778=ADVANCED_FACE('',(#7476),#7715,.T.);
#10779=ADVANCED_FACE('',(#7477),#829,.F.);
#10780=ADVANCED_FACE('',(#7478),#830,.F.);
#10781=ADVANCED_FACE('',(#7479),#831,.F.);
#10782=ADVANCED_FACE('',(#7480),#832,.T.);
#10783=ADVANCED_FACE('',(#7481),#833,.T.);
#10784=ADVANCED_FACE('',(#7482),#834,.T.);
#10785=ADVANCED_FACE('',(#7483),#835,.F.);
#10786=ADVANCED_FACE('',(#7484),#836,.F.);
#10787=ADVANCED_FACE('',(#7485),#837,.F.);
#10788=ADVANCED_FACE('',(#7486),#838,.T.);
#10789=ADVANCED_FACE('',(#7487),#839,.T.);
#10790=ADVANCED_FACE('',(#7488),#840,.T.);
#10791=ADVANCED_FACE('',(#7489),#841,.F.);
#10792=ADVANCED_FACE('',(#7490),#842,.F.);
#10793=ADVANCED_FACE('',(#7491),#843,.F.);
#10794=ADVANCED_FACE('',(#7492),#844,.T.);
#10795=ADVANCED_FACE('',(#7493),#845,.T.);
#10796=ADVANCED_FACE('',(#7494),#846,.T.);
#10797=ADVANCED_FACE('',(#7495),#847,.F.);
#10798=ADVANCED_FACE('',(#7496),#848,.F.);
#10799=ADVANCED_FACE('',(#7497),#849,.F.);
#10800=ADVANCED_FACE('',(#7498),#850,.T.);
#10801=ADVANCED_FACE('',(#7499),#851,.T.);
#10802=ADVANCED_FACE('',(#7500),#852,.T.);
#10803=ADVANCED_FACE('',(#7501),#853,.F.);
#10804=ADVANCED_FACE('',(#7502),#854,.F.);
#10805=ADVANCED_FACE('',(#7503),#855,.F.);
#10806=ADVANCED_FACE('',(#7504),#856,.T.);
#10807=ADVANCED_FACE('',(#7505),#857,.T.);
#10808=ADVANCED_FACE('',(#7506),#858,.T.);
#10809=ADVANCED_FACE('',(#7507),#859,.F.);
#10810=ADVANCED_FACE('',(#7508),#860,.F.);
#10811=ADVANCED_FACE('',(#7509),#861,.F.);
#10812=ADVANCED_FACE('',(#7510),#862,.T.);
#10813=ADVANCED_FACE('',(#7511),#863,.T.);
#10814=ADVANCED_FACE('',(#7512),#864,.T.);
#10815=ADVANCED_FACE('',(#7513),#7716,.T.);
#10816=ADVANCED_FACE('',(#7514),#865,.F.);
#10817=ADVANCED_FACE('',(#7515),#7717,.F.);
#10818=ADVANCED_FACE('',(#7516),#7718,.F.);
#10819=ADVANCED_FACE('',(#7517),#866,.F.);
#10820=ADVANCED_FACE('',(#7518),#7719,.F.);
#10821=ADVANCED_FACE('',(#7519,#7520),#7720,.F.);
#10822=ADVANCED_FACE('',(#7521,#7522),#62,.T.);
#10823=ADVANCED_FACE('',(#7523,#7524),#7721,.F.);
#10824=ADVANCED_FACE('',(#7525,#7526),#867,.T.);
#10825=ADVANCED_FACE('',(#7527),#7722,.F.);
#10826=ADVANCED_FACE('',(#7528),#7723,.T.);
#10827=ADVANCED_FACE('',(#7529),#7724,.T.);
#10828=ADVANCED_FACE('',(#7530),#7725,.T.);
#10829=ADVANCED_FACE('',(#7531),#7726,.T.);
#10830=ADVANCED_FACE('',(#7532),#7727,.F.);
#10831=ADVANCED_FACE('',(#7533),#7728,.T.);
#10832=ADVANCED_FACE('',(#7534,#7535),#868,.F.);
#10833=ADVANCED_FACE('',(#7536),#7729,.F.);
#10834=ADVANCED_FACE('',(#7537,#7538,#7539,#7540),#7730,.T.);
#10835=ADVANCED_FACE('',(#7541),#7731,.F.);
#10836=ADVANCED_FACE('',(#7542),#7732,.T.);
#10837=ADVANCED_FACE('',(#7543,#7544),#869,.T.);
#10838=ADVANCED_FACE('',(#7545),#870,.T.);
#10839=ADVANCED_FACE('',(#7546),#7733,.F.);
#10840=ADVANCED_FACE('',(#7547),#7734,.F.);
#10841=ADVANCED_FACE('',(#7548),#7735,.F.);
#10842=ADVANCED_FACE('',(#7549),#871,.F.);
#10843=ADVANCED_FACE('',(#7550),#7736,.F.);
#10844=ADVANCED_FACE('',(#7551),#7737,.T.);
#10845=ADVANCED_FACE('',(#7552),#872,.T.);
#10846=ADVANCED_FACE('',(#7553),#7738,.F.);
#10847=ADVANCED_FACE('',(#7554),#873,.T.);
#10848=ADVANCED_FACE('',(#7555),#7739,.F.);
#10849=ADVANCED_FACE('',(#7556),#874,.T.);
#10850=ADVANCED_FACE('',(#7557),#875,.T.);
#10851=ADVANCED_FACE('',(#7558),#7740,.F.);
#10852=ADVANCED_FACE('',(#7559,#7560,#7561),#7741,.F.);
#10853=ADVANCED_FACE('',(#7562),#7742,.F.);
#10854=ADVANCED_FACE('',(#7563),#7743,.F.);
#10855=ADVANCED_FACE('',(#7564),#876,.T.);
#10856=ADVANCED_FACE('',(#7565),#7744,.F.);
#10857=ADVANCED_FACE('',(#7566),#877,.T.);
#10858=ADVANCED_FACE('',(#7567),#878,.T.);
#10859=ADVANCED_FACE('',(#7568),#7745,.F.);
#10860=ADVANCED_FACE('',(#7569),#879,.T.);
#10861=ADVANCED_FACE('',(#7570,#7571),#54,.F.);
#10862=ADVANCED_FACE('',(#7572,#7573),#880,.F.);
#10863=ADVANCED_FACE('',(#7574,#7575),#55,.F.);
#10864=ADVANCED_FACE('',(#7576,#7577),#56,.F.);
#10865=ADVANCED_FACE('',(#7578),#7746,.F.);
#10866=ADVANCED_FACE('',(#7579),#7747,.F.);
#10867=ADVANCED_FACE('',(#7580),#7748,.F.);
#10868=ADVANCED_FACE('',(#7581),#7749,.F.);
#10869=ADVANCED_FACE('',(#7582),#7750,.F.);
#10870=ADVANCED_FACE('',(#7583),#7751,.T.);
#10871=ADVANCED_FACE('',(#7584),#881,.T.);
#10872=ADVANCED_FACE('',(#7585),#882,.F.);
#10873=ADVANCED_FACE('',(#7586),#7752,.F.);
#10874=ADVANCED_FACE('',(#7587,#7588),#7753,.F.);
#10875=ADVANCED_FACE('',(#7589),#7754,.F.);
#10876=ADVANCED_FACE('',(#7590),#883,.T.);
#10877=ADVANCED_FACE('',(#7591),#7755,.F.);
#10878=ADVANCED_FACE('',(#7592),#884,.T.);
#10879=ADVANCED_FACE('',(#7593),#7756,.T.);
#10880=ADVANCED_FACE('',(#7594),#7757,.T.);
#10881=ADVANCED_FACE('',(#7595),#885,.F.);
#10882=ADVANCED_FACE('',(#7596),#7758,.T.);
#10883=ADVANCED_FACE('',(#7597),#886,.F.);
#10884=ADVANCED_FACE('',(#7598,#7599),#7759,.F.);
#10885=ADVANCED_FACE('',(#7600),#7760,.F.);
#10886=ADVANCED_FACE('',(#7601,#7602),#57,.T.);
#10887=ADVANCED_FACE('',(#7603),#7761,.T.);
#10888=ADVANCED_FACE('',(#7604),#7762,.T.);
#10889=ADVANCED_FACE('',(#7605),#7763,.T.);
#10890=ADVANCED_FACE('',(#7606),#7764,.T.);
#10891=ADVANCED_FACE('',(#7607),#7765,.T.);
#10892=ADVANCED_FACE('',(#7608),#7766,.T.);
#10893=ADVANCED_FACE('',(#7609),#7767,.F.);
#10894=ADVANCED_FACE('',(#7610),#7768,.F.);
#10895=ADVANCED_FACE('',(#7611),#7769,.F.);
#10896=ADVANCED_FACE('',(#7612),#887,.F.);
#10897=CLOSED_SHELL('',(#10446,#10447,#10448,#10449,#10450,#10451,#10452,
#10453,#10454,#10455,#10456,#10457,#10458,#10459,#10460,#10461,#10462,#10463,
#10464,#10465,#10466,#10467,#10468,#10469,#10470,#10471,#10472,#10473,#10474,
#10475,#10476,#10477,#10478,#10479,#10480,#10481,#10482,#10483,#10484,#10485,
#10486,#10487,#10488,#10489,#10490,#10491,#10492,#10493,#10494,#10495,#10496,
#10497,#10498,#10499,#10500,#10501,#10502,#10503,#10504,#10505,#10506,#10507,
#10508,#10509,#10510,#10511,#10512,#10513,#10514,#10515,#10516,#10517,#10518,
#10519,#10520,#10521,#10522,#10523,#10524,#10525,#10526,#10527,#10528,#10529,
#10530,#10531,#10532,#10533,#10534,#10535,#10536,#10537,#10538,#10539,#10540,
#10541,#10542,#10543,#10544,#10545,#10546,#10547,#10548,#10549,#10550,#10551,
#10552,#10553,#10554,#10555,#10556,#10557,#10558,#10559,#10560,#10561,#10562,
#10563,#10564,#10565,#10566,#10567,#10568,#10569,#10570,#10571,#10572,#10573,
#10574,#10575,#10576,#10577,#10578,#10579,#10580,#10581,#10582,#10583,#10584,
#10585,#10586,#10587,#10588,#10589,#10590,#10591,#10592,#10593,#10594,#10595,
#10596,#10597,#10598,#10599,#10600,#10601,#10602,#10603,#10604,#10605,#10606,
#10607,#10608,#10609,#10610,#10611,#10612,#10613,#10614,#10615,#10616,#10617,
#10618,#10619,#10620,#10621,#10622,#10623,#10624,#10625,#10626,#10627,#10628,
#10629,#10630,#10631,#10632,#10633,#10634,#10635,#10636,#10637,#10638,#10639,
#10640,#10641,#10642,#10643,#10644,#10645,#10646,#10647,#10648,#10649,#10650,
#10651,#10652,#10653,#10654,#10655,#10656,#10657,#10658,#10659,#10660,#10661,
#10662,#10663,#10664,#10665,#10666,#10667,#10668,#10669,#10670,#10671,#10672,
#10673,#10674,#10675,#10676,#10677,#10678,#10679,#10680,#10681,#10682,#10683,
#10684,#10685,#10686,#10687,#10688,#10689,#10690,#10691,#10692,#10693,#10694,
#10695,#10696,#10697,#10698,#10699,#10700,#10701,#10702,#10703,#10704,#10705,
#10706,#10707,#10708,#10709,#10710,#10711,#10712,#10713,#10714,#10715,#10716,
#10717,#10718,#10719,#10720,#10721,#10722,#10723,#10724,#10725,#10726,#10727,
#10728,#10729,#10730,#10731,#10732,#10733,#10734,#10735,#10736,#10737,#10738,
#10739,#10740,#10741,#10742,#10743,#10744,#10745,#10746,#10747,#10748,#10749,
#10750,#10751,#10752,#10753,#10754,#10755,#10756,#10757,#10758,#10759,#10760,
#10761,#10762,#10763,#10764,#10765,#10766,#10767,#10768,#10769,#10770,#10771,
#10772,#10773,#10774,#10775,#10776,#10777,#10778,#10779,#10780,#10781,#10782,
#10783,#10784,#10785,#10786,#10787,#10788,#10789,#10790,#10791,#10792,#10793,
#10794,#10795,#10796,#10797,#10798,#10799,#10800,#10801,#10802,#10803,#10804,
#10805,#10806,#10807,#10808,#10809,#10810,#10811,#10812,#10813,#10814,#10815,
#10816,#10817,#10818,#10819,#10820,#10821,#10822,#10823,#10824,#10825));
#10898=CLOSED_SHELL('',(#10826,#10827,#10828,#10829,#10830,#10831));
#10899=CLOSED_SHELL('',(#10832,#10833,#10834,#10835,#10836,#10837,#10838,
#10839,#10840,#10841,#10842,#10843,#10844,#10845,#10846,#10847,#10848,#10849,
#10850,#10851,#10852,#10853,#10854,#10855,#10856,#10857,#10858,#10859,#10860,
#10861,#10862,#10863,#10864,#10865,#10866,#10867,#10868,#10869,#10870,#10871,
#10872,#10873,#10874,#10875,#10876,#10877,#10878,#10879,#10880,#10881,#10882,
#10883,#10884,#10885,#10886,#10887,#10888,#10889,#10890,#10891,#10892,#10893));
#10900=CLOSED_SHELL('',(#10894,#10895,#10896));
#10901=MANIFOLD_SOLID_BREP('721011060-3',#10897);
#10902=MANIFOLD_SOLID_BREP('721011060-2',#10898);
#10903=SHAPE_DEFINITION_REPRESENTATION(#17217,#10907);
#10904=SHAPE_DEFINITION_REPRESENTATION(#17218,#10908);
#10905=SHAPE_DEFINITION_REPRESENTATION(#17220,#10909);
#10906=SHAPE_DEFINITION_REPRESENTATION(#17222,#10910);
#10907=SHAPE_REPRESENTATION('721011060',(#10911,#11811,#11818,#11932,#11933,
#11934,#11935),#17206);
#10908=SHAPE_REPRESENTATION('721011060-3',(#10911),#17207);
#10909=SHAPE_REPRESENTATION('721011060-2',(#10911),#17208);
#10910=SHAPE_REPRESENTATION('4257171',(#10911),#17209);
#10911=AXIS2_PLACEMENT_3D('',#14590,#11936,#11937);
#10912=AXIS2_PLACEMENT_3D('',#14591,#11938,#11939);
#10913=AXIS2_PLACEMENT_3D('',#14609,#11948,#11949);
#10914=AXIS2_PLACEMENT_3D('',#14648,#11969,#11970);
#10915=AXIS2_PLACEMENT_3D('',#14649,#11971,#11972);
#10916=AXIS2_PLACEMENT_3D('',#14676,#11975,#11976);
#10917=AXIS2_PLACEMENT_3D('',#14683,#11977,#11978);
#10918=AXIS2_PLACEMENT_3D('',#14692,#11983,#11984);
#10919=AXIS2_PLACEMENT_3D('',#14697,#11987,#11988);
#10920=AXIS2_PLACEMENT_3D('',#14721,#12000,#12001);
#10921=AXIS2_PLACEMENT_3D('',#14723,#12002,#12003);
#10922=AXIS2_PLACEMENT_3D('',#14724,#12004,#12005);
#10923=AXIS2_PLACEMENT_3D('',#14730,#12008,#12009);
#10924=AXIS2_PLACEMENT_3D('',#14732,#12010,#12011);
#10925=AXIS2_PLACEMENT_3D('',#14756,#12023,#12024);
#10926=AXIS2_PLACEMENT_3D('',#14759,#12026,#12027);
#10927=AXIS2_PLACEMENT_3D('',#14765,#12031,#12032);
#10928=AXIS2_PLACEMENT_3D('',#14766,#12033,#12034);
#10929=AXIS2_PLACEMENT_3D('',#14770,#12036,#12037);
#10930=AXIS2_PLACEMENT_3D('',#14776,#12038,#12039);
#10931=AXIS2_PLACEMENT_3D('',#14780,#12041,#12042);
#10932=AXIS2_PLACEMENT_3D('',#14786,#12043,#12044);
#10933=AXIS2_PLACEMENT_3D('',#14787,#12045,#12046);
#10934=AXIS2_PLACEMENT_3D('',#14788,#12047,#12048);
#10935=AXIS2_PLACEMENT_3D('',#14789,#12049,#12050);
#10936=AXIS2_PLACEMENT_3D('',#14790,#12051,#12052);
#10937=AXIS2_PLACEMENT_3D('',#14797,#12054,#12055);
#10938=AXIS2_PLACEMENT_3D('',#14816,#12059,#12060);
#10939=AXIS2_PLACEMENT_3D('',#14827,#12061,#12062);
#10940=AXIS2_PLACEMENT_3D('',#14832,#12063,#12064);
#10941=AXIS2_PLACEMENT_3D('',#14835,#12066,#12067);
#10942=AXIS2_PLACEMENT_3D('',#14836,#12068,#12069);
#10943=AXIS2_PLACEMENT_3D('',#14840,#12071,#12072);
#10944=AXIS2_PLACEMENT_3D('',#14841,#12073,#12074);
#10945=AXIS2_PLACEMENT_3D('',#14842,#12075,#12076);
#10946=AXIS2_PLACEMENT_3D('',#14845,#12078,#12079);
#10947=AXIS2_PLACEMENT_3D('',#14846,#12080,#12081);
#10948=AXIS2_PLACEMENT_3D('',#14850,#12083,#12084);
#10949=AXIS2_PLACEMENT_3D('',#14871,#12095,#12096);
#10950=AXIS2_PLACEMENT_3D('',#14875,#12098,#12099);
#10951=AXIS2_PLACEMENT_3D('',#14896,#12110,#12111);
#10952=AXIS2_PLACEMENT_3D('',#14897,#12112,#12113);
#10953=AXIS2_PLACEMENT_3D('',#14902,#12115,#12116);
#10954=AXIS2_PLACEMENT_3D('',#14906,#12118,#12119);
#10955=AXIS2_PLACEMENT_3D('',#14910,#12121,#12122);
#10956=AXIS2_PLACEMENT_3D('',#14913,#12124,#12125);
#10957=AXIS2_PLACEMENT_3D('',#14914,#12126,#12127);
#10958=AXIS2_PLACEMENT_3D('',#14918,#12129,#12130);
#10959=AXIS2_PLACEMENT_3D('',#14919,#12131,#12132);
#10960=AXIS2_PLACEMENT_3D('',#14933,#12140,#12141);
#10961=AXIS2_PLACEMENT_3D('',#14934,#12142,#12143);
#10962=AXIS2_PLACEMENT_3D('',#14938,#12145,#12146);
#10963=AXIS2_PLACEMENT_3D('',#14939,#12147,#12148);
#10964=AXIS2_PLACEMENT_3D('',#14940,#12149,#12150);
#10965=AXIS2_PLACEMENT_3D('',#14944,#12152,#12153);
#10966=AXIS2_PLACEMENT_3D('',#14948,#12155,#12156);
#10967=AXIS2_PLACEMENT_3D('',#14952,#12158,#12159);
#10968=AXIS2_PLACEMENT_3D('',#14953,#12160,#12161);
#10969=AXIS2_PLACEMENT_3D('',#14957,#12163,#12164);
#10970=AXIS2_PLACEMENT_3D('',#14978,#12175,#12176);
#10971=AXIS2_PLACEMENT_3D('',#14982,#12178,#12179);
#10972=AXIS2_PLACEMENT_3D('',#15003,#12190,#12191);
#10973=AXIS2_PLACEMENT_3D('',#15012,#12193,#12194);
#10974=AXIS2_PLACEMENT_3D('',#15015,#12196,#12197);
#10975=AXIS2_PLACEMENT_3D('',#15016,#12198,#12199);
#10976=AXIS2_PLACEMENT_3D('',#15019,#12201,#12202);
#10977=AXIS2_PLACEMENT_3D('',#15023,#12204,#12205);
#10978=AXIS2_PLACEMENT_3D('',#15027,#12207,#12208);
#10979=AXIS2_PLACEMENT_3D('',#15032,#12209,#12210);
#10980=AXIS2_PLACEMENT_3D('',#15035,#12212,#12213);
#10981=AXIS2_PLACEMENT_3D('',#15038,#12215,#12216);
#10982=AXIS2_PLACEMENT_3D('',#15042,#12218,#12219);
#10983=AXIS2_PLACEMENT_3D('',#15046,#12221,#12222);
#10984=AXIS2_PLACEMENT_3D('',#15047,#12223,#12224);
#10985=AXIS2_PLACEMENT_3D('',#15050,#12226,#12227);
#10986=AXIS2_PLACEMENT_3D('',#15051,#12228,#12229);
#10987=AXIS2_PLACEMENT_3D('',#15054,#12231,#12232);
#10988=AXIS2_PLACEMENT_3D('',#15059,#12233,#12234);
#10989=AXIS2_PLACEMENT_3D('',#15063,#12237,#12238);
#10990=AXIS2_PLACEMENT_3D('',#15064,#12239,#12240);
#10991=AXIS2_PLACEMENT_3D('',#15065,#12241,#12242);
#10992=AXIS2_PLACEMENT_3D('',#15074,#12247,#12248);
#10993=AXIS2_PLACEMENT_3D('',#15083,#12253,#12254);
#10994=AXIS2_PLACEMENT_3D('',#15093,#12256,#12257);
#10995=AXIS2_PLACEMENT_3D('',#15098,#12258,#12259);
#10996=AXIS2_PLACEMENT_3D('',#15104,#12263,#12264);
#10997=AXIS2_PLACEMENT_3D('',#15115,#12265,#12266);
#10998=AXIS2_PLACEMENT_3D('',#15116,#12267,#12268);
#10999=AXIS2_PLACEMENT_3D('',#15120,#12270,#12271);
#11000=AXIS2_PLACEMENT_3D('',#15124,#12273,#12274);
#11001=AXIS2_PLACEMENT_3D('',#15125,#12275,#12276);
#11002=AXIS2_PLACEMENT_3D('',#15129,#12278,#12279);
#11003=AXIS2_PLACEMENT_3D('',#15130,#12280,#12281);
#11004=AXIS2_PLACEMENT_3D('',#15131,#12282,#12283);
#11005=AXIS2_PLACEMENT_3D('',#15135,#12285,#12286);
#11006=AXIS2_PLACEMENT_3D('',#15139,#12288,#12289);
#11007=AXIS2_PLACEMENT_3D('',#15143,#12291,#12292);
#11008=AXIS2_PLACEMENT_3D('',#15144,#12293,#12294);
#11009=AXIS2_PLACEMENT_3D('',#15148,#12296,#12297);
#11010=AXIS2_PLACEMENT_3D('',#15152,#12299,#12300);
#11011=AXIS2_PLACEMENT_3D('',#15153,#12301,#12302);
#11012=AXIS2_PLACEMENT_3D('',#15157,#12304,#12305);
#11013=AXIS2_PLACEMENT_3D('',#15158,#12306,#12307);
#11014=AXIS2_PLACEMENT_3D('',#15159,#12308,#12309);
#11015=AXIS2_PLACEMENT_3D('',#15163,#12311,#12312);
#11016=AXIS2_PLACEMENT_3D('',#15167,#12314,#12315);
#11017=AXIS2_PLACEMENT_3D('',#15171,#12317,#12318);
#11018=AXIS2_PLACEMENT_3D('',#15172,#12319,#12320);
#11019=AXIS2_PLACEMENT_3D('',#15173,#12321,#12322);
#11020=AXIS2_PLACEMENT_3D('',#15174,#12323,#12324);
#11021=AXIS2_PLACEMENT_3D('',#15175,#12325,#12326);
#11022=AXIS2_PLACEMENT_3D('',#15176,#12327,#12328);
#11023=AXIS2_PLACEMENT_3D('',#15186,#12334,#12335);
#11024=AXIS2_PLACEMENT_3D('',#15187,#12336,#12337);
#11025=AXIS2_PLACEMENT_3D('',#15189,#12338,#12339);
#11026=AXIS2_PLACEMENT_3D('',#15192,#12341,#12342);
#11027=AXIS2_PLACEMENT_3D('',#15198,#12346,#12347);
#11028=AXIS2_PLACEMENT_3D('',#15199,#12348,#12349);
#11029=AXIS2_PLACEMENT_3D('',#15200,#12350,#12351);
#11030=AXIS2_PLACEMENT_3D('',#15201,#12352,#12353);
#11031=AXIS2_PLACEMENT_3D('',#15205,#12355,#12356);
#11032=AXIS2_PLACEMENT_3D('',#15206,#12357,#12358);
#11033=AXIS2_PLACEMENT_3D('',#15207,#12359,#12360);
#11034=AXIS2_PLACEMENT_3D('',#15213,#12364,#12365);
#11035=AXIS2_PLACEMENT_3D('',#15214,#12366,#12367);
#11036=AXIS2_PLACEMENT_3D('',#15215,#12368,#12369);
#11037=AXIS2_PLACEMENT_3D('',#15216,#12370,#12371);
#11038=AXIS2_PLACEMENT_3D('',#15220,#12373,#12374);
#11039=AXIS2_PLACEMENT_3D('',#15221,#12375,#12376);
#11040=AXIS2_PLACEMENT_3D('',#15222,#12377,#12378);
#11041=AXIS2_PLACEMENT_3D('',#15228,#12382,#12383);
#11042=AXIS2_PLACEMENT_3D('',#15229,#12384,#12385);
#11043=AXIS2_PLACEMENT_3D('',#15230,#12386,#12387);
#11044=AXIS2_PLACEMENT_3D('',#15231,#12388,#12389);
#11045=AXIS2_PLACEMENT_3D('',#15232,#12390,#12391);
#11046=AXIS2_PLACEMENT_3D('',#15234,#12392,#12393);
#11047=AXIS2_PLACEMENT_3D('',#15237,#12395,#12396);
#11048=AXIS2_PLACEMENT_3D('',#15243,#12400,#12401);
#11049=AXIS2_PLACEMENT_3D('',#15244,#12402,#12403);
#11050=AXIS2_PLACEMENT_3D('',#15246,#12404,#12405);
#11051=AXIS2_PLACEMENT_3D('',#15249,#12407,#12408);
#11052=AXIS2_PLACEMENT_3D('',#15252,#12410,#12411);
#11053=AXIS2_PLACEMENT_3D('',#15264,#12419,#12420);
#11054=AXIS2_PLACEMENT_3D('',#15267,#12422,#12423);
#11055=AXIS2_PLACEMENT_3D('',#15282,#12432,#12433);
#11056=AXIS2_PLACEMENT_3D('',#15283,#12434,#12435);
#11057=AXIS2_PLACEMENT_3D('',#15285,#12436,#12437);
#11058=AXIS2_PLACEMENT_3D('',#15288,#12439,#12440);
#11059=AXIS2_PLACEMENT_3D('',#15294,#12444,#12445);
#11060=AXIS2_PLACEMENT_3D('',#15295,#12446,#12447);
#11061=AXIS2_PLACEMENT_3D('',#15296,#12448,#12449);
#11062=AXIS2_PLACEMENT_3D('',#15297,#12450,#12451);
#11063=AXIS2_PLACEMENT_3D('',#15301,#12453,#12454);
#11064=AXIS2_PLACEMENT_3D('',#15302,#12455,#12456);
#11065=AXIS2_PLACEMENT_3D('',#15303,#12457,#12458);
#11066=AXIS2_PLACEMENT_3D('',#15309,#12462,#12463);
#11067=AXIS2_PLACEMENT_3D('',#15310,#12464,#12465);
#11068=AXIS2_PLACEMENT_3D('',#15311,#12466,#12467);
#11069=AXIS2_PLACEMENT_3D('',#15312,#12468,#12469);
#11070=AXIS2_PLACEMENT_3D('',#15316,#12471,#12472);
#11071=AXIS2_PLACEMENT_3D('',#15317,#12473,#12474);
#11072=AXIS2_PLACEMENT_3D('',#15318,#12475,#12476);
#11073=AXIS2_PLACEMENT_3D('',#15324,#12480,#12481);
#11074=AXIS2_PLACEMENT_3D('',#15325,#12482,#12483);
#11075=AXIS2_PLACEMENT_3D('',#15326,#12484,#12485);
#11076=AXIS2_PLACEMENT_3D('',#15327,#12486,#12487);
#11077=AXIS2_PLACEMENT_3D('',#15328,#12488,#12489);
#11078=AXIS2_PLACEMENT_3D('',#15330,#12490,#12491);
#11079=AXIS2_PLACEMENT_3D('',#15333,#12493,#12494);
#11080=AXIS2_PLACEMENT_3D('',#15339,#12498,#12499);
#11081=AXIS2_PLACEMENT_3D('',#15340,#12500,#12501);
#11082=AXIS2_PLACEMENT_3D('',#15342,#12502,#12503);
#11083=AXIS2_PLACEMENT_3D('',#15345,#12505,#12506);
#11084=AXIS2_PLACEMENT_3D('',#15346,#12507,#12508);
#11085=AXIS2_PLACEMENT_3D('',#15354,#12513,#12514);
#11086=AXIS2_PLACEMENT_3D('',#15355,#12515,#12516);
#11087=AXIS2_PLACEMENT_3D('',#15356,#12517,#12518);
#11088=AXIS2_PLACEMENT_3D('',#15357,#12519,#12520);
#11089=AXIS2_PLACEMENT_3D('',#15358,#12521,#12522);
#11090=AXIS2_PLACEMENT_3D('',#15359,#12523,#12524);
#11091=AXIS2_PLACEMENT_3D('',#15360,#12525,#12526);
#11092=AXIS2_PLACEMENT_3D('',#15361,#12527,#12528);
#11093=AXIS2_PLACEMENT_3D('',#15362,#12529,#12530);
#11094=AXIS2_PLACEMENT_3D('',#15366,#12532,#12533);
#11095=AXIS2_PLACEMENT_3D('',#15367,#12534,#12535);
#11096=AXIS2_PLACEMENT_3D('',#15368,#12536,#12537);
#11097=AXIS2_PLACEMENT_3D('',#15372,#12539,#12540);
#11098=AXIS2_PLACEMENT_3D('',#15374,#12541,#12542);
#11099=AXIS2_PLACEMENT_3D('',#15376,#12543,#12544);
#11100=AXIS2_PLACEMENT_3D('',#15378,#12545,#12546);
#11101=AXIS2_PLACEMENT_3D('',#15380,#12547,#12548);
#11102=AXIS2_PLACEMENT_3D('',#15382,#12549,#12550);
#11103=AXIS2_PLACEMENT_3D('',#15384,#12551,#12552);
#11104=AXIS2_PLACEMENT_3D('',#15386,#12553,#12554);
#11105=AXIS2_PLACEMENT_3D('',#15388,#12555,#12556);
#11106=AXIS2_PLACEMENT_3D('',#15392,#12558,#12559);
#11107=AXIS2_PLACEMENT_3D('',#15393,#12560,#12561);
#11108=AXIS2_PLACEMENT_3D('',#15394,#12562,#12563);
#11109=AXIS2_PLACEMENT_3D('',#15395,#12564,#12565);
#11110=AXIS2_PLACEMENT_3D('',#15396,#12566,#12567);
#11111=AXIS2_PLACEMENT_3D('',#15397,#12568,#12569);
#11112=AXIS2_PLACEMENT_3D('',#15398,#12570,#12571);
#11113=AXIS2_PLACEMENT_3D('',#15402,#12573,#12574);
#11114=AXIS2_PLACEMENT_3D('',#15404,#12575,#12576);
#11115=AXIS2_PLACEMENT_3D('',#15406,#12577,#12578);
#11116=AXIS2_PLACEMENT_3D('',#15408,#12579,#12580);
#11117=AXIS2_PLACEMENT_3D('',#15410,#12581,#12582);
#11118=AXIS2_PLACEMENT_3D('',#15412,#12583,#12584);
#11119=AXIS2_PLACEMENT_3D('',#15414,#12585,#12586);
#11120=AXIS2_PLACEMENT_3D('',#15416,#12587,#12588);
#11121=AXIS2_PLACEMENT_3D('',#15418,#12589,#12590);
#11122=AXIS2_PLACEMENT_3D('',#15422,#12592,#12593);
#11123=AXIS2_PLACEMENT_3D('',#15423,#12594,#12595);
#11124=AXIS2_PLACEMENT_3D('',#15424,#12596,#12597);
#11125=AXIS2_PLACEMENT_3D('',#15428,#12599,#12600);
#11126=AXIS2_PLACEMENT_3D('',#15429,#12601,#12602);
#11127=AXIS2_PLACEMENT_3D('',#15431,#12604,#12605);
#11128=AXIS2_PLACEMENT_3D('',#15432,#12606,#12607);
#11129=AXIS2_PLACEMENT_3D('',#15436,#12609,#12610);
#11130=AXIS2_PLACEMENT_3D('',#15437,#12611,#12612);
#11131=AXIS2_PLACEMENT_3D('',#15438,#12613,#12614);
#11132=AXIS2_PLACEMENT_3D('',#15442,#12616,#12617);
#11133=AXIS2_PLACEMENT_3D('',#15443,#12618,#12619);
#11134=AXIS2_PLACEMENT_3D('',#15444,#12620,#12621);
#11135=AXIS2_PLACEMENT_3D('',#15448,#12623,#12624);
#11136=AXIS2_PLACEMENT_3D('',#15449,#12625,#12626);
#11137=AXIS2_PLACEMENT_3D('',#15450,#12627,#12628);
#11138=AXIS2_PLACEMENT_3D('',#15454,#12630,#12631);
#11139=AXIS2_PLACEMENT_3D('',#15455,#12632,#12633);
#11140=AXIS2_PLACEMENT_3D('',#15456,#12634,#12635);
#11141=AXIS2_PLACEMENT_3D('',#15457,#12636,#12637);
#11142=AXIS2_PLACEMENT_3D('',#15459,#12639,#12640);
#11143=AXIS2_PLACEMENT_3D('',#15461,#12642,#12643);
#11144=AXIS2_PLACEMENT_3D('',#15462,#12644,#12645);
#11145=AXIS2_PLACEMENT_3D('',#15463,#12646,#12647);
#11146=AXIS2_PLACEMENT_3D('',#15466,#12649,#12650);
#11147=AXIS2_PLACEMENT_3D('',#15470,#12653,#12654);
#11148=AXIS2_PLACEMENT_3D('',#15471,#12655,#12656);
#11149=AXIS2_PLACEMENT_3D('',#15472,#12657,#12658);
#11150=AXIS2_PLACEMENT_3D('',#15473,#12659,#12660);
#11151=AXIS2_PLACEMENT_3D('',#15476,#12662,#12663);
#11152=AXIS2_PLACEMENT_3D('',#15480,#12666,#12667);
#11153=AXIS2_PLACEMENT_3D('',#15481,#12668,#12669);
#11154=AXIS2_PLACEMENT_3D('',#15484,#12671,#12672);
#11155=AXIS2_PLACEMENT_3D('',#15485,#12673,#12674);
#11156=AXIS2_PLACEMENT_3D('',#15488,#12676,#12677);
#11157=AXIS2_PLACEMENT_3D('',#15489,#12678,#12679);
#11158=AXIS2_PLACEMENT_3D('',#15492,#12681,#12682);
#11159=AXIS2_PLACEMENT_3D('',#15493,#12683,#12684);
#11160=AXIS2_PLACEMENT_3D('',#15496,#12686,#12687);
#11161=AXIS2_PLACEMENT_3D('',#15497,#12688,#12689);
#11162=AXIS2_PLACEMENT_3D('',#15500,#12691,#12692);
#11163=AXIS2_PLACEMENT_3D('',#15501,#12693,#12694);
#11164=AXIS2_PLACEMENT_3D('',#15504,#12696,#12697);
#11165=AXIS2_PLACEMENT_3D('',#15505,#12698,#12699);
#11166=AXIS2_PLACEMENT_3D('',#15508,#12701,#12702);
#11167=AXIS2_PLACEMENT_3D('',#15509,#12703,#12704);
#11168=AXIS2_PLACEMENT_3D('',#15512,#12706,#12707);
#11169=AXIS2_PLACEMENT_3D('',#15513,#12708,#12709);
#11170=AXIS2_PLACEMENT_3D('',#15516,#12711,#12712);
#11171=AXIS2_PLACEMENT_3D('',#15520,#12715,#12716);
#11172=AXIS2_PLACEMENT_3D('',#15521,#12717,#12718);
#11173=AXIS2_PLACEMENT_3D('',#15522,#12719,#12720);
#11174=AXIS2_PLACEMENT_3D('',#15524,#12722,#12723);
#11175=AXIS2_PLACEMENT_3D('',#15526,#12725,#12726);
#11176=AXIS2_PLACEMENT_3D('',#15527,#12727,#12728);
#11177=AXIS2_PLACEMENT_3D('',#15528,#12729,#12730);
#11178=AXIS2_PLACEMENT_3D('',#15529,#12731,#12732);
#11179=AXIS2_PLACEMENT_3D('',#15530,#12733,#12734);
#11180=AXIS2_PLACEMENT_3D('',#15531,#12735,#12736);
#11181=AXIS2_PLACEMENT_3D('',#15533,#12738,#12739);
#11182=AXIS2_PLACEMENT_3D('',#15535,#12741,#12742);
#11183=AXIS2_PLACEMENT_3D('',#15536,#12743,#12744);
#11184=AXIS2_PLACEMENT_3D('',#15537,#12745,#12746);
#11185=AXIS2_PLACEMENT_3D('',#15540,#12748,#12749);
#11186=AXIS2_PLACEMENT_3D('',#15544,#12752,#12753);
#11187=AXIS2_PLACEMENT_3D('',#15545,#12754,#12755);
#11188=AXIS2_PLACEMENT_3D('',#15548,#12757,#12758);
#11189=AXIS2_PLACEMENT_3D('',#15549,#12759,#12760);
#11190=AXIS2_PLACEMENT_3D('',#15552,#12762,#12763);
#11191=AXIS2_PLACEMENT_3D('',#15553,#12764,#12765);
#11192=AXIS2_PLACEMENT_3D('',#15556,#12767,#12768);
#11193=AXIS2_PLACEMENT_3D('',#15557,#12769,#12770);
#11194=AXIS2_PLACEMENT_3D('',#15560,#12772,#12773);
#11195=AXIS2_PLACEMENT_3D('',#15561,#12774,#12775);
#11196=AXIS2_PLACEMENT_3D('',#15564,#12777,#12778);
#11197=AXIS2_PLACEMENT_3D('',#15565,#12779,#12780);
#11198=AXIS2_PLACEMENT_3D('',#15568,#12782,#12783);
#11199=AXIS2_PLACEMENT_3D('',#15569,#12784,#12785);
#11200=AXIS2_PLACEMENT_3D('',#15572,#12787,#12788);
#11201=AXIS2_PLACEMENT_3D('',#15573,#12789,#12790);
#11202=AXIS2_PLACEMENT_3D('',#15576,#12792,#12793);
#11203=AXIS2_PLACEMENT_3D('',#15577,#12794,#12795);
#11204=AXIS2_PLACEMENT_3D('',#15580,#12797,#12798);
#11205=AXIS2_PLACEMENT_3D('',#15584,#12801,#12802);
#11206=AXIS2_PLACEMENT_3D('',#15585,#12803,#12804);
#11207=AXIS2_PLACEMENT_3D('',#15586,#12805,#12806);
#11208=AXIS2_PLACEMENT_3D('',#15587,#12807,#12808);
#11209=AXIS2_PLACEMENT_3D('',#15590,#12810,#12811);
#11210=AXIS2_PLACEMENT_3D('',#15594,#12814,#12815);
#11211=AXIS2_PLACEMENT_3D('',#15595,#12816,#12817);
#11212=AXIS2_PLACEMENT_3D('',#15596,#12818,#12819);
#11213=AXIS2_PLACEMENT_3D('',#15598,#12821,#12822);
#11214=AXIS2_PLACEMENT_3D('',#15600,#12824,#12825);
#11215=AXIS2_PLACEMENT_3D('',#15601,#12826,#12827);
#11216=AXIS2_PLACEMENT_3D('',#15602,#12828,#12829);
#11217=AXIS2_PLACEMENT_3D('',#15604,#12831,#12832);
#11218=AXIS2_PLACEMENT_3D('',#15605,#12833,#12834);
#11219=AXIS2_PLACEMENT_3D('',#15606,#12835,#12836);
#11220=AXIS2_PLACEMENT_3D('',#15607,#12837,#12838);
#11221=AXIS2_PLACEMENT_3D('',#15608,#12839,#12840);
#11222=AXIS2_PLACEMENT_3D('',#15609,#12841,#12842);
#11223=AXIS2_PLACEMENT_3D('',#15610,#12843,#12844);
#11224=AXIS2_PLACEMENT_3D('',#15611,#12845,#12846);
#11225=AXIS2_PLACEMENT_3D('',#15613,#12847,#12848);
#11226=AXIS2_PLACEMENT_3D('',#15615,#12849,#12850);
#11227=AXIS2_PLACEMENT_3D('',#15620,#12853,#12854);
#11228=AXIS2_PLACEMENT_3D('',#15621,#12855,#12856);
#11229=AXIS2_PLACEMENT_3D('',#15623,#12857,#12858);
#11230=AXIS2_PLACEMENT_3D('',#15624,#12859,#12860);
#11231=AXIS2_PLACEMENT_3D('',#15626,#12861,#12862);
#11232=AXIS2_PLACEMENT_3D('',#15627,#12863,#12864);
#11233=AXIS2_PLACEMENT_3D('',#15629,#12865,#12866);
#11234=AXIS2_PLACEMENT_3D('',#15630,#12867,#12868);
#11235=AXIS2_PLACEMENT_3D('',#15632,#12869,#12870);
#11236=AXIS2_PLACEMENT_3D('',#15633,#12871,#12872);
#11237=AXIS2_PLACEMENT_3D('',#15635,#12873,#12874);
#11238=AXIS2_PLACEMENT_3D('',#15636,#12875,#12876);
#11239=AXIS2_PLACEMENT_3D('',#15638,#12877,#12878);
#11240=AXIS2_PLACEMENT_3D('',#15639,#12879,#12880);
#11241=AXIS2_PLACEMENT_3D('',#15641,#12881,#12882);
#11242=AXIS2_PLACEMENT_3D('',#15642,#12883,#12884);
#11243=AXIS2_PLACEMENT_3D('',#15645,#12885,#12886);
#11244=AXIS2_PLACEMENT_3D('',#15647,#12887,#12888);
#11245=AXIS2_PLACEMENT_3D('',#15649,#12889,#12890);
#11246=AXIS2_PLACEMENT_3D('',#15651,#12891,#12892);
#11247=AXIS2_PLACEMENT_3D('',#15653,#12893,#12894);
#11248=AXIS2_PLACEMENT_3D('',#15655,#12895,#12896);
#11249=AXIS2_PLACEMENT_3D('',#15657,#12897,#12898);
#11250=AXIS2_PLACEMENT_3D('',#15659,#12899,#12900);
#11251=AXIS2_PLACEMENT_3D('',#15661,#12901,#12902);
#11252=AXIS2_PLACEMENT_3D('',#15663,#12903,#12904);
#11253=AXIS2_PLACEMENT_3D('',#15665,#12905,#12906);
#11254=AXIS2_PLACEMENT_3D('',#15667,#12907,#12908);
#11255=AXIS2_PLACEMENT_3D('',#15669,#12909,#12910);
#11256=AXIS2_PLACEMENT_3D('',#15671,#12911,#12912);
#11257=AXIS2_PLACEMENT_3D('',#15673,#12913,#12914);
#11258=AXIS2_PLACEMENT_3D('',#15675,#12915,#12916);
#11259=AXIS2_PLACEMENT_3D('',#15677,#12917,#12918);
#11260=AXIS2_PLACEMENT_3D('',#15679,#12919,#12920);
#11261=AXIS2_PLACEMENT_3D('',#15681,#12921,#12922);
#11262=AXIS2_PLACEMENT_3D('',#15683,#12923,#12924);
#11263=AXIS2_PLACEMENT_3D('',#15685,#12925,#12926);
#11264=AXIS2_PLACEMENT_3D('',#15687,#12927,#12928);
#11265=AXIS2_PLACEMENT_3D('',#15689,#12929,#12930);
#11266=AXIS2_PLACEMENT_3D('',#15691,#12931,#12932);
#11267=AXIS2_PLACEMENT_3D('',#15693,#12933,#12934);
#11268=AXIS2_PLACEMENT_3D('',#15695,#12935,#12936);
#11269=AXIS2_PLACEMENT_3D('',#15697,#12937,#12938);
#11270=AXIS2_PLACEMENT_3D('',#15699,#12939,#12940);
#11271=AXIS2_PLACEMENT_3D('',#15701,#12941,#12942);
#11272=AXIS2_PLACEMENT_3D('',#15703,#12943,#12944);
#11273=AXIS2_PLACEMENT_3D('',#15705,#12945,#12946);
#11274=AXIS2_PLACEMENT_3D('',#15707,#12947,#12948);
#11275=AXIS2_PLACEMENT_3D('',#15709,#12949,#12950);
#11276=AXIS2_PLACEMENT_3D('',#15711,#12951,#12952);
#11277=AXIS2_PLACEMENT_3D('',#15713,#12953,#12954);
#11278=AXIS2_PLACEMENT_3D('',#15714,#12955,#12956);
#11279=AXIS2_PLACEMENT_3D('',#15717,#12958,#12959);
#11280=AXIS2_PLACEMENT_3D('',#15720,#12961,#12962);
#11281=AXIS2_PLACEMENT_3D('',#15723,#12964,#12965);
#11282=AXIS2_PLACEMENT_3D('',#15724,#12966,#12967);
#11283=AXIS2_PLACEMENT_3D('',#15727,#12969,#12970);
#11284=AXIS2_PLACEMENT_3D('',#15728,#12971,#12972);
#11285=AXIS2_PLACEMENT_3D('',#15731,#12974,#12975);
#11286=AXIS2_PLACEMENT_3D('',#15732,#12976,#12977);
#11287=AXIS2_PLACEMENT_3D('',#15735,#12979,#12980);
#11288=AXIS2_PLACEMENT_3D('',#15736,#12981,#12982);
#11289=AXIS2_PLACEMENT_3D('',#15739,#12984,#12985);
#11290=AXIS2_PLACEMENT_3D('',#15740,#12986,#12987);
#11291=AXIS2_PLACEMENT_3D('',#15743,#12989,#12990);
#11292=AXIS2_PLACEMENT_3D('',#15744,#12991,#12992);
#11293=AXIS2_PLACEMENT_3D('',#15747,#12994,#12995);
#11294=AXIS2_PLACEMENT_3D('',#15748,#12996,#12997);
#11295=AXIS2_PLACEMENT_3D('',#15751,#12999,#13000);
#11296=AXIS2_PLACEMENT_3D('',#15752,#13001,#13002);
#11297=AXIS2_PLACEMENT_3D('',#15755,#13004,#13005);
#11298=AXIS2_PLACEMENT_3D('',#15756,#13006,#13007);
#11299=AXIS2_PLACEMENT_3D('',#15759,#13009,#13010);
#11300=AXIS2_PLACEMENT_3D('',#15760,#13011,#13012);
#11301=AXIS2_PLACEMENT_3D('',#15763,#13014,#13015);
#11302=AXIS2_PLACEMENT_3D('',#15764,#13016,#13017);
#11303=AXIS2_PLACEMENT_3D('',#15767,#13019,#13020);
#11304=AXIS2_PLACEMENT_3D('',#15768,#13021,#13022);
#11305=AXIS2_PLACEMENT_3D('',#15771,#13024,#13025);
#11306=AXIS2_PLACEMENT_3D('',#15772,#13026,#13027);
#11307=AXIS2_PLACEMENT_3D('',#15775,#13029,#13030);
#11308=AXIS2_PLACEMENT_3D('',#15776,#13031,#13032);
#11309=AXIS2_PLACEMENT_3D('',#15779,#13034,#13035);
#11310=AXIS2_PLACEMENT_3D('',#15780,#13036,#13037);
#11311=AXIS2_PLACEMENT_3D('',#15783,#13039,#13040);
#11312=AXIS2_PLACEMENT_3D('',#15784,#13041,#13042);
#11313=AXIS2_PLACEMENT_3D('',#15787,#13044,#13045);
#11314=AXIS2_PLACEMENT_3D('',#15788,#13046,#13047);
#11315=AXIS2_PLACEMENT_3D('',#15791,#13049,#13050);
#11316=AXIS2_PLACEMENT_3D('',#15792,#13051,#13052);
#11317=AXIS2_PLACEMENT_3D('',#15795,#13054,#13055);
#11318=AXIS2_PLACEMENT_3D('',#15796,#13056,#13057);
#11319=AXIS2_PLACEMENT_3D('',#15799,#13059,#13060);
#11320=AXIS2_PLACEMENT_3D('',#15800,#13061,#13062);
#11321=AXIS2_PLACEMENT_3D('',#15803,#13064,#13065);
#11322=AXIS2_PLACEMENT_3D('',#15804,#13066,#13067);
#11323=AXIS2_PLACEMENT_3D('',#15807,#13069,#13070);
#11324=AXIS2_PLACEMENT_3D('',#15808,#13071,#13072);
#11325=AXIS2_PLACEMENT_3D('',#15811,#13074,#13075);
#11326=AXIS2_PLACEMENT_3D('',#15812,#13076,#13077);
#11327=AXIS2_PLACEMENT_3D('',#15815,#13079,#13080);
#11328=AXIS2_PLACEMENT_3D('',#15816,#13081,#13082);
#11329=AXIS2_PLACEMENT_3D('',#15819,#13084,#13085);
#11330=AXIS2_PLACEMENT_3D('',#15820,#13086,#13087);
#11331=AXIS2_PLACEMENT_3D('',#15823,#13089,#13090);
#11332=AXIS2_PLACEMENT_3D('',#15824,#13091,#13092);
#11333=AXIS2_PLACEMENT_3D('',#15827,#13094,#13095);
#11334=AXIS2_PLACEMENT_3D('',#15828,#13096,#13097);
#11335=AXIS2_PLACEMENT_3D('',#15831,#13099,#13100);
#11336=AXIS2_PLACEMENT_3D('',#15832,#13101,#13102);
#11337=AXIS2_PLACEMENT_3D('',#15835,#13104,#13105);
#11338=AXIS2_PLACEMENT_3D('',#15836,#13106,#13107);
#11339=AXIS2_PLACEMENT_3D('',#15839,#13109,#13110);
#11340=AXIS2_PLACEMENT_3D('',#15840,#13111,#13112);
#11341=AXIS2_PLACEMENT_3D('',#15843,#13114,#13115);
#11342=AXIS2_PLACEMENT_3D('',#15844,#13116,#13117);
#11343=AXIS2_PLACEMENT_3D('',#15847,#13119,#13120);
#11344=AXIS2_PLACEMENT_3D('',#15848,#13121,#13122);
#11345=AXIS2_PLACEMENT_3D('',#15851,#13124,#13125);
#11346=AXIS2_PLACEMENT_3D('',#15852,#13126,#13127);
#11347=AXIS2_PLACEMENT_3D('',#15855,#13129,#13130);
#11348=AXIS2_PLACEMENT_3D('',#15856,#13131,#13132);
#11349=AXIS2_PLACEMENT_3D('',#15857,#13133,#13134);
#11350=AXIS2_PLACEMENT_3D('',#15858,#13135,#13136);
#11351=AXIS2_PLACEMENT_3D('',#15859,#13137,#13138);
#11352=AXIS2_PLACEMENT_3D('',#15860,#13139,#13140);
#11353=AXIS2_PLACEMENT_3D('',#15862,#13141,#13142);
#11354=AXIS2_PLACEMENT_3D('',#15863,#13143,#13144);
#11355=AXIS2_PLACEMENT_3D('',#15865,#13145,#13146);
#11356=AXIS2_PLACEMENT_3D('',#15866,#13147,#13148);
#11357=AXIS2_PLACEMENT_3D('',#15868,#13149,#13150);
#11358=AXIS2_PLACEMENT_3D('',#15869,#13151,#13152);
#11359=AXIS2_PLACEMENT_3D('',#15871,#13153,#13154);
#11360=AXIS2_PLACEMENT_3D('',#15872,#13155,#13156);
#11361=AXIS2_PLACEMENT_3D('',#15874,#13157,#13158);
#11362=AXIS2_PLACEMENT_3D('',#15875,#13159,#13160);
#11363=AXIS2_PLACEMENT_3D('',#15877,#13161,#13162);
#11364=AXIS2_PLACEMENT_3D('',#15878,#13163,#13164);
#11365=AXIS2_PLACEMENT_3D('',#15880,#13165,#13166);
#11366=AXIS2_PLACEMENT_3D('',#15881,#13167,#13168);
#11367=AXIS2_PLACEMENT_3D('',#15884,#13169,#13170);
#11368=AXIS2_PLACEMENT_3D('',#15886,#13171,#13172);
#11369=AXIS2_PLACEMENT_3D('',#15888,#13173,#13174);
#11370=AXIS2_PLACEMENT_3D('',#15890,#13175,#13176);
#11371=AXIS2_PLACEMENT_3D('',#15892,#13177,#13178);
#11372=AXIS2_PLACEMENT_3D('',#15894,#13179,#13180);
#11373=AXIS2_PLACEMENT_3D('',#15896,#13181,#13182);
#11374=AXIS2_PLACEMENT_3D('',#15898,#13183,#13184);
#11375=AXIS2_PLACEMENT_3D('',#15900,#13185,#13186);
#11376=AXIS2_PLACEMENT_3D('',#15902,#13187,#13188);
#11377=AXIS2_PLACEMENT_3D('',#15904,#13189,#13190);
#11378=AXIS2_PLACEMENT_3D('',#15906,#13191,#13192);
#11379=AXIS2_PLACEMENT_3D('',#15908,#13193,#13194);
#11380=AXIS2_PLACEMENT_3D('',#15910,#13195,#13196);
#11381=AXIS2_PLACEMENT_3D('',#15912,#13197,#13198);
#11382=AXIS2_PLACEMENT_3D('',#15914,#13199,#13200);
#11383=AXIS2_PLACEMENT_3D('',#15916,#13201,#13202);
#11384=AXIS2_PLACEMENT_3D('',#15918,#13203,#13204);
#11385=AXIS2_PLACEMENT_3D('',#15920,#13205,#13206);
#11386=AXIS2_PLACEMENT_3D('',#15922,#13207,#13208);
#11387=AXIS2_PLACEMENT_3D('',#15924,#13209,#13210);
#11388=AXIS2_PLACEMENT_3D('',#15926,#13211,#13212);
#11389=AXIS2_PLACEMENT_3D('',#15928,#13213,#13214);
#11390=AXIS2_PLACEMENT_3D('',#15930,#13215,#13216);
#11391=AXIS2_PLACEMENT_3D('',#15932,#13217,#13218);
#11392=AXIS2_PLACEMENT_3D('',#15934,#13219,#13220);
#11393=AXIS2_PLACEMENT_3D('',#15936,#13221,#13222);
#11394=AXIS2_PLACEMENT_3D('',#15938,#13223,#13224);
#11395=AXIS2_PLACEMENT_3D('',#15940,#13225,#13226);
#11396=AXIS2_PLACEMENT_3D('',#15942,#13227,#13228);
#11397=AXIS2_PLACEMENT_3D('',#15944,#13229,#13230);
#11398=AXIS2_PLACEMENT_3D('',#15946,#13231,#13232);
#11399=AXIS2_PLACEMENT_3D('',#15948,#13233,#13234);
#11400=AXIS2_PLACEMENT_3D('',#15950,#13235,#13236);
#11401=AXIS2_PLACEMENT_3D('',#15952,#13237,#13238);
#11402=AXIS2_PLACEMENT_3D('',#15953,#13239,#13240);
#11403=AXIS2_PLACEMENT_3D('',#15956,#13242,#13243);
#11404=AXIS2_PLACEMENT_3D('',#15959,#13245,#13246);
#11405=AXIS2_PLACEMENT_3D('',#15962,#13248,#13249);
#11406=AXIS2_PLACEMENT_3D('',#15963,#13250,#13251);
#11407=AXIS2_PLACEMENT_3D('',#15966,#13253,#13254);
#11408=AXIS2_PLACEMENT_3D('',#15967,#13255,#13256);
#11409=AXIS2_PLACEMENT_3D('',#15970,#13258,#13259);
#11410=AXIS2_PLACEMENT_3D('',#15971,#13260,#13261);
#11411=AXIS2_PLACEMENT_3D('',#15974,#13263,#13264);
#11412=AXIS2_PLACEMENT_3D('',#15975,#13265,#13266);
#11413=AXIS2_PLACEMENT_3D('',#15978,#13268,#13269);
#11414=AXIS2_PLACEMENT_3D('',#15979,#13270,#13271);
#11415=AXIS2_PLACEMENT_3D('',#15982,#13273,#13274);
#11416=AXIS2_PLACEMENT_3D('',#15983,#13275,#13276);
#11417=AXIS2_PLACEMENT_3D('',#15986,#13278,#13279);
#11418=AXIS2_PLACEMENT_3D('',#15987,#13280,#13281);
#11419=AXIS2_PLACEMENT_3D('',#15990,#13283,#13284);
#11420=AXIS2_PLACEMENT_3D('',#15991,#13285,#13286);
#11421=AXIS2_PLACEMENT_3D('',#15994,#13288,#13289);
#11422=AXIS2_PLACEMENT_3D('',#15995,#13290,#13291);
#11423=AXIS2_PLACEMENT_3D('',#15998,#13293,#13294);
#11424=AXIS2_PLACEMENT_3D('',#15999,#13295,#13296);
#11425=AXIS2_PLACEMENT_3D('',#16002,#13298,#13299);
#11426=AXIS2_PLACEMENT_3D('',#16003,#13300,#13301);
#11427=AXIS2_PLACEMENT_3D('',#16006,#13303,#13304);
#11428=AXIS2_PLACEMENT_3D('',#16007,#13305,#13306);
#11429=AXIS2_PLACEMENT_3D('',#16010,#13308,#13309);
#11430=AXIS2_PLACEMENT_3D('',#16011,#13310,#13311);
#11431=AXIS2_PLACEMENT_3D('',#16014,#13313,#13314);
#11432=AXIS2_PLACEMENT_3D('',#16015,#13315,#13316);
#11433=AXIS2_PLACEMENT_3D('',#16018,#13318,#13319);
#11434=AXIS2_PLACEMENT_3D('',#16019,#13320,#13321);
#11435=AXIS2_PLACEMENT_3D('',#16022,#13323,#13324);
#11436=AXIS2_PLACEMENT_3D('',#16023,#13325,#13326);
#11437=AXIS2_PLACEMENT_3D('',#16026,#13328,#13329);
#11438=AXIS2_PLACEMENT_3D('',#16027,#13330,#13331);
#11439=AXIS2_PLACEMENT_3D('',#16030,#13333,#13334);
#11440=AXIS2_PLACEMENT_3D('',#16031,#13335,#13336);
#11441=AXIS2_PLACEMENT_3D('',#16034,#13338,#13339);
#11442=AXIS2_PLACEMENT_3D('',#16035,#13340,#13341);
#11443=AXIS2_PLACEMENT_3D('',#16038,#13343,#13344);
#11444=AXIS2_PLACEMENT_3D('',#16039,#13345,#13346);
#11445=AXIS2_PLACEMENT_3D('',#16042,#13348,#13349);
#11446=AXIS2_PLACEMENT_3D('',#16043,#13350,#13351);
#11447=AXIS2_PLACEMENT_3D('',#16046,#13353,#13354);
#11448=AXIS2_PLACEMENT_3D('',#16047,#13355,#13356);
#11449=AXIS2_PLACEMENT_3D('',#16050,#13358,#13359);
#11450=AXIS2_PLACEMENT_3D('',#16051,#13360,#13361);
#11451=AXIS2_PLACEMENT_3D('',#16054,#13363,#13364);
#11452=AXIS2_PLACEMENT_3D('',#16055,#13365,#13366);
#11453=AXIS2_PLACEMENT_3D('',#16058,#13368,#13369);
#11454=AXIS2_PLACEMENT_3D('',#16059,#13370,#13371);
#11455=AXIS2_PLACEMENT_3D('',#16062,#13373,#13374);
#11456=AXIS2_PLACEMENT_3D('',#16063,#13375,#13376);
#11457=AXIS2_PLACEMENT_3D('',#16066,#13378,#13379);
#11458=AXIS2_PLACEMENT_3D('',#16067,#13380,#13381);
#11459=AXIS2_PLACEMENT_3D('',#16070,#13383,#13384);
#11460=AXIS2_PLACEMENT_3D('',#16071,#13385,#13386);
#11461=AXIS2_PLACEMENT_3D('',#16074,#13388,#13389);
#11462=AXIS2_PLACEMENT_3D('',#16075,#13390,#13391);
#11463=AXIS2_PLACEMENT_3D('',#16078,#13393,#13394);
#11464=AXIS2_PLACEMENT_3D('',#16079,#13395,#13396);
#11465=AXIS2_PLACEMENT_3D('',#16082,#13398,#13399);
#11466=AXIS2_PLACEMENT_3D('',#16083,#13400,#13401);
#11467=AXIS2_PLACEMENT_3D('',#16086,#13403,#13404);
#11468=AXIS2_PLACEMENT_3D('',#16087,#13405,#13406);
#11469=AXIS2_PLACEMENT_3D('',#16090,#13408,#13409);
#11470=AXIS2_PLACEMENT_3D('',#16091,#13410,#13411);
#11471=AXIS2_PLACEMENT_3D('',#16094,#13413,#13414);
#11472=AXIS2_PLACEMENT_3D('',#16095,#13415,#13416);
#11473=AXIS2_PLACEMENT_3D('',#16096,#13417,#13418);
#11474=AXIS2_PLACEMENT_3D('',#16097,#13419,#13420);
#11475=AXIS2_PLACEMENT_3D('',#16098,#13421,#13422);
#11476=AXIS2_PLACEMENT_3D('',#16100,#13424,#13425);
#11477=AXIS2_PLACEMENT_3D('',#16102,#13427,#13428);
#11478=AXIS2_PLACEMENT_3D('',#16103,#13429,#13430);
#11479=AXIS2_PLACEMENT_3D('',#16104,#13431,#13432);
#11480=AXIS2_PLACEMENT_3D('',#16105,#13433,#13434);
#11481=AXIS2_PLACEMENT_3D('',#16106,#13435,#13436);
#11482=AXIS2_PLACEMENT_3D('',#16107,#13437,#13438);
#11483=AXIS2_PLACEMENT_3D('',#16108,#13439,#13440);
#11484=AXIS2_PLACEMENT_3D('',#16109,#13441,#13442);
#11485=AXIS2_PLACEMENT_3D('',#16110,#13443,#13444);
#11486=AXIS2_PLACEMENT_3D('',#16111,#13445,#13446);
#11487=AXIS2_PLACEMENT_3D('',#16112,#13447,#13448);
#11488=AXIS2_PLACEMENT_3D('',#16113,#13449,#13450);
#11489=AXIS2_PLACEMENT_3D('',#16124,#13452,#13453);
#11490=AXIS2_PLACEMENT_3D('',#16128,#13456,#13457);
#11491=AXIS2_PLACEMENT_3D('',#16137,#13458,#13459);
#11492=AXIS2_PLACEMENT_3D('',#16138,#13460,#13461);
#11493=AXIS2_PLACEMENT_3D('',#16139,#13462,#13463);
#11494=AXIS2_PLACEMENT_3D('',#16140,#13464,#13465);
#11495=AXIS2_PLACEMENT_3D('',#16146,#13466,#13467);
#11496=AXIS2_PLACEMENT_3D('',#16153,#13469,#13470);
#11497=AXIS2_PLACEMENT_3D('',#16157,#13473,#13474);
#11498=AXIS2_PLACEMENT_3D('',#16162,#13475,#13476);
#11499=AXIS2_PLACEMENT_3D('',#16169,#13478,#13479);
#11500=AXIS2_PLACEMENT_3D('',#16173,#13482,#13483);
#11501=AXIS2_PLACEMENT_3D('',#16178,#13484,#13485);
#11502=AXIS2_PLACEMENT_3D('',#16184,#13486,#13487);
#11503=AXIS2_PLACEMENT_3D('',#16185,#13488,#13489);
#11504=AXIS2_PLACEMENT_3D('',#16186,#13490,#13491);
#11505=AXIS2_PLACEMENT_3D('',#16192,#13492,#13493);
#11506=AXIS2_PLACEMENT_3D('',#16203,#13495,#13496);
#11507=AXIS2_PLACEMENT_3D('',#16207,#13499,#13500);
#11508=AXIS2_PLACEMENT_3D('',#16216,#13501,#13502);
#11509=AXIS2_PLACEMENT_3D('',#16217,#13503,#13504);
#11510=AXIS2_PLACEMENT_3D('',#16218,#13505,#13506);
#11511=AXIS2_PLACEMENT_3D('',#16220,#13508,#13509);
#11512=AXIS2_PLACEMENT_3D('',#16222,#13511,#13512);
#11513=AXIS2_PLACEMENT_3D('',#16224,#13514,#13515);
#11514=AXIS2_PLACEMENT_3D('',#16226,#13517,#13518);
#11515=AXIS2_PLACEMENT_3D('',#16231,#13521,#13522);
#11516=AXIS2_PLACEMENT_3D('',#16235,#13524,#13525);
#11517=AXIS2_PLACEMENT_3D('',#16236,#13526,#13527);
#11518=AXIS2_PLACEMENT_3D('',#16238,#13528,#13529);
#11519=AXIS2_PLACEMENT_3D('',#16240,#13530,#13531);
#11520=AXIS2_PLACEMENT_3D('',#16243,#13534,#13535);
#11521=AXIS2_PLACEMENT_3D('',#16244,#13536,#13537);
#11522=AXIS2_PLACEMENT_3D('',#16245,#13538,#13539);
#11523=AXIS2_PLACEMENT_3D('',#16246,#13540,#13541);
#11524=AXIS2_PLACEMENT_3D('',#16252,#13545,#13546);
#11525=AXIS2_PLACEMENT_3D('',#16258,#13550,#13551);
#11526=AXIS2_PLACEMENT_3D('',#16267,#13556,#13557);
#11527=AXIS2_PLACEMENT_3D('',#16271,#13559,#13560);
#11528=AXIS2_PLACEMENT_3D('',#16273,#13562,#13563);
#11529=AXIS2_PLACEMENT_3D('',#16276,#13565,#13566);
#11530=AXIS2_PLACEMENT_3D('',#16277,#13567,#13568);
#11531=AXIS2_PLACEMENT_3D('',#16281,#13571,#13572);
#11532=AXIS2_PLACEMENT_3D('',#16283,#13574,#13575);
#11533=AXIS2_PLACEMENT_3D('',#16292,#13580,#13581);
#11534=AXIS2_PLACEMENT_3D('',#16302,#13587,#13588);
#11535=AXIS2_PLACEMENT_3D('',#16304,#13590,#13591);
#11536=AXIS2_PLACEMENT_3D('',#16305,#13592,#13593);
#11537=AXIS2_PLACEMENT_3D('',#16308,#13596,#13597);
#11538=AXIS2_PLACEMENT_3D('',#16309,#13598,#13599);
#11539=AXIS2_PLACEMENT_3D('',#16310,#13600,#13601);
#11540=AXIS2_PLACEMENT_3D('',#16311,#13602,#13603);
#11541=AXIS2_PLACEMENT_3D('',#16312,#13604,#13605);
#11542=AXIS2_PLACEMENT_3D('',#16313,#13606,#13607);
#11543=AXIS2_PLACEMENT_3D('',#16316,#13609,#13610);
#11544=AXIS2_PLACEMENT_3D('',#16319,#13612,#13613);
#11545=AXIS2_PLACEMENT_3D('',#16321,#13615,#13616);
#11546=AXIS2_PLACEMENT_3D('',#16323,#13618,#13619);
#11547=AXIS2_PLACEMENT_3D('',#16324,#13620,#13621);
#11548=AXIS2_PLACEMENT_3D('',#16325,#13622,#13623);
#11549=AXIS2_PLACEMENT_3D('',#16328,#13624,#13625);
#11550=AXIS2_PLACEMENT_3D('',#16330,#13626,#13627);
#11551=AXIS2_PLACEMENT_3D('',#16332,#13628,#13629);
#11552=AXIS2_PLACEMENT_3D('',#16334,#13630,#13631);
#11553=AXIS2_PLACEMENT_3D('',#16336,#13632,#13633);
#11554=AXIS2_PLACEMENT_3D('',#16338,#13634,#13635);
#11555=AXIS2_PLACEMENT_3D('',#16340,#13636,#13637);
#11556=AXIS2_PLACEMENT_3D('',#16342,#13638,#13639);
#11557=AXIS2_PLACEMENT_3D('',#16344,#13640,#13641);
#11558=AXIS2_PLACEMENT_3D('',#16346,#13642,#13643);
#11559=AXIS2_PLACEMENT_3D('',#16348,#13644,#13645);
#11560=AXIS2_PLACEMENT_3D('',#16350,#13646,#13647);
#11561=AXIS2_PLACEMENT_3D('',#16352,#13648,#13649);
#11562=AXIS2_PLACEMENT_3D('',#16354,#13650,#13651);
#11563=AXIS2_PLACEMENT_3D('',#16356,#13652,#13653);
#11564=AXIS2_PLACEMENT_3D('',#16358,#13654,#13655);
#11565=AXIS2_PLACEMENT_3D('',#16360,#13656,#13657);
#11566=AXIS2_PLACEMENT_3D('',#16362,#13658,#13659);
#11567=AXIS2_PLACEMENT_3D('',#16364,#13660,#13661);
#11568=AXIS2_PLACEMENT_3D('',#16366,#13662,#13663);
#11569=AXIS2_PLACEMENT_3D('',#16368,#13664,#13665);
#11570=AXIS2_PLACEMENT_3D('',#16370,#13666,#13667);
#11571=AXIS2_PLACEMENT_3D('',#16372,#13668,#13669);
#11572=AXIS2_PLACEMENT_3D('',#16374,#13670,#13671);
#11573=AXIS2_PLACEMENT_3D('',#16376,#13672,#13673);
#11574=AXIS2_PLACEMENT_3D('',#16378,#13674,#13675);
#11575=AXIS2_PLACEMENT_3D('',#16380,#13676,#13677);
#11576=AXIS2_PLACEMENT_3D('',#16382,#13678,#13679);
#11577=AXIS2_PLACEMENT_3D('',#16384,#13680,#13681);
#11578=AXIS2_PLACEMENT_3D('',#16386,#13682,#13683);
#11579=AXIS2_PLACEMENT_3D('',#16388,#13684,#13685);
#11580=AXIS2_PLACEMENT_3D('',#16390,#13686,#13687);
#11581=AXIS2_PLACEMENT_3D('',#16392,#13688,#13689);
#11582=AXIS2_PLACEMENT_3D('',#16394,#13690,#13691);
#11583=AXIS2_PLACEMENT_3D('',#16396,#13692,#13693);
#11584=AXIS2_PLACEMENT_3D('',#16397,#13694,#13695);
#11585=AXIS2_PLACEMENT_3D('',#16399,#13696,#13697);
#11586=AXIS2_PLACEMENT_3D('',#16400,#13698,#13699);
#11587=AXIS2_PLACEMENT_3D('',#16402,#13700,#13701);
#11588=AXIS2_PLACEMENT_3D('',#16403,#13702,#13703);
#11589=AXIS2_PLACEMENT_3D('',#16405,#13704,#13705);
#11590=AXIS2_PLACEMENT_3D('',#16406,#13706,#13707);
#11591=AXIS2_PLACEMENT_3D('',#16408,#13708,#13709);
#11592=AXIS2_PLACEMENT_3D('',#16409,#13710,#13711);
#11593=AXIS2_PLACEMENT_3D('',#16411,#13712,#13713);
#11594=AXIS2_PLACEMENT_3D('',#16412,#13714,#13715);
#11595=AXIS2_PLACEMENT_3D('',#16414,#13716,#13717);
#11596=AXIS2_PLACEMENT_3D('',#16415,#13718,#13719);
#11597=AXIS2_PLACEMENT_3D('',#16417,#13720,#13721);
#11598=AXIS2_PLACEMENT_3D('',#16418,#13722,#13723);
#11599=AXIS2_PLACEMENT_3D('',#16419,#13724,#13725);
#11600=AXIS2_PLACEMENT_3D('',#16422,#13726,#13727);
#11601=AXIS2_PLACEMENT_3D('',#16424,#13728,#13729);
#11602=AXIS2_PLACEMENT_3D('',#16426,#13730,#13731);
#11603=AXIS2_PLACEMENT_3D('',#16428,#13732,#13733);
#11604=AXIS2_PLACEMENT_3D('',#16430,#13734,#13735);
#11605=AXIS2_PLACEMENT_3D('',#16432,#13736,#13737);
#11606=AXIS2_PLACEMENT_3D('',#16434,#13738,#13739);
#11607=AXIS2_PLACEMENT_3D('',#16436,#13740,#13741);
#11608=AXIS2_PLACEMENT_3D('',#16438,#13742,#13743);
#11609=AXIS2_PLACEMENT_3D('',#16440,#13744,#13745);
#11610=AXIS2_PLACEMENT_3D('',#16442,#13746,#13747);
#11611=AXIS2_PLACEMENT_3D('',#16444,#13748,#13749);
#11612=AXIS2_PLACEMENT_3D('',#16446,#13750,#13751);
#11613=AXIS2_PLACEMENT_3D('',#16448,#13752,#13753);
#11614=AXIS2_PLACEMENT_3D('',#16450,#13754,#13755);
#11615=AXIS2_PLACEMENT_3D('',#16452,#13756,#13757);
#11616=AXIS2_PLACEMENT_3D('',#16454,#13758,#13759);
#11617=AXIS2_PLACEMENT_3D('',#16456,#13760,#13761);
#11618=AXIS2_PLACEMENT_3D('',#16458,#13762,#13763);
#11619=AXIS2_PLACEMENT_3D('',#16460,#13764,#13765);
#11620=AXIS2_PLACEMENT_3D('',#16462,#13766,#13767);
#11621=AXIS2_PLACEMENT_3D('',#16464,#13768,#13769);
#11622=AXIS2_PLACEMENT_3D('',#16466,#13770,#13771);
#11623=AXIS2_PLACEMENT_3D('',#16468,#13772,#13773);
#11624=AXIS2_PLACEMENT_3D('',#16470,#13774,#13775);
#11625=AXIS2_PLACEMENT_3D('',#16472,#13776,#13777);
#11626=AXIS2_PLACEMENT_3D('',#16474,#13778,#13779);
#11627=AXIS2_PLACEMENT_3D('',#16476,#13780,#13781);
#11628=AXIS2_PLACEMENT_3D('',#16478,#13782,#13783);
#11629=AXIS2_PLACEMENT_3D('',#16480,#13784,#13785);
#11630=AXIS2_PLACEMENT_3D('',#16482,#13786,#13787);
#11631=AXIS2_PLACEMENT_3D('',#16484,#13788,#13789);
#11632=AXIS2_PLACEMENT_3D('',#16486,#13790,#13791);
#11633=AXIS2_PLACEMENT_3D('',#16488,#13792,#13793);
#11634=AXIS2_PLACEMENT_3D('',#16490,#13794,#13795);
#11635=AXIS2_PLACEMENT_3D('',#16491,#13796,#13797);
#11636=AXIS2_PLACEMENT_3D('',#16493,#13798,#13799);
#11637=AXIS2_PLACEMENT_3D('',#16494,#13800,#13801);
#11638=AXIS2_PLACEMENT_3D('',#16496,#13802,#13803);
#11639=AXIS2_PLACEMENT_3D('',#16497,#13804,#13805);
#11640=AXIS2_PLACEMENT_3D('',#16499,#13806,#13807);
#11641=AXIS2_PLACEMENT_3D('',#16500,#13808,#13809);
#11642=AXIS2_PLACEMENT_3D('',#16502,#13810,#13811);
#11643=AXIS2_PLACEMENT_3D('',#16503,#13812,#13813);
#11644=AXIS2_PLACEMENT_3D('',#16505,#13814,#13815);
#11645=AXIS2_PLACEMENT_3D('',#16506,#13816,#13817);
#11646=AXIS2_PLACEMENT_3D('',#16508,#13818,#13819);
#11647=AXIS2_PLACEMENT_3D('',#16509,#13820,#13821);
#11648=AXIS2_PLACEMENT_3D('',#16511,#13822,#13823);
#11649=AXIS2_PLACEMENT_3D('',#16512,#13824,#13825);
#11650=AXIS2_PLACEMENT_3D('',#16515,#13827,#13828);
#11651=AXIS2_PLACEMENT_3D('',#16518,#13830,#13831);
#11652=AXIS2_PLACEMENT_3D('',#16521,#13833,#13834);
#11653=AXIS2_PLACEMENT_3D('',#16522,#13835,#13836);
#11654=AXIS2_PLACEMENT_3D('',#16525,#13838,#13839);
#11655=AXIS2_PLACEMENT_3D('',#16526,#13840,#13841);
#11656=AXIS2_PLACEMENT_3D('',#16529,#13843,#13844);
#11657=AXIS2_PLACEMENT_3D('',#16530,#13845,#13846);
#11658=AXIS2_PLACEMENT_3D('',#16533,#13848,#13849);
#11659=AXIS2_PLACEMENT_3D('',#16534,#13850,#13851);
#11660=AXIS2_PLACEMENT_3D('',#16537,#13853,#13854);
#11661=AXIS2_PLACEMENT_3D('',#16538,#13855,#13856);
#11662=AXIS2_PLACEMENT_3D('',#16541,#13858,#13859);
#11663=AXIS2_PLACEMENT_3D('',#16542,#13860,#13861);
#11664=AXIS2_PLACEMENT_3D('',#16545,#13863,#13864);
#11665=AXIS2_PLACEMENT_3D('',#16546,#13865,#13866);
#11666=AXIS2_PLACEMENT_3D('',#16549,#13868,#13869);
#11667=AXIS2_PLACEMENT_3D('',#16550,#13870,#13871);
#11668=AXIS2_PLACEMENT_3D('',#16553,#13873,#13874);
#11669=AXIS2_PLACEMENT_3D('',#16554,#13875,#13876);
#11670=AXIS2_PLACEMENT_3D('',#16557,#13878,#13879);
#11671=AXIS2_PLACEMENT_3D('',#16558,#13880,#13881);
#11672=AXIS2_PLACEMENT_3D('',#16561,#13883,#13884);
#11673=AXIS2_PLACEMENT_3D('',#16562,#13885,#13886);
#11674=AXIS2_PLACEMENT_3D('',#16565,#13888,#13889);
#11675=AXIS2_PLACEMENT_3D('',#16566,#13890,#13891);
#11676=AXIS2_PLACEMENT_3D('',#16569,#13893,#13894);
#11677=AXIS2_PLACEMENT_3D('',#16570,#13895,#13896);
#11678=AXIS2_PLACEMENT_3D('',#16573,#13898,#13899);
#11679=AXIS2_PLACEMENT_3D('',#16574,#13900,#13901);
#11680=AXIS2_PLACEMENT_3D('',#16577,#13903,#13904);
#11681=AXIS2_PLACEMENT_3D('',#16578,#13905,#13906);
#11682=AXIS2_PLACEMENT_3D('',#16581,#13908,#13909);
#11683=AXIS2_PLACEMENT_3D('',#16582,#13910,#13911);
#11684=AXIS2_PLACEMENT_3D('',#16585,#13913,#13914);
#11685=AXIS2_PLACEMENT_3D('',#16586,#13915,#13916);
#11686=AXIS2_PLACEMENT_3D('',#16589,#13918,#13919);
#11687=AXIS2_PLACEMENT_3D('',#16590,#13920,#13921);
#11688=AXIS2_PLACEMENT_3D('',#16593,#13923,#13924);
#11689=AXIS2_PLACEMENT_3D('',#16594,#13925,#13926);
#11690=AXIS2_PLACEMENT_3D('',#16597,#13928,#13929);
#11691=AXIS2_PLACEMENT_3D('',#16598,#13930,#13931);
#11692=AXIS2_PLACEMENT_3D('',#16601,#13933,#13934);
#11693=AXIS2_PLACEMENT_3D('',#16602,#13935,#13936);
#11694=AXIS2_PLACEMENT_3D('',#16605,#13938,#13939);
#11695=AXIS2_PLACEMENT_3D('',#16606,#13940,#13941);
#11696=AXIS2_PLACEMENT_3D('',#16609,#13943,#13944);
#11697=AXIS2_PLACEMENT_3D('',#16610,#13945,#13946);
#11698=AXIS2_PLACEMENT_3D('',#16613,#13948,#13949);
#11699=AXIS2_PLACEMENT_3D('',#16614,#13950,#13951);
#11700=AXIS2_PLACEMENT_3D('',#16617,#13953,#13954);
#11701=AXIS2_PLACEMENT_3D('',#16618,#13955,#13956);
#11702=AXIS2_PLACEMENT_3D('',#16621,#13958,#13959);
#11703=AXIS2_PLACEMENT_3D('',#16622,#13960,#13961);
#11704=AXIS2_PLACEMENT_3D('',#16625,#13963,#13964);
#11705=AXIS2_PLACEMENT_3D('',#16626,#13965,#13966);
#11706=AXIS2_PLACEMENT_3D('',#16629,#13968,#13969);
#11707=AXIS2_PLACEMENT_3D('',#16630,#13970,#13971);
#11708=AXIS2_PLACEMENT_3D('',#16633,#13973,#13974);
#11709=AXIS2_PLACEMENT_3D('',#16634,#13975,#13976);
#11710=AXIS2_PLACEMENT_3D('',#16637,#13978,#13979);
#11711=AXIS2_PLACEMENT_3D('',#16638,#13980,#13981);
#11712=AXIS2_PLACEMENT_3D('',#16641,#13983,#13984);
#11713=AXIS2_PLACEMENT_3D('',#16642,#13985,#13986);
#11714=AXIS2_PLACEMENT_3D('',#16645,#13988,#13989);
#11715=AXIS2_PLACEMENT_3D('',#16646,#13990,#13991);
#11716=AXIS2_PLACEMENT_3D('',#16649,#13993,#13994);
#11717=AXIS2_PLACEMENT_3D('',#16650,#13995,#13996);
#11718=AXIS2_PLACEMENT_3D('',#16653,#13998,#13999);
#11719=AXIS2_PLACEMENT_3D('',#16654,#14000,#14001);
#11720=AXIS2_PLACEMENT_3D('',#16655,#14002,#14003);
#11721=AXIS2_PLACEMENT_3D('',#16656,#14004,#14005);
#11722=AXIS2_PLACEMENT_3D('',#16657,#14006,#14007);
#11723=AXIS2_PLACEMENT_3D('',#16660,#14009,#14010);
#11724=AXIS2_PLACEMENT_3D('',#16663,#14012,#14013);
#11725=AXIS2_PLACEMENT_3D('',#16666,#14015,#14016);
#11726=AXIS2_PLACEMENT_3D('',#16667,#14017,#14018);
#11727=AXIS2_PLACEMENT_3D('',#16670,#14020,#14021);
#11728=AXIS2_PLACEMENT_3D('',#16671,#14022,#14023);
#11729=AXIS2_PLACEMENT_3D('',#16674,#14025,#14026);
#11730=AXIS2_PLACEMENT_3D('',#16675,#14027,#14028);
#11731=AXIS2_PLACEMENT_3D('',#16678,#14030,#14031);
#11732=AXIS2_PLACEMENT_3D('',#16679,#14032,#14033);
#11733=AXIS2_PLACEMENT_3D('',#16682,#14035,#14036);
#11734=AXIS2_PLACEMENT_3D('',#16683,#14037,#14038);
#11735=AXIS2_PLACEMENT_3D('',#16686,#14040,#14041);
#11736=AXIS2_PLACEMENT_3D('',#16687,#14042,#14043);
#11737=AXIS2_PLACEMENT_3D('',#16690,#14045,#14046);
#11738=AXIS2_PLACEMENT_3D('',#16691,#14047,#14048);
#11739=AXIS2_PLACEMENT_3D('',#16694,#14050,#14051);
#11740=AXIS2_PLACEMENT_3D('',#16695,#14052,#14053);
#11741=AXIS2_PLACEMENT_3D('',#16698,#14055,#14056);
#11742=AXIS2_PLACEMENT_3D('',#16699,#14057,#14058);
#11743=AXIS2_PLACEMENT_3D('',#16702,#14060,#14061);
#11744=AXIS2_PLACEMENT_3D('',#16703,#14062,#14063);
#11745=AXIS2_PLACEMENT_3D('',#16706,#14065,#14066);
#11746=AXIS2_PLACEMENT_3D('',#16707,#14067,#14068);
#11747=AXIS2_PLACEMENT_3D('',#16710,#14070,#14071);
#11748=AXIS2_PLACEMENT_3D('',#16711,#14072,#14073);
#11749=AXIS2_PLACEMENT_3D('',#16714,#14075,#14076);
#11750=AXIS2_PLACEMENT_3D('',#16715,#14077,#14078);
#11751=AXIS2_PLACEMENT_3D('',#16718,#14080,#14081);
#11752=AXIS2_PLACEMENT_3D('',#16719,#14082,#14083);
#11753=AXIS2_PLACEMENT_3D('',#16722,#14085,#14086);
#11754=AXIS2_PLACEMENT_3D('',#16723,#14087,#14088);
#11755=AXIS2_PLACEMENT_3D('',#16726,#14090,#14091);
#11756=AXIS2_PLACEMENT_3D('',#16727,#14092,#14093);
#11757=AXIS2_PLACEMENT_3D('',#16730,#14095,#14096);
#11758=AXIS2_PLACEMENT_3D('',#16731,#14097,#14098);
#11759=AXIS2_PLACEMENT_3D('',#16734,#14100,#14101);
#11760=AXIS2_PLACEMENT_3D('',#16735,#14102,#14103);
#11761=AXIS2_PLACEMENT_3D('',#16738,#14105,#14106);
#11762=AXIS2_PLACEMENT_3D('',#16739,#14107,#14108);
#11763=AXIS2_PLACEMENT_3D('',#16742,#14110,#14111);
#11764=AXIS2_PLACEMENT_3D('',#16743,#14112,#14113);
#11765=AXIS2_PLACEMENT_3D('',#16746,#14115,#14116);
#11766=AXIS2_PLACEMENT_3D('',#16747,#14117,#14118);
#11767=AXIS2_PLACEMENT_3D('',#16750,#14120,#14121);
#11768=AXIS2_PLACEMENT_3D('',#16751,#14122,#14123);
#11769=AXIS2_PLACEMENT_3D('',#16754,#14125,#14126);
#11770=AXIS2_PLACEMENT_3D('',#16755,#14127,#14128);
#11771=AXIS2_PLACEMENT_3D('',#16758,#14130,#14131);
#11772=AXIS2_PLACEMENT_3D('',#16759,#14132,#14133);
#11773=AXIS2_PLACEMENT_3D('',#16762,#14135,#14136);
#11774=AXIS2_PLACEMENT_3D('',#16763,#14137,#14138);
#11775=AXIS2_PLACEMENT_3D('',#16766,#14140,#14141);
#11776=AXIS2_PLACEMENT_3D('',#16767,#14142,#14143);
#11777=AXIS2_PLACEMENT_3D('',#16770,#14145,#14146);
#11778=AXIS2_PLACEMENT_3D('',#16771,#14147,#14148);
#11779=AXIS2_PLACEMENT_3D('',#16774,#14150,#14151);
#11780=AXIS2_PLACEMENT_3D('',#16775,#14152,#14153);
#11781=AXIS2_PLACEMENT_3D('',#16778,#14155,#14156);
#11782=AXIS2_PLACEMENT_3D('',#16779,#14157,#14158);
#11783=AXIS2_PLACEMENT_3D('',#16782,#14160,#14161);
#11784=AXIS2_PLACEMENT_3D('',#16783,#14162,#14163);
#11785=AXIS2_PLACEMENT_3D('',#16786,#14165,#14166);
#11786=AXIS2_PLACEMENT_3D('',#16787,#14167,#14168);
#11787=AXIS2_PLACEMENT_3D('',#16790,#14170,#14171);
#11788=AXIS2_PLACEMENT_3D('',#16791,#14172,#14173);
#11789=AXIS2_PLACEMENT_3D('',#16794,#14175,#14176);
#11790=AXIS2_PLACEMENT_3D('',#16795,#14177,#14178);
#11791=AXIS2_PLACEMENT_3D('',#16798,#14180,#14181);
#11792=AXIS2_PLACEMENT_3D('',#16799,#14182,#14183);
#11793=AXIS2_PLACEMENT_3D('',#16800,#14184,#14185);
#11794=AXIS2_PLACEMENT_3D('',#16801,#14186,#14187);
#11795=AXIS2_PLACEMENT_3D('',#16802,#14188,#14189);
#11796=AXIS2_PLACEMENT_3D('',#16805,#14191,#14192);
#11797=AXIS2_PLACEMENT_3D('',#16808,#14194,#14195);
#11798=AXIS2_PLACEMENT_3D('',#16810,#14197,#14198);
#11799=AXIS2_PLACEMENT_3D('',#16814,#14201,#14202);
#11800=AXIS2_PLACEMENT_3D('',#16815,#14203,#14204);
#11801=AXIS2_PLACEMENT_3D('',#16818,#14206,#14207);
#11802=AXIS2_PLACEMENT_3D('',#16820,#14209,#14210);
#11803=AXIS2_PLACEMENT_3D('',#16821,#14211,#14212);
#11804=AXIS2_PLACEMENT_3D('',#16823,#14213,#14214);
#11805=AXIS2_PLACEMENT_3D('',#16824,#14215,#14216);
#11806=AXIS2_PLACEMENT_3D('',#16826,#14217,#14218);
#11807=AXIS2_PLACEMENT_3D('',#16827,#14219,#14220);
#11808=AXIS2_PLACEMENT_3D('',#16829,#14221,#14222);
#11809=AXIS2_PLACEMENT_3D('',#16830,#14223,#14224);
#11810=AXIS2_PLACEMENT_3D('',#16832,#14225,#14226);
#11811=AXIS2_PLACEMENT_3D('',#16833,#14227,#14228);
#11812=AXIS2_PLACEMENT_3D('',#16834,#14229,#14230);
#11813=AXIS2_PLACEMENT_3D('',#16843,#14235,#14236);
#11814=AXIS2_PLACEMENT_3D('',#16849,#14240,#14241);
#11815=AXIS2_PLACEMENT_3D('',#16855,#14245,#14246);
#11816=AXIS2_PLACEMENT_3D('',#16858,#14249,#14250);
#11817=AXIS2_PLACEMENT_3D('',#16859,#14251,#14252);
#11818=AXIS2_PLACEMENT_3D('',#16860,#14253,#14254);
#11819=AXIS2_PLACEMENT_3D('',#16861,#14255,#14256);
#11820=AXIS2_PLACEMENT_3D('',#16862,#14257,#14258);
#11821=AXIS2_PLACEMENT_3D('',#16864,#14259,#14260);
#11822=AXIS2_PLACEMENT_3D('',#16866,#14261,#14262);
#11823=AXIS2_PLACEMENT_3D('',#16874,#14266,#14267);
#11824=AXIS2_PLACEMENT_3D('',#16878,#14269,#14270);
#11825=AXIS2_PLACEMENT_3D('',#16887,#14275,#14276);
#11826=AXIS2_PLACEMENT_3D('',#16899,#14282,#14283);
#11827=AXIS2_PLACEMENT_3D('',#16900,#14284,#14285);
#11828=AXIS2_PLACEMENT_3D('',#16902,#14286,#14287);
#11829=AXIS2_PLACEMENT_3D('',#16904,#14288,#14289);
#11830=AXIS2_PLACEMENT_3D('',#16913,#14293,#14294);
#11831=AXIS2_PLACEMENT_3D('',#16917,#14296,#14297);
#11832=AXIS2_PLACEMENT_3D('',#16921,#14299,#14300);
#11833=AXIS2_PLACEMENT_3D('',#16924,#14302,#14303);
#11834=AXIS2_PLACEMENT_3D('',#16930,#14307,#14308);
#11835=AXIS2_PLACEMENT_3D('',#16935,#14311,#14312);
#11836=AXIS2_PLACEMENT_3D('',#16936,#14313,#14314);
#11837=AXIS2_PLACEMENT_3D('',#16937,#14315,#14316);
#11838=AXIS2_PLACEMENT_3D('',#16938,#14317,#14318);
#11839=AXIS2_PLACEMENT_3D('',#16940,#14319,#14320);
#11840=AXIS2_PLACEMENT_3D('',#16942,#14321,#14322);
#11841=AXIS2_PLACEMENT_3D('',#16952,#14324,#14325);
#11842=AXIS2_PLACEMENT_3D('',#16959,#14326,#14327);
#11843=AXIS2_PLACEMENT_3D('',#16961,#14329,#14330);
#11844=AXIS2_PLACEMENT_3D('',#16968,#14331,#14332);
#11845=AXIS2_PLACEMENT_3D('',#16971,#14334,#14335);
#11846=AXIS2_PLACEMENT_3D('',#16972,#14336,#14337);
#11847=AXIS2_PLACEMENT_3D('',#16984,#14343,#14344);
#11848=AXIS2_PLACEMENT_3D('',#16990,#14347,#14348);
#11849=AXIS2_PLACEMENT_3D('',#16997,#14352,#14353);
#11850=AXIS2_PLACEMENT_3D('',#17003,#14357,#14358);
#11851=AXIS2_PLACEMENT_3D('',#17006,#14360,#14361);
#11852=AXIS2_PLACEMENT_3D('',#17011,#14365,#14366);
#11853=AXIS2_PLACEMENT_3D('',#17017,#14370,#14371);
#11854=AXIS2_PLACEMENT_3D('',#17020,#14374,#14375);
#11855=AXIS2_PLACEMENT_3D('',#17021,#14376,#14377);
#11856=AXIS2_PLACEMENT_3D('',#17026,#14379,#14380);
#11857=AXIS2_PLACEMENT_3D('',#17029,#14382,#14383);
#11858=AXIS2_PLACEMENT_3D('',#17040,#14390,#14391);
#11859=AXIS2_PLACEMENT_3D('',#17041,#14392,#14393);
#11860=AXIS2_PLACEMENT_3D('',#17045,#14395,#14396);
#11861=AXIS2_PLACEMENT_3D('',#17046,#14397,#14398);
#11862=AXIS2_PLACEMENT_3D('',#17052,#14402,#14403);
#11863=AXIS2_PLACEMENT_3D('',#17053,#14404,#14405);
#11864=AXIS2_PLACEMENT_3D('',#17054,#14406,#14407);
#11865=AXIS2_PLACEMENT_3D('',#17055,#14408,#14409);
#11866=AXIS2_PLACEMENT_3D('',#17056,#14410,#14411);
#11867=AXIS2_PLACEMENT_3D('',#17060,#14413,#14414);
#11868=AXIS2_PLACEMENT_3D('',#17061,#14415,#14416);
#11869=AXIS2_PLACEMENT_3D('',#17064,#14419,#14420);
#11870=AXIS2_PLACEMENT_3D('',#17065,#14421,#14422);
#11871=AXIS2_PLACEMENT_3D('',#17067,#14423,#14424);
#11872=AXIS2_PLACEMENT_3D('',#17069,#14425,#14426);
#11873=AXIS2_PLACEMENT_3D('',#17070,#14427,#14428);
#11874=AXIS2_PLACEMENT_3D('',#17074,#14430,#14431);
#11875=AXIS2_PLACEMENT_3D('',#17075,#14432,#14433);
#11876=AXIS2_PLACEMENT_3D('',#17076,#14434,#14435);
#11877=AXIS2_PLACEMENT_3D('',#17080,#14437,#14438);
#11878=AXIS2_PLACEMENT_3D('',#17081,#14439,#14440);
#11879=AXIS2_PLACEMENT_3D('',#17083,#14442,#14443);
#11880=AXIS2_PLACEMENT_3D('',#17085,#14445,#14446);
#11881=AXIS2_PLACEMENT_3D('',#17091,#14447,#14448);
#11882=AXIS2_PLACEMENT_3D('',#17092,#14449,#14450);
#11883=AXIS2_PLACEMENT_3D('',#17093,#14451,#14452);
#11884=AXIS2_PLACEMENT_3D('',#17100,#14454,#14455);
#11885=AXIS2_PLACEMENT_3D('',#17102,#14457,#14458);
#11886=AXIS2_PLACEMENT_3D('',#17103,#14459,#14460);
#11887=AXIS2_PLACEMENT_3D('',#17104,#14461,#14462);
#11888=AXIS2_PLACEMENT_3D('',#17106,#14463,#14464);
#11889=AXIS2_PLACEMENT_3D('',#17107,#14465,#14466);
#11890=AXIS2_PLACEMENT_3D('',#17109,#14467,#14468);
#11891=AXIS2_PLACEMENT_3D('',#17110,#14469,#14470);
#11892=AXIS2_PLACEMENT_3D('',#17111,#14471,#14472);
#11893=AXIS2_PLACEMENT_3D('',#17112,#14473,#14474);
#11894=AXIS2_PLACEMENT_3D('',#17113,#14475,#14476);
#11895=AXIS2_PLACEMENT_3D('',#17114,#14477,#14478);
#11896=AXIS2_PLACEMENT_3D('',#17115,#14479,#14480);
#11897=AXIS2_PLACEMENT_3D('',#17117,#14482,#14483);
#11898=AXIS2_PLACEMENT_3D('',#17122,#14486,#14487);
#11899=AXIS2_PLACEMENT_3D('',#17123,#14488,#14489);
#11900=AXIS2_PLACEMENT_3D('',#17125,#14491,#14492);
#11901=AXIS2_PLACEMENT_3D('',#17130,#14495,#14496);
#11902=AXIS2_PLACEMENT_3D('',#17131,#14497,#14498);
#11903=AXIS2_PLACEMENT_3D('',#17133,#14500,#14501);
#11904=AXIS2_PLACEMENT_3D('',#17135,#14503,#14504);
#11905=AXIS2_PLACEMENT_3D('',#17136,#14505,#14506);
#11906=AXIS2_PLACEMENT_3D('',#17137,#14507,#14508);
#11907=AXIS2_PLACEMENT_3D('',#17138,#14509,#14510);
#11908=AXIS2_PLACEMENT_3D('',#17140,#14512,#14513);
#11909=AXIS2_PLACEMENT_3D('',#17142,#14515,#14516);
#11910=AXIS2_PLACEMENT_3D('',#17143,#14517,#14518);
#11911=AXIS2_PLACEMENT_3D('',#17144,#14519,#14520);
#11912=AXIS2_PLACEMENT_3D('',#17145,#14521,#14522);
#11913=AXIS2_PLACEMENT_3D('',#17147,#14524,#14525);
#11914=AXIS2_PLACEMENT_3D('',#17148,#14526,#14527);
#11915=AXIS2_PLACEMENT_3D('',#17150,#14529,#14530);
#11916=AXIS2_PLACEMENT_3D('',#17151,#14531,#14532);
#11917=AXIS2_PLACEMENT_3D('',#17164,#14539,#14540);
#11918=AXIS2_PLACEMENT_3D('',#17165,#14541,#14542);
#11919=AXIS2_PLACEMENT_3D('',#17167,#14543,#14544);
#11920=AXIS2_PLACEMENT_3D('',#17168,#14545,#14546);
#11921=AXIS2_PLACEMENT_3D('',#17174,#14550,#14551);
#11922=AXIS2_PLACEMENT_3D('',#17178,#14554,#14555);
#11923=AXIS2_PLACEMENT_3D('',#17182,#14558,#14559);
#11924=AXIS2_PLACEMENT_3D('',#17186,#14562,#14563);
#11925=AXIS2_PLACEMENT_3D('',#17190,#14566,#14567);
#11926=AXIS2_PLACEMENT_3D('',#17192,#14569,#14570);
#11927=AXIS2_PLACEMENT_3D('',#17193,#14571,#14572);
#11928=AXIS2_PLACEMENT_3D('',#17197,#14574,#14575);
#11929=AXIS2_PLACEMENT_3D('',#17198,#14576,#14577);
#11930=AXIS2_PLACEMENT_3D('',#17199,#14578,#14579);
#11931=AXIS2_PLACEMENT_3D('',#17200,#14580,#14581);
#11932=AXIS2_PLACEMENT_3D('',#17201,#14582,#14583);
#11933=AXIS2_PLACEMENT_3D('',#17202,#14584,#14585);
#11934=AXIS2_PLACEMENT_3D('',#17203,#14586,#14587);
#11935=AXIS2_PLACEMENT_3D('',#17204,#14588,#14589);
#11936=DIRECTION('',(0.,0.,1.));
#11937=DIRECTION('',(1.,0.,0.));
#11938=DIRECTION('',(0.,-1.,0.));
#11939=DIRECTION('',(0.,0.,-1.));
#11940=DIRECTION('',(-1.,0.,0.));
#11941=DIRECTION('',(0.,0.,1.));
#11942=DIRECTION('',(-1.,0.,0.));
#11943=DIRECTION('',(0.,0.,1.));
#11944=DIRECTION('',(-1.,0.,0.));
#11945=DIRECTION('',(0.,0.,-1.));
#11946=DIRECTION('',(-1.,0.,0.));
#11947=DIRECTION('',(-0.331668125174647,0.,0.943396128221403));
#11948=DIRECTION('',(0.,-1.,0.));
#11949=DIRECTION('',(0.,0.,1.));
#11950=DIRECTION('',(-0.331668125174646,0.,-0.943396128221404));
#11951=DIRECTION('',(-1.,0.,0.));
#11952=DIRECTION('',(0.,0.,-1.));
#11953=DIRECTION('',(-1.,0.,0.));
#11954=DIRECTION('',(0.,0.,1.));
#11955=DIRECTION('',(-1.,0.,0.));
#11956=DIRECTION('',(0.,0.,1.));
#11957=DIRECTION('',(0.,0.,-1.));
#11958=DIRECTION('',(-1.,0.,0.));
#11959=DIRECTION('',(0.,0.,1.));
#11960=DIRECTION('',(-1.,0.,0.));
#11961=DIRECTION('',(0.,0.,1.));
#11962=DIRECTION('',(-1.,0.,0.));
#11963=DIRECTION('',(0.,0.,1.));
#11964=DIRECTION('',(-1.,0.,0.));
#11965=DIRECTION('',(0.,0.,-1.));
#11966=DIRECTION('',(-1.,0.,0.));
#11967=DIRECTION('',(0.,0.,1.));
#11968=DIRECTION('',(-1.,0.,0.));
#11969=DIRECTION('',(-1.,0.,0.));
#11970=DIRECTION('',(0.,0.,1.));
#11971=DIRECTION('',(0.939692620785905,0.0885213269013793,-0.330366089549361));
#11972=DIRECTION('',(-0.342020143325678,0.243210346801693,-0.907673371190365));
#11973=DIRECTION('',(-1.,0.,0.));
#11974=DIRECTION('',(-1.,0.,0.));
#11975=DIRECTION('',(-0.939692620785905,0.0885213269013792,-0.330366089549361));
#11976=DIRECTION('',(-0.342020143325678,-0.243210346801693,0.907673371190366));
#11977=DIRECTION('',(0.,-1.,0.));
#11978=DIRECTION('',(0.,0.,-1.));
#11979=DIRECTION('',(0.,0.,-1.));
#11980=DIRECTION('',(1.,0.,0.));
#11981=DIRECTION('',(0.,0.,-1.));
#11982=DIRECTION('',(-1.,0.,0.));
#11983=DIRECTION('',(1.,0.,0.));
#11984=DIRECTION('',(0.,0.,-1.));
#11985=DIRECTION('',(0.,0.997263104282007,0.0739344360755826));
#11986=DIRECTION('',(0.,0.,1.));
#11987=DIRECTION('',(-1.,0.,0.));
#11988=DIRECTION('',(0.,0.,1.));
#11989=DIRECTION('',(0.,0.,1.));
#11990=DIRECTION('',(0.,-1.,0.));
#11991=DIRECTION('',(0.,0.,1.));
#11992=DIRECTION('',(0.,-1.,0.));
#11993=DIRECTION('',(0.,0.,-1.));
#11994=DIRECTION('',(0.,-0.998229461804893,0.059480598389008));
#11995=DIRECTION('',(0.,0.,-1.));
#11996=DIRECTION('',(0.,-1.,0.));
#11997=DIRECTION('',(0.,0.,1.));
#11998=DIRECTION('',(0.,-1.,0.));
#11999=DIRECTION('',(0.,0.,1.));
#12000=DIRECTION('',(-1.,0.,0.));
#12001=DIRECTION('',(0.,0.,1.));
#12002=DIRECTION('',(-1.,0.,0.));
#12003=DIRECTION('',(0.,0.,1.));
#12004=DIRECTION('',(-1.,0.,0.));
#12005=DIRECTION('',(0.,0.,1.));
#12006=DIRECTION('',(0.,-0.997263104282007,-0.0739344360755826));
#12007=DIRECTION('',(0.,0.,1.));
#12008=DIRECTION('',(1.,0.,0.));
#12009=DIRECTION('',(0.,0.,-1.));
#12010=DIRECTION('',(1.,0.,0.));
#12011=DIRECTION('',(0.,0.,-1.));
#12012=DIRECTION('',(0.,0.,1.));
#12013=DIRECTION('',(0.,1.,0.));
#12014=DIRECTION('',(0.,0.,1.));
#12015=DIRECTION('',(0.,1.,0.));
#12016=DIRECTION('',(0.,0.,-1.));
#12017=DIRECTION('',(0.,0.998229461804893,-0.059480598389008));
#12018=DIRECTION('',(0.,0.,-1.));
#12019=DIRECTION('',(0.,1.,0.));
#12020=DIRECTION('',(0.,0.,1.));
#12021=DIRECTION('',(0.,1.,0.));
#12022=DIRECTION('',(0.,0.,1.));
#12023=DIRECTION('',(1.,0.,0.));
#12024=DIRECTION('',(0.,0.,-1.));
#12025=DIRECTION('',(0.,0.,1.));
#12026=DIRECTION('',(0.,-1.,0.));
#12027=DIRECTION('',(0.,0.,-1.));
#12028=DIRECTION('',(1.,0.,0.));
#12029=DIRECTION('',(0.,0.,-1.));
#12030=DIRECTION('',(-1.,0.,0.));
#12031=DIRECTION('',(0.,0.,1.));
#12032=DIRECTION('',(1.,0.,0.));
#12033=DIRECTION('',(0.,0.0739344360755826,-0.997263104282007));
#12034=DIRECTION('',(0.,0.997263104282007,0.0739344360755826));
#12035=DIRECTION('',(0.,0.,1.));
#12036=DIRECTION('',(0.,0.15212338618992,-0.98836151046776));
#12037=DIRECTION('',(0.,0.98836151046776,0.15212338618992));
#12038=DIRECTION('',(0.,0.,1.));
#12039=DIRECTION('',(1.,0.,0.));
#12040=DIRECTION('',(0.,0.,1.));
#12041=DIRECTION('',(0.,0.0739344360755826,-0.997263104282007));
#12042=DIRECTION('',(0.,0.997263104282007,0.0739344360755826));
#12043=DIRECTION('',(0.,0.15212338618992,-0.98836151046776));
#12044=DIRECTION('',(0.,0.98836151046776,0.15212338618992));
#12045=DIRECTION('',(0.,0.,1.));
#12046=DIRECTION('',(1.,0.,0.));
#12047=DIRECTION('',(0.,0.0739344360755826,-0.997263104282007));
#12048=DIRECTION('',(0.,0.997263104282007,0.0739344360755826));
#12049=DIRECTION('',(0.,0.15212338618992,-0.98836151046776));
#12050=DIRECTION('',(0.,0.98836151046776,0.15212338618992));
#12051=DIRECTION('',(-1.,0.,0.));
#12052=DIRECTION('',(0.,0.,1.));
#12053=DIRECTION('',(-1.,0.,0.));
#12054=DIRECTION('',(-1.,0.,0.));
#12055=DIRECTION('',(0.,0.,1.));
#12056=DIRECTION('',(-1.,0.,0.));
#12057=DIRECTION('',(-1.,0.,0.));
#12058=DIRECTION('',(-1.,0.,0.));
#12059=DIRECTION('',(1.,0.,0.));
#12060=DIRECTION('',(0.,0.,-1.));
#12061=DIRECTION('',(-1.,0.,0.));
#12062=DIRECTION('',(0.,0.,1.));
#12063=DIRECTION('',(0.,0.,1.));
#12064=DIRECTION('',(1.,0.,0.));
#12065=DIRECTION('',(0.,-1.,0.));
#12066=DIRECTION('',(0.,0.,1.));
#12067=DIRECTION('',(1.,0.,0.));
#12068=DIRECTION('',(0.,0.,1.));
#12069=DIRECTION('',(1.,0.,0.));
#12070=DIRECTION('',(0.,0.,1.));
#12071=DIRECTION('',(0.,0.,1.));
#12072=DIRECTION('',(1.,0.,0.));
#12073=DIRECTION('',(0.,0.,1.));
#12074=DIRECTION('',(1.,0.,0.));
#12075=DIRECTION('',(0.,0.,1.));
#12076=DIRECTION('',(1.,0.,0.));
#12077=DIRECTION('',(0.,-1.,0.));
#12078=DIRECTION('',(0.,0.,1.));
#12079=DIRECTION('',(1.,0.,0.));
#12080=DIRECTION('',(-1.,0.,0.));
#12081=DIRECTION('',(0.,0.,1.));
#12082=DIRECTION('',(0.,0.,1.));
#12083=DIRECTION('',(-1.,0.,0.));
#12084=DIRECTION('',(0.,0.,1.));
#12085=DIRECTION('',(0.,0.,1.));
#12086=DIRECTION('',(0.,1.,0.));
#12087=DIRECTION('',(0.,0.,1.));
#12088=DIRECTION('',(0.,1.,0.));
#12089=DIRECTION('',(0.,0.,-1.));
#12090=DIRECTION('',(0.,0.998229461804893,-0.059480598389008));
#12091=DIRECTION('',(0.,0.,-1.));
#12092=DIRECTION('',(0.,1.,0.));
#12093=DIRECTION('',(0.,0.,1.));
#12094=DIRECTION('',(0.,1.,0.));
#12095=DIRECTION('',(-1.,0.,0.));
#12096=DIRECTION('',(0.,0.,1.));
#12097=DIRECTION('',(0.,0.,1.));
#12098=DIRECTION('',(-1.,0.,0.));
#12099=DIRECTION('',(0.,0.,1.));
#12100=DIRECTION('',(0.,0.,1.));
#12101=DIRECTION('',(0.,1.,0.));
#12102=DIRECTION('',(0.,0.,1.));
#12103=DIRECTION('',(0.,1.,0.));
#12104=DIRECTION('',(0.,0.,-1.));
#12105=DIRECTION('',(0.,0.998229461804893,-0.059480598389008));
#12106=DIRECTION('',(0.,0.,-1.));
#12107=DIRECTION('',(0.,1.,0.));
#12108=DIRECTION('',(0.,0.,1.));
#12109=DIRECTION('',(0.,1.,0.));
#12110=DIRECTION('',(0.,0.,-1.));
#12111=DIRECTION('',(-1.,0.,0.));
#12112=DIRECTION('',(0.,0.15212338618992,-0.98836151046776));
#12113=DIRECTION('',(0.,-0.98836151046776,-0.15212338618992));
#12114=DIRECTION('',(0.,0.,-1.));
#12115=DIRECTION('',(0.,0.059480598389008,0.998229461804893));
#12116=DIRECTION('',(0.,0.998229461804893,-0.059480598389008));
#12117=DIRECTION('',(0.,0.,-1.));
#12118=DIRECTION('',(0.,0.,1.));
#12119=DIRECTION('',(1.,0.,0.));
#12120=DIRECTION('',(0.,0.,1.));
#12121=DIRECTION('',(0.,0.,1.));
#12122=DIRECTION('',(1.,0.,0.));
#12123=DIRECTION('',(0.,0.,1.));
#12124=DIRECTION('',(0.,0.,-1.));
#12125=DIRECTION('',(-1.,0.,0.));
#12126=DIRECTION('',(0.,0.15212338618992,-0.98836151046776));
#12127=DIRECTION('',(0.,-0.98836151046776,-0.15212338618992));
#12128=DIRECTION('',(0.,0.,-1.));
#12129=DIRECTION('',(0.,0.059480598389008,0.998229461804893));
#12130=DIRECTION('',(0.,0.998229461804893,-0.059480598389008));
#12131=DIRECTION('',(0.,1.,0.));
#12132=DIRECTION('',(0.,0.,1.));
#12133=DIRECTION('',(-1.,0.,0.));
#12134=DIRECTION('',(0.,0.,1.));
#12135=DIRECTION('',(1.,0.,0.));
#12136=DIRECTION('',(0.,0.,1.));
#12137=DIRECTION('',(-1.,0.,0.));
#12138=DIRECTION('',(0.,0.,-1.));
#12139=DIRECTION('',(-1.,0.,0.));
#12140=DIRECTION('',(0.,0.,-1.));
#12141=DIRECTION('',(-1.,0.,0.));
#12142=DIRECTION('',(0.,0.15212338618992,-0.98836151046776));
#12143=DIRECTION('',(0.,-0.98836151046776,-0.15212338618992));
#12144=DIRECTION('',(0.,0.,-1.));
#12145=DIRECTION('',(0.,0.059480598389008,0.998229461804893));
#12146=DIRECTION('',(0.,0.998229461804893,-0.059480598389008));
#12147=DIRECTION('',(0.,0.,-1.));
#12148=DIRECTION('',(-1.,0.,0.));
#12149=DIRECTION('',(0.,0.15212338618992,-0.98836151046776));
#12150=DIRECTION('',(0.,-0.98836151046776,-0.15212338618992));
#12151=DIRECTION('',(0.,0.,1.));
#12152=DIRECTION('',(0.,0.,1.));
#12153=DIRECTION('',(1.,0.,0.));
#12154=DIRECTION('',(0.,0.,1.));
#12155=DIRECTION('',(0.,0.,1.));
#12156=DIRECTION('',(1.,0.,0.));
#12157=DIRECTION('',(0.,0.,-1.));
#12158=DIRECTION('',(0.,0.059480598389008,0.998229461804893));
#12159=DIRECTION('',(0.,0.998229461804893,-0.059480598389008));
#12160=DIRECTION('',(1.,0.,0.));
#12161=DIRECTION('',(0.,0.,-1.));
#12162=DIRECTION('',(0.,0.,1.));
#12163=DIRECTION('',(1.,0.,0.));
#12164=DIRECTION('',(0.,0.,-1.));
#12165=DIRECTION('',(0.,0.,1.));
#12166=DIRECTION('',(0.,-1.,0.));
#12167=DIRECTION('',(0.,0.,1.));
#12168=DIRECTION('',(0.,-1.,0.));
#12169=DIRECTION('',(0.,0.,-1.));
#12170=DIRECTION('',(0.,-0.998229461804893,0.059480598389008));
#12171=DIRECTION('',(0.,0.,-1.));
#12172=DIRECTION('',(0.,-1.,0.));
#12173=DIRECTION('',(0.,0.,1.));
#12174=DIRECTION('',(0.,-1.,0.));
#12175=DIRECTION('',(1.,0.,0.));
#12176=DIRECTION('',(0.,0.,-1.));
#12177=DIRECTION('',(0.,0.,1.));
#12178=DIRECTION('',(1.,0.,0.));
#12179=DIRECTION('',(0.,0.,-1.));
#12180=DIRECTION('',(0.,0.,1.));
#12181=DIRECTION('',(0.,-1.,0.));
#12182=DIRECTION('',(0.,0.,1.));
#12183=DIRECTION('',(0.,-1.,0.));
#12184=DIRECTION('',(0.,0.,-1.));
#12185=DIRECTION('',(0.,-0.998229461804893,0.059480598389008));
#12186=DIRECTION('',(0.,0.,-1.));
#12187=DIRECTION('',(0.,-1.,0.));
#12188=DIRECTION('',(0.,0.,1.));
#12189=DIRECTION('',(0.,-1.,0.));
#12190=DIRECTION('',(0.,0.,-1.));
#12191=DIRECTION('',(-1.,0.,0.));
#12192=DIRECTION('',(0.,0.,-1.));
#12193=DIRECTION('',(0.,0.059480598389008,0.998229461804893));
#12194=DIRECTION('',(0.,0.998229461804893,-0.059480598389008));
#12195=DIRECTION('',(0.,0.,-1.));
#12196=DIRECTION('',(0.,0.,-1.));
#12197=DIRECTION('',(-1.,0.,0.));
#12198=DIRECTION('',(0.,0.0739344360755826,-0.997263104282007));
#12199=DIRECTION('',(0.,-0.997263104282007,-0.0739344360755826));
#12200=DIRECTION('',(0.,0.,1.));
#12201=DIRECTION('',(0.,0.,1.));
#12202=DIRECTION('',(1.,0.,0.));
#12203=DIRECTION('',(0.,0.,1.));
#12204=DIRECTION('',(0.,0.,1.));
#12205=DIRECTION('',(1.,0.,0.));
#12206=DIRECTION('',(0.,0.,-1.));
#12207=DIRECTION('',(0.,0.059480598389008,0.998229461804893));
#12208=DIRECTION('',(0.,0.998229461804893,-0.059480598389008));
#12209=DIRECTION('',(0.,0.,-1.));
#12210=DIRECTION('',(-1.,0.,0.));
#12211=DIRECTION('',(0.,0.,1.));
#12212=DIRECTION('',(0.,0.0739344360755826,-0.997263104282007));
#12213=DIRECTION('',(0.,-0.997263104282007,-0.0739344360755826));
#12214=DIRECTION('',(0.,0.,-1.));
#12215=DIRECTION('',(0.,0.059480598389008,0.998229461804893));
#12216=DIRECTION('',(0.,0.998229461804893,-0.059480598389008));
#12217=DIRECTION('',(0.,0.,-1.));
#12218=DIRECTION('',(0.,0.,1.));
#12219=DIRECTION('',(1.,0.,0.));
#12220=DIRECTION('',(0.,0.,1.));
#12221=DIRECTION('',(0.,0.,1.));
#12222=DIRECTION('',(1.,0.,0.));
#12223=DIRECTION('',(0.,0.,-1.));
#12224=DIRECTION('',(-1.,0.,0.));
#12225=DIRECTION('',(0.,0.,-1.));
#12226=DIRECTION('',(0.,0.059480598389008,0.998229461804893));
#12227=DIRECTION('',(0.,0.998229461804893,-0.059480598389008));
#12228=DIRECTION('',(0.,0.,1.));
#12229=DIRECTION('',(1.,0.,0.));
#12230=DIRECTION('',(0.,0.,1.));
#12231=DIRECTION('',(0.,0.,1.));
#12232=DIRECTION('',(1.,0.,0.));
#12233=DIRECTION('',(0.,-1.,0.));
#12234=DIRECTION('',(0.,0.,-1.));
#12235=DIRECTION('',(0.,0.,1.));
#12236=DIRECTION('',(1.,0.,0.));
#12237=DIRECTION('',(0.,0.,1.));
#12238=DIRECTION('',(1.,0.,0.));
#12239=DIRECTION('',(0.,0.,1.));
#12240=DIRECTION('',(1.,0.,0.));
#12241=DIRECTION('',(0.,1.,0.));
#12242=DIRECTION('',(0.,0.,1.));
#12243=DIRECTION('',(0.,0.,1.));
#12244=DIRECTION('',(-1.,0.,0.));
#12245=DIRECTION('',(0.,0.,1.));
#12246=DIRECTION('',(-1.,0.,0.));
#12247=DIRECTION('',(0.,1.,0.));
#12248=DIRECTION('',(0.,0.,1.));
#12249=DIRECTION('',(0.,0.,1.));
#12250=DIRECTION('',(-1.,0.,0.));
#12251=DIRECTION('',(0.,0.,1.));
#12252=DIRECTION('',(-1.,0.,0.));
#12253=DIRECTION('',(0.,0.,1.));
#12254=DIRECTION('',(1.,0.,0.));
#12255=DIRECTION('',(0.,0.,1.));
#12256=DIRECTION('',(0.,0.,1.));
#12257=DIRECTION('',(1.,0.,0.));
#12258=DIRECTION('',(0.,-1.,0.));
#12259=DIRECTION('',(0.,0.,-1.));
#12260=DIRECTION('',(-1.,0.,0.));
#12261=DIRECTION('',(0.,0.,1.));
#12262=DIRECTION('',(1.,0.,0.));
#12263=DIRECTION('',(0.,0.,1.));
#12264=DIRECTION('',(1.,0.,0.));
#12265=DIRECTION('',(0.,0.,1.));
#12266=DIRECTION('',(1.,0.,0.));
#12267=DIRECTION('',(0.,0.,1.));
#12268=DIRECTION('',(1.,0.,0.));
#12269=DIRECTION('',(0.,-1.,0.));
#12270=DIRECTION('',(0.,0.,1.));
#12271=DIRECTION('',(1.,0.,0.));
#12272=DIRECTION('',(1.,0.,0.));
#12273=DIRECTION('',(0.,0.,1.));
#12274=DIRECTION('',(1.,0.,0.));
#12275=DIRECTION('',(0.,0.,1.));
#12276=DIRECTION('',(1.,0.,0.));
#12277=DIRECTION('',(1.,0.,0.));
#12278=DIRECTION('',(0.,0.,1.));
#12279=DIRECTION('',(1.,0.,0.));
#12280=DIRECTION('',(0.,0.,1.));
#12281=DIRECTION('',(1.,0.,0.));
#12282=DIRECTION('',(0.,0.,1.));
#12283=DIRECTION('',(1.,0.,0.));
#12284=DIRECTION('',(-1.,0.,0.));
#12285=DIRECTION('',(0.,0.,1.));
#12286=DIRECTION('',(1.,0.,0.));
#12287=DIRECTION('',(0.,-1.,0.));
#12288=DIRECTION('',(0.,0.,1.));
#12289=DIRECTION('',(1.,0.,0.));
#12290=DIRECTION('',(-1.,0.,0.));
#12291=DIRECTION('',(0.,0.,1.));
#12292=DIRECTION('',(1.,0.,0.));
#12293=DIRECTION('',(0.,0.,1.));
#12294=DIRECTION('',(1.,0.,0.));
#12295=DIRECTION('',(0.,1.,0.));
#12296=DIRECTION('',(0.,0.,1.));
#12297=DIRECTION('',(1.,0.,0.));
#12298=DIRECTION('',(-1.,0.,0.));
#12299=DIRECTION('',(0.,0.,1.));
#12300=DIRECTION('',(1.,0.,0.));
#12301=DIRECTION('',(0.,0.,1.));
#12302=DIRECTION('',(1.,0.,0.));
#12303=DIRECTION('',(-1.,0.,0.));
#12304=DIRECTION('',(0.,0.,1.));
#12305=DIRECTION('',(1.,0.,0.));
#12306=DIRECTION('',(0.,0.,1.));
#12307=DIRECTION('',(1.,0.,0.));
#12308=DIRECTION('',(0.,0.,1.));
#12309=DIRECTION('',(1.,0.,0.));
#12310=DIRECTION('',(1.,0.,0.));
#12311=DIRECTION('',(0.,0.,1.));
#12312=DIRECTION('',(1.,0.,0.));
#12313=DIRECTION('',(0.,1.,0.));
#12314=DIRECTION('',(0.,0.,1.));
#12315=DIRECTION('',(1.,0.,0.));
#12316=DIRECTION('',(1.,0.,0.));
#12317=DIRECTION('',(0.,0.,1.));
#12318=DIRECTION('',(1.,0.,0.));
#12319=DIRECTION('',(0.,0.,1.));
#12320=DIRECTION('',(1.,0.,0.));
#12321=DIRECTION('',(0.,0.,1.));
#12322=DIRECTION('',(1.,0.,0.));
#12323=DIRECTION('',(0.,0.,1.));
#12324=DIRECTION('',(1.,0.,0.));
#12325=DIRECTION('',(1.,0.,0.));
#12326=DIRECTION('',(0.,0.,-1.));
#12327=DIRECTION('',(1.,0.,0.));
#12328=DIRECTION('',(0.,0.,-1.));
#12329=DIRECTION('',(0.,0.,1.));
#12330=DIRECTION('',(0.,0.,1.));
#12331=DIRECTION('',(0.,-1.,0.));
#12332=DIRECTION('',(0.,0.,-1.));
#12333=DIRECTION('',(0.,-0.998229461804893,0.059480598389008));
#12334=DIRECTION('',(0.,0.,-1.));
#12335=DIRECTION('',(-1.,0.,0.));
#12336=DIRECTION('',(0.,0.059480598389008,0.998229461804893));
#12337=DIRECTION('',(0.,0.998229461804893,-0.059480598389008));
#12338=DIRECTION('',(0.,0.,1.));
#12339=DIRECTION('',(1.,0.,0.));
#12340=DIRECTION('',(0.,0.,-1.));
#12341=DIRECTION('',(0.,1.,0.));
#12342=DIRECTION('',(0.,0.,1.));
#12343=DIRECTION('',(1.,0.,0.));
#12344=DIRECTION('',(1.,0.,0.));
#12345=DIRECTION('',(0.,0.,-1.));
#12346=DIRECTION('',(0.,0.,-1.));
#12347=DIRECTION('',(-1.,0.,0.));
#12348=DIRECTION('',(0.,0.059480598389008,0.998229461804893));
#12349=DIRECTION('',(0.,0.998229461804893,-0.059480598389008));
#12350=DIRECTION('',(0.,0.,1.));
#12351=DIRECTION('',(1.,0.,0.));
#12352=DIRECTION('',(0.,0.,-1.));
#12353=DIRECTION('',(-1.,0.,0.));
#12354=DIRECTION('',(0.,0.,-1.));
#12355=DIRECTION('',(0.,0.059480598389008,0.998229461804893));
#12356=DIRECTION('',(0.,0.998229461804893,-0.059480598389008));
#12357=DIRECTION('',(0.,0.,1.));
#12358=DIRECTION('',(1.,0.,0.));
#12359=DIRECTION('',(0.,1.,0.));
#12360=DIRECTION('',(0.,0.,1.));
#12361=DIRECTION('',(1.,0.,0.));
#12362=DIRECTION('',(1.,0.,0.));
#12363=DIRECTION('',(0.,0.,-1.));
#12364=DIRECTION('',(0.,0.,-1.));
#12365=DIRECTION('',(-1.,0.,0.));
#12366=DIRECTION('',(0.,0.059480598389008,0.998229461804893));
#12367=DIRECTION('',(0.,0.998229461804893,-0.059480598389008));
#12368=DIRECTION('',(0.,0.,1.));
#12369=DIRECTION('',(1.,0.,0.));
#12370=DIRECTION('',(0.,0.,-1.));
#12371=DIRECTION('',(-1.,0.,0.));
#12372=DIRECTION('',(0.,0.,-1.));
#12373=DIRECTION('',(0.,0.059480598389008,0.998229461804893));
#12374=DIRECTION('',(0.,0.998229461804893,-0.059480598389008));
#12375=DIRECTION('',(0.,0.,1.));
#12376=DIRECTION('',(1.,0.,0.));
#12377=DIRECTION('',(0.,-1.,0.));
#12378=DIRECTION('',(0.,0.,-1.));
#12379=DIRECTION('',(-1.,0.,0.));
#12380=DIRECTION('',(-1.,0.,0.));
#12381=DIRECTION('',(0.,0.,-1.));
#12382=DIRECTION('',(0.,0.,-1.));
#12383=DIRECTION('',(-1.,0.,0.));
#12384=DIRECTION('',(0.,0.059480598389008,0.998229461804893));
#12385=DIRECTION('',(0.,0.998229461804893,-0.059480598389008));
#12386=DIRECTION('',(0.,0.,1.));
#12387=DIRECTION('',(1.,0.,0.));
#12388=DIRECTION('',(0.,0.,-1.));
#12389=DIRECTION('',(-1.,0.,0.));
#12390=DIRECTION('',(0.,0.059480598389008,0.998229461804893));
#12391=DIRECTION('',(0.,0.998229461804893,-0.059480598389008));
#12392=DIRECTION('',(0.,0.,1.));
#12393=DIRECTION('',(1.,0.,0.));
#12394=DIRECTION('',(0.,0.,-1.));
#12395=DIRECTION('',(0.,-1.,0.));
#12396=DIRECTION('',(0.,0.,-1.));
#12397=DIRECTION('',(-1.,0.,0.));
#12398=DIRECTION('',(-1.,0.,0.));
#12399=DIRECTION('',(0.,0.,-1.));
#12400=DIRECTION('',(0.,0.,-1.));
#12401=DIRECTION('',(-1.,0.,0.));
#12402=DIRECTION('',(0.,0.059480598389008,0.998229461804893));
#12403=DIRECTION('',(0.,0.998229461804893,-0.059480598389008));
#12404=DIRECTION('',(0.,0.,1.));
#12405=DIRECTION('',(1.,0.,0.));
#12406=DIRECTION('',(0.,0.,-1.));
#12407=DIRECTION('',(1.,0.,0.));
#12408=DIRECTION('',(0.,0.,-1.));
#12409=DIRECTION('',(0.,0.,1.));
#12410=DIRECTION('',(1.,0.,0.));
#12411=DIRECTION('',(0.,0.,-1.));
#12412=DIRECTION('',(0.,0.98836151046776,0.15212338618992));
#12413=DIRECTION('',(0.,-1.,0.));
#12414=DIRECTION('',(0.,0.,1.));
#12415=DIRECTION('',(0.,-1.,0.));
#12416=DIRECTION('',(0.,-0.998229461804893,0.059480598389008));
#12417=DIRECTION('',(0.,-1.,0.));
#12418=DIRECTION('',(0.,0.,1.));
#12419=DIRECTION('',(-1.,0.,0.));
#12420=DIRECTION('',(0.,0.,1.));
#12421=DIRECTION('',(0.,-0.98836151046776,-0.15212338618992));
#12422=DIRECTION('',(-1.,0.,0.));
#12423=DIRECTION('',(0.,0.,1.));
#12424=DIRECTION('',(0.,0.,1.));
#12425=DIRECTION('',(0.,0.,1.));
#12426=DIRECTION('',(0.,1.,0.));
#12427=DIRECTION('',(0.,0.,-1.));
#12428=DIRECTION('',(0.,0.998229461804893,-0.059480598389008));
#12429=DIRECTION('',(0.,1.,0.));
#12430=DIRECTION('',(0.,0.,1.));
#12431=DIRECTION('',(0.,1.,0.));
#12432=DIRECTION('',(0.,0.,-1.));
#12433=DIRECTION('',(-1.,0.,0.));
#12434=DIRECTION('',(0.,0.059480598389008,0.998229461804893));
#12435=DIRECTION('',(0.,0.998229461804893,-0.059480598389008));
#12436=DIRECTION('',(0.,0.,1.));
#12437=DIRECTION('',(1.,0.,0.));
#12438=DIRECTION('',(0.,0.,-1.));
#12439=DIRECTION('',(0.,-1.,0.));
#12440=DIRECTION('',(0.,0.,-1.));
#12441=DIRECTION('',(-1.,0.,0.));
#12442=DIRECTION('',(-1.,0.,0.));
#12443=DIRECTION('',(0.,0.,-1.));
#12444=DIRECTION('',(0.,0.,-1.));
#12445=DIRECTION('',(-1.,0.,0.));
#12446=DIRECTION('',(0.,0.059480598389008,0.998229461804893));
#12447=DIRECTION('',(0.,0.998229461804893,-0.059480598389008));
#12448=DIRECTION('',(0.,0.,1.));
#12449=DIRECTION('',(1.,0.,0.));
#12450=DIRECTION('',(0.,0.,-1.));
#12451=DIRECTION('',(-1.,0.,0.));
#12452=DIRECTION('',(0.,0.,-1.));
#12453=DIRECTION('',(0.,0.059480598389008,0.998229461804893));
#12454=DIRECTION('',(0.,0.998229461804893,-0.059480598389008));
#12455=DIRECTION('',(0.,0.,1.));
#12456=DIRECTION('',(1.,0.,0.));
#12457=DIRECTION('',(0.,-1.,0.));
#12458=DIRECTION('',(0.,0.,-1.));
#12459=DIRECTION('',(-1.,0.,0.));
#12460=DIRECTION('',(-1.,0.,0.));
#12461=DIRECTION('',(0.,0.,-1.));
#12462=DIRECTION('',(0.,0.,-1.));
#12463=DIRECTION('',(-1.,0.,0.));
#12464=DIRECTION('',(0.,0.059480598389008,0.998229461804893));
#12465=DIRECTION('',(0.,0.998229461804893,-0.059480598389008));
#12466=DIRECTION('',(0.,0.,1.));
#12467=DIRECTION('',(1.,0.,0.));
#12468=DIRECTION('',(0.,0.,-1.));
#12469=DIRECTION('',(-1.,0.,0.));
#12470=DIRECTION('',(0.,0.,-1.));
#12471=DIRECTION('',(0.,0.059480598389008,0.998229461804893));
#12472=DIRECTION('',(0.,0.998229461804893,-0.059480598389008));
#12473=DIRECTION('',(0.,0.,1.));
#12474=DIRECTION('',(1.,0.,0.));
#12475=DIRECTION('',(0.,1.,0.));
#12476=DIRECTION('',(0.,0.,1.));
#12477=DIRECTION('',(1.,0.,0.));
#12478=DIRECTION('',(1.,0.,0.));
#12479=DIRECTION('',(0.,0.,-1.));
#12480=DIRECTION('',(0.,0.,-1.));
#12481=DIRECTION('',(-1.,0.,0.));
#12482=DIRECTION('',(0.,0.059480598389008,0.998229461804893));
#12483=DIRECTION('',(0.,0.998229461804893,-0.059480598389008));
#12484=DIRECTION('',(0.,0.,1.));
#12485=DIRECTION('',(1.,0.,0.));
#12486=DIRECTION('',(0.,0.,-1.));
#12487=DIRECTION('',(-1.,0.,0.));
#12488=DIRECTION('',(0.,0.059480598389008,0.998229461804893));
#12489=DIRECTION('',(0.,0.998229461804893,-0.059480598389008));
#12490=DIRECTION('',(0.,0.,1.));
#12491=DIRECTION('',(1.,0.,0.));
#12492=DIRECTION('',(0.,0.,-1.));
#12493=DIRECTION('',(0.,1.,0.));
#12494=DIRECTION('',(0.,0.,1.));
#12495=DIRECTION('',(1.,0.,0.));
#12496=DIRECTION('',(1.,0.,0.));
#12497=DIRECTION('',(0.,0.,-1.));
#12498=DIRECTION('',(0.,0.,-1.));
#12499=DIRECTION('',(-1.,0.,0.));
#12500=DIRECTION('',(0.,0.059480598389008,0.998229461804893));
#12501=DIRECTION('',(0.,0.998229461804893,-0.059480598389008));
#12502=DIRECTION('',(0.,0.,1.));
#12503=DIRECTION('',(1.,0.,0.));
#12504=DIRECTION('',(0.,0.,-1.));
#12505=DIRECTION('',(-1.,0.,0.));
#12506=DIRECTION('',(0.,0.,1.));
#12507=DIRECTION('',(-1.,0.,0.));
#12508=DIRECTION('',(0.,0.,1.));
#12509=DIRECTION('',(0.,0.998229461804893,-0.059480598389008));
#12510=DIRECTION('',(0.,1.,0.));
#12511=DIRECTION('',(0.,0.,1.));
#12512=DIRECTION('',(0.,0.,1.));
#12513=DIRECTION('',(-1.,0.,0.));
#12514=DIRECTION('',(0.,0.,1.));
#12515=DIRECTION('',(0.,0.,-1.));
#12516=DIRECTION('',(-1.,0.,0.));
#12517=DIRECTION('',(0.,0.059480598389008,0.998229461804893));
#12518=DIRECTION('',(0.,0.998229461804893,-0.059480598389008));
#12519=DIRECTION('',(0.,0.,1.));
#12520=DIRECTION('',(1.,0.,0.));
#12521=DIRECTION('',(0.,0.,-1.));
#12522=DIRECTION('',(-1.,0.,0.));
#12523=DIRECTION('',(0.,0.059480598389008,0.998229461804893));
#12524=DIRECTION('',(0.,0.998229461804893,-0.059480598389008));
#12525=DIRECTION('',(0.,0.,1.));
#12526=DIRECTION('',(1.,0.,0.));
#12527=DIRECTION('',(0.,0.,1.));
#12528=DIRECTION('',(1.,0.,0.));
#12529=DIRECTION('',(0.,0.,1.));
#12530=DIRECTION('',(1.,0.,0.));
#12531=DIRECTION('',(1.,0.,0.));
#12532=DIRECTION('',(0.,0.,1.));
#12533=DIRECTION('',(1.,0.,0.));
#12534=DIRECTION('',(0.,0.,1.));
#12535=DIRECTION('',(1.,0.,0.));
#12536=DIRECTION('',(0.,0.,1.));
#12537=DIRECTION('',(1.,0.,0.));
#12538=DIRECTION('',(-0.5,-0.866025403784439,0.));
#12539=DIRECTION('',(0.,0.,1.));
#12540=DIRECTION('',(1.,0.,0.));
#12541=DIRECTION('',(0.,0.,1.));
#12542=DIRECTION('',(1.,0.,0.));
#12543=DIRECTION('',(0.,0.,1.));
#12544=DIRECTION('',(1.,0.,0.));
#12545=DIRECTION('',(0.,0.,1.));
#12546=DIRECTION('',(1.,0.,0.));
#12547=DIRECTION('',(0.,0.,1.));
#12548=DIRECTION('',(1.,0.,0.));
#12549=DIRECTION('',(0.,0.,1.));
#12550=DIRECTION('',(1.,0.,0.));
#12551=DIRECTION('',(0.,0.,1.));
#12552=DIRECTION('',(1.,0.,0.));
#12553=DIRECTION('',(0.,0.,1.));
#12554=DIRECTION('',(1.,0.,0.));
#12555=DIRECTION('',(0.,0.,1.));
#12556=DIRECTION('',(1.,0.,0.));
#12557=DIRECTION('',(-0.499976702037575,0.866038854451479,0.));
#12558=DIRECTION('',(0.,0.,1.));
#12559=DIRECTION('',(1.,0.,0.));
#12560=DIRECTION('',(0.,0.,1.));
#12561=DIRECTION('',(1.,0.,0.));
#12562=DIRECTION('',(0.,0.,1.));
#12563=DIRECTION('',(1.,0.,0.));
#12564=DIRECTION('',(0.,0.,1.));
#12565=DIRECTION('',(1.,0.,0.));
#12566=DIRECTION('',(0.,0.,1.));
#12567=DIRECTION('',(1.,0.,0.));
#12568=DIRECTION('',(0.,0.,1.));
#12569=DIRECTION('',(1.,0.,0.));
#12570=DIRECTION('',(0.,0.,1.));
#12571=DIRECTION('',(1.,0.,0.));
#12572=DIRECTION('',(-0.499976702037573,-0.86603885445148,0.));
#12573=DIRECTION('',(0.,0.,1.));
#12574=DIRECTION('',(1.,0.,0.));
#12575=DIRECTION('',(0.,0.,1.));
#12576=DIRECTION('',(1.,0.,0.));
#12577=DIRECTION('',(0.,0.,1.));
#12578=DIRECTION('',(1.,0.,0.));
#12579=DIRECTION('',(0.,0.,1.));
#12580=DIRECTION('',(1.,0.,0.));
#12581=DIRECTION('',(0.,0.,1.));
#12582=DIRECTION('',(1.,0.,0.));
#12583=DIRECTION('',(0.,0.,1.));
#12584=DIRECTION('',(1.,0.,0.));
#12585=DIRECTION('',(0.,0.,1.));
#12586=DIRECTION('',(1.,0.,0.));
#12587=DIRECTION('',(0.,0.,1.));
#12588=DIRECTION('',(1.,0.,0.));
#12589=DIRECTION('',(0.,0.,1.));
#12590=DIRECTION('',(1.,0.,0.));
#12591=DIRECTION('',(-0.500000000000001,0.866025403784438,0.));
#12592=DIRECTION('',(0.,0.,1.));
#12593=DIRECTION('',(1.,0.,0.));
#12594=DIRECTION('',(0.,0.,1.));
#12595=DIRECTION('',(1.,0.,0.));
#12596=DIRECTION('',(0.,0.,1.));
#12597=DIRECTION('',(1.,0.,0.));
#12598=DIRECTION('',(1.,0.,0.));
#12599=DIRECTION('',(0.,0.,1.));
#12600=DIRECTION('',(1.,0.,0.));
#12601=DIRECTION('',(0.,0.,1.));
#12602=DIRECTION('',(1.,0.,0.));
#12603=DIRECTION('',(0.,1.,0.));
#12604=DIRECTION('',(0.,0.,1.));
#12605=DIRECTION('',(1.,0.,0.));
#12606=DIRECTION('',(0.,0.,1.));
#12607=DIRECTION('',(1.,0.,0.));
#12608=DIRECTION('',(1.,0.,0.));
#12609=DIRECTION('',(0.,0.,1.));
#12610=DIRECTION('',(1.,0.,0.));
#12611=DIRECTION('',(0.,0.,1.));
#12612=DIRECTION('',(1.,0.,0.));
#12613=DIRECTION('',(0.,0.,1.));
#12614=DIRECTION('',(1.,0.,0.));
#12615=DIRECTION('',(-1.,0.,0.));
#12616=DIRECTION('',(0.,0.,1.));
#12617=DIRECTION('',(1.,0.,0.));
#12618=DIRECTION('',(0.,0.,1.));
#12619=DIRECTION('',(1.,0.,0.));
#12620=DIRECTION('',(0.,0.,1.));
#12621=DIRECTION('',(1.,0.,0.));
#12622=DIRECTION('',(-1.,0.,0.));
#12623=DIRECTION('',(0.,0.,1.));
#12624=DIRECTION('',(1.,0.,0.));
#12625=DIRECTION('',(0.,0.,1.));
#12626=DIRECTION('',(1.,0.,0.));
#12627=DIRECTION('',(0.,0.,1.));
#12628=DIRECTION('',(1.,0.,0.));
#12629=DIRECTION('',(1.,0.,0.));
#12630=DIRECTION('',(0.,0.,1.));
#12631=DIRECTION('',(1.,0.,0.));
#12632=DIRECTION('',(0.,0.,1.));
#12633=DIRECTION('',(1.,0.,0.));
#12634=DIRECTION('',(0.,0.,1.));
#12635=DIRECTION('',(1.,0.,0.));
#12636=DIRECTION('',(0.,0.,1.));
#12637=DIRECTION('',(1.,0.,0.));
#12638=DIRECTION('',(0.,0.,1.));
#12639=DIRECTION('',(0.,-1.,0.));
#12640=DIRECTION('',(0.,0.,-1.));
#12641=DIRECTION('',(0.,0.,1.));
#12642=DIRECTION('',(0.,0.,1.));
#12643=DIRECTION('',(1.,0.,0.));
#12644=DIRECTION('',(0.,0.,1.));
#12645=DIRECTION('',(1.,0.,0.));
#12646=DIRECTION('',(0.,0.,1.));
#12647=DIRECTION('',(1.,0.,0.));
#12648=DIRECTION('',(0.,0.,1.));
#12649=DIRECTION('',(0.,-1.,0.));
#12650=DIRECTION('',(0.,0.,-1.));
#12651=DIRECTION('',(1.,0.,0.));
#12652=DIRECTION('',(0.,0.,1.));
#12653=DIRECTION('',(0.,0.,1.));
#12654=DIRECTION('',(1.,0.,0.));
#12655=DIRECTION('',(0.,0.,1.));
#12656=DIRECTION('',(1.,0.,0.));
#12657=DIRECTION('',(0.,0.,1.));
#12658=DIRECTION('',(1.,0.,0.));
#12659=DIRECTION('',(0.,0.,1.));
#12660=DIRECTION('',(1.,0.,0.));
#12661=DIRECTION('',(0.,0.,1.));
#12662=DIRECTION('',(-0.866025403784439,0.5,0.));
#12663=DIRECTION('',(-0.5,-0.866025403784439,0.));
#12664=DIRECTION('',(-0.5,-0.866025403784439,0.));
#12665=DIRECTION('',(0.,0.,1.));
#12666=DIRECTION('',(0.,0.,1.));
#12667=DIRECTION('',(1.,0.,0.));
#12668=DIRECTION('',(0.,0.,1.));
#12669=DIRECTION('',(1.,0.,0.));
#12670=DIRECTION('',(0.,0.,1.));
#12671=DIRECTION('',(0.,0.,1.));
#12672=DIRECTION('',(1.,0.,0.));
#12673=DIRECTION('',(0.,0.,1.));
#12674=DIRECTION('',(1.,0.,0.));
#12675=DIRECTION('',(0.,0.,1.));
#12676=DIRECTION('',(0.,0.,1.));
#12677=DIRECTION('',(1.,0.,0.));
#12678=DIRECTION('',(0.,0.,1.));
#12679=DIRECTION('',(1.,0.,0.));
#12680=DIRECTION('',(0.,0.,1.));
#12681=DIRECTION('',(0.,0.,1.));
#12682=DIRECTION('',(1.,0.,0.));
#12683=DIRECTION('',(0.,0.,1.));
#12684=DIRECTION('',(1.,0.,0.));
#12685=DIRECTION('',(0.,0.,1.));
#12686=DIRECTION('',(0.,0.,1.));
#12687=DIRECTION('',(1.,0.,0.));
#12688=DIRECTION('',(0.,0.,1.));
#12689=DIRECTION('',(1.,0.,0.));
#12690=DIRECTION('',(0.,0.,1.));
#12691=DIRECTION('',(0.,0.,1.));
#12692=DIRECTION('',(1.,0.,0.));
#12693=DIRECTION('',(0.,0.,1.));
#12694=DIRECTION('',(1.,0.,0.));
#12695=DIRECTION('',(0.,0.,1.));
#12696=DIRECTION('',(0.,0.,1.));
#12697=DIRECTION('',(1.,0.,0.));
#12698=DIRECTION('',(0.,0.,1.));
#12699=DIRECTION('',(1.,0.,0.));
#12700=DIRECTION('',(0.,0.,1.));
#12701=DIRECTION('',(0.,0.,1.));
#12702=DIRECTION('',(1.,0.,0.));
#12703=DIRECTION('',(0.,0.,1.));
#12704=DIRECTION('',(1.,0.,0.));
#12705=DIRECTION('',(0.,0.,1.));
#12706=DIRECTION('',(0.,0.,1.));
#12707=DIRECTION('',(1.,0.,0.));
#12708=DIRECTION('',(0.,0.,1.));
#12709=DIRECTION('',(1.,0.,0.));
#12710=DIRECTION('',(0.,0.,1.));
#12711=DIRECTION('',(0.866038854451479,0.499976702037575,0.));
#12712=DIRECTION('',(-0.499976702037575,0.866038854451479,0.));
#12713=DIRECTION('',(-0.499976702037575,0.866038854451479,0.));
#12714=DIRECTION('',(0.,0.,1.));
#12715=DIRECTION('',(0.,0.,1.));
#12716=DIRECTION('',(1.,0.,0.));
#12717=DIRECTION('',(0.,0.,1.));
#12718=DIRECTION('',(1.,0.,0.));
#12719=DIRECTION('',(0.,0.,1.));
#12720=DIRECTION('',(1.,0.,0.));
#12721=DIRECTION('',(0.,0.,1.));
#12722=DIRECTION('',(0.,1.,0.));
#12723=DIRECTION('',(0.,0.,1.));
#12724=DIRECTION('',(0.,0.,1.));
#12725=DIRECTION('',(0.,0.,1.));
#12726=DIRECTION('',(1.,0.,0.));
#12727=DIRECTION('',(0.,0.,1.));
#12728=DIRECTION('',(1.,0.,0.));
#12729=DIRECTION('',(0.,0.,1.));
#12730=DIRECTION('',(1.,0.,0.));
#12731=DIRECTION('',(0.,0.,1.));
#12732=DIRECTION('',(1.,0.,0.));
#12733=DIRECTION('',(0.,0.,1.));
#12734=DIRECTION('',(1.,0.,0.));
#12735=DIRECTION('',(0.,0.,1.));
#12736=DIRECTION('',(1.,0.,0.));
#12737=DIRECTION('',(0.,0.,1.));
#12738=DIRECTION('',(0.,1.,0.));
#12739=DIRECTION('',(0.,0.,1.));
#12740=DIRECTION('',(0.,0.,1.));
#12741=DIRECTION('',(0.,0.,1.));
#12742=DIRECTION('',(1.,0.,0.));
#12743=DIRECTION('',(0.,0.,1.));
#12744=DIRECTION('',(1.,0.,0.));
#12745=DIRECTION('',(0.,0.,1.));
#12746=DIRECTION('',(1.,0.,0.));
#12747=DIRECTION('',(0.,0.,1.));
#12748=DIRECTION('',(-0.86603885445148,0.499976702037573,0.));
#12749=DIRECTION('',(-0.499976702037573,-0.86603885445148,0.));
#12750=DIRECTION('',(-0.499976702037573,-0.86603885445148,0.));
#12751=DIRECTION('',(0.,0.,1.));
#12752=DIRECTION('',(0.,0.,1.));
#12753=DIRECTION('',(1.,0.,0.));
#12754=DIRECTION('',(0.,0.,1.));
#12755=DIRECTION('',(1.,0.,0.));
#12756=DIRECTION('',(0.,0.,1.));
#12757=DIRECTION('',(0.,0.,1.));
#12758=DIRECTION('',(1.,0.,0.));
#12759=DIRECTION('',(0.,0.,1.));
#12760=DIRECTION('',(1.,0.,0.));
#12761=DIRECTION('',(0.,0.,1.));
#12762=DIRECTION('',(0.,0.,1.));
#12763=DIRECTION('',(1.,0.,0.));
#12764=DIRECTION('',(0.,0.,1.));
#12765=DIRECTION('',(1.,0.,0.));
#12766=DIRECTION('',(0.,0.,1.));
#12767=DIRECTION('',(0.,0.,1.));
#12768=DIRECTION('',(1.,0.,0.));
#12769=DIRECTION('',(0.,0.,1.));
#12770=DIRECTION('',(1.,0.,0.));
#12771=DIRECTION('',(0.,0.,1.));
#12772=DIRECTION('',(0.,0.,1.));
#12773=DIRECTION('',(1.,0.,0.));
#12774=DIRECTION('',(0.,0.,1.));
#12775=DIRECTION('',(1.,0.,0.));
#12776=DIRECTION('',(0.,0.,1.));
#12777=DIRECTION('',(0.,0.,1.));
#12778=DIRECTION('',(1.,0.,0.));
#12779=DIRECTION('',(0.,0.,1.));
#12780=DIRECTION('',(1.,0.,0.));
#12781=DIRECTION('',(0.,0.,1.));
#12782=DIRECTION('',(0.,0.,1.));
#12783=DIRECTION('',(1.,0.,0.));
#12784=DIRECTION('',(0.,0.,1.));
#12785=DIRECTION('',(1.,0.,0.));
#12786=DIRECTION('',(0.,0.,1.));
#12787=DIRECTION('',(0.,0.,1.));
#12788=DIRECTION('',(1.,0.,0.));
#12789=DIRECTION('',(0.,0.,1.));
#12790=DIRECTION('',(1.,0.,0.));
#12791=DIRECTION('',(0.,0.,1.));
#12792=DIRECTION('',(0.,0.,1.));
#12793=DIRECTION('',(1.,0.,0.));
#12794=DIRECTION('',(0.,0.,1.));
#12795=DIRECTION('',(1.,0.,0.));
#12796=DIRECTION('',(0.,0.,1.));
#12797=DIRECTION('',(0.866025403784438,0.500000000000001,0.));
#12798=DIRECTION('',(-0.500000000000001,0.866025403784438,0.));
#12799=DIRECTION('',(-0.500000000000001,0.866025403784438,0.));
#12800=DIRECTION('',(0.,0.,1.));
#12801=DIRECTION('',(0.,0.,1.));
#12802=DIRECTION('',(1.,0.,0.));
#12803=DIRECTION('',(0.,0.,1.));
#12804=DIRECTION('',(1.,0.,0.));
#12805=DIRECTION('',(0.,0.,1.));
#12806=DIRECTION('',(1.,0.,0.));
#12807=DIRECTION('',(0.,0.,1.));
#12808=DIRECTION('',(1.,0.,0.));
#12809=DIRECTION('',(0.,0.,1.));
#12810=DIRECTION('',(0.,-1.,0.));
#12811=DIRECTION('',(0.,0.,-1.));
#12812=DIRECTION('',(1.,0.,0.));
#12813=DIRECTION('',(0.,0.,1.));
#12814=DIRECTION('',(0.,0.,1.));
#12815=DIRECTION('',(1.,0.,0.));
#12816=DIRECTION('',(0.,0.,1.));
#12817=DIRECTION('',(1.,0.,0.));
#12818=DIRECTION('',(0.,0.,1.));
#12819=DIRECTION('',(1.,0.,0.));
#12820=DIRECTION('',(0.,0.,1.));
#12821=DIRECTION('',(0.,-1.,0.));
#12822=DIRECTION('',(0.,0.,-1.));
#12823=DIRECTION('',(0.,0.,1.));
#12824=DIRECTION('',(0.,0.,1.));
#12825=DIRECTION('',(1.,0.,0.));
#12826=DIRECTION('',(0.,0.,1.));
#12827=DIRECTION('',(1.,0.,0.));
#12828=DIRECTION('',(0.,0.,1.));
#12829=DIRECTION('',(1.,0.,0.));
#12830=DIRECTION('',(0.,0.,1.));
#12831=DIRECTION('',(0.,0.,1.));
#12832=DIRECTION('',(1.,0.,0.));
#12833=DIRECTION('',(0.,0.,1.));
#12834=DIRECTION('',(1.,0.,0.));
#12835=DIRECTION('',(0.,0.,1.));
#12836=DIRECTION('',(1.,0.,0.));
#12837=DIRECTION('',(0.,0.,1.));
#12838=DIRECTION('',(1.,0.,0.));
#12839=DIRECTION('',(0.,0.,1.));
#12840=DIRECTION('',(1.,0.,0.));
#12841=DIRECTION('',(0.,0.,1.));
#12842=DIRECTION('',(1.,0.,0.));
#12843=DIRECTION('',(0.,0.059480598389008,0.998229461804893));
#12844=DIRECTION('',(0.,-0.998229461804893,0.059480598389008));
#12845=DIRECTION('',(0.,0.059480598389008,0.998229461804893));
#12846=DIRECTION('',(0.,0.998229461804893,-0.059480598389008));
#12847=DIRECTION('',(0.,0.059480598389008,0.998229461804893));
#12848=DIRECTION('',(0.,0.998229461804893,-0.059480598389008));
#12849=DIRECTION('',(0.,0.059480598389008,0.998229461804893));
#12850=DIRECTION('',(0.,-0.998229461804893,0.059480598389008));
#12851=DIRECTION('',(-0.0729294276179246,0.995571280349886,-0.0593222077287238));
#12852=DIRECTION('',(-0.0729294276179245,-0.995571280349886,0.0593222077287238));
#12853=DIRECTION('',(0.,0.,-1.));
#12854=DIRECTION('',(-1.,0.,0.));
#12855=DIRECTION('',(0.,0.,-1.));
#12856=DIRECTION('',(-1.,0.,0.));
#12857=DIRECTION('',(0.,0.,1.));
#12858=DIRECTION('',(1.,0.,0.));
#12859=DIRECTION('',(0.,0.,-1.));
#12860=DIRECTION('',(-1.,0.,0.));
#12861=DIRECTION('',(0.,0.,-1.));
#12862=DIRECTION('',(-1.,0.,0.));
#12863=DIRECTION('',(0.,0.,-1.));
#12864=DIRECTION('',(-1.,0.,0.));
#12865=DIRECTION('',(0.,0.,-1.));
#12866=DIRECTION('',(-1.,0.,0.));
#12867=DIRECTION('',(0.,0.,-1.));
#12868=DIRECTION('',(-1.,0.,0.));
#12869=DIRECTION('',(0.,0.,-1.));
#12870=DIRECTION('',(-1.,0.,0.));
#12871=DIRECTION('',(0.,0.,-1.));
#12872=DIRECTION('',(-1.,0.,0.));
#12873=DIRECTION('',(0.,0.,1.));
#12874=DIRECTION('',(1.,0.,0.));
#12875=DIRECTION('',(0.,0.,-1.));
#12876=DIRECTION('',(-1.,0.,0.));
#12877=DIRECTION('',(0.,0.,-1.));
#12878=DIRECTION('',(-1.,0.,0.));
#12879=DIRECTION('',(0.,0.,-1.));
#12880=DIRECTION('',(-1.,0.,0.));
#12881=DIRECTION('',(0.,0.,1.));
#12882=DIRECTION('',(1.,0.,0.));
#12883=DIRECTION('',(0.,0.,1.));
#12884=DIRECTION('',(0.,1.,0.));
#12885=DIRECTION('',(0.,0.,1.));
#12886=DIRECTION('',(0.,1.,0.));
#12887=DIRECTION('',(0.,0.,1.));
#12888=DIRECTION('',(0.,1.,0.));
#12889=DIRECTION('',(0.,0.,1.));
#12890=DIRECTION('',(0.,1.,0.));
#12891=DIRECTION('',(0.,0.,1.));
#12892=DIRECTION('',(0.,1.,0.));
#12893=DIRECTION('',(0.,0.,1.));
#12894=DIRECTION('',(0.,1.,0.));
#12895=DIRECTION('',(0.,0.,1.));
#12896=DIRECTION('',(0.,1.,0.));
#12897=DIRECTION('',(0.,0.,1.));
#12898=DIRECTION('',(0.,1.,0.));
#12899=DIRECTION('',(0.,0.,1.));
#12900=DIRECTION('',(0.,1.,0.));
#12901=DIRECTION('',(0.,0.,1.));
#12902=DIRECTION('',(0.,1.,0.));
#12903=DIRECTION('',(0.,0.,1.));
#12904=DIRECTION('',(0.,1.,0.));
#12905=DIRECTION('',(0.,0.,1.));
#12906=DIRECTION('',(0.,1.,0.));
#12907=DIRECTION('',(0.,0.,1.));
#12908=DIRECTION('',(0.,1.,0.));
#12909=DIRECTION('',(0.,0.,1.));
#12910=DIRECTION('',(0.,1.,0.));
#12911=DIRECTION('',(0.,0.,1.));
#12912=DIRECTION('',(0.,1.,0.));
#12913=DIRECTION('',(0.,0.,1.));
#12914=DIRECTION('',(0.,1.,0.));
#12915=DIRECTION('',(0.,0.,1.));
#12916=DIRECTION('',(0.,1.,0.));
#12917=DIRECTION('',(0.,0.,1.));
#12918=DIRECTION('',(0.,1.,0.));
#12919=DIRECTION('',(0.,0.,1.));
#12920=DIRECTION('',(0.,1.,0.));
#12921=DIRECTION('',(0.,0.,1.));
#12922=DIRECTION('',(0.,1.,0.));
#12923=DIRECTION('',(0.,0.,1.));
#12924=DIRECTION('',(0.,1.,0.));
#12925=DIRECTION('',(0.,0.,1.));
#12926=DIRECTION('',(0.,1.,0.));
#12927=DIRECTION('',(0.,0.,1.));
#12928=DIRECTION('',(0.,1.,0.));
#12929=DIRECTION('',(0.,0.,1.));
#12930=DIRECTION('',(0.,1.,0.));
#12931=DIRECTION('',(0.,0.,1.));
#12932=DIRECTION('',(0.,1.,0.));
#12933=DIRECTION('',(0.,0.,1.));
#12934=DIRECTION('',(0.,1.,0.));
#12935=DIRECTION('',(0.,0.,1.));
#12936=DIRECTION('',(0.,1.,0.));
#12937=DIRECTION('',(0.,0.,1.));
#12938=DIRECTION('',(0.,1.,0.));
#12939=DIRECTION('',(0.,0.,1.));
#12940=DIRECTION('',(0.,1.,0.));
#12941=DIRECTION('',(0.,0.,1.));
#12942=DIRECTION('',(0.,1.,0.));
#12943=DIRECTION('',(0.,0.,1.));
#12944=DIRECTION('',(0.,1.,0.));
#12945=DIRECTION('',(0.,0.,1.));
#12946=DIRECTION('',(0.,1.,0.));
#12947=DIRECTION('',(0.,0.,1.));
#12948=DIRECTION('',(0.,1.,0.));
#12949=DIRECTION('',(0.,0.,1.));
#12950=DIRECTION('',(0.,1.,0.));
#12951=DIRECTION('',(0.,0.,1.));
#12952=DIRECTION('',(0.,1.,0.));
#12953=DIRECTION('',(0.,0.,1.));
#12954=DIRECTION('',(0.,1.,0.));
#12955=DIRECTION('',(0.,0.,1.));
#12956=DIRECTION('',(1.,0.,0.));
#12957=DIRECTION('',(0.,0.,1.));
#12958=DIRECTION('',(0.,0.,1.));
#12959=DIRECTION('',(0.,1.,0.));
#12960=DIRECTION('',(0.,0.,1.));
#12961=DIRECTION('',(0.,0.,1.));
#12962=DIRECTION('',(1.,0.,0.));
#12963=DIRECTION('',(0.,0.,1.));
#12964=DIRECTION('',(0.,0.,1.));
#12965=DIRECTION('',(0.,1.,0.));
#12966=DIRECTION('',(0.,0.,1.));
#12967=DIRECTION('',(1.,0.,0.));
#12968=DIRECTION('',(0.,0.,1.));
#12969=DIRECTION('',(0.,0.,1.));
#12970=DIRECTION('',(0.,1.,0.));
#12971=DIRECTION('',(0.,0.,1.));
#12972=DIRECTION('',(1.,0.,0.));
#12973=DIRECTION('',(0.,0.,1.));
#12974=DIRECTION('',(0.,0.,1.));
#12975=DIRECTION('',(0.,1.,0.));
#12976=DIRECTION('',(0.,0.,1.));
#12977=DIRECTION('',(1.,0.,0.));
#12978=DIRECTION('',(0.,0.,1.));
#12979=DIRECTION('',(0.,0.,1.));
#12980=DIRECTION('',(0.,1.,0.));
#12981=DIRECTION('',(0.,0.,1.));
#12982=DIRECTION('',(1.,0.,0.));
#12983=DIRECTION('',(0.,0.,1.));
#12984=DIRECTION('',(0.,0.,1.));
#12985=DIRECTION('',(0.,1.,0.));
#12986=DIRECTION('',(0.,0.,1.));
#12987=DIRECTION('',(1.,0.,0.));
#12988=DIRECTION('',(0.,0.,1.));
#12989=DIRECTION('',(0.,0.,1.));
#12990=DIRECTION('',(0.,1.,0.));
#12991=DIRECTION('',(0.,0.,1.));
#12992=DIRECTION('',(1.,0.,0.));
#12993=DIRECTION('',(0.,0.,1.));
#12994=DIRECTION('',(0.,0.,1.));
#12995=DIRECTION('',(0.,1.,0.));
#12996=DIRECTION('',(0.,0.,1.));
#12997=DIRECTION('',(1.,0.,0.));
#12998=DIRECTION('',(0.,0.,1.));
#12999=DIRECTION('',(0.,0.,1.));
#13000=DIRECTION('',(0.,1.,0.));
#13001=DIRECTION('',(0.,0.,1.));
#13002=DIRECTION('',(1.,0.,0.));
#13003=DIRECTION('',(0.,0.,1.));
#13004=DIRECTION('',(0.,0.,1.));
#13005=DIRECTION('',(0.,1.,0.));
#13006=DIRECTION('',(0.,0.,1.));
#13007=DIRECTION('',(1.,0.,0.));
#13008=DIRECTION('',(0.,0.,1.));
#13009=DIRECTION('',(0.,0.,1.));
#13010=DIRECTION('',(0.,1.,0.));
#13011=DIRECTION('',(0.,0.,1.));
#13012=DIRECTION('',(1.,0.,0.));
#13013=DIRECTION('',(0.,0.,1.));
#13014=DIRECTION('',(0.,0.,1.));
#13015=DIRECTION('',(0.,1.,0.));
#13016=DIRECTION('',(0.,0.,1.));
#13017=DIRECTION('',(1.,0.,0.));
#13018=DIRECTION('',(0.,0.,1.));
#13019=DIRECTION('',(0.,0.,1.));
#13020=DIRECTION('',(0.,1.,0.));
#13021=DIRECTION('',(0.,0.,1.));
#13022=DIRECTION('',(1.,0.,0.));
#13023=DIRECTION('',(0.,0.,1.));
#13024=DIRECTION('',(0.,0.,1.));
#13025=DIRECTION('',(0.,1.,0.));
#13026=DIRECTION('',(0.,0.,1.));
#13027=DIRECTION('',(1.,0.,0.));
#13028=DIRECTION('',(0.,0.,1.));
#13029=DIRECTION('',(0.,0.,1.));
#13030=DIRECTION('',(0.,1.,0.));
#13031=DIRECTION('',(0.,0.,1.));
#13032=DIRECTION('',(1.,0.,0.));
#13033=DIRECTION('',(0.,0.,1.));
#13034=DIRECTION('',(0.,0.,1.));
#13035=DIRECTION('',(0.,1.,0.));
#13036=DIRECTION('',(0.,0.,1.));
#13037=DIRECTION('',(1.,0.,0.));
#13038=DIRECTION('',(0.,0.,1.));
#13039=DIRECTION('',(0.,0.,1.));
#13040=DIRECTION('',(0.,1.,0.));
#13041=DIRECTION('',(0.,0.,1.));
#13042=DIRECTION('',(1.,0.,0.));
#13043=DIRECTION('',(0.,0.,1.));
#13044=DIRECTION('',(0.,0.,1.));
#13045=DIRECTION('',(0.,1.,0.));
#13046=DIRECTION('',(0.,0.,1.));
#13047=DIRECTION('',(1.,0.,0.));
#13048=DIRECTION('',(0.,0.,1.));
#13049=DIRECTION('',(0.,0.,1.));
#13050=DIRECTION('',(0.,1.,0.));
#13051=DIRECTION('',(0.,0.,1.));
#13052=DIRECTION('',(1.,0.,0.));
#13053=DIRECTION('',(0.,0.,1.));
#13054=DIRECTION('',(0.,0.,1.));
#13055=DIRECTION('',(0.,1.,0.));
#13056=DIRECTION('',(0.,0.,1.));
#13057=DIRECTION('',(1.,0.,0.));
#13058=DIRECTION('',(0.,0.,1.));
#13059=DIRECTION('',(0.,0.,1.));
#13060=DIRECTION('',(0.,1.,0.));
#13061=DIRECTION('',(0.,0.,1.));
#13062=DIRECTION('',(1.,0.,0.));
#13063=DIRECTION('',(0.,0.,1.));
#13064=DIRECTION('',(0.,0.,1.));
#13065=DIRECTION('',(0.,1.,0.));
#13066=DIRECTION('',(0.,0.,1.));
#13067=DIRECTION('',(1.,0.,0.));
#13068=DIRECTION('',(0.,0.,1.));
#13069=DIRECTION('',(0.,0.,1.));
#13070=DIRECTION('',(0.,1.,0.));
#13071=DIRECTION('',(0.,0.,1.));
#13072=DIRECTION('',(1.,0.,0.));
#13073=DIRECTION('',(0.,0.,1.));
#13074=DIRECTION('',(0.,0.,1.));
#13075=DIRECTION('',(0.,1.,0.));
#13076=DIRECTION('',(0.,0.,1.));
#13077=DIRECTION('',(1.,0.,0.));
#13078=DIRECTION('',(0.,0.,1.));
#13079=DIRECTION('',(0.,0.,1.));
#13080=DIRECTION('',(0.,1.,0.));
#13081=DIRECTION('',(0.,0.,1.));
#13082=DIRECTION('',(1.,0.,0.));
#13083=DIRECTION('',(0.,0.,1.));
#13084=DIRECTION('',(0.,0.,1.));
#13085=DIRECTION('',(0.,1.,0.));
#13086=DIRECTION('',(0.,0.,1.));
#13087=DIRECTION('',(1.,0.,0.));
#13088=DIRECTION('',(0.,0.,1.));
#13089=DIRECTION('',(0.,0.,1.));
#13090=DIRECTION('',(0.,1.,0.));
#13091=DIRECTION('',(0.,0.,1.));
#13092=DIRECTION('',(1.,0.,0.));
#13093=DIRECTION('',(0.,0.,1.));
#13094=DIRECTION('',(0.,0.,1.));
#13095=DIRECTION('',(0.,1.,0.));
#13096=DIRECTION('',(0.,0.,1.));
#13097=DIRECTION('',(1.,0.,0.));
#13098=DIRECTION('',(0.,0.,1.));
#13099=DIRECTION('',(0.,0.,1.));
#13100=DIRECTION('',(0.,1.,0.));
#13101=DIRECTION('',(0.,0.,1.));
#13102=DIRECTION('',(1.,0.,0.));
#13103=DIRECTION('',(0.,0.,1.));
#13104=DIRECTION('',(0.,0.,1.));
#13105=DIRECTION('',(0.,1.,0.));
#13106=DIRECTION('',(0.,0.,1.));
#13107=DIRECTION('',(1.,0.,0.));
#13108=DIRECTION('',(0.,0.,1.));
#13109=DIRECTION('',(0.,0.,1.));
#13110=DIRECTION('',(0.,1.,0.));
#13111=DIRECTION('',(0.,0.,1.));
#13112=DIRECTION('',(1.,0.,0.));
#13113=DIRECTION('',(0.,0.,1.));
#13114=DIRECTION('',(0.,0.,1.));
#13115=DIRECTION('',(0.,1.,0.));
#13116=DIRECTION('',(0.,0.,1.));
#13117=DIRECTION('',(1.,0.,0.));
#13118=DIRECTION('',(0.,0.,1.));
#13119=DIRECTION('',(0.,0.,1.));
#13120=DIRECTION('',(0.,1.,0.));
#13121=DIRECTION('',(0.,0.,1.));
#13122=DIRECTION('',(1.,0.,0.));
#13123=DIRECTION('',(0.,0.,1.));
#13124=DIRECTION('',(0.,0.,1.));
#13125=DIRECTION('',(0.,1.,0.));
#13126=DIRECTION('',(0.,0.,1.));
#13127=DIRECTION('',(1.,0.,0.));
#13128=DIRECTION('',(0.,0.,1.));
#13129=DIRECTION('',(0.,0.,1.));
#13130=DIRECTION('',(0.,1.,0.));
#13131=DIRECTION('',(0.,0.,1.));
#13132=DIRECTION('',(1.,0.,0.));
#13133=DIRECTION('',(0.,0.,1.));
#13134=DIRECTION('',(0.,1.,0.));
#13135=DIRECTION('',(0.,0.,1.));
#13136=DIRECTION('',(1.,0.,0.));
#13137=DIRECTION('',(0.,0.,-1.));
#13138=DIRECTION('',(-1.,0.,0.));
#13139=DIRECTION('',(0.,0.,-1.));
#13140=DIRECTION('',(-1.,0.,0.));
#13141=DIRECTION('',(0.,0.,1.));
#13142=DIRECTION('',(1.,0.,0.));
#13143=DIRECTION('',(0.,0.,-1.));
#13144=DIRECTION('',(-1.,0.,0.));
#13145=DIRECTION('',(0.,0.,-1.));
#13146=DIRECTION('',(-1.,0.,0.));
#13147=DIRECTION('',(0.,0.,-1.));
#13148=DIRECTION('',(-1.,0.,0.));
#13149=DIRECTION('',(0.,0.,-1.));
#13150=DIRECTION('',(-1.,0.,0.));
#13151=DIRECTION('',(0.,0.,-1.));
#13152=DIRECTION('',(-1.,0.,0.));
#13153=DIRECTION('',(0.,0.,-1.));
#13154=DIRECTION('',(-1.,0.,0.));
#13155=DIRECTION('',(0.,0.,-1.));
#13156=DIRECTION('',(-1.,0.,0.));
#13157=DIRECTION('',(0.,0.,1.));
#13158=DIRECTION('',(1.,0.,0.));
#13159=DIRECTION('',(0.,0.,-1.));
#13160=DIRECTION('',(-1.,0.,0.));
#13161=DIRECTION('',(0.,0.,-1.));
#13162=DIRECTION('',(-1.,0.,0.));
#13163=DIRECTION('',(0.,0.,-1.));
#13164=DIRECTION('',(-1.,0.,0.));
#13165=DIRECTION('',(0.,0.,1.));
#13166=DIRECTION('',(1.,0.,0.));
#13167=DIRECTION('',(0.,0.,1.));
#13168=DIRECTION('',(0.,1.,0.));
#13169=DIRECTION('',(0.,0.,1.));
#13170=DIRECTION('',(0.,1.,0.));
#13171=DIRECTION('',(0.,0.,1.));
#13172=DIRECTION('',(0.,1.,0.));
#13173=DIRECTION('',(0.,0.,1.));
#13174=DIRECTION('',(0.,1.,0.));
#13175=DIRECTION('',(0.,0.,1.));
#13176=DIRECTION('',(0.,1.,0.));
#13177=DIRECTION('',(0.,0.,1.));
#13178=DIRECTION('',(0.,1.,0.));
#13179=DIRECTION('',(0.,0.,1.));
#13180=DIRECTION('',(0.,1.,0.));
#13181=DIRECTION('',(0.,0.,1.));
#13182=DIRECTION('',(0.,1.,0.));
#13183=DIRECTION('',(0.,0.,1.));
#13184=DIRECTION('',(0.,1.,0.));
#13185=DIRECTION('',(0.,0.,1.));
#13186=DIRECTION('',(0.,1.,0.));
#13187=DIRECTION('',(0.,0.,1.));
#13188=DIRECTION('',(0.,1.,0.));
#13189=DIRECTION('',(0.,0.,1.));
#13190=DIRECTION('',(0.,1.,0.));
#13191=DIRECTION('',(0.,0.,1.));
#13192=DIRECTION('',(0.,1.,0.));
#13193=DIRECTION('',(0.,0.,1.));
#13194=DIRECTION('',(0.,1.,0.));
#13195=DIRECTION('',(0.,0.,1.));
#13196=DIRECTION('',(0.,1.,0.));
#13197=DIRECTION('',(0.,0.,1.));
#13198=DIRECTION('',(0.,1.,0.));
#13199=DIRECTION('',(0.,0.,1.));
#13200=DIRECTION('',(0.,1.,0.));
#13201=DIRECTION('',(0.,0.,1.));
#13202=DIRECTION('',(0.,1.,0.));
#13203=DIRECTION('',(0.,0.,1.));
#13204=DIRECTION('',(0.,1.,0.));
#13205=DIRECTION('',(0.,0.,1.));
#13206=DIRECTION('',(0.,1.,0.));
#13207=DIRECTION('',(0.,0.,1.));
#13208=DIRECTION('',(0.,1.,0.));
#13209=DIRECTION('',(0.,0.,1.));
#13210=DIRECTION('',(0.,1.,0.));
#13211=DIRECTION('',(0.,0.,1.));
#13212=DIRECTION('',(0.,1.,0.));
#13213=DIRECTION('',(0.,0.,1.));
#13214=DIRECTION('',(0.,1.,0.));
#13215=DIRECTION('',(0.,0.,1.));
#13216=DIRECTION('',(0.,1.,0.));
#13217=DIRECTION('',(0.,0.,1.));
#13218=DIRECTION('',(0.,1.,0.));
#13219=DIRECTION('',(0.,0.,1.));
#13220=DIRECTION('',(0.,1.,0.));
#13221=DIRECTION('',(0.,0.,1.));
#13222=DIRECTION('',(0.,1.,0.));
#13223=DIRECTION('',(0.,0.,1.));
#13224=DIRECTION('',(0.,1.,0.));
#13225=DIRECTION('',(0.,0.,1.));
#13226=DIRECTION('',(0.,1.,0.));
#13227=DIRECTION('',(0.,0.,1.));
#13228=DIRECTION('',(0.,1.,0.));
#13229=DIRECTION('',(0.,0.,1.));
#13230=DIRECTION('',(0.,1.,0.));
#13231=DIRECTION('',(0.,0.,1.));
#13232=DIRECTION('',(0.,1.,0.));
#13233=DIRECTION('',(0.,0.,1.));
#13234=DIRECTION('',(0.,1.,0.));
#13235=DIRECTION('',(0.,0.,1.));
#13236=DIRECTION('',(0.,1.,0.));
#13237=DIRECTION('',(0.,0.,1.));
#13238=DIRECTION('',(0.,1.,0.));
#13239=DIRECTION('',(0.,0.,1.));
#13240=DIRECTION('',(1.,0.,0.));
#13241=DIRECTION('',(0.,0.,1.));
#13242=DIRECTION('',(0.,0.,1.));
#13243=DIRECTION('',(0.,1.,0.));
#13244=DIRECTION('',(0.,0.,1.));
#13245=DIRECTION('',(0.,0.,1.));
#13246=DIRECTION('',(1.,0.,0.));
#13247=DIRECTION('',(0.,0.,1.));
#13248=DIRECTION('',(0.,0.,1.));
#13249=DIRECTION('',(0.,1.,0.));
#13250=DIRECTION('',(0.,0.,1.));
#13251=DIRECTION('',(1.,0.,0.));
#13252=DIRECTION('',(0.,0.,1.));
#13253=DIRECTION('',(0.,0.,1.));
#13254=DIRECTION('',(0.,1.,0.));
#13255=DIRECTION('',(0.,0.,1.));
#13256=DIRECTION('',(1.,0.,0.));
#13257=DIRECTION('',(0.,0.,1.));
#13258=DIRECTION('',(0.,0.,1.));
#13259=DIRECTION('',(0.,1.,0.));
#13260=DIRECTION('',(0.,0.,1.));
#13261=DIRECTION('',(1.,0.,0.));
#13262=DIRECTION('',(0.,0.,1.));
#13263=DIRECTION('',(0.,0.,1.));
#13264=DIRECTION('',(0.,1.,0.));
#13265=DIRECTION('',(0.,0.,1.));
#13266=DIRECTION('',(1.,0.,0.));
#13267=DIRECTION('',(0.,0.,1.));
#13268=DIRECTION('',(0.,0.,1.));
#13269=DIRECTION('',(0.,1.,0.));
#13270=DIRECTION('',(0.,0.,1.));
#13271=DIRECTION('',(1.,0.,0.));
#13272=DIRECTION('',(0.,0.,1.));
#13273=DIRECTION('',(0.,0.,1.));
#13274=DIRECTION('',(0.,1.,0.));
#13275=DIRECTION('',(0.,0.,1.));
#13276=DIRECTION('',(1.,0.,0.));
#13277=DIRECTION('',(0.,0.,1.));
#13278=DIRECTION('',(0.,0.,1.));
#13279=DIRECTION('',(0.,1.,0.));
#13280=DIRECTION('',(0.,0.,1.));
#13281=DIRECTION('',(1.,0.,0.));
#13282=DIRECTION('',(0.,0.,1.));
#13283=DIRECTION('',(0.,0.,1.));
#13284=DIRECTION('',(0.,1.,0.));
#13285=DIRECTION('',(0.,0.,1.));
#13286=DIRECTION('',(1.,0.,0.));
#13287=DIRECTION('',(0.,0.,1.));
#13288=DIRECTION('',(0.,0.,1.));
#13289=DIRECTION('',(0.,1.,0.));
#13290=DIRECTION('',(0.,0.,1.));
#13291=DIRECTION('',(1.,0.,0.));
#13292=DIRECTION('',(0.,0.,1.));
#13293=DIRECTION('',(0.,0.,1.));
#13294=DIRECTION('',(0.,1.,0.));
#13295=DIRECTION('',(0.,0.,1.));
#13296=DIRECTION('',(1.,0.,0.));
#13297=DIRECTION('',(0.,0.,1.));
#13298=DIRECTION('',(0.,0.,1.));
#13299=DIRECTION('',(0.,1.,0.));
#13300=DIRECTION('',(0.,0.,1.));
#13301=DIRECTION('',(1.,0.,0.));
#13302=DIRECTION('',(0.,0.,1.));
#13303=DIRECTION('',(0.,0.,1.));
#13304=DIRECTION('',(0.,1.,0.));
#13305=DIRECTION('',(0.,0.,1.));
#13306=DIRECTION('',(1.,0.,0.));
#13307=DIRECTION('',(0.,0.,1.));
#13308=DIRECTION('',(0.,0.,1.));
#13309=DIRECTION('',(0.,1.,0.));
#13310=DIRECTION('',(0.,0.,1.));
#13311=DIRECTION('',(1.,0.,0.));
#13312=DIRECTION('',(0.,0.,1.));
#13313=DIRECTION('',(0.,0.,1.));
#13314=DIRECTION('',(0.,1.,0.));
#13315=DIRECTION('',(0.,0.,1.));
#13316=DIRECTION('',(1.,0.,0.));
#13317=DIRECTION('',(0.,0.,1.));
#13318=DIRECTION('',(0.,0.,1.));
#13319=DIRECTION('',(0.,1.,0.));
#13320=DIRECTION('',(0.,0.,1.));
#13321=DIRECTION('',(1.,0.,0.));
#13322=DIRECTION('',(0.,0.,1.));
#13323=DIRECTION('',(0.,0.,1.));
#13324=DIRECTION('',(0.,1.,0.));
#13325=DIRECTION('',(0.,0.,1.));
#13326=DIRECTION('',(1.,0.,0.));
#13327=DIRECTION('',(0.,0.,1.));
#13328=DIRECTION('',(0.,0.,1.));
#13329=DIRECTION('',(0.,1.,0.));
#13330=DIRECTION('',(0.,0.,1.));
#13331=DIRECTION('',(1.,0.,0.));
#13332=DIRECTION('',(0.,0.,1.));
#13333=DIRECTION('',(0.,0.,1.));
#13334=DIRECTION('',(0.,1.,0.));
#13335=DIRECTION('',(0.,0.,1.));
#13336=DIRECTION('',(1.,0.,0.));
#13337=DIRECTION('',(0.,0.,1.));
#13338=DIRECTION('',(0.,0.,1.));
#13339=DIRECTION('',(0.,1.,0.));
#13340=DIRECTION('',(0.,0.,1.));
#13341=DIRECTION('',(1.,0.,0.));
#13342=DIRECTION('',(0.,0.,1.));
#13343=DIRECTION('',(0.,0.,1.));
#13344=DIRECTION('',(0.,1.,0.));
#13345=DIRECTION('',(0.,0.,1.));
#13346=DIRECTION('',(1.,0.,0.));
#13347=DIRECTION('',(0.,0.,1.));
#13348=DIRECTION('',(0.,0.,1.));
#13349=DIRECTION('',(0.,1.,0.));
#13350=DIRECTION('',(0.,0.,1.));
#13351=DIRECTION('',(1.,0.,0.));
#13352=DIRECTION('',(0.,0.,1.));
#13353=DIRECTION('',(0.,0.,1.));
#13354=DIRECTION('',(0.,1.,0.));
#13355=DIRECTION('',(0.,0.,1.));
#13356=DIRECTION('',(1.,0.,0.));
#13357=DIRECTION('',(0.,0.,1.));
#13358=DIRECTION('',(0.,0.,1.));
#13359=DIRECTION('',(0.,1.,0.));
#13360=DIRECTION('',(0.,0.,1.));
#13361=DIRECTION('',(1.,0.,0.));
#13362=DIRECTION('',(0.,0.,1.));
#13363=DIRECTION('',(0.,0.,1.));
#13364=DIRECTION('',(0.,1.,0.));
#13365=DIRECTION('',(0.,0.,1.));
#13366=DIRECTION('',(1.,0.,0.));
#13367=DIRECTION('',(0.,0.,1.));
#13368=DIRECTION('',(0.,0.,1.));
#13369=DIRECTION('',(0.,1.,0.));
#13370=DIRECTION('',(0.,0.,1.));
#13371=DIRECTION('',(1.,0.,0.));
#13372=DIRECTION('',(0.,0.,1.));
#13373=DIRECTION('',(0.,0.,1.));
#13374=DIRECTION('',(0.,1.,0.));
#13375=DIRECTION('',(0.,0.,1.));
#13376=DIRECTION('',(1.,0.,0.));
#13377=DIRECTION('',(0.,0.,1.));
#13378=DIRECTION('',(0.,0.,1.));
#13379=DIRECTION('',(0.,1.,0.));
#13380=DIRECTION('',(0.,0.,1.));
#13381=DIRECTION('',(1.,0.,0.));
#13382=DIRECTION('',(0.,0.,1.));
#13383=DIRECTION('',(0.,0.,1.));
#13384=DIRECTION('',(0.,1.,0.));
#13385=DIRECTION('',(0.,0.,1.));
#13386=DIRECTION('',(1.,0.,0.));
#13387=DIRECTION('',(0.,0.,1.));
#13388=DIRECTION('',(0.,0.,1.));
#13389=DIRECTION('',(0.,1.,0.));
#13390=DIRECTION('',(0.,0.,1.));
#13391=DIRECTION('',(1.,0.,0.));
#13392=DIRECTION('',(0.,0.,1.));
#13393=DIRECTION('',(0.,0.,1.));
#13394=DIRECTION('',(0.,1.,0.));
#13395=DIRECTION('',(0.,0.,1.));
#13396=DIRECTION('',(1.,0.,0.));
#13397=DIRECTION('',(0.,0.,1.));
#13398=DIRECTION('',(0.,0.,1.));
#13399=DIRECTION('',(0.,1.,0.));
#13400=DIRECTION('',(0.,0.,1.));
#13401=DIRECTION('',(1.,0.,0.));
#13402=DIRECTION('',(0.,0.,1.));
#13403=DIRECTION('',(0.,0.,1.));
#13404=DIRECTION('',(0.,1.,0.));
#13405=DIRECTION('',(0.,0.,1.));
#13406=DIRECTION('',(1.,0.,0.));
#13407=DIRECTION('',(0.,0.,1.));
#13408=DIRECTION('',(0.,0.,1.));
#13409=DIRECTION('',(0.,1.,0.));
#13410=DIRECTION('',(0.,0.,1.));
#13411=DIRECTION('',(1.,0.,0.));
#13412=DIRECTION('',(0.,0.,1.));
#13413=DIRECTION('',(0.,0.,1.));
#13414=DIRECTION('',(0.,1.,0.));
#13415=DIRECTION('',(0.,0.,1.));
#13416=DIRECTION('',(1.,0.,0.));
#13417=DIRECTION('',(0.,0.,1.));
#13418=DIRECTION('',(0.,1.,0.));
#13419=DIRECTION('',(0.,0.,1.));
#13420=DIRECTION('',(1.,0.,0.));
#13421=DIRECTION('',(0.939692620785905,0.0885213269013791,0.33036608954936));
#13422=DIRECTION('',(0.331668125174647,0.,-0.943396128221403));
#13423=DIRECTION('',(0.,-0.965925826289068,0.258819045102521));
#13424=DIRECTION('',(-0.939692620785906,0.088521326901379,0.33036608954936));
#13425=DIRECTION('',(0.331668125174646,0.,0.943396128221404));
#13426=DIRECTION('',(0.,-0.965925826289068,0.258819045102521));
#13427=DIRECTION('',(0.,-0.965925826289068,0.258819045102521));
#13428=DIRECTION('',(0.,-0.258819045102521,-0.965925826289068));
#13429=DIRECTION('',(0.,0.,1.));
#13430=DIRECTION('',(1.,0.,0.));
#13431=DIRECTION('',(0.,0.,1.));
#13432=DIRECTION('',(1.,0.,0.));
#13433=DIRECTION('',(0.,0.,1.));
#13434=DIRECTION('',(1.,0.,0.));
#13435=DIRECTION('',(0.,0.,1.));
#13436=DIRECTION('',(1.,0.,0.));
#13437=DIRECTION('',(0.,0.,1.));
#13438=DIRECTION('',(1.,0.,0.));
#13439=DIRECTION('',(0.,0.,1.));
#13440=DIRECTION('',(1.,0.,0.));
#13441=DIRECTION('',(0.,0.,1.));
#13442=DIRECTION('',(1.,0.,0.));
#13443=DIRECTION('',(0.,0.,1.));
#13444=DIRECTION('',(1.,0.,0.));
#13445=DIRECTION('',(0.,0.,1.));
#13446=DIRECTION('',(1.,0.,0.));
#13447=DIRECTION('',(0.,0.,1.));
#13448=DIRECTION('',(1.,0.,0.));
#13449=DIRECTION('',(0.,0.,1.));
#13450=DIRECTION('',(1.,0.,0.));
#13451=DIRECTION('',(0.,0.,1.));
#13452=DIRECTION('',(0.,-1.,0.));
#13453=DIRECTION('',(0.,0.,-1.));
#13454=DIRECTION('',(-1.,0.,0.));
#13455=DIRECTION('',(0.,0.,1.));
#13456=DIRECTION('',(0.,0.,1.));
#13457=DIRECTION('',(1.,0.,0.));
#13458=DIRECTION('',(0.,0.,1.));
#13459=DIRECTION('',(1.,0.,0.));
#13460=DIRECTION('',(0.,0.15212338618992,-0.98836151046776));
#13461=DIRECTION('',(0.,0.98836151046776,0.15212338618992));
#13462=DIRECTION('',(0.,0.,1.));
#13463=DIRECTION('',(1.,0.,0.));
#13464=DIRECTION('',(0.,0.15212338618992,-0.98836151046776));
#13465=DIRECTION('',(0.,0.98836151046776,0.15212338618992));
#13466=DIRECTION('',(0.,0.,1.));
#13467=DIRECTION('',(1.,0.,0.));
#13468=DIRECTION('',(0.,0.,1.));
#13469=DIRECTION('',(0.,1.,0.));
#13470=DIRECTION('',(0.,0.,1.));
#13471=DIRECTION('',(0.,0.,1.));
#13472=DIRECTION('',(-1.,0.,0.));
#13473=DIRECTION('',(0.,0.,1.));
#13474=DIRECTION('',(1.,0.,0.));
#13475=DIRECTION('',(0.,0.,1.));
#13476=DIRECTION('',(1.,0.,0.));
#13477=DIRECTION('',(0.,0.,1.));
#13478=DIRECTION('',(0.,1.,0.));
#13479=DIRECTION('',(0.,0.,1.));
#13480=DIRECTION('',(0.,0.,1.));
#13481=DIRECTION('',(-1.,0.,0.));
#13482=DIRECTION('',(0.,0.,1.));
#13483=DIRECTION('',(1.,0.,0.));
#13484=DIRECTION('',(0.,0.,1.));
#13485=DIRECTION('',(1.,0.,0.));
#13486=DIRECTION('',(0.,0.15212338618992,-0.98836151046776));
#13487=DIRECTION('',(0.,0.98836151046776,0.15212338618992));
#13488=DIRECTION('',(0.,0.,1.));
#13489=DIRECTION('',(1.,0.,0.));
#13490=DIRECTION('',(0.,0.15212338618992,-0.98836151046776));
#13491=DIRECTION('',(0.,0.98836151046776,0.15212338618992));
#13492=DIRECTION('',(0.,0.,1.));
#13493=DIRECTION('',(1.,0.,0.));
#13494=DIRECTION('',(0.,0.,1.));
#13495=DIRECTION('',(0.,-1.,0.));
#13496=DIRECTION('',(0.,0.,-1.));
#13497=DIRECTION('',(-1.,0.,0.));
#13498=DIRECTION('',(0.,0.,1.));
#13499=DIRECTION('',(0.,0.,1.));
#13500=DIRECTION('',(1.,0.,0.));
#13501=DIRECTION('',(0.,0.,1.));
#13502=DIRECTION('',(1.,0.,0.));
#13503=DIRECTION('',(0.,0.,1.));
#13504=DIRECTION('',(1.,0.,0.));
#13505=DIRECTION('',(0.,0.,1.));
#13506=DIRECTION('',(1.,0.,0.));
#13507=DIRECTION('',(0.,1.,0.));
#13508=DIRECTION('',(-1.,0.,0.));
#13509=DIRECTION('',(0.,0.,1.));
#13510=DIRECTION('',(-1.,0.,0.));
#13511=DIRECTION('',(-1.,0.,0.));
#13512=DIRECTION('',(0.,0.,1.));
#13513=DIRECTION('',(-1.,0.,0.));
#13514=DIRECTION('',(-1.,0.,0.));
#13515=DIRECTION('',(0.,0.,1.));
#13516=DIRECTION('',(-1.,0.,0.));
#13517=DIRECTION('',(0.,0.15212338618992,-0.98836151046776));
#13518=DIRECTION('',(0.,0.98836151046776,0.15212338618992));
#13519=DIRECTION('',(0.,0.98836151046776,0.15212338618992));
#13520=DIRECTION('',(0.,-0.98836151046776,-0.15212338618992));
#13521=DIRECTION('',(0.,0.15212338618992,-0.98836151046776));
#13522=DIRECTION('',(0.,0.98836151046776,0.15212338618992));
#13523=DIRECTION('',(1.,0.,0.));
#13524=DIRECTION('',(0.,0.15212338618992,-0.98836151046776));
#13525=DIRECTION('',(0.,0.98836151046776,0.15212338618992));
#13526=DIRECTION('',(0.,0.15212338618992,-0.98836151046776));
#13527=DIRECTION('',(0.,-0.98836151046776,-0.15212338618992));
#13528=DIRECTION('',(0.,0.15212338618992,-0.98836151046776));
#13529=DIRECTION('',(0.,-0.98836151046776,-0.15212338618992));
#13530=DIRECTION('',(-1.,0.,0.));
#13531=DIRECTION('',(0.,0.,1.));
#13532=DIRECTION('',(-1.,0.,0.));
#13533=DIRECTION('',(-1.,0.,0.));
#13534=DIRECTION('',(-1.,0.,0.));
#13535=DIRECTION('',(0.,0.,1.));
#13536=DIRECTION('',(-1.,0.,0.));
#13537=DIRECTION('',(0.,0.,1.));
#13538=DIRECTION('',(-1.,0.,0.));
#13539=DIRECTION('',(0.,0.,1.));
#13540=DIRECTION('',(0.,0.,1.));
#13541=DIRECTION('',(1.,0.,0.));
#13542=DIRECTION('',(0.,-1.,0.));
#13543=DIRECTION('',(1.,0.,0.));
#13544=DIRECTION('',(0.,1.,0.));
#13545=DIRECTION('',(0.,0.,1.));
#13546=DIRECTION('',(1.,0.,0.));
#13547=DIRECTION('',(0.,1.,0.));
#13548=DIRECTION('',(1.,0.,0.));
#13549=DIRECTION('',(0.,-1.,0.));
#13550=DIRECTION('',(0.965925826289067,-0.258819045102526,0.));
#13551=DIRECTION('',(0.258819045102526,0.965925826289067,0.));
#13552=DIRECTION('',(0.258819045102526,0.965925826289067,0.));
#13553=DIRECTION('',(0.,0.,1.));
#13554=DIRECTION('',(0.258819045102526,0.965925826289067,0.));
#13555=DIRECTION('',(0.,0.,1.));
#13556=DIRECTION('',(0.,0.,1.));
#13557=DIRECTION('',(1.,0.,0.));
#13558=DIRECTION('',(0.,-1.,0.));
#13559=DIRECTION('',(0.,0.,1.));
#13560=DIRECTION('',(1.,0.,0.));
#13561=DIRECTION('',(-1.,0.,0.));
#13562=DIRECTION('',(0.,0.,1.));
#13563=DIRECTION('',(1.,0.,0.));
#13564=DIRECTION('',(0.,0.,1.));
#13565=DIRECTION('',(0.,0.,1.));
#13566=DIRECTION('',(1.,0.,0.));
#13567=DIRECTION('',(0.,0.,1.));
#13568=DIRECTION('',(1.,0.,0.));
#13569=DIRECTION('',(0.,-1.,0.));
#13570=DIRECTION('',(-1.,0.,0.));
#13571=DIRECTION('',(0.,1.,0.));
#13572=DIRECTION('',(0.,0.,1.));
#13573=DIRECTION('',(0.,0.,1.));
#13574=DIRECTION('',(-0.965925826289068,-0.258819045102521,0.));
#13575=DIRECTION('',(0.258819045102521,-0.965925826289068,0.));
#13576=DIRECTION('',(0.258819045102521,-0.965925826289068,0.));
#13577=DIRECTION('',(0.,0.,1.));
#13578=DIRECTION('',(0.258819045102521,-0.965925826289068,0.));
#13579=DIRECTION('',(0.,0.,1.));
#13580=DIRECTION('',(-1.,0.,0.));
#13581=DIRECTION('',(0.,0.,1.));
#13582=DIRECTION('',(0.,0.,1.));
#13583=DIRECTION('',(0.,1.,0.));
#13584=DIRECTION('',(0.,0.,1.));
#13585=DIRECTION('',(0.,1.,0.));
#13586=DIRECTION('',(0.,0.,1.));
#13587=DIRECTION('',(3.55140239176354E-14,1.,0.));
#13588=DIRECTION('',(-1.,3.55140239176354E-14,0.));
#13589=DIRECTION('',(0.,0.,1.));
#13590=DIRECTION('',(1.,0.,0.));
#13591=DIRECTION('',(0.,0.,-1.));
#13592=DIRECTION('',(0.,1.,0.));
#13593=DIRECTION('',(0.,0.,1.));
#13594=DIRECTION('',(-1.,0.,0.));
#13595=DIRECTION('',(-1.,0.,0.));
#13596=DIRECTION('',(0.,0.,1.));
#13597=DIRECTION('',(1.,0.,0.));
#13598=DIRECTION('',(0.,0.,1.));
#13599=DIRECTION('',(1.,0.,0.));
#13600=DIRECTION('',(0.,0.,1.));
#13601=DIRECTION('',(1.,0.,0.));
#13602=DIRECTION('',(0.,0.,1.));
#13603=DIRECTION('',(1.,0.,0.));
#13604=DIRECTION('',(0.,0.,1.));
#13605=DIRECTION('',(1.,0.,0.));
#13606=DIRECTION('',(0.,0.0739344360755826,-0.997263104282007));
#13607=DIRECTION('',(0.,0.997263104282007,0.0739344360755826));
#13608=DIRECTION('',(0.0677952666305178,-0.994968655378968,-0.0737643317319825));
#13609=DIRECTION('',(0.,0.0739344360755826,-0.997263104282007));
#13610=DIRECTION('',(0.,0.997263104282007,0.0739344360755826));
#13611=DIRECTION('',(0.0677952666305177,0.994968655378968,0.0737643317319825));
#13612=DIRECTION('',(0.939692620785905,0.0885213269013793,-0.330366089549361));
#13613=DIRECTION('',(-0.331668125174648,0.,-0.943396128221403));
#13614=DIRECTION('',(0.,0.965925826289068,0.258819045102521));
#13615=DIRECTION('',(-0.939692620785905,0.0885213269013792,-0.330366089549361));
#13616=DIRECTION('',(-0.331668125174648,0.,0.943396128221403));
#13617=DIRECTION('',(0.,0.965925826289068,0.258819045102521));
#13618=DIRECTION('',(0.,0.965925826289068,0.258819045102521));
#13619=DIRECTION('',(0.,-0.258819045102521,0.965925826289068));
#13620=DIRECTION('',(0.,0.,-1.));
#13621=DIRECTION('',(-1.,0.,0.));
#13622=DIRECTION('',(0.,0.,-1.));
#13623=DIRECTION('',(0.,1.,0.));
#13624=DIRECTION('',(0.,0.,-1.));
#13625=DIRECTION('',(0.,1.,0.));
#13626=DIRECTION('',(0.,0.,-1.));
#13627=DIRECTION('',(0.,1.,0.));
#13628=DIRECTION('',(0.,0.,-1.));
#13629=DIRECTION('',(0.,1.,0.));
#13630=DIRECTION('',(0.,0.,-1.));
#13631=DIRECTION('',(0.,1.,0.));
#13632=DIRECTION('',(0.,0.,-1.));
#13633=DIRECTION('',(0.,1.,0.));
#13634=DIRECTION('',(0.,0.,-1.));
#13635=DIRECTION('',(0.,1.,0.));
#13636=DIRECTION('',(0.,0.,-1.));
#13637=DIRECTION('',(0.,1.,0.));
#13638=DIRECTION('',(0.,0.,-1.));
#13639=DIRECTION('',(0.,1.,0.));
#13640=DIRECTION('',(0.,0.,-1.));
#13641=DIRECTION('',(0.,1.,0.));
#13642=DIRECTION('',(0.,0.,-1.));
#13643=DIRECTION('',(0.,1.,0.));
#13644=DIRECTION('',(0.,0.,-1.));
#13645=DIRECTION('',(0.,1.,0.));
#13646=DIRECTION('',(0.,0.,-1.));
#13647=DIRECTION('',(0.,1.,0.));
#13648=DIRECTION('',(0.,0.,-1.));
#13649=DIRECTION('',(0.,1.,0.));
#13650=DIRECTION('',(0.,0.,-1.));
#13651=DIRECTION('',(0.,1.,0.));
#13652=DIRECTION('',(0.,0.,-1.));
#13653=DIRECTION('',(0.,1.,0.));
#13654=DIRECTION('',(0.,0.,-1.));
#13655=DIRECTION('',(0.,1.,0.));
#13656=DIRECTION('',(0.,0.,-1.));
#13657=DIRECTION('',(0.,1.,0.));
#13658=DIRECTION('',(0.,0.,-1.));
#13659=DIRECTION('',(0.,1.,0.));
#13660=DIRECTION('',(0.,0.,-1.));
#13661=DIRECTION('',(0.,1.,0.));
#13662=DIRECTION('',(0.,0.,-1.));
#13663=DIRECTION('',(0.,1.,0.));
#13664=DIRECTION('',(0.,0.,-1.));
#13665=DIRECTION('',(0.,1.,0.));
#13666=DIRECTION('',(0.,0.,-1.));
#13667=DIRECTION('',(0.,1.,0.));
#13668=DIRECTION('',(0.,0.,-1.));
#13669=DIRECTION('',(0.,1.,0.));
#13670=DIRECTION('',(0.,0.,-1.));
#13671=DIRECTION('',(0.,1.,0.));
#13672=DIRECTION('',(0.,0.,-1.));
#13673=DIRECTION('',(0.,1.,0.));
#13674=DIRECTION('',(0.,0.,-1.));
#13675=DIRECTION('',(0.,1.,0.));
#13676=DIRECTION('',(0.,0.,-1.));
#13677=DIRECTION('',(0.,1.,0.));
#13678=DIRECTION('',(0.,0.,-1.));
#13679=DIRECTION('',(0.,1.,0.));
#13680=DIRECTION('',(0.,0.,-1.));
#13681=DIRECTION('',(0.,1.,0.));
#13682=DIRECTION('',(0.,0.,-1.));
#13683=DIRECTION('',(0.,1.,0.));
#13684=DIRECTION('',(0.,0.,-1.));
#13685=DIRECTION('',(0.,1.,0.));
#13686=DIRECTION('',(0.,0.,-1.));
#13687=DIRECTION('',(0.,1.,0.));
#13688=DIRECTION('',(0.,0.,-1.));
#13689=DIRECTION('',(0.,1.,0.));
#13690=DIRECTION('',(0.,0.,-1.));
#13691=DIRECTION('',(0.,1.,0.));
#13692=DIRECTION('',(0.,0.,-1.));
#13693=DIRECTION('',(0.,1.,0.));
#13694=DIRECTION('',(0.,0.,-1.));
#13695=DIRECTION('',(-1.,0.,0.));
#13696=DIRECTION('',(0.,0.,-1.));
#13697=DIRECTION('',(-1.,0.,0.));
#13698=DIRECTION('',(0.,0.,-1.));
#13699=DIRECTION('',(-1.,0.,0.));
#13700=DIRECTION('',(0.,0.,-1.));
#13701=DIRECTION('',(-1.,0.,0.));
#13702=DIRECTION('',(0.,0.,-1.));
#13703=DIRECTION('',(-1.,0.,0.));
#13704=DIRECTION('',(0.,0.,1.));
#13705=DIRECTION('',(1.,0.,0.));
#13706=DIRECTION('',(0.,0.,-1.));
#13707=DIRECTION('',(-1.,0.,0.));
#13708=DIRECTION('',(0.,0.,-1.));
#13709=DIRECTION('',(-1.,0.,0.));
#13710=DIRECTION('',(0.,0.,-1.));
#13711=DIRECTION('',(-1.,0.,0.));
#13712=DIRECTION('',(0.,0.,-1.));
#13713=DIRECTION('',(-1.,0.,0.));
#13714=DIRECTION('',(0.,0.,-1.));
#13715=DIRECTION('',(-1.,0.,0.));
#13716=DIRECTION('',(0.,0.,-1.));
#13717=DIRECTION('',(-1.,0.,0.));
#13718=DIRECTION('',(0.,0.,-1.));
#13719=DIRECTION('',(-1.,0.,0.));
#13720=DIRECTION('',(0.,0.,-1.));
#13721=DIRECTION('',(-1.,0.,0.));
#13722=DIRECTION('',(0.,0.,-1.));
#13723=DIRECTION('',(-1.,0.,0.));
#13724=DIRECTION('',(0.,0.,-1.));
#13725=DIRECTION('',(0.,1.,0.));
#13726=DIRECTION('',(0.,0.,-1.));
#13727=DIRECTION('',(0.,1.,0.));
#13728=DIRECTION('',(0.,0.,-1.));
#13729=DIRECTION('',(0.,1.,0.));
#13730=DIRECTION('',(0.,0.,-1.));
#13731=DIRECTION('',(0.,1.,0.));
#13732=DIRECTION('',(0.,0.,-1.));
#13733=DIRECTION('',(0.,1.,0.));
#13734=DIRECTION('',(0.,0.,-1.));
#13735=DIRECTION('',(0.,1.,0.));
#13736=DIRECTION('',(0.,0.,-1.));
#13737=DIRECTION('',(0.,1.,0.));
#13738=DIRECTION('',(0.,0.,-1.));
#13739=DIRECTION('',(0.,1.,0.));
#13740=DIRECTION('',(0.,0.,-1.));
#13741=DIRECTION('',(0.,1.,0.));
#13742=DIRECTION('',(0.,0.,-1.));
#13743=DIRECTION('',(0.,1.,0.));
#13744=DIRECTION('',(0.,0.,-1.));
#13745=DIRECTION('',(0.,1.,0.));
#13746=DIRECTION('',(0.,0.,-1.));
#13747=DIRECTION('',(0.,1.,0.));
#13748=DIRECTION('',(0.,0.,-1.));
#13749=DIRECTION('',(0.,1.,0.));
#13750=DIRECTION('',(0.,0.,-1.));
#13751=DIRECTION('',(0.,1.,0.));
#13752=DIRECTION('',(0.,0.,-1.));
#13753=DIRECTION('',(0.,1.,0.));
#13754=DIRECTION('',(0.,0.,-1.));
#13755=DIRECTION('',(0.,1.,0.));
#13756=DIRECTION('',(0.,0.,-1.));
#13757=DIRECTION('',(0.,1.,0.));
#13758=DIRECTION('',(0.,0.,-1.));
#13759=DIRECTION('',(0.,1.,0.));
#13760=DIRECTION('',(0.,0.,-1.));
#13761=DIRECTION('',(0.,1.,0.));
#13762=DIRECTION('',(0.,0.,-1.));
#13763=DIRECTION('',(0.,1.,0.));
#13764=DIRECTION('',(0.,0.,-1.));
#13765=DIRECTION('',(0.,1.,0.));
#13766=DIRECTION('',(0.,0.,-1.));
#13767=DIRECTION('',(0.,1.,0.));
#13768=DIRECTION('',(0.,0.,-1.));
#13769=DIRECTION('',(0.,1.,0.));
#13770=DIRECTION('',(0.,0.,-1.));
#13771=DIRECTION('',(0.,1.,0.));
#13772=DIRECTION('',(0.,0.,-1.));
#13773=DIRECTION('',(0.,1.,0.));
#13774=DIRECTION('',(0.,0.,-1.));
#13775=DIRECTION('',(0.,1.,0.));
#13776=DIRECTION('',(0.,0.,-1.));
#13777=DIRECTION('',(0.,1.,0.));
#13778=DIRECTION('',(0.,0.,-1.));
#13779=DIRECTION('',(0.,1.,0.));
#13780=DIRECTION('',(0.,0.,-1.));
#13781=DIRECTION('',(0.,1.,0.));
#13782=DIRECTION('',(0.,0.,-1.));
#13783=DIRECTION('',(0.,1.,0.));
#13784=DIRECTION('',(0.,0.,-1.));
#13785=DIRECTION('',(0.,1.,0.));
#13786=DIRECTION('',(0.,0.,-1.));
#13787=DIRECTION('',(0.,1.,0.));
#13788=DIRECTION('',(0.,0.,-1.));
#13789=DIRECTION('',(0.,1.,0.));
#13790=DIRECTION('',(0.,0.,-1.));
#13791=DIRECTION('',(0.,1.,0.));
#13792=DIRECTION('',(0.,0.,-1.));
#13793=DIRECTION('',(0.,1.,0.));
#13794=DIRECTION('',(0.,0.,-1.));
#13795=DIRECTION('',(0.,1.,0.));
#13796=DIRECTION('',(0.,0.,-1.));
#13797=DIRECTION('',(-1.,0.,0.));
#13798=DIRECTION('',(0.,0.,-1.));
#13799=DIRECTION('',(-1.,0.,0.));
#13800=DIRECTION('',(0.,0.,-1.));
#13801=DIRECTION('',(-1.,0.,0.));
#13802=DIRECTION('',(0.,0.,-1.));
#13803=DIRECTION('',(-1.,0.,0.));
#13804=DIRECTION('',(0.,0.,-1.));
#13805=DIRECTION('',(-1.,0.,0.));
#13806=DIRECTION('',(0.,0.,1.));
#13807=DIRECTION('',(1.,0.,0.));
#13808=DIRECTION('',(0.,0.,-1.));
#13809=DIRECTION('',(-1.,0.,0.));
#13810=DIRECTION('',(0.,0.,-1.));
#13811=DIRECTION('',(-1.,0.,0.));
#13812=DIRECTION('',(0.,0.,-1.));
#13813=DIRECTION('',(-1.,0.,0.));
#13814=DIRECTION('',(0.,0.,-1.));
#13815=DIRECTION('',(-1.,0.,0.));
#13816=DIRECTION('',(0.,0.,-1.));
#13817=DIRECTION('',(-1.,0.,0.));
#13818=DIRECTION('',(0.,0.,-1.));
#13819=DIRECTION('',(-1.,0.,0.));
#13820=DIRECTION('',(0.,0.,-1.));
#13821=DIRECTION('',(-1.,0.,0.));
#13822=DIRECTION('',(0.,0.,-1.));
#13823=DIRECTION('',(-1.,0.,0.));
#13824=DIRECTION('',(0.,0.,-1.));
#13825=DIRECTION('',(-1.,0.,0.));
#13826=DIRECTION('',(0.,0.,-1.));
#13827=DIRECTION('',(0.,0.,-1.));
#13828=DIRECTION('',(0.,1.,0.));
#13829=DIRECTION('',(0.,0.,-1.));
#13830=DIRECTION('',(0.,0.,-1.));
#13831=DIRECTION('',(-1.,0.,0.));
#13832=DIRECTION('',(0.,0.,-1.));
#13833=DIRECTION('',(0.,0.,-1.));
#13834=DIRECTION('',(0.,1.,0.));
#13835=DIRECTION('',(0.,0.,-1.));
#13836=DIRECTION('',(-1.,0.,0.));
#13837=DIRECTION('',(0.,0.,-1.));
#13838=DIRECTION('',(0.,0.,-1.));
#13839=DIRECTION('',(0.,1.,0.));
#13840=DIRECTION('',(0.,0.,-1.));
#13841=DIRECTION('',(-1.,0.,0.));
#13842=DIRECTION('',(0.,0.,-1.));
#13843=DIRECTION('',(0.,0.,-1.));
#13844=DIRECTION('',(0.,1.,0.));
#13845=DIRECTION('',(0.,0.,-1.));
#13846=DIRECTION('',(-1.,0.,0.));
#13847=DIRECTION('',(0.,0.,-1.));
#13848=DIRECTION('',(0.,0.,-1.));
#13849=DIRECTION('',(0.,1.,0.));
#13850=DIRECTION('',(0.,0.,-1.));
#13851=DIRECTION('',(-1.,0.,0.));
#13852=DIRECTION('',(0.,0.,-1.));
#13853=DIRECTION('',(0.,0.,-1.));
#13854=DIRECTION('',(0.,1.,0.));
#13855=DIRECTION('',(0.,0.,-1.));
#13856=DIRECTION('',(-1.,0.,0.));
#13857=DIRECTION('',(0.,0.,-1.));
#13858=DIRECTION('',(0.,0.,-1.));
#13859=DIRECTION('',(0.,1.,0.));
#13860=DIRECTION('',(0.,0.,-1.));
#13861=DIRECTION('',(-1.,0.,0.));
#13862=DIRECTION('',(0.,0.,-1.));
#13863=DIRECTION('',(0.,0.,-1.));
#13864=DIRECTION('',(0.,1.,0.));
#13865=DIRECTION('',(0.,0.,-1.));
#13866=DIRECTION('',(-1.,0.,0.));
#13867=DIRECTION('',(0.,0.,-1.));
#13868=DIRECTION('',(0.,0.,-1.));
#13869=DIRECTION('',(0.,1.,0.));
#13870=DIRECTION('',(0.,0.,-1.));
#13871=DIRECTION('',(-1.,0.,0.));
#13872=DIRECTION('',(0.,0.,-1.));
#13873=DIRECTION('',(0.,0.,-1.));
#13874=DIRECTION('',(0.,1.,0.));
#13875=DIRECTION('',(0.,0.,-1.));
#13876=DIRECTION('',(-1.,0.,0.));
#13877=DIRECTION('',(0.,0.,-1.));
#13878=DIRECTION('',(0.,0.,-1.));
#13879=DIRECTION('',(0.,1.,0.));
#13880=DIRECTION('',(0.,0.,-1.));
#13881=DIRECTION('',(-1.,0.,0.));
#13882=DIRECTION('',(0.,0.,-1.));
#13883=DIRECTION('',(0.,0.,-1.));
#13884=DIRECTION('',(0.,1.,0.));
#13885=DIRECTION('',(0.,0.,-1.));
#13886=DIRECTION('',(-1.,0.,0.));
#13887=DIRECTION('',(0.,0.,-1.));
#13888=DIRECTION('',(0.,0.,-1.));
#13889=DIRECTION('',(0.,1.,0.));
#13890=DIRECTION('',(0.,0.,-1.));
#13891=DIRECTION('',(-1.,0.,0.));
#13892=DIRECTION('',(0.,0.,-1.));
#13893=DIRECTION('',(0.,0.,-1.));
#13894=DIRECTION('',(0.,1.,0.));
#13895=DIRECTION('',(0.,0.,-1.));
#13896=DIRECTION('',(-1.,0.,0.));
#13897=DIRECTION('',(0.,0.,-1.));
#13898=DIRECTION('',(0.,0.,-1.));
#13899=DIRECTION('',(0.,1.,0.));
#13900=DIRECTION('',(0.,0.,-1.));
#13901=DIRECTION('',(-1.,0.,0.));
#13902=DIRECTION('',(0.,0.,-1.));
#13903=DIRECTION('',(0.,0.,-1.));
#13904=DIRECTION('',(0.,1.,0.));
#13905=DIRECTION('',(0.,0.,-1.));
#13906=DIRECTION('',(-1.,0.,0.));
#13907=DIRECTION('',(0.,0.,-1.));
#13908=DIRECTION('',(0.,0.,-1.));
#13909=DIRECTION('',(0.,1.,0.));
#13910=DIRECTION('',(0.,0.,-1.));
#13911=DIRECTION('',(-1.,0.,0.));
#13912=DIRECTION('',(0.,0.,-1.));
#13913=DIRECTION('',(0.,0.,-1.));
#13914=DIRECTION('',(0.,1.,0.));
#13915=DIRECTION('',(0.,0.,-1.));
#13916=DIRECTION('',(-1.,0.,0.));
#13917=DIRECTION('',(0.,0.,-1.));
#13918=DIRECTION('',(0.,0.,-1.));
#13919=DIRECTION('',(0.,1.,0.));
#13920=DIRECTION('',(0.,0.,-1.));
#13921=DIRECTION('',(-1.,0.,0.));
#13922=DIRECTION('',(0.,0.,-1.));
#13923=DIRECTION('',(0.,0.,-1.));
#13924=DIRECTION('',(0.,1.,0.));
#13925=DIRECTION('',(0.,0.,-1.));
#13926=DIRECTION('',(-1.,0.,0.));
#13927=DIRECTION('',(0.,0.,-1.));
#13928=DIRECTION('',(0.,0.,-1.));
#13929=DIRECTION('',(0.,1.,0.));
#13930=DIRECTION('',(0.,0.,-1.));
#13931=DIRECTION('',(-1.,0.,0.));
#13932=DIRECTION('',(0.,0.,-1.));
#13933=DIRECTION('',(0.,0.,-1.));
#13934=DIRECTION('',(0.,1.,0.));
#13935=DIRECTION('',(0.,0.,-1.));
#13936=DIRECTION('',(-1.,0.,0.));
#13937=DIRECTION('',(0.,0.,-1.));
#13938=DIRECTION('',(0.,0.,-1.));
#13939=DIRECTION('',(0.,1.,0.));
#13940=DIRECTION('',(0.,0.,-1.));
#13941=DIRECTION('',(-1.,0.,0.));
#13942=DIRECTION('',(0.,0.,-1.));
#13943=DIRECTION('',(0.,0.,-1.));
#13944=DIRECTION('',(0.,1.,0.));
#13945=DIRECTION('',(0.,0.,-1.));
#13946=DIRECTION('',(-1.,0.,0.));
#13947=DIRECTION('',(0.,0.,-1.));
#13948=DIRECTION('',(0.,0.,-1.));
#13949=DIRECTION('',(0.,1.,0.));
#13950=DIRECTION('',(0.,0.,-1.));
#13951=DIRECTION('',(-1.,0.,0.));
#13952=DIRECTION('',(0.,0.,-1.));
#13953=DIRECTION('',(0.,0.,-1.));
#13954=DIRECTION('',(0.,1.,0.));
#13955=DIRECTION('',(0.,0.,-1.));
#13956=DIRECTION('',(-1.,0.,0.));
#13957=DIRECTION('',(0.,0.,-1.));
#13958=DIRECTION('',(0.,0.,-1.));
#13959=DIRECTION('',(0.,1.,0.));
#13960=DIRECTION('',(0.,0.,-1.));
#13961=DIRECTION('',(-1.,0.,0.));
#13962=DIRECTION('',(0.,0.,-1.));
#13963=DIRECTION('',(0.,0.,-1.));
#13964=DIRECTION('',(0.,1.,0.));
#13965=DIRECTION('',(0.,0.,-1.));
#13966=DIRECTION('',(-1.,0.,0.));
#13967=DIRECTION('',(0.,0.,-1.));
#13968=DIRECTION('',(0.,0.,-1.));
#13969=DIRECTION('',(0.,1.,0.));
#13970=DIRECTION('',(0.,0.,-1.));
#13971=DIRECTION('',(-1.,0.,0.));
#13972=DIRECTION('',(0.,0.,-1.));
#13973=DIRECTION('',(0.,0.,-1.));
#13974=DIRECTION('',(0.,1.,0.));
#13975=DIRECTION('',(0.,0.,-1.));
#13976=DIRECTION('',(-1.,0.,0.));
#13977=DIRECTION('',(0.,0.,-1.));
#13978=DIRECTION('',(0.,0.,-1.));
#13979=DIRECTION('',(0.,1.,0.));
#13980=DIRECTION('',(0.,0.,-1.));
#13981=DIRECTION('',(-1.,0.,0.));
#13982=DIRECTION('',(0.,0.,-1.));
#13983=DIRECTION('',(0.,0.,-1.));
#13984=DIRECTION('',(0.,1.,0.));
#13985=DIRECTION('',(0.,0.,-1.));
#13986=DIRECTION('',(-1.,0.,0.));
#13987=DIRECTION('',(0.,0.,-1.));
#13988=DIRECTION('',(0.,0.,-1.));
#13989=DIRECTION('',(0.,1.,0.));
#13990=DIRECTION('',(0.,0.,-1.));
#13991=DIRECTION('',(-1.,0.,0.));
#13992=DIRECTION('',(0.,0.,-1.));
#13993=DIRECTION('',(0.,0.,-1.));
#13994=DIRECTION('',(0.,1.,0.));
#13995=DIRECTION('',(0.,0.,-1.));
#13996=DIRECTION('',(-1.,0.,0.));
#13997=DIRECTION('',(0.,0.,-1.));
#13998=DIRECTION('',(0.,0.,-1.));
#13999=DIRECTION('',(0.,1.,0.));
#14000=DIRECTION('',(0.,0.,-1.));
#14001=DIRECTION('',(-1.,0.,0.));
#14002=DIRECTION('',(0.,0.,-1.));
#14003=DIRECTION('',(0.,1.,0.));
#14004=DIRECTION('',(0.,0.,-1.));
#14005=DIRECTION('',(-1.,0.,0.));
#14006=DIRECTION('',(0.,0.,-1.));
#14007=DIRECTION('',(-1.,0.,0.));
#14008=DIRECTION('',(0.,0.,-1.));
#14009=DIRECTION('',(0.,0.,-1.));
#14010=DIRECTION('',(0.,1.,0.));
#14011=DIRECTION('',(0.,0.,-1.));
#14012=DIRECTION('',(0.,0.,-1.));
#14013=DIRECTION('',(-1.,0.,0.));
#14014=DIRECTION('',(0.,0.,-1.));
#14015=DIRECTION('',(0.,0.,-1.));
#14016=DIRECTION('',(0.,1.,0.));
#14017=DIRECTION('',(0.,0.,-1.));
#14018=DIRECTION('',(-1.,0.,0.));
#14019=DIRECTION('',(0.,0.,-1.));
#14020=DIRECTION('',(0.,0.,-1.));
#14021=DIRECTION('',(0.,1.,0.));
#14022=DIRECTION('',(0.,0.,-1.));
#14023=DIRECTION('',(-1.,0.,0.));
#14024=DIRECTION('',(0.,0.,-1.));
#14025=DIRECTION('',(0.,0.,-1.));
#14026=DIRECTION('',(0.,1.,0.));
#14027=DIRECTION('',(0.,0.,-1.));
#14028=DIRECTION('',(-1.,0.,0.));
#14029=DIRECTION('',(0.,0.,-1.));
#14030=DIRECTION('',(0.,0.,-1.));
#14031=DIRECTION('',(0.,1.,0.));
#14032=DIRECTION('',(0.,0.,-1.));
#14033=DIRECTION('',(-1.,0.,0.));
#14034=DIRECTION('',(0.,0.,-1.));
#14035=DIRECTION('',(0.,0.,-1.));
#14036=DIRECTION('',(0.,1.,0.));
#14037=DIRECTION('',(0.,0.,-1.));
#14038=DIRECTION('',(-1.,0.,0.));
#14039=DIRECTION('',(0.,0.,-1.));
#14040=DIRECTION('',(0.,0.,-1.));
#14041=DIRECTION('',(0.,1.,0.));
#14042=DIRECTION('',(0.,0.,-1.));
#14043=DIRECTION('',(-1.,0.,0.));
#14044=DIRECTION('',(0.,0.,-1.));
#14045=DIRECTION('',(0.,0.,-1.));
#14046=DIRECTION('',(0.,1.,0.));
#14047=DIRECTION('',(0.,0.,-1.));
#14048=DIRECTION('',(-1.,0.,0.));
#14049=DIRECTION('',(0.,0.,-1.));
#14050=DIRECTION('',(0.,0.,-1.));
#14051=DIRECTION('',(0.,1.,0.));
#14052=DIRECTION('',(0.,0.,-1.));
#14053=DIRECTION('',(-1.,0.,0.));
#14054=DIRECTION('',(0.,0.,-1.));
#14055=DIRECTION('',(0.,0.,-1.));
#14056=DIRECTION('',(0.,1.,0.));
#14057=DIRECTION('',(0.,0.,-1.));
#14058=DIRECTION('',(-1.,0.,0.));
#14059=DIRECTION('',(0.,0.,-1.));
#14060=DIRECTION('',(0.,0.,-1.));
#14061=DIRECTION('',(0.,1.,0.));
#14062=DIRECTION('',(0.,0.,-1.));
#14063=DIRECTION('',(-1.,0.,0.));
#14064=DIRECTION('',(0.,0.,-1.));
#14065=DIRECTION('',(0.,0.,-1.));
#14066=DIRECTION('',(0.,1.,0.));
#14067=DIRECTION('',(0.,0.,-1.));
#14068=DIRECTION('',(-1.,0.,0.));
#14069=DIRECTION('',(0.,0.,-1.));
#14070=DIRECTION('',(0.,0.,-1.));
#14071=DIRECTION('',(0.,1.,0.));
#14072=DIRECTION('',(0.,0.,-1.));
#14073=DIRECTION('',(-1.,0.,0.));
#14074=DIRECTION('',(0.,0.,-1.));
#14075=DIRECTION('',(0.,0.,-1.));
#14076=DIRECTION('',(0.,1.,0.));
#14077=DIRECTION('',(0.,0.,-1.));
#14078=DIRECTION('',(-1.,0.,0.));
#14079=DIRECTION('',(0.,0.,-1.));
#14080=DIRECTION('',(0.,0.,-1.));
#14081=DIRECTION('',(0.,1.,0.));
#14082=DIRECTION('',(0.,0.,-1.));
#14083=DIRECTION('',(-1.,0.,0.));
#14084=DIRECTION('',(0.,0.,-1.));
#14085=DIRECTION('',(0.,0.,-1.));
#14086=DIRECTION('',(0.,1.,0.));
#14087=DIRECTION('',(0.,0.,-1.));
#14088=DIRECTION('',(-1.,0.,0.));
#14089=DIRECTION('',(0.,0.,-1.));
#14090=DIRECTION('',(0.,0.,-1.));
#14091=DIRECTION('',(0.,1.,0.));
#14092=DIRECTION('',(0.,0.,-1.));
#14093=DIRECTION('',(-1.,0.,0.));
#14094=DIRECTION('',(0.,0.,-1.));
#14095=DIRECTION('',(0.,0.,-1.));
#14096=DIRECTION('',(0.,1.,0.));
#14097=DIRECTION('',(0.,0.,-1.));
#14098=DIRECTION('',(-1.,0.,0.));
#14099=DIRECTION('',(0.,0.,-1.));
#14100=DIRECTION('',(0.,0.,-1.));
#14101=DIRECTION('',(0.,1.,0.));
#14102=DIRECTION('',(0.,0.,-1.));
#14103=DIRECTION('',(-1.,0.,0.));
#14104=DIRECTION('',(0.,0.,-1.));
#14105=DIRECTION('',(0.,0.,-1.));
#14106=DIRECTION('',(0.,1.,0.));
#14107=DIRECTION('',(0.,0.,-1.));
#14108=DIRECTION('',(-1.,0.,0.));
#14109=DIRECTION('',(0.,0.,-1.));
#14110=DIRECTION('',(0.,0.,-1.));
#14111=DIRECTION('',(0.,1.,0.));
#14112=DIRECTION('',(0.,0.,-1.));
#14113=DIRECTION('',(-1.,0.,0.));
#14114=DIRECTION('',(0.,0.,-1.));
#14115=DIRECTION('',(0.,0.,-1.));
#14116=DIRECTION('',(0.,1.,0.));
#14117=DIRECTION('',(0.,0.,-1.));
#14118=DIRECTION('',(-1.,0.,0.));
#14119=DIRECTION('',(0.,0.,-1.));
#14120=DIRECTION('',(0.,0.,-1.));
#14121=DIRECTION('',(0.,1.,0.));
#14122=DIRECTION('',(0.,0.,-1.));
#14123=DIRECTION('',(-1.,0.,0.));
#14124=DIRECTION('',(0.,0.,-1.));
#14125=DIRECTION('',(0.,0.,-1.));
#14126=DIRECTION('',(0.,1.,0.));
#14127=DIRECTION('',(0.,0.,-1.));
#14128=DIRECTION('',(-1.,0.,0.));
#14129=DIRECTION('',(0.,0.,-1.));
#14130=DIRECTION('',(0.,0.,-1.));
#14131=DIRECTION('',(0.,1.,0.));
#14132=DIRECTION('',(0.,0.,-1.));
#14133=DIRECTION('',(-1.,0.,0.));
#14134=DIRECTION('',(0.,0.,-1.));
#14135=DIRECTION('',(0.,0.,-1.));
#14136=DIRECTION('',(0.,1.,0.));
#14137=DIRECTION('',(0.,0.,-1.));
#14138=DIRECTION('',(-1.,0.,0.));
#14139=DIRECTION('',(0.,0.,-1.));
#14140=DIRECTION('',(0.,0.,-1.));
#14141=DIRECTION('',(0.,1.,0.));
#14142=DIRECTION('',(0.,0.,-1.));
#14143=DIRECTION('',(-1.,0.,0.));
#14144=DIRECTION('',(0.,0.,-1.));
#14145=DIRECTION('',(0.,0.,-1.));
#14146=DIRECTION('',(0.,1.,0.));
#14147=DIRECTION('',(0.,0.,-1.));
#14148=DIRECTION('',(-1.,0.,0.));
#14149=DIRECTION('',(0.,0.,-1.));
#14150=DIRECTION('',(0.,0.,-1.));
#14151=DIRECTION('',(0.,1.,0.));
#14152=DIRECTION('',(0.,0.,-1.));
#14153=DIRECTION('',(-1.,0.,0.));
#14154=DIRECTION('',(0.,0.,-1.));
#14155=DIRECTION('',(0.,0.,-1.));
#14156=DIRECTION('',(0.,1.,0.));
#14157=DIRECTION('',(0.,0.,-1.));
#14158=DIRECTION('',(-1.,0.,0.));
#14159=DIRECTION('',(0.,0.,-1.));
#14160=DIRECTION('',(0.,0.,-1.));
#14161=DIRECTION('',(0.,1.,0.));
#14162=DIRECTION('',(0.,0.,-1.));
#14163=DIRECTION('',(-1.,0.,0.));
#14164=DIRECTION('',(0.,0.,-1.));
#14165=DIRECTION('',(0.,0.,-1.));
#14166=DIRECTION('',(0.,1.,0.));
#14167=DIRECTION('',(0.,0.,-1.));
#14168=DIRECTION('',(-1.,0.,0.));
#14169=DIRECTION('',(0.,0.,-1.));
#14170=DIRECTION('',(0.,0.,-1.));
#14171=DIRECTION('',(0.,1.,0.));
#14172=DIRECTION('',(0.,0.,-1.));
#14173=DIRECTION('',(-1.,0.,0.));
#14174=DIRECTION('',(0.,0.,-1.));
#14175=DIRECTION('',(0.,0.,-1.));
#14176=DIRECTION('',(0.,1.,0.));
#14177=DIRECTION('',(0.,0.,-1.));
#14178=DIRECTION('',(-1.,0.,0.));
#14179=DIRECTION('',(0.,0.,-1.));
#14180=DIRECTION('',(0.,0.,-1.));
#14181=DIRECTION('',(0.,1.,0.));
#14182=DIRECTION('',(0.,0.,-1.));
#14183=DIRECTION('',(-1.,0.,0.));
#14184=DIRECTION('',(0.,0.,-1.));
#14185=DIRECTION('',(0.,1.,0.));
#14186=DIRECTION('',(0.,0.,-1.));
#14187=DIRECTION('',(-1.,0.,0.));
#14188=DIRECTION('',(0.,0.,1.));
#14189=DIRECTION('',(1.,0.,0.));
#14190=DIRECTION('',(0.,0.,1.));
#14191=DIRECTION('',(0.,0.,1.));
#14192=DIRECTION('',(1.,0.,0.));
#14193=DIRECTION('',(0.,0.,1.));
#14194=DIRECTION('',(-1.,0.,0.));
#14195=DIRECTION('',(0.,0.,1.));
#14196=DIRECTION('',(0.,-1.,0.));
#14197=DIRECTION('',(1.,0.,0.));
#14198=DIRECTION('',(0.,0.,-1.));
#14199=DIRECTION('',(0.,1.,0.));
#14200=DIRECTION('',(0.,0.,1.));
#14201=DIRECTION('',(0.,0.,1.));
#14202=DIRECTION('',(1.,0.,0.));
#14203=DIRECTION('',(0.,0.,1.));
#14204=DIRECTION('',(1.,0.,0.));
#14205=DIRECTION('',(0.,0.,1.));
#14206=DIRECTION('',(0.,1.,0.));
#14207=DIRECTION('',(0.,0.,1.));
#14208=DIRECTION('',(-1.,0.,0.));
#14209=DIRECTION('',(0.,0.,1.));
#14210=DIRECTION('',(1.,0.,0.));
#14211=DIRECTION('',(0.,0.,-1.));
#14212=DIRECTION('',(-1.,0.,0.));
#14213=DIRECTION('',(0.,0.,-1.));
#14214=DIRECTION('',(-1.,0.,0.));
#14215=DIRECTION('',(0.,0.,-1.));
#14216=DIRECTION('',(-1.,0.,0.));
#14217=DIRECTION('',(0.,0.,1.));
#14218=DIRECTION('',(1.,0.,0.));
#14219=DIRECTION('',(0.,0.,-1.));
#14220=DIRECTION('',(-1.,0.,0.));
#14221=DIRECTION('',(0.,0.,-1.));
#14222=DIRECTION('',(-1.,0.,0.));
#14223=DIRECTION('',(0.,0.,-1.));
#14224=DIRECTION('',(-1.,0.,0.));
#14225=DIRECTION('',(0.,0.,1.));
#14226=DIRECTION('',(1.,0.,0.));
#14227=DIRECTION('',(-1.,0.,0.));
#14228=DIRECTION('',(0.,0.,1.));
#14229=DIRECTION('',(0.,1.,0.));
#14230=DIRECTION('',(0.,0.,1.));
#14231=DIRECTION('',(-1.,0.,0.));
#14232=DIRECTION('',(0.,0.,1.));
#14233=DIRECTION('',(-1.,0.,0.));
#14234=DIRECTION('',(0.,0.,1.));
#14235=DIRECTION('',(-1.,0.,0.));
#14236=DIRECTION('',(0.,0.,1.));
#14237=DIRECTION('',(0.,-1.,0.));
#14238=DIRECTION('',(0.,-1.,0.));
#14239=DIRECTION('',(0.,0.,1.));
#14240=DIRECTION('',(0.,-1.,0.));
#14241=DIRECTION('',(0.,0.,-1.));
#14242=DIRECTION('',(1.,0.,0.));
#14243=DIRECTION('',(1.,0.,0.));
#14244=DIRECTION('',(0.,0.,1.));
#14245=DIRECTION('',(1.,0.,0.));
#14246=DIRECTION('',(0.,0.,-1.));
#14247=DIRECTION('',(0.,1.,0.));
#14248=DIRECTION('',(0.,1.,0.));
#14249=DIRECTION('',(0.,0.,1.));
#14250=DIRECTION('',(1.,0.,0.));
#14251=DIRECTION('',(0.,0.,1.));
#14252=DIRECTION('',(1.,0.,0.));
#14253=DIRECTION('',(0.,-1.,0.));
#14254=DIRECTION('',(1.,0.,0.));
#14255=DIRECTION('',(0.,-1.,0.));
#14256=DIRECTION('',(0.,0.,-1.));
#14257=DIRECTION('',(0.,-1.,0.));
#14258=DIRECTION('',(0.,0.,-1.));
#14259=DIRECTION('',(0.,1.,0.));
#14260=DIRECTION('',(0.,0.,1.));
#14261=DIRECTION('',(-1.,0.,0.));
#14262=DIRECTION('',(0.,0.,1.));
#14263=DIRECTION('',(0.,-1.,0.));
#14264=DIRECTION('',(0.,0.,-1.));
#14265=DIRECTION('',(0.,-1.,0.));
#14266=DIRECTION('',(1.,0.,0.));
#14267=DIRECTION('',(0.,0.,-1.));
#14268=DIRECTION('',(0.,0.,-1.));
#14269=DIRECTION('',(1.,0.,0.));
#14270=DIRECTION('',(0.,0.,-1.));
#14271=DIRECTION('',(0.,-1.,0.));
#14272=DIRECTION('',(0.,0.,-1.));
#14273=DIRECTION('',(0.,-1.,0.));
#14274=DIRECTION('',(0.,0.,-1.));
#14275=DIRECTION('',(0.,1.,0.));
#14276=DIRECTION('',(0.,0.,1.));
#14277=DIRECTION('',(-1.,0.,0.));
#14278=DIRECTION('',(-1.,0.,0.));
#14279=DIRECTION('',(0.,0.,-1.));
#14280=DIRECTION('',(1.,0.,0.));
#14281=DIRECTION('',(1.,0.,0.));
#14282=DIRECTION('',(0.,1.,0.));
#14283=DIRECTION('',(1.,0.,0.));
#14284=DIRECTION('',(0.,-1.,0.));
#14285=DIRECTION('',(0.,0.,-1.));
#14286=DIRECTION('',(0.,-1.,0.));
#14287=DIRECTION('',(0.,0.,-1.));
#14288=DIRECTION('',(0.,1.,0.));
#14289=DIRECTION('',(1.,0.,0.));
#14290=DIRECTION('',(1.,0.,0.));
#14291=DIRECTION('',(0.,0.,1.));
#14292=DIRECTION('',(1.,0.,0.));
#14293=DIRECTION('',(0.,1.,0.));
#14294=DIRECTION('',(1.,0.,0.));
#14295=DIRECTION('',(-1.,0.,0.));
#14296=DIRECTION('',(0.,1.,0.));
#14297=DIRECTION('',(1.,0.,0.));
#14298=DIRECTION('',(0.,0.,1.));
#14299=DIRECTION('',(0.,1.,0.));
#14300=DIRECTION('',(1.,0.,0.));
#14301=DIRECTION('',(1.,0.,0.));
#14302=DIRECTION('',(0.,-1.,0.));
#14303=DIRECTION('',(0.,0.,-1.));
#14304=DIRECTION('',(1.,0.,0.));
#14305=DIRECTION('',(0.,0.,-1.));
#14306=DIRECTION('',(1.,0.,0.));
#14307=DIRECTION('',(1.,0.,0.));
#14308=DIRECTION('',(0.,0.,-1.));
#14309=DIRECTION('',(0.,-0.866025403784438,0.500000000000001));
#14310=DIRECTION('',(0.,0.866025403784438,0.500000000000001));
#14311=DIRECTION('',(1.,0.,0.));
#14312=DIRECTION('',(0.,0.,-1.));
#14313=DIRECTION('',(1.,0.,0.));
#14314=DIRECTION('',(0.,0.,-1.));
#14315=DIRECTION('',(0.,1.,0.));
#14316=DIRECTION('',(0.,0.,1.));
#14317=DIRECTION('',(0.258819045102521,-0.965925826289068,0.));
#14318=DIRECTION('',(0.965925826289068,0.258819045102521,0.));
#14319=DIRECTION('',(-0.258819045102521,0.965925826289068,0.));
#14320=DIRECTION('',(0.965925826289068,0.258819045102521,0.));
#14321=DIRECTION('',(0.,0.,-1.));
#14322=DIRECTION('',(-1.,0.,0.));
#14323=DIRECTION('',(0.,0.,-1.));
#14324=DIRECTION('',(0.,0.,1.));
#14325=DIRECTION('',(1.,0.,0.));
#14326=DIRECTION('',(0.,0.,1.));
#14327=DIRECTION('',(1.,0.,0.));
#14328=DIRECTION('',(0.,0.,-1.));
#14329=DIRECTION('',(0.,0.,-1.));
#14330=DIRECTION('',(-1.,0.,0.));
#14331=DIRECTION('',(0.,0.,1.));
#14332=DIRECTION('',(1.,0.,0.));
#14333=DIRECTION('',(0.,0.,-1.));
#14334=DIRECTION('',(-0.965925826289069,-0.25881904510252,0.));
#14335=DIRECTION('',(0.25881904510252,-0.965925826289069,0.));
#14336=DIRECTION('',(0.965925826289069,0.25881904510252,0.));
#14337=DIRECTION('',(0.,0.,-1.));
#14338=DIRECTION('',(0.0996169286446899,-0.371775438995948,0.922962345107735));
#14339=DIRECTION('',(-0.25881904510252,0.965925826289069,0.));
#14340=DIRECTION('',(0.,0.,-1.));
#14341=DIRECTION('',(-0.25881904510252,0.965925826289069,0.));
#14342=DIRECTION('',(-0.0996169286446899,0.371775438995948,0.922962345107735));
#14343=DIRECTION('',(0.965925826289068,0.25881904510252,0.));
#14344=DIRECTION('',(-0.25881904510252,0.965925826289068,0.));
#14345=DIRECTION('',(0.25881904510252,-0.965925826289068,0.));
#14346=DIRECTION('',(0.0996169286446899,-0.371775438995948,0.922962345107735));
#14347=DIRECTION('',(0.965925826289068,0.25881904510252,0.));
#14348=DIRECTION('',(-0.25881904510252,0.965925826289068,0.));
#14349=DIRECTION('',(-0.0996169286446899,0.371775438995948,0.922962345107735));
#14350=DIRECTION('',(0.25881904510252,-0.965925826289068,0.));
#14351=DIRECTION('',(0.,0.,-1.));
#14352=DIRECTION('',(0.,0.,-1.));
#14353=DIRECTION('',(-1.,0.,0.));
#14354=DIRECTION('',(0.,1.,0.));
#14355=DIRECTION('',(-1.,0.,0.));
#14356=DIRECTION('',(0.,1.,0.));
#14357=DIRECTION('',(0.,1.,0.));
#14358=DIRECTION('',(0.,0.,1.));
#14359=DIRECTION('',(0.,1.,0.));
#14360=DIRECTION('',(0.258819045102521,-0.965925826289068,0.));
#14361=DIRECTION('',(0.965925826289068,0.258819045102521,0.));
#14362=DIRECTION('',(0.,1.,0.));
#14363=DIRECTION('',(0.,1.,0.));
#14364=DIRECTION('',(0.,1.,0.));
#14365=DIRECTION('',(0.,0.,1.));
#14366=DIRECTION('',(1.,0.,0.));
#14367=DIRECTION('',(0.,-1.,0.));
#14368=DIRECTION('',(0.,1.,0.));
#14369=DIRECTION('',(1.,0.,0.));
#14370=DIRECTION('',(0.,1.,0.));
#14371=DIRECTION('',(0.,0.,1.));
#14372=DIRECTION('',(0.,0.,1.));
#14373=DIRECTION('',(0.,0.,-1.));
#14374=DIRECTION('',(0.,-1.,0.));
#14375=DIRECTION('',(0.,0.,-1.));
#14376=DIRECTION('',(0.,1.,0.));
#14377=DIRECTION('',(1.,0.,0.));
#14378=DIRECTION('',(0.,-1.,0.));
#14379=DIRECTION('',(0.,1.,0.));
#14380=DIRECTION('',(1.,0.,0.));
#14381=DIRECTION('',(0.,-1.,0.));
#14382=DIRECTION('',(1.,0.,0.));
#14383=DIRECTION('',(0.,0.,-1.));
#14384=DIRECTION('',(0.,0.,1.));
#14385=DIRECTION('',(0.,-1.,0.));
#14386=DIRECTION('',(0.,0.,1.));
#14387=DIRECTION('',(0.,-1.,0.));
#14388=DIRECTION('',(0.,-1.,0.));
#14389=DIRECTION('',(0.,0.,1.));
#14390=DIRECTION('',(0.,-1.,0.));
#14391=DIRECTION('',(0.,0.,-1.));
#14392=DIRECTION('',(0.,1.,0.));
#14393=DIRECTION('',(1.,0.,0.));
#14394=DIRECTION('',(0.,-1.,0.));
#14395=DIRECTION('',(0.,1.,0.));
#14396=DIRECTION('',(1.,0.,0.));
#14397=DIRECTION('',(0.,0.,-1.));
#14398=DIRECTION('',(-1.,0.,0.));
#14399=DIRECTION('',(1.,0.,0.));
#14400=DIRECTION('',(0.,-1.,0.));
#14401=DIRECTION('',(1.,0.,0.));
#14402=DIRECTION('',(0.,-1.,0.));
#14403=DIRECTION('',(0.,0.,-1.));
#14404=DIRECTION('',(0.,1.,0.));
#14405=DIRECTION('',(1.,0.,0.));
#14406=DIRECTION('',(0.,1.,0.));
#14407=DIRECTION('',(1.,0.,0.));
#14408=DIRECTION('',(0.,-1.,0.));
#14409=DIRECTION('',(0.,0.,-1.));
#14410=DIRECTION('',(0.,1.,0.));
#14411=DIRECTION('',(1.,0.,0.));
#14412=DIRECTION('',(0.,-1.,0.));
#14413=DIRECTION('',(0.,1.,0.));
#14414=DIRECTION('',(1.,0.,0.));
#14415=DIRECTION('',(0.,0.,1.));
#14416=DIRECTION('',(1.,0.,0.));
#14417=DIRECTION('',(-1.,0.,0.));
#14418=DIRECTION('',(-1.,0.,0.));
#14419=DIRECTION('',(0.,1.,0.));
#14420=DIRECTION('',(0.,0.,1.));
#14421=DIRECTION('',(0.,-1.,0.));
#14422=DIRECTION('',(0.,0.,-1.));
#14423=DIRECTION('',(0.,-1.,0.));
#14424=DIRECTION('',(0.,0.,-1.));
#14425=DIRECTION('',(0.,1.,0.));
#14426=DIRECTION('',(0.,0.,1.));
#14427=DIRECTION('',(0.,1.,0.));
#14428=DIRECTION('',(1.,0.,0.));
#14429=DIRECTION('',(1.,0.,0.));
#14430=DIRECTION('',(0.,1.,0.));
#14431=DIRECTION('',(1.,0.,0.));
#14432=DIRECTION('',(0.,1.,0.));
#14433=DIRECTION('',(0.,0.,1.));
#14434=DIRECTION('',(0.,1.,0.));
#14435=DIRECTION('',(1.,0.,0.));
#14436=DIRECTION('',(-1.,0.,0.));
#14437=DIRECTION('',(0.,1.,0.));
#14438=DIRECTION('',(1.,0.,0.));
#14439=DIRECTION('',(0.,-1.,0.));
#14440=DIRECTION('',(0.,0.,-1.));
#14441=DIRECTION('',(0.,-1.,0.));
#14442=DIRECTION('',(0.,0.,-1.));
#14443=DIRECTION('',(-1.,0.,0.));
#14444=DIRECTION('',(0.,-1.,0.));
#14445=DIRECTION('',(0.,-1.,0.));
#14446=DIRECTION('',(0.,0.,-1.));
#14447=DIRECTION('',(0.,0.500000000000001,-0.866025403784438));
#14448=DIRECTION('',(0.,-0.866025403784438,-0.500000000000001));
#14449=DIRECTION('',(0.,-1.,0.));
#14450=DIRECTION('',(0.,0.,-1.));
#14451=DIRECTION('',(0.,0.500000000000001,0.866025403784438));
#14452=DIRECTION('',(0.,-0.866025403784438,0.500000000000001));
#14453=DIRECTION('',(0.,-1.,0.));
#14454=DIRECTION('',(0.,0.,1.));
#14455=DIRECTION('',(1.,0.,0.));
#14456=DIRECTION('',(0.,-1.,0.));
#14457=DIRECTION('',(0.,-1.,0.));
#14458=DIRECTION('',(0.,0.,-1.));
#14459=DIRECTION('',(0.,1.,0.));
#14460=DIRECTION('',(0.,0.,1.));
#14461=DIRECTION('',(0.,-1.,0.));
#14462=DIRECTION('',(0.,0.,-1.));
#14463=DIRECTION('',(0.,-1.,0.));
#14464=DIRECTION('',(0.,0.,-1.));
#14465=DIRECTION('',(0.,-1.,0.));
#14466=DIRECTION('',(0.,0.,-1.));
#14467=DIRECTION('',(0.,-1.,0.));
#14468=DIRECTION('',(0.,0.,-1.));
#14469=DIRECTION('',(0.,-1.,0.));
#14470=DIRECTION('',(0.,0.,-1.));
#14471=DIRECTION('',(0.,0.,-1.));
#14472=DIRECTION('',(-1.,0.,0.));
#14473=DIRECTION('',(0.,0.,1.));
#14474=DIRECTION('',(1.,0.,0.));
#14475=DIRECTION('',(1.,0.,0.));
#14476=DIRECTION('',(0.,0.,-1.));
#14477=DIRECTION('',(-1.,0.,0.));
#14478=DIRECTION('',(0.,0.,1.));
#14479=DIRECTION('',(0.,0.,1.));
#14480=DIRECTION('',(1.,0.,0.));
#14481=DIRECTION('',(0.965925826289069,0.25881904510252,0.));
#14482=DIRECTION('',(0.,0.,1.));
#14483=DIRECTION('',(1.,0.,0.));
#14484=DIRECTION('',(0.965925826289068,0.258819045102521,0.));
#14485=DIRECTION('',(-0.965925826289068,-0.258819045102521,0.));
#14486=DIRECTION('',(0.,0.,1.));
#14487=DIRECTION('',(1.,0.,0.));
#14488=DIRECTION('',(0.,0.,1.));
#14489=DIRECTION('',(1.,0.,0.));
#14490=DIRECTION('',(0.965925826289069,0.25881904510252,0.));
#14491=DIRECTION('',(0.,0.,1.));
#14492=DIRECTION('',(1.,0.,0.));
#14493=DIRECTION('',(-0.965925826289068,-0.258819045102521,0.));
#14494=DIRECTION('',(0.965925826289068,0.258819045102521,0.));
#14495=DIRECTION('',(0.,0.,1.));
#14496=DIRECTION('',(1.,0.,0.));
#14497=DIRECTION('',(0.,0.,-1.));
#14498=DIRECTION('',(-1.,0.,0.));
#14499=DIRECTION('',(0.,0.,-1.));
#14500=DIRECTION('',(0.,0.,-1.));
#14501=DIRECTION('',(-1.,0.,0.));
#14502=DIRECTION('',(0.,0.,-1.));
#14503=DIRECTION('',(-0.258819045102521,0.965925826289068,0.));
#14504=DIRECTION('',(-0.965925826289068,-0.258819045102521,0.));
#14505=DIRECTION('',(-0.258819045102521,0.965925826289068,0.));
#14506=DIRECTION('',(0.965925826289068,0.258819045102521,0.));
#14507=DIRECTION('',(0.258819045102521,-0.965925826289068,0.));
#14508=DIRECTION('',(0.965925826289068,0.258819045102521,0.));
#14509=DIRECTION('',(-0.238880232826366,0.891513165831885,-0.384890256454006));
#14510=DIRECTION('',(0.,0.396365416532667,0.91809283657857));
#14511=DIRECTION('',(0.965925826289069,0.25881904510252,0.));
#14512=DIRECTION('',(0.965925826289069,0.25881904510252,0.));
#14513=DIRECTION('',(-0.25881904510252,0.965925826289069,0.));
#14514=DIRECTION('',(0.965925826289069,0.25881904510252,0.));
#14515=DIRECTION('',(-0.238880232826366,0.891513165831885,0.384890256454006));
#14516=DIRECTION('',(0.,-0.396365416532667,0.91809283657857));
#14517=DIRECTION('',(0.,1.,0.));
#14518=DIRECTION('',(0.,0.,1.));
#14519=DIRECTION('',(-0.258819045102521,0.965925826289068,0.));
#14520=DIRECTION('',(-0.965925826289068,-0.258819045102521,0.));
#14521=DIRECTION('',(0.,0.500000000000001,-0.866025403784438));
#14522=DIRECTION('',(0.,0.866025403784438,0.500000000000001));
#14523=DIRECTION('',(1.,0.,0.));
#14524=DIRECTION('',(1.,0.,0.));
#14525=DIRECTION('',(0.,0.,-1.));
#14526=DIRECTION('',(0.,0.500000000000001,0.866025403784438));
#14527=DIRECTION('',(0.,-0.866025403784438,0.500000000000001));
#14528=DIRECTION('',(1.,0.,0.));
#14529=DIRECTION('',(1.,0.,0.));
#14530=DIRECTION('',(0.,0.,-1.));
#14531=DIRECTION('',(0.,1.,0.));
#14532=DIRECTION('',(0.,0.,1.));
#14533=DIRECTION('',(-0.866025403784439,0.,0.5));
#14534=DIRECTION('',(0.,0.,1.));
#14535=DIRECTION('',(0.866025403784439,0.,0.5));
#14536=DIRECTION('',(0.866025403784439,0.,-0.5));
#14537=DIRECTION('',(0.,0.,-1.));
#14538=DIRECTION('',(-0.866025403784439,0.,-0.5));
#14539=DIRECTION('',(0.,-1.,0.));
#14540=DIRECTION('',(0.,0.,-1.));
#14541=DIRECTION('',(0.,-1.,0.));
#14542=DIRECTION('',(0.,0.,-1.));
#14543=DIRECTION('',(0.,-1.,0.));
#14544=DIRECTION('',(0.,0.,-1.));
#14545=DIRECTION('',(1.,0.,0.));
#14546=DIRECTION('',(0.,0.,-1.));
#14547=DIRECTION('',(0.,-1.,0.));
#14548=DIRECTION('',(0.,0.,1.));
#14549=DIRECTION('',(0.,-1.,0.));
#14550=DIRECTION('',(0.5,0.,-0.866025403784439));
#14551=DIRECTION('',(-0.866025403784439,0.,-0.5));
#14552=DIRECTION('',(0.866025403784439,0.,0.5));
#14553=DIRECTION('',(0.,-1.,0.));
#14554=DIRECTION('',(-0.5,0.,-0.866025403784439));
#14555=DIRECTION('',(-0.866025403784439,0.,0.5));
#14556=DIRECTION('',(0.866025403784439,0.,-0.5));
#14557=DIRECTION('',(0.,-1.,0.));
#14558=DIRECTION('',(-1.,0.,0.));
#14559=DIRECTION('',(0.,0.,1.));
#14560=DIRECTION('',(0.,0.,-1.));
#14561=DIRECTION('',(0.,-1.,0.));
#14562=DIRECTION('',(-0.5,0.,0.866025403784439));
#14563=DIRECTION('',(0.866025403784439,0.,0.5));
#14564=DIRECTION('',(-0.866025403784439,0.,-0.5));
#14565=DIRECTION('',(0.,-1.,0.));
#14566=DIRECTION('',(0.5,0.,0.866025403784439));
#14567=DIRECTION('',(0.866025403784439,0.,-0.5));
#14568=DIRECTION('',(-0.866025403784439,0.,0.5));
#14569=DIRECTION('',(0.,1.,0.));
#14570=DIRECTION('',(0.,0.,1.));
#14571=DIRECTION('',(0.965925826289066,0.258819045102528,0.));
#14572=DIRECTION('',(-0.258819045102528,0.965925826289067,0.));
#14573=DIRECTION('',(0.,0.,1.));
#14574=DIRECTION('',(0.965925826289066,0.258819045102528,0.));
#14575=DIRECTION('',(-0.258819045102528,0.965925826289067,0.));
#14576=DIRECTION('',(0.258819045102521,-0.965925826289068,0.));
#14577=DIRECTION('',(0.965925826289068,0.258819045102521,0.));
#14578=DIRECTION('',(0.258819045102521,-0.965925826289068,0.));
#14579=DIRECTION('',(0.965925826289068,0.258819045102521,0.));
#14580=DIRECTION('',(0.,1.,0.));
#14581=DIRECTION('',(0.,0.,1.));
#14582=DIRECTION('',(0.,-1.,0.));
#14583=DIRECTION('',(-1.,0.,0.));
#14584=DIRECTION('',(0.,1.,0.));
#14585=DIRECTION('',(1.,0.,0.));
#14586=DIRECTION('',(0.,1.,0.));
#14587=DIRECTION('',(-1.,0.,0.));
#14588=DIRECTION('',(0.,-1.,0.));
#14589=DIRECTION('',(1.,0.,0.));
#14590=CARTESIAN_POINT('',(0.,0.,0.));
#14591=CARTESIAN_POINT('',(13.7346035758633,39.2,10.));
#14592=CARTESIAN_POINT('',(40.,39.2,-602.502057959695));
#14593=CARTESIAN_POINT('',(13.7346035758633,39.2,-602.502057959695));
#14594=CARTESIAN_POINT('',(-13.7346035758633,39.2,-602.502057959695));
#14595=CARTESIAN_POINT('',(-13.7346035758633,39.2,-612.));
#14596=CARTESIAN_POINT('',(-13.7346035758633,39.2,-572.));
#14597=CARTESIAN_POINT('',(-12.8979517704629,39.2,-572.));
#14598=CARTESIAN_POINT('',(-13.9293628469864,39.2,-572.));
#14599=CARTESIAN_POINT('',(-13.9293628469864,39.2,-572.));
#14600=CARTESIAN_POINT('',(-13.9293628469864,39.2,0.));
#14601=CARTESIAN_POINT('',(-12.8979517704629,39.2,0.));
#14602=CARTESIAN_POINT('',(-13.7346035758633,39.2,0.));
#14603=CARTESIAN_POINT('',(-13.7346035758633,39.2,10.));
#14604=CARTESIAN_POINT('',(-13.7346035758633,39.2,5.9532249642349));
#14605=CARTESIAN_POINT('',(20.,39.2,5.9532249642349));
#14606=CARTESIAN_POINT('',(-0.627706617922267,39.2,5.9532249642349));
#14607=CARTESIAN_POINT('',(-0.314012054568678,39.2,5.06095279802644));
#14608=CARTESIAN_POINT('',(-0.245500000000001,39.2,4.86607725192882));
#14609=CARTESIAN_POINT('',(2.71050543121376E-17,39.2,5.04458285412302));
#14610=CARTESIAN_POINT('',(0.245500000000001,39.2,4.86607725192882));
#14611=CARTESIAN_POINT('',(3.33572772049527,39.2,13.6559145789333));
#14612=CARTESIAN_POINT('',(0.627706617922273,39.2,5.9532249642349));
#14613=CARTESIAN_POINT('',(20.,39.2,5.9532249642349));
#14614=CARTESIAN_POINT('',(13.7346035758633,39.2,5.9532249642349));
#14615=CARTESIAN_POINT('',(13.7346035758633,39.2,10.));
#14616=CARTESIAN_POINT('',(13.7346035758633,39.2,0.));
#14617=CARTESIAN_POINT('',(13.9293628469864,39.2,0.));
#14618=CARTESIAN_POINT('',(13.9293628469864,39.2,0.));
#14619=CARTESIAN_POINT('',(13.9293628469864,39.2,-572.));
#14620=CARTESIAN_POINT('',(13.9293628469864,39.2,-572.));
#14621=CARTESIAN_POINT('',(13.9293628469864,39.2,-572.));
#14622=CARTESIAN_POINT('',(13.7346035758633,39.2,-572.));
#14623=CARTESIAN_POINT('',(13.7346035758633,39.2,-612.));
#14624=CARTESIAN_POINT('',(-12.7,39.2,10.));
#14625=CARTESIAN_POINT('',(-12.7,39.2,-572.));
#14626=CARTESIAN_POINT('',(-12.7,39.2,-598.35));
#14627=CARTESIAN_POINT('',(13.7346035758633,39.2,-598.35));
#14628=CARTESIAN_POINT('',(12.7,39.2,-598.35));
#14629=CARTESIAN_POINT('',(12.7,39.2,10.));
#14630=CARTESIAN_POINT('',(12.7,39.2,-572.));
#14631=CARTESIAN_POINT('',(13.7346035758633,39.2,-572.));
#14632=CARTESIAN_POINT('',(12.8979517704629,39.2,-572.));
#14633=CARTESIAN_POINT('',(12.8979517704629,39.2,-572.));
#14634=CARTESIAN_POINT('',(12.8979517704629,39.2,0.));
#14635=CARTESIAN_POINT('',(13.7346035758633,39.2,0.));
#14636=CARTESIAN_POINT('',(12.7,39.2,0.));
#14637=CARTESIAN_POINT('',(12.7,39.2,10.));
#14638=CARTESIAN_POINT('',(12.7,39.2,4.));
#14639=CARTESIAN_POINT('',(13.7346035758633,39.2,4.));
#14640=CARTESIAN_POINT('',(-12.7,39.2,4.));
#14641=CARTESIAN_POINT('',(-12.7,39.2,10.));
#14642=CARTESIAN_POINT('',(-12.7,39.2,0.));
#14643=CARTESIAN_POINT('',(13.7346035758633,39.2,0.));
#14644=CARTESIAN_POINT('',(-12.8979517704629,39.2,0.));
#14645=CARTESIAN_POINT('',(-12.8979517704629,39.2,-572.));
#14646=CARTESIAN_POINT('',(-12.8979517704629,39.2,-572.));
#14647=CARTESIAN_POINT('',(13.7346035758633,39.2,-572.));
#14648=CARTESIAN_POINT('',(40.,36.2699999999998,-602.502057959695));
#14649=CARTESIAN_POINT('',(0.533262494446726,36.2699999999998,-602.502057959695));
#14650=CARTESIAN_POINT('',(-0.514420087464653,36.4866278977015,-605.424038855242));
#14651=CARTESIAN_POINT('',(-0.245500000000001,38.7572883277531,-604.050701486987));
#14652=CARTESIAN_POINT('',(40.,36.4866278977015,-605.424038855242));
#14653=CARTESIAN_POINT('',(-15.196290371445,36.4866278977015,-605.424038855242));
#14654=CARTESIAN_POINT('',(-14.1916720765467,38.9027027027027,-603.78805036993));
#14655=CARTESIAN_POINT('',(-14.2935488741494,38.672983638705,-604.258334638979));
#14656=CARTESIAN_POINT('',(-14.6059046510033,37.9599805423357,-605.057027714357));
#14657=CARTESIAN_POINT('',(-15.0009696910711,36.9891764237431,-605.386781243169));
#14658=CARTESIAN_POINT('',(-15.196290371445,36.4866278977015,-605.424038855242));
#14659=CARTESIAN_POINT('',(-14.1916720765467,38.9027027027027,-603.78805036993));
#14660=CARTESIAN_POINT('',(-14.1916720765467,38.9027027027027,-603.78805036993));
#14661=CARTESIAN_POINT('',(-14.1011202529283,39.1068854082295,-603.370044512036));
#14662=CARTESIAN_POINT('',(-13.9130434328754,39.2,-602.934018177378));
#14663=CARTESIAN_POINT('',(-13.7346035758633,39.2,-602.502057959695));
#14664=CARTESIAN_POINT('',(14.1916720765467,38.9027027027027,-603.78805036993));
#14665=CARTESIAN_POINT('',(14.1011202529283,39.1068854082295,-603.370044512036));
#14666=CARTESIAN_POINT('',(13.9130434328725,39.2,-602.934018177379));
#14667=CARTESIAN_POINT('',(13.7346035758633,39.2,-602.502057959695));
#14668=CARTESIAN_POINT('',(14.1916720765468,38.9027027027027,-603.78805036993));
#14669=CARTESIAN_POINT('',(15.196290371445,36.4866278977015,-605.424038855242));
#14670=CARTESIAN_POINT('',(14.8044886886286,37.4947103896479,-605.34930229852));
#14671=CARTESIAN_POINT('',(14.3976942228021,38.4381492841198,-604.739091006655));
#14672=CARTESIAN_POINT('',(14.1916720765468,38.9027027027027,-603.78805036993));
#14673=CARTESIAN_POINT('',(15.196290371445,36.4866278977015,-605.424038855242));
#14674=CARTESIAN_POINT('',(40.,36.4866278977015,-605.424038855242));
#14675=CARTESIAN_POINT('',(0.514420087464652,36.4866278977015,-605.424038855242));
#14676=CARTESIAN_POINT('',(-0.533262494446733,36.2699999999998,-602.502057959695));
#14677=CARTESIAN_POINT('',(0.245500000000001,38.7572883277531,-604.050701486987));
#14678=CARTESIAN_POINT('',(-0.245499999999998,38.7572883277531,-604.050701486987));
#14679=CARTESIAN_POINT('',(-0.19887417352648,38.8086490433627,-603.968210645041));
#14680=CARTESIAN_POINT('',(-0.000962350071659292,38.8874937040928,-603.820455989775));
#14681=CARTESIAN_POINT('',(0.198782215631689,38.8087503396536,-603.968047952286));
#14682=CARTESIAN_POINT('',(0.245499999999986,38.7572883277531,-604.050701486987));
#14683=CARTESIAN_POINT('',(50.,30.03,-622.));
#14684=CARTESIAN_POINT('',(-17.265376622668,30.03,10.));
#14685=CARTESIAN_POINT('',(-17.265376622668,30.03,-599.5));
#14686=CARTESIAN_POINT('',(-17.265376622668,30.03,-605.902716087475));
#14687=CARTESIAN_POINT('',(50.,30.03,-605.902716087475));
#14688=CARTESIAN_POINT('',(-11.,30.03,-605.902716087475));
#14689=CARTESIAN_POINT('',(-11.,30.03,-622.));
#14690=CARTESIAN_POINT('',(-11.,30.03,-599.5));
#14691=CARTESIAN_POINT('',(50.,30.03,-599.5));
#14692=CARTESIAN_POINT('',(-11.,27.905,10.));
#14693=CARTESIAN_POINT('',(-11.,73.3284074477405,-602.692687235637));
#14694=CARTESIAN_POINT('',(-11.,20.7866397631384,-606.587994248897));
#14695=CARTESIAN_POINT('',(-11.,20.7866397631384,-612.));
#14696=CARTESIAN_POINT('',(-11.,20.7866397631384,-598.738514888449));
#14697=CARTESIAN_POINT('',(-11.,20.0850000000001,-596.854953994084));
#14698=CARTESIAN_POINT('',(-11.,21.495,-598.287434360441));
#14699=CARTESIAN_POINT('',(-11.,21.495,-612.));
#14700=CARTESIAN_POINT('',(-11.,21.495,-572.));
#14701=CARTESIAN_POINT('',(-11.,30.2,-572.));
#14702=CARTESIAN_POINT('',(-11.,18.7175898384862,-572.));
#14703=CARTESIAN_POINT('',(-11.,18.7175898384863,-572.));
#14704=CARTESIAN_POINT('',(-11.,18.7175898384863,0.));
#14705=CARTESIAN_POINT('',(-11.,27.505,0.));
#14706=CARTESIAN_POINT('',(-11.,21.495,0.));
#14707=CARTESIAN_POINT('',(-11.,21.495,10.));
#14708=CARTESIAN_POINT('',(-11.,21.495,7.00819682668953));
#14709=CARTESIAN_POINT('',(-11.,27.7046826262156,6.63818607009926));
#14710=CARTESIAN_POINT('',(-11.,27.905,6.62624993946365));
#14711=CARTESIAN_POINT('',(-11.,27.905,10.));
#14712=CARTESIAN_POINT('',(-11.,27.905,0.));
#14713=CARTESIAN_POINT('',(-11.,30.2,0.));
#14714=CARTESIAN_POINT('',(-11.,30.2,0.));
#14715=CARTESIAN_POINT('',(-11.,30.2,-572.));
#14716=CARTESIAN_POINT('',(-11.,30.2,-572.));
#14717=CARTESIAN_POINT('',(-11.,30.2,-572.));
#14718=CARTESIAN_POINT('',(-11.,27.905,-572.));
#14719=CARTESIAN_POINT('',(-11.,27.905,-612.));
#14720=CARTESIAN_POINT('',(-11.,27.905,-597.223169564287));
#14721=CARTESIAN_POINT('',(-11.,29.2999999999999,-595.79));
#14722=CARTESIAN_POINT('',(-11.,29.0383809274278,-597.772815034456));
#14723=CARTESIAN_POINT('',(-11.,28.0300000000001,-599.5));
#14724=CARTESIAN_POINT('',(11.,21.495,10.));
#14725=CARTESIAN_POINT('',(11.,66.9534464361109,-603.165309901987));
#14726=CARTESIAN_POINT('',(11.,30.03,-605.902716087475));
#14727=CARTESIAN_POINT('',(11.,20.7866397631384,-606.587994248897));
#14728=CARTESIAN_POINT('',(11.,30.03,-622.));
#14729=CARTESIAN_POINT('',(11.,30.03,-599.5));
#14730=CARTESIAN_POINT('',(11.,28.0300000000001,-599.5));
#14731=CARTESIAN_POINT('',(11.,29.0383809274278,-597.772815034456));
#14732=CARTESIAN_POINT('',(11.,29.2999999999999,-595.79));
#14733=CARTESIAN_POINT('',(11.,27.905,-597.223169564287));
#14734=CARTESIAN_POINT('',(11.,27.905,-612.));
#14735=CARTESIAN_POINT('',(11.,27.905,-572.));
#14736=CARTESIAN_POINT('',(11.,18.7175898384862,-572.));
#14737=CARTESIAN_POINT('',(11.,30.2,-572.));
#14738=CARTESIAN_POINT('',(11.,30.2,-572.));
#14739=CARTESIAN_POINT('',(11.,30.2,0.));
#14740=CARTESIAN_POINT('',(11.,27.505,0.));
#14741=CARTESIAN_POINT('',(11.,27.905,0.));
#14742=CARTESIAN_POINT('',(11.,27.905,10.));
#14743=CARTESIAN_POINT('',(11.,27.905,6.62624993946365));
#14744=CARTESIAN_POINT('',(11.,21.3173608317736,7.01878165154966));
#14745=CARTESIAN_POINT('',(11.,21.495,7.00819682668953));
#14746=CARTESIAN_POINT('',(11.,21.495,10.));
#14747=CARTESIAN_POINT('',(11.,21.495,0.));
#14748=CARTESIAN_POINT('',(11.,18.7175898384862,0.));
#14749=CARTESIAN_POINT('',(11.,18.7175898384862,0.));
#14750=CARTESIAN_POINT('',(11.,18.7175898384862,-572.));
#14751=CARTESIAN_POINT('',(11.,18.7175898384862,-572.));
#14752=CARTESIAN_POINT('',(11.,18.7175898384862,-572.));
#14753=CARTESIAN_POINT('',(11.,21.495,-572.));
#14754=CARTESIAN_POINT('',(11.,21.495,-612.));
#14755=CARTESIAN_POINT('',(11.,21.495,-598.287434360441));
#14756=CARTESIAN_POINT('',(11.,20.0850000000001,-596.854953994084));
#14757=CARTESIAN_POINT('',(11.,20.7866397631384,-598.738514888449));
#14758=CARTESIAN_POINT('',(11.,20.7866397631384,-612.));
#14759=CARTESIAN_POINT('',(50.,30.03,-622.));
#14760=CARTESIAN_POINT('',(50.,30.03,-605.902716087475));
#14761=CARTESIAN_POINT('',(17.265376622668,30.03,-605.902716087475));
#14762=CARTESIAN_POINT('',(17.265376622668,30.03,10.));
#14763=CARTESIAN_POINT('',(17.265376622668,30.03,-599.5));
#14764=CARTESIAN_POINT('',(50.,30.03,-599.5));
#14765=CARTESIAN_POINT('',(-4.99999999999999,20.7866397631384,-612.));
#14766=CARTESIAN_POINT('',(-4.99999999999999,20.7866397631384,-606.587994248897));
#14767=CARTESIAN_POINT('',(-5.80428962776886,14.8407909427711,-607.02880367786));
#14768=CARTESIAN_POINT('',(-5.80428962776886,14.8407909427711,-612.));
#14769=CARTESIAN_POINT('',(-5.80428962776886,14.8407909427711,-599.695783801736));
#14770=CARTESIAN_POINT('',(-4.99999999999999,20.7866397631384,-598.780630139085));
#14771=CARTESIAN_POINT('',(-10.9869262190285,20.3907680062417,-598.841560630124));
#14772=CARTESIAN_POINT('',(-11.,20.7866397631384,-598.738514888449));
#14773=CARTESIAN_POINT('',(-11.,20.6571920749748,-598.786735068393));
#14774=CARTESIAN_POINT('',(-10.9958141612547,20.5251838957814,-598.820872045979));
#14775=CARTESIAN_POINT('',(-10.9869262190286,20.3907680062417,-598.841560630124));
#14776=CARTESIAN_POINT('',(5.,20.7866397631384,-612.));
#14777=CARTESIAN_POINT('',(5.80428954423591,14.8407909314717,-612.));
#14778=CARTESIAN_POINT('',(5.80428954423591,14.8407909314717,-607.028803678698));
#14779=CARTESIAN_POINT('',(5.80428954423591,14.8407909314717,-599.695783803475));
#14780=CARTESIAN_POINT('',(5.,20.7866397631384,-606.587994248897));
#14781=CARTESIAN_POINT('',(10.9869262190286,20.3907680062418,-598.841560630124));
#14782=CARTESIAN_POINT('',(10.9958590250372,20.5258623886297,-598.820767615941));
#14783=CARTESIAN_POINT('',(11.,20.6578456243341,-598.786491616632));
#14784=CARTESIAN_POINT('',(11.,20.7866397631384,-598.738514888449));
#14785=CARTESIAN_POINT('',(10.9869262190286,20.3907680062417,-598.841560630124));
#14786=CARTESIAN_POINT('',(5.,20.7866397631384,-598.780630139085));
#14787=CARTESIAN_POINT('',(6.50521303491303E-15,57.7499999999995,-612.));
#14788=CARTESIAN_POINT('',(6.50521303491303E-15,57.7499999999995,-603.847628960302));
#14789=CARTESIAN_POINT('',(6.50521303491303E-15,57.7499999999995,-593.091424858795));
#14790=CARTESIAN_POINT('',(50.,20.0850000000001,-596.854953994084));
#14791=CARTESIAN_POINT('',(-11.,21.495,-598.287434360441));
#14792=CARTESIAN_POINT('',(-11.,21.1751928527294,-598.602222673246));
#14793=CARTESIAN_POINT('',(-11.1047729154943,20.7431389174948,-598.787325559609));
#14794=CARTESIAN_POINT('',(-11.3784966746572,20.3907680062417,-598.841560630124));
#14795=CARTESIAN_POINT('',(-11.3784966746572,20.3907680062417,-598.841560630124));
#14796=CARTESIAN_POINT('',(50.,20.3907680062417,-598.841560630124));
#14797=CARTESIAN_POINT('',(50.,28.0300000000001,-599.5));
#14798=CARTESIAN_POINT('',(50.,29.0383809274278,-597.772815034456));
#14799=CARTESIAN_POINT('',(-11.401626776092,29.0383809274278,-597.772815034456));
#14800=CARTESIAN_POINT('',(-11.401626776092,29.0383809274278,-597.772815034456));
#14801=CARTESIAN_POINT('',(-11.5691734763898,29.2451012045921,-597.893504357814));
#14802=CARTESIAN_POINT('',(-11.9670122561773,29.5620575944251,-598.178201141693));
#14803=CARTESIAN_POINT('',(-12.505706471066,29.7050000000001,-598.40712535028));
#14804=CARTESIAN_POINT('',(-12.8000000000001,29.705,-598.40712535028));
#14805=CARTESIAN_POINT('',(-12.8,29.705,-598.40712535028));
#14806=CARTESIAN_POINT('',(50.,29.705,-598.40712535028));
#14807=CARTESIAN_POINT('',(-13.7,29.705,-598.40712535028));
#14808=CARTESIAN_POINT('',(-13.7,29.705,-598.40712535028));
#14809=CARTESIAN_POINT('',(-13.9941079695492,29.705,-598.40712535028));
#14810=CARTESIAN_POINT('',(-14.5354983276273,29.5608279099807,-598.176860739212));
#14811=CARTESIAN_POINT('',(-14.9307367547078,29.2452119620845,-597.893569021267));
#14812=CARTESIAN_POINT('',(-15.0983732239079,29.0383809274279,-597.772815034456));
#14813=CARTESIAN_POINT('',(-15.098373223908,29.0383809274278,-597.772815034456));
#14814=CARTESIAN_POINT('',(50.,29.0383809274278,-597.772815034456));
#14815=CARTESIAN_POINT('',(-17.4,29.0383809274278,-597.772815034456));
#14816=CARTESIAN_POINT('',(-17.4,28.0300000000001,-599.5));
#14817=CARTESIAN_POINT('',(-17.4,29.1243955371228,-597.825993306965));
#14818=CARTESIAN_POINT('',(-17.4,29.1243955371228,-597.825993306965));
#14819=CARTESIAN_POINT('',(-17.4,29.4472358904373,-598.037052822641));
#14820=CARTESIAN_POINT('',(-17.3487553467357,29.6995849265555,-598.334069317703));
#14821=CARTESIAN_POINT('',(-17.3094339622642,29.8559650958278,-598.684002776464));
#14822=CARTESIAN_POINT('',(-17.3094339622642,29.8559650958278,-598.684002776464));
#14823=CARTESIAN_POINT('',(-17.3094339622642,29.8559650958278,-598.684002776464));
#14824=CARTESIAN_POINT('',(-17.2805733323225,29.9707431041875,-598.940842666341));
#14825=CARTESIAN_POINT('',(-17.265376622668,30.03,-599.217157258855));
#14826=CARTESIAN_POINT('',(-17.265376622668,30.03,-599.5));
#14827=CARTESIAN_POINT('',(50.,29.2999999999999,-595.79));
#14828=CARTESIAN_POINT('',(-11.401626776092,29.0383809274278,-597.772815034456));
#14829=CARTESIAN_POINT('',(-11.1131774334663,28.682490134297,-597.725857644272));
#14830=CARTESIAN_POINT('',(-11.,28.2348102939911,-597.544196030089));
#14831=CARTESIAN_POINT('',(-11.,27.905,-597.223169564287));
#14832=CARTESIAN_POINT('',(-17.2,27.505,0.));
#14833=CARTESIAN_POINT('',(-12.7,27.505,0.));
#14834=CARTESIAN_POINT('',(-12.7,39.0285498961577,0.));
#14835=CARTESIAN_POINT('',(-12.8979517704629,39.,0.));
#14836=CARTESIAN_POINT('',(12.8979517704629,39.,-572.));
#14837=CARTESIAN_POINT('',(12.7,39.0285498961576,-572.));
#14838=CARTESIAN_POINT('',(12.7,39.0285498961576,0.));
#14839=CARTESIAN_POINT('',(12.7,39.0285498961576,-572.));
#14840=CARTESIAN_POINT('',(12.8979517704629,39.,0.));
#14841=CARTESIAN_POINT('',(12.8979517704629,39.,-572.));
#14842=CARTESIAN_POINT('',(-17.2,27.505,-572.));
#14843=CARTESIAN_POINT('',(-12.7,27.505,-572.));
#14844=CARTESIAN_POINT('',(-12.7,39.0285498961577,-572.));
#14845=CARTESIAN_POINT('',(-12.8979517704629,39.,-572.));
#14846=CARTESIAN_POINT('',(-15.5,27.505,10.));
#14847=CARTESIAN_POINT('',(-15.5,27.505,-612.));
#14848=CARTESIAN_POINT('',(-15.5,27.505,-596.672028911091));
#14849=CARTESIAN_POINT('',(-15.5,27.505,-572.));
#14850=CARTESIAN_POINT('',(-15.5,29.2999999999999,-595.79));
#14851=CARTESIAN_POINT('',(-15.5,27.905,-597.223169564287));
#14852=CARTESIAN_POINT('',(-15.5,27.905,-612.));
#14853=CARTESIAN_POINT('',(-15.5,27.905,-572.));
#14854=CARTESIAN_POINT('',(-15.5,27.5,-572.));
#14855=CARTESIAN_POINT('',(-15.5,30.2,-572.));
#14856=CARTESIAN_POINT('',(-15.5,30.2,-572.));
#14857=CARTESIAN_POINT('',(-15.5,30.2,0.));
#14858=CARTESIAN_POINT('',(-15.5,27.505,0.));
#14859=CARTESIAN_POINT('',(-15.5,27.905,0.));
#14860=CARTESIAN_POINT('',(-15.5,27.905,10.));
#14861=CARTESIAN_POINT('',(-15.5,27.905,6.62624993946365));
#14862=CARTESIAN_POINT('',(-15.5,27.3060978028494,6.66193618438633));
#14863=CARTESIAN_POINT('',(-15.5,27.505,6.65008437860411));
#14864=CARTESIAN_POINT('',(-15.5,27.505,10.));
#14865=CARTESIAN_POINT('',(-15.5,27.505,0.));
#14866=CARTESIAN_POINT('',(-15.5,27.5,0.));
#14867=CARTESIAN_POINT('',(-15.5,27.5,0.));
#14868=CARTESIAN_POINT('',(-15.5,27.5,-572.));
#14869=CARTESIAN_POINT('',(-15.5,27.5,-572.));
#14870=CARTESIAN_POINT('',(-15.5,27.5,-572.));
#14871=CARTESIAN_POINT('',(-15.5,21.495,10.));
#14872=CARTESIAN_POINT('',(-15.5,21.495,-612.));
#14873=CARTESIAN_POINT('',(-15.5,21.495,-598.287434360441));
#14874=CARTESIAN_POINT('',(-15.5,21.495,-572.));
#14875=CARTESIAN_POINT('',(-15.5,20.0850000000001,-596.854953994084));
#14876=CARTESIAN_POINT('',(-15.5,21.895,-597.72902492942));
#14877=CARTESIAN_POINT('',(-15.5,21.895,-612.));
#14878=CARTESIAN_POINT('',(-15.5,21.895,-572.));
#14879=CARTESIAN_POINT('',(-15.5,19.5837869551531,-572.));
#14880=CARTESIAN_POINT('',(-15.5,21.9,-572.));
#14881=CARTESIAN_POINT('',(-15.5,21.9,-572.));
#14882=CARTESIAN_POINT('',(-15.5,21.9,0.));
#14883=CARTESIAN_POINT('',(-15.5,19.5837869551531,0.));
#14884=CARTESIAN_POINT('',(-15.5,21.895,0.));
#14885=CARTESIAN_POINT('',(-15.5,21.895,10.));
#14886=CARTESIAN_POINT('',(-15.5,21.895,6.98436238754907));
#14887=CARTESIAN_POINT('',(-15.5,21.3173608317736,7.01878165154966));
#14888=CARTESIAN_POINT('',(-15.5,21.495,7.00819682668953));
#14889=CARTESIAN_POINT('',(-15.5,21.495,10.));
#14890=CARTESIAN_POINT('',(-15.5,21.495,0.));
#14891=CARTESIAN_POINT('',(-15.5,19.5837869551531,0.));
#14892=CARTESIAN_POINT('',(-15.5,19.5837869551531,0.));
#14893=CARTESIAN_POINT('',(-15.5,19.5837869551531,-572.));
#14894=CARTESIAN_POINT('',(-15.5,19.5837869551531,-572.));
#14895=CARTESIAN_POINT('',(-15.5,19.5837869551531,-572.));
#14896=CARTESIAN_POINT('',(32.0000000000011,27.7000000000005,10.));
#14897=CARTESIAN_POINT('',(32.0000000000011,27.7000000000005,-597.716562226643));
#14898=CARTESIAN_POINT('',(-12.320995797803,1.47216494845359,-601.753412142605));
#14899=CARTESIAN_POINT('',(-17.4,13.1435581270696,-599.957012917138));
#14900=CARTESIAN_POINT('',(-12.320995797803,1.47216494845359,10.));
#14901=CARTESIAN_POINT('',(-12.320995797803,1.47216494845359,8.20127943532843));
#14902=CARTESIAN_POINT('',(32.0000000000011,27.7000000000005,6.63846508952311));
#14903=CARTESIAN_POINT('',(-17.4,13.1435581270696,7.50582665932815));
#14904=CARTESIAN_POINT('',(-17.4,13.1435581270696,10.));
#14905=CARTESIAN_POINT('',(-17.4,13.1435581270696,0.));
#14906=CARTESIAN_POINT('',(32.0000000000011,27.7000000000005,0.));
#14907=CARTESIAN_POINT('',(-17.2701030927835,12.7097718087254,0.));
#14908=CARTESIAN_POINT('',(-17.2701030927835,12.7097718087254,-572.));
#14909=CARTESIAN_POINT('',(-17.2701030927835,12.7097718087254,-572.));
#14910=CARTESIAN_POINT('',(32.0000000000011,27.7000000000005,-572.));
#14911=CARTESIAN_POINT('',(-17.4,13.1435581270696,-572.));
#14912=CARTESIAN_POINT('',(-17.4,13.1435581270696,-612.));
#14913=CARTESIAN_POINT('',(-9.73919021734848,3.00000000000001,10.));
#14914=CARTESIAN_POINT('',(-9.73919021734848,3.00000000000001,-601.51825583682));
#14915=CARTESIAN_POINT('',(-9.7391902173485,6.93889390390723E-15,-601.98));
#14916=CARTESIAN_POINT('',(-9.7391902173485,-1.30104260698261E-15,10.));
#14917=CARTESIAN_POINT('',(-9.7391902173485,-1.4210854715202E-14,8.28900000000002));
#14918=CARTESIAN_POINT('',(-9.73919021734848,3.00000000000001,8.11024170644656));
#14919=CARTESIAN_POINT('',(-9.73919021734849,0.,10.));
#14920=CARTESIAN_POINT('',(50.,6.93889390390723E-15,-601.98));
#14921=CARTESIAN_POINT('',(-8.015,6.93889390390723E-15,-601.98));
#14922=CARTESIAN_POINT('',(-8.015,6.93889390390723E-15,-618.9));
#14923=CARTESIAN_POINT('',(-8.015,6.93889390390723E-15,-588.9));
#14924=CARTESIAN_POINT('',(-8.015,7.105427357601E-15,-588.9));
#14925=CARTESIAN_POINT('',(8.015,7.105427357601E-15,-588.9));
#14926=CARTESIAN_POINT('',(8.015,7.105427357601E-15,-618.9));
#14927=CARTESIAN_POINT('',(8.015,3.5527136788005E-15,-601.98));
#14928=CARTESIAN_POINT('',(50.,6.93889390390723E-15,-601.98));
#14929=CARTESIAN_POINT('',(9.7391902173485,6.93889390390723E-15,-601.98));
#14930=CARTESIAN_POINT('',(9.73919021734849,0.,10.));
#14931=CARTESIAN_POINT('',(9.73919021734849,-4.33680868994202E-16,8.28900000000002));
#14932=CARTESIAN_POINT('',(20.,-1.4210854715202E-14,8.28900000000002));
#14933=CARTESIAN_POINT('',(9.73919021734849,3.,10.));
#14934=CARTESIAN_POINT('',(9.73919021734849,3.,-601.51825583682));
#14935=CARTESIAN_POINT('',(12.320995797803,1.47216494845361,-601.753412142605));
#14936=CARTESIAN_POINT('',(12.320995797803,1.47216494845361,10.));
#14937=CARTESIAN_POINT('',(12.320995797803,1.47216494845361,8.20127943532842));
#14938=CARTESIAN_POINT('',(9.73919021734849,3.,8.11024170644656));
#14939=CARTESIAN_POINT('',(-31.9999999999998,27.6999999999999,10.));
#14940=CARTESIAN_POINT('',(-31.9999999999998,27.6999999999999,-597.716562226643));
#14941=CARTESIAN_POINT('',(17.4,13.1435581270696,-599.957012917138));
#14942=CARTESIAN_POINT('',(17.4,13.1435581270696,-612.));
#14943=CARTESIAN_POINT('',(17.4,13.1435581270696,-572.));
#14944=CARTESIAN_POINT('',(-31.9999999999998,27.6999999999999,-572.));
#14945=CARTESIAN_POINT('',(17.2701030927835,12.7097718087253,-572.));
#14946=CARTESIAN_POINT('',(17.2701030927835,12.7097718087253,-572.));
#14947=CARTESIAN_POINT('',(17.2701030927835,12.7097718087253,0.));
#14948=CARTESIAN_POINT('',(-31.9999999999998,27.6999999999999,0.));
#14949=CARTESIAN_POINT('',(17.4,13.1435581270696,0.));
#14950=CARTESIAN_POINT('',(17.4,13.1435581270696,10.));
#14951=CARTESIAN_POINT('',(17.4,13.1435581270696,7.50582665932815));
#14952=CARTESIAN_POINT('',(-31.9999999999998,27.6999999999999,6.63846508952314));
#14953=CARTESIAN_POINT('',(15.5,21.895,10.));
#14954=CARTESIAN_POINT('',(15.5,21.895,-612.));
#14955=CARTESIAN_POINT('',(15.5,21.895,-597.72902492942));
#14956=CARTESIAN_POINT('',(15.5,21.895,-572.));
#14957=CARTESIAN_POINT('',(15.5,20.0850000000001,-596.854953994084));
#14958=CARTESIAN_POINT('',(15.5,21.495,-598.287434360441));
#14959=CARTESIAN_POINT('',(15.5,21.495,-612.));
#14960=CARTESIAN_POINT('',(15.5,21.495,-572.));
#14961=CARTESIAN_POINT('',(15.5,21.9,-572.));
#14962=CARTESIAN_POINT('',(15.5,19.5837869551532,-572.));
#14963=CARTESIAN_POINT('',(15.5,19.5837869551531,-572.));
#14964=CARTESIAN_POINT('',(15.5,19.5837869551531,0.));
#14965=CARTESIAN_POINT('',(15.5,27.505,0.));
#14966=CARTESIAN_POINT('',(15.5,21.495,0.));
#14967=CARTESIAN_POINT('',(15.5,21.495,10.));
#14968=CARTESIAN_POINT('',(15.5,21.495,7.00819682668953));
#14969=CARTESIAN_POINT('',(15.5,21.7159456551397,6.99503153726259));
#14970=CARTESIAN_POINT('',(15.5,21.895,6.98436238754907));
#14971=CARTESIAN_POINT('',(15.5,21.895,10.));
#14972=CARTESIAN_POINT('',(15.5,21.895,0.));
#14973=CARTESIAN_POINT('',(15.5,21.9,0.));
#14974=CARTESIAN_POINT('',(15.5,21.9,0.));
#14975=CARTESIAN_POINT('',(15.5,21.9,-572.));
#14976=CARTESIAN_POINT('',(15.5,21.9,-572.));
#14977=CARTESIAN_POINT('',(15.5,21.9,-572.));
#14978=CARTESIAN_POINT('',(15.5,27.905,10.));
#14979=CARTESIAN_POINT('',(15.5,27.905,-612.));
#14980=CARTESIAN_POINT('',(15.5,27.905,-597.223169564287));
#14981=CARTESIAN_POINT('',(15.5,27.905,-572.));
#14982=CARTESIAN_POINT('',(15.5,29.2999999999999,-595.79));
#14983=CARTESIAN_POINT('',(15.5,27.505,-596.672028911091));
#14984=CARTESIAN_POINT('',(15.5,27.505,-612.));
#14985=CARTESIAN_POINT('',(15.5,27.505,-572.));
#14986=CARTESIAN_POINT('',(15.5,30.2,-572.));
#14987=CARTESIAN_POINT('',(15.5,27.5,-572.));
#14988=CARTESIAN_POINT('',(15.5,27.5,-572.));
#14989=CARTESIAN_POINT('',(15.5,27.5,0.));
#14990=CARTESIAN_POINT('',(15.5,30.2,0.));
#14991=CARTESIAN_POINT('',(15.5,27.505,0.));
#14992=CARTESIAN_POINT('',(15.5,27.505,10.));
#14993=CARTESIAN_POINT('',(15.5,27.505,6.65008437860411));
#14994=CARTESIAN_POINT('',(15.5,27.7046826262156,6.63818607009926));
#14995=CARTESIAN_POINT('',(15.5,27.905,6.62624993946365));
#14996=CARTESIAN_POINT('',(15.5,27.905,10.));
#14997=CARTESIAN_POINT('',(15.5,27.905,0.));
#14998=CARTESIAN_POINT('',(15.5,30.2,0.));
#14999=CARTESIAN_POINT('',(15.5,30.2,0.));
#15000=CARTESIAN_POINT('',(15.5,30.2,-572.));
#15001=CARTESIAN_POINT('',(15.5,30.2,-572.));
#15002=CARTESIAN_POINT('',(15.5,30.2,-572.));
#15003=CARTESIAN_POINT('',(14.4000000000002,29.1243955371228,10.));
#15004=CARTESIAN_POINT('',(17.3094339622642,29.8559650958278,-598.684002776464));
#15005=CARTESIAN_POINT('',(17.3487486135415,29.6996117043018,-598.334129238532));
#15006=CARTESIAN_POINT('',(17.4,29.4470457574271,-598.036928521634));
#15007=CARTESIAN_POINT('',(17.4,29.1243955371228,-597.825993306965));
#15008=CARTESIAN_POINT('',(17.3094339622642,29.8559650958278,-598.684002776464));
#15009=CARTESIAN_POINT('',(17.4,29.1243955371228,-597.825993306965));
#15010=CARTESIAN_POINT('',(17.3094339622642,29.8559650958278,10.));
#15011=CARTESIAN_POINT('',(17.3094339622642,29.8559650958278,6.50999954235948));
#15012=CARTESIAN_POINT('',(14.4000000000002,29.1243955371228,6.5535909176694));
#15013=CARTESIAN_POINT('',(17.4,29.1243955371228,6.5535909176694));
#15014=CARTESIAN_POINT('',(17.4,29.1243955371228,10.));
#15015=CARTESIAN_POINT('',(-37.0000000000004,16.1999999999999,10.));
#15016=CARTESIAN_POINT('',(-37.0000000000004,16.1999999999999,-606.928035530795));
#15017=CARTESIAN_POINT('',(14.1916720765467,38.9027027027027,-612.));
#15018=CARTESIAN_POINT('',(14.1916720765467,38.9027027027027,-572.));
#15019=CARTESIAN_POINT('',(-36.9999999999992,16.2000000000003,-572.));
#15020=CARTESIAN_POINT('',(14.1119053661512,39.0817204301075,-572.));
#15021=CARTESIAN_POINT('',(14.1119053661512,39.0817204301075,-572.));
#15022=CARTESIAN_POINT('',(14.1119053661512,39.0817204301075,0.));
#15023=CARTESIAN_POINT('',(-36.9999999999992,16.2000000000003,0.));
#15024=CARTESIAN_POINT('',(14.1916720765467,38.9027027027027,0.));
#15025=CARTESIAN_POINT('',(14.1916720765467,38.9027027027027,10.));
#15026=CARTESIAN_POINT('',(14.1916720765467,38.9027027027027,5.97093975008254));
#15027=CARTESIAN_POINT('',(-37.0000000000004,16.1999999999999,7.32370521481138));
#15028=CARTESIAN_POINT('',(17.265376622668,30.03,-599.5));
#15029=CARTESIAN_POINT('',(17.265376622668,30.03,-599.217140864576));
#15030=CARTESIAN_POINT('',(17.280570238366,29.9707554087756,-598.94087020044));
#15031=CARTESIAN_POINT('',(17.3094339622642,29.8559650958278,-598.684002776464));
#15032=CARTESIAN_POINT('',(37.0000000000012,16.1999999999996,10.));
#15033=CARTESIAN_POINT('',(-14.1916720765467,38.9027027027027,-612.));
#15034=CARTESIAN_POINT('',(-14.1916720765467,38.9027027027027,-572.));
#15035=CARTESIAN_POINT('',(37.0000000000012,16.1999999999996,-606.928035530795));
#15036=CARTESIAN_POINT('',(-17.3094339622642,29.8559650958278,10.));
#15037=CARTESIAN_POINT('',(-17.3094339622642,29.8559650958278,6.50999954235947));
#15038=CARTESIAN_POINT('',(37.0000000000012,16.1999999999996,7.3237052148114));
#15039=CARTESIAN_POINT('',(-14.1916720765467,38.9027027027027,5.97093975008254));
#15040=CARTESIAN_POINT('',(-14.1916720765467,38.9027027027027,10.));
#15041=CARTESIAN_POINT('',(-14.1916720765467,38.9027027027027,0.));
#15042=CARTESIAN_POINT('',(37.0000000000003,16.1999999999999,0.));
#15043=CARTESIAN_POINT('',(-14.1119053661512,39.0817204301075,0.));
#15044=CARTESIAN_POINT('',(-14.1119053661512,39.0817204301075,-572.));
#15045=CARTESIAN_POINT('',(-14.1119053661512,39.0817204301075,-572.));
#15046=CARTESIAN_POINT('',(37.0000000000003,16.1999999999999,-572.));
#15047=CARTESIAN_POINT('',(-14.4000000000002,29.1243955371228,10.));
#15048=CARTESIAN_POINT('',(-17.4,29.1243955371228,10.));
#15049=CARTESIAN_POINT('',(-17.4,29.1243955371228,6.5535909176694));
#15050=CARTESIAN_POINT('',(-14.4000000000002,29.1243955371228,6.55359091766939));
#15051=CARTESIAN_POINT('',(-13.7,27.905,-612.));
#15052=CARTESIAN_POINT('',(-13.7,29.705,-612.));
#15053=CARTESIAN_POINT('',(-13.7,29.705,-572.));
#15054=CARTESIAN_POINT('',(-13.7,27.905,-572.));
#15055=CARTESIAN_POINT('',(-15.5,27.905,-597.223169564287));
#15056=CARTESIAN_POINT('',(-15.5,28.2347204615851,-597.544108590187));
#15057=CARTESIAN_POINT('',(-15.3870139656414,28.6822539847547,-597.725826485933));
#15058=CARTESIAN_POINT('',(-15.098373223908,29.0383809274278,-597.772815034456));
#15059=CARTESIAN_POINT('',(-13.7,29.705,-612.));
#15060=CARTESIAN_POINT('',(-12.8,29.705,-612.));
#15061=CARTESIAN_POINT('',(-12.8,29.705,-572.));
#15062=CARTESIAN_POINT('',(-13.7,29.705,-572.));
#15063=CARTESIAN_POINT('',(-12.8,27.905,-612.));
#15064=CARTESIAN_POINT('',(-12.8,27.905,-572.));
#15065=CARTESIAN_POINT('',(-12.8,19.695,-612.));
#15066=CARTESIAN_POINT('',(-12.8,19.695,-612.));
#15067=CARTESIAN_POINT('',(-12.8,19.695,-598.948649568727));
#15068=CARTESIAN_POINT('',(-12.8,19.695,-572.));
#15069=CARTESIAN_POINT('',(-12.8,19.695,-598.948649568727));
#15070=CARTESIAN_POINT('',(-13.7,19.695,-598.948649568727));
#15071=CARTESIAN_POINT('',(-13.7,19.695,-612.));
#15072=CARTESIAN_POINT('',(-13.7,19.695,-572.));
#15073=CARTESIAN_POINT('',(-12.8,19.695,-572.));
#15074=CARTESIAN_POINT('',(13.7,19.695,-612.));
#15075=CARTESIAN_POINT('',(13.7,19.695,-612.));
#15076=CARTESIAN_POINT('',(13.7,19.695,-598.948649568727));
#15077=CARTESIAN_POINT('',(13.7,19.695,-572.));
#15078=CARTESIAN_POINT('',(13.7,19.695,-598.948649568727));
#15079=CARTESIAN_POINT('',(12.8,19.695,-598.948649568727));
#15080=CARTESIAN_POINT('',(12.8,19.695,-612.));
#15081=CARTESIAN_POINT('',(12.8,19.695,-572.));
#15082=CARTESIAN_POINT('',(13.7,19.695,-572.));
#15083=CARTESIAN_POINT('',(12.8,27.905,-612.));
#15084=CARTESIAN_POINT('',(12.8,29.705,-598.40712535028));
#15085=CARTESIAN_POINT('',(12.5058920304508,29.705,-598.40712535028));
#15086=CARTESIAN_POINT('',(11.9645016723727,29.5608279099807,-598.176860739212));
#15087=CARTESIAN_POINT('',(11.5692632452922,29.2452119620845,-597.893569021266));
#15088=CARTESIAN_POINT('',(11.4016267760921,29.0383809274279,-597.772815034456));
#15089=CARTESIAN_POINT('',(12.8,29.705,-598.40712535028));
#15090=CARTESIAN_POINT('',(11.401626776092,29.0383809274278,-597.772815034456));
#15091=CARTESIAN_POINT('',(12.8,29.705,-612.));
#15092=CARTESIAN_POINT('',(12.8,29.705,-572.));
#15093=CARTESIAN_POINT('',(12.8,27.905,-572.));
#15094=CARTESIAN_POINT('',(11.,27.905,-597.223169564287));
#15095=CARTESIAN_POINT('',(11.,28.2347204615851,-597.544108590187));
#15096=CARTESIAN_POINT('',(11.1129860343586,28.6822539847547,-597.725826485933));
#15097=CARTESIAN_POINT('',(11.401626776092,29.0383809274278,-597.772815034456));
#15098=CARTESIAN_POINT('',(12.8,29.705,-612.));
#15099=CARTESIAN_POINT('',(50.,29.705,-598.40712535028));
#15100=CARTESIAN_POINT('',(13.7,29.705,-598.40712535028));
#15101=CARTESIAN_POINT('',(13.7,29.705,-612.));
#15102=CARTESIAN_POINT('',(13.7,29.705,-572.));
#15103=CARTESIAN_POINT('',(12.8,29.705,-572.));
#15104=CARTESIAN_POINT('',(13.7,27.905,-612.));
#15105=CARTESIAN_POINT('',(15.098373223908,29.0383809274278,-597.772815034456));
#15106=CARTESIAN_POINT('',(14.9308265236102,29.2451012045921,-597.893504357814));
#15107=CARTESIAN_POINT('',(14.5329877438228,29.5620575944251,-598.178201141693));
#15108=CARTESIAN_POINT('',(13.994293528934,29.7050000000001,-598.40712535028));
#15109=CARTESIAN_POINT('',(13.6999999999999,29.705,-598.40712535028));
#15110=CARTESIAN_POINT('',(15.098373223908,29.0383809274278,-597.772815034456));
#15111=CARTESIAN_POINT('',(15.098373223908,29.0383809274278,-597.772815034456));
#15112=CARTESIAN_POINT('',(15.3868225665337,28.682490134297,-597.725857644272));
#15113=CARTESIAN_POINT('',(15.5,28.2348102939911,-597.544196030089));
#15114=CARTESIAN_POINT('',(15.5,27.905,-597.223169564287));
#15115=CARTESIAN_POINT('',(13.7,27.905,-572.));
#15116=CARTESIAN_POINT('',(-14.3999999999996,29.1243955371228,-572.));
#15117=CARTESIAN_POINT('',(-17.4,29.1243955371228,-572.));
#15118=CARTESIAN_POINT('',(-17.4,27.505,-572.));
#15119=CARTESIAN_POINT('',(-17.4,27.5,-572.));
#15120=CARTESIAN_POINT('',(-17.2,27.505,-572.));
#15121=CARTESIAN_POINT('',(-17.2,27.305,-572.));
#15122=CARTESIAN_POINT('',(-17.2,27.305,-572.));
#15123=CARTESIAN_POINT('',(-15.7,27.305,-572.));
#15124=CARTESIAN_POINT('',(-15.7,27.505,-572.));
#15125=CARTESIAN_POINT('',(-15.7,27.5,-572.));
#15126=CARTESIAN_POINT('',(-15.7,27.3,-572.));
#15127=CARTESIAN_POINT('',(-17.2,27.3,-572.));
#15128=CARTESIAN_POINT('',(-17.2,27.3,-572.));
#15129=CARTESIAN_POINT('',(-17.2,27.5,-572.));
#15130=CARTESIAN_POINT('',(-14.3999999999996,29.1243955371228,-572.));
#15131=CARTESIAN_POINT('',(-15.7,21.895,-572.));
#15132=CARTESIAN_POINT('',(-15.7,22.095,-572.));
#15133=CARTESIAN_POINT('',(-15.7,22.095,-572.));
#15134=CARTESIAN_POINT('',(-17.2,22.095,-572.));
#15135=CARTESIAN_POINT('',(-17.2,21.895,-572.));
#15136=CARTESIAN_POINT('',(-17.4,21.895,-572.));
#15137=CARTESIAN_POINT('',(-17.4,21.9,-572.));
#15138=CARTESIAN_POINT('',(-17.4,21.9,-572.));
#15139=CARTESIAN_POINT('',(-17.2,21.9,-572.));
#15140=CARTESIAN_POINT('',(-17.2,22.1,-572.));
#15141=CARTESIAN_POINT('',(-15.7,22.1,-572.));
#15142=CARTESIAN_POINT('',(-15.7,22.1,-572.));
#15143=CARTESIAN_POINT('',(-15.7,21.9,-572.));
#15144=CARTESIAN_POINT('',(-14.3999999999996,29.1243955371228,-572.));
#15145=CARTESIAN_POINT('',(17.4,13.5829889849161,-572.));
#15146=CARTESIAN_POINT('',(17.4,21.895,-572.));
#15147=CARTESIAN_POINT('',(17.4,21.9,-572.));
#15148=CARTESIAN_POINT('',(17.2,21.895,-572.));
#15149=CARTESIAN_POINT('',(17.2,22.095,-572.));
#15150=CARTESIAN_POINT('',(17.2,22.095,-572.));
#15151=CARTESIAN_POINT('',(15.7,22.095,-572.));
#15152=CARTESIAN_POINT('',(15.7,21.895,-572.));
#15153=CARTESIAN_POINT('',(15.7,21.9,-572.));
#15154=CARTESIAN_POINT('',(15.7,22.1,-572.));
#15155=CARTESIAN_POINT('',(17.2,22.1,-572.));
#15156=CARTESIAN_POINT('',(17.2,22.1,-572.));
#15157=CARTESIAN_POINT('',(17.2,21.9,-572.));
#15158=CARTESIAN_POINT('',(-14.3999999999996,29.1243955371228,-572.));
#15159=CARTESIAN_POINT('',(15.7,27.505,-572.));
#15160=CARTESIAN_POINT('',(15.7,27.305,-572.));
#15161=CARTESIAN_POINT('',(15.7,27.305,-572.));
#15162=CARTESIAN_POINT('',(17.2,27.305,-572.));
#15163=CARTESIAN_POINT('',(17.2,27.505,-572.));
#15164=CARTESIAN_POINT('',(17.4,27.505,-572.));
#15165=CARTESIAN_POINT('',(17.4,27.5,-572.));
#15166=CARTESIAN_POINT('',(17.4,27.5,-572.));
#15167=CARTESIAN_POINT('',(17.2,27.5,-572.));
#15168=CARTESIAN_POINT('',(17.2,27.3,-572.));
#15169=CARTESIAN_POINT('',(15.7,27.3,-572.));
#15170=CARTESIAN_POINT('',(15.7,27.3,-572.));
#15171=CARTESIAN_POINT('',(15.7,27.5,-572.));
#15172=CARTESIAN_POINT('',(-14.3999999999996,29.1243955371228,-572.));
#15173=CARTESIAN_POINT('',(13.7346035758633,38.7,-572.));
#15174=CARTESIAN_POINT('',(13.9293628469864,39.,-572.));
#15175=CARTESIAN_POINT('',(-17.4,29.1243955371228,10.));
#15176=CARTESIAN_POINT('',(-17.4,29.2999999999999,-595.79));
#15177=CARTESIAN_POINT('',(-17.4,27.505,-596.672028911091));
#15178=CARTESIAN_POINT('',(-17.4,27.505,-612.));
#15179=CARTESIAN_POINT('',(-17.4,27.5,-572.));
#15180=CARTESIAN_POINT('',(-17.4,27.5,0.));
#15181=CARTESIAN_POINT('',(-17.4,29.1243955371228,0.));
#15182=CARTESIAN_POINT('',(-17.4,27.505,0.));
#15183=CARTESIAN_POINT('',(-17.4,27.505,10.));
#15184=CARTESIAN_POINT('',(-17.4,27.505,6.65008437860411));
#15185=CARTESIAN_POINT('',(-17.4,28.9197640131593,6.56578411167971));
#15186=CARTESIAN_POINT('',(-17.2,27.505,10.));
#15187=CARTESIAN_POINT('',(-17.2,27.505,6.65008437860411));
#15188=CARTESIAN_POINT('',(-17.2,27.305,6.66200159817434));
#15189=CARTESIAN_POINT('',(-17.2,27.505,0.));
#15190=CARTESIAN_POINT('',(-17.2,27.305,0.));
#15191=CARTESIAN_POINT('',(-17.2,27.305,10.));
#15192=CARTESIAN_POINT('',(-17.2,27.305,10.));
#15193=CARTESIAN_POINT('',(-17.2,27.305,6.66200159817434));
#15194=CARTESIAN_POINT('',(-15.7,27.305,6.66200159817434));
#15195=CARTESIAN_POINT('',(-17.2,27.305,0.));
#15196=CARTESIAN_POINT('',(-15.7,27.305,0.));
#15197=CARTESIAN_POINT('',(-15.7,27.305,10.));
#15198=CARTESIAN_POINT('',(-15.7,27.505,10.));
#15199=CARTESIAN_POINT('',(-15.7,27.505,6.65008437860411));
#15200=CARTESIAN_POINT('',(-15.7,27.505,0.));
#15201=CARTESIAN_POINT('',(-13.7,27.905,10.));
#15202=CARTESIAN_POINT('',(-13.7,29.705,10.));
#15203=CARTESIAN_POINT('',(-13.7,29.705,6.51899496333158));
#15204=CARTESIAN_POINT('',(-13.7,29.705,0.));
#15205=CARTESIAN_POINT('',(-13.7,27.905,6.62624993946365));
#15206=CARTESIAN_POINT('',(-13.7,27.905,0.));
#15207=CARTESIAN_POINT('',(-13.7,29.705,10.));
#15208=CARTESIAN_POINT('',(-13.7,29.705,6.51899496333158));
#15209=CARTESIAN_POINT('',(-12.8,29.705,6.51899496333158));
#15210=CARTESIAN_POINT('',(-13.7,29.705,0.));
#15211=CARTESIAN_POINT('',(-12.8,29.705,0.));
#15212=CARTESIAN_POINT('',(-12.8,29.705,10.));
#15213=CARTESIAN_POINT('',(-12.8,27.905,10.));
#15214=CARTESIAN_POINT('',(-12.8,27.905,6.62624993946365));
#15215=CARTESIAN_POINT('',(-12.8,27.905,0.));
#15216=CARTESIAN_POINT('',(-12.8,21.495,10.));
#15217=CARTESIAN_POINT('',(-12.8,19.695,10.));
#15218=CARTESIAN_POINT('',(-12.8,19.695,7.1154518028216));
#15219=CARTESIAN_POINT('',(-12.8,19.695,0.));
#15220=CARTESIAN_POINT('',(-12.8,21.495,7.00819682668953));
#15221=CARTESIAN_POINT('',(-12.8,21.495,0.));
#15222=CARTESIAN_POINT('',(-12.8,19.695,10.));
#15223=CARTESIAN_POINT('',(-12.8,19.695,7.1154518028216));
#15224=CARTESIAN_POINT('',(-13.7,19.695,7.1154518028216));
#15225=CARTESIAN_POINT('',(-12.8,19.695,0.));
#15226=CARTESIAN_POINT('',(-13.7,19.695,0.));
#15227=CARTESIAN_POINT('',(-13.7,19.695,10.));
#15228=CARTESIAN_POINT('',(-13.7,21.495,10.));
#15229=CARTESIAN_POINT('',(-13.7,21.495,7.00819682668953));
#15230=CARTESIAN_POINT('',(-13.7,21.495,0.));
#15231=CARTESIAN_POINT('',(-15.7,21.895,10.));
#15232=CARTESIAN_POINT('',(-15.7,21.895,6.98436238754907));
#15233=CARTESIAN_POINT('',(-15.7,22.095,6.97244516797884));
#15234=CARTESIAN_POINT('',(-15.7,21.895,0.));
#15235=CARTESIAN_POINT('',(-15.7,22.095,0.));
#15236=CARTESIAN_POINT('',(-15.7,22.095,10.));
#15237=CARTESIAN_POINT('',(-15.7,22.095,10.));
#15238=CARTESIAN_POINT('',(-15.7,22.095,6.97244516797884));
#15239=CARTESIAN_POINT('',(-17.2,22.095,6.97244516797884));
#15240=CARTESIAN_POINT('',(-15.7,22.095,0.));
#15241=CARTESIAN_POINT('',(-17.2,22.095,0.));
#15242=CARTESIAN_POINT('',(-17.2,22.095,10.));
#15243=CARTESIAN_POINT('',(-17.2,21.895,10.));
#15244=CARTESIAN_POINT('',(-17.2,21.895,6.98436238754907));
#15245=CARTESIAN_POINT('',(-17.4,21.895,6.98436238754907));
#15246=CARTESIAN_POINT('',(-17.2,21.895,0.));
#15247=CARTESIAN_POINT('',(-17.4,21.895,0.));
#15248=CARTESIAN_POINT('',(-17.4,21.895,10.));
#15249=CARTESIAN_POINT('',(-17.4,21.895,10.));
#15250=CARTESIAN_POINT('',(-17.4,21.895,-612.));
#15251=CARTESIAN_POINT('',(-17.4,21.895,-597.72902492942));
#15252=CARTESIAN_POINT('',(-17.4,20.0850000000001,-596.854953994084));
#15253=CARTESIAN_POINT('',(-17.4,20.3907680062417,-598.841560630124));
#15254=CARTESIAN_POINT('',(-17.4,113.401283908631,-584.525873019376));
#15255=CARTESIAN_POINT('',(-17.4,21.895,-572.));
#15256=CARTESIAN_POINT('',(-17.4,13.5829889849162,-572.));
#15257=CARTESIAN_POINT('',(-17.4,13.5829889849161,-572.));
#15258=CARTESIAN_POINT('',(-17.4,13.5829889849161,0.));
#15259=CARTESIAN_POINT('',(-17.4,21.895,0.));
#15260=CARTESIAN_POINT('',(-17.4,21.7159456551397,6.99503153726259));
#15261=CARTESIAN_POINT('',(-17.4,21.9,0.));
#15262=CARTESIAN_POINT('',(-17.4,21.9,0.));
#15263=CARTESIAN_POINT('',(-17.4,21.9,-572.));
#15264=CARTESIAN_POINT('',(17.4,13.1435581270696,10.));
#15265=CARTESIAN_POINT('',(17.4,104.852363743315,-585.841677681984));
#15266=CARTESIAN_POINT('',(17.4,20.3907680062417,-598.841560630124));
#15267=CARTESIAN_POINT('',(17.4,20.0850000000001,-596.854953994084));
#15268=CARTESIAN_POINT('',(17.4,21.895,-597.72902492942));
#15269=CARTESIAN_POINT('',(17.4,21.895,-612.));
#15270=CARTESIAN_POINT('',(17.4,21.9,-572.));
#15271=CARTESIAN_POINT('',(17.4,21.9,0.));
#15272=CARTESIAN_POINT('',(17.4,13.5829889849161,0.));
#15273=CARTESIAN_POINT('',(17.4,21.895,0.));
#15274=CARTESIAN_POINT('',(17.4,21.895,10.));
#15275=CARTESIAN_POINT('',(17.4,21.895,6.98436238754907));
#15276=CARTESIAN_POINT('',(17.4,12.9954658723378,7.5146508989096));
#15277=CARTESIAN_POINT('',(17.4,13.1435581270696,0.));
#15278=CARTESIAN_POINT('',(17.4,13.5829889849161,0.));
#15279=CARTESIAN_POINT('',(17.4,13.5829889849161,-572.));
#15280=CARTESIAN_POINT('',(17.4,13.5829889849161,-572.));
#15281=CARTESIAN_POINT('',(17.4,13.1435581270696,-572.));
#15282=CARTESIAN_POINT('',(17.2,21.895,10.));
#15283=CARTESIAN_POINT('',(17.2,21.895,6.98436238754907));
#15284=CARTESIAN_POINT('',(17.2,22.095,6.97244516797884));
#15285=CARTESIAN_POINT('',(17.2,21.895,0.));
#15286=CARTESIAN_POINT('',(17.2,22.095,0.));
#15287=CARTESIAN_POINT('',(17.2,22.095,10.));
#15288=CARTESIAN_POINT('',(17.2,22.095,10.));
#15289=CARTESIAN_POINT('',(17.2,22.095,6.97244516797884));
#15290=CARTESIAN_POINT('',(15.7,22.095,6.97244516797884));
#15291=CARTESIAN_POINT('',(17.2,22.095,0.));
#15292=CARTESIAN_POINT('',(15.7,22.095,0.));
#15293=CARTESIAN_POINT('',(15.7,22.095,10.));
#15294=CARTESIAN_POINT('',(15.7,21.895,10.));
#15295=CARTESIAN_POINT('',(15.7,21.895,6.98436238754907));
#15296=CARTESIAN_POINT('',(15.7,21.895,0.));
#15297=CARTESIAN_POINT('',(13.7,21.495,10.));
#15298=CARTESIAN_POINT('',(13.7,19.695,10.));
#15299=CARTESIAN_POINT('',(13.7,19.695,7.1154518028216));
#15300=CARTESIAN_POINT('',(13.7,19.695,0.));
#15301=CARTESIAN_POINT('',(13.7,21.495,7.00819682668953));
#15302=CARTESIAN_POINT('',(13.7,21.495,0.));
#15303=CARTESIAN_POINT('',(13.7,19.695,10.));
#15304=CARTESIAN_POINT('',(13.7,19.695,7.1154518028216));
#15305=CARTESIAN_POINT('',(12.8,19.695,7.1154518028216));
#15306=CARTESIAN_POINT('',(13.7,19.695,0.));
#15307=CARTESIAN_POINT('',(12.8,19.695,0.));
#15308=CARTESIAN_POINT('',(12.8,19.695,10.));
#15309=CARTESIAN_POINT('',(12.8,21.495,10.));
#15310=CARTESIAN_POINT('',(12.8,21.495,7.00819682668953));
#15311=CARTESIAN_POINT('',(12.8,21.495,0.));
#15312=CARTESIAN_POINT('',(12.8,27.905,10.));
#15313=CARTESIAN_POINT('',(12.8,29.705,10.));
#15314=CARTESIAN_POINT('',(12.8,29.705,6.51899496333158));
#15315=CARTESIAN_POINT('',(12.8,29.705,0.));
#15316=CARTESIAN_POINT('',(12.8,27.905,6.62624993946365));
#15317=CARTESIAN_POINT('',(12.8,27.905,0.));
#15318=CARTESIAN_POINT('',(12.8,29.705,10.));
#15319=CARTESIAN_POINT('',(12.8,29.705,6.51899496333158));
#15320=CARTESIAN_POINT('',(13.7,29.705,6.51899496333158));
#15321=CARTESIAN_POINT('',(12.8,29.705,0.));
#15322=CARTESIAN_POINT('',(13.7,29.705,0.));
#15323=CARTESIAN_POINT('',(13.7,29.705,10.));
#15324=CARTESIAN_POINT('',(13.7,27.905,10.));
#15325=CARTESIAN_POINT('',(13.7,27.905,6.62624993946365));
#15326=CARTESIAN_POINT('',(13.7,27.905,0.));
#15327=CARTESIAN_POINT('',(15.7,27.505,10.));
#15328=CARTESIAN_POINT('',(15.7,27.505,6.65008437860411));
#15329=CARTESIAN_POINT('',(15.7,27.305,6.66200159817434));
#15330=CARTESIAN_POINT('',(15.7,27.505,0.));
#15331=CARTESIAN_POINT('',(15.7,27.305,0.));
#15332=CARTESIAN_POINT('',(15.7,27.305,10.));
#15333=CARTESIAN_POINT('',(15.7,27.305,10.));
#15334=CARTESIAN_POINT('',(15.7,27.305,6.66200159817434));
#15335=CARTESIAN_POINT('',(17.2,27.305,6.66200159817434));
#15336=CARTESIAN_POINT('',(15.7,27.305,0.));
#15337=CARTESIAN_POINT('',(17.2,27.305,0.));
#15338=CARTESIAN_POINT('',(17.2,27.305,10.));
#15339=CARTESIAN_POINT('',(17.2,27.505,10.));
#15340=CARTESIAN_POINT('',(17.2,27.505,6.65008437860411));
#15341=CARTESIAN_POINT('',(17.4,27.505,6.65008437860411));
#15342=CARTESIAN_POINT('',(17.2,27.505,0.));
#15343=CARTESIAN_POINT('',(17.4,27.505,0.));
#15344=CARTESIAN_POINT('',(17.4,27.505,10.));
#15345=CARTESIAN_POINT('',(17.4,27.505,10.));
#15346=CARTESIAN_POINT('',(17.4,28.0300000000001,-599.5));
#15347=CARTESIAN_POINT('',(17.4,29.0383809274278,-597.772815034456));
#15348=CARTESIAN_POINT('',(17.4,27.3060978028495,6.66193618438633));
#15349=CARTESIAN_POINT('',(17.4,27.5,0.));
#15350=CARTESIAN_POINT('',(17.4,27.5,0.));
#15351=CARTESIAN_POINT('',(17.4,27.5,-572.));
#15352=CARTESIAN_POINT('',(17.4,27.505,-612.));
#15353=CARTESIAN_POINT('',(17.4,27.505,-596.672028911091));
#15354=CARTESIAN_POINT('',(17.4,29.2999999999999,-595.79));
#15355=CARTESIAN_POINT('',(13.7346035758633,38.7,10.));
#15356=CARTESIAN_POINT('',(13.7346035758633,38.7,5.98301801316048));
#15357=CARTESIAN_POINT('',(13.7346035758633,38.7,0.));
#15358=CARTESIAN_POINT('',(-13.7346035758633,38.7,10.));
#15359=CARTESIAN_POINT('',(-13.7346035758633,38.7,5.98301801316048));
#15360=CARTESIAN_POINT('',(-13.7346035758633,38.7,0.));
#15361=CARTESIAN_POINT('',(-17.2,27.505,0.));
#15362=CARTESIAN_POINT('',(-13.5,30.2,0.));
#15363=CARTESIAN_POINT('',(-13.5,32.2,0.));
#15364=CARTESIAN_POINT('',(-13.5,32.2,0.));
#15365=CARTESIAN_POINT('',(-13.,32.2,0.));
#15366=CARTESIAN_POINT('',(-13.,30.2,0.));
#15367=CARTESIAN_POINT('',(-17.2,27.505,0.));
#15368=CARTESIAN_POINT('',(-11.2000000000001,18.7175898384862,0.));
#15369=CARTESIAN_POINT('',(-11.0267949192431,18.6175898384862,0.));
#15370=CARTESIAN_POINT('',(-11.0267949192431,18.6175898384862,0.));
#15371=CARTESIAN_POINT('',(-12.1224475341271,16.7198638420615,0.));
#15372=CARTESIAN_POINT('',(-11.7760234869359,16.5198878946886,0.));
#15373=CARTESIAN_POINT('',(-11.7732555375768,16.1198974717328,0.));
#15374=CARTESIAN_POINT('',(-11.7696776775037,15.6199102729794,0.));
#15375=CARTESIAN_POINT('',(-11.2964781323854,15.7814100887681,0.));
#15376=CARTESIAN_POINT('',(-12.9999935869149,15.20000223177,0.));
#15377=CARTESIAN_POINT('',(-12.4083920614954,13.4999999861476,0.));
#15378=CARTESIAN_POINT('',(-12.4741262415023,13.6888888888889,0.));
#15379=CARTESIAN_POINT('',(-12.6494174943348,13.5925925925926,0.));
#15380=CARTESIAN_POINT('',(-13.,13.4,0.));
#15381=CARTESIAN_POINT('',(-13.3505825056652,13.5925925925926,0.));
#15382=CARTESIAN_POINT('',(-13.5258737584977,13.6888888888889,0.));
#15383=CARTESIAN_POINT('',(-13.59160797831,13.5,0.));
#15384=CARTESIAN_POINT('',(-13.0000064130851,15.2000022317701,0.));
#15385=CARTESIAN_POINT('',(-14.7035218676146,15.7814100887681,0.));
#15386=CARTESIAN_POINT('',(-14.2303223224963,15.6199102729794,0.));
#15387=CARTESIAN_POINT('',(-14.2267444624232,16.1198974717328,0.));
#15388=CARTESIAN_POINT('',(-14.2239765123659,16.5198878946837,0.));
#15389=CARTESIAN_POINT('',(-13.8775470867041,16.7198545244889,0.));
#15390=CARTESIAN_POINT('',(-13.8775470867041,16.7198545244889,0.));
#15391=CARTESIAN_POINT('',(-15.4732077708903,19.4837916147456,0.));
#15392=CARTESIAN_POINT('',(-15.3,19.5837869551532,0.));
#15393=CARTESIAN_POINT('',(-17.2,27.505,0.));
#15394=CARTESIAN_POINT('',(-14.3999999999997,13.5829889849162,0.));
#15395=CARTESIAN_POINT('',(-17.2,27.505,0.));
#15396=CARTESIAN_POINT('',(14.3999999999998,13.5829889849161,0.));
#15397=CARTESIAN_POINT('',(-17.2,27.505,0.));
#15398=CARTESIAN_POINT('',(15.2999999999999,19.5837869551532,0.));
#15399=CARTESIAN_POINT('',(15.4732077708903,19.4837916147456,0.));
#15400=CARTESIAN_POINT('',(15.4732077708903,19.4837916147456,0.));
#15401=CARTESIAN_POINT('',(13.8775470867041,16.7198545244889,0.));
#15402=CARTESIAN_POINT('',(14.2239765123659,16.5198878946837,0.));
#15403=CARTESIAN_POINT('',(14.2267444624232,16.1198974717328,0.));
#15404=CARTESIAN_POINT('',(14.2303223224963,15.6199102729794,0.));
#15405=CARTESIAN_POINT('',(14.7035218676146,15.7814100887681,0.));
#15406=CARTESIAN_POINT('',(13.0000064130851,15.20000223177,0.));
#15407=CARTESIAN_POINT('',(13.5916079385046,13.4999999861476,0.));
#15408=CARTESIAN_POINT('',(13.5258737584977,13.6888888888889,0.));
#15409=CARTESIAN_POINT('',(13.3505825056652,13.5925925925926,0.));
#15410=CARTESIAN_POINT('',(13.,13.4,0.));
#15411=CARTESIAN_POINT('',(12.6494174876236,13.5925925803759,0.));
#15412=CARTESIAN_POINT('',(12.4741262415023,13.6888888888889,0.));
#15413=CARTESIAN_POINT('',(12.40839202169,13.5,0.));
#15414=CARTESIAN_POINT('',(12.9999935869149,15.2000022317701,0.));
#15415=CARTESIAN_POINT('',(11.2964781323854,15.7814100887681,0.));
#15416=CARTESIAN_POINT('',(11.7696776775037,15.6199102729794,0.));
#15417=CARTESIAN_POINT('',(11.7732555375768,16.1198974717328,0.));
#15418=CARTESIAN_POINT('',(11.7760234869359,16.5198878946886,0.));
#15419=CARTESIAN_POINT('',(12.1224475341271,16.7198638420615,0.));
#15420=CARTESIAN_POINT('',(12.1224475341271,16.7198638420615,0.));
#15421=CARTESIAN_POINT('',(11.0267949192431,18.6175898384862,0.));
#15422=CARTESIAN_POINT('',(11.2,18.7175898384862,0.));
#15423=CARTESIAN_POINT('',(-17.2,27.505,0.));
#15424=CARTESIAN_POINT('',(13.,30.2,0.));
#15425=CARTESIAN_POINT('',(13.,32.2,0.));
#15426=CARTESIAN_POINT('',(13.,32.2,0.));
#15427=CARTESIAN_POINT('',(13.5,32.2,0.));
#15428=CARTESIAN_POINT('',(13.5,30.2,0.));
#15429=CARTESIAN_POINT('',(-17.2,27.505,0.));
#15430=CARTESIAN_POINT('',(12.7,27.505,0.));
#15431=CARTESIAN_POINT('',(-14.3999999999996,29.1243955371228,0.));
#15432=CARTESIAN_POINT('',(-17.2,27.5,0.));
#15433=CARTESIAN_POINT('',(-17.2,27.3,0.));
#15434=CARTESIAN_POINT('',(-17.2,27.3,0.));
#15435=CARTESIAN_POINT('',(-15.7,27.3,0.));
#15436=CARTESIAN_POINT('',(-15.7,27.5,0.));
#15437=CARTESIAN_POINT('',(-14.3999999999996,29.1243955371228,0.));
#15438=CARTESIAN_POINT('',(-15.7,21.9,0.));
#15439=CARTESIAN_POINT('',(-15.7,22.1,0.));
#15440=CARTESIAN_POINT('',(-15.7,22.1,0.));
#15441=CARTESIAN_POINT('',(-17.2,22.1,0.));
#15442=CARTESIAN_POINT('',(-17.2,21.9,0.));
#15443=CARTESIAN_POINT('',(-14.3999999999996,29.1243955371228,0.));
#15444=CARTESIAN_POINT('',(17.2,21.9,0.));
#15445=CARTESIAN_POINT('',(17.2,22.1,0.));
#15446=CARTESIAN_POINT('',(17.2,22.1,0.));
#15447=CARTESIAN_POINT('',(15.7,22.1,0.));
#15448=CARTESIAN_POINT('',(15.7,21.9,0.));
#15449=CARTESIAN_POINT('',(-14.3999999999996,29.1243955371228,0.));
#15450=CARTESIAN_POINT('',(15.7,27.5,0.));
#15451=CARTESIAN_POINT('',(15.7,27.3,0.));
#15452=CARTESIAN_POINT('',(15.7,27.3,0.));
#15453=CARTESIAN_POINT('',(17.2,27.3,0.));
#15454=CARTESIAN_POINT('',(17.2,27.5,0.));
#15455=CARTESIAN_POINT('',(-14.3999999999996,29.1243955371228,0.));
#15456=CARTESIAN_POINT('',(13.9293628469864,39.,0.));
#15457=CARTESIAN_POINT('',(-17.2,27.5,-572.));
#15458=CARTESIAN_POINT('',(-17.2,27.3,-572.));
#15459=CARTESIAN_POINT('',(-17.2,27.3,-572.));
#15460=CARTESIAN_POINT('',(-15.7,27.3,-572.));
#15461=CARTESIAN_POINT('',(-15.7,27.5,-572.));
#15462=CARTESIAN_POINT('',(-13.5,30.2,-572.));
#15463=CARTESIAN_POINT('',(-13.5,30.2,-572.));
#15464=CARTESIAN_POINT('',(-13.5,32.2,-572.));
#15465=CARTESIAN_POINT('',(-13.5,32.2,-572.));
#15466=CARTESIAN_POINT('',(-13.5,32.2,-572.));
#15467=CARTESIAN_POINT('',(-13.5,32.2,-572.));
#15468=CARTESIAN_POINT('',(-13.,32.2,-572.));
#15469=CARTESIAN_POINT('',(-13.,32.2,-572.));
#15470=CARTESIAN_POINT('',(-13.,30.2,-572.));
#15471=CARTESIAN_POINT('',(-13.,30.2,-572.));
#15472=CARTESIAN_POINT('',(-11.2000000000001,18.7175898384862,-572.));
#15473=CARTESIAN_POINT('',(-11.2000000000001,18.7175898384862,-572.));
#15474=CARTESIAN_POINT('',(-11.0267949192431,18.6175898384862,-572.));
#15475=CARTESIAN_POINT('',(-11.0267949192431,18.6175898384862,-572.));
#15476=CARTESIAN_POINT('',(-11.0267949192431,18.6175898384862,-572.));
#15477=CARTESIAN_POINT('',(-11.0267949192431,18.6175898384862,-572.));
#15478=CARTESIAN_POINT('',(-12.1224475341271,16.7198638420615,-572.));
#15479=CARTESIAN_POINT('',(-12.1224475341271,16.7198638420615,-572.));
#15480=CARTESIAN_POINT('',(-11.7760234869359,16.5198878946886,-572.));
#15481=CARTESIAN_POINT('',(-11.7760234869359,16.5198878946886,-572.));
#15482=CARTESIAN_POINT('',(-11.7732555375768,16.1198974717328,-572.));
#15483=CARTESIAN_POINT('',(-11.7732555375768,16.1198974717328,-572.));
#15484=CARTESIAN_POINT('',(-11.7696776775037,15.6199102729794,-572.));
#15485=CARTESIAN_POINT('',(-11.7696776775037,15.6199102729794,-572.));
#15486=CARTESIAN_POINT('',(-11.2964781323854,15.7814100887681,-572.));
#15487=CARTESIAN_POINT('',(-11.2964781323854,15.7814100887681,-572.));
#15488=CARTESIAN_POINT('',(-12.9999935869149,15.20000223177,-572.));
#15489=CARTESIAN_POINT('',(-12.9999935869149,15.20000223177,-572.));
#15490=CARTESIAN_POINT('',(-12.4083920614954,13.4999999861476,-572.));
#15491=CARTESIAN_POINT('',(-12.4083920614954,13.4999999861476,-572.));
#15492=CARTESIAN_POINT('',(-12.4741262415023,13.6888888888889,-572.));
#15493=CARTESIAN_POINT('',(-12.4741262415023,13.6888888888889,-572.));
#15494=CARTESIAN_POINT('',(-12.6494174943348,13.5925925925926,-572.));
#15495=CARTESIAN_POINT('',(-12.6494174943348,13.5925925925926,-572.));
#15496=CARTESIAN_POINT('',(-13.,13.4,-572.));
#15497=CARTESIAN_POINT('',(-13.,13.4,-572.));
#15498=CARTESIAN_POINT('',(-13.3505825056652,13.5925925925926,-572.));
#15499=CARTESIAN_POINT('',(-13.3505825056652,13.5925925925926,-572.));
#15500=CARTESIAN_POINT('',(-13.5258737584977,13.6888888888889,-572.));
#15501=CARTESIAN_POINT('',(-13.5258737584977,13.6888888888889,-572.));
#15502=CARTESIAN_POINT('',(-13.59160797831,13.5,-572.));
#15503=CARTESIAN_POINT('',(-13.59160797831,13.5,-572.));
#15504=CARTESIAN_POINT('',(-13.0000064130851,15.2000022317701,-572.));
#15505=CARTESIAN_POINT('',(-13.0000064130851,15.2000022317701,-572.));
#15506=CARTESIAN_POINT('',(-14.7035218676146,15.7814100887681,-572.));
#15507=CARTESIAN_POINT('',(-14.7035218676146,15.7814100887681,-572.));
#15508=CARTESIAN_POINT('',(-14.2303223224963,15.6199102729794,-572.));
#15509=CARTESIAN_POINT('',(-14.2303223224963,15.6199102729794,-572.));
#15510=CARTESIAN_POINT('',(-14.2267444624232,16.1198974717328,-572.));
#15511=CARTESIAN_POINT('',(-14.2267444624232,16.1198974717328,-572.));
#15512=CARTESIAN_POINT('',(-14.2239765123659,16.5198878946837,-572.));
#15513=CARTESIAN_POINT('',(-14.2239765123659,16.5198878946837,-572.));
#15514=CARTESIAN_POINT('',(-13.8775470867041,16.7198545244889,-572.));
#15515=CARTESIAN_POINT('',(-13.8775470867041,16.7198545244889,-572.));
#15516=CARTESIAN_POINT('',(-13.8775470867041,16.7198545244889,-572.));
#15517=CARTESIAN_POINT('',(-13.8775470867041,16.7198545244889,-572.));
#15518=CARTESIAN_POINT('',(-15.4732077708903,19.4837916147456,-572.));
#15519=CARTESIAN_POINT('',(-15.4732077708903,19.4837916147456,-572.));
#15520=CARTESIAN_POINT('',(-15.3,19.5837869551532,-572.));
#15521=CARTESIAN_POINT('',(-15.3,19.5837869551532,-572.));
#15522=CARTESIAN_POINT('',(-15.7,21.9,-572.));
#15523=CARTESIAN_POINT('',(-15.7,22.1,-572.));
#15524=CARTESIAN_POINT('',(-15.7,22.1,-572.));
#15525=CARTESIAN_POINT('',(-17.2,22.1,-572.));
#15526=CARTESIAN_POINT('',(-17.2,21.9,-572.));
#15527=CARTESIAN_POINT('',(-14.3999999999997,13.5829889849162,-572.));
#15528=CARTESIAN_POINT('',(-14.3999999999997,13.5829889849162,-572.));
#15529=CARTESIAN_POINT('',(14.3999999999998,13.5829889849161,-572.));
#15530=CARTESIAN_POINT('',(14.3999999999998,13.5829889849161,-572.));
#15531=CARTESIAN_POINT('',(17.2,21.9,-572.));
#15532=CARTESIAN_POINT('',(17.2,22.1,-572.));
#15533=CARTESIAN_POINT('',(17.2,22.1,-572.));
#15534=CARTESIAN_POINT('',(15.7,22.1,-572.));
#15535=CARTESIAN_POINT('',(15.7,21.9,-572.));
#15536=CARTESIAN_POINT('',(15.2999999999999,19.5837869551532,-572.));
#15537=CARTESIAN_POINT('',(15.2999999999999,19.5837869551532,-572.));
#15538=CARTESIAN_POINT('',(15.4732077708903,19.4837916147456,-572.));
#15539=CARTESIAN_POINT('',(15.4732077708903,19.4837916147456,-572.));
#15540=CARTESIAN_POINT('',(15.4732077708903,19.4837916147456,-572.));
#15541=CARTESIAN_POINT('',(15.4732077708903,19.4837916147456,-572.));
#15542=CARTESIAN_POINT('',(13.8775470867041,16.7198545244889,-572.));
#15543=CARTESIAN_POINT('',(13.8775470867041,16.7198545244889,-572.));
#15544=CARTESIAN_POINT('',(14.2239765123659,16.5198878946837,-572.));
#15545=CARTESIAN_POINT('',(14.2239765123659,16.5198878946837,-572.));
#15546=CARTESIAN_POINT('',(14.2267444624232,16.1198974717328,-572.));
#15547=CARTESIAN_POINT('',(14.2267444624232,16.1198974717328,-572.));
#15548=CARTESIAN_POINT('',(14.2303223224963,15.6199102729794,-572.));
#15549=CARTESIAN_POINT('',(14.2303223224963,15.6199102729794,-572.));
#15550=CARTESIAN_POINT('',(14.7035218676146,15.7814100887681,-572.));
#15551=CARTESIAN_POINT('',(14.7035218676146,15.7814100887681,-572.));
#15552=CARTESIAN_POINT('',(13.0000064130851,15.20000223177,-572.));
#15553=CARTESIAN_POINT('',(13.0000064130851,15.20000223177,-572.));
#15554=CARTESIAN_POINT('',(13.5916079385046,13.4999999861476,-572.));
#15555=CARTESIAN_POINT('',(13.5916079385046,13.4999999861476,-572.));
#15556=CARTESIAN_POINT('',(13.5258737584977,13.6888888888889,-572.));
#15557=CARTESIAN_POINT('',(13.5258737584977,13.6888888888889,-572.));
#15558=CARTESIAN_POINT('',(13.3505825056652,13.5925925925926,-572.));
#15559=CARTESIAN_POINT('',(13.3505825056652,13.5925925925926,-572.));
#15560=CARTESIAN_POINT('',(13.,13.4,-572.));
#15561=CARTESIAN_POINT('',(13.,13.4,-572.));
#15562=CARTESIAN_POINT('',(12.6494174876236,13.5925925803759,-572.));
#15563=CARTESIAN_POINT('',(12.6494174876236,13.5925925803759,-572.));
#15564=CARTESIAN_POINT('',(12.4741262415023,13.6888888888889,-572.));
#15565=CARTESIAN_POINT('',(12.4741262415023,13.6888888888889,-572.));
#15566=CARTESIAN_POINT('',(12.40839202169,13.5,-572.));
#15567=CARTESIAN_POINT('',(12.40839202169,13.5,-572.));
#15568=CARTESIAN_POINT('',(12.9999935869149,15.2000022317701,-572.));
#15569=CARTESIAN_POINT('',(12.9999935869149,15.2000022317701,-572.));
#15570=CARTESIAN_POINT('',(11.2964781323854,15.7814100887681,-572.));
#15571=CARTESIAN_POINT('',(11.2964781323854,15.7814100887681,-572.));
#15572=CARTESIAN_POINT('',(11.7696776775037,15.6199102729794,-572.));
#15573=CARTESIAN_POINT('',(11.7696776775037,15.6199102729794,-572.));
#15574=CARTESIAN_POINT('',(11.7732555375768,16.1198974717328,-572.));
#15575=CARTESIAN_POINT('',(11.7732555375768,16.1198974717328,-572.));
#15576=CARTESIAN_POINT('',(11.7760234869359,16.5198878946886,-572.));
#15577=CARTESIAN_POINT('',(11.7760234869359,16.5198878946886,-572.));
#15578=CARTESIAN_POINT('',(12.1224475341271,16.7198638420615,-572.));
#15579=CARTESIAN_POINT('',(12.1224475341271,16.7198638420615,-572.));
#15580=CARTESIAN_POINT('',(12.1224475341271,16.7198638420615,-572.));
#15581=CARTESIAN_POINT('',(12.1224475341271,16.7198638420615,-572.));
#15582=CARTESIAN_POINT('',(11.0267949192431,18.6175898384862,-572.));
#15583=CARTESIAN_POINT('',(11.0267949192431,18.6175898384862,-572.));
#15584=CARTESIAN_POINT('',(11.2,18.7175898384862,-572.));
#15585=CARTESIAN_POINT('',(11.2,18.7175898384862,-572.));
#15586=CARTESIAN_POINT('',(13.,30.2,-572.));
#15587=CARTESIAN_POINT('',(13.,30.2,-572.));
#15588=CARTESIAN_POINT('',(13.,32.2,-572.));
#15589=CARTESIAN_POINT('',(13.,32.2,-572.));
#15590=CARTESIAN_POINT('',(13.,32.2,-572.));
#15591=CARTESIAN_POINT('',(13.,32.2,-572.));
#15592=CARTESIAN_POINT('',(13.5,32.2,-572.));
#15593=CARTESIAN_POINT('',(13.5,32.2,-572.));
#15594=CARTESIAN_POINT('',(13.5,30.2,-572.));
#15595=CARTESIAN_POINT('',(13.5,30.2,-572.));
#15596=CARTESIAN_POINT('',(15.7,27.5,-572.));
#15597=CARTESIAN_POINT('',(15.7,27.3,-572.));
#15598=CARTESIAN_POINT('',(15.7,27.3,-572.));
#15599=CARTESIAN_POINT('',(17.2,27.3,-572.));
#15600=CARTESIAN_POINT('',(17.2,27.5,-572.));
#15601=CARTESIAN_POINT('',(13.9293628469864,39.,-572.));
#15602=CARTESIAN_POINT('',(-12.8979517704629,39.,-572.));
#15603=CARTESIAN_POINT('',(-12.7,39.0285498961577,-572.));
#15604=CARTESIAN_POINT('',(-13.9293628469864,39.,-572.));
#15605=CARTESIAN_POINT('',(-13.9293628469864,39.,0.));
#15606=CARTESIAN_POINT('',(-13.9293628469864,39.,-572.));
#15607=CARTESIAN_POINT('',(-14.3999999999996,29.1243955371228,-572.));
#15608=CARTESIAN_POINT('',(-13.7346035758633,38.7,-572.));
#15609=CARTESIAN_POINT('',(-14.3999999999996,29.1243955371228,0.));
#15610=CARTESIAN_POINT('',(20.,-1.4210854715202E-14,8.28900000000002));
#15611=CARTESIAN_POINT('',(-13.,15.2,7.38329131266252));
#15612=CARTESIAN_POINT('',(-13.,18.425,7.19112614709256));
#15613=CARTESIAN_POINT('',(13.,15.2,7.38329131266252));
#15614=CARTESIAN_POINT('',(13.,18.425,7.19112614709256));
#15615=CARTESIAN_POINT('',(2.71050543121376E-17,34.8391408375674,6.2130715450027));
#15616=CARTESIAN_POINT('',(0.245500000000001,33.982436330687,6.26411922357919));
#15617=CARTESIAN_POINT('',(-0.245500000000001,33.982436330687,6.26411922357919));
#15618=CARTESIAN_POINT('',(2.33828392913702,-1.28921132236784,8.36581907200544));
#15619=CARTESIAN_POINT('',(-2.12553587262989,1.61504642278262,8.19276568581794));
#15620=CARTESIAN_POINT('',(13.,15.2,4.));
#15621=CARTESIAN_POINT('',(13.,15.2,4.));
#15622=CARTESIAN_POINT('',(9.775,15.2,4.));
#15623=CARTESIAN_POINT('',(13.,18.425,4.));
#15624=CARTESIAN_POINT('',(13.,15.2,4.));
#15625=CARTESIAN_POINT('',(9.95,15.2,4.));
#15626=CARTESIAN_POINT('',(13.,15.2,4.));
#15627=CARTESIAN_POINT('',(13.,15.2,5.59461021411686));
#15628=CARTESIAN_POINT('',(9.95,15.2,5.59461021411686));
#15629=CARTESIAN_POINT('',(13.,15.2,5.59461021411687));
#15630=CARTESIAN_POINT('',(13.,15.2,6.00488576869037));
#15631=CARTESIAN_POINT('',(10.1642134199802,15.2,6.00488576869037));
#15632=CARTESIAN_POINT('',(13.,15.2,6.00488576869037));
#15633=CARTESIAN_POINT('',(13.,15.2,6.5));
#15634=CARTESIAN_POINT('',(10.875,15.2,6.5));
#15635=CARTESIAN_POINT('',(13.,17.325,6.5));
#15636=CARTESIAN_POINT('',(13.,15.2,6.5));
#15637=CARTESIAN_POINT('',(11.27,15.2,6.5));
#15638=CARTESIAN_POINT('',(13.,15.2,4.));
#15639=CARTESIAN_POINT('',(13.,15.2,6.3));
#15640=CARTESIAN_POINT('',(11.27,15.2,6.3));
#15641=CARTESIAN_POINT('',(13.,16.93,6.3));
#15642=CARTESIAN_POINT('',(12.0857537380123,14.0023464124504,6.3));
#15643=CARTESIAN_POINT('',(11.992,14.074,6.3));
#15644=CARTESIAN_POINT('',(11.98,13.95,6.3));
#15645=CARTESIAN_POINT('',(11.8860226608649,14.1654811652191,6.3));
#15646=CARTESIAN_POINT('',(12.026,14.168,6.3));
#15647=CARTESIAN_POINT('',(11.3595556254644,14.1224380021299,6.3));
#15648=CARTESIAN_POINT('',(11.666,14.716,6.3));
#15649=CARTESIAN_POINT('',(11.6116522198438,14.5869793861738,6.3));
#15650=CARTESIAN_POINT('',(11.568,14.72,6.3));
#15651=CARTESIAN_POINT('',(11.5395023808624,14.8345071425872,6.3));
#15652=CARTESIAN_POINT('',(11.4478926147823,14.7601320744611,6.3));
#15653=CARTESIAN_POINT('',(11.9935412854251,15.142000544259,6.3));
#15654=CARTESIAN_POINT('',(11.4074682452695,15.4583459118601,6.3));
#15655=CARTESIAN_POINT('',(11.5056784372546,15.3929336944215,6.3));
#15656=CARTESIAN_POINT('',(11.5208553953387,15.5099536070147,6.3));
#15657=CARTESIAN_POINT('',(11.5470917388187,15.6474732575407,6.3));
#15658=CARTESIAN_POINT('',(11.6192617832945,15.527508743286,6.3));
#15659=CARTESIAN_POINT('',(11.246581748424,16.081885502908,6.3));
#15660=CARTESIAN_POINT('',(11.9138437045683,16.1132778886484,6.3));
#15661=CARTESIAN_POINT('',(11.7749346853049,16.0958341399899,6.3));
#15662=CARTESIAN_POINT('',(11.8683078061835,16.2001483782193,6.3));
#15663=CARTESIAN_POINT('',(11.9531934364914,16.2821144063482,6.3));
#15664=CARTESIAN_POINT('',(11.842742545408,16.3236427178823,6.3));
#15665=CARTESIAN_POINT('',(12.4465486665583,16.0426192881448,6.3));
#15666=CARTESIAN_POINT('',(12.4274682452695,16.7083459118601,6.3));
#15667=CARTESIAN_POINT('',(12.4199246992424,16.5905872819711,6.3));
#15668=CARTESIAN_POINT('',(12.5288553953387,16.6359536070147,6.3));
#15669=CARTESIAN_POINT('',(12.6610690779538,16.6819920923217,6.3));
#15670=CARTESIAN_POINT('',(12.5932617832945,16.559508743286,6.3));
#15671=CARTESIAN_POINT('',(12.8870261229596,17.1594475007781,6.3));
#15672=CARTESIAN_POINT('',(13.2478437045683,16.5972778886484,6.3));
#15673=CARTESIAN_POINT('',(13.163282465461,16.7088547538161,6.3));
#15674=CARTESIAN_POINT('',(13.3003078061835,16.6801483782193,6.3));
#15675=CARTESIAN_POINT('',(13.4137352839443,16.6476182800208,6.3));
#15676=CARTESIAN_POINT('',(13.3944744111674,16.7640357133367,6.3));
#15677=CARTESIAN_POINT('',(13.4530040425313,16.1006125585913,6.3));
#15678=CARTESIAN_POINT('',(14.02,16.45,6.3));
#15679=CARTESIAN_POINT('',(13.9142462619877,16.3976535875496,6.3));
#15680=CARTESIAN_POINT('',(14.008,16.326,6.3));
#15681=CARTESIAN_POINT('',(14.1139773391351,16.2345188347809,6.3));
#15682=CARTESIAN_POINT('',(13.974,16.232,6.3));
#15683=CARTESIAN_POINT('',(14.6404443745356,16.2775619978701,6.3));
#15684=CARTESIAN_POINT('',(14.334,15.684,6.3));
#15685=CARTESIAN_POINT('',(14.3883477801562,15.8130206138262,6.3));
#15686=CARTESIAN_POINT('',(14.432,15.68,6.3));
#15687=CARTESIAN_POINT('',(14.4604976191376,15.5654928574128,6.3));
#15688=CARTESIAN_POINT('',(14.5521073852177,15.6398679255388,6.3));
#15689=CARTESIAN_POINT('',(14.0064587145749,15.257999455741,6.3));
#15690=CARTESIAN_POINT('',(14.5925317547306,14.9416540881399,6.3));
#15691=CARTESIAN_POINT('',(14.4943215627454,15.0070663055785,6.3));
#15692=CARTESIAN_POINT('',(14.4791446046613,14.8900463929853,6.3));
#15693=CARTESIAN_POINT('',(14.4529082611813,14.7525267424593,6.3));
#15694=CARTESIAN_POINT('',(14.3807382167055,14.8724912567139,6.3));
#15695=CARTESIAN_POINT('',(14.753418251576,14.318114497092,6.3));
#15696=CARTESIAN_POINT('',(14.0861562954317,14.2867221113516,6.3));
#15697=CARTESIAN_POINT('',(14.2250653146951,14.3041658600101,6.3));
#15698=CARTESIAN_POINT('',(14.1316921938165,14.1998516217807,6.3));
#15699=CARTESIAN_POINT('',(14.0468065635086,14.1178855936518,6.3));
#15700=CARTESIAN_POINT('',(14.157257454592,14.0763572821177,6.3));
#15701=CARTESIAN_POINT('',(13.5534513334417,14.3573807118552,6.3));
#15702=CARTESIAN_POINT('',(13.5725317547306,13.6916540881399,6.3));
#15703=CARTESIAN_POINT('',(13.5800753007576,13.8094127180289,6.3));
#15704=CARTESIAN_POINT('',(13.4711446046613,13.7640463929853,6.3));
#15705=CARTESIAN_POINT('',(13.3389309220462,13.7180079076783,6.3));
#15706=CARTESIAN_POINT('',(13.4067382167055,13.840491256714,6.3));
#15707=CARTESIAN_POINT('',(13.1129738770404,13.2405524992219,6.3));
#15708=CARTESIAN_POINT('',(12.7521562954317,13.8027221113516,6.3));
#15709=CARTESIAN_POINT('',(12.836717534539,13.6911452461839,6.3));
#15710=CARTESIAN_POINT('',(12.6996921938165,13.7198516217807,6.3));
#15711=CARTESIAN_POINT('',(12.5862647160557,13.7523817199792,6.3));
#15712=CARTESIAN_POINT('',(12.6055255888326,13.6359642866633,6.3));
#15713=CARTESIAN_POINT('',(12.5469959574687,14.2993874414087,6.3));
#15714=CARTESIAN_POINT('',(12.0857537380123,14.0023464124504,5.01));
#15715=CARTESIAN_POINT('',(11.98,13.95,5.01));
#15716=CARTESIAN_POINT('',(11.98,13.95,5.01));
#15717=CARTESIAN_POINT('',(12.0857537380123,14.0023464124504,5.01));
#15718=CARTESIAN_POINT('',(11.992,14.074,5.01));
#15719=CARTESIAN_POINT('',(11.992,14.074,5.01));
#15720=CARTESIAN_POINT('',(12.5469959574687,14.2993874414087,5.01));
#15721=CARTESIAN_POINT('',(12.6055255888326,13.6359642866633,5.01));
#15722=CARTESIAN_POINT('',(12.6055255888326,13.6359642866633,5.01));
#15723=CARTESIAN_POINT('',(12.5469959574687,14.2993874414087,5.01));
#15724=CARTESIAN_POINT('',(12.5862647160557,13.7523817199792,5.01));
#15725=CARTESIAN_POINT('',(12.6996921938165,13.7198516217807,5.01));
#15726=CARTESIAN_POINT('',(12.6996921938165,13.7198516217807,5.01));
#15727=CARTESIAN_POINT('',(12.5862647160557,13.7523817199792,5.01));
#15728=CARTESIAN_POINT('',(12.836717534539,13.6911452461839,5.01));
#15729=CARTESIAN_POINT('',(12.7521562954317,13.8027221113516,5.01));
#15730=CARTESIAN_POINT('',(12.7521562954317,13.8027221113516,5.01));
#15731=CARTESIAN_POINT('',(12.836717534539,13.6911452461839,5.01));
#15732=CARTESIAN_POINT('',(13.1129738770404,13.2405524992219,5.01));
#15733=CARTESIAN_POINT('',(13.4067382167055,13.840491256714,5.01));
#15734=CARTESIAN_POINT('',(13.4067382167055,13.840491256714,5.01));
#15735=CARTESIAN_POINT('',(13.1129738770404,13.2405524992219,5.01));
#15736=CARTESIAN_POINT('',(13.3389309220462,13.7180079076783,5.01));
#15737=CARTESIAN_POINT('',(13.4711446046613,13.7640463929853,5.01));
#15738=CARTESIAN_POINT('',(13.4711446046613,13.7640463929853,5.01));
#15739=CARTESIAN_POINT('',(13.3389309220462,13.7180079076783,5.01));
#15740=CARTESIAN_POINT('',(13.5800753007576,13.8094127180289,5.01));
#15741=CARTESIAN_POINT('',(13.5725317547306,13.6916540881399,5.01));
#15742=CARTESIAN_POINT('',(13.5725317547306,13.6916540881399,5.01));
#15743=CARTESIAN_POINT('',(13.5800753007576,13.8094127180289,5.01));
#15744=CARTESIAN_POINT('',(13.5534513334417,14.3573807118552,5.01));
#15745=CARTESIAN_POINT('',(14.157257454592,14.0763572821177,5.01));
#15746=CARTESIAN_POINT('',(14.157257454592,14.0763572821177,5.01));
#15747=CARTESIAN_POINT('',(13.5534513334417,14.3573807118552,5.01));
#15748=CARTESIAN_POINT('',(14.0468065635086,14.1178855936518,5.01));
#15749=CARTESIAN_POINT('',(14.1316921938165,14.1998516217807,5.01));
#15750=CARTESIAN_POINT('',(14.1316921938165,14.1998516217807,5.01));
#15751=CARTESIAN_POINT('',(14.0468065635086,14.1178855936518,5.01));
#15752=CARTESIAN_POINT('',(14.2250653146951,14.3041658600101,5.01));
#15753=CARTESIAN_POINT('',(14.0861562954317,14.2867221113516,5.01));
#15754=CARTESIAN_POINT('',(14.0861562954317,14.2867221113516,5.01));
#15755=CARTESIAN_POINT('',(14.2250653146951,14.3041658600101,5.01));
#15756=CARTESIAN_POINT('',(14.753418251576,14.318114497092,5.01));
#15757=CARTESIAN_POINT('',(14.3807382167055,14.8724912567139,5.01));
#15758=CARTESIAN_POINT('',(14.3807382167055,14.8724912567139,5.01));
#15759=CARTESIAN_POINT('',(14.753418251576,14.318114497092,5.01));
#15760=CARTESIAN_POINT('',(14.4529082611813,14.7525267424593,5.01));
#15761=CARTESIAN_POINT('',(14.4791446046613,14.8900463929853,5.01));
#15762=CARTESIAN_POINT('',(14.4791446046613,14.8900463929853,5.01));
#15763=CARTESIAN_POINT('',(14.4529082611813,14.7525267424593,5.01));
#15764=CARTESIAN_POINT('',(14.4943215627454,15.0070663055785,5.01));
#15765=CARTESIAN_POINT('',(14.5925317547306,14.9416540881399,5.01));
#15766=CARTESIAN_POINT('',(14.5925317547306,14.9416540881399,5.01));
#15767=CARTESIAN_POINT('',(14.4943215627454,15.0070663055785,5.01));
#15768=CARTESIAN_POINT('',(14.0064587145749,15.257999455741,5.01));
#15769=CARTESIAN_POINT('',(14.5521073852177,15.6398679255388,5.01));
#15770=CARTESIAN_POINT('',(14.5521073852177,15.6398679255388,5.01));
#15771=CARTESIAN_POINT('',(14.0064587145749,15.257999455741,5.01));
#15772=CARTESIAN_POINT('',(14.4604976191376,15.5654928574128,5.01));
#15773=CARTESIAN_POINT('',(14.432,15.68,5.01));
#15774=CARTESIAN_POINT('',(14.432,15.68,5.01));
#15775=CARTESIAN_POINT('',(14.4604976191376,15.5654928574128,5.01));
#15776=CARTESIAN_POINT('',(14.3883477801562,15.8130206138262,5.01));
#15777=CARTESIAN_POINT('',(14.334,15.684,5.01));
#15778=CARTESIAN_POINT('',(14.334,15.684,5.01));
#15779=CARTESIAN_POINT('',(14.3883477801562,15.8130206138262,5.01));
#15780=CARTESIAN_POINT('',(14.6404443745356,16.2775619978701,5.01));
#15781=CARTESIAN_POINT('',(13.974,16.232,5.01));
#15782=CARTESIAN_POINT('',(13.974,16.232,5.01));
#15783=CARTESIAN_POINT('',(14.6404443745356,16.2775619978701,5.01));
#15784=CARTESIAN_POINT('',(14.1139773391351,16.2345188347809,5.01));
#15785=CARTESIAN_POINT('',(14.008,16.326,5.01));
#15786=CARTESIAN_POINT('',(14.008,16.326,5.01));
#15787=CARTESIAN_POINT('',(14.1139773391351,16.2345188347809,5.01));
#15788=CARTESIAN_POINT('',(13.9142462619877,16.3976535875496,5.01));
#15789=CARTESIAN_POINT('',(14.02,16.45,5.01));
#15790=CARTESIAN_POINT('',(14.02,16.45,5.01));
#15791=CARTESIAN_POINT('',(13.9142462619877,16.3976535875496,5.01));
#15792=CARTESIAN_POINT('',(13.4530040425313,16.1006125585913,5.01));
#15793=CARTESIAN_POINT('',(13.3944744111674,16.7640357133367,5.01));
#15794=CARTESIAN_POINT('',(13.3944744111674,16.7640357133367,5.01));
#15795=CARTESIAN_POINT('',(13.4530040425313,16.1006125585913,5.01));
#15796=CARTESIAN_POINT('',(13.4137352839443,16.6476182800208,5.01));
#15797=CARTESIAN_POINT('',(13.3003078061835,16.6801483782193,5.01));
#15798=CARTESIAN_POINT('',(13.3003078061835,16.6801483782193,5.01));
#15799=CARTESIAN_POINT('',(13.4137352839443,16.6476182800208,5.01));
#15800=CARTESIAN_POINT('',(13.163282465461,16.7088547538161,5.01));
#15801=CARTESIAN_POINT('',(13.2478437045683,16.5972778886484,5.01));
#15802=CARTESIAN_POINT('',(13.2478437045683,16.5972778886484,5.01));
#15803=CARTESIAN_POINT('',(13.163282465461,16.7088547538161,5.01));
#15804=CARTESIAN_POINT('',(12.8870261229596,17.1594475007781,5.01));
#15805=CARTESIAN_POINT('',(12.5932617832945,16.559508743286,5.01));
#15806=CARTESIAN_POINT('',(12.5932617832945,16.559508743286,5.01));
#15807=CARTESIAN_POINT('',(12.8870261229596,17.1594475007781,5.01));
#15808=CARTESIAN_POINT('',(12.6610690779538,16.6819920923217,5.01));
#15809=CARTESIAN_POINT('',(12.5288553953387,16.6359536070147,5.01));
#15810=CARTESIAN_POINT('',(12.5288553953387,16.6359536070147,5.01));
#15811=CARTESIAN_POINT('',(12.6610690779538,16.6819920923217,5.01));
#15812=CARTESIAN_POINT('',(12.4199246992424,16.5905872819711,5.01));
#15813=CARTESIAN_POINT('',(12.4274682452695,16.7083459118601,5.01));
#15814=CARTESIAN_POINT('',(12.4274682452695,16.7083459118601,5.01));
#15815=CARTESIAN_POINT('',(12.4199246992424,16.5905872819711,5.01));
#15816=CARTESIAN_POINT('',(12.4465486665583,16.0426192881448,5.01));
#15817=CARTESIAN_POINT('',(11.842742545408,16.3236427178823,5.01));
#15818=CARTESIAN_POINT('',(11.842742545408,16.3236427178823,5.01));
#15819=CARTESIAN_POINT('',(12.4465486665583,16.0426192881448,5.01));
#15820=CARTESIAN_POINT('',(11.9531934364914,16.2821144063482,5.01));
#15821=CARTESIAN_POINT('',(11.8683078061835,16.2001483782193,5.01));
#15822=CARTESIAN_POINT('',(11.8683078061835,16.2001483782193,5.01));
#15823=CARTESIAN_POINT('',(11.9531934364914,16.2821144063482,5.01));
#15824=CARTESIAN_POINT('',(11.7749346853049,16.0958341399899,5.01));
#15825=CARTESIAN_POINT('',(11.9138437045683,16.1132778886484,5.01));
#15826=CARTESIAN_POINT('',(11.9138437045683,16.1132778886484,5.01));
#15827=CARTESIAN_POINT('',(11.7749346853049,16.0958341399899,5.01));
#15828=CARTESIAN_POINT('',(11.246581748424,16.081885502908,5.01));
#15829=CARTESIAN_POINT('',(11.6192617832945,15.527508743286,5.01));
#15830=CARTESIAN_POINT('',(11.6192617832945,15.527508743286,5.01));
#15831=CARTESIAN_POINT('',(11.246581748424,16.081885502908,5.01));
#15832=CARTESIAN_POINT('',(11.5470917388187,15.6474732575407,5.01));
#15833=CARTESIAN_POINT('',(11.5208553953387,15.5099536070147,5.01));
#15834=CARTESIAN_POINT('',(11.5208553953387,15.5099536070147,5.01));
#15835=CARTESIAN_POINT('',(11.5470917388187,15.6474732575407,5.01));
#15836=CARTESIAN_POINT('',(11.5056784372546,15.3929336944215,5.01));
#15837=CARTESIAN_POINT('',(11.4074682452695,15.4583459118601,5.01));
#15838=CARTESIAN_POINT('',(11.4074682452695,15.4583459118601,5.01));
#15839=CARTESIAN_POINT('',(11.5056784372546,15.3929336944215,5.01));
#15840=CARTESIAN_POINT('',(11.9935412854251,15.142000544259,5.01));
#15841=CARTESIAN_POINT('',(11.4478926147823,14.7601320744611,5.01));
#15842=CARTESIAN_POINT('',(11.4478926147823,14.7601320744611,5.01));
#15843=CARTESIAN_POINT('',(11.9935412854251,15.142000544259,5.01));
#15844=CARTESIAN_POINT('',(11.5395023808624,14.8345071425872,5.01));
#15845=CARTESIAN_POINT('',(11.568,14.72,5.01));
#15846=CARTESIAN_POINT('',(11.568,14.72,5.01));
#15847=CARTESIAN_POINT('',(11.5395023808624,14.8345071425872,5.01));
#15848=CARTESIAN_POINT('',(11.6116522198438,14.5869793861738,5.01));
#15849=CARTESIAN_POINT('',(11.666,14.716,5.01));
#15850=CARTESIAN_POINT('',(11.666,14.716,5.01));
#15851=CARTESIAN_POINT('',(11.6116522198438,14.5869793861738,5.01));
#15852=CARTESIAN_POINT('',(11.3595556254644,14.1224380021299,5.01));
#15853=CARTESIAN_POINT('',(12.026,14.168,5.01));
#15854=CARTESIAN_POINT('',(12.026,14.168,5.01));
#15855=CARTESIAN_POINT('',(11.3595556254644,14.1224380021299,5.01));
#15856=CARTESIAN_POINT('',(11.8860226608649,14.1654811652191,5.01));
#15857=CARTESIAN_POINT('',(11.8860226608649,14.1654811652191,5.01));
#15858=CARTESIAN_POINT('',(12.3163748477405,14.1508669269296,5.01));
#15859=CARTESIAN_POINT('',(-13.,15.2,4.));
#15860=CARTESIAN_POINT('',(-13.,15.2,4.));
#15861=CARTESIAN_POINT('',(-16.225,15.2,4.));
#15862=CARTESIAN_POINT('',(-13.,18.425,4.));
#15863=CARTESIAN_POINT('',(-13.,15.2,4.));
#15864=CARTESIAN_POINT('',(-16.05,15.2,4.));
#15865=CARTESIAN_POINT('',(-13.,15.2,4.));
#15866=CARTESIAN_POINT('',(-13.,15.2,5.59461021411686));
#15867=CARTESIAN_POINT('',(-16.05,15.2,5.59461021411686));
#15868=CARTESIAN_POINT('',(-13.,15.2,5.59461021411687));
#15869=CARTESIAN_POINT('',(-13.,15.2,6.00488576869037));
#15870=CARTESIAN_POINT('',(-15.8357865800198,15.2,6.00488576869037));
#15871=CARTESIAN_POINT('',(-13.,15.2,6.00488576869037));
#15872=CARTESIAN_POINT('',(-13.,15.2,6.5));
#15873=CARTESIAN_POINT('',(-15.125,15.2,6.5));
#15874=CARTESIAN_POINT('',(-13.,17.325,6.5));
#15875=CARTESIAN_POINT('',(-13.,15.2,6.5));
#15876=CARTESIAN_POINT('',(-14.73,15.2,6.5));
#15877=CARTESIAN_POINT('',(-13.,15.2,4.));
#15878=CARTESIAN_POINT('',(-13.,15.2,6.3));
#15879=CARTESIAN_POINT('',(-14.73,15.2,6.3));
#15880=CARTESIAN_POINT('',(-13.,16.93,6.3));
#15881=CARTESIAN_POINT('',(-13.9142462619877,14.0023464124504,6.3));
#15882=CARTESIAN_POINT('',(-14.008,14.074,6.3));
#15883=CARTESIAN_POINT('',(-14.02,13.95,6.3));
#15884=CARTESIAN_POINT('',(-14.1139773391351,14.1654811652191,6.3));
#15885=CARTESIAN_POINT('',(-13.974,14.168,6.3));
#15886=CARTESIAN_POINT('',(-14.6404443745356,14.1224380021299,6.3));
#15887=CARTESIAN_POINT('',(-14.334,14.716,6.3));
#15888=CARTESIAN_POINT('',(-14.3883477801562,14.5869793861738,6.3));
#15889=CARTESIAN_POINT('',(-14.432,14.72,6.3));
#15890=CARTESIAN_POINT('',(-14.4604976191376,14.8345071425872,6.3));
#15891=CARTESIAN_POINT('',(-14.5521073852177,14.7601320744611,6.3));
#15892=CARTESIAN_POINT('',(-14.0064587145749,15.142000544259,6.3));
#15893=CARTESIAN_POINT('',(-14.5925317547306,15.4583459118601,6.3));
#15894=CARTESIAN_POINT('',(-14.4943215627454,15.3929336944215,6.3));
#15895=CARTESIAN_POINT('',(-14.4791446046613,15.5099536070147,6.3));
#15896=CARTESIAN_POINT('',(-14.4529082611813,15.6474732575407,6.3));
#15897=CARTESIAN_POINT('',(-14.3807382167055,15.527508743286,6.3));
#15898=CARTESIAN_POINT('',(-14.753418251576,16.081885502908,6.3));
#15899=CARTESIAN_POINT('',(-14.0861562954317,16.1132778886484,6.3));
#15900=CARTESIAN_POINT('',(-14.2250653146951,16.0958341399899,6.3));
#15901=CARTESIAN_POINT('',(-14.1316921938165,16.2001483782193,6.3));
#15902=CARTESIAN_POINT('',(-14.0468065635086,16.2821144063482,6.3));
#15903=CARTESIAN_POINT('',(-14.157257454592,16.3236427178823,6.3));
#15904=CARTESIAN_POINT('',(-13.5534513334417,16.0426192881448,6.3));
#15905=CARTESIAN_POINT('',(-13.5725317547306,16.7083459118601,6.3));
#15906=CARTESIAN_POINT('',(-13.5800753007576,16.5905872819711,6.3));
#15907=CARTESIAN_POINT('',(-13.4711446046613,16.6359536070147,6.3));
#15908=CARTESIAN_POINT('',(-13.3389309220462,16.6819920923217,6.3));
#15909=CARTESIAN_POINT('',(-13.4067382167055,16.559508743286,6.3));
#15910=CARTESIAN_POINT('',(-13.1129738770404,17.1594475007781,6.3));
#15911=CARTESIAN_POINT('',(-12.7521562954317,16.5972778886484,6.3));
#15912=CARTESIAN_POINT('',(-12.836717534539,16.7088547538161,6.3));
#15913=CARTESIAN_POINT('',(-12.6996921938165,16.6801483782193,6.3));
#15914=CARTESIAN_POINT('',(-12.5862647160557,16.6476182800208,6.3));
#15915=CARTESIAN_POINT('',(-12.6055255888326,16.7640357133367,6.3));
#15916=CARTESIAN_POINT('',(-12.5469959574687,16.1006125585913,6.3));
#15917=CARTESIAN_POINT('',(-11.98,16.45,6.3));
#15918=CARTESIAN_POINT('',(-12.0857537380123,16.3976535875496,6.3));
#15919=CARTESIAN_POINT('',(-11.992,16.326,6.3));
#15920=CARTESIAN_POINT('',(-11.8860226608649,16.2345188347809,6.3));
#15921=CARTESIAN_POINT('',(-12.026,16.232,6.3));
#15922=CARTESIAN_POINT('',(-11.3595556254644,16.2775619978701,6.3));
#15923=CARTESIAN_POINT('',(-11.666,15.684,6.3));
#15924=CARTESIAN_POINT('',(-11.6116522198438,15.8130206138262,6.3));
#15925=CARTESIAN_POINT('',(-11.568,15.68,6.3));
#15926=CARTESIAN_POINT('',(-11.5395023808624,15.5654928574128,6.3));
#15927=CARTESIAN_POINT('',(-11.4478926147823,15.6398679255388,6.3));
#15928=CARTESIAN_POINT('',(-11.9935412854251,15.257999455741,6.3));
#15929=CARTESIAN_POINT('',(-11.4074682452695,14.9416540881399,6.3));
#15930=CARTESIAN_POINT('',(-11.5056784372546,15.0070663055785,6.3));
#15931=CARTESIAN_POINT('',(-11.5208553953387,14.8900463929853,6.3));
#15932=CARTESIAN_POINT('',(-11.5470917388187,14.7525267424593,6.3));
#15933=CARTESIAN_POINT('',(-11.6192617832945,14.8724912567139,6.3));
#15934=CARTESIAN_POINT('',(-11.246581748424,14.318114497092,6.3));
#15935=CARTESIAN_POINT('',(-11.9138437045683,14.2867221113516,6.3));
#15936=CARTESIAN_POINT('',(-11.7749346853049,14.3041658600101,6.3));
#15937=CARTESIAN_POINT('',(-11.8683078061835,14.1998516217807,6.3));
#15938=CARTESIAN_POINT('',(-11.9531934364914,14.1178855936518,6.3));
#15939=CARTESIAN_POINT('',(-11.842742545408,14.0763572821177,6.3));
#15940=CARTESIAN_POINT('',(-12.4465486665583,14.3573807118552,6.3));
#15941=CARTESIAN_POINT('',(-12.4274682452695,13.6916540881399,6.3));
#15942=CARTESIAN_POINT('',(-12.4199246992424,13.8094127180289,6.3));
#15943=CARTESIAN_POINT('',(-12.5288553953387,13.7640463929853,6.3));
#15944=CARTESIAN_POINT('',(-12.6610690779538,13.7180079076783,6.3));
#15945=CARTESIAN_POINT('',(-12.5932617832945,13.840491256714,6.3));
#15946=CARTESIAN_POINT('',(-12.8870261229596,13.2405524992219,6.3));
#15947=CARTESIAN_POINT('',(-13.2478437045683,13.8027221113516,6.3));
#15948=CARTESIAN_POINT('',(-13.163282465461,13.6911452461839,6.3));
#15949=CARTESIAN_POINT('',(-13.3003078061835,13.7198516217807,6.3));
#15950=CARTESIAN_POINT('',(-13.4137352839443,13.7523817199792,6.3));
#15951=CARTESIAN_POINT('',(-13.3944744111674,13.6359642866633,6.3));
#15952=CARTESIAN_POINT('',(-13.4530040425313,14.2993874414087,6.3));
#15953=CARTESIAN_POINT('',(-13.9142462619877,14.0023464124504,5.01));
#15954=CARTESIAN_POINT('',(-14.02,13.95,5.01));
#15955=CARTESIAN_POINT('',(-14.02,13.95,5.01));
#15956=CARTESIAN_POINT('',(-13.9142462619877,14.0023464124504,5.01));
#15957=CARTESIAN_POINT('',(-14.008,14.074,5.01));
#15958=CARTESIAN_POINT('',(-14.008,14.074,5.01));
#15959=CARTESIAN_POINT('',(-13.4530040425313,14.2993874414087,5.01));
#15960=CARTESIAN_POINT('',(-13.3944744111674,13.6359642866633,5.01));
#15961=CARTESIAN_POINT('',(-13.3944744111674,13.6359642866633,5.01));
#15962=CARTESIAN_POINT('',(-13.4530040425313,14.2993874414087,5.01));
#15963=CARTESIAN_POINT('',(-13.4137352839443,13.7523817199792,5.01));
#15964=CARTESIAN_POINT('',(-13.3003078061835,13.7198516217807,5.01));
#15965=CARTESIAN_POINT('',(-13.3003078061835,13.7198516217807,5.01));
#15966=CARTESIAN_POINT('',(-13.4137352839443,13.7523817199792,5.01));
#15967=CARTESIAN_POINT('',(-13.163282465461,13.6911452461839,5.01));
#15968=CARTESIAN_POINT('',(-13.2478437045683,13.8027221113516,5.01));
#15969=CARTESIAN_POINT('',(-13.2478437045683,13.8027221113516,5.01));
#15970=CARTESIAN_POINT('',(-13.163282465461,13.6911452461839,5.01));
#15971=CARTESIAN_POINT('',(-12.8870261229596,13.2405524992219,5.01));
#15972=CARTESIAN_POINT('',(-12.5932617832945,13.840491256714,5.01));
#15973=CARTESIAN_POINT('',(-12.5932617832945,13.840491256714,5.01));
#15974=CARTESIAN_POINT('',(-12.8870261229596,13.2405524992219,5.01));
#15975=CARTESIAN_POINT('',(-12.6610690779538,13.7180079076783,5.01));
#15976=CARTESIAN_POINT('',(-12.5288553953387,13.7640463929853,5.01));
#15977=CARTESIAN_POINT('',(-12.5288553953387,13.7640463929853,5.01));
#15978=CARTESIAN_POINT('',(-12.6610690779538,13.7180079076783,5.01));
#15979=CARTESIAN_POINT('',(-12.4199246992424,13.8094127180289,5.01));
#15980=CARTESIAN_POINT('',(-12.4274682452695,13.6916540881399,5.01));
#15981=CARTESIAN_POINT('',(-12.4274682452695,13.6916540881399,5.01));
#15982=CARTESIAN_POINT('',(-12.4199246992424,13.8094127180289,5.01));
#15983=CARTESIAN_POINT('',(-12.4465486665583,14.3573807118552,5.01));
#15984=CARTESIAN_POINT('',(-11.842742545408,14.0763572821177,5.01));
#15985=CARTESIAN_POINT('',(-11.842742545408,14.0763572821177,5.01));
#15986=CARTESIAN_POINT('',(-12.4465486665583,14.3573807118552,5.01));
#15987=CARTESIAN_POINT('',(-11.9531934364914,14.1178855936518,5.01));
#15988=CARTESIAN_POINT('',(-11.8683078061835,14.1998516217807,5.01));
#15989=CARTESIAN_POINT('',(-11.8683078061835,14.1998516217807,5.01));
#15990=CARTESIAN_POINT('',(-11.9531934364914,14.1178855936518,5.01));
#15991=CARTESIAN_POINT('',(-11.7749346853049,14.3041658600101,5.01));
#15992=CARTESIAN_POINT('',(-11.9138437045683,14.2867221113516,5.01));
#15993=CARTESIAN_POINT('',(-11.9138437045683,14.2867221113516,5.01));
#15994=CARTESIAN_POINT('',(-11.7749346853049,14.3041658600101,5.01));
#15995=CARTESIAN_POINT('',(-11.246581748424,14.318114497092,5.01));
#15996=CARTESIAN_POINT('',(-11.6192617832945,14.8724912567139,5.01));
#15997=CARTESIAN_POINT('',(-11.6192617832945,14.8724912567139,5.01));
#15998=CARTESIAN_POINT('',(-11.246581748424,14.318114497092,5.01));
#15999=CARTESIAN_POINT('',(-11.5470917388187,14.7525267424593,5.01));
#16000=CARTESIAN_POINT('',(-11.5208553953387,14.8900463929853,5.01));
#16001=CARTESIAN_POINT('',(-11.5208553953387,14.8900463929853,5.01));
#16002=CARTESIAN_POINT('',(-11.5470917388187,14.7525267424593,5.01));
#16003=CARTESIAN_POINT('',(-11.5056784372546,15.0070663055785,5.01));
#16004=CARTESIAN_POINT('',(-11.4074682452695,14.9416540881399,5.01));
#16005=CARTESIAN_POINT('',(-11.4074682452695,14.9416540881399,5.01));
#16006=CARTESIAN_POINT('',(-11.5056784372546,15.0070663055785,5.01));
#16007=CARTESIAN_POINT('',(-11.9935412854251,15.257999455741,5.01));
#16008=CARTESIAN_POINT('',(-11.4478926147823,15.6398679255388,5.01));
#16009=CARTESIAN_POINT('',(-11.4478926147823,15.6398679255388,5.01));
#16010=CARTESIAN_POINT('',(-11.9935412854251,15.257999455741,5.01));
#16011=CARTESIAN_POINT('',(-11.5395023808624,15.5654928574128,5.01));
#16012=CARTESIAN_POINT('',(-11.568,15.68,5.01));
#16013=CARTESIAN_POINT('',(-11.568,15.68,5.01));
#16014=CARTESIAN_POINT('',(-11.5395023808624,15.5654928574128,5.01));
#16015=CARTESIAN_POINT('',(-11.6116522198438,15.8130206138262,5.01));
#16016=CARTESIAN_POINT('',(-11.666,15.684,5.01));
#16017=CARTESIAN_POINT('',(-11.666,15.684,5.01));
#16018=CARTESIAN_POINT('',(-11.6116522198438,15.8130206138262,5.01));
#16019=CARTESIAN_POINT('',(-11.3595556254644,16.2775619978701,5.01));
#16020=CARTESIAN_POINT('',(-12.026,16.232,5.01));
#16021=CARTESIAN_POINT('',(-12.026,16.232,5.01));
#16022=CARTESIAN_POINT('',(-11.3595556254644,16.2775619978701,5.01));
#16023=CARTESIAN_POINT('',(-11.8860226608649,16.2345188347809,5.01));
#16024=CARTESIAN_POINT('',(-11.992,16.326,5.01));
#16025=CARTESIAN_POINT('',(-11.992,16.326,5.01));
#16026=CARTESIAN_POINT('',(-11.8860226608649,16.2345188347809,5.01));
#16027=CARTESIAN_POINT('',(-12.0857537380123,16.3976535875496,5.01));
#16028=CARTESIAN_POINT('',(-11.98,16.45,5.01));
#16029=CARTESIAN_POINT('',(-11.98,16.45,5.01));
#16030=CARTESIAN_POINT('',(-12.0857537380123,16.3976535875496,5.01));
#16031=CARTESIAN_POINT('',(-12.5469959574687,16.1006125585913,5.01));
#16032=CARTESIAN_POINT('',(-12.6055255888326,16.7640357133367,5.01));
#16033=CARTESIAN_POINT('',(-12.6055255888326,16.7640357133367,5.01));
#16034=CARTESIAN_POINT('',(-12.5469959574687,16.1006125585913,5.01));
#16035=CARTESIAN_POINT('',(-12.5862647160557,16.6476182800208,5.01));
#16036=CARTESIAN_POINT('',(-12.6996921938165,16.6801483782193,5.01));
#16037=CARTESIAN_POINT('',(-12.6996921938165,16.6801483782193,5.01));
#16038=CARTESIAN_POINT('',(-12.5862647160557,16.6476182800208,5.01));
#16039=CARTESIAN_POINT('',(-12.836717534539,16.7088547538161,5.01));
#16040=CARTESIAN_POINT('',(-12.7521562954317,16.5972778886484,5.01));
#16041=CARTESIAN_POINT('',(-12.7521562954317,16.5972778886484,5.01));
#16042=CARTESIAN_POINT('',(-12.836717534539,16.7088547538161,5.01));
#16043=CARTESIAN_POINT('',(-13.1129738770404,17.1594475007781,5.01));
#16044=CARTESIAN_POINT('',(-13.4067382167055,16.559508743286,5.01));
#16045=CARTESIAN_POINT('',(-13.4067382167055,16.559508743286,5.01));
#16046=CARTESIAN_POINT('',(-13.1129738770404,17.1594475007781,5.01));
#16047=CARTESIAN_POINT('',(-13.3389309220462,16.6819920923217,5.01));
#16048=CARTESIAN_POINT('',(-13.4711446046613,16.6359536070147,5.01));
#16049=CARTESIAN_POINT('',(-13.4711446046613,16.6359536070147,5.01));
#16050=CARTESIAN_POINT('',(-13.3389309220462,16.6819920923217,5.01));
#16051=CARTESIAN_POINT('',(-13.5800753007576,16.5905872819711,5.01));
#16052=CARTESIAN_POINT('',(-13.5725317547306,16.7083459118601,5.01));
#16053=CARTESIAN_POINT('',(-13.5725317547306,16.7083459118601,5.01));
#16054=CARTESIAN_POINT('',(-13.5800753007576,16.5905872819711,5.01));
#16055=CARTESIAN_POINT('',(-13.5534513334417,16.0426192881448,5.01));
#16056=CARTESIAN_POINT('',(-14.157257454592,16.3236427178823,5.01));
#16057=CARTESIAN_POINT('',(-14.157257454592,16.3236427178823,5.01));
#16058=CARTESIAN_POINT('',(-13.5534513334417,16.0426192881448,5.01));
#16059=CARTESIAN_POINT('',(-14.0468065635086,16.2821144063482,5.01));
#16060=CARTESIAN_POINT('',(-14.1316921938165,16.2001483782193,5.01));
#16061=CARTESIAN_POINT('',(-14.1316921938165,16.2001483782193,5.01));
#16062=CARTESIAN_POINT('',(-14.0468065635086,16.2821144063482,5.01));
#16063=CARTESIAN_POINT('',(-14.2250653146951,16.0958341399899,5.01));
#16064=CARTESIAN_POINT('',(-14.0861562954317,16.1132778886484,5.01));
#16065=CARTESIAN_POINT('',(-14.0861562954317,16.1132778886484,5.01));
#16066=CARTESIAN_POINT('',(-14.2250653146951,16.0958341399899,5.01));
#16067=CARTESIAN_POINT('',(-14.753418251576,16.081885502908,5.01));
#16068=CARTESIAN_POINT('',(-14.3807382167055,15.527508743286,5.01));
#16069=CARTESIAN_POINT('',(-14.3807382167055,15.527508743286,5.01));
#16070=CARTESIAN_POINT('',(-14.753418251576,16.081885502908,5.01));
#16071=CARTESIAN_POINT('',(-14.4529082611813,15.6474732575407,5.01));
#16072=CARTESIAN_POINT('',(-14.4791446046613,15.5099536070147,5.01));
#16073=CARTESIAN_POINT('',(-14.4791446046613,15.5099536070147,5.01));
#16074=CARTESIAN_POINT('',(-14.4529082611813,15.6474732575407,5.01));
#16075=CARTESIAN_POINT('',(-14.4943215627454,15.3929336944215,5.01));
#16076=CARTESIAN_POINT('',(-14.5925317547306,15.4583459118601,5.01));
#16077=CARTESIAN_POINT('',(-14.5925317547306,15.4583459118601,5.01));
#16078=CARTESIAN_POINT('',(-14.4943215627454,15.3929336944215,5.01));
#16079=CARTESIAN_POINT('',(-14.0064587145749,15.142000544259,5.01));
#16080=CARTESIAN_POINT('',(-14.5521073852177,14.7601320744611,5.01));
#16081=CARTESIAN_POINT('',(-14.5521073852177,14.7601320744611,5.01));
#16082=CARTESIAN_POINT('',(-14.0064587145749,15.142000544259,5.01));
#16083=CARTESIAN_POINT('',(-14.4604976191376,14.8345071425872,5.01));
#16084=CARTESIAN_POINT('',(-14.432,14.72,5.01));
#16085=CARTESIAN_POINT('',(-14.432,14.72,5.01));
#16086=CARTESIAN_POINT('',(-14.4604976191376,14.8345071425872,5.01));
#16087=CARTESIAN_POINT('',(-14.3883477801562,14.5869793861738,5.01));
#16088=CARTESIAN_POINT('',(-14.334,14.716,5.01));
#16089=CARTESIAN_POINT('',(-14.334,14.716,5.01));
#16090=CARTESIAN_POINT('',(-14.3883477801562,14.5869793861738,5.01));
#16091=CARTESIAN_POINT('',(-14.6404443745356,14.1224380021299,5.01));
#16092=CARTESIAN_POINT('',(-13.974,14.168,5.01));
#16093=CARTESIAN_POINT('',(-13.974,14.168,5.01));
#16094=CARTESIAN_POINT('',(-14.6404443745356,14.1224380021299,5.01));
#16095=CARTESIAN_POINT('',(-14.1139773391351,14.1654811652191,5.01));
#16096=CARTESIAN_POINT('',(-14.1139773391351,14.1654811652191,5.01));
#16097=CARTESIAN_POINT('',(-13.6836251522595,14.1508669269296,5.01));
#16098=CARTESIAN_POINT('',(-0.245500000000001,48.8922775758729,2.26903930265539));
#16099=CARTESIAN_POINT('',(-0.245500000000001,48.8922775758729,2.26903930265539));
#16100=CARTESIAN_POINT('',(0.927006300302333,49.3768963530957,4.07766120155292));
#16101=CARTESIAN_POINT('',(0.245500000000001,48.8922775758729,2.26903930265539));
#16102=CARTESIAN_POINT('',(2.71050543121376E-17,48.9369039764214,2.43558729686151));
#16103=CARTESIAN_POINT('',(-17.2,27.505,-572.));
#16104=CARTESIAN_POINT('',(-17.2,27.505,-572.));
#16105=CARTESIAN_POINT('',(-12.8,21.495,-572.));
#16106=CARTESIAN_POINT('',(-13.7,21.495,-572.));
#16107=CARTESIAN_POINT('',(-17.2,27.505,-572.));
#16108=CARTESIAN_POINT('',(-17.2,27.505,-572.));
#16109=CARTESIAN_POINT('',(13.7,21.495,-572.));
#16110=CARTESIAN_POINT('',(12.8,21.495,-572.));
#16111=CARTESIAN_POINT('',(-17.2,27.505,-572.));
#16112=CARTESIAN_POINT('',(-17.2,27.505,-572.));
#16113=CARTESIAN_POINT('',(-17.2,27.505,-612.));
#16114=CARTESIAN_POINT('',(-17.2,27.305,-595.931332940251));
#16115=CARTESIAN_POINT('',(-17.2348117859677,27.305,-595.931332940251));
#16116=CARTESIAN_POINT('',(-17.2525835956123,27.3122711241892,-596.021748186134));
#16117=CARTESIAN_POINT('',(-17.3014445278898,27.3286261700054,-596.134488189079));
#16118=CARTESIAN_POINT('',(-17.3453694406584,27.3626470885779,-596.300838808676));
#16119=CARTESIAN_POINT('',(-17.3873333379491,27.4222045229365,-596.487481063089));
#16120=CARTESIAN_POINT('',(-17.4000000000001,27.4749583231722,-596.610891674853));
#16121=CARTESIAN_POINT('',(-17.4000000000001,27.505,-596.672028911091));
#16122=CARTESIAN_POINT('',(-17.2,27.305,-595.931332940251));
#16123=CARTESIAN_POINT('',(-17.2,27.305,-612.));
#16124=CARTESIAN_POINT('',(-17.2,27.305,-612.));
#16125=CARTESIAN_POINT('',(50.,27.305,-595.931332940251));
#16126=CARTESIAN_POINT('',(-15.7,27.305,-595.931332940251));
#16127=CARTESIAN_POINT('',(-15.7,27.305,-612.));
#16128=CARTESIAN_POINT('',(-15.7,27.505,-612.));
#16129=CARTESIAN_POINT('',(-15.5,27.505,-596.672028911091));
#16130=CARTESIAN_POINT('',(-15.5,27.4749792094901,-596.610934180195));
#16131=CARTESIAN_POINT('',(-15.5126470784801,27.4221910837864,-596.487508343957));
#16132=CARTESIAN_POINT('',(-15.5547969870008,27.3624370104819,-596.300072480034));
#16133=CARTESIAN_POINT('',(-15.5987216398841,27.3286052901286,-596.134239110939));
#16134=CARTESIAN_POINT('',(-15.6471745741488,27.3123063081504,-596.022073961295));
#16135=CARTESIAN_POINT('',(-15.6654348107957,27.3049999999999,-595.931332940251));
#16136=CARTESIAN_POINT('',(-15.6999999999998,27.3049999999998,-595.931332940251));
#16137=CARTESIAN_POINT('',(-12.8,21.495,-612.));
#16138=CARTESIAN_POINT('',(-12.8,21.495,-598.671603070819));
#16139=CARTESIAN_POINT('',(-13.7,21.495,-612.));
#16140=CARTESIAN_POINT('',(-13.7,21.495,-598.671603070819));
#16141=CARTESIAN_POINT('',(-15.1215033253428,20.3907680062417,-598.841560630124));
#16142=CARTESIAN_POINT('',(-15.1215033253428,20.3907680062417,-598.841560630124));
#16143=CARTESIAN_POINT('',(-15.3950195294247,20.7428717270497,-598.787366684151));
#16144=CARTESIAN_POINT('',(-15.5,21.1751092943564,-598.602304920311));
#16145=CARTESIAN_POINT('',(-15.5,21.495,-598.287434360441));
#16146=CARTESIAN_POINT('',(-15.7,21.895,-612.));
#16147=CARTESIAN_POINT('',(-15.5,21.895,-597.72902492942));
#16148=CARTESIAN_POINT('',(-15.5,22.0311458534454,-597.447098160352));
#16149=CARTESIAN_POINT('',(-15.607044685973,22.095,-597.149644364872));
#16150=CARTESIAN_POINT('',(-15.7,22.095,-596.854953994084));
#16151=CARTESIAN_POINT('',(-15.7,22.095,-596.854953994083));
#16152=CARTESIAN_POINT('',(-15.7,22.095,-612.));
#16153=CARTESIAN_POINT('',(-15.7,22.095,-612.));
#16154=CARTESIAN_POINT('',(-17.2,22.095,-612.));
#16155=CARTESIAN_POINT('',(-17.2,22.095,-596.854953994083));
#16156=CARTESIAN_POINT('',(50.,22.095,-596.854953994083));
#16157=CARTESIAN_POINT('',(-17.2,21.895,-612.));
#16158=CARTESIAN_POINT('',(-17.4,21.895,-597.72902492942));
#16159=CARTESIAN_POINT('',(-17.4,22.0311458534454,-597.447098160351));
#16160=CARTESIAN_POINT('',(-17.2929553140432,22.095,-597.149644364867));
#16161=CARTESIAN_POINT('',(-17.2,22.095,-596.854953994084));
#16162=CARTESIAN_POINT('',(17.2,21.895,-612.));
#16163=CARTESIAN_POINT('',(17.4,21.895,-597.72902492942));
#16164=CARTESIAN_POINT('',(17.4,22.0311458534454,-597.447098160351));
#16165=CARTESIAN_POINT('',(17.2929553140432,22.095,-597.149644364867));
#16166=CARTESIAN_POINT('',(17.2,22.095,-596.854953994084));
#16167=CARTESIAN_POINT('',(17.2,22.095,-596.854953994083));
#16168=CARTESIAN_POINT('',(17.2,22.095,-612.));
#16169=CARTESIAN_POINT('',(17.2,22.095,-612.));
#16170=CARTESIAN_POINT('',(15.7,22.095,-612.));
#16171=CARTESIAN_POINT('',(15.7,22.095,-596.854953994083));
#16172=CARTESIAN_POINT('',(50.,22.095,-596.854953994083));
#16173=CARTESIAN_POINT('',(15.7,21.895,-612.));
#16174=CARTESIAN_POINT('',(15.5,21.895,-597.72902492942));
#16175=CARTESIAN_POINT('',(15.5,22.0311458534454,-597.447098160352));
#16176=CARTESIAN_POINT('',(15.6070446859568,22.095,-597.149644364867));
#16177=CARTESIAN_POINT('',(15.7,22.095,-596.854953994084));
#16178=CARTESIAN_POINT('',(13.7,21.495,-612.));
#16179=CARTESIAN_POINT('',(15.5,21.495,-598.287434360441));
#16180=CARTESIAN_POINT('',(15.5,21.1751928527294,-598.602222673246));
#16181=CARTESIAN_POINT('',(15.3952270845057,20.7431389174948,-598.787325559609));
#16182=CARTESIAN_POINT('',(15.1215033253428,20.3907680062417,-598.841560630124));
#16183=CARTESIAN_POINT('',(15.1215033253428,20.3907680062417,-598.841560630124));
#16184=CARTESIAN_POINT('',(13.7,21.495,-598.671603070819));
#16185=CARTESIAN_POINT('',(12.8,21.495,-612.));
#16186=CARTESIAN_POINT('',(12.8,21.495,-598.671603070819));
#16187=CARTESIAN_POINT('',(11.3784966746572,20.3907680062417,-598.841560630124));
#16188=CARTESIAN_POINT('',(11.3784966746572,20.3907680062417,-598.841560630124));
#16189=CARTESIAN_POINT('',(11.1049804705753,20.7428717270497,-598.787366684151));
#16190=CARTESIAN_POINT('',(11.,21.1751092943563,-598.602304920311));
#16191=CARTESIAN_POINT('',(11.,21.495,-598.287434360441));
#16192=CARTESIAN_POINT('',(15.7,27.505,-612.));
#16193=CARTESIAN_POINT('',(15.7,27.305,-595.931332940251));
#16194=CARTESIAN_POINT('',(15.6651882140321,27.305,-595.931332940251));
#16195=CARTESIAN_POINT('',(15.6474164043879,27.3122711241892,-596.021748186134));
#16196=CARTESIAN_POINT('',(15.5985554721101,27.3286261700053,-596.13448818908));
#16197=CARTESIAN_POINT('',(15.5546305593416,27.362647088578,-596.300838808676));
#16198=CARTESIAN_POINT('',(15.5126666620508,27.4222045229365,-596.487481063089));
#16199=CARTESIAN_POINT('',(15.4999999999999,27.4749583231722,-596.610891674853));
#16200=CARTESIAN_POINT('',(15.4999999999999,27.505,-596.672028911091));
#16201=CARTESIAN_POINT('',(15.7,27.305,-595.931332940251));
#16202=CARTESIAN_POINT('',(15.7,27.305,-612.));
#16203=CARTESIAN_POINT('',(15.7,27.305,-612.));
#16204=CARTESIAN_POINT('',(50.,27.305,-595.931332940251));
#16205=CARTESIAN_POINT('',(17.2,27.305,-595.931332940251));
#16206=CARTESIAN_POINT('',(17.2,27.305,-612.));
#16207=CARTESIAN_POINT('',(17.2,27.505,-612.));
#16208=CARTESIAN_POINT('',(17.4,27.505,-596.672028911091));
#16209=CARTESIAN_POINT('',(17.4,27.4749792094901,-596.610934180195));
#16210=CARTESIAN_POINT('',(17.38735292152,27.4221910837865,-596.487508343957));
#16211=CARTESIAN_POINT('',(17.3452030129993,27.3624370104819,-596.300072480034));
#16212=CARTESIAN_POINT('',(17.3012783601158,27.3286052901286,-596.134239110939));
#16213=CARTESIAN_POINT('',(17.2528254258513,27.3123063081503,-596.022073961295));
#16214=CARTESIAN_POINT('',(17.2345651892042,27.3049999999999,-595.931332940251));
#16215=CARTESIAN_POINT('',(17.2000000000002,27.3049999999998,-595.931332940251));
#16216=CARTESIAN_POINT('',(13.7346035758633,38.7,-612.));
#16217=CARTESIAN_POINT('',(-13.7346035758633,38.7,-612.));
#16218=CARTESIAN_POINT('',(-17.2,27.505,-572.));
#16219=CARTESIAN_POINT('',(12.7,27.505,-572.));
#16220=CARTESIAN_POINT('',(50.,20.0850000000001,-596.854953994084));
#16221=CARTESIAN_POINT('',(50.,20.3907680062417,-598.841560630124));
#16222=CARTESIAN_POINT('',(50.,20.0850000000001,-596.854953994084));
#16223=CARTESIAN_POINT('',(50.,20.3907680062417,-598.841560630124));
#16224=CARTESIAN_POINT('',(50.,20.0850000000001,-596.854953994084));
#16225=CARTESIAN_POINT('',(50.,20.3907680062417,-598.841560630124));
#16226=CARTESIAN_POINT('',(50.,20.3907680062417,-598.841560630124));
#16227=CARTESIAN_POINT('',(-8.015,20.3907680062417,-598.841560630124));
#16228=CARTESIAN_POINT('',(-8.015,6.197,-601.026190473592));
#16229=CARTESIAN_POINT('',(8.015,20.3907680062417,-598.841560630124));
#16230=CARTESIAN_POINT('',(8.015,6.197,-601.026190473592));
#16231=CARTESIAN_POINT('',(1.495,6.197,-601.026190473592));
#16232=CARTESIAN_POINT('',(1.495,12.717,-600.022666492282));
#16233=CARTESIAN_POINT('',(50.,12.717,-600.022666492282));
#16234=CARTESIAN_POINT('',(-1.495,12.717,-600.022666492282));
#16235=CARTESIAN_POINT('',(-1.495,6.197,-601.026190473592));
#16236=CARTESIAN_POINT('',(-13.,15.2,-599.640496239891));
#16237=CARTESIAN_POINT('',(-13.,11.975,-600.136871215309));
#16238=CARTESIAN_POINT('',(13.,15.2,-599.640496239891));
#16239=CARTESIAN_POINT('',(13.,11.975,-600.136871215309));
#16240=CARTESIAN_POINT('',(50.,28.0300000000001,-599.5));
#16241=CARTESIAN_POINT('',(50.,29.0383809274278,-597.772815034456));
#16242=CARTESIAN_POINT('',(50.,29.0383809274278,-597.772815034456));
#16243=CARTESIAN_POINT('',(50.,29.2999999999999,-595.79));
#16244=CARTESIAN_POINT('',(50.,29.2999999999999,-595.79));
#16245=CARTESIAN_POINT('',(50.,29.2999999999999,-595.79));
#16246=CARTESIAN_POINT('',(0.,0.,-598.35));
#16247=CARTESIAN_POINT('',(-12.7,39.9,-598.35));
#16248=CARTESIAN_POINT('',(-12.7,34.9,-598.35));
#16249=CARTESIAN_POINT('',(-12.7,34.9,-598.35));
#16250=CARTESIAN_POINT('',(12.7,34.9,-598.35));
#16251=CARTESIAN_POINT('',(12.7,34.9,-598.35));
#16252=CARTESIAN_POINT('',(0.,0.,4.));
#16253=CARTESIAN_POINT('',(12.7,34.9,4.));
#16254=CARTESIAN_POINT('',(12.7,34.9,4.));
#16255=CARTESIAN_POINT('',(-12.7,34.9,4.));
#16256=CARTESIAN_POINT('',(-12.7,34.9,4.));
#16257=CARTESIAN_POINT('',(-12.7,39.9,4.));
#16258=CARTESIAN_POINT('',(-13.2,37.1,-572.));
#16259=CARTESIAN_POINT('',(-13.2,37.1,0.));
#16260=CARTESIAN_POINT('',(-13.2,37.1,0.));
#16261=CARTESIAN_POINT('',(-12.7047666052051,38.9482361909795,0.));
#16262=CARTESIAN_POINT('',(-13.2,37.1,-572.));
#16263=CARTESIAN_POINT('',(-13.2,37.1,-572.));
#16264=CARTESIAN_POINT('',(-13.2,37.1,-572.));
#16265=CARTESIAN_POINT('',(-12.7047666052051,38.9482361909795,-572.));
#16266=CARTESIAN_POINT('',(-12.7047666052051,38.9482361909795,-572.));
#16267=CARTESIAN_POINT('',(-17.2,27.505,-572.));
#16268=CARTESIAN_POINT('',(-12.7,27.505,-572.));
#16269=CARTESIAN_POINT('',(-12.7,38.9714501038423,-572.));
#16270=CARTESIAN_POINT('',(-12.7,37.1,-572.));
#16271=CARTESIAN_POINT('',(-12.8979517704629,39.,-572.));
#16272=CARTESIAN_POINT('',(-12.7,37.1,-572.));
#16273=CARTESIAN_POINT('',(-12.8979517704629,39.,-572.));
#16274=CARTESIAN_POINT('',(-12.7,38.9714501038423,-572.));
#16275=CARTESIAN_POINT('',(-12.7,38.9714501038423,0.));
#16276=CARTESIAN_POINT('',(-12.8979517704629,39.,0.));
#16277=CARTESIAN_POINT('',(-17.2,27.505,0.));
#16278=CARTESIAN_POINT('',(-12.7,27.505,0.));
#16279=CARTESIAN_POINT('',(-12.7,37.1,0.));
#16280=CARTESIAN_POINT('',(-12.7,37.1,0.));
#16281=CARTESIAN_POINT('',(-12.7,37.1,-572.));
#16282=CARTESIAN_POINT('',(-12.7,37.1,-572.));
#16283=CARTESIAN_POINT('',(12.7047666052051,38.9482361909795,-572.));
#16284=CARTESIAN_POINT('',(12.7047666052051,38.9482361909795,0.));
#16285=CARTESIAN_POINT('',(12.7047666052051,38.9482361909795,0.));
#16286=CARTESIAN_POINT('',(13.2,37.1,0.));
#16287=CARTESIAN_POINT('',(12.7047666052051,38.9482361909795,-572.));
#16288=CARTESIAN_POINT('',(12.7047666052051,38.9482361909795,-572.));
#16289=CARTESIAN_POINT('',(12.7047666052051,38.9482361909795,-572.));
#16290=CARTESIAN_POINT('',(13.2,37.1,-572.));
#16291=CARTESIAN_POINT('',(13.2,37.1,-572.));
#16292=CARTESIAN_POINT('',(12.7,37.1,-572.));
#16293=CARTESIAN_POINT('',(12.7,34.9,-572.));
#16294=CARTESIAN_POINT('',(12.7,27.505,0.));
#16295=CARTESIAN_POINT('',(12.7,37.1,0.));
#16296=CARTESIAN_POINT('',(12.7,38.9714501038423,0.));
#16297=CARTESIAN_POINT('',(12.7,37.1,-572.));
#16298=CARTESIAN_POINT('',(12.7,37.1,-572.));
#16299=CARTESIAN_POINT('',(12.7,27.505,-572.));
#16300=CARTESIAN_POINT('',(12.7,38.9714501038423,-572.));
#16301=CARTESIAN_POINT('',(12.7,38.9714501038423,-572.));
#16302=CARTESIAN_POINT('',(12.7,34.9,-572.));
#16303=CARTESIAN_POINT('',(-12.7,34.9000000000009,-572.));
#16304=CARTESIAN_POINT('',(-12.7,34.9000000000009,-572.));
#16305=CARTESIAN_POINT('',(13.2,37.1,-572.));
#16306=CARTESIAN_POINT('',(13.2,37.1,0.));
#16307=CARTESIAN_POINT('',(13.2,37.1,-572.));
#16308=CARTESIAN_POINT('',(-17.2,27.505,-572.));
#16309=CARTESIAN_POINT('',(12.8979517704629,39.,-572.));
#16310=CARTESIAN_POINT('',(12.8979517704629,39.,-572.));
#16311=CARTESIAN_POINT('',(12.8979517704629,39.,0.));
#16312=CARTESIAN_POINT('',(-17.2,27.505,0.));
#16313=CARTESIAN_POINT('',(40.,36.4866278977015,-605.424038855242));
#16314=CARTESIAN_POINT('',(-0.328207783696056,33.7537615088811,-605.626646306034));
#16315=CARTESIAN_POINT('',(-0.245500000000001,32.5399355823318,-605.716636134182));
#16316=CARTESIAN_POINT('',(2.71050543121376E-17,33.4609608035839,-605.648353772133));
#16317=CARTESIAN_POINT('',(0.245500000000001,32.5399355823318,-605.716636134182));
#16318=CARTESIAN_POINT('',(0.695903637896296,39.1500947313151,-605.226576503026));
#16319=CARTESIAN_POINT('',(-0.245500000000001,0.59598626141949,-614.275991557781));
#16320=CARTESIAN_POINT('',(-0.245500000000001,0.59598626141949,-614.275991557781));
#16321=CARTESIAN_POINT('',(0.927006300302333,1.08060503864232,-616.084613456679));
#16322=CARTESIAN_POINT('',(0.245500000000001,0.59598626141949,-614.275991557781));
#16323=CARTESIAN_POINT('',(2.71050543121376E-17,0.640612661968035,-614.442539551988));
#16324=CARTESIAN_POINT('',(13.,15.2,-591.));
#16325=CARTESIAN_POINT('',(13.9142462619877,14.0023464124504,-591.));
#16326=CARTESIAN_POINT('',(14.008,14.074,-591.));
#16327=CARTESIAN_POINT('',(14.02,13.95,-591.));
#16328=CARTESIAN_POINT('',(14.1139773391351,14.1654811652191,-591.));
#16329=CARTESIAN_POINT('',(13.974,14.168,-591.));
#16330=CARTESIAN_POINT('',(14.6404443745356,14.1224380021299,-591.));
#16331=CARTESIAN_POINT('',(14.334,14.716,-591.));
#16332=CARTESIAN_POINT('',(14.3883477801562,14.5869793861738,-591.));
#16333=CARTESIAN_POINT('',(14.432,14.72,-591.));
#16334=CARTESIAN_POINT('',(14.4604976191376,14.8345071425872,-591.));
#16335=CARTESIAN_POINT('',(14.5521073852177,14.7601320744611,-591.));
#16336=CARTESIAN_POINT('',(14.0064587145749,15.142000544259,-591.));
#16337=CARTESIAN_POINT('',(14.5925317547306,15.4583459118601,-591.));
#16338=CARTESIAN_POINT('',(14.4943215627454,15.3929336944215,-591.));
#16339=CARTESIAN_POINT('',(14.4791446046613,15.5099536070147,-591.));
#16340=CARTESIAN_POINT('',(14.4529082611813,15.6474732575407,-591.));
#16341=CARTESIAN_POINT('',(14.3807382167055,15.527508743286,-591.));
#16342=CARTESIAN_POINT('',(14.753418251576,16.081885502908,-591.));
#16343=CARTESIAN_POINT('',(14.0861562954317,16.1132778886484,-591.));
#16344=CARTESIAN_POINT('',(14.2250653146951,16.0958341399899,-591.));
#16345=CARTESIAN_POINT('',(14.1316921938165,16.2001483782193,-591.));
#16346=CARTESIAN_POINT('',(14.0468065635086,16.2821144063482,-591.));
#16347=CARTESIAN_POINT('',(14.157257454592,16.3236427178823,-591.));
#16348=CARTESIAN_POINT('',(13.5534513334417,16.0426192881448,-591.));
#16349=CARTESIAN_POINT('',(13.5725317547306,16.7083459118601,-591.));
#16350=CARTESIAN_POINT('',(13.5800753007576,16.5905872819711,-591.));
#16351=CARTESIAN_POINT('',(13.4711446046613,16.6359536070147,-591.));
#16352=CARTESIAN_POINT('',(13.3389309220462,16.6819920923217,-591.));
#16353=CARTESIAN_POINT('',(13.4067382167055,16.559508743286,-591.));
#16354=CARTESIAN_POINT('',(13.1129738770404,17.1594475007781,-591.));
#16355=CARTESIAN_POINT('',(12.7521562954317,16.5972778886484,-591.));
#16356=CARTESIAN_POINT('',(12.836717534539,16.7088547538161,-591.));
#16357=CARTESIAN_POINT('',(12.6996921938165,16.6801483782193,-591.));
#16358=CARTESIAN_POINT('',(12.5862647160557,16.6476182800208,-591.));
#16359=CARTESIAN_POINT('',(12.6055255888326,16.7640357133367,-591.));
#16360=CARTESIAN_POINT('',(12.5469959574687,16.1006125585913,-591.));
#16361=CARTESIAN_POINT('',(11.98,16.45,-591.));
#16362=CARTESIAN_POINT('',(12.0857537380123,16.3976535875496,-591.));
#16363=CARTESIAN_POINT('',(11.992,16.326,-591.));
#16364=CARTESIAN_POINT('',(11.8860226608649,16.2345188347809,-591.));
#16365=CARTESIAN_POINT('',(12.026,16.232,-591.));
#16366=CARTESIAN_POINT('',(11.3595556254644,16.2775619978701,-591.));
#16367=CARTESIAN_POINT('',(11.666,15.684,-591.));
#16368=CARTESIAN_POINT('',(11.6116522198438,15.8130206138262,-591.));
#16369=CARTESIAN_POINT('',(11.568,15.68,-591.));
#16370=CARTESIAN_POINT('',(11.5395023808624,15.5654928574128,-591.));
#16371=CARTESIAN_POINT('',(11.4478926147823,15.6398679255388,-591.));
#16372=CARTESIAN_POINT('',(11.9935412854251,15.257999455741,-591.));
#16373=CARTESIAN_POINT('',(11.4074682452695,14.9416540881399,-591.));
#16374=CARTESIAN_POINT('',(11.5056784372546,15.0070663055785,-591.));
#16375=CARTESIAN_POINT('',(11.5208553953387,14.8900463929853,-591.));
#16376=CARTESIAN_POINT('',(11.5470917388187,14.7525267424593,-591.));
#16377=CARTESIAN_POINT('',(11.6192617832945,14.8724912567139,-591.));
#16378=CARTESIAN_POINT('',(11.246581748424,14.318114497092,-591.));
#16379=CARTESIAN_POINT('',(11.9138437045683,14.2867221113516,-591.));
#16380=CARTESIAN_POINT('',(11.7749346853049,14.3041658600101,-591.));
#16381=CARTESIAN_POINT('',(11.8683078061835,14.1998516217807,-591.));
#16382=CARTESIAN_POINT('',(11.9531934364914,14.1178855936518,-591.));
#16383=CARTESIAN_POINT('',(11.842742545408,14.0763572821177,-591.));
#16384=CARTESIAN_POINT('',(12.4465486665583,14.3573807118552,-591.));
#16385=CARTESIAN_POINT('',(12.4274682452695,13.6916540881399,-591.));
#16386=CARTESIAN_POINT('',(12.4199246992424,13.8094127180289,-591.));
#16387=CARTESIAN_POINT('',(12.5288553953387,13.7640463929853,-591.));
#16388=CARTESIAN_POINT('',(12.6610690779538,13.7180079076783,-591.));
#16389=CARTESIAN_POINT('',(12.5932617832945,13.840491256714,-591.));
#16390=CARTESIAN_POINT('',(12.8870261229596,13.2405524992219,-591.));
#16391=CARTESIAN_POINT('',(13.2478437045683,13.8027221113516,-591.));
#16392=CARTESIAN_POINT('',(13.163282465461,13.6911452461839,-591.));
#16393=CARTESIAN_POINT('',(13.3003078061835,13.7198516217807,-591.));
#16394=CARTESIAN_POINT('',(13.4137352839443,13.7523817199792,-591.));
#16395=CARTESIAN_POINT('',(13.3944744111674,13.6359642866633,-591.));
#16396=CARTESIAN_POINT('',(13.4530040425313,14.2993874414087,-591.));
#16397=CARTESIAN_POINT('',(13.,15.2,-591.));
#16398=CARTESIAN_POINT('',(11.27,15.2,-591.));
#16399=CARTESIAN_POINT('',(13.,15.2,-603.7));
#16400=CARTESIAN_POINT('',(13.,15.2,-591.2));
#16401=CARTESIAN_POINT('',(11.27,15.2,-591.2));
#16402=CARTESIAN_POINT('',(13.,16.93,-591.2));
#16403=CARTESIAN_POINT('',(13.,15.2,-591.2));
#16404=CARTESIAN_POINT('',(10.875,15.2,-591.2));
#16405=CARTESIAN_POINT('',(13.,15.2,-591.2));
#16406=CARTESIAN_POINT('',(13.,15.2,-590.70488576869));
#16407=CARTESIAN_POINT('',(10.1642134199802,15.2,-590.70488576869));
#16408=CARTESIAN_POINT('',(13.,15.2,-590.294610214117));
#16409=CARTESIAN_POINT('',(13.,15.2,-590.294610214117));
#16410=CARTESIAN_POINT('',(9.95000000000008,15.2,-590.294610214117));
#16411=CARTESIAN_POINT('',(13.,15.2,-603.7));
#16412=CARTESIAN_POINT('',(13.,15.2,-588.7));
#16413=CARTESIAN_POINT('',(9.95,15.2,-588.7));
#16414=CARTESIAN_POINT('',(13.,18.25,-588.7));
#16415=CARTESIAN_POINT('',(13.,15.2,-588.7));
#16416=CARTESIAN_POINT('',(9.775,15.2,-588.7));
#16417=CARTESIAN_POINT('',(13.,15.2,-603.7));
#16418=CARTESIAN_POINT('',(-13.,15.2,-591.));
#16419=CARTESIAN_POINT('',(-12.0857537380123,14.0023464124504,-591.));
#16420=CARTESIAN_POINT('',(-11.992,14.074,-591.));
#16421=CARTESIAN_POINT('',(-11.98,13.95,-591.));
#16422=CARTESIAN_POINT('',(-11.8860226608649,14.1654811652191,-591.));
#16423=CARTESIAN_POINT('',(-12.026,14.168,-591.));
#16424=CARTESIAN_POINT('',(-11.3595556254644,14.1224380021299,-591.));
#16425=CARTESIAN_POINT('',(-11.666,14.716,-591.));
#16426=CARTESIAN_POINT('',(-11.6116522198438,14.5869793861738,-591.));
#16427=CARTESIAN_POINT('',(-11.568,14.72,-591.));
#16428=CARTESIAN_POINT('',(-11.5395023808624,14.8345071425872,-591.));
#16429=CARTESIAN_POINT('',(-11.4478926147823,14.7601320744611,-591.));
#16430=CARTESIAN_POINT('',(-11.9935412854251,15.142000544259,-591.));
#16431=CARTESIAN_POINT('',(-11.4074682452695,15.4583459118601,-591.));
#16432=CARTESIAN_POINT('',(-11.5056784372546,15.3929336944215,-591.));
#16433=CARTESIAN_POINT('',(-11.5208553953387,15.5099536070147,-591.));
#16434=CARTESIAN_POINT('',(-11.5470917388187,15.6474732575407,-591.));
#16435=CARTESIAN_POINT('',(-11.6192617832945,15.527508743286,-591.));
#16436=CARTESIAN_POINT('',(-11.246581748424,16.081885502908,-591.));
#16437=CARTESIAN_POINT('',(-11.9138437045683,16.1132778886484,-591.));
#16438=CARTESIAN_POINT('',(-11.7749346853049,16.0958341399899,-591.));
#16439=CARTESIAN_POINT('',(-11.8683078061835,16.2001483782193,-591.));
#16440=CARTESIAN_POINT('',(-11.9531934364914,16.2821144063482,-591.));
#16441=CARTESIAN_POINT('',(-11.842742545408,16.3236427178823,-591.));
#16442=CARTESIAN_POINT('',(-12.4465486665583,16.0426192881448,-591.));
#16443=CARTESIAN_POINT('',(-12.4274682452695,16.7083459118601,-591.));
#16444=CARTESIAN_POINT('',(-12.4199246992424,16.5905872819711,-591.));
#16445=CARTESIAN_POINT('',(-12.5288553953387,16.6359536070147,-591.));
#16446=CARTESIAN_POINT('',(-12.6610690779538,16.6819920923217,-591.));
#16447=CARTESIAN_POINT('',(-12.5932617832945,16.559508743286,-591.));
#16448=CARTESIAN_POINT('',(-12.8870261229596,17.1594475007781,-591.));
#16449=CARTESIAN_POINT('',(-13.2478437045683,16.5972778886484,-591.));
#16450=CARTESIAN_POINT('',(-13.163282465461,16.7088547538161,-591.));
#16451=CARTESIAN_POINT('',(-13.3003078061835,16.6801483782193,-591.));
#16452=CARTESIAN_POINT('',(-13.4137352839443,16.6476182800208,-591.));
#16453=CARTESIAN_POINT('',(-13.3944744111674,16.7640357133367,-591.));
#16454=CARTESIAN_POINT('',(-13.4530040425313,16.1006125585913,-591.));
#16455=CARTESIAN_POINT('',(-14.02,16.45,-591.));
#16456=CARTESIAN_POINT('',(-13.9142462619877,16.3976535875496,-591.));
#16457=CARTESIAN_POINT('',(-14.008,16.326,-591.));
#16458=CARTESIAN_POINT('',(-14.1139773391351,16.2345188347809,-591.));
#16459=CARTESIAN_POINT('',(-13.974,16.232,-591.));
#16460=CARTESIAN_POINT('',(-14.6404443745356,16.2775619978701,-591.));
#16461=CARTESIAN_POINT('',(-14.334,15.684,-591.));
#16462=CARTESIAN_POINT('',(-14.3883477801562,15.8130206138262,-591.));
#16463=CARTESIAN_POINT('',(-14.432,15.68,-591.));
#16464=CARTESIAN_POINT('',(-14.4604976191376,15.5654928574128,-591.));
#16465=CARTESIAN_POINT('',(-14.5521073852177,15.6398679255388,-591.));
#16466=CARTESIAN_POINT('',(-14.0064587145749,15.257999455741,-591.));
#16467=CARTESIAN_POINT('',(-14.5925317547306,14.9416540881399,-591.));
#16468=CARTESIAN_POINT('',(-14.4943215627454,15.0070663055785,-591.));
#16469=CARTESIAN_POINT('',(-14.4791446046613,14.8900463929853,-591.));
#16470=CARTESIAN_POINT('',(-14.4529082611813,14.7525267424593,-591.));
#16471=CARTESIAN_POINT('',(-14.3807382167055,14.8724912567139,-591.));
#16472=CARTESIAN_POINT('',(-14.753418251576,14.318114497092,-591.));
#16473=CARTESIAN_POINT('',(-14.0861562954317,14.2867221113516,-591.));
#16474=CARTESIAN_POINT('',(-14.2250653146951,14.3041658600101,-591.));
#16475=CARTESIAN_POINT('',(-14.1316921938165,14.1998516217807,-591.));
#16476=CARTESIAN_POINT('',(-14.0468065635086,14.1178855936518,-591.));
#16477=CARTESIAN_POINT('',(-14.157257454592,14.0763572821177,-591.));
#16478=CARTESIAN_POINT('',(-13.5534513334417,14.3573807118552,-591.));
#16479=CARTESIAN_POINT('',(-13.5725317547306,13.6916540881399,-591.));
#16480=CARTESIAN_POINT('',(-13.5800753007576,13.8094127180289,-591.));
#16481=CARTESIAN_POINT('',(-13.4711446046613,13.7640463929853,-591.));
#16482=CARTESIAN_POINT('',(-13.3389309220462,13.7180079076783,-591.));
#16483=CARTESIAN_POINT('',(-13.4067382167055,13.840491256714,-591.));
#16484=CARTESIAN_POINT('',(-13.1129738770404,13.2405524992219,-591.));
#16485=CARTESIAN_POINT('',(-12.7521562954317,13.8027221113516,-591.));
#16486=CARTESIAN_POINT('',(-12.836717534539,13.6911452461839,-591.));
#16487=CARTESIAN_POINT('',(-12.6996921938165,13.7198516217807,-591.));
#16488=CARTESIAN_POINT('',(-12.5862647160557,13.7523817199792,-591.));
#16489=CARTESIAN_POINT('',(-12.6055255888326,13.6359642866633,-591.));
#16490=CARTESIAN_POINT('',(-12.5469959574687,14.2993874414087,-591.));
#16491=CARTESIAN_POINT('',(-13.,15.2,-591.));
#16492=CARTESIAN_POINT('',(-14.73,15.2,-591.));
#16493=CARTESIAN_POINT('',(-13.,15.2,-603.7));
#16494=CARTESIAN_POINT('',(-13.,15.2,-591.2));
#16495=CARTESIAN_POINT('',(-14.73,15.2,-591.2));
#16496=CARTESIAN_POINT('',(-13.,16.93,-591.2));
#16497=CARTESIAN_POINT('',(-13.,15.2,-591.2));
#16498=CARTESIAN_POINT('',(-15.125,15.2,-591.2));
#16499=CARTESIAN_POINT('',(-13.,15.2,-591.2));
#16500=CARTESIAN_POINT('',(-13.,15.2,-590.70488576869));
#16501=CARTESIAN_POINT('',(-15.8357865800198,15.2,-590.70488576869));
#16502=CARTESIAN_POINT('',(-13.,15.2,-590.294610214117));
#16503=CARTESIAN_POINT('',(-13.,15.2,-590.294610214117));
#16504=CARTESIAN_POINT('',(-16.0499999999999,15.2,-590.294610214117));
#16505=CARTESIAN_POINT('',(-13.,15.2,-603.7));
#16506=CARTESIAN_POINT('',(-13.,15.2,-588.7));
#16507=CARTESIAN_POINT('',(-16.05,15.2,-588.7));
#16508=CARTESIAN_POINT('',(-13.,18.25,-588.7));
#16509=CARTESIAN_POINT('',(-13.,15.2,-588.7));
#16510=CARTESIAN_POINT('',(-16.225,15.2,-588.7));
#16511=CARTESIAN_POINT('',(-13.,15.2,-603.7));
#16512=CARTESIAN_POINT('',(13.9142462619877,14.0023464124504,-589.71));
#16513=CARTESIAN_POINT('',(14.02,13.95,-589.71));
#16514=CARTESIAN_POINT('',(14.02,13.95,-589.71));
#16515=CARTESIAN_POINT('',(13.9142462619877,14.0023464124504,-589.71));
#16516=CARTESIAN_POINT('',(14.008,14.074,-589.71));
#16517=CARTESIAN_POINT('',(14.008,14.074,-589.71));
#16518=CARTESIAN_POINT('',(13.4530040425313,14.2993874414087,-589.71));
#16519=CARTESIAN_POINT('',(13.3944744111674,13.6359642866633,-589.71));
#16520=CARTESIAN_POINT('',(13.3944744111674,13.6359642866633,-589.71));
#16521=CARTESIAN_POINT('',(13.4530040425313,14.2993874414087,-589.71));
#16522=CARTESIAN_POINT('',(13.4137352839443,13.7523817199792,-589.71));
#16523=CARTESIAN_POINT('',(13.3003078061835,13.7198516217807,-589.71));
#16524=CARTESIAN_POINT('',(13.3003078061835,13.7198516217807,-589.71));
#16525=CARTESIAN_POINT('',(13.4137352839443,13.7523817199792,-589.71));
#16526=CARTESIAN_POINT('',(13.163282465461,13.6911452461839,-589.71));
#16527=CARTESIAN_POINT('',(13.2478437045683,13.8027221113516,-589.71));
#16528=CARTESIAN_POINT('',(13.2478437045683,13.8027221113516,-589.71));
#16529=CARTESIAN_POINT('',(13.163282465461,13.6911452461839,-589.71));
#16530=CARTESIAN_POINT('',(12.8870261229596,13.2405524992219,-589.71));
#16531=CARTESIAN_POINT('',(12.5932617832945,13.840491256714,-589.71));
#16532=CARTESIAN_POINT('',(12.5932617832945,13.840491256714,-589.71));
#16533=CARTESIAN_POINT('',(12.8870261229596,13.2405524992219,-589.71));
#16534=CARTESIAN_POINT('',(12.6610690779538,13.7180079076783,-589.71));
#16535=CARTESIAN_POINT('',(12.5288553953387,13.7640463929853,-589.71));
#16536=CARTESIAN_POINT('',(12.5288553953387,13.7640463929853,-589.71));
#16537=CARTESIAN_POINT('',(12.6610690779538,13.7180079076783,-589.71));
#16538=CARTESIAN_POINT('',(12.4199246992424,13.8094127180289,-589.71));
#16539=CARTESIAN_POINT('',(12.4274682452695,13.6916540881399,-589.71));
#16540=CARTESIAN_POINT('',(12.4274682452695,13.6916540881399,-589.71));
#16541=CARTESIAN_POINT('',(12.4199246992424,13.8094127180289,-589.71));
#16542=CARTESIAN_POINT('',(12.4465486665583,14.3573807118552,-589.71));
#16543=CARTESIAN_POINT('',(11.842742545408,14.0763572821177,-589.71));
#16544=CARTESIAN_POINT('',(11.842742545408,14.0763572821177,-589.71));
#16545=CARTESIAN_POINT('',(12.4465486665583,14.3573807118552,-589.71));
#16546=CARTESIAN_POINT('',(11.9531934364914,14.1178855936518,-589.71));
#16547=CARTESIAN_POINT('',(11.8683078061835,14.1998516217807,-589.71));
#16548=CARTESIAN_POINT('',(11.8683078061835,14.1998516217807,-589.71));
#16549=CARTESIAN_POINT('',(11.9531934364914,14.1178855936518,-589.71));
#16550=CARTESIAN_POINT('',(11.7749346853049,14.3041658600101,-589.71));
#16551=CARTESIAN_POINT('',(11.9138437045683,14.2867221113516,-589.71));
#16552=CARTESIAN_POINT('',(11.9138437045683,14.2867221113516,-589.71));
#16553=CARTESIAN_POINT('',(11.7749346853049,14.3041658600101,-589.71));
#16554=CARTESIAN_POINT('',(11.246581748424,14.318114497092,-589.71));
#16555=CARTESIAN_POINT('',(11.6192617832945,14.8724912567139,-589.71));
#16556=CARTESIAN_POINT('',(11.6192617832945,14.8724912567139,-589.71));
#16557=CARTESIAN_POINT('',(11.246581748424,14.318114497092,-589.71));
#16558=CARTESIAN_POINT('',(11.5470917388187,14.7525267424593,-589.71));
#16559=CARTESIAN_POINT('',(11.5208553953387,14.8900463929853,-589.71));
#16560=CARTESIAN_POINT('',(11.5208553953387,14.8900463929853,-589.71));
#16561=CARTESIAN_POINT('',(11.5470917388187,14.7525267424593,-589.71));
#16562=CARTESIAN_POINT('',(11.5056784372546,15.0070663055785,-589.71));
#16563=CARTESIAN_POINT('',(11.4074682452695,14.9416540881399,-589.71));
#16564=CARTESIAN_POINT('',(11.4074682452695,14.9416540881399,-589.71));
#16565=CARTESIAN_POINT('',(11.5056784372546,15.0070663055785,-589.71));
#16566=CARTESIAN_POINT('',(11.9935412854251,15.257999455741,-589.71));
#16567=CARTESIAN_POINT('',(11.4478926147823,15.6398679255388,-589.71));
#16568=CARTESIAN_POINT('',(11.4478926147823,15.6398679255388,-589.71));
#16569=CARTESIAN_POINT('',(11.9935412854251,15.257999455741,-589.71));
#16570=CARTESIAN_POINT('',(11.5395023808624,15.5654928574128,-589.71));
#16571=CARTESIAN_POINT('',(11.568,15.68,-589.71));
#16572=CARTESIAN_POINT('',(11.568,15.68,-589.71));
#16573=CARTESIAN_POINT('',(11.5395023808624,15.5654928574128,-589.71));
#16574=CARTESIAN_POINT('',(11.6116522198438,15.8130206138262,-589.71));
#16575=CARTESIAN_POINT('',(11.666,15.684,-589.71));
#16576=CARTESIAN_POINT('',(11.666,15.684,-589.71));
#16577=CARTESIAN_POINT('',(11.6116522198438,15.8130206138262,-589.71));
#16578=CARTESIAN_POINT('',(11.3595556254644,16.2775619978701,-589.71));
#16579=CARTESIAN_POINT('',(12.026,16.232,-589.71));
#16580=CARTESIAN_POINT('',(12.026,16.232,-589.71));
#16581=CARTESIAN_POINT('',(11.3595556254644,16.2775619978701,-589.71));
#16582=CARTESIAN_POINT('',(11.8860226608649,16.2345188347809,-589.71));
#16583=CARTESIAN_POINT('',(11.992,16.326,-589.71));
#16584=CARTESIAN_POINT('',(11.992,16.326,-589.71));
#16585=CARTESIAN_POINT('',(11.8860226608649,16.2345188347809,-589.71));
#16586=CARTESIAN_POINT('',(12.0857537380123,16.3976535875496,-589.71));
#16587=CARTESIAN_POINT('',(11.98,16.45,-589.71));
#16588=CARTESIAN_POINT('',(11.98,16.45,-589.71));
#16589=CARTESIAN_POINT('',(12.0857537380123,16.3976535875496,-589.71));
#16590=CARTESIAN_POINT('',(12.5469959574687,16.1006125585913,-589.71));
#16591=CARTESIAN_POINT('',(12.6055255888326,16.7640357133367,-589.71));
#16592=CARTESIAN_POINT('',(12.6055255888326,16.7640357133367,-589.71));
#16593=CARTESIAN_POINT('',(12.5469959574687,16.1006125585913,-589.71));
#16594=CARTESIAN_POINT('',(12.5862647160557,16.6476182800208,-589.71));
#16595=CARTESIAN_POINT('',(12.6996921938165,16.6801483782193,-589.71));
#16596=CARTESIAN_POINT('',(12.6996921938165,16.6801483782193,-589.71));
#16597=CARTESIAN_POINT('',(12.5862647160557,16.6476182800208,-589.71));
#16598=CARTESIAN_POINT('',(12.836717534539,16.7088547538161,-589.71));
#16599=CARTESIAN_POINT('',(12.7521562954317,16.5972778886484,-589.71));
#16600=CARTESIAN_POINT('',(12.7521562954317,16.5972778886484,-589.71));
#16601=CARTESIAN_POINT('',(12.836717534539,16.7088547538161,-589.71));
#16602=CARTESIAN_POINT('',(13.1129738770404,17.1594475007781,-589.71));
#16603=CARTESIAN_POINT('',(13.4067382167055,16.559508743286,-589.71));
#16604=CARTESIAN_POINT('',(13.4067382167055,16.559508743286,-589.71));
#16605=CARTESIAN_POINT('',(13.1129738770404,17.1594475007781,-589.71));
#16606=CARTESIAN_POINT('',(13.3389309220462,16.6819920923217,-589.71));
#16607=CARTESIAN_POINT('',(13.4711446046613,16.6359536070147,-589.71));
#16608=CARTESIAN_POINT('',(13.4711446046613,16.6359536070147,-589.71));
#16609=CARTESIAN_POINT('',(13.3389309220462,16.6819920923217,-589.71));
#16610=CARTESIAN_POINT('',(13.5800753007576,16.5905872819711,-589.71));
#16611=CARTESIAN_POINT('',(13.5725317547306,16.7083459118601,-589.71));
#16612=CARTESIAN_POINT('',(13.5725317547306,16.7083459118601,-589.71));
#16613=CARTESIAN_POINT('',(13.5800753007576,16.5905872819711,-589.71));
#16614=CARTESIAN_POINT('',(13.5534513334417,16.0426192881448,-589.71));
#16615=CARTESIAN_POINT('',(14.157257454592,16.3236427178823,-589.71));
#16616=CARTESIAN_POINT('',(14.157257454592,16.3236427178823,-589.71));
#16617=CARTESIAN_POINT('',(13.5534513334417,16.0426192881448,-589.71));
#16618=CARTESIAN_POINT('',(14.0468065635086,16.2821144063482,-589.71));
#16619=CARTESIAN_POINT('',(14.1316921938165,16.2001483782193,-589.71));
#16620=CARTESIAN_POINT('',(14.1316921938165,16.2001483782193,-589.71));
#16621=CARTESIAN_POINT('',(14.0468065635086,16.2821144063482,-589.71));
#16622=CARTESIAN_POINT('',(14.2250653146951,16.0958341399899,-589.71));
#16623=CARTESIAN_POINT('',(14.0861562954317,16.1132778886484,-589.71));
#16624=CARTESIAN_POINT('',(14.0861562954317,16.1132778886484,-589.71));
#16625=CARTESIAN_POINT('',(14.2250653146951,16.0958341399899,-589.71));
#16626=CARTESIAN_POINT('',(14.753418251576,16.081885502908,-589.71));
#16627=CARTESIAN_POINT('',(14.3807382167055,15.527508743286,-589.71));
#16628=CARTESIAN_POINT('',(14.3807382167055,15.527508743286,-589.71));
#16629=CARTESIAN_POINT('',(14.753418251576,16.081885502908,-589.71));
#16630=CARTESIAN_POINT('',(14.4529082611813,15.6474732575407,-589.71));
#16631=CARTESIAN_POINT('',(14.4791446046613,15.5099536070147,-589.71));
#16632=CARTESIAN_POINT('',(14.4791446046613,15.5099536070147,-589.71));
#16633=CARTESIAN_POINT('',(14.4529082611813,15.6474732575407,-589.71));
#16634=CARTESIAN_POINT('',(14.4943215627454,15.3929336944215,-589.71));
#16635=CARTESIAN_POINT('',(14.5925317547306,15.4583459118601,-589.71));
#16636=CARTESIAN_POINT('',(14.5925317547306,15.4583459118601,-589.71));
#16637=CARTESIAN_POINT('',(14.4943215627454,15.3929336944215,-589.71));
#16638=CARTESIAN_POINT('',(14.0064587145749,15.142000544259,-589.71));
#16639=CARTESIAN_POINT('',(14.5521073852177,14.7601320744611,-589.71));
#16640=CARTESIAN_POINT('',(14.5521073852177,14.7601320744611,-589.71));
#16641=CARTESIAN_POINT('',(14.0064587145749,15.142000544259,-589.71));
#16642=CARTESIAN_POINT('',(14.4604976191376,14.8345071425872,-589.71));
#16643=CARTESIAN_POINT('',(14.432,14.72,-589.71));
#16644=CARTESIAN_POINT('',(14.432,14.72,-589.71));
#16645=CARTESIAN_POINT('',(14.4604976191376,14.8345071425872,-589.71));
#16646=CARTESIAN_POINT('',(14.3883477801562,14.5869793861738,-589.71));
#16647=CARTESIAN_POINT('',(14.334,14.716,-589.71));
#16648=CARTESIAN_POINT('',(14.334,14.716,-589.71));
#16649=CARTESIAN_POINT('',(14.3883477801562,14.5869793861738,-589.71));
#16650=CARTESIAN_POINT('',(14.6404443745356,14.1224380021299,-589.71));
#16651=CARTESIAN_POINT('',(13.974,14.168,-589.71));
#16652=CARTESIAN_POINT('',(13.974,14.168,-589.71));
#16653=CARTESIAN_POINT('',(14.6404443745356,14.1224380021299,-589.71));
#16654=CARTESIAN_POINT('',(14.1139773391351,14.1654811652191,-589.71));
#16655=CARTESIAN_POINT('',(14.1139773391351,14.1654811652191,-589.71));
#16656=CARTESIAN_POINT('',(13.6836251522595,14.1508669269296,-589.71));
#16657=CARTESIAN_POINT('',(-12.0857537380123,14.0023464124504,-589.71));
#16658=CARTESIAN_POINT('',(-11.98,13.95,-589.71));
#16659=CARTESIAN_POINT('',(-11.98,13.95,-589.71));
#16660=CARTESIAN_POINT('',(-12.0857537380123,14.0023464124504,-589.71));
#16661=CARTESIAN_POINT('',(-11.992,14.074,-589.71));
#16662=CARTESIAN_POINT('',(-11.992,14.074,-589.71));
#16663=CARTESIAN_POINT('',(-12.5469959574687,14.2993874414087,-589.71));
#16664=CARTESIAN_POINT('',(-12.6055255888326,13.6359642866633,-589.71));
#16665=CARTESIAN_POINT('',(-12.6055255888326,13.6359642866633,-589.71));
#16666=CARTESIAN_POINT('',(-12.5469959574687,14.2993874414087,-589.71));
#16667=CARTESIAN_POINT('',(-12.5862647160557,13.7523817199792,-589.71));
#16668=CARTESIAN_POINT('',(-12.6996921938165,13.7198516217807,-589.71));
#16669=CARTESIAN_POINT('',(-12.6996921938165,13.7198516217807,-589.71));
#16670=CARTESIAN_POINT('',(-12.5862647160557,13.7523817199792,-589.71));
#16671=CARTESIAN_POINT('',(-12.836717534539,13.6911452461839,-589.71));
#16672=CARTESIAN_POINT('',(-12.7521562954317,13.8027221113516,-589.71));
#16673=CARTESIAN_POINT('',(-12.7521562954317,13.8027221113516,-589.71));
#16674=CARTESIAN_POINT('',(-12.836717534539,13.6911452461839,-589.71));
#16675=CARTESIAN_POINT('',(-13.1129738770404,13.2405524992219,-589.71));
#16676=CARTESIAN_POINT('',(-13.4067382167055,13.840491256714,-589.71));
#16677=CARTESIAN_POINT('',(-13.4067382167055,13.840491256714,-589.71));
#16678=CARTESIAN_POINT('',(-13.1129738770404,13.2405524992219,-589.71));
#16679=CARTESIAN_POINT('',(-13.3389309220462,13.7180079076783,-589.71));
#16680=CARTESIAN_POINT('',(-13.4711446046613,13.7640463929853,-589.71));
#16681=CARTESIAN_POINT('',(-13.4711446046613,13.7640463929853,-589.71));
#16682=CARTESIAN_POINT('',(-13.3389309220462,13.7180079076783,-589.71));
#16683=CARTESIAN_POINT('',(-13.5800753007576,13.8094127180289,-589.71));
#16684=CARTESIAN_POINT('',(-13.5725317547306,13.6916540881399,-589.71));
#16685=CARTESIAN_POINT('',(-13.5725317547306,13.6916540881399,-589.71));
#16686=CARTESIAN_POINT('',(-13.5800753007576,13.8094127180289,-589.71));
#16687=CARTESIAN_POINT('',(-13.5534513334417,14.3573807118552,-589.71));
#16688=CARTESIAN_POINT('',(-14.157257454592,14.0763572821177,-589.71));
#16689=CARTESIAN_POINT('',(-14.157257454592,14.0763572821177,-589.71));
#16690=CARTESIAN_POINT('',(-13.5534513334417,14.3573807118552,-589.71));
#16691=CARTESIAN_POINT('',(-14.0468065635086,14.1178855936518,-589.71));
#16692=CARTESIAN_POINT('',(-14.1316921938165,14.1998516217807,-589.71));
#16693=CARTESIAN_POINT('',(-14.1316921938165,14.1998516217807,-589.71));
#16694=CARTESIAN_POINT('',(-14.0468065635086,14.1178855936518,-589.71));
#16695=CARTESIAN_POINT('',(-14.2250653146951,14.3041658600101,-589.71));
#16696=CARTESIAN_POINT('',(-14.0861562954317,14.2867221113516,-589.71));
#16697=CARTESIAN_POINT('',(-14.0861562954317,14.2867221113516,-589.71));
#16698=CARTESIAN_POINT('',(-14.2250653146951,14.3041658600101,-589.71));
#16699=CARTESIAN_POINT('',(-14.753418251576,14.318114497092,-589.71));
#16700=CARTESIAN_POINT('',(-14.3807382167055,14.8724912567139,-589.71));
#16701=CARTESIAN_POINT('',(-14.3807382167055,14.8724912567139,-589.71));
#16702=CARTESIAN_POINT('',(-14.753418251576,14.318114497092,-589.71));
#16703=CARTESIAN_POINT('',(-14.4529082611813,14.7525267424593,-589.71));
#16704=CARTESIAN_POINT('',(-14.4791446046613,14.8900463929853,-589.71));
#16705=CARTESIAN_POINT('',(-14.4791446046613,14.8900463929853,-589.71));
#16706=CARTESIAN_POINT('',(-14.4529082611813,14.7525267424593,-589.71));
#16707=CARTESIAN_POINT('',(-14.4943215627454,15.0070663055785,-589.71));
#16708=CARTESIAN_POINT('',(-14.5925317547306,14.9416540881399,-589.71));
#16709=CARTESIAN_POINT('',(-14.5925317547306,14.9416540881399,-589.71));
#16710=CARTESIAN_POINT('',(-14.4943215627454,15.0070663055785,-589.71));
#16711=CARTESIAN_POINT('',(-14.0064587145749,15.257999455741,-589.71));
#16712=CARTESIAN_POINT('',(-14.5521073852177,15.6398679255388,-589.71));
#16713=CARTESIAN_POINT('',(-14.5521073852177,15.6398679255388,-589.71));
#16714=CARTESIAN_POINT('',(-14.0064587145749,15.257999455741,-589.71));
#16715=CARTESIAN_POINT('',(-14.4604976191376,15.5654928574128,-589.71));
#16716=CARTESIAN_POINT('',(-14.432,15.68,-589.71));
#16717=CARTESIAN_POINT('',(-14.432,15.68,-589.71));
#16718=CARTESIAN_POINT('',(-14.4604976191376,15.5654928574128,-589.71));
#16719=CARTESIAN_POINT('',(-14.3883477801562,15.8130206138262,-589.71));
#16720=CARTESIAN_POINT('',(-14.334,15.684,-589.71));
#16721=CARTESIAN_POINT('',(-14.334,15.684,-589.71));
#16722=CARTESIAN_POINT('',(-14.3883477801562,15.8130206138262,-589.71));
#16723=CARTESIAN_POINT('',(-14.6404443745356,16.2775619978701,-589.71));
#16724=CARTESIAN_POINT('',(-13.974,16.232,-589.71));
#16725=CARTESIAN_POINT('',(-13.974,16.232,-589.71));
#16726=CARTESIAN_POINT('',(-14.6404443745356,16.2775619978701,-589.71));
#16727=CARTESIAN_POINT('',(-14.1139773391351,16.2345188347809,-589.71));
#16728=CARTESIAN_POINT('',(-14.008,16.326,-589.71));
#16729=CARTESIAN_POINT('',(-14.008,16.326,-589.71));
#16730=CARTESIAN_POINT('',(-14.1139773391351,16.2345188347809,-589.71));
#16731=CARTESIAN_POINT('',(-13.9142462619877,16.3976535875496,-589.71));
#16732=CARTESIAN_POINT('',(-14.02,16.45,-589.71));
#16733=CARTESIAN_POINT('',(-14.02,16.45,-589.71));
#16734=CARTESIAN_POINT('',(-13.9142462619877,16.3976535875496,-589.71));
#16735=CARTESIAN_POINT('',(-13.4530040425313,16.1006125585913,-589.71));
#16736=CARTESIAN_POINT('',(-13.3944744111674,16.7640357133367,-589.71));
#16737=CARTESIAN_POINT('',(-13.3944744111674,16.7640357133367,-589.71));
#16738=CARTESIAN_POINT('',(-13.4530040425313,16.1006125585913,-589.71));
#16739=CARTESIAN_POINT('',(-13.4137352839443,16.6476182800208,-589.71));
#16740=CARTESIAN_POINT('',(-13.3003078061835,16.6801483782193,-589.71));
#16741=CARTESIAN_POINT('',(-13.3003078061835,16.6801483782193,-589.71));
#16742=CARTESIAN_POINT('',(-13.4137352839443,16.6476182800208,-589.71));
#16743=CARTESIAN_POINT('',(-13.163282465461,16.7088547538161,-589.71));
#16744=CARTESIAN_POINT('',(-13.2478437045683,16.5972778886484,-589.71));
#16745=CARTESIAN_POINT('',(-13.2478437045683,16.5972778886484,-589.71));
#16746=CARTESIAN_POINT('',(-13.163282465461,16.7088547538161,-589.71));
#16747=CARTESIAN_POINT('',(-12.8870261229596,17.1594475007781,-589.71));
#16748=CARTESIAN_POINT('',(-12.5932617832945,16.559508743286,-589.71));
#16749=CARTESIAN_POINT('',(-12.5932617832945,16.559508743286,-589.71));
#16750=CARTESIAN_POINT('',(-12.8870261229596,17.1594475007781,-589.71));
#16751=CARTESIAN_POINT('',(-12.6610690779538,16.6819920923217,-589.71));
#16752=CARTESIAN_POINT('',(-12.5288553953387,16.6359536070147,-589.71));
#16753=CARTESIAN_POINT('',(-12.5288553953387,16.6359536070147,-589.71));
#16754=CARTESIAN_POINT('',(-12.6610690779538,16.6819920923217,-589.71));
#16755=CARTESIAN_POINT('',(-12.4199246992424,16.5905872819711,-589.71));
#16756=CARTESIAN_POINT('',(-12.4274682452695,16.7083459118601,-589.71));
#16757=CARTESIAN_POINT('',(-12.4274682452695,16.7083459118601,-589.71));
#16758=CARTESIAN_POINT('',(-12.4199246992424,16.5905872819711,-589.71));
#16759=CARTESIAN_POINT('',(-12.4465486665583,16.0426192881448,-589.71));
#16760=CARTESIAN_POINT('',(-11.842742545408,16.3236427178823,-589.71));
#16761=CARTESIAN_POINT('',(-11.842742545408,16.3236427178823,-589.71));
#16762=CARTESIAN_POINT('',(-12.4465486665583,16.0426192881448,-589.71));
#16763=CARTESIAN_POINT('',(-11.9531934364914,16.2821144063482,-589.71));
#16764=CARTESIAN_POINT('',(-11.8683078061835,16.2001483782193,-589.71));
#16765=CARTESIAN_POINT('',(-11.8683078061835,16.2001483782193,-589.71));
#16766=CARTESIAN_POINT('',(-11.9531934364914,16.2821144063482,-589.71));
#16767=CARTESIAN_POINT('',(-11.7749346853049,16.0958341399899,-589.71));
#16768=CARTESIAN_POINT('',(-11.9138437045683,16.1132778886484,-589.71));
#16769=CARTESIAN_POINT('',(-11.9138437045683,16.1132778886484,-589.71));
#16770=CARTESIAN_POINT('',(-11.7749346853049,16.0958341399899,-589.71));
#16771=CARTESIAN_POINT('',(-11.246581748424,16.081885502908,-589.71));
#16772=CARTESIAN_POINT('',(-11.6192617832945,15.527508743286,-589.71));
#16773=CARTESIAN_POINT('',(-11.6192617832945,15.527508743286,-589.71));
#16774=CARTESIAN_POINT('',(-11.246581748424,16.081885502908,-589.71));
#16775=CARTESIAN_POINT('',(-11.5470917388187,15.6474732575407,-589.71));
#16776=CARTESIAN_POINT('',(-11.5208553953387,15.5099536070147,-589.71));
#16777=CARTESIAN_POINT('',(-11.5208553953387,15.5099536070147,-589.71));
#16778=CARTESIAN_POINT('',(-11.5470917388187,15.6474732575407,-589.71));
#16779=CARTESIAN_POINT('',(-11.5056784372546,15.3929336944215,-589.71));
#16780=CARTESIAN_POINT('',(-11.4074682452695,15.4583459118601,-589.71));
#16781=CARTESIAN_POINT('',(-11.4074682452695,15.4583459118601,-589.71));
#16782=CARTESIAN_POINT('',(-11.5056784372546,15.3929336944215,-589.71));
#16783=CARTESIAN_POINT('',(-11.9935412854251,15.142000544259,-589.71));
#16784=CARTESIAN_POINT('',(-11.4478926147823,14.7601320744611,-589.71));
#16785=CARTESIAN_POINT('',(-11.4478926147823,14.7601320744611,-589.71));
#16786=CARTESIAN_POINT('',(-11.9935412854251,15.142000544259,-589.71));
#16787=CARTESIAN_POINT('',(-11.5395023808624,14.8345071425872,-589.71));
#16788=CARTESIAN_POINT('',(-11.568,14.72,-589.71));
#16789=CARTESIAN_POINT('',(-11.568,14.72,-589.71));
#16790=CARTESIAN_POINT('',(-11.5395023808624,14.8345071425872,-589.71));
#16791=CARTESIAN_POINT('',(-11.6116522198438,14.5869793861738,-589.71));
#16792=CARTESIAN_POINT('',(-11.666,14.716,-589.71));
#16793=CARTESIAN_POINT('',(-11.666,14.716,-589.71));
#16794=CARTESIAN_POINT('',(-11.6116522198438,14.5869793861738,-589.71));
#16795=CARTESIAN_POINT('',(-11.3595556254644,14.1224380021299,-589.71));
#16796=CARTESIAN_POINT('',(-12.026,14.168,-589.71));
#16797=CARTESIAN_POINT('',(-12.026,14.168,-589.71));
#16798=CARTESIAN_POINT('',(-11.3595556254644,14.1224380021299,-589.71));
#16799=CARTESIAN_POINT('',(-11.8860226608649,14.1654811652191,-589.71));
#16800=CARTESIAN_POINT('',(-11.8860226608649,14.1654811652191,-589.71));
#16801=CARTESIAN_POINT('',(-12.3163748477405,14.1508669269296,-589.71));
#16802=CARTESIAN_POINT('',(-1.495,6.197,-618.9));
#16803=CARTESIAN_POINT('',(-1.495,12.717,-618.9));
#16804=CARTESIAN_POINT('',(-1.495,12.717,-588.9));
#16805=CARTESIAN_POINT('',(-1.495,6.197,-588.9));
#16806=CARTESIAN_POINT('',(-8.015,6.197,-588.9));
#16807=CARTESIAN_POINT('',(-8.015,6.197,-618.9));
#16808=CARTESIAN_POINT('',(-8.015,6.197,-618.9));
#16809=CARTESIAN_POINT('',(-8.015,6.197,-588.9));
#16810=CARTESIAN_POINT('',(8.015,7.105427357601E-15,-618.9));
#16811=CARTESIAN_POINT('',(8.015,7.105427357601E-15,-588.9));
#16812=CARTESIAN_POINT('',(8.015,6.197,-588.9));
#16813=CARTESIAN_POINT('',(8.015,6.197,-618.9));
#16814=CARTESIAN_POINT('',(1.495,6.197,-618.9));
#16815=CARTESIAN_POINT('',(1.495,6.197,-588.9));
#16816=CARTESIAN_POINT('',(1.495,12.717,-588.9));
#16817=CARTESIAN_POINT('',(1.495,12.717,-618.9));
#16818=CARTESIAN_POINT('',(1.495,12.717,-618.9));
#16819=CARTESIAN_POINT('',(1.495,12.717,-588.9));
#16820=CARTESIAN_POINT('',(-1.495,6.197,-588.9));
#16821=CARTESIAN_POINT('',(0.,6.5,-588.9));
#16822=CARTESIAN_POINT('',(-5.92,6.5,-588.9));
#16823=CARTESIAN_POINT('',(0.,6.5,-588.9));
#16824=CARTESIAN_POINT('',(0.,6.5,-590.9));
#16825=CARTESIAN_POINT('',(-3.92,6.5,-590.9));
#16826=CARTESIAN_POINT('',(0.,10.42,-590.9));
#16827=CARTESIAN_POINT('',(0.,6.5,-590.9));
#16828=CARTESIAN_POINT('',(-2.,6.5,-590.9));
#16829=CARTESIAN_POINT('',(0.,6.5,-601.9));
#16830=CARTESIAN_POINT('',(0.,6.5,-601.9));
#16831=CARTESIAN_POINT('',(-2.,6.5,-601.9));
#16832=CARTESIAN_POINT('',(0.,8.5,-601.9));
#16833=CARTESIAN_POINT('',(0.,0.,0.));
#16834=CARTESIAN_POINT('',(606.,25.,-2.));
#16835=CARTESIAN_POINT('',(606.,25.,0.));
#16836=CARTESIAN_POINT('',(606.,25.,0.));
#16837=CARTESIAN_POINT('',(0.,25.,0.));
#16838=CARTESIAN_POINT('',(606.,25.,-2.));
#16839=CARTESIAN_POINT('',(606.,25.,-2.));
#16840=CARTESIAN_POINT('',(606.,25.,-2.));
#16841=CARTESIAN_POINT('',(0.,25.,-2.));
#16842=CARTESIAN_POINT('',(0.,25.,-2.));
#16843=CARTESIAN_POINT('',(0.,25.,-2.));
#16844=CARTESIAN_POINT('',(0.,25.,0.));
#16845=CARTESIAN_POINT('',(0.,0.,0.));
#16846=CARTESIAN_POINT('',(0.,25.,-2.));
#16847=CARTESIAN_POINT('',(0.,0.,-2.));
#16848=CARTESIAN_POINT('',(0.,0.,-2.));
#16849=CARTESIAN_POINT('',(0.,0.,-2.));
#16850=CARTESIAN_POINT('',(0.,0.,0.));
#16851=CARTESIAN_POINT('',(606.,0.,0.));
#16852=CARTESIAN_POINT('',(0.,0.,-2.));
#16853=CARTESIAN_POINT('',(606.,0.,-2.));
#16854=CARTESIAN_POINT('',(606.,0.,-2.));
#16855=CARTESIAN_POINT('',(606.,0.,-2.));
#16856=CARTESIAN_POINT('',(606.,0.,0.));
#16857=CARTESIAN_POINT('',(606.,0.,-2.));
#16858=CARTESIAN_POINT('',(0.,0.,-2.));
#16859=CARTESIAN_POINT('',(0.,0.,0.));
#16860=CARTESIAN_POINT('',(-3.71,34.9,-12.5));
#16861=CARTESIAN_POINT('',(21.85,0.,0.));
#16862=CARTESIAN_POINT('',(21.85,0.433,0.));
#16863=CARTESIAN_POINT('',(21.85,0.433,-2.067));
#16864=CARTESIAN_POINT('',(21.85,1.,0.));
#16865=CARTESIAN_POINT('',(21.85,1.,2.067));
#16866=CARTESIAN_POINT('',(28.,1.3,1.9));
#16867=CARTESIAN_POINT('',(28.,1.3,-1.9));
#16868=CARTESIAN_POINT('',(28.,1.3,-1.9));
#16869=CARTESIAN_POINT('',(28.,0.,-1.9));
#16870=CARTESIAN_POINT('',(28.,1.3,3.85));
#16871=CARTESIAN_POINT('',(28.,1.3,-3.85));
#16872=CARTESIAN_POINT('',(28.,5.,-3.85));
#16873=CARTESIAN_POINT('',(28.,3.51016187358407,-3.85));
#16874=CARTESIAN_POINT('',(28.,6.175,-0.3174));
#16875=CARTESIAN_POINT('',(28.,1.75,-0.317399999999999));
#16876=CARTESIAN_POINT('',(28.,1.75,0.8174));
#16877=CARTESIAN_POINT('',(28.,1.75,0.317400000000001));
#16878=CARTESIAN_POINT('',(28.,6.175,0.317400000000001));
#16879=CARTESIAN_POINT('',(28.,3.51016187358406,3.85));
#16880=CARTESIAN_POINT('',(28.,5.,3.85));
#16881=CARTESIAN_POINT('',(28.,1.3,3.85));
#16882=CARTESIAN_POINT('',(28.,1.3,3.85));
#16883=CARTESIAN_POINT('',(28.,1.3,1.9));
#16884=CARTESIAN_POINT('',(28.,1.3,1.9));
#16885=CARTESIAN_POINT('',(28.,0.,1.9));
#16886=CARTESIAN_POINT('',(28.,0.,1.9));
#16887=CARTESIAN_POINT('',(3.,5.,3.85));
#16888=CARTESIAN_POINT('',(18.926,5.,-4.73));
#16889=CARTESIAN_POINT('',(18.92,5.,-4.73));
#16890=CARTESIAN_POINT('',(16.056,5.,-4.73));
#16891=CARTESIAN_POINT('',(18.926,5.,-4.73));
#16892=CARTESIAN_POINT('',(18.926,5.,-4.73));
#16893=CARTESIAN_POINT('',(18.926,5.,4.73));
#16894=CARTESIAN_POINT('',(18.926,5.,4.73));
#16895=CARTESIAN_POINT('',(16.056,5.,4.73));
#16896=CARTESIAN_POINT('',(18.92,5.,4.73));
#16897=CARTESIAN_POINT('',(16.056,5.,4.73));
#16898=CARTESIAN_POINT('',(16.056,5.,4.73));
#16899=CARTESIAN_POINT('',(16.056,5.,8.67361737988404E-16));
#16900=CARTESIAN_POINT('',(21.85,5.,0.));
#16901=CARTESIAN_POINT('',(21.85,5.,-2.5));
#16902=CARTESIAN_POINT('',(6.85,5.,0.));
#16903=CARTESIAN_POINT('',(6.85,5.,-3.));
#16904=CARTESIAN_POINT('',(25.,5.,3.85));
#16905=CARTESIAN_POINT('',(25.,5.,6.85));
#16906=CARTESIAN_POINT('',(27.8622690242331,5.,4.74856331603038));
#16907=CARTESIAN_POINT('',(25.8,5.,4.74856331603038));
#16908=CARTESIAN_POINT('',(25.8,5.,4.74856331603037));
#16909=CARTESIAN_POINT('',(25.8,5.,-5.24856331603038));
#16910=CARTESIAN_POINT('',(25.8,5.,-4.74856331603038));
#16911=CARTESIAN_POINT('',(25.8,5.,-4.74856331603038));
#16912=CARTESIAN_POINT('',(27.8622690242331,5.,-4.74856331603038));
#16913=CARTESIAN_POINT('',(25.,5.,-3.85));
#16914=CARTESIAN_POINT('',(25.,5.,-6.85));
#16915=CARTESIAN_POINT('',(25.,5.,-6.85));
#16916=CARTESIAN_POINT('',(3.,5.,-6.85));
#16917=CARTESIAN_POINT('',(3.,5.,-3.85));
#16918=CARTESIAN_POINT('',(0.,5.,-3.85));
#16919=CARTESIAN_POINT('',(0.,5.,-3.85));
#16920=CARTESIAN_POINT('',(0.,5.,3.85));
#16921=CARTESIAN_POINT('',(3.,5.,3.85));
#16922=CARTESIAN_POINT('',(3.,5.,6.85));
#16923=CARTESIAN_POINT('',(3.,5.,6.85));
#16924=CARTESIAN_POINT('',(25.8,1.75,0.8174));
#16925=CARTESIAN_POINT('',(25.8,1.75,-0.317399999999999));
#16926=CARTESIAN_POINT('',(25.8,1.75,-0.317399999999999));
#16927=CARTESIAN_POINT('',(25.8,1.75,0.8174));
#16928=CARTESIAN_POINT('',(25.8,1.75,0.317400000000001));
#16929=CARTESIAN_POINT('',(25.8,1.75,0.3174));
#16930=CARTESIAN_POINT('',(25.8,6.17499999999999,0.817400000000005));
#16931=CARTESIAN_POINT('',(25.8,5.,-4.74856331603038));
#16932=CARTESIAN_POINT('',(25.8,3.9625,-4.14956241174614));
#16933=CARTESIAN_POINT('',(25.8,3.9625,4.14956241174614));
#16934=CARTESIAN_POINT('',(25.8,3.9625,4.14956241174614));
#16935=CARTESIAN_POINT('',(25.8,6.175,0.317400000000001));
#16936=CARTESIAN_POINT('',(25.8,6.175,-0.3174));
#16937=CARTESIAN_POINT('',(14.35,5.68,0.));
#16938=CARTESIAN_POINT('',(14.35,4.71527855753309,0.));
#16939=CARTESIAN_POINT('',(15.76,5.09308691886097,0.));
#16940=CARTESIAN_POINT('',(14.35,5.30219163867212,0.));
#16941=CARTESIAN_POINT('',(15.76,5.68,0.));
#16942=CARTESIAN_POINT('',(18.9200000000001,-10.0000000000004,6.));
#16943=CARTESIAN_POINT('',(15.3438297377198,4.56746396100511,1.00020120596998));
#16944=CARTESIAN_POINT('',(15.6036782644623,4.63125423888199,0.742007962812484));
#16945=CARTESIAN_POINT('',(15.9149504750845,4.69514779234454,-1.48481846856305E-5));
#16946=CARTESIAN_POINT('',(15.6064201416197,4.63192734297062,-0.739283551924039));
#16947=CARTESIAN_POINT('',(15.3438297377198,4.56746396100511,-1.00020120596998));
#16948=CARTESIAN_POINT('',(15.3438297377198,4.56746396100511,1.00020120596998));
#16949=CARTESIAN_POINT('',(15.3438297377198,4.56746396100511,-1.00020120596998));
#16950=CARTESIAN_POINT('',(15.3438297377198,4.56746396100511,6.));
#16951=CARTESIAN_POINT('',(15.3438297377198,4.56746396100511,4.65));
#16952=CARTESIAN_POINT('',(18.9200000000001,-10.0000000000004,4.65));
#16953=CARTESIAN_POINT('',(15.1897436868917,4.52877103675723,4.65000000000001));
#16954=CARTESIAN_POINT('',(15.1897436868917,4.52877103675723,4.65000000000001));
#16955=CARTESIAN_POINT('',(15.4738241660119,4.60170858928578,4.70292182977821));
#16956=CARTESIAN_POINT('',(15.7624956318925,4.66695504368904,4.73));
#16957=CARTESIAN_POINT('',(16.056,4.72404509637212,4.73));
#16958=CARTESIAN_POINT('',(16.056,4.72404509637212,4.73));
#16959=CARTESIAN_POINT('',(18.9200000000001,-10.0000000000004,4.73));
#16960=CARTESIAN_POINT('',(18.92,5.,6.));
#16961=CARTESIAN_POINT('',(18.9200000000001,-10.0000000000004,-4.73));
#16962=CARTESIAN_POINT('',(16.056,4.72404509637212,-4.73));
#16963=CARTESIAN_POINT('',(16.056,4.72404509637212,-4.73));
#16964=CARTESIAN_POINT('',(15.7624956318925,4.66695504368904,-4.73));
#16965=CARTESIAN_POINT('',(15.4738241660119,4.60170858928578,-4.70292182977821));
#16966=CARTESIAN_POINT('',(15.1897436868917,4.52877103675722,-4.65));
#16967=CARTESIAN_POINT('',(15.1897436868917,4.52877103675722,-4.65));
#16968=CARTESIAN_POINT('',(18.9200000000001,-10.0000000000004,-4.65));
#16969=CARTESIAN_POINT('',(15.3438297377198,4.56746396100511,-4.65));
#16970=CARTESIAN_POINT('',(15.3438297377198,4.56746396100511,6.));
#16971=CARTESIAN_POINT('',(27.38,4.53,4.65));
#16972=CARTESIAN_POINT('',(26.1764914402733,9.02155509224415,0.));
#16973=CARTESIAN_POINT('',(27.2872845229159,4.8760188711259,1.78973969251113));
#16974=CARTESIAN_POINT('',(27.2872845229159,4.8760188711259,-1.78973969251113));
#16975=CARTESIAN_POINT('',(26.978571661046,6.02815095657434,-4.65));
#16976=CARTESIAN_POINT('',(26.978571661046,6.02815095657434,-4.65));
#16977=CARTESIAN_POINT('',(27.38,4.53,-4.65));
#16978=CARTESIAN_POINT('',(26.9784739564774,6.0285155949885,-4.65));
#16979=CARTESIAN_POINT('',(26.9784739564774,6.0285155949885,4.65));
#16980=CARTESIAN_POINT('',(26.9784739564774,6.0285155949885,4.65));
#16981=CARTESIAN_POINT('',(27.38,4.53,4.65));
#16982=CARTESIAN_POINT('',(26.978571661046,6.02815095657434,4.65));
#16983=CARTESIAN_POINT('',(27.2872845229159,4.8760188711259,1.78973969251113));
#16984=CARTESIAN_POINT('',(26.5921036259618,5.92498797694749,4.65));
#16985=CARTESIAN_POINT('',(26.5921036259618,5.92498797694749,-4.65));
#16986=CARTESIAN_POINT('',(26.5921036259618,5.92498797694749,-4.65));
#16987=CARTESIAN_POINT('',(26.5922013305304,5.92462333853334,-4.65));
#16988=CARTESIAN_POINT('',(26.5922013305304,5.92462333853334,-4.65));
#16989=CARTESIAN_POINT('',(26.9009141924003,4.77249125308489,-1.78973969251113));
#16990=CARTESIAN_POINT('',(25.7901211097577,8.91802747420314,0.));
#16991=CARTESIAN_POINT('',(26.9009141924003,4.77249125308489,1.78973969251113));
#16992=CARTESIAN_POINT('',(26.9009141924003,4.77249125308489,1.78973969251113));
#16993=CARTESIAN_POINT('',(26.5922013305304,5.92462333853333,4.65));
#16994=CARTESIAN_POINT('',(26.5921036259618,5.92498797694749,4.65));
#16995=CARTESIAN_POINT('',(26.5921036259618,5.92498797694749,4.65));
#16996=CARTESIAN_POINT('',(26.5921036259618,5.92498797694749,4.65));
#16997=CARTESIAN_POINT('',(18.926,3.,-4.73));
#16998=CARTESIAN_POINT('',(18.92,3.,-4.73));
#16999=CARTESIAN_POINT('',(18.92,3.,-4.73));
#17000=CARTESIAN_POINT('',(18.926,3.,-4.73));
#17001=CARTESIAN_POINT('',(18.926,3.,-4.73));
#17002=CARTESIAN_POINT('',(18.926,3.,-4.73));
#17003=CARTESIAN_POINT('',(16.056,3.,8.67361737988404E-16));
#17004=CARTESIAN_POINT('',(15.1897436868917,3.,4.65));
#17005=CARTESIAN_POINT('',(15.1897436868917,4.94028720028485,4.65));
#17006=CARTESIAN_POINT('',(16.056,5.17239987982059,8.67361737988404E-16));
#17007=CARTESIAN_POINT('',(15.1897436868917,4.94028720028485,-4.65));
#17008=CARTESIAN_POINT('',(15.1897436868917,3.,-4.65));
#17009=CARTESIAN_POINT('',(16.056,3.,-4.73));
#17010=CARTESIAN_POINT('',(16.056,3.,4.73));
#17011=CARTESIAN_POINT('',(16.056,3.,4.73));
#17012=CARTESIAN_POINT('',(18.92,3.,4.73));
#17013=CARTESIAN_POINT('',(18.92,3.,4.73));
#17014=CARTESIAN_POINT('',(18.926,3.,4.73));
#17015=CARTESIAN_POINT('',(18.926,3.,4.73));
#17016=CARTESIAN_POINT('',(16.056,3.,4.73));
#17017=CARTESIAN_POINT('',(16.056,3.,8.67361737988404E-16));
#17018=CARTESIAN_POINT('',(18.92,3.,8.67361737988404E-16));
#17019=CARTESIAN_POINT('',(18.926,3.,4.73));
#17020=CARTESIAN_POINT('',(2.,1.3,-1.9));
#17021=CARTESIAN_POINT('',(2.,0.,-1.9));
#17022=CARTESIAN_POINT('',(2.,0.,-3.9));
#17023=CARTESIAN_POINT('',(0.,0.,-1.9));
#17024=CARTESIAN_POINT('',(0.,1.3,-1.9));
#17025=CARTESIAN_POINT('',(0.,1.3,-1.9));
#17026=CARTESIAN_POINT('',(2.,1.3,-1.9));
#17027=CARTESIAN_POINT('',(2.,1.3,-3.9));
#17028=CARTESIAN_POINT('',(2.,1.3,-3.9));
#17029=CARTESIAN_POINT('',(0.,1.3,-1.9));
#17030=CARTESIAN_POINT('',(0.,0.,-1.9));
#17031=CARTESIAN_POINT('',(0.,0.,1.9));
#17032=CARTESIAN_POINT('',(0.,1.3,1.9));
#17033=CARTESIAN_POINT('',(0.,1.3,1.9));
#17034=CARTESIAN_POINT('',(0.,1.3,-3.85));
#17035=CARTESIAN_POINT('',(0.,1.3,3.85));
#17036=CARTESIAN_POINT('',(0.,5.,3.85));
#17037=CARTESIAN_POINT('',(0.,5.,-3.85));
#17038=CARTESIAN_POINT('',(0.,1.3,-3.85));
#17039=CARTESIAN_POINT('',(0.,1.3,-3.85));
#17040=CARTESIAN_POINT('',(2.,1.3,1.9));
#17041=CARTESIAN_POINT('',(2.,0.,1.9));
#17042=CARTESIAN_POINT('',(2.,0.,3.9));
#17043=CARTESIAN_POINT('',(2.,1.3,3.9));
#17044=CARTESIAN_POINT('',(2.,1.3,3.9));
#17045=CARTESIAN_POINT('',(2.,1.3,1.9));
#17046=CARTESIAN_POINT('',(2.,1.3,3.9));
#17047=CARTESIAN_POINT('',(2.,0.,3.9));
#17048=CARTESIAN_POINT('',(26.,0.,3.9));
#17049=CARTESIAN_POINT('',(26.,1.3,3.9));
#17050=CARTESIAN_POINT('',(26.,1.3,3.9));
#17051=CARTESIAN_POINT('',(2.,1.3,3.9));
#17052=CARTESIAN_POINT('',(26.,1.3,1.9));
#17053=CARTESIAN_POINT('',(26.,0.,1.9));
#17054=CARTESIAN_POINT('',(26.,1.3,1.9));
#17055=CARTESIAN_POINT('',(26.,1.3,-1.9));
#17056=CARTESIAN_POINT('',(26.,0.,-1.9));
#17057=CARTESIAN_POINT('',(26.,0.,-3.9));
#17058=CARTESIAN_POINT('',(26.,1.3,-3.9));
#17059=CARTESIAN_POINT('',(26.,1.3,-3.9));
#17060=CARTESIAN_POINT('',(26.,1.3,-1.9));
#17061=CARTESIAN_POINT('',(26.,1.3,-3.9));
#17062=CARTESIAN_POINT('',(26.,0.,-3.9));
#17063=CARTESIAN_POINT('',(26.,1.3,-3.9));
#17064=CARTESIAN_POINT('',(2.,0.,-1.9));
#17065=CARTESIAN_POINT('',(21.85,0.,0.));
#17066=CARTESIAN_POINT('',(21.85,0.,-2.5));
#17067=CARTESIAN_POINT('',(6.85,1.0842021724855E-16,0.));
#17068=CARTESIAN_POINT('',(6.85,1.0842021724855E-16,-3.));
#17069=CARTESIAN_POINT('',(3.,1.3,3.85));
#17070=CARTESIAN_POINT('',(25.,1.3,3.85));
#17071=CARTESIAN_POINT('',(25.,1.3,6.85));
#17072=CARTESIAN_POINT('',(3.,1.3,6.85));
#17073=CARTESIAN_POINT('',(3.,1.3,6.85));
#17074=CARTESIAN_POINT('',(3.,1.3,3.85));
#17075=CARTESIAN_POINT('',(3.,1.3,3.85));
#17076=CARTESIAN_POINT('',(3.,1.3,-3.85));
#17077=CARTESIAN_POINT('',(3.,1.3,-6.85));
#17078=CARTESIAN_POINT('',(25.,1.3,-6.85));
#17079=CARTESIAN_POINT('',(25.,1.3,-6.85));
#17080=CARTESIAN_POINT('',(25.,1.3,-3.85));
#17081=CARTESIAN_POINT('',(3.,5.,3.85));
#17082=CARTESIAN_POINT('',(3.,5.,6.85));
#17083=CARTESIAN_POINT('',(3.,5.,6.85));
#17084=CARTESIAN_POINT('',(25.,5.,6.85));
#17085=CARTESIAN_POINT('',(25.,5.,3.85));
#17086=CARTESIAN_POINT('',(27.9850062581959,3.9625,4.14956241174614));
#17087=CARTESIAN_POINT('',(27.9940921414781,3.80568568384513,4.05902562410134));
#17088=CARTESIAN_POINT('',(28.,3.65491875949768,3.95919823038098));
#17089=CARTESIAN_POINT('',(28.,3.51016187358406,3.85));
#17090=CARTESIAN_POINT('',(27.9850062581959,3.9625,4.14956241174614));
#17091=CARTESIAN_POINT('',(25.,3.44364268281782,3.85));
#17092=CARTESIAN_POINT('',(25.,5.,-3.85));
#17093=CARTESIAN_POINT('',(25.,3.44364268281782,-3.85));
#17094=CARTESIAN_POINT('',(27.9850062581959,3.9625,-4.14956241174614));
#17095=CARTESIAN_POINT('',(28.,3.51016187358407,-3.85));
#17096=CARTESIAN_POINT('',(28.,3.65491875949769,-3.95919823038098));
#17097=CARTESIAN_POINT('',(27.9940921414781,3.80568568384513,-4.05902562410134));
#17098=CARTESIAN_POINT('',(27.9850062581959,3.9625,-4.14956241174614));
#17099=CARTESIAN_POINT('',(25.,5.,-6.85));
#17100=CARTESIAN_POINT('',(25.,5.,-6.85));
#17101=CARTESIAN_POINT('',(3.,5.,-6.85));
#17102=CARTESIAN_POINT('',(3.,5.,-3.85));
#17103=CARTESIAN_POINT('',(6.85,5.,0.));
#17104=CARTESIAN_POINT('',(6.85,4.4585,0.));
#17105=CARTESIAN_POINT('',(6.85,4.4585,-2.4585));
#17106=CARTESIAN_POINT('',(6.85,0.,0.));
#17107=CARTESIAN_POINT('',(6.85,0.541499999999999,0.));
#17108=CARTESIAN_POINT('',(6.85,0.541499999999999,-2.4585));
#17109=CARTESIAN_POINT('',(6.85,0.541499999999999,0.));
#17110=CARTESIAN_POINT('',(21.85,0.433,0.));
#17111=CARTESIAN_POINT('',(18.926,3.,-4.73));
#17112=CARTESIAN_POINT('',(16.056,3.,4.73));
#17113=CARTESIAN_POINT('',(18.926,3.,4.73));
#17114=CARTESIAN_POINT('',(18.92,1.3,6.));
#17115=CARTESIAN_POINT('',(25.0466223038992,5.51087750478346,-4.65));
#17116=CARTESIAN_POINT('',(26.5922013305304,5.92462333853334,-4.65));
#17117=CARTESIAN_POINT('',(25.0466223038992,5.51087750478346,-4.65));
#17118=CARTESIAN_POINT('',(24.6325118317352,7.05635882684597,-4.65));
#17119=CARTESIAN_POINT('',(11.36,3.5,-4.65));
#17120=CARTESIAN_POINT('',(24.5289842136942,7.4427291573616,-4.65));
#17121=CARTESIAN_POINT('',(24.5289842136942,7.4427291573616,-4.65));
#17122=CARTESIAN_POINT('',(25.0466223038992,5.51087750478345,-4.65));
#17123=CARTESIAN_POINT('',(25.0466223038992,5.51087750478346,4.65));
#17124=CARTESIAN_POINT('',(26.5922013305304,5.92462333853334,4.65));
#17125=CARTESIAN_POINT('',(25.0466223038992,5.51087750478345,4.65));
#17126=CARTESIAN_POINT('',(24.5289842136942,7.4427291573616,4.65));
#17127=CARTESIAN_POINT('',(24.5289842136942,7.4427291573616,4.65));
#17128=CARTESIAN_POINT('',(11.36,3.5,4.65));
#17129=CARTESIAN_POINT('',(24.6325118317352,7.05635882684597,4.65));
#17130=CARTESIAN_POINT('',(25.0466223038992,5.51087750478346,4.65));
#17131=CARTESIAN_POINT('',(25.0466223038992,5.51087750478345,4.65));
#17132=CARTESIAN_POINT('',(24.5289842136942,7.4427291573616,4.65));
#17133=CARTESIAN_POINT('',(25.0466223038992,5.51087750478346,4.65));
#17134=CARTESIAN_POINT('',(24.6325118317352,7.05635882684597,4.65));
#17135=CARTESIAN_POINT('',(11.36,3.5,4.65));
#17136=CARTESIAN_POINT('',(14.35,4.30116808536906,0.));
#17137=CARTESIAN_POINT('',(24.5289842136942,7.4427291573616,4.65));
#17138=CARTESIAN_POINT('',(26.9009141924003,4.77249125308489,1.78973969251113));
#17139=CARTESIAN_POINT('',(26.9009141924003,4.77249125308489,1.78973969251113));
#17140=CARTESIAN_POINT('',(25.7901211097577,8.91802747420315,0.));
#17141=CARTESIAN_POINT('',(26.9009141924003,4.77249125308489,-1.78973969251113));
#17142=CARTESIAN_POINT('',(26.5922013305304,5.92462333853334,-4.65));
#17143=CARTESIAN_POINT('',(14.35,5.68,0.));
#17144=CARTESIAN_POINT('',(12.94,4.92438327734423,1.41));
#17145=CARTESIAN_POINT('',(25.8,3.9625,4.14956241174614));
#17146=CARTESIAN_POINT('',(25.8,3.9625,4.14956241174614));
#17147=CARTESIAN_POINT('',(25.8,6.175,0.317400000000001));
#17148=CARTESIAN_POINT('',(25.8,5.,-4.74856331603038));
#17149=CARTESIAN_POINT('',(25.8,3.9625,-4.14956241174614));
#17150=CARTESIAN_POINT('',(25.8,6.175,-0.3174));
#17151=CARTESIAN_POINT('',(24.35,1.,0.));
#17152=CARTESIAN_POINT('',(21.85,1.,-1.15470053837925));
#17153=CARTESIAN_POINT('',(21.85,1.,-1.15470053837925));
#17154=CARTESIAN_POINT('',(20.85,1.,-0.577350269189626));
#17155=CARTESIAN_POINT('',(20.85,1.,-0.577350269189626));
#17156=CARTESIAN_POINT('',(20.85,1.,0.577350269189626));
#17157=CARTESIAN_POINT('',(20.85,1.,0.577350269189626));
#17158=CARTESIAN_POINT('',(21.85,1.,1.15470053837925));
#17159=CARTESIAN_POINT('',(21.85,1.,1.15470053837925));
#17160=CARTESIAN_POINT('',(22.85,1.,0.577350269189626));
#17161=CARTESIAN_POINT('',(22.85,1.,0.577350269189626));
#17162=CARTESIAN_POINT('',(22.85,1.,-0.577350269189626));
#17163=CARTESIAN_POINT('',(22.85,1.,-0.577350269189626));
#17164=CARTESIAN_POINT('',(21.85,5.5,0.));
#17165=CARTESIAN_POINT('',(21.85,5.5,0.));
#17166=CARTESIAN_POINT('',(21.85,5.5,-1.63397459621556));
#17167=CARTESIAN_POINT('',(21.85,5.5,0.));
#17168=CARTESIAN_POINT('',(20.85,2.5,-0.577350269189626));
#17169=CARTESIAN_POINT('',(20.85,2.5,-0.577350269189626));
#17170=CARTESIAN_POINT('',(20.85,2.5,-0.577350269189626));
#17171=CARTESIAN_POINT('',(20.85,2.5,-0.577350269189626));
#17172=CARTESIAN_POINT('',(20.85,2.5,0.577350269189626));
#17173=CARTESIAN_POINT('',(20.85,2.5,0.577350269189626));
#17174=CARTESIAN_POINT('',(20.85,2.5,0.577350269189626));
#17175=CARTESIAN_POINT('',(20.85,2.5,0.577350269189626));
#17176=CARTESIAN_POINT('',(21.85,2.5,1.15470053837925));
#17177=CARTESIAN_POINT('',(21.85,2.5,1.15470053837925));
#17178=CARTESIAN_POINT('',(21.85,2.5,1.15470053837925));
#17179=CARTESIAN_POINT('',(21.85,2.5,1.15470053837925));
#17180=CARTESIAN_POINT('',(22.85,2.5,0.577350269189626));
#17181=CARTESIAN_POINT('',(22.85,2.5,0.577350269189626));
#17182=CARTESIAN_POINT('',(22.85,2.5,0.577350269189626));
#17183=CARTESIAN_POINT('',(22.85,2.5,0.577350269189626));
#17184=CARTESIAN_POINT('',(22.85,2.5,-0.577350269189626));
#17185=CARTESIAN_POINT('',(22.85,2.5,-0.577350269189626));
#17186=CARTESIAN_POINT('',(22.85,2.5,-0.577350269189626));
#17187=CARTESIAN_POINT('',(22.85,2.5,-0.577350269189626));
#17188=CARTESIAN_POINT('',(21.85,2.5,-1.15470053837925));
#17189=CARTESIAN_POINT('',(21.85,2.5,-1.15470053837925));
#17190=CARTESIAN_POINT('',(21.85,2.5,-1.15470053837925));
#17191=CARTESIAN_POINT('',(21.85,2.5,-1.15470053837925));
#17192=CARTESIAN_POINT('',(0.,2.5,0.));
#17193=CARTESIAN_POINT('',(11.256472381959,3.88637033051563,4.65));
#17194=CARTESIAN_POINT('',(11.359138297157,3.50321591879106,6.));
#17195=CARTESIAN_POINT('',(11.359138297157,3.50321591879106,-0.558918727872706));
#17196=CARTESIAN_POINT('',(11.359138297157,3.50321591879106,0.558918727872713));
#17197=CARTESIAN_POINT('',(16.056,-14.0257105923429,8.67361737988404E-16));
#17198=CARTESIAN_POINT('',(15.0377143234622,4.48888739433602,6.));
#17199=CARTESIAN_POINT('',(16.056,4.76173621902851,8.67361737988404E-16));
#17200=CARTESIAN_POINT('',(16.056,3.,8.67361737988404E-16));
#17201=CARTESIAN_POINT('',(567.,24.7,16.8));
#17202=CARTESIAN_POINT('',(5.,24.7,16.8));
#17203=CARTESIAN_POINT('',(567.,24.7,-16.8));
#17204=CARTESIAN_POINT('',(5.,24.7,-16.8));
#17205=MECHANICAL_DESIGN_GEOMETRIC_PRESENTATION_REPRESENTATION('',(#7770,
#7771,#7772,#7773,#7774,#7775,#7776,#7777,#7778,#7779,#7780,#7781,#7782,
#7783,#7784,#7785,#7786,#7787,#7788,#7789,#7790,#7791,#7792,#7793,#7794,
#7795,#7796,#7797,#7798,#7799,#7800,#7801,#7802,#7803,#7804,#7805,#7806,
#7807,#7808,#7809,#7810,#7811,#7812,#7813,#7814,#7815,#7816,#7817,#7818,
#7819,#7820,#7821,#7822,#7823,#7824,#7825,#7826,#7827,#7828,#7829,#7830,
#7831,#7832,#7833,#7834,#7835,#7836,#7837,#7838,#7839,#7840,#7841,#7842,
#7843,#7844,#7845,#7846,#7847,#7848,#7849,#7850,#7851,#7852,#7853,#7854,
#7855,#7856,#7857,#7858,#7859,#7860,#7861,#7862,#7863,#7864,#7865,#7866,
#7867,#7868,#7869,#7870,#7871,#7872,#7873,#7874,#7875,#7876,#7877,#7878,
#7879,#7880,#7881,#7882,#7883,#7884,#7885,#7886,#7887,#7888,#7889,#7890,
#7891,#7892,#7893,#7894,#7895,#7896,#7897,#7898,#7899,#7900,#7901,#7902,
#7903,#7904,#7905,#7906,#7907,#7908,#7909,#7910,#7911,#7912,#7913,#7914,
#7915,#7916,#7917,#7918,#7919,#7920,#7921,#7922,#7923,#7924,#7925,#7926,
#7927,#7928,#7929,#7930,#7931,#7932,#7933,#7934,#7935,#7936,#7937,#7938,
#7939,#7940,#7941,#7942,#7943,#7944,#7945,#7946,#7947,#7948,#7949,#7950,
#7951,#7952,#7953,#7954,#7955,#7956,#7957,#7958,#7959,#7960,#7961,#7962,
#7963,#7964,#7965,#7966,#7967,#7968,#7969,#7970,#7971,#7972,#7973,#7974,
#7975,#7976,#7977,#7978,#7979,#7980,#7981,#7982,#7983,#7984,#7985,#7986,
#7987,#7988,#7989,#7990,#7991,#7992,#7993,#7994,#7995,#7996,#7997,#7998,
#7999,#8000,#8001,#8002,#8003,#8004,#8005,#8006,#8007,#8008,#8009,#8010,
#8011,#8012,#8013,#8014,#8015,#8016,#8017,#8018,#8019,#8020,#8021,#8022,
#8023,#8024,#8025,#8026,#8027,#8028,#8029,#8030,#8031,#8032,#8033,#8034,
#8035,#8036,#8037,#8038,#8039,#8040,#8041,#8042,#8043,#8044,#8045,#8046,
#8047,#8048,#8049,#8050,#8051,#8052,#8053,#8054,#8055,#8056,#8057,#8058,
#8059,#8060,#8061,#8062,#8063,#8064,#8065,#8066,#8067,#8068,#8069,#8070,
#8071,#8072,#8073,#8074,#8075,#8076,#8077,#8078,#8079,#8080,#8081,#8082,
#8083,#8084,#8085,#8086,#8087,#8088,#8089,#8090,#8091,#8092,#8093,#8094,
#8095,#8096,#8097,#8098,#8099,#8100,#8101,#8102,#8103,#8104,#8105,#8106,
#8107,#8108,#8109,#8110,#8111,#8112,#8113,#8114,#8115,#8116,#8117,#8118,
#8119,#8120,#8121,#8122,#8123,#8124,#8125,#8126,#8127,#8128,#8129,#8130,
#8131,#8132,#8133,#8134,#8135,#8136,#8137,#8138,#8139,#8140,#8141,#8142,
#8143,#8144,#8145,#8146,#8147,#8148,#8149,#8150,#8151),#17206);
#17206=(
GEOMETRIC_REPRESENTATION_CONTEXT(3)
GLOBAL_UNCERTAINTY_ASSIGNED_CONTEXT((#17210))
GLOBAL_UNIT_ASSIGNED_CONTEXT((#17216,#17215,#17214))
REPRESENTATION_CONTEXT('721011060','TOP_LEVEL_ASSEMBLY_PART')
);
#17207=(
GEOMETRIC_REPRESENTATION_CONTEXT(3)
GLOBAL_UNCERTAINTY_ASSIGNED_CONTEXT((#17211))
GLOBAL_UNIT_ASSIGNED_CONTEXT((#17216,#17215,#17214))
REPRESENTATION_CONTEXT('721011060-3','COMPONENT_PART')
);
#17208=(
GEOMETRIC_REPRESENTATION_CONTEXT(3)
GLOBAL_UNCERTAINTY_ASSIGNED_CONTEXT((#17212))
GLOBAL_UNIT_ASSIGNED_CONTEXT((#17216,#17215,#17214))
REPRESENTATION_CONTEXT('721011060-2','COMPONENT_PART')
);
#17209=(
GEOMETRIC_REPRESENTATION_CONTEXT(3)
GLOBAL_UNCERTAINTY_ASSIGNED_CONTEXT((#17213))
GLOBAL_UNIT_ASSIGNED_CONTEXT((#17216,#17215,#17214))
REPRESENTATION_CONTEXT('4257171','COMPONENT_PART')
);
#17210=UNCERTAINTY_MEASURE_WITH_UNIT(LENGTH_MEASURE(1.E-5),#17216,
'DISTANCE_ACCURACY_VALUE','Maximum Tolerance applied to model');
#17211=UNCERTAINTY_MEASURE_WITH_UNIT(LENGTH_MEASURE(1.E-5),#17216,
'DISTANCE_ACCURACY_VALUE','Maximum Tolerance applied to model');
#17212=UNCERTAINTY_MEASURE_WITH_UNIT(LENGTH_MEASURE(1.E-5),#17216,
'DISTANCE_ACCURACY_VALUE','Maximum Tolerance applied to model');
#17213=UNCERTAINTY_MEASURE_WITH_UNIT(LENGTH_MEASURE(1.E-5),#17216,
'DISTANCE_ACCURACY_VALUE','Maximum Tolerance applied to model');
#17214=(
NAMED_UNIT(*)
SI_UNIT($,.STERADIAN.)
SOLID_ANGLE_UNIT()
);
#17215=(
NAMED_UNIT(*)
PLANE_ANGLE_UNIT()
SI_UNIT($,.RADIAN.)
);
#17216=(
LENGTH_UNIT()
NAMED_UNIT(*)
SI_UNIT(.MILLI.,.METRE.)
);
#17217=PRODUCT_DEFINITION_SHAPE('','',#17227);
#17218=PRODUCT_DEFINITION_SHAPE('','',#17228);
#17219=PRODUCT_DEFINITION_SHAPE(' ','NAUO PRDDFN',#26);
#17220=PRODUCT_DEFINITION_SHAPE('','',#17229);
#17221=PRODUCT_DEFINITION_SHAPE(' ','NAUO PRDDFN',#27);
#17222=PRODUCT_DEFINITION_SHAPE('','',#17230);
#17223=PRODUCT_DEFINITION_SHAPE(' ','NAUO PRDDFN',#28);
#17224=PRODUCT_DEFINITION_SHAPE(' ','NAUO PRDDFN',#29);
#17225=PRODUCT_DEFINITION_SHAPE(' ','NAUO PRDDFN',#30);
#17226=PRODUCT_DEFINITION_SHAPE(' ','NAUO PRDDFN',#31);
#17227=PRODUCT_DEFINITION('','',#17235,#17231);
#17228=PRODUCT_DEFINITION('','',#17236,#17232);
#17229=PRODUCT_DEFINITION('','',#17237,#17233);
#17230=PRODUCT_DEFINITION('','',#17238,#17234);
#17231=PRODUCT_DEFINITION_CONTEXT('',#17256,'design');
#17232=PRODUCT_DEFINITION_CONTEXT('',#17256,'design');
#17233=PRODUCT_DEFINITION_CONTEXT('',#17256,'design');
#17234=PRODUCT_DEFINITION_CONTEXT('',#17256,'design');
#17235=PRODUCT_DEFINITION_FORMATION_WITH_SPECIFIED_SOURCE('','',#17243,
 .NOT_KNOWN.);
#17236=PRODUCT_DEFINITION_FORMATION_WITH_SPECIFIED_SOURCE('','',#17244,
 .NOT_KNOWN.);
#17237=PRODUCT_DEFINITION_FORMATION_WITH_SPECIFIED_SOURCE('','',#17245,
 .NOT_KNOWN.);
#17238=PRODUCT_DEFINITION_FORMATION_WITH_SPECIFIED_SOURCE('','',#17246,
 .NOT_KNOWN.);
#17239=PRODUCT_RELATED_PRODUCT_CATEGORY('','',(#17243));
#17240=PRODUCT_RELATED_PRODUCT_CATEGORY('','',(#17244));
#17241=PRODUCT_RELATED_PRODUCT_CATEGORY('','',(#17245));
#17242=PRODUCT_RELATED_PRODUCT_CATEGORY('','',(#17246));
#17243=PRODUCT('721011060','721011060','721011060',(#17251));
#17244=PRODUCT('721011060-3','721011060-3','721011060-3',(#17252));
#17245=PRODUCT('721011060-2','721011060-2','721011060-2',(#17253));
#17246=PRODUCT('4257171','4257171','4257171',(#17254));
#17247=PRODUCT_CATEGORY('','');
#17248=PRODUCT_CATEGORY('','');
#17249=PRODUCT_CATEGORY('','');
#17250=PRODUCT_CATEGORY('','');
#17251=PRODUCT_CONTEXT('',#17256,'mechanical');
#17252=PRODUCT_CONTEXT('',#17256,'mechanical');
#17253=PRODUCT_CONTEXT('',#17256,'mechanical');
#17254=PRODUCT_CONTEXT('',#17256,'mechanical');
#17255=APPLICATION_PROTOCOL_DEFINITION('international standard',
'automotive_design',2010,#17256);
#17256=APPLICATION_CONTEXT(
'core data for automotive mechanical design processes');
ENDSEC;
END-ISO-10303-21;
