ISO-10303-21;
HEADER;
/* Generated by software containing ST-Developer
 * from STEP Tools, Inc. (www.steptools.com) 
 */
/* OPTION: using custom renumber hook */

FILE_DESCRIPTION(
/* description */ ('STEP AP214'),
/* implementation_level */ '2;1');

FILE_NAME(
/* name */ 'DTR-C23PB-TLS-139',
/* time_stamp */ '2026-07-11T12:38:20+02:00',
/* author */ ('License CC BY-ND 4.0'),
/* organization */ ('CADENAS'),
/* preprocessor_version */ 'ST-DEVELOPER v20',
/* originating_system */ 'PARTsolutions',
/* authorisation */ '  ');

FILE_SCHEMA (('AUTOMOTIVE_DESIGN {1 0 10303 214 3 1 1}'));
ENDSEC;

DATA;
#10=PROPERTY_DEFINITION_REPRESENTATION(#14,#12);
#11=PROPERTY_DEFINITION_REPRESENTATION(#15,#13);
#12=REPRESENTATION('',(#16),#4204);
#13=REPRESENTATION('',(#17),#4204);
#14=PROPERTY_DEFINITION('pmi validation property','',#4209);
#15=PROPERTY_DEFINITION('pmi validation property','',#4209);
#16=VALUE_REPRESENTATION_ITEM('number of annotations',COUNT_MEASURE(0.));
#17=VALUE_REPRESENTATION_ITEM('number of views',COUNT_MEASURE(0.));
#18=SHAPE_REPRESENTATION_RELATIONSHIP('','',#2729,#19);
#19=ADVANCED_BREP_SHAPE_REPRESENTATION('',(#2727),#4204);
#20=SPHERICAL_SURFACE('',#2935,0.5);
#21=SPHERICAL_SURFACE('',#2938,0.5);
#22=SPHERICAL_SURFACE('',#2941,0.5);
#23=SPHERICAL_SURFACE('',#2944,0.5);
#24=DRAUGHTING_PRE_DEFINED_COLOUR('red');
#25=DRAUGHTING_PRE_DEFINED_COLOUR('white');
#26=DRAUGHTING_PRE_DEFINED_COLOUR('yellow');
#27=TOROIDAL_SURFACE('',#2854,1.737,0.196999999999996);
#28=TOROIDAL_SURFACE('',#2890,14.1691572875254,0.200000000000003);
#29=TOROIDAL_SURFACE('',#2897,14.1691572875254,0.200000000000003);
#30=TOROIDAL_SURFACE('',#2914,3.07946153895866,0.199999999999998);
#31=VERTEX_LOOP('',#1144);
#32=CONICAL_SURFACE('',#2803,1.6,0.0174532925199433);
#33=CONICAL_SURFACE('',#2806,1.6,0.0174532925199433);
#34=CONICAL_SURFACE('',#2809,1.6,0.0174532925199433);
#35=CONICAL_SURFACE('',#2811,1.6,0.0174532925199433);
#36=CONICAL_SURFACE('',#2812,1.6,0.0174532925199433);
#37=CONICAL_SURFACE('',#2814,1.6,0.0174532925199433);
#38=CONICAL_SURFACE('',#2850,0.,0.872664625997171);
#39=CONICAL_SURFACE('',#2884,15.106,0.785398163397456);
#40=CONICAL_SURFACE('',#2888,14.3105786437627,0.785398163397441);
#41=CONICAL_SURFACE('',#2891,15.75,0.785398163397448);
#42=CONICAL_SURFACE('',#2895,14.896,0.785398163397448);
#43=CONICAL_SURFACE('',#2900,3.25,1.0471975511966);
#44=CONICAL_SURFACE('',#2904,4.,1.0471975511966);
#45=CONICAL_SURFACE('',#2908,3.25,0.674744288821008);
#46=CONICAL_SURFACE('',#2912,3.45,0.158650429006285);
#47=CONICAL_SURFACE('',#2918,3.,0.785398163397448);
#48=ELLIPSE('',#2756,0.212132034355978,0.15000000000001);
#49=ELLIPSE('',#2757,0.212132034355995,0.150000000000022);
#50=ELLIPSE('',#2764,0.212132034355995,0.150000000000022);
#51=ELLIPSE('',#2765,0.212132034355978,0.15000000000001);
#52=ELLIPSE('',#2781,0.212132034355983,0.150000000000013);
#53=ELLIPSE('',#2782,0.212132034355983,0.150000000000013);
#54=CYLINDRICAL_SURFACE('',#2755,0.150000000000018);
#55=CYLINDRICAL_SURFACE('',#2759,0.150000000000018);
#56=CYLINDRICAL_SURFACE('',#2763,0.150000000000019);
#57=CYLINDRICAL_SURFACE('',#2767,0.150000000000019);
#58=CYLINDRICAL_SURFACE('',#2775,1.62);
#59=CYLINDRICAL_SURFACE('',#2776,14.0200000000002);
#60=CYLINDRICAL_SURFACE('',#2778,14.0200000000002);
#61=CYLINDRICAL_SURFACE('',#2780,0.150000000000025);
#62=CYLINDRICAL_SURFACE('',#2791,1.9);
#63=CYLINDRICAL_SURFACE('',#2797,1.9);
#64=CYLINDRICAL_SURFACE('',#2800,6.);
#65=CYLINDRICAL_SURFACE('',#2820,0.500000000000007);
#66=CYLINDRICAL_SURFACE('',#2824,0.500000000000007);
#67=CYLINDRICAL_SURFACE('',#2825,15.);
#68=CYLINDRICAL_SURFACE('',#2833,1.62000000000002);
#69=CYLINDRICAL_SURFACE('',#2834,14.0200000000002);
#70=CYLINDRICAL_SURFACE('',#2836,14.0200000000002);
#71=CYLINDRICAL_SURFACE('',#2846,2.05);
#72=CYLINDRICAL_SURFACE('',#2856,1.934);
#73=CYLINDRICAL_SURFACE('',#2857,13.6500000000001);
#74=CYLINDRICAL_SURFACE('',#2860,13.65);
#75=CYLINDRICAL_SURFACE('',#2864,17.31);
#76=CYLINDRICAL_SURFACE('',#2866,0.150000000000002);
#77=CYLINDRICAL_SURFACE('',#2868,3.39999999999999);
#78=CYLINDRICAL_SURFACE('',#2871,0.149999999999994);
#79=CYLINDRICAL_SURFACE('',#2876,0.150000000000001);
#80=CYLINDRICAL_SURFACE('',#2879,3.4);
#81=CYLINDRICAL_SURFACE('',#2881,0.149999999999999);
#82=CYLINDRICAL_SURFACE('',#2898,3.25);
#83=CYLINDRICAL_SURFACE('',#2902,4.);
#84=CYLINDRICAL_SURFACE('',#2906,3.25);
#85=CYLINDRICAL_SURFACE('',#2910,3.45);
#86=CYLINDRICAL_SURFACE('',#2920,2.9);
#87=CYLINDRICAL_SURFACE('',#2927,0.150000000000002);
#88=CYLINDRICAL_SURFACE('',#2928,0.150000000000002);
#89=CYLINDRICAL_SURFACE('',#2929,0.150000000000002);
#90=CYLINDRICAL_SURFACE('',#2930,0.150000000000001);
#91=CYLINDRICAL_SURFACE('',#2931,0.150000000000001);
#92=CYLINDRICAL_SURFACE('',#2932,0.150000000000001);
#93=CYLINDRICAL_SURFACE('',#2933,0.5);
#94=CYLINDRICAL_SURFACE('',#2936,0.5);
#95=CYLINDRICAL_SURFACE('',#2939,0.5);
#96=CYLINDRICAL_SURFACE('',#2942,0.5);
#97=CIRCLE('',#2733,14.1691572875254);
#98=CIRCLE('',#2735,1.70473038956931);
#99=CIRCLE('',#2736,1.70473038956931);
#100=CIRCLE('',#2737,1.70473038956931);
#101=CIRCLE('',#2738,15.75);
#102=CIRCLE('',#2739,0.500000000000007);
#103=CIRCLE('',#2741,14.1691572875254);
#104=CIRCLE('',#2743,1.70473038956931);
#105=CIRCLE('',#2744,1.70473038956931);
#106=CIRCLE('',#2745,1.70473038956931);
#107=CIRCLE('',#2746,15.75);
#108=CIRCLE('',#2747,0.500000000000007);
#109=CIRCLE('',#2748,0.149999999999999);
#110=CIRCLE('',#2749,17.31);
#111=CIRCLE('',#2750,0.150000000000002);
#112=CIRCLE('',#2751,3.39999999999999);
#113=CIRCLE('',#2752,0.149999999999994);
#114=CIRCLE('',#2753,0.150000000000001);
#115=CIRCLE('',#2754,3.4);
#116=CIRCLE('',#2758,0.150000000000018);
#117=CIRCLE('',#2760,0.150000000000018);
#118=CIRCLE('',#2761,0.150000000000018);
#119=CIRCLE('',#2762,0.150000000000018);
#120=CIRCLE('',#2766,0.150000000000019);
#121=CIRCLE('',#2768,0.150000000000019);
#122=CIRCLE('',#2769,0.150000000000019);
#123=CIRCLE('',#2770,0.150000000000019);
#124=CIRCLE('',#2772,1.62);
#125=CIRCLE('',#2774,1.62);
#126=CIRCLE('',#2777,14.0200000000002);
#127=CIRCLE('',#2779,14.0200000000002);
#128=CIRCLE('',#2787,15.);
#129=CIRCLE('',#2789,3.25);
#130=CIRCLE('',#2790,6.);
#131=CIRCLE('',#2792,1.9);
#132=CIRCLE('',#2793,1.9);
#133=CIRCLE('',#2795,13.6500000000001);
#134=CIRCLE('',#2796,13.65);
#135=CIRCLE('',#2798,1.9);
#136=CIRCLE('',#2799,1.9);
#137=CIRCLE('',#2801,6.);
#138=CIRCLE('',#2804,1.6);
#139=CIRCLE('',#2807,1.6);
#140=CIRCLE('',#2813,1.6);
#141=CIRCLE('',#2816,0.150000000000001);
#142=CIRCLE('',#2817,0.150000000000002);
#143=CIRCLE('',#2819,0.500000000000007);
#144=CIRCLE('',#2822,0.500000000000007);
#145=CIRCLE('',#2826,15.);
#146=CIRCLE('',#2828,2.05);
#147=CIRCLE('',#2830,1.62000000000002);
#148=CIRCLE('',#2832,1.62000000000002);
#149=CIRCLE('',#2835,14.0200000000002);
#150=CIRCLE('',#2837,14.0200000000002);
#151=CIRCLE('',#2847,2.05);
#152=CIRCLE('',#2849,1.934);
#153=CIRCLE('',#2851,0.6);
#154=CIRCLE('',#2853,1.737);
#155=CIRCLE('',#2855,1.93399999999999);
#156=CIRCLE('',#2858,13.6500000000001);
#157=CIRCLE('',#2861,13.65);
#158=CIRCLE('',#2865,17.31);
#159=CIRCLE('',#2867,0.150000000000002);
#160=CIRCLE('',#2869,3.39999999999999);
#161=CIRCLE('',#2872,0.149999999999994);
#162=CIRCLE('',#2877,0.150000000000001);
#163=CIRCLE('',#2880,3.4);
#164=CIRCLE('',#2882,0.149999999999999);
#165=CIRCLE('',#2885,15.106);
#166=CIRCLE('',#2887,14.896);
#167=CIRCLE('',#2889,14.3105786437627);
#168=CIRCLE('',#2892,15.106);
#169=CIRCLE('',#2894,14.896);
#170=CIRCLE('',#2896,14.3105786437627);
#171=CIRCLE('',#2899,3.25);
#172=CIRCLE('',#2901,4.);
#173=CIRCLE('',#2903,4.);
#174=CIRCLE('',#2905,3.25);
#175=CIRCLE('',#2907,3.25);
#176=CIRCLE('',#2909,3.45);
#177=CIRCLE('',#2911,3.45);
#178=CIRCLE('',#2913,3.27694981805901);
#179=CIRCLE('',#2915,3.07946153895866);
#180=CIRCLE('',#2917,3.);
#181=CIRCLE('',#2919,2.9);
#182=CIRCLE('',#2921,2.9);
#183=CIRCLE('',#2923,0.5);
#184=CIRCLE('',#2924,0.5);
#185=CIRCLE('',#2925,0.5);
#186=CIRCLE('',#2926,0.5);
#187=CIRCLE('',#2934,0.5);
#188=CIRCLE('',#2937,0.5);
#189=CIRCLE('',#2940,0.5);
#190=CIRCLE('',#2943,0.5);
#191=B_SPLINE_CURVE_WITH_KNOTS('',3,(#3521,#3522,#3523,#3524),
 .UNSPECIFIED.,.F.,.F.,(4,4),(0.0180882397360952,0.019100705430229),
 .UNSPECIFIED.);
#192=B_SPLINE_CURVE_WITH_KNOTS('',3,(#3528,#3529,#3530,#3531),
 .UNSPECIFIED.,.F.,.F.,(4,4),(0.0146573573078523,0.0157665587458164),
 .UNSPECIFIED.);
#193=B_SPLINE_CURVE_WITH_KNOTS('',3,(#3535,#3536,#3537,#3538),
 .UNSPECIFIED.,.F.,.F.,(4,4),(1.51426373838036E-6,0.00111985254061568),
 .UNSPECIFIED.);
#194=B_SPLINE_CURVE_WITH_KNOTS('',3,(#3542,#3543,#3544,#3545),
 .UNSPECIFIED.,.F.,.F.,(4,4),(0.000299300242245218,0.00131686191114315),
 .UNSPECIFIED.);
#195=B_SPLINE_CURVE_WITH_KNOTS('',3,(#3553,#3554,#3555,#3556),
 .UNSPECIFIED.,.F.,.F.,(4,4),(0.0180882397360952,0.019100705430229),
 .UNSPECIFIED.);
#196=B_SPLINE_CURVE_WITH_KNOTS('',3,(#3560,#3561,#3562,#3563),
 .UNSPECIFIED.,.F.,.F.,(4,4),(0.0146573573078523,0.0157665587458164),
 .UNSPECIFIED.);
#197=B_SPLINE_CURVE_WITH_KNOTS('',3,(#3567,#3568,#3569,#3570),
 .UNSPECIFIED.,.F.,.F.,(4,4),(1.5142637384023E-6,0.00111985254061571),
 .UNSPECIFIED.);
#198=B_SPLINE_CURVE_WITH_KNOTS('',3,(#3574,#3575,#3576,#3577),
 .UNSPECIFIED.,.F.,.F.,(4,4),(0.000299300242246587,0.00131686191114313),
 .UNSPECIFIED.);
#199=B_SPLINE_CURVE_WITH_KNOTS('',3,(#3734,#3735,#3736,#3737,#3738,#3739,
#3740,#3741,#3742,#3743,#3744,#3745,#3746,#3747,#3748,#3749,#3750),
 .UNSPECIFIED.,.F.,.F.,(4,1,1,1,1,1,1,1,1,1,1,1,1,1,4),(5.52924997220099E-5,
0.000751943889351853,0.0014485952789817,0.00179692097379662,0.00214524666861154,
0.00249357236342646,0.00266773521083392,0.00284189805824138,0.00301606090564884,
0.0031902237530563,0.00353854944787122,0.00388687514268615,0.00423520083750107,
0.00493185222713091,0.00562850361676075),.UNSPECIFIED.);
#200=B_SPLINE_CURVE_WITH_KNOTS('',3,(#3752,#3753,#3754,#3755,#3756,#3757,
#3758,#3759,#3760,#3761,#3762,#3763,#3764,#3765,#3766,#3767,#3768),
 .UNSPECIFIED.,.F.,.F.,(4,1,1,1,1,1,1,1,1,1,1,1,1,1,4),(0.,0.00069663075670529,
0.00139326151341058,0.00174157689176322,0.00208989227011587,0.00243820764846851,
0.00261236533764484,0.00278652302682116,0.00296068071599748,0.0031348384051738,
0.00348315378352645,0.00383146916187909,0.00417978454023174,0.00487641529693703,
0.00557304605364232),.UNSPECIFIED.);
#201=B_SPLINE_CURVE_WITH_KNOTS('',3,(#3920,#3921,#3922,#3923,#3924,#3925,
#3926,#3927,#3928,#3929,#3930,#3931,#3932,#3933,#3934,#3935,#3936),
 .UNSPECIFIED.,.F.,.F.,(4,1,1,1,1,1,1,1,1,1,1,1,1,1,4),(0.,0.000696630756705271,
0.00139326151341054,0.00174157689176318,0.00208989227011581,0.00243820764846845,
0.00261236533764477,0.00278652302682108,0.0029606807159974,0.00313483840517372,
0.00348315378352636,0.00383146916187899,0.00417978454023163,0.0048764152969369,
0.00557304605364217),.UNSPECIFIED.);
#202=B_SPLINE_CURVE_WITH_KNOTS('',3,(#3940,#3941,#3942,#3943,#3944,#3945,
#3946,#3947,#3948,#3949,#3950,#3951,#3952,#3953,#3954,#3955,#3956),
 .UNSPECIFIED.,.F.,.F.,(4,1,1,1,1,1,1,1,1,1,1,1,1,1,4),(5.52924997220544E-5,
0.000751943889351905,0.00144859527898176,0.00179692097379668,0.00214524666861161,
0.00249357236342653,0.002667735210834,0.00284189805824146,0.00301606090564892,
0.00319022375305638,0.00353854944787131,0.00388687514268624,0.00423520083750116,
0.00493185222713101,0.00562850361676086),.UNSPECIFIED.);
#203=B_SPLINE_CURVE_WITH_KNOTS('',3,(#4067,#4068,#4069,#4070,#4071),
 .UNSPECIFIED.,.F.,.F.,(4,1,4),(3.1529875235402E-5,0.000191715612095051,
0.0003519013489547),.UNSPECIFIED.);
#204=B_SPLINE_CURVE_WITH_KNOTS('',3,(#4073,#4074,#4075,#4076,#4077),
 .UNSPECIFIED.,.F.,.F.,(4,1,4),(2.76709678748901E-5,0.000186290995122932,
0.000344911022370974),.UNSPECIFIED.);
#205=B_SPLINE_CURVE_WITH_KNOTS('',3,(#4081,#4082,#4083,#4084),
 .UNSPECIFIED.,.F.,.F.,(4,4),(3.87627672746786E-5,0.000320251787775927),
 .UNSPECIFIED.);
#206=B_SPLINE_CURVE_WITH_KNOTS('',3,(#4088,#4089,#4090,#4091),
 .UNSPECIFIED.,.F.,.F.,(4,4),(2.16659088476226E-5,0.000303155932684219),
 .UNSPECIFIED.);
#207=B_SPLINE_CURVE_WITH_KNOTS('',3,(#4093,#4094,#4095,#4096),
 .UNSPECIFIED.,.F.,.F.,(4,4),(-4.91858836889724E-6,0.000598133340212237),
 .UNSPECIFIED.);
#208=B_SPLINE_CURVE_WITH_KNOTS('',3,(#4097,#4098,#4099,#4100),
 .UNSPECIFIED.,.F.,.F.,(4,4),(7.98624325585765E-7,0.000603043197299709),
 .UNSPECIFIED.);
#209=B_SPLINE_CURVE_WITH_KNOTS('',3,(#4102,#4103,#4104,#4105,#4106),
 .UNSPECIFIED.,.F.,.F.,(4,1,4),(3.15298752340219E-5,0.000191715612094367,
0.000351901348954712),.UNSPECIFIED.);
#210=B_SPLINE_CURVE_WITH_KNOTS('',3,(#4108,#4109,#4110,#4111,#4112),
 .UNSPECIFIED.,.F.,.F.,(4,1,4),(2.76709678748824E-5,0.000186290995122923,
0.000344911022370964),.UNSPECIFIED.);
#211=B_SPLINE_CURVE_WITH_KNOTS('',3,(#4116,#4117,#4118,#4119),
 .UNSPECIFIED.,.F.,.F.,(4,4),(3.87627672624297E-5,0.000320251787775943),
 .UNSPECIFIED.);
#212=B_SPLINE_CURVE_WITH_KNOTS('',3,(#4123,#4124,#4125,#4126),
 .UNSPECIFIED.,.F.,.F.,(4,4),(2.16659088476206E-5,0.000303155932681644),
 .UNSPECIFIED.);
#213=B_SPLINE_CURVE_WITH_KNOTS('',3,(#4128,#4129,#4130,#4131),
 .UNSPECIFIED.,.F.,.F.,(4,4),(-4.91858836889991E-6,0.00059813334019999),
 .UNSPECIFIED.);
#214=B_SPLINE_CURVE_WITH_KNOTS('',3,(#4132,#4133,#4134,#4135),
 .UNSPECIFIED.,.F.,.F.,(4,4),(7.98624319535033E-7,0.000603043197296304),
 .UNSPECIFIED.);
#215=ORIENTED_EDGE('',*,*,#741,.T.);
#216=ORIENTED_EDGE('',*,*,#742,.F.);
#217=ORIENTED_EDGE('',*,*,#743,.F.);
#218=ORIENTED_EDGE('',*,*,#744,.F.);
#219=ORIENTED_EDGE('',*,*,#745,.F.);
#220=ORIENTED_EDGE('',*,*,#746,.F.);
#221=ORIENTED_EDGE('',*,*,#747,.F.);
#222=ORIENTED_EDGE('',*,*,#748,.F.);
#223=ORIENTED_EDGE('',*,*,#749,.F.);
#224=ORIENTED_EDGE('',*,*,#750,.F.);
#225=ORIENTED_EDGE('',*,*,#751,.T.);
#226=ORIENTED_EDGE('',*,*,#752,.T.);
#227=ORIENTED_EDGE('',*,*,#753,.F.);
#228=ORIENTED_EDGE('',*,*,#754,.F.);
#229=ORIENTED_EDGE('',*,*,#755,.F.);
#230=ORIENTED_EDGE('',*,*,#756,.T.);
#231=ORIENTED_EDGE('',*,*,#757,.F.);
#232=ORIENTED_EDGE('',*,*,#758,.F.);
#233=ORIENTED_EDGE('',*,*,#759,.F.);
#234=ORIENTED_EDGE('',*,*,#760,.T.);
#235=ORIENTED_EDGE('',*,*,#761,.T.);
#236=ORIENTED_EDGE('',*,*,#762,.T.);
#237=ORIENTED_EDGE('',*,*,#763,.T.);
#238=ORIENTED_EDGE('',*,*,#764,.T.);
#239=ORIENTED_EDGE('',*,*,#765,.T.);
#240=ORIENTED_EDGE('',*,*,#766,.T.);
#241=ORIENTED_EDGE('',*,*,#767,.T.);
#242=ORIENTED_EDGE('',*,*,#768,.T.);
#243=ORIENTED_EDGE('',*,*,#769,.F.);
#244=ORIENTED_EDGE('',*,*,#770,.T.);
#245=ORIENTED_EDGE('',*,*,#771,.F.);
#246=ORIENTED_EDGE('',*,*,#772,.F.);
#247=ORIENTED_EDGE('',*,*,#773,.F.);
#248=ORIENTED_EDGE('',*,*,#774,.F.);
#249=ORIENTED_EDGE('',*,*,#775,.F.);
#250=ORIENTED_EDGE('',*,*,#776,.F.);
#251=ORIENTED_EDGE('',*,*,#777,.T.);
#252=ORIENTED_EDGE('',*,*,#778,.F.);
#253=ORIENTED_EDGE('',*,*,#779,.F.);
#254=ORIENTED_EDGE('',*,*,#780,.F.);
#255=ORIENTED_EDGE('',*,*,#781,.F.);
#256=ORIENTED_EDGE('',*,*,#782,.F.);
#257=ORIENTED_EDGE('',*,*,#783,.F.);
#258=ORIENTED_EDGE('',*,*,#784,.F.);
#259=ORIENTED_EDGE('',*,*,#785,.F.);
#260=ORIENTED_EDGE('',*,*,#786,.T.);
#261=ORIENTED_EDGE('',*,*,#787,.F.);
#262=ORIENTED_EDGE('',*,*,#788,.T.);
#263=ORIENTED_EDGE('',*,*,#789,.T.);
#264=ORIENTED_EDGE('',*,*,#790,.T.);
#265=ORIENTED_EDGE('',*,*,#791,.F.);
#266=ORIENTED_EDGE('',*,*,#792,.T.);
#267=ORIENTED_EDGE('',*,*,#793,.T.);
#268=ORIENTED_EDGE('',*,*,#794,.T.);
#269=ORIENTED_EDGE('',*,*,#795,.T.);
#270=ORIENTED_EDGE('',*,*,#796,.T.);
#271=ORIENTED_EDGE('',*,*,#797,.F.);
#272=ORIENTED_EDGE('',*,*,#798,.T.);
#273=ORIENTED_EDGE('',*,*,#799,.F.);
#274=ORIENTED_EDGE('',*,*,#800,.T.);
#275=ORIENTED_EDGE('',*,*,#801,.F.);
#276=ORIENTED_EDGE('',*,*,#802,.F.);
#277=ORIENTED_EDGE('',*,*,#803,.F.);
#278=ORIENTED_EDGE('',*,*,#804,.F.);
#279=ORIENTED_EDGE('',*,*,#805,.F.);
#280=ORIENTED_EDGE('',*,*,#806,.F.);
#281=ORIENTED_EDGE('',*,*,#807,.F.);
#282=ORIENTED_EDGE('',*,*,#808,.T.);
#283=ORIENTED_EDGE('',*,*,#772,.T.);
#284=ORIENTED_EDGE('',*,*,#809,.T.);
#285=ORIENTED_EDGE('',*,*,#810,.F.);
#286=ORIENTED_EDGE('',*,*,#811,.F.);
#287=ORIENTED_EDGE('',*,*,#812,.F.);
#288=ORIENTED_EDGE('',*,*,#776,.T.);
#289=ORIENTED_EDGE('',*,*,#813,.T.);
#290=ORIENTED_EDGE('',*,*,#814,.F.);
#291=ORIENTED_EDGE('',*,*,#815,.F.);
#292=ORIENTED_EDGE('',*,*,#816,.F.);
#293=ORIENTED_EDGE('',*,*,#817,.F.);
#294=ORIENTED_EDGE('',*,*,#818,.T.);
#295=ORIENTED_EDGE('',*,*,#796,.F.);
#296=ORIENTED_EDGE('',*,*,#819,.F.);
#297=ORIENTED_EDGE('',*,*,#820,.F.);
#298=ORIENTED_EDGE('',*,*,#821,.T.);
#299=ORIENTED_EDGE('',*,*,#792,.F.);
#300=ORIENTED_EDGE('',*,*,#822,.F.);
#301=ORIENTED_EDGE('',*,*,#823,.F.);
#302=ORIENTED_EDGE('',*,*,#824,.F.);
#303=ORIENTED_EDGE('',*,*,#825,.F.);
#304=ORIENTED_EDGE('',*,*,#826,.F.);
#305=ORIENTED_EDGE('',*,*,#827,.T.);
#306=ORIENTED_EDGE('',*,*,#828,.T.);
#307=ORIENTED_EDGE('',*,*,#829,.F.);
#308=ORIENTED_EDGE('',*,*,#830,.T.);
#309=ORIENTED_EDGE('',*,*,#831,.F.);
#310=ORIENTED_EDGE('',*,*,#832,.F.);
#311=ORIENTED_EDGE('',*,*,#833,.F.);
#312=ORIENTED_EDGE('',*,*,#834,.T.);
#313=ORIENTED_EDGE('',*,*,#828,.F.);
#314=ORIENTED_EDGE('',*,*,#835,.T.);
#315=ORIENTED_EDGE('',*,*,#831,.T.);
#316=ORIENTED_EDGE('',*,*,#836,.T.);
#317=ORIENTED_EDGE('',*,*,#837,.F.);
#318=ORIENTED_EDGE('',*,*,#836,.F.);
#319=ORIENTED_EDGE('',*,*,#830,.F.);
#320=ORIENTED_EDGE('',*,*,#838,.F.);
#321=ORIENTED_EDGE('',*,*,#825,.T.);
#322=ORIENTED_EDGE('',*,*,#834,.F.);
#323=ORIENTED_EDGE('',*,*,#751,.F.);
#324=ORIENTED_EDGE('',*,*,#839,.T.);
#325=ORIENTED_EDGE('',*,*,#817,.T.);
#326=ORIENTED_EDGE('',*,*,#840,.F.);
#327=ORIENTED_EDGE('',*,*,#810,.T.);
#328=ORIENTED_EDGE('',*,*,#841,.T.);
#329=ORIENTED_EDGE('',*,*,#842,.F.);
#330=ORIENTED_EDGE('',*,*,#843,.T.);
#331=ORIENTED_EDGE('',*,*,#815,.T.);
#332=ORIENTED_EDGE('',*,*,#844,.F.);
#333=ORIENTED_EDGE('',*,*,#823,.T.);
#334=ORIENTED_EDGE('',*,*,#845,.F.);
#335=ORIENTED_EDGE('',*,*,#846,.F.);
#336=ORIENTED_EDGE('',*,*,#822,.T.);
#337=ORIENTED_EDGE('',*,*,#791,.T.);
#338=ORIENTED_EDGE('',*,*,#847,.F.);
#339=ORIENTED_EDGE('',*,*,#848,.T.);
#340=ORIENTED_EDGE('',*,*,#849,.F.);
#341=ORIENTED_EDGE('',*,*,#850,.F.);
#342=ORIENTED_EDGE('',*,*,#851,.T.);
#343=ORIENTED_EDGE('',*,*,#852,.F.);
#344=ORIENTED_EDGE('',*,*,#853,.F.);
#345=ORIENTED_EDGE('',*,*,#854,.T.);
#346=ORIENTED_EDGE('',*,*,#855,.F.);
#347=ORIENTED_EDGE('',*,*,#856,.F.);
#348=ORIENTED_EDGE('',*,*,#855,.T.);
#349=ORIENTED_EDGE('',*,*,#857,.T.);
#350=ORIENTED_EDGE('',*,*,#858,.F.);
#351=ORIENTED_EDGE('',*,*,#859,.F.);
#352=ORIENTED_EDGE('',*,*,#860,.T.);
#353=ORIENTED_EDGE('',*,*,#861,.T.);
#354=ORIENTED_EDGE('',*,*,#862,.T.);
#355=ORIENTED_EDGE('',*,*,#863,.T.);
#356=ORIENTED_EDGE('',*,*,#858,.T.);
#357=ORIENTED_EDGE('',*,*,#864,.T.);
#358=ORIENTED_EDGE('',*,*,#865,.F.);
#359=ORIENTED_EDGE('',*,*,#866,.F.);
#360=ORIENTED_EDGE('',*,*,#865,.T.);
#361=ORIENTED_EDGE('',*,*,#867,.T.);
#362=ORIENTED_EDGE('',*,*,#851,.F.);
#363=ORIENTED_EDGE('',*,*,#868,.F.);
#364=ORIENTED_EDGE('',*,*,#869,.F.);
#365=ORIENTED_EDGE('',*,*,#870,.T.);
#366=ORIENTED_EDGE('',*,*,#853,.T.);
#367=ORIENTED_EDGE('',*,*,#871,.F.);
#368=ORIENTED_EDGE('',*,*,#872,.F.);
#369=ORIENTED_EDGE('',*,*,#873,.F.);
#370=ORIENTED_EDGE('',*,*,#782,.T.);
#371=ORIENTED_EDGE('',*,*,#874,.T.);
#372=ORIENTED_EDGE('',*,*,#875,.F.);
#373=ORIENTED_EDGE('',*,*,#874,.F.);
#374=ORIENTED_EDGE('',*,*,#785,.T.);
#375=ORIENTED_EDGE('',*,*,#876,.T.);
#376=ORIENTED_EDGE('',*,*,#877,.F.);
#377=ORIENTED_EDGE('',*,*,#876,.F.);
#378=ORIENTED_EDGE('',*,*,#784,.T.);
#379=ORIENTED_EDGE('',*,*,#878,.T.);
#380=ORIENTED_EDGE('',*,*,#879,.F.);
#381=ORIENTED_EDGE('',*,*,#878,.F.);
#382=ORIENTED_EDGE('',*,*,#783,.T.);
#383=ORIENTED_EDGE('',*,*,#873,.T.);
#384=ORIENTED_EDGE('',*,*,#872,.T.);
#385=ORIENTED_EDGE('',*,*,#880,.F.);
#386=ORIENTED_EDGE('',*,*,#765,.F.);
#387=ORIENTED_EDGE('',*,*,#881,.T.);
#388=ORIENTED_EDGE('',*,*,#875,.T.);
#389=ORIENTED_EDGE('',*,*,#882,.F.);
#390=ORIENTED_EDGE('',*,*,#766,.F.);
#391=ORIENTED_EDGE('',*,*,#880,.T.);
#392=ORIENTED_EDGE('',*,*,#877,.T.);
#393=ORIENTED_EDGE('',*,*,#883,.F.);
#394=ORIENTED_EDGE('',*,*,#767,.F.);
#395=ORIENTED_EDGE('',*,*,#882,.T.);
#396=ORIENTED_EDGE('',*,*,#879,.T.);
#397=ORIENTED_EDGE('',*,*,#881,.F.);
#398=ORIENTED_EDGE('',*,*,#764,.F.);
#399=ORIENTED_EDGE('',*,*,#883,.T.);
#400=ORIENTED_EDGE('',*,*,#781,.T.);
#401=ORIENTED_EDGE('',*,*,#884,.F.);
#402=ORIENTED_EDGE('',*,*,#763,.F.);
#403=ORIENTED_EDGE('',*,*,#884,.T.);
#404=ORIENTED_EDGE('',*,*,#789,.F.);
#405=ORIENTED_EDGE('',*,*,#885,.T.);
#406=ORIENTED_EDGE('',*,*,#741,.F.);
#407=ORIENTED_EDGE('',*,*,#886,.T.);
#408=ORIENTED_EDGE('',*,*,#768,.F.);
#409=ORIENTED_EDGE('',*,*,#887,.F.);
#410=ORIENTED_EDGE('',*,*,#888,.T.);
#411=ORIENTED_EDGE('',*,*,#869,.T.);
#412=ORIENTED_EDGE('',*,*,#889,.F.);
#413=ORIENTED_EDGE('',*,*,#890,.T.);
#414=ORIENTED_EDGE('',*,*,#891,.F.);
#415=ORIENTED_EDGE('',*,*,#892,.T.);
#416=ORIENTED_EDGE('',*,*,#845,.T.);
#417=ORIENTED_EDGE('',*,*,#846,.T.);
#418=ORIENTED_EDGE('',*,*,#893,.F.);
#419=ORIENTED_EDGE('',*,*,#889,.T.);
#420=ORIENTED_EDGE('',*,*,#871,.T.);
#421=ORIENTED_EDGE('',*,*,#856,.T.);
#422=ORIENTED_EDGE('',*,*,#859,.T.);
#423=ORIENTED_EDGE('',*,*,#866,.T.);
#424=ORIENTED_EDGE('',*,*,#868,.T.);
#425=ORIENTED_EDGE('',*,*,#850,.T.);
#426=ORIENTED_EDGE('',*,*,#790,.F.);
#427=ORIENTED_EDGE('',*,*,#890,.F.);
#428=ORIENTED_EDGE('',*,*,#893,.T.);
#429=ORIENTED_EDGE('',*,*,#847,.T.);
#430=ORIENTED_EDGE('',*,*,#894,.F.);
#431=ORIENTED_EDGE('',*,*,#895,.T.);
#432=ORIENTED_EDGE('',*,*,#848,.F.);
#433=ORIENTED_EDGE('',*,*,#867,.F.);
#434=ORIENTED_EDGE('',*,*,#864,.F.);
#435=ORIENTED_EDGE('',*,*,#857,.F.);
#436=ORIENTED_EDGE('',*,*,#854,.F.);
#437=ORIENTED_EDGE('',*,*,#870,.F.);
#438=ORIENTED_EDGE('',*,*,#888,.F.);
#439=ORIENTED_EDGE('',*,*,#896,.T.);
#440=ORIENTED_EDGE('',*,*,#897,.F.);
#441=ORIENTED_EDGE('',*,*,#843,.F.);
#442=ORIENTED_EDGE('',*,*,#816,.T.);
#443=ORIENTED_EDGE('',*,*,#897,.T.);
#444=ORIENTED_EDGE('',*,*,#898,.T.);
#445=ORIENTED_EDGE('',*,*,#777,.F.);
#446=ORIENTED_EDGE('',*,*,#778,.T.);
#447=ORIENTED_EDGE('',*,*,#898,.F.);
#448=ORIENTED_EDGE('',*,*,#896,.F.);
#449=ORIENTED_EDGE('',*,*,#887,.T.);
#450=ORIENTED_EDGE('',*,*,#891,.T.);
#451=ORIENTED_EDGE('',*,*,#849,.T.);
#452=ORIENTED_EDGE('',*,*,#895,.F.);
#453=ORIENTED_EDGE('',*,*,#899,.F.);
#454=ORIENTED_EDGE('',*,*,#900,.T.);
#455=ORIENTED_EDGE('',*,*,#901,.F.);
#456=ORIENTED_EDGE('',*,*,#824,.T.);
#457=ORIENTED_EDGE('',*,*,#844,.T.);
#458=ORIENTED_EDGE('',*,*,#892,.F.);
#459=ORIENTED_EDGE('',*,*,#899,.T.);
#460=ORIENTED_EDGE('',*,*,#894,.T.);
#461=ORIENTED_EDGE('',*,*,#842,.T.);
#462=ORIENTED_EDGE('',*,*,#814,.T.);
#463=ORIENTED_EDGE('',*,*,#902,.T.);
#464=ORIENTED_EDGE('',*,*,#903,.F.);
#465=ORIENTED_EDGE('',*,*,#904,.T.);
#466=ORIENTED_EDGE('',*,*,#905,.T.);
#467=ORIENTED_EDGE('',*,*,#906,.T.);
#468=ORIENTED_EDGE('',*,*,#811,.T.);
#469=ORIENTED_EDGE('',*,*,#840,.T.);
#470=ORIENTED_EDGE('',*,*,#820,.T.);
#471=ORIENTED_EDGE('',*,*,#907,.T.);
#472=ORIENTED_EDGE('',*,*,#832,.T.);
#473=ORIENTED_EDGE('',*,*,#835,.F.);
#474=ORIENTED_EDGE('',*,*,#827,.F.);
#475=ORIENTED_EDGE('',*,*,#908,.T.);
#476=ORIENTED_EDGE('',*,*,#909,.F.);
#477=ORIENTED_EDGE('',*,*,#910,.T.);
#478=ORIENTED_EDGE('',*,*,#903,.T.);
#479=ORIENTED_EDGE('',*,*,#911,.T.);
#480=ORIENTED_EDGE('',*,*,#912,.T.);
#481=ORIENTED_EDGE('',*,*,#905,.F.);
#482=ORIENTED_EDGE('',*,*,#913,.F.);
#483=ORIENTED_EDGE('',*,*,#914,.T.);
#484=ORIENTED_EDGE('',*,*,#915,.T.);
#485=ORIENTED_EDGE('',*,*,#916,.T.);
#486=ORIENTED_EDGE('',*,*,#913,.T.);
#487=ORIENTED_EDGE('',*,*,#904,.F.);
#488=ORIENTED_EDGE('',*,*,#910,.F.);
#489=ORIENTED_EDGE('',*,*,#916,.F.);
#490=ORIENTED_EDGE('',*,*,#917,.T.);
#491=ORIENTED_EDGE('',*,*,#911,.F.);
#492=ORIENTED_EDGE('',*,*,#909,.T.);
#493=ORIENTED_EDGE('',*,*,#918,.T.);
#494=ORIENTED_EDGE('',*,*,#914,.F.);
#495=ORIENTED_EDGE('',*,*,#819,.T.);
#496=ORIENTED_EDGE('',*,*,#795,.F.);
#497=ORIENTED_EDGE('',*,*,#919,.T.);
#498=ORIENTED_EDGE('',*,*,#920,.F.);
#499=ORIENTED_EDGE('',*,*,#907,.F.);
#500=ORIENTED_EDGE('',*,*,#793,.F.);
#501=ORIENTED_EDGE('',*,*,#821,.F.);
#502=ORIENTED_EDGE('',*,*,#901,.T.);
#503=ORIENTED_EDGE('',*,*,#921,.F.);
#504=ORIENTED_EDGE('',*,*,#922,.F.);
#505=ORIENTED_EDGE('',*,*,#837,.T.);
#506=ORIENTED_EDGE('',*,*,#829,.T.);
#507=ORIENTED_EDGE('',*,*,#920,.T.);
#508=ORIENTED_EDGE('',*,*,#923,.T.);
#509=ORIENTED_EDGE('',*,*,#921,.T.);
#510=ORIENTED_EDGE('',*,*,#826,.T.);
#511=ORIENTED_EDGE('',*,*,#838,.T.);
#512=ORIENTED_EDGE('',*,*,#833,.T.);
#513=ORIENTED_EDGE('',*,*,#922,.T.);
#514=ORIENTED_EDGE('',*,*,#923,.F.);
#515=ORIENTED_EDGE('',*,*,#919,.F.);
#516=ORIENTED_EDGE('',*,*,#794,.F.);
#517=ORIENTED_EDGE('',*,*,#774,.T.);
#518=ORIENTED_EDGE('',*,*,#924,.F.);
#519=ORIENTED_EDGE('',*,*,#925,.T.);
#520=ORIENTED_EDGE('',*,*,#926,.T.);
#521=ORIENTED_EDGE('',*,*,#773,.T.);
#522=ORIENTED_EDGE('',*,*,#812,.T.);
#523=ORIENTED_EDGE('',*,*,#906,.F.);
#524=ORIENTED_EDGE('',*,*,#927,.T.);
#525=ORIENTED_EDGE('',*,*,#924,.T.);
#526=ORIENTED_EDGE('',*,*,#813,.F.);
#527=ORIENTED_EDGE('',*,*,#775,.T.);
#528=ORIENTED_EDGE('',*,*,#926,.F.);
#529=ORIENTED_EDGE('',*,*,#928,.T.);
#530=ORIENTED_EDGE('',*,*,#902,.F.);
#531=ORIENTED_EDGE('',*,*,#915,.F.);
#532=ORIENTED_EDGE('',*,*,#918,.F.);
#533=ORIENTED_EDGE('',*,*,#908,.F.);
#534=ORIENTED_EDGE('',*,*,#928,.F.);
#535=ORIENTED_EDGE('',*,*,#925,.F.);
#536=ORIENTED_EDGE('',*,*,#927,.F.);
#537=ORIENTED_EDGE('',*,*,#912,.F.);
#538=ORIENTED_EDGE('',*,*,#917,.F.);
#539=ORIENTED_EDGE('',*,*,#900,.F.);
#540=ORIENTED_EDGE('',*,*,#929,.T.);
#541=ORIENTED_EDGE('',*,*,#930,.T.);
#542=ORIENTED_EDGE('',*,*,#929,.F.);
#543=ORIENTED_EDGE('',*,*,#931,.F.);
#544=ORIENTED_EDGE('',*,*,#932,.F.);
#545=ORIENTED_EDGE('',*,*,#931,.T.);
#546=ORIENTED_EDGE('',*,*,#932,.T.);
#547=ORIENTED_EDGE('',*,*,#933,.F.);
#548=ORIENTED_EDGE('',*,*,#930,.F.);
#549=ORIENTED_EDGE('',*,*,#933,.T.);
#550=ORIENTED_EDGE('',*,*,#934,.F.);
#551=ORIENTED_EDGE('',*,*,#935,.F.);
#552=ORIENTED_EDGE('',*,*,#936,.T.);
#553=ORIENTED_EDGE('',*,*,#861,.F.);
#554=ORIENTED_EDGE('',*,*,#937,.F.);
#555=ORIENTED_EDGE('',*,*,#938,.F.);
#556=ORIENTED_EDGE('',*,*,#934,.T.);
#557=ORIENTED_EDGE('',*,*,#860,.F.);
#558=ORIENTED_EDGE('',*,*,#939,.F.);
#559=ORIENTED_EDGE('',*,*,#940,.F.);
#560=ORIENTED_EDGE('',*,*,#937,.T.);
#561=ORIENTED_EDGE('',*,*,#863,.F.);
#562=ORIENTED_EDGE('',*,*,#936,.F.);
#563=ORIENTED_EDGE('',*,*,#941,.F.);
#564=ORIENTED_EDGE('',*,*,#939,.T.);
#565=ORIENTED_EDGE('',*,*,#862,.F.);
#566=ORIENTED_EDGE('',*,*,#935,.T.);
#567=ORIENTED_EDGE('',*,*,#938,.T.);
#568=ORIENTED_EDGE('',*,*,#940,.T.);
#569=ORIENTED_EDGE('',*,*,#941,.T.);
#570=ORIENTED_EDGE('',*,*,#798,.F.);
#571=ORIENTED_EDGE('',*,*,#942,.F.);
#572=ORIENTED_EDGE('',*,*,#943,.T.);
#573=ORIENTED_EDGE('',*,*,#944,.T.);
#574=ORIENTED_EDGE('',*,*,#799,.T.);
#575=ORIENTED_EDGE('',*,*,#944,.F.);
#576=ORIENTED_EDGE('',*,*,#945,.F.);
#577=ORIENTED_EDGE('',*,*,#946,.T.);
#578=ORIENTED_EDGE('',*,*,#800,.F.);
#579=ORIENTED_EDGE('',*,*,#946,.F.);
#580=ORIENTED_EDGE('',*,*,#947,.T.);
#581=ORIENTED_EDGE('',*,*,#948,.T.);
#582=ORIENTED_EDGE('',*,*,#801,.T.);
#583=ORIENTED_EDGE('',*,*,#948,.F.);
#584=ORIENTED_EDGE('',*,*,#949,.F.);
#585=ORIENTED_EDGE('',*,*,#950,.T.);
#586=ORIENTED_EDGE('',*,*,#802,.T.);
#587=ORIENTED_EDGE('',*,*,#950,.F.);
#588=ORIENTED_EDGE('',*,*,#951,.F.);
#589=ORIENTED_EDGE('',*,*,#952,.T.);
#590=ORIENTED_EDGE('',*,*,#803,.T.);
#591=ORIENTED_EDGE('',*,*,#952,.F.);
#592=ORIENTED_EDGE('',*,*,#953,.F.);
#593=ORIENTED_EDGE('',*,*,#954,.T.);
#594=ORIENTED_EDGE('',*,*,#804,.T.);
#595=ORIENTED_EDGE('',*,*,#954,.F.);
#596=ORIENTED_EDGE('',*,*,#955,.F.);
#597=ORIENTED_EDGE('',*,*,#956,.T.);
#598=ORIENTED_EDGE('',*,*,#805,.T.);
#599=ORIENTED_EDGE('',*,*,#956,.F.);
#600=ORIENTED_EDGE('',*,*,#957,.F.);
#601=ORIENTED_EDGE('',*,*,#958,.T.);
#602=ORIENTED_EDGE('',*,*,#806,.T.);
#603=ORIENTED_EDGE('',*,*,#958,.F.);
#604=ORIENTED_EDGE('',*,*,#959,.F.);
#605=ORIENTED_EDGE('',*,*,#960,.T.);
#606=ORIENTED_EDGE('',*,*,#807,.T.);
#607=ORIENTED_EDGE('',*,*,#960,.F.);
#608=ORIENTED_EDGE('',*,*,#961,.F.);
#609=ORIENTED_EDGE('',*,*,#962,.T.);
#610=ORIENTED_EDGE('',*,*,#808,.F.);
#611=ORIENTED_EDGE('',*,*,#962,.F.);
#612=ORIENTED_EDGE('',*,*,#963,.T.);
#613=ORIENTED_EDGE('',*,*,#964,.T.);
#614=ORIENTED_EDGE('',*,*,#797,.T.);
#615=ORIENTED_EDGE('',*,*,#964,.F.);
#616=ORIENTED_EDGE('',*,*,#965,.F.);
#617=ORIENTED_EDGE('',*,*,#942,.T.);
#618=ORIENTED_EDGE('',*,*,#943,.F.);
#619=ORIENTED_EDGE('',*,*,#965,.T.);
#620=ORIENTED_EDGE('',*,*,#963,.F.);
#621=ORIENTED_EDGE('',*,*,#961,.T.);
#622=ORIENTED_EDGE('',*,*,#959,.T.);
#623=ORIENTED_EDGE('',*,*,#957,.T.);
#624=ORIENTED_EDGE('',*,*,#955,.T.);
#625=ORIENTED_EDGE('',*,*,#953,.T.);
#626=ORIENTED_EDGE('',*,*,#951,.T.);
#627=ORIENTED_EDGE('',*,*,#949,.T.);
#628=ORIENTED_EDGE('',*,*,#947,.F.);
#629=ORIENTED_EDGE('',*,*,#945,.T.);
#630=ORIENTED_EDGE('',*,*,#966,.F.);
#631=ORIENTED_EDGE('',*,*,#749,.T.);
#632=ORIENTED_EDGE('',*,*,#967,.F.);
#633=ORIENTED_EDGE('',*,*,#743,.T.);
#634=ORIENTED_EDGE('',*,*,#968,.F.);
#635=ORIENTED_EDGE('',*,*,#787,.T.);
#636=ORIENTED_EDGE('',*,*,#748,.T.);
#637=ORIENTED_EDGE('',*,*,#969,.F.);
#638=ORIENTED_EDGE('',*,*,#744,.T.);
#639=ORIENTED_EDGE('',*,*,#967,.T.);
#640=ORIENTED_EDGE('',*,*,#970,.F.);
#641=ORIENTED_EDGE('',*,*,#971,.F.);
#642=ORIENTED_EDGE('',*,*,#972,.F.);
#643=ORIENTED_EDGE('',*,*,#745,.T.);
#644=ORIENTED_EDGE('',*,*,#969,.T.);
#645=ORIENTED_EDGE('',*,*,#747,.T.);
#646=ORIENTED_EDGE('',*,*,#973,.F.);
#647=ORIENTED_EDGE('',*,*,#762,.F.);
#648=ORIENTED_EDGE('',*,*,#974,.F.);
#649=ORIENTED_EDGE('',*,*,#971,.T.);
#650=ORIENTED_EDGE('',*,*,#975,.F.);
#651=ORIENTED_EDGE('',*,*,#759,.T.);
#652=ORIENTED_EDGE('',*,*,#976,.T.);
#653=ORIENTED_EDGE('',*,*,#753,.T.);
#654=ORIENTED_EDGE('',*,*,#977,.F.);
#655=ORIENTED_EDGE('',*,*,#770,.F.);
#656=ORIENTED_EDGE('',*,*,#758,.T.);
#657=ORIENTED_EDGE('',*,*,#978,.T.);
#658=ORIENTED_EDGE('',*,*,#754,.T.);
#659=ORIENTED_EDGE('',*,*,#976,.F.);
#660=ORIENTED_EDGE('',*,*,#979,.F.);
#661=ORIENTED_EDGE('',*,*,#980,.T.);
#662=ORIENTED_EDGE('',*,*,#981,.F.);
#663=ORIENTED_EDGE('',*,*,#755,.T.);
#664=ORIENTED_EDGE('',*,*,#978,.F.);
#665=ORIENTED_EDGE('',*,*,#757,.T.);
#666=ORIENTED_EDGE('',*,*,#982,.F.);
#667=ORIENTED_EDGE('',*,*,#779,.T.);
#668=ORIENTED_EDGE('',*,*,#983,.F.);
#669=ORIENTED_EDGE('',*,*,#980,.F.);
#670=ORIENTED_EDGE('',*,*,#984,.F.);
#671=ORIENTED_EDGE('',*,*,#852,.T.);
#672=ORIENTED_EDGE('',*,*,#985,.F.);
#673=ORIENTED_EDGE('',*,*,#984,.T.);
#674=ORIENTED_EDGE('',*,*,#986,.F.);
#675=ORIENTED_EDGE('',*,*,#985,.T.);
#676=ORIENTED_EDGE('',*,*,#987,.F.);
#677=ORIENTED_EDGE('',*,*,#986,.T.);
#678=ORIENTED_EDGE('',*,*,#988,.F.);
#679=ORIENTED_EDGE('',*,*,#987,.T.);
#680=ORIENTED_EDGE('',*,*,#989,.F.);
#681=ORIENTED_EDGE('',*,*,#988,.T.);
#682=ORIENTED_EDGE('',*,*,#990,.F.);
#683=ORIENTED_EDGE('',*,*,#989,.T.);
#684=ORIENTED_EDGE('',*,*,#991,.F.);
#685=ORIENTED_EDGE('',*,*,#990,.T.);
#686=ORIENTED_EDGE('',*,*,#991,.T.);
#687=ORIENTED_EDGE('',*,*,#992,.F.);
#688=ORIENTED_EDGE('',*,*,#993,.F.);
#689=ORIENTED_EDGE('',*,*,#992,.T.);
#690=ORIENTED_EDGE('',*,*,#994,.F.);
#691=ORIENTED_EDGE('',*,*,#993,.T.);
#692=ORIENTED_EDGE('',*,*,#995,.F.);
#693=ORIENTED_EDGE('',*,*,#994,.T.);
#694=ORIENTED_EDGE('',*,*,#996,.F.);
#695=ORIENTED_EDGE('',*,*,#997,.F.);
#696=ORIENTED_EDGE('',*,*,#998,.F.);
#697=ORIENTED_EDGE('',*,*,#999,.F.);
#698=ORIENTED_EDGE('',*,*,#995,.T.);
#699=ORIENTED_EDGE('',*,*,#979,.T.);
#700=ORIENTED_EDGE('',*,*,#756,.F.);
#701=ORIENTED_EDGE('',*,*,#981,.T.);
#702=ORIENTED_EDGE('',*,*,#983,.T.);
#703=ORIENTED_EDGE('',*,*,#780,.T.);
#704=ORIENTED_EDGE('',*,*,#982,.T.);
#705=ORIENTED_EDGE('',*,*,#771,.T.);
#706=ORIENTED_EDGE('',*,*,#977,.T.);
#707=ORIENTED_EDGE('',*,*,#752,.F.);
#708=ORIENTED_EDGE('',*,*,#841,.F.);
#709=ORIENTED_EDGE('',*,*,#809,.F.);
#710=ORIENTED_EDGE('',*,*,#760,.F.);
#711=ORIENTED_EDGE('',*,*,#975,.T.);
#712=ORIENTED_EDGE('',*,*,#769,.T.);
#713=ORIENTED_EDGE('',*,*,#886,.F.);
#714=ORIENTED_EDGE('',*,*,#970,.T.);
#715=ORIENTED_EDGE('',*,*,#746,.T.);
#716=ORIENTED_EDGE('',*,*,#972,.T.);
#717=ORIENTED_EDGE('',*,*,#974,.T.);
#718=ORIENTED_EDGE('',*,*,#761,.F.);
#719=ORIENTED_EDGE('',*,*,#973,.T.);
#720=ORIENTED_EDGE('',*,*,#788,.F.);
#721=ORIENTED_EDGE('',*,*,#968,.T.);
#722=ORIENTED_EDGE('',*,*,#742,.T.);
#723=ORIENTED_EDGE('',*,*,#885,.F.);
#724=ORIENTED_EDGE('',*,*,#839,.F.);
#725=ORIENTED_EDGE('',*,*,#750,.T.);
#726=ORIENTED_EDGE('',*,*,#966,.T.);
#727=ORIENTED_EDGE('',*,*,#786,.F.);
#728=ORIENTED_EDGE('',*,*,#818,.F.);
#729=ORIENTED_EDGE('',*,*,#1000,.F.);
#730=ORIENTED_EDGE('',*,*,#999,.T.);
#731=ORIENTED_EDGE('',*,*,#1000,.T.);
#732=ORIENTED_EDGE('',*,*,#1001,.F.);
#733=ORIENTED_EDGE('',*,*,#998,.T.);
#734=ORIENTED_EDGE('',*,*,#1001,.T.);
#735=ORIENTED_EDGE('',*,*,#1002,.F.);
#736=ORIENTED_EDGE('',*,*,#997,.T.);
#737=ORIENTED_EDGE('',*,*,#1002,.T.);
#738=ORIENTED_EDGE('',*,*,#1003,.F.);
#739=ORIENTED_EDGE('',*,*,#996,.T.);
#740=ORIENTED_EDGE('',*,*,#1003,.T.);
#741=EDGE_CURVE('',#1004,#1005,#1187,.T.);
#742=EDGE_CURVE('',#1006,#1005,#1188,.T.);
#743=EDGE_CURVE('',#1007,#1006,#191,.T.);
#744=EDGE_CURVE('',#1008,#1007,#1189,.T.);
#745=EDGE_CURVE('',#1009,#1008,#192,.T.);
#746=EDGE_CURVE('',#1010,#1009,#1190,.T.);
#747=EDGE_CURVE('',#1011,#1010,#193,.T.);
#748=EDGE_CURVE('',#1012,#1011,#1191,.T.);
#749=EDGE_CURVE('',#1013,#1012,#194,.T.);
#750=EDGE_CURVE('',#1014,#1013,#1192,.T.);
#751=EDGE_CURVE('',#1014,#1015,#1193,.T.);
#752=EDGE_CURVE('',#1015,#1016,#1194,.T.);
#753=EDGE_CURVE('',#1017,#1016,#195,.T.);
#754=EDGE_CURVE('',#1018,#1017,#1195,.T.);
#755=EDGE_CURVE('',#1019,#1018,#196,.T.);
#756=EDGE_CURVE('',#1019,#1020,#1196,.T.);
#757=EDGE_CURVE('',#1021,#1020,#197,.T.);
#758=EDGE_CURVE('',#1022,#1021,#1197,.T.);
#759=EDGE_CURVE('',#1023,#1022,#198,.T.);
#760=EDGE_CURVE('',#1023,#1004,#1198,.T.);
#761=EDGE_CURVE('',#1024,#1025,#1199,.T.);
#762=EDGE_CURVE('',#1025,#1024,#97,.T.);
#763=EDGE_CURVE('',#1026,#1026,#98,.T.);
#764=EDGE_CURVE('',#1027,#1028,#99,.T.);
#765=EDGE_CURVE('',#1028,#1029,#1200,.F.);
#766=EDGE_CURVE('',#1029,#1030,#100,.T.);
#767=EDGE_CURVE('',#1030,#1027,#1201,.F.);
#768=EDGE_CURVE('',#1031,#1032,#1202,.T.);
#769=EDGE_CURVE('',#1033,#1032,#1203,.T.);
#770=EDGE_CURVE('',#1033,#1034,#101,.T.);
#771=EDGE_CURVE('',#1035,#1034,#1204,.T.);
#772=EDGE_CURVE('',#1036,#1035,#1205,.T.);
#773=EDGE_CURVE('',#1037,#1036,#1206,.T.);
#774=EDGE_CURVE('',#1038,#1037,#1207,.T.);
#775=EDGE_CURVE('',#1039,#1038,#1208,.T.);
#776=EDGE_CURVE('',#1040,#1039,#1209,.T.);
#777=EDGE_CURVE('',#1040,#1041,#1210,.T.);
#778=EDGE_CURVE('',#1031,#1041,#102,.T.);
#779=EDGE_CURVE('',#1042,#1043,#103,.T.);
#780=EDGE_CURVE('',#1043,#1042,#1211,.T.);
#781=EDGE_CURVE('',#1044,#1044,#104,.T.);
#782=EDGE_CURVE('',#1045,#1046,#1212,.T.);
#783=EDGE_CURVE('',#1047,#1045,#105,.T.);
#784=EDGE_CURVE('',#1048,#1047,#1213,.T.);
#785=EDGE_CURVE('',#1046,#1048,#106,.T.);
#786=EDGE_CURVE('',#1049,#1050,#1214,.T.);
#787=EDGE_CURVE('',#1051,#1050,#107,.T.);
#788=EDGE_CURVE('',#1051,#1052,#1215,.T.);
#789=EDGE_CURVE('',#1052,#1053,#1216,.T.);
#790=EDGE_CURVE('',#1053,#1054,#108,.T.);
#791=EDGE_CURVE('',#1055,#1054,#1217,.T.);
#792=EDGE_CURVE('',#1055,#1056,#1218,.T.);
#793=EDGE_CURVE('',#1056,#1057,#1219,.T.);
#794=EDGE_CURVE('',#1057,#1058,#1220,.T.);
#795=EDGE_CURVE('',#1058,#1059,#1221,.T.);
#796=EDGE_CURVE('',#1059,#1049,#1222,.T.);
#797=EDGE_CURVE('',#1060,#1061,#109,.T.);
#798=EDGE_CURVE('',#1060,#1062,#110,.T.);
#799=EDGE_CURVE('',#1063,#1062,#111,.T.);
#800=EDGE_CURVE('',#1063,#1064,#112,.T.);
#801=EDGE_CURVE('',#1065,#1064,#1223,.T.);
#802=EDGE_CURVE('',#1066,#1065,#113,.T.);
#803=EDGE_CURVE('',#1067,#1066,#1224,.T.);
#804=EDGE_CURVE('',#1068,#1067,#1225,.T.);
#805=EDGE_CURVE('',#1069,#1068,#1226,.T.);
#806=EDGE_CURVE('',#1070,#1069,#114,.T.);
#807=EDGE_CURVE('',#1071,#1070,#1227,.T.);
#808=EDGE_CURVE('',#1071,#1061,#115,.T.);
#809=EDGE_CURVE('',#1035,#1072,#48,.F.);
#810=EDGE_CURVE('',#1073,#1072,#49,.F.);
#811=EDGE_CURVE('',#1074,#1073,#1228,.T.);
#812=EDGE_CURVE('',#1036,#1074,#116,.T.);
#813=EDGE_CURVE('',#1039,#1075,#117,.T.);
#814=EDGE_CURVE('',#1076,#1075,#1229,.T.);
#815=EDGE_CURVE('',#1077,#1076,#118,.T.);
#816=EDGE_CURVE('',#1040,#1077,#119,.T.);
#817=EDGE_CURVE('',#1078,#1079,#50,.T.);
#818=EDGE_CURVE('',#1078,#1049,#51,.F.);
#819=EDGE_CURVE('',#1080,#1059,#120,.T.);
#820=EDGE_CURVE('',#1079,#1080,#1230,.F.);
#821=EDGE_CURVE('',#1081,#1056,#121,.T.);
#822=EDGE_CURVE('',#1082,#1055,#122,.T.);
#823=EDGE_CURVE('',#1083,#1082,#123,.T.);
#824=EDGE_CURVE('',#1081,#1083,#1231,.F.);
#825=EDGE_CURVE('',#1084,#1085,#1232,.T.);
#826=EDGE_CURVE('',#1086,#1084,#1233,.T.);
#827=EDGE_CURVE('',#1086,#1087,#1234,.T.);
#828=EDGE_CURVE('',#1087,#1085,#124,.T.);
#829=EDGE_CURVE('',#1088,#1089,#1235,.T.);
#830=EDGE_CURVE('',#1088,#1090,#1236,.T.);
#831=EDGE_CURVE('',#1091,#1090,#125,.T.);
#832=EDGE_CURVE('',#1089,#1091,#1237,.T.);
#833=EDGE_CURVE('',#1092,#1093,#1238,.T.);
#834=EDGE_CURVE('',#1092,#1085,#199,.T.);
#835=EDGE_CURVE('',#1087,#1091,#1239,.T.);
#836=EDGE_CURVE('',#1090,#1093,#200,.T.);
#837=EDGE_CURVE('',#1093,#1088,#126,.T.);
#838=EDGE_CURVE('',#1084,#1092,#127,.T.);
#839=EDGE_CURVE('',#1014,#1078,#52,.T.);
#840=EDGE_CURVE('',#1073,#1079,#1240,.F.);
#841=EDGE_CURVE('',#1072,#1015,#53,.F.);
#842=EDGE_CURVE('',#1094,#1076,#1241,.T.);
#843=EDGE_CURVE('',#1094,#1077,#1242,.T.);
#844=EDGE_CURVE('',#1083,#1095,#1243,.T.);
#845=EDGE_CURVE('',#1095,#1082,#1244,.T.);
#846=EDGE_CURVE('',#1082,#1096,#1245,.T.);
#847=EDGE_CURVE('',#1096,#1054,#1246,.T.);
#848=EDGE_CURVE('',#1097,#1098,#1247,.T.);
#849=EDGE_CURVE('',#1099,#1098,#128,.T.);
#850=EDGE_CURVE('',#1100,#1099,#1248,.T.);
#851=EDGE_CURVE('',#1100,#1097,#1249,.T.);
#852=EDGE_CURVE('',#1101,#1101,#129,.F.);
#853=EDGE_CURVE('',#1102,#1103,#130,.T.);
#854=EDGE_CURVE('',#1102,#1104,#1250,.T.);
#855=EDGE_CURVE('',#1105,#1104,#1251,.T.);
#856=EDGE_CURVE('',#1103,#1105,#1252,.T.);
#857=EDGE_CURVE('',#1104,#1106,#131,.T.);
#858=EDGE_CURVE('',#1107,#1106,#1253,.T.);
#859=EDGE_CURVE('',#1105,#1107,#132,.T.);
#860=EDGE_CURVE('',#1108,#1109,#1254,.T.);
#861=EDGE_CURVE('',#1109,#1110,#133,.T.);
#862=EDGE_CURVE('',#1110,#1111,#1255,.T.);
#863=EDGE_CURVE('',#1111,#1108,#134,.T.);
#864=EDGE_CURVE('',#1106,#1112,#1256,.T.);
#865=EDGE_CURVE('',#1113,#1112,#1257,.T.);
#866=EDGE_CURVE('',#1107,#1113,#1258,.T.);
#867=EDGE_CURVE('',#1112,#1097,#135,.T.);
#868=EDGE_CURVE('',#1113,#1100,#136,.T.);
#869=EDGE_CURVE('',#1114,#1115,#137,.T.);
#870=EDGE_CURVE('',#1114,#1102,#1259,.T.);
#871=EDGE_CURVE('',#1115,#1103,#1260,.T.);
#872=EDGE_CURVE('',#1116,#1117,#1261,.T.);
#873=EDGE_CURVE('',#1045,#1116,#1262,.T.);
#874=EDGE_CURVE('',#1046,#1117,#1263,.T.);
#875=EDGE_CURVE('',#1117,#1118,#138,.T.);
#876=EDGE_CURVE('',#1048,#1118,#1264,.T.);
#877=EDGE_CURVE('',#1118,#1119,#1265,.T.);
#878=EDGE_CURVE('',#1047,#1119,#1266,.T.);
#879=EDGE_CURVE('',#1119,#1116,#139,.T.);
#880=EDGE_CURVE('',#1029,#1117,#1267,.T.);
#881=EDGE_CURVE('',#1028,#1116,#1268,.T.);
#882=EDGE_CURVE('',#1030,#1118,#1269,.T.);
#883=EDGE_CURVE('',#1027,#1119,#1270,.T.);
#884=EDGE_CURVE('',#1120,#1120,#140,.T.);
#885=EDGE_CURVE('',#1052,#1005,#141,.F.);
#886=EDGE_CURVE('',#1004,#1032,#142,.F.);
#887=EDGE_CURVE('',#1121,#1031,#1271,.T.);
#888=EDGE_CURVE('',#1121,#1114,#1272,.T.);
#889=EDGE_CURVE('',#1122,#1115,#1273,.T.);
#890=EDGE_CURVE('',#1122,#1053,#1274,.T.);
#891=EDGE_CURVE('',#1123,#1099,#1275,.T.);
#892=EDGE_CURVE('',#1123,#1095,#1276,.T.);
#893=EDGE_CURVE('',#1122,#1096,#143,.T.);
#894=EDGE_CURVE('',#1124,#1094,#1277,.T.);
#895=EDGE_CURVE('',#1124,#1098,#1278,.T.);
#896=EDGE_CURVE('',#1121,#1125,#144,.T.);
#897=EDGE_CURVE('',#1077,#1125,#1279,.T.);
#898=EDGE_CURVE('',#1125,#1041,#1280,.T.);
#899=EDGE_CURVE('',#1123,#1124,#145,.T.);
#900=EDGE_CURVE('',#1126,#1126,#146,.F.);
#901=EDGE_CURVE('',#1081,#1086,#1281,.T.);
#902=EDGE_CURVE('',#1075,#1127,#1282,.T.);
#903=EDGE_CURVE('',#1128,#1127,#1283,.T.);
#904=EDGE_CURVE('',#1128,#1129,#1284,.T.);
#905=EDGE_CURVE('',#1129,#1130,#1285,.T.);
#906=EDGE_CURVE('',#1130,#1074,#1286,.T.);
#907=EDGE_CURVE('',#1080,#1089,#1287,.T.);
#908=EDGE_CURVE('',#1127,#1131,#1288,.T.);
#909=EDGE_CURVE('',#1132,#1131,#1289,.T.);
#910=EDGE_CURVE('',#1132,#1128,#147,.T.);
#911=EDGE_CURVE('',#1133,#1134,#1290,.T.);
#912=EDGE_CURVE('',#1134,#1130,#1291,.T.);
#913=EDGE_CURVE('',#1133,#1129,#148,.T.);
#914=EDGE_CURVE('',#1132,#1135,#201,.T.);
#915=EDGE_CURVE('',#1135,#1136,#1292,.T.);
#916=EDGE_CURVE('',#1136,#1133,#202,.T.);
#917=EDGE_CURVE('',#1136,#1134,#149,.T.);
#918=EDGE_CURVE('',#1131,#1135,#150,.T.);
#919=EDGE_CURVE('',#1058,#1137,#1293,.T.);
#920=EDGE_CURVE('',#1089,#1137,#1294,.T.);
#921=EDGE_CURVE('',#1138,#1086,#1295,.T.);
#922=EDGE_CURVE('',#1057,#1138,#1296,.T.);
#923=EDGE_CURVE('',#1137,#1138,#1297,.T.);
#924=EDGE_CURVE('',#1139,#1037,#1298,.T.);
#925=EDGE_CURVE('',#1139,#1140,#1299,.T.);
#926=EDGE_CURVE('',#1140,#1038,#1300,.T.);
#927=EDGE_CURVE('',#1130,#1139,#1301,.T.);
#928=EDGE_CURVE('',#1140,#1127,#1302,.T.);
#929=EDGE_CURVE('',#1141,#1141,#151,.T.);
#930=EDGE_CURVE('',#1142,#1142,#152,.F.);
#931=EDGE_CURVE('',#1143,#1143,#153,.T.);
#932=EDGE_CURVE('',#1145,#1145,#154,.T.);
#933=EDGE_CURVE('',#1146,#1146,#155,.T.);
#934=EDGE_CURVE('',#1147,#1109,#1303,.T.);
#935=EDGE_CURVE('',#1148,#1147,#156,.T.);
#936=EDGE_CURVE('',#1148,#1110,#1304,.T.);
#937=EDGE_CURVE('',#1149,#1108,#1305,.T.);
#938=EDGE_CURVE('',#1147,#1149,#1306,.T.);
#939=EDGE_CURVE('',#1150,#1111,#1307,.T.);
#940=EDGE_CURVE('',#1149,#1150,#157,.T.);
#941=EDGE_CURVE('',#1150,#1148,#1308,.T.);
#942=EDGE_CURVE('',#1151,#1060,#1309,.T.);
#943=EDGE_CURVE('',#1151,#1152,#158,.T.);
#944=EDGE_CURVE('',#1152,#1062,#1310,.T.);
#945=EDGE_CURVE('',#1153,#1152,#159,.T.);
#946=EDGE_CURVE('',#1153,#1063,#1311,.T.);
#947=EDGE_CURVE('',#1153,#1154,#160,.T.);
#948=EDGE_CURVE('',#1154,#1064,#1312,.T.);
#949=EDGE_CURVE('',#1155,#1154,#1313,.T.);
#950=EDGE_CURVE('',#1155,#1065,#1314,.T.);
#951=EDGE_CURVE('',#1156,#1155,#161,.T.);
#952=EDGE_CURVE('',#1156,#1066,#1315,.T.);
#953=EDGE_CURVE('',#1157,#1156,#1316,.T.);
#954=EDGE_CURVE('',#1157,#1067,#1317,.T.);
#955=EDGE_CURVE('',#1158,#1157,#1318,.T.);
#956=EDGE_CURVE('',#1158,#1068,#1319,.T.);
#957=EDGE_CURVE('',#1159,#1158,#1320,.T.);
#958=EDGE_CURVE('',#1159,#1069,#1321,.T.);
#959=EDGE_CURVE('',#1160,#1159,#162,.T.);
#960=EDGE_CURVE('',#1160,#1070,#1322,.T.);
#961=EDGE_CURVE('',#1161,#1160,#1323,.T.);
#962=EDGE_CURVE('',#1161,#1071,#1324,.T.);
#963=EDGE_CURVE('',#1161,#1162,#163,.T.);
#964=EDGE_CURVE('',#1162,#1061,#1325,.T.);
#965=EDGE_CURVE('',#1151,#1162,#164,.T.);
#966=EDGE_CURVE('',#1013,#1050,#203,.T.);
#967=EDGE_CURVE('',#1007,#1012,#165,.T.);
#968=EDGE_CURVE('',#1051,#1006,#204,.T.);
#969=EDGE_CURVE('',#1008,#1011,#166,.T.);
#970=EDGE_CURVE('',#1163,#1010,#205,.T.);
#971=EDGE_CURVE('',#1164,#1163,#167,.T.);
#972=EDGE_CURVE('',#1009,#1164,#206,.T.);
#973=EDGE_CURVE('',#1024,#1163,#207,.T.);
#974=EDGE_CURVE('',#1164,#1025,#208,.T.);
#975=EDGE_CURVE('',#1023,#1033,#209,.T.);
#976=EDGE_CURVE('',#1022,#1017,#168,.T.);
#977=EDGE_CURVE('',#1034,#1016,#210,.T.);
#978=EDGE_CURVE('',#1021,#1018,#169,.T.);
#979=EDGE_CURVE('',#1165,#1020,#211,.T.);
#980=EDGE_CURVE('',#1165,#1166,#170,.T.);
#981=EDGE_CURVE('',#1019,#1166,#212,.T.);
#982=EDGE_CURVE('',#1042,#1165,#213,.T.);
#983=EDGE_CURVE('',#1166,#1043,#214,.T.);
#984=EDGE_CURVE('',#1167,#1167,#171,.T.);
#985=EDGE_CURVE('',#1168,#1168,#172,.T.);
#986=EDGE_CURVE('',#1169,#1169,#173,.T.);
#987=EDGE_CURVE('',#1170,#1170,#174,.T.);
#988=EDGE_CURVE('',#1171,#1171,#175,.T.);
#989=EDGE_CURVE('',#1172,#1172,#176,.T.);
#990=EDGE_CURVE('',#1173,#1173,#177,.T.);
#991=EDGE_CURVE('',#1174,#1174,#178,.T.);
#992=EDGE_CURVE('',#1175,#1175,#179,.T.);
#993=EDGE_CURVE('',#1176,#1176,#180,.T.);
#994=EDGE_CURVE('',#1177,#1177,#181,.T.);
#995=EDGE_CURVE('',#1178,#1178,#182,.T.);
#996=EDGE_CURVE('',#1179,#1179,#183,.F.);
#997=EDGE_CURVE('',#1180,#1180,#184,.F.);
#998=EDGE_CURVE('',#1181,#1181,#185,.F.);
#999=EDGE_CURVE('',#1182,#1182,#186,.F.);
#1000=EDGE_CURVE('',#1183,#1183,#187,.T.);
#1001=EDGE_CURVE('',#1184,#1184,#188,.T.);
#1002=EDGE_CURVE('',#1185,#1185,#189,.T.);
#1003=EDGE_CURVE('',#1186,#1186,#190,.T.);
#1004=VERTEX_POINT('',#3517);
#1005=VERTEX_POINT('',#3518);
#1006=VERTEX_POINT('',#3520);
#1007=VERTEX_POINT('',#3525);
#1008=VERTEX_POINT('',#3527);
#1009=VERTEX_POINT('',#3532);
#1010=VERTEX_POINT('',#3534);
#1011=VERTEX_POINT('',#3539);
#1012=VERTEX_POINT('',#3541);
#1013=VERTEX_POINT('',#3546);
#1014=VERTEX_POINT('',#3548);
#1015=VERTEX_POINT('',#3550);
#1016=VERTEX_POINT('',#3552);
#1017=VERTEX_POINT('',#3557);
#1018=VERTEX_POINT('',#3559);
#1019=VERTEX_POINT('',#3564);
#1020=VERTEX_POINT('',#3566);
#1021=VERTEX_POINT('',#3571);
#1022=VERTEX_POINT('',#3573);
#1023=VERTEX_POINT('',#3578);
#1024=VERTEX_POINT('',#3582);
#1025=VERTEX_POINT('',#3583);
#1026=VERTEX_POINT('',#3587);
#1027=VERTEX_POINT('',#3589);
#1028=VERTEX_POINT('',#3590);
#1029=VERTEX_POINT('',#3592);
#1030=VERTEX_POINT('',#3594);
#1031=VERTEX_POINT('',#3597);
#1032=VERTEX_POINT('',#3598);
#1033=VERTEX_POINT('',#3600);
#1034=VERTEX_POINT('',#3602);
#1035=VERTEX_POINT('',#3604);
#1036=VERTEX_POINT('',#3606);
#1037=VERTEX_POINT('',#3608);
#1038=VERTEX_POINT('',#3610);
#1039=VERTEX_POINT('',#3612);
#1040=VERTEX_POINT('',#3614);
#1041=VERTEX_POINT('',#3616);
#1042=VERTEX_POINT('',#3620);
#1043=VERTEX_POINT('',#3621);
#1044=VERTEX_POINT('',#3625);
#1045=VERTEX_POINT('',#3627);
#1046=VERTEX_POINT('',#3628);
#1047=VERTEX_POINT('',#3630);
#1048=VERTEX_POINT('',#3632);
#1049=VERTEX_POINT('',#3635);
#1050=VERTEX_POINT('',#3636);
#1051=VERTEX_POINT('',#3638);
#1052=VERTEX_POINT('',#3640);
#1053=VERTEX_POINT('',#3642);
#1054=VERTEX_POINT('',#3644);
#1055=VERTEX_POINT('',#3646);
#1056=VERTEX_POINT('',#3648);
#1057=VERTEX_POINT('',#3650);
#1058=VERTEX_POINT('',#3652);
#1059=VERTEX_POINT('',#3654);
#1060=VERTEX_POINT('',#3657);
#1061=VERTEX_POINT('',#3658);
#1062=VERTEX_POINT('',#3660);
#1063=VERTEX_POINT('',#3662);
#1064=VERTEX_POINT('',#3664);
#1065=VERTEX_POINT('',#3666);
#1066=VERTEX_POINT('',#3668);
#1067=VERTEX_POINT('',#3670);
#1068=VERTEX_POINT('',#3672);
#1069=VERTEX_POINT('',#3674);
#1070=VERTEX_POINT('',#3676);
#1071=VERTEX_POINT('',#3678);
#1072=VERTEX_POINT('',#3682);
#1073=VERTEX_POINT('',#3684);
#1074=VERTEX_POINT('',#3686);
#1075=VERTEX_POINT('',#3690);
#1076=VERTEX_POINT('',#3692);
#1077=VERTEX_POINT('',#3694);
#1078=VERTEX_POINT('',#3698);
#1079=VERTEX_POINT('',#3699);
#1080=VERTEX_POINT('',#3702);
#1081=VERTEX_POINT('',#3706);
#1082=VERTEX_POINT('',#3708);
#1083=VERTEX_POINT('',#3710);
#1084=VERTEX_POINT('',#3714);
#1085=VERTEX_POINT('',#3715);
#1086=VERTEX_POINT('',#3717);
#1087=VERTEX_POINT('',#3719);
#1088=VERTEX_POINT('',#3723);
#1089=VERTEX_POINT('',#3724);
#1090=VERTEX_POINT('',#3726);
#1091=VERTEX_POINT('',#3728);
#1092=VERTEX_POINT('',#3732);
#1093=VERTEX_POINT('',#3733);
#1094=VERTEX_POINT('',#3779);
#1095=VERTEX_POINT('',#3783);
#1096=VERTEX_POINT('',#3787);
#1097=VERTEX_POINT('',#3791);
#1098=VERTEX_POINT('',#3792);
#1099=VERTEX_POINT('',#3794);
#1100=VERTEX_POINT('',#3796);
#1101=VERTEX_POINT('',#3800);
#1102=VERTEX_POINT('',#3802);
#1103=VERTEX_POINT('',#3803);
#1104=VERTEX_POINT('',#3805);
#1105=VERTEX_POINT('',#3807);
#1106=VERTEX_POINT('',#3811);
#1107=VERTEX_POINT('',#3813);
#1108=VERTEX_POINT('',#3817);
#1109=VERTEX_POINT('',#3818);
#1110=VERTEX_POINT('',#3820);
#1111=VERTEX_POINT('',#3822);
#1112=VERTEX_POINT('',#3825);
#1113=VERTEX_POINT('',#3827);
#1114=VERTEX_POINT('',#3834);
#1115=VERTEX_POINT('',#3835);
#1116=VERTEX_POINT('',#3840);
#1117=VERTEX_POINT('',#3841);
#1118=VERTEX_POINT('',#3846);
#1119=VERTEX_POINT('',#3850);
#1120=VERTEX_POINT('',#3864);
#1121=VERTEX_POINT('',#3870);
#1122=VERTEX_POINT('',#3873);
#1123=VERTEX_POINT('',#3877);
#1124=VERTEX_POINT('',#3883);
#1125=VERTEX_POINT('',#3886);
#1126=VERTEX_POINT('',#3895);
#1127=VERTEX_POINT('',#3898);
#1128=VERTEX_POINT('',#3900);
#1129=VERTEX_POINT('',#3902);
#1130=VERTEX_POINT('',#3904);
#1131=VERTEX_POINT('',#3909);
#1132=VERTEX_POINT('',#3911);
#1133=VERTEX_POINT('',#3915);
#1134=VERTEX_POINT('',#3916);
#1135=VERTEX_POINT('',#3937);
#1136=VERTEX_POINT('',#3939);
#1137=VERTEX_POINT('',#3963);
#1138=VERTEX_POINT('',#3967);
#1139=VERTEX_POINT('',#3974);
#1140=VERTEX_POINT('',#3976);
#1141=VERTEX_POINT('',#3985);
#1142=VERTEX_POINT('',#3988);
#1143=VERTEX_POINT('',#3991);
#1144=VERTEX_POINT('',#3992);
#1145=VERTEX_POINT('',#3995);
#1146=VERTEX_POINT('',#3998);
#1147=VERTEX_POINT('',#4002);
#1148=VERTEX_POINT('',#4004);
#1149=VERTEX_POINT('',#4008);
#1150=VERTEX_POINT('',#4012);
#1151=VERTEX_POINT('',#4019);
#1152=VERTEX_POINT('',#4021);
#1153=VERTEX_POINT('',#4025);
#1154=VERTEX_POINT('',#4029);
#1155=VERTEX_POINT('',#4033);
#1156=VERTEX_POINT('',#4037);
#1157=VERTEX_POINT('',#4041);
#1158=VERTEX_POINT('',#4045);
#1159=VERTEX_POINT('',#4049);
#1160=VERTEX_POINT('',#4053);
#1161=VERTEX_POINT('',#4057);
#1162=VERTEX_POINT('',#4061);
#1163=VERTEX_POINT('',#4085);
#1164=VERTEX_POINT('',#4087);
#1165=VERTEX_POINT('',#4120);
#1166=VERTEX_POINT('',#4122);
#1167=VERTEX_POINT('',#4138);
#1168=VERTEX_POINT('',#4141);
#1169=VERTEX_POINT('',#4144);
#1170=VERTEX_POINT('',#4147);
#1171=VERTEX_POINT('',#4150);
#1172=VERTEX_POINT('',#4153);
#1173=VERTEX_POINT('',#4156);
#1174=VERTEX_POINT('',#4159);
#1175=VERTEX_POINT('',#4162);
#1176=VERTEX_POINT('',#4165);
#1177=VERTEX_POINT('',#4168);
#1178=VERTEX_POINT('',#4171);
#1179=VERTEX_POINT('',#4174);
#1180=VERTEX_POINT('',#4176);
#1181=VERTEX_POINT('',#4178);
#1182=VERTEX_POINT('',#4180);
#1183=VERTEX_POINT('',#4189);
#1184=VERTEX_POINT('',#4193);
#1185=VERTEX_POINT('',#4197);
#1186=VERTEX_POINT('',#4201);
#1187=LINE('',#3516,#1326);
#1188=LINE('',#3519,#1327);
#1189=LINE('',#3526,#1328);
#1190=LINE('',#3533,#1329);
#1191=LINE('',#3540,#1330);
#1192=LINE('',#3547,#1331);
#1193=LINE('',#3549,#1332);
#1194=LINE('',#3551,#1333);
#1195=LINE('',#3558,#1334);
#1196=LINE('',#3565,#1335);
#1197=LINE('',#3572,#1336);
#1198=LINE('',#3579,#1337);
#1199=LINE('',#3581,#1338);
#1200=LINE('',#3591,#1339);
#1201=LINE('',#3595,#1340);
#1202=LINE('',#3596,#1341);
#1203=LINE('',#3599,#1342);
#1204=LINE('',#3603,#1343);
#1205=LINE('',#3605,#1344);
#1206=LINE('',#3607,#1345);
#1207=LINE('',#3609,#1346);
#1208=LINE('',#3611,#1347);
#1209=LINE('',#3613,#1348);
#1210=LINE('',#3615,#1349);
#1211=LINE('',#3622,#1350);
#1212=LINE('',#3626,#1351);
#1213=LINE('',#3631,#1352);
#1214=LINE('',#3634,#1353);
#1215=LINE('',#3639,#1354);
#1216=LINE('',#3641,#1355);
#1217=LINE('',#3645,#1356);
#1218=LINE('',#3647,#1357);
#1219=LINE('',#3649,#1358);
#1220=LINE('',#3651,#1359);
#1221=LINE('',#3653,#1360);
#1222=LINE('',#3655,#1361);
#1223=LINE('',#3665,#1362);
#1224=LINE('',#3669,#1363);
#1225=LINE('',#3671,#1364);
#1226=LINE('',#3673,#1365);
#1227=LINE('',#3677,#1366);
#1228=LINE('',#3685,#1367);
#1229=LINE('',#3691,#1368);
#1230=LINE('',#3703,#1369);
#1231=LINE('',#3711,#1370);
#1232=LINE('',#3713,#1371);
#1233=LINE('',#3716,#1372);
#1234=LINE('',#3718,#1373);
#1235=LINE('',#3722,#1374);
#1236=LINE('',#3725,#1375);
#1237=LINE('',#3729,#1376);
#1238=LINE('',#3731,#1377);
#1239=LINE('',#3751,#1378);
#1240=LINE('',#3775,#1379);
#1241=LINE('',#3778,#1380);
#1242=LINE('',#3780,#1381);
#1243=LINE('',#3782,#1382);
#1244=LINE('',#3784,#1383);
#1245=LINE('',#3786,#1384);
#1246=LINE('',#3788,#1385);
#1247=LINE('',#3790,#1386);
#1248=LINE('',#3795,#1387);
#1249=LINE('',#3797,#1388);
#1250=LINE('',#3804,#1389);
#1251=LINE('',#3806,#1390);
#1252=LINE('',#3808,#1391);
#1253=LINE('',#3812,#1392);
#1254=LINE('',#3816,#1393);
#1255=LINE('',#3821,#1394);
#1256=LINE('',#3824,#1395);
#1257=LINE('',#3826,#1396);
#1258=LINE('',#3828,#1397);
#1259=LINE('',#3836,#1398);
#1260=LINE('',#3837,#1399);
#1261=LINE('',#3839,#1400);
#1262=LINE('',#3842,#1401);
#1263=LINE('',#3843,#1402);
#1264=LINE('',#3847,#1403);
#1265=LINE('',#3849,#1404);
#1266=LINE('',#3851,#1405);
#1267=LINE('',#3855,#1406);
#1268=LINE('',#3856,#1407);
#1269=LINE('',#3858,#1408);
#1270=LINE('',#3860,#1409);
#1271=LINE('',#3869,#1410);
#1272=LINE('',#3871,#1411);
#1273=LINE('',#3872,#1412);
#1274=LINE('',#3874,#1413);
#1275=LINE('',#3876,#1414);
#1276=LINE('',#3878,#1415);
#1277=LINE('',#3882,#1416);
#1278=LINE('',#3884,#1417);
#1279=LINE('',#3887,#1418);
#1280=LINE('',#3889,#1419);
#1281=LINE('',#3896,#1420);
#1282=LINE('',#3897,#1421);
#1283=LINE('',#3899,#1422);
#1284=LINE('',#3901,#1423);
#1285=LINE('',#3903,#1424);
#1286=LINE('',#3905,#1425);
#1287=LINE('',#3906,#1426);
#1288=LINE('',#3908,#1427);
#1289=LINE('',#3910,#1428);
#1290=LINE('',#3914,#1429);
#1291=LINE('',#3917,#1430);
#1292=LINE('',#3938,#1431);
#1293=LINE('',#3962,#1432);
#1294=LINE('',#3964,#1433);
#1295=LINE('',#3966,#1434);
#1296=LINE('',#3968,#1435);
#1297=LINE('',#3970,#1436);
#1298=LINE('',#3973,#1437);
#1299=LINE('',#3975,#1438);
#1300=LINE('',#3977,#1439);
#1301=LINE('',#3979,#1440);
#1302=LINE('',#3981,#1441);
#1303=LINE('',#4001,#1442);
#1304=LINE('',#4005,#1443);
#1305=LINE('',#4007,#1444);
#1306=LINE('',#4009,#1445);
#1307=LINE('',#4011,#1446);
#1308=LINE('',#4015,#1447);
#1309=LINE('',#4018,#1448);
#1310=LINE('',#4022,#1449);
#1311=LINE('',#4026,#1450);
#1312=LINE('',#4030,#1451);
#1313=LINE('',#4032,#1452);
#1314=LINE('',#4034,#1453);
#1315=LINE('',#4038,#1454);
#1316=LINE('',#4040,#1455);
#1317=LINE('',#4042,#1456);
#1318=LINE('',#4044,#1457);
#1319=LINE('',#4046,#1458);
#1320=LINE('',#4048,#1459);
#1321=LINE('',#4050,#1460);
#1322=LINE('',#4054,#1461);
#1323=LINE('',#4056,#1462);
#1324=LINE('',#4058,#1463);
#1325=LINE('',#4062,#1464);
#1326=VECTOR('',#2949,1000.);
#1327=VECTOR('',#2950,1000.);
#1328=VECTOR('',#2951,1000.);
#1329=VECTOR('',#2952,1000.);
#1330=VECTOR('',#2953,1000.);
#1331=VECTOR('',#2954,1000.);
#1332=VECTOR('',#2955,1000.);
#1333=VECTOR('',#2956,1000.);
#1334=VECTOR('',#2957,1000.);
#1335=VECTOR('',#2958,1000.);
#1336=VECTOR('',#2959,1000.);
#1337=VECTOR('',#2960,1000.);
#1338=VECTOR('',#2963,1000.);
#1339=VECTOR('',#2972,1000.);
#1340=VECTOR('',#2975,1000.);
#1341=VECTOR('',#2976,1000.);
#1342=VECTOR('',#2977,1000.);
#1343=VECTOR('',#2980,1000.);
#1344=VECTOR('',#2981,1000.);
#1345=VECTOR('',#2982,1000.);
#1346=VECTOR('',#2983,1000.);
#1347=VECTOR('',#2984,1000.);
#1348=VECTOR('',#2985,1000.);
#1349=VECTOR('',#2986,1000.);
#1350=VECTOR('',#2993,1000.);
#1351=VECTOR('',#2998,1000.);
#1352=VECTOR('',#3001,1000.);
#1353=VECTOR('',#3004,1000.);
#1354=VECTOR('',#3007,1000.);
#1355=VECTOR('',#3008,1000.);
#1356=VECTOR('',#3011,1000.);
#1357=VECTOR('',#3012,1000.);
#1358=VECTOR('',#3013,1000.);
#1359=VECTOR('',#3014,1000.);
#1360=VECTOR('',#3015,1000.);
#1361=VECTOR('',#3016,1000.);
#1362=VECTOR('',#3025,1000.);
#1363=VECTOR('',#3028,1000.);
#1364=VECTOR('',#3029,1000.);
#1365=VECTOR('',#3030,1000.);
#1366=VECTOR('',#3033,1000.);
#1367=VECTOR('',#3042,1000.);
#1368=VECTOR('',#3049,1000.);
#1369=VECTOR('',#3062,1000.);
#1370=VECTOR('',#3071,1000.);
#1371=VECTOR('',#3074,1000.);
#1372=VECTOR('',#3075,1000.);
#1373=VECTOR('',#3076,1000.);
#1374=VECTOR('',#3081,1000.);
#1375=VECTOR('',#3082,1000.);
#1376=VECTOR('',#3085,1000.);
#1377=VECTOR('',#3088,1000.);
#1378=VECTOR('',#3089,1000.);
#1379=VECTOR('',#3102,1000.);
#1380=VECTOR('',#3107,1000.);
#1381=VECTOR('',#3108,1000.);
#1382=VECTOR('',#3111,1000.);
#1383=VECTOR('',#3112,1000.);
#1384=VECTOR('',#3115,1000.);
#1385=VECTOR('',#3116,1000.);
#1386=VECTOR('',#3119,1000.);
#1387=VECTOR('',#3122,1000.);
#1388=VECTOR('',#3123,1000.);
#1389=VECTOR('',#3130,1000.);
#1390=VECTOR('',#3131,1000.);
#1391=VECTOR('',#3132,1000.);
#1392=VECTOR('',#3137,1000.);
#1393=VECTOR('',#3142,1000.);
#1394=VECTOR('',#3145,1000.);
#1395=VECTOR('',#3148,1000.);
#1396=VECTOR('',#3149,1000.);
#1397=VECTOR('',#3150,1000.);
#1398=VECTOR('',#3161,1000.);
#1399=VECTOR('',#3162,1000.);
#1400=VECTOR('',#3165,1000.);
#1401=VECTOR('',#3166,1000.);
#1402=VECTOR('',#3167,1000.);
#1403=VECTOR('',#3172,1000.);
#1404=VECTOR('',#3175,1000.);
#1405=VECTOR('',#3176,1000.);
#1406=VECTOR('',#3183,1000.);
#1407=VECTOR('',#3184,1000.);
#1408=VECTOR('',#3187,1000.);
#1409=VECTOR('',#3190,1000.);
#1410=VECTOR('',#3205,1000.);
#1411=VECTOR('',#3206,1000.);
#1412=VECTOR('',#3207,1000.);
#1413=VECTOR('',#3208,1000.);
#1414=VECTOR('',#3211,1000.);
#1415=VECTOR('',#3212,1000.);
#1416=VECTOR('',#3219,1000.);
#1417=VECTOR('',#3220,1000.);
#1418=VECTOR('',#3223,1000.);
#1419=VECTOR('',#3226,1000.);
#1420=VECTOR('',#3237,1000.);
#1421=VECTOR('',#3238,1000.);
#1422=VECTOR('',#3239,1000.);
#1423=VECTOR('',#3240,1000.);
#1424=VECTOR('',#3241,1000.);
#1425=VECTOR('',#3242,1000.);
#1426=VECTOR('',#3243,1000.);
#1427=VECTOR('',#3246,1000.);
#1428=VECTOR('',#3247,1000.);
#1429=VECTOR('',#3252,1000.);
#1430=VECTOR('',#3253,1000.);
#1431=VECTOR('',#3258,1000.);
#1432=VECTOR('',#3269,1000.);
#1433=VECTOR('',#3270,1000.);
#1434=VECTOR('',#3273,1000.);
#1435=VECTOR('',#3274,1000.);
#1436=VECTOR('',#3277,1000.);
#1437=VECTOR('',#3282,1000.);
#1438=VECTOR('',#3283,1000.);
#1439=VECTOR('',#3284,1000.);
#1440=VECTOR('',#3287,1000.);
#1441=VECTOR('',#3290,1000.);
#1442=VECTOR('',#3317,1000.);
#1443=VECTOR('',#3320,1000.);
#1444=VECTOR('',#3323,1000.);
#1445=VECTOR('',#3324,1000.);
#1446=VECTOR('',#3327,1000.);
#1447=VECTOR('',#3332,1000.);
#1448=VECTOR('',#3337,1000.);
#1449=VECTOR('',#3340,1000.);
#1450=VECTOR('',#3345,1000.);
#1451=VECTOR('',#3350,1000.);
#1452=VECTOR('',#3353,1000.);
#1453=VECTOR('',#3354,1000.);
#1454=VECTOR('',#3359,1000.);
#1455=VECTOR('',#3362,1000.);
#1456=VECTOR('',#3363,1000.);
#1457=VECTOR('',#3366,1000.);
#1458=VECTOR('',#3367,1000.);
#1459=VECTOR('',#3370,1000.);
#1460=VECTOR('',#3371,1000.);
#1461=VECTOR('',#3376,1000.);
#1462=VECTOR('',#3379,1000.);
#1463=VECTOR('',#3380,1000.);
#1464=VECTOR('',#3385,1000.);
#1465=EDGE_LOOP('',(#215,#216,#217,#218,#219,#220,#221,#222,#223,#224,#225,
#226,#227,#228,#229,#230,#231,#232,#233,#234));
#1466=EDGE_LOOP('',(#235,#236));
#1467=EDGE_LOOP('',(#237));
#1468=EDGE_LOOP('',(#238,#239,#240,#241));
#1469=EDGE_LOOP('',(#242,#243,#244,#245,#246,#247,#248,#249,#250,#251,#252));
#1470=EDGE_LOOP('',(#253,#254));
#1471=EDGE_LOOP('',(#255));
#1472=EDGE_LOOP('',(#256,#257,#258,#259));
#1473=EDGE_LOOP('',(#260,#261,#262,#263,#264,#265,#266,#267,#268,#269,#270));
#1474=EDGE_LOOP('',(#271,#272,#273,#274,#275,#276,#277,#278,#279,#280,#281,
#282));
#1475=EDGE_LOOP('',(#283,#284,#285,#286,#287));
#1476=EDGE_LOOP('',(#288,#289,#290,#291,#292));
#1477=EDGE_LOOP('',(#293,#294,#295,#296,#297));
#1478=EDGE_LOOP('',(#298,#299,#300,#301,#302));
#1479=EDGE_LOOP('',(#303,#304,#305,#306));
#1480=EDGE_LOOP('',(#307,#308,#309,#310));
#1481=EDGE_LOOP('',(#311,#312,#313,#314,#315,#316));
#1482=EDGE_LOOP('',(#317,#318,#319));
#1483=EDGE_LOOP('',(#320,#321,#322));
#1484=EDGE_LOOP('',(#323,#324,#325,#326,#327,#328));
#1485=EDGE_LOOP('',(#329,#330,#331));
#1486=EDGE_LOOP('',(#332,#333,#334));
#1487=EDGE_LOOP('',(#335,#336,#337,#338));
#1488=EDGE_LOOP('',(#339,#340,#341,#342));
#1489=EDGE_LOOP('',(#343));
#1490=EDGE_LOOP('',(#344,#345,#346,#347));
#1491=EDGE_LOOP('',(#348,#349,#350,#351));
#1492=EDGE_LOOP('',(#352,#353,#354,#355));
#1493=EDGE_LOOP('',(#356,#357,#358,#359));
#1494=EDGE_LOOP('',(#360,#361,#362,#363));
#1495=EDGE_LOOP('',(#364,#365,#366,#367));
#1496=EDGE_LOOP('',(#368,#369,#370,#371));
#1497=EDGE_LOOP('',(#372,#373,#374,#375));
#1498=EDGE_LOOP('',(#376,#377,#378,#379));
#1499=EDGE_LOOP('',(#380,#381,#382,#383));
#1500=EDGE_LOOP('',(#384,#385,#386,#387));
#1501=EDGE_LOOP('',(#388,#389,#390,#391));
#1502=EDGE_LOOP('',(#392,#393,#394,#395));
#1503=EDGE_LOOP('',(#396,#397,#398,#399));
#1504=EDGE_LOOP('',(#400));
#1505=EDGE_LOOP('',(#401));
#1506=EDGE_LOOP('',(#402));
#1507=EDGE_LOOP('',(#403));
#1508=EDGE_LOOP('',(#404,#405,#406,#407,#408,#409,#410,#411,#412,#413));
#1509=EDGE_LOOP('',(#414,#415,#416,#417,#418,#419,#420,#421,#422,#423,#424,
#425));
#1510=EDGE_LOOP('',(#426,#427,#428,#429));
#1511=EDGE_LOOP('',(#430,#431,#432,#433,#434,#435,#436,#437,#438,#439,#440,
#441));
#1512=EDGE_LOOP('',(#442,#443,#444,#445));
#1513=EDGE_LOOP('',(#446,#447,#448,#449));
#1514=EDGE_LOOP('',(#450,#451,#452,#453));
#1515=EDGE_LOOP('',(#454));
#1516=EDGE_LOOP('',(#455,#456,#457,#458,#459,#460,#461,#462,#463,#464,#465,
#466,#467,#468,#469,#470,#471,#472,#473,#474));
#1517=EDGE_LOOP('',(#475,#476,#477,#478));
#1518=EDGE_LOOP('',(#479,#480,#481,#482));
#1519=EDGE_LOOP('',(#483,#484,#485,#486,#487,#488));
#1520=EDGE_LOOP('',(#489,#490,#491));
#1521=EDGE_LOOP('',(#492,#493,#494));
#1522=EDGE_LOOP('',(#495,#496,#497,#498,#499));
#1523=EDGE_LOOP('',(#500,#501,#502,#503,#504));
#1524=EDGE_LOOP('',(#505,#506,#507,#508,#509,#510,#511,#512));
#1525=EDGE_LOOP('',(#513,#514,#515,#516));
#1526=EDGE_LOOP('',(#517,#518,#519,#520));
#1527=EDGE_LOOP('',(#521,#522,#523,#524,#525));
#1528=EDGE_LOOP('',(#526,#527,#528,#529,#530));
#1529=EDGE_LOOP('',(#531,#532,#533,#534,#535,#536,#537,#538));
#1530=EDGE_LOOP('',(#539));
#1531=EDGE_LOOP('',(#540));
#1532=EDGE_LOOP('',(#541));
#1533=EDGE_LOOP('',(#542));
#1534=EDGE_LOOP('',(#543));
#1535=EDGE_LOOP('',(#544));
#1536=EDGE_LOOP('',(#545));
#1537=EDGE_LOOP('',(#546));
#1538=EDGE_LOOP('',(#547));
#1539=EDGE_LOOP('',(#548));
#1540=EDGE_LOOP('',(#549));
#1541=EDGE_LOOP('',(#550,#551,#552,#553));
#1542=EDGE_LOOP('',(#554,#555,#556,#557));
#1543=EDGE_LOOP('',(#558,#559,#560,#561));
#1544=EDGE_LOOP('',(#562,#563,#564,#565));
#1545=EDGE_LOOP('',(#566,#567,#568,#569));
#1546=EDGE_LOOP('',(#570,#571,#572,#573));
#1547=EDGE_LOOP('',(#574,#575,#576,#577));
#1548=EDGE_LOOP('',(#578,#579,#580,#581));
#1549=EDGE_LOOP('',(#582,#583,#584,#585));
#1550=EDGE_LOOP('',(#586,#587,#588,#589));
#1551=EDGE_LOOP('',(#590,#591,#592,#593));
#1552=EDGE_LOOP('',(#594,#595,#596,#597));
#1553=EDGE_LOOP('',(#598,#599,#600,#601));
#1554=EDGE_LOOP('',(#602,#603,#604,#605));
#1555=EDGE_LOOP('',(#606,#607,#608,#609));
#1556=EDGE_LOOP('',(#610,#611,#612,#613));
#1557=EDGE_LOOP('',(#614,#615,#616,#617));
#1558=EDGE_LOOP('',(#618,#619,#620,#621,#622,#623,#624,#625,#626,#627,#628,
#629));
#1559=EDGE_LOOP('',(#630,#631,#632,#633,#634,#635));
#1560=EDGE_LOOP('',(#636,#637,#638,#639));
#1561=EDGE_LOOP('',(#640,#641,#642,#643,#644,#645));
#1562=EDGE_LOOP('',(#646,#647,#648,#649));
#1563=EDGE_LOOP('',(#650,#651,#652,#653,#654,#655));
#1564=EDGE_LOOP('',(#656,#657,#658,#659));
#1565=EDGE_LOOP('',(#660,#661,#662,#663,#664,#665));
#1566=EDGE_LOOP('',(#666,#667,#668,#669));
#1567=EDGE_LOOP('',(#670));
#1568=EDGE_LOOP('',(#671));
#1569=EDGE_LOOP('',(#672));
#1570=EDGE_LOOP('',(#673));
#1571=EDGE_LOOP('',(#674));
#1572=EDGE_LOOP('',(#675));
#1573=EDGE_LOOP('',(#676));
#1574=EDGE_LOOP('',(#677));
#1575=EDGE_LOOP('',(#678));
#1576=EDGE_LOOP('',(#679));
#1577=EDGE_LOOP('',(#680));
#1578=EDGE_LOOP('',(#681));
#1579=EDGE_LOOP('',(#682));
#1580=EDGE_LOOP('',(#683));
#1581=EDGE_LOOP('',(#684));
#1582=EDGE_LOOP('',(#685));
#1583=EDGE_LOOP('',(#686));
#1584=EDGE_LOOP('',(#687));
#1585=EDGE_LOOP('',(#688));
#1586=EDGE_LOOP('',(#689));
#1587=EDGE_LOOP('',(#690));
#1588=EDGE_LOOP('',(#691));
#1589=EDGE_LOOP('',(#692));
#1590=EDGE_LOOP('',(#693));
#1591=EDGE_LOOP('',(#694));
#1592=EDGE_LOOP('',(#695));
#1593=EDGE_LOOP('',(#696));
#1594=EDGE_LOOP('',(#697));
#1595=EDGE_LOOP('',(#698));
#1596=EDGE_LOOP('',(#699,#700,#701,#702,#703,#704));
#1597=EDGE_LOOP('',(#705,#706,#707,#708,#709));
#1598=EDGE_LOOP('',(#710,#711,#712,#713));
#1599=EDGE_LOOP('',(#714,#715,#716,#717,#718,#719));
#1600=EDGE_LOOP('',(#720,#721,#722,#723));
#1601=EDGE_LOOP('',(#724,#725,#726,#727,#728));
#1602=EDGE_LOOP('',(#729));
#1603=EDGE_LOOP('',(#730));
#1604=EDGE_LOOP('',(#731));
#1605=EDGE_LOOP('',(#732));
#1606=EDGE_LOOP('',(#733));
#1607=EDGE_LOOP('',(#734));
#1608=EDGE_LOOP('',(#735));
#1609=EDGE_LOOP('',(#736));
#1610=EDGE_LOOP('',(#737));
#1611=EDGE_LOOP('',(#738));
#1612=EDGE_LOOP('',(#739));
#1613=EDGE_LOOP('',(#740));
#1614=FACE_BOUND('',#1465,.T.);
#1615=FACE_BOUND('',#1466,.T.);
#1616=FACE_BOUND('',#1467,.T.);
#1617=FACE_BOUND('',#1468,.T.);
#1618=FACE_BOUND('',#1469,.T.);
#1619=FACE_BOUND('',#1470,.T.);
#1620=FACE_BOUND('',#1471,.T.);
#1621=FACE_BOUND('',#1472,.T.);
#1622=FACE_BOUND('',#1473,.T.);
#1623=FACE_BOUND('',#1474,.T.);
#1624=FACE_BOUND('',#1475,.T.);
#1625=FACE_BOUND('',#1476,.T.);
#1626=FACE_BOUND('',#1477,.T.);
#1627=FACE_BOUND('',#1478,.T.);
#1628=FACE_BOUND('',#1479,.T.);
#1629=FACE_BOUND('',#1480,.T.);
#1630=FACE_BOUND('',#1481,.T.);
#1631=FACE_BOUND('',#1482,.T.);
#1632=FACE_BOUND('',#1483,.T.);
#1633=FACE_BOUND('',#1484,.T.);
#1634=FACE_BOUND('',#1485,.T.);
#1635=FACE_BOUND('',#1486,.T.);
#1636=FACE_BOUND('',#1487,.T.);
#1637=FACE_BOUND('',#1488,.T.);
#1638=FACE_BOUND('',#1489,.T.);
#1639=FACE_BOUND('',#1490,.T.);
#1640=FACE_BOUND('',#1491,.T.);
#1641=FACE_BOUND('',#1492,.T.);
#1642=FACE_BOUND('',#1493,.T.);
#1643=FACE_BOUND('',#1494,.T.);
#1644=FACE_BOUND('',#1495,.T.);
#1645=FACE_BOUND('',#1496,.T.);
#1646=FACE_BOUND('',#1497,.T.);
#1647=FACE_BOUND('',#1498,.T.);
#1648=FACE_BOUND('',#1499,.T.);
#1649=FACE_BOUND('',#1500,.T.);
#1650=FACE_BOUND('',#1501,.T.);
#1651=FACE_BOUND('',#1502,.T.);
#1652=FACE_BOUND('',#1503,.T.);
#1653=FACE_BOUND('',#1504,.T.);
#1654=FACE_BOUND('',#1505,.T.);
#1655=FACE_BOUND('',#1506,.T.);
#1656=FACE_BOUND('',#1507,.T.);
#1657=FACE_BOUND('',#1508,.T.);
#1658=FACE_BOUND('',#1509,.T.);
#1659=FACE_BOUND('',#1510,.T.);
#1660=FACE_BOUND('',#1511,.T.);
#1661=FACE_BOUND('',#1512,.T.);
#1662=FACE_BOUND('',#1513,.T.);
#1663=FACE_BOUND('',#1514,.T.);
#1664=FACE_BOUND('',#1515,.T.);
#1665=FACE_BOUND('',#1516,.T.);
#1666=FACE_BOUND('',#1517,.T.);
#1667=FACE_BOUND('',#1518,.T.);
#1668=FACE_BOUND('',#1519,.T.);
#1669=FACE_BOUND('',#1520,.T.);
#1670=FACE_BOUND('',#1521,.T.);
#1671=FACE_BOUND('',#1522,.T.);
#1672=FACE_BOUND('',#1523,.T.);
#1673=FACE_BOUND('',#1524,.T.);
#1674=FACE_BOUND('',#1525,.T.);
#1675=FACE_BOUND('',#1526,.T.);
#1676=FACE_BOUND('',#1527,.T.);
#1677=FACE_BOUND('',#1528,.T.);
#1678=FACE_BOUND('',#1529,.T.);
#1679=FACE_BOUND('',#1530,.T.);
#1680=FACE_BOUND('',#1531,.T.);
#1681=FACE_BOUND('',#1532,.T.);
#1682=FACE_BOUND('',#1533,.T.);
#1683=FACE_BOUND('',#1534,.T.);
#1684=FACE_BOUND('',#31,.T.);
#1685=FACE_BOUND('',#1535,.T.);
#1686=FACE_BOUND('',#1536,.T.);
#1687=FACE_BOUND('',#1537,.T.);
#1688=FACE_BOUND('',#1538,.T.);
#1689=FACE_BOUND('',#1539,.T.);
#1690=FACE_BOUND('',#1540,.T.);
#1691=FACE_BOUND('',#1541,.T.);
#1692=FACE_BOUND('',#1542,.T.);
#1693=FACE_BOUND('',#1543,.T.);
#1694=FACE_BOUND('',#1544,.T.);
#1695=FACE_BOUND('',#1545,.T.);
#1696=FACE_BOUND('',#1546,.T.);
#1697=FACE_BOUND('',#1547,.T.);
#1698=FACE_BOUND('',#1548,.T.);
#1699=FACE_BOUND('',#1549,.T.);
#1700=FACE_BOUND('',#1550,.T.);
#1701=FACE_BOUND('',#1551,.T.);
#1702=FACE_BOUND('',#1552,.T.);
#1703=FACE_BOUND('',#1553,.T.);
#1704=FACE_BOUND('',#1554,.T.);
#1705=FACE_BOUND('',#1555,.T.);
#1706=FACE_BOUND('',#1556,.T.);
#1707=FACE_BOUND('',#1557,.T.);
#1708=FACE_BOUND('',#1558,.T.);
#1709=FACE_BOUND('',#1559,.T.);
#1710=FACE_BOUND('',#1560,.T.);
#1711=FACE_BOUND('',#1561,.T.);
#1712=FACE_BOUND('',#1562,.T.);
#1713=FACE_BOUND('',#1563,.T.);
#1714=FACE_BOUND('',#1564,.T.);
#1715=FACE_BOUND('',#1565,.T.);
#1716=FACE_BOUND('',#1566,.T.);
#1717=FACE_BOUND('',#1567,.T.);
#1718=FACE_BOUND('',#1568,.T.);
#1719=FACE_BOUND('',#1569,.T.);
#1720=FACE_BOUND('',#1570,.T.);
#1721=FACE_BOUND('',#1571,.T.);
#1722=FACE_BOUND('',#1572,.T.);
#1723=FACE_BOUND('',#1573,.T.);
#1724=FACE_BOUND('',#1574,.T.);
#1725=FACE_BOUND('',#1575,.T.);
#1726=FACE_BOUND('',#1576,.T.);
#1727=FACE_BOUND('',#1577,.T.);
#1728=FACE_BOUND('',#1578,.T.);
#1729=FACE_BOUND('',#1579,.T.);
#1730=FACE_BOUND('',#1580,.T.);
#1731=FACE_BOUND('',#1581,.T.);
#1732=FACE_BOUND('',#1582,.T.);
#1733=FACE_BOUND('',#1583,.T.);
#1734=FACE_BOUND('',#1584,.T.);
#1735=FACE_BOUND('',#1585,.T.);
#1736=FACE_BOUND('',#1586,.T.);
#1737=FACE_BOUND('',#1587,.T.);
#1738=FACE_BOUND('',#1588,.T.);
#1739=FACE_BOUND('',#1589,.T.);
#1740=FACE_BOUND('',#1590,.T.);
#1741=FACE_BOUND('',#1591,.T.);
#1742=FACE_BOUND('',#1592,.T.);
#1743=FACE_BOUND('',#1593,.T.);
#1744=FACE_BOUND('',#1594,.T.);
#1745=FACE_BOUND('',#1595,.T.);
#1746=FACE_BOUND('',#1596,.T.);
#1747=FACE_BOUND('',#1597,.T.);
#1748=FACE_BOUND('',#1598,.T.);
#1749=FACE_BOUND('',#1599,.T.);
#1750=FACE_BOUND('',#1600,.T.);
#1751=FACE_BOUND('',#1601,.T.);
#1752=FACE_BOUND('',#1602,.T.);
#1753=FACE_BOUND('',#1603,.T.);
#1754=FACE_BOUND('',#1604,.T.);
#1755=FACE_BOUND('',#1605,.T.);
#1756=FACE_BOUND('',#1606,.T.);
#1757=FACE_BOUND('',#1607,.T.);
#1758=FACE_BOUND('',#1608,.T.);
#1759=FACE_BOUND('',#1609,.T.);
#1760=FACE_BOUND('',#1610,.T.);
#1761=FACE_BOUND('',#1611,.T.);
#1762=FACE_BOUND('',#1612,.T.);
#1763=FACE_BOUND('',#1613,.T.);
#1764=PLANE('',#2731);
#1765=PLANE('',#2732);
#1766=PLANE('',#2734);
#1767=PLANE('',#2740);
#1768=PLANE('',#2742);
#1769=PLANE('',#2771);
#1770=PLANE('',#2773);
#1771=PLANE('',#2783);
#1772=PLANE('',#2784);
#1773=PLANE('',#2785);
#1774=PLANE('',#2786);
#1775=PLANE('',#2788);
#1776=PLANE('',#2794);
#1777=PLANE('',#2802);
#1778=PLANE('',#2805);
#1779=PLANE('',#2808);
#1780=PLANE('',#2810);
#1781=PLANE('',#2815);
#1782=PLANE('',#2818);
#1783=PLANE('',#2821);
#1784=PLANE('',#2823);
#1785=PLANE('',#2827);
#1786=PLANE('',#2829);
#1787=PLANE('',#2831);
#1788=PLANE('',#2838);
#1789=PLANE('',#2839);
#1790=PLANE('',#2840);
#1791=PLANE('',#2841);
#1792=PLANE('',#2842);
#1793=PLANE('',#2843);
#1794=PLANE('',#2844);
#1795=PLANE('',#2845);
#1796=PLANE('',#2848);
#1797=PLANE('',#2852);
#1798=PLANE('',#2859);
#1799=PLANE('',#2862);
#1800=PLANE('',#2863);
#1801=PLANE('',#2870);
#1802=PLANE('',#2873);
#1803=PLANE('',#2874);
#1804=PLANE('',#2875);
#1805=PLANE('',#2878);
#1806=PLANE('',#2883);
#1807=PLANE('',#2886);
#1808=PLANE('',#2893);
#1809=PLANE('',#2916);
#1810=PLANE('',#2922);
#1811=STYLED_ITEM('',(#1925),#2612);
#1812=STYLED_ITEM('',(#1926),#2613);
#1813=STYLED_ITEM('',(#1927),#2614);
#1814=STYLED_ITEM('',(#1928),#2615);
#1815=STYLED_ITEM('',(#1929),#2616);
#1816=STYLED_ITEM('',(#1930),#2617);
#1817=STYLED_ITEM('',(#1931),#2618);
#1818=STYLED_ITEM('',(#1932),#2619);
#1819=STYLED_ITEM('',(#1933),#2620);
#1820=STYLED_ITEM('',(#1934),#2621);
#1821=STYLED_ITEM('',(#1935),#2622);
#1822=STYLED_ITEM('',(#1936),#2623);
#1823=STYLED_ITEM('',(#1937),#2624);
#1824=STYLED_ITEM('',(#1938),#2625);
#1825=STYLED_ITEM('',(#1939),#2626);
#1826=STYLED_ITEM('',(#1940),#2627);
#1827=STYLED_ITEM('',(#1941),#2628);
#1828=STYLED_ITEM('',(#1942),#2629);
#1829=STYLED_ITEM('',(#1943),#2630);
#1830=STYLED_ITEM('',(#1944),#2631);
#1831=STYLED_ITEM('',(#1945),#2632);
#1832=STYLED_ITEM('',(#1946),#2633);
#1833=STYLED_ITEM('',(#1947),#2634);
#1834=STYLED_ITEM('',(#1948),#2635);
#1835=STYLED_ITEM('',(#1949),#2636);
#1836=STYLED_ITEM('',(#1950),#2637);
#1837=STYLED_ITEM('',(#1951),#2638);
#1838=STYLED_ITEM('',(#1952),#2639);
#1839=STYLED_ITEM('',(#1953),#2640);
#1840=STYLED_ITEM('',(#1954),#2641);
#1841=STYLED_ITEM('',(#1955),#2642);
#1842=STYLED_ITEM('',(#1956),#2643);
#1843=STYLED_ITEM('',(#1957),#2644);
#1844=STYLED_ITEM('',(#1958),#2645);
#1845=STYLED_ITEM('',(#1959),#2646);
#1846=STYLED_ITEM('',(#1960),#2647);
#1847=STYLED_ITEM('',(#1961),#2648);
#1848=STYLED_ITEM('',(#1962),#2649);
#1849=STYLED_ITEM('',(#1963),#2650);
#1850=STYLED_ITEM('',(#1964),#2651);
#1851=STYLED_ITEM('',(#1965),#2652);
#1852=STYLED_ITEM('',(#1966),#2653);
#1853=STYLED_ITEM('',(#1967),#2654);
#1854=STYLED_ITEM('',(#1968),#2655);
#1855=STYLED_ITEM('',(#1969),#2656);
#1856=STYLED_ITEM('',(#1970),#2657);
#1857=STYLED_ITEM('',(#1971),#2658);
#1858=STYLED_ITEM('',(#1972),#2659);
#1859=STYLED_ITEM('',(#1973),#2660);
#1860=STYLED_ITEM('',(#1974),#2661);
#1861=STYLED_ITEM('',(#1975),#2662);
#1862=STYLED_ITEM('',(#1976),#2663);
#1863=STYLED_ITEM('',(#1977),#2664);
#1864=STYLED_ITEM('',(#1978),#2665);
#1865=STYLED_ITEM('',(#1979),#2666);
#1866=STYLED_ITEM('',(#1980),#2667);
#1867=STYLED_ITEM('',(#1981),#2668);
#1868=STYLED_ITEM('',(#1982),#2669);
#1869=STYLED_ITEM('',(#1983),#2670);
#1870=STYLED_ITEM('',(#1984),#2671);
#1871=STYLED_ITEM('',(#1985),#2672);
#1872=STYLED_ITEM('',(#1986),#2673);
#1873=STYLED_ITEM('',(#1987),#2674);
#1874=STYLED_ITEM('',(#1988),#2675);
#1875=STYLED_ITEM('',(#1989),#2676);
#1876=STYLED_ITEM('',(#1990),#2677);
#1877=STYLED_ITEM('',(#1991),#2678);
#1878=STYLED_ITEM('',(#1992),#2679);
#1879=STYLED_ITEM('',(#1993),#2680);
#1880=STYLED_ITEM('',(#1994),#2681);
#1881=STYLED_ITEM('',(#1995),#2682);
#1882=STYLED_ITEM('',(#1996),#2683);
#1883=STYLED_ITEM('',(#1997),#2684);
#1884=STYLED_ITEM('',(#1998),#2685);
#1885=STYLED_ITEM('',(#1999),#2686);
#1886=STYLED_ITEM('',(#2000),#2687);
#1887=STYLED_ITEM('',(#2001),#2688);
#1888=STYLED_ITEM('',(#2002),#2689);
#1889=STYLED_ITEM('',(#2003),#2690);
#1890=STYLED_ITEM('',(#2004),#2691);
#1891=STYLED_ITEM('',(#2005),#2692);
#1892=STYLED_ITEM('',(#2006),#2693);
#1893=STYLED_ITEM('',(#2007),#2694);
#1894=STYLED_ITEM('',(#2008),#2695);
#1895=STYLED_ITEM('',(#2009),#2696);
#1896=STYLED_ITEM('',(#2010),#2697);
#1897=STYLED_ITEM('',(#2011),#2698);
#1898=STYLED_ITEM('',(#2012),#2699);
#1899=STYLED_ITEM('',(#2013),#2700);
#1900=STYLED_ITEM('',(#2014),#2701);
#1901=STYLED_ITEM('',(#2015),#2702);
#1902=STYLED_ITEM('',(#2016),#2703);
#1903=STYLED_ITEM('',(#2017),#2704);
#1904=STYLED_ITEM('',(#2018),#2705);
#1905=STYLED_ITEM('',(#2019),#2706);
#1906=STYLED_ITEM('',(#2020),#2707);
#1907=STYLED_ITEM('',(#2021),#2708);
#1908=STYLED_ITEM('',(#2022),#2709);
#1909=STYLED_ITEM('',(#2023),#2710);
#1910=STYLED_ITEM('',(#2024),#2711);
#1911=STYLED_ITEM('',(#2025),#2712);
#1912=STYLED_ITEM('',(#2026),#2713);
#1913=STYLED_ITEM('',(#2027),#2714);
#1914=STYLED_ITEM('',(#2028),#2715);
#1915=STYLED_ITEM('',(#2029),#2716);
#1916=STYLED_ITEM('',(#2030),#2717);
#1917=STYLED_ITEM('',(#2031),#2718);
#1918=STYLED_ITEM('',(#2032),#2719);
#1919=STYLED_ITEM('',(#2033),#2720);
#1920=STYLED_ITEM('',(#2034),#2721);
#1921=STYLED_ITEM('',(#2035),#2722);
#1922=STYLED_ITEM('',(#2036),#2723);
#1923=STYLED_ITEM('',(#2037),#2724);
#1924=STYLED_ITEM('',(#2038),#2725);
#1925=PRESENTATION_STYLE_ASSIGNMENT((#2039));
#1926=PRESENTATION_STYLE_ASSIGNMENT((#2040));
#1927=PRESENTATION_STYLE_ASSIGNMENT((#2041));
#1928=PRESENTATION_STYLE_ASSIGNMENT((#2042));
#1929=PRESENTATION_STYLE_ASSIGNMENT((#2043));
#1930=PRESENTATION_STYLE_ASSIGNMENT((#2044));
#1931=PRESENTATION_STYLE_ASSIGNMENT((#2045));
#1932=PRESENTATION_STYLE_ASSIGNMENT((#2046));
#1933=PRESENTATION_STYLE_ASSIGNMENT((#2047));
#1934=PRESENTATION_STYLE_ASSIGNMENT((#2048));
#1935=PRESENTATION_STYLE_ASSIGNMENT((#2049));
#1936=PRESENTATION_STYLE_ASSIGNMENT((#2050));
#1937=PRESENTATION_STYLE_ASSIGNMENT((#2051));
#1938=PRESENTATION_STYLE_ASSIGNMENT((#2052));
#1939=PRESENTATION_STYLE_ASSIGNMENT((#2053));
#1940=PRESENTATION_STYLE_ASSIGNMENT((#2054));
#1941=PRESENTATION_STYLE_ASSIGNMENT((#2055));
#1942=PRESENTATION_STYLE_ASSIGNMENT((#2056));
#1943=PRESENTATION_STYLE_ASSIGNMENT((#2057));
#1944=PRESENTATION_STYLE_ASSIGNMENT((#2058));
#1945=PRESENTATION_STYLE_ASSIGNMENT((#2059));
#1946=PRESENTATION_STYLE_ASSIGNMENT((#2060));
#1947=PRESENTATION_STYLE_ASSIGNMENT((#2061));
#1948=PRESENTATION_STYLE_ASSIGNMENT((#2062));
#1949=PRESENTATION_STYLE_ASSIGNMENT((#2063));
#1950=PRESENTATION_STYLE_ASSIGNMENT((#2064));
#1951=PRESENTATION_STYLE_ASSIGNMENT((#2065));
#1952=PRESENTATION_STYLE_ASSIGNMENT((#2066));
#1953=PRESENTATION_STYLE_ASSIGNMENT((#2067));
#1954=PRESENTATION_STYLE_ASSIGNMENT((#2068));
#1955=PRESENTATION_STYLE_ASSIGNMENT((#2069));
#1956=PRESENTATION_STYLE_ASSIGNMENT((#2070));
#1957=PRESENTATION_STYLE_ASSIGNMENT((#2071));
#1958=PRESENTATION_STYLE_ASSIGNMENT((#2072));
#1959=PRESENTATION_STYLE_ASSIGNMENT((#2073));
#1960=PRESENTATION_STYLE_ASSIGNMENT((#2074));
#1961=PRESENTATION_STYLE_ASSIGNMENT((#2075));
#1962=PRESENTATION_STYLE_ASSIGNMENT((#2076));
#1963=PRESENTATION_STYLE_ASSIGNMENT((#2077));
#1964=PRESENTATION_STYLE_ASSIGNMENT((#2078));
#1965=PRESENTATION_STYLE_ASSIGNMENT((#2079));
#1966=PRESENTATION_STYLE_ASSIGNMENT((#2080));
#1967=PRESENTATION_STYLE_ASSIGNMENT((#2081));
#1968=PRESENTATION_STYLE_ASSIGNMENT((#2082));
#1969=PRESENTATION_STYLE_ASSIGNMENT((#2083));
#1970=PRESENTATION_STYLE_ASSIGNMENT((#2084));
#1971=PRESENTATION_STYLE_ASSIGNMENT((#2085));
#1972=PRESENTATION_STYLE_ASSIGNMENT((#2086));
#1973=PRESENTATION_STYLE_ASSIGNMENT((#2087));
#1974=PRESENTATION_STYLE_ASSIGNMENT((#2088));
#1975=PRESENTATION_STYLE_ASSIGNMENT((#2089));
#1976=PRESENTATION_STYLE_ASSIGNMENT((#2090));
#1977=PRESENTATION_STYLE_ASSIGNMENT((#2091));
#1978=PRESENTATION_STYLE_ASSIGNMENT((#2092));
#1979=PRESENTATION_STYLE_ASSIGNMENT((#2093));
#1980=PRESENTATION_STYLE_ASSIGNMENT((#2094));
#1981=PRESENTATION_STYLE_ASSIGNMENT((#2095));
#1982=PRESENTATION_STYLE_ASSIGNMENT((#2096));
#1983=PRESENTATION_STYLE_ASSIGNMENT((#2097));
#1984=PRESENTATION_STYLE_ASSIGNMENT((#2098));
#1985=PRESENTATION_STYLE_ASSIGNMENT((#2099));
#1986=PRESENTATION_STYLE_ASSIGNMENT((#2100));
#1987=PRESENTATION_STYLE_ASSIGNMENT((#2101));
#1988=PRESENTATION_STYLE_ASSIGNMENT((#2102));
#1989=PRESENTATION_STYLE_ASSIGNMENT((#2103));
#1990=PRESENTATION_STYLE_ASSIGNMENT((#2104));
#1991=PRESENTATION_STYLE_ASSIGNMENT((#2105));
#1992=PRESENTATION_STYLE_ASSIGNMENT((#2106));
#1993=PRESENTATION_STYLE_ASSIGNMENT((#2107));
#1994=PRESENTATION_STYLE_ASSIGNMENT((#2108));
#1995=PRESENTATION_STYLE_ASSIGNMENT((#2109));
#1996=PRESENTATION_STYLE_ASSIGNMENT((#2110));
#1997=PRESENTATION_STYLE_ASSIGNMENT((#2111));
#1998=PRESENTATION_STYLE_ASSIGNMENT((#2112));
#1999=PRESENTATION_STYLE_ASSIGNMENT((#2113));
#2000=PRESENTATION_STYLE_ASSIGNMENT((#2114));
#2001=PRESENTATION_STYLE_ASSIGNMENT((#2115));
#2002=PRESENTATION_STYLE_ASSIGNMENT((#2116));
#2003=PRESENTATION_STYLE_ASSIGNMENT((#2117));
#2004=PRESENTATION_STYLE_ASSIGNMENT((#2118));
#2005=PRESENTATION_STYLE_ASSIGNMENT((#2119));
#2006=PRESENTATION_STYLE_ASSIGNMENT((#2120));
#2007=PRESENTATION_STYLE_ASSIGNMENT((#2121));
#2008=PRESENTATION_STYLE_ASSIGNMENT((#2122));
#2009=PRESENTATION_STYLE_ASSIGNMENT((#2123));
#2010=PRESENTATION_STYLE_ASSIGNMENT((#2124));
#2011=PRESENTATION_STYLE_ASSIGNMENT((#2125));
#2012=PRESENTATION_STYLE_ASSIGNMENT((#2126));
#2013=PRESENTATION_STYLE_ASSIGNMENT((#2127));
#2014=PRESENTATION_STYLE_ASSIGNMENT((#2128));
#2015=PRESENTATION_STYLE_ASSIGNMENT((#2129));
#2016=PRESENTATION_STYLE_ASSIGNMENT((#2130));
#2017=PRESENTATION_STYLE_ASSIGNMENT((#2131));
#2018=PRESENTATION_STYLE_ASSIGNMENT((#2132));
#2019=PRESENTATION_STYLE_ASSIGNMENT((#2133));
#2020=PRESENTATION_STYLE_ASSIGNMENT((#2134));
#2021=PRESENTATION_STYLE_ASSIGNMENT((#2135));
#2022=PRESENTATION_STYLE_ASSIGNMENT((#2136));
#2023=PRESENTATION_STYLE_ASSIGNMENT((#2137));
#2024=PRESENTATION_STYLE_ASSIGNMENT((#2138));
#2025=PRESENTATION_STYLE_ASSIGNMENT((#2139));
#2026=PRESENTATION_STYLE_ASSIGNMENT((#2140));
#2027=PRESENTATION_STYLE_ASSIGNMENT((#2141));
#2028=PRESENTATION_STYLE_ASSIGNMENT((#2142));
#2029=PRESENTATION_STYLE_ASSIGNMENT((#2143));
#2030=PRESENTATION_STYLE_ASSIGNMENT((#2144));
#2031=PRESENTATION_STYLE_ASSIGNMENT((#2145));
#2032=PRESENTATION_STYLE_ASSIGNMENT((#2146));
#2033=PRESENTATION_STYLE_ASSIGNMENT((#2147));
#2034=PRESENTATION_STYLE_ASSIGNMENT((#2148));
#2035=PRESENTATION_STYLE_ASSIGNMENT((#2149));
#2036=PRESENTATION_STYLE_ASSIGNMENT((#2150));
#2037=PRESENTATION_STYLE_ASSIGNMENT((#2151));
#2038=PRESENTATION_STYLE_ASSIGNMENT((#2152));
#2039=SURFACE_STYLE_USAGE(.BOTH.,#2153);
#2040=SURFACE_STYLE_USAGE(.BOTH.,#2154);
#2041=SURFACE_STYLE_USAGE(.BOTH.,#2155);
#2042=SURFACE_STYLE_USAGE(.BOTH.,#2156);
#2043=SURFACE_STYLE_USAGE(.BOTH.,#2157);
#2044=SURFACE_STYLE_USAGE(.BOTH.,#2158);
#2045=SURFACE_STYLE_USAGE(.BOTH.,#2159);
#2046=SURFACE_STYLE_USAGE(.BOTH.,#2160);
#2047=SURFACE_STYLE_USAGE(.BOTH.,#2161);
#2048=SURFACE_STYLE_USAGE(.BOTH.,#2162);
#2049=SURFACE_STYLE_USAGE(.BOTH.,#2163);
#2050=SURFACE_STYLE_USAGE(.BOTH.,#2164);
#2051=SURFACE_STYLE_USAGE(.BOTH.,#2165);
#2052=SURFACE_STYLE_USAGE(.BOTH.,#2166);
#2053=SURFACE_STYLE_USAGE(.BOTH.,#2167);
#2054=SURFACE_STYLE_USAGE(.BOTH.,#2168);
#2055=SURFACE_STYLE_USAGE(.BOTH.,#2169);
#2056=SURFACE_STYLE_USAGE(.BOTH.,#2170);
#2057=SURFACE_STYLE_USAGE(.BOTH.,#2171);
#2058=SURFACE_STYLE_USAGE(.BOTH.,#2172);
#2059=SURFACE_STYLE_USAGE(.BOTH.,#2173);
#2060=SURFACE_STYLE_USAGE(.BOTH.,#2174);
#2061=SURFACE_STYLE_USAGE(.BOTH.,#2175);
#2062=SURFACE_STYLE_USAGE(.BOTH.,#2176);
#2063=SURFACE_STYLE_USAGE(.BOTH.,#2177);
#2064=SURFACE_STYLE_USAGE(.BOTH.,#2178);
#2065=SURFACE_STYLE_USAGE(.BOTH.,#2179);
#2066=SURFACE_STYLE_USAGE(.BOTH.,#2180);
#2067=SURFACE_STYLE_USAGE(.BOTH.,#2181);
#2068=SURFACE_STYLE_USAGE(.BOTH.,#2182);
#2069=SURFACE_STYLE_USAGE(.BOTH.,#2183);
#2070=SURFACE_STYLE_USAGE(.BOTH.,#2184);
#2071=SURFACE_STYLE_USAGE(.BOTH.,#2185);
#2072=SURFACE_STYLE_USAGE(.BOTH.,#2186);
#2073=SURFACE_STYLE_USAGE(.BOTH.,#2187);
#2074=SURFACE_STYLE_USAGE(.BOTH.,#2188);
#2075=SURFACE_STYLE_USAGE(.BOTH.,#2189);
#2076=SURFACE_STYLE_USAGE(.BOTH.,#2190);
#2077=SURFACE_STYLE_USAGE(.BOTH.,#2191);
#2078=SURFACE_STYLE_USAGE(.BOTH.,#2192);
#2079=SURFACE_STYLE_USAGE(.BOTH.,#2193);
#2080=SURFACE_STYLE_USAGE(.BOTH.,#2194);
#2081=SURFACE_STYLE_USAGE(.BOTH.,#2195);
#2082=SURFACE_STYLE_USAGE(.BOTH.,#2196);
#2083=SURFACE_STYLE_USAGE(.BOTH.,#2197);
#2084=SURFACE_STYLE_USAGE(.BOTH.,#2198);
#2085=SURFACE_STYLE_USAGE(.BOTH.,#2199);
#2086=SURFACE_STYLE_USAGE(.BOTH.,#2200);
#2087=SURFACE_STYLE_USAGE(.BOTH.,#2201);
#2088=SURFACE_STYLE_USAGE(.BOTH.,#2202);
#2089=SURFACE_STYLE_USAGE(.BOTH.,#2203);
#2090=SURFACE_STYLE_USAGE(.BOTH.,#2204);
#2091=SURFACE_STYLE_USAGE(.BOTH.,#2205);
#2092=SURFACE_STYLE_USAGE(.BOTH.,#2206);
#2093=SURFACE_STYLE_USAGE(.BOTH.,#2207);
#2094=SURFACE_STYLE_USAGE(.BOTH.,#2208);
#2095=SURFACE_STYLE_USAGE(.BOTH.,#2209);
#2096=SURFACE_STYLE_USAGE(.BOTH.,#2210);
#2097=SURFACE_STYLE_USAGE(.BOTH.,#2211);
#2098=SURFACE_STYLE_USAGE(.BOTH.,#2212);
#2099=SURFACE_STYLE_USAGE(.BOTH.,#2213);
#2100=SURFACE_STYLE_USAGE(.BOTH.,#2214);
#2101=SURFACE_STYLE_USAGE(.BOTH.,#2215);
#2102=SURFACE_STYLE_USAGE(.BOTH.,#2216);
#2103=SURFACE_STYLE_USAGE(.BOTH.,#2217);
#2104=SURFACE_STYLE_USAGE(.BOTH.,#2218);
#2105=SURFACE_STYLE_USAGE(.BOTH.,#2219);
#2106=SURFACE_STYLE_USAGE(.BOTH.,#2220);
#2107=SURFACE_STYLE_USAGE(.BOTH.,#2221);
#2108=SURFACE_STYLE_USAGE(.BOTH.,#2222);
#2109=SURFACE_STYLE_USAGE(.BOTH.,#2223);
#2110=SURFACE_STYLE_USAGE(.BOTH.,#2224);
#2111=SURFACE_STYLE_USAGE(.BOTH.,#2225);
#2112=SURFACE_STYLE_USAGE(.BOTH.,#2226);
#2113=SURFACE_STYLE_USAGE(.BOTH.,#2227);
#2114=SURFACE_STYLE_USAGE(.BOTH.,#2228);
#2115=SURFACE_STYLE_USAGE(.BOTH.,#2229);
#2116=SURFACE_STYLE_USAGE(.BOTH.,#2230);
#2117=SURFACE_STYLE_USAGE(.BOTH.,#2231);
#2118=SURFACE_STYLE_USAGE(.BOTH.,#2232);
#2119=SURFACE_STYLE_USAGE(.BOTH.,#2233);
#2120=SURFACE_STYLE_USAGE(.BOTH.,#2234);
#2121=SURFACE_STYLE_USAGE(.BOTH.,#2235);
#2122=SURFACE_STYLE_USAGE(.BOTH.,#2236);
#2123=SURFACE_STYLE_USAGE(.BOTH.,#2237);
#2124=SURFACE_STYLE_USAGE(.BOTH.,#2238);
#2125=SURFACE_STYLE_USAGE(.BOTH.,#2239);
#2126=SURFACE_STYLE_USAGE(.BOTH.,#2240);
#2127=SURFACE_STYLE_USAGE(.BOTH.,#2241);
#2128=SURFACE_STYLE_USAGE(.BOTH.,#2242);
#2129=SURFACE_STYLE_USAGE(.BOTH.,#2243);
#2130=SURFACE_STYLE_USAGE(.BOTH.,#2244);
#2131=SURFACE_STYLE_USAGE(.BOTH.,#2245);
#2132=SURFACE_STYLE_USAGE(.BOTH.,#2246);
#2133=SURFACE_STYLE_USAGE(.BOTH.,#2247);
#2134=SURFACE_STYLE_USAGE(.BOTH.,#2248);
#2135=SURFACE_STYLE_USAGE(.BOTH.,#2249);
#2136=SURFACE_STYLE_USAGE(.BOTH.,#2250);
#2137=SURFACE_STYLE_USAGE(.BOTH.,#2251);
#2138=SURFACE_STYLE_USAGE(.BOTH.,#2252);
#2139=SURFACE_STYLE_USAGE(.BOTH.,#2253);
#2140=SURFACE_STYLE_USAGE(.BOTH.,#2254);
#2141=SURFACE_STYLE_USAGE(.BOTH.,#2255);
#2142=SURFACE_STYLE_USAGE(.BOTH.,#2256);
#2143=SURFACE_STYLE_USAGE(.BOTH.,#2257);
#2144=SURFACE_STYLE_USAGE(.BOTH.,#2258);
#2145=SURFACE_STYLE_USAGE(.BOTH.,#2259);
#2146=SURFACE_STYLE_USAGE(.BOTH.,#2260);
#2147=SURFACE_STYLE_USAGE(.BOTH.,#2261);
#2148=SURFACE_STYLE_USAGE(.BOTH.,#2262);
#2149=SURFACE_STYLE_USAGE(.BOTH.,#2263);
#2150=SURFACE_STYLE_USAGE(.BOTH.,#2264);
#2151=SURFACE_STYLE_USAGE(.BOTH.,#2265);
#2152=SURFACE_STYLE_USAGE(.BOTH.,#2266);
#2153=SURFACE_SIDE_STYLE('',(#2267));
#2154=SURFACE_SIDE_STYLE('',(#2268));
#2155=SURFACE_SIDE_STYLE('',(#2269));
#2156=SURFACE_SIDE_STYLE('',(#2270));
#2157=SURFACE_SIDE_STYLE('',(#2271));
#2158=SURFACE_SIDE_STYLE('',(#2272));
#2159=SURFACE_SIDE_STYLE('',(#2273));
#2160=SURFACE_SIDE_STYLE('',(#2274));
#2161=SURFACE_SIDE_STYLE('',(#2275));
#2162=SURFACE_SIDE_STYLE('',(#2276));
#2163=SURFACE_SIDE_STYLE('',(#2277));
#2164=SURFACE_SIDE_STYLE('',(#2278));
#2165=SURFACE_SIDE_STYLE('',(#2279));
#2166=SURFACE_SIDE_STYLE('',(#2280));
#2167=SURFACE_SIDE_STYLE('',(#2281));
#2168=SURFACE_SIDE_STYLE('',(#2282));
#2169=SURFACE_SIDE_STYLE('',(#2283));
#2170=SURFACE_SIDE_STYLE('',(#2284));
#2171=SURFACE_SIDE_STYLE('',(#2285));
#2172=SURFACE_SIDE_STYLE('',(#2286));
#2173=SURFACE_SIDE_STYLE('',(#2287));
#2174=SURFACE_SIDE_STYLE('',(#2288));
#2175=SURFACE_SIDE_STYLE('',(#2289));
#2176=SURFACE_SIDE_STYLE('',(#2290));
#2177=SURFACE_SIDE_STYLE('',(#2291));
#2178=SURFACE_SIDE_STYLE('',(#2292));
#2179=SURFACE_SIDE_STYLE('',(#2293));
#2180=SURFACE_SIDE_STYLE('',(#2294));
#2181=SURFACE_SIDE_STYLE('',(#2295));
#2182=SURFACE_SIDE_STYLE('',(#2296));
#2183=SURFACE_SIDE_STYLE('',(#2297));
#2184=SURFACE_SIDE_STYLE('',(#2298));
#2185=SURFACE_SIDE_STYLE('',(#2299));
#2186=SURFACE_SIDE_STYLE('',(#2300));
#2187=SURFACE_SIDE_STYLE('',(#2301));
#2188=SURFACE_SIDE_STYLE('',(#2302));
#2189=SURFACE_SIDE_STYLE('',(#2303));
#2190=SURFACE_SIDE_STYLE('',(#2304));
#2191=SURFACE_SIDE_STYLE('',(#2305));
#2192=SURFACE_SIDE_STYLE('',(#2306));
#2193=SURFACE_SIDE_STYLE('',(#2307));
#2194=SURFACE_SIDE_STYLE('',(#2308));
#2195=SURFACE_SIDE_STYLE('',(#2309));
#2196=SURFACE_SIDE_STYLE('',(#2310));
#2197=SURFACE_SIDE_STYLE('',(#2311));
#2198=SURFACE_SIDE_STYLE('',(#2312));
#2199=SURFACE_SIDE_STYLE('',(#2313));
#2200=SURFACE_SIDE_STYLE('',(#2314));
#2201=SURFACE_SIDE_STYLE('',(#2315));
#2202=SURFACE_SIDE_STYLE('',(#2316));
#2203=SURFACE_SIDE_STYLE('',(#2317));
#2204=SURFACE_SIDE_STYLE('',(#2318));
#2205=SURFACE_SIDE_STYLE('',(#2319));
#2206=SURFACE_SIDE_STYLE('',(#2320));
#2207=SURFACE_SIDE_STYLE('',(#2321));
#2208=SURFACE_SIDE_STYLE('',(#2322));
#2209=SURFACE_SIDE_STYLE('',(#2323));
#2210=SURFACE_SIDE_STYLE('',(#2324));
#2211=SURFACE_SIDE_STYLE('',(#2325));
#2212=SURFACE_SIDE_STYLE('',(#2326));
#2213=SURFACE_SIDE_STYLE('',(#2327));
#2214=SURFACE_SIDE_STYLE('',(#2328));
#2215=SURFACE_SIDE_STYLE('',(#2329));
#2216=SURFACE_SIDE_STYLE('',(#2330));
#2217=SURFACE_SIDE_STYLE('',(#2331));
#2218=SURFACE_SIDE_STYLE('',(#2332));
#2219=SURFACE_SIDE_STYLE('',(#2333));
#2220=SURFACE_SIDE_STYLE('',(#2334));
#2221=SURFACE_SIDE_STYLE('',(#2335));
#2222=SURFACE_SIDE_STYLE('',(#2336));
#2223=SURFACE_SIDE_STYLE('',(#2337));
#2224=SURFACE_SIDE_STYLE('',(#2338));
#2225=SURFACE_SIDE_STYLE('',(#2339));
#2226=SURFACE_SIDE_STYLE('',(#2340));
#2227=SURFACE_SIDE_STYLE('',(#2341));
#2228=SURFACE_SIDE_STYLE('',(#2342));
#2229=SURFACE_SIDE_STYLE('',(#2343));
#2230=SURFACE_SIDE_STYLE('',(#2344));
#2231=SURFACE_SIDE_STYLE('',(#2345));
#2232=SURFACE_SIDE_STYLE('',(#2346));
#2233=SURFACE_SIDE_STYLE('',(#2347));
#2234=SURFACE_SIDE_STYLE('',(#2348));
#2235=SURFACE_SIDE_STYLE('',(#2349));
#2236=SURFACE_SIDE_STYLE('',(#2350));
#2237=SURFACE_SIDE_STYLE('',(#2351));
#2238=SURFACE_SIDE_STYLE('',(#2352));
#2239=SURFACE_SIDE_STYLE('',(#2353));
#2240=SURFACE_SIDE_STYLE('',(#2354));
#2241=SURFACE_SIDE_STYLE('',(#2355));
#2242=SURFACE_SIDE_STYLE('',(#2356));
#2243=SURFACE_SIDE_STYLE('',(#2357));
#2244=SURFACE_SIDE_STYLE('',(#2358));
#2245=SURFACE_SIDE_STYLE('',(#2359));
#2246=SURFACE_SIDE_STYLE('',(#2360));
#2247=SURFACE_SIDE_STYLE('',(#2361));
#2248=SURFACE_SIDE_STYLE('',(#2362));
#2249=SURFACE_SIDE_STYLE('',(#2363));
#2250=SURFACE_SIDE_STYLE('',(#2364));
#2251=SURFACE_SIDE_STYLE('',(#2365));
#2252=SURFACE_SIDE_STYLE('',(#2366));
#2253=SURFACE_SIDE_STYLE('',(#2367));
#2254=SURFACE_SIDE_STYLE('',(#2368));
#2255=SURFACE_SIDE_STYLE('',(#2369));
#2256=SURFACE_SIDE_STYLE('',(#2370));
#2257=SURFACE_SIDE_STYLE('',(#2371));
#2258=SURFACE_SIDE_STYLE('',(#2372));
#2259=SURFACE_SIDE_STYLE('',(#2373));
#2260=SURFACE_SIDE_STYLE('',(#2374));
#2261=SURFACE_SIDE_STYLE('',(#2375));
#2262=SURFACE_SIDE_STYLE('',(#2376));
#2263=SURFACE_SIDE_STYLE('',(#2377));
#2264=SURFACE_SIDE_STYLE('',(#2378));
#2265=SURFACE_SIDE_STYLE('',(#2379));
#2266=SURFACE_SIDE_STYLE('',(#2380));
#2267=SURFACE_STYLE_FILL_AREA(#2381);
#2268=SURFACE_STYLE_FILL_AREA(#2382);
#2269=SURFACE_STYLE_FILL_AREA(#2383);
#2270=SURFACE_STYLE_FILL_AREA(#2384);
#2271=SURFACE_STYLE_FILL_AREA(#2385);
#2272=SURFACE_STYLE_FILL_AREA(#2386);
#2273=SURFACE_STYLE_FILL_AREA(#2387);
#2274=SURFACE_STYLE_FILL_AREA(#2388);
#2275=SURFACE_STYLE_FILL_AREA(#2389);
#2276=SURFACE_STYLE_FILL_AREA(#2390);
#2277=SURFACE_STYLE_FILL_AREA(#2391);
#2278=SURFACE_STYLE_FILL_AREA(#2392);
#2279=SURFACE_STYLE_FILL_AREA(#2393);
#2280=SURFACE_STYLE_FILL_AREA(#2394);
#2281=SURFACE_STYLE_FILL_AREA(#2395);
#2282=SURFACE_STYLE_FILL_AREA(#2396);
#2283=SURFACE_STYLE_FILL_AREA(#2397);
#2284=SURFACE_STYLE_FILL_AREA(#2398);
#2285=SURFACE_STYLE_FILL_AREA(#2399);
#2286=SURFACE_STYLE_FILL_AREA(#2400);
#2287=SURFACE_STYLE_FILL_AREA(#2401);
#2288=SURFACE_STYLE_FILL_AREA(#2402);
#2289=SURFACE_STYLE_FILL_AREA(#2403);
#2290=SURFACE_STYLE_FILL_AREA(#2404);
#2291=SURFACE_STYLE_FILL_AREA(#2405);
#2292=SURFACE_STYLE_FILL_AREA(#2406);
#2293=SURFACE_STYLE_FILL_AREA(#2407);
#2294=SURFACE_STYLE_FILL_AREA(#2408);
#2295=SURFACE_STYLE_FILL_AREA(#2409);
#2296=SURFACE_STYLE_FILL_AREA(#2410);
#2297=SURFACE_STYLE_FILL_AREA(#2411);
#2298=SURFACE_STYLE_FILL_AREA(#2412);
#2299=SURFACE_STYLE_FILL_AREA(#2413);
#2300=SURFACE_STYLE_FILL_AREA(#2414);
#2301=SURFACE_STYLE_FILL_AREA(#2415);
#2302=SURFACE_STYLE_FILL_AREA(#2416);
#2303=SURFACE_STYLE_FILL_AREA(#2417);
#2304=SURFACE_STYLE_FILL_AREA(#2418);
#2305=SURFACE_STYLE_FILL_AREA(#2419);
#2306=SURFACE_STYLE_FILL_AREA(#2420);
#2307=SURFACE_STYLE_FILL_AREA(#2421);
#2308=SURFACE_STYLE_FILL_AREA(#2422);
#2309=SURFACE_STYLE_FILL_AREA(#2423);
#2310=SURFACE_STYLE_FILL_AREA(#2424);
#2311=SURFACE_STYLE_FILL_AREA(#2425);
#2312=SURFACE_STYLE_FILL_AREA(#2426);
#2313=SURFACE_STYLE_FILL_AREA(#2427);
#2314=SURFACE_STYLE_FILL_AREA(#2428);
#2315=SURFACE_STYLE_FILL_AREA(#2429);
#2316=SURFACE_STYLE_FILL_AREA(#2430);
#2317=SURFACE_STYLE_FILL_AREA(#2431);
#2318=SURFACE_STYLE_FILL_AREA(#2432);
#2319=SURFACE_STYLE_FILL_AREA(#2433);
#2320=SURFACE_STYLE_FILL_AREA(#2434);
#2321=SURFACE_STYLE_FILL_AREA(#2435);
#2322=SURFACE_STYLE_FILL_AREA(#2436);
#2323=SURFACE_STYLE_FILL_AREA(#2437);
#2324=SURFACE_STYLE_FILL_AREA(#2438);
#2325=SURFACE_STYLE_FILL_AREA(#2439);
#2326=SURFACE_STYLE_FILL_AREA(#2440);
#2327=SURFACE_STYLE_FILL_AREA(#2441);
#2328=SURFACE_STYLE_FILL_AREA(#2442);
#2329=SURFACE_STYLE_FILL_AREA(#2443);
#2330=SURFACE_STYLE_FILL_AREA(#2444);
#2331=SURFACE_STYLE_FILL_AREA(#2445);
#2332=SURFACE_STYLE_FILL_AREA(#2446);
#2333=SURFACE_STYLE_FILL_AREA(#2447);
#2334=SURFACE_STYLE_FILL_AREA(#2448);
#2335=SURFACE_STYLE_FILL_AREA(#2449);
#2336=SURFACE_STYLE_FILL_AREA(#2450);
#2337=SURFACE_STYLE_FILL_AREA(#2451);
#2338=SURFACE_STYLE_FILL_AREA(#2452);
#2339=SURFACE_STYLE_FILL_AREA(#2453);
#2340=SURFACE_STYLE_FILL_AREA(#2454);
#2341=SURFACE_STYLE_FILL_AREA(#2455);
#2342=SURFACE_STYLE_FILL_AREA(#2456);
#2343=SURFACE_STYLE_FILL_AREA(#2457);
#2344=SURFACE_STYLE_FILL_AREA(#2458);
#2345=SURFACE_STYLE_FILL_AREA(#2459);
#2346=SURFACE_STYLE_FILL_AREA(#2460);
#2347=SURFACE_STYLE_FILL_AREA(#2461);
#2348=SURFACE_STYLE_FILL_AREA(#2462);
#2349=SURFACE_STYLE_FILL_AREA(#2463);
#2350=SURFACE_STYLE_FILL_AREA(#2464);
#2351=SURFACE_STYLE_FILL_AREA(#2465);
#2352=SURFACE_STYLE_FILL_AREA(#2466);
#2353=SURFACE_STYLE_FILL_AREA(#2467);
#2354=SURFACE_STYLE_FILL_AREA(#2468);
#2355=SURFACE_STYLE_FILL_AREA(#2469);
#2356=SURFACE_STYLE_FILL_AREA(#2470);
#2357=SURFACE_STYLE_FILL_AREA(#2471);
#2358=SURFACE_STYLE_FILL_AREA(#2472);
#2359=SURFACE_STYLE_FILL_AREA(#2473);
#2360=SURFACE_STYLE_FILL_AREA(#2474);
#2361=SURFACE_STYLE_FILL_AREA(#2475);
#2362=SURFACE_STYLE_FILL_AREA(#2476);
#2363=SURFACE_STYLE_FILL_AREA(#2477);
#2364=SURFACE_STYLE_FILL_AREA(#2478);
#2365=SURFACE_STYLE_FILL_AREA(#2479);
#2366=SURFACE_STYLE_FILL_AREA(#2480);
#2367=SURFACE_STYLE_FILL_AREA(#2481);
#2368=SURFACE_STYLE_FILL_AREA(#2482);
#2369=SURFACE_STYLE_FILL_AREA(#2483);
#2370=SURFACE_STYLE_FILL_AREA(#2484);
#2371=SURFACE_STYLE_FILL_AREA(#2485);
#2372=SURFACE_STYLE_FILL_AREA(#2486);
#2373=SURFACE_STYLE_FILL_AREA(#2487);
#2374=SURFACE_STYLE_FILL_AREA(#2488);
#2375=SURFACE_STYLE_FILL_AREA(#2489);
#2376=SURFACE_STYLE_FILL_AREA(#2490);
#2377=SURFACE_STYLE_FILL_AREA(#2491);
#2378=SURFACE_STYLE_FILL_AREA(#2492);
#2379=SURFACE_STYLE_FILL_AREA(#2493);
#2380=SURFACE_STYLE_FILL_AREA(#2494);
#2381=FILL_AREA_STYLE('',(#2495));
#2382=FILL_AREA_STYLE('',(#2496));
#2383=FILL_AREA_STYLE('',(#2497));
#2384=FILL_AREA_STYLE('',(#2498));
#2385=FILL_AREA_STYLE('',(#2499));
#2386=FILL_AREA_STYLE('',(#2500));
#2387=FILL_AREA_STYLE('',(#2501));
#2388=FILL_AREA_STYLE('',(#2502));
#2389=FILL_AREA_STYLE('',(#2503));
#2390=FILL_AREA_STYLE('',(#2504));
#2391=FILL_AREA_STYLE('',(#2505));
#2392=FILL_AREA_STYLE('',(#2506));
#2393=FILL_AREA_STYLE('',(#2507));
#2394=FILL_AREA_STYLE('',(#2508));
#2395=FILL_AREA_STYLE('',(#2509));
#2396=FILL_AREA_STYLE('',(#2510));
#2397=FILL_AREA_STYLE('',(#2511));
#2398=FILL_AREA_STYLE('',(#2512));
#2399=FILL_AREA_STYLE('',(#2513));
#2400=FILL_AREA_STYLE('',(#2514));
#2401=FILL_AREA_STYLE('',(#2515));
#2402=FILL_AREA_STYLE('',(#2516));
#2403=FILL_AREA_STYLE('',(#2517));
#2404=FILL_AREA_STYLE('',(#2518));
#2405=FILL_AREA_STYLE('',(#2519));
#2406=FILL_AREA_STYLE('',(#2520));
#2407=FILL_AREA_STYLE('',(#2521));
#2408=FILL_AREA_STYLE('',(#2522));
#2409=FILL_AREA_STYLE('',(#2523));
#2410=FILL_AREA_STYLE('',(#2524));
#2411=FILL_AREA_STYLE('',(#2525));
#2412=FILL_AREA_STYLE('',(#2526));
#2413=FILL_AREA_STYLE('',(#2527));
#2414=FILL_AREA_STYLE('',(#2528));
#2415=FILL_AREA_STYLE('',(#2529));
#2416=FILL_AREA_STYLE('',(#2530));
#2417=FILL_AREA_STYLE('',(#2531));
#2418=FILL_AREA_STYLE('',(#2532));
#2419=FILL_AREA_STYLE('',(#2533));
#2420=FILL_AREA_STYLE('',(#2534));
#2421=FILL_AREA_STYLE('',(#2535));
#2422=FILL_AREA_STYLE('',(#2536));
#2423=FILL_AREA_STYLE('',(#2537));
#2424=FILL_AREA_STYLE('',(#2538));
#2425=FILL_AREA_STYLE('',(#2539));
#2426=FILL_AREA_STYLE('',(#2540));
#2427=FILL_AREA_STYLE('',(#2541));
#2428=FILL_AREA_STYLE('',(#2542));
#2429=FILL_AREA_STYLE('',(#2543));
#2430=FILL_AREA_STYLE('',(#2544));
#2431=FILL_AREA_STYLE('',(#2545));
#2432=FILL_AREA_STYLE('',(#2546));
#2433=FILL_AREA_STYLE('',(#2547));
#2434=FILL_AREA_STYLE('',(#2548));
#2435=FILL_AREA_STYLE('',(#2549));
#2436=FILL_AREA_STYLE('',(#2550));
#2437=FILL_AREA_STYLE('',(#2551));
#2438=FILL_AREA_STYLE('',(#2552));
#2439=FILL_AREA_STYLE('',(#2553));
#2440=FILL_AREA_STYLE('',(#2554));
#2441=FILL_AREA_STYLE('',(#2555));
#2442=FILL_AREA_STYLE('',(#2556));
#2443=FILL_AREA_STYLE('',(#2557));
#2444=FILL_AREA_STYLE('',(#2558));
#2445=FILL_AREA_STYLE('',(#2559));
#2446=FILL_AREA_STYLE('',(#2560));
#2447=FILL_AREA_STYLE('',(#2561));
#2448=FILL_AREA_STYLE('',(#2562));
#2449=FILL_AREA_STYLE('',(#2563));
#2450=FILL_AREA_STYLE('',(#2564));
#2451=FILL_AREA_STYLE('',(#2565));
#2452=FILL_AREA_STYLE('',(#2566));
#2453=FILL_AREA_STYLE('',(#2567));
#2454=FILL_AREA_STYLE('',(#2568));
#2455=FILL_AREA_STYLE('',(#2569));
#2456=FILL_AREA_STYLE('',(#2570));
#2457=FILL_AREA_STYLE('',(#2571));
#2458=FILL_AREA_STYLE('',(#2572));
#2459=FILL_AREA_STYLE('',(#2573));
#2460=FILL_AREA_STYLE('',(#2574));
#2461=FILL_AREA_STYLE('',(#2575));
#2462=FILL_AREA_STYLE('',(#2576));
#2463=FILL_AREA_STYLE('',(#2577));
#2464=FILL_AREA_STYLE('',(#2578));
#2465=FILL_AREA_STYLE('',(#2579));
#2466=FILL_AREA_STYLE('',(#2580));
#2467=FILL_AREA_STYLE('',(#2581));
#2468=FILL_AREA_STYLE('',(#2582));
#2469=FILL_AREA_STYLE('',(#2583));
#2470=FILL_AREA_STYLE('',(#2584));
#2471=FILL_AREA_STYLE('',(#2585));
#2472=FILL_AREA_STYLE('',(#2586));
#2473=FILL_AREA_STYLE('',(#2587));
#2474=FILL_AREA_STYLE('',(#2588));
#2475=FILL_AREA_STYLE('',(#2589));
#2476=FILL_AREA_STYLE('',(#2590));
#2477=FILL_AREA_STYLE('',(#2591));
#2478=FILL_AREA_STYLE('',(#2592));
#2479=FILL_AREA_STYLE('',(#2593));
#2480=FILL_AREA_STYLE('',(#2594));
#2481=FILL_AREA_STYLE('',(#2595));
#2482=FILL_AREA_STYLE('',(#2596));
#2483=FILL_AREA_STYLE('',(#2597));
#2484=FILL_AREA_STYLE('',(#2598));
#2485=FILL_AREA_STYLE('',(#2599));
#2486=FILL_AREA_STYLE('',(#2600));
#2487=FILL_AREA_STYLE('',(#2601));
#2488=FILL_AREA_STYLE('',(#2602));
#2489=FILL_AREA_STYLE('',(#2603));
#2490=FILL_AREA_STYLE('',(#2604));
#2491=FILL_AREA_STYLE('',(#2605));
#2492=FILL_AREA_STYLE('',(#2606));
#2493=FILL_AREA_STYLE('',(#2607));
#2494=FILL_AREA_STYLE('',(#2608));
#2495=FILL_AREA_STYLE_COLOUR('',#2609);
#2496=FILL_AREA_STYLE_COLOUR('',#2609);
#2497=FILL_AREA_STYLE_COLOUR('',#2609);
#2498=FILL_AREA_STYLE_COLOUR('',#2609);
#2499=FILL_AREA_STYLE_COLOUR('',#2609);
#2500=FILL_AREA_STYLE_COLOUR('',#2609);
#2501=FILL_AREA_STYLE_COLOUR('',#2609);
#2502=FILL_AREA_STYLE_COLOUR('',#2609);
#2503=FILL_AREA_STYLE_COLOUR('',#2609);
#2504=FILL_AREA_STYLE_COLOUR('',#2609);
#2505=FILL_AREA_STYLE_COLOUR('',#2609);
#2506=FILL_AREA_STYLE_COLOUR('',#2609);
#2507=FILL_AREA_STYLE_COLOUR('',#2609);
#2508=FILL_AREA_STYLE_COLOUR('',#2609);
#2509=FILL_AREA_STYLE_COLOUR('',#2609);
#2510=FILL_AREA_STYLE_COLOUR('',#2609);
#2511=FILL_AREA_STYLE_COLOUR('',#2609);
#2512=FILL_AREA_STYLE_COLOUR('',#2609);
#2513=FILL_AREA_STYLE_COLOUR('',#2610);
#2514=FILL_AREA_STYLE_COLOUR('',#2610);
#2515=FILL_AREA_STYLE_COLOUR('',#2610);
#2516=FILL_AREA_STYLE_COLOUR('',#2610);
#2517=FILL_AREA_STYLE_COLOUR('',#2610);
#2518=FILL_AREA_STYLE_COLOUR('',#2610);
#2519=FILL_AREA_STYLE_COLOUR('',#2609);
#2520=FILL_AREA_STYLE_COLOUR('',#2609);
#2521=FILL_AREA_STYLE_COLOUR('',#2609);
#2522=FILL_AREA_STYLE_COLOUR('',#2609);
#2523=FILL_AREA_STYLE_COLOUR('',#2609);
#2524=FILL_AREA_STYLE_COLOUR('',#2609);
#2525=FILL_AREA_STYLE_COLOUR('',#2609);
#2526=FILL_AREA_STYLE_COLOUR('',#2609);
#2527=FILL_AREA_STYLE_COLOUR('',#2609);
#2528=FILL_AREA_STYLE_COLOUR('',#2609);
#2529=FILL_AREA_STYLE_COLOUR('',#2609);
#2530=FILL_AREA_STYLE_COLOUR('',#2610);
#2531=FILL_AREA_STYLE_COLOUR('',#2609);
#2532=FILL_AREA_STYLE_COLOUR('',#2610);
#2533=FILL_AREA_STYLE_COLOUR('',#2609);
#2534=FILL_AREA_STYLE_COLOUR('',#2609);
#2535=FILL_AREA_STYLE_COLOUR('',#2609);
#2536=FILL_AREA_STYLE_COLOUR('',#2609);
#2537=FILL_AREA_STYLE_COLOUR('',#2609);
#2538=FILL_AREA_STYLE_COLOUR('',#2609);
#2539=FILL_AREA_STYLE_COLOUR('',#2609);
#2540=FILL_AREA_STYLE_COLOUR('',#2609);
#2541=FILL_AREA_STYLE_COLOUR('',#2609);
#2542=FILL_AREA_STYLE_COLOUR('',#2609);
#2543=FILL_AREA_STYLE_COLOUR('',#2609);
#2544=FILL_AREA_STYLE_COLOUR('',#2609);
#2545=FILL_AREA_STYLE_COLOUR('',#2609);
#2546=FILL_AREA_STYLE_COLOUR('',#2609);
#2547=FILL_AREA_STYLE_COLOUR('',#2609);
#2548=FILL_AREA_STYLE_COLOUR('',#2609);
#2549=FILL_AREA_STYLE_COLOUR('',#2609);
#2550=FILL_AREA_STYLE_COLOUR('',#2609);
#2551=FILL_AREA_STYLE_COLOUR('',#2609);
#2552=FILL_AREA_STYLE_COLOUR('',#2610);
#2553=FILL_AREA_STYLE_COLOUR('',#2610);
#2554=FILL_AREA_STYLE_COLOUR('',#2610);
#2555=FILL_AREA_STYLE_COLOUR('',#2610);
#2556=FILL_AREA_STYLE_COLOUR('',#2610);
#2557=FILL_AREA_STYLE_COLOUR('',#2610);
#2558=FILL_AREA_STYLE_COLOUR('',#2610);
#2559=FILL_AREA_STYLE_COLOUR('',#2610);
#2560=FILL_AREA_STYLE_COLOUR('',#24);
#2561=FILL_AREA_STYLE_COLOUR('',#2609);
#2562=FILL_AREA_STYLE_COLOUR('',#2609);
#2563=FILL_AREA_STYLE_COLOUR('',#2609);
#2564=FILL_AREA_STYLE_COLOUR('',#2609);
#2565=FILL_AREA_STYLE_COLOUR('',#2609);
#2566=FILL_AREA_STYLE_COLOUR('',#2609);
#2567=FILL_AREA_STYLE_COLOUR('',#2609);
#2568=FILL_AREA_STYLE_COLOUR('',#2609);
#2569=FILL_AREA_STYLE_COLOUR('',#2609);
#2570=FILL_AREA_STYLE_COLOUR('',#2609);
#2571=FILL_AREA_STYLE_COLOUR('',#2609);
#2572=FILL_AREA_STYLE_COLOUR('',#2609);
#2573=FILL_AREA_STYLE_COLOUR('',#25);
#2574=FILL_AREA_STYLE_COLOUR('',#2609);
#2575=FILL_AREA_STYLE_COLOUR('',#2609);
#2576=FILL_AREA_STYLE_COLOUR('',#2609);
#2577=FILL_AREA_STYLE_COLOUR('',#2609);
#2578=FILL_AREA_STYLE_COLOUR('',#2609);
#2579=FILL_AREA_STYLE_COLOUR('',#2609);
#2580=FILL_AREA_STYLE_COLOUR('',#2609);
#2581=FILL_AREA_STYLE_COLOUR('',#2609);
#2582=FILL_AREA_STYLE_COLOUR('',#2611);
#2583=FILL_AREA_STYLE_COLOUR('',#2611);
#2584=FILL_AREA_STYLE_COLOUR('',#2611);
#2585=FILL_AREA_STYLE_COLOUR('',#2611);
#2586=FILL_AREA_STYLE_COLOUR('',#2611);
#2587=FILL_AREA_STYLE_COLOUR('',#2611);
#2588=FILL_AREA_STYLE_COLOUR('',#2611);
#2589=FILL_AREA_STYLE_COLOUR('',#2611);
#2590=FILL_AREA_STYLE_COLOUR('',#2611);
#2591=FILL_AREA_STYLE_COLOUR('',#2611);
#2592=FILL_AREA_STYLE_COLOUR('',#2611);
#2593=FILL_AREA_STYLE_COLOUR('',#2611);
#2594=FILL_AREA_STYLE_COLOUR('',#2611);
#2595=FILL_AREA_STYLE_COLOUR('',#2609);
#2596=FILL_AREA_STYLE_COLOUR('',#2609);
#2597=FILL_AREA_STYLE_COLOUR('',#2609);
#2598=FILL_AREA_STYLE_COLOUR('',#2609);
#2599=FILL_AREA_STYLE_COLOUR('',#2609);
#2600=FILL_AREA_STYLE_COLOUR('',#2609);
#2601=FILL_AREA_STYLE_COLOUR('',#26);
#2602=FILL_AREA_STYLE_COLOUR('',#26);
#2603=FILL_AREA_STYLE_COLOUR('',#26);
#2604=FILL_AREA_STYLE_COLOUR('',#26);
#2605=FILL_AREA_STYLE_COLOUR('',#26);
#2606=FILL_AREA_STYLE_COLOUR('',#26);
#2607=FILL_AREA_STYLE_COLOUR('',#26);
#2608=FILL_AREA_STYLE_COLOUR('',#26);
#2609=COLOUR_RGB('',0.,0.5,1.);
#2610=COLOUR_RGB('',0.25,0.25,0.25);
#2611=COLOUR_RGB('',0.75300002098083,0.75300002098083,0.75300002098083);
#2612=ADVANCED_FACE('',(#1614),#1764,.F.);
#2613=ADVANCED_FACE('',(#1615),#1765,.T.);
#2614=ADVANCED_FACE('',(#1616,#1617,#1618),#1766,.F.);
#2615=ADVANCED_FACE('',(#1619),#1767,.F.);
#2616=ADVANCED_FACE('',(#1620,#1621,#1622,#1623),#1768,.T.);
#2617=ADVANCED_FACE('',(#1624),#54,.T.);
#2618=ADVANCED_FACE('',(#1625),#55,.T.);
#2619=ADVANCED_FACE('',(#1626),#56,.T.);
#2620=ADVANCED_FACE('',(#1627),#57,.T.);
#2621=ADVANCED_FACE('',(#1628),#1769,.T.);
#2622=ADVANCED_FACE('',(#1629),#1770,.F.);
#2623=ADVANCED_FACE('',(#1630),#58,.T.);
#2624=ADVANCED_FACE('',(#1631),#59,.T.);
#2625=ADVANCED_FACE('',(#1632),#60,.T.);
#2626=ADVANCED_FACE('',(#1633),#61,.T.);
#2627=ADVANCED_FACE('',(#1634),#1771,.F.);
#2628=ADVANCED_FACE('',(#1635),#1772,.F.);
#2629=ADVANCED_FACE('',(#1636),#1773,.F.);
#2630=ADVANCED_FACE('',(#1637),#1774,.F.);
#2631=ADVANCED_FACE('',(#1638,#1639),#1775,.F.);
#2632=ADVANCED_FACE('',(#1640),#62,.T.);
#2633=ADVANCED_FACE('',(#1641,#1642),#1776,.F.);
#2634=ADVANCED_FACE('',(#1643),#63,.T.);
#2635=ADVANCED_FACE('',(#1644),#64,.T.);
#2636=ADVANCED_FACE('',(#1645),#1777,.T.);
#2637=ADVANCED_FACE('',(#1646),#32,.F.);
#2638=ADVANCED_FACE('',(#1647),#1778,.T.);
#2639=ADVANCED_FACE('',(#1648),#33,.F.);
#2640=ADVANCED_FACE('',(#1649),#1779,.T.);
#2641=ADVANCED_FACE('',(#1650),#34,.F.);
#2642=ADVANCED_FACE('',(#1651),#1780,.T.);
#2643=ADVANCED_FACE('',(#1652),#35,.F.);
#2644=ADVANCED_FACE('',(#1653,#1654),#36,.F.);
#2645=ADVANCED_FACE('',(#1655,#1656),#37,.F.);
#2646=ADVANCED_FACE('',(#1657),#1781,.F.);
#2647=ADVANCED_FACE('',(#1658),#1782,.T.);
#2648=ADVANCED_FACE('',(#1659),#65,.T.);
#2649=ADVANCED_FACE('',(#1660),#1783,.F.);
#2650=ADVANCED_FACE('',(#1661),#1784,.T.);
#2651=ADVANCED_FACE('',(#1662),#66,.T.);
#2652=ADVANCED_FACE('',(#1663),#67,.F.);
#2653=ADVANCED_FACE('',(#1664,#1665),#1785,.T.);
#2654=ADVANCED_FACE('',(#1666),#1786,.T.);
#2655=ADVANCED_FACE('',(#1667),#1787,.F.);
#2656=ADVANCED_FACE('',(#1668),#68,.T.);
#2657=ADVANCED_FACE('',(#1669),#69,.T.);
#2658=ADVANCED_FACE('',(#1670),#70,.T.);
#2659=ADVANCED_FACE('',(#1671),#1788,.T.);
#2660=ADVANCED_FACE('',(#1672),#1789,.T.);
#2661=ADVANCED_FACE('',(#1673),#1790,.T.);
#2662=ADVANCED_FACE('',(#1674),#1791,.T.);
#2663=ADVANCED_FACE('',(#1675),#1792,.T.);
#2664=ADVANCED_FACE('',(#1676),#1793,.T.);
#2665=ADVANCED_FACE('',(#1677),#1794,.T.);
#2666=ADVANCED_FACE('',(#1678),#1795,.F.);
#2667=ADVANCED_FACE('',(#1679,#1680),#71,.F.);
#2668=ADVANCED_FACE('',(#1681,#1682),#1796,.T.);
#2669=ADVANCED_FACE('',(#1683,#1684),#38,.F.);
#2670=ADVANCED_FACE('',(#1685,#1686),#1797,.F.);
#2671=ADVANCED_FACE('',(#1687,#1688),#27,.T.);
#2672=ADVANCED_FACE('',(#1689,#1690),#72,.T.);
#2673=ADVANCED_FACE('',(#1691),#73,.F.);
#2674=ADVANCED_FACE('',(#1692),#1798,.F.);
#2675=ADVANCED_FACE('',(#1693),#74,.F.);
#2676=ADVANCED_FACE('',(#1694),#1799,.F.);
#2677=ADVANCED_FACE('',(#1695),#1800,.T.);
#2678=ADVANCED_FACE('',(#1696),#75,.T.);
#2679=ADVANCED_FACE('',(#1697),#76,.F.);
#2680=ADVANCED_FACE('',(#1698),#77,.T.);
#2681=ADVANCED_FACE('',(#1699),#1801,.F.);
#2682=ADVANCED_FACE('',(#1700),#78,.F.);
#2683=ADVANCED_FACE('',(#1701),#1802,.F.);
#2684=ADVANCED_FACE('',(#1702),#1803,.F.);
#2685=ADVANCED_FACE('',(#1703),#1804,.F.);
#2686=ADVANCED_FACE('',(#1704),#79,.F.);
#2687=ADVANCED_FACE('',(#1705),#1805,.F.);
#2688=ADVANCED_FACE('',(#1706),#80,.T.);
#2689=ADVANCED_FACE('',(#1707),#81,.F.);
#2690=ADVANCED_FACE('',(#1708),#1806,.T.);
#2691=ADVANCED_FACE('',(#1709),#39,.F.);
#2692=ADVANCED_FACE('',(#1710),#1807,.T.);
#2693=ADVANCED_FACE('',(#1711),#40,.T.);
#2694=ADVANCED_FACE('',(#1712),#28,.T.);
#2695=ADVANCED_FACE('',(#1713),#41,.F.);
#2696=ADVANCED_FACE('',(#1714),#1808,.T.);
#2697=ADVANCED_FACE('',(#1715),#42,.T.);
#2698=ADVANCED_FACE('',(#1716),#29,.T.);
#2699=ADVANCED_FACE('',(#1717,#1718),#82,.T.);
#2700=ADVANCED_FACE('',(#1719,#1720),#43,.T.);
#2701=ADVANCED_FACE('',(#1721,#1722),#83,.T.);
#2702=ADVANCED_FACE('',(#1723,#1724),#44,.T.);
#2703=ADVANCED_FACE('',(#1725,#1726),#84,.T.);
#2704=ADVANCED_FACE('',(#1727,#1728),#45,.T.);
#2705=ADVANCED_FACE('',(#1729,#1730),#85,.T.);
#2706=ADVANCED_FACE('',(#1731,#1732),#46,.T.);
#2707=ADVANCED_FACE('',(#1733,#1734),#30,.T.);
#2708=ADVANCED_FACE('',(#1735,#1736),#1809,.F.);
#2709=ADVANCED_FACE('',(#1737,#1738),#47,.F.);
#2710=ADVANCED_FACE('',(#1739,#1740),#86,.F.);
#2711=ADVANCED_FACE('',(#1741,#1742,#1743,#1744,#1745),#1810,.F.);
#2712=ADVANCED_FACE('',(#1746),#87,.T.);
#2713=ADVANCED_FACE('',(#1747),#88,.T.);
#2714=ADVANCED_FACE('',(#1748),#89,.T.);
#2715=ADVANCED_FACE('',(#1749),#90,.T.);
#2716=ADVANCED_FACE('',(#1750),#91,.T.);
#2717=ADVANCED_FACE('',(#1751),#92,.T.);
#2718=ADVANCED_FACE('',(#1752,#1753),#93,.T.);
#2719=ADVANCED_FACE('',(#1754),#20,.T.);
#2720=ADVANCED_FACE('',(#1755,#1756),#94,.T.);
#2721=ADVANCED_FACE('',(#1757),#21,.T.);
#2722=ADVANCED_FACE('',(#1758,#1759),#95,.T.);
#2723=ADVANCED_FACE('',(#1760),#22,.T.);
#2724=ADVANCED_FACE('',(#1761,#1762),#96,.T.);
#2725=ADVANCED_FACE('',(#1763),#23,.T.);
#2726=CLOSED_SHELL('',(#2612,#2613,#2614,#2615,#2616,#2617,#2618,#2619,
#2620,#2621,#2622,#2623,#2624,#2625,#2626,#2627,#2628,#2629,#2630,#2631,
#2632,#2633,#2634,#2635,#2636,#2637,#2638,#2639,#2640,#2641,#2642,#2643,
#2644,#2645,#2646,#2647,#2648,#2649,#2650,#2651,#2652,#2653,#2654,#2655,
#2656,#2657,#2658,#2659,#2660,#2661,#2662,#2663,#2664,#2665,#2666,#2667,
#2668,#2669,#2670,#2671,#2672,#2673,#2674,#2675,#2676,#2677,#2678,#2679,
#2680,#2681,#2682,#2683,#2684,#2685,#2686,#2687,#2688,#2689,#2690,#2691,
#2692,#2693,#2694,#2695,#2696,#2697,#2698,#2699,#2700,#2701,#2702,#2703,
#2704,#2705,#2706,#2707,#2708,#2709,#2710,#2711,#2712,#2713,#2714,#2715,
#2716,#2717,#2718,#2719,#2720,#2721,#2722,#2723,#2724,#2725));
#2727=MANIFOLD_SOLID_BREP('DTR-C23PB-TLS-139',#2726);
#2728=SHAPE_DEFINITION_REPRESENTATION(#4209,#2729);
#2729=SHAPE_REPRESENTATION('DTR-C23PB-TLS-139',(#2730),#4204);
#2730=AXIS2_PLACEMENT_3D('',#3514,#2945,#2946);
#2731=AXIS2_PLACEMENT_3D('',#3515,#2947,#2948);
#2732=AXIS2_PLACEMENT_3D('',#3580,#2961,#2962);
#2733=AXIS2_PLACEMENT_3D('',#3584,#2964,#2965);
#2734=AXIS2_PLACEMENT_3D('',#3585,#2966,#2967);
#2735=AXIS2_PLACEMENT_3D('',#3586,#2968,#2969);
#2736=AXIS2_PLACEMENT_3D('',#3588,#2970,#2971);
#2737=AXIS2_PLACEMENT_3D('',#3593,#2973,#2974);
#2738=AXIS2_PLACEMENT_3D('',#3601,#2978,#2979);
#2739=AXIS2_PLACEMENT_3D('',#3617,#2987,#2988);
#2740=AXIS2_PLACEMENT_3D('',#3618,#2989,#2990);
#2741=AXIS2_PLACEMENT_3D('',#3619,#2991,#2992);
#2742=AXIS2_PLACEMENT_3D('',#3623,#2994,#2995);
#2743=AXIS2_PLACEMENT_3D('',#3624,#2996,#2997);
#2744=AXIS2_PLACEMENT_3D('',#3629,#2999,#3000);
#2745=AXIS2_PLACEMENT_3D('',#3633,#3002,#3003);
#2746=AXIS2_PLACEMENT_3D('',#3637,#3005,#3006);
#2747=AXIS2_PLACEMENT_3D('',#3643,#3009,#3010);
#2748=AXIS2_PLACEMENT_3D('',#3656,#3017,#3018);
#2749=AXIS2_PLACEMENT_3D('',#3659,#3019,#3020);
#2750=AXIS2_PLACEMENT_3D('',#3661,#3021,#3022);
#2751=AXIS2_PLACEMENT_3D('',#3663,#3023,#3024);
#2752=AXIS2_PLACEMENT_3D('',#3667,#3026,#3027);
#2753=AXIS2_PLACEMENT_3D('',#3675,#3031,#3032);
#2754=AXIS2_PLACEMENT_3D('',#3679,#3034,#3035);
#2755=AXIS2_PLACEMENT_3D('',#3680,#3036,#3037);
#2756=AXIS2_PLACEMENT_3D('',#3681,#3038,#3039);
#2757=AXIS2_PLACEMENT_3D('',#3683,#3040,#3041);
#2758=AXIS2_PLACEMENT_3D('',#3687,#3043,#3044);
#2759=AXIS2_PLACEMENT_3D('',#3688,#3045,#3046);
#2760=AXIS2_PLACEMENT_3D('',#3689,#3047,#3048);
#2761=AXIS2_PLACEMENT_3D('',#3693,#3050,#3051);
#2762=AXIS2_PLACEMENT_3D('',#3695,#3052,#3053);
#2763=AXIS2_PLACEMENT_3D('',#3696,#3054,#3055);
#2764=AXIS2_PLACEMENT_3D('',#3697,#3056,#3057);
#2765=AXIS2_PLACEMENT_3D('',#3700,#3058,#3059);
#2766=AXIS2_PLACEMENT_3D('',#3701,#3060,#3061);
#2767=AXIS2_PLACEMENT_3D('',#3704,#3063,#3064);
#2768=AXIS2_PLACEMENT_3D('',#3705,#3065,#3066);
#2769=AXIS2_PLACEMENT_3D('',#3707,#3067,#3068);
#2770=AXIS2_PLACEMENT_3D('',#3709,#3069,#3070);
#2771=AXIS2_PLACEMENT_3D('',#3712,#3072,#3073);
#2772=AXIS2_PLACEMENT_3D('',#3720,#3077,#3078);
#2773=AXIS2_PLACEMENT_3D('',#3721,#3079,#3080);
#2774=AXIS2_PLACEMENT_3D('',#3727,#3083,#3084);
#2775=AXIS2_PLACEMENT_3D('',#3730,#3086,#3087);
#2776=AXIS2_PLACEMENT_3D('',#3769,#3090,#3091);
#2777=AXIS2_PLACEMENT_3D('',#3770,#3092,#3093);
#2778=AXIS2_PLACEMENT_3D('',#3771,#3094,#3095);
#2779=AXIS2_PLACEMENT_3D('',#3772,#3096,#3097);
#2780=AXIS2_PLACEMENT_3D('',#3773,#3098,#3099);
#2781=AXIS2_PLACEMENT_3D('',#3774,#3100,#3101);
#2782=AXIS2_PLACEMENT_3D('',#3776,#3103,#3104);
#2783=AXIS2_PLACEMENT_3D('',#3777,#3105,#3106);
#2784=AXIS2_PLACEMENT_3D('',#3781,#3109,#3110);
#2785=AXIS2_PLACEMENT_3D('',#3785,#3113,#3114);
#2786=AXIS2_PLACEMENT_3D('',#3789,#3117,#3118);
#2787=AXIS2_PLACEMENT_3D('',#3793,#3120,#3121);
#2788=AXIS2_PLACEMENT_3D('',#3798,#3124,#3125);
#2789=AXIS2_PLACEMENT_3D('',#3799,#3126,#3127);
#2790=AXIS2_PLACEMENT_3D('',#3801,#3128,#3129);
#2791=AXIS2_PLACEMENT_3D('',#3809,#3133,#3134);
#2792=AXIS2_PLACEMENT_3D('',#3810,#3135,#3136);
#2793=AXIS2_PLACEMENT_3D('',#3814,#3138,#3139);
#2794=AXIS2_PLACEMENT_3D('',#3815,#3140,#3141);
#2795=AXIS2_PLACEMENT_3D('',#3819,#3143,#3144);
#2796=AXIS2_PLACEMENT_3D('',#3823,#3146,#3147);
#2797=AXIS2_PLACEMENT_3D('',#3829,#3151,#3152);
#2798=AXIS2_PLACEMENT_3D('',#3830,#3153,#3154);
#2799=AXIS2_PLACEMENT_3D('',#3831,#3155,#3156);
#2800=AXIS2_PLACEMENT_3D('',#3832,#3157,#3158);
#2801=AXIS2_PLACEMENT_3D('',#3833,#3159,#3160);
#2802=AXIS2_PLACEMENT_3D('',#3838,#3163,#3164);
#2803=AXIS2_PLACEMENT_3D('',#3844,#3168,#3169);
#2804=AXIS2_PLACEMENT_3D('',#3845,#3170,#3171);
#2805=AXIS2_PLACEMENT_3D('',#3848,#3173,#3174);
#2806=AXIS2_PLACEMENT_3D('',#3852,#3177,#3178);
#2807=AXIS2_PLACEMENT_3D('',#3853,#3179,#3180);
#2808=AXIS2_PLACEMENT_3D('',#3854,#3181,#3182);
#2809=AXIS2_PLACEMENT_3D('',#3857,#3185,#3186);
#2810=AXIS2_PLACEMENT_3D('',#3859,#3188,#3189);
#2811=AXIS2_PLACEMENT_3D('',#3861,#3191,#3192);
#2812=AXIS2_PLACEMENT_3D('',#3862,#3193,#3194);
#2813=AXIS2_PLACEMENT_3D('',#3863,#3195,#3196);
#2814=AXIS2_PLACEMENT_3D('',#3865,#3197,#3198);
#2815=AXIS2_PLACEMENT_3D('',#3866,#3199,#3200);
#2816=AXIS2_PLACEMENT_3D('',#3867,#3201,#3202);
#2817=AXIS2_PLACEMENT_3D('',#3868,#3203,#3204);
#2818=AXIS2_PLACEMENT_3D('',#3875,#3209,#3210);
#2819=AXIS2_PLACEMENT_3D('',#3879,#3213,#3214);
#2820=AXIS2_PLACEMENT_3D('',#3880,#3215,#3216);
#2821=AXIS2_PLACEMENT_3D('',#3881,#3217,#3218);
#2822=AXIS2_PLACEMENT_3D('',#3885,#3221,#3222);
#2823=AXIS2_PLACEMENT_3D('',#3888,#3224,#3225);
#2824=AXIS2_PLACEMENT_3D('',#3890,#3227,#3228);
#2825=AXIS2_PLACEMENT_3D('',#3891,#3229,#3230);
#2826=AXIS2_PLACEMENT_3D('',#3892,#3231,#3232);
#2827=AXIS2_PLACEMENT_3D('',#3893,#3233,#3234);
#2828=AXIS2_PLACEMENT_3D('',#3894,#3235,#3236);
#2829=AXIS2_PLACEMENT_3D('',#3907,#3244,#3245);
#2830=AXIS2_PLACEMENT_3D('',#3912,#3248,#3249);
#2831=AXIS2_PLACEMENT_3D('',#3913,#3250,#3251);
#2832=AXIS2_PLACEMENT_3D('',#3918,#3254,#3255);
#2833=AXIS2_PLACEMENT_3D('',#3919,#3256,#3257);
#2834=AXIS2_PLACEMENT_3D('',#3957,#3259,#3260);
#2835=AXIS2_PLACEMENT_3D('',#3958,#3261,#3262);
#2836=AXIS2_PLACEMENT_3D('',#3959,#3263,#3264);
#2837=AXIS2_PLACEMENT_3D('',#3960,#3265,#3266);
#2838=AXIS2_PLACEMENT_3D('',#3961,#3267,#3268);
#2839=AXIS2_PLACEMENT_3D('',#3965,#3271,#3272);
#2840=AXIS2_PLACEMENT_3D('',#3969,#3275,#3276);
#2841=AXIS2_PLACEMENT_3D('',#3971,#3278,#3279);
#2842=AXIS2_PLACEMENT_3D('',#3972,#3280,#3281);
#2843=AXIS2_PLACEMENT_3D('',#3978,#3285,#3286);
#2844=AXIS2_PLACEMENT_3D('',#3980,#3288,#3289);
#2845=AXIS2_PLACEMENT_3D('',#3982,#3291,#3292);
#2846=AXIS2_PLACEMENT_3D('',#3983,#3293,#3294);
#2847=AXIS2_PLACEMENT_3D('',#3984,#3295,#3296);
#2848=AXIS2_PLACEMENT_3D('',#3986,#3297,#3298);
#2849=AXIS2_PLACEMENT_3D('',#3987,#3299,#3300);
#2850=AXIS2_PLACEMENT_3D('',#3989,#3301,#3302);
#2851=AXIS2_PLACEMENT_3D('',#3990,#3303,#3304);
#2852=AXIS2_PLACEMENT_3D('',#3993,#3305,#3306);
#2853=AXIS2_PLACEMENT_3D('',#3994,#3307,#3308);
#2854=AXIS2_PLACEMENT_3D('',#3996,#3309,#3310);
#2855=AXIS2_PLACEMENT_3D('',#3997,#3311,#3312);
#2856=AXIS2_PLACEMENT_3D('',#3999,#3313,#3314);
#2857=AXIS2_PLACEMENT_3D('',#4000,#3315,#3316);
#2858=AXIS2_PLACEMENT_3D('',#4003,#3318,#3319);
#2859=AXIS2_PLACEMENT_3D('',#4006,#3321,#3322);
#2860=AXIS2_PLACEMENT_3D('',#4010,#3325,#3326);
#2861=AXIS2_PLACEMENT_3D('',#4013,#3328,#3329);
#2862=AXIS2_PLACEMENT_3D('',#4014,#3330,#3331);
#2863=AXIS2_PLACEMENT_3D('',#4016,#3333,#3334);
#2864=AXIS2_PLACEMENT_3D('',#4017,#3335,#3336);
#2865=AXIS2_PLACEMENT_3D('',#4020,#3338,#3339);
#2866=AXIS2_PLACEMENT_3D('',#4023,#3341,#3342);
#2867=AXIS2_PLACEMENT_3D('',#4024,#3343,#3344);
#2868=AXIS2_PLACEMENT_3D('',#4027,#3346,#3347);
#2869=AXIS2_PLACEMENT_3D('',#4028,#3348,#3349);
#2870=AXIS2_PLACEMENT_3D('',#4031,#3351,#3352);
#2871=AXIS2_PLACEMENT_3D('',#4035,#3355,#3356);
#2872=AXIS2_PLACEMENT_3D('',#4036,#3357,#3358);
#2873=AXIS2_PLACEMENT_3D('',#4039,#3360,#3361);
#2874=AXIS2_PLACEMENT_3D('',#4043,#3364,#3365);
#2875=AXIS2_PLACEMENT_3D('',#4047,#3368,#3369);
#2876=AXIS2_PLACEMENT_3D('',#4051,#3372,#3373);
#2877=AXIS2_PLACEMENT_3D('',#4052,#3374,#3375);
#2878=AXIS2_PLACEMENT_3D('',#4055,#3377,#3378);
#2879=AXIS2_PLACEMENT_3D('',#4059,#3381,#3382);
#2880=AXIS2_PLACEMENT_3D('',#4060,#3383,#3384);
#2881=AXIS2_PLACEMENT_3D('',#4063,#3386,#3387);
#2882=AXIS2_PLACEMENT_3D('',#4064,#3388,#3389);
#2883=AXIS2_PLACEMENT_3D('',#4065,#3390,#3391);
#2884=AXIS2_PLACEMENT_3D('',#4066,#3392,#3393);
#2885=AXIS2_PLACEMENT_3D('',#4072,#3394,#3395);
#2886=AXIS2_PLACEMENT_3D('',#4078,#3396,#3397);
#2887=AXIS2_PLACEMENT_3D('',#4079,#3398,#3399);
#2888=AXIS2_PLACEMENT_3D('',#4080,#3400,#3401);
#2889=AXIS2_PLACEMENT_3D('',#4086,#3402,#3403);
#2890=AXIS2_PLACEMENT_3D('',#4092,#3404,#3405);
#2891=AXIS2_PLACEMENT_3D('',#4101,#3406,#3407);
#2892=AXIS2_PLACEMENT_3D('',#4107,#3408,#3409);
#2893=AXIS2_PLACEMENT_3D('',#4113,#3410,#3411);
#2894=AXIS2_PLACEMENT_3D('',#4114,#3412,#3413);
#2895=AXIS2_PLACEMENT_3D('',#4115,#3414,#3415);
#2896=AXIS2_PLACEMENT_3D('',#4121,#3416,#3417);
#2897=AXIS2_PLACEMENT_3D('',#4127,#3418,#3419);
#2898=AXIS2_PLACEMENT_3D('',#4136,#3420,#3421);
#2899=AXIS2_PLACEMENT_3D('',#4137,#3422,#3423);
#2900=AXIS2_PLACEMENT_3D('',#4139,#3424,#3425);
#2901=AXIS2_PLACEMENT_3D('',#4140,#3426,#3427);
#2902=AXIS2_PLACEMENT_3D('',#4142,#3428,#3429);
#2903=AXIS2_PLACEMENT_3D('',#4143,#3430,#3431);
#2904=AXIS2_PLACEMENT_3D('',#4145,#3432,#3433);
#2905=AXIS2_PLACEMENT_3D('',#4146,#3434,#3435);
#2906=AXIS2_PLACEMENT_3D('',#4148,#3436,#3437);
#2907=AXIS2_PLACEMENT_3D('',#4149,#3438,#3439);
#2908=AXIS2_PLACEMENT_3D('',#4151,#3440,#3441);
#2909=AXIS2_PLACEMENT_3D('',#4152,#3442,#3443);
#2910=AXIS2_PLACEMENT_3D('',#4154,#3444,#3445);
#2911=AXIS2_PLACEMENT_3D('',#4155,#3446,#3447);
#2912=AXIS2_PLACEMENT_3D('',#4157,#3448,#3449);
#2913=AXIS2_PLACEMENT_3D('',#4158,#3450,#3451);
#2914=AXIS2_PLACEMENT_3D('',#4160,#3452,#3453);
#2915=AXIS2_PLACEMENT_3D('',#4161,#3454,#3455);
#2916=AXIS2_PLACEMENT_3D('',#4163,#3456,#3457);
#2917=AXIS2_PLACEMENT_3D('',#4164,#3458,#3459);
#2918=AXIS2_PLACEMENT_3D('',#4166,#3460,#3461);
#2919=AXIS2_PLACEMENT_3D('',#4167,#3462,#3463);
#2920=AXIS2_PLACEMENT_3D('',#4169,#3464,#3465);
#2921=AXIS2_PLACEMENT_3D('',#4170,#3466,#3467);
#2922=AXIS2_PLACEMENT_3D('',#4172,#3468,#3469);
#2923=AXIS2_PLACEMENT_3D('',#4173,#3470,#3471);
#2924=AXIS2_PLACEMENT_3D('',#4175,#3472,#3473);
#2925=AXIS2_PLACEMENT_3D('',#4177,#3474,#3475);
#2926=AXIS2_PLACEMENT_3D('',#4179,#3476,#3477);
#2927=AXIS2_PLACEMENT_3D('',#4181,#3478,#3479);
#2928=AXIS2_PLACEMENT_3D('',#4182,#3480,#3481);
#2929=AXIS2_PLACEMENT_3D('',#4183,#3482,#3483);
#2930=AXIS2_PLACEMENT_3D('',#4184,#3484,#3485);
#2931=AXIS2_PLACEMENT_3D('',#4185,#3486,#3487);
#2932=AXIS2_PLACEMENT_3D('',#4186,#3488,#3489);
#2933=AXIS2_PLACEMENT_3D('',#4187,#3490,#3491);
#2934=AXIS2_PLACEMENT_3D('',#4188,#3492,#3493);
#2935=AXIS2_PLACEMENT_3D('',#4190,#3494,#3495);
#2936=AXIS2_PLACEMENT_3D('',#4191,#3496,#3497);
#2937=AXIS2_PLACEMENT_3D('',#4192,#3498,#3499);
#2938=AXIS2_PLACEMENT_3D('',#4194,#3500,#3501);
#2939=AXIS2_PLACEMENT_3D('',#4195,#3502,#3503);
#2940=AXIS2_PLACEMENT_3D('',#4196,#3504,#3505);
#2941=AXIS2_PLACEMENT_3D('',#4198,#3506,#3507);
#2942=AXIS2_PLACEMENT_3D('',#4199,#3508,#3509);
#2943=AXIS2_PLACEMENT_3D('',#4200,#3510,#3511);
#2944=AXIS2_PLACEMENT_3D('',#4202,#3512,#3513);
#2945=DIRECTION('',(0.,0.,1.));
#2946=DIRECTION('',(1.,0.,0.));
#2947=DIRECTION('',(1.,0.,0.));
#2948=DIRECTION('',(0.,0.,-1.));
#2949=DIRECTION('',(0.,0.,1.));
#2950=DIRECTION('',(0.,-1.,0.));
#2951=DIRECTION('',(0.,-1.,0.));
#2952=DIRECTION('',(0.,-1.,0.));
#2953=DIRECTION('',(0.,-1.,0.));
#2954=DIRECTION('',(0.,-1.,0.));
#2955=DIRECTION('',(0.,0.,-1.));
#2956=DIRECTION('',(0.,-1.,0.));
#2957=DIRECTION('',(0.,1.,0.));
#2958=DIRECTION('',(0.,-1.,0.));
#2959=DIRECTION('',(0.,1.,0.));
#2960=DIRECTION('',(0.,-1.,0.));
#2961=DIRECTION('',(0.,0.,1.));
#2962=DIRECTION('',(1.,0.,0.));
#2963=DIRECTION('',(0.,-1.,0.));
#2964=DIRECTION('',(0.,0.,1.));
#2965=DIRECTION('',(1.,0.,0.));
#2966=DIRECTION('',(0.,0.,1.));
#2967=DIRECTION('',(1.,0.,0.));
#2968=DIRECTION('',(0.,0.,1.));
#2969=DIRECTION('',(1.,0.,0.));
#2970=DIRECTION('',(0.,0.,1.));
#2971=DIRECTION('',(1.,0.,0.));
#2972=DIRECTION('',(0.,1.,0.));
#2973=DIRECTION('',(0.,0.,1.));
#2974=DIRECTION('',(1.,0.,0.));
#2975=DIRECTION('',(0.,-1.,0.));
#2976=DIRECTION('',(-1.,0.,6.03382078600629E-16));
#2977=DIRECTION('',(0.,-1.,0.));
#2978=DIRECTION('',(0.,0.,1.));
#2979=DIRECTION('',(1.,0.,0.));
#2980=DIRECTION('',(0.,-1.,0.));
#2981=DIRECTION('',(-1.,0.,0.));
#2982=DIRECTION('',(0.,1.,0.));
#2983=DIRECTION('',(-1.,0.,0.));
#2984=DIRECTION('',(0.,-1.,0.));
#2985=DIRECTION('',(-1.,0.,0.));
#2986=DIRECTION('',(0.,-1.,0.));
#2987=DIRECTION('',(0.,0.,1.));
#2988=DIRECTION('',(1.,0.,0.));
#2989=DIRECTION('',(0.,0.,1.));
#2990=DIRECTION('',(1.,0.,0.));
#2991=DIRECTION('',(0.,0.,1.));
#2992=DIRECTION('',(1.,0.,0.));
#2993=DIRECTION('',(0.,-1.,0.));
#2994=DIRECTION('',(0.,0.,1.));
#2995=DIRECTION('',(1.,0.,0.));
#2996=DIRECTION('',(0.,0.,1.));
#2997=DIRECTION('',(1.,0.,0.));
#2998=DIRECTION('',(0.,-1.,0.));
#2999=DIRECTION('',(0.,0.,1.));
#3000=DIRECTION('',(1.,0.,0.));
#3001=DIRECTION('',(0.,1.,0.));
#3002=DIRECTION('',(0.,0.,1.));
#3003=DIRECTION('',(1.,0.,0.));
#3004=DIRECTION('',(0.,-1.,0.));
#3005=DIRECTION('',(0.,0.,1.));
#3006=DIRECTION('',(1.,0.,0.));
#3007=DIRECTION('',(0.,-1.,0.));
#3008=DIRECTION('',(1.,0.,0.));
#3009=DIRECTION('',(0.,0.,1.));
#3010=DIRECTION('',(1.,0.,0.));
#3011=DIRECTION('',(0.,-1.,0.));
#3012=DIRECTION('',(-1.,0.,0.));
#3013=DIRECTION('',(0.,-1.,0.));
#3014=DIRECTION('',(-1.,0.,0.));
#3015=DIRECTION('',(0.,1.,0.));
#3016=DIRECTION('',(-1.,0.,0.));
#3017=DIRECTION('',(0.,0.,1.));
#3018=DIRECTION('',(1.,0.,0.));
#3019=DIRECTION('',(0.,0.,1.));
#3020=DIRECTION('',(1.,0.,0.));
#3021=DIRECTION('',(0.,0.,1.));
#3022=DIRECTION('',(1.,0.,0.));
#3023=DIRECTION('',(0.,0.,1.));
#3024=DIRECTION('',(1.,0.,0.));
#3025=DIRECTION('',(0.,-1.,0.));
#3026=DIRECTION('',(0.,0.,1.));
#3027=DIRECTION('',(1.,0.,0.));
#3028=DIRECTION('',(-1.,0.,0.));
#3029=DIRECTION('',(0.,1.,0.));
#3030=DIRECTION('',(1.,0.,0.));
#3031=DIRECTION('',(0.,0.,1.));
#3032=DIRECTION('',(1.,0.,0.));
#3033=DIRECTION('',(0.,-1.,0.));
#3034=DIRECTION('',(0.,0.,1.));
#3035=DIRECTION('',(1.,0.,0.));
#3036=DIRECTION('',(-1.,0.,0.));
#3037=DIRECTION('',(0.,0.,1.));
#3038=DIRECTION('',(-0.707106781186547,-0.707106781186547,0.));
#3039=DIRECTION('',(-0.707106781186547,0.707106781186547,0.));
#3040=DIRECTION('',(0.707106781186547,0.,-0.707106781186547));
#3041=DIRECTION('',(-0.707106781186547,0.,-0.707106781186547));
#3042=DIRECTION('',(-1.,0.,0.));
#3043=DIRECTION('',(1.,0.,0.));
#3044=DIRECTION('',(0.,0.,-1.));
#3045=DIRECTION('',(-1.,0.,0.));
#3046=DIRECTION('',(0.,0.,1.));
#3047=DIRECTION('',(1.,0.,0.));
#3048=DIRECTION('',(0.,0.,-1.));
#3049=DIRECTION('',(-1.,0.,0.));
#3050=DIRECTION('',(1.,0.,0.));
#3051=DIRECTION('',(0.,0.,-1.));
#3052=DIRECTION('',(1.,0.,0.));
#3053=DIRECTION('',(0.,0.,-1.));
#3054=DIRECTION('',(-1.,0.,0.));
#3055=DIRECTION('',(0.,0.,1.));
#3056=DIRECTION('',(-0.707106781186547,0.,-0.707106781186547));
#3057=DIRECTION('',(0.707106781186547,0.,-0.707106781186547));
#3058=DIRECTION('',(-0.707106781186547,-0.707106781186547,0.));
#3059=DIRECTION('',(-0.707106781186547,0.707106781186547,0.));
#3060=DIRECTION('',(1.,0.,0.));
#3061=DIRECTION('',(0.,0.,-1.));
#3062=DIRECTION('',(-1.,0.,0.));
#3063=DIRECTION('',(-1.,0.,0.));
#3064=DIRECTION('',(0.,0.,1.));
#3065=DIRECTION('',(1.,0.,0.));
#3066=DIRECTION('',(0.,0.,-1.));
#3067=DIRECTION('',(1.,0.,0.));
#3068=DIRECTION('',(0.,0.,-1.));
#3069=DIRECTION('',(1.,0.,0.));
#3070=DIRECTION('',(0.,0.,-1.));
#3071=DIRECTION('',(-1.,0.,0.));
#3072=DIRECTION('',(1.,0.,0.));
#3073=DIRECTION('',(0.,0.,-1.));
#3074=DIRECTION('',(0.,0.,-1.));
#3075=DIRECTION('',(0.,1.,0.));
#3076=DIRECTION('',(0.,0.,-1.));
#3077=DIRECTION('',(1.,0.,0.));
#3078=DIRECTION('',(0.,0.,-1.));
#3079=DIRECTION('',(1.,0.,0.));
#3080=DIRECTION('',(0.,0.,-1.));
#3081=DIRECTION('',(0.,-1.,0.));
#3082=DIRECTION('',(0.,0.,-1.));
#3083=DIRECTION('',(1.,0.,0.));
#3084=DIRECTION('',(0.,0.,-1.));
#3085=DIRECTION('',(0.,0.,-1.));
#3086=DIRECTION('',(-1.,0.,0.));
#3087=DIRECTION('',(0.,0.,1.));
#3088=DIRECTION('',(-1.,0.,0.));
#3089=DIRECTION('',(-1.,0.,0.));
#3090=DIRECTION('',(0.,0.,-1.));
#3091=DIRECTION('',(-1.,0.,0.));
#3092=DIRECTION('',(0.,0.,1.));
#3093=DIRECTION('',(1.,0.,0.));
#3094=DIRECTION('',(0.,0.,-1.));
#3095=DIRECTION('',(-1.,0.,0.));
#3096=DIRECTION('',(0.,0.,1.));
#3097=DIRECTION('',(1.,0.,0.));
#3098=DIRECTION('',(0.,0.,-1.));
#3099=DIRECTION('',(-1.,0.,0.));
#3100=DIRECTION('',(0.,0.707106781186547,-0.707106781186547));
#3101=DIRECTION('',(0.,-0.707106781186547,-0.707106781186547));
#3102=DIRECTION('',(0.,0.,-1.));
#3103=DIRECTION('',(0.,-0.707106781186547,-0.707106781186547));
#3104=DIRECTION('',(0.,0.707106781186547,-0.707106781186547));
#3105=DIRECTION('',(1.,0.,0.));
#3106=DIRECTION('',(0.,0.,-1.));
#3107=DIRECTION('',(0.,0.,1.));
#3108=DIRECTION('',(0.,-1.,0.));
#3109=DIRECTION('',(1.,0.,0.));
#3110=DIRECTION('',(0.,0.,-1.));
#3111=DIRECTION('',(0.,0.,1.));
#3112=DIRECTION('',(0.,-1.,0.));
#3113=DIRECTION('',(-1.,0.,0.));
#3114=DIRECTION('',(0.,0.,1.));
#3115=DIRECTION('',(0.,-1.,0.));
#3116=DIRECTION('',(0.,0.,1.));
#3117=DIRECTION('',(0.,-1.,0.));
#3118=DIRECTION('',(0.,0.,-1.));
#3119=DIRECTION('',(-1.,0.,0.));
#3120=DIRECTION('',(0.,1.,0.));
#3121=DIRECTION('',(1.,0.,0.));
#3122=DIRECTION('',(-1.,0.,0.));
#3123=DIRECTION('',(0.,0.,-1.));
#3124=DIRECTION('',(0.,1.,0.));
#3125=DIRECTION('',(0.,0.,1.));
#3126=DIRECTION('',(0.,1.,0.));
#3127=DIRECTION('',(0.,0.,1.));
#3128=DIRECTION('',(0.,1.,0.));
#3129=DIRECTION('',(1.,0.,0.));
#3130=DIRECTION('',(1.,0.,0.));
#3131=DIRECTION('',(0.,0.,-1.));
#3132=DIRECTION('',(1.,0.,0.));
#3133=DIRECTION('',(0.,0.,-1.));
#3134=DIRECTION('',(-1.,0.,0.));
#3135=DIRECTION('',(0.,0.,1.));
#3136=DIRECTION('',(1.,0.,0.));
#3137=DIRECTION('',(0.,0.,-1.));
#3138=DIRECTION('',(0.,0.,1.));
#3139=DIRECTION('',(1.,0.,0.));
#3140=DIRECTION('',(-0.999847695156391,0.0174524064372835,0.));
#3141=DIRECTION('',(-0.0174524064372835,-0.999847695156391,0.));
#3142=DIRECTION('',(0.0174524064372835,0.999847695156391,0.));
#3143=DIRECTION('',(-0.999847695156391,0.0174524064372835,0.));
#3144=DIRECTION('',(-0.0174524064372835,-0.999847695156391,0.));
#3145=DIRECTION('',(-0.0174524064372835,-0.999847695156391,0.));
#3146=DIRECTION('',(-0.999847695156391,0.0174524064372835,0.));
#3147=DIRECTION('',(-0.0174524064372835,-0.999847695156391,0.));
#3148=DIRECTION('',(0.0174524064372835,0.999847695156391,0.));
#3149=DIRECTION('',(0.,0.,-1.));
#3150=DIRECTION('',(0.0174524064372835,0.999847695156391,0.));
#3151=DIRECTION('',(0.,0.,-1.));
#3152=DIRECTION('',(-1.,0.,0.));
#3153=DIRECTION('',(0.,0.,1.));
#3154=DIRECTION('',(1.,0.,0.));
#3155=DIRECTION('',(0.,0.,1.));
#3156=DIRECTION('',(1.,0.,0.));
#3157=DIRECTION('',(0.,-1.,0.));
#3158=DIRECTION('',(0.,0.,-1.));
#3159=DIRECTION('',(0.,1.,0.));
#3160=DIRECTION('',(1.,0.,0.));
#3161=DIRECTION('',(0.,-1.,0.));
#3162=DIRECTION('',(0.,-1.,0.));
#3163=DIRECTION('',(0.999847695156391,0.,0.0174524064372835));
#3164=DIRECTION('',(-0.0174524064372835,0.,0.999847695156391));
#3165=DIRECTION('',(0.,-1.,0.));
#3166=DIRECTION('',(0.0174524064372835,0.,-0.999847695156391));
#3167=DIRECTION('',(0.0174524064372835,0.,-0.999847695156391));
#3168=DIRECTION('',(0.,0.,1.));
#3169=DIRECTION('',(1.,0.,0.));
#3170=DIRECTION('',(0.,0.,1.));
#3171=DIRECTION('',(1.,0.,0.));
#3172=DIRECTION('',(-0.0174524064372835,0.,-0.999847695156391));
#3173=DIRECTION('',(-0.999847695156391,0.,0.0174524064372835));
#3174=DIRECTION('',(0.0174524064372835,0.,0.999847695156391));
#3175=DIRECTION('',(0.,1.,0.));
#3176=DIRECTION('',(-0.0174524064372835,0.,-0.999847695156391));
#3177=DIRECTION('',(0.,0.,1.));
#3178=DIRECTION('',(1.,0.,0.));
#3179=DIRECTION('',(0.,0.,1.));
#3180=DIRECTION('',(1.,0.,0.));
#3181=DIRECTION('',(0.999847695156391,0.,-0.0174524064372835));
#3182=DIRECTION('',(-0.0174524064372835,0.,-0.999847695156391));
#3183=DIRECTION('',(0.0174524064372835,0.,0.999847695156391));
#3184=DIRECTION('',(0.0174524064372835,0.,0.999847695156391));
#3185=DIRECTION('',(0.,0.,-1.));
#3186=DIRECTION('',(1.,0.,0.));
#3187=DIRECTION('',(-0.0174524064372835,0.,0.999847695156391));
#3188=DIRECTION('',(-0.999847695156391,0.,-0.0174524064372835));
#3189=DIRECTION('',(0.0174524064372835,0.,-0.999847695156391));
#3190=DIRECTION('',(-0.0174524064372835,0.,0.999847695156391));
#3191=DIRECTION('',(0.,0.,-1.));
#3192=DIRECTION('',(1.,0.,0.));
#3193=DIRECTION('',(0.,0.,1.));
#3194=DIRECTION('',(1.,0.,0.));
#3195=DIRECTION('',(0.,0.,1.));
#3196=DIRECTION('',(1.,0.,0.));
#3197=DIRECTION('',(0.,0.,-1.));
#3198=DIRECTION('',(1.,0.,0.));
#3199=DIRECTION('',(0.,1.,0.));
#3200=DIRECTION('',(0.,0.,1.));
#3201=DIRECTION('',(0.,1.,0.));
#3202=DIRECTION('',(0.,0.,1.));
#3203=DIRECTION('',(0.,1.,0.));
#3204=DIRECTION('',(0.,0.,1.));
#3205=DIRECTION('',(0.,0.,-1.));
#3206=DIRECTION('',(-1.,0.,0.));
#3207=DIRECTION('',(-1.,0.,0.));
#3208=DIRECTION('',(0.,0.,1.));
#3209=DIRECTION('',(0.,0.,1.));
#3210=DIRECTION('',(1.,0.,0.));
#3211=DIRECTION('',(0.,1.,0.));
#3212=DIRECTION('',(-1.,0.,0.));
#3213=DIRECTION('',(0.,0.,1.));
#3214=DIRECTION('',(1.,0.,0.));
#3215=DIRECTION('',(0.,0.,1.));
#3216=DIRECTION('',(1.,0.,0.));
#3217=DIRECTION('',(0.,0.,1.));
#3218=DIRECTION('',(1.,0.,0.));
#3219=DIRECTION('',(-1.,0.,0.));
#3220=DIRECTION('',(0.,1.,0.));
#3221=DIRECTION('',(0.,0.,1.));
#3222=DIRECTION('',(1.,0.,0.));
#3223=DIRECTION('',(0.,-1.,0.));
#3224=DIRECTION('',(1.,0.,0.));
#3225=DIRECTION('',(0.,0.,-1.));
#3226=DIRECTION('',(0.,0.,-1.));
#3227=DIRECTION('',(0.,0.,-1.));
#3228=DIRECTION('',(-1.,0.,0.));
#3229=DIRECTION('',(0.,1.,0.));
#3230=DIRECTION('',(0.,0.,1.));
#3231=DIRECTION('',(0.,1.,0.));
#3232=DIRECTION('',(1.,0.,0.));
#3233=DIRECTION('',(0.,1.,0.));
#3234=DIRECTION('',(0.,0.,1.));
#3235=DIRECTION('',(0.,1.,0.));
#3236=DIRECTION('',(0.,0.,1.));
#3237=DIRECTION('',(0.,0.,-1.));
#3238=DIRECTION('',(0.,0.,1.));
#3239=DIRECTION('',(0.,0.,-1.));
#3240=DIRECTION('',(-1.,0.,0.));
#3241=DIRECTION('',(0.,0.,-1.));
#3242=DIRECTION('',(0.,0.,-1.));
#3243=DIRECTION('',(0.,0.,-1.));
#3244=DIRECTION('',(1.,0.,0.));
#3245=DIRECTION('',(0.,0.,-1.));
#3246=DIRECTION('',(0.,1.,0.));
#3247=DIRECTION('',(0.,0.,-1.));
#3248=DIRECTION('',(1.,0.,0.));
#3249=DIRECTION('',(0.,0.,-1.));
#3250=DIRECTION('',(1.,0.,0.));
#3251=DIRECTION('',(0.,0.,-1.));
#3252=DIRECTION('',(0.,0.,-1.));
#3253=DIRECTION('',(0.,-1.,0.));
#3254=DIRECTION('',(1.,0.,0.));
#3255=DIRECTION('',(0.,0.,-1.));
#3256=DIRECTION('',(-1.,0.,0.));
#3257=DIRECTION('',(0.,0.,1.));
#3258=DIRECTION('',(-1.,0.,0.));
#3259=DIRECTION('',(0.,0.,-1.));
#3260=DIRECTION('',(-1.,0.,0.));
#3261=DIRECTION('',(0.,0.,1.));
#3262=DIRECTION('',(1.,0.,0.));
#3263=DIRECTION('',(0.,0.,-1.));
#3264=DIRECTION('',(-1.,0.,0.));
#3265=DIRECTION('',(0.,0.,1.));
#3266=DIRECTION('',(1.,0.,0.));
#3267=DIRECTION('',(1.,0.,0.));
#3268=DIRECTION('',(0.,0.,-1.));
#3269=DIRECTION('',(0.,0.,-1.));
#3270=DIRECTION('',(0.,-1.,0.));
#3271=DIRECTION('',(-1.,0.,0.));
#3272=DIRECTION('',(0.,0.,1.));
#3273=DIRECTION('',(0.,1.,0.));
#3274=DIRECTION('',(0.,0.,-1.));
#3275=DIRECTION('',(0.,0.,1.));
#3276=DIRECTION('',(1.,0.,0.));
#3277=DIRECTION('',(1.,0.,0.));
#3278=DIRECTION('',(0.,1.,0.));
#3279=DIRECTION('',(0.,0.,1.));
#3280=DIRECTION('',(0.,1.,0.));
#3281=DIRECTION('',(0.,0.,1.));
#3282=DIRECTION('',(0.,0.,-1.));
#3283=DIRECTION('',(1.,0.,0.));
#3284=DIRECTION('',(0.,0.,-1.));
#3285=DIRECTION('',(1.,0.,0.));
#3286=DIRECTION('',(0.,0.,-1.));
#3287=DIRECTION('',(0.,-1.,0.));
#3288=DIRECTION('',(-1.,0.,0.));
#3289=DIRECTION('',(0.,0.,1.));
#3290=DIRECTION('',(0.,1.,0.));
#3291=DIRECTION('',(0.,0.,1.));
#3292=DIRECTION('',(1.,0.,0.));
#3293=DIRECTION('',(0.,-1.,0.));
#3294=DIRECTION('',(0.,0.,-1.));
#3295=DIRECTION('',(0.,-1.,0.));
#3296=DIRECTION('',(0.,0.,-1.));
#3297=DIRECTION('',(0.,1.,0.));
#3298=DIRECTION('',(0.,0.,1.));
#3299=DIRECTION('',(0.,1.,0.));
#3300=DIRECTION('',(0.,0.,1.));
#3301=DIRECTION('',(0.,1.,0.));
#3302=DIRECTION('',(0.,0.,1.));
#3303=DIRECTION('',(0.,-1.,0.));
#3304=DIRECTION('',(0.,0.,-1.));
#3305=DIRECTION('',(0.,-1.,0.));
#3306=DIRECTION('',(0.,0.,-1.));
#3307=DIRECTION('',(0.,-1.,0.));
#3308=DIRECTION('',(0.,0.,-1.));
#3309=DIRECTION('',(0.,-1.,0.));
#3310=DIRECTION('',(0.,0.,-1.));
#3311=DIRECTION('',(0.,-1.,0.));
#3312=DIRECTION('',(0.,0.,-1.));
#3313=DIRECTION('',(0.,-1.,0.));
#3314=DIRECTION('',(0.,0.,-1.));
#3315=DIRECTION('',(0.999847695156391,-0.0174524064372835,0.));
#3316=DIRECTION('',(0.0174524064372835,0.999847695156391,0.));
#3317=DIRECTION('',(0.999847695156391,-0.0174524064372835,0.));
#3318=DIRECTION('',(0.999847695156391,-0.0174524064372835,0.));
#3319=DIRECTION('',(0.,0.,-1.));
#3320=DIRECTION('',(0.999847695156391,-0.0174524064372835,0.));
#3321=DIRECTION('',(0.,0.,1.));
#3322=DIRECTION('',(1.,0.,0.));
#3323=DIRECTION('',(0.999847695156391,-0.0174524064372835,0.));
#3324=DIRECTION('',(-0.0174524064372835,-0.999847695156391,0.));
#3325=DIRECTION('',(0.999847695156391,-0.0174524064372835,0.));
#3326=DIRECTION('',(0.0174524064372835,0.999847695156391,0.));
#3327=DIRECTION('',(0.999847695156391,-0.0174524064372835,0.));
#3328=DIRECTION('',(0.999847695156391,-0.0174524064372835,0.));
#3329=DIRECTION('',(0.,0.,-1.));
#3330=DIRECTION('',(0.,0.,-1.));
#3331=DIRECTION('',(-1.,0.,0.));
#3332=DIRECTION('',(0.0174524064372835,0.999847695156391,0.));
#3333=DIRECTION('',(0.999847695156391,-0.0174524064372835,0.));
#3334=DIRECTION('',(0.0174524064372835,0.999847695156391,0.));
#3335=DIRECTION('',(0.,0.,1.));
#3336=DIRECTION('',(1.,0.,0.));
#3337=DIRECTION('',(0.,0.,1.));
#3338=DIRECTION('',(0.,0.,1.));
#3339=DIRECTION('',(1.,0.,0.));
#3340=DIRECTION('',(0.,0.,1.));
#3341=DIRECTION('',(0.,0.,1.));
#3342=DIRECTION('',(1.,0.,0.));
#3343=DIRECTION('',(0.,0.,1.));
#3344=DIRECTION('',(1.,0.,0.));
#3345=DIRECTION('',(0.,0.,1.));
#3346=DIRECTION('',(0.,0.,1.));
#3347=DIRECTION('',(1.,0.,0.));
#3348=DIRECTION('',(0.,0.,1.));
#3349=DIRECTION('',(1.,0.,0.));
#3350=DIRECTION('',(0.,0.,1.));
#3351=DIRECTION('',(-1.,0.,0.));
#3352=DIRECTION('',(0.,0.,1.));
#3353=DIRECTION('',(0.,-1.,0.));
#3354=DIRECTION('',(0.,0.,1.));
#3355=DIRECTION('',(0.,0.,1.));
#3356=DIRECTION('',(1.,0.,0.));
#3357=DIRECTION('',(0.,0.,1.));
#3358=DIRECTION('',(1.,0.,0.));
#3359=DIRECTION('',(0.,0.,1.));
#3360=DIRECTION('',(0.,1.,0.));
#3361=DIRECTION('',(0.,0.,1.));
#3362=DIRECTION('',(-1.,0.,0.));
#3363=DIRECTION('',(0.,0.,1.));
#3364=DIRECTION('',(1.,0.,0.));
#3365=DIRECTION('',(0.,0.,-1.));
#3366=DIRECTION('',(0.,1.,0.));
#3367=DIRECTION('',(0.,0.,1.));
#3368=DIRECTION('',(0.,-1.,0.));
#3369=DIRECTION('',(0.,0.,-1.));
#3370=DIRECTION('',(1.,0.,0.));
#3371=DIRECTION('',(0.,0.,1.));
#3372=DIRECTION('',(0.,0.,1.));
#3373=DIRECTION('',(1.,0.,0.));
#3374=DIRECTION('',(0.,0.,1.));
#3375=DIRECTION('',(1.,0.,0.));
#3376=DIRECTION('',(0.,0.,1.));
#3377=DIRECTION('',(-1.,0.,0.));
#3378=DIRECTION('',(0.,0.,1.));
#3379=DIRECTION('',(0.,-1.,0.));
#3380=DIRECTION('',(0.,0.,1.));
#3381=DIRECTION('',(0.,0.,1.));
#3382=DIRECTION('',(1.,0.,0.));
#3383=DIRECTION('',(0.,0.,1.));
#3384=DIRECTION('',(1.,0.,0.));
#3385=DIRECTION('',(0.,0.,1.));
#3386=DIRECTION('',(0.,0.,1.));
#3387=DIRECTION('',(1.,0.,0.));
#3388=DIRECTION('',(0.,0.,1.));
#3389=DIRECTION('',(1.,0.,0.));
#3390=DIRECTION('',(0.,0.,1.));
#3391=DIRECTION('',(1.,0.,0.));
#3392=DIRECTION('',(0.,0.,1.));
#3393=DIRECTION('',(1.,0.,0.));
#3394=DIRECTION('',(0.,0.,1.));
#3395=DIRECTION('',(1.,0.,0.));
#3396=DIRECTION('',(0.,0.,1.));
#3397=DIRECTION('',(1.,0.,0.));
#3398=DIRECTION('',(0.,0.,1.));
#3399=DIRECTION('',(1.,0.,0.));
#3400=DIRECTION('',(0.,0.,-1.));
#3401=DIRECTION('',(-1.,0.,0.));
#3402=DIRECTION('',(0.,0.,1.));
#3403=DIRECTION('',(1.,0.,0.));
#3404=DIRECTION('',(0.,0.,1.));
#3405=DIRECTION('',(1.,0.,0.));
#3406=DIRECTION('',(0.,0.,-1.));
#3407=DIRECTION('',(-1.,0.,0.));
#3408=DIRECTION('',(0.,0.,1.));
#3409=DIRECTION('',(1.,0.,0.));
#3410=DIRECTION('',(0.,0.,-1.));
#3411=DIRECTION('',(-1.,0.,0.));
#3412=DIRECTION('',(0.,0.,1.));
#3413=DIRECTION('',(1.,0.,0.));
#3414=DIRECTION('',(0.,0.,1.));
#3415=DIRECTION('',(1.,0.,0.));
#3416=DIRECTION('',(0.,0.,1.));
#3417=DIRECTION('',(1.,0.,0.));
#3418=DIRECTION('',(0.,0.,1.));
#3419=DIRECTION('',(1.,0.,0.));
#3420=DIRECTION('',(0.,-1.,0.));
#3421=DIRECTION('',(0.,0.,-1.));
#3422=DIRECTION('',(0.,-1.,0.));
#3423=DIRECTION('',(0.,0.,-1.));
#3424=DIRECTION('',(0.,-1.,0.));
#3425=DIRECTION('',(0.,0.,-1.));
#3426=DIRECTION('',(0.,-1.,0.));
#3427=DIRECTION('',(0.,0.,-1.));
#3428=DIRECTION('',(0.,-1.,0.));
#3429=DIRECTION('',(0.,0.,-1.));
#3430=DIRECTION('',(0.,-1.,0.));
#3431=DIRECTION('',(0.,0.,-1.));
#3432=DIRECTION('',(0.,1.,0.));
#3433=DIRECTION('',(0.,0.,1.));
#3434=DIRECTION('',(0.,-1.,0.));
#3435=DIRECTION('',(0.,0.,-1.));
#3436=DIRECTION('',(0.,-1.,0.));
#3437=DIRECTION('',(0.,0.,-1.));
#3438=DIRECTION('',(0.,-1.,0.));
#3439=DIRECTION('',(0.,0.,-1.));
#3440=DIRECTION('',(0.,-1.,0.));
#3441=DIRECTION('',(0.,0.,-1.));
#3442=DIRECTION('',(0.,-1.,0.));
#3443=DIRECTION('',(0.,0.,-1.));
#3444=DIRECTION('',(0.,-1.,0.));
#3445=DIRECTION('',(0.,0.,-1.));
#3446=DIRECTION('',(0.,-1.,0.));
#3447=DIRECTION('',(0.,0.,-1.));
#3448=DIRECTION('',(0.,1.,0.));
#3449=DIRECTION('',(0.,0.,1.));
#3450=DIRECTION('',(0.,-1.,0.));
#3451=DIRECTION('',(0.,0.,-1.));
#3452=DIRECTION('',(0.,-1.,0.));
#3453=DIRECTION('',(0.,0.,-1.));
#3454=DIRECTION('',(0.,-1.,0.));
#3455=DIRECTION('',(0.,0.,-1.));
#3456=DIRECTION('',(0.,1.,0.));
#3457=DIRECTION('',(0.,0.,1.));
#3458=DIRECTION('',(0.,-1.,0.));
#3459=DIRECTION('',(0.,0.,-1.));
#3460=DIRECTION('',(0.,-1.,0.));
#3461=DIRECTION('',(0.,0.,-1.));
#3462=DIRECTION('',(0.,-1.,0.));
#3463=DIRECTION('',(0.,0.,-1.));
#3464=DIRECTION('',(0.,-1.,0.));
#3465=DIRECTION('',(0.,0.,-1.));
#3466=DIRECTION('',(0.,-1.,0.));
#3467=DIRECTION('',(0.,0.,-1.));
#3468=DIRECTION('',(0.,1.,0.));
#3469=DIRECTION('',(0.,0.,1.));
#3470=DIRECTION('',(0.,1.,0.));
#3471=DIRECTION('',(0.,0.,1.));
#3472=DIRECTION('',(0.,1.,0.));
#3473=DIRECTION('',(0.,0.,1.));
#3474=DIRECTION('',(0.,1.,0.));
#3475=DIRECTION('',(0.,0.,1.));
#3476=DIRECTION('',(0.,1.,0.));
#3477=DIRECTION('',(0.,0.,1.));
#3478=DIRECTION('',(0.,-1.,0.));
#3479=DIRECTION('',(0.,0.,-1.));
#3480=DIRECTION('',(0.,-1.,0.));
#3481=DIRECTION('',(0.,0.,-1.));
#3482=DIRECTION('',(0.,-1.,0.));
#3483=DIRECTION('',(0.,0.,-1.));
#3484=DIRECTION('',(0.,-1.,0.));
#3485=DIRECTION('',(0.,0.,-1.));
#3486=DIRECTION('',(0.,-1.,0.));
#3487=DIRECTION('',(0.,0.,-1.));
#3488=DIRECTION('',(0.,-1.,0.));
#3489=DIRECTION('',(0.,0.,-1.));
#3490=DIRECTION('',(0.,-1.,0.));
#3491=DIRECTION('',(0.,0.,-1.));
#3492=DIRECTION('',(0.,-1.,0.));
#3493=DIRECTION('',(0.,0.,-1.));
#3494=DIRECTION('',(0.,-1.,0.));
#3495=DIRECTION('',(0.,0.,1.));
#3496=DIRECTION('',(0.,-1.,0.));
#3497=DIRECTION('',(0.,0.,-1.));
#3498=DIRECTION('',(0.,-1.,0.));
#3499=DIRECTION('',(0.,0.,-1.));
#3500=DIRECTION('',(0.,-1.,0.));
#3501=DIRECTION('',(0.,0.,1.));
#3502=DIRECTION('',(0.,-1.,0.));
#3503=DIRECTION('',(0.,0.,-1.));
#3504=DIRECTION('',(0.,-1.,0.));
#3505=DIRECTION('',(0.,0.,-1.));
#3506=DIRECTION('',(0.,-1.,0.));
#3507=DIRECTION('',(0.,0.,1.));
#3508=DIRECTION('',(0.,-1.,0.));
#3509=DIRECTION('',(0.,0.,-1.));
#3510=DIRECTION('',(0.,-1.,0.));
#3511=DIRECTION('',(0.,0.,-1.));
#3512=DIRECTION('',(0.,-1.,0.));
#3513=DIRECTION('',(0.,0.,1.));
#3514=CARTESIAN_POINT('',(0.,0.,0.));
#3515=CARTESIAN_POINT('',(0.,33.85,6.));
#3516=CARTESIAN_POINT('',(0.,2.,6.));
#3517=CARTESIAN_POINT('',(0.,2.,-5.85));
#3518=CARTESIAN_POINT('',(2.71050543121376E-16,2.,5.85));
#3519=CARTESIAN_POINT('',(2.71050543121376E-16,40.,5.85));
#3520=CARTESIAN_POINT('',(2.71050543121376E-16,10.0826012761568,5.85));
#3521=CARTESIAN_POINT('',(0.,10.9780777864654,5.356));
#3522=CARTESIAN_POINT('',(0.,10.6771446275068,5.51580818169199));
#3523=CARTESIAN_POINT('',(0.,10.3787671998143,5.68070322886738));
#3524=CARTESIAN_POINT('',(0.,10.0826012761568,5.85));
#3525=CARTESIAN_POINT('',(0.,10.9780777864654,5.356));
#3526=CARTESIAN_POINT('',(0.,33.85,5.356));
#3527=CARTESIAN_POINT('',(0.,11.3808913907203,5.356));
#3528=CARTESIAN_POINT('',(0.,12.3986664983505,5.85));
#3529=CARTESIAN_POINT('',(0.,12.0562793887216,5.69306266509333));
#3530=CARTESIAN_POINT('',(0.,11.7171786705967,5.52800653257904));
#3531=CARTESIAN_POINT('',(0.,11.3808913907203,5.356));
#3532=CARTESIAN_POINT('',(2.71050543121376E-16,12.3986664983505,5.85));
#3533=CARTESIAN_POINT('',(2.71050543121376E-16,40.,5.85));
#3534=CARTESIAN_POINT('',(2.71050543121376E-16,25.6013335016495,5.85));
#3535=CARTESIAN_POINT('',(0.,26.6191086092797,5.356));
#3536=CARTESIAN_POINT('',(0.,26.2822178553062,5.52831520166394));
#3537=CARTESIAN_POINT('',(0.,25.9430759637702,5.69335814719249));
#3538=CARTESIAN_POINT('',(0.,25.6013335016495,5.85));
#3539=CARTESIAN_POINT('',(0.,26.6191086092797,5.356));
#3540=CARTESIAN_POINT('',(0.,33.85,5.356));
#3541=CARTESIAN_POINT('',(0.,27.0219222135346,5.356));
#3542=CARTESIAN_POINT('',(0.,27.9173987238432,5.85));
#3543=CARTESIAN_POINT('',(0.,27.6209533719773,5.68054349984499));
#3544=CARTESIAN_POINT('',(0.,27.3225580167196,5.5156502732526));
#3545=CARTESIAN_POINT('',(0.,27.0219222135346,5.356));
#3546=CARTESIAN_POINT('',(0.,27.9173987238432,5.85));
#3547=CARTESIAN_POINT('',(2.71050543121376E-16,40.,5.85));
#3548=CARTESIAN_POINT('',(2.71050543121376E-16,33.85,5.85));
#3549=CARTESIAN_POINT('',(0.,33.85,6.));
#3550=CARTESIAN_POINT('',(0.,33.85,-5.85));
#3551=CARTESIAN_POINT('',(0.,40.,-5.85));
#3552=CARTESIAN_POINT('',(0.,27.9173987238432,-5.85));
#3553=CARTESIAN_POINT('',(0.,27.0219222135346,-5.356));
#3554=CARTESIAN_POINT('',(0.,27.3228553724932,-5.51580818169199));
#3555=CARTESIAN_POINT('',(0.,27.6212328001857,-5.68070322886738));
#3556=CARTESIAN_POINT('',(0.,27.9173987238432,-5.85));
#3557=CARTESIAN_POINT('',(0.,27.0219222135346,-5.356));
#3558=CARTESIAN_POINT('',(0.,33.85,-5.356));
#3559=CARTESIAN_POINT('',(0.,26.6191086092797,-5.356));
#3560=CARTESIAN_POINT('',(0.,25.6013335016495,-5.85));
#3561=CARTESIAN_POINT('',(0.,25.9437206112784,-5.69306266509333));
#3562=CARTESIAN_POINT('',(0.,26.2828213294033,-5.52800653257904));
#3563=CARTESIAN_POINT('',(0.,26.6191086092797,-5.356));
#3564=CARTESIAN_POINT('',(0.,25.6013335016495,-5.85));
#3565=CARTESIAN_POINT('',(0.,40.,-5.85));
#3566=CARTESIAN_POINT('',(0.,12.3986664983505,-5.85));
#3567=CARTESIAN_POINT('',(0.,11.3808913907203,-5.356));
#3568=CARTESIAN_POINT('',(0.,11.7177821446938,-5.52831520166394));
#3569=CARTESIAN_POINT('',(0.,12.0569240362298,-5.69335814719249));
#3570=CARTESIAN_POINT('',(0.,12.3986664983505,-5.85));
#3571=CARTESIAN_POINT('',(0.,11.3808913907203,-5.356));
#3572=CARTESIAN_POINT('',(0.,33.85,-5.356));
#3573=CARTESIAN_POINT('',(0.,10.9780777864654,-5.356));
#3574=CARTESIAN_POINT('',(0.,10.082601276158,-5.84999999999931));
#3575=CARTESIAN_POINT('',(0.,10.3790466280235,-5.68054349984454));
#3576=CARTESIAN_POINT('',(0.,10.6774419832808,-5.51565027325238));
#3577=CARTESIAN_POINT('',(0.,10.9780777864654,-5.356));
#3578=CARTESIAN_POINT('',(0.,10.082601276158,-5.84999999999931));
#3579=CARTESIAN_POINT('',(0.,40.,-5.85));
#3580=CARTESIAN_POINT('',(0.150000000000018,33.85,6.));
#3581=CARTESIAN_POINT('',(0.15,40.,6.));
#3582=CARTESIAN_POINT('',(0.15,24.7500015859679,6.));
#3583=CARTESIAN_POINT('',(0.15,13.2499984140321,6.));
#3584=CARTESIAN_POINT('',(-12.8,19.,6.));
#3585=CARTESIAN_POINT('',(0.150000000000018,33.85,-6.));
#3586=CARTESIAN_POINT('',(2.6,30.4,-6.));
#3587=CARTESIAN_POINT('',(4.3047303895693,30.4,-6.));
#3588=CARTESIAN_POINT('',(2.6,7.5,-6.));
#3589=CARTESIAN_POINT('',(4.30473038956931,7.5,-6.));
#3590=CARTESIAN_POINT('',(0.895269610430695,7.5,-6.));
#3591=CARTESIAN_POINT('',(0.895269610430695,5.,-6.));
#3592=CARTESIAN_POINT('',(0.895269610430694,5.,-6.));
#3593=CARTESIAN_POINT('',(2.6,5.,-6.));
#3594=CARTESIAN_POINT('',(4.30473038956931,5.,-6.));
#3595=CARTESIAN_POINT('',(4.30473038956931,5.,-6.));
#3596=CARTESIAN_POINT('',(9.5,2.,-6.00000000000001));
#3597=CARTESIAN_POINT('',(16.5,2.,-6.));
#3598=CARTESIAN_POINT('',(0.15,2.,-6.));
#3599=CARTESIAN_POINT('',(0.15,40.,-6.));
#3600=CARTESIAN_POINT('',(0.149999999999999,10.035626067594,-6.));
#3601=CARTESIAN_POINT('',(-12.8,19.,-6.));
#3602=CARTESIAN_POINT('',(0.149999999999999,27.964373932406,-6.));
#3603=CARTESIAN_POINT('',(0.15,40.,-6.));
#3604=CARTESIAN_POINT('',(0.15,33.85,-6.));
#3605=CARTESIAN_POINT('',(17.,33.85,-6.00000000000001));
#3606=CARTESIAN_POINT('',(7.,33.85,-6.));
#3607=CARTESIAN_POINT('',(7.,33.85,-6.));
#3608=CARTESIAN_POINT('',(7.,32.,-6.));
#3609=CARTESIAN_POINT('',(0.150000000000018,32.,-6.));
#3610=CARTESIAN_POINT('',(13.6,32.,-6.));
#3611=CARTESIAN_POINT('',(13.6,33.85,-6.));
#3612=CARTESIAN_POINT('',(13.6,33.85,-6.00000000000001));
#3613=CARTESIAN_POINT('',(17.,33.85,-6.00000000000001));
#3614=CARTESIAN_POINT('',(17.,33.85,-6.00000000000001));
#3615=CARTESIAN_POINT('',(17.,34.,-6.));
#3616=CARTESIAN_POINT('',(17.,2.5,-6.));
#3617=CARTESIAN_POINT('',(16.5,2.5,-6.));
#3618=CARTESIAN_POINT('',(0.150000000000018,33.85,-6.));
#3619=CARTESIAN_POINT('',(-12.8,19.,-6.));
#3620=CARTESIAN_POINT('',(0.149999999999999,13.2499984140321,-6.));
#3621=CARTESIAN_POINT('',(0.149999999999999,24.7500015859679,-6.));
#3622=CARTESIAN_POINT('',(0.15,40.,-6.));
#3623=CARTESIAN_POINT('',(0.150000000000018,33.85,6.));
#3624=CARTESIAN_POINT('',(2.6,30.4,6.));
#3625=CARTESIAN_POINT('',(4.3047303895693,30.4,6.));
#3626=CARTESIAN_POINT('',(0.895269610430694,7.5,6.));
#3627=CARTESIAN_POINT('',(0.895269610430694,7.5,6.));
#3628=CARTESIAN_POINT('',(0.895269610430694,5.,6.));
#3629=CARTESIAN_POINT('',(2.6,7.5,6.));
#3630=CARTESIAN_POINT('',(4.30473038956931,7.5,6.));
#3631=CARTESIAN_POINT('',(4.30473038956931,5.,6.));
#3632=CARTESIAN_POINT('',(4.30473038956931,5.,6.));
#3633=CARTESIAN_POINT('',(2.6,5.,6.));
#3634=CARTESIAN_POINT('',(0.15,40.,6.));
#3635=CARTESIAN_POINT('',(0.15,33.85,6.));
#3636=CARTESIAN_POINT('',(0.15,27.964373932406,6.));
#3637=CARTESIAN_POINT('',(-12.8,19.,6.));
#3638=CARTESIAN_POINT('',(0.150000000000001,10.035626067594,6.));
#3639=CARTESIAN_POINT('',(0.15,40.,6.));
#3640=CARTESIAN_POINT('',(0.15,2.,6.));
#3641=CARTESIAN_POINT('',(-2.,2.,6.));
#3642=CARTESIAN_POINT('',(16.5,2.,6.));
#3643=CARTESIAN_POINT('',(16.5,2.5,6.));
#3644=CARTESIAN_POINT('',(17.,2.5,6.));
#3645=CARTESIAN_POINT('',(17.,34.,6.));
#3646=CARTESIAN_POINT('',(17.,33.85,6.));
#3647=CARTESIAN_POINT('',(17.,33.85,6.));
#3648=CARTESIAN_POINT('',(13.6,33.85,6.));
#3649=CARTESIAN_POINT('',(13.6,33.85,6.));
#3650=CARTESIAN_POINT('',(13.6,32.,6.));
#3651=CARTESIAN_POINT('',(0.150000000000018,32.,6.));
#3652=CARTESIAN_POINT('',(7.,32.,6.));
#3653=CARTESIAN_POINT('',(7.,33.85,6.));
#3654=CARTESIAN_POINT('',(7.,33.85,6.));
#3655=CARTESIAN_POINT('',(17.,33.85,6.));
#3656=CARTESIAN_POINT('',(2.7435808502813,11.0470952255941,6.));
#3657=CARTESIAN_POINT('',(2.61004493232356,11.1154191497728,6.));
#3658=CARTESIAN_POINT('',(2.73751397936896,10.8972179655533,6.));
#3659=CARTESIAN_POINT('',(-12.8,19.,6.));
#3660=CARTESIAN_POINT('',(2.65919405867736,26.7877736906098,6.));
#3661=CARTESIAN_POINT('',(2.79315588890874,26.8552587114742,6.));
#3662=CARTESIAN_POINT('',(2.78499433039155,27.0050365101046,6.));
#3663=CARTESIAN_POINT('',(2.60000000000001,30.4,6.));
#3664=CARTESIAN_POINT('',(6.,30.4,6.));
#3665=CARTESIAN_POINT('',(6.,30.7,6.));
#3666=CARTESIAN_POINT('',(6.,30.7,6.));
#3667=CARTESIAN_POINT('',(6.14999999999999,30.7,6.));
#3668=CARTESIAN_POINT('',(6.15,30.85,6.));
#3669=CARTESIAN_POINT('',(15.,30.85,6.));
#3670=CARTESIAN_POINT('',(15.,30.85,6.));
#3671=CARTESIAN_POINT('',(15.,3.5,6.));
#3672=CARTESIAN_POINT('',(15.,3.5,6.));
#3673=CARTESIAN_POINT('',(6.15,3.5,6.));
#3674=CARTESIAN_POINT('',(6.15,3.5,6.));
#3675=CARTESIAN_POINT('',(6.15,3.65,6.));
#3676=CARTESIAN_POINT('',(6.,3.65,6.));
#3677=CARTESIAN_POINT('',(6.,7.5,6.));
#3678=CARTESIAN_POINT('',(6.,7.5,6.));
#3679=CARTESIAN_POINT('',(2.6,7.5,6.));
#3680=CARTESIAN_POINT('',(17.,33.85,-5.84999999999999));
#3681=CARTESIAN_POINT('',(0.150000000000001,33.85,-5.84999999999999));
#3682=CARTESIAN_POINT('',(0.0439339828220164,33.956066017178,-5.95606601717799));
#3683=CARTESIAN_POINT('',(0.150000000000018,33.85,-5.84999999999999));
#3684=CARTESIAN_POINT('',(0.0751668522645338,33.98,-5.92483314773547));
#3685=CARTESIAN_POINT('',(17.,33.98,-5.92483314773547));
#3686=CARTESIAN_POINT('',(7.,33.98,-5.92483314773547));
#3687=CARTESIAN_POINT('',(7.,33.85,-5.84999999999999));
#3688=CARTESIAN_POINT('',(17.,33.85,-5.84999999999999));
#3689=CARTESIAN_POINT('',(13.6,33.85,-5.84999999999999));
#3690=CARTESIAN_POINT('',(13.6,33.98,-5.92483314773547));
#3691=CARTESIAN_POINT('',(17.,33.98,-5.92483314773547));
#3692=CARTESIAN_POINT('',(17.,33.98,-5.92483314773547));
#3693=CARTESIAN_POINT('',(17.,33.85,-5.84999999999999));
#3694=CARTESIAN_POINT('',(17.,33.9519803902719,-5.96));
#3695=CARTESIAN_POINT('',(17.,33.85,-5.84999999999999));
#3696=CARTESIAN_POINT('',(17.,33.85,5.84999999999998));
#3697=CARTESIAN_POINT('',(0.150000000000018,33.85,5.84999999999998));
#3698=CARTESIAN_POINT('',(0.0439339828220132,33.956066017178,5.95606601717799));
#3699=CARTESIAN_POINT('',(0.0751668522645451,33.98,5.92483314773545));
#3700=CARTESIAN_POINT('',(0.150000000000001,33.85,5.84999999999999));
#3701=CARTESIAN_POINT('',(7.,33.85,5.84999999999998));
#3702=CARTESIAN_POINT('',(7.,33.98,5.92483314773545));
#3703=CARTESIAN_POINT('',(17.,33.98,5.92483314773545));
#3704=CARTESIAN_POINT('',(17.,33.85,5.84999999999998));
#3705=CARTESIAN_POINT('',(13.6,33.85,5.84999999999998));
#3706=CARTESIAN_POINT('',(13.6,33.98,5.92483314773545));
#3707=CARTESIAN_POINT('',(17.,33.85,5.84999999999998));
#3708=CARTESIAN_POINT('',(17.,33.9519803902718,5.96));
#3709=CARTESIAN_POINT('',(17.,33.85,5.84999999999998));
#3710=CARTESIAN_POINT('',(17.,33.98,5.92483314773545));
#3711=CARTESIAN_POINT('',(17.,33.98,5.92483314773545));
#3712=CARTESIAN_POINT('',(13.6,32.79,-4.86));
#3713=CARTESIAN_POINT('',(13.6,34.0360926167409,6.));
#3714=CARTESIAN_POINT('',(13.6,34.0360926167409,5.88));
#3715=CARTESIAN_POINT('',(13.6,34.0360926167409,3.82479316535105));
#3716=CARTESIAN_POINT('',(13.6,32.,5.88));
#3717=CARTESIAN_POINT('',(13.6,33.98,5.88));
#3718=CARTESIAN_POINT('',(13.6,33.98,-8.67361737988404E-16));
#3719=CARTESIAN_POINT('',(13.6,33.98,3.76077299887602));
#3720=CARTESIAN_POINT('',(13.6,32.79,4.86));
#3721=CARTESIAN_POINT('',(7.,32.79,-4.86));
#3722=CARTESIAN_POINT('',(7.,35.,5.88));
#3723=CARTESIAN_POINT('',(7.,34.0360926167409,5.88));
#3724=CARTESIAN_POINT('',(7.,33.98,5.88));
#3725=CARTESIAN_POINT('',(7.,34.0360926167409,6.));
#3726=CARTESIAN_POINT('',(7.,34.0360926167409,3.82479316535105));
#3727=CARTESIAN_POINT('',(7.,32.79,4.86));
#3728=CARTESIAN_POINT('',(7.,33.98,3.76077299887603));
#3729=CARTESIAN_POINT('',(7.,33.98,-8.67361737988404E-16));
#3730=CARTESIAN_POINT('',(13.6,32.79,4.86));
#3731=CARTESIAN_POINT('',(13.6,34.0485706178042,5.88));
#3732=CARTESIAN_POINT('',(13.5480442581911,34.0485706178042,5.88));
#3733=CARTESIAN_POINT('',(7.05195574180887,34.0485706178042,5.88));
#3734=CARTESIAN_POINT('',(13.5480442581911,34.0485706178042,5.88));
#3735=CARTESIAN_POINT('',(13.3298596282021,34.1005315860406,5.81588573735787));
#3736=CARTESIAN_POINT('',(12.8939612522015,34.1932926565338,5.68136818759418));
#3737=CARTESIAN_POINT('',(12.3497547091695,34.2823796239394,5.49972943629682));
#3738=CARTESIAN_POINT('',(11.9157634371538,34.3378693227464,5.34312416835743));
#3739=CARTESIAN_POINT('',(11.5913786791151,34.3716388283496,5.22031878628406));
#3740=CARTESIAN_POINT('',(11.3255930007762,34.3931614513664,5.09826931604413));
#3741=CARTESIAN_POINT('',(11.1178978857579,34.4063432129006,4.99386765047553));
#3742=CARTESIAN_POINT('',(11.0066043962181,34.4122938390025,4.82113970950803));
#3743=CARTESIAN_POINT('',(11.1792612885964,34.4027650641696,4.69891747680851));
#3744=CARTESIAN_POINT('',(11.3741180077081,34.3893673658155,4.59385903137539));
#3745=CARTESIAN_POINT('',(11.646170318149,34.3665486689046,4.47959996929251));
#3746=CARTESIAN_POINT('',(11.9692895881343,34.3315296249551,4.35671598527178));
#3747=CARTESIAN_POINT('',(12.4040469344994,34.2742762042637,4.20194109299233));
#3748=CARTESIAN_POINT('',(12.9474291115853,34.1831011768518,4.0214097799851));
#3749=CARTESIAN_POINT('',(13.3824387649073,34.0887821217956,3.88821624277954));
#3750=CARTESIAN_POINT('',(13.6,34.0360926167409,3.82479316535105));
#3751=CARTESIAN_POINT('',(13.6,33.98,3.76077299887602));
#3752=CARTESIAN_POINT('',(7.,34.0360926167409,3.82479316535105));
#3753=CARTESIAN_POINT('',(7.21821605497386,34.088940707655,3.88840713474613));
#3754=CARTESIAN_POINT('',(7.65424588777995,34.1834398839777,4.02194305923372));
#3755=CARTESIAN_POINT('',(8.1981681677759,34.2746152166391,4.2026755831801));
#3756=CARTESIAN_POINT('',(8.63300083345006,34.331801922675,4.35758932824795));
#3757=CARTESIAN_POINT('',(8.95566760555247,34.366723493592,4.48020744335211));
#3758=CARTESIAN_POINT('',(9.22863439407718,34.3895966743075,4.59542060317652));
#3759=CARTESIAN_POINT('',(9.42570679052695,34.4030720966725,4.70106917091679));
#3760=CARTESIAN_POINT('',(9.59635934193662,34.4124473421841,4.82807693353061));
#3761=CARTESIAN_POINT('',(9.47573111278756,34.4059843908349,4.99683917536376));
#3762=CARTESIAN_POINT('',(9.2717143800086,34.3929299918836,5.09994750120428));
#3763=CARTESIAN_POINT('',(9.00667036769671,34.371465772766,5.22094995096993));
#3764=CARTESIAN_POINT('',(8.68208163422076,34.3376188503093,5.34396360701449));
#3765=CARTESIAN_POINT('',(8.24804923058248,34.282054825425,5.50045899321979));
#3766=CARTESIAN_POINT('',(7.70440584531273,34.1929674181118,5.68189261108351));
#3767=CARTESIAN_POINT('',(7.26949626450035,34.1003781910061,5.81607501038067));
#3768=CARTESIAN_POINT('',(7.05195574180887,34.0485706178042,5.88));
#3769=CARTESIAN_POINT('',(10.3,20.4099999999998,6.));
#3770=CARTESIAN_POINT('',(10.3,20.4099999999998,5.88));
#3771=CARTESIAN_POINT('',(10.3,20.4099999999998,6.));
#3772=CARTESIAN_POINT('',(10.3,20.4099999999998,5.88));
#3773=CARTESIAN_POINT('',(0.150000000000018,33.85,6.));
#3774=CARTESIAN_POINT('',(0.15000000000001,33.85,5.85));
#3775=CARTESIAN_POINT('',(0.0751668522645338,33.98,6.));
#3776=CARTESIAN_POINT('',(0.15000000000001,33.85,-5.85));
#3777=CARTESIAN_POINT('',(17.,33.85,5.84999999999998));
#3778=CARTESIAN_POINT('',(17.,33.98,5.84999999999998));
#3779=CARTESIAN_POINT('',(17.,33.98,-5.96));
#3780=CARTESIAN_POINT('',(17.,34.,-5.96));
#3781=CARTESIAN_POINT('',(17.,33.85,5.84999999999998));
#3782=CARTESIAN_POINT('',(17.,33.98,5.84999999999998));
#3783=CARTESIAN_POINT('',(17.,33.98,5.96));
#3784=CARTESIAN_POINT('',(17.,34.,5.96));
#3785=CARTESIAN_POINT('',(17.,34.,5.96));
#3786=CARTESIAN_POINT('',(17.,34.,5.96));
#3787=CARTESIAN_POINT('',(17.,2.5,5.96));
#3788=CARTESIAN_POINT('',(17.,2.5,5.96));
#3789=CARTESIAN_POINT('',(18.3632820571327,34.,6.));
#3790=CARTESIAN_POINT('',(22.,34.,-5.96));
#3791=CARTESIAN_POINT('',(18.3632820571327,34.,-5.96));
#3792=CARTESIAN_POINT('',(17.0173882433816,34.,-5.96));
#3793=CARTESIAN_POINT('',(3.25227291513246,34.,-8.67361737988404E-16));
#3794=CARTESIAN_POINT('',(17.0173882433816,34.,5.96));
#3795=CARTESIAN_POINT('',(22.,34.,5.96));
#3796=CARTESIAN_POINT('',(18.3632820571327,34.,5.96));
#3797=CARTESIAN_POINT('',(18.3632820571327,34.,6.));
#3798=CARTESIAN_POINT('',(0.,0.,6.));
#3799=CARTESIAN_POINT('',(9.5,0.,0.));
#3800=CARTESIAN_POINT('',(9.5,0.,3.25));
#3801=CARTESIAN_POINT('',(9.5,0.,-3.90312782094782E-15));
#3802=CARTESIAN_POINT('',(8.80833534136832,0.,-5.96));
#3803=CARTESIAN_POINT('',(8.80833534136838,0.,5.96));
#3804=CARTESIAN_POINT('',(0.,0.,-5.96));
#3805=CARTESIAN_POINT('',(17.8361390963005,0.,-5.96));
#3806=CARTESIAN_POINT('',(17.8361390963005,0.,6.));
#3807=CARTESIAN_POINT('',(17.8361390963005,0.,5.96));
#3808=CARTESIAN_POINT('',(0.,0.,5.96));
#3809=CARTESIAN_POINT('',(17.8361390963005,1.9,6.));
#3810=CARTESIAN_POINT('',(17.8361390963005,1.9,-5.96));
#3811=CARTESIAN_POINT('',(19.7358497170976,1.86684042776916,-5.96));
#3812=CARTESIAN_POINT('',(19.7358497170976,1.86684042776916,6.));
#3813=CARTESIAN_POINT('',(19.7358497170976,1.86684042776916,5.96));
#3814=CARTESIAN_POINT('',(17.8361390963005,1.9,5.96));
#3815=CARTESIAN_POINT('',(19.7358497170976,1.86684042776916,6.));
#3816=CARTESIAN_POINT('',(19.7358497170976,1.86684042776916,4.45));
#3817=CARTESIAN_POINT('',(19.7668066402681,3.64036136841058,4.45));
#3818=CARTESIAN_POINT('',(20.2390430287813,30.6947659469837,4.45));
#3819=CARTESIAN_POINT('',(20.013832588548,17.7924684671698,8.67361737988404E-16));
#3820=CARTESIAN_POINT('',(20.2390430287813,30.6947659469837,-4.45));
#3821=CARTESIAN_POINT('',(19.7358497170976,1.86684042776916,-4.45));
#3822=CARTESIAN_POINT('',(19.7668066402681,3.64036136841058,-4.45));
#3823=CARTESIAN_POINT('',(19.9920170805014,16.5426588482244,0.));
#3824=CARTESIAN_POINT('',(19.7358497170976,1.86684042776916,-5.96));
#3825=CARTESIAN_POINT('',(20.2629926779298,32.0668404277692,-5.96));
#3826=CARTESIAN_POINT('',(20.2629926779298,32.0668404277692,6.));
#3827=CARTESIAN_POINT('',(20.2629926779298,32.0668404277692,5.96));
#3828=CARTESIAN_POINT('',(19.7358497170976,1.86684042776916,5.96));
#3829=CARTESIAN_POINT('',(18.3632820571327,32.1,6.));
#3830=CARTESIAN_POINT('',(18.3632820571327,32.1,-5.96));
#3831=CARTESIAN_POINT('',(18.3632820571327,32.1,5.96));
#3832=CARTESIAN_POINT('',(9.5,2.,-3.90312782094782E-15));
#3833=CARTESIAN_POINT('',(9.5,2.,-3.90312782094782E-15));
#3834=CARTESIAN_POINT('',(8.80833534136832,2.,-5.96));
#3835=CARTESIAN_POINT('',(8.80833534136838,2.,5.96));
#3836=CARTESIAN_POINT('',(8.80833534136832,2.,-5.96));
#3837=CARTESIAN_POINT('',(8.80833534136838,2.,5.96));
#3838=CARTESIAN_POINT('',(1.,7.5,0.));
#3839=CARTESIAN_POINT('',(1.,7.5,0.));
#3840=CARTESIAN_POINT('',(1.,7.5,0.));
#3841=CARTESIAN_POINT('',(1.,5.,0.));
#3842=CARTESIAN_POINT('',(1.,7.5,0.));
#3843=CARTESIAN_POINT('',(1.,5.,0.));
#3844=CARTESIAN_POINT('',(2.6,5.,0.));
#3845=CARTESIAN_POINT('',(2.6,5.,0.));
#3846=CARTESIAN_POINT('',(4.2,5.,0.));
#3847=CARTESIAN_POINT('',(4.2,5.,0.));
#3848=CARTESIAN_POINT('',(4.2,5.,0.));
#3849=CARTESIAN_POINT('',(4.2,5.,0.));
#3850=CARTESIAN_POINT('',(4.2,7.5,0.));
#3851=CARTESIAN_POINT('',(4.2,7.5,0.));
#3852=CARTESIAN_POINT('',(2.6,7.5,0.));
#3853=CARTESIAN_POINT('',(2.6,7.5,0.));
#3854=CARTESIAN_POINT('',(1.,7.5,0.));
#3855=CARTESIAN_POINT('',(1.,5.,0.));
#3856=CARTESIAN_POINT('',(1.,7.5,0.));
#3857=CARTESIAN_POINT('',(2.6,5.,0.));
#3858=CARTESIAN_POINT('',(4.2,5.,0.));
#3859=CARTESIAN_POINT('',(4.2,5.,0.));
#3860=CARTESIAN_POINT('',(4.2,7.5,0.));
#3861=CARTESIAN_POINT('',(2.6,7.5,0.));
#3862=CARTESIAN_POINT('',(2.6,30.4,0.));
#3863=CARTESIAN_POINT('',(2.6,30.4,0.));
#3864=CARTESIAN_POINT('',(4.2,30.4,0.));
#3865=CARTESIAN_POINT('',(2.6,30.4,0.));
#3866=CARTESIAN_POINT('',(9.5,2.,-3.90312782094782E-15));
#3867=CARTESIAN_POINT('',(0.150000000000001,2.,5.85));
#3868=CARTESIAN_POINT('',(0.150000000000002,2.,-5.85));
#3869=CARTESIAN_POINT('',(16.5,2.,-5.96));
#3870=CARTESIAN_POINT('',(16.5,2.,-5.96));
#3871=CARTESIAN_POINT('',(16.5,2.,-5.96));
#3872=CARTESIAN_POINT('',(16.5,2.,5.96));
#3873=CARTESIAN_POINT('',(16.5,2.,5.96));
#3874=CARTESIAN_POINT('',(16.5,2.,5.96));
#3875=CARTESIAN_POINT('',(16.5,2.5,5.96));
#3876=CARTESIAN_POINT('',(17.0173882433816,33.98,5.96));
#3877=CARTESIAN_POINT('',(17.0173882433816,33.98,5.96));
#3878=CARTESIAN_POINT('',(16.5,33.98,5.96));
#3879=CARTESIAN_POINT('',(16.5,2.5,5.96));
#3880=CARTESIAN_POINT('',(16.5,2.5,5.96));
#3881=CARTESIAN_POINT('',(16.5,2.5,-5.96));
#3882=CARTESIAN_POINT('',(16.5,33.98,-5.96));
#3883=CARTESIAN_POINT('',(17.0173882433816,33.98,-5.96));
#3884=CARTESIAN_POINT('',(17.0173882433816,33.98,-5.96));
#3885=CARTESIAN_POINT('',(16.5,2.5,-5.96));
#3886=CARTESIAN_POINT('',(17.,2.5,-5.96));
#3887=CARTESIAN_POINT('',(17.,34.,-5.96));
#3888=CARTESIAN_POINT('',(17.,34.,-5.96));
#3889=CARTESIAN_POINT('',(17.,2.5,-5.96));
#3890=CARTESIAN_POINT('',(16.5,2.5,-5.96));
#3891=CARTESIAN_POINT('',(3.25227291513246,33.98,-8.67361737988404E-16));
#3892=CARTESIAN_POINT('',(3.25227291513246,33.98,-8.67361737988404E-16));
#3893=CARTESIAN_POINT('',(3.25227291513246,33.98,-8.67361737988404E-16));
#3894=CARTESIAN_POINT('',(9.1,33.98,0.));
#3895=CARTESIAN_POINT('',(9.1,33.98,2.05));
#3896=CARTESIAN_POINT('',(13.6,33.98,-8.67361737988404E-16));
#3897=CARTESIAN_POINT('',(13.6,33.98,-8.67361737988404E-16));
#3898=CARTESIAN_POINT('',(13.6,33.98,-5.88));
#3899=CARTESIAN_POINT('',(13.6,33.98,-8.67361737988404E-16));
#3900=CARTESIAN_POINT('',(13.6,33.98,-3.76077299887601));
#3901=CARTESIAN_POINT('',(13.6,33.98,-3.76077299887601));
#3902=CARTESIAN_POINT('',(7.,33.98,-3.76077299887601));
#3903=CARTESIAN_POINT('',(7.,33.98,-8.67361737988404E-16));
#3904=CARTESIAN_POINT('',(7.,33.98,-5.88));
#3905=CARTESIAN_POINT('',(7.,33.98,-8.67361737988404E-16));
#3906=CARTESIAN_POINT('',(7.,33.98,-8.67361737988404E-16));
#3907=CARTESIAN_POINT('',(13.6,32.79,-4.86));
#3908=CARTESIAN_POINT('',(13.6,32.,-5.88));
#3909=CARTESIAN_POINT('',(13.6,34.0360926167409,-5.88));
#3910=CARTESIAN_POINT('',(13.6,34.0360926167409,6.));
#3911=CARTESIAN_POINT('',(13.6,34.0360926167409,-3.82479316535104));
#3912=CARTESIAN_POINT('',(13.6,32.79,-4.86));
#3913=CARTESIAN_POINT('',(7.,32.79,-4.86));
#3914=CARTESIAN_POINT('',(7.,34.0360926167409,6.));
#3915=CARTESIAN_POINT('',(7.,34.0360926167409,-3.82479316535104));
#3916=CARTESIAN_POINT('',(7.,34.0360926167409,-5.88));
#3917=CARTESIAN_POINT('',(7.,35.,-5.88));
#3918=CARTESIAN_POINT('',(7.,32.79,-4.86));
#3919=CARTESIAN_POINT('',(13.6,32.79,-4.86));
#3920=CARTESIAN_POINT('',(13.6,34.0360926167409,-3.82479316535104));
#3921=CARTESIAN_POINT('',(13.3817839450261,34.088940707655,-3.88840713474612));
#3922=CARTESIAN_POINT('',(12.9457541122201,34.1834398839777,-4.0219430592337));
#3923=CARTESIAN_POINT('',(12.4018318322241,34.2746152166391,-4.20267558318007));
#3924=CARTESIAN_POINT('',(11.96699916655,34.331801922675,-4.35758932824792));
#3925=CARTESIAN_POINT('',(11.6443323944476,34.366723493592,-4.48020744335206));
#3926=CARTESIAN_POINT('',(11.3713656059229,34.3895966743076,-4.59542060317647));
#3927=CARTESIAN_POINT('',(11.1742932094731,34.4030720966725,-4.70106917091672));
#3928=CARTESIAN_POINT('',(11.0036406580633,34.4124473421842,-4.82807693353039));
#3929=CARTESIAN_POINT('',(11.1242688872122,34.4059843908349,-4.99683917536367));
#3930=CARTESIAN_POINT('',(11.3282856199912,34.3929299918836,-5.0999475012042));
#3931=CARTESIAN_POINT('',(11.5933296323031,34.371465772766,-5.22094995096987));
#3932=CARTESIAN_POINT('',(11.9179183657791,34.3376188503093,-5.34396360701444));
#3933=CARTESIAN_POINT('',(12.3519507694174,34.282054825425,-5.50045899321976));
#3934=CARTESIAN_POINT('',(12.8955941546872,34.1929674181118,-5.6818926110835));
#3935=CARTESIAN_POINT('',(13.3305037354996,34.1003781910062,-5.81607501038067));
#3936=CARTESIAN_POINT('',(13.5480442581911,34.0485706178042,-5.88000000000001));
#3937=CARTESIAN_POINT('',(13.5480442581911,34.0485706178042,-5.88));
#3938=CARTESIAN_POINT('',(13.6,34.0485706178042,-5.88));
#3939=CARTESIAN_POINT('',(7.0519557418089,34.0485706178042,-5.88));
#3940=CARTESIAN_POINT('',(7.0519557418089,34.0485706178042,-5.88));
#3941=CARTESIAN_POINT('',(7.27014037179793,34.1005315860406,-5.81588573735787));
#3942=CARTESIAN_POINT('',(7.70603874779853,34.1932926565338,-5.68136818759419));
#3943=CARTESIAN_POINT('',(8.25024529083054,34.2823796239395,-5.49972943629682));
#3944=CARTESIAN_POINT('',(8.68423656284626,34.3378693227464,-5.34312416835743));
#3945=CARTESIAN_POINT('',(9.008621320885,34.3716388283496,-5.22031878628407));
#3946=CARTESIAN_POINT('',(9.27440699922391,34.3931614513664,-5.09826931604413));
#3947=CARTESIAN_POINT('',(9.48210211424221,34.4063432129006,-4.99386765047558));
#3948=CARTESIAN_POINT('',(9.59339560378203,34.4122938390025,-4.82113970950806));
#3949=CARTESIAN_POINT('',(9.4207387114037,34.4027650641696,-4.69891747680853));
#3950=CARTESIAN_POINT('',(9.22588199229203,34.3893673658155,-4.5938590313754));
#3951=CARTESIAN_POINT('',(8.95382968185105,34.3665486689047,-4.47959996929252));
#3952=CARTESIAN_POINT('',(8.63071041186579,34.3315296249551,-4.35671598527179));
#3953=CARTESIAN_POINT('',(8.19595306550063,34.2742762042637,-4.20194109299233));
#3954=CARTESIAN_POINT('',(7.6525708884147,34.1831011768518,-4.02140977998509));
#3955=CARTESIAN_POINT('',(7.21756123509276,34.0887821217956,-3.88821624277952));
#3956=CARTESIAN_POINT('',(7.,34.0360926167409,-3.82479316535104));
#3957=CARTESIAN_POINT('',(10.3,20.4099999999998,6.));
#3958=CARTESIAN_POINT('',(10.3,20.4099999999998,-5.88));
#3959=CARTESIAN_POINT('',(10.3,20.4099999999998,6.));
#3960=CARTESIAN_POINT('',(10.3,20.4099999999998,-5.88));
#3961=CARTESIAN_POINT('',(7.,35.,6.12));
#3962=CARTESIAN_POINT('',(7.,32.,6.12));
#3963=CARTESIAN_POINT('',(7.,32.,5.88));
#3964=CARTESIAN_POINT('',(7.,35.,5.88));
#3965=CARTESIAN_POINT('',(13.6,32.,6.12));
#3966=CARTESIAN_POINT('',(13.6,32.,5.88));
#3967=CARTESIAN_POINT('',(13.6,32.,5.88));
#3968=CARTESIAN_POINT('',(13.6,32.,6.12));
#3969=CARTESIAN_POINT('',(0.,0.,5.88));
#3970=CARTESIAN_POINT('',(7.,32.,5.88));
#3971=CARTESIAN_POINT('',(7.,32.,6.12));
#3972=CARTESIAN_POINT('',(7.,32.,-5.88));
#3973=CARTESIAN_POINT('',(7.,32.,-5.88));
#3974=CARTESIAN_POINT('',(7.,32.,-5.88));
#3975=CARTESIAN_POINT('',(7.,32.,-5.88));
#3976=CARTESIAN_POINT('',(13.6,32.,-5.88));
#3977=CARTESIAN_POINT('',(13.6,32.,-5.88));
#3978=CARTESIAN_POINT('',(7.,35.,-5.88));
#3979=CARTESIAN_POINT('',(7.,35.,-5.88));
#3980=CARTESIAN_POINT('',(13.6,32.,-5.88));
#3981=CARTESIAN_POINT('',(13.6,32.,-5.88));
#3982=CARTESIAN_POINT('',(0.,0.,-5.88));
#3983=CARTESIAN_POINT('',(9.1,33.7,0.));
#3984=CARTESIAN_POINT('',(9.1,33.7,0.));
#3985=CARTESIAN_POINT('',(9.1,33.7,-2.05));
#3986=CARTESIAN_POINT('',(11.15,33.7,0.));
#3987=CARTESIAN_POINT('',(9.1,33.7,0.));
#3988=CARTESIAN_POINT('',(9.1,33.7,1.934));
#3989=CARTESIAN_POINT('',(9.1,33.7495402212936,0.));
#3990=CARTESIAN_POINT('',(9.1,34.253,0.));
#3991=CARTESIAN_POINT('',(9.1,34.253,-0.6));
#3992=CARTESIAN_POINT('',(9.1,33.7495402212936,0.));
#3993=CARTESIAN_POINT('',(9.7,34.253,0.));
#3994=CARTESIAN_POINT('',(9.1,34.253,0.));
#3995=CARTESIAN_POINT('',(9.1,34.253,-1.737));
#3996=CARTESIAN_POINT('',(9.1,34.056,0.));
#3997=CARTESIAN_POINT('',(9.1,34.056,0.));
#3998=CARTESIAN_POINT('',(9.1,34.056,-1.93399999999999));
#3999=CARTESIAN_POINT('',(9.1,33.653,0.));
#4000=CARTESIAN_POINT('',(19.9105392324567,17.794271459407,8.67361737988404E-16));
#4001=CARTESIAN_POINT('',(20.13574967269,30.6965689392209,4.45));
#4002=CARTESIAN_POINT('',(20.13574967269,30.6965689392209,4.45));
#4003=CARTESIAN_POINT('',(19.9105392324567,17.794271459407,8.67361737988404E-16));
#4004=CARTESIAN_POINT('',(20.13574967269,30.6965689392209,-4.45));
#4005=CARTESIAN_POINT('',(20.13574967269,30.6965689392209,-4.45));
#4006=CARTESIAN_POINT('',(20.13574967269,30.6965689392209,4.45));
#4007=CARTESIAN_POINT('',(19.6635132841768,3.64216436064781,4.45));
#4008=CARTESIAN_POINT('',(19.6635132841768,3.64216436064781,4.45));
#4009=CARTESIAN_POINT('',(20.13574967269,30.6965689392209,4.45));
#4010=CARTESIAN_POINT('',(19.8887237244101,16.5444618404616,0.));
#4011=CARTESIAN_POINT('',(19.6635132841768,3.64216436064781,-4.45));
#4012=CARTESIAN_POINT('',(19.6635132841768,3.64216436064781,-4.45));
#4013=CARTESIAN_POINT('',(19.8887237244101,16.5444618404616,0.));
#4014=CARTESIAN_POINT('',(19.6635132841768,3.64216436064781,-4.45));
#4015=CARTESIAN_POINT('',(19.6635132841768,3.64216436064781,-4.45));
#4016=CARTESIAN_POINT('',(19.9105392324567,17.794271459407,8.67361737988404E-16));
#4017=CARTESIAN_POINT('',(-12.8,19.,5.8));
#4018=CARTESIAN_POINT('',(2.61004493232356,11.1154191497728,5.8));
#4019=CARTESIAN_POINT('',(2.61004493232356,11.1154191497728,5.8));
#4020=CARTESIAN_POINT('',(-12.8,19.,5.8));
#4021=CARTESIAN_POINT('',(2.65919405867736,26.7877736906098,5.8));
#4022=CARTESIAN_POINT('',(2.65919405867736,26.7877736906098,5.8));
#4023=CARTESIAN_POINT('',(2.79315588890874,26.8552587114742,5.8));
#4024=CARTESIAN_POINT('',(2.79315588890874,26.8552587114742,5.8));
#4025=CARTESIAN_POINT('',(2.78499433039155,27.0050365101046,5.8));
#4026=CARTESIAN_POINT('',(2.78499433039155,27.0050365101046,5.8));
#4027=CARTESIAN_POINT('',(2.60000000000001,30.4,5.8));
#4028=CARTESIAN_POINT('',(2.60000000000001,30.4,5.8));
#4029=CARTESIAN_POINT('',(6.,30.4,5.8));
#4030=CARTESIAN_POINT('',(6.,30.4,5.8));
#4031=CARTESIAN_POINT('',(6.,30.7,5.8));
#4032=CARTESIAN_POINT('',(6.,30.7,5.8));
#4033=CARTESIAN_POINT('',(6.,30.7,5.8));
#4034=CARTESIAN_POINT('',(6.,30.7,5.8));
#4035=CARTESIAN_POINT('',(6.14999999999999,30.7,5.8));
#4036=CARTESIAN_POINT('',(6.14999999999999,30.7,5.8));
#4037=CARTESIAN_POINT('',(6.15,30.85,5.8));
#4038=CARTESIAN_POINT('',(6.15,30.85,5.8));
#4039=CARTESIAN_POINT('',(15.,30.85,5.8));
#4040=CARTESIAN_POINT('',(15.,30.85,5.8));
#4041=CARTESIAN_POINT('',(15.,30.85,5.8));
#4042=CARTESIAN_POINT('',(15.,30.85,5.8));
#4043=CARTESIAN_POINT('',(15.,3.5,5.8));
#4044=CARTESIAN_POINT('',(15.,3.5,5.8));
#4045=CARTESIAN_POINT('',(15.,3.5,5.8));
#4046=CARTESIAN_POINT('',(15.,3.5,5.8));
#4047=CARTESIAN_POINT('',(6.15,3.5,5.8));
#4048=CARTESIAN_POINT('',(6.15,3.5,5.8));
#4049=CARTESIAN_POINT('',(6.15,3.5,5.8));
#4050=CARTESIAN_POINT('',(6.15,3.5,5.8));
#4051=CARTESIAN_POINT('',(6.15,3.65,5.8));
#4052=CARTESIAN_POINT('',(6.15,3.65,5.8));
#4053=CARTESIAN_POINT('',(6.,3.65,5.8));
#4054=CARTESIAN_POINT('',(6.,3.65,5.8));
#4055=CARTESIAN_POINT('',(6.,7.5,5.8));
#4056=CARTESIAN_POINT('',(6.,7.5,5.8));
#4057=CARTESIAN_POINT('',(6.,7.5,5.8));
#4058=CARTESIAN_POINT('',(6.,7.5,5.8));
#4059=CARTESIAN_POINT('',(2.6,7.5,5.8));
#4060=CARTESIAN_POINT('',(2.6,7.5,5.8));
#4061=CARTESIAN_POINT('',(2.73751397936896,10.8972179655533,5.8));
#4062=CARTESIAN_POINT('',(2.73751397936896,10.8972179655533,5.8));
#4063=CARTESIAN_POINT('',(2.7435808502813,11.0470952255941,5.8));
#4064=CARTESIAN_POINT('',(2.7435808502813,11.0470952255941,5.8));
#4065=CARTESIAN_POINT('',(-12.8,19.,5.8));
#4066=CARTESIAN_POINT('',(-12.8,19.,5.356));
#4067=CARTESIAN_POINT('',(2.64261744259568E-16,27.9173987238432,5.85));
#4068=CARTESIAN_POINT('',(7.24508885038456E-16,27.9638125376836,5.87653144130189));
#4069=CARTESIAN_POINT('',(0.0113060897204504,28.0850489060534,5.95553056663435));
#4070=CARTESIAN_POINT('',(0.119379091234305,28.0086091206647,6.00000000000033));
#4071=CARTESIAN_POINT('',(0.150000000000236,27.9643739324062,6.00000000000028));
#4072=CARTESIAN_POINT('',(-12.8,19.,5.356));
#4073=CARTESIAN_POINT('',(0.15,10.035626067594,6.));
#4074=CARTESIAN_POINT('',(0.119803870344677,9.99200451833858,6.));
#4075=CARTESIAN_POINT('',(0.0116465427511193,9.91437895568913,5.95613568110809));
#4076=CARTESIAN_POINT('',(-1.93146101590336E-11,10.0360255288025,5.87662400703632));
#4077=CARTESIAN_POINT('',(-1.74237843846487E-11,10.0826012761498,5.84999999998935));
#4078=CARTESIAN_POINT('',(2.09599999999999,19.,5.356));
#4079=CARTESIAN_POINT('',(-12.8,19.,5.356));
#4080=CARTESIAN_POINT('',(-12.8,19.,5.94142135623731));
#4081=CARTESIAN_POINT('',(0.0310792884997088,25.336881363222,5.94142135623732));
#4082=CARTESIAN_POINT('',(0.0130584506015592,25.426308283091,5.91797988749433));
#4083=CARTESIAN_POINT('',(-1.75213043291798E-14,25.5151757804792,5.88949144918673));
#4084=CARTESIAN_POINT('',(-2.18600647827997E-14,25.6013335016495,5.85000000000002));
#4085=CARTESIAN_POINT('',(0.0310792884997262,25.336881363222,5.94142135623731));
#4086=CARTESIAN_POINT('',(-12.8,19.,5.94142135623731));
#4087=CARTESIAN_POINT('',(0.0310792885001576,12.6631186367789,5.94142135623731));
#4088=CARTESIAN_POINT('',(2.61985295345742E-16,12.3986664983505,5.85));
#4089=CARTESIAN_POINT('',(2.61985295345742E-16,12.4846416420834,5.88940776257693));
#4090=CARTESIAN_POINT('',(0.0130063062675561,12.5734329549578,5.91791205825234));
#4091=CARTESIAN_POINT('',(0.0310792884999019,12.6631186367789,5.94142135623753));
#4092=CARTESIAN_POINT('',(-12.8,19.,5.8));
#4093=CARTESIAN_POINT('',(0.150000000000001,24.7500015859679,6.));
#4094=CARTESIAN_POINT('',(0.111288312743383,24.9472561903227,6.));
#4095=CARTESIAN_POINT('',(0.069665638541012,25.145399787688,5.99161440072898));
#4096=CARTESIAN_POINT('',(0.0310792884997269,25.336881363222,5.94142135623731));
#4097=CARTESIAN_POINT('',(0.0310792884999061,12.6631186367789,5.94142135623754));
#4098=CARTESIAN_POINT('',(0.0696677106657364,12.8546104950597,5.99161709614434));
#4099=CARTESIAN_POINT('',(0.111340139288147,13.0530078907677,6.));
#4100=CARTESIAN_POINT('',(0.150000000000001,13.2499984140321,6.));
#4101=CARTESIAN_POINT('',(-12.8,19.,-6.));
#4102=CARTESIAN_POINT('',(9.02235956654052E-19,10.082601276158,-5.84999999999932));
#4103=CARTESIAN_POINT('',(-1.20890680075491E-13,10.0361874623173,-5.87653144130125));
#4104=CARTESIAN_POINT('',(0.0113060897197518,9.91495109394674,-5.95553056663369));
#4105=CARTESIAN_POINT('',(0.119379091234178,9.99139087933517,-6.00000000000033));
#4106=CARTESIAN_POINT('',(0.15000000000024,10.0356260675939,-6.00000000000028));
#4107=CARTESIAN_POINT('',(-12.8,19.,-5.356));
#4108=CARTESIAN_POINT('',(0.150000000000001,27.964373932406,-6.));
#4109=CARTESIAN_POINT('',(0.119803870344678,28.0079954816614,-6.));
#4110=CARTESIAN_POINT('',(0.0116465427511204,28.0856210443108,-5.95613568110809));
#4111=CARTESIAN_POINT('',(-1.93148837862444E-11,27.9639744711974,-5.87662400703632));
#4112=CARTESIAN_POINT('',(-1.74240580118594E-11,27.9173987238502,-5.84999999998935));
#4113=CARTESIAN_POINT('',(2.306,19.,-5.356));
#4114=CARTESIAN_POINT('',(-12.8,19.,-5.356));
#4115=CARTESIAN_POINT('',(-12.8,19.,-5.356));
#4116=CARTESIAN_POINT('',(0.0310792885020627,12.6631186367897,-5.94142135624038));
#4117=CARTESIAN_POINT('',(0.0130584506025724,12.5736917169167,-5.91797988749689));
#4118=CARTESIAN_POINT('',(-1.75474804687163E-14,12.4848242195245,-5.88949144918845));
#4119=CARTESIAN_POINT('',(-2.21145967358835E-14,12.3986664983505,-5.85000000000002));
#4120=CARTESIAN_POINT('',(0.0310792885020801,12.6631186367897,-5.94142135624037));
#4121=CARTESIAN_POINT('',(-12.8,19.,-5.94142135623731));
#4122=CARTESIAN_POINT('',(0.0310792884989312,25.3368813632236,-5.94142135623731));
#4123=CARTESIAN_POINT('',(1.1908746613051E-17,25.6013335016495,-5.85));
#4124=CARTESIAN_POINT('',(-2.15963156311278E-16,25.5153583579174,-5.88940776257657));
#4125=CARTESIAN_POINT('',(0.0130063062673399,25.4265670450438,-5.91791205825179));
#4126=CARTESIAN_POINT('',(0.0310792884994057,25.3368813632236,-5.94142135623689));
#4127=CARTESIAN_POINT('',(-12.8,19.,-5.8));
#4128=CARTESIAN_POINT('',(0.150000000000002,13.2499984140321,-6.));
#4129=CARTESIAN_POINT('',(0.111288312741457,13.0527438096819,-6.));
#4130=CARTESIAN_POINT('',(0.0696656385428025,12.8546002123201,-5.99161440072863));
#4131=CARTESIAN_POINT('',(0.0310792885020814,12.6631186367897,-5.94142135624037));
#4132=CARTESIAN_POINT('',(0.0310792884993971,25.3368813632236,-5.94142135623688));
#4133=CARTESIAN_POINT('',(0.0696677106653547,25.145389504942,-5.99161709614442));
#4134=CARTESIAN_POINT('',(0.111340139285228,24.9469921092326,-6.));
#4135=CARTESIAN_POINT('',(0.150000000000001,24.7500015859679,-6.));
#4136=CARTESIAN_POINT('',(9.5,-6.6,0.));
#4137=CARTESIAN_POINT('',(9.5,-0.899999999999999,0.));
#4138=CARTESIAN_POINT('',(9.5,-0.899999999999999,-3.25));
#4139=CARTESIAN_POINT('',(9.5,-0.899999999999999,0.));
#4140=CARTESIAN_POINT('',(9.5,-1.33301270189222,0.));
#4141=CARTESIAN_POINT('',(9.5,-1.33301270189222,-4.));
#4142=CARTESIAN_POINT('',(9.5,-6.6,0.));
#4143=CARTESIAN_POINT('',(9.5,-3.16698729810778,0.));
#4144=CARTESIAN_POINT('',(9.5,-3.16698729810778,-4.));
#4145=CARTESIAN_POINT('',(9.5,-3.16698729810778,0.));
#4146=CARTESIAN_POINT('',(9.5,-3.6,0.));
#4147=CARTESIAN_POINT('',(9.5,-3.6,-3.25));
#4148=CARTESIAN_POINT('',(9.5,-6.6,0.));
#4149=CARTESIAN_POINT('',(9.5,-4.6,0.));
#4150=CARTESIAN_POINT('',(9.5,-4.6,-3.25));
#4151=CARTESIAN_POINT('',(9.5,-4.6,0.));
#4152=CARTESIAN_POINT('',(9.5,-4.84999828487598,0.));
#4153=CARTESIAN_POINT('',(9.5,-4.84999828487598,-3.45));
#4154=CARTESIAN_POINT('',(9.5,-6.6,0.));
#4155=CARTESIAN_POINT('',(9.5,-5.35,0.));
#4156=CARTESIAN_POINT('',(9.5,-5.35,-3.45));
#4157=CARTESIAN_POINT('',(9.5,-5.35,0.));
#4158=CARTESIAN_POINT('',(9.5,-6.43159714572528,0.));
#4159=CARTESIAN_POINT('',(9.5,-6.43159714572528,-3.27694981805901));
#4160=CARTESIAN_POINT('',(9.5,-6.4,0.));
#4161=CARTESIAN_POINT('',(9.5,-6.6,0.));
#4162=CARTESIAN_POINT('',(9.5,-6.6,-3.07946153895866));
#4163=CARTESIAN_POINT('',(12.5794615389587,-6.6,0.));
#4164=CARTESIAN_POINT('',(9.5,-6.6,0.));
#4165=CARTESIAN_POINT('',(9.5,-6.6,-3.));
#4166=CARTESIAN_POINT('',(9.5,-6.6,0.));
#4167=CARTESIAN_POINT('',(9.5,-6.5,0.));
#4168=CARTESIAN_POINT('',(9.5,-6.5,-2.9));
#4169=CARTESIAN_POINT('',(9.5,-6.6,0.));
#4170=CARTESIAN_POINT('',(9.5,-1.6,0.));
#4171=CARTESIAN_POINT('',(9.5,-1.6,-2.9));
#4172=CARTESIAN_POINT('',(12.4,-1.6,0.));
#4173=CARTESIAN_POINT('',(10.95,-1.6,-1.075));
#4174=CARTESIAN_POINT('',(10.95,-1.6,-0.575));
#4175=CARTESIAN_POINT('',(10.95,-1.6,1.075));
#4176=CARTESIAN_POINT('',(10.95,-1.6,1.575));
#4177=CARTESIAN_POINT('',(9.,-1.6,1.7));
#4178=CARTESIAN_POINT('',(9.,-1.6,2.2));
#4179=CARTESIAN_POINT('',(9.,-1.6,-1.7));
#4180=CARTESIAN_POINT('',(9.,-1.6,-1.2));
#4181=CARTESIAN_POINT('',(0.150000000000002,40.,-5.85));
#4182=CARTESIAN_POINT('',(0.150000000000002,40.,-5.85));
#4183=CARTESIAN_POINT('',(0.150000000000002,40.,-5.85));
#4184=CARTESIAN_POINT('',(0.150000000000001,40.,5.85));
#4185=CARTESIAN_POINT('',(0.150000000000001,40.,5.85));
#4186=CARTESIAN_POINT('',(0.150000000000001,40.,5.85));
#4187=CARTESIAN_POINT('',(9.,-5.7,-1.7));
#4188=CARTESIAN_POINT('',(9.,-5.7,-1.7));
#4189=CARTESIAN_POINT('',(9.,-5.7,-2.2));
#4190=CARTESIAN_POINT('',(9.,-5.7,-1.7));
#4191=CARTESIAN_POINT('',(9.,-5.7,1.7));
#4192=CARTESIAN_POINT('',(9.,-5.7,1.7));
#4193=CARTESIAN_POINT('',(9.,-5.7,1.2));
#4194=CARTESIAN_POINT('',(9.,-5.7,1.7));
#4195=CARTESIAN_POINT('',(10.95,-5.7,1.075));
#4196=CARTESIAN_POINT('',(10.95,-5.7,1.075));
#4197=CARTESIAN_POINT('',(10.95,-5.7,0.575));
#4198=CARTESIAN_POINT('',(10.95,-5.7,1.075));
#4199=CARTESIAN_POINT('',(10.95,-5.7,-1.075));
#4200=CARTESIAN_POINT('',(10.95,-5.7,-1.075));
#4201=CARTESIAN_POINT('',(10.95,-5.7,-1.575));
#4202=CARTESIAN_POINT('',(10.95,-5.7,-1.075));
#4203=MECHANICAL_DESIGN_GEOMETRIC_PRESENTATION_REPRESENTATION('',(#1811,
#1812,#1813,#1814,#1815,#1816,#1817,#1818,#1819,#1820,#1821,#1822,#1823,
#1824,#1825,#1826,#1827,#1828,#1829,#1830,#1831,#1832,#1833,#1834,#1835,
#1836,#1837,#1838,#1839,#1840,#1841,#1842,#1843,#1844,#1845,#1846,#1847,
#1848,#1849,#1850,#1851,#1852,#1853,#1854,#1855,#1856,#1857,#1858,#1859,
#1860,#1861,#1862,#1863,#1864,#1865,#1866,#1867,#1868,#1869,#1870,#1871,
#1872,#1873,#1874,#1875,#1876,#1877,#1878,#1879,#1880,#1881,#1882,#1883,
#1884,#1885,#1886,#1887,#1888,#1889,#1890,#1891,#1892,#1893,#1894,#1895,
#1896,#1897,#1898,#1899,#1900,#1901,#1902,#1903,#1904,#1905,#1906,#1907,
#1908,#1909,#1910,#1911,#1912,#1913,#1914,#1915,#1916,#1917,#1918,#1919,
#1920,#1921,#1922,#1923,#1924),#4204);
#4204=(
GEOMETRIC_REPRESENTATION_CONTEXT(3)
GLOBAL_UNCERTAINTY_ASSIGNED_CONTEXT((#4205))
GLOBAL_UNIT_ASSIGNED_CONTEXT((#4208,#4207,#4206))
REPRESENTATION_CONTEXT('DTR-C23PB-TLS-139','TOP_LEVEL_ASSEMBLY_PART')
);
#4205=UNCERTAINTY_MEASURE_WITH_UNIT(LENGTH_MEASURE(1.E-5),#4208,
'DISTANCE_ACCURACY_VALUE','Maximum Tolerance applied to model');
#4206=(
NAMED_UNIT(*)
SI_UNIT($,.STERADIAN.)
SOLID_ANGLE_UNIT()
);
#4207=(
NAMED_UNIT(*)
PLANE_ANGLE_UNIT()
SI_UNIT($,.RADIAN.)
);
#4208=(
LENGTH_UNIT()
NAMED_UNIT(*)
SI_UNIT(.MILLI.,.METRE.)
);
#4209=PRODUCT_DEFINITION_SHAPE('','',#4210);
#4210=PRODUCT_DEFINITION('','',#4212,#4211);
#4211=PRODUCT_DEFINITION_CONTEXT('',#4218,'design');
#4212=PRODUCT_DEFINITION_FORMATION_WITH_SPECIFIED_SOURCE('','',#4214,
 .NOT_KNOWN.);
#4213=PRODUCT_RELATED_PRODUCT_CATEGORY('','',(#4214));
#4214=PRODUCT('DTR-C23PB-TLS-139','DTR-C23PB-TLS-139',
'DTR-C23PB-TLS-139',(#4216));
#4215=PRODUCT_CATEGORY('','');
#4216=PRODUCT_CONTEXT('',#4218,'mechanical');
#4217=APPLICATION_PROTOCOL_DEFINITION('international standard',
'automotive_design',2010,#4218);
#4218=APPLICATION_CONTEXT(
'core data for automotive mechanical design processes');
ENDSEC;
END-ISO-10303-21;
