ISO-10303-21;
HEADER;
/* Generated by software containing ST-Developer
 * from STEP Tools, Inc. (www.steptools.com) 
 */
/* OPTION: using custom renumber hook */

FILE_DESCRIPTION(
/* description */ ('STEP AP214'),
/* implementation_level */ '2;1');

FILE_NAME(
/* name */ 'NBN8-18GM50-E2-V1',
/* time_stamp */ '2026-07-11T12:25:03+02:00',
/* author */ ('License CC BY-ND 4.0'),
/* organization */ ('CADENAS'),
/* preprocessor_version */ 'ST-DEVELOPER v20',
/* originating_system */ 'PARTsolutions',
/* authorisation */ '  ');

FILE_SCHEMA (('AUTOMOTIVE_DESIGN {1 0 10303 214 3 1 1}'));
ENDSEC;

DATA;
#10=PROPERTY_DEFINITION_REPRESENTATION(#14,#12);
#11=PROPERTY_DEFINITION_REPRESENTATION(#15,#13);
#12=REPRESENTATION('',(#16),#4206);
#13=REPRESENTATION('',(#17),#4206);
#14=PROPERTY_DEFINITION('pmi validation property','',#4227);
#15=PROPERTY_DEFINITION('pmi validation property','',#4227);
#16=VALUE_REPRESENTATION_ITEM('number of annotations',COUNT_MEASURE(0.));
#17=VALUE_REPRESENTATION_ITEM('number of views',COUNT_MEASURE(0.));
#18=SPHERICAL_SURFACE('',#2732,0.510000080399999);
#19=SPHERICAL_SURFACE('',#2737,0.510000080399999);
#20=SPHERICAL_SURFACE('',#2742,0.510000080399999);
#21=LINE('',#4100,#29);
#22=LINE('',#4105,#30);
#23=LINE('',#4148,#31);
#24=LINE('',#4152,#32);
#25=LINE('',#4154,#33);
#26=LINE('',#4156,#34);
#27=LINE('',#4160,#35);
#28=LINE('',#4162,#36);
#29=VECTOR('',#3405,1000.);
#30=VECTOR('',#3408,1000.);
#31=VECTOR('',#3461,1000.);
#32=VECTOR('',#3464,1000.);
#33=VECTOR('',#3467,1000.);
#34=VECTOR('',#3468,1000.);
#35=VECTOR('',#3473,1000.);
#36=VECTOR('',#3476,1000.);
#37=B_SPLINE_CURVE_WITH_KNOTS('',3,(#3929,#3930,#3931,#3932,#3933,#3934,
#3935,#3936,#3937,#3938,#3939),.UNSPECIFIED.,.T.,.F.,(1,1,1,1,1,1,1,1,1,
1,1,1,1,1,1),(-0.00294296157301679,-0.00196197438201119,-0.000980987191005597,
0.,0.000980987191005597,0.00196197438201119,0.00294296157301679,0.00392394876402239,
0.00490493595502798,0.00588592314603358,0.00686691033703918,0.00784789752804477,
0.00882888471905037,0.00980987191005597,0.0107908591010616),
 .UNSPECIFIED.);
#38=B_SPLINE_CURVE_WITH_KNOTS('',3,(#3941,#3942,#3943,#3944,#3945,#3946,
#3947,#3948,#3949,#3950,#3951),.UNSPECIFIED.,.T.,.F.,(1,1,1,1,1,1,1,1,1,
1,1,1,1,1,1),(-0.00294105116160138,-0.00196070077440092,-0.000980350387200461,
0.,0.000980350387200461,0.00196070077440092,0.00294105116160138,0.00392140154880184,
0.0049017519360023,0.00588210232320276,0.00686245271040322,0.00784280309760368,
0.00882315348480414,0.00980350387200461,0.0107838542592051),
 .UNSPECIFIED.);
#39=B_SPLINE_CURVE_WITH_KNOTS('',3,(#3954,#3955,#3956,#3957,#3958,#3959,
#3960,#3961,#3962,#3963,#3964),.UNSPECIFIED.,.T.,.F.,(1,1,1,1,1,1,1,1,1,
1,1,1,1,1,1),(-0.00294102953633773,-0.00196068635755849,-0.000980343178779244,
0.,0.000980343178779244,0.00196068635755849,0.00294102953633773,0.00392137271511698,
0.00490171589389622,0.00588205907267546,0.00686240225145471,0.00784274543023395,
0.0088230886090132,0.00980343178779244,0.0107837749665717),
 .UNSPECIFIED.);
#40=B_SPLINE_CURVE_WITH_KNOTS('',3,(#3966,#3967,#3968,#3969,#3970,#3971,
#3972,#3973,#3974,#3975,#3976),.UNSPECIFIED.,.T.,.F.,(1,1,1,1,1,1,1,1,1,
1,1,1,1,1,1),(-0.00294296200178545,-0.00196197466785697,-0.000980987333928484,
0.,0.000980987333928484,0.00196197466785697,0.00294296200178545,0.00392394933571394,
0.00490493666964242,0.0058859240035709,0.00686691133749939,0.00784789867142787,
0.00882888600535636,0.00980987333928484,0.0107908606732133),
 .UNSPECIFIED.);
#41=B_SPLINE_CURVE_WITH_KNOTS('',3,(#3982,#3983,#3984,#3985,#3986,#3987,
#3988,#3989,#3990,#3991,#3992),.UNSPECIFIED.,.T.,.F.,(1,1,1,1,1,1,1,1,1,
1,1,1,1,1,1),(-0.00294102953633773,-0.00196068635755849,-0.000980343178779245,
0.,0.000980343178779244,0.00196068635755849,0.00294102953633773,0.00392137271511698,
0.00490171589389622,0.00588205907267547,0.00686240225145471,0.00784274543023395,
0.0088230886090132,0.00980343178779244,0.0107837749665717),
 .UNSPECIFIED.);
#42=B_SPLINE_CURVE_WITH_KNOTS('',3,(#3994,#3995,#3996,#3997,#3998,#3999,
#4000,#4001,#4002,#4003,#4004),.UNSPECIFIED.,.T.,.F.,(1,1,1,1,1,1,1,1,1,
1,1,1,1,1,1),(-0.00294102953633773,-0.00196068635755849,-0.000980343178779245,
0.,0.000980343178779244,0.00196068635755849,0.00294102953633773,0.00392137271511698,
0.00490171589389622,0.00588205907267547,0.00686240225145471,0.00784274543023395,
0.0088230886090132,0.00980343178779244,0.0107837749665717),
 .UNSPECIFIED.);
#43=B_SPLINE_CURVE_WITH_KNOTS('',3,(#4011,#4012,#4013,#4014,#4015,#4016,
#4017,#4018,#4019,#4020,#4021),.UNSPECIFIED.,.T.,.F.,(1,1,1,1,1,1,1,1,1,
1,1,1,1,1,1),(-0.00294296200178545,-0.00196197466785697,-0.000980987333928484,
0.,0.000980987333928484,0.00196197466785697,0.00294296200178545,0.00392394933571393,
0.00490493666964242,0.0058859240035709,0.00686691133749939,0.00784789867142787,
0.00882888600535635,0.00980987333928484,0.0107908606732133),
 .UNSPECIFIED.);
#44=B_SPLINE_CURVE_WITH_KNOTS('',3,(#4024,#4025,#4026,#4027,#4028,#4029,
#4030,#4031,#4032,#4033,#4034),.UNSPECIFIED.,.T.,.F.,(1,1,1,1,1,1,1,1,1,
1,1,1,1,1,1),(-0.00294296200178545,-0.00196197466785697,-0.000980987333928484,
0.,0.000980987333928484,0.00196197466785697,0.00294296200178545,0.00392394933571393,
0.00490493666964242,0.0058859240035709,0.00686691133749939,0.00784789867142787,
0.00882888600535635,0.00980987333928484,0.0107908606732133),
 .UNSPECIFIED.);
#45=CONTEXT_DEPENDENT_SHAPE_REPRESENTATION(#61,#4229);
#46=CONTEXT_DEPENDENT_SHAPE_REPRESENTATION(#62,#4231);
#47=CONTEXT_DEPENDENT_SHAPE_REPRESENTATION(#63,#4233);
#48=CONTEXT_DEPENDENT_SHAPE_REPRESENTATION(#64,#4235);
#49=CONTEXT_DEPENDENT_SHAPE_REPRESENTATION(#65,#4237);
#50=CONTEXT_DEPENDENT_SHAPE_REPRESENTATION(#66,#4239);
#51=CONTEXT_DEPENDENT_SHAPE_REPRESENTATION(#67,#4241);
#52=CONTEXT_DEPENDENT_SHAPE_REPRESENTATION(#68,#4243);
#53=NEXT_ASSEMBLY_USAGE_OCCURRENCE('NAUO1','NBN8-18GM50-E2-V1_PART1',
'NBN8-18GM50-E2-V1_PART1',#4244,#4245,'');
#54=NEXT_ASSEMBLY_USAGE_OCCURRENCE('NAUO2','NBN8-18GM50-E2-V1_PART2',
'NBN8-18GM50-E2-V1_PART2',#4244,#4246,'');
#55=NEXT_ASSEMBLY_USAGE_OCCURRENCE('NAUO3','NBN8-18GM50-E2-V1_PART3',
'NBN8-18GM50-E2-V1_PART3',#4244,#4247,'');
#56=NEXT_ASSEMBLY_USAGE_OCCURRENCE('NAUO4','NBN8-18GM50-E2-V1_PART4',
'NBN8-18GM50-E2-V1_PART4',#4244,#4248,'');
#57=NEXT_ASSEMBLY_USAGE_OCCURRENCE('NAUO5','NBN8-18GM50-E2-V1_PART5',
'NBN8-18GM50-E2-V1_PART5',#4244,#4249,'');
#58=NEXT_ASSEMBLY_USAGE_OCCURRENCE('NAUO6','NBN8-18GM50-E2-V1_PART6',
'NBN8-18GM50-E2-V1_PART6',#4244,#4250,'');
#59=NEXT_ASSEMBLY_USAGE_OCCURRENCE('NAUO7','NBN8-18GM50-E2-V1_PART7',
'NBN8-18GM50-E2-V1_PART7',#4244,#4251,'');
#60=NEXT_ASSEMBLY_USAGE_OCCURRENCE('NAUO8','NBN8-18GM50-E2-V1_PART8',
'NBN8-18GM50-E2-V1_PART8',#4244,#4252,'');
#61=(
REPRESENTATION_RELATIONSHIP(' ',' ',#2404,#2403)
REPRESENTATION_RELATIONSHIP_WITH_TRANSFORMATION(#69)
SHAPE_REPRESENTATION_RELATIONSHIP()
);
#62=(
REPRESENTATION_RELATIONSHIP(' ',' ',#2405,#2403)
REPRESENTATION_RELATIONSHIP_WITH_TRANSFORMATION(#70)
SHAPE_REPRESENTATION_RELATIONSHIP()
);
#63=(
REPRESENTATION_RELATIONSHIP(' ',' ',#2406,#2403)
REPRESENTATION_RELATIONSHIP_WITH_TRANSFORMATION(#71)
SHAPE_REPRESENTATION_RELATIONSHIP()
);
#64=(
REPRESENTATION_RELATIONSHIP(' ',' ',#2407,#2403)
REPRESENTATION_RELATIONSHIP_WITH_TRANSFORMATION(#72)
SHAPE_REPRESENTATION_RELATIONSHIP()
);
#65=(
REPRESENTATION_RELATIONSHIP(' ',' ',#2408,#2403)
REPRESENTATION_RELATIONSHIP_WITH_TRANSFORMATION(#73)
SHAPE_REPRESENTATION_RELATIONSHIP()
);
#66=(
REPRESENTATION_RELATIONSHIP(' ',' ',#2409,#2403)
REPRESENTATION_RELATIONSHIP_WITH_TRANSFORMATION(#74)
SHAPE_REPRESENTATION_RELATIONSHIP()
);
#67=(
REPRESENTATION_RELATIONSHIP(' ',' ',#2410,#2403)
REPRESENTATION_RELATIONSHIP_WITH_TRANSFORMATION(#75)
SHAPE_REPRESENTATION_RELATIONSHIP()
);
#68=(
REPRESENTATION_RELATIONSHIP(' ',' ',#2411,#2403)
REPRESENTATION_RELATIONSHIP_WITH_TRANSFORMATION(#76)
SHAPE_REPRESENTATION_RELATIONSHIP()
);
#69=ITEM_DEFINED_TRANSFORMATION(' ',' ',#2412,#2428);
#70=ITEM_DEFINED_TRANSFORMATION(' ',' ',#2412,#2636);
#71=ITEM_DEFINED_TRANSFORMATION(' ',' ',#2412,#2713);
#72=ITEM_DEFINED_TRANSFORMATION(' ',' ',#2412,#2762);
#73=ITEM_DEFINED_TRANSFORMATION(' ',' ',#2412,#2768);
#74=ITEM_DEFINED_TRANSFORMATION(' ',' ',#2412,#2774);
#75=ITEM_DEFINED_TRANSFORMATION(' ',' ',#2412,#2780);
#76=ITEM_DEFINED_TRANSFORMATION(' ',' ',#2412,#2786);
#77=SHAPE_REPRESENTATION_RELATIONSHIP('','',#2404,#85);
#78=SHAPE_REPRESENTATION_RELATIONSHIP('','',#2405,#86);
#79=SHAPE_REPRESENTATION_RELATIONSHIP('','',#2406,#87);
#80=SHAPE_REPRESENTATION_RELATIONSHIP('','',#2407,#88);
#81=SHAPE_REPRESENTATION_RELATIONSHIP('','',#2408,#89);
#82=SHAPE_REPRESENTATION_RELATIONSHIP('','',#2409,#90);
#83=SHAPE_REPRESENTATION_RELATIONSHIP('','',#2410,#91);
#84=SHAPE_REPRESENTATION_RELATIONSHIP('','',#2411,#92);
#85=ADVANCED_BREP_SHAPE_REPRESENTATION('',(#2386),#4207);
#86=ADVANCED_BREP_SHAPE_REPRESENTATION('',(#2387),#4208);
#87=ADVANCED_BREP_SHAPE_REPRESENTATION('',(#2388),#4209);
#88=ADVANCED_BREP_SHAPE_REPRESENTATION('',(#2389),#4210);
#89=ADVANCED_BREP_SHAPE_REPRESENTATION('',(#2390),#4211);
#90=ADVANCED_BREP_SHAPE_REPRESENTATION('',(#2391),#4212);
#91=ADVANCED_BREP_SHAPE_REPRESENTATION('',(#2392),#4213);
#92=ADVANCED_BREP_SHAPE_REPRESENTATION('',(#2393),#4214);
#93=PLANE('',#2424);
#94=PLANE('',#2425);
#95=PLANE('',#2426);
#96=PLANE('',#2427);
#97=PLANE('',#2632);
#98=PLANE('',#2633);
#99=PLANE('',#2634);
#100=PLANE('',#2635);
#101=PLANE('',#2703);
#102=PLANE('',#2704);
#103=PLANE('',#2705);
#104=PLANE('',#2706);
#105=PLANE('',#2707);
#106=PLANE('',#2708);
#107=PLANE('',#2709);
#108=PLANE('',#2710);
#109=PLANE('',#2711);
#110=PLANE('',#2712);
#111=PLANE('',#2747);
#112=PLANE('',#2749);
#113=PLANE('',#2752);
#114=PLANE('',#2753);
#115=PLANE('',#2754);
#116=PLANE('',#2755);
#117=PLANE('',#2756);
#118=PLANE('',#2757);
#119=PLANE('',#2758);
#120=PLANE('',#2759);
#121=PLANE('',#2760);
#122=PLANE('',#2761);
#123=PLANE('',#2766);
#124=PLANE('',#2767);
#125=PLANE('',#2772);
#126=PLANE('',#2773);
#127=PLANE('',#2778);
#128=PLANE('',#2779);
#129=PLANE('',#2784);
#130=PLANE('',#2785);
#131=CYLINDRICAL_SURFACE('',#2418,7.65);
#132=CYLINDRICAL_SURFACE('',#2432,9.);
#133=CYLINDRICAL_SURFACE('',#2435,9.);
#134=CYLINDRICAL_SURFACE('',#2442,9.);
#135=CYLINDRICAL_SURFACE('',#2449,9.);
#136=CYLINDRICAL_SURFACE('',#2456,9.);
#137=CYLINDRICAL_SURFACE('',#2463,9.);
#138=CYLINDRICAL_SURFACE('',#2470,9.);
#139=CYLINDRICAL_SURFACE('',#2477,9.);
#140=CYLINDRICAL_SURFACE('',#2484,9.);
#141=CYLINDRICAL_SURFACE('',#2491,9.);
#142=CYLINDRICAL_SURFACE('',#2498,9.);
#143=CYLINDRICAL_SURFACE('',#2505,9.);
#144=CYLINDRICAL_SURFACE('',#2512,9.);
#145=CYLINDRICAL_SURFACE('',#2519,9.);
#146=CYLINDRICAL_SURFACE('',#2526,9.);
#147=CYLINDRICAL_SURFACE('',#2533,9.);
#148=CYLINDRICAL_SURFACE('',#2540,9.);
#149=CYLINDRICAL_SURFACE('',#2547,9.);
#150=CYLINDRICAL_SURFACE('',#2554,9.);
#151=CYLINDRICAL_SURFACE('',#2561,9.);
#152=CYLINDRICAL_SURFACE('',#2568,9.);
#153=CYLINDRICAL_SURFACE('',#2575,9.);
#154=CYLINDRICAL_SURFACE('',#2582,9.);
#155=CYLINDRICAL_SURFACE('',#2589,9.);
#156=CYLINDRICAL_SURFACE('',#2601,8.25);
#157=CYLINDRICAL_SURFACE('',#2602,8.25);
#158=CYLINDRICAL_SURFACE('',#2605,8.25);
#159=CYLINDRICAL_SURFACE('',#2606,8.25);
#160=CYLINDRICAL_SURFACE('',#2607,8.25);
#161=CYLINDRICAL_SURFACE('',#2608,8.25);
#162=CYLINDRICAL_SURFACE('',#2609,8.25);
#163=CYLINDRICAL_SURFACE('',#2610,8.25);
#164=CYLINDRICAL_SURFACE('',#2611,8.25);
#165=CYLINDRICAL_SURFACE('',#2612,8.25);
#166=CYLINDRICAL_SURFACE('',#2613,8.25);
#167=CYLINDRICAL_SURFACE('',#2614,8.25);
#168=CYLINDRICAL_SURFACE('',#2615,8.25);
#169=CYLINDRICAL_SURFACE('',#2616,8.25);
#170=CYLINDRICAL_SURFACE('',#2617,8.25);
#171=CYLINDRICAL_SURFACE('',#2618,8.25);
#172=CYLINDRICAL_SURFACE('',#2619,8.25);
#173=CYLINDRICAL_SURFACE('',#2620,8.25);
#174=CYLINDRICAL_SURFACE('',#2621,8.25);
#175=CYLINDRICAL_SURFACE('',#2622,8.25);
#176=CYLINDRICAL_SURFACE('',#2623,8.25);
#177=CYLINDRICAL_SURFACE('',#2624,8.25);
#178=CYLINDRICAL_SURFACE('',#2625,8.25);
#179=CYLINDRICAL_SURFACE('',#2626,8.25);
#180=CYLINDRICAL_SURFACE('',#2627,8.25);
#181=CYLINDRICAL_SURFACE('',#2629,4.875);
#182=CYLINDRICAL_SURFACE('',#2646,8.25);
#183=CYLINDRICAL_SURFACE('',#2649,7.3);
#184=CYLINDRICAL_SURFACE('',#2652,7.74);
#185=CYLINDRICAL_SURFACE('',#2655,7.6);
#186=CYLINDRICAL_SURFACE('',#2658,6.9);
#187=CYLINDRICAL_SURFACE('',#2661,7.6);
#188=CYLINDRICAL_SURFACE('',#2666,1.25);
#189=CYLINDRICAL_SURFACE('',#2667,1.25);
#190=CYLINDRICAL_SURFACE('',#2668,4.85);
#191=CYLINDRICAL_SURFACE('',#2670,5.3);
#192=CYLINDRICAL_SURFACE('',#2673,1.25);
#193=CYLINDRICAL_SURFACE('',#2674,1.25);
#194=CYLINDRICAL_SURFACE('',#2675,6.);
#195=CYLINDRICAL_SURFACE('',#2678,6.);
#196=CYLINDRICAL_SURFACE('',#2681,6.);
#197=CYLINDRICAL_SURFACE('',#2684,6.);
#198=CYLINDRICAL_SURFACE('',#2701,4.875);
#199=CYLINDRICAL_SURFACE('',#2717,4.8);
#200=CYLINDRICAL_SURFACE('',#2719,4.25);
#201=CYLINDRICAL_SURFACE('',#2726,5.3);
#202=CYLINDRICAL_SURFACE('',#2729,4.8);
#203=CYLINDRICAL_SURFACE('',#2735,0.5100001614);
#204=CYLINDRICAL_SURFACE('',#2740,0.5100001614);
#205=CYLINDRICAL_SURFACE('',#2745,0.5100001614);
#206=CYLINDRICAL_SURFACE('',#2750,0.5750000346);
#207=CYLINDRICAL_SURFACE('',#2763,1.23);
#208=CYLINDRICAL_SURFACE('',#2769,1.23);
#209=CYLINDRICAL_SURFACE('',#2775,1.23);
#210=CYLINDRICAL_SURFACE('',#2781,1.23);
#211=ORIENTED_EDGE('',*,*,#597,.F.);
#212=ORIENTED_EDGE('',*,*,#598,.T.);
#213=ORIENTED_EDGE('',*,*,#598,.F.);
#214=ORIENTED_EDGE('',*,*,#599,.T.);
#215=ORIENTED_EDGE('',*,*,#600,.F.);
#216=ORIENTED_EDGE('',*,*,#601,.T.);
#217=ORIENTED_EDGE('',*,*,#602,.T.);
#218=ORIENTED_EDGE('',*,*,#603,.F.);
#219=ORIENTED_EDGE('',*,*,#602,.F.);
#220=ORIENTED_EDGE('',*,*,#601,.F.);
#221=ORIENTED_EDGE('',*,*,#603,.T.);
#222=ORIENTED_EDGE('',*,*,#599,.F.);
#223=ORIENTED_EDGE('',*,*,#600,.T.);
#224=ORIENTED_EDGE('',*,*,#597,.T.);
#225=ORIENTED_EDGE('',*,*,#604,.T.);
#226=ORIENTED_EDGE('',*,*,#605,.T.);
#227=ORIENTED_EDGE('',*,*,#606,.F.);
#228=ORIENTED_EDGE('',*,*,#607,.T.);
#229=ORIENTED_EDGE('',*,*,#608,.F.);
#230=ORIENTED_EDGE('',*,*,#609,.T.);
#231=ORIENTED_EDGE('',*,*,#609,.F.);
#232=ORIENTED_EDGE('',*,*,#610,.T.);
#233=ORIENTED_EDGE('',*,*,#611,.T.);
#234=ORIENTED_EDGE('',*,*,#606,.T.);
#235=ORIENTED_EDGE('',*,*,#612,.F.);
#236=ORIENTED_EDGE('',*,*,#613,.T.);
#237=ORIENTED_EDGE('',*,*,#613,.F.);
#238=ORIENTED_EDGE('',*,*,#614,.T.);
#239=ORIENTED_EDGE('',*,*,#615,.T.);
#240=ORIENTED_EDGE('',*,*,#608,.T.);
#241=ORIENTED_EDGE('',*,*,#616,.F.);
#242=ORIENTED_EDGE('',*,*,#617,.T.);
#243=ORIENTED_EDGE('',*,*,#617,.F.);
#244=ORIENTED_EDGE('',*,*,#618,.T.);
#245=ORIENTED_EDGE('',*,*,#619,.T.);
#246=ORIENTED_EDGE('',*,*,#612,.T.);
#247=ORIENTED_EDGE('',*,*,#620,.F.);
#248=ORIENTED_EDGE('',*,*,#621,.T.);
#249=ORIENTED_EDGE('',*,*,#621,.F.);
#250=ORIENTED_EDGE('',*,*,#622,.T.);
#251=ORIENTED_EDGE('',*,*,#623,.T.);
#252=ORIENTED_EDGE('',*,*,#616,.T.);
#253=ORIENTED_EDGE('',*,*,#624,.F.);
#254=ORIENTED_EDGE('',*,*,#625,.T.);
#255=ORIENTED_EDGE('',*,*,#625,.F.);
#256=ORIENTED_EDGE('',*,*,#626,.T.);
#257=ORIENTED_EDGE('',*,*,#627,.T.);
#258=ORIENTED_EDGE('',*,*,#620,.T.);
#259=ORIENTED_EDGE('',*,*,#628,.F.);
#260=ORIENTED_EDGE('',*,*,#629,.T.);
#261=ORIENTED_EDGE('',*,*,#629,.F.);
#262=ORIENTED_EDGE('',*,*,#630,.T.);
#263=ORIENTED_EDGE('',*,*,#631,.T.);
#264=ORIENTED_EDGE('',*,*,#624,.T.);
#265=ORIENTED_EDGE('',*,*,#632,.F.);
#266=ORIENTED_EDGE('',*,*,#633,.T.);
#267=ORIENTED_EDGE('',*,*,#633,.F.);
#268=ORIENTED_EDGE('',*,*,#634,.T.);
#269=ORIENTED_EDGE('',*,*,#635,.T.);
#270=ORIENTED_EDGE('',*,*,#628,.T.);
#271=ORIENTED_EDGE('',*,*,#636,.T.);
#272=ORIENTED_EDGE('',*,*,#637,.F.);
#273=ORIENTED_EDGE('',*,*,#636,.F.);
#274=ORIENTED_EDGE('',*,*,#638,.T.);
#275=ORIENTED_EDGE('',*,*,#639,.T.);
#276=ORIENTED_EDGE('',*,*,#632,.T.);
#277=ORIENTED_EDGE('',*,*,#640,.F.);
#278=ORIENTED_EDGE('',*,*,#641,.T.);
#279=ORIENTED_EDGE('',*,*,#641,.F.);
#280=ORIENTED_EDGE('',*,*,#642,.T.);
#281=ORIENTED_EDGE('',*,*,#643,.T.);
#282=ORIENTED_EDGE('',*,*,#637,.T.);
#283=ORIENTED_EDGE('',*,*,#644,.F.);
#284=ORIENTED_EDGE('',*,*,#645,.T.);
#285=ORIENTED_EDGE('',*,*,#645,.F.);
#286=ORIENTED_EDGE('',*,*,#646,.T.);
#287=ORIENTED_EDGE('',*,*,#647,.T.);
#288=ORIENTED_EDGE('',*,*,#640,.T.);
#289=ORIENTED_EDGE('',*,*,#648,.F.);
#290=ORIENTED_EDGE('',*,*,#649,.T.);
#291=ORIENTED_EDGE('',*,*,#649,.F.);
#292=ORIENTED_EDGE('',*,*,#650,.T.);
#293=ORIENTED_EDGE('',*,*,#651,.T.);
#294=ORIENTED_EDGE('',*,*,#644,.T.);
#295=ORIENTED_EDGE('',*,*,#652,.F.);
#296=ORIENTED_EDGE('',*,*,#653,.T.);
#297=ORIENTED_EDGE('',*,*,#653,.F.);
#298=ORIENTED_EDGE('',*,*,#654,.T.);
#299=ORIENTED_EDGE('',*,*,#655,.T.);
#300=ORIENTED_EDGE('',*,*,#648,.T.);
#301=ORIENTED_EDGE('',*,*,#656,.F.);
#302=ORIENTED_EDGE('',*,*,#657,.T.);
#303=ORIENTED_EDGE('',*,*,#657,.F.);
#304=ORIENTED_EDGE('',*,*,#658,.T.);
#305=ORIENTED_EDGE('',*,*,#659,.T.);
#306=ORIENTED_EDGE('',*,*,#652,.T.);
#307=ORIENTED_EDGE('',*,*,#660,.F.);
#308=ORIENTED_EDGE('',*,*,#661,.T.);
#309=ORIENTED_EDGE('',*,*,#661,.F.);
#310=ORIENTED_EDGE('',*,*,#662,.T.);
#311=ORIENTED_EDGE('',*,*,#663,.T.);
#312=ORIENTED_EDGE('',*,*,#656,.T.);
#313=ORIENTED_EDGE('',*,*,#664,.F.);
#314=ORIENTED_EDGE('',*,*,#665,.T.);
#315=ORIENTED_EDGE('',*,*,#665,.F.);
#316=ORIENTED_EDGE('',*,*,#666,.T.);
#317=ORIENTED_EDGE('',*,*,#667,.T.);
#318=ORIENTED_EDGE('',*,*,#660,.T.);
#319=ORIENTED_EDGE('',*,*,#668,.F.);
#320=ORIENTED_EDGE('',*,*,#669,.T.);
#321=ORIENTED_EDGE('',*,*,#669,.F.);
#322=ORIENTED_EDGE('',*,*,#670,.T.);
#323=ORIENTED_EDGE('',*,*,#671,.T.);
#324=ORIENTED_EDGE('',*,*,#664,.T.);
#325=ORIENTED_EDGE('',*,*,#672,.F.);
#326=ORIENTED_EDGE('',*,*,#673,.T.);
#327=ORIENTED_EDGE('',*,*,#673,.F.);
#328=ORIENTED_EDGE('',*,*,#674,.T.);
#329=ORIENTED_EDGE('',*,*,#675,.T.);
#330=ORIENTED_EDGE('',*,*,#668,.T.);
#331=ORIENTED_EDGE('',*,*,#676,.F.);
#332=ORIENTED_EDGE('',*,*,#677,.T.);
#333=ORIENTED_EDGE('',*,*,#677,.F.);
#334=ORIENTED_EDGE('',*,*,#678,.T.);
#335=ORIENTED_EDGE('',*,*,#679,.T.);
#336=ORIENTED_EDGE('',*,*,#672,.T.);
#337=ORIENTED_EDGE('',*,*,#680,.F.);
#338=ORIENTED_EDGE('',*,*,#681,.T.);
#339=ORIENTED_EDGE('',*,*,#681,.F.);
#340=ORIENTED_EDGE('',*,*,#682,.T.);
#341=ORIENTED_EDGE('',*,*,#683,.T.);
#342=ORIENTED_EDGE('',*,*,#676,.T.);
#343=ORIENTED_EDGE('',*,*,#684,.F.);
#344=ORIENTED_EDGE('',*,*,#685,.T.);
#345=ORIENTED_EDGE('',*,*,#685,.F.);
#346=ORIENTED_EDGE('',*,*,#686,.T.);
#347=ORIENTED_EDGE('',*,*,#680,.T.);
#348=ORIENTED_EDGE('',*,*,#687,.T.);
#349=ORIENTED_EDGE('',*,*,#688,.F.);
#350=ORIENTED_EDGE('',*,*,#689,.T.);
#351=ORIENTED_EDGE('',*,*,#689,.F.);
#352=ORIENTED_EDGE('',*,*,#690,.T.);
#353=ORIENTED_EDGE('',*,*,#691,.T.);
#354=ORIENTED_EDGE('',*,*,#684,.T.);
#355=ORIENTED_EDGE('',*,*,#692,.F.);
#356=ORIENTED_EDGE('',*,*,#693,.T.);
#357=ORIENTED_EDGE('',*,*,#693,.F.);
#358=ORIENTED_EDGE('',*,*,#694,.T.);
#359=ORIENTED_EDGE('',*,*,#695,.T.);
#360=ORIENTED_EDGE('',*,*,#688,.T.);
#361=ORIENTED_EDGE('',*,*,#696,.F.);
#362=ORIENTED_EDGE('',*,*,#697,.T.);
#363=ORIENTED_EDGE('',*,*,#698,.T.);
#364=ORIENTED_EDGE('',*,*,#697,.F.);
#365=ORIENTED_EDGE('',*,*,#699,.T.);
#366=ORIENTED_EDGE('',*,*,#692,.T.);
#367=ORIENTED_EDGE('',*,*,#700,.T.);
#368=ORIENTED_EDGE('',*,*,#701,.T.);
#369=ORIENTED_EDGE('',*,*,#702,.T.);
#370=ORIENTED_EDGE('',*,*,#696,.T.);
#371=ORIENTED_EDGE('',*,*,#702,.F.);
#372=ORIENTED_EDGE('',*,*,#701,.F.);
#373=ORIENTED_EDGE('',*,*,#703,.F.);
#374=ORIENTED_EDGE('',*,*,#704,.T.);
#375=ORIENTED_EDGE('',*,*,#698,.F.);
#376=ORIENTED_EDGE('',*,*,#699,.F.);
#377=ORIENTED_EDGE('',*,*,#695,.F.);
#378=ORIENTED_EDGE('',*,*,#694,.F.);
#379=ORIENTED_EDGE('',*,*,#691,.F.);
#380=ORIENTED_EDGE('',*,*,#690,.F.);
#381=ORIENTED_EDGE('',*,*,#687,.F.);
#382=ORIENTED_EDGE('',*,*,#686,.F.);
#383=ORIENTED_EDGE('',*,*,#683,.F.);
#384=ORIENTED_EDGE('',*,*,#682,.F.);
#385=ORIENTED_EDGE('',*,*,#679,.F.);
#386=ORIENTED_EDGE('',*,*,#678,.F.);
#387=ORIENTED_EDGE('',*,*,#675,.F.);
#388=ORIENTED_EDGE('',*,*,#674,.F.);
#389=ORIENTED_EDGE('',*,*,#671,.F.);
#390=ORIENTED_EDGE('',*,*,#670,.F.);
#391=ORIENTED_EDGE('',*,*,#666,.F.);
#392=ORIENTED_EDGE('',*,*,#667,.F.);
#393=ORIENTED_EDGE('',*,*,#663,.F.);
#394=ORIENTED_EDGE('',*,*,#662,.F.);
#395=ORIENTED_EDGE('',*,*,#659,.F.);
#396=ORIENTED_EDGE('',*,*,#658,.F.);
#397=ORIENTED_EDGE('',*,*,#655,.F.);
#398=ORIENTED_EDGE('',*,*,#654,.F.);
#399=ORIENTED_EDGE('',*,*,#651,.F.);
#400=ORIENTED_EDGE('',*,*,#650,.F.);
#401=ORIENTED_EDGE('',*,*,#647,.F.);
#402=ORIENTED_EDGE('',*,*,#646,.F.);
#403=ORIENTED_EDGE('',*,*,#643,.F.);
#404=ORIENTED_EDGE('',*,*,#642,.F.);
#405=ORIENTED_EDGE('',*,*,#639,.F.);
#406=ORIENTED_EDGE('',*,*,#638,.F.);
#407=ORIENTED_EDGE('',*,*,#634,.F.);
#408=ORIENTED_EDGE('',*,*,#635,.F.);
#409=ORIENTED_EDGE('',*,*,#631,.F.);
#410=ORIENTED_EDGE('',*,*,#630,.F.);
#411=ORIENTED_EDGE('',*,*,#627,.F.);
#412=ORIENTED_EDGE('',*,*,#626,.F.);
#413=ORIENTED_EDGE('',*,*,#623,.F.);
#414=ORIENTED_EDGE('',*,*,#622,.F.);
#415=ORIENTED_EDGE('',*,*,#619,.F.);
#416=ORIENTED_EDGE('',*,*,#618,.F.);
#417=ORIENTED_EDGE('',*,*,#615,.F.);
#418=ORIENTED_EDGE('',*,*,#614,.F.);
#419=ORIENTED_EDGE('',*,*,#611,.F.);
#420=ORIENTED_EDGE('',*,*,#610,.F.);
#421=ORIENTED_EDGE('',*,*,#607,.F.);
#422=ORIENTED_EDGE('',*,*,#604,.F.);
#423=ORIENTED_EDGE('',*,*,#705,.F.);
#424=ORIENTED_EDGE('',*,*,#706,.T.);
#425=ORIENTED_EDGE('',*,*,#706,.F.);
#426=ORIENTED_EDGE('',*,*,#705,.T.);
#427=ORIENTED_EDGE('',*,*,#704,.F.);
#428=ORIENTED_EDGE('',*,*,#703,.T.);
#429=ORIENTED_EDGE('',*,*,#700,.F.);
#430=ORIENTED_EDGE('',*,*,#605,.F.);
#431=ORIENTED_EDGE('',*,*,#707,.T.);
#432=ORIENTED_EDGE('',*,*,#708,.F.);
#433=ORIENTED_EDGE('',*,*,#709,.T.);
#434=ORIENTED_EDGE('',*,*,#710,.T.);
#435=ORIENTED_EDGE('',*,*,#711,.F.);
#436=ORIENTED_EDGE('',*,*,#712,.T.);
#437=ORIENTED_EDGE('',*,*,#713,.F.);
#438=ORIENTED_EDGE('',*,*,#714,.T.);
#439=ORIENTED_EDGE('',*,*,#715,.T.);
#440=ORIENTED_EDGE('',*,*,#716,.F.);
#441=ORIENTED_EDGE('',*,*,#717,.F.);
#442=ORIENTED_EDGE('',*,*,#718,.T.);
#443=ORIENTED_EDGE('',*,*,#719,.F.);
#444=ORIENTED_EDGE('',*,*,#720,.T.);
#445=ORIENTED_EDGE('',*,*,#721,.F.);
#446=ORIENTED_EDGE('',*,*,#722,.T.);
#447=ORIENTED_EDGE('',*,*,#723,.F.);
#448=ORIENTED_EDGE('',*,*,#724,.T.);
#449=ORIENTED_EDGE('',*,*,#724,.F.);
#450=ORIENTED_EDGE('',*,*,#725,.T.);
#451=ORIENTED_EDGE('',*,*,#726,.T.);
#452=ORIENTED_EDGE('',*,*,#727,.F.);
#453=ORIENTED_EDGE('',*,*,#728,.F.);
#454=ORIENTED_EDGE('',*,*,#729,.T.);
#455=ORIENTED_EDGE('',*,*,#730,.T.);
#456=ORIENTED_EDGE('',*,*,#707,.F.);
#457=ORIENTED_EDGE('',*,*,#731,.T.);
#458=ORIENTED_EDGE('',*,*,#732,.T.);
#459=ORIENTED_EDGE('',*,*,#728,.T.);
#460=ORIENTED_EDGE('',*,*,#733,.T.);
#461=ORIENTED_EDGE('',*,*,#727,.T.);
#462=ORIENTED_EDGE('',*,*,#734,.T.);
#463=ORIENTED_EDGE('',*,*,#735,.T.);
#464=ORIENTED_EDGE('',*,*,#732,.F.);
#465=ORIENTED_EDGE('',*,*,#731,.F.);
#466=ORIENTED_EDGE('',*,*,#736,.T.);
#467=ORIENTED_EDGE('',*,*,#737,.T.);
#468=ORIENTED_EDGE('',*,*,#738,.T.);
#469=ORIENTED_EDGE('',*,*,#739,.T.);
#470=ORIENTED_EDGE('',*,*,#740,.T.);
#471=ORIENTED_EDGE('',*,*,#741,.T.);
#472=ORIENTED_EDGE('',*,*,#742,.T.);
#473=ORIENTED_EDGE('',*,*,#743,.T.);
#474=ORIENTED_EDGE('',*,*,#744,.T.);
#475=ORIENTED_EDGE('',*,*,#712,.F.);
#476=ORIENTED_EDGE('',*,*,#745,.F.);
#477=ORIENTED_EDGE('',*,*,#745,.T.);
#478=ORIENTED_EDGE('',*,*,#743,.F.);
#479=ORIENTED_EDGE('',*,*,#744,.F.);
#480=ORIENTED_EDGE('',*,*,#746,.F.);
#481=ORIENTED_EDGE('',*,*,#746,.T.);
#482=ORIENTED_EDGE('',*,*,#741,.F.);
#483=ORIENTED_EDGE('',*,*,#742,.F.);
#484=ORIENTED_EDGE('',*,*,#747,.F.);
#485=ORIENTED_EDGE('',*,*,#747,.T.);
#486=ORIENTED_EDGE('',*,*,#739,.F.);
#487=ORIENTED_EDGE('',*,*,#740,.F.);
#488=ORIENTED_EDGE('',*,*,#748,.F.);
#489=ORIENTED_EDGE('',*,*,#737,.F.);
#490=ORIENTED_EDGE('',*,*,#748,.T.);
#491=ORIENTED_EDGE('',*,*,#738,.F.);
#492=ORIENTED_EDGE('',*,*,#749,.F.);
#493=ORIENTED_EDGE('',*,*,#736,.F.);
#494=ORIENTED_EDGE('',*,*,#726,.F.);
#495=ORIENTED_EDGE('',*,*,#735,.F.);
#496=ORIENTED_EDGE('',*,*,#710,.F.);
#497=ORIENTED_EDGE('',*,*,#729,.F.);
#498=ORIENTED_EDGE('',*,*,#750,.T.);
#499=ORIENTED_EDGE('',*,*,#730,.F.);
#500=ORIENTED_EDGE('',*,*,#750,.F.);
#501=ORIENTED_EDGE('',*,*,#733,.F.);
#502=ORIENTED_EDGE('',*,*,#749,.T.);
#503=ORIENTED_EDGE('',*,*,#725,.F.);
#504=ORIENTED_EDGE('',*,*,#708,.T.);
#505=ORIENTED_EDGE('',*,*,#722,.F.);
#506=ORIENTED_EDGE('',*,*,#723,.T.);
#507=ORIENTED_EDGE('',*,*,#720,.F.);
#508=ORIENTED_EDGE('',*,*,#721,.T.);
#509=ORIENTED_EDGE('',*,*,#718,.F.);
#510=ORIENTED_EDGE('',*,*,#719,.T.);
#511=ORIENTED_EDGE('',*,*,#715,.F.);
#512=ORIENTED_EDGE('',*,*,#717,.T.);
#513=ORIENTED_EDGE('',*,*,#714,.F.);
#514=ORIENTED_EDGE('',*,*,#716,.T.);
#515=ORIENTED_EDGE('',*,*,#734,.F.);
#516=ORIENTED_EDGE('',*,*,#713,.T.);
#517=ORIENTED_EDGE('',*,*,#709,.F.);
#518=ORIENTED_EDGE('',*,*,#711,.T.);
#519=ORIENTED_EDGE('',*,*,#751,.F.);
#520=ORIENTED_EDGE('',*,*,#752,.T.);
#521=ORIENTED_EDGE('',*,*,#752,.F.);
#522=ORIENTED_EDGE('',*,*,#753,.T.);
#523=ORIENTED_EDGE('',*,*,#754,.T.);
#524=ORIENTED_EDGE('',*,*,#755,.T.);
#525=ORIENTED_EDGE('',*,*,#756,.T.);
#526=ORIENTED_EDGE('',*,*,#757,.T.);
#527=ORIENTED_EDGE('',*,*,#758,.T.);
#528=ORIENTED_EDGE('',*,*,#759,.T.);
#529=ORIENTED_EDGE('',*,*,#760,.T.);
#530=ORIENTED_EDGE('',*,*,#754,.F.);
#531=ORIENTED_EDGE('',*,*,#761,.F.);
#532=ORIENTED_EDGE('',*,*,#762,.T.);
#533=ORIENTED_EDGE('',*,*,#763,.F.);
#534=ORIENTED_EDGE('',*,*,#764,.T.);
#535=ORIENTED_EDGE('',*,*,#765,.T.);
#536=ORIENTED_EDGE('',*,*,#766,.F.);
#537=ORIENTED_EDGE('',*,*,#765,.F.);
#538=ORIENTED_EDGE('',*,*,#767,.T.);
#539=ORIENTED_EDGE('',*,*,#768,.T.);
#540=ORIENTED_EDGE('',*,*,#769,.F.);
#541=ORIENTED_EDGE('',*,*,#768,.F.);
#542=ORIENTED_EDGE('',*,*,#770,.T.);
#543=ORIENTED_EDGE('',*,*,#771,.T.);
#544=ORIENTED_EDGE('',*,*,#772,.F.);
#545=ORIENTED_EDGE('',*,*,#771,.F.);
#546=ORIENTED_EDGE('',*,*,#773,.T.);
#547=ORIENTED_EDGE('',*,*,#756,.F.);
#548=ORIENTED_EDGE('',*,*,#774,.F.);
#549=ORIENTED_EDGE('',*,*,#775,.T.);
#550=ORIENTED_EDGE('',*,*,#776,.F.);
#551=ORIENTED_EDGE('',*,*,#755,.F.);
#552=ORIENTED_EDGE('',*,*,#777,.T.);
#553=ORIENTED_EDGE('',*,*,#778,.F.);
#554=ORIENTED_EDGE('',*,*,#774,.T.);
#555=ORIENTED_EDGE('',*,*,#779,.T.);
#556=ORIENTED_EDGE('',*,*,#780,.F.);
#557=ORIENTED_EDGE('',*,*,#775,.F.);
#558=ORIENTED_EDGE('',*,*,#778,.T.);
#559=ORIENTED_EDGE('',*,*,#757,.F.);
#560=ORIENTED_EDGE('',*,*,#776,.T.);
#561=ORIENTED_EDGE('',*,*,#780,.T.);
#562=ORIENTED_EDGE('',*,*,#781,.T.);
#563=ORIENTED_EDGE('',*,*,#758,.F.);
#564=ORIENTED_EDGE('',*,*,#781,.F.);
#565=ORIENTED_EDGE('',*,*,#779,.F.);
#566=ORIENTED_EDGE('',*,*,#777,.F.);
#567=ORIENTED_EDGE('',*,*,#773,.F.);
#568=ORIENTED_EDGE('',*,*,#770,.F.);
#569=ORIENTED_EDGE('',*,*,#767,.F.);
#570=ORIENTED_EDGE('',*,*,#759,.F.);
#571=ORIENTED_EDGE('',*,*,#772,.T.);
#572=ORIENTED_EDGE('',*,*,#769,.T.);
#573=ORIENTED_EDGE('',*,*,#766,.T.);
#574=ORIENTED_EDGE('',*,*,#764,.F.);
#575=ORIENTED_EDGE('',*,*,#751,.T.);
#576=ORIENTED_EDGE('',*,*,#762,.F.);
#577=ORIENTED_EDGE('',*,*,#763,.T.);
#578=ORIENTED_EDGE('',*,*,#760,.F.);
#579=ORIENTED_EDGE('',*,*,#761,.T.);
#580=ORIENTED_EDGE('',*,*,#753,.F.);
#581=ORIENTED_EDGE('',*,*,#782,.F.);
#582=ORIENTED_EDGE('',*,*,#783,.F.);
#583=ORIENTED_EDGE('',*,*,#783,.T.);
#584=ORIENTED_EDGE('',*,*,#782,.T.);
#585=ORIENTED_EDGE('',*,*,#784,.F.);
#586=ORIENTED_EDGE('',*,*,#785,.F.);
#587=ORIENTED_EDGE('',*,*,#785,.T.);
#588=ORIENTED_EDGE('',*,*,#784,.T.);
#589=ORIENTED_EDGE('',*,*,#786,.F.);
#590=ORIENTED_EDGE('',*,*,#787,.F.);
#591=ORIENTED_EDGE('',*,*,#787,.T.);
#592=ORIENTED_EDGE('',*,*,#786,.T.);
#593=ORIENTED_EDGE('',*,*,#788,.F.);
#594=ORIENTED_EDGE('',*,*,#789,.F.);
#595=ORIENTED_EDGE('',*,*,#789,.T.);
#596=ORIENTED_EDGE('',*,*,#788,.T.);
#597=EDGE_CURVE('',#790,#790,#979,.T.);
#598=EDGE_CURVE('',#791,#791,#980,.T.);
#599=EDGE_CURVE('',#792,#792,#981,.T.);
#600=EDGE_CURVE('',#793,#793,#982,.T.);
#601=EDGE_CURVE('',#794,#794,#983,.T.);
#602=EDGE_CURVE('',#795,#795,#984,.T.);
#603=EDGE_CURVE('',#796,#796,#985,.T.);
#604=EDGE_CURVE('',#797,#797,#986,.T.);
#605=EDGE_CURVE('',#798,#798,#987,.T.);
#606=EDGE_CURVE('',#799,#799,#988,.T.);
#607=EDGE_CURVE('',#800,#800,#989,.T.);
#608=EDGE_CURVE('',#801,#801,#990,.T.);
#609=EDGE_CURVE('',#802,#802,#991,.T.);
#610=EDGE_CURVE('',#803,#803,#992,.T.);
#611=EDGE_CURVE('',#804,#804,#993,.T.);
#612=EDGE_CURVE('',#805,#805,#994,.T.);
#613=EDGE_CURVE('',#806,#806,#995,.T.);
#614=EDGE_CURVE('',#807,#807,#996,.T.);
#615=EDGE_CURVE('',#808,#808,#997,.T.);
#616=EDGE_CURVE('',#809,#809,#998,.T.);
#617=EDGE_CURVE('',#810,#810,#999,.T.);
#618=EDGE_CURVE('',#811,#811,#1000,.T.);
#619=EDGE_CURVE('',#812,#812,#1001,.T.);
#620=EDGE_CURVE('',#813,#813,#1002,.T.);
#621=EDGE_CURVE('',#814,#814,#1003,.T.);
#622=EDGE_CURVE('',#815,#815,#1004,.T.);
#623=EDGE_CURVE('',#816,#816,#1005,.T.);
#624=EDGE_CURVE('',#817,#817,#1006,.T.);
#625=EDGE_CURVE('',#818,#818,#1007,.T.);
#626=EDGE_CURVE('',#819,#819,#1008,.T.);
#627=EDGE_CURVE('',#820,#820,#1009,.T.);
#628=EDGE_CURVE('',#821,#821,#1010,.T.);
#629=EDGE_CURVE('',#822,#822,#1011,.T.);
#630=EDGE_CURVE('',#823,#823,#1012,.T.);
#631=EDGE_CURVE('',#824,#824,#1013,.T.);
#632=EDGE_CURVE('',#825,#825,#1014,.T.);
#633=EDGE_CURVE('',#826,#826,#1015,.T.);
#634=EDGE_CURVE('',#827,#827,#1016,.T.);
#635=EDGE_CURVE('',#828,#828,#1017,.T.);
#636=EDGE_CURVE('',#829,#829,#1018,.T.);
#637=EDGE_CURVE('',#830,#830,#1019,.T.);
#638=EDGE_CURVE('',#831,#831,#1020,.T.);
#639=EDGE_CURVE('',#832,#832,#1021,.T.);
#640=EDGE_CURVE('',#833,#833,#1022,.T.);
#641=EDGE_CURVE('',#834,#834,#1023,.T.);
#642=EDGE_CURVE('',#835,#835,#1024,.T.);
#643=EDGE_CURVE('',#836,#836,#1025,.T.);
#644=EDGE_CURVE('',#837,#837,#1026,.T.);
#645=EDGE_CURVE('',#838,#838,#1027,.T.);
#646=EDGE_CURVE('',#839,#839,#1028,.T.);
#647=EDGE_CURVE('',#840,#840,#1029,.T.);
#648=EDGE_CURVE('',#841,#841,#1030,.T.);
#649=EDGE_CURVE('',#842,#842,#1031,.T.);
#650=EDGE_CURVE('',#843,#843,#1032,.T.);
#651=EDGE_CURVE('',#844,#844,#1033,.T.);
#652=EDGE_CURVE('',#845,#845,#1034,.T.);
#653=EDGE_CURVE('',#846,#846,#1035,.T.);
#654=EDGE_CURVE('',#847,#847,#1036,.T.);
#655=EDGE_CURVE('',#848,#848,#1037,.T.);
#656=EDGE_CURVE('',#849,#849,#1038,.T.);
#657=EDGE_CURVE('',#850,#850,#1039,.T.);
#658=EDGE_CURVE('',#851,#851,#1040,.T.);
#659=EDGE_CURVE('',#852,#852,#1041,.T.);
#660=EDGE_CURVE('',#853,#853,#1042,.T.);
#661=EDGE_CURVE('',#854,#854,#1043,.T.);
#662=EDGE_CURVE('',#855,#855,#1044,.T.);
#663=EDGE_CURVE('',#856,#856,#1045,.T.);
#664=EDGE_CURVE('',#857,#857,#1046,.T.);
#665=EDGE_CURVE('',#858,#858,#1047,.T.);
#666=EDGE_CURVE('',#859,#859,#1048,.T.);
#667=EDGE_CURVE('',#860,#860,#1049,.T.);
#668=EDGE_CURVE('',#861,#861,#1050,.T.);
#669=EDGE_CURVE('',#862,#862,#1051,.T.);
#670=EDGE_CURVE('',#863,#863,#1052,.T.);
#671=EDGE_CURVE('',#864,#864,#1053,.T.);
#672=EDGE_CURVE('',#865,#865,#1054,.T.);
#673=EDGE_CURVE('',#866,#866,#1055,.T.);
#674=EDGE_CURVE('',#867,#867,#1056,.T.);
#675=EDGE_CURVE('',#868,#868,#1057,.T.);
#676=EDGE_CURVE('',#869,#869,#1058,.T.);
#677=EDGE_CURVE('',#870,#870,#1059,.T.);
#678=EDGE_CURVE('',#871,#871,#1060,.T.);
#679=EDGE_CURVE('',#872,#872,#1061,.T.);
#680=EDGE_CURVE('',#873,#873,#1062,.T.);
#681=EDGE_CURVE('',#874,#874,#1063,.T.);
#682=EDGE_CURVE('',#875,#875,#1064,.T.);
#683=EDGE_CURVE('',#876,#876,#1065,.T.);
#684=EDGE_CURVE('',#877,#877,#1066,.T.);
#685=EDGE_CURVE('',#878,#878,#1067,.T.);
#686=EDGE_CURVE('',#879,#879,#1068,.T.);
#687=EDGE_CURVE('',#880,#880,#1069,.T.);
#688=EDGE_CURVE('',#881,#881,#1070,.T.);
#689=EDGE_CURVE('',#882,#882,#1071,.T.);
#690=EDGE_CURVE('',#883,#883,#1072,.T.);
#691=EDGE_CURVE('',#884,#884,#1073,.T.);
#692=EDGE_CURVE('',#885,#885,#1074,.T.);
#693=EDGE_CURVE('',#886,#886,#1075,.T.);
#694=EDGE_CURVE('',#887,#887,#1076,.T.);
#695=EDGE_CURVE('',#888,#888,#1077,.T.);
#696=EDGE_CURVE('',#889,#889,#1078,.T.);
#697=EDGE_CURVE('',#890,#890,#1079,.T.);
#698=EDGE_CURVE('',#891,#891,#1080,.T.);
#699=EDGE_CURVE('',#892,#892,#1081,.T.);
#700=EDGE_CURVE('',#893,#893,#1082,.T.);
#701=EDGE_CURVE('',#894,#894,#1083,.T.);
#702=EDGE_CURVE('',#895,#895,#1084,.T.);
#703=EDGE_CURVE('',#896,#896,#1085,.T.);
#704=EDGE_CURVE('',#897,#897,#1086,.T.);
#705=EDGE_CURVE('',#898,#898,#1087,.T.);
#706=EDGE_CURVE('',#899,#899,#1088,.T.);
#707=EDGE_CURVE('',#900,#900,#1089,.T.);
#708=EDGE_CURVE('',#901,#901,#1090,.T.);
#709=EDGE_CURVE('',#902,#902,#1091,.T.);
#710=EDGE_CURVE('',#903,#903,#1092,.T.);
#711=EDGE_CURVE('',#904,#904,#1093,.T.);
#712=EDGE_CURVE('',#905,#905,#1094,.T.);
#713=EDGE_CURVE('',#906,#906,#1095,.T.);
#714=EDGE_CURVE('',#907,#907,#1096,.T.);
#715=EDGE_CURVE('',#908,#908,#1097,.T.);
#716=EDGE_CURVE('',#909,#909,#1098,.T.);
#717=EDGE_CURVE('',#910,#910,#1099,.T.);
#718=EDGE_CURVE('',#911,#911,#1100,.T.);
#719=EDGE_CURVE('',#912,#912,#1101,.T.);
#720=EDGE_CURVE('',#913,#913,#1102,.T.);
#721=EDGE_CURVE('',#914,#914,#1103,.T.);
#722=EDGE_CURVE('',#915,#915,#1104,.T.);
#723=EDGE_CURVE('',#916,#916,#1105,.T.);
#724=EDGE_CURVE('',#917,#917,#1106,.T.);
#725=EDGE_CURVE('',#918,#918,#1107,.T.);
#726=EDGE_CURVE('',#919,#919,#37,.T.);
#727=EDGE_CURVE('',#920,#920,#38,.F.);
#728=EDGE_CURVE('',#921,#921,#39,.F.);
#729=EDGE_CURVE('',#922,#922,#40,.T.);
#730=EDGE_CURVE('',#923,#923,#1108,.T.);
#731=EDGE_CURVE('',#924,#924,#41,.F.);
#732=EDGE_CURVE('',#925,#925,#42,.F.);
#733=EDGE_CURVE('',#926,#926,#1109,.T.);
#734=EDGE_CURVE('',#927,#927,#1110,.T.);
#735=EDGE_CURVE('',#928,#928,#43,.T.);
#736=EDGE_CURVE('',#929,#929,#44,.T.);
#737=EDGE_CURVE('',#930,#930,#1111,.T.);
#738=EDGE_CURVE('',#931,#931,#1112,.T.);
#739=EDGE_CURVE('',#932,#932,#1113,.T.);
#740=EDGE_CURVE('',#933,#933,#1114,.T.);
#741=EDGE_CURVE('',#934,#934,#1115,.T.);
#742=EDGE_CURVE('',#935,#935,#1116,.T.);
#743=EDGE_CURVE('',#936,#936,#1117,.T.);
#744=EDGE_CURVE('',#937,#937,#1118,.T.);
#745=EDGE_CURVE('',#938,#938,#1119,.T.);
#746=EDGE_CURVE('',#939,#939,#1120,.T.);
#747=EDGE_CURVE('',#940,#940,#1121,.T.);
#748=EDGE_CURVE('',#941,#941,#1122,.T.);
#749=EDGE_CURVE('',#942,#942,#1123,.T.);
#750=EDGE_CURVE('',#943,#943,#1124,.T.);
#751=EDGE_CURVE('',#944,#944,#1125,.T.);
#752=EDGE_CURVE('',#945,#945,#1126,.T.);
#753=EDGE_CURVE('',#946,#946,#1127,.T.);
#754=EDGE_CURVE('',#947,#947,#1128,.T.);
#755=EDGE_CURVE('',#948,#949,#21,.T.);
#756=EDGE_CURVE('',#949,#950,#1129,.T.);
#757=EDGE_CURVE('',#950,#951,#22,.T.);
#758=EDGE_CURVE('',#951,#948,#1130,.T.);
#759=EDGE_CURVE('',#952,#952,#1131,.T.);
#760=EDGE_CURVE('',#953,#953,#1132,.T.);
#761=EDGE_CURVE('',#954,#954,#1133,.T.);
#762=EDGE_CURVE('',#955,#955,#1134,.T.);
#763=EDGE_CURVE('',#956,#956,#1135,.T.);
#764=EDGE_CURVE('',#957,#957,#1136,.T.);
#765=EDGE_CURVE('',#958,#958,#1137,.T.);
#766=EDGE_CURVE('',#959,#959,#1138,.T.);
#767=EDGE_CURVE('',#960,#960,#1139,.T.);
#768=EDGE_CURVE('',#961,#961,#1140,.T.);
#769=EDGE_CURVE('',#962,#962,#1141,.T.);
#770=EDGE_CURVE('',#963,#963,#1142,.T.);
#771=EDGE_CURVE('',#964,#964,#1143,.T.);
#772=EDGE_CURVE('',#965,#965,#1144,.T.);
#773=EDGE_CURVE('',#966,#966,#1145,.T.);
#774=EDGE_CURVE('',#967,#949,#23,.T.);
#775=EDGE_CURVE('',#967,#968,#1146,.T.);
#776=EDGE_CURVE('',#950,#968,#24,.T.);
#777=EDGE_CURVE('',#948,#969,#25,.T.);
#778=EDGE_CURVE('',#967,#969,#26,.T.);
#779=EDGE_CURVE('',#969,#970,#1147,.T.);
#780=EDGE_CURVE('',#968,#970,#27,.T.);
#781=EDGE_CURVE('',#970,#951,#28,.T.);
#782=EDGE_CURVE('',#971,#971,#1148,.T.);
#783=EDGE_CURVE('',#972,#972,#1149,.T.);
#784=EDGE_CURVE('',#973,#973,#1150,.T.);
#785=EDGE_CURVE('',#974,#974,#1151,.T.);
#786=EDGE_CURVE('',#975,#975,#1152,.T.);
#787=EDGE_CURVE('',#976,#976,#1153,.T.);
#788=EDGE_CURVE('',#977,#977,#1154,.T.);
#789=EDGE_CURVE('',#978,#978,#1155,.T.);
#790=VERTEX_POINT('',#3548);
#791=VERTEX_POINT('',#3550);
#792=VERTEX_POINT('',#3553);
#793=VERTEX_POINT('',#3556);
#794=VERTEX_POINT('',#3558);
#795=VERTEX_POINT('',#3561);
#796=VERTEX_POINT('',#3563);
#797=VERTEX_POINT('',#3571);
#798=VERTEX_POINT('',#3573);
#799=VERTEX_POINT('',#3576);
#800=VERTEX_POINT('',#3578);
#801=VERTEX_POINT('',#3581);
#802=VERTEX_POINT('',#3583);
#803=VERTEX_POINT('',#3586);
#804=VERTEX_POINT('',#3589);
#805=VERTEX_POINT('',#3592);
#806=VERTEX_POINT('',#3594);
#807=VERTEX_POINT('',#3597);
#808=VERTEX_POINT('',#3600);
#809=VERTEX_POINT('',#3603);
#810=VERTEX_POINT('',#3605);
#811=VERTEX_POINT('',#3608);
#812=VERTEX_POINT('',#3611);
#813=VERTEX_POINT('',#3614);
#814=VERTEX_POINT('',#3616);
#815=VERTEX_POINT('',#3619);
#816=VERTEX_POINT('',#3622);
#817=VERTEX_POINT('',#3625);
#818=VERTEX_POINT('',#3627);
#819=VERTEX_POINT('',#3630);
#820=VERTEX_POINT('',#3633);
#821=VERTEX_POINT('',#3636);
#822=VERTEX_POINT('',#3638);
#823=VERTEX_POINT('',#3641);
#824=VERTEX_POINT('',#3644);
#825=VERTEX_POINT('',#3647);
#826=VERTEX_POINT('',#3649);
#827=VERTEX_POINT('',#3652);
#828=VERTEX_POINT('',#3655);
#829=VERTEX_POINT('',#3658);
#830=VERTEX_POINT('',#3660);
#831=VERTEX_POINT('',#3663);
#832=VERTEX_POINT('',#3666);
#833=VERTEX_POINT('',#3669);
#834=VERTEX_POINT('',#3671);
#835=VERTEX_POINT('',#3674);
#836=VERTEX_POINT('',#3677);
#837=VERTEX_POINT('',#3680);
#838=VERTEX_POINT('',#3682);
#839=VERTEX_POINT('',#3685);
#840=VERTEX_POINT('',#3688);
#841=VERTEX_POINT('',#3691);
#842=VERTEX_POINT('',#3693);
#843=VERTEX_POINT('',#3696);
#844=VERTEX_POINT('',#3699);
#845=VERTEX_POINT('',#3702);
#846=VERTEX_POINT('',#3704);
#847=VERTEX_POINT('',#3707);
#848=VERTEX_POINT('',#3710);
#849=VERTEX_POINT('',#3713);
#850=VERTEX_POINT('',#3715);
#851=VERTEX_POINT('',#3718);
#852=VERTEX_POINT('',#3721);
#853=VERTEX_POINT('',#3724);
#854=VERTEX_POINT('',#3726);
#855=VERTEX_POINT('',#3729);
#856=VERTEX_POINT('',#3732);
#857=VERTEX_POINT('',#3735);
#858=VERTEX_POINT('',#3737);
#859=VERTEX_POINT('',#3740);
#860=VERTEX_POINT('',#3743);
#861=VERTEX_POINT('',#3746);
#862=VERTEX_POINT('',#3748);
#863=VERTEX_POINT('',#3751);
#864=VERTEX_POINT('',#3754);
#865=VERTEX_POINT('',#3757);
#866=VERTEX_POINT('',#3759);
#867=VERTEX_POINT('',#3762);
#868=VERTEX_POINT('',#3765);
#869=VERTEX_POINT('',#3768);
#870=VERTEX_POINT('',#3770);
#871=VERTEX_POINT('',#3773);
#872=VERTEX_POINT('',#3776);
#873=VERTEX_POINT('',#3779);
#874=VERTEX_POINT('',#3781);
#875=VERTEX_POINT('',#3784);
#876=VERTEX_POINT('',#3787);
#877=VERTEX_POINT('',#3790);
#878=VERTEX_POINT('',#3792);
#879=VERTEX_POINT('',#3795);
#880=VERTEX_POINT('',#3798);
#881=VERTEX_POINT('',#3801);
#882=VERTEX_POINT('',#3803);
#883=VERTEX_POINT('',#3806);
#884=VERTEX_POINT('',#3809);
#885=VERTEX_POINT('',#3812);
#886=VERTEX_POINT('',#3814);
#887=VERTEX_POINT('',#3817);
#888=VERTEX_POINT('',#3820);
#889=VERTEX_POINT('',#3823);
#890=VERTEX_POINT('',#3825);
#891=VERTEX_POINT('',#3828);
#892=VERTEX_POINT('',#3831);
#893=VERTEX_POINT('',#3834);
#894=VERTEX_POINT('',#3836);
#895=VERTEX_POINT('',#3839);
#896=VERTEX_POINT('',#3843);
#897=VERTEX_POINT('',#3845);
#898=VERTEX_POINT('',#3872);
#899=VERTEX_POINT('',#3874);
#900=VERTEX_POINT('',#3882);
#901=VERTEX_POINT('',#3884);
#902=VERTEX_POINT('',#3887);
#903=VERTEX_POINT('',#3889);
#904=VERTEX_POINT('',#3892);
#905=VERTEX_POINT('',#3894);
#906=VERTEX_POINT('',#3897);
#907=VERTEX_POINT('',#3899);
#908=VERTEX_POINT('',#3902);
#909=VERTEX_POINT('',#3904);
#910=VERTEX_POINT('',#3907);
#911=VERTEX_POINT('',#3909);
#912=VERTEX_POINT('',#3912);
#913=VERTEX_POINT('',#3914);
#914=VERTEX_POINT('',#3917);
#915=VERTEX_POINT('',#3919);
#916=VERTEX_POINT('',#3922);
#917=VERTEX_POINT('',#3924);
#918=VERTEX_POINT('',#3927);
#919=VERTEX_POINT('',#3940);
#920=VERTEX_POINT('',#3952);
#921=VERTEX_POINT('',#3965);
#922=VERTEX_POINT('',#3977);
#923=VERTEX_POINT('',#3980);
#924=VERTEX_POINT('',#3993);
#925=VERTEX_POINT('',#4005);
#926=VERTEX_POINT('',#4007);
#927=VERTEX_POINT('',#4009);
#928=VERTEX_POINT('',#4022);
#929=VERTEX_POINT('',#4035);
#930=VERTEX_POINT('',#4038);
#931=VERTEX_POINT('',#4040);
#932=VERTEX_POINT('',#4043);
#933=VERTEX_POINT('',#4045);
#934=VERTEX_POINT('',#4048);
#935=VERTEX_POINT('',#4050);
#936=VERTEX_POINT('',#4053);
#937=VERTEX_POINT('',#4055);
#938=VERTEX_POINT('',#4058);
#939=VERTEX_POINT('',#4062);
#940=VERTEX_POINT('',#4066);
#941=VERTEX_POINT('',#4070);
#942=VERTEX_POINT('',#4074);
#943=VERTEX_POINT('',#4077);
#944=VERTEX_POINT('',#4091);
#945=VERTEX_POINT('',#4093);
#946=VERTEX_POINT('',#4096);
#947=VERTEX_POINT('',#4099);
#948=VERTEX_POINT('',#4101);
#949=VERTEX_POINT('',#4102);
#950=VERTEX_POINT('',#4104);
#951=VERTEX_POINT('',#4106);
#952=VERTEX_POINT('',#4109);
#953=VERTEX_POINT('',#4112);
#954=VERTEX_POINT('',#4115);
#955=VERTEX_POINT('',#4117);
#956=VERTEX_POINT('',#4120);
#957=VERTEX_POINT('',#4122);
#958=VERTEX_POINT('',#4125);
#959=VERTEX_POINT('',#4127);
#960=VERTEX_POINT('',#4130);
#961=VERTEX_POINT('',#4133);
#962=VERTEX_POINT('',#4135);
#963=VERTEX_POINT('',#4138);
#964=VERTEX_POINT('',#4141);
#965=VERTEX_POINT('',#4143);
#966=VERTEX_POINT('',#4146);
#967=VERTEX_POINT('',#4149);
#968=VERTEX_POINT('',#4151);
#969=VERTEX_POINT('',#4155);
#970=VERTEX_POINT('',#4159);
#971=VERTEX_POINT('',#4175);
#972=VERTEX_POINT('',#4177);
#973=VERTEX_POINT('',#4183);
#974=VERTEX_POINT('',#4185);
#975=VERTEX_POINT('',#4191);
#976=VERTEX_POINT('',#4193);
#977=VERTEX_POINT('',#4199);
#978=VERTEX_POINT('',#4201);
#979=CIRCLE('',#2414,7.73064);
#980=CIRCLE('',#2415,8.030594);
#981=CIRCLE('',#2417,8.2);
#982=CIRCLE('',#2419,7.65);
#983=CIRCLE('',#2420,7.65);
#984=CIRCLE('',#2422,7.225);
#985=CIRCLE('',#2423,7.275);
#986=CIRCLE('',#2430,8.98989498249708);
#987=CIRCLE('',#2431,8.25);
#988=CIRCLE('',#2433,9.);
#989=CIRCLE('',#2434,9.);
#990=CIRCLE('',#2436,9.);
#991=CIRCLE('',#2437,9.);
#992=CIRCLE('',#2439,8.25);
#993=CIRCLE('',#2441,8.25);
#994=CIRCLE('',#2443,9.);
#995=CIRCLE('',#2444,9.);
#996=CIRCLE('',#2446,8.25);
#997=CIRCLE('',#2448,8.25);
#998=CIRCLE('',#2450,9.);
#999=CIRCLE('',#2451,9.);
#1000=CIRCLE('',#2453,8.25);
#1001=CIRCLE('',#2455,8.25);
#1002=CIRCLE('',#2457,9.);
#1003=CIRCLE('',#2458,9.);
#1004=CIRCLE('',#2460,8.25);
#1005=CIRCLE('',#2462,8.25);
#1006=CIRCLE('',#2464,9.);
#1007=CIRCLE('',#2465,9.);
#1008=CIRCLE('',#2467,8.25);
#1009=CIRCLE('',#2469,8.25);
#1010=CIRCLE('',#2471,9.);
#1011=CIRCLE('',#2472,9.);
#1012=CIRCLE('',#2474,8.25);
#1013=CIRCLE('',#2476,8.25);
#1014=CIRCLE('',#2478,9.);
#1015=CIRCLE('',#2479,9.);
#1016=CIRCLE('',#2481,8.25);
#1017=CIRCLE('',#2483,8.25);
#1018=CIRCLE('',#2485,9.);
#1019=CIRCLE('',#2486,9.);
#1020=CIRCLE('',#2488,8.25);
#1021=CIRCLE('',#2490,8.25);
#1022=CIRCLE('',#2492,9.);
#1023=CIRCLE('',#2493,9.);
#1024=CIRCLE('',#2495,8.25);
#1025=CIRCLE('',#2497,8.25);
#1026=CIRCLE('',#2499,9.);
#1027=CIRCLE('',#2500,9.);
#1028=CIRCLE('',#2502,8.25);
#1029=CIRCLE('',#2504,8.25);
#1030=CIRCLE('',#2506,9.);
#1031=CIRCLE('',#2507,9.);
#1032=CIRCLE('',#2509,8.25);
#1033=CIRCLE('',#2511,8.25);
#1034=CIRCLE('',#2513,9.);
#1035=CIRCLE('',#2514,9.);
#1036=CIRCLE('',#2516,8.25);
#1037=CIRCLE('',#2518,8.25);
#1038=CIRCLE('',#2520,9.);
#1039=CIRCLE('',#2521,9.);
#1040=CIRCLE('',#2523,8.25);
#1041=CIRCLE('',#2525,8.25);
#1042=CIRCLE('',#2527,9.);
#1043=CIRCLE('',#2528,9.);
#1044=CIRCLE('',#2530,8.25);
#1045=CIRCLE('',#2532,8.25);
#1046=CIRCLE('',#2534,9.);
#1047=CIRCLE('',#2535,9.);
#1048=CIRCLE('',#2537,8.25);
#1049=CIRCLE('',#2539,8.25);
#1050=CIRCLE('',#2541,9.);
#1051=CIRCLE('',#2542,9.);
#1052=CIRCLE('',#2544,8.25);
#1053=CIRCLE('',#2546,8.25);
#1054=CIRCLE('',#2548,9.);
#1055=CIRCLE('',#2549,9.);
#1056=CIRCLE('',#2551,8.25);
#1057=CIRCLE('',#2553,8.25);
#1058=CIRCLE('',#2555,9.);
#1059=CIRCLE('',#2556,9.);
#1060=CIRCLE('',#2558,8.25);
#1061=CIRCLE('',#2560,8.25);
#1062=CIRCLE('',#2562,9.);
#1063=CIRCLE('',#2563,9.);
#1064=CIRCLE('',#2565,8.25);
#1065=CIRCLE('',#2567,8.25);
#1066=CIRCLE('',#2569,9.);
#1067=CIRCLE('',#2570,9.);
#1068=CIRCLE('',#2572,8.25);
#1069=CIRCLE('',#2574,8.25);
#1070=CIRCLE('',#2576,9.);
#1071=CIRCLE('',#2577,9.);
#1072=CIRCLE('',#2579,8.25);
#1073=CIRCLE('',#2581,8.25);
#1074=CIRCLE('',#2583,9.);
#1075=CIRCLE('',#2584,9.);
#1076=CIRCLE('',#2586,8.25);
#1077=CIRCLE('',#2588,8.25);
#1078=CIRCLE('',#2590,9.);
#1079=CIRCLE('',#2591,9.);
#1080=CIRCLE('',#2593,8.25);
#1081=CIRCLE('',#2595,8.25);
#1082=CIRCLE('',#2597,8.55462857142856);
#1083=CIRCLE('',#2598,8.25);
#1084=CIRCLE('',#2600,8.25);
#1085=CIRCLE('',#2603,8.25);
#1086=CIRCLE('',#2604,8.25);
#1087=CIRCLE('',#2630,4.875);
#1088=CIRCLE('',#2631,4.875);
#1089=CIRCLE('',#2638,4.85);
#1090=CIRCLE('',#2639,6.35);
#1091=CIRCLE('',#2641,4.95);
#1092=CIRCLE('',#2642,4.875);
#1093=CIRCLE('',#2644,5.400002);
#1094=CIRCLE('',#2645,5.93835959529089);
#1095=CIRCLE('',#2647,8.25);
#1096=CIRCLE('',#2648,8.25);
#1097=CIRCLE('',#2650,7.3);
#1098=CIRCLE('',#2651,7.3);
#1099=CIRCLE('',#2653,7.74);
#1100=CIRCLE('',#2654,7.74);
#1101=CIRCLE('',#2656,7.6);
#1102=CIRCLE('',#2657,7.6);
#1103=CIRCLE('',#2659,6.9);
#1104=CIRCLE('',#2660,6.9);
#1105=CIRCLE('',#2662,7.6);
#1106=CIRCLE('',#2663,7.6);
#1107=CIRCLE('',#2665,7.3);
#1108=CIRCLE('',#2669,4.85);
#1109=CIRCLE('',#2671,5.3);
#1110=CIRCLE('',#2672,5.3);
#1111=CIRCLE('',#2676,6.);
#1112=CIRCLE('',#2677,6.);
#1113=CIRCLE('',#2679,6.);
#1114=CIRCLE('',#2680,6.);
#1115=CIRCLE('',#2682,6.);
#1116=CIRCLE('',#2683,6.);
#1117=CIRCLE('',#2685,6.);
#1118=CIRCLE('',#2686,6.);
#1119=CIRCLE('',#2688,5.1);
#1120=CIRCLE('',#2691,5.1);
#1121=CIRCLE('',#2694,5.1);
#1122=CIRCLE('',#2697,5.1);
#1123=CIRCLE('',#2700,5.1);
#1124=CIRCLE('',#2702,4.875);
#1125=CIRCLE('',#2715,4.9);
#1126=CIRCLE('',#2716,4.8);
#1127=CIRCLE('',#2718,4.8);
#1128=CIRCLE('',#2720,4.25);
#1129=CIRCLE('',#2721,4.25);
#1130=CIRCLE('',#2722,4.25);
#1131=CIRCLE('',#2723,4.25);
#1132=CIRCLE('',#2725,4.450003);
#1133=CIRCLE('',#2727,5.3);
#1134=CIRCLE('',#2728,5.3);
#1135=CIRCLE('',#2730,4.8);
#1136=CIRCLE('',#2731,4.8);
#1137=CIRCLE('',#2733,0.5100001614);
#1138=CIRCLE('',#2734,0.316385968601652);
#1139=CIRCLE('',#2736,0.5100001614);
#1140=CIRCLE('',#2738,0.5100001614);
#1141=CIRCLE('',#2739,0.316385968601652);
#1142=CIRCLE('',#2741,0.5100001614);
#1143=CIRCLE('',#2743,0.5100001614);
#1144=CIRCLE('',#2744,0.316386);
#1145=CIRCLE('',#2746,0.5100001614);
#1146=CIRCLE('',#2748,0.5750000346);
#1147=CIRCLE('',#2751,0.5750000346);
#1148=CIRCLE('',#2764,1.23);
#1149=CIRCLE('',#2765,1.23);
#1150=CIRCLE('',#2770,1.23);
#1151=CIRCLE('',#2771,1.23);
#1152=CIRCLE('',#2776,1.23);
#1153=CIRCLE('',#2777,1.23);
#1154=CIRCLE('',#2782,1.23);
#1155=CIRCLE('',#2783,1.23);
#1156=EDGE_LOOP('',(#211));
#1157=EDGE_LOOP('',(#212));
#1158=EDGE_LOOP('',(#213));
#1159=EDGE_LOOP('',(#214));
#1160=EDGE_LOOP('',(#215));
#1161=EDGE_LOOP('',(#216));
#1162=EDGE_LOOP('',(#217));
#1163=EDGE_LOOP('',(#218));
#1164=EDGE_LOOP('',(#219));
#1165=EDGE_LOOP('',(#220));
#1166=EDGE_LOOP('',(#221));
#1167=EDGE_LOOP('',(#222));
#1168=EDGE_LOOP('',(#223));
#1169=EDGE_LOOP('',(#224));
#1170=EDGE_LOOP('',(#225));
#1171=EDGE_LOOP('',(#226));
#1172=EDGE_LOOP('',(#227));
#1173=EDGE_LOOP('',(#228));
#1174=EDGE_LOOP('',(#229));
#1175=EDGE_LOOP('',(#230));
#1176=EDGE_LOOP('',(#231));
#1177=EDGE_LOOP('',(#232));
#1178=EDGE_LOOP('',(#233));
#1179=EDGE_LOOP('',(#234));
#1180=EDGE_LOOP('',(#235));
#1181=EDGE_LOOP('',(#236));
#1182=EDGE_LOOP('',(#237));
#1183=EDGE_LOOP('',(#238));
#1184=EDGE_LOOP('',(#239));
#1185=EDGE_LOOP('',(#240));
#1186=EDGE_LOOP('',(#241));
#1187=EDGE_LOOP('',(#242));
#1188=EDGE_LOOP('',(#243));
#1189=EDGE_LOOP('',(#244));
#1190=EDGE_LOOP('',(#245));
#1191=EDGE_LOOP('',(#246));
#1192=EDGE_LOOP('',(#247));
#1193=EDGE_LOOP('',(#248));
#1194=EDGE_LOOP('',(#249));
#1195=EDGE_LOOP('',(#250));
#1196=EDGE_LOOP('',(#251));
#1197=EDGE_LOOP('',(#252));
#1198=EDGE_LOOP('',(#253));
#1199=EDGE_LOOP('',(#254));
#1200=EDGE_LOOP('',(#255));
#1201=EDGE_LOOP('',(#256));
#1202=EDGE_LOOP('',(#257));
#1203=EDGE_LOOP('',(#258));
#1204=EDGE_LOOP('',(#259));
#1205=EDGE_LOOP('',(#260));
#1206=EDGE_LOOP('',(#261));
#1207=EDGE_LOOP('',(#262));
#1208=EDGE_LOOP('',(#263));
#1209=EDGE_LOOP('',(#264));
#1210=EDGE_LOOP('',(#265));
#1211=EDGE_LOOP('',(#266));
#1212=EDGE_LOOP('',(#267));
#1213=EDGE_LOOP('',(#268));
#1214=EDGE_LOOP('',(#269));
#1215=EDGE_LOOP('',(#270));
#1216=EDGE_LOOP('',(#271));
#1217=EDGE_LOOP('',(#272));
#1218=EDGE_LOOP('',(#273));
#1219=EDGE_LOOP('',(#274));
#1220=EDGE_LOOP('',(#275));
#1221=EDGE_LOOP('',(#276));
#1222=EDGE_LOOP('',(#277));
#1223=EDGE_LOOP('',(#278));
#1224=EDGE_LOOP('',(#279));
#1225=EDGE_LOOP('',(#280));
#1226=EDGE_LOOP('',(#281));
#1227=EDGE_LOOP('',(#282));
#1228=EDGE_LOOP('',(#283));
#1229=EDGE_LOOP('',(#284));
#1230=EDGE_LOOP('',(#285));
#1231=EDGE_LOOP('',(#286));
#1232=EDGE_LOOP('',(#287));
#1233=EDGE_LOOP('',(#288));
#1234=EDGE_LOOP('',(#289));
#1235=EDGE_LOOP('',(#290));
#1236=EDGE_LOOP('',(#291));
#1237=EDGE_LOOP('',(#292));
#1238=EDGE_LOOP('',(#293));
#1239=EDGE_LOOP('',(#294));
#1240=EDGE_LOOP('',(#295));
#1241=EDGE_LOOP('',(#296));
#1242=EDGE_LOOP('',(#297));
#1243=EDGE_LOOP('',(#298));
#1244=EDGE_LOOP('',(#299));
#1245=EDGE_LOOP('',(#300));
#1246=EDGE_LOOP('',(#301));
#1247=EDGE_LOOP('',(#302));
#1248=EDGE_LOOP('',(#303));
#1249=EDGE_LOOP('',(#304));
#1250=EDGE_LOOP('',(#305));
#1251=EDGE_LOOP('',(#306));
#1252=EDGE_LOOP('',(#307));
#1253=EDGE_LOOP('',(#308));
#1254=EDGE_LOOP('',(#309));
#1255=EDGE_LOOP('',(#310));
#1256=EDGE_LOOP('',(#311));
#1257=EDGE_LOOP('',(#312));
#1258=EDGE_LOOP('',(#313));
#1259=EDGE_LOOP('',(#314));
#1260=EDGE_LOOP('',(#315));
#1261=EDGE_LOOP('',(#316));
#1262=EDGE_LOOP('',(#317));
#1263=EDGE_LOOP('',(#318));
#1264=EDGE_LOOP('',(#319));
#1265=EDGE_LOOP('',(#320));
#1266=EDGE_LOOP('',(#321));
#1267=EDGE_LOOP('',(#322));
#1268=EDGE_LOOP('',(#323));
#1269=EDGE_LOOP('',(#324));
#1270=EDGE_LOOP('',(#325));
#1271=EDGE_LOOP('',(#326));
#1272=EDGE_LOOP('',(#327));
#1273=EDGE_LOOP('',(#328));
#1274=EDGE_LOOP('',(#329));
#1275=EDGE_LOOP('',(#330));
#1276=EDGE_LOOP('',(#331));
#1277=EDGE_LOOP('',(#332));
#1278=EDGE_LOOP('',(#333));
#1279=EDGE_LOOP('',(#334));
#1280=EDGE_LOOP('',(#335));
#1281=EDGE_LOOP('',(#336));
#1282=EDGE_LOOP('',(#337));
#1283=EDGE_LOOP('',(#338));
#1284=EDGE_LOOP('',(#339));
#1285=EDGE_LOOP('',(#340));
#1286=EDGE_LOOP('',(#341));
#1287=EDGE_LOOP('',(#342));
#1288=EDGE_LOOP('',(#343));
#1289=EDGE_LOOP('',(#344));
#1290=EDGE_LOOP('',(#345));
#1291=EDGE_LOOP('',(#346));
#1292=EDGE_LOOP('',(#347));
#1293=EDGE_LOOP('',(#348));
#1294=EDGE_LOOP('',(#349));
#1295=EDGE_LOOP('',(#350));
#1296=EDGE_LOOP('',(#351));
#1297=EDGE_LOOP('',(#352));
#1298=EDGE_LOOP('',(#353));
#1299=EDGE_LOOP('',(#354));
#1300=EDGE_LOOP('',(#355));
#1301=EDGE_LOOP('',(#356));
#1302=EDGE_LOOP('',(#357));
#1303=EDGE_LOOP('',(#358));
#1304=EDGE_LOOP('',(#359));
#1305=EDGE_LOOP('',(#360));
#1306=EDGE_LOOP('',(#361));
#1307=EDGE_LOOP('',(#362));
#1308=EDGE_LOOP('',(#363));
#1309=EDGE_LOOP('',(#364));
#1310=EDGE_LOOP('',(#365));
#1311=EDGE_LOOP('',(#366));
#1312=EDGE_LOOP('',(#367));
#1313=EDGE_LOOP('',(#368));
#1314=EDGE_LOOP('',(#369));
#1315=EDGE_LOOP('',(#370));
#1316=EDGE_LOOP('',(#371));
#1317=EDGE_LOOP('',(#372));
#1318=EDGE_LOOP('',(#373));
#1319=EDGE_LOOP('',(#374));
#1320=EDGE_LOOP('',(#375));
#1321=EDGE_LOOP('',(#376));
#1322=EDGE_LOOP('',(#377));
#1323=EDGE_LOOP('',(#378));
#1324=EDGE_LOOP('',(#379));
#1325=EDGE_LOOP('',(#380));
#1326=EDGE_LOOP('',(#381));
#1327=EDGE_LOOP('',(#382));
#1328=EDGE_LOOP('',(#383));
#1329=EDGE_LOOP('',(#384));
#1330=EDGE_LOOP('',(#385));
#1331=EDGE_LOOP('',(#386));
#1332=EDGE_LOOP('',(#387));
#1333=EDGE_LOOP('',(#388));
#1334=EDGE_LOOP('',(#389));
#1335=EDGE_LOOP('',(#390));
#1336=EDGE_LOOP('',(#391));
#1337=EDGE_LOOP('',(#392));
#1338=EDGE_LOOP('',(#393));
#1339=EDGE_LOOP('',(#394));
#1340=EDGE_LOOP('',(#395));
#1341=EDGE_LOOP('',(#396));
#1342=EDGE_LOOP('',(#397));
#1343=EDGE_LOOP('',(#398));
#1344=EDGE_LOOP('',(#399));
#1345=EDGE_LOOP('',(#400));
#1346=EDGE_LOOP('',(#401));
#1347=EDGE_LOOP('',(#402));
#1348=EDGE_LOOP('',(#403));
#1349=EDGE_LOOP('',(#404));
#1350=EDGE_LOOP('',(#405));
#1351=EDGE_LOOP('',(#406));
#1352=EDGE_LOOP('',(#407));
#1353=EDGE_LOOP('',(#408));
#1354=EDGE_LOOP('',(#409));
#1355=EDGE_LOOP('',(#410));
#1356=EDGE_LOOP('',(#411));
#1357=EDGE_LOOP('',(#412));
#1358=EDGE_LOOP('',(#413));
#1359=EDGE_LOOP('',(#414));
#1360=EDGE_LOOP('',(#415));
#1361=EDGE_LOOP('',(#416));
#1362=EDGE_LOOP('',(#417));
#1363=EDGE_LOOP('',(#418));
#1364=EDGE_LOOP('',(#419));
#1365=EDGE_LOOP('',(#420));
#1366=EDGE_LOOP('',(#421));
#1367=EDGE_LOOP('',(#422));
#1368=EDGE_LOOP('',(#423));
#1369=EDGE_LOOP('',(#424));
#1370=EDGE_LOOP('',(#425));
#1371=EDGE_LOOP('',(#426));
#1372=EDGE_LOOP('',(#427));
#1373=EDGE_LOOP('',(#428));
#1374=EDGE_LOOP('',(#429));
#1375=EDGE_LOOP('',(#430));
#1376=EDGE_LOOP('',(#431));
#1377=EDGE_LOOP('',(#432));
#1378=EDGE_LOOP('',(#433));
#1379=EDGE_LOOP('',(#434));
#1380=EDGE_LOOP('',(#435));
#1381=EDGE_LOOP('',(#436));
#1382=EDGE_LOOP('',(#437));
#1383=EDGE_LOOP('',(#438));
#1384=EDGE_LOOP('',(#439));
#1385=EDGE_LOOP('',(#440));
#1386=EDGE_LOOP('',(#441));
#1387=EDGE_LOOP('',(#442));
#1388=EDGE_LOOP('',(#443));
#1389=EDGE_LOOP('',(#444));
#1390=EDGE_LOOP('',(#445));
#1391=EDGE_LOOP('',(#446));
#1392=EDGE_LOOP('',(#447));
#1393=EDGE_LOOP('',(#448));
#1394=EDGE_LOOP('',(#449));
#1395=EDGE_LOOP('',(#450));
#1396=EDGE_LOOP('',(#451));
#1397=EDGE_LOOP('',(#452));
#1398=EDGE_LOOP('',(#453));
#1399=EDGE_LOOP('',(#454));
#1400=EDGE_LOOP('',(#455));
#1401=EDGE_LOOP('',(#456));
#1402=EDGE_LOOP('',(#457));
#1403=EDGE_LOOP('',(#458));
#1404=EDGE_LOOP('',(#459));
#1405=EDGE_LOOP('',(#460));
#1406=EDGE_LOOP('',(#461));
#1407=EDGE_LOOP('',(#462));
#1408=EDGE_LOOP('',(#463));
#1409=EDGE_LOOP('',(#464));
#1410=EDGE_LOOP('',(#465));
#1411=EDGE_LOOP('',(#466));
#1412=EDGE_LOOP('',(#467));
#1413=EDGE_LOOP('',(#468));
#1414=EDGE_LOOP('',(#469));
#1415=EDGE_LOOP('',(#470));
#1416=EDGE_LOOP('',(#471));
#1417=EDGE_LOOP('',(#472));
#1418=EDGE_LOOP('',(#473));
#1419=EDGE_LOOP('',(#474));
#1420=EDGE_LOOP('',(#475));
#1421=EDGE_LOOP('',(#476));
#1422=EDGE_LOOP('',(#477));
#1423=EDGE_LOOP('',(#478));
#1424=EDGE_LOOP('',(#479));
#1425=EDGE_LOOP('',(#480));
#1426=EDGE_LOOP('',(#481));
#1427=EDGE_LOOP('',(#482));
#1428=EDGE_LOOP('',(#483));
#1429=EDGE_LOOP('',(#484));
#1430=EDGE_LOOP('',(#485));
#1431=EDGE_LOOP('',(#486));
#1432=EDGE_LOOP('',(#487));
#1433=EDGE_LOOP('',(#488));
#1434=EDGE_LOOP('',(#489));
#1435=EDGE_LOOP('',(#490));
#1436=EDGE_LOOP('',(#491));
#1437=EDGE_LOOP('',(#492));
#1438=EDGE_LOOP('',(#493));
#1439=EDGE_LOOP('',(#494));
#1440=EDGE_LOOP('',(#495));
#1441=EDGE_LOOP('',(#496));
#1442=EDGE_LOOP('',(#497));
#1443=EDGE_LOOP('',(#498));
#1444=EDGE_LOOP('',(#499));
#1445=EDGE_LOOP('',(#500));
#1446=EDGE_LOOP('',(#501));
#1447=EDGE_LOOP('',(#502));
#1448=EDGE_LOOP('',(#503));
#1449=EDGE_LOOP('',(#504));
#1450=EDGE_LOOP('',(#505));
#1451=EDGE_LOOP('',(#506));
#1452=EDGE_LOOP('',(#507));
#1453=EDGE_LOOP('',(#508));
#1454=EDGE_LOOP('',(#509));
#1455=EDGE_LOOP('',(#510));
#1456=EDGE_LOOP('',(#511));
#1457=EDGE_LOOP('',(#512));
#1458=EDGE_LOOP('',(#513));
#1459=EDGE_LOOP('',(#514));
#1460=EDGE_LOOP('',(#515));
#1461=EDGE_LOOP('',(#516));
#1462=EDGE_LOOP('',(#517));
#1463=EDGE_LOOP('',(#518));
#1464=EDGE_LOOP('',(#519));
#1465=EDGE_LOOP('',(#520));
#1466=EDGE_LOOP('',(#521));
#1467=EDGE_LOOP('',(#522));
#1468=EDGE_LOOP('',(#523));
#1469=EDGE_LOOP('',(#524,#525,#526,#527));
#1470=EDGE_LOOP('',(#528));
#1471=EDGE_LOOP('',(#529));
#1472=EDGE_LOOP('',(#530));
#1473=EDGE_LOOP('',(#531));
#1474=EDGE_LOOP('',(#532));
#1475=EDGE_LOOP('',(#533));
#1476=EDGE_LOOP('',(#534));
#1477=EDGE_LOOP('',(#535));
#1478=EDGE_LOOP('',(#536));
#1479=EDGE_LOOP('',(#537));
#1480=EDGE_LOOP('',(#538));
#1481=EDGE_LOOP('',(#539));
#1482=EDGE_LOOP('',(#540));
#1483=EDGE_LOOP('',(#541));
#1484=EDGE_LOOP('',(#542));
#1485=EDGE_LOOP('',(#543));
#1486=EDGE_LOOP('',(#544));
#1487=EDGE_LOOP('',(#545));
#1488=EDGE_LOOP('',(#546));
#1489=EDGE_LOOP('',(#547,#548,#549,#550));
#1490=EDGE_LOOP('',(#551,#552,#553,#554));
#1491=EDGE_LOOP('',(#555,#556,#557,#558));
#1492=EDGE_LOOP('',(#559,#560,#561,#562));
#1493=EDGE_LOOP('',(#563,#564,#565,#566));
#1494=EDGE_LOOP('',(#567));
#1495=EDGE_LOOP('',(#568));
#1496=EDGE_LOOP('',(#569));
#1497=EDGE_LOOP('',(#570));
#1498=EDGE_LOOP('',(#571));
#1499=EDGE_LOOP('',(#572));
#1500=EDGE_LOOP('',(#573));
#1501=EDGE_LOOP('',(#574));
#1502=EDGE_LOOP('',(#575));
#1503=EDGE_LOOP('',(#576));
#1504=EDGE_LOOP('',(#577));
#1505=EDGE_LOOP('',(#578));
#1506=EDGE_LOOP('',(#579));
#1507=EDGE_LOOP('',(#580));
#1508=EDGE_LOOP('',(#581));
#1509=EDGE_LOOP('',(#582));
#1510=EDGE_LOOP('',(#583));
#1511=EDGE_LOOP('',(#584));
#1512=EDGE_LOOP('',(#585));
#1513=EDGE_LOOP('',(#586));
#1514=EDGE_LOOP('',(#587));
#1515=EDGE_LOOP('',(#588));
#1516=EDGE_LOOP('',(#589));
#1517=EDGE_LOOP('',(#590));
#1518=EDGE_LOOP('',(#591));
#1519=EDGE_LOOP('',(#592));
#1520=EDGE_LOOP('',(#593));
#1521=EDGE_LOOP('',(#594));
#1522=EDGE_LOOP('',(#595));
#1523=EDGE_LOOP('',(#596));
#1524=FACE_BOUND('',#1156,.T.);
#1525=FACE_BOUND('',#1157,.T.);
#1526=FACE_BOUND('',#1158,.T.);
#1527=FACE_BOUND('',#1159,.T.);
#1528=FACE_BOUND('',#1160,.T.);
#1529=FACE_BOUND('',#1161,.T.);
#1530=FACE_BOUND('',#1162,.T.);
#1531=FACE_BOUND('',#1163,.T.);
#1532=FACE_BOUND('',#1164,.T.);
#1533=FACE_BOUND('',#1165,.T.);
#1534=FACE_BOUND('',#1166,.T.);
#1535=FACE_BOUND('',#1167,.T.);
#1536=FACE_BOUND('',#1168,.T.);
#1537=FACE_BOUND('',#1169,.T.);
#1538=FACE_BOUND('',#1170,.T.);
#1539=FACE_BOUND('',#1171,.T.);
#1540=FACE_BOUND('',#1172,.T.);
#1541=FACE_BOUND('',#1173,.T.);
#1542=FACE_BOUND('',#1174,.T.);
#1543=FACE_BOUND('',#1175,.T.);
#1544=FACE_BOUND('',#1176,.T.);
#1545=FACE_BOUND('',#1177,.T.);
#1546=FACE_BOUND('',#1178,.T.);
#1547=FACE_BOUND('',#1179,.T.);
#1548=FACE_BOUND('',#1180,.T.);
#1549=FACE_BOUND('',#1181,.T.);
#1550=FACE_BOUND('',#1182,.T.);
#1551=FACE_BOUND('',#1183,.T.);
#1552=FACE_BOUND('',#1184,.T.);
#1553=FACE_BOUND('',#1185,.T.);
#1554=FACE_BOUND('',#1186,.T.);
#1555=FACE_BOUND('',#1187,.T.);
#1556=FACE_BOUND('',#1188,.T.);
#1557=FACE_BOUND('',#1189,.T.);
#1558=FACE_BOUND('',#1190,.T.);
#1559=FACE_BOUND('',#1191,.T.);
#1560=FACE_BOUND('',#1192,.T.);
#1561=FACE_BOUND('',#1193,.T.);
#1562=FACE_BOUND('',#1194,.T.);
#1563=FACE_BOUND('',#1195,.T.);
#1564=FACE_BOUND('',#1196,.T.);
#1565=FACE_BOUND('',#1197,.T.);
#1566=FACE_BOUND('',#1198,.T.);
#1567=FACE_BOUND('',#1199,.T.);
#1568=FACE_BOUND('',#1200,.T.);
#1569=FACE_BOUND('',#1201,.T.);
#1570=FACE_BOUND('',#1202,.T.);
#1571=FACE_BOUND('',#1203,.T.);
#1572=FACE_BOUND('',#1204,.T.);
#1573=FACE_BOUND('',#1205,.T.);
#1574=FACE_BOUND('',#1206,.T.);
#1575=FACE_BOUND('',#1207,.T.);
#1576=FACE_BOUND('',#1208,.T.);
#1577=FACE_BOUND('',#1209,.T.);
#1578=FACE_BOUND('',#1210,.T.);
#1579=FACE_BOUND('',#1211,.T.);
#1580=FACE_BOUND('',#1212,.T.);
#1581=FACE_BOUND('',#1213,.T.);
#1582=FACE_BOUND('',#1214,.T.);
#1583=FACE_BOUND('',#1215,.T.);
#1584=FACE_BOUND('',#1216,.T.);
#1585=FACE_BOUND('',#1217,.T.);
#1586=FACE_BOUND('',#1218,.T.);
#1587=FACE_BOUND('',#1219,.T.);
#1588=FACE_BOUND('',#1220,.T.);
#1589=FACE_BOUND('',#1221,.T.);
#1590=FACE_BOUND('',#1222,.T.);
#1591=FACE_BOUND('',#1223,.T.);
#1592=FACE_BOUND('',#1224,.T.);
#1593=FACE_BOUND('',#1225,.T.);
#1594=FACE_BOUND('',#1226,.T.);
#1595=FACE_BOUND('',#1227,.T.);
#1596=FACE_BOUND('',#1228,.T.);
#1597=FACE_BOUND('',#1229,.T.);
#1598=FACE_BOUND('',#1230,.T.);
#1599=FACE_BOUND('',#1231,.T.);
#1600=FACE_BOUND('',#1232,.T.);
#1601=FACE_BOUND('',#1233,.T.);
#1602=FACE_BOUND('',#1234,.T.);
#1603=FACE_BOUND('',#1235,.T.);
#1604=FACE_BOUND('',#1236,.T.);
#1605=FACE_BOUND('',#1237,.T.);
#1606=FACE_BOUND('',#1238,.T.);
#1607=FACE_BOUND('',#1239,.T.);
#1608=FACE_BOUND('',#1240,.T.);
#1609=FACE_BOUND('',#1241,.T.);
#1610=FACE_BOUND('',#1242,.T.);
#1611=FACE_BOUND('',#1243,.T.);
#1612=FACE_BOUND('',#1244,.T.);
#1613=FACE_BOUND('',#1245,.T.);
#1614=FACE_BOUND('',#1246,.T.);
#1615=FACE_BOUND('',#1247,.T.);
#1616=FACE_BOUND('',#1248,.T.);
#1617=FACE_BOUND('',#1249,.T.);
#1618=FACE_BOUND('',#1250,.T.);
#1619=FACE_BOUND('',#1251,.T.);
#1620=FACE_BOUND('',#1252,.T.);
#1621=FACE_BOUND('',#1253,.T.);
#1622=FACE_BOUND('',#1254,.T.);
#1623=FACE_BOUND('',#1255,.T.);
#1624=FACE_BOUND('',#1256,.T.);
#1625=FACE_BOUND('',#1257,.T.);
#1626=FACE_BOUND('',#1258,.T.);
#1627=FACE_BOUND('',#1259,.T.);
#1628=FACE_BOUND('',#1260,.T.);
#1629=FACE_BOUND('',#1261,.T.);
#1630=FACE_BOUND('',#1262,.T.);
#1631=FACE_BOUND('',#1263,.T.);
#1632=FACE_BOUND('',#1264,.T.);
#1633=FACE_BOUND('',#1265,.T.);
#1634=FACE_BOUND('',#1266,.T.);
#1635=FACE_BOUND('',#1267,.T.);
#1636=FACE_BOUND('',#1268,.T.);
#1637=FACE_BOUND('',#1269,.T.);
#1638=FACE_BOUND('',#1270,.T.);
#1639=FACE_BOUND('',#1271,.T.);
#1640=FACE_BOUND('',#1272,.T.);
#1641=FACE_BOUND('',#1273,.T.);
#1642=FACE_BOUND('',#1274,.T.);
#1643=FACE_BOUND('',#1275,.T.);
#1644=FACE_BOUND('',#1276,.T.);
#1645=FACE_BOUND('',#1277,.T.);
#1646=FACE_BOUND('',#1278,.T.);
#1647=FACE_BOUND('',#1279,.T.);
#1648=FACE_BOUND('',#1280,.T.);
#1649=FACE_BOUND('',#1281,.T.);
#1650=FACE_BOUND('',#1282,.T.);
#1651=FACE_BOUND('',#1283,.T.);
#1652=FACE_BOUND('',#1284,.T.);
#1653=FACE_BOUND('',#1285,.T.);
#1654=FACE_BOUND('',#1286,.T.);
#1655=FACE_BOUND('',#1287,.T.);
#1656=FACE_BOUND('',#1288,.T.);
#1657=FACE_BOUND('',#1289,.T.);
#1658=FACE_BOUND('',#1290,.T.);
#1659=FACE_BOUND('',#1291,.T.);
#1660=FACE_BOUND('',#1292,.T.);
#1661=FACE_BOUND('',#1293,.T.);
#1662=FACE_BOUND('',#1294,.T.);
#1663=FACE_BOUND('',#1295,.T.);
#1664=FACE_BOUND('',#1296,.T.);
#1665=FACE_BOUND('',#1297,.T.);
#1666=FACE_BOUND('',#1298,.T.);
#1667=FACE_BOUND('',#1299,.T.);
#1668=FACE_BOUND('',#1300,.T.);
#1669=FACE_BOUND('',#1301,.T.);
#1670=FACE_BOUND('',#1302,.T.);
#1671=FACE_BOUND('',#1303,.T.);
#1672=FACE_BOUND('',#1304,.T.);
#1673=FACE_BOUND('',#1305,.T.);
#1674=FACE_BOUND('',#1306,.T.);
#1675=FACE_BOUND('',#1307,.T.);
#1676=FACE_BOUND('',#1308,.T.);
#1677=FACE_BOUND('',#1309,.T.);
#1678=FACE_BOUND('',#1310,.T.);
#1679=FACE_BOUND('',#1311,.T.);
#1680=FACE_BOUND('',#1312,.T.);
#1681=FACE_BOUND('',#1313,.T.);
#1682=FACE_BOUND('',#1314,.T.);
#1683=FACE_BOUND('',#1315,.T.);
#1684=FACE_BOUND('',#1316,.T.);
#1685=FACE_BOUND('',#1317,.T.);
#1686=FACE_BOUND('',#1318,.T.);
#1687=FACE_BOUND('',#1319,.T.);
#1688=FACE_BOUND('',#1320,.T.);
#1689=FACE_BOUND('',#1321,.T.);
#1690=FACE_BOUND('',#1322,.T.);
#1691=FACE_BOUND('',#1323,.T.);
#1692=FACE_BOUND('',#1324,.T.);
#1693=FACE_BOUND('',#1325,.T.);
#1694=FACE_BOUND('',#1326,.T.);
#1695=FACE_BOUND('',#1327,.T.);
#1696=FACE_BOUND('',#1328,.T.);
#1697=FACE_BOUND('',#1329,.T.);
#1698=FACE_BOUND('',#1330,.T.);
#1699=FACE_BOUND('',#1331,.T.);
#1700=FACE_BOUND('',#1332,.T.);
#1701=FACE_BOUND('',#1333,.T.);
#1702=FACE_BOUND('',#1334,.T.);
#1703=FACE_BOUND('',#1335,.T.);
#1704=FACE_BOUND('',#1336,.T.);
#1705=FACE_BOUND('',#1337,.T.);
#1706=FACE_BOUND('',#1338,.T.);
#1707=FACE_BOUND('',#1339,.T.);
#1708=FACE_BOUND('',#1340,.T.);
#1709=FACE_BOUND('',#1341,.T.);
#1710=FACE_BOUND('',#1342,.T.);
#1711=FACE_BOUND('',#1343,.T.);
#1712=FACE_BOUND('',#1344,.T.);
#1713=FACE_BOUND('',#1345,.T.);
#1714=FACE_BOUND('',#1346,.T.);
#1715=FACE_BOUND('',#1347,.T.);
#1716=FACE_BOUND('',#1348,.T.);
#1717=FACE_BOUND('',#1349,.T.);
#1718=FACE_BOUND('',#1350,.T.);
#1719=FACE_BOUND('',#1351,.T.);
#1720=FACE_BOUND('',#1352,.T.);
#1721=FACE_BOUND('',#1353,.T.);
#1722=FACE_BOUND('',#1354,.T.);
#1723=FACE_BOUND('',#1355,.T.);
#1724=FACE_BOUND('',#1356,.T.);
#1725=FACE_BOUND('',#1357,.T.);
#1726=FACE_BOUND('',#1358,.T.);
#1727=FACE_BOUND('',#1359,.T.);
#1728=FACE_BOUND('',#1360,.T.);
#1729=FACE_BOUND('',#1361,.T.);
#1730=FACE_BOUND('',#1362,.T.);
#1731=FACE_BOUND('',#1363,.T.);
#1732=FACE_BOUND('',#1364,.T.);
#1733=FACE_BOUND('',#1365,.T.);
#1734=FACE_BOUND('',#1366,.T.);
#1735=FACE_BOUND('',#1367,.T.);
#1736=FACE_BOUND('',#1368,.T.);
#1737=FACE_BOUND('',#1369,.T.);
#1738=FACE_BOUND('',#1370,.T.);
#1739=FACE_BOUND('',#1371,.T.);
#1740=FACE_BOUND('',#1372,.T.);
#1741=FACE_BOUND('',#1373,.T.);
#1742=FACE_BOUND('',#1374,.T.);
#1743=FACE_BOUND('',#1375,.T.);
#1744=FACE_BOUND('',#1376,.T.);
#1745=FACE_BOUND('',#1377,.T.);
#1746=FACE_BOUND('',#1378,.T.);
#1747=FACE_BOUND('',#1379,.T.);
#1748=FACE_BOUND('',#1380,.T.);
#1749=FACE_BOUND('',#1381,.T.);
#1750=FACE_BOUND('',#1382,.T.);
#1751=FACE_BOUND('',#1383,.T.);
#1752=FACE_BOUND('',#1384,.T.);
#1753=FACE_BOUND('',#1385,.T.);
#1754=FACE_BOUND('',#1386,.T.);
#1755=FACE_BOUND('',#1387,.T.);
#1756=FACE_BOUND('',#1388,.T.);
#1757=FACE_BOUND('',#1389,.T.);
#1758=FACE_BOUND('',#1390,.T.);
#1759=FACE_BOUND('',#1391,.T.);
#1760=FACE_BOUND('',#1392,.T.);
#1761=FACE_BOUND('',#1393,.T.);
#1762=FACE_BOUND('',#1394,.T.);
#1763=FACE_BOUND('',#1395,.T.);
#1764=FACE_BOUND('',#1396,.T.);
#1765=FACE_BOUND('',#1397,.T.);
#1766=FACE_BOUND('',#1398,.T.);
#1767=FACE_BOUND('',#1399,.T.);
#1768=FACE_BOUND('',#1400,.T.);
#1769=FACE_BOUND('',#1401,.T.);
#1770=FACE_BOUND('',#1402,.T.);
#1771=FACE_BOUND('',#1403,.T.);
#1772=FACE_BOUND('',#1404,.T.);
#1773=FACE_BOUND('',#1405,.T.);
#1774=FACE_BOUND('',#1406,.T.);
#1775=FACE_BOUND('',#1407,.T.);
#1776=FACE_BOUND('',#1408,.T.);
#1777=FACE_BOUND('',#1409,.T.);
#1778=FACE_BOUND('',#1410,.T.);
#1779=FACE_BOUND('',#1411,.T.);
#1780=FACE_BOUND('',#1412,.T.);
#1781=FACE_BOUND('',#1413,.T.);
#1782=FACE_BOUND('',#1414,.T.);
#1783=FACE_BOUND('',#1415,.T.);
#1784=FACE_BOUND('',#1416,.T.);
#1785=FACE_BOUND('',#1417,.T.);
#1786=FACE_BOUND('',#1418,.T.);
#1787=FACE_BOUND('',#1419,.T.);
#1788=FACE_BOUND('',#1420,.T.);
#1789=FACE_BOUND('',#1421,.T.);
#1790=FACE_BOUND('',#1422,.T.);
#1791=FACE_BOUND('',#1423,.T.);
#1792=FACE_BOUND('',#1424,.T.);
#1793=FACE_BOUND('',#1425,.T.);
#1794=FACE_BOUND('',#1426,.T.);
#1795=FACE_BOUND('',#1427,.T.);
#1796=FACE_BOUND('',#1428,.T.);
#1797=FACE_BOUND('',#1429,.T.);
#1798=FACE_BOUND('',#1430,.T.);
#1799=FACE_BOUND('',#1431,.T.);
#1800=FACE_BOUND('',#1432,.T.);
#1801=FACE_BOUND('',#1433,.T.);
#1802=FACE_BOUND('',#1434,.T.);
#1803=FACE_BOUND('',#1435,.T.);
#1804=FACE_BOUND('',#1436,.T.);
#1805=FACE_BOUND('',#1437,.T.);
#1806=FACE_BOUND('',#1438,.T.);
#1807=FACE_BOUND('',#1439,.T.);
#1808=FACE_BOUND('',#1440,.T.);
#1809=FACE_BOUND('',#1441,.T.);
#1810=FACE_BOUND('',#1442,.T.);
#1811=FACE_BOUND('',#1443,.T.);
#1812=FACE_BOUND('',#1444,.T.);
#1813=FACE_BOUND('',#1445,.T.);
#1814=FACE_BOUND('',#1446,.T.);
#1815=FACE_BOUND('',#1447,.T.);
#1816=FACE_BOUND('',#1448,.T.);
#1817=FACE_BOUND('',#1449,.T.);
#1818=FACE_BOUND('',#1450,.T.);
#1819=FACE_BOUND('',#1451,.T.);
#1820=FACE_BOUND('',#1452,.T.);
#1821=FACE_BOUND('',#1453,.T.);
#1822=FACE_BOUND('',#1454,.T.);
#1823=FACE_BOUND('',#1455,.T.);
#1824=FACE_BOUND('',#1456,.T.);
#1825=FACE_BOUND('',#1457,.T.);
#1826=FACE_BOUND('',#1458,.T.);
#1827=FACE_BOUND('',#1459,.T.);
#1828=FACE_BOUND('',#1460,.T.);
#1829=FACE_BOUND('',#1461,.T.);
#1830=FACE_BOUND('',#1462,.T.);
#1831=FACE_BOUND('',#1463,.T.);
#1832=FACE_BOUND('',#1464,.T.);
#1833=FACE_BOUND('',#1465,.T.);
#1834=FACE_BOUND('',#1466,.T.);
#1835=FACE_BOUND('',#1467,.T.);
#1836=FACE_BOUND('',#1468,.T.);
#1837=FACE_BOUND('',#1469,.T.);
#1838=FACE_BOUND('',#1470,.T.);
#1839=FACE_BOUND('',#1471,.T.);
#1840=FACE_BOUND('',#1472,.T.);
#1841=FACE_BOUND('',#1473,.T.);
#1842=FACE_BOUND('',#1474,.T.);
#1843=FACE_BOUND('',#1475,.T.);
#1844=FACE_BOUND('',#1476,.T.);
#1845=FACE_BOUND('',#1477,.T.);
#1846=FACE_BOUND('',#1478,.T.);
#1847=FACE_BOUND('',#1479,.T.);
#1848=FACE_BOUND('',#1480,.T.);
#1849=FACE_BOUND('',#1481,.T.);
#1850=FACE_BOUND('',#1482,.T.);
#1851=FACE_BOUND('',#1483,.T.);
#1852=FACE_BOUND('',#1484,.T.);
#1853=FACE_BOUND('',#1485,.T.);
#1854=FACE_BOUND('',#1486,.T.);
#1855=FACE_BOUND('',#1487,.T.);
#1856=FACE_BOUND('',#1488,.T.);
#1857=FACE_BOUND('',#1489,.T.);
#1858=FACE_BOUND('',#1490,.T.);
#1859=FACE_BOUND('',#1491,.T.);
#1860=FACE_BOUND('',#1492,.T.);
#1861=FACE_BOUND('',#1493,.T.);
#1862=FACE_BOUND('',#1494,.T.);
#1863=FACE_BOUND('',#1495,.T.);
#1864=FACE_BOUND('',#1496,.T.);
#1865=FACE_BOUND('',#1497,.T.);
#1866=FACE_BOUND('',#1498,.T.);
#1867=FACE_BOUND('',#1499,.T.);
#1868=FACE_BOUND('',#1500,.T.);
#1869=FACE_BOUND('',#1501,.T.);
#1870=FACE_BOUND('',#1502,.T.);
#1871=FACE_BOUND('',#1503,.T.);
#1872=FACE_BOUND('',#1504,.T.);
#1873=FACE_BOUND('',#1505,.T.);
#1874=FACE_BOUND('',#1506,.T.);
#1875=FACE_BOUND('',#1507,.T.);
#1876=FACE_BOUND('',#1508,.T.);
#1877=FACE_BOUND('',#1509,.T.);
#1878=FACE_BOUND('',#1510,.T.);
#1879=FACE_BOUND('',#1511,.T.);
#1880=FACE_BOUND('',#1512,.T.);
#1881=FACE_BOUND('',#1513,.T.);
#1882=FACE_BOUND('',#1514,.T.);
#1883=FACE_BOUND('',#1515,.T.);
#1884=FACE_BOUND('',#1516,.T.);
#1885=FACE_BOUND('',#1517,.T.);
#1886=FACE_BOUND('',#1518,.T.);
#1887=FACE_BOUND('',#1519,.T.);
#1888=FACE_BOUND('',#1520,.T.);
#1889=FACE_BOUND('',#1521,.T.);
#1890=FACE_BOUND('',#1522,.T.);
#1891=FACE_BOUND('',#1523,.T.);
#1892=CONICAL_SURFACE('',#2413,7.880617,0.794124767020653);
#1893=CONICAL_SURFACE('',#2416,8.115297,0.0174533414967566);
#1894=CONICAL_SURFACE('',#2421,7.25,0.00260416077986628);
#1895=CONICAL_SURFACE('',#2429,8.625,0.785398163397448);
#1896=CONICAL_SURFACE('',#2438,8.34184,1.10300032029589);
#1897=CONICAL_SURFACE('',#2440,8.34184,1.10300032029589);
#1898=CONICAL_SURFACE('',#2445,8.34184,1.10300032029589);
#1899=CONICAL_SURFACE('',#2447,8.34184,1.10300032029589);
#1900=CONICAL_SURFACE('',#2452,8.34184,1.10300032029589);
#1901=CONICAL_SURFACE('',#2454,8.34184,1.10300032029589);
#1902=CONICAL_SURFACE('',#2459,8.34184,1.10300032029589);
#1903=CONICAL_SURFACE('',#2461,8.34184,1.10300032029589);
#1904=CONICAL_SURFACE('',#2466,8.34184,1.10300032029589);
#1905=CONICAL_SURFACE('',#2468,8.34184,1.10300032029589);
#1906=CONICAL_SURFACE('',#2473,8.34184,1.10300032029589);
#1907=CONICAL_SURFACE('',#2475,8.34184,1.10300032029589);
#1908=CONICAL_SURFACE('',#2480,8.34184,1.10300032029589);
#1909=CONICAL_SURFACE('',#2482,8.34184,1.10300032029589);
#1910=CONICAL_SURFACE('',#2487,8.34184,1.10300032029589);
#1911=CONICAL_SURFACE('',#2489,8.34184,1.10300032029589);
#1912=CONICAL_SURFACE('',#2494,8.34184,1.10300032029589);
#1913=CONICAL_SURFACE('',#2496,8.34184,1.10300032029589);
#1914=CONICAL_SURFACE('',#2501,8.34184,1.10300032029589);
#1915=CONICAL_SURFACE('',#2503,8.34184,1.10300032029589);
#1916=CONICAL_SURFACE('',#2508,8.34184,1.10300032029589);
#1917=CONICAL_SURFACE('',#2510,8.34184,1.10300032029589);
#1918=CONICAL_SURFACE('',#2515,8.34184,1.10300032029589);
#1919=CONICAL_SURFACE('',#2517,8.34184,1.10300032029589);
#1920=CONICAL_SURFACE('',#2522,8.34184,1.10300032029589);
#1921=CONICAL_SURFACE('',#2524,8.34184,1.10300032029589);
#1922=CONICAL_SURFACE('',#2529,8.34184,1.10300032029589);
#1923=CONICAL_SURFACE('',#2531,8.34184,1.10300032029589);
#1924=CONICAL_SURFACE('',#2536,8.34184,1.10300032029589);
#1925=CONICAL_SURFACE('',#2538,8.34184,1.10300032029589);
#1926=CONICAL_SURFACE('',#2543,8.34184,1.10300032029589);
#1927=CONICAL_SURFACE('',#2545,8.34184,1.10300032029589);
#1928=CONICAL_SURFACE('',#2550,8.34184,1.10300032029589);
#1929=CONICAL_SURFACE('',#2552,8.34184,1.10300032029589);
#1930=CONICAL_SURFACE('',#2557,8.34184,1.10300032029589);
#1931=CONICAL_SURFACE('',#2559,8.34184,1.10300032029589);
#1932=CONICAL_SURFACE('',#2564,8.34184,1.10300032029589);
#1933=CONICAL_SURFACE('',#2566,8.34184,1.10300032029589);
#1934=CONICAL_SURFACE('',#2571,8.34184,1.10300032029589);
#1935=CONICAL_SURFACE('',#2573,8.34184,1.10300032029589);
#1936=CONICAL_SURFACE('',#2578,8.34184,1.10300032029589);
#1937=CONICAL_SURFACE('',#2580,8.34184,1.10300032029589);
#1938=CONICAL_SURFACE('',#2585,8.34184,1.10300032029589);
#1939=CONICAL_SURFACE('',#2587,8.34184,1.10300032029589);
#1940=CONICAL_SURFACE('',#2592,8.34184,1.10300032029589);
#1941=CONICAL_SURFACE('',#2594,8.34184,1.10300032029589);
#1942=CONICAL_SURFACE('',#2596,8.34184,1.10300032029589);
#1943=CONICAL_SURFACE('',#2599,8.34184,1.10300032029589);
#1944=CONICAL_SURFACE('',#2628,8.34184,1.10300032029589);
#1945=CONICAL_SURFACE('',#2637,5.6,0.785398163397448);
#1946=CONICAL_SURFACE('',#2640,4.9,0.785398163397444);
#1947=CONICAL_SURFACE('',#2643,5.700001,0.785398163397449);
#1948=CONICAL_SURFACE('',#2664,7.45,0.523598977490588);
#1949=CONICAL_SURFACE('',#2687,5.55,1.10300032026482);
#1950=CONICAL_SURFACE('',#2689,5.55,1.10300032026482);
#1951=CONICAL_SURFACE('',#2690,5.55,1.10300032026482);
#1952=CONICAL_SURFACE('',#2692,5.55,1.10300032026482);
#1953=CONICAL_SURFACE('',#2693,5.55,1.10300032026482);
#1954=CONICAL_SURFACE('',#2695,5.55,1.10300032026482);
#1955=CONICAL_SURFACE('',#2696,5.55,1.10300032026482);
#1956=CONICAL_SURFACE('',#2698,5.55,1.10300032026482);
#1957=CONICAL_SURFACE('',#2699,5.55,1.10300032026482);
#1958=CONICAL_SURFACE('',#2714,4.85,0.165148677414627);
#1959=CONICAL_SURFACE('',#2724,4.3500015,0.785398163397448);
#1960=ADVANCED_FACE('',(#1524,#1525),#1892,.T.);
#1961=ADVANCED_FACE('',(#1526,#1527),#1893,.T.);
#1962=ADVANCED_FACE('',(#1528,#1529),#131,.T.);
#1963=ADVANCED_FACE('',(#1530,#1531),#1894,.F.);
#1964=ADVANCED_FACE('',(#1532),#93,.T.);
#1965=ADVANCED_FACE('',(#1533,#1534),#94,.T.);
#1966=ADVANCED_FACE('',(#1535,#1536),#95,.T.);
#1967=ADVANCED_FACE('',(#1537),#96,.T.);
#1968=ADVANCED_FACE('',(#1538,#1539),#1895,.T.);
#1969=ADVANCED_FACE('',(#1540,#1541),#132,.T.);
#1970=ADVANCED_FACE('',(#1542,#1543),#133,.T.);
#1971=ADVANCED_FACE('',(#1544,#1545),#1896,.T.);
#1972=ADVANCED_FACE('',(#1546,#1547),#1897,.T.);
#1973=ADVANCED_FACE('',(#1548,#1549),#134,.T.);
#1974=ADVANCED_FACE('',(#1550,#1551),#1898,.T.);
#1975=ADVANCED_FACE('',(#1552,#1553),#1899,.T.);
#1976=ADVANCED_FACE('',(#1554,#1555),#135,.T.);
#1977=ADVANCED_FACE('',(#1556,#1557),#1900,.T.);
#1978=ADVANCED_FACE('',(#1558,#1559),#1901,.T.);
#1979=ADVANCED_FACE('',(#1560,#1561),#136,.T.);
#1980=ADVANCED_FACE('',(#1562,#1563),#1902,.T.);
#1981=ADVANCED_FACE('',(#1564,#1565),#1903,.T.);
#1982=ADVANCED_FACE('',(#1566,#1567),#137,.T.);
#1983=ADVANCED_FACE('',(#1568,#1569),#1904,.T.);
#1984=ADVANCED_FACE('',(#1570,#1571),#1905,.T.);
#1985=ADVANCED_FACE('',(#1572,#1573),#138,.T.);
#1986=ADVANCED_FACE('',(#1574,#1575),#1906,.T.);
#1987=ADVANCED_FACE('',(#1576,#1577),#1907,.T.);
#1988=ADVANCED_FACE('',(#1578,#1579),#139,.T.);
#1989=ADVANCED_FACE('',(#1580,#1581),#1908,.T.);
#1990=ADVANCED_FACE('',(#1582,#1583),#1909,.T.);
#1991=ADVANCED_FACE('',(#1584,#1585),#140,.T.);
#1992=ADVANCED_FACE('',(#1586,#1587),#1910,.T.);
#1993=ADVANCED_FACE('',(#1588,#1589),#1911,.T.);
#1994=ADVANCED_FACE('',(#1590,#1591),#141,.T.);
#1995=ADVANCED_FACE('',(#1592,#1593),#1912,.T.);
#1996=ADVANCED_FACE('',(#1594,#1595),#1913,.T.);
#1997=ADVANCED_FACE('',(#1596,#1597),#142,.T.);
#1998=ADVANCED_FACE('',(#1598,#1599),#1914,.T.);
#1999=ADVANCED_FACE('',(#1600,#1601),#1915,.T.);
#2000=ADVANCED_FACE('',(#1602,#1603),#143,.T.);
#2001=ADVANCED_FACE('',(#1604,#1605),#1916,.T.);
#2002=ADVANCED_FACE('',(#1606,#1607),#1917,.T.);
#2003=ADVANCED_FACE('',(#1608,#1609),#144,.T.);
#2004=ADVANCED_FACE('',(#1610,#1611),#1918,.T.);
#2005=ADVANCED_FACE('',(#1612,#1613),#1919,.T.);
#2006=ADVANCED_FACE('',(#1614,#1615),#145,.T.);
#2007=ADVANCED_FACE('',(#1616,#1617),#1920,.T.);
#2008=ADVANCED_FACE('',(#1618,#1619),#1921,.T.);
#2009=ADVANCED_FACE('',(#1620,#1621),#146,.T.);
#2010=ADVANCED_FACE('',(#1622,#1623),#1922,.T.);
#2011=ADVANCED_FACE('',(#1624,#1625),#1923,.T.);
#2012=ADVANCED_FACE('',(#1626,#1627),#147,.T.);
#2013=ADVANCED_FACE('',(#1628,#1629),#1924,.T.);
#2014=ADVANCED_FACE('',(#1630,#1631),#1925,.T.);
#2015=ADVANCED_FACE('',(#1632,#1633),#148,.T.);
#2016=ADVANCED_FACE('',(#1634,#1635),#1926,.T.);
#2017=ADVANCED_FACE('',(#1636,#1637),#1927,.T.);
#2018=ADVANCED_FACE('',(#1638,#1639),#149,.T.);
#2019=ADVANCED_FACE('',(#1640,#1641),#1928,.T.);
#2020=ADVANCED_FACE('',(#1642,#1643),#1929,.T.);
#2021=ADVANCED_FACE('',(#1644,#1645),#150,.T.);
#2022=ADVANCED_FACE('',(#1646,#1647),#1930,.T.);
#2023=ADVANCED_FACE('',(#1648,#1649),#1931,.T.);
#2024=ADVANCED_FACE('',(#1650,#1651),#151,.T.);
#2025=ADVANCED_FACE('',(#1652,#1653),#1932,.T.);
#2026=ADVANCED_FACE('',(#1654,#1655),#1933,.T.);
#2027=ADVANCED_FACE('',(#1656,#1657),#152,.T.);
#2028=ADVANCED_FACE('',(#1658,#1659),#1934,.T.);
#2029=ADVANCED_FACE('',(#1660,#1661),#1935,.T.);
#2030=ADVANCED_FACE('',(#1662,#1663),#153,.T.);
#2031=ADVANCED_FACE('',(#1664,#1665),#1936,.T.);
#2032=ADVANCED_FACE('',(#1666,#1667),#1937,.T.);
#2033=ADVANCED_FACE('',(#1668,#1669),#154,.T.);
#2034=ADVANCED_FACE('',(#1670,#1671),#1938,.T.);
#2035=ADVANCED_FACE('',(#1672,#1673),#1939,.T.);
#2036=ADVANCED_FACE('',(#1674,#1675),#155,.T.);
#2037=ADVANCED_FACE('',(#1676,#1677),#1940,.T.);
#2038=ADVANCED_FACE('',(#1678,#1679),#1941,.T.);
#2039=ADVANCED_FACE('',(#1680,#1681),#1942,.T.);
#2040=ADVANCED_FACE('',(#1682,#1683),#1943,.T.);
#2041=ADVANCED_FACE('',(#1684,#1685),#156,.T.);
#2042=ADVANCED_FACE('',(#1686,#1687),#157,.T.);
#2043=ADVANCED_FACE('',(#1688,#1689),#158,.T.);
#2044=ADVANCED_FACE('',(#1690,#1691),#159,.T.);
#2045=ADVANCED_FACE('',(#1692,#1693),#160,.T.);
#2046=ADVANCED_FACE('',(#1694,#1695),#161,.T.);
#2047=ADVANCED_FACE('',(#1696,#1697),#162,.T.);
#2048=ADVANCED_FACE('',(#1698,#1699),#163,.T.);
#2049=ADVANCED_FACE('',(#1700,#1701),#164,.T.);
#2050=ADVANCED_FACE('',(#1702,#1703),#165,.T.);
#2051=ADVANCED_FACE('',(#1704,#1705),#166,.T.);
#2052=ADVANCED_FACE('',(#1706,#1707),#167,.T.);
#2053=ADVANCED_FACE('',(#1708,#1709),#168,.T.);
#2054=ADVANCED_FACE('',(#1710,#1711),#169,.T.);
#2055=ADVANCED_FACE('',(#1712,#1713),#170,.T.);
#2056=ADVANCED_FACE('',(#1714,#1715),#171,.T.);
#2057=ADVANCED_FACE('',(#1716,#1717),#172,.T.);
#2058=ADVANCED_FACE('',(#1718,#1719),#173,.T.);
#2059=ADVANCED_FACE('',(#1720,#1721),#174,.T.);
#2060=ADVANCED_FACE('',(#1722,#1723),#175,.T.);
#2061=ADVANCED_FACE('',(#1724,#1725),#176,.T.);
#2062=ADVANCED_FACE('',(#1726,#1727),#177,.T.);
#2063=ADVANCED_FACE('',(#1728,#1729),#178,.T.);
#2064=ADVANCED_FACE('',(#1730,#1731),#179,.T.);
#2065=ADVANCED_FACE('',(#1732,#1733),#180,.T.);
#2066=ADVANCED_FACE('',(#1734,#1735),#1944,.T.);
#2067=ADVANCED_FACE('',(#1736,#1737),#181,.F.);
#2068=ADVANCED_FACE('',(#1738),#97,.F.);
#2069=ADVANCED_FACE('',(#1739,#1740),#98,.T.);
#2070=ADVANCED_FACE('',(#1741,#1742),#99,.F.);
#2071=ADVANCED_FACE('',(#1743),#100,.F.);
#2072=ADVANCED_FACE('',(#1744,#1745),#1945,.F.);
#2073=ADVANCED_FACE('',(#1746,#1747),#1946,.F.);
#2074=ADVANCED_FACE('',(#1748,#1749),#1947,.T.);
#2075=ADVANCED_FACE('',(#1750,#1751),#182,.T.);
#2076=ADVANCED_FACE('',(#1752,#1753),#183,.T.);
#2077=ADVANCED_FACE('',(#1754,#1755),#184,.T.);
#2078=ADVANCED_FACE('',(#1756,#1757),#185,.T.);
#2079=ADVANCED_FACE('',(#1758,#1759),#186,.T.);
#2080=ADVANCED_FACE('',(#1760,#1761),#187,.T.);
#2081=ADVANCED_FACE('',(#1762,#1763),#1948,.T.);
#2082=ADVANCED_FACE('',(#1764,#1765),#188,.F.);
#2083=ADVANCED_FACE('',(#1766,#1767),#189,.F.);
#2084=ADVANCED_FACE('',(#1768,#1769),#190,.F.);
#2085=ADVANCED_FACE('',(#1770,#1771,#1772,#1773,#1774,#1775),#191,.T.);
#2086=ADVANCED_FACE('',(#1776,#1777),#192,.F.);
#2087=ADVANCED_FACE('',(#1778,#1779),#193,.F.);
#2088=ADVANCED_FACE('',(#1780,#1781),#194,.T.);
#2089=ADVANCED_FACE('',(#1782,#1783),#195,.T.);
#2090=ADVANCED_FACE('',(#1784,#1785),#196,.T.);
#2091=ADVANCED_FACE('',(#1786,#1787),#197,.T.);
#2092=ADVANCED_FACE('',(#1788,#1789),#1949,.T.);
#2093=ADVANCED_FACE('',(#1790,#1791),#1950,.T.);
#2094=ADVANCED_FACE('',(#1792,#1793),#1951,.T.);
#2095=ADVANCED_FACE('',(#1794,#1795),#1952,.T.);
#2096=ADVANCED_FACE('',(#1796,#1797),#1953,.T.);
#2097=ADVANCED_FACE('',(#1798,#1799),#1954,.T.);
#2098=ADVANCED_FACE('',(#1800,#1801),#1955,.T.);
#2099=ADVANCED_FACE('',(#1802,#1803),#1956,.T.);
#2100=ADVANCED_FACE('',(#1804,#1805),#1957,.T.);
#2101=ADVANCED_FACE('',(#1806,#1807,#1808,#1809,#1810,#1811),#198,.F.);
#2102=ADVANCED_FACE('',(#1812,#1813),#101,.F.);
#2103=ADVANCED_FACE('',(#1814,#1815),#102,.F.);
#2104=ADVANCED_FACE('',(#1816,#1817),#103,.T.);
#2105=ADVANCED_FACE('',(#1818,#1819),#104,.T.);
#2106=ADVANCED_FACE('',(#1820,#1821),#105,.T.);
#2107=ADVANCED_FACE('',(#1822,#1823),#106,.T.);
#2108=ADVANCED_FACE('',(#1824,#1825),#107,.T.);
#2109=ADVANCED_FACE('',(#1826,#1827),#108,.T.);
#2110=ADVANCED_FACE('',(#1828,#1829),#109,.T.);
#2111=ADVANCED_FACE('',(#1830,#1831),#110,.T.);
#2112=ADVANCED_FACE('',(#1832,#1833),#1958,.T.);
#2113=ADVANCED_FACE('',(#1834,#1835),#199,.T.);
#2114=ADVANCED_FACE('',(#1836,#1837,#1838),#200,.F.);
#2115=ADVANCED_FACE('',(#1839,#1840),#1959,.F.);
#2116=ADVANCED_FACE('',(#1841,#1842),#201,.T.);
#2117=ADVANCED_FACE('',(#1843,#1844),#202,.T.);
#2118=ADVANCED_FACE('',(#1845,#1846),#18,.T.);
#2119=ADVANCED_FACE('',(#1847,#1848),#203,.T.);
#2120=ADVANCED_FACE('',(#1849,#1850),#19,.T.);
#2121=ADVANCED_FACE('',(#1851,#1852),#204,.T.);
#2122=ADVANCED_FACE('',(#1853,#1854),#20,.T.);
#2123=ADVANCED_FACE('',(#1855,#1856),#205,.T.);
#2124=ADVANCED_FACE('',(#1857),#111,.T.);
#2125=ADVANCED_FACE('',(#1858),#112,.T.);
#2126=ADVANCED_FACE('',(#1859),#206,.T.);
#2127=ADVANCED_FACE('',(#1860),#113,.T.);
#2128=ADVANCED_FACE('',(#1861),#114,.F.);
#2129=ADVANCED_FACE('',(#1862,#1863,#1864,#1865),#115,.T.);
#2130=ADVANCED_FACE('',(#1866),#116,.T.);
#2131=ADVANCED_FACE('',(#1867),#117,.T.);
#2132=ADVANCED_FACE('',(#1868),#118,.T.);
#2133=ADVANCED_FACE('',(#1869,#1870),#119,.T.);
#2134=ADVANCED_FACE('',(#1871,#1872),#120,.F.);
#2135=ADVANCED_FACE('',(#1873,#1874),#121,.T.);
#2136=ADVANCED_FACE('',(#1875),#122,.T.);
#2137=ADVANCED_FACE('',(#1876,#1877),#207,.T.);
#2138=ADVANCED_FACE('',(#1878),#123,.T.);
#2139=ADVANCED_FACE('',(#1879),#124,.T.);
#2140=ADVANCED_FACE('',(#1880,#1881),#208,.T.);
#2141=ADVANCED_FACE('',(#1882),#125,.T.);
#2142=ADVANCED_FACE('',(#1883),#126,.T.);
#2143=ADVANCED_FACE('',(#1884,#1885),#209,.T.);
#2144=ADVANCED_FACE('',(#1886),#127,.T.);
#2145=ADVANCED_FACE('',(#1887),#128,.T.);
#2146=ADVANCED_FACE('',(#1888,#1889),#210,.T.);
#2147=ADVANCED_FACE('',(#1890),#129,.T.);
#2148=ADVANCED_FACE('',(#1891),#130,.T.);
#2149=CLOSED_SHELL('',(#1960,#1961,#1962,#1963,#1964,#1965,#1966,#1967));
#2150=CLOSED_SHELL('',(#1968,#1969,#1970,#1971,#1972,#1973,#1974,#1975,
#1976,#1977,#1978,#1979,#1980,#1981,#1982,#1983,#1984,#1985,#1986,#1987,
#1988,#1989,#1990,#1991,#1992,#1993,#1994,#1995,#1996,#1997,#1998,#1999,
#2000,#2001,#2002,#2003,#2004,#2005,#2006,#2007,#2008,#2009,#2010,#2011,
#2012,#2013,#2014,#2015,#2016,#2017,#2018,#2019,#2020,#2021,#2022,#2023,
#2024,#2025,#2026,#2027,#2028,#2029,#2030,#2031,#2032,#2033,#2034,#2035,
#2036,#2037,#2038,#2039,#2040,#2041,#2042,#2043,#2044,#2045,#2046,#2047,
#2048,#2049,#2050,#2051,#2052,#2053,#2054,#2055,#2056,#2057,#2058,#2059,
#2060,#2061,#2062,#2063,#2064,#2065,#2066,#2067,#2068,#2069,#2070,#2071));
#2151=CLOSED_SHELL('',(#2072,#2073,#2074,#2075,#2076,#2077,#2078,#2079,
#2080,#2081,#2082,#2083,#2084,#2085,#2086,#2087,#2088,#2089,#2090,#2091,
#2092,#2093,#2094,#2095,#2096,#2097,#2098,#2099,#2100,#2101,#2102,#2103,
#2104,#2105,#2106,#2107,#2108,#2109,#2110,#2111));
#2152=CLOSED_SHELL('',(#2112,#2113,#2114,#2115,#2116,#2117,#2118,#2119,
#2120,#2121,#2122,#2123,#2124,#2125,#2126,#2127,#2128,#2129,#2130,#2131,
#2132,#2133,#2134,#2135,#2136));
#2153=CLOSED_SHELL('',(#2137,#2138,#2139));
#2154=CLOSED_SHELL('',(#2140,#2141,#2142));
#2155=CLOSED_SHELL('',(#2143,#2144,#2145));
#2156=CLOSED_SHELL('',(#2146,#2147,#2148));
#2157=STYLED_ITEM('',(#2189),#2386);
#2158=STYLED_ITEM('',(#2190),#2387);
#2159=STYLED_ITEM('',(#2191),#2388);
#2160=STYLED_ITEM('',(#2192),#2112);
#2161=STYLED_ITEM('',(#2193),#2113);
#2162=STYLED_ITEM('',(#2194),#2114);
#2163=STYLED_ITEM('',(#2195),#2115);
#2164=STYLED_ITEM('',(#2196),#2116);
#2165=STYLED_ITEM('',(#2197),#2117);
#2166=STYLED_ITEM('',(#2198),#2118);
#2167=STYLED_ITEM('',(#2199),#2119);
#2168=STYLED_ITEM('',(#2200),#2120);
#2169=STYLED_ITEM('',(#2201),#2121);
#2170=STYLED_ITEM('',(#2202),#2122);
#2171=STYLED_ITEM('',(#2203),#2123);
#2172=STYLED_ITEM('',(#2204),#2124);
#2173=STYLED_ITEM('',(#2205),#2125);
#2174=STYLED_ITEM('',(#2206),#2126);
#2175=STYLED_ITEM('',(#2207),#2127);
#2176=STYLED_ITEM('',(#2208),#2128);
#2177=STYLED_ITEM('',(#2209),#2129);
#2178=STYLED_ITEM('',(#2210),#2130);
#2179=STYLED_ITEM('',(#2211),#2131);
#2180=STYLED_ITEM('',(#2212),#2132);
#2181=STYLED_ITEM('',(#2213),#2133);
#2182=STYLED_ITEM('',(#2214),#2134);
#2183=STYLED_ITEM('',(#2215),#2135);
#2184=STYLED_ITEM('',(#2216),#2136);
#2185=STYLED_ITEM('',(#2217),#2390);
#2186=STYLED_ITEM('',(#2218),#2391);
#2187=STYLED_ITEM('',(#2219),#2392);
#2188=STYLED_ITEM('',(#2220),#2393);
#2189=PRESENTATION_STYLE_ASSIGNMENT((#2221));
#2190=PRESENTATION_STYLE_ASSIGNMENT((#2222));
#2191=PRESENTATION_STYLE_ASSIGNMENT((#2223));
#2192=PRESENTATION_STYLE_ASSIGNMENT((#2224));
#2193=PRESENTATION_STYLE_ASSIGNMENT((#2225));
#2194=PRESENTATION_STYLE_ASSIGNMENT((#2226));
#2195=PRESENTATION_STYLE_ASSIGNMENT((#2227));
#2196=PRESENTATION_STYLE_ASSIGNMENT((#2228));
#2197=PRESENTATION_STYLE_ASSIGNMENT((#2229));
#2198=PRESENTATION_STYLE_ASSIGNMENT((#2230));
#2199=PRESENTATION_STYLE_ASSIGNMENT((#2231));
#2200=PRESENTATION_STYLE_ASSIGNMENT((#2232));
#2201=PRESENTATION_STYLE_ASSIGNMENT((#2233));
#2202=PRESENTATION_STYLE_ASSIGNMENT((#2234));
#2203=PRESENTATION_STYLE_ASSIGNMENT((#2235));
#2204=PRESENTATION_STYLE_ASSIGNMENT((#2236));
#2205=PRESENTATION_STYLE_ASSIGNMENT((#2237));
#2206=PRESENTATION_STYLE_ASSIGNMENT((#2238));
#2207=PRESENTATION_STYLE_ASSIGNMENT((#2239));
#2208=PRESENTATION_STYLE_ASSIGNMENT((#2240));
#2209=PRESENTATION_STYLE_ASSIGNMENT((#2241));
#2210=PRESENTATION_STYLE_ASSIGNMENT((#2242));
#2211=PRESENTATION_STYLE_ASSIGNMENT((#2243));
#2212=PRESENTATION_STYLE_ASSIGNMENT((#2244));
#2213=PRESENTATION_STYLE_ASSIGNMENT((#2245));
#2214=PRESENTATION_STYLE_ASSIGNMENT((#2246));
#2215=PRESENTATION_STYLE_ASSIGNMENT((#2247));
#2216=PRESENTATION_STYLE_ASSIGNMENT((#2248));
#2217=PRESENTATION_STYLE_ASSIGNMENT((#2249));
#2218=PRESENTATION_STYLE_ASSIGNMENT((#2250));
#2219=PRESENTATION_STYLE_ASSIGNMENT((#2251));
#2220=PRESENTATION_STYLE_ASSIGNMENT((#2252));
#2221=SURFACE_STYLE_USAGE(.BOTH.,#2253);
#2222=SURFACE_STYLE_USAGE(.BOTH.,#2254);
#2223=SURFACE_STYLE_USAGE(.BOTH.,#2255);
#2224=SURFACE_STYLE_USAGE(.BOTH.,#2256);
#2225=SURFACE_STYLE_USAGE(.BOTH.,#2257);
#2226=SURFACE_STYLE_USAGE(.BOTH.,#2258);
#2227=SURFACE_STYLE_USAGE(.BOTH.,#2259);
#2228=SURFACE_STYLE_USAGE(.BOTH.,#2260);
#2229=SURFACE_STYLE_USAGE(.BOTH.,#2261);
#2230=SURFACE_STYLE_USAGE(.BOTH.,#2262);
#2231=SURFACE_STYLE_USAGE(.BOTH.,#2263);
#2232=SURFACE_STYLE_USAGE(.BOTH.,#2264);
#2233=SURFACE_STYLE_USAGE(.BOTH.,#2265);
#2234=SURFACE_STYLE_USAGE(.BOTH.,#2266);
#2235=SURFACE_STYLE_USAGE(.BOTH.,#2267);
#2236=SURFACE_STYLE_USAGE(.BOTH.,#2268);
#2237=SURFACE_STYLE_USAGE(.BOTH.,#2269);
#2238=SURFACE_STYLE_USAGE(.BOTH.,#2270);
#2239=SURFACE_STYLE_USAGE(.BOTH.,#2271);
#2240=SURFACE_STYLE_USAGE(.BOTH.,#2272);
#2241=SURFACE_STYLE_USAGE(.BOTH.,#2273);
#2242=SURFACE_STYLE_USAGE(.BOTH.,#2274);
#2243=SURFACE_STYLE_USAGE(.BOTH.,#2275);
#2244=SURFACE_STYLE_USAGE(.BOTH.,#2276);
#2245=SURFACE_STYLE_USAGE(.BOTH.,#2277);
#2246=SURFACE_STYLE_USAGE(.BOTH.,#2278);
#2247=SURFACE_STYLE_USAGE(.BOTH.,#2279);
#2248=SURFACE_STYLE_USAGE(.BOTH.,#2280);
#2249=SURFACE_STYLE_USAGE(.BOTH.,#2281);
#2250=SURFACE_STYLE_USAGE(.BOTH.,#2282);
#2251=SURFACE_STYLE_USAGE(.BOTH.,#2283);
#2252=SURFACE_STYLE_USAGE(.BOTH.,#2284);
#2253=SURFACE_SIDE_STYLE('',(#2285));
#2254=SURFACE_SIDE_STYLE('',(#2286));
#2255=SURFACE_SIDE_STYLE('',(#2287));
#2256=SURFACE_SIDE_STYLE('',(#2288));
#2257=SURFACE_SIDE_STYLE('',(#2289));
#2258=SURFACE_SIDE_STYLE('',(#2290));
#2259=SURFACE_SIDE_STYLE('',(#2291));
#2260=SURFACE_SIDE_STYLE('',(#2292));
#2261=SURFACE_SIDE_STYLE('',(#2293));
#2262=SURFACE_SIDE_STYLE('',(#2294));
#2263=SURFACE_SIDE_STYLE('',(#2295));
#2264=SURFACE_SIDE_STYLE('',(#2296));
#2265=SURFACE_SIDE_STYLE('',(#2297));
#2266=SURFACE_SIDE_STYLE('',(#2298));
#2267=SURFACE_SIDE_STYLE('',(#2299));
#2268=SURFACE_SIDE_STYLE('',(#2300));
#2269=SURFACE_SIDE_STYLE('',(#2301));
#2270=SURFACE_SIDE_STYLE('',(#2302));
#2271=SURFACE_SIDE_STYLE('',(#2303));
#2272=SURFACE_SIDE_STYLE('',(#2304));
#2273=SURFACE_SIDE_STYLE('',(#2305));
#2274=SURFACE_SIDE_STYLE('',(#2306));
#2275=SURFACE_SIDE_STYLE('',(#2307));
#2276=SURFACE_SIDE_STYLE('',(#2308));
#2277=SURFACE_SIDE_STYLE('',(#2309));
#2278=SURFACE_SIDE_STYLE('',(#2310));
#2279=SURFACE_SIDE_STYLE('',(#2311));
#2280=SURFACE_SIDE_STYLE('',(#2312));
#2281=SURFACE_SIDE_STYLE('',(#2313));
#2282=SURFACE_SIDE_STYLE('',(#2314));
#2283=SURFACE_SIDE_STYLE('',(#2315));
#2284=SURFACE_SIDE_STYLE('',(#2316));
#2285=SURFACE_STYLE_FILL_AREA(#2317);
#2286=SURFACE_STYLE_FILL_AREA(#2318);
#2287=SURFACE_STYLE_FILL_AREA(#2319);
#2288=SURFACE_STYLE_FILL_AREA(#2320);
#2289=SURFACE_STYLE_FILL_AREA(#2321);
#2290=SURFACE_STYLE_FILL_AREA(#2322);
#2291=SURFACE_STYLE_FILL_AREA(#2323);
#2292=SURFACE_STYLE_FILL_AREA(#2324);
#2293=SURFACE_STYLE_FILL_AREA(#2325);
#2294=SURFACE_STYLE_FILL_AREA(#2326);
#2295=SURFACE_STYLE_FILL_AREA(#2327);
#2296=SURFACE_STYLE_FILL_AREA(#2328);
#2297=SURFACE_STYLE_FILL_AREA(#2329);
#2298=SURFACE_STYLE_FILL_AREA(#2330);
#2299=SURFACE_STYLE_FILL_AREA(#2331);
#2300=SURFACE_STYLE_FILL_AREA(#2332);
#2301=SURFACE_STYLE_FILL_AREA(#2333);
#2302=SURFACE_STYLE_FILL_AREA(#2334);
#2303=SURFACE_STYLE_FILL_AREA(#2335);
#2304=SURFACE_STYLE_FILL_AREA(#2336);
#2305=SURFACE_STYLE_FILL_AREA(#2337);
#2306=SURFACE_STYLE_FILL_AREA(#2338);
#2307=SURFACE_STYLE_FILL_AREA(#2339);
#2308=SURFACE_STYLE_FILL_AREA(#2340);
#2309=SURFACE_STYLE_FILL_AREA(#2341);
#2310=SURFACE_STYLE_FILL_AREA(#2342);
#2311=SURFACE_STYLE_FILL_AREA(#2343);
#2312=SURFACE_STYLE_FILL_AREA(#2344);
#2313=SURFACE_STYLE_FILL_AREA(#2345);
#2314=SURFACE_STYLE_FILL_AREA(#2346);
#2315=SURFACE_STYLE_FILL_AREA(#2347);
#2316=SURFACE_STYLE_FILL_AREA(#2348);
#2317=FILL_AREA_STYLE('',(#2349));
#2318=FILL_AREA_STYLE('',(#2350));
#2319=FILL_AREA_STYLE('',(#2351));
#2320=FILL_AREA_STYLE('',(#2352));
#2321=FILL_AREA_STYLE('',(#2353));
#2322=FILL_AREA_STYLE('',(#2354));
#2323=FILL_AREA_STYLE('',(#2355));
#2324=FILL_AREA_STYLE('',(#2356));
#2325=FILL_AREA_STYLE('',(#2357));
#2326=FILL_AREA_STYLE('',(#2358));
#2327=FILL_AREA_STYLE('',(#2359));
#2328=FILL_AREA_STYLE('',(#2360));
#2329=FILL_AREA_STYLE('',(#2361));
#2330=FILL_AREA_STYLE('',(#2362));
#2331=FILL_AREA_STYLE('',(#2363));
#2332=FILL_AREA_STYLE('',(#2364));
#2333=FILL_AREA_STYLE('',(#2365));
#2334=FILL_AREA_STYLE('',(#2366));
#2335=FILL_AREA_STYLE('',(#2367));
#2336=FILL_AREA_STYLE('',(#2368));
#2337=FILL_AREA_STYLE('',(#2369));
#2338=FILL_AREA_STYLE('',(#2370));
#2339=FILL_AREA_STYLE('',(#2371));
#2340=FILL_AREA_STYLE('',(#2372));
#2341=FILL_AREA_STYLE('',(#2373));
#2342=FILL_AREA_STYLE('',(#2374));
#2343=FILL_AREA_STYLE('',(#2375));
#2344=FILL_AREA_STYLE('',(#2376));
#2345=FILL_AREA_STYLE('',(#2377));
#2346=FILL_AREA_STYLE('',(#2378));
#2347=FILL_AREA_STYLE('',(#2379));
#2348=FILL_AREA_STYLE('',(#2380));
#2349=FILL_AREA_STYLE_COLOUR('',#2381);
#2350=FILL_AREA_STYLE_COLOUR('',#2382);
#2351=FILL_AREA_STYLE_COLOUR('',#2382);
#2352=FILL_AREA_STYLE_COLOUR('',#2383);
#2353=FILL_AREA_STYLE_COLOUR('',#2383);
#2354=FILL_AREA_STYLE_COLOUR('',#2383);
#2355=FILL_AREA_STYLE_COLOUR('',#2383);
#2356=FILL_AREA_STYLE_COLOUR('',#2383);
#2357=FILL_AREA_STYLE_COLOUR('',#2383);
#2358=FILL_AREA_STYLE_COLOUR('',#2384);
#2359=FILL_AREA_STYLE_COLOUR('',#2384);
#2360=FILL_AREA_STYLE_COLOUR('',#2384);
#2361=FILL_AREA_STYLE_COLOUR('',#2384);
#2362=FILL_AREA_STYLE_COLOUR('',#2384);
#2363=FILL_AREA_STYLE_COLOUR('',#2384);
#2364=FILL_AREA_STYLE_COLOUR('',#2383);
#2365=FILL_AREA_STYLE_COLOUR('',#2383);
#2366=FILL_AREA_STYLE_COLOUR('',#2383);
#2367=FILL_AREA_STYLE_COLOUR('',#2383);
#2368=FILL_AREA_STYLE_COLOUR('',#2383);
#2369=FILL_AREA_STYLE_COLOUR('',#2383);
#2370=FILL_AREA_STYLE_COLOUR('',#2384);
#2371=FILL_AREA_STYLE_COLOUR('',#2384);
#2372=FILL_AREA_STYLE_COLOUR('',#2384);
#2373=FILL_AREA_STYLE_COLOUR('',#2383);
#2374=FILL_AREA_STYLE_COLOUR('',#2383);
#2375=FILL_AREA_STYLE_COLOUR('',#2383);
#2376=FILL_AREA_STYLE_COLOUR('',#2383);
#2377=FILL_AREA_STYLE_COLOUR('',#2385);
#2378=FILL_AREA_STYLE_COLOUR('',#2385);
#2379=FILL_AREA_STYLE_COLOUR('',#2385);
#2380=FILL_AREA_STYLE_COLOUR('',#2385);
#2381=COLOUR_RGB('',0.341176480054855,1.,0.752941191196442);
#2382=COLOUR_RGB('',0.69803923368454,0.69803923368454,0.69803923368454);
#2383=COLOUR_RGB('',0.972549021244049,0.972549021244049,0.972549021244049);
#2384=COLOUR_RGB('',1.,1.,0.341176480054855);
#2385=COLOUR_RGB('',0.800000011920929,1.,1.);
#2386=MANIFOLD_SOLID_BREP('NXN12-18GM50-E2-V1',#2149);
#2387=MANIFOLD_SOLID_BREP('NXN12-18GM50-E2-V1_1',#2150);
#2388=MANIFOLD_SOLID_BREP('NXN12-18GM50-E2-V1_2',#2151);
#2389=MANIFOLD_SOLID_BREP('NXN12-18GM50-E2-V1_3',#2152);
#2390=MANIFOLD_SOLID_BREP('NXN12-18GM50-E2-V1_4',#2153);
#2391=MANIFOLD_SOLID_BREP('NXN12-18GM50-E2-V1_4',#2154);
#2392=MANIFOLD_SOLID_BREP('NXN12-18GM50-E2-V1_4',#2155);
#2393=MANIFOLD_SOLID_BREP('NXN12-18GM50-E2-V1_4',#2156);
#2394=SHAPE_DEFINITION_REPRESENTATION(#4227,#2403);
#2395=SHAPE_DEFINITION_REPRESENTATION(#4228,#2404);
#2396=SHAPE_DEFINITION_REPRESENTATION(#4230,#2405);
#2397=SHAPE_DEFINITION_REPRESENTATION(#4232,#2406);
#2398=SHAPE_DEFINITION_REPRESENTATION(#4234,#2407);
#2399=SHAPE_DEFINITION_REPRESENTATION(#4236,#2408);
#2400=SHAPE_DEFINITION_REPRESENTATION(#4238,#2409);
#2401=SHAPE_DEFINITION_REPRESENTATION(#4240,#2410);
#2402=SHAPE_DEFINITION_REPRESENTATION(#4242,#2411);
#2403=SHAPE_REPRESENTATION('NBN8-18GM50-E2-V1',(#2412,#2428,#2636,#2713,
#2762,#2768,#2774,#2780,#2786),#4206);
#2404=SHAPE_REPRESENTATION('NBN8-18GM50-E2-V1_PART1',(#2412),#4207);
#2405=SHAPE_REPRESENTATION('NBN8-18GM50-E2-V1_PART2',(#2412),#4208);
#2406=SHAPE_REPRESENTATION('NBN8-18GM50-E2-V1_PART3',(#2412),#4209);
#2407=SHAPE_REPRESENTATION('NBN8-18GM50-E2-V1_PART4',(#2412),#4210);
#2408=SHAPE_REPRESENTATION('NBN8-18GM50-E2-V1_PART5',(#2412),#4211);
#2409=SHAPE_REPRESENTATION('NBN8-18GM50-E2-V1_PART6',(#2412),#4212);
#2410=SHAPE_REPRESENTATION('NBN8-18GM50-E2-V1_PART7',(#2412),#4213);
#2411=SHAPE_REPRESENTATION('NBN8-18GM50-E2-V1_PART8',(#2412),#4214);
#2412=AXIS2_PLACEMENT_3D('',#3545,#2787,#2788);
#2413=AXIS2_PLACEMENT_3D('',#3546,#2789,#2790);
#2414=AXIS2_PLACEMENT_3D('',#3547,#2791,#2792);
#2415=AXIS2_PLACEMENT_3D('',#3549,#2793,#2794);
#2416=AXIS2_PLACEMENT_3D('',#3551,#2795,#2796);
#2417=AXIS2_PLACEMENT_3D('',#3552,#2797,#2798);
#2418=AXIS2_PLACEMENT_3D('',#3554,#2799,#2800);
#2419=AXIS2_PLACEMENT_3D('',#3555,#2801,#2802);
#2420=AXIS2_PLACEMENT_3D('',#3557,#2803,#2804);
#2421=AXIS2_PLACEMENT_3D('',#3559,#2805,#2806);
#2422=AXIS2_PLACEMENT_3D('',#3560,#2807,#2808);
#2423=AXIS2_PLACEMENT_3D('',#3562,#2809,#2810);
#2424=AXIS2_PLACEMENT_3D('',#3564,#2811,#2812);
#2425=AXIS2_PLACEMENT_3D('',#3565,#2813,#2814);
#2426=AXIS2_PLACEMENT_3D('',#3566,#2815,#2816);
#2427=AXIS2_PLACEMENT_3D('',#3567,#2817,#2818);
#2428=AXIS2_PLACEMENT_3D('',#3568,#2819,#2820);
#2429=AXIS2_PLACEMENT_3D('',#3569,#2821,#2822);
#2430=AXIS2_PLACEMENT_3D('',#3570,#2823,#2824);
#2431=AXIS2_PLACEMENT_3D('',#3572,#2825,#2826);
#2432=AXIS2_PLACEMENT_3D('',#3574,#2827,#2828);
#2433=AXIS2_PLACEMENT_3D('',#3575,#2829,#2830);
#2434=AXIS2_PLACEMENT_3D('',#3577,#2831,#2832);
#2435=AXIS2_PLACEMENT_3D('',#3579,#2833,#2834);
#2436=AXIS2_PLACEMENT_3D('',#3580,#2835,#2836);
#2437=AXIS2_PLACEMENT_3D('',#3582,#2837,#2838);
#2438=AXIS2_PLACEMENT_3D('',#3584,#2839,#2840);
#2439=AXIS2_PLACEMENT_3D('',#3585,#2841,#2842);
#2440=AXIS2_PLACEMENT_3D('',#3587,#2843,#2844);
#2441=AXIS2_PLACEMENT_3D('',#3588,#2845,#2846);
#2442=AXIS2_PLACEMENT_3D('',#3590,#2847,#2848);
#2443=AXIS2_PLACEMENT_3D('',#3591,#2849,#2850);
#2444=AXIS2_PLACEMENT_3D('',#3593,#2851,#2852);
#2445=AXIS2_PLACEMENT_3D('',#3595,#2853,#2854);
#2446=AXIS2_PLACEMENT_3D('',#3596,#2855,#2856);
#2447=AXIS2_PLACEMENT_3D('',#3598,#2857,#2858);
#2448=AXIS2_PLACEMENT_3D('',#3599,#2859,#2860);
#2449=AXIS2_PLACEMENT_3D('',#3601,#2861,#2862);
#2450=AXIS2_PLACEMENT_3D('',#3602,#2863,#2864);
#2451=AXIS2_PLACEMENT_3D('',#3604,#2865,#2866);
#2452=AXIS2_PLACEMENT_3D('',#3606,#2867,#2868);
#2453=AXIS2_PLACEMENT_3D('',#3607,#2869,#2870);
#2454=AXIS2_PLACEMENT_3D('',#3609,#2871,#2872);
#2455=AXIS2_PLACEMENT_3D('',#3610,#2873,#2874);
#2456=AXIS2_PLACEMENT_3D('',#3612,#2875,#2876);
#2457=AXIS2_PLACEMENT_3D('',#3613,#2877,#2878);
#2458=AXIS2_PLACEMENT_3D('',#3615,#2879,#2880);
#2459=AXIS2_PLACEMENT_3D('',#3617,#2881,#2882);
#2460=AXIS2_PLACEMENT_3D('',#3618,#2883,#2884);
#2461=AXIS2_PLACEMENT_3D('',#3620,#2885,#2886);
#2462=AXIS2_PLACEMENT_3D('',#3621,#2887,#2888);
#2463=AXIS2_PLACEMENT_3D('',#3623,#2889,#2890);
#2464=AXIS2_PLACEMENT_3D('',#3624,#2891,#2892);
#2465=AXIS2_PLACEMENT_3D('',#3626,#2893,#2894);
#2466=AXIS2_PLACEMENT_3D('',#3628,#2895,#2896);
#2467=AXIS2_PLACEMENT_3D('',#3629,#2897,#2898);
#2468=AXIS2_PLACEMENT_3D('',#3631,#2899,#2900);
#2469=AXIS2_PLACEMENT_3D('',#3632,#2901,#2902);
#2470=AXIS2_PLACEMENT_3D('',#3634,#2903,#2904);
#2471=AXIS2_PLACEMENT_3D('',#3635,#2905,#2906);
#2472=AXIS2_PLACEMENT_3D('',#3637,#2907,#2908);
#2473=AXIS2_PLACEMENT_3D('',#3639,#2909,#2910);
#2474=AXIS2_PLACEMENT_3D('',#3640,#2911,#2912);
#2475=AXIS2_PLACEMENT_3D('',#3642,#2913,#2914);
#2476=AXIS2_PLACEMENT_3D('',#3643,#2915,#2916);
#2477=AXIS2_PLACEMENT_3D('',#3645,#2917,#2918);
#2478=AXIS2_PLACEMENT_3D('',#3646,#2919,#2920);
#2479=AXIS2_PLACEMENT_3D('',#3648,#2921,#2922);
#2480=AXIS2_PLACEMENT_3D('',#3650,#2923,#2924);
#2481=AXIS2_PLACEMENT_3D('',#3651,#2925,#2926);
#2482=AXIS2_PLACEMENT_3D('',#3653,#2927,#2928);
#2483=AXIS2_PLACEMENT_3D('',#3654,#2929,#2930);
#2484=AXIS2_PLACEMENT_3D('',#3656,#2931,#2932);
#2485=AXIS2_PLACEMENT_3D('',#3657,#2933,#2934);
#2486=AXIS2_PLACEMENT_3D('',#3659,#2935,#2936);
#2487=AXIS2_PLACEMENT_3D('',#3661,#2937,#2938);
#2488=AXIS2_PLACEMENT_3D('',#3662,#2939,#2940);
#2489=AXIS2_PLACEMENT_3D('',#3664,#2941,#2942);
#2490=AXIS2_PLACEMENT_3D('',#3665,#2943,#2944);
#2491=AXIS2_PLACEMENT_3D('',#3667,#2945,#2946);
#2492=AXIS2_PLACEMENT_3D('',#3668,#2947,#2948);
#2493=AXIS2_PLACEMENT_3D('',#3670,#2949,#2950);
#2494=AXIS2_PLACEMENT_3D('',#3672,#2951,#2952);
#2495=AXIS2_PLACEMENT_3D('',#3673,#2953,#2954);
#2496=AXIS2_PLACEMENT_3D('',#3675,#2955,#2956);
#2497=AXIS2_PLACEMENT_3D('',#3676,#2957,#2958);
#2498=AXIS2_PLACEMENT_3D('',#3678,#2959,#2960);
#2499=AXIS2_PLACEMENT_3D('',#3679,#2961,#2962);
#2500=AXIS2_PLACEMENT_3D('',#3681,#2963,#2964);
#2501=AXIS2_PLACEMENT_3D('',#3683,#2965,#2966);
#2502=AXIS2_PLACEMENT_3D('',#3684,#2967,#2968);
#2503=AXIS2_PLACEMENT_3D('',#3686,#2969,#2970);
#2504=AXIS2_PLACEMENT_3D('',#3687,#2971,#2972);
#2505=AXIS2_PLACEMENT_3D('',#3689,#2973,#2974);
#2506=AXIS2_PLACEMENT_3D('',#3690,#2975,#2976);
#2507=AXIS2_PLACEMENT_3D('',#3692,#2977,#2978);
#2508=AXIS2_PLACEMENT_3D('',#3694,#2979,#2980);
#2509=AXIS2_PLACEMENT_3D('',#3695,#2981,#2982);
#2510=AXIS2_PLACEMENT_3D('',#3697,#2983,#2984);
#2511=AXIS2_PLACEMENT_3D('',#3698,#2985,#2986);
#2512=AXIS2_PLACEMENT_3D('',#3700,#2987,#2988);
#2513=AXIS2_PLACEMENT_3D('',#3701,#2989,#2990);
#2514=AXIS2_PLACEMENT_3D('',#3703,#2991,#2992);
#2515=AXIS2_PLACEMENT_3D('',#3705,#2993,#2994);
#2516=AXIS2_PLACEMENT_3D('',#3706,#2995,#2996);
#2517=AXIS2_PLACEMENT_3D('',#3708,#2997,#2998);
#2518=AXIS2_PLACEMENT_3D('',#3709,#2999,#3000);
#2519=AXIS2_PLACEMENT_3D('',#3711,#3001,#3002);
#2520=AXIS2_PLACEMENT_3D('',#3712,#3003,#3004);
#2521=AXIS2_PLACEMENT_3D('',#3714,#3005,#3006);
#2522=AXIS2_PLACEMENT_3D('',#3716,#3007,#3008);
#2523=AXIS2_PLACEMENT_3D('',#3717,#3009,#3010);
#2524=AXIS2_PLACEMENT_3D('',#3719,#3011,#3012);
#2525=AXIS2_PLACEMENT_3D('',#3720,#3013,#3014);
#2526=AXIS2_PLACEMENT_3D('',#3722,#3015,#3016);
#2527=AXIS2_PLACEMENT_3D('',#3723,#3017,#3018);
#2528=AXIS2_PLACEMENT_3D('',#3725,#3019,#3020);
#2529=AXIS2_PLACEMENT_3D('',#3727,#3021,#3022);
#2530=AXIS2_PLACEMENT_3D('',#3728,#3023,#3024);
#2531=AXIS2_PLACEMENT_3D('',#3730,#3025,#3026);
#2532=AXIS2_PLACEMENT_3D('',#3731,#3027,#3028);
#2533=AXIS2_PLACEMENT_3D('',#3733,#3029,#3030);
#2534=AXIS2_PLACEMENT_3D('',#3734,#3031,#3032);
#2535=AXIS2_PLACEMENT_3D('',#3736,#3033,#3034);
#2536=AXIS2_PLACEMENT_3D('',#3738,#3035,#3036);
#2537=AXIS2_PLACEMENT_3D('',#3739,#3037,#3038);
#2538=AXIS2_PLACEMENT_3D('',#3741,#3039,#3040);
#2539=AXIS2_PLACEMENT_3D('',#3742,#3041,#3042);
#2540=AXIS2_PLACEMENT_3D('',#3744,#3043,#3044);
#2541=AXIS2_PLACEMENT_3D('',#3745,#3045,#3046);
#2542=AXIS2_PLACEMENT_3D('',#3747,#3047,#3048);
#2543=AXIS2_PLACEMENT_3D('',#3749,#3049,#3050);
#2544=AXIS2_PLACEMENT_3D('',#3750,#3051,#3052);
#2545=AXIS2_PLACEMENT_3D('',#3752,#3053,#3054);
#2546=AXIS2_PLACEMENT_3D('',#3753,#3055,#3056);
#2547=AXIS2_PLACEMENT_3D('',#3755,#3057,#3058);
#2548=AXIS2_PLACEMENT_3D('',#3756,#3059,#3060);
#2549=AXIS2_PLACEMENT_3D('',#3758,#3061,#3062);
#2550=AXIS2_PLACEMENT_3D('',#3760,#3063,#3064);
#2551=AXIS2_PLACEMENT_3D('',#3761,#3065,#3066);
#2552=AXIS2_PLACEMENT_3D('',#3763,#3067,#3068);
#2553=AXIS2_PLACEMENT_3D('',#3764,#3069,#3070);
#2554=AXIS2_PLACEMENT_3D('',#3766,#3071,#3072);
#2555=AXIS2_PLACEMENT_3D('',#3767,#3073,#3074);
#2556=AXIS2_PLACEMENT_3D('',#3769,#3075,#3076);
#2557=AXIS2_PLACEMENT_3D('',#3771,#3077,#3078);
#2558=AXIS2_PLACEMENT_3D('',#3772,#3079,#3080);
#2559=AXIS2_PLACEMENT_3D('',#3774,#3081,#3082);
#2560=AXIS2_PLACEMENT_3D('',#3775,#3083,#3084);
#2561=AXIS2_PLACEMENT_3D('',#3777,#3085,#3086);
#2562=AXIS2_PLACEMENT_3D('',#3778,#3087,#3088);
#2563=AXIS2_PLACEMENT_3D('',#3780,#3089,#3090);
#2564=AXIS2_PLACEMENT_3D('',#3782,#3091,#3092);
#2565=AXIS2_PLACEMENT_3D('',#3783,#3093,#3094);
#2566=AXIS2_PLACEMENT_3D('',#3785,#3095,#3096);
#2567=AXIS2_PLACEMENT_3D('',#3786,#3097,#3098);
#2568=AXIS2_PLACEMENT_3D('',#3788,#3099,#3100);
#2569=AXIS2_PLACEMENT_3D('',#3789,#3101,#3102);
#2570=AXIS2_PLACEMENT_3D('',#3791,#3103,#3104);
#2571=AXIS2_PLACEMENT_3D('',#3793,#3105,#3106);
#2572=AXIS2_PLACEMENT_3D('',#3794,#3107,#3108);
#2573=AXIS2_PLACEMENT_3D('',#3796,#3109,#3110);
#2574=AXIS2_PLACEMENT_3D('',#3797,#3111,#3112);
#2575=AXIS2_PLACEMENT_3D('',#3799,#3113,#3114);
#2576=AXIS2_PLACEMENT_3D('',#3800,#3115,#3116);
#2577=AXIS2_PLACEMENT_3D('',#3802,#3117,#3118);
#2578=AXIS2_PLACEMENT_3D('',#3804,#3119,#3120);
#2579=AXIS2_PLACEMENT_3D('',#3805,#3121,#3122);
#2580=AXIS2_PLACEMENT_3D('',#3807,#3123,#3124);
#2581=AXIS2_PLACEMENT_3D('',#3808,#3125,#3126);
#2582=AXIS2_PLACEMENT_3D('',#3810,#3127,#3128);
#2583=AXIS2_PLACEMENT_3D('',#3811,#3129,#3130);
#2584=AXIS2_PLACEMENT_3D('',#3813,#3131,#3132);
#2585=AXIS2_PLACEMENT_3D('',#3815,#3133,#3134);
#2586=AXIS2_PLACEMENT_3D('',#3816,#3135,#3136);
#2587=AXIS2_PLACEMENT_3D('',#3818,#3137,#3138);
#2588=AXIS2_PLACEMENT_3D('',#3819,#3139,#3140);
#2589=AXIS2_PLACEMENT_3D('',#3821,#3141,#3142);
#2590=AXIS2_PLACEMENT_3D('',#3822,#3143,#3144);
#2591=AXIS2_PLACEMENT_3D('',#3824,#3145,#3146);
#2592=AXIS2_PLACEMENT_3D('',#3826,#3147,#3148);
#2593=AXIS2_PLACEMENT_3D('',#3827,#3149,#3150);
#2594=AXIS2_PLACEMENT_3D('',#3829,#3151,#3152);
#2595=AXIS2_PLACEMENT_3D('',#3830,#3153,#3154);
#2596=AXIS2_PLACEMENT_3D('',#3832,#3155,#3156);
#2597=AXIS2_PLACEMENT_3D('',#3833,#3157,#3158);
#2598=AXIS2_PLACEMENT_3D('',#3835,#3159,#3160);
#2599=AXIS2_PLACEMENT_3D('',#3837,#3161,#3162);
#2600=AXIS2_PLACEMENT_3D('',#3838,#3163,#3164);
#2601=AXIS2_PLACEMENT_3D('',#3840,#3165,#3166);
#2602=AXIS2_PLACEMENT_3D('',#3841,#3167,#3168);
#2603=AXIS2_PLACEMENT_3D('',#3842,#3169,#3170);
#2604=AXIS2_PLACEMENT_3D('',#3844,#3171,#3172);
#2605=AXIS2_PLACEMENT_3D('',#3846,#3173,#3174);
#2606=AXIS2_PLACEMENT_3D('',#3847,#3175,#3176);
#2607=AXIS2_PLACEMENT_3D('',#3848,#3177,#3178);
#2608=AXIS2_PLACEMENT_3D('',#3849,#3179,#3180);
#2609=AXIS2_PLACEMENT_3D('',#3850,#3181,#3182);
#2610=AXIS2_PLACEMENT_3D('',#3851,#3183,#3184);
#2611=AXIS2_PLACEMENT_3D('',#3852,#3185,#3186);
#2612=AXIS2_PLACEMENT_3D('',#3853,#3187,#3188);
#2613=AXIS2_PLACEMENT_3D('',#3854,#3189,#3190);
#2614=AXIS2_PLACEMENT_3D('',#3855,#3191,#3192);
#2615=AXIS2_PLACEMENT_3D('',#3856,#3193,#3194);
#2616=AXIS2_PLACEMENT_3D('',#3857,#3195,#3196);
#2617=AXIS2_PLACEMENT_3D('',#3858,#3197,#3198);
#2618=AXIS2_PLACEMENT_3D('',#3859,#3199,#3200);
#2619=AXIS2_PLACEMENT_3D('',#3860,#3201,#3202);
#2620=AXIS2_PLACEMENT_3D('',#3861,#3203,#3204);
#2621=AXIS2_PLACEMENT_3D('',#3862,#3205,#3206);
#2622=AXIS2_PLACEMENT_3D('',#3863,#3207,#3208);
#2623=AXIS2_PLACEMENT_3D('',#3864,#3209,#3210);
#2624=AXIS2_PLACEMENT_3D('',#3865,#3211,#3212);
#2625=AXIS2_PLACEMENT_3D('',#3866,#3213,#3214);
#2626=AXIS2_PLACEMENT_3D('',#3867,#3215,#3216);
#2627=AXIS2_PLACEMENT_3D('',#3868,#3217,#3218);
#2628=AXIS2_PLACEMENT_3D('',#3869,#3219,#3220);
#2629=AXIS2_PLACEMENT_3D('',#3870,#3221,#3222);
#2630=AXIS2_PLACEMENT_3D('',#3871,#3223,#3224);
#2631=AXIS2_PLACEMENT_3D('',#3873,#3225,#3226);
#2632=AXIS2_PLACEMENT_3D('',#3875,#3227,#3228);
#2633=AXIS2_PLACEMENT_3D('',#3876,#3229,#3230);
#2634=AXIS2_PLACEMENT_3D('',#3877,#3231,#3232);
#2635=AXIS2_PLACEMENT_3D('',#3878,#3233,#3234);
#2636=AXIS2_PLACEMENT_3D('',#3879,#3235,#3236);
#2637=AXIS2_PLACEMENT_3D('',#3880,#3237,#3238);
#2638=AXIS2_PLACEMENT_3D('',#3881,#3239,#3240);
#2639=AXIS2_PLACEMENT_3D('',#3883,#3241,#3242);
#2640=AXIS2_PLACEMENT_3D('',#3885,#3243,#3244);
#2641=AXIS2_PLACEMENT_3D('',#3886,#3245,#3246);
#2642=AXIS2_PLACEMENT_3D('',#3888,#3247,#3248);
#2643=AXIS2_PLACEMENT_3D('',#3890,#3249,#3250);
#2644=AXIS2_PLACEMENT_3D('',#3891,#3251,#3252);
#2645=AXIS2_PLACEMENT_3D('',#3893,#3253,#3254);
#2646=AXIS2_PLACEMENT_3D('',#3895,#3255,#3256);
#2647=AXIS2_PLACEMENT_3D('',#3896,#3257,#3258);
#2648=AXIS2_PLACEMENT_3D('',#3898,#3259,#3260);
#2649=AXIS2_PLACEMENT_3D('',#3900,#3261,#3262);
#2650=AXIS2_PLACEMENT_3D('',#3901,#3263,#3264);
#2651=AXIS2_PLACEMENT_3D('',#3903,#3265,#3266);
#2652=AXIS2_PLACEMENT_3D('',#3905,#3267,#3268);
#2653=AXIS2_PLACEMENT_3D('',#3906,#3269,#3270);
#2654=AXIS2_PLACEMENT_3D('',#3908,#3271,#3272);
#2655=AXIS2_PLACEMENT_3D('',#3910,#3273,#3274);
#2656=AXIS2_PLACEMENT_3D('',#3911,#3275,#3276);
#2657=AXIS2_PLACEMENT_3D('',#3913,#3277,#3278);
#2658=AXIS2_PLACEMENT_3D('',#3915,#3279,#3280);
#2659=AXIS2_PLACEMENT_3D('',#3916,#3281,#3282);
#2660=AXIS2_PLACEMENT_3D('',#3918,#3283,#3284);
#2661=AXIS2_PLACEMENT_3D('',#3920,#3285,#3286);
#2662=AXIS2_PLACEMENT_3D('',#3921,#3287,#3288);
#2663=AXIS2_PLACEMENT_3D('',#3923,#3289,#3290);
#2664=AXIS2_PLACEMENT_3D('',#3925,#3291,#3292);
#2665=AXIS2_PLACEMENT_3D('',#3926,#3293,#3294);
#2666=AXIS2_PLACEMENT_3D('',#3928,#3295,#3296);
#2667=AXIS2_PLACEMENT_3D('',#3953,#3297,#3298);
#2668=AXIS2_PLACEMENT_3D('',#3978,#3299,#3300);
#2669=AXIS2_PLACEMENT_3D('',#3979,#3301,#3302);
#2670=AXIS2_PLACEMENT_3D('',#3981,#3303,#3304);
#2671=AXIS2_PLACEMENT_3D('',#4006,#3305,#3306);
#2672=AXIS2_PLACEMENT_3D('',#4008,#3307,#3308);
#2673=AXIS2_PLACEMENT_3D('',#4010,#3309,#3310);
#2674=AXIS2_PLACEMENT_3D('',#4023,#3311,#3312);
#2675=AXIS2_PLACEMENT_3D('',#4036,#3313,#3314);
#2676=AXIS2_PLACEMENT_3D('',#4037,#3315,#3316);
#2677=AXIS2_PLACEMENT_3D('',#4039,#3317,#3318);
#2678=AXIS2_PLACEMENT_3D('',#4041,#3319,#3320);
#2679=AXIS2_PLACEMENT_3D('',#4042,#3321,#3322);
#2680=AXIS2_PLACEMENT_3D('',#4044,#3323,#3324);
#2681=AXIS2_PLACEMENT_3D('',#4046,#3325,#3326);
#2682=AXIS2_PLACEMENT_3D('',#4047,#3327,#3328);
#2683=AXIS2_PLACEMENT_3D('',#4049,#3329,#3330);
#2684=AXIS2_PLACEMENT_3D('',#4051,#3331,#3332);
#2685=AXIS2_PLACEMENT_3D('',#4052,#3333,#3334);
#2686=AXIS2_PLACEMENT_3D('',#4054,#3335,#3336);
#2687=AXIS2_PLACEMENT_3D('',#4056,#3337,#3338);
#2688=AXIS2_PLACEMENT_3D('',#4057,#3339,#3340);
#2689=AXIS2_PLACEMENT_3D('',#4059,#3341,#3342);
#2690=AXIS2_PLACEMENT_3D('',#4060,#3343,#3344);
#2691=AXIS2_PLACEMENT_3D('',#4061,#3345,#3346);
#2692=AXIS2_PLACEMENT_3D('',#4063,#3347,#3348);
#2693=AXIS2_PLACEMENT_3D('',#4064,#3349,#3350);
#2694=AXIS2_PLACEMENT_3D('',#4065,#3351,#3352);
#2695=AXIS2_PLACEMENT_3D('',#4067,#3353,#3354);
#2696=AXIS2_PLACEMENT_3D('',#4068,#3355,#3356);
#2697=AXIS2_PLACEMENT_3D('',#4069,#3357,#3358);
#2698=AXIS2_PLACEMENT_3D('',#4071,#3359,#3360);
#2699=AXIS2_PLACEMENT_3D('',#4072,#3361,#3362);
#2700=AXIS2_PLACEMENT_3D('',#4073,#3363,#3364);
#2701=AXIS2_PLACEMENT_3D('',#4075,#3365,#3366);
#2702=AXIS2_PLACEMENT_3D('',#4076,#3367,#3368);
#2703=AXIS2_PLACEMENT_3D('',#4078,#3369,#3370);
#2704=AXIS2_PLACEMENT_3D('',#4079,#3371,#3372);
#2705=AXIS2_PLACEMENT_3D('',#4080,#3373,#3374);
#2706=AXIS2_PLACEMENT_3D('',#4081,#3375,#3376);
#2707=AXIS2_PLACEMENT_3D('',#4082,#3377,#3378);
#2708=AXIS2_PLACEMENT_3D('',#4083,#3379,#3380);
#2709=AXIS2_PLACEMENT_3D('',#4084,#3381,#3382);
#2710=AXIS2_PLACEMENT_3D('',#4085,#3383,#3384);
#2711=AXIS2_PLACEMENT_3D('',#4086,#3385,#3386);
#2712=AXIS2_PLACEMENT_3D('',#4087,#3387,#3388);
#2713=AXIS2_PLACEMENT_3D('',#4088,#3389,#3390);
#2714=AXIS2_PLACEMENT_3D('',#4089,#3391,#3392);
#2715=AXIS2_PLACEMENT_3D('',#4090,#3393,#3394);
#2716=AXIS2_PLACEMENT_3D('',#4092,#3395,#3396);
#2717=AXIS2_PLACEMENT_3D('',#4094,#3397,#3398);
#2718=AXIS2_PLACEMENT_3D('',#4095,#3399,#3400);
#2719=AXIS2_PLACEMENT_3D('',#4097,#3401,#3402);
#2720=AXIS2_PLACEMENT_3D('',#4098,#3403,#3404);
#2721=AXIS2_PLACEMENT_3D('',#4103,#3406,#3407);
#2722=AXIS2_PLACEMENT_3D('',#4107,#3409,#3410);
#2723=AXIS2_PLACEMENT_3D('',#4108,#3411,#3412);
#2724=AXIS2_PLACEMENT_3D('',#4110,#3413,#3414);
#2725=AXIS2_PLACEMENT_3D('',#4111,#3415,#3416);
#2726=AXIS2_PLACEMENT_3D('',#4113,#3417,#3418);
#2727=AXIS2_PLACEMENT_3D('',#4114,#3419,#3420);
#2728=AXIS2_PLACEMENT_3D('',#4116,#3421,#3422);
#2729=AXIS2_PLACEMENT_3D('',#4118,#3423,#3424);
#2730=AXIS2_PLACEMENT_3D('',#4119,#3425,#3426);
#2731=AXIS2_PLACEMENT_3D('',#4121,#3427,#3428);
#2732=AXIS2_PLACEMENT_3D('',#4123,#3429,#3430);
#2733=AXIS2_PLACEMENT_3D('',#4124,#3431,#3432);
#2734=AXIS2_PLACEMENT_3D('',#4126,#3433,#3434);
#2735=AXIS2_PLACEMENT_3D('',#4128,#3435,#3436);
#2736=AXIS2_PLACEMENT_3D('',#4129,#3437,#3438);
#2737=AXIS2_PLACEMENT_3D('',#4131,#3439,#3440);
#2738=AXIS2_PLACEMENT_3D('',#4132,#3441,#3442);
#2739=AXIS2_PLACEMENT_3D('',#4134,#3443,#3444);
#2740=AXIS2_PLACEMENT_3D('',#4136,#3445,#3446);
#2741=AXIS2_PLACEMENT_3D('',#4137,#3447,#3448);
#2742=AXIS2_PLACEMENT_3D('',#4139,#3449,#3450);
#2743=AXIS2_PLACEMENT_3D('',#4140,#3451,#3452);
#2744=AXIS2_PLACEMENT_3D('',#4142,#3453,#3454);
#2745=AXIS2_PLACEMENT_3D('',#4144,#3455,#3456);
#2746=AXIS2_PLACEMENT_3D('',#4145,#3457,#3458);
#2747=AXIS2_PLACEMENT_3D('',#4147,#3459,#3460);
#2748=AXIS2_PLACEMENT_3D('',#4150,#3462,#3463);
#2749=AXIS2_PLACEMENT_3D('',#4153,#3465,#3466);
#2750=AXIS2_PLACEMENT_3D('',#4157,#3469,#3470);
#2751=AXIS2_PLACEMENT_3D('',#4158,#3471,#3472);
#2752=AXIS2_PLACEMENT_3D('',#4161,#3474,#3475);
#2753=AXIS2_PLACEMENT_3D('',#4163,#3477,#3478);
#2754=AXIS2_PLACEMENT_3D('',#4164,#3479,#3480);
#2755=AXIS2_PLACEMENT_3D('',#4165,#3481,#3482);
#2756=AXIS2_PLACEMENT_3D('',#4166,#3483,#3484);
#2757=AXIS2_PLACEMENT_3D('',#4167,#3485,#3486);
#2758=AXIS2_PLACEMENT_3D('',#4168,#3487,#3488);
#2759=AXIS2_PLACEMENT_3D('',#4169,#3489,#3490);
#2760=AXIS2_PLACEMENT_3D('',#4170,#3491,#3492);
#2761=AXIS2_PLACEMENT_3D('',#4171,#3493,#3494);
#2762=AXIS2_PLACEMENT_3D('',#4172,#3495,#3496);
#2763=AXIS2_PLACEMENT_3D('',#4173,#3497,#3498);
#2764=AXIS2_PLACEMENT_3D('',#4174,#3499,#3500);
#2765=AXIS2_PLACEMENT_3D('',#4176,#3501,#3502);
#2766=AXIS2_PLACEMENT_3D('',#4178,#3503,#3504);
#2767=AXIS2_PLACEMENT_3D('',#4179,#3505,#3506);
#2768=AXIS2_PLACEMENT_3D('',#4180,#3507,#3508);
#2769=AXIS2_PLACEMENT_3D('',#4181,#3509,#3510);
#2770=AXIS2_PLACEMENT_3D('',#4182,#3511,#3512);
#2771=AXIS2_PLACEMENT_3D('',#4184,#3513,#3514);
#2772=AXIS2_PLACEMENT_3D('',#4186,#3515,#3516);
#2773=AXIS2_PLACEMENT_3D('',#4187,#3517,#3518);
#2774=AXIS2_PLACEMENT_3D('',#4188,#3519,#3520);
#2775=AXIS2_PLACEMENT_3D('',#4189,#3521,#3522);
#2776=AXIS2_PLACEMENT_3D('',#4190,#3523,#3524);
#2777=AXIS2_PLACEMENT_3D('',#4192,#3525,#3526);
#2778=AXIS2_PLACEMENT_3D('',#4194,#3527,#3528);
#2779=AXIS2_PLACEMENT_3D('',#4195,#3529,#3530);
#2780=AXIS2_PLACEMENT_3D('',#4196,#3531,#3532);
#2781=AXIS2_PLACEMENT_3D('',#4197,#3533,#3534);
#2782=AXIS2_PLACEMENT_3D('',#4198,#3535,#3536);
#2783=AXIS2_PLACEMENT_3D('',#4200,#3537,#3538);
#2784=AXIS2_PLACEMENT_3D('',#4202,#3539,#3540);
#2785=AXIS2_PLACEMENT_3D('',#4203,#3541,#3542);
#2786=AXIS2_PLACEMENT_3D('',#4204,#3543,#3544);
#2787=DIRECTION('',(0.,0.,1.));
#2788=DIRECTION('',(1.,0.,0.));
#2789=DIRECTION('',(0.,1.,0.));
#2790=DIRECTION('',(0.,0.,1.));
#2791=DIRECTION('',(0.,-1.,0.));
#2792=DIRECTION('',(0.,0.,1.));
#2793=DIRECTION('',(0.,-1.,0.));
#2794=DIRECTION('',(0.,0.,1.));
#2795=DIRECTION('',(0.,1.,0.));
#2796=DIRECTION('',(0.,0.,1.));
#2797=DIRECTION('',(0.,-1.,0.));
#2798=DIRECTION('',(0.,0.,1.));
#2799=DIRECTION('',(0.,-1.,0.));
#2800=DIRECTION('',(0.,0.,1.));
#2801=DIRECTION('',(0.,-1.,0.));
#2802=DIRECTION('',(0.,0.,1.));
#2803=DIRECTION('',(0.,-1.,0.));
#2804=DIRECTION('',(0.,0.,1.));
#2805=DIRECTION('',(0.,1.,0.));
#2806=DIRECTION('',(0.,0.,1.));
#2807=DIRECTION('',(0.,-1.,0.));
#2808=DIRECTION('',(0.,0.,1.));
#2809=DIRECTION('',(0.,-1.,0.));
#2810=DIRECTION('',(0.,0.,1.));
#2811=DIRECTION('',(0.,1.,0.));
#2812=DIRECTION('',(0.,0.,-1.));
#2813=DIRECTION('',(0.,1.,0.));
#2814=DIRECTION('',(0.,0.,-1.));
#2815=DIRECTION('',(0.,1.,0.));
#2816=DIRECTION('',(0.,0.,-1.));
#2817=DIRECTION('',(0.,-1.,0.));
#2818=DIRECTION('',(0.,0.,1.));
#2819=DIRECTION('',(0.,0.,1.));
#2820=DIRECTION('',(1.,0.,0.));
#2821=DIRECTION('',(0.,1.,0.));
#2822=DIRECTION('',(0.,0.,1.));
#2823=DIRECTION('',(0.,-1.,0.));
#2824=DIRECTION('',(0.,0.,1.));
#2825=DIRECTION('',(0.,1.,0.));
#2826=DIRECTION('',(0.,0.,1.));
#2827=DIRECTION('',(0.,1.,0.));
#2828=DIRECTION('',(-1.,0.,0.));
#2829=DIRECTION('',(0.,1.,0.));
#2830=DIRECTION('',(0.,0.,-1.));
#2831=DIRECTION('',(0.,1.,0.));
#2832=DIRECTION('',(0.,0.,1.));
#2833=DIRECTION('',(0.,1.,0.));
#2834=DIRECTION('',(-1.,0.,0.));
#2835=DIRECTION('',(0.,1.,0.));
#2836=DIRECTION('',(0.,0.,-1.));
#2837=DIRECTION('',(0.,1.,0.));
#2838=DIRECTION('',(0.,0.,1.));
#2839=DIRECTION('',(0.,1.,0.));
#2840=DIRECTION('',(-1.,0.,0.));
#2841=DIRECTION('',(0.,1.,0.));
#2842=DIRECTION('',(1.,0.,0.));
#2843=DIRECTION('',(0.,-1.,0.));
#2844=DIRECTION('',(-1.,0.,0.));
#2845=DIRECTION('',(0.,-1.,0.));
#2846=DIRECTION('',(1.,0.,0.));
#2847=DIRECTION('',(0.,1.,0.));
#2848=DIRECTION('',(-1.,0.,0.));
#2849=DIRECTION('',(0.,1.,0.));
#2850=DIRECTION('',(0.,0.,-1.));
#2851=DIRECTION('',(0.,1.,0.));
#2852=DIRECTION('',(0.,0.,1.));
#2853=DIRECTION('',(0.,1.,0.));
#2854=DIRECTION('',(-1.,0.,0.));
#2855=DIRECTION('',(0.,1.,0.));
#2856=DIRECTION('',(1.,0.,0.));
#2857=DIRECTION('',(0.,-1.,0.));
#2858=DIRECTION('',(-1.,0.,0.));
#2859=DIRECTION('',(0.,-1.,0.));
#2860=DIRECTION('',(1.,0.,0.));
#2861=DIRECTION('',(0.,1.,0.));
#2862=DIRECTION('',(-1.,0.,0.));
#2863=DIRECTION('',(0.,1.,0.));
#2864=DIRECTION('',(0.,0.,-1.));
#2865=DIRECTION('',(0.,1.,0.));
#2866=DIRECTION('',(0.,0.,1.));
#2867=DIRECTION('',(0.,1.,0.));
#2868=DIRECTION('',(-1.,0.,0.));
#2869=DIRECTION('',(0.,1.,0.));
#2870=DIRECTION('',(1.,0.,0.));
#2871=DIRECTION('',(0.,-1.,0.));
#2872=DIRECTION('',(-1.,0.,0.));
#2873=DIRECTION('',(0.,-1.,0.));
#2874=DIRECTION('',(1.,0.,0.));
#2875=DIRECTION('',(0.,1.,0.));
#2876=DIRECTION('',(-1.,0.,0.));
#2877=DIRECTION('',(0.,1.,0.));
#2878=DIRECTION('',(0.,0.,-1.));
#2879=DIRECTION('',(0.,1.,0.));
#2880=DIRECTION('',(0.,0.,1.));
#2881=DIRECTION('',(0.,1.,0.));
#2882=DIRECTION('',(-1.,0.,0.));
#2883=DIRECTION('',(0.,1.,0.));
#2884=DIRECTION('',(1.,0.,0.));
#2885=DIRECTION('',(0.,-1.,0.));
#2886=DIRECTION('',(-1.,0.,0.));
#2887=DIRECTION('',(0.,-1.,0.));
#2888=DIRECTION('',(1.,0.,0.));
#2889=DIRECTION('',(0.,1.,0.));
#2890=DIRECTION('',(-1.,0.,0.));
#2891=DIRECTION('',(0.,1.,0.));
#2892=DIRECTION('',(0.,0.,-1.));
#2893=DIRECTION('',(0.,1.,0.));
#2894=DIRECTION('',(0.,0.,1.));
#2895=DIRECTION('',(0.,1.,0.));
#2896=DIRECTION('',(-1.,0.,0.));
#2897=DIRECTION('',(0.,1.,0.));
#2898=DIRECTION('',(1.,0.,0.));
#2899=DIRECTION('',(0.,-1.,0.));
#2900=DIRECTION('',(-1.,0.,0.));
#2901=DIRECTION('',(0.,-1.,0.));
#2902=DIRECTION('',(1.,0.,0.));
#2903=DIRECTION('',(0.,1.,0.));
#2904=DIRECTION('',(-1.,0.,0.));
#2905=DIRECTION('',(0.,1.,0.));
#2906=DIRECTION('',(0.,0.,-1.));
#2907=DIRECTION('',(0.,1.,0.));
#2908=DIRECTION('',(0.,0.,1.));
#2909=DIRECTION('',(0.,1.,0.));
#2910=DIRECTION('',(-1.,0.,0.));
#2911=DIRECTION('',(0.,1.,0.));
#2912=DIRECTION('',(1.,0.,0.));
#2913=DIRECTION('',(0.,-1.,0.));
#2914=DIRECTION('',(-1.,0.,0.));
#2915=DIRECTION('',(0.,-1.,0.));
#2916=DIRECTION('',(1.,0.,0.));
#2917=DIRECTION('',(0.,1.,0.));
#2918=DIRECTION('',(-1.,0.,0.));
#2919=DIRECTION('',(0.,1.,0.));
#2920=DIRECTION('',(0.,0.,-1.));
#2921=DIRECTION('',(0.,1.,0.));
#2922=DIRECTION('',(0.,0.,1.));
#2923=DIRECTION('',(0.,1.,0.));
#2924=DIRECTION('',(-1.,0.,0.));
#2925=DIRECTION('',(0.,1.,0.));
#2926=DIRECTION('',(1.,0.,0.));
#2927=DIRECTION('',(0.,-1.,0.));
#2928=DIRECTION('',(-1.,0.,0.));
#2929=DIRECTION('',(0.,-1.,0.));
#2930=DIRECTION('',(1.,0.,0.));
#2931=DIRECTION('',(0.,1.,0.));
#2932=DIRECTION('',(-1.,0.,0.));
#2933=DIRECTION('',(0.,1.,0.));
#2934=DIRECTION('',(-1.,0.,0.));
#2935=DIRECTION('',(0.,1.,0.));
#2936=DIRECTION('',(-1.,0.,0.));
#2937=DIRECTION('',(0.,1.,0.));
#2938=DIRECTION('',(-1.,0.,0.));
#2939=DIRECTION('',(0.,1.,0.));
#2940=DIRECTION('',(1.,0.,0.));
#2941=DIRECTION('',(0.,-1.,0.));
#2942=DIRECTION('',(-1.,0.,0.));
#2943=DIRECTION('',(0.,-1.,0.));
#2944=DIRECTION('',(1.,0.,0.));
#2945=DIRECTION('',(0.,1.,0.));
#2946=DIRECTION('',(-1.,0.,0.));
#2947=DIRECTION('',(0.,1.,0.));
#2948=DIRECTION('',(0.,0.,-1.));
#2949=DIRECTION('',(0.,1.,0.));
#2950=DIRECTION('',(0.,0.,1.));
#2951=DIRECTION('',(0.,1.,0.));
#2952=DIRECTION('',(-1.,0.,0.));
#2953=DIRECTION('',(0.,1.,0.));
#2954=DIRECTION('',(1.,0.,0.));
#2955=DIRECTION('',(0.,-1.,0.));
#2956=DIRECTION('',(-1.,0.,0.));
#2957=DIRECTION('',(0.,-1.,0.));
#2958=DIRECTION('',(1.,0.,0.));
#2959=DIRECTION('',(0.,1.,0.));
#2960=DIRECTION('',(-1.,0.,0.));
#2961=DIRECTION('',(0.,1.,0.));
#2962=DIRECTION('',(0.,0.,-1.));
#2963=DIRECTION('',(0.,1.,0.));
#2964=DIRECTION('',(0.,0.,1.));
#2965=DIRECTION('',(0.,1.,0.));
#2966=DIRECTION('',(-1.,0.,0.));
#2967=DIRECTION('',(0.,1.,0.));
#2968=DIRECTION('',(1.,0.,0.));
#2969=DIRECTION('',(0.,-1.,0.));
#2970=DIRECTION('',(-1.,0.,0.));
#2971=DIRECTION('',(0.,-1.,0.));
#2972=DIRECTION('',(1.,0.,0.));
#2973=DIRECTION('',(0.,1.,0.));
#2974=DIRECTION('',(-1.,0.,0.));
#2975=DIRECTION('',(0.,1.,0.));
#2976=DIRECTION('',(0.,0.,-1.));
#2977=DIRECTION('',(0.,1.,0.));
#2978=DIRECTION('',(0.,0.,1.));
#2979=DIRECTION('',(0.,1.,0.));
#2980=DIRECTION('',(-1.,0.,0.));
#2981=DIRECTION('',(0.,1.,0.));
#2982=DIRECTION('',(1.,0.,0.));
#2983=DIRECTION('',(0.,-1.,0.));
#2984=DIRECTION('',(-1.,0.,0.));
#2985=DIRECTION('',(0.,-1.,0.));
#2986=DIRECTION('',(1.,0.,0.));
#2987=DIRECTION('',(0.,1.,0.));
#2988=DIRECTION('',(-1.,0.,0.));
#2989=DIRECTION('',(0.,1.,0.));
#2990=DIRECTION('',(0.,0.,-1.));
#2991=DIRECTION('',(0.,1.,0.));
#2992=DIRECTION('',(0.,0.,1.));
#2993=DIRECTION('',(0.,1.,0.));
#2994=DIRECTION('',(-1.,0.,0.));
#2995=DIRECTION('',(0.,1.,0.));
#2996=DIRECTION('',(1.,0.,0.));
#2997=DIRECTION('',(0.,-1.,0.));
#2998=DIRECTION('',(-1.,0.,0.));
#2999=DIRECTION('',(0.,-1.,0.));
#3000=DIRECTION('',(1.,0.,0.));
#3001=DIRECTION('',(0.,1.,0.));
#3002=DIRECTION('',(-1.,0.,0.));
#3003=DIRECTION('',(0.,1.,0.));
#3004=DIRECTION('',(0.,0.,-1.));
#3005=DIRECTION('',(0.,1.,0.));
#3006=DIRECTION('',(0.,0.,1.));
#3007=DIRECTION('',(0.,1.,0.));
#3008=DIRECTION('',(-1.,0.,0.));
#3009=DIRECTION('',(0.,1.,0.));
#3010=DIRECTION('',(1.,0.,0.));
#3011=DIRECTION('',(0.,-1.,0.));
#3012=DIRECTION('',(-1.,0.,0.));
#3013=DIRECTION('',(0.,-1.,0.));
#3014=DIRECTION('',(1.,0.,0.));
#3015=DIRECTION('',(0.,1.,0.));
#3016=DIRECTION('',(-1.,0.,0.));
#3017=DIRECTION('',(0.,1.,0.));
#3018=DIRECTION('',(0.,0.,-1.));
#3019=DIRECTION('',(0.,1.,0.));
#3020=DIRECTION('',(0.,0.,1.));
#3021=DIRECTION('',(0.,1.,0.));
#3022=DIRECTION('',(-1.,0.,0.));
#3023=DIRECTION('',(0.,1.,0.));
#3024=DIRECTION('',(1.,0.,0.));
#3025=DIRECTION('',(0.,-1.,0.));
#3026=DIRECTION('',(-1.,0.,0.));
#3027=DIRECTION('',(0.,-1.,0.));
#3028=DIRECTION('',(1.,0.,0.));
#3029=DIRECTION('',(0.,1.,0.));
#3030=DIRECTION('',(-1.,0.,0.));
#3031=DIRECTION('',(0.,1.,0.));
#3032=DIRECTION('',(0.,0.,-1.));
#3033=DIRECTION('',(0.,1.,0.));
#3034=DIRECTION('',(0.,0.,1.));
#3035=DIRECTION('',(0.,1.,0.));
#3036=DIRECTION('',(-1.,0.,0.));
#3037=DIRECTION('',(0.,1.,0.));
#3038=DIRECTION('',(1.,0.,0.));
#3039=DIRECTION('',(0.,-1.,0.));
#3040=DIRECTION('',(-1.,0.,0.));
#3041=DIRECTION('',(0.,-1.,0.));
#3042=DIRECTION('',(1.,0.,0.));
#3043=DIRECTION('',(0.,1.,0.));
#3044=DIRECTION('',(-1.,0.,0.));
#3045=DIRECTION('',(0.,1.,0.));
#3046=DIRECTION('',(0.,0.,-1.));
#3047=DIRECTION('',(0.,1.,0.));
#3048=DIRECTION('',(0.,0.,1.));
#3049=DIRECTION('',(0.,1.,0.));
#3050=DIRECTION('',(-1.,0.,0.));
#3051=DIRECTION('',(0.,1.,0.));
#3052=DIRECTION('',(1.,0.,0.));
#3053=DIRECTION('',(0.,-1.,0.));
#3054=DIRECTION('',(-1.,0.,0.));
#3055=DIRECTION('',(0.,-1.,0.));
#3056=DIRECTION('',(1.,0.,0.));
#3057=DIRECTION('',(0.,1.,0.));
#3058=DIRECTION('',(-1.,0.,0.));
#3059=DIRECTION('',(0.,1.,0.));
#3060=DIRECTION('',(0.,0.,-1.));
#3061=DIRECTION('',(0.,1.,0.));
#3062=DIRECTION('',(0.,0.,1.));
#3063=DIRECTION('',(0.,1.,0.));
#3064=DIRECTION('',(-1.,0.,0.));
#3065=DIRECTION('',(0.,1.,0.));
#3066=DIRECTION('',(1.,0.,0.));
#3067=DIRECTION('',(0.,-1.,0.));
#3068=DIRECTION('',(-1.,0.,0.));
#3069=DIRECTION('',(0.,-1.,0.));
#3070=DIRECTION('',(1.,0.,0.));
#3071=DIRECTION('',(0.,1.,0.));
#3072=DIRECTION('',(-1.,0.,0.));
#3073=DIRECTION('',(0.,1.,0.));
#3074=DIRECTION('',(0.,0.,-1.));
#3075=DIRECTION('',(0.,1.,0.));
#3076=DIRECTION('',(0.,0.,1.));
#3077=DIRECTION('',(0.,1.,0.));
#3078=DIRECTION('',(-1.,0.,0.));
#3079=DIRECTION('',(0.,1.,0.));
#3080=DIRECTION('',(1.,0.,0.));
#3081=DIRECTION('',(0.,-1.,0.));
#3082=DIRECTION('',(-1.,0.,0.));
#3083=DIRECTION('',(0.,-1.,0.));
#3084=DIRECTION('',(1.,0.,0.));
#3085=DIRECTION('',(0.,1.,0.));
#3086=DIRECTION('',(-1.,0.,0.));
#3087=DIRECTION('',(0.,1.,0.));
#3088=DIRECTION('',(0.,0.,-1.));
#3089=DIRECTION('',(0.,1.,0.));
#3090=DIRECTION('',(0.,0.,1.));
#3091=DIRECTION('',(0.,1.,0.));
#3092=DIRECTION('',(-1.,0.,0.));
#3093=DIRECTION('',(0.,1.,0.));
#3094=DIRECTION('',(1.,0.,0.));
#3095=DIRECTION('',(0.,-1.,0.));
#3096=DIRECTION('',(-1.,0.,0.));
#3097=DIRECTION('',(0.,-1.,0.));
#3098=DIRECTION('',(1.,0.,0.));
#3099=DIRECTION('',(0.,1.,0.));
#3100=DIRECTION('',(-1.,0.,0.));
#3101=DIRECTION('',(0.,1.,0.));
#3102=DIRECTION('',(0.,0.,-1.));
#3103=DIRECTION('',(0.,1.,0.));
#3104=DIRECTION('',(0.,0.,1.));
#3105=DIRECTION('',(0.,1.,0.));
#3106=DIRECTION('',(-1.,0.,0.));
#3107=DIRECTION('',(0.,1.,0.));
#3108=DIRECTION('',(1.,0.,0.));
#3109=DIRECTION('',(0.,-1.,0.));
#3110=DIRECTION('',(-1.,0.,0.));
#3111=DIRECTION('',(0.,-1.,0.));
#3112=DIRECTION('',(1.,0.,0.));
#3113=DIRECTION('',(0.,1.,0.));
#3114=DIRECTION('',(-1.,0.,0.));
#3115=DIRECTION('',(0.,1.,0.));
#3116=DIRECTION('',(0.,0.,-1.));
#3117=DIRECTION('',(0.,1.,0.));
#3118=DIRECTION('',(0.,0.,1.));
#3119=DIRECTION('',(0.,1.,0.));
#3120=DIRECTION('',(-1.,0.,0.));
#3121=DIRECTION('',(0.,1.,0.));
#3122=DIRECTION('',(1.,0.,0.));
#3123=DIRECTION('',(0.,-1.,0.));
#3124=DIRECTION('',(-1.,0.,0.));
#3125=DIRECTION('',(0.,-1.,0.));
#3126=DIRECTION('',(1.,0.,0.));
#3127=DIRECTION('',(0.,1.,0.));
#3128=DIRECTION('',(-1.,0.,0.));
#3129=DIRECTION('',(0.,1.,0.));
#3130=DIRECTION('',(0.,0.,-1.));
#3131=DIRECTION('',(0.,1.,0.));
#3132=DIRECTION('',(0.,0.,1.));
#3133=DIRECTION('',(0.,1.,0.));
#3134=DIRECTION('',(-1.,0.,0.));
#3135=DIRECTION('',(0.,1.,0.));
#3136=DIRECTION('',(1.,0.,0.));
#3137=DIRECTION('',(0.,-1.,0.));
#3138=DIRECTION('',(-1.,0.,0.));
#3139=DIRECTION('',(0.,-1.,0.));
#3140=DIRECTION('',(1.,0.,0.));
#3141=DIRECTION('',(0.,1.,0.));
#3142=DIRECTION('',(-1.,0.,0.));
#3143=DIRECTION('',(0.,1.,0.));
#3144=DIRECTION('',(0.,0.,-1.));
#3145=DIRECTION('',(0.,1.,0.));
#3146=DIRECTION('',(0.,0.,1.));
#3147=DIRECTION('',(0.,1.,0.));
#3148=DIRECTION('',(-1.,0.,0.));
#3149=DIRECTION('',(0.,1.,0.));
#3150=DIRECTION('',(1.,0.,0.));
#3151=DIRECTION('',(0.,-1.,0.));
#3152=DIRECTION('',(-1.,0.,0.));
#3153=DIRECTION('',(0.,-1.,0.));
#3154=DIRECTION('',(1.,0.,0.));
#3155=DIRECTION('',(0.,1.,0.));
#3156=DIRECTION('',(-1.,0.,0.));
#3157=DIRECTION('',(0.,-1.,0.));
#3158=DIRECTION('',(0.,0.,-1.));
#3159=DIRECTION('',(0.,1.,0.));
#3160=DIRECTION('',(1.,0.,0.));
#3161=DIRECTION('',(0.,-1.,0.));
#3162=DIRECTION('',(-1.,0.,0.));
#3163=DIRECTION('',(0.,-1.,0.));
#3164=DIRECTION('',(1.,0.,0.));
#3165=DIRECTION('',(0.,-1.,0.));
#3166=DIRECTION('',(1.,0.,0.));
#3167=DIRECTION('',(0.,-1.,0.));
#3168=DIRECTION('',(1.,0.,0.));
#3169=DIRECTION('',(0.,-1.,0.));
#3170=DIRECTION('',(0.,0.,-1.));
#3171=DIRECTION('',(0.,-1.,0.));
#3172=DIRECTION('',(1.,0.,0.));
#3173=DIRECTION('',(0.,-1.,0.));
#3174=DIRECTION('',(1.,0.,0.));
#3175=DIRECTION('',(0.,-1.,0.));
#3176=DIRECTION('',(1.,0.,0.));
#3177=DIRECTION('',(0.,-1.,0.));
#3178=DIRECTION('',(1.,0.,0.));
#3179=DIRECTION('',(0.,-1.,0.));
#3180=DIRECTION('',(1.,0.,0.));
#3181=DIRECTION('',(0.,-1.,0.));
#3182=DIRECTION('',(1.,0.,0.));
#3183=DIRECTION('',(0.,-1.,0.));
#3184=DIRECTION('',(1.,0.,0.));
#3185=DIRECTION('',(0.,-1.,0.));
#3186=DIRECTION('',(1.,0.,0.));
#3187=DIRECTION('',(0.,-1.,0.));
#3188=DIRECTION('',(1.,0.,0.));
#3189=DIRECTION('',(0.,-1.,0.));
#3190=DIRECTION('',(1.,0.,0.));
#3191=DIRECTION('',(0.,-1.,0.));
#3192=DIRECTION('',(1.,0.,0.));
#3193=DIRECTION('',(0.,-1.,0.));
#3194=DIRECTION('',(1.,0.,0.));
#3195=DIRECTION('',(0.,-1.,0.));
#3196=DIRECTION('',(1.,0.,0.));
#3197=DIRECTION('',(0.,-1.,0.));
#3198=DIRECTION('',(1.,0.,0.));
#3199=DIRECTION('',(0.,-1.,0.));
#3200=DIRECTION('',(1.,0.,0.));
#3201=DIRECTION('',(0.,-1.,0.));
#3202=DIRECTION('',(1.,0.,0.));
#3203=DIRECTION('',(0.,-1.,0.));
#3204=DIRECTION('',(1.,0.,0.));
#3205=DIRECTION('',(0.,-1.,0.));
#3206=DIRECTION('',(1.,0.,0.));
#3207=DIRECTION('',(0.,-1.,0.));
#3208=DIRECTION('',(1.,0.,0.));
#3209=DIRECTION('',(0.,-1.,0.));
#3210=DIRECTION('',(1.,0.,0.));
#3211=DIRECTION('',(0.,-1.,0.));
#3212=DIRECTION('',(1.,0.,0.));
#3213=DIRECTION('',(0.,-1.,0.));
#3214=DIRECTION('',(1.,0.,0.));
#3215=DIRECTION('',(0.,-1.,0.));
#3216=DIRECTION('',(1.,0.,0.));
#3217=DIRECTION('',(0.,-1.,0.));
#3218=DIRECTION('',(1.,0.,0.));
#3219=DIRECTION('',(0.,1.,0.));
#3220=DIRECTION('',(-1.,0.,0.));
#3221=DIRECTION('',(0.,-1.,0.));
#3222=DIRECTION('',(1.,0.,0.));
#3223=DIRECTION('',(0.,-1.,0.));
#3224=DIRECTION('',(1.,0.,0.));
#3225=DIRECTION('',(0.,-1.,0.));
#3226=DIRECTION('',(1.,0.,0.));
#3227=DIRECTION('',(0.,-1.,0.));
#3228=DIRECTION('',(1.,0.,0.));
#3229=DIRECTION('',(0.,1.,0.));
#3230=DIRECTION('',(-1.,0.,0.));
#3231=DIRECTION('',(0.,-1.,0.));
#3232=DIRECTION('',(1.,0.,0.));
#3233=DIRECTION('',(0.,1.,0.));
#3234=DIRECTION('',(-1.,0.,0.));
#3235=DIRECTION('',(0.,0.,1.));
#3236=DIRECTION('',(1.,0.,0.));
#3237=DIRECTION('',(0.,-1.,0.));
#3238=DIRECTION('',(0.,0.,1.));
#3239=DIRECTION('',(0.,1.,0.));
#3240=DIRECTION('',(0.,0.,1.));
#3241=DIRECTION('',(0.,1.,0.));
#3242=DIRECTION('',(0.,0.,1.));
#3243=DIRECTION('',(0.,1.,0.));
#3244=DIRECTION('',(0.,0.,1.));
#3245=DIRECTION('',(0.,1.,0.));
#3246=DIRECTION('',(0.,0.,1.));
#3247=DIRECTION('',(0.,-1.,0.));
#3248=DIRECTION('',(1.,0.,0.));
#3249=DIRECTION('',(0.,-1.,0.));
#3250=DIRECTION('',(0.,0.,1.));
#3251=DIRECTION('',(0.,1.,0.));
#3252=DIRECTION('',(0.,0.,1.));
#3253=DIRECTION('',(0.,1.,0.));
#3254=DIRECTION('',(0.,0.,1.));
#3255=DIRECTION('',(0.,1.,0.));
#3256=DIRECTION('',(0.,0.,1.));
#3257=DIRECTION('',(0.,1.,0.));
#3258=DIRECTION('',(0.,0.,1.));
#3259=DIRECTION('',(0.,1.,0.));
#3260=DIRECTION('',(0.,0.,1.));
#3261=DIRECTION('',(0.,1.,0.));
#3262=DIRECTION('',(0.,0.,1.));
#3263=DIRECTION('',(0.,1.,0.));
#3264=DIRECTION('',(0.,0.,1.));
#3265=DIRECTION('',(0.,1.,0.));
#3266=DIRECTION('',(0.,0.,1.));
#3267=DIRECTION('',(0.,1.,0.));
#3268=DIRECTION('',(0.,0.,1.));
#3269=DIRECTION('',(0.,1.,0.));
#3270=DIRECTION('',(0.,0.,1.));
#3271=DIRECTION('',(0.,1.,0.));
#3272=DIRECTION('',(0.,0.,1.));
#3273=DIRECTION('',(0.,1.,0.));
#3274=DIRECTION('',(0.,0.,1.));
#3275=DIRECTION('',(0.,1.,0.));
#3276=DIRECTION('',(0.,0.,1.));
#3277=DIRECTION('',(0.,1.,0.));
#3278=DIRECTION('',(0.,0.,1.));
#3279=DIRECTION('',(0.,1.,0.));
#3280=DIRECTION('',(0.,0.,1.));
#3281=DIRECTION('',(0.,1.,0.));
#3282=DIRECTION('',(0.,0.,1.));
#3283=DIRECTION('',(0.,1.,0.));
#3284=DIRECTION('',(0.,0.,1.));
#3285=DIRECTION('',(0.,1.,0.));
#3286=DIRECTION('',(0.,0.,1.));
#3287=DIRECTION('',(0.,1.,0.));
#3288=DIRECTION('',(0.,0.,1.));
#3289=DIRECTION('',(0.,1.,0.));
#3290=DIRECTION('',(0.,0.,1.));
#3291=DIRECTION('',(0.,1.,0.));
#3292=DIRECTION('',(0.,0.,1.));
#3293=DIRECTION('',(0.,1.,0.));
#3294=DIRECTION('',(0.,0.,1.));
#3295=DIRECTION('',(1.,0.,0.));
#3296=DIRECTION('',(0.,0.,-1.));
#3297=DIRECTION('',(1.,0.,0.));
#3298=DIRECTION('',(0.,0.,-1.));
#3299=DIRECTION('',(0.,1.,0.));
#3300=DIRECTION('',(0.,0.,1.));
#3301=DIRECTION('',(0.,1.,0.));
#3302=DIRECTION('',(0.,0.,1.));
#3303=DIRECTION('',(0.,1.,0.));
#3304=DIRECTION('',(1.,0.,0.));
#3305=DIRECTION('',(0.,-1.,0.));
#3306=DIRECTION('',(1.,0.,0.));
#3307=DIRECTION('',(0.,1.,0.));
#3308=DIRECTION('',(1.,0.,0.));
#3309=DIRECTION('',(0.,0.,-1.));
#3310=DIRECTION('',(-1.,0.,0.));
#3311=DIRECTION('',(0.,0.,-1.));
#3312=DIRECTION('',(-1.,0.,0.));
#3313=DIRECTION('',(0.,1.,0.));
#3314=DIRECTION('',(0.,0.,1.));
#3315=DIRECTION('',(0.,-1.,0.));
#3316=DIRECTION('',(0.,0.,1.));
#3317=DIRECTION('',(0.,1.,0.));
#3318=DIRECTION('',(0.,0.,1.));
#3319=DIRECTION('',(0.,1.,0.));
#3320=DIRECTION('',(0.,0.,1.));
#3321=DIRECTION('',(0.,-1.,0.));
#3322=DIRECTION('',(0.,0.,1.));
#3323=DIRECTION('',(0.,1.,0.));
#3324=DIRECTION('',(0.,0.,1.));
#3325=DIRECTION('',(0.,1.,0.));
#3326=DIRECTION('',(0.,0.,1.));
#3327=DIRECTION('',(0.,-1.,0.));
#3328=DIRECTION('',(0.,0.,1.));
#3329=DIRECTION('',(0.,1.,0.));
#3330=DIRECTION('',(0.,0.,1.));
#3331=DIRECTION('',(0.,1.,0.));
#3332=DIRECTION('',(0.,0.,1.));
#3333=DIRECTION('',(0.,-1.,0.));
#3334=DIRECTION('',(0.,0.,1.));
#3335=DIRECTION('',(0.,1.,0.));
#3336=DIRECTION('',(0.,0.,1.));
#3337=DIRECTION('',(0.,1.,0.));
#3338=DIRECTION('',(1.,0.,0.));
#3339=DIRECTION('',(0.,-1.,0.));
#3340=DIRECTION('',(1.,0.,0.));
#3341=DIRECTION('',(0.,-1.,0.));
#3342=DIRECTION('',(1.,0.,0.));
#3343=DIRECTION('',(0.,1.,0.));
#3344=DIRECTION('',(1.,0.,0.));
#3345=DIRECTION('',(0.,-1.,0.));
#3346=DIRECTION('',(1.,0.,0.));
#3347=DIRECTION('',(0.,-1.,0.));
#3348=DIRECTION('',(1.,0.,0.));
#3349=DIRECTION('',(0.,1.,0.));
#3350=DIRECTION('',(1.,0.,0.));
#3351=DIRECTION('',(0.,-1.,0.));
#3352=DIRECTION('',(1.,0.,0.));
#3353=DIRECTION('',(0.,-1.,0.));
#3354=DIRECTION('',(1.,0.,0.));
#3355=DIRECTION('',(0.,1.,0.));
#3356=DIRECTION('',(1.,0.,0.));
#3357=DIRECTION('',(0.,-1.,0.));
#3358=DIRECTION('',(1.,0.,0.));
#3359=DIRECTION('',(0.,-1.,0.));
#3360=DIRECTION('',(1.,0.,0.));
#3361=DIRECTION('',(0.,1.,0.));
#3362=DIRECTION('',(1.,0.,0.));
#3363=DIRECTION('',(0.,-1.,0.));
#3364=DIRECTION('',(1.,0.,0.));
#3365=DIRECTION('',(0.,1.,0.));
#3366=DIRECTION('',(1.,0.,0.));
#3367=DIRECTION('',(0.,-1.,0.));
#3368=DIRECTION('',(1.,0.,0.));
#3369=DIRECTION('',(0.,-1.,0.));
#3370=DIRECTION('',(-1.,0.,0.));
#3371=DIRECTION('',(0.,-1.,0.));
#3372=DIRECTION('',(1.,0.,0.));
#3373=DIRECTION('',(0.,-1.,0.));
#3374=DIRECTION('',(0.,0.,-1.));
#3375=DIRECTION('',(0.,1.,0.));
#3376=DIRECTION('',(0.,0.,1.));
#3377=DIRECTION('',(0.,-1.,0.));
#3378=DIRECTION('',(0.,0.,-1.));
#3379=DIRECTION('',(0.,-1.,0.));
#3380=DIRECTION('',(0.,0.,-1.));
#3381=DIRECTION('',(0.,1.,0.));
#3382=DIRECTION('',(0.,0.,1.));
#3383=DIRECTION('',(0.,-1.,0.));
#3384=DIRECTION('',(0.,0.,-1.));
#3385=DIRECTION('',(0.,1.,0.));
#3386=DIRECTION('',(0.,0.,1.));
#3387=DIRECTION('',(0.,1.,0.));
#3388=DIRECTION('',(0.,0.,1.));
#3389=DIRECTION('',(0.,0.,1.));
#3390=DIRECTION('',(1.,0.,0.));
#3391=DIRECTION('',(0.,1.,0.));
#3392=DIRECTION('',(0.,0.,1.));
#3393=DIRECTION('',(0.,1.,0.));
#3394=DIRECTION('',(0.,0.,1.));
#3395=DIRECTION('',(0.,1.,0.));
#3396=DIRECTION('',(0.,0.,1.));
#3397=DIRECTION('',(0.,1.,0.));
#3398=DIRECTION('',(0.,0.,1.));
#3399=DIRECTION('',(0.,1.,0.));
#3400=DIRECTION('',(0.,0.,-1.));
#3401=DIRECTION('',(0.,1.,0.));
#3402=DIRECTION('',(0.,0.,1.));
#3403=DIRECTION('',(0.,1.,0.));
#3404=DIRECTION('',(0.,0.,1.));
#3405=DIRECTION('',(0.,-1.,0.));
#3406=DIRECTION('',(0.,1.,0.));
#3407=DIRECTION('',(0.,0.,1.));
#3408=DIRECTION('',(0.,1.,0.));
#3409=DIRECTION('',(0.,-1.,0.));
#3410=DIRECTION('',(0.,0.,1.));
#3411=DIRECTION('',(0.,-1.,0.));
#3412=DIRECTION('',(0.,0.,1.));
#3413=DIRECTION('',(0.,1.,0.));
#3414=DIRECTION('',(0.,0.,1.));
#3415=DIRECTION('',(0.,1.,0.));
#3416=DIRECTION('',(0.,0.,1.));
#3417=DIRECTION('',(0.,1.,0.));
#3418=DIRECTION('',(0.,0.,1.));
#3419=DIRECTION('',(0.,1.,0.));
#3420=DIRECTION('',(0.,0.,1.));
#3421=DIRECTION('',(0.,1.,0.));
#3422=DIRECTION('',(0.,0.,1.));
#3423=DIRECTION('',(0.,1.,0.));
#3424=DIRECTION('',(0.,0.,1.));
#3425=DIRECTION('',(0.,1.,0.));
#3426=DIRECTION('',(0.,0.,1.));
#3427=DIRECTION('',(0.,1.,0.));
#3428=DIRECTION('',(0.,0.,1.));
#3429=DIRECTION('',(0.707106781186548,0.,0.707106781186548));
#3430=DIRECTION('',(0.,1.,0.));
#3431=DIRECTION('',(0.,1.,0.));
#3432=DIRECTION('',(0.707106781186548,0.,0.707106781186548));
#3433=DIRECTION('',(0.,1.,0.));
#3434=DIRECTION('',(0.,0.,1.));
#3435=DIRECTION('',(0.,1.,0.));
#3436=DIRECTION('',(0.707106781186548,0.,0.707106781186548));
#3437=DIRECTION('',(0.,1.,0.));
#3438=DIRECTION('',(0.707106781186548,0.,0.707106781186548));
#3439=DIRECTION('',(0.707106781186548,0.,0.707106781186548));
#3440=DIRECTION('',(0.,1.,0.));
#3441=DIRECTION('',(0.,1.,0.));
#3442=DIRECTION('',(0.707106781186548,0.,0.707106781186548));
#3443=DIRECTION('',(0.,1.,0.));
#3444=DIRECTION('',(0.,0.,1.));
#3445=DIRECTION('',(0.,1.,0.));
#3446=DIRECTION('',(0.707106781186548,0.,0.707106781186548));
#3447=DIRECTION('',(0.,1.,0.));
#3448=DIRECTION('',(0.707106781186548,0.,0.707106781186548));
#3449=DIRECTION('',(0.707106781186548,0.,0.707106781186548));
#3450=DIRECTION('',(0.,1.,0.));
#3451=DIRECTION('',(0.,1.,0.));
#3452=DIRECTION('',(0.707106781186548,0.,0.707106781186548));
#3453=DIRECTION('',(0.,1.,0.));
#3454=DIRECTION('',(0.707106781186548,0.,0.707106781186548));
#3455=DIRECTION('',(0.,1.,0.));
#3456=DIRECTION('',(0.707106781186548,0.,0.707106781186548));
#3457=DIRECTION('',(0.,1.,0.));
#3458=DIRECTION('',(0.707106781186548,0.,0.707106781186548));
#3459=DIRECTION('',(0.,-1.,0.));
#3460=DIRECTION('',(-1.,0.,0.));
#3461=DIRECTION('',(-1.,0.,0.));
#3462=DIRECTION('',(0.,-1.,0.));
#3463=DIRECTION('',(0.000490421083584897,0.,-0.999999879743573));
#3464=DIRECTION('',(1.,0.,0.));
#3465=DIRECTION('',(0.,0.,-1.));
#3466=DIRECTION('',(-1.,0.,0.));
#3467=DIRECTION('',(1.,0.,0.));
#3468=DIRECTION('',(0.,1.,0.));
#3469=DIRECTION('',(0.,1.,0.));
#3470=DIRECTION('',(0.000490421083584897,0.,-0.999999879743573));
#3471=DIRECTION('',(0.,-1.,0.));
#3472=DIRECTION('',(0.000490421083584897,0.,-0.999999879743573));
#3473=DIRECTION('',(0.,1.,0.));
#3474=DIRECTION('',(0.,0.,1.));
#3475=DIRECTION('',(1.,0.,0.));
#3476=DIRECTION('',(-1.,0.,0.));
#3477=DIRECTION('',(0.,-1.,0.));
#3478=DIRECTION('',(-1.,0.,0.));
#3479=DIRECTION('',(0.,1.,0.));
#3480=DIRECTION('',(1.,0.,0.));
#3481=DIRECTION('',(0.,1.,0.));
#3482=DIRECTION('',(0.707106781186548,0.,0.707106781186548));
#3483=DIRECTION('',(0.,1.,0.));
#3484=DIRECTION('',(0.707106781186548,0.,0.707106781186548));
#3485=DIRECTION('',(0.,1.,0.));
#3486=DIRECTION('',(0.707106781186548,0.,0.707106781186548));
#3487=DIRECTION('',(0.,1.,0.));
#3488=DIRECTION('',(0.,0.,1.));
#3489=DIRECTION('',(0.,1.,0.));
#3490=DIRECTION('',(0.707106781186548,0.,0.707106781186548));
#3491=DIRECTION('',(0.,1.,0.));
#3492=DIRECTION('',(0.,0.,1.));
#3493=DIRECTION('',(0.,-1.,0.));
#3494=DIRECTION('',(0.,0.,-1.));
#3495=DIRECTION('',(0.,0.,1.));
#3496=DIRECTION('',(1.,0.,0.));
#3497=DIRECTION('',(-1.,0.,0.));
#3498=DIRECTION('',(0.,0.,1.));
#3499=DIRECTION('',(-1.,0.,0.));
#3500=DIRECTION('',(0.,0.,1.));
#3501=DIRECTION('',(1.,0.,0.));
#3502=DIRECTION('',(0.,0.,1.));
#3503=DIRECTION('',(1.,0.,0.));
#3504=DIRECTION('',(0.,0.,-1.));
#3505=DIRECTION('',(-1.,0.,0.));
#3506=DIRECTION('',(0.,0.,1.));
#3507=DIRECTION('',(0.,0.,1.));
#3508=DIRECTION('',(1.,0.,0.));
#3509=DIRECTION('',(1.,0.,0.));
#3510=DIRECTION('',(0.,0.,-1.));
#3511=DIRECTION('',(1.,0.,0.));
#3512=DIRECTION('',(0.,0.,-1.));
#3513=DIRECTION('',(-1.,0.,0.));
#3514=DIRECTION('',(0.,0.,-1.));
#3515=DIRECTION('',(-1.,0.,0.));
#3516=DIRECTION('',(0.,0.,1.));
#3517=DIRECTION('',(1.,0.,0.));
#3518=DIRECTION('',(0.,0.,-1.));
#3519=DIRECTION('',(0.,0.,1.));
#3520=DIRECTION('',(1.,0.,0.));
#3521=DIRECTION('',(0.,0.,1.));
#3522=DIRECTION('',(1.,0.,0.));
#3523=DIRECTION('',(0.,0.,1.));
#3524=DIRECTION('',(1.,0.,0.));
#3525=DIRECTION('',(0.,0.,-1.));
#3526=DIRECTION('',(1.,0.,0.));
#3527=DIRECTION('',(0.,0.,-1.));
#3528=DIRECTION('',(-1.,0.,0.));
#3529=DIRECTION('',(0.,0.,1.));
#3530=DIRECTION('',(1.,0.,0.));
#3531=DIRECTION('',(0.,0.,1.));
#3532=DIRECTION('',(1.,0.,0.));
#3533=DIRECTION('',(0.,0.,-1.));
#3534=DIRECTION('',(-1.,0.,0.));
#3535=DIRECTION('',(0.,0.,-1.));
#3536=DIRECTION('',(-1.,0.,0.));
#3537=DIRECTION('',(0.,0.,1.));
#3538=DIRECTION('',(-1.,0.,0.));
#3539=DIRECTION('',(0.,0.,1.));
#3540=DIRECTION('',(1.,0.,0.));
#3541=DIRECTION('',(0.,0.,-1.));
#3542=DIRECTION('',(-1.,0.,0.));
#3543=DIRECTION('',(0.,0.,1.));
#3544=DIRECTION('',(1.,0.,0.));
#3545=CARTESIAN_POINT('',(0.,0.,0.));
#3546=CARTESIAN_POINT('',(0.,-9.852618,0.));
#3547=CARTESIAN_POINT('',(0.,-10.,0.));
#3548=CARTESIAN_POINT('',(0.,-10.,7.73064));
#3549=CARTESIAN_POINT('',(0.,-9.705236,0.));
#3550=CARTESIAN_POINT('',(0.,-9.705236,8.030594));
#3551=CARTESIAN_POINT('',(0.,-4.852618,0.));
#3552=CARTESIAN_POINT('',(0.,0.,0.));
#3553=CARTESIAN_POINT('',(0.,0.,8.2));
#3554=CARTESIAN_POINT('',(0.,4.9,0.));
#3555=CARTESIAN_POINT('',(0.,0.,0.));
#3556=CARTESIAN_POINT('',(0.,0.,7.65));
#3557=CARTESIAN_POINT('',(0.,9.8,0.));
#3558=CARTESIAN_POINT('',(0.,9.8,7.65));
#3559=CARTESIAN_POINT('',(0.,0.200000000000001,0.));
#3560=CARTESIAN_POINT('',(0.,-9.4,0.));
#3561=CARTESIAN_POINT('',(0.,-9.4,7.225));
#3562=CARTESIAN_POINT('',(0.,9.8,0.));
#3563=CARTESIAN_POINT('',(0.,9.8,7.275));
#3564=CARTESIAN_POINT('',(0.,-9.4,3.6125));
#3565=CARTESIAN_POINT('',(0.,9.8,7.4625));
#3566=CARTESIAN_POINT('',(0.,0.,7.925));
#3567=CARTESIAN_POINT('',(0.,-10.,3.86532));
#3568=CARTESIAN_POINT('',(0.,0.,0.));
#3569=CARTESIAN_POINT('',(0.,0.375,0.));
#3570=CARTESIAN_POINT('',(0.,0.739894982497083,0.));
#3571=CARTESIAN_POINT('',(0.,0.739894982497083,8.98989498249708));
#3572=CARTESIAN_POINT('',(0.,0.,0.));
#3573=CARTESIAN_POINT('',(0.,0.,8.25));
#3574=CARTESIAN_POINT('',(0.,12.9525,0.));
#3575=CARTESIAN_POINT('',(0.,0.934999999999996,0.));
#3576=CARTESIAN_POINT('',(0.,0.934999999999996,-9.));
#3577=CARTESIAN_POINT('',(0.,0.745000000000004,0.));
#3578=CARTESIAN_POINT('',(0.,0.745000000000004,9.));
#3579=CARTESIAN_POINT('',(0.,12.9525,0.));
#3580=CARTESIAN_POINT('',(0.,2.455,0.));
#3581=CARTESIAN_POINT('',(0.,2.455,-9.));
#3582=CARTESIAN_POINT('',(0.,2.265,0.));
#3583=CARTESIAN_POINT('',(0.,2.265,9.));
#3584=CARTESIAN_POINT('',(0.,1.9325,0.));
#3585=CARTESIAN_POINT('',(0.,1.88610277136259,0.));
#3586=CARTESIAN_POINT('',(8.25,1.88610277136259,0.));
#3587=CARTESIAN_POINT('',(0.,1.2675,0.));
#3588=CARTESIAN_POINT('',(0.,1.31389722863741,0.));
#3589=CARTESIAN_POINT('',(8.25,1.31389722863741,0.));
#3590=CARTESIAN_POINT('',(0.,12.9525,0.));
#3591=CARTESIAN_POINT('',(0.,3.975,0.));
#3592=CARTESIAN_POINT('',(0.,3.975,-9.));
#3593=CARTESIAN_POINT('',(0.,3.785,0.));
#3594=CARTESIAN_POINT('',(0.,3.785,9.));
#3595=CARTESIAN_POINT('',(0.,3.4525,0.));
#3596=CARTESIAN_POINT('',(0.,3.40610277136259,0.));
#3597=CARTESIAN_POINT('',(8.25,3.40610277136259,0.));
#3598=CARTESIAN_POINT('',(0.,2.7875,0.));
#3599=CARTESIAN_POINT('',(0.,2.83389722863742,0.));
#3600=CARTESIAN_POINT('',(8.25,2.83389722863742,0.));
#3601=CARTESIAN_POINT('',(0.,12.9525,0.));
#3602=CARTESIAN_POINT('',(0.,5.495,0.));
#3603=CARTESIAN_POINT('',(0.,5.495,-9.));
#3604=CARTESIAN_POINT('',(0.,5.305,0.));
#3605=CARTESIAN_POINT('',(0.,5.305,9.));
#3606=CARTESIAN_POINT('',(0.,4.9725,0.));
#3607=CARTESIAN_POINT('',(0.,4.92610277136259,0.));
#3608=CARTESIAN_POINT('',(8.25,4.92610277136259,0.));
#3609=CARTESIAN_POINT('',(0.,4.3075,0.));
#3610=CARTESIAN_POINT('',(0.,4.35389722863741,0.));
#3611=CARTESIAN_POINT('',(8.25,4.35389722863741,0.));
#3612=CARTESIAN_POINT('',(0.,12.9525,0.));
#3613=CARTESIAN_POINT('',(0.,7.015,0.));
#3614=CARTESIAN_POINT('',(0.,7.015,-9.));
#3615=CARTESIAN_POINT('',(0.,6.825,0.));
#3616=CARTESIAN_POINT('',(0.,6.825,9.));
#3617=CARTESIAN_POINT('',(0.,6.4925,0.));
#3618=CARTESIAN_POINT('',(0.,6.44610277136259,0.));
#3619=CARTESIAN_POINT('',(8.25,6.44610277136259,0.));
#3620=CARTESIAN_POINT('',(0.,5.8275,0.));
#3621=CARTESIAN_POINT('',(0.,5.87389722863741,0.));
#3622=CARTESIAN_POINT('',(8.25,5.87389722863741,0.));
#3623=CARTESIAN_POINT('',(0.,12.9525,0.));
#3624=CARTESIAN_POINT('',(0.,8.535,0.));
#3625=CARTESIAN_POINT('',(0.,8.535,-9.));
#3626=CARTESIAN_POINT('',(0.,8.345,0.));
#3627=CARTESIAN_POINT('',(0.,8.345,9.));
#3628=CARTESIAN_POINT('',(0.,8.0125,0.));
#3629=CARTESIAN_POINT('',(0.,7.96610277136259,0.));
#3630=CARTESIAN_POINT('',(8.25,7.96610277136259,0.));
#3631=CARTESIAN_POINT('',(0.,7.3475,0.));
#3632=CARTESIAN_POINT('',(0.,7.39389722863741,0.));
#3633=CARTESIAN_POINT('',(8.25,7.39389722863741,0.));
#3634=CARTESIAN_POINT('',(0.,12.9525,0.));
#3635=CARTESIAN_POINT('',(0.,10.055,0.));
#3636=CARTESIAN_POINT('',(0.,10.055,-9.));
#3637=CARTESIAN_POINT('',(0.,9.86500000000001,0.));
#3638=CARTESIAN_POINT('',(0.,9.86500000000001,9.));
#3639=CARTESIAN_POINT('',(0.,9.5325,0.));
#3640=CARTESIAN_POINT('',(0.,9.48610277136259,0.));
#3641=CARTESIAN_POINT('',(8.25,9.48610277136259,0.));
#3642=CARTESIAN_POINT('',(0.,8.8675,0.));
#3643=CARTESIAN_POINT('',(0.,8.91389722863741,0.));
#3644=CARTESIAN_POINT('',(8.25,8.91389722863741,0.));
#3645=CARTESIAN_POINT('',(0.,12.9525,0.));
#3646=CARTESIAN_POINT('',(0.,11.575,0.));
#3647=CARTESIAN_POINT('',(0.,11.575,-9.));
#3648=CARTESIAN_POINT('',(0.,11.385,0.));
#3649=CARTESIAN_POINT('',(0.,11.385,9.));
#3650=CARTESIAN_POINT('',(0.,11.0525,0.));
#3651=CARTESIAN_POINT('',(0.,11.0061027713626,0.));
#3652=CARTESIAN_POINT('',(8.25,11.0061027713626,0.));
#3653=CARTESIAN_POINT('',(0.,10.3875,0.));
#3654=CARTESIAN_POINT('',(0.,10.4338972286374,0.));
#3655=CARTESIAN_POINT('',(8.25,10.4338972286374,0.));
#3656=CARTESIAN_POINT('',(0.,12.9525,0.));
#3657=CARTESIAN_POINT('',(0.,12.905,0.));
#3658=CARTESIAN_POINT('',(-9.,12.905,0.));
#3659=CARTESIAN_POINT('',(0.,13.095,0.));
#3660=CARTESIAN_POINT('',(-9.,13.095,0.));
#3661=CARTESIAN_POINT('',(0.,12.5725,0.));
#3662=CARTESIAN_POINT('',(0.,12.5261027713626,0.));
#3663=CARTESIAN_POINT('',(8.25,12.5261027713626,0.));
#3664=CARTESIAN_POINT('',(0.,11.9075,0.));
#3665=CARTESIAN_POINT('',(0.,11.9538972286374,0.));
#3666=CARTESIAN_POINT('',(8.25,11.9538972286374,0.));
#3667=CARTESIAN_POINT('',(0.,12.9525,0.));
#3668=CARTESIAN_POINT('',(0.,14.615,0.));
#3669=CARTESIAN_POINT('',(0.,14.615,-9.));
#3670=CARTESIAN_POINT('',(0.,14.425,0.));
#3671=CARTESIAN_POINT('',(0.,14.425,9.));
#3672=CARTESIAN_POINT('',(0.,14.0925,0.));
#3673=CARTESIAN_POINT('',(0.,14.0461027713626,0.));
#3674=CARTESIAN_POINT('',(8.25,14.0461027713626,0.));
#3675=CARTESIAN_POINT('',(0.,13.4275,0.));
#3676=CARTESIAN_POINT('',(0.,13.4738972286374,0.));
#3677=CARTESIAN_POINT('',(8.25,13.4738972286374,0.));
#3678=CARTESIAN_POINT('',(0.,12.9525,0.));
#3679=CARTESIAN_POINT('',(0.,16.135,0.));
#3680=CARTESIAN_POINT('',(0.,16.135,-9.));
#3681=CARTESIAN_POINT('',(0.,15.945,0.));
#3682=CARTESIAN_POINT('',(0.,15.945,9.));
#3683=CARTESIAN_POINT('',(0.,15.6125,0.));
#3684=CARTESIAN_POINT('',(0.,15.5661027713626,0.));
#3685=CARTESIAN_POINT('',(8.25,15.5661027713626,0.));
#3686=CARTESIAN_POINT('',(0.,14.9475,0.));
#3687=CARTESIAN_POINT('',(0.,14.9938972286374,0.));
#3688=CARTESIAN_POINT('',(8.25,14.9938972286374,0.));
#3689=CARTESIAN_POINT('',(0.,12.9525,0.));
#3690=CARTESIAN_POINT('',(0.,17.655,0.));
#3691=CARTESIAN_POINT('',(0.,17.655,-9.));
#3692=CARTESIAN_POINT('',(0.,17.465,0.));
#3693=CARTESIAN_POINT('',(0.,17.465,9.));
#3694=CARTESIAN_POINT('',(0.,17.1325,0.));
#3695=CARTESIAN_POINT('',(0.,17.0861027713626,0.));
#3696=CARTESIAN_POINT('',(8.25,17.0861027713626,0.));
#3697=CARTESIAN_POINT('',(0.,16.4675,0.));
#3698=CARTESIAN_POINT('',(0.,16.5138972286374,0.));
#3699=CARTESIAN_POINT('',(8.25,16.5138972286374,0.));
#3700=CARTESIAN_POINT('',(0.,12.9525,0.));
#3701=CARTESIAN_POINT('',(0.,19.175,0.));
#3702=CARTESIAN_POINT('',(0.,19.175,-9.));
#3703=CARTESIAN_POINT('',(0.,18.985,0.));
#3704=CARTESIAN_POINT('',(0.,18.985,9.));
#3705=CARTESIAN_POINT('',(0.,18.6525,0.));
#3706=CARTESIAN_POINT('',(0.,18.6061027713626,0.));
#3707=CARTESIAN_POINT('',(8.25,18.6061027713626,0.));
#3708=CARTESIAN_POINT('',(0.,17.9875,0.));
#3709=CARTESIAN_POINT('',(0.,18.0338972286374,0.));
#3710=CARTESIAN_POINT('',(8.25,18.0338972286374,0.));
#3711=CARTESIAN_POINT('',(0.,12.9525,0.));
#3712=CARTESIAN_POINT('',(0.,20.695,0.));
#3713=CARTESIAN_POINT('',(0.,20.695,-9.));
#3714=CARTESIAN_POINT('',(0.,20.505,0.));
#3715=CARTESIAN_POINT('',(0.,20.505,9.));
#3716=CARTESIAN_POINT('',(0.,20.1725,0.));
#3717=CARTESIAN_POINT('',(0.,20.1261027713626,0.));
#3718=CARTESIAN_POINT('',(8.25,20.1261027713626,0.));
#3719=CARTESIAN_POINT('',(0.,19.5075,0.));
#3720=CARTESIAN_POINT('',(0.,19.5538972286374,0.));
#3721=CARTESIAN_POINT('',(8.25,19.5538972286374,0.));
#3722=CARTESIAN_POINT('',(0.,12.9525,0.));
#3723=CARTESIAN_POINT('',(0.,22.215,0.));
#3724=CARTESIAN_POINT('',(0.,22.215,-9.));
#3725=CARTESIAN_POINT('',(0.,22.025,0.));
#3726=CARTESIAN_POINT('',(0.,22.025,9.));
#3727=CARTESIAN_POINT('',(0.,21.6925,0.));
#3728=CARTESIAN_POINT('',(0.,21.6461027713626,0.));
#3729=CARTESIAN_POINT('',(8.25,21.6461027713626,0.));
#3730=CARTESIAN_POINT('',(0.,21.0275,0.));
#3731=CARTESIAN_POINT('',(0.,21.0738972286374,0.));
#3732=CARTESIAN_POINT('',(8.25,21.0738972286374,0.));
#3733=CARTESIAN_POINT('',(0.,12.9525,0.));
#3734=CARTESIAN_POINT('',(0.,23.735,0.));
#3735=CARTESIAN_POINT('',(0.,23.735,-9.));
#3736=CARTESIAN_POINT('',(0.,23.545,0.));
#3737=CARTESIAN_POINT('',(0.,23.545,9.));
#3738=CARTESIAN_POINT('',(0.,23.2125,0.));
#3739=CARTESIAN_POINT('',(0.,23.1661027713626,0.));
#3740=CARTESIAN_POINT('',(8.25,23.1661027713626,0.));
#3741=CARTESIAN_POINT('',(0.,22.5475,0.));
#3742=CARTESIAN_POINT('',(0.,22.5938972286374,0.));
#3743=CARTESIAN_POINT('',(8.25,22.5938972286374,0.));
#3744=CARTESIAN_POINT('',(0.,12.9525,0.));
#3745=CARTESIAN_POINT('',(0.,25.255,0.));
#3746=CARTESIAN_POINT('',(0.,25.255,-9.));
#3747=CARTESIAN_POINT('',(0.,25.065,0.));
#3748=CARTESIAN_POINT('',(0.,25.065,9.));
#3749=CARTESIAN_POINT('',(0.,24.7325,0.));
#3750=CARTESIAN_POINT('',(0.,24.6861027713626,0.));
#3751=CARTESIAN_POINT('',(8.25,24.6861027713626,0.));
#3752=CARTESIAN_POINT('',(0.,24.0675,0.));
#3753=CARTESIAN_POINT('',(0.,24.1138972286374,0.));
#3754=CARTESIAN_POINT('',(8.25,24.1138972286374,0.));
#3755=CARTESIAN_POINT('',(0.,12.9525,0.));
#3756=CARTESIAN_POINT('',(0.,26.775,0.));
#3757=CARTESIAN_POINT('',(0.,26.775,-9.));
#3758=CARTESIAN_POINT('',(0.,26.585,0.));
#3759=CARTESIAN_POINT('',(0.,26.585,9.));
#3760=CARTESIAN_POINT('',(0.,26.2525,0.));
#3761=CARTESIAN_POINT('',(0.,26.2061027713626,0.));
#3762=CARTESIAN_POINT('',(8.25,26.2061027713626,0.));
#3763=CARTESIAN_POINT('',(0.,25.5875,0.));
#3764=CARTESIAN_POINT('',(0.,25.6338972286374,0.));
#3765=CARTESIAN_POINT('',(8.25,25.6338972286374,0.));
#3766=CARTESIAN_POINT('',(0.,12.9525,0.));
#3767=CARTESIAN_POINT('',(0.,28.295,0.));
#3768=CARTESIAN_POINT('',(0.,28.295,-9.));
#3769=CARTESIAN_POINT('',(0.,28.105,0.));
#3770=CARTESIAN_POINT('',(0.,28.105,9.));
#3771=CARTESIAN_POINT('',(0.,27.7725,0.));
#3772=CARTESIAN_POINT('',(0.,27.7261027713626,0.));
#3773=CARTESIAN_POINT('',(8.25,27.7261027713626,0.));
#3774=CARTESIAN_POINT('',(0.,27.1075,0.));
#3775=CARTESIAN_POINT('',(0.,27.1538972286374,0.));
#3776=CARTESIAN_POINT('',(8.25,27.1538972286374,0.));
#3777=CARTESIAN_POINT('',(0.,12.9525,0.));
#3778=CARTESIAN_POINT('',(0.,29.815,0.));
#3779=CARTESIAN_POINT('',(0.,29.815,-9.));
#3780=CARTESIAN_POINT('',(0.,29.625,0.));
#3781=CARTESIAN_POINT('',(0.,29.625,9.));
#3782=CARTESIAN_POINT('',(0.,29.2925,0.));
#3783=CARTESIAN_POINT('',(0.,29.2461027713626,0.));
#3784=CARTESIAN_POINT('',(8.25,29.2461027713626,0.));
#3785=CARTESIAN_POINT('',(0.,28.6275,0.));
#3786=CARTESIAN_POINT('',(0.,28.6738972286374,0.));
#3787=CARTESIAN_POINT('',(8.25,28.6738972286374,0.));
#3788=CARTESIAN_POINT('',(0.,12.9525,0.));
#3789=CARTESIAN_POINT('',(0.,31.335,0.));
#3790=CARTESIAN_POINT('',(0.,31.335,-9.));
#3791=CARTESIAN_POINT('',(0.,31.145,0.));
#3792=CARTESIAN_POINT('',(0.,31.145,9.));
#3793=CARTESIAN_POINT('',(0.,30.8125,0.));
#3794=CARTESIAN_POINT('',(0.,30.7661027713626,0.));
#3795=CARTESIAN_POINT('',(8.25,30.7661027713626,0.));
#3796=CARTESIAN_POINT('',(0.,30.1475,0.));
#3797=CARTESIAN_POINT('',(0.,30.1938972286374,0.));
#3798=CARTESIAN_POINT('',(8.25,30.1938972286374,0.));
#3799=CARTESIAN_POINT('',(0.,12.9525,0.));
#3800=CARTESIAN_POINT('',(0.,32.855,0.));
#3801=CARTESIAN_POINT('',(0.,32.855,-9.));
#3802=CARTESIAN_POINT('',(0.,32.665,0.));
#3803=CARTESIAN_POINT('',(0.,32.665,9.));
#3804=CARTESIAN_POINT('',(0.,32.3325,0.));
#3805=CARTESIAN_POINT('',(0.,32.2861027713626,0.));
#3806=CARTESIAN_POINT('',(8.25,32.2861027713626,0.));
#3807=CARTESIAN_POINT('',(0.,31.6675,0.));
#3808=CARTESIAN_POINT('',(0.,31.7138972286374,0.));
#3809=CARTESIAN_POINT('',(8.25,31.7138972286374,0.));
#3810=CARTESIAN_POINT('',(0.,12.9525,0.));
#3811=CARTESIAN_POINT('',(0.,34.375,0.));
#3812=CARTESIAN_POINT('',(0.,34.375,-9.));
#3813=CARTESIAN_POINT('',(0.,34.185,0.));
#3814=CARTESIAN_POINT('',(0.,34.185,9.));
#3815=CARTESIAN_POINT('',(0.,33.8525,0.));
#3816=CARTESIAN_POINT('',(0.,33.8061027713626,0.));
#3817=CARTESIAN_POINT('',(8.25,33.8061027713626,0.));
#3818=CARTESIAN_POINT('',(0.,33.1875,0.));
#3819=CARTESIAN_POINT('',(0.,33.2338972286374,0.));
#3820=CARTESIAN_POINT('',(8.25,33.2338972286374,0.));
#3821=CARTESIAN_POINT('',(0.,12.9525,0.));
#3822=CARTESIAN_POINT('',(0.,35.895,0.));
#3823=CARTESIAN_POINT('',(0.,35.895,-9.));
#3824=CARTESIAN_POINT('',(0.,35.705,0.));
#3825=CARTESIAN_POINT('',(0.,35.705,9.));
#3826=CARTESIAN_POINT('',(0.,35.3725,0.));
#3827=CARTESIAN_POINT('',(0.,35.3261027713626,0.));
#3828=CARTESIAN_POINT('',(8.25,35.3261027713626,0.));
#3829=CARTESIAN_POINT('',(0.,34.7075,0.));
#3830=CARTESIAN_POINT('',(0.,34.7538972286374,0.));
#3831=CARTESIAN_POINT('',(8.25,34.7538972286374,0.));
#3832=CARTESIAN_POINT('',(0.,36.8925,0.));
#3833=CARTESIAN_POINT('',(0.,37.,0.));
#3834=CARTESIAN_POINT('',(0.,37.,-8.55462857142856));
#3835=CARTESIAN_POINT('',(0.,36.8461027713626,0.));
#3836=CARTESIAN_POINT('',(8.25,36.8461027713626,0.));
#3837=CARTESIAN_POINT('',(0.,36.2275,0.));
#3838=CARTESIAN_POINT('',(0.,36.2738972286374,0.));
#3839=CARTESIAN_POINT('',(8.25,36.2738972286374,0.));
#3840=CARTESIAN_POINT('',(0.,21.,0.));
#3841=CARTESIAN_POINT('',(0.,21.,0.));
#3842=CARTESIAN_POINT('',(0.,37.,0.));
#3843=CARTESIAN_POINT('',(0.,37.,-8.25));
#3844=CARTESIAN_POINT('',(0.,42.,0.));
#3845=CARTESIAN_POINT('',(8.25,42.,0.));
#3846=CARTESIAN_POINT('',(0.,21.,0.));
#3847=CARTESIAN_POINT('',(0.,21.,0.));
#3848=CARTESIAN_POINT('',(0.,21.,0.));
#3849=CARTESIAN_POINT('',(0.,21.,0.));
#3850=CARTESIAN_POINT('',(0.,21.,0.));
#3851=CARTESIAN_POINT('',(0.,21.,0.));
#3852=CARTESIAN_POINT('',(0.,21.,0.));
#3853=CARTESIAN_POINT('',(0.,21.,0.));
#3854=CARTESIAN_POINT('',(0.,21.,0.));
#3855=CARTESIAN_POINT('',(0.,21.,0.));
#3856=CARTESIAN_POINT('',(0.,21.,0.));
#3857=CARTESIAN_POINT('',(0.,21.,0.));
#3858=CARTESIAN_POINT('',(0.,21.,0.));
#3859=CARTESIAN_POINT('',(0.,21.,0.));
#3860=CARTESIAN_POINT('',(0.,21.,0.));
#3861=CARTESIAN_POINT('',(0.,21.,0.));
#3862=CARTESIAN_POINT('',(0.,21.,0.));
#3863=CARTESIAN_POINT('',(0.,21.,0.));
#3864=CARTESIAN_POINT('',(0.,21.,0.));
#3865=CARTESIAN_POINT('',(0.,21.,0.));
#3866=CARTESIAN_POINT('',(0.,21.,0.));
#3867=CARTESIAN_POINT('',(0.,21.,0.));
#3868=CARTESIAN_POINT('',(0.,21.,0.));
#3869=CARTESIAN_POINT('',(0.,0.4125,0.));
#3870=CARTESIAN_POINT('',(0.,46.5,0.));
#3871=CARTESIAN_POINT('',(0.,42.,0.));
#3872=CARTESIAN_POINT('',(4.875,42.,0.));
#3873=CARTESIAN_POINT('',(0.,37.,0.));
#3874=CARTESIAN_POINT('',(4.875,37.,0.));
#3875=CARTESIAN_POINT('',(0.,37.,0.));
#3876=CARTESIAN_POINT('',(4.125,42.,0.));
#3877=CARTESIAN_POINT('',(0.,37.,0.));
#3878=CARTESIAN_POINT('',(0.,0.,0.));
#3879=CARTESIAN_POINT('',(0.,0.,0.));
#3880=CARTESIAN_POINT('',(0.,32.55,0.));
#3881=CARTESIAN_POINT('',(0.,33.3,0.));
#3882=CARTESIAN_POINT('',(0.,33.3,4.85));
#3883=CARTESIAN_POINT('',(0.,31.8,0.));
#3884=CARTESIAN_POINT('',(0.,31.8,6.35));
#3885=CARTESIAN_POINT('',(0.,53.95,0.));
#3886=CARTESIAN_POINT('',(0.,54.,0.));
#3887=CARTESIAN_POINT('',(0.,54.,4.95));
#3888=CARTESIAN_POINT('',(0.,53.925,0.));
#3889=CARTESIAN_POINT('',(4.875,53.925,0.));
#3890=CARTESIAN_POINT('',(0.,53.700001,0.));
#3891=CARTESIAN_POINT('',(0.,54.,0.));
#3892=CARTESIAN_POINT('',(0.,54.,5.400002));
#3893=CARTESIAN_POINT('',(0.,53.4616424047091,0.));
#3894=CARTESIAN_POINT('',(0.,53.4616424047091,5.93835959529089));
#3895=CARTESIAN_POINT('',(0.,41.,0.));
#3896=CARTESIAN_POINT('',(0.,42.,0.));
#3897=CARTESIAN_POINT('',(0.,42.,8.25));
#3898=CARTESIAN_POINT('',(0.,40.,0.));
#3899=CARTESIAN_POINT('',(0.,40.,8.25));
#3900=CARTESIAN_POINT('',(0.,39.5,0.));
#3901=CARTESIAN_POINT('',(0.,39.,0.));
#3902=CARTESIAN_POINT('',(0.,39.,7.3));
#3903=CARTESIAN_POINT('',(0.,40.,0.));
#3904=CARTESIAN_POINT('',(0.,40.,7.3));
#3905=CARTESIAN_POINT('',(0.,38.,0.));
#3906=CARTESIAN_POINT('',(0.,39.,0.));
#3907=CARTESIAN_POINT('',(0.,39.,7.74));
#3908=CARTESIAN_POINT('',(0.,37.,0.));
#3909=CARTESIAN_POINT('',(0.,37.,7.74));
#3910=CARTESIAN_POINT('',(0.,35.5,0.));
#3911=CARTESIAN_POINT('',(0.,37.,0.));
#3912=CARTESIAN_POINT('',(0.,37.,7.6));
#3913=CARTESIAN_POINT('',(0.,34.,0.));
#3914=CARTESIAN_POINT('',(0.,34.,7.6));
#3915=CARTESIAN_POINT('',(0.,33.3,0.));
#3916=CARTESIAN_POINT('',(0.,34.,0.));
#3917=CARTESIAN_POINT('',(0.,34.,6.9));
#3918=CARTESIAN_POINT('',(0.,32.6,0.));
#3919=CARTESIAN_POINT('',(0.,32.6,6.9));
#3920=CARTESIAN_POINT('',(0.,35.5,0.));
#3921=CARTESIAN_POINT('',(0.,32.6,0.));
#3922=CARTESIAN_POINT('',(0.,32.6,7.6));
#3923=CARTESIAN_POINT('',(0.,32.319615,0.));
#3924=CARTESIAN_POINT('',(0.,32.319615,7.6));
#3925=CARTESIAN_POINT('',(0.,32.0598075,0.));
#3926=CARTESIAN_POINT('',(0.,31.8,0.));
#3927=CARTESIAN_POINT('',(0.,31.8,7.3));
#3928=CARTESIAN_POINT('',(0.,45.5,0.));
#3929=CARTESIAN_POINT('',(4.79499858608701,44.5198679739772,0.978973909130904));
#3930=CARTESIAN_POINT('',(4.67053434247465,45.5004152254074,1.38556879612748));
#3931=CARTESIAN_POINT('',(4.79497931230826,46.4797916143967,0.978750790112932));
#3932=CARTESIAN_POINT('',(4.91504515497675,46.8852560226774,0.00119161005479387));
#3933=CARTESIAN_POINT('',(4.79483987244491,46.4791835330684,-0.980136789563039));
#3934=CARTESIAN_POINT('',(4.67063667694469,45.5003774519935,-1.38487839845592));
#3935=CARTESIAN_POINT('',(4.79472872080004,44.521202543908,-0.980349376987982));
#3936=CARTESIAN_POINT('',(4.91506814965261,44.1147324626686,-0.000243946634397678));
#3937=CARTESIAN_POINT('',(4.79499858608701,44.5198679739772,0.978973909130904));
#3938=CARTESIAN_POINT('',(4.67053434247465,45.5004152254074,1.38556879612748));
#3939=CARTESIAN_POINT('',(4.79497931230826,46.4797916143967,0.978750790112932));
#3940=CARTESIAN_POINT('',(4.71201921138231,45.5002200816672,1.24999998062562));
#3941=CARTESIAN_POINT('',(5.22614105847248,44.5213542302265,0.980500002957252));
#3942=CARTESIAN_POINT('',(5.33690190496315,44.1143679722629,-0.000193759617838143));
#3943=CARTESIAN_POINT('',(5.22625132167491,44.5211738807219,-0.979724964485899));
#3944=CARTESIAN_POINT('',(5.1125937992266,45.4986037740901,-1.38517519277579));
#3945=CARTESIAN_POINT('',(5.22628631579161,46.4797581903997,-0.979572821154124));
#3946=CARTESIAN_POINT('',(5.33680439896746,46.8849473316673,-0.000551276127644847));
#3947=CARTESIAN_POINT('',(5.22649593305501,46.4804518245289,0.978635309997964));
#3948=CARTESIAN_POINT('',(5.11256894998265,45.5006381093772,1.38521585515359));
#3949=CARTESIAN_POINT('',(5.22614105847248,44.5213542302265,0.980500002957252));
#3950=CARTESIAN_POINT('',(5.33690190496315,44.1143679722629,-0.000193759617838143));
#3951=CARTESIAN_POINT('',(5.22625132167491,44.5211738807219,-0.979724964485899));
#3952=CARTESIAN_POINT('',(5.3,44.25,0.));
#3953=CARTESIAN_POINT('',(0.,45.5,0.));
#3954=CARTESIAN_POINT('',(-5.22646368306505,46.480400191198,-0.978741941711036));
#3955=CARTESIAN_POINT('',(-5.11252374745371,45.4998068346006,-1.38558255070493));
#3956=CARTESIAN_POINT('',(-5.22635381122102,44.5203724703995,-0.978927855469248));
#3957=CARTESIAN_POINT('',(-5.33683157617744,44.1147766813465,-0.00138106892046027));
#3958=CARTESIAN_POINT('',(-5.22631955076483,44.5205222174252,0.979847985169324));
#3959=CARTESIAN_POINT('',(-5.11262095975304,45.4994433083833,1.38489967674846));
#3960=CARTESIAN_POINT('',(-5.22610925644612,46.4785390955221,0.980552639830417));
#3961=CARTESIAN_POINT('',(-5.33685669232123,46.8852648696438,0.000623213675865708));
#3962=CARTESIAN_POINT('',(-5.22646368306505,46.480400191198,-0.978741941711036));
#3963=CARTESIAN_POINT('',(-5.11252374745371,45.4998068346006,-1.38558255070493));
#3964=CARTESIAN_POINT('',(-5.22635381122102,44.5203724703995,-0.978927855469248));
#3965=CARTESIAN_POINT('',(-5.15048541401682,45.5,-1.25));
#3966=CARTESIAN_POINT('',(-4.79504127859264,44.5196978507715,-0.978803473427841));
#3967=CARTESIAN_POINT('',(-4.67053432289459,45.5001701405343,-1.38556888243419));
#3968=CARTESIAN_POINT('',(-4.79493666728515,46.4796215870913,-0.978920996835386));
#3969=CARTESIAN_POINT('',(-4.91504510772373,46.8852558053858,-0.00143648323450203));
#3970=CARTESIAN_POINT('',(-4.79488252418201,46.4793537185775,0.979966736367161));
#3971=CARTESIAN_POINT('',(-4.67063670717535,45.5006222898487,1.3848782860083));
#3972=CARTESIAN_POINT('',(-4.79468606745313,44.5213728383718,0.980519430210827));
#3973=CARTESIAN_POINT('',(-4.91506810590966,44.1147325522719,0.000488666189828521));
#3974=CARTESIAN_POINT('',(-4.79504127859264,44.5196978507715,-0.978803473427841));
#3975=CARTESIAN_POINT('',(-4.67053432289459,45.5001701405343,-1.38556888243419));
#3976=CARTESIAN_POINT('',(-4.79493666728515,46.4796215870913,-0.978920996835386));
#3977=CARTESIAN_POINT('',(-4.71201920624269,45.5,-1.25));
#3978=CARTESIAN_POINT('',(0.,43.6,0.));
#3979=CARTESIAN_POINT('',(0.,35.,0.));
#3980=CARTESIAN_POINT('',(0.,35.,4.85));
#3981=CARTESIAN_POINT('',(0.,45.4405315,0.));
#3982=CARTESIAN_POINT('',(-0.978741941711035,46.480400191198,5.22646368306505));
#3983=CARTESIAN_POINT('',(-1.38558255070493,45.4998068346006,5.11252374745371));
#3984=CARTESIAN_POINT('',(-0.978927855469248,44.5203724703995,5.22635381122102));
#3985=CARTESIAN_POINT('',(-0.00138106892045893,44.1147766813465,5.33683157617744));
#3986=CARTESIAN_POINT('',(0.979847985169324,44.5205222174252,5.22631955076483));
#3987=CARTESIAN_POINT('',(1.38489967674846,45.4994433083833,5.11262095975304));
#3988=CARTESIAN_POINT('',(0.980552639830418,46.4785390955221,5.22610925644612));
#3989=CARTESIAN_POINT('',(0.000623213675863811,46.8852648696438,5.33685669232124));
#3990=CARTESIAN_POINT('',(-0.978741941711035,46.480400191198,5.22646368306505));
#3991=CARTESIAN_POINT('',(-1.38558255070493,45.4998068346006,5.11252374745371));
#3992=CARTESIAN_POINT('',(-0.978927855469248,44.5203724703995,5.22635381122102));
#3993=CARTESIAN_POINT('',(-1.25,45.5,5.15048541401682));
#3994=CARTESIAN_POINT('',(-0.978741941711035,44.519599808802,-5.22646368306505));
#3995=CARTESIAN_POINT('',(-1.38558255070493,45.5001931653994,-5.11252374745371));
#3996=CARTESIAN_POINT('',(-0.978927855469248,46.4796275296005,-5.22635381122102));
#3997=CARTESIAN_POINT('',(-0.00138106892045893,46.8852233186535,-5.33683157617744));
#3998=CARTESIAN_POINT('',(0.979847985169324,46.4794777825747,-5.22631955076483));
#3999=CARTESIAN_POINT('',(1.38489967674846,45.5005566916168,-5.11262095975304));
#4000=CARTESIAN_POINT('',(0.980552639830418,44.5214609044779,-5.22610925644612));
#4001=CARTESIAN_POINT('',(0.000623213675863811,44.1147351303562,-5.33685669232124));
#4002=CARTESIAN_POINT('',(-0.978741941711035,44.519599808802,-5.22646368306505));
#4003=CARTESIAN_POINT('',(-1.38558255070493,45.5001931653994,-5.11252374745371));
#4004=CARTESIAN_POINT('',(-0.978927855469248,46.4796275296005,-5.22635381122102));
#4005=CARTESIAN_POINT('',(-1.25,45.5,-5.15048541401682));
#4006=CARTESIAN_POINT('',(0.,48.881063,0.));
#4007=CARTESIAN_POINT('',(5.3,48.881063,0.));
#4008=CARTESIAN_POINT('',(0.,42.,0.));
#4009=CARTESIAN_POINT('',(5.3,42.,0.));
#4010=CARTESIAN_POINT('',(0.,45.5,0.));
#4011=CARTESIAN_POINT('',(-0.978803473427842,46.4803021492285,-4.79504127859264));
#4012=CARTESIAN_POINT('',(-1.38556888243419,45.4998298594657,-4.67053432289459));
#4013=CARTESIAN_POINT('',(-0.978920996835386,44.5203784129087,-4.79493666728515));
#4014=CARTESIAN_POINT('',(-0.00143648323450228,44.1147441946142,-4.91504510772373));
#4015=CARTESIAN_POINT('',(0.97996673636716,44.5206462814225,-4.79488252418201));
#4016=CARTESIAN_POINT('',(1.3848782860083,45.4993777101513,-4.67063670717535));
#4017=CARTESIAN_POINT('',(0.980519430210818,46.4786271616282,-4.79468606745313));
#4018=CARTESIAN_POINT('',(0.000488666189828277,46.8852674477281,-4.91506810590966));
#4019=CARTESIAN_POINT('',(-0.978803473427842,46.4803021492285,-4.79504127859264));
#4020=CARTESIAN_POINT('',(-1.38556888243419,45.4998298594657,-4.67053432289459));
#4021=CARTESIAN_POINT('',(-0.978920996835386,44.5203784129087,-4.79493666728515));
#4022=CARTESIAN_POINT('',(-1.25,45.5,-4.71201920624269));
#4023=CARTESIAN_POINT('',(0.,45.5,0.));
#4024=CARTESIAN_POINT('',(-0.978803473427842,44.5196978507715,4.79504127859264));
#4025=CARTESIAN_POINT('',(-1.38556888243419,45.5001701405343,4.67053432289459));
#4026=CARTESIAN_POINT('',(-0.978920996835386,46.4796215870913,4.79493666728515));
#4027=CARTESIAN_POINT('',(-0.00143648323450228,46.8852558053858,4.91504510772373));
#4028=CARTESIAN_POINT('',(0.97996673636716,46.4793537185774,4.79488252418201));
#4029=CARTESIAN_POINT('',(1.3848782860083,45.5006222898487,4.67063670717535));
#4030=CARTESIAN_POINT('',(0.980519430210818,44.5213728383718,4.79468606745313));
#4031=CARTESIAN_POINT('',(0.000488666189828277,44.1147325522719,4.91506810590966));
#4032=CARTESIAN_POINT('',(-0.978803473427842,44.5196978507715,4.79504127859264));
#4033=CARTESIAN_POINT('',(-1.38556888243419,45.5001701405343,4.67053432289459));
#4034=CARTESIAN_POINT('',(-0.978920996835386,46.4796215870913,4.79493666728515));
#4035=CARTESIAN_POINT('',(-1.25,45.5,4.71201920624269));
#4036=CARTESIAN_POINT('',(0.,47.700001,0.));
#4037=CARTESIAN_POINT('',(0.,49.4656466506,0.));
#4038=CARTESIAN_POINT('',(0.,49.4656466506,6.));
#4039=CARTESIAN_POINT('',(0.,49.3357390294,0.));
#4040=CARTESIAN_POINT('',(0.,49.3357390294,6.));
#4041=CARTESIAN_POINT('',(0.,47.700001,0.));
#4042=CARTESIAN_POINT('',(0.,50.5049076206,0.));
#4043=CARTESIAN_POINT('',(0.,50.5049076206,6.));
#4044=CARTESIAN_POINT('',(0.,50.3749999994,0.));
#4045=CARTESIAN_POINT('',(0.,50.3749999994,6.));
#4046=CARTESIAN_POINT('',(0.,47.700001,0.));
#4047=CARTESIAN_POINT('',(0.,51.5441685906,0.));
#4048=CARTESIAN_POINT('',(0.,51.5441685906,6.));
#4049=CARTESIAN_POINT('',(0.,51.4142609694,0.));
#4050=CARTESIAN_POINT('',(0.,51.4142609694,6.));
#4051=CARTESIAN_POINT('',(0.,47.700001,0.));
#4052=CARTESIAN_POINT('',(0.,52.5834295606,0.));
#4053=CARTESIAN_POINT('',(0.,52.5834295606,6.));
#4054=CARTESIAN_POINT('',(0.,52.4535219394,0.));
#4055=CARTESIAN_POINT('',(0.,52.4535219394,6.));
#4056=CARTESIAN_POINT('',(0.,53.2654445722,0.));
#4057=CARTESIAN_POINT('',(0.,53.038106235,0.));
#4058=CARTESIAN_POINT('',(5.1,53.038106235,0.));
#4059=CARTESIAN_POINT('',(0.,52.8107678978,0.));
#4060=CARTESIAN_POINT('',(0.,52.2261836022,0.));
#4061=CARTESIAN_POINT('',(0.,51.998845265,0.));
#4062=CARTESIAN_POINT('',(5.1,51.998845265,0.));
#4063=CARTESIAN_POINT('',(0.,51.7715069278,0.));
#4064=CARTESIAN_POINT('',(0.,51.1869226322,0.));
#4065=CARTESIAN_POINT('',(0.,50.959584295,0.));
#4066=CARTESIAN_POINT('',(5.1,50.959584295,0.));
#4067=CARTESIAN_POINT('',(0.,50.7322459578,0.));
#4068=CARTESIAN_POINT('',(0.,50.1476616622,0.));
#4069=CARTESIAN_POINT('',(0.,49.920323325,0.));
#4070=CARTESIAN_POINT('',(5.1,49.920323325,0.));
#4071=CARTESIAN_POINT('',(0.,49.6929849878,0.));
#4072=CARTESIAN_POINT('',(0.,49.1084006922,0.));
#4073=CARTESIAN_POINT('',(0.,48.881062355,0.));
#4074=CARTESIAN_POINT('',(5.1,48.881062355,0.));
#4075=CARTESIAN_POINT('',(0.,55.,0.));
#4076=CARTESIAN_POINT('',(0.,35.,0.));
#4077=CARTESIAN_POINT('',(4.875,35.,0.));
#4078=CARTESIAN_POINT('',(0.,35.,0.));
#4079=CARTESIAN_POINT('',(8.1,48.881062355,0.));
#4080=CARTESIAN_POINT('',(0.,31.8,6.825));
#4081=CARTESIAN_POINT('',(0.,32.6,7.25));
#4082=CARTESIAN_POINT('',(0.,34.,7.25));
#4083=CARTESIAN_POINT('',(0.,37.,7.67));
#4084=CARTESIAN_POINT('',(0.,39.,7.52));
#4085=CARTESIAN_POINT('',(0.,40.,7.775));
#4086=CARTESIAN_POINT('',(0.,42.,7.125));
#4087=CARTESIAN_POINT('',(0.,54.,5.175001));
#4088=CARTESIAN_POINT('',(0.,0.,0.));
#4089=CARTESIAN_POINT('',(0.,50.7,0.));
#4090=CARTESIAN_POINT('',(0.,51.,0.));
#4091=CARTESIAN_POINT('',(0.,51.,4.9));
#4092=CARTESIAN_POINT('',(0.,50.4,0.));
#4093=CARTESIAN_POINT('',(0.,50.4,4.8));
#4094=CARTESIAN_POINT('',(0.,52.5,0.));
#4095=CARTESIAN_POINT('',(0.,40.5,0.));
#4096=CARTESIAN_POINT('',(0.,40.5,-4.8));
#4097=CARTESIAN_POINT('',(0.,48.1499985,0.));
#4098=CARTESIAN_POINT('',(0.,55.799997,0.));
#4099=CARTESIAN_POINT('',(0.,55.799997,4.25));
#4100=CARTESIAN_POINT('',(-4.21092329543059,51.75,-0.575));
#4101=CARTESIAN_POINT('',(-4.21092329543059,55.5,-0.575));
#4102=CARTESIAN_POINT('',(-4.21092329543059,48.,-0.575));
#4103=CARTESIAN_POINT('',(0.,48.,0.));
#4104=CARTESIAN_POINT('',(-4.21092329543059,48.,0.575));
#4105=CARTESIAN_POINT('',(-4.21092329543059,51.75,0.575));
#4106=CARTESIAN_POINT('',(-4.21092329543059,55.5,0.575));
#4107=CARTESIAN_POINT('',(0.,55.5,0.));
#4108=CARTESIAN_POINT('',(0.,45.,0.));
#4109=CARTESIAN_POINT('',(0.,45.,4.25));
#4110=CARTESIAN_POINT('',(0.,55.8999985,0.));
#4111=CARTESIAN_POINT('',(0.,56.,0.));
#4112=CARTESIAN_POINT('',(0.,56.,4.450003));
#4113=CARTESIAN_POINT('',(0.,55.,0.));
#4114=CARTESIAN_POINT('',(0.,56.,0.));
#4115=CARTESIAN_POINT('',(0.,56.,5.3));
#4116=CARTESIAN_POINT('',(0.,54.,0.));
#4117=CARTESIAN_POINT('',(0.,54.,5.3));
#4118=CARTESIAN_POINT('',(0.,52.5,0.));
#4119=CARTESIAN_POINT('',(0.,54.,0.));
#4120=CARTESIAN_POINT('',(0.,54.,4.8));
#4121=CARTESIAN_POINT('',(0.,51.,0.));
#4122=CARTESIAN_POINT('',(0.,51.,4.8));
#4123=CARTESIAN_POINT('',(1.767766953,53.5999999989,-1.767766953));
#4124=CARTESIAN_POINT('',(1.767766953,53.5999999985315,-1.767766953));
#4125=CARTESIAN_POINT('',(2.12839152553217,53.5999999985315,-1.40714238046783));
#4126=CARTESIAN_POINT('',(1.767766953,54.,-1.767766953));
#4127=CARTESIAN_POINT('',(1.767766953,54.,-1.45138098439835));
#4128=CARTESIAN_POINT('',(1.767766953,48.7999999985157,-1.767766953));
#4129=CARTESIAN_POINT('',(1.767766953,45.,-1.767766953));
#4130=CARTESIAN_POINT('',(2.12839152553217,45.,-1.40714238046783));
#4131=CARTESIAN_POINT('',(-1.767766953,53.5999999989,-1.767766953));
#4132=CARTESIAN_POINT('',(-1.767766953,53.5999999985315,-1.767766953));
#4133=CARTESIAN_POINT('',(-1.40714238046783,53.5999999985315,-1.40714238046783));
#4134=CARTESIAN_POINT('',(-1.767766953,54.,-1.767766953));
#4135=CARTESIAN_POINT('',(-1.767766953,54.,-1.45138098439835));
#4136=CARTESIAN_POINT('',(-1.767766953,48.7999999985157,-1.767766953));
#4137=CARTESIAN_POINT('',(-1.767766953,45.,-1.767766953));
#4138=CARTESIAN_POINT('',(-1.40714238046783,45.,-1.40714238046783));
#4139=CARTESIAN_POINT('',(1.767766953,53.5999999989,1.767766953));
#4140=CARTESIAN_POINT('',(1.767766953,53.5999999985315,1.767766953));
#4141=CARTESIAN_POINT('',(2.12839152553217,53.5999999985315,2.12839152553217));
#4142=CARTESIAN_POINT('',(1.767766953,54.,1.767766953));
#4143=CARTESIAN_POINT('',(1.99148563907249,54.,1.99148563907249));
#4144=CARTESIAN_POINT('',(1.767766953,48.7999999985157,1.767766953));
#4145=CARTESIAN_POINT('',(1.767766953,45.,1.767766953));
#4146=CARTESIAN_POINT('',(2.12839152553217,45.,2.12839152553217));
#4147=CARTESIAN_POINT('',(-3.74998756789932,48.,-3.5882018754041E-6));
#4148=CARTESIAN_POINT('',(-3.562218,48.,-0.575));
#4149=CARTESIAN_POINT('',(-3.562218,48.,-0.575));
#4150=CARTESIAN_POINT('',(-3.5624999921,48.,-3.46000000872593E-8));
#4151=CARTESIAN_POINT('',(-3.5625,48.,0.575));
#4152=CARTESIAN_POINT('',(-4.315455,48.,0.575));
#4153=CARTESIAN_POINT('',(-3.9388365,48.,-0.575));
#4154=CARTESIAN_POINT('',(-3.562218,55.5,-0.575));
#4155=CARTESIAN_POINT('',(-3.562218,55.5,-0.575));
#4156=CARTESIAN_POINT('',(-3.562218,48.,-0.575));
#4157=CARTESIAN_POINT('',(-3.5624999921,48.,-3.46000000872593E-8));
#4158=CARTESIAN_POINT('',(-3.5624999921,55.5,-3.46000000872593E-8));
#4159=CARTESIAN_POINT('',(-3.5625,55.5,0.575));
#4160=CARTESIAN_POINT('',(-3.5625,48.,0.575));
#4161=CARTESIAN_POINT('',(-3.9389775,48.,0.575));
#4162=CARTESIAN_POINT('',(-4.315455,55.5,0.575));
#4163=CARTESIAN_POINT('',(-3.74998756789932,55.5,-3.58820187541066E-6));
#4164=CARTESIAN_POINT('',(0.,45.,0.));
#4165=CARTESIAN_POINT('',(1.87962629603624,54.,1.87962629603624));
#4166=CARTESIAN_POINT('',(1.87962629603624,54.,1.87962629603624));
#4167=CARTESIAN_POINT('',(1.87962629603624,54.,1.87962629603624));
#4168=CARTESIAN_POINT('',(0.,51.,4.85));
#4169=CARTESIAN_POINT('',(1.87962629603624,54.,1.87962629603624));
#4170=CARTESIAN_POINT('',(0.,56.,4.8750015));
#4171=CARTESIAN_POINT('',(0.,40.5,4.525));
#4172=CARTESIAN_POINT('',(0.,0.,0.));
#4173=CARTESIAN_POINT('',(-4.85,45.5,0.));
#4174=CARTESIAN_POINT('',(-5.1,45.5,0.));
#4175=CARTESIAN_POINT('',(-5.1,45.5,1.23));
#4176=CARTESIAN_POINT('',(-4.6,45.5,0.));
#4177=CARTESIAN_POINT('',(-4.6,45.5,1.23));
#4178=CARTESIAN_POINT('',(-4.6,45.5,0.));
#4179=CARTESIAN_POINT('',(-5.1,45.5,0.));
#4180=CARTESIAN_POINT('',(0.,0.,0.));
#4181=CARTESIAN_POINT('',(4.85,45.5,0.));
#4182=CARTESIAN_POINT('',(5.1,45.5,0.));
#4183=CARTESIAN_POINT('',(5.1,45.5,-1.23));
#4184=CARTESIAN_POINT('',(4.6,45.5,0.));
#4185=CARTESIAN_POINT('',(4.6,45.5,-1.23));
#4186=CARTESIAN_POINT('',(4.6,45.5,0.));
#4187=CARTESIAN_POINT('',(5.1,45.5,0.));
#4188=CARTESIAN_POINT('',(0.,0.,0.));
#4189=CARTESIAN_POINT('',(0.,45.5,4.85));
#4190=CARTESIAN_POINT('',(0.,45.5,5.1));
#4191=CARTESIAN_POINT('',(1.23,45.5,5.1));
#4192=CARTESIAN_POINT('',(0.,45.5,4.6));
#4193=CARTESIAN_POINT('',(1.23,45.5,4.6));
#4194=CARTESIAN_POINT('',(0.,45.5,4.6));
#4195=CARTESIAN_POINT('',(0.,45.5,5.1));
#4196=CARTESIAN_POINT('',(0.,0.,0.));
#4197=CARTESIAN_POINT('',(0.,45.5,-4.85));
#4198=CARTESIAN_POINT('',(0.,45.5,-5.1));
#4199=CARTESIAN_POINT('',(-1.23,45.5,-5.1));
#4200=CARTESIAN_POINT('',(0.,45.5,-4.6));
#4201=CARTESIAN_POINT('',(-1.23,45.5,-4.6));
#4202=CARTESIAN_POINT('',(0.,45.5,-4.6));
#4203=CARTESIAN_POINT('',(0.,45.5,-5.1));
#4204=CARTESIAN_POINT('',(0.,0.,0.));
#4205=MECHANICAL_DESIGN_GEOMETRIC_PRESENTATION_REPRESENTATION('',(#2157,
#2158,#2159,#2160,#2161,#2162,#2163,#2164,#2165,#2166,#2167,#2168,#2169,
#2170,#2171,#2172,#2173,#2174,#2175,#2176,#2177,#2178,#2179,#2180,#2181,
#2182,#2183,#2184,#2185,#2186,#2187,#2188),#4206);
#4206=(
GEOMETRIC_REPRESENTATION_CONTEXT(3)
GLOBAL_UNCERTAINTY_ASSIGNED_CONTEXT((#4215))
GLOBAL_UNIT_ASSIGNED_CONTEXT((#4226,#4225,#4224))
REPRESENTATION_CONTEXT('NBN8-18GM50-E2-V1','TOP_LEVEL_ASSEMBLY_PART')
);
#4207=(
GEOMETRIC_REPRESENTATION_CONTEXT(3)
GLOBAL_UNCERTAINTY_ASSIGNED_CONTEXT((#4216))
GLOBAL_UNIT_ASSIGNED_CONTEXT((#4226,#4225,#4224))
REPRESENTATION_CONTEXT('NBN8-18GM50-E2-V1_PART1','COMPONENT_PART')
);
#4208=(
GEOMETRIC_REPRESENTATION_CONTEXT(3)
GLOBAL_UNCERTAINTY_ASSIGNED_CONTEXT((#4217))
GLOBAL_UNIT_ASSIGNED_CONTEXT((#4226,#4225,#4224))
REPRESENTATION_CONTEXT('NBN8-18GM50-E2-V1_PART2','COMPONENT_PART')
);
#4209=(
GEOMETRIC_REPRESENTATION_CONTEXT(3)
GLOBAL_UNCERTAINTY_ASSIGNED_CONTEXT((#4218))
GLOBAL_UNIT_ASSIGNED_CONTEXT((#4226,#4225,#4224))
REPRESENTATION_CONTEXT('NBN8-18GM50-E2-V1_PART3','COMPONENT_PART')
);
#4210=(
GEOMETRIC_REPRESENTATION_CONTEXT(3)
GLOBAL_UNCERTAINTY_ASSIGNED_CONTEXT((#4219))
GLOBAL_UNIT_ASSIGNED_CONTEXT((#4226,#4225,#4224))
REPRESENTATION_CONTEXT('NBN8-18GM50-E2-V1_PART4','COMPONENT_PART')
);
#4211=(
GEOMETRIC_REPRESENTATION_CONTEXT(3)
GLOBAL_UNCERTAINTY_ASSIGNED_CONTEXT((#4220))
GLOBAL_UNIT_ASSIGNED_CONTEXT((#4226,#4225,#4224))
REPRESENTATION_CONTEXT('NBN8-18GM50-E2-V1_PART5','COMPONENT_PART')
);
#4212=(
GEOMETRIC_REPRESENTATION_CONTEXT(3)
GLOBAL_UNCERTAINTY_ASSIGNED_CONTEXT((#4221))
GLOBAL_UNIT_ASSIGNED_CONTEXT((#4226,#4225,#4224))
REPRESENTATION_CONTEXT('NBN8-18GM50-E2-V1_PART6','COMPONENT_PART')
);
#4213=(
GEOMETRIC_REPRESENTATION_CONTEXT(3)
GLOBAL_UNCERTAINTY_ASSIGNED_CONTEXT((#4222))
GLOBAL_UNIT_ASSIGNED_CONTEXT((#4226,#4225,#4224))
REPRESENTATION_CONTEXT('NBN8-18GM50-E2-V1_PART7','COMPONENT_PART')
);
#4214=(
GEOMETRIC_REPRESENTATION_CONTEXT(3)
GLOBAL_UNCERTAINTY_ASSIGNED_CONTEXT((#4223))
GLOBAL_UNIT_ASSIGNED_CONTEXT((#4226,#4225,#4224))
REPRESENTATION_CONTEXT('NBN8-18GM50-E2-V1_PART8','COMPONENT_PART')
);
#4215=UNCERTAINTY_MEASURE_WITH_UNIT(LENGTH_MEASURE(1.E-5),#4226,
'DISTANCE_ACCURACY_VALUE','Maximum Tolerance applied to model');
#4216=UNCERTAINTY_MEASURE_WITH_UNIT(LENGTH_MEASURE(1.E-5),#4226,
'DISTANCE_ACCURACY_VALUE','Maximum Tolerance applied to model');
#4217=UNCERTAINTY_MEASURE_WITH_UNIT(LENGTH_MEASURE(1.E-5),#4226,
'DISTANCE_ACCURACY_VALUE','Maximum Tolerance applied to model');
#4218=UNCERTAINTY_MEASURE_WITH_UNIT(LENGTH_MEASURE(1.E-5),#4226,
'DISTANCE_ACCURACY_VALUE','Maximum Tolerance applied to model');
#4219=UNCERTAINTY_MEASURE_WITH_UNIT(LENGTH_MEASURE(1.E-5),#4226,
'DISTANCE_ACCURACY_VALUE','Maximum Tolerance applied to model');
#4220=UNCERTAINTY_MEASURE_WITH_UNIT(LENGTH_MEASURE(1.E-5),#4226,
'DISTANCE_ACCURACY_VALUE','Maximum Tolerance applied to model');
#4221=UNCERTAINTY_MEASURE_WITH_UNIT(LENGTH_MEASURE(1.E-5),#4226,
'DISTANCE_ACCURACY_VALUE','Maximum Tolerance applied to model');
#4222=UNCERTAINTY_MEASURE_WITH_UNIT(LENGTH_MEASURE(1.E-5),#4226,
'DISTANCE_ACCURACY_VALUE','Maximum Tolerance applied to model');
#4223=UNCERTAINTY_MEASURE_WITH_UNIT(LENGTH_MEASURE(1.E-5),#4226,
'DISTANCE_ACCURACY_VALUE','Maximum Tolerance applied to model');
#4224=(
NAMED_UNIT(*)
SI_UNIT($,.STERADIAN.)
SOLID_ANGLE_UNIT()
);
#4225=(
NAMED_UNIT(*)
PLANE_ANGLE_UNIT()
SI_UNIT($,.RADIAN.)
);
#4226=(
LENGTH_UNIT()
NAMED_UNIT(*)
SI_UNIT(.MILLI.,.METRE.)
);
#4227=PRODUCT_DEFINITION_SHAPE('','',#4244);
#4228=PRODUCT_DEFINITION_SHAPE('','',#4245);
#4229=PRODUCT_DEFINITION_SHAPE(' ','NAUO PRDDFN',#53);
#4230=PRODUCT_DEFINITION_SHAPE('','',#4246);
#4231=PRODUCT_DEFINITION_SHAPE(' ','NAUO PRDDFN',#54);
#4232=PRODUCT_DEFINITION_SHAPE('','',#4247);
#4233=PRODUCT_DEFINITION_SHAPE(' ','NAUO PRDDFN',#55);
#4234=PRODUCT_DEFINITION_SHAPE('','',#4248);
#4235=PRODUCT_DEFINITION_SHAPE(' ','NAUO PRDDFN',#56);
#4236=PRODUCT_DEFINITION_SHAPE('','',#4249);
#4237=PRODUCT_DEFINITION_SHAPE(' ','NAUO PRDDFN',#57);
#4238=PRODUCT_DEFINITION_SHAPE('','',#4250);
#4239=PRODUCT_DEFINITION_SHAPE(' ','NAUO PRDDFN',#58);
#4240=PRODUCT_DEFINITION_SHAPE('','',#4251);
#4241=PRODUCT_DEFINITION_SHAPE(' ','NAUO PRDDFN',#59);
#4242=PRODUCT_DEFINITION_SHAPE('','',#4252);
#4243=PRODUCT_DEFINITION_SHAPE(' ','NAUO PRDDFN',#60);
#4244=PRODUCT_DEFINITION('','',#4262,#4253);
#4245=PRODUCT_DEFINITION('','',#4263,#4254);
#4246=PRODUCT_DEFINITION('','',#4264,#4255);
#4247=PRODUCT_DEFINITION('','',#4265,#4256);
#4248=PRODUCT_DEFINITION('','',#4266,#4257);
#4249=PRODUCT_DEFINITION('','',#4267,#4258);
#4250=PRODUCT_DEFINITION('','',#4268,#4259);
#4251=PRODUCT_DEFINITION('','',#4269,#4260);
#4252=PRODUCT_DEFINITION('','',#4270,#4261);
#4253=PRODUCT_DEFINITION_CONTEXT('',#4308,'design');
#4254=PRODUCT_DEFINITION_CONTEXT('',#4308,'design');
#4255=PRODUCT_DEFINITION_CONTEXT('',#4308,'design');
#4256=PRODUCT_DEFINITION_CONTEXT('',#4308,'design');
#4257=PRODUCT_DEFINITION_CONTEXT('',#4308,'design');
#4258=PRODUCT_DEFINITION_CONTEXT('',#4308,'design');
#4259=PRODUCT_DEFINITION_CONTEXT('',#4308,'design');
#4260=PRODUCT_DEFINITION_CONTEXT('',#4308,'design');
#4261=PRODUCT_DEFINITION_CONTEXT('',#4308,'design');
#4262=PRODUCT_DEFINITION_FORMATION_WITH_SPECIFIED_SOURCE('','',#4280,
 .NOT_KNOWN.);
#4263=PRODUCT_DEFINITION_FORMATION_WITH_SPECIFIED_SOURCE('','',#4281,
 .NOT_KNOWN.);
#4264=PRODUCT_DEFINITION_FORMATION_WITH_SPECIFIED_SOURCE('','',#4282,
 .NOT_KNOWN.);
#4265=PRODUCT_DEFINITION_FORMATION_WITH_SPECIFIED_SOURCE('','',#4283,
 .NOT_KNOWN.);
#4266=PRODUCT_DEFINITION_FORMATION_WITH_SPECIFIED_SOURCE('','',#4284,
 .NOT_KNOWN.);
#4267=PRODUCT_DEFINITION_FORMATION_WITH_SPECIFIED_SOURCE('','',#4285,
 .NOT_KNOWN.);
#4268=PRODUCT_DEFINITION_FORMATION_WITH_SPECIFIED_SOURCE('','',#4286,
 .NOT_KNOWN.);
#4269=PRODUCT_DEFINITION_FORMATION_WITH_SPECIFIED_SOURCE('','',#4287,
 .NOT_KNOWN.);
#4270=PRODUCT_DEFINITION_FORMATION_WITH_SPECIFIED_SOURCE('','',#4288,
 .NOT_KNOWN.);
#4271=PRODUCT_RELATED_PRODUCT_CATEGORY('','',(#4280));
#4272=PRODUCT_RELATED_PRODUCT_CATEGORY('','',(#4281));
#4273=PRODUCT_RELATED_PRODUCT_CATEGORY('','',(#4282));
#4274=PRODUCT_RELATED_PRODUCT_CATEGORY('','',(#4283));
#4275=PRODUCT_RELATED_PRODUCT_CATEGORY('','',(#4284));
#4276=PRODUCT_RELATED_PRODUCT_CATEGORY('','',(#4285));
#4277=PRODUCT_RELATED_PRODUCT_CATEGORY('','',(#4286));
#4278=PRODUCT_RELATED_PRODUCT_CATEGORY('','',(#4287));
#4279=PRODUCT_RELATED_PRODUCT_CATEGORY('','',(#4288));
#4280=PRODUCT('NBN8-18GM50-E2-V1','NBN8-18GM50-E2-V1',
'NBN8-18GM50-E2-V1',(#4298));
#4281=PRODUCT('NBN8-18GM50-E2-V1_PART1','NBN8-18GM50-E2-V1_PART1',
'NBN8-18GM50-E2-V1_PART1',(#4299));
#4282=PRODUCT('NBN8-18GM50-E2-V1_PART2','NBN8-18GM50-E2-V1_PART2',
'NBN8-18GM50-E2-V1_PART2',(#4300));
#4283=PRODUCT('NBN8-18GM50-E2-V1_PART3','NBN8-18GM50-E2-V1_PART3',
'NBN8-18GM50-E2-V1_PART3',(#4301));
#4284=PRODUCT('NBN8-18GM50-E2-V1_PART4','NBN8-18GM50-E2-V1_PART4',
'NBN8-18GM50-E2-V1_PART4',(#4302));
#4285=PRODUCT('NBN8-18GM50-E2-V1_PART5','NBN8-18GM50-E2-V1_PART5',
'NBN8-18GM50-E2-V1_PART5',(#4303));
#4286=PRODUCT('NBN8-18GM50-E2-V1_PART6','NBN8-18GM50-E2-V1_PART6',
'NBN8-18GM50-E2-V1_PART6',(#4304));
#4287=PRODUCT('NBN8-18GM50-E2-V1_PART7','NBN8-18GM50-E2-V1_PART7',
'NBN8-18GM50-E2-V1_PART7',(#4305));
#4288=PRODUCT('NBN8-18GM50-E2-V1_PART8','NBN8-18GM50-E2-V1_PART8',
'NBN8-18GM50-E2-V1_PART8',(#4306));
#4289=PRODUCT_CATEGORY('','');
#4290=PRODUCT_CATEGORY('','');
#4291=PRODUCT_CATEGORY('','');
#4292=PRODUCT_CATEGORY('','');
#4293=PRODUCT_CATEGORY('','');
#4294=PRODUCT_CATEGORY('','');
#4295=PRODUCT_CATEGORY('','');
#4296=PRODUCT_CATEGORY('','');
#4297=PRODUCT_CATEGORY('','');
#4298=PRODUCT_CONTEXT('',#4308,'mechanical');
#4299=PRODUCT_CONTEXT('',#4308,'mechanical');
#4300=PRODUCT_CONTEXT('',#4308,'mechanical');
#4301=PRODUCT_CONTEXT('',#4308,'mechanical');
#4302=PRODUCT_CONTEXT('',#4308,'mechanical');
#4303=PRODUCT_CONTEXT('',#4308,'mechanical');
#4304=PRODUCT_CONTEXT('',#4308,'mechanical');
#4305=PRODUCT_CONTEXT('',#4308,'mechanical');
#4306=PRODUCT_CONTEXT('',#4308,'mechanical');
#4307=APPLICATION_PROTOCOL_DEFINITION('international standard',
'automotive_design',2010,#4308);
#4308=APPLICATION_CONTEXT(
'core data for automotive mechanical design processes');
ENDSEC;
END-ISO-10303-21;
