ISO-10303-21;
HEADER;
/* Generated by software containing ST-Developer
 * from STEP Tools, Inc. (www.steptools.com) 
 */
/* OPTION: using custom renumber hook */

FILE_DESCRIPTION(
/* description */ ('STEP AP214'),
/* implementation_level */ '2;1');

FILE_NAME(
/* name */ 'BFWDLGT01-L1000-W400-H500-M1-G80-D25-d12-CS-FC-2',
/* time_stamp */ '2026-07-11T11:01:36+02:00',
/* author */ ('License CC BY-ND 4.0'),
/* organization */ ('CADENAS'),
/* preprocessor_version */ 'ST-DEVELOPER v20',
/* originating_system */ 'PARTsolutions',
/* authorisation */ '  ');

FILE_SCHEMA (('AUTOMOTIVE_DESIGN {1 0 10303 214 3 1 1}'));
ENDSEC;

DATA;
#10=PROPERTY_DEFINITION_REPRESENTATION(#14,#12);
#11=PROPERTY_DEFINITION_REPRESENTATION(#15,#13);
#12=REPRESENTATION('',(#16),#8888);
#13=REPRESENTATION('',(#17),#8888);
#14=PROPERTY_DEFINITION('pmi validation property','',#8907);
#15=PROPERTY_DEFINITION('pmi validation property','',#8907);
#16=VALUE_REPRESENTATION_ITEM('number of annotations',COUNT_MEASURE(0.));
#17=VALUE_REPRESENTATION_ITEM('number of views',COUNT_MEASURE(0.));
#18=CONICAL_SURFACE('',#5553,30.,0.785398163397449);
#19=CONICAL_SURFACE('',#5863,5.,0.785398163397448);
#20=CONICAL_SURFACE('',#5864,5.,0.785398163397448);
#21=COLOUR_RGB('',0.689999997615814,0.689999997615814,0.689999997615814);
#22=COLOUR_RGB('',1.,0.50196099281311,0.);
#23=CONTEXT_DEPENDENT_SHAPE_REPRESENTATION(#67,#8909);
#24=CONTEXT_DEPENDENT_SHAPE_REPRESENTATION(#68,#8911);
#25=CONTEXT_DEPENDENT_SHAPE_REPRESENTATION(#69,#8913);
#26=CONTEXT_DEPENDENT_SHAPE_REPRESENTATION(#70,#8914);
#27=CONTEXT_DEPENDENT_SHAPE_REPRESENTATION(#71,#8916);
#28=CONTEXT_DEPENDENT_SHAPE_REPRESENTATION(#72,#8917);
#29=CONTEXT_DEPENDENT_SHAPE_REPRESENTATION(#73,#8919);
#30=CONTEXT_DEPENDENT_SHAPE_REPRESENTATION(#74,#8920);
#31=CONTEXT_DEPENDENT_SHAPE_REPRESENTATION(#75,#8921);
#32=CONTEXT_DEPENDENT_SHAPE_REPRESENTATION(#76,#8923);
#33=CONTEXT_DEPENDENT_SHAPE_REPRESENTATION(#77,#8925);
#34=CONTEXT_DEPENDENT_SHAPE_REPRESENTATION(#78,#8926);
#35=CONTEXT_DEPENDENT_SHAPE_REPRESENTATION(#79,#8927);
#36=CONTEXT_DEPENDENT_SHAPE_REPRESENTATION(#80,#8928);
#37=CONTEXT_DEPENDENT_SHAPE_REPRESENTATION(#81,#8929);
#38=CONTEXT_DEPENDENT_SHAPE_REPRESENTATION(#82,#8930);
#39=CONTEXT_DEPENDENT_SHAPE_REPRESENTATION(#83,#8931);
#40=CONTEXT_DEPENDENT_SHAPE_REPRESENTATION(#84,#8932);
#41=CONTEXT_DEPENDENT_SHAPE_REPRESENTATION(#85,#8933);
#42=CONTEXT_DEPENDENT_SHAPE_REPRESENTATION(#86,#8934);
#43=CONTEXT_DEPENDENT_SHAPE_REPRESENTATION(#87,#8935);
#44=CONTEXT_DEPENDENT_SHAPE_REPRESENTATION(#88,#8936);
#45=NEXT_ASSEMBLY_USAGE_OCCURRENCE('NAUO1',
'BFWDLGT01-1000-2-80-25-cb1 2','BFWDLGT01-1000-2-80-25-cb1 2',#8937,#8938,
'');
#46=NEXT_ASSEMBLY_USAGE_OCCURRENCE('NAUO2',
'BFWDLGT01-1000-400-500-2-25-FC-zt1',
'BFWDLGT01-1000-400-500-2-25-FC-zt1',#8937,#8939,'');
#47=NEXT_ASSEMBLY_USAGE_OCCURRENCE('NAUO3','BFWDLGT01-jb',
'BFWDLGT01-jb',#8937,#8940,'');
#48=NEXT_ASSEMBLY_USAGE_OCCURRENCE('NAUO4','BFWDLGT01-jb',
'BFWDLGT01-jb',#8937,#8940,'');
#49=NEXT_ASSEMBLY_USAGE_OCCURRENCE('NAUO5','BFWDLGT01-1000-2-hc',
'BFWDLGT01-1000-2-hc',#8937,#8941,'');
#50=NEXT_ASSEMBLY_USAGE_OCCURRENCE('NAUO6','BFWDLGT01-1000-2-hc',
'BFWDLGT01-1000-2-hc',#8937,#8941,'');
#51=NEXT_ASSEMBLY_USAGE_OCCURRENCE('NAUO7',
'BFWDLGT01-400-500-25-FC-zt2','BFWDLGT01-400-500-25-FC-zt2',#8937,#8942,
'');
#52=NEXT_ASSEMBLY_USAGE_OCCURRENCE('NAUO8','BFWDLGT01-jb',
'BFWDLGT01-jb',#8937,#8940,'');
#53=NEXT_ASSEMBLY_USAGE_OCCURRENCE('NAUO9','BFWDLGT01-jb',
'BFWDLGT01-jb',#8937,#8940,'');
#54=NEXT_ASSEMBLY_USAGE_OCCURRENCE('NAUO10','BFWDLGT01-L1000-80-25-cb2',
'BFWDLGT01-L1000-80-25-cb2',#8937,#8943,'');
#55=NEXT_ASSEMBLY_USAGE_OCCURRENCE('NAUO11','BFWDLGT01-400-25-12-gt',
'BFWDLGT01-400-25-12-gt',#8937,#8944,'');
#56=NEXT_ASSEMBLY_USAGE_OCCURRENCE('NAUO12','BFWDLGT01-400-25-12-gt',
'BFWDLGT01-400-25-12-gt',#8937,#8944,'');
#57=NEXT_ASSEMBLY_USAGE_OCCURRENCE('NAUO13','BFWDLGT01-400-25-12-gt',
'BFWDLGT01-400-25-12-gt',#8937,#8944,'');
#58=NEXT_ASSEMBLY_USAGE_OCCURRENCE('NAUO14','BFWDLGT01-400-25-12-gt',
'BFWDLGT01-400-25-12-gt',#8937,#8944,'');
#59=NEXT_ASSEMBLY_USAGE_OCCURRENCE('NAUO15','BFWDLGT01-400-25-12-gt',
'BFWDLGT01-400-25-12-gt',#8937,#8944,'');
#60=NEXT_ASSEMBLY_USAGE_OCCURRENCE('NAUO16','BFWDLGT01-400-25-12-gt',
'BFWDLGT01-400-25-12-gt',#8937,#8944,'');
#61=NEXT_ASSEMBLY_USAGE_OCCURRENCE('NAUO17','BFWDLGT01-400-25-12-gt',
'BFWDLGT01-400-25-12-gt',#8937,#8944,'');
#62=NEXT_ASSEMBLY_USAGE_OCCURRENCE('NAUO18','BFWDLGT01-400-25-12-gt',
'BFWDLGT01-400-25-12-gt',#8937,#8944,'');
#63=NEXT_ASSEMBLY_USAGE_OCCURRENCE('NAUO19','BFWDLGT01-400-25-12-gt',
'BFWDLGT01-400-25-12-gt',#8937,#8944,'');
#64=NEXT_ASSEMBLY_USAGE_OCCURRENCE('NAUO20','BFWDLGT01-400-25-12-gt',
'BFWDLGT01-400-25-12-gt',#8937,#8944,'');
#65=NEXT_ASSEMBLY_USAGE_OCCURRENCE('NAUO21','BFWDLGT01-400-25-12-gt',
'BFWDLGT01-400-25-12-gt',#8937,#8944,'');
#66=NEXT_ASSEMBLY_USAGE_OCCURRENCE('NAUO22','BFWDLGT01-400-25-12-gt',
'BFWDLGT01-400-25-12-gt',#8937,#8944,'');
#67=(
REPRESENTATION_RELATIONSHIP(' ',' ',#5318,#5317)
REPRESENTATION_RELATIONSHIP_WITH_TRANSFORMATION(#89)
SHAPE_REPRESENTATION_RELATIONSHIP()
);
#68=(
REPRESENTATION_RELATIONSHIP(' ',' ',#5319,#5317)
REPRESENTATION_RELATIONSHIP_WITH_TRANSFORMATION(#90)
SHAPE_REPRESENTATION_RELATIONSHIP()
);
#69=(
REPRESENTATION_RELATIONSHIP(' ',' ',#5320,#5317)
REPRESENTATION_RELATIONSHIP_WITH_TRANSFORMATION(#91)
SHAPE_REPRESENTATION_RELATIONSHIP()
);
#70=(
REPRESENTATION_RELATIONSHIP(' ',' ',#5320,#5317)
REPRESENTATION_RELATIONSHIP_WITH_TRANSFORMATION(#92)
SHAPE_REPRESENTATION_RELATIONSHIP()
);
#71=(
REPRESENTATION_RELATIONSHIP(' ',' ',#5321,#5317)
REPRESENTATION_RELATIONSHIP_WITH_TRANSFORMATION(#93)
SHAPE_REPRESENTATION_RELATIONSHIP()
);
#72=(
REPRESENTATION_RELATIONSHIP(' ',' ',#5321,#5317)
REPRESENTATION_RELATIONSHIP_WITH_TRANSFORMATION(#94)
SHAPE_REPRESENTATION_RELATIONSHIP()
);
#73=(
REPRESENTATION_RELATIONSHIP(' ',' ',#5322,#5317)
REPRESENTATION_RELATIONSHIP_WITH_TRANSFORMATION(#95)
SHAPE_REPRESENTATION_RELATIONSHIP()
);
#74=(
REPRESENTATION_RELATIONSHIP(' ',' ',#5320,#5317)
REPRESENTATION_RELATIONSHIP_WITH_TRANSFORMATION(#96)
SHAPE_REPRESENTATION_RELATIONSHIP()
);
#75=(
REPRESENTATION_RELATIONSHIP(' ',' ',#5320,#5317)
REPRESENTATION_RELATIONSHIP_WITH_TRANSFORMATION(#97)
SHAPE_REPRESENTATION_RELATIONSHIP()
);
#76=(
REPRESENTATION_RELATIONSHIP(' ',' ',#5323,#5317)
REPRESENTATION_RELATIONSHIP_WITH_TRANSFORMATION(#98)
SHAPE_REPRESENTATION_RELATIONSHIP()
);
#77=(
REPRESENTATION_RELATIONSHIP(' ',' ',#5324,#5317)
REPRESENTATION_RELATIONSHIP_WITH_TRANSFORMATION(#99)
SHAPE_REPRESENTATION_RELATIONSHIP()
);
#78=(
REPRESENTATION_RELATIONSHIP(' ',' ',#5324,#5317)
REPRESENTATION_RELATIONSHIP_WITH_TRANSFORMATION(#100)
SHAPE_REPRESENTATION_RELATIONSHIP()
);
#79=(
REPRESENTATION_RELATIONSHIP(' ',' ',#5324,#5317)
REPRESENTATION_RELATIONSHIP_WITH_TRANSFORMATION(#101)
SHAPE_REPRESENTATION_RELATIONSHIP()
);
#80=(
REPRESENTATION_RELATIONSHIP(' ',' ',#5324,#5317)
REPRESENTATION_RELATIONSHIP_WITH_TRANSFORMATION(#102)
SHAPE_REPRESENTATION_RELATIONSHIP()
);
#81=(
REPRESENTATION_RELATIONSHIP(' ',' ',#5324,#5317)
REPRESENTATION_RELATIONSHIP_WITH_TRANSFORMATION(#103)
SHAPE_REPRESENTATION_RELATIONSHIP()
);
#82=(
REPRESENTATION_RELATIONSHIP(' ',' ',#5324,#5317)
REPRESENTATION_RELATIONSHIP_WITH_TRANSFORMATION(#104)
SHAPE_REPRESENTATION_RELATIONSHIP()
);
#83=(
REPRESENTATION_RELATIONSHIP(' ',' ',#5324,#5317)
REPRESENTATION_RELATIONSHIP_WITH_TRANSFORMATION(#105)
SHAPE_REPRESENTATION_RELATIONSHIP()
);
#84=(
REPRESENTATION_RELATIONSHIP(' ',' ',#5324,#5317)
REPRESENTATION_RELATIONSHIP_WITH_TRANSFORMATION(#106)
SHAPE_REPRESENTATION_RELATIONSHIP()
);
#85=(
REPRESENTATION_RELATIONSHIP(' ',' ',#5324,#5317)
REPRESENTATION_RELATIONSHIP_WITH_TRANSFORMATION(#107)
SHAPE_REPRESENTATION_RELATIONSHIP()
);
#86=(
REPRESENTATION_RELATIONSHIP(' ',' ',#5324,#5317)
REPRESENTATION_RELATIONSHIP_WITH_TRANSFORMATION(#108)
SHAPE_REPRESENTATION_RELATIONSHIP()
);
#87=(
REPRESENTATION_RELATIONSHIP(' ',' ',#5324,#5317)
REPRESENTATION_RELATIONSHIP_WITH_TRANSFORMATION(#109)
SHAPE_REPRESENTATION_RELATIONSHIP()
);
#88=(
REPRESENTATION_RELATIONSHIP(' ',' ',#5324,#5317)
REPRESENTATION_RELATIONSHIP_WITH_TRANSFORMATION(#110)
SHAPE_REPRESENTATION_RELATIONSHIP()
);
#89=ITEM_DEFINED_TRANSFORMATION(' ',' ',#5325,#5421);
#90=ITEM_DEFINED_TRANSFORMATION(' ',' ',#5325,#5544);
#91=ITEM_DEFINED_TRANSFORMATION(' ',' ',#5325,#5565);
#92=ITEM_DEFINED_TRANSFORMATION(' ',' ',#5325,#5566);
#93=ITEM_DEFINED_TRANSFORMATION(' ',' ',#5325,#5617);
#94=ITEM_DEFINED_TRANSFORMATION(' ',' ',#5325,#5618);
#95=ITEM_DEFINED_TRANSFORMATION(' ',' ',#5325,#5741);
#96=ITEM_DEFINED_TRANSFORMATION(' ',' ',#5325,#5742);
#97=ITEM_DEFINED_TRANSFORMATION(' ',' ',#5325,#5743);
#98=ITEM_DEFINED_TRANSFORMATION(' ',' ',#5325,#5839);
#99=ITEM_DEFINED_TRANSFORMATION(' ',' ',#5325,#5865);
#100=ITEM_DEFINED_TRANSFORMATION(' ',' ',#5325,#5866);
#101=ITEM_DEFINED_TRANSFORMATION(' ',' ',#5325,#5867);
#102=ITEM_DEFINED_TRANSFORMATION(' ',' ',#5325,#5868);
#103=ITEM_DEFINED_TRANSFORMATION(' ',' ',#5325,#5869);
#104=ITEM_DEFINED_TRANSFORMATION(' ',' ',#5325,#5870);
#105=ITEM_DEFINED_TRANSFORMATION(' ',' ',#5325,#5871);
#106=ITEM_DEFINED_TRANSFORMATION(' ',' ',#5325,#5872);
#107=ITEM_DEFINED_TRANSFORMATION(' ',' ',#5325,#5873);
#108=ITEM_DEFINED_TRANSFORMATION(' ',' ',#5325,#5874);
#109=ITEM_DEFINED_TRANSFORMATION(' ',' ',#5325,#5875);
#110=ITEM_DEFINED_TRANSFORMATION(' ',' ',#5325,#5876);
#111=SHAPE_REPRESENTATION_RELATIONSHIP('','',#5318,#118);
#112=SHAPE_REPRESENTATION_RELATIONSHIP('','',#5319,#119);
#113=SHAPE_REPRESENTATION_RELATIONSHIP('','',#5320,#120);
#114=SHAPE_REPRESENTATION_RELATIONSHIP('','',#5321,#121);
#115=SHAPE_REPRESENTATION_RELATIONSHIP('','',#5322,#122);
#116=SHAPE_REPRESENTATION_RELATIONSHIP('','',#5323,#123);
#117=SHAPE_REPRESENTATION_RELATIONSHIP('','',#5324,#124);
#118=ADVANCED_BREP_SHAPE_REPRESENTATION('',(#5302),#8889);
#119=ADVANCED_BREP_SHAPE_REPRESENTATION('',(#5303),#8890);
#120=ADVANCED_BREP_SHAPE_REPRESENTATION('',(#5304),#8891);
#121=ADVANCED_BREP_SHAPE_REPRESENTATION('',(#5305),#8892);
#122=ADVANCED_BREP_SHAPE_REPRESENTATION('',(#5306),#8893);
#123=ADVANCED_BREP_SHAPE_REPRESENTATION('',(#5307),#8894);
#124=ADVANCED_BREP_SHAPE_REPRESENTATION('',(#5308),#8895);
#125=CYLINDRICAL_SURFACE('',#5390,4.5);
#126=CYLINDRICAL_SURFACE('',#5392,4.5);
#127=CYLINDRICAL_SURFACE('',#5393,4.5);
#128=CYLINDRICAL_SURFACE('',#5395,4.5);
#129=CYLINDRICAL_SURFACE('',#5397,4.5);
#130=CYLINDRICAL_SURFACE('',#5399,4.5);
#131=CYLINDRICAL_SURFACE('',#5402,4.5);
#132=CYLINDRICAL_SURFACE('',#5404,4.5);
#133=CYLINDRICAL_SURFACE('',#5405,4.25);
#134=CYLINDRICAL_SURFACE('',#5406,4.25);
#135=CYLINDRICAL_SURFACE('',#5407,4.25);
#136=CYLINDRICAL_SURFACE('',#5408,4.25);
#137=CYLINDRICAL_SURFACE('',#5409,4.25);
#138=CYLINDRICAL_SURFACE('',#5410,4.25);
#139=CYLINDRICAL_SURFACE('',#5411,4.25);
#140=CYLINDRICAL_SURFACE('',#5412,4.25);
#141=CYLINDRICAL_SURFACE('',#5413,4.25);
#142=CYLINDRICAL_SURFACE('',#5414,4.25);
#143=CYLINDRICAL_SURFACE('',#5415,4.25);
#144=CYLINDRICAL_SURFACE('',#5416,4.25);
#145=CYLINDRICAL_SURFACE('',#5417,3.74);
#146=CYLINDRICAL_SURFACE('',#5418,3.74);
#147=CYLINDRICAL_SURFACE('',#5419,3.74);
#148=CYLINDRICAL_SURFACE('',#5420,3.74);
#149=CYLINDRICAL_SURFACE('',#5427,3.);
#150=CYLINDRICAL_SURFACE('',#5431,3.);
#151=CYLINDRICAL_SURFACE('',#5434,3.);
#152=CYLINDRICAL_SURFACE('',#5438,3.);
#153=CYLINDRICAL_SURFACE('',#5448,9.99999999999999);
#154=CYLINDRICAL_SURFACE('',#5451,9.99999999999999);
#155=CYLINDRICAL_SURFACE('',#5453,9.99999999999999);
#156=CYLINDRICAL_SURFACE('',#5457,9.99999999999999);
#157=CYLINDRICAL_SURFACE('',#5461,4.5);
#158=CYLINDRICAL_SURFACE('',#5465,4.5);
#159=CYLINDRICAL_SURFACE('',#5468,4.5);
#160=CYLINDRICAL_SURFACE('',#5470,4.5);
#161=CYLINDRICAL_SURFACE('',#5479,2.99999999999999);
#162=CYLINDRICAL_SURFACE('',#5483,3.00000000000003);
#163=CYLINDRICAL_SURFACE('',#5487,3.);
#164=CYLINDRICAL_SURFACE('',#5489,3.);
#165=CYLINDRICAL_SURFACE('',#5495,3.);
#166=CYLINDRICAL_SURFACE('',#5499,2.99999999999998);
#167=CYLINDRICAL_SURFACE('',#5503,3.);
#168=CYLINDRICAL_SURFACE('',#5507,2.99999999999998);
#169=CYLINDRICAL_SURFACE('',#5516,10.0000000000001);
#170=CYLINDRICAL_SURFACE('',#5519,10.);
#171=CYLINDRICAL_SURFACE('',#5521,10.0000000000001);
#172=CYLINDRICAL_SURFACE('',#5525,10.);
#173=CYLINDRICAL_SURFACE('',#5529,4.5);
#174=CYLINDRICAL_SURFACE('',#5533,4.5);
#175=CYLINDRICAL_SURFACE('',#5536,4.5);
#176=CYLINDRICAL_SURFACE('',#5538,4.5);
#177=CYLINDRICAL_SURFACE('',#5549,40.);
#178=CYLINDRICAL_SURFACE('',#5564,6.);
#179=CYLINDRICAL_SURFACE('',#5572,5.);
#180=CYLINDRICAL_SURFACE('',#5575,5.);
#181=CYLINDRICAL_SURFACE('',#5579,5.);
#182=CYLINDRICAL_SURFACE('',#5583,5.);
#183=CYLINDRICAL_SURFACE('',#5590,3.);
#184=CYLINDRICAL_SURFACE('',#5592,3.);
#185=CYLINDRICAL_SURFACE('',#5595,3.);
#186=CYLINDRICAL_SURFACE('',#5597,3.);
#187=CYLINDRICAL_SURFACE('',#5606,5.);
#188=CYLINDRICAL_SURFACE('',#5608,5.);
#189=CYLINDRICAL_SURFACE('',#5611,5.);
#190=CYLINDRICAL_SURFACE('',#5613,5.);
#191=CYLINDRICAL_SURFACE('',#5624,3.);
#192=CYLINDRICAL_SURFACE('',#5628,3.);
#193=CYLINDRICAL_SURFACE('',#5631,3.);
#194=CYLINDRICAL_SURFACE('',#5635,3.);
#195=CYLINDRICAL_SURFACE('',#5645,9.99999999999999);
#196=CYLINDRICAL_SURFACE('',#5648,9.99999999999999);
#197=CYLINDRICAL_SURFACE('',#5650,9.99999999999999);
#198=CYLINDRICAL_SURFACE('',#5654,9.99999999999999);
#199=CYLINDRICAL_SURFACE('',#5658,4.5);
#200=CYLINDRICAL_SURFACE('',#5662,4.5);
#201=CYLINDRICAL_SURFACE('',#5665,4.5);
#202=CYLINDRICAL_SURFACE('',#5667,4.5);
#203=CYLINDRICAL_SURFACE('',#5676,2.99999999999999);
#204=CYLINDRICAL_SURFACE('',#5680,3.00000000000003);
#205=CYLINDRICAL_SURFACE('',#5684,3.);
#206=CYLINDRICAL_SURFACE('',#5686,3.);
#207=CYLINDRICAL_SURFACE('',#5692,3.);
#208=CYLINDRICAL_SURFACE('',#5696,2.99999999999998);
#209=CYLINDRICAL_SURFACE('',#5700,3.);
#210=CYLINDRICAL_SURFACE('',#5704,2.99999999999998);
#211=CYLINDRICAL_SURFACE('',#5713,10.0000000000001);
#212=CYLINDRICAL_SURFACE('',#5716,10.);
#213=CYLINDRICAL_SURFACE('',#5718,10.0000000000001);
#214=CYLINDRICAL_SURFACE('',#5722,10.);
#215=CYLINDRICAL_SURFACE('',#5726,4.5);
#216=CYLINDRICAL_SURFACE('',#5730,4.5);
#217=CYLINDRICAL_SURFACE('',#5733,4.5);
#218=CYLINDRICAL_SURFACE('',#5735,4.5);
#219=CYLINDRICAL_SURFACE('',#5808,4.5);
#220=CYLINDRICAL_SURFACE('',#5810,4.5);
#221=CYLINDRICAL_SURFACE('',#5811,4.5);
#222=CYLINDRICAL_SURFACE('',#5813,4.5);
#223=CYLINDRICAL_SURFACE('',#5815,4.5);
#224=CYLINDRICAL_SURFACE('',#5817,4.5);
#225=CYLINDRICAL_SURFACE('',#5820,4.5);
#226=CYLINDRICAL_SURFACE('',#5822,4.5);
#227=CYLINDRICAL_SURFACE('',#5823,4.25);
#228=CYLINDRICAL_SURFACE('',#5824,4.25);
#229=CYLINDRICAL_SURFACE('',#5825,4.25);
#230=CYLINDRICAL_SURFACE('',#5826,4.25);
#231=CYLINDRICAL_SURFACE('',#5827,4.25);
#232=CYLINDRICAL_SURFACE('',#5828,4.25);
#233=CYLINDRICAL_SURFACE('',#5829,4.25);
#234=CYLINDRICAL_SURFACE('',#5830,4.25);
#235=CYLINDRICAL_SURFACE('',#5831,4.25);
#236=CYLINDRICAL_SURFACE('',#5832,4.25);
#237=CYLINDRICAL_SURFACE('',#5833,4.25);
#238=CYLINDRICAL_SURFACE('',#5834,4.25);
#239=CYLINDRICAL_SURFACE('',#5835,3.74);
#240=CYLINDRICAL_SURFACE('',#5836,3.74);
#241=CYLINDRICAL_SURFACE('',#5837,3.74);
#242=CYLINDRICAL_SURFACE('',#5838,3.74);
#243=CYLINDRICAL_SURFACE('',#5840,12.5);
#244=CYLINDRICAL_SURFACE('',#5847,8.);
#245=CYLINDRICAL_SURFACE('',#5851,8.);
#246=CYLINDRICAL_SURFACE('',#5855,6.);
#247=CYLINDRICAL_SURFACE('',#5859,6.);
#248=CIRCLE('',#5327,4.5);
#249=CIRCLE('',#5328,4.5);
#250=CIRCLE('',#5329,4.5);
#251=CIRCLE('',#5330,4.5);
#252=CIRCLE('',#5331,3.74);
#253=CIRCLE('',#5333,4.5);
#254=CIRCLE('',#5334,4.5);
#255=CIRCLE('',#5335,4.5);
#256=CIRCLE('',#5336,4.5);
#257=CIRCLE('',#5337,3.74);
#258=CIRCLE('',#5340,4.5);
#259=CIRCLE('',#5341,4.5);
#260=CIRCLE('',#5342,4.5);
#261=CIRCLE('',#5343,4.5);
#262=CIRCLE('',#5344,3.74);
#263=CIRCLE('',#5345,3.74);
#264=CIRCLE('',#5346,3.74);
#265=CIRCLE('',#5347,3.74);
#266=CIRCLE('',#5350,4.5);
#267=CIRCLE('',#5351,4.5);
#268=CIRCLE('',#5352,4.5);
#269=CIRCLE('',#5353,4.5);
#270=CIRCLE('',#5354,3.74);
#271=CIRCLE('',#5355,3.74);
#272=CIRCLE('',#5356,3.74);
#273=CIRCLE('',#5357,3.74);
#274=CIRCLE('',#5360,4.25);
#275=CIRCLE('',#5361,4.25);
#276=CIRCLE('',#5362,4.25);
#277=CIRCLE('',#5363,4.25);
#278=CIRCLE('',#5364,4.25);
#279=CIRCLE('',#5365,4.25);
#280=CIRCLE('',#5366,4.25);
#281=CIRCLE('',#5367,4.25);
#282=CIRCLE('',#5368,4.25);
#283=CIRCLE('',#5369,4.25);
#284=CIRCLE('',#5370,4.25);
#285=CIRCLE('',#5371,4.25);
#286=CIRCLE('',#5375,4.25);
#287=CIRCLE('',#5376,4.25);
#288=CIRCLE('',#5377,4.25);
#289=CIRCLE('',#5378,4.25);
#290=CIRCLE('',#5379,4.25);
#291=CIRCLE('',#5380,4.25);
#292=CIRCLE('',#5381,4.25);
#293=CIRCLE('',#5382,4.25);
#294=CIRCLE('',#5383,4.25);
#295=CIRCLE('',#5384,4.25);
#296=CIRCLE('',#5385,4.25);
#297=CIRCLE('',#5386,4.25);
#298=CIRCLE('',#5423,3.);
#299=CIRCLE('',#5424,3.);
#300=CIRCLE('',#5428,3.);
#301=CIRCLE('',#5429,3.);
#302=CIRCLE('',#5432,3.);
#303=CIRCLE('',#5433,3.);
#304=CIRCLE('',#5435,3.);
#305=CIRCLE('',#5436,3.);
#306=CIRCLE('',#5439,3.);
#307=CIRCLE('',#5440,3.);
#308=CIRCLE('',#5444,4.5);
#309=CIRCLE('',#5445,4.5);
#310=CIRCLE('',#5446,9.99999999999999);
#311=CIRCLE('',#5447,9.99999999999999);
#312=CIRCLE('',#5449,9.99999999999999);
#313=CIRCLE('',#5452,9.99999999999999);
#314=CIRCLE('',#5454,9.99999999999999);
#315=CIRCLE('',#5455,9.99999999999999);
#316=CIRCLE('',#5458,9.99999999999999);
#317=CIRCLE('',#5459,9.99999999999999);
#318=CIRCLE('',#5462,4.5);
#319=CIRCLE('',#5463,4.5);
#320=CIRCLE('',#5466,4.5);
#321=CIRCLE('',#5469,4.5);
#322=CIRCLE('',#5471,4.5);
#323=CIRCLE('',#5472,4.5);
#324=CIRCLE('',#5477,3.);
#325=CIRCLE('',#5478,3.);
#326=CIRCLE('',#5480,2.99999999999999);
#327=CIRCLE('',#5481,2.99999999999999);
#328=CIRCLE('',#5484,3.00000000000003);
#329=CIRCLE('',#5485,3.00000000000003);
#330=CIRCLE('',#5496,3.);
#331=CIRCLE('',#5497,3.);
#332=CIRCLE('',#5500,2.99999999999998);
#333=CIRCLE('',#5501,2.99999999999998);
#334=CIRCLE('',#5504,3.);
#335=CIRCLE('',#5505,3.);
#336=CIRCLE('',#5508,2.99999999999998);
#337=CIRCLE('',#5509,2.99999999999998);
#338=CIRCLE('',#5512,4.5);
#339=CIRCLE('',#5513,4.5);
#340=CIRCLE('',#5514,10.);
#341=CIRCLE('',#5515,10.0000000000001);
#342=CIRCLE('',#5517,10.0000000000001);
#343=CIRCLE('',#5520,10.);
#344=CIRCLE('',#5522,10.0000000000001);
#345=CIRCLE('',#5523,10.0000000000001);
#346=CIRCLE('',#5526,10.);
#347=CIRCLE('',#5527,10.);
#348=CIRCLE('',#5530,4.5);
#349=CIRCLE('',#5531,4.5);
#350=CIRCLE('',#5534,4.5);
#351=CIRCLE('',#5537,4.5);
#352=CIRCLE('',#5539,4.5);
#353=CIRCLE('',#5540,4.5);
#354=CIRCLE('',#5546,19.);
#355=CIRCLE('',#5548,40.);
#356=CIRCLE('',#5550,40.);
#357=CIRCLE('',#5552,30.);
#358=CIRCLE('',#5561,6.);
#359=CIRCLE('',#5563,6.);
#360=CIRCLE('',#5568,3.);
#361=CIRCLE('',#5569,3.);
#362=CIRCLE('',#5570,5.);
#363=CIRCLE('',#5571,5.);
#364=CIRCLE('',#5573,5.);
#365=CIRCLE('',#5576,5.);
#366=CIRCLE('',#5577,5.);
#367=CIRCLE('',#5580,5.);
#368=CIRCLE('',#5581,5.);
#369=CIRCLE('',#5584,5.);
#370=CIRCLE('',#5587,3.);
#371=CIRCLE('',#5588,3.);
#372=CIRCLE('',#5591,3.);
#373=CIRCLE('',#5593,3.);
#374=CIRCLE('',#5596,3.);
#375=CIRCLE('',#5598,3.);
#376=CIRCLE('',#5601,5.);
#377=CIRCLE('',#5602,5.);
#378=CIRCLE('',#5604,5.);
#379=CIRCLE('',#5605,5.);
#380=CIRCLE('',#5607,5.);
#381=CIRCLE('',#5609,5.);
#382=CIRCLE('',#5612,5.);
#383=CIRCLE('',#5614,5.);
#384=CIRCLE('',#5620,3.);
#385=CIRCLE('',#5621,3.);
#386=CIRCLE('',#5625,3.);
#387=CIRCLE('',#5626,3.);
#388=CIRCLE('',#5629,3.);
#389=CIRCLE('',#5630,3.);
#390=CIRCLE('',#5632,3.);
#391=CIRCLE('',#5633,3.);
#392=CIRCLE('',#5636,3.);
#393=CIRCLE('',#5637,3.);
#394=CIRCLE('',#5641,4.5);
#395=CIRCLE('',#5642,4.5);
#396=CIRCLE('',#5643,9.99999999999999);
#397=CIRCLE('',#5644,9.99999999999999);
#398=CIRCLE('',#5646,9.99999999999999);
#399=CIRCLE('',#5649,9.99999999999999);
#400=CIRCLE('',#5651,9.99999999999999);
#401=CIRCLE('',#5652,9.99999999999999);
#402=CIRCLE('',#5655,9.99999999999999);
#403=CIRCLE('',#5656,9.99999999999999);
#404=CIRCLE('',#5659,4.5);
#405=CIRCLE('',#5660,4.5);
#406=CIRCLE('',#5663,4.5);
#407=CIRCLE('',#5666,4.5);
#408=CIRCLE('',#5668,4.5);
#409=CIRCLE('',#5669,4.5);
#410=CIRCLE('',#5674,3.);
#411=CIRCLE('',#5675,3.);
#412=CIRCLE('',#5677,2.99999999999999);
#413=CIRCLE('',#5678,2.99999999999999);
#414=CIRCLE('',#5681,3.00000000000003);
#415=CIRCLE('',#5682,3.00000000000003);
#416=CIRCLE('',#5693,3.);
#417=CIRCLE('',#5694,3.);
#418=CIRCLE('',#5697,2.99999999999998);
#419=CIRCLE('',#5698,2.99999999999998);
#420=CIRCLE('',#5701,3.);
#421=CIRCLE('',#5702,3.);
#422=CIRCLE('',#5705,2.99999999999998);
#423=CIRCLE('',#5706,2.99999999999998);
#424=CIRCLE('',#5709,4.5);
#425=CIRCLE('',#5710,4.5);
#426=CIRCLE('',#5711,10.);
#427=CIRCLE('',#5712,10.0000000000001);
#428=CIRCLE('',#5714,10.0000000000001);
#429=CIRCLE('',#5717,10.);
#430=CIRCLE('',#5719,10.0000000000001);
#431=CIRCLE('',#5720,10.0000000000001);
#432=CIRCLE('',#5723,10.);
#433=CIRCLE('',#5724,10.);
#434=CIRCLE('',#5727,4.5);
#435=CIRCLE('',#5728,4.5);
#436=CIRCLE('',#5731,4.5);
#437=CIRCLE('',#5734,4.5);
#438=CIRCLE('',#5736,4.5);
#439=CIRCLE('',#5737,4.5);
#440=CIRCLE('',#5745,4.5);
#441=CIRCLE('',#5746,4.5);
#442=CIRCLE('',#5747,4.5);
#443=CIRCLE('',#5748,4.5);
#444=CIRCLE('',#5749,3.74);
#445=CIRCLE('',#5751,4.5);
#446=CIRCLE('',#5752,4.5);
#447=CIRCLE('',#5753,4.5);
#448=CIRCLE('',#5754,4.5);
#449=CIRCLE('',#5755,3.74);
#450=CIRCLE('',#5758,4.5);
#451=CIRCLE('',#5759,4.5);
#452=CIRCLE('',#5760,4.5);
#453=CIRCLE('',#5761,4.5);
#454=CIRCLE('',#5762,3.74);
#455=CIRCLE('',#5763,3.74);
#456=CIRCLE('',#5764,3.74);
#457=CIRCLE('',#5765,3.74);
#458=CIRCLE('',#5768,4.5);
#459=CIRCLE('',#5769,4.5);
#460=CIRCLE('',#5770,4.5);
#461=CIRCLE('',#5771,4.5);
#462=CIRCLE('',#5772,3.74);
#463=CIRCLE('',#5773,3.74);
#464=CIRCLE('',#5774,3.74);
#465=CIRCLE('',#5775,3.74);
#466=CIRCLE('',#5778,4.25);
#467=CIRCLE('',#5779,4.25);
#468=CIRCLE('',#5780,4.25);
#469=CIRCLE('',#5781,4.25);
#470=CIRCLE('',#5782,4.25);
#471=CIRCLE('',#5783,4.25);
#472=CIRCLE('',#5784,4.25);
#473=CIRCLE('',#5785,4.25);
#474=CIRCLE('',#5786,4.25);
#475=CIRCLE('',#5787,4.25);
#476=CIRCLE('',#5788,4.25);
#477=CIRCLE('',#5789,4.25);
#478=CIRCLE('',#5793,4.25);
#479=CIRCLE('',#5794,4.25);
#480=CIRCLE('',#5795,4.25);
#481=CIRCLE('',#5796,4.25);
#482=CIRCLE('',#5797,4.25);
#483=CIRCLE('',#5798,4.25);
#484=CIRCLE('',#5799,4.25);
#485=CIRCLE('',#5800,4.25);
#486=CIRCLE('',#5801,4.25);
#487=CIRCLE('',#5802,4.25);
#488=CIRCLE('',#5803,4.25);
#489=CIRCLE('',#5804,4.25);
#490=CIRCLE('',#5841,12.5);
#491=CIRCLE('',#5842,12.5);
#492=CIRCLE('',#5844,8.);
#493=CIRCLE('',#5846,8.);
#494=CIRCLE('',#5848,8.);
#495=CIRCLE('',#5850,6.);
#496=CIRCLE('',#5852,8.);
#497=CIRCLE('',#5854,6.);
#498=CIRCLE('',#5856,6.);
#499=CIRCLE('',#5858,5.);
#500=CIRCLE('',#5860,6.);
#501=CIRCLE('',#5862,5.);
#502=ORIENTED_EDGE('',*,*,#1890,.F.);
#503=ORIENTED_EDGE('',*,*,#1891,.F.);
#504=ORIENTED_EDGE('',*,*,#1892,.F.);
#505=ORIENTED_EDGE('',*,*,#1893,.F.);
#506=ORIENTED_EDGE('',*,*,#1894,.F.);
#507=ORIENTED_EDGE('',*,*,#1895,.F.);
#508=ORIENTED_EDGE('',*,*,#1896,.F.);
#509=ORIENTED_EDGE('',*,*,#1897,.F.);
#510=ORIENTED_EDGE('',*,*,#1898,.T.);
#511=ORIENTED_EDGE('',*,*,#1899,.T.);
#512=ORIENTED_EDGE('',*,*,#1900,.F.);
#513=ORIENTED_EDGE('',*,*,#1901,.T.);
#514=ORIENTED_EDGE('',*,*,#1902,.F.);
#515=ORIENTED_EDGE('',*,*,#1903,.F.);
#516=ORIENTED_EDGE('',*,*,#1904,.T.);
#517=ORIENTED_EDGE('',*,*,#1905,.F.);
#518=ORIENTED_EDGE('',*,*,#1906,.F.);
#519=ORIENTED_EDGE('',*,*,#1907,.F.);
#520=ORIENTED_EDGE('',*,*,#1908,.F.);
#521=ORIENTED_EDGE('',*,*,#1909,.F.);
#522=ORIENTED_EDGE('',*,*,#1910,.F.);
#523=ORIENTED_EDGE('',*,*,#1911,.F.);
#524=ORIENTED_EDGE('',*,*,#1912,.F.);
#525=ORIENTED_EDGE('',*,*,#1913,.F.);
#526=ORIENTED_EDGE('',*,*,#1914,.T.);
#527=ORIENTED_EDGE('',*,*,#1915,.F.);
#528=ORIENTED_EDGE('',*,*,#1916,.T.);
#529=ORIENTED_EDGE('',*,*,#1917,.T.);
#530=ORIENTED_EDGE('',*,*,#1918,.F.);
#531=ORIENTED_EDGE('',*,*,#1919,.T.);
#532=ORIENTED_EDGE('',*,*,#1920,.F.);
#533=ORIENTED_EDGE('',*,*,#1921,.T.);
#534=ORIENTED_EDGE('',*,*,#1922,.F.);
#535=ORIENTED_EDGE('',*,*,#1923,.T.);
#536=ORIENTED_EDGE('',*,*,#1913,.T.);
#537=ORIENTED_EDGE('',*,*,#1924,.F.);
#538=ORIENTED_EDGE('',*,*,#1900,.T.);
#539=ORIENTED_EDGE('',*,*,#1925,.T.);
#540=ORIENTED_EDGE('',*,*,#1926,.F.);
#541=ORIENTED_EDGE('',*,*,#1927,.F.);
#542=ORIENTED_EDGE('',*,*,#1928,.F.);
#543=ORIENTED_EDGE('',*,*,#1929,.F.);
#544=ORIENTED_EDGE('',*,*,#1930,.F.);
#545=ORIENTED_EDGE('',*,*,#1931,.F.);
#546=ORIENTED_EDGE('',*,*,#1932,.F.);
#547=ORIENTED_EDGE('',*,*,#1933,.F.);
#548=ORIENTED_EDGE('',*,*,#1934,.F.);
#549=ORIENTED_EDGE('',*,*,#1935,.T.);
#550=ORIENTED_EDGE('',*,*,#1920,.T.);
#551=ORIENTED_EDGE('',*,*,#1936,.T.);
#552=ORIENTED_EDGE('',*,*,#1937,.T.);
#553=ORIENTED_EDGE('',*,*,#1938,.T.);
#554=ORIENTED_EDGE('',*,*,#1939,.F.);
#555=ORIENTED_EDGE('',*,*,#1940,.T.);
#556=ORIENTED_EDGE('',*,*,#1941,.T.);
#557=ORIENTED_EDGE('',*,*,#1942,.T.);
#558=ORIENTED_EDGE('',*,*,#1937,.F.);
#559=ORIENTED_EDGE('',*,*,#1943,.T.);
#560=ORIENTED_EDGE('',*,*,#1944,.T.);
#561=ORIENTED_EDGE('',*,*,#1945,.T.);
#562=ORIENTED_EDGE('',*,*,#1946,.T.);
#563=ORIENTED_EDGE('',*,*,#1947,.T.);
#564=ORIENTED_EDGE('',*,*,#1948,.T.);
#565=ORIENTED_EDGE('',*,*,#1949,.T.);
#566=ORIENTED_EDGE('',*,*,#1950,.T.);
#567=ORIENTED_EDGE('',*,*,#1951,.T.);
#568=ORIENTED_EDGE('',*,*,#1922,.T.);
#569=ORIENTED_EDGE('',*,*,#1952,.T.);
#570=ORIENTED_EDGE('',*,*,#1953,.T.);
#571=ORIENTED_EDGE('',*,*,#1954,.T.);
#572=ORIENTED_EDGE('',*,*,#1955,.F.);
#573=ORIENTED_EDGE('',*,*,#1956,.T.);
#574=ORIENTED_EDGE('',*,*,#1941,.F.);
#575=ORIENTED_EDGE('',*,*,#1957,.T.);
#576=ORIENTED_EDGE('',*,*,#1953,.F.);
#577=ORIENTED_EDGE('',*,*,#1958,.T.);
#578=ORIENTED_EDGE('',*,*,#1934,.T.);
#579=ORIENTED_EDGE('',*,*,#1959,.T.);
#580=ORIENTED_EDGE('',*,*,#1960,.F.);
#581=ORIENTED_EDGE('',*,*,#1961,.F.);
#582=ORIENTED_EDGE('',*,*,#1962,.F.);
#583=ORIENTED_EDGE('',*,*,#1963,.F.);
#584=ORIENTED_EDGE('',*,*,#1964,.F.);
#585=ORIENTED_EDGE('',*,*,#1965,.F.);
#586=ORIENTED_EDGE('',*,*,#1966,.F.);
#587=ORIENTED_EDGE('',*,*,#1967,.F.);
#588=ORIENTED_EDGE('',*,*,#1968,.F.);
#589=ORIENTED_EDGE('',*,*,#1969,.F.);
#590=ORIENTED_EDGE('',*,*,#1970,.F.);
#591=ORIENTED_EDGE('',*,*,#1971,.F.);
#592=ORIENTED_EDGE('',*,*,#1955,.T.);
#593=ORIENTED_EDGE('',*,*,#1972,.T.);
#594=ORIENTED_EDGE('',*,*,#1939,.T.);
#595=ORIENTED_EDGE('',*,*,#1973,.T.);
#596=ORIENTED_EDGE('',*,*,#1915,.T.);
#597=ORIENTED_EDGE('',*,*,#1974,.T.);
#598=ORIENTED_EDGE('',*,*,#1898,.F.);
#599=ORIENTED_EDGE('',*,*,#1975,.T.);
#600=ORIENTED_EDGE('',*,*,#1976,.F.);
#601=ORIENTED_EDGE('',*,*,#1917,.F.);
#602=ORIENTED_EDGE('',*,*,#1977,.T.);
#603=ORIENTED_EDGE('',*,*,#1903,.T.);
#604=ORIENTED_EDGE('',*,*,#1978,.T.);
#605=ORIENTED_EDGE('',*,*,#1979,.T.);
#606=ORIENTED_EDGE('',*,*,#1980,.T.);
#607=ORIENTED_EDGE('',*,*,#1981,.T.);
#608=ORIENTED_EDGE('',*,*,#1982,.T.);
#609=ORIENTED_EDGE('',*,*,#1983,.T.);
#610=ORIENTED_EDGE('',*,*,#1984,.T.);
#611=ORIENTED_EDGE('',*,*,#1985,.T.);
#612=ORIENTED_EDGE('',*,*,#1986,.T.);
#613=ORIENTED_EDGE('',*,*,#1987,.T.);
#614=ORIENTED_EDGE('',*,*,#1988,.T.);
#615=ORIENTED_EDGE('',*,*,#1989,.T.);
#616=ORIENTED_EDGE('',*,*,#1904,.F.);
#617=ORIENTED_EDGE('',*,*,#1977,.F.);
#618=ORIENTED_EDGE('',*,*,#1916,.F.);
#619=ORIENTED_EDGE('',*,*,#1975,.F.);
#620=ORIENTED_EDGE('',*,*,#1901,.F.);
#621=ORIENTED_EDGE('',*,*,#1924,.T.);
#622=ORIENTED_EDGE('',*,*,#1919,.F.);
#623=ORIENTED_EDGE('',*,*,#1990,.F.);
#624=ORIENTED_EDGE('',*,*,#1976,.T.);
#625=ORIENTED_EDGE('',*,*,#1902,.T.);
#626=ORIENTED_EDGE('',*,*,#1990,.T.);
#627=ORIENTED_EDGE('',*,*,#1918,.T.);
#628=ORIENTED_EDGE('',*,*,#1910,.T.);
#629=ORIENTED_EDGE('',*,*,#1991,.F.);
#630=ORIENTED_EDGE('',*,*,#1951,.F.);
#631=ORIENTED_EDGE('',*,*,#1992,.T.);
#632=ORIENTED_EDGE('',*,*,#1911,.T.);
#633=ORIENTED_EDGE('',*,*,#1992,.F.);
#634=ORIENTED_EDGE('',*,*,#1950,.F.);
#635=ORIENTED_EDGE('',*,*,#1993,.T.);
#636=ORIENTED_EDGE('',*,*,#1912,.T.);
#637=ORIENTED_EDGE('',*,*,#1993,.F.);
#638=ORIENTED_EDGE('',*,*,#1949,.F.);
#639=ORIENTED_EDGE('',*,*,#1994,.T.);
#640=ORIENTED_EDGE('',*,*,#1909,.T.);
#641=ORIENTED_EDGE('',*,*,#1994,.F.);
#642=ORIENTED_EDGE('',*,*,#1948,.F.);
#643=ORIENTED_EDGE('',*,*,#1991,.T.);
#644=ORIENTED_EDGE('',*,*,#1894,.T.);
#645=ORIENTED_EDGE('',*,*,#1995,.T.);
#646=ORIENTED_EDGE('',*,*,#1930,.T.);
#647=ORIENTED_EDGE('',*,*,#1996,.F.);
#648=ORIENTED_EDGE('',*,*,#1895,.T.);
#649=ORIENTED_EDGE('',*,*,#1996,.T.);
#650=ORIENTED_EDGE('',*,*,#1933,.T.);
#651=ORIENTED_EDGE('',*,*,#1997,.F.);
#652=ORIENTED_EDGE('',*,*,#1896,.T.);
#653=ORIENTED_EDGE('',*,*,#1997,.T.);
#654=ORIENTED_EDGE('',*,*,#1932,.T.);
#655=ORIENTED_EDGE('',*,*,#1998,.F.);
#656=ORIENTED_EDGE('',*,*,#1897,.T.);
#657=ORIENTED_EDGE('',*,*,#1998,.T.);
#658=ORIENTED_EDGE('',*,*,#1931,.T.);
#659=ORIENTED_EDGE('',*,*,#1995,.F.);
#660=ORIENTED_EDGE('',*,*,#1906,.T.);
#661=ORIENTED_EDGE('',*,*,#1999,.F.);
#662=ORIENTED_EDGE('',*,*,#1947,.F.);
#663=ORIENTED_EDGE('',*,*,#2000,.T.);
#664=ORIENTED_EDGE('',*,*,#1907,.T.);
#665=ORIENTED_EDGE('',*,*,#2000,.F.);
#666=ORIENTED_EDGE('',*,*,#1946,.F.);
#667=ORIENTED_EDGE('',*,*,#2001,.T.);
#668=ORIENTED_EDGE('',*,*,#1908,.T.);
#669=ORIENTED_EDGE('',*,*,#2001,.F.);
#670=ORIENTED_EDGE('',*,*,#1945,.F.);
#671=ORIENTED_EDGE('',*,*,#2002,.T.);
#672=ORIENTED_EDGE('',*,*,#1905,.T.);
#673=ORIENTED_EDGE('',*,*,#2002,.F.);
#674=ORIENTED_EDGE('',*,*,#1944,.F.);
#675=ORIENTED_EDGE('',*,*,#1999,.T.);
#676=ORIENTED_EDGE('',*,*,#1890,.T.);
#677=ORIENTED_EDGE('',*,*,#2003,.T.);
#678=ORIENTED_EDGE('',*,*,#1926,.T.);
#679=ORIENTED_EDGE('',*,*,#2004,.F.);
#680=ORIENTED_EDGE('',*,*,#1891,.T.);
#681=ORIENTED_EDGE('',*,*,#2004,.T.);
#682=ORIENTED_EDGE('',*,*,#1929,.T.);
#683=ORIENTED_EDGE('',*,*,#2005,.F.);
#684=ORIENTED_EDGE('',*,*,#1892,.T.);
#685=ORIENTED_EDGE('',*,*,#2005,.T.);
#686=ORIENTED_EDGE('',*,*,#1928,.T.);
#687=ORIENTED_EDGE('',*,*,#2006,.F.);
#688=ORIENTED_EDGE('',*,*,#1893,.T.);
#689=ORIENTED_EDGE('',*,*,#2006,.T.);
#690=ORIENTED_EDGE('',*,*,#1927,.T.);
#691=ORIENTED_EDGE('',*,*,#2003,.F.);
#692=ORIENTED_EDGE('',*,*,#1971,.T.);
#693=ORIENTED_EDGE('',*,*,#1989,.F.);
#694=ORIENTED_EDGE('',*,*,#1970,.T.);
#695=ORIENTED_EDGE('',*,*,#1988,.F.);
#696=ORIENTED_EDGE('',*,*,#1969,.T.);
#697=ORIENTED_EDGE('',*,*,#1987,.F.);
#698=ORIENTED_EDGE('',*,*,#1968,.T.);
#699=ORIENTED_EDGE('',*,*,#1986,.F.);
#700=ORIENTED_EDGE('',*,*,#1967,.T.);
#701=ORIENTED_EDGE('',*,*,#1985,.F.);
#702=ORIENTED_EDGE('',*,*,#1966,.T.);
#703=ORIENTED_EDGE('',*,*,#1984,.F.);
#704=ORIENTED_EDGE('',*,*,#1965,.T.);
#705=ORIENTED_EDGE('',*,*,#1983,.F.);
#706=ORIENTED_EDGE('',*,*,#1964,.T.);
#707=ORIENTED_EDGE('',*,*,#1982,.F.);
#708=ORIENTED_EDGE('',*,*,#1963,.T.);
#709=ORIENTED_EDGE('',*,*,#1981,.F.);
#710=ORIENTED_EDGE('',*,*,#1962,.T.);
#711=ORIENTED_EDGE('',*,*,#1980,.F.);
#712=ORIENTED_EDGE('',*,*,#1961,.T.);
#713=ORIENTED_EDGE('',*,*,#1979,.F.);
#714=ORIENTED_EDGE('',*,*,#1960,.T.);
#715=ORIENTED_EDGE('',*,*,#1978,.F.);
#716=ORIENTED_EDGE('',*,*,#1952,.F.);
#717=ORIENTED_EDGE('',*,*,#1921,.F.);
#718=ORIENTED_EDGE('',*,*,#1935,.F.);
#719=ORIENTED_EDGE('',*,*,#1958,.F.);
#720=ORIENTED_EDGE('',*,*,#1954,.F.);
#721=ORIENTED_EDGE('',*,*,#1959,.F.);
#722=ORIENTED_EDGE('',*,*,#1940,.F.);
#723=ORIENTED_EDGE('',*,*,#1972,.F.);
#724=ORIENTED_EDGE('',*,*,#1938,.F.);
#725=ORIENTED_EDGE('',*,*,#1942,.F.);
#726=ORIENTED_EDGE('',*,*,#1956,.F.);
#727=ORIENTED_EDGE('',*,*,#1973,.F.);
#728=ORIENTED_EDGE('',*,*,#1914,.F.);
#729=ORIENTED_EDGE('',*,*,#1923,.F.);
#730=ORIENTED_EDGE('',*,*,#1957,.F.);
#731=ORIENTED_EDGE('',*,*,#1943,.F.);
#732=ORIENTED_EDGE('',*,*,#1936,.F.);
#733=ORIENTED_EDGE('',*,*,#1925,.F.);
#734=ORIENTED_EDGE('',*,*,#1899,.F.);
#735=ORIENTED_EDGE('',*,*,#1974,.F.);
#736=ORIENTED_EDGE('',*,*,#2007,.T.);
#737=ORIENTED_EDGE('',*,*,#2008,.T.);
#738=ORIENTED_EDGE('',*,*,#2009,.T.);
#739=ORIENTED_EDGE('',*,*,#2010,.T.);
#740=ORIENTED_EDGE('',*,*,#2011,.F.);
#741=ORIENTED_EDGE('',*,*,#2012,.F.);
#742=ORIENTED_EDGE('',*,*,#2013,.T.);
#743=ORIENTED_EDGE('',*,*,#2014,.T.);
#744=ORIENTED_EDGE('',*,*,#2015,.F.);
#745=ORIENTED_EDGE('',*,*,#2016,.F.);
#746=ORIENTED_EDGE('',*,*,#2017,.T.);
#747=ORIENTED_EDGE('',*,*,#2018,.T.);
#748=ORIENTED_EDGE('',*,*,#2019,.T.);
#749=ORIENTED_EDGE('',*,*,#2020,.F.);
#750=ORIENTED_EDGE('',*,*,#2021,.F.);
#751=ORIENTED_EDGE('',*,*,#2022,.T.);
#752=ORIENTED_EDGE('',*,*,#2023,.F.);
#753=ORIENTED_EDGE('',*,*,#2024,.F.);
#754=ORIENTED_EDGE('',*,*,#2025,.T.);
#755=ORIENTED_EDGE('',*,*,#2026,.T.);
#756=ORIENTED_EDGE('',*,*,#2027,.F.);
#757=ORIENTED_EDGE('',*,*,#2026,.F.);
#758=ORIENTED_EDGE('',*,*,#2028,.T.);
#759=ORIENTED_EDGE('',*,*,#2029,.T.);
#760=ORIENTED_EDGE('',*,*,#2030,.F.);
#761=ORIENTED_EDGE('',*,*,#2029,.F.);
#762=ORIENTED_EDGE('',*,*,#2031,.T.);
#763=ORIENTED_EDGE('',*,*,#2021,.T.);
#764=ORIENTED_EDGE('',*,*,#2032,.F.);
#765=ORIENTED_EDGE('',*,*,#2011,.T.);
#766=ORIENTED_EDGE('',*,*,#2033,.F.);
#767=ORIENTED_EDGE('',*,*,#2013,.F.);
#768=ORIENTED_EDGE('',*,*,#2034,.F.);
#769=ORIENTED_EDGE('',*,*,#2019,.F.);
#770=ORIENTED_EDGE('',*,*,#2035,.T.);
#771=ORIENTED_EDGE('',*,*,#2036,.T.);
#772=ORIENTED_EDGE('',*,*,#2037,.F.);
#773=ORIENTED_EDGE('',*,*,#2036,.F.);
#774=ORIENTED_EDGE('',*,*,#2038,.T.);
#775=ORIENTED_EDGE('',*,*,#2039,.T.);
#776=ORIENTED_EDGE('',*,*,#2040,.F.);
#777=ORIENTED_EDGE('',*,*,#2039,.F.);
#778=ORIENTED_EDGE('',*,*,#2041,.T.);
#779=ORIENTED_EDGE('',*,*,#2042,.T.);
#780=ORIENTED_EDGE('',*,*,#2024,.T.);
#781=ORIENTED_EDGE('',*,*,#2043,.T.);
#782=ORIENTED_EDGE('',*,*,#2044,.F.);
#783=ORIENTED_EDGE('',*,*,#2045,.F.);
#784=ORIENTED_EDGE('',*,*,#2046,.T.);
#785=ORIENTED_EDGE('',*,*,#2047,.T.);
#786=ORIENTED_EDGE('',*,*,#2042,.F.);
#787=ORIENTED_EDGE('',*,*,#2048,.T.);
#788=ORIENTED_EDGE('',*,*,#2025,.F.);
#789=ORIENTED_EDGE('',*,*,#2048,.F.);
#790=ORIENTED_EDGE('',*,*,#2041,.F.);
#791=ORIENTED_EDGE('',*,*,#2038,.F.);
#792=ORIENTED_EDGE('',*,*,#2035,.F.);
#793=ORIENTED_EDGE('',*,*,#2022,.F.);
#794=ORIENTED_EDGE('',*,*,#2031,.F.);
#795=ORIENTED_EDGE('',*,*,#2028,.F.);
#796=ORIENTED_EDGE('',*,*,#2049,.T.);
#797=ORIENTED_EDGE('',*,*,#2050,.T.);
#798=ORIENTED_EDGE('',*,*,#2051,.T.);
#799=ORIENTED_EDGE('',*,*,#2052,.T.);
#800=ORIENTED_EDGE('',*,*,#2043,.F.);
#801=ORIENTED_EDGE('',*,*,#2023,.T.);
#802=ORIENTED_EDGE('',*,*,#2027,.T.);
#803=ORIENTED_EDGE('',*,*,#2030,.T.);
#804=ORIENTED_EDGE('',*,*,#2018,.F.);
#805=ORIENTED_EDGE('',*,*,#2053,.F.);
#806=ORIENTED_EDGE('',*,*,#2054,.F.);
#807=ORIENTED_EDGE('',*,*,#2055,.F.);
#808=ORIENTED_EDGE('',*,*,#2055,.T.);
#809=ORIENTED_EDGE('',*,*,#2056,.F.);
#810=ORIENTED_EDGE('',*,*,#2057,.F.);
#811=ORIENTED_EDGE('',*,*,#2044,.T.);
#812=ORIENTED_EDGE('',*,*,#2054,.T.);
#813=ORIENTED_EDGE('',*,*,#2058,.F.);
#814=ORIENTED_EDGE('',*,*,#2059,.F.);
#815=ORIENTED_EDGE('',*,*,#2056,.T.);
#816=ORIENTED_EDGE('',*,*,#2053,.T.);
#817=ORIENTED_EDGE('',*,*,#2017,.F.);
#818=ORIENTED_EDGE('',*,*,#2060,.F.);
#819=ORIENTED_EDGE('',*,*,#2058,.T.);
#820=ORIENTED_EDGE('',*,*,#2061,.T.);
#821=ORIENTED_EDGE('',*,*,#2062,.F.);
#822=ORIENTED_EDGE('',*,*,#2063,.F.);
#823=ORIENTED_EDGE('',*,*,#2015,.T.);
#824=ORIENTED_EDGE('',*,*,#2064,.T.);
#825=ORIENTED_EDGE('',*,*,#2065,.F.);
#826=ORIENTED_EDGE('',*,*,#2066,.F.);
#827=ORIENTED_EDGE('',*,*,#2062,.T.);
#828=ORIENTED_EDGE('',*,*,#2067,.T.);
#829=ORIENTED_EDGE('',*,*,#2046,.F.);
#830=ORIENTED_EDGE('',*,*,#2068,.F.);
#831=ORIENTED_EDGE('',*,*,#2065,.T.);
#832=ORIENTED_EDGE('',*,*,#2069,.F.);
#833=ORIENTED_EDGE('',*,*,#2070,.F.);
#834=ORIENTED_EDGE('',*,*,#2071,.T.);
#835=ORIENTED_EDGE('',*,*,#2072,.T.);
#836=ORIENTED_EDGE('',*,*,#2073,.F.);
#837=ORIENTED_EDGE('',*,*,#2074,.F.);
#838=ORIENTED_EDGE('',*,*,#2075,.T.);
#839=ORIENTED_EDGE('',*,*,#2070,.T.);
#840=ORIENTED_EDGE('',*,*,#2076,.F.);
#841=ORIENTED_EDGE('',*,*,#2077,.F.);
#842=ORIENTED_EDGE('',*,*,#2078,.T.);
#843=ORIENTED_EDGE('',*,*,#2074,.T.);
#844=ORIENTED_EDGE('',*,*,#2049,.F.);
#845=ORIENTED_EDGE('',*,*,#2079,.F.);
#846=ORIENTED_EDGE('',*,*,#2080,.T.);
#847=ORIENTED_EDGE('',*,*,#2081,.T.);
#848=ORIENTED_EDGE('',*,*,#2052,.F.);
#849=ORIENTED_EDGE('',*,*,#2082,.F.);
#850=ORIENTED_EDGE('',*,*,#2083,.T.);
#851=ORIENTED_EDGE('',*,*,#2079,.T.);
#852=ORIENTED_EDGE('',*,*,#2051,.F.);
#853=ORIENTED_EDGE('',*,*,#2084,.F.);
#854=ORIENTED_EDGE('',*,*,#2085,.T.);
#855=ORIENTED_EDGE('',*,*,#2082,.T.);
#856=ORIENTED_EDGE('',*,*,#2086,.F.);
#857=ORIENTED_EDGE('',*,*,#2072,.F.);
#858=ORIENTED_EDGE('',*,*,#2087,.T.);
#859=ORIENTED_EDGE('',*,*,#2077,.T.);
#860=ORIENTED_EDGE('',*,*,#2050,.F.);
#861=ORIENTED_EDGE('',*,*,#2081,.F.);
#862=ORIENTED_EDGE('',*,*,#2088,.T.);
#863=ORIENTED_EDGE('',*,*,#2084,.T.);
#864=ORIENTED_EDGE('',*,*,#2080,.F.);
#865=ORIENTED_EDGE('',*,*,#2083,.F.);
#866=ORIENTED_EDGE('',*,*,#2085,.F.);
#867=ORIENTED_EDGE('',*,*,#2088,.F.);
#868=ORIENTED_EDGE('',*,*,#2071,.F.);
#869=ORIENTED_EDGE('',*,*,#2075,.F.);
#870=ORIENTED_EDGE('',*,*,#2078,.F.);
#871=ORIENTED_EDGE('',*,*,#2087,.F.);
#872=ORIENTED_EDGE('',*,*,#2057,.T.);
#873=ORIENTED_EDGE('',*,*,#2059,.T.);
#874=ORIENTED_EDGE('',*,*,#2060,.T.);
#875=ORIENTED_EDGE('',*,*,#2016,.T.);
#876=ORIENTED_EDGE('',*,*,#2063,.T.);
#877=ORIENTED_EDGE('',*,*,#2066,.T.);
#878=ORIENTED_EDGE('',*,*,#2068,.T.);
#879=ORIENTED_EDGE('',*,*,#2045,.T.);
#880=ORIENTED_EDGE('',*,*,#2069,.T.);
#881=ORIENTED_EDGE('',*,*,#2086,.T.);
#882=ORIENTED_EDGE('',*,*,#2076,.T.);
#883=ORIENTED_EDGE('',*,*,#2073,.T.);
#884=ORIENTED_EDGE('',*,*,#2014,.F.);
#885=ORIENTED_EDGE('',*,*,#2033,.T.);
#886=ORIENTED_EDGE('',*,*,#2037,.T.);
#887=ORIENTED_EDGE('',*,*,#2040,.T.);
#888=ORIENTED_EDGE('',*,*,#2047,.F.);
#889=ORIENTED_EDGE('',*,*,#2067,.F.);
#890=ORIENTED_EDGE('',*,*,#2064,.F.);
#891=ORIENTED_EDGE('',*,*,#2061,.F.);
#892=ORIENTED_EDGE('',*,*,#2089,.F.);
#893=ORIENTED_EDGE('',*,*,#2032,.T.);
#894=ORIENTED_EDGE('',*,*,#2090,.F.);
#895=ORIENTED_EDGE('',*,*,#2091,.F.);
#896=ORIENTED_EDGE('',*,*,#2092,.T.);
#897=ORIENTED_EDGE('',*,*,#2093,.F.);
#898=ORIENTED_EDGE('',*,*,#2094,.F.);
#899=ORIENTED_EDGE('',*,*,#2095,.T.);
#900=ORIENTED_EDGE('',*,*,#2096,.T.);
#901=ORIENTED_EDGE('',*,*,#2097,.F.);
#902=ORIENTED_EDGE('',*,*,#2098,.F.);
#903=ORIENTED_EDGE('',*,*,#2093,.T.);
#904=ORIENTED_EDGE('',*,*,#2099,.T.);
#905=ORIENTED_EDGE('',*,*,#2100,.F.);
#906=ORIENTED_EDGE('',*,*,#2101,.F.);
#907=ORIENTED_EDGE('',*,*,#2097,.T.);
#908=ORIENTED_EDGE('',*,*,#2012,.T.);
#909=ORIENTED_EDGE('',*,*,#2102,.F.);
#910=ORIENTED_EDGE('',*,*,#2103,.F.);
#911=ORIENTED_EDGE('',*,*,#2100,.T.);
#912=ORIENTED_EDGE('',*,*,#2089,.T.);
#913=ORIENTED_EDGE('',*,*,#2104,.F.);
#914=ORIENTED_EDGE('',*,*,#2009,.F.);
#915=ORIENTED_EDGE('',*,*,#2102,.T.);
#916=ORIENTED_EDGE('',*,*,#2091,.T.);
#917=ORIENTED_EDGE('',*,*,#2105,.F.);
#918=ORIENTED_EDGE('',*,*,#2010,.F.);
#919=ORIENTED_EDGE('',*,*,#2104,.T.);
#920=ORIENTED_EDGE('',*,*,#2090,.T.);
#921=ORIENTED_EDGE('',*,*,#2106,.F.);
#922=ORIENTED_EDGE('',*,*,#2007,.F.);
#923=ORIENTED_EDGE('',*,*,#2105,.T.);
#924=ORIENTED_EDGE('',*,*,#2020,.T.);
#925=ORIENTED_EDGE('',*,*,#2095,.F.);
#926=ORIENTED_EDGE('',*,*,#2107,.F.);
#927=ORIENTED_EDGE('',*,*,#2106,.T.);
#928=ORIENTED_EDGE('',*,*,#2108,.F.);
#929=ORIENTED_EDGE('',*,*,#2094,.T.);
#930=ORIENTED_EDGE('',*,*,#2098,.T.);
#931=ORIENTED_EDGE('',*,*,#2101,.T.);
#932=ORIENTED_EDGE('',*,*,#2034,.T.);
#933=ORIENTED_EDGE('',*,*,#2099,.F.);
#934=ORIENTED_EDGE('',*,*,#2096,.F.);
#935=ORIENTED_EDGE('',*,*,#2092,.F.);
#936=ORIENTED_EDGE('',*,*,#2103,.T.);
#937=ORIENTED_EDGE('',*,*,#2109,.T.);
#938=ORIENTED_EDGE('',*,*,#2110,.T.);
#939=ORIENTED_EDGE('',*,*,#2111,.F.);
#940=ORIENTED_EDGE('',*,*,#2112,.F.);
#941=ORIENTED_EDGE('',*,*,#2113,.T.);
#942=ORIENTED_EDGE('',*,*,#2114,.T.);
#943=ORIENTED_EDGE('',*,*,#2115,.F.);
#944=ORIENTED_EDGE('',*,*,#2107,.T.);
#945=ORIENTED_EDGE('',*,*,#2116,.F.);
#946=ORIENTED_EDGE('',*,*,#2117,.T.);
#947=ORIENTED_EDGE('',*,*,#2118,.T.);
#948=ORIENTED_EDGE('',*,*,#2119,.F.);
#949=ORIENTED_EDGE('',*,*,#2109,.F.);
#950=ORIENTED_EDGE('',*,*,#2008,.F.);
#951=ORIENTED_EDGE('',*,*,#2118,.F.);
#952=ORIENTED_EDGE('',*,*,#2120,.T.);
#953=ORIENTED_EDGE('',*,*,#2121,.T.);
#954=ORIENTED_EDGE('',*,*,#2122,.F.);
#955=ORIENTED_EDGE('',*,*,#2121,.F.);
#956=ORIENTED_EDGE('',*,*,#2123,.T.);
#957=ORIENTED_EDGE('',*,*,#2124,.T.);
#958=ORIENTED_EDGE('',*,*,#2125,.F.);
#959=ORIENTED_EDGE('',*,*,#2124,.F.);
#960=ORIENTED_EDGE('',*,*,#2126,.T.);
#961=ORIENTED_EDGE('',*,*,#2127,.T.);
#962=ORIENTED_EDGE('',*,*,#2128,.T.);
#963=ORIENTED_EDGE('',*,*,#2129,.T.);
#964=ORIENTED_EDGE('',*,*,#2130,.F.);
#965=ORIENTED_EDGE('',*,*,#2131,.F.);
#966=ORIENTED_EDGE('',*,*,#2132,.T.);
#967=ORIENTED_EDGE('',*,*,#2133,.T.);
#968=ORIENTED_EDGE('',*,*,#2127,.F.);
#969=ORIENTED_EDGE('',*,*,#2134,.T.);
#970=ORIENTED_EDGE('',*,*,#2135,.F.);
#971=ORIENTED_EDGE('',*,*,#2128,.F.);
#972=ORIENTED_EDGE('',*,*,#2136,.T.);
#973=ORIENTED_EDGE('',*,*,#2137,.T.);
#974=ORIENTED_EDGE('',*,*,#2138,.F.);
#975=ORIENTED_EDGE('',*,*,#2137,.F.);
#976=ORIENTED_EDGE('',*,*,#2139,.T.);
#977=ORIENTED_EDGE('',*,*,#2140,.T.);
#978=ORIENTED_EDGE('',*,*,#2141,.F.);
#979=ORIENTED_EDGE('',*,*,#2140,.F.);
#980=ORIENTED_EDGE('',*,*,#2142,.T.);
#981=ORIENTED_EDGE('',*,*,#2116,.T.);
#982=ORIENTED_EDGE('',*,*,#2108,.T.);
#983=ORIENTED_EDGE('',*,*,#2115,.T.);
#984=ORIENTED_EDGE('',*,*,#2120,.F.);
#985=ORIENTED_EDGE('',*,*,#2117,.F.);
#986=ORIENTED_EDGE('',*,*,#2142,.F.);
#987=ORIENTED_EDGE('',*,*,#2139,.F.);
#988=ORIENTED_EDGE('',*,*,#2136,.F.);
#989=ORIENTED_EDGE('',*,*,#2134,.F.);
#990=ORIENTED_EDGE('',*,*,#2126,.F.);
#991=ORIENTED_EDGE('',*,*,#2123,.F.);
#992=ORIENTED_EDGE('',*,*,#2143,.T.);
#993=ORIENTED_EDGE('',*,*,#2144,.T.);
#994=ORIENTED_EDGE('',*,*,#2145,.T.);
#995=ORIENTED_EDGE('',*,*,#2146,.T.);
#996=ORIENTED_EDGE('',*,*,#2110,.F.);
#997=ORIENTED_EDGE('',*,*,#2119,.T.);
#998=ORIENTED_EDGE('',*,*,#2122,.T.);
#999=ORIENTED_EDGE('',*,*,#2125,.T.);
#1000=ORIENTED_EDGE('',*,*,#2133,.F.);
#1001=ORIENTED_EDGE('',*,*,#2147,.F.);
#1002=ORIENTED_EDGE('',*,*,#2148,.F.);
#1003=ORIENTED_EDGE('',*,*,#2149,.F.);
#1004=ORIENTED_EDGE('',*,*,#2149,.T.);
#1005=ORIENTED_EDGE('',*,*,#2150,.F.);
#1006=ORIENTED_EDGE('',*,*,#2151,.F.);
#1007=ORIENTED_EDGE('',*,*,#2111,.T.);
#1008=ORIENTED_EDGE('',*,*,#2148,.T.);
#1009=ORIENTED_EDGE('',*,*,#2152,.F.);
#1010=ORIENTED_EDGE('',*,*,#2153,.F.);
#1011=ORIENTED_EDGE('',*,*,#2150,.T.);
#1012=ORIENTED_EDGE('',*,*,#2147,.T.);
#1013=ORIENTED_EDGE('',*,*,#2132,.F.);
#1014=ORIENTED_EDGE('',*,*,#2154,.F.);
#1015=ORIENTED_EDGE('',*,*,#2152,.T.);
#1016=ORIENTED_EDGE('',*,*,#2155,.T.);
#1017=ORIENTED_EDGE('',*,*,#2156,.F.);
#1018=ORIENTED_EDGE('',*,*,#2157,.F.);
#1019=ORIENTED_EDGE('',*,*,#2130,.T.);
#1020=ORIENTED_EDGE('',*,*,#2158,.T.);
#1021=ORIENTED_EDGE('',*,*,#2159,.F.);
#1022=ORIENTED_EDGE('',*,*,#2160,.F.);
#1023=ORIENTED_EDGE('',*,*,#2156,.T.);
#1024=ORIENTED_EDGE('',*,*,#2161,.T.);
#1025=ORIENTED_EDGE('',*,*,#2113,.F.);
#1026=ORIENTED_EDGE('',*,*,#2162,.F.);
#1027=ORIENTED_EDGE('',*,*,#2159,.T.);
#1028=ORIENTED_EDGE('',*,*,#2163,.F.);
#1029=ORIENTED_EDGE('',*,*,#2164,.F.);
#1030=ORIENTED_EDGE('',*,*,#2165,.T.);
#1031=ORIENTED_EDGE('',*,*,#2166,.T.);
#1032=ORIENTED_EDGE('',*,*,#2167,.F.);
#1033=ORIENTED_EDGE('',*,*,#2168,.F.);
#1034=ORIENTED_EDGE('',*,*,#2169,.T.);
#1035=ORIENTED_EDGE('',*,*,#2164,.T.);
#1036=ORIENTED_EDGE('',*,*,#2170,.F.);
#1037=ORIENTED_EDGE('',*,*,#2171,.F.);
#1038=ORIENTED_EDGE('',*,*,#2172,.T.);
#1039=ORIENTED_EDGE('',*,*,#2168,.T.);
#1040=ORIENTED_EDGE('',*,*,#2143,.F.);
#1041=ORIENTED_EDGE('',*,*,#2173,.F.);
#1042=ORIENTED_EDGE('',*,*,#2174,.T.);
#1043=ORIENTED_EDGE('',*,*,#2175,.T.);
#1044=ORIENTED_EDGE('',*,*,#2146,.F.);
#1045=ORIENTED_EDGE('',*,*,#2176,.F.);
#1046=ORIENTED_EDGE('',*,*,#2177,.T.);
#1047=ORIENTED_EDGE('',*,*,#2173,.T.);
#1048=ORIENTED_EDGE('',*,*,#2145,.F.);
#1049=ORIENTED_EDGE('',*,*,#2178,.F.);
#1050=ORIENTED_EDGE('',*,*,#2179,.T.);
#1051=ORIENTED_EDGE('',*,*,#2176,.T.);
#1052=ORIENTED_EDGE('',*,*,#2180,.F.);
#1053=ORIENTED_EDGE('',*,*,#2166,.F.);
#1054=ORIENTED_EDGE('',*,*,#2181,.T.);
#1055=ORIENTED_EDGE('',*,*,#2171,.T.);
#1056=ORIENTED_EDGE('',*,*,#2144,.F.);
#1057=ORIENTED_EDGE('',*,*,#2175,.F.);
#1058=ORIENTED_EDGE('',*,*,#2182,.T.);
#1059=ORIENTED_EDGE('',*,*,#2178,.T.);
#1060=ORIENTED_EDGE('',*,*,#2174,.F.);
#1061=ORIENTED_EDGE('',*,*,#2177,.F.);
#1062=ORIENTED_EDGE('',*,*,#2179,.F.);
#1063=ORIENTED_EDGE('',*,*,#2182,.F.);
#1064=ORIENTED_EDGE('',*,*,#2165,.F.);
#1065=ORIENTED_EDGE('',*,*,#2169,.F.);
#1066=ORIENTED_EDGE('',*,*,#2172,.F.);
#1067=ORIENTED_EDGE('',*,*,#2181,.F.);
#1068=ORIENTED_EDGE('',*,*,#2151,.T.);
#1069=ORIENTED_EDGE('',*,*,#2153,.T.);
#1070=ORIENTED_EDGE('',*,*,#2154,.T.);
#1071=ORIENTED_EDGE('',*,*,#2131,.T.);
#1072=ORIENTED_EDGE('',*,*,#2157,.T.);
#1073=ORIENTED_EDGE('',*,*,#2160,.T.);
#1074=ORIENTED_EDGE('',*,*,#2162,.T.);
#1075=ORIENTED_EDGE('',*,*,#2112,.T.);
#1076=ORIENTED_EDGE('',*,*,#2163,.T.);
#1077=ORIENTED_EDGE('',*,*,#2180,.T.);
#1078=ORIENTED_EDGE('',*,*,#2170,.T.);
#1079=ORIENTED_EDGE('',*,*,#2167,.T.);
#1080=ORIENTED_EDGE('',*,*,#2129,.F.);
#1081=ORIENTED_EDGE('',*,*,#2135,.T.);
#1082=ORIENTED_EDGE('',*,*,#2138,.T.);
#1083=ORIENTED_EDGE('',*,*,#2141,.T.);
#1084=ORIENTED_EDGE('',*,*,#2114,.F.);
#1085=ORIENTED_EDGE('',*,*,#2161,.F.);
#1086=ORIENTED_EDGE('',*,*,#2158,.F.);
#1087=ORIENTED_EDGE('',*,*,#2155,.F.);
#1088=ORIENTED_EDGE('',*,*,#2183,.T.);
#1089=ORIENTED_EDGE('',*,*,#2184,.F.);
#1090=ORIENTED_EDGE('',*,*,#2185,.F.);
#1091=ORIENTED_EDGE('',*,*,#2186,.F.);
#1092=ORIENTED_EDGE('',*,*,#2187,.F.);
#1093=ORIENTED_EDGE('',*,*,#2188,.F.);
#1094=ORIENTED_EDGE('',*,*,#2189,.F.);
#1095=ORIENTED_EDGE('',*,*,#2190,.F.);
#1096=ORIENTED_EDGE('',*,*,#2191,.F.);
#1097=ORIENTED_EDGE('',*,*,#2190,.T.);
#1098=ORIENTED_EDGE('',*,*,#2192,.F.);
#1099=ORIENTED_EDGE('',*,*,#2191,.T.);
#1100=ORIENTED_EDGE('',*,*,#2183,.F.);
#1101=ORIENTED_EDGE('',*,*,#2192,.T.);
#1102=ORIENTED_EDGE('',*,*,#2184,.T.);
#1103=ORIENTED_EDGE('',*,*,#2193,.F.);
#1104=ORIENTED_EDGE('',*,*,#2194,.F.);
#1105=ORIENTED_EDGE('',*,*,#2195,.T.);
#1106=ORIENTED_EDGE('',*,*,#2189,.T.);
#1107=ORIENTED_EDGE('',*,*,#2196,.F.);
#1108=ORIENTED_EDGE('',*,*,#2197,.F.);
#1109=ORIENTED_EDGE('',*,*,#2193,.T.);
#1110=ORIENTED_EDGE('',*,*,#2188,.T.);
#1111=ORIENTED_EDGE('',*,*,#2198,.F.);
#1112=ORIENTED_EDGE('',*,*,#2199,.F.);
#1113=ORIENTED_EDGE('',*,*,#2196,.T.);
#1114=ORIENTED_EDGE('',*,*,#2187,.T.);
#1115=ORIENTED_EDGE('',*,*,#2200,.F.);
#1116=ORIENTED_EDGE('',*,*,#2201,.F.);
#1117=ORIENTED_EDGE('',*,*,#2198,.T.);
#1118=ORIENTED_EDGE('',*,*,#2186,.T.);
#1119=ORIENTED_EDGE('',*,*,#2202,.F.);
#1120=ORIENTED_EDGE('',*,*,#2203,.F.);
#1121=ORIENTED_EDGE('',*,*,#2200,.T.);
#1122=ORIENTED_EDGE('',*,*,#2185,.T.);
#1123=ORIENTED_EDGE('',*,*,#2195,.F.);
#1124=ORIENTED_EDGE('',*,*,#2204,.F.);
#1125=ORIENTED_EDGE('',*,*,#2202,.T.);
#1126=ORIENTED_EDGE('',*,*,#2205,.F.);
#1127=ORIENTED_EDGE('',*,*,#2194,.T.);
#1128=ORIENTED_EDGE('',*,*,#2197,.T.);
#1129=ORIENTED_EDGE('',*,*,#2199,.T.);
#1130=ORIENTED_EDGE('',*,*,#2201,.T.);
#1131=ORIENTED_EDGE('',*,*,#2203,.T.);
#1132=ORIENTED_EDGE('',*,*,#2204,.T.);
#1133=ORIENTED_EDGE('',*,*,#2206,.T.);
#1134=ORIENTED_EDGE('',*,*,#2205,.T.);
#1135=ORIENTED_EDGE('',*,*,#2206,.F.);
#1136=ORIENTED_EDGE('',*,*,#2207,.F.);
#1137=ORIENTED_EDGE('',*,*,#2208,.F.);
#1138=ORIENTED_EDGE('',*,*,#2209,.F.);
#1139=ORIENTED_EDGE('',*,*,#2210,.T.);
#1140=ORIENTED_EDGE('',*,*,#2211,.T.);
#1141=ORIENTED_EDGE('',*,*,#2212,.T.);
#1142=ORIENTED_EDGE('',*,*,#2213,.T.);
#1143=ORIENTED_EDGE('',*,*,#2214,.T.);
#1144=ORIENTED_EDGE('',*,*,#2215,.T.);
#1145=ORIENTED_EDGE('',*,*,#2216,.F.);
#1146=ORIENTED_EDGE('',*,*,#2213,.F.);
#1147=ORIENTED_EDGE('',*,*,#2217,.T.);
#1148=ORIENTED_EDGE('',*,*,#2218,.T.);
#1149=ORIENTED_EDGE('',*,*,#2219,.F.);
#1150=ORIENTED_EDGE('',*,*,#2220,.F.);
#1151=ORIENTED_EDGE('',*,*,#2221,.F.);
#1152=ORIENTED_EDGE('',*,*,#2222,.T.);
#1153=ORIENTED_EDGE('',*,*,#2223,.F.);
#1154=ORIENTED_EDGE('',*,*,#2224,.F.);
#1155=ORIENTED_EDGE('',*,*,#2225,.T.);
#1156=ORIENTED_EDGE('',*,*,#2226,.T.);
#1157=ORIENTED_EDGE('',*,*,#2227,.T.);
#1158=ORIENTED_EDGE('',*,*,#2214,.F.);
#1159=ORIENTED_EDGE('',*,*,#2216,.T.);
#1160=ORIENTED_EDGE('',*,*,#2228,.T.);
#1161=ORIENTED_EDGE('',*,*,#2229,.F.);
#1162=ORIENTED_EDGE('',*,*,#2230,.F.);
#1163=ORIENTED_EDGE('',*,*,#2219,.T.);
#1164=ORIENTED_EDGE('',*,*,#2231,.T.);
#1165=ORIENTED_EDGE('',*,*,#2232,.F.);
#1166=ORIENTED_EDGE('',*,*,#2233,.F.);
#1167=ORIENTED_EDGE('',*,*,#2229,.T.);
#1168=ORIENTED_EDGE('',*,*,#2234,.T.);
#1169=ORIENTED_EDGE('',*,*,#2235,.F.);
#1170=ORIENTED_EDGE('',*,*,#2236,.F.);
#1171=ORIENTED_EDGE('',*,*,#2232,.T.);
#1172=ORIENTED_EDGE('',*,*,#2237,.T.);
#1173=ORIENTED_EDGE('',*,*,#2238,.F.);
#1174=ORIENTED_EDGE('',*,*,#2210,.F.);
#1175=ORIENTED_EDGE('',*,*,#2239,.F.);
#1176=ORIENTED_EDGE('',*,*,#2240,.T.);
#1177=ORIENTED_EDGE('',*,*,#2241,.F.);
#1178=ORIENTED_EDGE('',*,*,#2242,.F.);
#1179=ORIENTED_EDGE('',*,*,#2243,.T.);
#1180=ORIENTED_EDGE('',*,*,#2244,.T.);
#1181=ORIENTED_EDGE('',*,*,#2245,.T.);
#1182=ORIENTED_EDGE('',*,*,#2246,.F.);
#1183=ORIENTED_EDGE('',*,*,#2235,.T.);
#1184=ORIENTED_EDGE('',*,*,#2247,.T.);
#1185=ORIENTED_EDGE('',*,*,#2248,.F.);
#1186=ORIENTED_EDGE('',*,*,#2211,.F.);
#1187=ORIENTED_EDGE('',*,*,#2238,.T.);
#1188=ORIENTED_EDGE('',*,*,#2249,.T.);
#1189=ORIENTED_EDGE('',*,*,#2217,.F.);
#1190=ORIENTED_EDGE('',*,*,#2212,.F.);
#1191=ORIENTED_EDGE('',*,*,#2248,.T.);
#1192=ORIENTED_EDGE('',*,*,#2250,.F.);
#1193=ORIENTED_EDGE('',*,*,#2251,.F.);
#1194=ORIENTED_EDGE('',*,*,#2252,.F.);
#1195=ORIENTED_EDGE('',*,*,#2220,.T.);
#1196=ORIENTED_EDGE('',*,*,#2230,.T.);
#1197=ORIENTED_EDGE('',*,*,#2233,.T.);
#1198=ORIENTED_EDGE('',*,*,#2236,.T.);
#1199=ORIENTED_EDGE('',*,*,#2246,.T.);
#1200=ORIENTED_EDGE('',*,*,#2215,.F.);
#1201=ORIENTED_EDGE('',*,*,#2249,.F.);
#1202=ORIENTED_EDGE('',*,*,#2247,.F.);
#1203=ORIENTED_EDGE('',*,*,#2237,.F.);
#1204=ORIENTED_EDGE('',*,*,#2234,.F.);
#1205=ORIENTED_EDGE('',*,*,#2231,.F.);
#1206=ORIENTED_EDGE('',*,*,#2228,.F.);
#1207=ORIENTED_EDGE('',*,*,#2218,.F.);
#1208=ORIENTED_EDGE('',*,*,#2207,.T.);
#1209=ORIENTED_EDGE('',*,*,#2227,.F.);
#1210=ORIENTED_EDGE('',*,*,#2253,.F.);
#1211=ORIENTED_EDGE('',*,*,#2254,.T.);
#1212=ORIENTED_EDGE('',*,*,#2252,.T.);
#1213=ORIENTED_EDGE('',*,*,#2255,.F.);
#1214=ORIENTED_EDGE('',*,*,#2256,.F.);
#1215=ORIENTED_EDGE('',*,*,#2221,.T.);
#1216=ORIENTED_EDGE('',*,*,#2251,.T.);
#1217=ORIENTED_EDGE('',*,*,#2257,.F.);
#1218=ORIENTED_EDGE('',*,*,#2258,.F.);
#1219=ORIENTED_EDGE('',*,*,#2255,.T.);
#1220=ORIENTED_EDGE('',*,*,#2250,.T.);
#1221=ORIENTED_EDGE('',*,*,#2245,.F.);
#1222=ORIENTED_EDGE('',*,*,#2259,.F.);
#1223=ORIENTED_EDGE('',*,*,#2257,.T.);
#1224=ORIENTED_EDGE('',*,*,#2209,.T.);
#1225=ORIENTED_EDGE('',*,*,#2260,.F.);
#1226=ORIENTED_EDGE('',*,*,#2261,.F.);
#1227=ORIENTED_EDGE('',*,*,#2239,.T.);
#1228=ORIENTED_EDGE('',*,*,#2208,.T.);
#1229=ORIENTED_EDGE('',*,*,#2254,.F.);
#1230=ORIENTED_EDGE('',*,*,#2262,.F.);
#1231=ORIENTED_EDGE('',*,*,#2260,.T.);
#1232=ORIENTED_EDGE('',*,*,#2222,.F.);
#1233=ORIENTED_EDGE('',*,*,#2256,.T.);
#1234=ORIENTED_EDGE('',*,*,#2258,.T.);
#1235=ORIENTED_EDGE('',*,*,#2259,.T.);
#1236=ORIENTED_EDGE('',*,*,#2244,.F.);
#1237=ORIENTED_EDGE('',*,*,#2263,.F.);
#1238=ORIENTED_EDGE('',*,*,#2264,.F.);
#1239=ORIENTED_EDGE('',*,*,#2265,.F.);
#1240=ORIENTED_EDGE('',*,*,#2262,.T.);
#1241=ORIENTED_EDGE('',*,*,#2253,.T.);
#1242=ORIENTED_EDGE('',*,*,#2226,.F.);
#1243=ORIENTED_EDGE('',*,*,#2266,.F.);
#1244=ORIENTED_EDGE('',*,*,#2267,.F.);
#1245=ORIENTED_EDGE('',*,*,#2268,.F.);
#1246=ORIENTED_EDGE('',*,*,#2240,.F.);
#1247=ORIENTED_EDGE('',*,*,#2261,.T.);
#1248=ORIENTED_EDGE('',*,*,#2266,.T.);
#1249=ORIENTED_EDGE('',*,*,#2225,.F.);
#1250=ORIENTED_EDGE('',*,*,#2269,.F.);
#1251=ORIENTED_EDGE('',*,*,#2270,.T.);
#1252=ORIENTED_EDGE('',*,*,#2265,.T.);
#1253=ORIENTED_EDGE('',*,*,#2271,.F.);
#1254=ORIENTED_EDGE('',*,*,#2272,.F.);
#1255=ORIENTED_EDGE('',*,*,#2223,.T.);
#1256=ORIENTED_EDGE('',*,*,#2264,.T.);
#1257=ORIENTED_EDGE('',*,*,#2273,.F.);
#1258=ORIENTED_EDGE('',*,*,#2274,.F.);
#1259=ORIENTED_EDGE('',*,*,#2271,.T.);
#1260=ORIENTED_EDGE('',*,*,#2263,.T.);
#1261=ORIENTED_EDGE('',*,*,#2243,.F.);
#1262=ORIENTED_EDGE('',*,*,#2275,.F.);
#1263=ORIENTED_EDGE('',*,*,#2273,.T.);
#1264=ORIENTED_EDGE('',*,*,#2268,.T.);
#1265=ORIENTED_EDGE('',*,*,#2276,.F.);
#1266=ORIENTED_EDGE('',*,*,#2277,.F.);
#1267=ORIENTED_EDGE('',*,*,#2241,.T.);
#1268=ORIENTED_EDGE('',*,*,#2267,.T.);
#1269=ORIENTED_EDGE('',*,*,#2270,.F.);
#1270=ORIENTED_EDGE('',*,*,#2278,.F.);
#1271=ORIENTED_EDGE('',*,*,#2276,.T.);
#1272=ORIENTED_EDGE('',*,*,#2269,.T.);
#1273=ORIENTED_EDGE('',*,*,#2224,.T.);
#1274=ORIENTED_EDGE('',*,*,#2272,.T.);
#1275=ORIENTED_EDGE('',*,*,#2274,.T.);
#1276=ORIENTED_EDGE('',*,*,#2275,.T.);
#1277=ORIENTED_EDGE('',*,*,#2242,.T.);
#1278=ORIENTED_EDGE('',*,*,#2277,.T.);
#1279=ORIENTED_EDGE('',*,*,#2278,.T.);
#1280=ORIENTED_EDGE('',*,*,#2279,.T.);
#1281=ORIENTED_EDGE('',*,*,#2280,.T.);
#1282=ORIENTED_EDGE('',*,*,#2281,.T.);
#1283=ORIENTED_EDGE('',*,*,#2282,.T.);
#1284=ORIENTED_EDGE('',*,*,#2283,.F.);
#1285=ORIENTED_EDGE('',*,*,#2284,.F.);
#1286=ORIENTED_EDGE('',*,*,#2285,.T.);
#1287=ORIENTED_EDGE('',*,*,#2286,.T.);
#1288=ORIENTED_EDGE('',*,*,#2287,.F.);
#1289=ORIENTED_EDGE('',*,*,#2288,.F.);
#1290=ORIENTED_EDGE('',*,*,#2289,.T.);
#1291=ORIENTED_EDGE('',*,*,#2290,.T.);
#1292=ORIENTED_EDGE('',*,*,#2291,.T.);
#1293=ORIENTED_EDGE('',*,*,#2292,.F.);
#1294=ORIENTED_EDGE('',*,*,#2293,.F.);
#1295=ORIENTED_EDGE('',*,*,#2294,.T.);
#1296=ORIENTED_EDGE('',*,*,#2295,.F.);
#1297=ORIENTED_EDGE('',*,*,#2296,.F.);
#1298=ORIENTED_EDGE('',*,*,#2297,.T.);
#1299=ORIENTED_EDGE('',*,*,#2298,.T.);
#1300=ORIENTED_EDGE('',*,*,#2299,.F.);
#1301=ORIENTED_EDGE('',*,*,#2298,.F.);
#1302=ORIENTED_EDGE('',*,*,#2300,.T.);
#1303=ORIENTED_EDGE('',*,*,#2301,.T.);
#1304=ORIENTED_EDGE('',*,*,#2302,.F.);
#1305=ORIENTED_EDGE('',*,*,#2301,.F.);
#1306=ORIENTED_EDGE('',*,*,#2303,.T.);
#1307=ORIENTED_EDGE('',*,*,#2293,.T.);
#1308=ORIENTED_EDGE('',*,*,#2304,.F.);
#1309=ORIENTED_EDGE('',*,*,#2283,.T.);
#1310=ORIENTED_EDGE('',*,*,#2305,.F.);
#1311=ORIENTED_EDGE('',*,*,#2285,.F.);
#1312=ORIENTED_EDGE('',*,*,#2306,.F.);
#1313=ORIENTED_EDGE('',*,*,#2291,.F.);
#1314=ORIENTED_EDGE('',*,*,#2307,.T.);
#1315=ORIENTED_EDGE('',*,*,#2308,.T.);
#1316=ORIENTED_EDGE('',*,*,#2309,.F.);
#1317=ORIENTED_EDGE('',*,*,#2308,.F.);
#1318=ORIENTED_EDGE('',*,*,#2310,.T.);
#1319=ORIENTED_EDGE('',*,*,#2311,.T.);
#1320=ORIENTED_EDGE('',*,*,#2312,.F.);
#1321=ORIENTED_EDGE('',*,*,#2311,.F.);
#1322=ORIENTED_EDGE('',*,*,#2313,.T.);
#1323=ORIENTED_EDGE('',*,*,#2314,.T.);
#1324=ORIENTED_EDGE('',*,*,#2296,.T.);
#1325=ORIENTED_EDGE('',*,*,#2315,.T.);
#1326=ORIENTED_EDGE('',*,*,#2316,.F.);
#1327=ORIENTED_EDGE('',*,*,#2317,.F.);
#1328=ORIENTED_EDGE('',*,*,#2318,.T.);
#1329=ORIENTED_EDGE('',*,*,#2319,.T.);
#1330=ORIENTED_EDGE('',*,*,#2314,.F.);
#1331=ORIENTED_EDGE('',*,*,#2320,.T.);
#1332=ORIENTED_EDGE('',*,*,#2297,.F.);
#1333=ORIENTED_EDGE('',*,*,#2320,.F.);
#1334=ORIENTED_EDGE('',*,*,#2313,.F.);
#1335=ORIENTED_EDGE('',*,*,#2310,.F.);
#1336=ORIENTED_EDGE('',*,*,#2307,.F.);
#1337=ORIENTED_EDGE('',*,*,#2294,.F.);
#1338=ORIENTED_EDGE('',*,*,#2303,.F.);
#1339=ORIENTED_EDGE('',*,*,#2300,.F.);
#1340=ORIENTED_EDGE('',*,*,#2321,.T.);
#1341=ORIENTED_EDGE('',*,*,#2322,.T.);
#1342=ORIENTED_EDGE('',*,*,#2323,.T.);
#1343=ORIENTED_EDGE('',*,*,#2324,.T.);
#1344=ORIENTED_EDGE('',*,*,#2315,.F.);
#1345=ORIENTED_EDGE('',*,*,#2295,.T.);
#1346=ORIENTED_EDGE('',*,*,#2299,.T.);
#1347=ORIENTED_EDGE('',*,*,#2302,.T.);
#1348=ORIENTED_EDGE('',*,*,#2290,.F.);
#1349=ORIENTED_EDGE('',*,*,#2325,.F.);
#1350=ORIENTED_EDGE('',*,*,#2326,.F.);
#1351=ORIENTED_EDGE('',*,*,#2327,.F.);
#1352=ORIENTED_EDGE('',*,*,#2327,.T.);
#1353=ORIENTED_EDGE('',*,*,#2328,.F.);
#1354=ORIENTED_EDGE('',*,*,#2329,.F.);
#1355=ORIENTED_EDGE('',*,*,#2316,.T.);
#1356=ORIENTED_EDGE('',*,*,#2326,.T.);
#1357=ORIENTED_EDGE('',*,*,#2330,.F.);
#1358=ORIENTED_EDGE('',*,*,#2331,.F.);
#1359=ORIENTED_EDGE('',*,*,#2328,.T.);
#1360=ORIENTED_EDGE('',*,*,#2325,.T.);
#1361=ORIENTED_EDGE('',*,*,#2289,.F.);
#1362=ORIENTED_EDGE('',*,*,#2332,.F.);
#1363=ORIENTED_EDGE('',*,*,#2330,.T.);
#1364=ORIENTED_EDGE('',*,*,#2333,.T.);
#1365=ORIENTED_EDGE('',*,*,#2334,.F.);
#1366=ORIENTED_EDGE('',*,*,#2335,.F.);
#1367=ORIENTED_EDGE('',*,*,#2287,.T.);
#1368=ORIENTED_EDGE('',*,*,#2336,.T.);
#1369=ORIENTED_EDGE('',*,*,#2337,.F.);
#1370=ORIENTED_EDGE('',*,*,#2338,.F.);
#1371=ORIENTED_EDGE('',*,*,#2334,.T.);
#1372=ORIENTED_EDGE('',*,*,#2339,.T.);
#1373=ORIENTED_EDGE('',*,*,#2318,.F.);
#1374=ORIENTED_EDGE('',*,*,#2340,.F.);
#1375=ORIENTED_EDGE('',*,*,#2337,.T.);
#1376=ORIENTED_EDGE('',*,*,#2341,.F.);
#1377=ORIENTED_EDGE('',*,*,#2342,.F.);
#1378=ORIENTED_EDGE('',*,*,#2343,.T.);
#1379=ORIENTED_EDGE('',*,*,#2344,.T.);
#1380=ORIENTED_EDGE('',*,*,#2345,.F.);
#1381=ORIENTED_EDGE('',*,*,#2346,.F.);
#1382=ORIENTED_EDGE('',*,*,#2347,.T.);
#1383=ORIENTED_EDGE('',*,*,#2342,.T.);
#1384=ORIENTED_EDGE('',*,*,#2348,.F.);
#1385=ORIENTED_EDGE('',*,*,#2349,.F.);
#1386=ORIENTED_EDGE('',*,*,#2350,.T.);
#1387=ORIENTED_EDGE('',*,*,#2346,.T.);
#1388=ORIENTED_EDGE('',*,*,#2321,.F.);
#1389=ORIENTED_EDGE('',*,*,#2351,.F.);
#1390=ORIENTED_EDGE('',*,*,#2352,.T.);
#1391=ORIENTED_EDGE('',*,*,#2353,.T.);
#1392=ORIENTED_EDGE('',*,*,#2324,.F.);
#1393=ORIENTED_EDGE('',*,*,#2354,.F.);
#1394=ORIENTED_EDGE('',*,*,#2355,.T.);
#1395=ORIENTED_EDGE('',*,*,#2351,.T.);
#1396=ORIENTED_EDGE('',*,*,#2323,.F.);
#1397=ORIENTED_EDGE('',*,*,#2356,.F.);
#1398=ORIENTED_EDGE('',*,*,#2357,.T.);
#1399=ORIENTED_EDGE('',*,*,#2354,.T.);
#1400=ORIENTED_EDGE('',*,*,#2358,.F.);
#1401=ORIENTED_EDGE('',*,*,#2344,.F.);
#1402=ORIENTED_EDGE('',*,*,#2359,.T.);
#1403=ORIENTED_EDGE('',*,*,#2349,.T.);
#1404=ORIENTED_EDGE('',*,*,#2322,.F.);
#1405=ORIENTED_EDGE('',*,*,#2353,.F.);
#1406=ORIENTED_EDGE('',*,*,#2360,.T.);
#1407=ORIENTED_EDGE('',*,*,#2356,.T.);
#1408=ORIENTED_EDGE('',*,*,#2352,.F.);
#1409=ORIENTED_EDGE('',*,*,#2355,.F.);
#1410=ORIENTED_EDGE('',*,*,#2357,.F.);
#1411=ORIENTED_EDGE('',*,*,#2360,.F.);
#1412=ORIENTED_EDGE('',*,*,#2343,.F.);
#1413=ORIENTED_EDGE('',*,*,#2347,.F.);
#1414=ORIENTED_EDGE('',*,*,#2350,.F.);
#1415=ORIENTED_EDGE('',*,*,#2359,.F.);
#1416=ORIENTED_EDGE('',*,*,#2329,.T.);
#1417=ORIENTED_EDGE('',*,*,#2331,.T.);
#1418=ORIENTED_EDGE('',*,*,#2332,.T.);
#1419=ORIENTED_EDGE('',*,*,#2288,.T.);
#1420=ORIENTED_EDGE('',*,*,#2335,.T.);
#1421=ORIENTED_EDGE('',*,*,#2338,.T.);
#1422=ORIENTED_EDGE('',*,*,#2340,.T.);
#1423=ORIENTED_EDGE('',*,*,#2317,.T.);
#1424=ORIENTED_EDGE('',*,*,#2341,.T.);
#1425=ORIENTED_EDGE('',*,*,#2358,.T.);
#1426=ORIENTED_EDGE('',*,*,#2348,.T.);
#1427=ORIENTED_EDGE('',*,*,#2345,.T.);
#1428=ORIENTED_EDGE('',*,*,#2286,.F.);
#1429=ORIENTED_EDGE('',*,*,#2305,.T.);
#1430=ORIENTED_EDGE('',*,*,#2309,.T.);
#1431=ORIENTED_EDGE('',*,*,#2312,.T.);
#1432=ORIENTED_EDGE('',*,*,#2319,.F.);
#1433=ORIENTED_EDGE('',*,*,#2339,.F.);
#1434=ORIENTED_EDGE('',*,*,#2336,.F.);
#1435=ORIENTED_EDGE('',*,*,#2333,.F.);
#1436=ORIENTED_EDGE('',*,*,#2361,.F.);
#1437=ORIENTED_EDGE('',*,*,#2304,.T.);
#1438=ORIENTED_EDGE('',*,*,#2362,.F.);
#1439=ORIENTED_EDGE('',*,*,#2363,.F.);
#1440=ORIENTED_EDGE('',*,*,#2364,.T.);
#1441=ORIENTED_EDGE('',*,*,#2365,.F.);
#1442=ORIENTED_EDGE('',*,*,#2366,.F.);
#1443=ORIENTED_EDGE('',*,*,#2367,.T.);
#1444=ORIENTED_EDGE('',*,*,#2368,.T.);
#1445=ORIENTED_EDGE('',*,*,#2369,.F.);
#1446=ORIENTED_EDGE('',*,*,#2370,.F.);
#1447=ORIENTED_EDGE('',*,*,#2365,.T.);
#1448=ORIENTED_EDGE('',*,*,#2371,.T.);
#1449=ORIENTED_EDGE('',*,*,#2372,.F.);
#1450=ORIENTED_EDGE('',*,*,#2373,.F.);
#1451=ORIENTED_EDGE('',*,*,#2369,.T.);
#1452=ORIENTED_EDGE('',*,*,#2284,.T.);
#1453=ORIENTED_EDGE('',*,*,#2374,.F.);
#1454=ORIENTED_EDGE('',*,*,#2375,.F.);
#1455=ORIENTED_EDGE('',*,*,#2372,.T.);
#1456=ORIENTED_EDGE('',*,*,#2361,.T.);
#1457=ORIENTED_EDGE('',*,*,#2376,.F.);
#1458=ORIENTED_EDGE('',*,*,#2281,.F.);
#1459=ORIENTED_EDGE('',*,*,#2374,.T.);
#1460=ORIENTED_EDGE('',*,*,#2363,.T.);
#1461=ORIENTED_EDGE('',*,*,#2377,.F.);
#1462=ORIENTED_EDGE('',*,*,#2282,.F.);
#1463=ORIENTED_EDGE('',*,*,#2376,.T.);
#1464=ORIENTED_EDGE('',*,*,#2362,.T.);
#1465=ORIENTED_EDGE('',*,*,#2378,.F.);
#1466=ORIENTED_EDGE('',*,*,#2279,.F.);
#1467=ORIENTED_EDGE('',*,*,#2377,.T.);
#1468=ORIENTED_EDGE('',*,*,#2292,.T.);
#1469=ORIENTED_EDGE('',*,*,#2367,.F.);
#1470=ORIENTED_EDGE('',*,*,#2379,.F.);
#1471=ORIENTED_EDGE('',*,*,#2378,.T.);
#1472=ORIENTED_EDGE('',*,*,#2380,.F.);
#1473=ORIENTED_EDGE('',*,*,#2366,.T.);
#1474=ORIENTED_EDGE('',*,*,#2370,.T.);
#1475=ORIENTED_EDGE('',*,*,#2373,.T.);
#1476=ORIENTED_EDGE('',*,*,#2306,.T.);
#1477=ORIENTED_EDGE('',*,*,#2371,.F.);
#1478=ORIENTED_EDGE('',*,*,#2368,.F.);
#1479=ORIENTED_EDGE('',*,*,#2364,.F.);
#1480=ORIENTED_EDGE('',*,*,#2375,.T.);
#1481=ORIENTED_EDGE('',*,*,#2381,.T.);
#1482=ORIENTED_EDGE('',*,*,#2382,.T.);
#1483=ORIENTED_EDGE('',*,*,#2383,.F.);
#1484=ORIENTED_EDGE('',*,*,#2384,.F.);
#1485=ORIENTED_EDGE('',*,*,#2385,.T.);
#1486=ORIENTED_EDGE('',*,*,#2386,.T.);
#1487=ORIENTED_EDGE('',*,*,#2387,.F.);
#1488=ORIENTED_EDGE('',*,*,#2379,.T.);
#1489=ORIENTED_EDGE('',*,*,#2388,.F.);
#1490=ORIENTED_EDGE('',*,*,#2389,.T.);
#1491=ORIENTED_EDGE('',*,*,#2390,.T.);
#1492=ORIENTED_EDGE('',*,*,#2391,.F.);
#1493=ORIENTED_EDGE('',*,*,#2381,.F.);
#1494=ORIENTED_EDGE('',*,*,#2280,.F.);
#1495=ORIENTED_EDGE('',*,*,#2390,.F.);
#1496=ORIENTED_EDGE('',*,*,#2392,.T.);
#1497=ORIENTED_EDGE('',*,*,#2393,.T.);
#1498=ORIENTED_EDGE('',*,*,#2394,.F.);
#1499=ORIENTED_EDGE('',*,*,#2393,.F.);
#1500=ORIENTED_EDGE('',*,*,#2395,.T.);
#1501=ORIENTED_EDGE('',*,*,#2396,.T.);
#1502=ORIENTED_EDGE('',*,*,#2397,.F.);
#1503=ORIENTED_EDGE('',*,*,#2396,.F.);
#1504=ORIENTED_EDGE('',*,*,#2398,.T.);
#1505=ORIENTED_EDGE('',*,*,#2399,.T.);
#1506=ORIENTED_EDGE('',*,*,#2400,.T.);
#1507=ORIENTED_EDGE('',*,*,#2401,.T.);
#1508=ORIENTED_EDGE('',*,*,#2402,.F.);
#1509=ORIENTED_EDGE('',*,*,#2403,.F.);
#1510=ORIENTED_EDGE('',*,*,#2404,.T.);
#1511=ORIENTED_EDGE('',*,*,#2405,.T.);
#1512=ORIENTED_EDGE('',*,*,#2399,.F.);
#1513=ORIENTED_EDGE('',*,*,#2406,.T.);
#1514=ORIENTED_EDGE('',*,*,#2407,.F.);
#1515=ORIENTED_EDGE('',*,*,#2400,.F.);
#1516=ORIENTED_EDGE('',*,*,#2408,.T.);
#1517=ORIENTED_EDGE('',*,*,#2409,.T.);
#1518=ORIENTED_EDGE('',*,*,#2410,.F.);
#1519=ORIENTED_EDGE('',*,*,#2409,.F.);
#1520=ORIENTED_EDGE('',*,*,#2411,.T.);
#1521=ORIENTED_EDGE('',*,*,#2412,.T.);
#1522=ORIENTED_EDGE('',*,*,#2413,.F.);
#1523=ORIENTED_EDGE('',*,*,#2412,.F.);
#1524=ORIENTED_EDGE('',*,*,#2414,.T.);
#1525=ORIENTED_EDGE('',*,*,#2388,.T.);
#1526=ORIENTED_EDGE('',*,*,#2380,.T.);
#1527=ORIENTED_EDGE('',*,*,#2387,.T.);
#1528=ORIENTED_EDGE('',*,*,#2392,.F.);
#1529=ORIENTED_EDGE('',*,*,#2389,.F.);
#1530=ORIENTED_EDGE('',*,*,#2414,.F.);
#1531=ORIENTED_EDGE('',*,*,#2411,.F.);
#1532=ORIENTED_EDGE('',*,*,#2408,.F.);
#1533=ORIENTED_EDGE('',*,*,#2406,.F.);
#1534=ORIENTED_EDGE('',*,*,#2398,.F.);
#1535=ORIENTED_EDGE('',*,*,#2395,.F.);
#1536=ORIENTED_EDGE('',*,*,#2415,.T.);
#1537=ORIENTED_EDGE('',*,*,#2416,.T.);
#1538=ORIENTED_EDGE('',*,*,#2417,.T.);
#1539=ORIENTED_EDGE('',*,*,#2418,.T.);
#1540=ORIENTED_EDGE('',*,*,#2382,.F.);
#1541=ORIENTED_EDGE('',*,*,#2391,.T.);
#1542=ORIENTED_EDGE('',*,*,#2394,.T.);
#1543=ORIENTED_EDGE('',*,*,#2397,.T.);
#1544=ORIENTED_EDGE('',*,*,#2405,.F.);
#1545=ORIENTED_EDGE('',*,*,#2419,.F.);
#1546=ORIENTED_EDGE('',*,*,#2420,.F.);
#1547=ORIENTED_EDGE('',*,*,#2421,.F.);
#1548=ORIENTED_EDGE('',*,*,#2421,.T.);
#1549=ORIENTED_EDGE('',*,*,#2422,.F.);
#1550=ORIENTED_EDGE('',*,*,#2423,.F.);
#1551=ORIENTED_EDGE('',*,*,#2383,.T.);
#1552=ORIENTED_EDGE('',*,*,#2420,.T.);
#1553=ORIENTED_EDGE('',*,*,#2424,.F.);
#1554=ORIENTED_EDGE('',*,*,#2425,.F.);
#1555=ORIENTED_EDGE('',*,*,#2422,.T.);
#1556=ORIENTED_EDGE('',*,*,#2419,.T.);
#1557=ORIENTED_EDGE('',*,*,#2404,.F.);
#1558=ORIENTED_EDGE('',*,*,#2426,.F.);
#1559=ORIENTED_EDGE('',*,*,#2424,.T.);
#1560=ORIENTED_EDGE('',*,*,#2427,.T.);
#1561=ORIENTED_EDGE('',*,*,#2428,.F.);
#1562=ORIENTED_EDGE('',*,*,#2429,.F.);
#1563=ORIENTED_EDGE('',*,*,#2402,.T.);
#1564=ORIENTED_EDGE('',*,*,#2430,.T.);
#1565=ORIENTED_EDGE('',*,*,#2431,.F.);
#1566=ORIENTED_EDGE('',*,*,#2432,.F.);
#1567=ORIENTED_EDGE('',*,*,#2428,.T.);
#1568=ORIENTED_EDGE('',*,*,#2433,.T.);
#1569=ORIENTED_EDGE('',*,*,#2385,.F.);
#1570=ORIENTED_EDGE('',*,*,#2434,.F.);
#1571=ORIENTED_EDGE('',*,*,#2431,.T.);
#1572=ORIENTED_EDGE('',*,*,#2435,.F.);
#1573=ORIENTED_EDGE('',*,*,#2436,.F.);
#1574=ORIENTED_EDGE('',*,*,#2437,.T.);
#1575=ORIENTED_EDGE('',*,*,#2438,.T.);
#1576=ORIENTED_EDGE('',*,*,#2439,.F.);
#1577=ORIENTED_EDGE('',*,*,#2440,.F.);
#1578=ORIENTED_EDGE('',*,*,#2441,.T.);
#1579=ORIENTED_EDGE('',*,*,#2436,.T.);
#1580=ORIENTED_EDGE('',*,*,#2442,.F.);
#1581=ORIENTED_EDGE('',*,*,#2443,.F.);
#1582=ORIENTED_EDGE('',*,*,#2444,.T.);
#1583=ORIENTED_EDGE('',*,*,#2440,.T.);
#1584=ORIENTED_EDGE('',*,*,#2415,.F.);
#1585=ORIENTED_EDGE('',*,*,#2445,.F.);
#1586=ORIENTED_EDGE('',*,*,#2446,.T.);
#1587=ORIENTED_EDGE('',*,*,#2447,.T.);
#1588=ORIENTED_EDGE('',*,*,#2418,.F.);
#1589=ORIENTED_EDGE('',*,*,#2448,.F.);
#1590=ORIENTED_EDGE('',*,*,#2449,.T.);
#1591=ORIENTED_EDGE('',*,*,#2445,.T.);
#1592=ORIENTED_EDGE('',*,*,#2417,.F.);
#1593=ORIENTED_EDGE('',*,*,#2450,.F.);
#1594=ORIENTED_EDGE('',*,*,#2451,.T.);
#1595=ORIENTED_EDGE('',*,*,#2448,.T.);
#1596=ORIENTED_EDGE('',*,*,#2452,.F.);
#1597=ORIENTED_EDGE('',*,*,#2438,.F.);
#1598=ORIENTED_EDGE('',*,*,#2453,.T.);
#1599=ORIENTED_EDGE('',*,*,#2443,.T.);
#1600=ORIENTED_EDGE('',*,*,#2416,.F.);
#1601=ORIENTED_EDGE('',*,*,#2447,.F.);
#1602=ORIENTED_EDGE('',*,*,#2454,.T.);
#1603=ORIENTED_EDGE('',*,*,#2450,.T.);
#1604=ORIENTED_EDGE('',*,*,#2446,.F.);
#1605=ORIENTED_EDGE('',*,*,#2449,.F.);
#1606=ORIENTED_EDGE('',*,*,#2451,.F.);
#1607=ORIENTED_EDGE('',*,*,#2454,.F.);
#1608=ORIENTED_EDGE('',*,*,#2437,.F.);
#1609=ORIENTED_EDGE('',*,*,#2441,.F.);
#1610=ORIENTED_EDGE('',*,*,#2444,.F.);
#1611=ORIENTED_EDGE('',*,*,#2453,.F.);
#1612=ORIENTED_EDGE('',*,*,#2423,.T.);
#1613=ORIENTED_EDGE('',*,*,#2425,.T.);
#1614=ORIENTED_EDGE('',*,*,#2426,.T.);
#1615=ORIENTED_EDGE('',*,*,#2403,.T.);
#1616=ORIENTED_EDGE('',*,*,#2429,.T.);
#1617=ORIENTED_EDGE('',*,*,#2432,.T.);
#1618=ORIENTED_EDGE('',*,*,#2434,.T.);
#1619=ORIENTED_EDGE('',*,*,#2384,.T.);
#1620=ORIENTED_EDGE('',*,*,#2435,.T.);
#1621=ORIENTED_EDGE('',*,*,#2452,.T.);
#1622=ORIENTED_EDGE('',*,*,#2442,.T.);
#1623=ORIENTED_EDGE('',*,*,#2439,.T.);
#1624=ORIENTED_EDGE('',*,*,#2401,.F.);
#1625=ORIENTED_EDGE('',*,*,#2407,.T.);
#1626=ORIENTED_EDGE('',*,*,#2410,.T.);
#1627=ORIENTED_EDGE('',*,*,#2413,.T.);
#1628=ORIENTED_EDGE('',*,*,#2386,.F.);
#1629=ORIENTED_EDGE('',*,*,#2433,.F.);
#1630=ORIENTED_EDGE('',*,*,#2430,.F.);
#1631=ORIENTED_EDGE('',*,*,#2427,.F.);
#1632=ORIENTED_EDGE('',*,*,#2455,.F.);
#1633=ORIENTED_EDGE('',*,*,#2456,.F.);
#1634=ORIENTED_EDGE('',*,*,#2457,.F.);
#1635=ORIENTED_EDGE('',*,*,#2458,.F.);
#1636=ORIENTED_EDGE('',*,*,#2459,.F.);
#1637=ORIENTED_EDGE('',*,*,#2460,.F.);
#1638=ORIENTED_EDGE('',*,*,#2461,.F.);
#1639=ORIENTED_EDGE('',*,*,#2462,.F.);
#1640=ORIENTED_EDGE('',*,*,#2463,.T.);
#1641=ORIENTED_EDGE('',*,*,#2464,.T.);
#1642=ORIENTED_EDGE('',*,*,#2465,.F.);
#1643=ORIENTED_EDGE('',*,*,#2466,.T.);
#1644=ORIENTED_EDGE('',*,*,#2467,.F.);
#1645=ORIENTED_EDGE('',*,*,#2468,.F.);
#1646=ORIENTED_EDGE('',*,*,#2469,.T.);
#1647=ORIENTED_EDGE('',*,*,#2470,.F.);
#1648=ORIENTED_EDGE('',*,*,#2471,.F.);
#1649=ORIENTED_EDGE('',*,*,#2472,.F.);
#1650=ORIENTED_EDGE('',*,*,#2473,.F.);
#1651=ORIENTED_EDGE('',*,*,#2474,.F.);
#1652=ORIENTED_EDGE('',*,*,#2475,.F.);
#1653=ORIENTED_EDGE('',*,*,#2476,.F.);
#1654=ORIENTED_EDGE('',*,*,#2477,.F.);
#1655=ORIENTED_EDGE('',*,*,#2478,.F.);
#1656=ORIENTED_EDGE('',*,*,#2479,.T.);
#1657=ORIENTED_EDGE('',*,*,#2480,.F.);
#1658=ORIENTED_EDGE('',*,*,#2481,.T.);
#1659=ORIENTED_EDGE('',*,*,#2482,.T.);
#1660=ORIENTED_EDGE('',*,*,#2483,.F.);
#1661=ORIENTED_EDGE('',*,*,#2484,.T.);
#1662=ORIENTED_EDGE('',*,*,#2485,.F.);
#1663=ORIENTED_EDGE('',*,*,#2486,.T.);
#1664=ORIENTED_EDGE('',*,*,#2487,.F.);
#1665=ORIENTED_EDGE('',*,*,#2488,.T.);
#1666=ORIENTED_EDGE('',*,*,#2478,.T.);
#1667=ORIENTED_EDGE('',*,*,#2489,.F.);
#1668=ORIENTED_EDGE('',*,*,#2465,.T.);
#1669=ORIENTED_EDGE('',*,*,#2490,.T.);
#1670=ORIENTED_EDGE('',*,*,#2491,.F.);
#1671=ORIENTED_EDGE('',*,*,#2492,.F.);
#1672=ORIENTED_EDGE('',*,*,#2493,.F.);
#1673=ORIENTED_EDGE('',*,*,#2494,.F.);
#1674=ORIENTED_EDGE('',*,*,#2495,.F.);
#1675=ORIENTED_EDGE('',*,*,#2496,.F.);
#1676=ORIENTED_EDGE('',*,*,#2497,.F.);
#1677=ORIENTED_EDGE('',*,*,#2498,.F.);
#1678=ORIENTED_EDGE('',*,*,#2499,.F.);
#1679=ORIENTED_EDGE('',*,*,#2500,.T.);
#1680=ORIENTED_EDGE('',*,*,#2485,.T.);
#1681=ORIENTED_EDGE('',*,*,#2501,.T.);
#1682=ORIENTED_EDGE('',*,*,#2502,.T.);
#1683=ORIENTED_EDGE('',*,*,#2503,.T.);
#1684=ORIENTED_EDGE('',*,*,#2504,.F.);
#1685=ORIENTED_EDGE('',*,*,#2505,.T.);
#1686=ORIENTED_EDGE('',*,*,#2506,.T.);
#1687=ORIENTED_EDGE('',*,*,#2507,.T.);
#1688=ORIENTED_EDGE('',*,*,#2502,.F.);
#1689=ORIENTED_EDGE('',*,*,#2508,.T.);
#1690=ORIENTED_EDGE('',*,*,#2509,.T.);
#1691=ORIENTED_EDGE('',*,*,#2510,.T.);
#1692=ORIENTED_EDGE('',*,*,#2511,.T.);
#1693=ORIENTED_EDGE('',*,*,#2512,.T.);
#1694=ORIENTED_EDGE('',*,*,#2513,.T.);
#1695=ORIENTED_EDGE('',*,*,#2514,.T.);
#1696=ORIENTED_EDGE('',*,*,#2515,.T.);
#1697=ORIENTED_EDGE('',*,*,#2516,.T.);
#1698=ORIENTED_EDGE('',*,*,#2487,.T.);
#1699=ORIENTED_EDGE('',*,*,#2517,.T.);
#1700=ORIENTED_EDGE('',*,*,#2518,.T.);
#1701=ORIENTED_EDGE('',*,*,#2519,.T.);
#1702=ORIENTED_EDGE('',*,*,#2520,.F.);
#1703=ORIENTED_EDGE('',*,*,#2521,.T.);
#1704=ORIENTED_EDGE('',*,*,#2506,.F.);
#1705=ORIENTED_EDGE('',*,*,#2522,.T.);
#1706=ORIENTED_EDGE('',*,*,#2518,.F.);
#1707=ORIENTED_EDGE('',*,*,#2523,.T.);
#1708=ORIENTED_EDGE('',*,*,#2499,.T.);
#1709=ORIENTED_EDGE('',*,*,#2524,.T.);
#1710=ORIENTED_EDGE('',*,*,#2525,.F.);
#1711=ORIENTED_EDGE('',*,*,#2526,.F.);
#1712=ORIENTED_EDGE('',*,*,#2527,.F.);
#1713=ORIENTED_EDGE('',*,*,#2528,.F.);
#1714=ORIENTED_EDGE('',*,*,#2529,.F.);
#1715=ORIENTED_EDGE('',*,*,#2530,.F.);
#1716=ORIENTED_EDGE('',*,*,#2531,.F.);
#1717=ORIENTED_EDGE('',*,*,#2532,.F.);
#1718=ORIENTED_EDGE('',*,*,#2533,.F.);
#1719=ORIENTED_EDGE('',*,*,#2534,.F.);
#1720=ORIENTED_EDGE('',*,*,#2535,.F.);
#1721=ORIENTED_EDGE('',*,*,#2536,.F.);
#1722=ORIENTED_EDGE('',*,*,#2520,.T.);
#1723=ORIENTED_EDGE('',*,*,#2537,.T.);
#1724=ORIENTED_EDGE('',*,*,#2504,.T.);
#1725=ORIENTED_EDGE('',*,*,#2538,.T.);
#1726=ORIENTED_EDGE('',*,*,#2480,.T.);
#1727=ORIENTED_EDGE('',*,*,#2539,.T.);
#1728=ORIENTED_EDGE('',*,*,#2463,.F.);
#1729=ORIENTED_EDGE('',*,*,#2540,.T.);
#1730=ORIENTED_EDGE('',*,*,#2541,.F.);
#1731=ORIENTED_EDGE('',*,*,#2482,.F.);
#1732=ORIENTED_EDGE('',*,*,#2542,.T.);
#1733=ORIENTED_EDGE('',*,*,#2468,.T.);
#1734=ORIENTED_EDGE('',*,*,#2543,.T.);
#1735=ORIENTED_EDGE('',*,*,#2544,.T.);
#1736=ORIENTED_EDGE('',*,*,#2545,.T.);
#1737=ORIENTED_EDGE('',*,*,#2546,.T.);
#1738=ORIENTED_EDGE('',*,*,#2547,.T.);
#1739=ORIENTED_EDGE('',*,*,#2548,.T.);
#1740=ORIENTED_EDGE('',*,*,#2549,.T.);
#1741=ORIENTED_EDGE('',*,*,#2550,.T.);
#1742=ORIENTED_EDGE('',*,*,#2551,.T.);
#1743=ORIENTED_EDGE('',*,*,#2552,.T.);
#1744=ORIENTED_EDGE('',*,*,#2553,.T.);
#1745=ORIENTED_EDGE('',*,*,#2554,.T.);
#1746=ORIENTED_EDGE('',*,*,#2469,.F.);
#1747=ORIENTED_EDGE('',*,*,#2542,.F.);
#1748=ORIENTED_EDGE('',*,*,#2481,.F.);
#1749=ORIENTED_EDGE('',*,*,#2540,.F.);
#1750=ORIENTED_EDGE('',*,*,#2466,.F.);
#1751=ORIENTED_EDGE('',*,*,#2489,.T.);
#1752=ORIENTED_EDGE('',*,*,#2484,.F.);
#1753=ORIENTED_EDGE('',*,*,#2555,.F.);
#1754=ORIENTED_EDGE('',*,*,#2541,.T.);
#1755=ORIENTED_EDGE('',*,*,#2467,.T.);
#1756=ORIENTED_EDGE('',*,*,#2555,.T.);
#1757=ORIENTED_EDGE('',*,*,#2483,.T.);
#1758=ORIENTED_EDGE('',*,*,#2475,.T.);
#1759=ORIENTED_EDGE('',*,*,#2556,.F.);
#1760=ORIENTED_EDGE('',*,*,#2516,.F.);
#1761=ORIENTED_EDGE('',*,*,#2557,.T.);
#1762=ORIENTED_EDGE('',*,*,#2476,.T.);
#1763=ORIENTED_EDGE('',*,*,#2557,.F.);
#1764=ORIENTED_EDGE('',*,*,#2515,.F.);
#1765=ORIENTED_EDGE('',*,*,#2558,.T.);
#1766=ORIENTED_EDGE('',*,*,#2477,.T.);
#1767=ORIENTED_EDGE('',*,*,#2558,.F.);
#1768=ORIENTED_EDGE('',*,*,#2514,.F.);
#1769=ORIENTED_EDGE('',*,*,#2559,.T.);
#1770=ORIENTED_EDGE('',*,*,#2474,.T.);
#1771=ORIENTED_EDGE('',*,*,#2559,.F.);
#1772=ORIENTED_EDGE('',*,*,#2513,.F.);
#1773=ORIENTED_EDGE('',*,*,#2556,.T.);
#1774=ORIENTED_EDGE('',*,*,#2459,.T.);
#1775=ORIENTED_EDGE('',*,*,#2560,.T.);
#1776=ORIENTED_EDGE('',*,*,#2495,.T.);
#1777=ORIENTED_EDGE('',*,*,#2561,.F.);
#1778=ORIENTED_EDGE('',*,*,#2460,.T.);
#1779=ORIENTED_EDGE('',*,*,#2561,.T.);
#1780=ORIENTED_EDGE('',*,*,#2498,.T.);
#1781=ORIENTED_EDGE('',*,*,#2562,.F.);
#1782=ORIENTED_EDGE('',*,*,#2461,.T.);
#1783=ORIENTED_EDGE('',*,*,#2562,.T.);
#1784=ORIENTED_EDGE('',*,*,#2497,.T.);
#1785=ORIENTED_EDGE('',*,*,#2563,.F.);
#1786=ORIENTED_EDGE('',*,*,#2462,.T.);
#1787=ORIENTED_EDGE('',*,*,#2563,.T.);
#1788=ORIENTED_EDGE('',*,*,#2496,.T.);
#1789=ORIENTED_EDGE('',*,*,#2560,.F.);
#1790=ORIENTED_EDGE('',*,*,#2471,.T.);
#1791=ORIENTED_EDGE('',*,*,#2564,.F.);
#1792=ORIENTED_EDGE('',*,*,#2512,.F.);
#1793=ORIENTED_EDGE('',*,*,#2565,.T.);
#1794=ORIENTED_EDGE('',*,*,#2472,.T.);
#1795=ORIENTED_EDGE('',*,*,#2565,.F.);
#1796=ORIENTED_EDGE('',*,*,#2511,.F.);
#1797=ORIENTED_EDGE('',*,*,#2566,.T.);
#1798=ORIENTED_EDGE('',*,*,#2473,.T.);
#1799=ORIENTED_EDGE('',*,*,#2566,.F.);
#1800=ORIENTED_EDGE('',*,*,#2510,.F.);
#1801=ORIENTED_EDGE('',*,*,#2567,.T.);
#1802=ORIENTED_EDGE('',*,*,#2470,.T.);
#1803=ORIENTED_EDGE('',*,*,#2567,.F.);
#1804=ORIENTED_EDGE('',*,*,#2509,.F.);
#1805=ORIENTED_EDGE('',*,*,#2564,.T.);
#1806=ORIENTED_EDGE('',*,*,#2455,.T.);
#1807=ORIENTED_EDGE('',*,*,#2568,.T.);
#1808=ORIENTED_EDGE('',*,*,#2491,.T.);
#1809=ORIENTED_EDGE('',*,*,#2569,.F.);
#1810=ORIENTED_EDGE('',*,*,#2456,.T.);
#1811=ORIENTED_EDGE('',*,*,#2569,.T.);
#1812=ORIENTED_EDGE('',*,*,#2494,.T.);
#1813=ORIENTED_EDGE('',*,*,#2570,.F.);
#1814=ORIENTED_EDGE('',*,*,#2457,.T.);
#1815=ORIENTED_EDGE('',*,*,#2570,.T.);
#1816=ORIENTED_EDGE('',*,*,#2493,.T.);
#1817=ORIENTED_EDGE('',*,*,#2571,.F.);
#1818=ORIENTED_EDGE('',*,*,#2458,.T.);
#1819=ORIENTED_EDGE('',*,*,#2571,.T.);
#1820=ORIENTED_EDGE('',*,*,#2492,.T.);
#1821=ORIENTED_EDGE('',*,*,#2568,.F.);
#1822=ORIENTED_EDGE('',*,*,#2536,.T.);
#1823=ORIENTED_EDGE('',*,*,#2554,.F.);
#1824=ORIENTED_EDGE('',*,*,#2535,.T.);
#1825=ORIENTED_EDGE('',*,*,#2553,.F.);
#1826=ORIENTED_EDGE('',*,*,#2534,.T.);
#1827=ORIENTED_EDGE('',*,*,#2552,.F.);
#1828=ORIENTED_EDGE('',*,*,#2533,.T.);
#1829=ORIENTED_EDGE('',*,*,#2551,.F.);
#1830=ORIENTED_EDGE('',*,*,#2532,.T.);
#1831=ORIENTED_EDGE('',*,*,#2550,.F.);
#1832=ORIENTED_EDGE('',*,*,#2531,.T.);
#1833=ORIENTED_EDGE('',*,*,#2549,.F.);
#1834=ORIENTED_EDGE('',*,*,#2530,.T.);
#1835=ORIENTED_EDGE('',*,*,#2548,.F.);
#1836=ORIENTED_EDGE('',*,*,#2529,.T.);
#1837=ORIENTED_EDGE('',*,*,#2547,.F.);
#1838=ORIENTED_EDGE('',*,*,#2528,.T.);
#1839=ORIENTED_EDGE('',*,*,#2546,.F.);
#1840=ORIENTED_EDGE('',*,*,#2527,.T.);
#1841=ORIENTED_EDGE('',*,*,#2545,.F.);
#1842=ORIENTED_EDGE('',*,*,#2526,.T.);
#1843=ORIENTED_EDGE('',*,*,#2544,.F.);
#1844=ORIENTED_EDGE('',*,*,#2525,.T.);
#1845=ORIENTED_EDGE('',*,*,#2543,.F.);
#1846=ORIENTED_EDGE('',*,*,#2517,.F.);
#1847=ORIENTED_EDGE('',*,*,#2486,.F.);
#1848=ORIENTED_EDGE('',*,*,#2500,.F.);
#1849=ORIENTED_EDGE('',*,*,#2523,.F.);
#1850=ORIENTED_EDGE('',*,*,#2519,.F.);
#1851=ORIENTED_EDGE('',*,*,#2524,.F.);
#1852=ORIENTED_EDGE('',*,*,#2505,.F.);
#1853=ORIENTED_EDGE('',*,*,#2537,.F.);
#1854=ORIENTED_EDGE('',*,*,#2503,.F.);
#1855=ORIENTED_EDGE('',*,*,#2507,.F.);
#1856=ORIENTED_EDGE('',*,*,#2521,.F.);
#1857=ORIENTED_EDGE('',*,*,#2538,.F.);
#1858=ORIENTED_EDGE('',*,*,#2479,.F.);
#1859=ORIENTED_EDGE('',*,*,#2488,.F.);
#1860=ORIENTED_EDGE('',*,*,#2522,.F.);
#1861=ORIENTED_EDGE('',*,*,#2508,.F.);
#1862=ORIENTED_EDGE('',*,*,#2501,.F.);
#1863=ORIENTED_EDGE('',*,*,#2490,.F.);
#1864=ORIENTED_EDGE('',*,*,#2464,.F.);
#1865=ORIENTED_EDGE('',*,*,#2539,.F.);
#1866=ORIENTED_EDGE('',*,*,#2572,.F.);
#1867=ORIENTED_EDGE('',*,*,#2573,.T.);
#1868=ORIENTED_EDGE('',*,*,#2574,.F.);
#1869=ORIENTED_EDGE('',*,*,#2572,.T.);
#1870=ORIENTED_EDGE('',*,*,#2575,.F.);
#1871=ORIENTED_EDGE('',*,*,#2573,.F.);
#1872=ORIENTED_EDGE('',*,*,#2576,.F.);
#1873=ORIENTED_EDGE('',*,*,#2575,.T.);
#1874=ORIENTED_EDGE('',*,*,#2577,.F.);
#1875=ORIENTED_EDGE('',*,*,#2576,.T.);
#1876=ORIENTED_EDGE('',*,*,#2578,.F.);
#1877=ORIENTED_EDGE('',*,*,#2574,.T.);
#1878=ORIENTED_EDGE('',*,*,#2579,.F.);
#1879=ORIENTED_EDGE('',*,*,#2578,.T.);
#1880=ORIENTED_EDGE('',*,*,#2580,.T.);
#1881=ORIENTED_EDGE('',*,*,#2577,.T.);
#1882=ORIENTED_EDGE('',*,*,#2581,.T.);
#1883=ORIENTED_EDGE('',*,*,#2582,.T.);
#1884=ORIENTED_EDGE('',*,*,#2579,.T.);
#1885=ORIENTED_EDGE('',*,*,#2583,.T.);
#1886=ORIENTED_EDGE('',*,*,#2582,.F.);
#1887=ORIENTED_EDGE('',*,*,#2583,.F.);
#1888=ORIENTED_EDGE('',*,*,#2580,.F.);
#1889=ORIENTED_EDGE('',*,*,#2581,.F.);
#1890=EDGE_CURVE('',#2584,#2585,#3058,.T.);
#1891=EDGE_CURVE('',#2586,#2584,#248,.T.);
#1892=EDGE_CURVE('',#2587,#2586,#3059,.T.);
#1893=EDGE_CURVE('',#2585,#2587,#249,.T.);
#1894=EDGE_CURVE('',#2588,#2589,#250,.T.);
#1895=EDGE_CURVE('',#2590,#2588,#3060,.T.);
#1896=EDGE_CURVE('',#2591,#2590,#251,.T.);
#1897=EDGE_CURVE('',#2589,#2591,#3061,.T.);
#1898=EDGE_CURVE('',#2592,#2593,#3062,.T.);
#1899=EDGE_CURVE('',#2593,#2594,#252,.T.);
#1900=EDGE_CURVE('',#2595,#2594,#3063,.T.);
#1901=EDGE_CURVE('',#2595,#2596,#3064,.T.);
#1902=EDGE_CURVE('',#2597,#2596,#3065,.T.);
#1903=EDGE_CURVE('',#2598,#2597,#3066,.T.);
#1904=EDGE_CURVE('',#2598,#2592,#3067,.T.);
#1905=EDGE_CURVE('',#2599,#2600,#3068,.T.);
#1906=EDGE_CURVE('',#2601,#2599,#253,.T.);
#1907=EDGE_CURVE('',#2602,#2601,#3069,.T.);
#1908=EDGE_CURVE('',#2600,#2602,#254,.T.);
#1909=EDGE_CURVE('',#2603,#2604,#255,.T.);
#1910=EDGE_CURVE('',#2605,#2603,#3070,.T.);
#1911=EDGE_CURVE('',#2606,#2605,#256,.T.);
#1912=EDGE_CURVE('',#2604,#2606,#3071,.T.);
#1913=EDGE_CURVE('',#2607,#2608,#3072,.T.);
#1914=EDGE_CURVE('',#2607,#2609,#257,.T.);
#1915=EDGE_CURVE('',#2610,#2609,#3073,.T.);
#1916=EDGE_CURVE('',#2610,#2611,#3074,.T.);
#1917=EDGE_CURVE('',#2611,#2612,#3075,.T.);
#1918=EDGE_CURVE('',#2613,#2612,#3076,.T.);
#1919=EDGE_CURVE('',#2613,#2608,#3077,.T.);
#1920=EDGE_CURVE('',#2614,#2615,#3078,.T.);
#1921=EDGE_CURVE('',#2614,#2616,#3079,.F.);
#1922=EDGE_CURVE('',#2617,#2616,#3080,.T.);
#1923=EDGE_CURVE('',#2617,#2607,#3081,.F.);
#1924=EDGE_CURVE('',#2595,#2608,#3082,.T.);
#1925=EDGE_CURVE('',#2594,#2615,#3083,.F.);
#1926=EDGE_CURVE('',#2618,#2619,#3084,.T.);
#1927=EDGE_CURVE('',#2620,#2618,#258,.T.);
#1928=EDGE_CURVE('',#2621,#2620,#3085,.T.);
#1929=EDGE_CURVE('',#2619,#2621,#259,.T.);
#1930=EDGE_CURVE('',#2622,#2623,#260,.T.);
#1931=EDGE_CURVE('',#2624,#2622,#3086,.T.);
#1932=EDGE_CURVE('',#2625,#2624,#261,.T.);
#1933=EDGE_CURVE('',#2623,#2625,#3087,.T.);
#1934=EDGE_CURVE('',#2626,#2627,#3088,.T.);
#1935=EDGE_CURVE('',#2626,#2614,#262,.T.);
#1936=EDGE_CURVE('',#2615,#2628,#263,.T.);
#1937=EDGE_CURVE('',#2628,#2629,#3089,.T.);
#1938=EDGE_CURVE('',#2629,#2630,#264,.T.);
#1939=EDGE_CURVE('',#2631,#2630,#3090,.T.);
#1940=EDGE_CURVE('',#2631,#2627,#265,.T.);
#1941=EDGE_CURVE('',#2632,#2633,#3091,.T.);
#1942=EDGE_CURVE('',#2633,#2629,#3092,.F.);
#1943=EDGE_CURVE('',#2628,#2632,#3093,.T.);
#1944=EDGE_CURVE('',#2634,#2635,#3094,.T.);
#1945=EDGE_CURVE('',#2635,#2636,#266,.T.);
#1946=EDGE_CURVE('',#2636,#2637,#3095,.T.);
#1947=EDGE_CURVE('',#2637,#2634,#267,.T.);
#1948=EDGE_CURVE('',#2638,#2639,#268,.T.);
#1949=EDGE_CURVE('',#2639,#2640,#3096,.T.);
#1950=EDGE_CURVE('',#2640,#2641,#269,.T.);
#1951=EDGE_CURVE('',#2641,#2638,#3097,.T.);
#1952=EDGE_CURVE('',#2616,#2642,#270,.T.);
#1953=EDGE_CURVE('',#2642,#2643,#3098,.T.);
#1954=EDGE_CURVE('',#2643,#2644,#271,.T.);
#1955=EDGE_CURVE('',#2645,#2644,#3099,.T.);
#1956=EDGE_CURVE('',#2645,#2633,#272,.T.);
#1957=EDGE_CURVE('',#2632,#2617,#273,.T.);
#1958=EDGE_CURVE('',#2642,#2626,#3100,.T.);
#1959=EDGE_CURVE('',#2627,#2643,#3101,.F.);
#1960=EDGE_CURVE('',#2646,#2646,#274,.T.);
#1961=EDGE_CURVE('',#2647,#2647,#275,.T.);
#1962=EDGE_CURVE('',#2648,#2648,#276,.T.);
#1963=EDGE_CURVE('',#2649,#2649,#277,.T.);
#1964=EDGE_CURVE('',#2650,#2650,#278,.T.);
#1965=EDGE_CURVE('',#2651,#2651,#279,.T.);
#1966=EDGE_CURVE('',#2652,#2652,#280,.T.);
#1967=EDGE_CURVE('',#2653,#2653,#281,.T.);
#1968=EDGE_CURVE('',#2654,#2654,#282,.T.);
#1969=EDGE_CURVE('',#2655,#2655,#283,.T.);
#1970=EDGE_CURVE('',#2656,#2656,#284,.T.);
#1971=EDGE_CURVE('',#2657,#2657,#285,.T.);
#1972=EDGE_CURVE('',#2644,#2631,#3102,.T.);
#1973=EDGE_CURVE('',#2630,#2645,#3103,.T.);
#1974=EDGE_CURVE('',#2609,#2593,#3104,.T.);
#1975=EDGE_CURVE('',#2592,#2610,#3105,.T.);
#1976=EDGE_CURVE('',#2612,#2597,#3106,.T.);
#1977=EDGE_CURVE('',#2611,#2598,#3107,.T.);
#1978=EDGE_CURVE('',#2658,#2658,#286,.T.);
#1979=EDGE_CURVE('',#2659,#2659,#287,.T.);
#1980=EDGE_CURVE('',#2660,#2660,#288,.T.);
#1981=EDGE_CURVE('',#2661,#2661,#289,.T.);
#1982=EDGE_CURVE('',#2662,#2662,#290,.T.);
#1983=EDGE_CURVE('',#2663,#2663,#291,.T.);
#1984=EDGE_CURVE('',#2664,#2664,#292,.T.);
#1985=EDGE_CURVE('',#2665,#2665,#293,.T.);
#1986=EDGE_CURVE('',#2666,#2666,#294,.T.);
#1987=EDGE_CURVE('',#2667,#2667,#295,.T.);
#1988=EDGE_CURVE('',#2668,#2668,#296,.T.);
#1989=EDGE_CURVE('',#2669,#2669,#297,.T.);
#1990=EDGE_CURVE('',#2596,#2613,#3108,.T.);
#1991=EDGE_CURVE('',#2638,#2603,#3109,.T.);
#1992=EDGE_CURVE('',#2641,#2605,#3110,.T.);
#1993=EDGE_CURVE('',#2640,#2606,#3111,.T.);
#1994=EDGE_CURVE('',#2639,#2604,#3112,.T.);
#1995=EDGE_CURVE('',#2589,#2622,#3113,.T.);
#1996=EDGE_CURVE('',#2588,#2623,#3114,.T.);
#1997=EDGE_CURVE('',#2590,#2625,#3115,.T.);
#1998=EDGE_CURVE('',#2591,#2624,#3116,.T.);
#1999=EDGE_CURVE('',#2634,#2599,#3117,.T.);
#2000=EDGE_CURVE('',#2637,#2601,#3118,.T.);
#2001=EDGE_CURVE('',#2636,#2602,#3119,.T.);
#2002=EDGE_CURVE('',#2635,#2600,#3120,.T.);
#2003=EDGE_CURVE('',#2585,#2618,#3121,.T.);
#2004=EDGE_CURVE('',#2584,#2619,#3122,.T.);
#2005=EDGE_CURVE('',#2586,#2621,#3123,.T.);
#2006=EDGE_CURVE('',#2587,#2620,#3124,.T.);
#2007=EDGE_CURVE('',#2670,#2671,#298,.T.);
#2008=EDGE_CURVE('',#2671,#2672,#3125,.T.);
#2009=EDGE_CURVE('',#2672,#2673,#299,.T.);
#2010=EDGE_CURVE('',#2673,#2670,#3126,.T.);
#2011=EDGE_CURVE('',#2674,#2675,#3127,.T.);
#2012=EDGE_CURVE('',#2676,#2674,#3128,.T.);
#2013=EDGE_CURVE('',#2676,#2677,#3129,.T.);
#2014=EDGE_CURVE('',#2677,#2678,#3130,.T.);
#2015=EDGE_CURVE('',#2679,#2678,#3131,.T.);
#2016=EDGE_CURVE('',#2680,#2679,#3132,.T.);
#2017=EDGE_CURVE('',#2680,#2681,#3133,.T.);
#2018=EDGE_CURVE('',#2681,#2675,#3134,.T.);
#2019=EDGE_CURVE('',#2682,#2683,#3135,.T.);
#2020=EDGE_CURVE('',#2684,#2683,#3136,.T.);
#2021=EDGE_CURVE('',#2685,#2684,#3137,.T.);
#2022=EDGE_CURVE('',#2685,#2682,#3138,.T.);
#2023=EDGE_CURVE('',#2686,#2687,#300,.T.);
#2024=EDGE_CURVE('',#2688,#2686,#3139,.T.);
#2025=EDGE_CURVE('',#2688,#2689,#301,.T.);
#2026=EDGE_CURVE('',#2689,#2687,#3140,.T.);
#2027=EDGE_CURVE('',#2687,#2690,#3141,.T.);
#2028=EDGE_CURVE('',#2689,#2691,#3142,.T.);
#2029=EDGE_CURVE('',#2691,#2690,#3143,.T.);
#2030=EDGE_CURVE('',#2690,#2675,#302,.T.);
#2031=EDGE_CURVE('',#2691,#2685,#303,.T.);
#2032=EDGE_CURVE('',#2674,#2684,#3144,.F.);
#2033=EDGE_CURVE('',#2677,#2692,#304,.T.);
#2034=EDGE_CURVE('',#2683,#2676,#3145,.T.);
#2035=EDGE_CURVE('',#2682,#2693,#305,.T.);
#2036=EDGE_CURVE('',#2693,#2692,#3146,.T.);
#2037=EDGE_CURVE('',#2692,#2694,#3147,.T.);
#2038=EDGE_CURVE('',#2693,#2695,#3148,.T.);
#2039=EDGE_CURVE('',#2695,#2694,#3149,.T.);
#2040=EDGE_CURVE('',#2694,#2696,#306,.T.);
#2041=EDGE_CURVE('',#2695,#2697,#307,.T.);
#2042=EDGE_CURVE('',#2697,#2696,#3150,.T.);
#2043=EDGE_CURVE('',#2686,#2698,#3151,.T.);
#2044=EDGE_CURVE('',#2699,#2698,#3152,.T.);
#2045=EDGE_CURVE('',#2700,#2699,#3153,.T.);
#2046=EDGE_CURVE('',#2700,#2701,#3154,.T.);
#2047=EDGE_CURVE('',#2701,#2696,#3155,.T.);
#2048=EDGE_CURVE('',#2697,#2688,#3156,.T.);
#2049=EDGE_CURVE('',#2702,#2703,#308,.T.);
#2050=EDGE_CURVE('',#2703,#2704,#3157,.T.);
#2051=EDGE_CURVE('',#2704,#2705,#309,.T.);
#2052=EDGE_CURVE('',#2705,#2702,#3158,.T.);
#2053=EDGE_CURVE('',#2706,#2681,#310,.T.);
#2054=EDGE_CURVE('',#2707,#2706,#3159,.T.);
#2055=EDGE_CURVE('',#2698,#2707,#311,.T.);
#2056=EDGE_CURVE('',#2708,#2707,#3160,.T.);
#2057=EDGE_CURVE('',#2699,#2708,#312,.T.);
#2058=EDGE_CURVE('',#2709,#2706,#3161,.T.);
#2059=EDGE_CURVE('',#2708,#2709,#3162,.T.);
#2060=EDGE_CURVE('',#2709,#2680,#313,.T.);
#2061=EDGE_CURVE('',#2678,#2710,#314,.T.);
#2062=EDGE_CURVE('',#2711,#2710,#3163,.T.);
#2063=EDGE_CURVE('',#2679,#2711,#315,.T.);
#2064=EDGE_CURVE('',#2710,#2712,#3164,.T.);
#2065=EDGE_CURVE('',#2713,#2712,#3165,.T.);
#2066=EDGE_CURVE('',#2711,#2713,#3166,.T.);
#2067=EDGE_CURVE('',#2712,#2701,#316,.T.);
#2068=EDGE_CURVE('',#2713,#2700,#317,.T.);
#2069=EDGE_CURVE('',#2714,#2715,#3167,.T.);
#2070=EDGE_CURVE('',#2716,#2714,#3168,.T.);
#2071=EDGE_CURVE('',#2716,#2717,#3169,.T.);
#2072=EDGE_CURVE('',#2717,#2715,#3170,.T.);
#2073=EDGE_CURVE('',#2718,#2714,#318,.T.);
#2074=EDGE_CURVE('',#2719,#2718,#3171,.T.);
#2075=EDGE_CURVE('',#2719,#2716,#319,.T.);
#2076=EDGE_CURVE('',#2720,#2718,#3172,.T.);
#2077=EDGE_CURVE('',#2721,#2720,#3173,.T.);
#2078=EDGE_CURVE('',#2721,#2719,#3174,.T.);
#2079=EDGE_CURVE('',#2722,#2702,#3175,.T.);
#2080=EDGE_CURVE('',#2722,#2723,#320,.T.);
#2081=EDGE_CURVE('',#2723,#2703,#3176,.T.);
#2082=EDGE_CURVE('',#2724,#2705,#3177,.T.);
#2083=EDGE_CURVE('',#2724,#2722,#3178,.T.);
#2084=EDGE_CURVE('',#2725,#2704,#3179,.T.);
#2085=EDGE_CURVE('',#2725,#2724,#321,.T.);
#2086=EDGE_CURVE('',#2715,#2720,#322,.T.);
#2087=EDGE_CURVE('',#2717,#2721,#323,.T.);
#2088=EDGE_CURVE('',#2723,#2725,#3180,.T.);
#2089=EDGE_CURVE('',#2674,#2726,#324,.T.);
#2090=EDGE_CURVE('',#2727,#2684,#325,.T.);
#2091=EDGE_CURVE('',#2726,#2727,#3181,.T.);
#2092=EDGE_CURVE('',#2683,#2728,#326,.T.);
#2093=EDGE_CURVE('',#2729,#2728,#3182,.T.);
#2094=EDGE_CURVE('',#2730,#2729,#327,.T.);
#2095=EDGE_CURVE('',#2730,#2683,#3183,.T.);
#2096=EDGE_CURVE('',#2728,#2731,#3184,.T.);
#2097=EDGE_CURVE('',#2732,#2731,#3185,.T.);
#2098=EDGE_CURVE('',#2729,#2732,#3186,.T.);
#2099=EDGE_CURVE('',#2731,#2676,#328,.T.);
#2100=EDGE_CURVE('',#2733,#2676,#3187,.T.);
#2101=EDGE_CURVE('',#2732,#2733,#329,.T.);
#2102=EDGE_CURVE('',#2672,#2674,#3188,.T.);
#2103=EDGE_CURVE('',#2733,#2672,#3189,.T.);
#2104=EDGE_CURVE('',#2673,#2726,#3190,.T.);
#2105=EDGE_CURVE('',#2670,#2727,#3191,.T.);
#2106=EDGE_CURVE('',#2671,#2684,#3192,.T.);
#2107=EDGE_CURVE('',#2671,#2730,#3193,.T.);
#2108=EDGE_CURVE('',#2730,#2733,#3194,.T.);
#2109=EDGE_CURVE('',#2672,#2734,#3195,.T.);
#2110=EDGE_CURVE('',#2734,#2735,#3196,.T.);
#2111=EDGE_CURVE('',#2736,#2735,#3197,.T.);
#2112=EDGE_CURVE('',#2737,#2736,#3198,.T.);
#2113=EDGE_CURVE('',#2737,#2738,#3199,.T.);
#2114=EDGE_CURVE('',#2738,#2739,#3200,.T.);
#2115=EDGE_CURVE('',#2733,#2739,#3201,.T.);
#2116=EDGE_CURVE('',#2740,#2730,#3202,.T.);
#2117=EDGE_CURVE('',#2740,#2741,#3203,.T.);
#2118=EDGE_CURVE('',#2741,#2671,#3204,.T.);
#2119=EDGE_CURVE('',#2734,#2742,#330,.T.);
#2120=EDGE_CURVE('',#2741,#2743,#331,.T.);
#2121=EDGE_CURVE('',#2743,#2742,#3205,.T.);
#2122=EDGE_CURVE('',#2742,#2744,#3206,.T.);
#2123=EDGE_CURVE('',#2743,#2745,#3207,.T.);
#2124=EDGE_CURVE('',#2745,#2744,#3208,.T.);
#2125=EDGE_CURVE('',#2744,#2746,#332,.T.);
#2126=EDGE_CURVE('',#2745,#2747,#333,.T.);
#2127=EDGE_CURVE('',#2747,#2746,#3209,.T.);
#2128=EDGE_CURVE('',#2748,#2749,#3210,.T.);
#2129=EDGE_CURVE('',#2749,#2750,#3211,.T.);
#2130=EDGE_CURVE('',#2751,#2750,#3212,.T.);
#2131=EDGE_CURVE('',#2752,#2751,#3213,.T.);
#2132=EDGE_CURVE('',#2752,#2753,#3214,.T.);
#2133=EDGE_CURVE('',#2753,#2746,#3215,.T.);
#2134=EDGE_CURVE('',#2747,#2748,#3216,.T.);
#2135=EDGE_CURVE('',#2749,#2754,#334,.T.);
#2136=EDGE_CURVE('',#2748,#2755,#335,.T.);
#2137=EDGE_CURVE('',#2755,#2754,#3217,.T.);
#2138=EDGE_CURVE('',#2754,#2756,#3218,.T.);
#2139=EDGE_CURVE('',#2755,#2757,#3219,.T.);
#2140=EDGE_CURVE('',#2757,#2756,#3220,.T.);
#2141=EDGE_CURVE('',#2756,#2739,#336,.T.);
#2142=EDGE_CURVE('',#2757,#2740,#337,.T.);
#2143=EDGE_CURVE('',#2758,#2759,#338,.T.);
#2144=EDGE_CURVE('',#2759,#2760,#3221,.T.);
#2145=EDGE_CURVE('',#2760,#2761,#339,.T.);
#2146=EDGE_CURVE('',#2761,#2758,#3222,.T.);
#2147=EDGE_CURVE('',#2762,#2753,#340,.T.);
#2148=EDGE_CURVE('',#2763,#2762,#3223,.T.);
#2149=EDGE_CURVE('',#2735,#2763,#341,.T.);
#2150=EDGE_CURVE('',#2764,#2763,#3224,.T.);
#2151=EDGE_CURVE('',#2736,#2764,#342,.T.);
#2152=EDGE_CURVE('',#2765,#2762,#3225,.T.);
#2153=EDGE_CURVE('',#2764,#2765,#3226,.T.);
#2154=EDGE_CURVE('',#2765,#2752,#343,.T.);
#2155=EDGE_CURVE('',#2750,#2766,#344,.T.);
#2156=EDGE_CURVE('',#2767,#2766,#3227,.T.);
#2157=EDGE_CURVE('',#2751,#2767,#345,.T.);
#2158=EDGE_CURVE('',#2766,#2768,#3228,.T.);
#2159=EDGE_CURVE('',#2769,#2768,#3229,.T.);
#2160=EDGE_CURVE('',#2767,#2769,#3230,.T.);
#2161=EDGE_CURVE('',#2768,#2738,#346,.T.);
#2162=EDGE_CURVE('',#2769,#2737,#347,.T.);
#2163=EDGE_CURVE('',#2770,#2771,#3231,.T.);
#2164=EDGE_CURVE('',#2772,#2770,#3232,.T.);
#2165=EDGE_CURVE('',#2772,#2773,#3233,.T.);
#2166=EDGE_CURVE('',#2773,#2771,#3234,.T.);
#2167=EDGE_CURVE('',#2774,#2770,#348,.T.);
#2168=EDGE_CURVE('',#2775,#2774,#3235,.T.);
#2169=EDGE_CURVE('',#2775,#2772,#349,.T.);
#2170=EDGE_CURVE('',#2776,#2774,#3236,.T.);
#2171=EDGE_CURVE('',#2777,#2776,#3237,.T.);
#2172=EDGE_CURVE('',#2777,#2775,#3238,.T.);
#2173=EDGE_CURVE('',#2778,#2758,#3239,.T.);
#2174=EDGE_CURVE('',#2778,#2779,#350,.T.);
#2175=EDGE_CURVE('',#2779,#2759,#3240,.T.);
#2176=EDGE_CURVE('',#2780,#2761,#3241,.T.);
#2177=EDGE_CURVE('',#2780,#2778,#3242,.T.);
#2178=EDGE_CURVE('',#2781,#2760,#3243,.T.);
#2179=EDGE_CURVE('',#2781,#2780,#351,.T.);
#2180=EDGE_CURVE('',#2771,#2776,#352,.T.);
#2181=EDGE_CURVE('',#2773,#2777,#353,.T.);
#2182=EDGE_CURVE('',#2779,#2781,#3244,.T.);
#2183=EDGE_CURVE('',#2782,#2782,#354,.T.);
#2184=EDGE_CURVE('',#2783,#2784,#3245,.T.);
#2185=EDGE_CURVE('',#2785,#2783,#3246,.T.);
#2186=EDGE_CURVE('',#2786,#2785,#3247,.T.);
#2187=EDGE_CURVE('',#2787,#2786,#3248,.T.);
#2188=EDGE_CURVE('',#2788,#2787,#3249,.T.);
#2189=EDGE_CURVE('',#2784,#2788,#3250,.T.);
#2190=EDGE_CURVE('',#2789,#2789,#355,.T.);
#2191=EDGE_CURVE('',#2790,#2790,#356,.T.);
#2192=EDGE_CURVE('',#2791,#2791,#357,.T.);
#2193=EDGE_CURVE('',#2792,#2784,#3251,.T.);
#2194=EDGE_CURVE('',#2793,#2792,#3252,.T.);
#2195=EDGE_CURVE('',#2793,#2783,#3253,.T.);
#2196=EDGE_CURVE('',#2794,#2788,#3254,.T.);
#2197=EDGE_CURVE('',#2792,#2794,#3255,.T.);
#2198=EDGE_CURVE('',#2795,#2787,#3256,.T.);
#2199=EDGE_CURVE('',#2794,#2795,#3257,.T.);
#2200=EDGE_CURVE('',#2796,#2786,#3258,.T.);
#2201=EDGE_CURVE('',#2795,#2796,#3259,.T.);
#2202=EDGE_CURVE('',#2797,#2785,#3260,.T.);
#2203=EDGE_CURVE('',#2796,#2797,#3261,.T.);
#2204=EDGE_CURVE('',#2797,#2793,#3262,.T.);
#2205=EDGE_CURVE('',#2798,#2798,#358,.T.);
#2206=EDGE_CURVE('',#2799,#2799,#359,.T.);
#2207=EDGE_CURVE('',#2800,#2801,#360,.T.);
#2208=EDGE_CURVE('',#2802,#2800,#3263,.T.);
#2209=EDGE_CURVE('',#2803,#2802,#361,.T.);
#2210=EDGE_CURVE('',#2803,#2804,#3264,.T.);
#2211=EDGE_CURVE('',#2804,#2805,#362,.T.);
#2212=EDGE_CURVE('',#2805,#2806,#3265,.T.);
#2213=EDGE_CURVE('',#2806,#2807,#363,.T.);
#2214=EDGE_CURVE('',#2807,#2801,#3266,.T.);
#2215=EDGE_CURVE('',#2808,#2809,#364,.T.);
#2216=EDGE_CURVE('',#2807,#2809,#3267,.T.);
#2217=EDGE_CURVE('',#2806,#2808,#3268,.T.);
#2218=EDGE_CURVE('',#2809,#2810,#3269,.T.);
#2219=EDGE_CURVE('',#2811,#2810,#3270,.T.);
#2220=EDGE_CURVE('',#2812,#2811,#3271,.T.);
#2221=EDGE_CURVE('',#2813,#2812,#3272,.T.);
#2222=EDGE_CURVE('',#2813,#2814,#3273,.T.);
#2223=EDGE_CURVE('',#2815,#2814,#3274,.T.);
#2224=EDGE_CURVE('',#2816,#2815,#3275,.T.);
#2225=EDGE_CURVE('',#2816,#2817,#3276,.T.);
#2226=EDGE_CURVE('',#2817,#2818,#3277,.T.);
#2227=EDGE_CURVE('',#2818,#2801,#3278,.T.);
#2228=EDGE_CURVE('',#2810,#2819,#365,.T.);
#2229=EDGE_CURVE('',#2820,#2819,#3279,.T.);
#2230=EDGE_CURVE('',#2811,#2820,#366,.T.);
#2231=EDGE_CURVE('',#2819,#2821,#3280,.T.);
#2232=EDGE_CURVE('',#2822,#2821,#3281,.T.);
#2233=EDGE_CURVE('',#2820,#2822,#3282,.T.);
#2234=EDGE_CURVE('',#2821,#2823,#367,.T.);
#2235=EDGE_CURVE('',#2824,#2823,#3283,.T.);
#2236=EDGE_CURVE('',#2822,#2824,#368,.T.);
#2237=EDGE_CURVE('',#2823,#2825,#3284,.T.);
#2238=EDGE_CURVE('',#2804,#2825,#3285,.T.);
#2239=EDGE_CURVE('',#2826,#2803,#3286,.T.);
#2240=EDGE_CURVE('',#2826,#2827,#3287,.T.);
#2241=EDGE_CURVE('',#2828,#2827,#3288,.T.);
#2242=EDGE_CURVE('',#2829,#2828,#3289,.T.);
#2243=EDGE_CURVE('',#2829,#2830,#3290,.T.);
#2244=EDGE_CURVE('',#2830,#2831,#3291,.T.);
#2245=EDGE_CURVE('',#2831,#2832,#3292,.T.);
#2246=EDGE_CURVE('',#2824,#2832,#3293,.T.);
#2247=EDGE_CURVE('',#2825,#2833,#369,.T.);
#2248=EDGE_CURVE('',#2805,#2833,#3294,.T.);
#2249=EDGE_CURVE('',#2833,#2808,#3295,.T.);
#2250=EDGE_CURVE('',#2834,#2832,#370,.T.);
#2251=EDGE_CURVE('',#2835,#2834,#3296,.T.);
#2252=EDGE_CURVE('',#2812,#2835,#371,.T.);
#2253=EDGE_CURVE('',#2836,#2818,#372,.T.);
#2254=EDGE_CURVE('',#2836,#2800,#3297,.T.);
#2255=EDGE_CURVE('',#2837,#2835,#3298,.T.);
#2256=EDGE_CURVE('',#2813,#2837,#373,.T.);
#2257=EDGE_CURVE('',#2838,#2834,#3299,.T.);
#2258=EDGE_CURVE('',#2837,#2838,#3300,.T.);
#2259=EDGE_CURVE('',#2838,#2831,#374,.T.);
#2260=EDGE_CURVE('',#2839,#2802,#3301,.T.);
#2261=EDGE_CURVE('',#2826,#2839,#375,.T.);
#2262=EDGE_CURVE('',#2839,#2836,#3302,.T.);
#2263=EDGE_CURVE('',#2840,#2830,#376,.T.);
#2264=EDGE_CURVE('',#2841,#2840,#3303,.T.);
#2265=EDGE_CURVE('',#2814,#2841,#377,.T.);
#2266=EDGE_CURVE('',#2842,#2817,#378,.T.);
#2267=EDGE_CURVE('',#2843,#2842,#3304,.T.);
#2268=EDGE_CURVE('',#2827,#2843,#379,.T.);
#2269=EDGE_CURVE('',#2844,#2816,#380,.T.);
#2270=EDGE_CURVE('',#2844,#2842,#3305,.T.);
#2271=EDGE_CURVE('',#2845,#2841,#3306,.T.);
#2272=EDGE_CURVE('',#2815,#2845,#381,.T.);
#2273=EDGE_CURVE('',#2846,#2840,#3307,.T.);
#2274=EDGE_CURVE('',#2845,#2846,#3308,.T.);
#2275=EDGE_CURVE('',#2846,#2829,#382,.T.);
#2276=EDGE_CURVE('',#2847,#2843,#3309,.T.);
#2277=EDGE_CURVE('',#2828,#2847,#383,.T.);
#2278=EDGE_CURVE('',#2847,#2844,#3310,.T.);
#2279=EDGE_CURVE('',#2848,#2849,#384,.T.);
#2280=EDGE_CURVE('',#2849,#2850,#3311,.T.);
#2281=EDGE_CURVE('',#2850,#2851,#385,.T.);
#2282=EDGE_CURVE('',#2851,#2848,#3312,.T.);
#2283=EDGE_CURVE('',#2852,#2853,#3313,.T.);
#2284=EDGE_CURVE('',#2854,#2852,#3314,.T.);
#2285=EDGE_CURVE('',#2854,#2855,#3315,.T.);
#2286=EDGE_CURVE('',#2855,#2856,#3316,.T.);
#2287=EDGE_CURVE('',#2857,#2856,#3317,.T.);
#2288=EDGE_CURVE('',#2858,#2857,#3318,.T.);
#2289=EDGE_CURVE('',#2858,#2859,#3319,.T.);
#2290=EDGE_CURVE('',#2859,#2853,#3320,.T.);
#2291=EDGE_CURVE('',#2860,#2861,#3321,.T.);
#2292=EDGE_CURVE('',#2862,#2861,#3322,.T.);
#2293=EDGE_CURVE('',#2863,#2862,#3323,.T.);
#2294=EDGE_CURVE('',#2863,#2860,#3324,.T.);
#2295=EDGE_CURVE('',#2864,#2865,#386,.T.);
#2296=EDGE_CURVE('',#2866,#2864,#3325,.T.);
#2297=EDGE_CURVE('',#2866,#2867,#387,.T.);
#2298=EDGE_CURVE('',#2867,#2865,#3326,.T.);
#2299=EDGE_CURVE('',#2865,#2868,#3327,.T.);
#2300=EDGE_CURVE('',#2867,#2869,#3328,.T.);
#2301=EDGE_CURVE('',#2869,#2868,#3329,.T.);
#2302=EDGE_CURVE('',#2868,#2853,#388,.T.);
#2303=EDGE_CURVE('',#2869,#2863,#389,.T.);
#2304=EDGE_CURVE('',#2852,#2862,#3330,.F.);
#2305=EDGE_CURVE('',#2855,#2870,#390,.T.);
#2306=EDGE_CURVE('',#2861,#2854,#3331,.T.);
#2307=EDGE_CURVE('',#2860,#2871,#391,.T.);
#2308=EDGE_CURVE('',#2871,#2870,#3332,.T.);
#2309=EDGE_CURVE('',#2870,#2872,#3333,.T.);
#2310=EDGE_CURVE('',#2871,#2873,#3334,.T.);
#2311=EDGE_CURVE('',#2873,#2872,#3335,.T.);
#2312=EDGE_CURVE('',#2872,#2874,#392,.T.);
#2313=EDGE_CURVE('',#2873,#2875,#393,.T.);
#2314=EDGE_CURVE('',#2875,#2874,#3336,.T.);
#2315=EDGE_CURVE('',#2864,#2876,#3337,.T.);
#2316=EDGE_CURVE('',#2877,#2876,#3338,.T.);
#2317=EDGE_CURVE('',#2878,#2877,#3339,.T.);
#2318=EDGE_CURVE('',#2878,#2879,#3340,.T.);
#2319=EDGE_CURVE('',#2879,#2874,#3341,.T.);
#2320=EDGE_CURVE('',#2875,#2866,#3342,.T.);
#2321=EDGE_CURVE('',#2880,#2881,#394,.T.);
#2322=EDGE_CURVE('',#2881,#2882,#3343,.T.);
#2323=EDGE_CURVE('',#2882,#2883,#395,.T.);
#2324=EDGE_CURVE('',#2883,#2880,#3344,.T.);
#2325=EDGE_CURVE('',#2884,#2859,#396,.T.);
#2326=EDGE_CURVE('',#2885,#2884,#3345,.T.);
#2327=EDGE_CURVE('',#2876,#2885,#397,.T.);
#2328=EDGE_CURVE('',#2886,#2885,#3346,.T.);
#2329=EDGE_CURVE('',#2877,#2886,#398,.T.);
#2330=EDGE_CURVE('',#2887,#2884,#3347,.T.);
#2331=EDGE_CURVE('',#2886,#2887,#3348,.T.);
#2332=EDGE_CURVE('',#2887,#2858,#399,.T.);
#2333=EDGE_CURVE('',#2856,#2888,#400,.T.);
#2334=EDGE_CURVE('',#2889,#2888,#3349,.T.);
#2335=EDGE_CURVE('',#2857,#2889,#401,.T.);
#2336=EDGE_CURVE('',#2888,#2890,#3350,.T.);
#2337=EDGE_CURVE('',#2891,#2890,#3351,.T.);
#2338=EDGE_CURVE('',#2889,#2891,#3352,.T.);
#2339=EDGE_CURVE('',#2890,#2879,#402,.T.);
#2340=EDGE_CURVE('',#2891,#2878,#403,.T.);
#2341=EDGE_CURVE('',#2892,#2893,#3353,.T.);
#2342=EDGE_CURVE('',#2894,#2892,#3354,.T.);
#2343=EDGE_CURVE('',#2894,#2895,#3355,.T.);
#2344=EDGE_CURVE('',#2895,#2893,#3356,.T.);
#2345=EDGE_CURVE('',#2896,#2892,#404,.T.);
#2346=EDGE_CURVE('',#2897,#2896,#3357,.T.);
#2347=EDGE_CURVE('',#2897,#2894,#405,.T.);
#2348=EDGE_CURVE('',#2898,#2896,#3358,.T.);
#2349=EDGE_CURVE('',#2899,#2898,#3359,.T.);
#2350=EDGE_CURVE('',#2899,#2897,#3360,.T.);
#2351=EDGE_CURVE('',#2900,#2880,#3361,.T.);
#2352=EDGE_CURVE('',#2900,#2901,#406,.T.);
#2353=EDGE_CURVE('',#2901,#2881,#3362,.T.);
#2354=EDGE_CURVE('',#2902,#2883,#3363,.T.);
#2355=EDGE_CURVE('',#2902,#2900,#3364,.T.);
#2356=EDGE_CURVE('',#2903,#2882,#3365,.T.);
#2357=EDGE_CURVE('',#2903,#2902,#407,.T.);
#2358=EDGE_CURVE('',#2893,#2898,#408,.T.);
#2359=EDGE_CURVE('',#2895,#2899,#409,.T.);
#2360=EDGE_CURVE('',#2901,#2903,#3366,.T.);
#2361=EDGE_CURVE('',#2852,#2904,#410,.T.);
#2362=EDGE_CURVE('',#2905,#2862,#411,.T.);
#2363=EDGE_CURVE('',#2904,#2905,#3367,.T.);
#2364=EDGE_CURVE('',#2861,#2906,#412,.T.);
#2365=EDGE_CURVE('',#2907,#2906,#3368,.T.);
#2366=EDGE_CURVE('',#2908,#2907,#413,.T.);
#2367=EDGE_CURVE('',#2908,#2861,#3369,.T.);
#2368=EDGE_CURVE('',#2906,#2909,#3370,.T.);
#2369=EDGE_CURVE('',#2910,#2909,#3371,.T.);
#2370=EDGE_CURVE('',#2907,#2910,#3372,.T.);
#2371=EDGE_CURVE('',#2909,#2854,#414,.T.);
#2372=EDGE_CURVE('',#2911,#2854,#3373,.T.);
#2373=EDGE_CURVE('',#2910,#2911,#415,.T.);
#2374=EDGE_CURVE('',#2850,#2852,#3374,.T.);
#2375=EDGE_CURVE('',#2911,#2850,#3375,.T.);
#2376=EDGE_CURVE('',#2851,#2904,#3376,.T.);
#2377=EDGE_CURVE('',#2848,#2905,#3377,.T.);
#2378=EDGE_CURVE('',#2849,#2862,#3378,.T.);
#2379=EDGE_CURVE('',#2849,#2908,#3379,.T.);
#2380=EDGE_CURVE('',#2908,#2911,#3380,.T.);
#2381=EDGE_CURVE('',#2850,#2912,#3381,.T.);
#2382=EDGE_CURVE('',#2912,#2913,#3382,.T.);
#2383=EDGE_CURVE('',#2914,#2913,#3383,.T.);
#2384=EDGE_CURVE('',#2915,#2914,#3384,.T.);
#2385=EDGE_CURVE('',#2915,#2916,#3385,.T.);
#2386=EDGE_CURVE('',#2916,#2917,#3386,.T.);
#2387=EDGE_CURVE('',#2911,#2917,#3387,.T.);
#2388=EDGE_CURVE('',#2918,#2908,#3388,.T.);
#2389=EDGE_CURVE('',#2918,#2919,#3389,.T.);
#2390=EDGE_CURVE('',#2919,#2849,#3390,.T.);
#2391=EDGE_CURVE('',#2912,#2920,#416,.T.);
#2392=EDGE_CURVE('',#2919,#2921,#417,.T.);
#2393=EDGE_CURVE('',#2921,#2920,#3391,.T.);
#2394=EDGE_CURVE('',#2920,#2922,#3392,.T.);
#2395=EDGE_CURVE('',#2921,#2923,#3393,.T.);
#2396=EDGE_CURVE('',#2923,#2922,#3394,.T.);
#2397=EDGE_CURVE('',#2922,#2924,#418,.T.);
#2398=EDGE_CURVE('',#2923,#2925,#419,.T.);
#2399=EDGE_CURVE('',#2925,#2924,#3395,.T.);
#2400=EDGE_CURVE('',#2926,#2927,#3396,.T.);
#2401=EDGE_CURVE('',#2927,#2928,#3397,.T.);
#2402=EDGE_CURVE('',#2929,#2928,#3398,.T.);
#2403=EDGE_CURVE('',#2930,#2929,#3399,.T.);
#2404=EDGE_CURVE('',#2930,#2931,#3400,.T.);
#2405=EDGE_CURVE('',#2931,#2924,#3401,.T.);
#2406=EDGE_CURVE('',#2925,#2926,#3402,.T.);
#2407=EDGE_CURVE('',#2927,#2932,#420,.T.);
#2408=EDGE_CURVE('',#2926,#2933,#421,.T.);
#2409=EDGE_CURVE('',#2933,#2932,#3403,.T.);
#2410=EDGE_CURVE('',#2932,#2934,#3404,.T.);
#2411=EDGE_CURVE('',#2933,#2935,#3405,.T.);
#2412=EDGE_CURVE('',#2935,#2934,#3406,.T.);
#2413=EDGE_CURVE('',#2934,#2917,#422,.T.);
#2414=EDGE_CURVE('',#2935,#2918,#423,.T.);
#2415=EDGE_CURVE('',#2936,#2937,#424,.T.);
#2416=EDGE_CURVE('',#2937,#2938,#3407,.T.);
#2417=EDGE_CURVE('',#2938,#2939,#425,.T.);
#2418=EDGE_CURVE('',#2939,#2936,#3408,.T.);
#2419=EDGE_CURVE('',#2940,#2931,#426,.T.);
#2420=EDGE_CURVE('',#2941,#2940,#3409,.T.);
#2421=EDGE_CURVE('',#2913,#2941,#427,.T.);
#2422=EDGE_CURVE('',#2942,#2941,#3410,.T.);
#2423=EDGE_CURVE('',#2914,#2942,#428,.T.);
#2424=EDGE_CURVE('',#2943,#2940,#3411,.T.);
#2425=EDGE_CURVE('',#2942,#2943,#3412,.T.);
#2426=EDGE_CURVE('',#2943,#2930,#429,.T.);
#2427=EDGE_CURVE('',#2928,#2944,#430,.T.);
#2428=EDGE_CURVE('',#2945,#2944,#3413,.T.);
#2429=EDGE_CURVE('',#2929,#2945,#431,.T.);
#2430=EDGE_CURVE('',#2944,#2946,#3414,.T.);
#2431=EDGE_CURVE('',#2947,#2946,#3415,.T.);
#2432=EDGE_CURVE('',#2945,#2947,#3416,.T.);
#2433=EDGE_CURVE('',#2946,#2916,#432,.T.);
#2434=EDGE_CURVE('',#2947,#2915,#433,.T.);
#2435=EDGE_CURVE('',#2948,#2949,#3417,.T.);
#2436=EDGE_CURVE('',#2950,#2948,#3418,.T.);
#2437=EDGE_CURVE('',#2950,#2951,#3419,.T.);
#2438=EDGE_CURVE('',#2951,#2949,#3420,.T.);
#2439=EDGE_CURVE('',#2952,#2948,#434,.T.);
#2440=EDGE_CURVE('',#2953,#2952,#3421,.T.);
#2441=EDGE_CURVE('',#2953,#2950,#435,.T.);
#2442=EDGE_CURVE('',#2954,#2952,#3422,.T.);
#2443=EDGE_CURVE('',#2955,#2954,#3423,.T.);
#2444=EDGE_CURVE('',#2955,#2953,#3424,.T.);
#2445=EDGE_CURVE('',#2956,#2936,#3425,.T.);
#2446=EDGE_CURVE('',#2956,#2957,#436,.T.);
#2447=EDGE_CURVE('',#2957,#2937,#3426,.T.);
#2448=EDGE_CURVE('',#2958,#2939,#3427,.T.);
#2449=EDGE_CURVE('',#2958,#2956,#3428,.T.);
#2450=EDGE_CURVE('',#2959,#2938,#3429,.T.);
#2451=EDGE_CURVE('',#2959,#2958,#437,.T.);
#2452=EDGE_CURVE('',#2949,#2954,#438,.T.);
#2453=EDGE_CURVE('',#2951,#2955,#439,.T.);
#2454=EDGE_CURVE('',#2957,#2959,#3430,.T.);
#2455=EDGE_CURVE('',#2960,#2961,#3431,.T.);
#2456=EDGE_CURVE('',#2962,#2960,#440,.T.);
#2457=EDGE_CURVE('',#2963,#2962,#3432,.T.);
#2458=EDGE_CURVE('',#2961,#2963,#441,.T.);
#2459=EDGE_CURVE('',#2964,#2965,#442,.T.);
#2460=EDGE_CURVE('',#2966,#2964,#3433,.T.);
#2461=EDGE_CURVE('',#2967,#2966,#443,.T.);
#2462=EDGE_CURVE('',#2965,#2967,#3434,.T.);
#2463=EDGE_CURVE('',#2968,#2969,#3435,.T.);
#2464=EDGE_CURVE('',#2969,#2970,#444,.T.);
#2465=EDGE_CURVE('',#2971,#2970,#3436,.T.);
#2466=EDGE_CURVE('',#2971,#2972,#3437,.T.);
#2467=EDGE_CURVE('',#2973,#2972,#3438,.T.);
#2468=EDGE_CURVE('',#2974,#2973,#3439,.T.);
#2469=EDGE_CURVE('',#2974,#2968,#3440,.T.);
#2470=EDGE_CURVE('',#2975,#2976,#3441,.T.);
#2471=EDGE_CURVE('',#2977,#2975,#445,.T.);
#2472=EDGE_CURVE('',#2978,#2977,#3442,.T.);
#2473=EDGE_CURVE('',#2976,#2978,#446,.T.);
#2474=EDGE_CURVE('',#2979,#2980,#447,.T.);
#2475=EDGE_CURVE('',#2981,#2979,#3443,.T.);
#2476=EDGE_CURVE('',#2982,#2981,#448,.T.);
#2477=EDGE_CURVE('',#2980,#2982,#3444,.T.);
#2478=EDGE_CURVE('',#2983,#2984,#3445,.T.);
#2479=EDGE_CURVE('',#2983,#2985,#449,.T.);
#2480=EDGE_CURVE('',#2986,#2985,#3446,.T.);
#2481=EDGE_CURVE('',#2986,#2987,#3447,.T.);
#2482=EDGE_CURVE('',#2987,#2988,#3448,.T.);
#2483=EDGE_CURVE('',#2989,#2988,#3449,.T.);
#2484=EDGE_CURVE('',#2989,#2984,#3450,.T.);
#2485=EDGE_CURVE('',#2990,#2991,#3451,.T.);
#2486=EDGE_CURVE('',#2990,#2992,#3452,.F.);
#2487=EDGE_CURVE('',#2993,#2992,#3453,.T.);
#2488=EDGE_CURVE('',#2993,#2983,#3454,.F.);
#2489=EDGE_CURVE('',#2971,#2984,#3455,.T.);
#2490=EDGE_CURVE('',#2970,#2991,#3456,.F.);
#2491=EDGE_CURVE('',#2994,#2995,#3457,.T.);
#2492=EDGE_CURVE('',#2996,#2994,#450,.T.);
#2493=EDGE_CURVE('',#2997,#2996,#3458,.T.);
#2494=EDGE_CURVE('',#2995,#2997,#451,.T.);
#2495=EDGE_CURVE('',#2998,#2999,#452,.T.);
#2496=EDGE_CURVE('',#3000,#2998,#3459,.T.);
#2497=EDGE_CURVE('',#3001,#3000,#453,.T.);
#2498=EDGE_CURVE('',#2999,#3001,#3460,.T.);
#2499=EDGE_CURVE('',#3002,#3003,#3461,.T.);
#2500=EDGE_CURVE('',#3002,#2990,#454,.T.);
#2501=EDGE_CURVE('',#2991,#3004,#455,.T.);
#2502=EDGE_CURVE('',#3004,#3005,#3462,.T.);
#2503=EDGE_CURVE('',#3005,#3006,#456,.T.);
#2504=EDGE_CURVE('',#3007,#3006,#3463,.T.);
#2505=EDGE_CURVE('',#3007,#3003,#457,.T.);
#2506=EDGE_CURVE('',#3008,#3009,#3464,.T.);
#2507=EDGE_CURVE('',#3009,#3005,#3465,.F.);
#2508=EDGE_CURVE('',#3004,#3008,#3466,.T.);
#2509=EDGE_CURVE('',#3010,#3011,#3467,.T.);
#2510=EDGE_CURVE('',#3011,#3012,#458,.T.);
#2511=EDGE_CURVE('',#3012,#3013,#3468,.T.);
#2512=EDGE_CURVE('',#3013,#3010,#459,.T.);
#2513=EDGE_CURVE('',#3014,#3015,#460,.T.);
#2514=EDGE_CURVE('',#3015,#3016,#3469,.T.);
#2515=EDGE_CURVE('',#3016,#3017,#461,.T.);
#2516=EDGE_CURVE('',#3017,#3014,#3470,.T.);
#2517=EDGE_CURVE('',#2992,#3018,#462,.T.);
#2518=EDGE_CURVE('',#3018,#3019,#3471,.T.);
#2519=EDGE_CURVE('',#3019,#3020,#463,.T.);
#2520=EDGE_CURVE('',#3021,#3020,#3472,.T.);
#2521=EDGE_CURVE('',#3021,#3009,#464,.T.);
#2522=EDGE_CURVE('',#3008,#2993,#465,.T.);
#2523=EDGE_CURVE('',#3018,#3002,#3473,.T.);
#2524=EDGE_CURVE('',#3003,#3019,#3474,.F.);
#2525=EDGE_CURVE('',#3022,#3022,#466,.T.);
#2526=EDGE_CURVE('',#3023,#3023,#467,.T.);
#2527=EDGE_CURVE('',#3024,#3024,#468,.T.);
#2528=EDGE_CURVE('',#3025,#3025,#469,.T.);
#2529=EDGE_CURVE('',#3026,#3026,#470,.T.);
#2530=EDGE_CURVE('',#3027,#3027,#471,.T.);
#2531=EDGE_CURVE('',#3028,#3028,#472,.T.);
#2532=EDGE_CURVE('',#3029,#3029,#473,.T.);
#2533=EDGE_CURVE('',#3030,#3030,#474,.T.);
#2534=EDGE_CURVE('',#3031,#3031,#475,.T.);
#2535=EDGE_CURVE('',#3032,#3032,#476,.T.);
#2536=EDGE_CURVE('',#3033,#3033,#477,.T.);
#2537=EDGE_CURVE('',#3020,#3007,#3475,.T.);
#2538=EDGE_CURVE('',#3006,#3021,#3476,.T.);
#2539=EDGE_CURVE('',#2985,#2969,#3477,.T.);
#2540=EDGE_CURVE('',#2968,#2986,#3478,.T.);
#2541=EDGE_CURVE('',#2988,#2973,#3479,.T.);
#2542=EDGE_CURVE('',#2987,#2974,#3480,.T.);
#2543=EDGE_CURVE('',#3034,#3034,#478,.T.);
#2544=EDGE_CURVE('',#3035,#3035,#479,.T.);
#2545=EDGE_CURVE('',#3036,#3036,#480,.T.);
#2546=EDGE_CURVE('',#3037,#3037,#481,.T.);
#2547=EDGE_CURVE('',#3038,#3038,#482,.T.);
#2548=EDGE_CURVE('',#3039,#3039,#483,.T.);
#2549=EDGE_CURVE('',#3040,#3040,#484,.T.);
#2550=EDGE_CURVE('',#3041,#3041,#485,.T.);
#2551=EDGE_CURVE('',#3042,#3042,#486,.T.);
#2552=EDGE_CURVE('',#3043,#3043,#487,.T.);
#2553=EDGE_CURVE('',#3044,#3044,#488,.T.);
#2554=EDGE_CURVE('',#3045,#3045,#489,.T.);
#2555=EDGE_CURVE('',#2972,#2989,#3481,.T.);
#2556=EDGE_CURVE('',#3014,#2979,#3482,.T.);
#2557=EDGE_CURVE('',#3017,#2981,#3483,.T.);
#2558=EDGE_CURVE('',#3016,#2982,#3484,.T.);
#2559=EDGE_CURVE('',#3015,#2980,#3485,.T.);
#2560=EDGE_CURVE('',#2965,#2998,#3486,.T.);
#2561=EDGE_CURVE('',#2964,#2999,#3487,.T.);
#2562=EDGE_CURVE('',#2966,#3001,#3488,.T.);
#2563=EDGE_CURVE('',#2967,#3000,#3489,.T.);
#2564=EDGE_CURVE('',#3010,#2975,#3490,.T.);
#2565=EDGE_CURVE('',#3013,#2977,#3491,.T.);
#2566=EDGE_CURVE('',#3012,#2978,#3492,.T.);
#2567=EDGE_CURVE('',#3011,#2976,#3493,.T.);
#2568=EDGE_CURVE('',#2961,#2994,#3494,.T.);
#2569=EDGE_CURVE('',#2960,#2995,#3495,.T.);
#2570=EDGE_CURVE('',#2962,#2997,#3496,.T.);
#2571=EDGE_CURVE('',#2963,#2996,#3497,.T.);
#2572=EDGE_CURVE('',#3046,#3046,#490,.T.);
#2573=EDGE_CURVE('',#3047,#3047,#491,.T.);
#2574=EDGE_CURVE('',#3048,#3048,#492,.T.);
#2575=EDGE_CURVE('',#3049,#3049,#493,.T.);
#2576=EDGE_CURVE('',#3050,#3050,#494,.T.);
#2577=EDGE_CURVE('',#3051,#3051,#495,.T.);
#2578=EDGE_CURVE('',#3052,#3052,#496,.T.);
#2579=EDGE_CURVE('',#3053,#3053,#497,.T.);
#2580=EDGE_CURVE('',#3054,#3054,#498,.F.);
#2581=EDGE_CURVE('',#3055,#3055,#499,.T.);
#2582=EDGE_CURVE('',#3056,#3056,#500,.F.);
#2583=EDGE_CURVE('',#3057,#3057,#501,.T.);
#2584=VERTEX_POINT('',#7424);
#2585=VERTEX_POINT('',#7425);
#2586=VERTEX_POINT('',#7427);
#2587=VERTEX_POINT('',#7429);
#2588=VERTEX_POINT('',#7432);
#2589=VERTEX_POINT('',#7433);
#2590=VERTEX_POINT('',#7435);
#2591=VERTEX_POINT('',#7437);
#2592=VERTEX_POINT('',#7440);
#2593=VERTEX_POINT('',#7441);
#2594=VERTEX_POINT('',#7443);
#2595=VERTEX_POINT('',#7445);
#2596=VERTEX_POINT('',#7447);
#2597=VERTEX_POINT('',#7449);
#2598=VERTEX_POINT('',#7451);
#2599=VERTEX_POINT('',#7455);
#2600=VERTEX_POINT('',#7456);
#2601=VERTEX_POINT('',#7458);
#2602=VERTEX_POINT('',#7460);
#2603=VERTEX_POINT('',#7463);
#2604=VERTEX_POINT('',#7464);
#2605=VERTEX_POINT('',#7466);
#2606=VERTEX_POINT('',#7468);
#2607=VERTEX_POINT('',#7471);
#2608=VERTEX_POINT('',#7472);
#2609=VERTEX_POINT('',#7474);
#2610=VERTEX_POINT('',#7476);
#2611=VERTEX_POINT('',#7478);
#2612=VERTEX_POINT('',#7480);
#2613=VERTEX_POINT('',#7482);
#2614=VERTEX_POINT('',#7486);
#2615=VERTEX_POINT('',#7487);
#2616=VERTEX_POINT('',#7489);
#2617=VERTEX_POINT('',#7491);
#2618=VERTEX_POINT('',#7497);
#2619=VERTEX_POINT('',#7498);
#2620=VERTEX_POINT('',#7500);
#2621=VERTEX_POINT('',#7502);
#2622=VERTEX_POINT('',#7505);
#2623=VERTEX_POINT('',#7506);
#2624=VERTEX_POINT('',#7508);
#2625=VERTEX_POINT('',#7510);
#2626=VERTEX_POINT('',#7513);
#2627=VERTEX_POINT('',#7514);
#2628=VERTEX_POINT('',#7517);
#2629=VERTEX_POINT('',#7519);
#2630=VERTEX_POINT('',#7521);
#2631=VERTEX_POINT('',#7523);
#2632=VERTEX_POINT('',#7527);
#2633=VERTEX_POINT('',#7528);
#2634=VERTEX_POINT('',#7533);
#2635=VERTEX_POINT('',#7534);
#2636=VERTEX_POINT('',#7536);
#2637=VERTEX_POINT('',#7538);
#2638=VERTEX_POINT('',#7541);
#2639=VERTEX_POINT('',#7542);
#2640=VERTEX_POINT('',#7544);
#2641=VERTEX_POINT('',#7546);
#2642=VERTEX_POINT('',#7549);
#2643=VERTEX_POINT('',#7551);
#2644=VERTEX_POINT('',#7553);
#2645=VERTEX_POINT('',#7555);
#2646=VERTEX_POINT('',#7563);
#2647=VERTEX_POINT('',#7565);
#2648=VERTEX_POINT('',#7567);
#2649=VERTEX_POINT('',#7569);
#2650=VERTEX_POINT('',#7571);
#2651=VERTEX_POINT('',#7573);
#2652=VERTEX_POINT('',#7575);
#2653=VERTEX_POINT('',#7577);
#2654=VERTEX_POINT('',#7579);
#2655=VERTEX_POINT('',#7581);
#2656=VERTEX_POINT('',#7583);
#2657=VERTEX_POINT('',#7585);
#2658=VERTEX_POINT('',#7596);
#2659=VERTEX_POINT('',#7598);
#2660=VERTEX_POINT('',#7600);
#2661=VERTEX_POINT('',#7602);
#2662=VERTEX_POINT('',#7604);
#2663=VERTEX_POINT('',#7606);
#2664=VERTEX_POINT('',#7608);
#2665=VERTEX_POINT('',#7610);
#2666=VERTEX_POINT('',#7612);
#2667=VERTEX_POINT('',#7614);
#2668=VERTEX_POINT('',#7616);
#2669=VERTEX_POINT('',#7618);
#2670=VERTEX_POINT('',#7673);
#2671=VERTEX_POINT('',#7674);
#2672=VERTEX_POINT('',#7676);
#2673=VERTEX_POINT('',#7678);
#2674=VERTEX_POINT('',#7682);
#2675=VERTEX_POINT('',#7683);
#2676=VERTEX_POINT('',#7685);
#2677=VERTEX_POINT('',#7687);
#2678=VERTEX_POINT('',#7689);
#2679=VERTEX_POINT('',#7691);
#2680=VERTEX_POINT('',#7693);
#2681=VERTEX_POINT('',#7695);
#2682=VERTEX_POINT('',#7699);
#2683=VERTEX_POINT('',#7700);
#2684=VERTEX_POINT('',#7702);
#2685=VERTEX_POINT('',#7704);
#2686=VERTEX_POINT('',#7708);
#2687=VERTEX_POINT('',#7709);
#2688=VERTEX_POINT('',#7711);
#2689=VERTEX_POINT('',#7713);
#2690=VERTEX_POINT('',#7717);
#2691=VERTEX_POINT('',#7719);
#2692=VERTEX_POINT('',#7727);
#2693=VERTEX_POINT('',#7730);
#2694=VERTEX_POINT('',#7734);
#2695=VERTEX_POINT('',#7736);
#2696=VERTEX_POINT('',#7740);
#2697=VERTEX_POINT('',#7742);
#2698=VERTEX_POINT('',#7746);
#2699=VERTEX_POINT('',#7748);
#2700=VERTEX_POINT('',#7750);
#2701=VERTEX_POINT('',#7752);
#2702=VERTEX_POINT('',#7758);
#2703=VERTEX_POINT('',#7759);
#2704=VERTEX_POINT('',#7761);
#2705=VERTEX_POINT('',#7763);
#2706=VERTEX_POINT('',#7766);
#2707=VERTEX_POINT('',#7768);
#2708=VERTEX_POINT('',#7772);
#2709=VERTEX_POINT('',#7776);
#2710=VERTEX_POINT('',#7782);
#2711=VERTEX_POINT('',#7784);
#2712=VERTEX_POINT('',#7788);
#2713=VERTEX_POINT('',#7790);
#2714=VERTEX_POINT('',#7797);
#2715=VERTEX_POINT('',#7798);
#2716=VERTEX_POINT('',#7800);
#2717=VERTEX_POINT('',#7802);
#2718=VERTEX_POINT('',#7806);
#2719=VERTEX_POINT('',#7808);
#2720=VERTEX_POINT('',#7812);
#2721=VERTEX_POINT('',#7814);
#2722=VERTEX_POINT('',#7818);
#2723=VERTEX_POINT('',#7820);
#2724=VERTEX_POINT('',#7824);
#2725=VERTEX_POINT('',#7828);
#2726=VERTEX_POINT('',#7839);
#2727=VERTEX_POINT('',#7841);
#2728=VERTEX_POINT('',#7845);
#2729=VERTEX_POINT('',#7847);
#2730=VERTEX_POINT('',#7849);
#2731=VERTEX_POINT('',#7853);
#2732=VERTEX_POINT('',#7855);
#2733=VERTEX_POINT('',#7860);
#2734=VERTEX_POINT('',#7878);
#2735=VERTEX_POINT('',#7880);
#2736=VERTEX_POINT('',#7882);
#2737=VERTEX_POINT('',#7884);
#2738=VERTEX_POINT('',#7886);
#2739=VERTEX_POINT('',#7888);
#2740=VERTEX_POINT('',#7892);
#2741=VERTEX_POINT('',#7894);
#2742=VERTEX_POINT('',#7898);
#2743=VERTEX_POINT('',#7900);
#2744=VERTEX_POINT('',#7904);
#2745=VERTEX_POINT('',#7906);
#2746=VERTEX_POINT('',#7910);
#2747=VERTEX_POINT('',#7912);
#2748=VERTEX_POINT('',#7916);
#2749=VERTEX_POINT('',#7917);
#2750=VERTEX_POINT('',#7919);
#2751=VERTEX_POINT('',#7921);
#2752=VERTEX_POINT('',#7923);
#2753=VERTEX_POINT('',#7925);
#2754=VERTEX_POINT('',#7930);
#2755=VERTEX_POINT('',#7932);
#2756=VERTEX_POINT('',#7936);
#2757=VERTEX_POINT('',#7938);
#2758=VERTEX_POINT('',#7946);
#2759=VERTEX_POINT('',#7947);
#2760=VERTEX_POINT('',#7949);
#2761=VERTEX_POINT('',#7951);
#2762=VERTEX_POINT('',#7954);
#2763=VERTEX_POINT('',#7956);
#2764=VERTEX_POINT('',#7960);
#2765=VERTEX_POINT('',#7964);
#2766=VERTEX_POINT('',#7970);
#2767=VERTEX_POINT('',#7972);
#2768=VERTEX_POINT('',#7976);
#2769=VERTEX_POINT('',#7978);
#2770=VERTEX_POINT('',#7985);
#2771=VERTEX_POINT('',#7986);
#2772=VERTEX_POINT('',#7988);
#2773=VERTEX_POINT('',#7990);
#2774=VERTEX_POINT('',#7994);
#2775=VERTEX_POINT('',#7996);
#2776=VERTEX_POINT('',#8000);
#2777=VERTEX_POINT('',#8002);
#2778=VERTEX_POINT('',#8006);
#2779=VERTEX_POINT('',#8008);
#2780=VERTEX_POINT('',#8012);
#2781=VERTEX_POINT('',#8016);
#2782=VERTEX_POINT('',#8028);
#2783=VERTEX_POINT('',#8030);
#2784=VERTEX_POINT('',#8031);
#2785=VERTEX_POINT('',#8033);
#2786=VERTEX_POINT('',#8035);
#2787=VERTEX_POINT('',#8037);
#2788=VERTEX_POINT('',#8039);
#2789=VERTEX_POINT('',#8043);
#2790=VERTEX_POINT('',#8046);
#2791=VERTEX_POINT('',#8049);
#2792=VERTEX_POINT('',#8053);
#2793=VERTEX_POINT('',#8055);
#2794=VERTEX_POINT('',#8059);
#2795=VERTEX_POINT('',#8063);
#2796=VERTEX_POINT('',#8067);
#2797=VERTEX_POINT('',#8071);
#2798=VERTEX_POINT('',#8077);
#2799=VERTEX_POINT('',#8080);
#2800=VERTEX_POINT('',#8086);
#2801=VERTEX_POINT('',#8087);
#2802=VERTEX_POINT('',#8089);
#2803=VERTEX_POINT('',#8091);
#2804=VERTEX_POINT('',#8093);
#2805=VERTEX_POINT('',#8095);
#2806=VERTEX_POINT('',#8097);
#2807=VERTEX_POINT('',#8099);
#2808=VERTEX_POINT('',#8103);
#2809=VERTEX_POINT('',#8104);
#2810=VERTEX_POINT('',#8109);
#2811=VERTEX_POINT('',#8111);
#2812=VERTEX_POINT('',#8113);
#2813=VERTEX_POINT('',#8115);
#2814=VERTEX_POINT('',#8117);
#2815=VERTEX_POINT('',#8119);
#2816=VERTEX_POINT('',#8121);
#2817=VERTEX_POINT('',#8123);
#2818=VERTEX_POINT('',#8125);
#2819=VERTEX_POINT('',#8129);
#2820=VERTEX_POINT('',#8131);
#2821=VERTEX_POINT('',#8135);
#2822=VERTEX_POINT('',#8137);
#2823=VERTEX_POINT('',#8141);
#2824=VERTEX_POINT('',#8143);
#2825=VERTEX_POINT('',#8147);
#2826=VERTEX_POINT('',#8150);
#2827=VERTEX_POINT('',#8152);
#2828=VERTEX_POINT('',#8154);
#2829=VERTEX_POINT('',#8156);
#2830=VERTEX_POINT('',#8158);
#2831=VERTEX_POINT('',#8160);
#2832=VERTEX_POINT('',#8162);
#2833=VERTEX_POINT('',#8166);
#2834=VERTEX_POINT('',#8172);
#2835=VERTEX_POINT('',#8174);
#2836=VERTEX_POINT('',#8179);
#2837=VERTEX_POINT('',#8183);
#2838=VERTEX_POINT('',#8187);
#2839=VERTEX_POINT('',#8193);
#2840=VERTEX_POINT('',#8199);
#2841=VERTEX_POINT('',#8201);
#2842=VERTEX_POINT('',#8205);
#2843=VERTEX_POINT('',#8207);
#2844=VERTEX_POINT('',#8211);
#2845=VERTEX_POINT('',#8215);
#2846=VERTEX_POINT('',#8219);
#2847=VERTEX_POINT('',#8225);
#2848=VERTEX_POINT('',#8234);
#2849=VERTEX_POINT('',#8235);
#2850=VERTEX_POINT('',#8237);
#2851=VERTEX_POINT('',#8239);
#2852=VERTEX_POINT('',#8243);
#2853=VERTEX_POINT('',#8244);
#2854=VERTEX_POINT('',#8246);
#2855=VERTEX_POINT('',#8248);
#2856=VERTEX_POINT('',#8250);
#2857=VERTEX_POINT('',#8252);
#2858=VERTEX_POINT('',#8254);
#2859=VERTEX_POINT('',#8256);
#2860=VERTEX_POINT('',#8260);
#2861=VERTEX_POINT('',#8261);
#2862=VERTEX_POINT('',#8263);
#2863=VERTEX_POINT('',#8265);
#2864=VERTEX_POINT('',#8269);
#2865=VERTEX_POINT('',#8270);
#2866=VERTEX_POINT('',#8272);
#2867=VERTEX_POINT('',#8274);
#2868=VERTEX_POINT('',#8278);
#2869=VERTEX_POINT('',#8280);
#2870=VERTEX_POINT('',#8288);
#2871=VERTEX_POINT('',#8291);
#2872=VERTEX_POINT('',#8295);
#2873=VERTEX_POINT('',#8297);
#2874=VERTEX_POINT('',#8301);
#2875=VERTEX_POINT('',#8303);
#2876=VERTEX_POINT('',#8307);
#2877=VERTEX_POINT('',#8309);
#2878=VERTEX_POINT('',#8311);
#2879=VERTEX_POINT('',#8313);
#2880=VERTEX_POINT('',#8319);
#2881=VERTEX_POINT('',#8320);
#2882=VERTEX_POINT('',#8322);
#2883=VERTEX_POINT('',#8324);
#2884=VERTEX_POINT('',#8327);
#2885=VERTEX_POINT('',#8329);
#2886=VERTEX_POINT('',#8333);
#2887=VERTEX_POINT('',#8337);
#2888=VERTEX_POINT('',#8343);
#2889=VERTEX_POINT('',#8345);
#2890=VERTEX_POINT('',#8349);
#2891=VERTEX_POINT('',#8351);
#2892=VERTEX_POINT('',#8358);
#2893=VERTEX_POINT('',#8359);
#2894=VERTEX_POINT('',#8361);
#2895=VERTEX_POINT('',#8363);
#2896=VERTEX_POINT('',#8367);
#2897=VERTEX_POINT('',#8369);
#2898=VERTEX_POINT('',#8373);
#2899=VERTEX_POINT('',#8375);
#2900=VERTEX_POINT('',#8379);
#2901=VERTEX_POINT('',#8381);
#2902=VERTEX_POINT('',#8385);
#2903=VERTEX_POINT('',#8389);
#2904=VERTEX_POINT('',#8400);
#2905=VERTEX_POINT('',#8402);
#2906=VERTEX_POINT('',#8406);
#2907=VERTEX_POINT('',#8408);
#2908=VERTEX_POINT('',#8410);
#2909=VERTEX_POINT('',#8414);
#2910=VERTEX_POINT('',#8416);
#2911=VERTEX_POINT('',#8421);
#2912=VERTEX_POINT('',#8439);
#2913=VERTEX_POINT('',#8441);
#2914=VERTEX_POINT('',#8443);
#2915=VERTEX_POINT('',#8445);
#2916=VERTEX_POINT('',#8447);
#2917=VERTEX_POINT('',#8449);
#2918=VERTEX_POINT('',#8453);
#2919=VERTEX_POINT('',#8455);
#2920=VERTEX_POINT('',#8459);
#2921=VERTEX_POINT('',#8461);
#2922=VERTEX_POINT('',#8465);
#2923=VERTEX_POINT('',#8467);
#2924=VERTEX_POINT('',#8471);
#2925=VERTEX_POINT('',#8473);
#2926=VERTEX_POINT('',#8477);
#2927=VERTEX_POINT('',#8478);
#2928=VERTEX_POINT('',#8480);
#2929=VERTEX_POINT('',#8482);
#2930=VERTEX_POINT('',#8484);
#2931=VERTEX_POINT('',#8486);
#2932=VERTEX_POINT('',#8491);
#2933=VERTEX_POINT('',#8493);
#2934=VERTEX_POINT('',#8497);
#2935=VERTEX_POINT('',#8499);
#2936=VERTEX_POINT('',#8507);
#2937=VERTEX_POINT('',#8508);
#2938=VERTEX_POINT('',#8510);
#2939=VERTEX_POINT('',#8512);
#2940=VERTEX_POINT('',#8515);
#2941=VERTEX_POINT('',#8517);
#2942=VERTEX_POINT('',#8521);
#2943=VERTEX_POINT('',#8525);
#2944=VERTEX_POINT('',#8531);
#2945=VERTEX_POINT('',#8533);
#2946=VERTEX_POINT('',#8537);
#2947=VERTEX_POINT('',#8539);
#2948=VERTEX_POINT('',#8546);
#2949=VERTEX_POINT('',#8547);
#2950=VERTEX_POINT('',#8549);
#2951=VERTEX_POINT('',#8551);
#2952=VERTEX_POINT('',#8555);
#2953=VERTEX_POINT('',#8557);
#2954=VERTEX_POINT('',#8561);
#2955=VERTEX_POINT('',#8563);
#2956=VERTEX_POINT('',#8567);
#2957=VERTEX_POINT('',#8569);
#2958=VERTEX_POINT('',#8573);
#2959=VERTEX_POINT('',#8577);
#2960=VERTEX_POINT('',#8591);
#2961=VERTEX_POINT('',#8592);
#2962=VERTEX_POINT('',#8594);
#2963=VERTEX_POINT('',#8596);
#2964=VERTEX_POINT('',#8599);
#2965=VERTEX_POINT('',#8600);
#2966=VERTEX_POINT('',#8602);
#2967=VERTEX_POINT('',#8604);
#2968=VERTEX_POINT('',#8607);
#2969=VERTEX_POINT('',#8608);
#2970=VERTEX_POINT('',#8610);
#2971=VERTEX_POINT('',#8612);
#2972=VERTEX_POINT('',#8614);
#2973=VERTEX_POINT('',#8616);
#2974=VERTEX_POINT('',#8618);
#2975=VERTEX_POINT('',#8622);
#2976=VERTEX_POINT('',#8623);
#2977=VERTEX_POINT('',#8625);
#2978=VERTEX_POINT('',#8627);
#2979=VERTEX_POINT('',#8630);
#2980=VERTEX_POINT('',#8631);
#2981=VERTEX_POINT('',#8633);
#2982=VERTEX_POINT('',#8635);
#2983=VERTEX_POINT('',#8638);
#2984=VERTEX_POINT('',#8639);
#2985=VERTEX_POINT('',#8641);
#2986=VERTEX_POINT('',#8643);
#2987=VERTEX_POINT('',#8645);
#2988=VERTEX_POINT('',#8647);
#2989=VERTEX_POINT('',#8649);
#2990=VERTEX_POINT('',#8653);
#2991=VERTEX_POINT('',#8654);
#2992=VERTEX_POINT('',#8656);
#2993=VERTEX_POINT('',#8658);
#2994=VERTEX_POINT('',#8664);
#2995=VERTEX_POINT('',#8665);
#2996=VERTEX_POINT('',#8667);
#2997=VERTEX_POINT('',#8669);
#2998=VERTEX_POINT('',#8672);
#2999=VERTEX_POINT('',#8673);
#3000=VERTEX_POINT('',#8675);
#3001=VERTEX_POINT('',#8677);
#3002=VERTEX_POINT('',#8680);
#3003=VERTEX_POINT('',#8681);
#3004=VERTEX_POINT('',#8684);
#3005=VERTEX_POINT('',#8686);
#3006=VERTEX_POINT('',#8688);
#3007=VERTEX_POINT('',#8690);
#3008=VERTEX_POINT('',#8694);
#3009=VERTEX_POINT('',#8695);
#3010=VERTEX_POINT('',#8700);
#3011=VERTEX_POINT('',#8701);
#3012=VERTEX_POINT('',#8703);
#3013=VERTEX_POINT('',#8705);
#3014=VERTEX_POINT('',#8708);
#3015=VERTEX_POINT('',#8709);
#3016=VERTEX_POINT('',#8711);
#3017=VERTEX_POINT('',#8713);
#3018=VERTEX_POINT('',#8716);
#3019=VERTEX_POINT('',#8718);
#3020=VERTEX_POINT('',#8720);
#3021=VERTEX_POINT('',#8722);
#3022=VERTEX_POINT('',#8730);
#3023=VERTEX_POINT('',#8732);
#3024=VERTEX_POINT('',#8734);
#3025=VERTEX_POINT('',#8736);
#3026=VERTEX_POINT('',#8738);
#3027=VERTEX_POINT('',#8740);
#3028=VERTEX_POINT('',#8742);
#3029=VERTEX_POINT('',#8744);
#3030=VERTEX_POINT('',#8746);
#3031=VERTEX_POINT('',#8748);
#3032=VERTEX_POINT('',#8750);
#3033=VERTEX_POINT('',#8752);
#3034=VERTEX_POINT('',#8763);
#3035=VERTEX_POINT('',#8765);
#3036=VERTEX_POINT('',#8767);
#3037=VERTEX_POINT('',#8769);
#3038=VERTEX_POINT('',#8771);
#3039=VERTEX_POINT('',#8773);
#3040=VERTEX_POINT('',#8775);
#3041=VERTEX_POINT('',#8777);
#3042=VERTEX_POINT('',#8779);
#3043=VERTEX_POINT('',#8781);
#3044=VERTEX_POINT('',#8783);
#3045=VERTEX_POINT('',#8785);
#3046=VERTEX_POINT('',#8840);
#3047=VERTEX_POINT('',#8842);
#3048=VERTEX_POINT('',#8845);
#3049=VERTEX_POINT('',#8848);
#3050=VERTEX_POINT('',#8851);
#3051=VERTEX_POINT('',#8854);
#3052=VERTEX_POINT('',#8857);
#3053=VERTEX_POINT('',#8860);
#3054=VERTEX_POINT('',#8863);
#3055=VERTEX_POINT('',#8866);
#3056=VERTEX_POINT('',#8869);
#3057=VERTEX_POINT('',#8872);
#3058=LINE('',#7423,#3498);
#3059=LINE('',#7428,#3499);
#3060=LINE('',#7434,#3500);
#3061=LINE('',#7438,#3501);
#3062=LINE('',#7439,#3502);
#3063=LINE('',#7444,#3503);
#3064=LINE('',#7446,#3504);
#3065=LINE('',#7448,#3505);
#3066=LINE('',#7450,#3506);
#3067=LINE('',#7452,#3507);
#3068=LINE('',#7454,#3508);
#3069=LINE('',#7459,#3509);
#3070=LINE('',#7465,#3510);
#3071=LINE('',#7469,#3511);
#3072=LINE('',#7470,#3512);
#3073=LINE('',#7475,#3513);
#3074=LINE('',#7477,#3514);
#3075=LINE('',#7479,#3515);
#3076=LINE('',#7481,#3516);
#3077=LINE('',#7483,#3517);
#3078=LINE('',#7485,#3518);
#3079=LINE('',#7488,#3519);
#3080=LINE('',#7490,#3520);
#3081=LINE('',#7492,#3521);
#3082=LINE('',#7493,#3522);
#3083=LINE('',#7494,#3523);
#3084=LINE('',#7496,#3524);
#3085=LINE('',#7501,#3525);
#3086=LINE('',#7507,#3526);
#3087=LINE('',#7511,#3527);
#3088=LINE('',#7512,#3528);
#3089=LINE('',#7518,#3529);
#3090=LINE('',#7522,#3530);
#3091=LINE('',#7526,#3531);
#3092=LINE('',#7529,#3532);
#3093=LINE('',#7530,#3533);
#3094=LINE('',#7532,#3534);
#3095=LINE('',#7537,#3535);
#3096=LINE('',#7543,#3536);
#3097=LINE('',#7547,#3537);
#3098=LINE('',#7550,#3538);
#3099=LINE('',#7554,#3539);
#3100=LINE('',#7559,#3540);
#3101=LINE('',#7560,#3541);
#3102=LINE('',#7586,#3542);
#3103=LINE('',#7587,#3543);
#3104=LINE('',#7589,#3544);
#3105=LINE('',#7590,#3545);
#3106=LINE('',#7592,#3546);
#3107=LINE('',#7593,#3547);
#3108=LINE('',#7620,#3548);
#3109=LINE('',#7623,#3549);
#3110=LINE('',#7624,#3550);
#3111=LINE('',#7626,#3551);
#3112=LINE('',#7628,#3552);
#3113=LINE('',#7631,#3553);
#3114=LINE('',#7632,#3554);
#3115=LINE('',#7634,#3555);
#3116=LINE('',#7636,#3556);
#3117=LINE('',#7639,#3557);
#3118=LINE('',#7640,#3558);
#3119=LINE('',#7642,#3559);
#3120=LINE('',#7644,#3560);
#3121=LINE('',#7647,#3561);
#3122=LINE('',#7648,#3562);
#3123=LINE('',#7650,#3563);
#3124=LINE('',#7652,#3564);
#3125=LINE('',#7675,#3565);
#3126=LINE('',#7679,#3566);
#3127=LINE('',#7681,#3567);
#3128=LINE('',#7684,#3568);
#3129=LINE('',#7686,#3569);
#3130=LINE('',#7688,#3570);
#3131=LINE('',#7690,#3571);
#3132=LINE('',#7692,#3572);
#3133=LINE('',#7694,#3573);
#3134=LINE('',#7696,#3574);
#3135=LINE('',#7698,#3575);
#3136=LINE('',#7701,#3576);
#3137=LINE('',#7703,#3577);
#3138=LINE('',#7705,#3578);
#3139=LINE('',#7710,#3579);
#3140=LINE('',#7714,#3580);
#3141=LINE('',#7716,#3581);
#3142=LINE('',#7718,#3582);
#3143=LINE('',#7720,#3583);
#3144=LINE('',#7724,#3584);
#3145=LINE('',#7728,#3585);
#3146=LINE('',#7731,#3586);
#3147=LINE('',#7733,#3587);
#3148=LINE('',#7735,#3588);
#3149=LINE('',#7737,#3589);
#3150=LINE('',#7743,#3590);
#3151=LINE('',#7745,#3591);
#3152=LINE('',#7747,#3592);
#3153=LINE('',#7749,#3593);
#3154=LINE('',#7751,#3594);
#3155=LINE('',#7753,#3595);
#3156=LINE('',#7754,#3596);
#3157=LINE('',#7760,#3597);
#3158=LINE('',#7764,#3598);
#3159=LINE('',#7767,#3599);
#3160=LINE('',#7771,#3600);
#3161=LINE('',#7775,#3601);
#3162=LINE('',#7777,#3602);
#3163=LINE('',#7783,#3603);
#3164=LINE('',#7787,#3604);
#3165=LINE('',#7789,#3605);
#3166=LINE('',#7791,#3606);
#3167=LINE('',#7796,#3607);
#3168=LINE('',#7799,#3608);
#3169=LINE('',#7801,#3609);
#3170=LINE('',#7803,#3610);
#3171=LINE('',#7807,#3611);
#3172=LINE('',#7811,#3612);
#3173=LINE('',#7813,#3613);
#3174=LINE('',#7815,#3614);
#3175=LINE('',#7817,#3615);
#3176=LINE('',#7821,#3616);
#3177=LINE('',#7823,#3617);
#3178=LINE('',#7825,#3618);
#3179=LINE('',#7827,#3619);
#3180=LINE('',#7834,#3620);
#3181=LINE('',#7842,#3621);
#3182=LINE('',#7846,#3622);
#3183=LINE('',#7850,#3623);
#3184=LINE('',#7852,#3624);
#3185=LINE('',#7854,#3625);
#3186=LINE('',#7856,#3626);
#3187=LINE('',#7859,#3627);
#3188=LINE('',#7863,#3628);
#3189=LINE('',#7864,#3629);
#3190=LINE('',#7866,#3630);
#3191=LINE('',#7868,#3631);
#3192=LINE('',#7870,#3632);
#3193=LINE('',#7872,#3633);
#3194=LINE('',#7874,#3634);
#3195=LINE('',#7877,#3635);
#3196=LINE('',#7879,#3636);
#3197=LINE('',#7881,#3637);
#3198=LINE('',#7883,#3638);
#3199=LINE('',#7885,#3639);
#3200=LINE('',#7887,#3640);
#3201=LINE('',#7889,#3641);
#3202=LINE('',#7891,#3642);
#3203=LINE('',#7893,#3643);
#3204=LINE('',#7895,#3644);
#3205=LINE('',#7901,#3645);
#3206=LINE('',#7903,#3646);
#3207=LINE('',#7905,#3647);
#3208=LINE('',#7907,#3648);
#3209=LINE('',#7913,#3649);
#3210=LINE('',#7915,#3650);
#3211=LINE('',#7918,#3651);
#3212=LINE('',#7920,#3652);
#3213=LINE('',#7922,#3653);
#3214=LINE('',#7924,#3654);
#3215=LINE('',#7926,#3655);
#3216=LINE('',#7927,#3656);
#3217=LINE('',#7933,#3657);
#3218=LINE('',#7935,#3658);
#3219=LINE('',#7937,#3659);
#3220=LINE('',#7939,#3660);
#3221=LINE('',#7948,#3661);
#3222=LINE('',#7952,#3662);
#3223=LINE('',#7955,#3663);
#3224=LINE('',#7959,#3664);
#3225=LINE('',#7963,#3665);
#3226=LINE('',#7965,#3666);
#3227=LINE('',#7971,#3667);
#3228=LINE('',#7975,#3668);
#3229=LINE('',#7977,#3669);
#3230=LINE('',#7979,#3670);
#3231=LINE('',#7984,#3671);
#3232=LINE('',#7987,#3672);
#3233=LINE('',#7989,#3673);
#3234=LINE('',#7991,#3674);
#3235=LINE('',#7995,#3675);
#3236=LINE('',#7999,#3676);
#3237=LINE('',#8001,#3677);
#3238=LINE('',#8003,#3678);
#3239=LINE('',#8005,#3679);
#3240=LINE('',#8009,#3680);
#3241=LINE('',#8011,#3681);
#3242=LINE('',#8013,#3682);
#3243=LINE('',#8015,#3683);
#3244=LINE('',#8022,#3684);
#3245=LINE('',#8029,#3685);
#3246=LINE('',#8032,#3686);
#3247=LINE('',#8034,#3687);
#3248=LINE('',#8036,#3688);
#3249=LINE('',#8038,#3689);
#3250=LINE('',#8040,#3690);
#3251=LINE('',#8052,#3691);
#3252=LINE('',#8054,#3692);
#3253=LINE('',#8056,#3693);
#3254=LINE('',#8058,#3694);
#3255=LINE('',#8060,#3695);
#3256=LINE('',#8062,#3696);
#3257=LINE('',#8064,#3697);
#3258=LINE('',#8066,#3698);
#3259=LINE('',#8068,#3699);
#3260=LINE('',#8070,#3700);
#3261=LINE('',#8072,#3701);
#3262=LINE('',#8074,#3702);
#3263=LINE('',#8088,#3703);
#3264=LINE('',#8092,#3704);
#3265=LINE('',#8096,#3705);
#3266=LINE('',#8100,#3706);
#3267=LINE('',#8105,#3707);
#3268=LINE('',#8106,#3708);
#3269=LINE('',#8108,#3709);
#3270=LINE('',#8110,#3710);
#3271=LINE('',#8112,#3711);
#3272=LINE('',#8114,#3712);
#3273=LINE('',#8116,#3713);
#3274=LINE('',#8118,#3714);
#3275=LINE('',#8120,#3715);
#3276=LINE('',#8122,#3716);
#3277=LINE('',#8124,#3717);
#3278=LINE('',#8126,#3718);
#3279=LINE('',#8130,#3719);
#3280=LINE('',#8134,#3720);
#3281=LINE('',#8136,#3721);
#3282=LINE('',#8138,#3722);
#3283=LINE('',#8142,#3723);
#3284=LINE('',#8146,#3724);
#3285=LINE('',#8148,#3725);
#3286=LINE('',#8149,#3726);
#3287=LINE('',#8151,#3727);
#3288=LINE('',#8153,#3728);
#3289=LINE('',#8155,#3729);
#3290=LINE('',#8157,#3730);
#3291=LINE('',#8159,#3731);
#3292=LINE('',#8161,#3732);
#3293=LINE('',#8163,#3733);
#3294=LINE('',#8167,#3734);
#3295=LINE('',#8169,#3735);
#3296=LINE('',#8173,#3736);
#3297=LINE('',#8180,#3737);
#3298=LINE('',#8182,#3738);
#3299=LINE('',#8186,#3739);
#3300=LINE('',#8188,#3740);
#3301=LINE('',#8192,#3741);
#3302=LINE('',#8196,#3742);
#3303=LINE('',#8200,#3743);
#3304=LINE('',#8206,#3744);
#3305=LINE('',#8212,#3745);
#3306=LINE('',#8214,#3746);
#3307=LINE('',#8218,#3747);
#3308=LINE('',#8220,#3748);
#3309=LINE('',#8224,#3749);
#3310=LINE('',#8228,#3750);
#3311=LINE('',#8236,#3751);
#3312=LINE('',#8240,#3752);
#3313=LINE('',#8242,#3753);
#3314=LINE('',#8245,#3754);
#3315=LINE('',#8247,#3755);
#3316=LINE('',#8249,#3756);
#3317=LINE('',#8251,#3757);
#3318=LINE('',#8253,#3758);
#3319=LINE('',#8255,#3759);
#3320=LINE('',#8257,#3760);
#3321=LINE('',#8259,#3761);
#3322=LINE('',#8262,#3762);
#3323=LINE('',#8264,#3763);
#3324=LINE('',#8266,#3764);
#3325=LINE('',#8271,#3765);
#3326=LINE('',#8275,#3766);
#3327=LINE('',#8277,#3767);
#3328=LINE('',#8279,#3768);
#3329=LINE('',#8281,#3769);
#3330=LINE('',#8285,#3770);
#3331=LINE('',#8289,#3771);
#3332=LINE('',#8292,#3772);
#3333=LINE('',#8294,#3773);
#3334=LINE('',#8296,#3774);
#3335=LINE('',#8298,#3775);
#3336=LINE('',#8304,#3776);
#3337=LINE('',#8306,#3777);
#3338=LINE('',#8308,#3778);
#3339=LINE('',#8310,#3779);
#3340=LINE('',#8312,#3780);
#3341=LINE('',#8314,#3781);
#3342=LINE('',#8315,#3782);
#3343=LINE('',#8321,#3783);
#3344=LINE('',#8325,#3784);
#3345=LINE('',#8328,#3785);
#3346=LINE('',#8332,#3786);
#3347=LINE('',#8336,#3787);
#3348=LINE('',#8338,#3788);
#3349=LINE('',#8344,#3789);
#3350=LINE('',#8348,#3790);
#3351=LINE('',#8350,#3791);
#3352=LINE('',#8352,#3792);
#3353=LINE('',#8357,#3793);
#3354=LINE('',#8360,#3794);
#3355=LINE('',#8362,#3795);
#3356=LINE('',#8364,#3796);
#3357=LINE('',#8368,#3797);
#3358=LINE('',#8372,#3798);
#3359=LINE('',#8374,#3799);
#3360=LINE('',#8376,#3800);
#3361=LINE('',#8378,#3801);
#3362=LINE('',#8382,#3802);
#3363=LINE('',#8384,#3803);
#3364=LINE('',#8386,#3804);
#3365=LINE('',#8388,#3805);
#3366=LINE('',#8395,#3806);
#3367=LINE('',#8403,#3807);
#3368=LINE('',#8407,#3808);
#3369=LINE('',#8411,#3809);
#3370=LINE('',#8413,#3810);
#3371=LINE('',#8415,#3811);
#3372=LINE('',#8417,#3812);
#3373=LINE('',#8420,#3813);
#3374=LINE('',#8424,#3814);
#3375=LINE('',#8425,#3815);
#3376=LINE('',#8427,#3816);
#3377=LINE('',#8429,#3817);
#3378=LINE('',#8431,#3818);
#3379=LINE('',#8433,#3819);
#3380=LINE('',#8435,#3820);
#3381=LINE('',#8438,#3821);
#3382=LINE('',#8440,#3822);
#3383=LINE('',#8442,#3823);
#3384=LINE('',#8444,#3824);
#3385=LINE('',#8446,#3825);
#3386=LINE('',#8448,#3826);
#3387=LINE('',#8450,#3827);
#3388=LINE('',#8452,#3828);
#3389=LINE('',#8454,#3829);
#3390=LINE('',#8456,#3830);
#3391=LINE('',#8462,#3831);
#3392=LINE('',#8464,#3832);
#3393=LINE('',#8466,#3833);
#3394=LINE('',#8468,#3834);
#3395=LINE('',#8474,#3835);
#3396=LINE('',#8476,#3836);
#3397=LINE('',#8479,#3837);
#3398=LINE('',#8481,#3838);
#3399=LINE('',#8483,#3839);
#3400=LINE('',#8485,#3840);
#3401=LINE('',#8487,#3841);
#3402=LINE('',#8488,#3842);
#3403=LINE('',#8494,#3843);
#3404=LINE('',#8496,#3844);
#3405=LINE('',#8498,#3845);
#3406=LINE('',#8500,#3846);
#3407=LINE('',#8509,#3847);
#3408=LINE('',#8513,#3848);
#3409=LINE('',#8516,#3849);
#3410=LINE('',#8520,#3850);
#3411=LINE('',#8524,#3851);
#3412=LINE('',#8526,#3852);
#3413=LINE('',#8532,#3853);
#3414=LINE('',#8536,#3854);
#3415=LINE('',#8538,#3855);
#3416=LINE('',#8540,#3856);
#3417=LINE('',#8545,#3857);
#3418=LINE('',#8548,#3858);
#3419=LINE('',#8550,#3859);
#3420=LINE('',#8552,#3860);
#3421=LINE('',#8556,#3861);
#3422=LINE('',#8560,#3862);
#3423=LINE('',#8562,#3863);
#3424=LINE('',#8564,#3864);
#3425=LINE('',#8566,#3865);
#3426=LINE('',#8570,#3866);
#3427=LINE('',#8572,#3867);
#3428=LINE('',#8574,#3868);
#3429=LINE('',#8576,#3869);
#3430=LINE('',#8583,#3870);
#3431=LINE('',#8590,#3871);
#3432=LINE('',#8595,#3872);
#3433=LINE('',#8601,#3873);
#3434=LINE('',#8605,#3874);
#3435=LINE('',#8606,#3875);
#3436=LINE('',#8611,#3876);
#3437=LINE('',#8613,#3877);
#3438=LINE('',#8615,#3878);
#3439=LINE('',#8617,#3879);
#3440=LINE('',#8619,#3880);
#3441=LINE('',#8621,#3881);
#3442=LINE('',#8626,#3882);
#3443=LINE('',#8632,#3883);
#3444=LINE('',#8636,#3884);
#3445=LINE('',#8637,#3885);
#3446=LINE('',#8642,#3886);
#3447=LINE('',#8644,#3887);
#3448=LINE('',#8646,#3888);
#3449=LINE('',#8648,#3889);
#3450=LINE('',#8650,#3890);
#3451=LINE('',#8652,#3891);
#3452=LINE('',#8655,#3892);
#3453=LINE('',#8657,#3893);
#3454=LINE('',#8659,#3894);
#3455=LINE('',#8660,#3895);
#3456=LINE('',#8661,#3896);
#3457=LINE('',#8663,#3897);
#3458=LINE('',#8668,#3898);
#3459=LINE('',#8674,#3899);
#3460=LINE('',#8678,#3900);
#3461=LINE('',#8679,#3901);
#3462=LINE('',#8685,#3902);
#3463=LINE('',#8689,#3903);
#3464=LINE('',#8693,#3904);
#3465=LINE('',#8696,#3905);
#3466=LINE('',#8697,#3906);
#3467=LINE('',#8699,#3907);
#3468=LINE('',#8704,#3908);
#3469=LINE('',#8710,#3909);
#3470=LINE('',#8714,#3910);
#3471=LINE('',#8717,#3911);
#3472=LINE('',#8721,#3912);
#3473=LINE('',#8726,#3913);
#3474=LINE('',#8727,#3914);
#3475=LINE('',#8753,#3915);
#3476=LINE('',#8754,#3916);
#3477=LINE('',#8756,#3917);
#3478=LINE('',#8757,#3918);
#3479=LINE('',#8759,#3919);
#3480=LINE('',#8760,#3920);
#3481=LINE('',#8787,#3921);
#3482=LINE('',#8790,#3922);
#3483=LINE('',#8791,#3923);
#3484=LINE('',#8793,#3924);
#3485=LINE('',#8795,#3925);
#3486=LINE('',#8798,#3926);
#3487=LINE('',#8799,#3927);
#3488=LINE('',#8801,#3928);
#3489=LINE('',#8803,#3929);
#3490=LINE('',#8806,#3930);
#3491=LINE('',#8807,#3931);
#3492=LINE('',#8809,#3932);
#3493=LINE('',#8811,#3933);
#3494=LINE('',#8814,#3934);
#3495=LINE('',#8815,#3935);
#3496=LINE('',#8817,#3936);
#3497=LINE('',#8819,#3937);
#3498=VECTOR('',#5881,1000.);
#3499=VECTOR('',#5884,1000.);
#3500=VECTOR('',#5889,1000.);
#3501=VECTOR('',#5892,1000.);
#3502=VECTOR('',#5893,1000.);
#3503=VECTOR('',#5896,1000.);
#3504=VECTOR('',#5897,1000.);
#3505=VECTOR('',#5898,1000.);
#3506=VECTOR('',#5899,1000.);
#3507=VECTOR('',#5900,1000.);
#3508=VECTOR('',#5903,1000.);
#3509=VECTOR('',#5906,1000.);
#3510=VECTOR('',#5911,1000.);
#3511=VECTOR('',#5914,1000.);
#3512=VECTOR('',#5915,1000.);
#3513=VECTOR('',#5918,1000.);
#3514=VECTOR('',#5919,1000.);
#3515=VECTOR('',#5920,1000.);
#3516=VECTOR('',#5921,1000.);
#3517=VECTOR('',#5922,1000.);
#3518=VECTOR('',#5925,1000.);
#3519=VECTOR('',#5926,1000.);
#3520=VECTOR('',#5927,1000.);
#3521=VECTOR('',#5928,1000.);
#3522=VECTOR('',#5929,1000.);
#3523=VECTOR('',#5930,1000.);
#3524=VECTOR('',#5933,1000.);
#3525=VECTOR('',#5936,1000.);
#3526=VECTOR('',#5941,1000.);
#3527=VECTOR('',#5944,1000.);
#3528=VECTOR('',#5945,1000.);
#3529=VECTOR('',#5950,1000.);
#3530=VECTOR('',#5953,1000.);
#3531=VECTOR('',#5958,1000.);
#3532=VECTOR('',#5959,1000.);
#3533=VECTOR('',#5960,1000.);
#3534=VECTOR('',#5963,1000.);
#3535=VECTOR('',#5966,1000.);
#3536=VECTOR('',#5971,1000.);
#3537=VECTOR('',#5974,1000.);
#3538=VECTOR('',#5977,1000.);
#3539=VECTOR('',#5980,1000.);
#3540=VECTOR('',#5987,1000.);
#3541=VECTOR('',#5988,1000.);
#3542=VECTOR('',#6015,1000.);
#3543=VECTOR('',#6016,1000.);
#3544=VECTOR('',#6019,1000.);
#3545=VECTOR('',#6020,1000.);
#3546=VECTOR('',#6023,1000.);
#3547=VECTOR('',#6024,1000.);
#3548=VECTOR('',#6053,1000.);
#3549=VECTOR('',#6058,1000.);
#3550=VECTOR('',#6059,1000.);
#3551=VECTOR('',#6062,1000.);
#3552=VECTOR('',#6065,1000.);
#3553=VECTOR('',#6070,1000.);
#3554=VECTOR('',#6071,1000.);
#3555=VECTOR('',#6074,1000.);
#3556=VECTOR('',#6077,1000.);
#3557=VECTOR('',#6082,1000.);
#3558=VECTOR('',#6083,1000.);
#3559=VECTOR('',#6086,1000.);
#3560=VECTOR('',#6089,1000.);
#3561=VECTOR('',#6094,1000.);
#3562=VECTOR('',#6095,1000.);
#3563=VECTOR('',#6098,1000.);
#3564=VECTOR('',#6101,1000.);
#3565=VECTOR('',#6142,1000.);
#3566=VECTOR('',#6145,1000.);
#3567=VECTOR('',#6148,1000.);
#3568=VECTOR('',#6149,1000.);
#3569=VECTOR('',#6150,1000.);
#3570=VECTOR('',#6151,1000.);
#3571=VECTOR('',#6152,1000.);
#3572=VECTOR('',#6153,1000.);
#3573=VECTOR('',#6154,1000.);
#3574=VECTOR('',#6155,1000.);
#3575=VECTOR('',#6158,1000.);
#3576=VECTOR('',#6159,1000.);
#3577=VECTOR('',#6160,1000.);
#3578=VECTOR('',#6161,1000.);
#3579=VECTOR('',#6166,1000.);
#3580=VECTOR('',#6169,1000.);
#3581=VECTOR('',#6172,1000.);
#3582=VECTOR('',#6173,1000.);
#3583=VECTOR('',#6174,1000.);
#3584=VECTOR('',#6181,1000.);
#3585=VECTOR('',#6186,1000.);
#3586=VECTOR('',#6189,1000.);
#3587=VECTOR('',#6192,1000.);
#3588=VECTOR('',#6193,1000.);
#3589=VECTOR('',#6194,1000.);
#3590=VECTOR('',#6201,1000.);
#3591=VECTOR('',#6204,1000.);
#3592=VECTOR('',#6205,1000.);
#3593=VECTOR('',#6206,1000.);
#3594=VECTOR('',#6207,1000.);
#3595=VECTOR('',#6208,1000.);
#3596=VECTOR('',#6209,1000.);
#3597=VECTOR('',#6216,1000.);
#3598=VECTOR('',#6219,1000.);
#3599=VECTOR('',#6222,1000.);
#3600=VECTOR('',#6227,1000.);
#3601=VECTOR('',#6232,1000.);
#3602=VECTOR('',#6233,1000.);
#3603=VECTOR('',#6242,1000.);
#3604=VECTOR('',#6247,1000.);
#3605=VECTOR('',#6248,1000.);
#3606=VECTOR('',#6249,1000.);
#3607=VECTOR('',#6258,1000.);
#3608=VECTOR('',#6259,1000.);
#3609=VECTOR('',#6260,1000.);
#3610=VECTOR('',#6261,1000.);
#3611=VECTOR('',#6266,1000.);
#3612=VECTOR('',#6271,1000.);
#3613=VECTOR('',#6272,1000.);
#3614=VECTOR('',#6273,1000.);
#3615=VECTOR('',#6276,1000.);
#3616=VECTOR('',#6279,1000.);
#3617=VECTOR('',#6282,1000.);
#3618=VECTOR('',#6283,1000.);
#3619=VECTOR('',#6286,1000.);
#3620=VECTOR('',#6297,1000.);
#3621=VECTOR('',#6308,1000.);
#3622=VECTOR('',#6313,1000.);
#3623=VECTOR('',#6316,1000.);
#3624=VECTOR('',#6319,1000.);
#3625=VECTOR('',#6320,1000.);
#3626=VECTOR('',#6321,1000.);
#3627=VECTOR('',#6326,1000.);
#3628=VECTOR('',#6331,1000.);
#3629=VECTOR('',#6332,1000.);
#3630=VECTOR('',#6335,1000.);
#3631=VECTOR('',#6338,1000.);
#3632=VECTOR('',#6341,1000.);
#3633=VECTOR('',#6344,1000.);
#3634=VECTOR('',#6347,1000.);
#3635=VECTOR('',#6352,1000.);
#3636=VECTOR('',#6353,1000.);
#3637=VECTOR('',#6354,1000.);
#3638=VECTOR('',#6355,1000.);
#3639=VECTOR('',#6356,1000.);
#3640=VECTOR('',#6357,1000.);
#3641=VECTOR('',#6358,1000.);
#3642=VECTOR('',#6361,1000.);
#3643=VECTOR('',#6362,1000.);
#3644=VECTOR('',#6363,1000.);
#3645=VECTOR('',#6370,1000.);
#3646=VECTOR('',#6373,1000.);
#3647=VECTOR('',#6374,1000.);
#3648=VECTOR('',#6375,1000.);
#3649=VECTOR('',#6382,1000.);
#3650=VECTOR('',#6385,1000.);
#3651=VECTOR('',#6386,1000.);
#3652=VECTOR('',#6387,1000.);
#3653=VECTOR('',#6388,1000.);
#3654=VECTOR('',#6389,1000.);
#3655=VECTOR('',#6390,1000.);
#3656=VECTOR('',#6391,1000.);
#3657=VECTOR('',#6398,1000.);
#3658=VECTOR('',#6401,1000.);
#3659=VECTOR('',#6402,1000.);
#3660=VECTOR('',#6403,1000.);
#3661=VECTOR('',#6416,1000.);
#3662=VECTOR('',#6419,1000.);
#3663=VECTOR('',#6422,1000.);
#3664=VECTOR('',#6427,1000.);
#3665=VECTOR('',#6432,1000.);
#3666=VECTOR('',#6433,1000.);
#3667=VECTOR('',#6442,1000.);
#3668=VECTOR('',#6447,1000.);
#3669=VECTOR('',#6448,1000.);
#3670=VECTOR('',#6449,1000.);
#3671=VECTOR('',#6458,1000.);
#3672=VECTOR('',#6459,1000.);
#3673=VECTOR('',#6460,1000.);
#3674=VECTOR('',#6461,1000.);
#3675=VECTOR('',#6466,1000.);
#3676=VECTOR('',#6471,1000.);
#3677=VECTOR('',#6472,1000.);
#3678=VECTOR('',#6473,1000.);
#3679=VECTOR('',#6476,1000.);
#3680=VECTOR('',#6479,1000.);
#3681=VECTOR('',#6482,1000.);
#3682=VECTOR('',#6483,1000.);
#3683=VECTOR('',#6486,1000.);
#3684=VECTOR('',#6497,1000.);
#3685=VECTOR('',#6508,1000.);
#3686=VECTOR('',#6509,1000.);
#3687=VECTOR('',#6510,1000.);
#3688=VECTOR('',#6511,1000.);
#3689=VECTOR('',#6512,1000.);
#3690=VECTOR('',#6513,1000.);
#3691=VECTOR('',#6530,1000.);
#3692=VECTOR('',#6531,1000.);
#3693=VECTOR('',#6532,1000.);
#3694=VECTOR('',#6535,1000.);
#3695=VECTOR('',#6536,1000.);
#3696=VECTOR('',#6539,1000.);
#3697=VECTOR('',#6540,1000.);
#3698=VECTOR('',#6543,1000.);
#3699=VECTOR('',#6544,1000.);
#3700=VECTOR('',#6547,1000.);
#3701=VECTOR('',#6548,1000.);
#3702=VECTOR('',#6551,1000.);
#3703=VECTOR('',#6570,1000.);
#3704=VECTOR('',#6573,1000.);
#3705=VECTOR('',#6576,1000.);
#3706=VECTOR('',#6579,1000.);
#3707=VECTOR('',#6584,1000.);
#3708=VECTOR('',#6585,1000.);
#3709=VECTOR('',#6588,1000.);
#3710=VECTOR('',#6589,1000.);
#3711=VECTOR('',#6590,1000.);
#3712=VECTOR('',#6591,1000.);
#3713=VECTOR('',#6592,1000.);
#3714=VECTOR('',#6593,1000.);
#3715=VECTOR('',#6594,1000.);
#3716=VECTOR('',#6595,1000.);
#3717=VECTOR('',#6596,1000.);
#3718=VECTOR('',#6597,1000.);
#3719=VECTOR('',#6602,1000.);
#3720=VECTOR('',#6607,1000.);
#3721=VECTOR('',#6608,1000.);
#3722=VECTOR('',#6609,1000.);
#3723=VECTOR('',#6614,1000.);
#3724=VECTOR('',#6619,1000.);
#3725=VECTOR('',#6620,1000.);
#3726=VECTOR('',#6621,1000.);
#3727=VECTOR('',#6622,1000.);
#3728=VECTOR('',#6623,1000.);
#3729=VECTOR('',#6624,1000.);
#3730=VECTOR('',#6625,1000.);
#3731=VECTOR('',#6626,1000.);
#3732=VECTOR('',#6627,1000.);
#3733=VECTOR('',#6628,1000.);
#3734=VECTOR('',#6633,1000.);
#3735=VECTOR('',#6636,1000.);
#3736=VECTOR('',#6641,1000.);
#3737=VECTOR('',#6650,1000.);
#3738=VECTOR('',#6653,1000.);
#3739=VECTOR('',#6658,1000.);
#3740=VECTOR('',#6659,1000.);
#3741=VECTOR('',#6666,1000.);
#3742=VECTOR('',#6671,1000.);
#3743=VECTOR('',#6676,1000.);
#3744=VECTOR('',#6683,1000.);
#3745=VECTOR('',#6690,1000.);
#3746=VECTOR('',#6693,1000.);
#3747=VECTOR('',#6698,1000.);
#3748=VECTOR('',#6699,1000.);
#3749=VECTOR('',#6706,1000.);
#3750=VECTOR('',#6711,1000.);
#3751=VECTOR('',#6722,1000.);
#3752=VECTOR('',#6725,1000.);
#3753=VECTOR('',#6728,1000.);
#3754=VECTOR('',#6729,1000.);
#3755=VECTOR('',#6730,1000.);
#3756=VECTOR('',#6731,1000.);
#3757=VECTOR('',#6732,1000.);
#3758=VECTOR('',#6733,1000.);
#3759=VECTOR('',#6734,1000.);
#3760=VECTOR('',#6735,1000.);
#3761=VECTOR('',#6738,1000.);
#3762=VECTOR('',#6739,1000.);
#3763=VECTOR('',#6740,1000.);
#3764=VECTOR('',#6741,1000.);
#3765=VECTOR('',#6746,1000.);
#3766=VECTOR('',#6749,1000.);
#3767=VECTOR('',#6752,1000.);
#3768=VECTOR('',#6753,1000.);
#3769=VECTOR('',#6754,1000.);
#3770=VECTOR('',#6761,1000.);
#3771=VECTOR('',#6766,1000.);
#3772=VECTOR('',#6769,1000.);
#3773=VECTOR('',#6772,1000.);
#3774=VECTOR('',#6773,1000.);
#3775=VECTOR('',#6774,1000.);
#3776=VECTOR('',#6781,1000.);
#3777=VECTOR('',#6784,1000.);
#3778=VECTOR('',#6785,1000.);
#3779=VECTOR('',#6786,1000.);
#3780=VECTOR('',#6787,1000.);
#3781=VECTOR('',#6788,1000.);
#3782=VECTOR('',#6789,1000.);
#3783=VECTOR('',#6796,1000.);
#3784=VECTOR('',#6799,1000.);
#3785=VECTOR('',#6802,1000.);
#3786=VECTOR('',#6807,1000.);
#3787=VECTOR('',#6812,1000.);
#3788=VECTOR('',#6813,1000.);
#3789=VECTOR('',#6822,1000.);
#3790=VECTOR('',#6827,1000.);
#3791=VECTOR('',#6828,1000.);
#3792=VECTOR('',#6829,1000.);
#3793=VECTOR('',#6838,1000.);
#3794=VECTOR('',#6839,1000.);
#3795=VECTOR('',#6840,1000.);
#3796=VECTOR('',#6841,1000.);
#3797=VECTOR('',#6846,1000.);
#3798=VECTOR('',#6851,1000.);
#3799=VECTOR('',#6852,1000.);
#3800=VECTOR('',#6853,1000.);
#3801=VECTOR('',#6856,1000.);
#3802=VECTOR('',#6859,1000.);
#3803=VECTOR('',#6862,1000.);
#3804=VECTOR('',#6863,1000.);
#3805=VECTOR('',#6866,1000.);
#3806=VECTOR('',#6877,1000.);
#3807=VECTOR('',#6888,1000.);
#3808=VECTOR('',#6893,1000.);
#3809=VECTOR('',#6896,1000.);
#3810=VECTOR('',#6899,1000.);
#3811=VECTOR('',#6900,1000.);
#3812=VECTOR('',#6901,1000.);
#3813=VECTOR('',#6906,1000.);
#3814=VECTOR('',#6911,1000.);
#3815=VECTOR('',#6912,1000.);
#3816=VECTOR('',#6915,1000.);
#3817=VECTOR('',#6918,1000.);
#3818=VECTOR('',#6921,1000.);
#3819=VECTOR('',#6924,1000.);
#3820=VECTOR('',#6927,1000.);
#3821=VECTOR('',#6932,1000.);
#3822=VECTOR('',#6933,1000.);
#3823=VECTOR('',#6934,1000.);
#3824=VECTOR('',#6935,1000.);
#3825=VECTOR('',#6936,1000.);
#3826=VECTOR('',#6937,1000.);
#3827=VECTOR('',#6938,1000.);
#3828=VECTOR('',#6941,1000.);
#3829=VECTOR('',#6942,1000.);
#3830=VECTOR('',#6943,1000.);
#3831=VECTOR('',#6950,1000.);
#3832=VECTOR('',#6953,1000.);
#3833=VECTOR('',#6954,1000.);
#3834=VECTOR('',#6955,1000.);
#3835=VECTOR('',#6962,1000.);
#3836=VECTOR('',#6965,1000.);
#3837=VECTOR('',#6966,1000.);
#3838=VECTOR('',#6967,1000.);
#3839=VECTOR('',#6968,1000.);
#3840=VECTOR('',#6969,1000.);
#3841=VECTOR('',#6970,1000.);
#3842=VECTOR('',#6971,1000.);
#3843=VECTOR('',#6978,1000.);
#3844=VECTOR('',#6981,1000.);
#3845=VECTOR('',#6982,1000.);
#3846=VECTOR('',#6983,1000.);
#3847=VECTOR('',#6996,1000.);
#3848=VECTOR('',#6999,1000.);
#3849=VECTOR('',#7002,1000.);
#3850=VECTOR('',#7007,1000.);
#3851=VECTOR('',#7012,1000.);
#3852=VECTOR('',#7013,1000.);
#3853=VECTOR('',#7022,1000.);
#3854=VECTOR('',#7027,1000.);
#3855=VECTOR('',#7028,1000.);
#3856=VECTOR('',#7029,1000.);
#3857=VECTOR('',#7038,1000.);
#3858=VECTOR('',#7039,1000.);
#3859=VECTOR('',#7040,1000.);
#3860=VECTOR('',#7041,1000.);
#3861=VECTOR('',#7046,1000.);
#3862=VECTOR('',#7051,1000.);
#3863=VECTOR('',#7052,1000.);
#3864=VECTOR('',#7053,1000.);
#3865=VECTOR('',#7056,1000.);
#3866=VECTOR('',#7059,1000.);
#3867=VECTOR('',#7062,1000.);
#3868=VECTOR('',#7063,1000.);
#3869=VECTOR('',#7066,1000.);
#3870=VECTOR('',#7077,1000.);
#3871=VECTOR('',#7090,1000.);
#3872=VECTOR('',#7093,1000.);
#3873=VECTOR('',#7098,1000.);
#3874=VECTOR('',#7101,1000.);
#3875=VECTOR('',#7102,1000.);
#3876=VECTOR('',#7105,1000.);
#3877=VECTOR('',#7106,1000.);
#3878=VECTOR('',#7107,1000.);
#3879=VECTOR('',#7108,1000.);
#3880=VECTOR('',#7109,1000.);
#3881=VECTOR('',#7112,1000.);
#3882=VECTOR('',#7115,1000.);
#3883=VECTOR('',#7120,1000.);
#3884=VECTOR('',#7123,1000.);
#3885=VECTOR('',#7124,1000.);
#3886=VECTOR('',#7127,1000.);
#3887=VECTOR('',#7128,1000.);
#3888=VECTOR('',#7129,1000.);
#3889=VECTOR('',#7130,1000.);
#3890=VECTOR('',#7131,1000.);
#3891=VECTOR('',#7134,1000.);
#3892=VECTOR('',#7135,1000.);
#3893=VECTOR('',#7136,1000.);
#3894=VECTOR('',#7137,1000.);
#3895=VECTOR('',#7138,1000.);
#3896=VECTOR('',#7139,1000.);
#3897=VECTOR('',#7142,1000.);
#3898=VECTOR('',#7145,1000.);
#3899=VECTOR('',#7150,1000.);
#3900=VECTOR('',#7153,1000.);
#3901=VECTOR('',#7154,1000.);
#3902=VECTOR('',#7159,1000.);
#3903=VECTOR('',#7162,1000.);
#3904=VECTOR('',#7167,1000.);
#3905=VECTOR('',#7168,1000.);
#3906=VECTOR('',#7169,1000.);
#3907=VECTOR('',#7172,1000.);
#3908=VECTOR('',#7175,1000.);
#3909=VECTOR('',#7180,1000.);
#3910=VECTOR('',#7183,1000.);
#3911=VECTOR('',#7186,1000.);
#3912=VECTOR('',#7189,1000.);
#3913=VECTOR('',#7196,1000.);
#3914=VECTOR('',#7197,1000.);
#3915=VECTOR('',#7224,1000.);
#3916=VECTOR('',#7225,1000.);
#3917=VECTOR('',#7228,1000.);
#3918=VECTOR('',#7229,1000.);
#3919=VECTOR('',#7232,1000.);
#3920=VECTOR('',#7233,1000.);
#3921=VECTOR('',#7262,1000.);
#3922=VECTOR('',#7267,1000.);
#3923=VECTOR('',#7268,1000.);
#3924=VECTOR('',#7271,1000.);
#3925=VECTOR('',#7274,1000.);
#3926=VECTOR('',#7279,1000.);
#3927=VECTOR('',#7280,1000.);
#3928=VECTOR('',#7283,1000.);
#3929=VECTOR('',#7286,1000.);
#3930=VECTOR('',#7291,1000.);
#3931=VECTOR('',#7292,1000.);
#3932=VECTOR('',#7295,1000.);
#3933=VECTOR('',#7298,1000.);
#3934=VECTOR('',#7303,1000.);
#3935=VECTOR('',#7304,1000.);
#3936=VECTOR('',#7307,1000.);
#3937=VECTOR('',#7310,1000.);
#3938=EDGE_LOOP('',(#502,#503,#504,#505));
#3939=EDGE_LOOP('',(#506,#507,#508,#509));
#3940=EDGE_LOOP('',(#510,#511,#512,#513,#514,#515,#516));
#3941=EDGE_LOOP('',(#517,#518,#519,#520));
#3942=EDGE_LOOP('',(#521,#522,#523,#524));
#3943=EDGE_LOOP('',(#525,#526,#527,#528,#529,#530,#531));
#3944=EDGE_LOOP('',(#532,#533,#534,#535,#536,#537,#538,#539));
#3945=EDGE_LOOP('',(#540,#541,#542,#543));
#3946=EDGE_LOOP('',(#544,#545,#546,#547));
#3947=EDGE_LOOP('',(#548,#549,#550,#551,#552,#553,#554,#555));
#3948=EDGE_LOOP('',(#556,#557,#558,#559));
#3949=EDGE_LOOP('',(#560,#561,#562,#563));
#3950=EDGE_LOOP('',(#564,#565,#566,#567));
#3951=EDGE_LOOP('',(#568,#569,#570,#571,#572,#573,#574,#575));
#3952=EDGE_LOOP('',(#576,#577,#578,#579));
#3953=EDGE_LOOP('',(#580));
#3954=EDGE_LOOP('',(#581));
#3955=EDGE_LOOP('',(#582));
#3956=EDGE_LOOP('',(#583));
#3957=EDGE_LOOP('',(#584));
#3958=EDGE_LOOP('',(#585));
#3959=EDGE_LOOP('',(#586));
#3960=EDGE_LOOP('',(#587));
#3961=EDGE_LOOP('',(#588));
#3962=EDGE_LOOP('',(#589));
#3963=EDGE_LOOP('',(#590));
#3964=EDGE_LOOP('',(#591));
#3965=EDGE_LOOP('',(#592,#593,#594,#595));
#3966=EDGE_LOOP('',(#596,#597,#598,#599));
#3967=EDGE_LOOP('',(#600,#601,#602,#603));
#3968=EDGE_LOOP('',(#604));
#3969=EDGE_LOOP('',(#605));
#3970=EDGE_LOOP('',(#606));
#3971=EDGE_LOOP('',(#607));
#3972=EDGE_LOOP('',(#608));
#3973=EDGE_LOOP('',(#609));
#3974=EDGE_LOOP('',(#610));
#3975=EDGE_LOOP('',(#611));
#3976=EDGE_LOOP('',(#612));
#3977=EDGE_LOOP('',(#613));
#3978=EDGE_LOOP('',(#614));
#3979=EDGE_LOOP('',(#615));
#3980=EDGE_LOOP('',(#616,#617,#618,#619));
#3981=EDGE_LOOP('',(#620,#621,#622,#623));
#3982=EDGE_LOOP('',(#624,#625,#626,#627));
#3983=EDGE_LOOP('',(#628,#629,#630,#631));
#3984=EDGE_LOOP('',(#632,#633,#634,#635));
#3985=EDGE_LOOP('',(#636,#637,#638,#639));
#3986=EDGE_LOOP('',(#640,#641,#642,#643));
#3987=EDGE_LOOP('',(#644,#645,#646,#647));
#3988=EDGE_LOOP('',(#648,#649,#650,#651));
#3989=EDGE_LOOP('',(#652,#653,#654,#655));
#3990=EDGE_LOOP('',(#656,#657,#658,#659));
#3991=EDGE_LOOP('',(#660,#661,#662,#663));
#3992=EDGE_LOOP('',(#664,#665,#666,#667));
#3993=EDGE_LOOP('',(#668,#669,#670,#671));
#3994=EDGE_LOOP('',(#672,#673,#674,#675));
#3995=EDGE_LOOP('',(#676,#677,#678,#679));
#3996=EDGE_LOOP('',(#680,#681,#682,#683));
#3997=EDGE_LOOP('',(#684,#685,#686,#687));
#3998=EDGE_LOOP('',(#688,#689,#690,#691));
#3999=EDGE_LOOP('',(#692));
#4000=EDGE_LOOP('',(#693));
#4001=EDGE_LOOP('',(#694));
#4002=EDGE_LOOP('',(#695));
#4003=EDGE_LOOP('',(#696));
#4004=EDGE_LOOP('',(#697));
#4005=EDGE_LOOP('',(#698));
#4006=EDGE_LOOP('',(#699));
#4007=EDGE_LOOP('',(#700));
#4008=EDGE_LOOP('',(#701));
#4009=EDGE_LOOP('',(#702));
#4010=EDGE_LOOP('',(#703));
#4011=EDGE_LOOP('',(#704));
#4012=EDGE_LOOP('',(#705));
#4013=EDGE_LOOP('',(#706));
#4014=EDGE_LOOP('',(#707));
#4015=EDGE_LOOP('',(#708));
#4016=EDGE_LOOP('',(#709));
#4017=EDGE_LOOP('',(#710));
#4018=EDGE_LOOP('',(#711));
#4019=EDGE_LOOP('',(#712));
#4020=EDGE_LOOP('',(#713));
#4021=EDGE_LOOP('',(#714));
#4022=EDGE_LOOP('',(#715));
#4023=EDGE_LOOP('',(#716,#717,#718,#719));
#4024=EDGE_LOOP('',(#720,#721,#722,#723));
#4025=EDGE_LOOP('',(#724,#725,#726,#727));
#4026=EDGE_LOOP('',(#728,#729,#730,#731,#732,#733,#734,#735));
#4027=EDGE_LOOP('',(#736,#737,#738,#739));
#4028=EDGE_LOOP('',(#740,#741,#742,#743,#744,#745,#746,#747));
#4029=EDGE_LOOP('',(#748,#749,#750,#751));
#4030=EDGE_LOOP('',(#752,#753,#754,#755));
#4031=EDGE_LOOP('',(#756,#757,#758,#759));
#4032=EDGE_LOOP('',(#760,#761,#762,#763,#764,#765));
#4033=EDGE_LOOP('',(#766,#767,#768,#769,#770,#771));
#4034=EDGE_LOOP('',(#772,#773,#774,#775));
#4035=EDGE_LOOP('',(#776,#777,#778,#779));
#4036=EDGE_LOOP('',(#780,#781,#782,#783,#784,#785,#786,#787));
#4037=EDGE_LOOP('',(#788,#789,#790,#791,#792,#793,#794,#795));
#4038=EDGE_LOOP('',(#796,#797,#798,#799));
#4039=EDGE_LOOP('',(#800,#801,#802,#803,#804,#805,#806,#807));
#4040=EDGE_LOOP('',(#808,#809,#810,#811));
#4041=EDGE_LOOP('',(#812,#813,#814,#815));
#4042=EDGE_LOOP('',(#816,#817,#818,#819));
#4043=EDGE_LOOP('',(#820,#821,#822,#823));
#4044=EDGE_LOOP('',(#824,#825,#826,#827));
#4045=EDGE_LOOP('',(#828,#829,#830,#831));
#4046=EDGE_LOOP('',(#832,#833,#834,#835));
#4047=EDGE_LOOP('',(#836,#837,#838,#839));
#4048=EDGE_LOOP('',(#840,#841,#842,#843));
#4049=EDGE_LOOP('',(#844,#845,#846,#847));
#4050=EDGE_LOOP('',(#848,#849,#850,#851));
#4051=EDGE_LOOP('',(#852,#853,#854,#855));
#4052=EDGE_LOOP('',(#856,#857,#858,#859));
#4053=EDGE_LOOP('',(#860,#861,#862,#863));
#4054=EDGE_LOOP('',(#864,#865,#866,#867));
#4055=EDGE_LOOP('',(#868,#869,#870,#871));
#4056=EDGE_LOOP('',(#872,#873,#874,#875,#876,#877,#878,#879));
#4057=EDGE_LOOP('',(#880,#881,#882,#883));
#4058=EDGE_LOOP('',(#884,#885,#886,#887,#888,#889,#890,#891));
#4059=EDGE_LOOP('',(#892,#893,#894,#895));
#4060=EDGE_LOOP('',(#896,#897,#898,#899));
#4061=EDGE_LOOP('',(#900,#901,#902,#903));
#4062=EDGE_LOOP('',(#904,#905,#906,#907));
#4063=EDGE_LOOP('',(#908,#909,#910,#911));
#4064=EDGE_LOOP('',(#912,#913,#914,#915));
#4065=EDGE_LOOP('',(#916,#917,#918,#919));
#4066=EDGE_LOOP('',(#920,#921,#922,#923));
#4067=EDGE_LOOP('',(#924,#925,#926,#927));
#4068=EDGE_LOOP('',(#928,#929,#930,#931));
#4069=EDGE_LOOP('',(#932,#933,#934,#935));
#4070=EDGE_LOOP('',(#936,#937,#938,#939,#940,#941,#942,#943));
#4071=EDGE_LOOP('',(#944,#945,#946,#947));
#4072=EDGE_LOOP('',(#948,#949,#950,#951,#952,#953));
#4073=EDGE_LOOP('',(#954,#955,#956,#957));
#4074=EDGE_LOOP('',(#958,#959,#960,#961));
#4075=EDGE_LOOP('',(#962,#963,#964,#965,#966,#967,#968,#969));
#4076=EDGE_LOOP('',(#970,#971,#972,#973));
#4077=EDGE_LOOP('',(#974,#975,#976,#977));
#4078=EDGE_LOOP('',(#978,#979,#980,#981,#982,#983));
#4079=EDGE_LOOP('',(#984,#985,#986,#987,#988,#989,#990,#991));
#4080=EDGE_LOOP('',(#992,#993,#994,#995));
#4081=EDGE_LOOP('',(#996,#997,#998,#999,#1000,#1001,#1002,#1003));
#4082=EDGE_LOOP('',(#1004,#1005,#1006,#1007));
#4083=EDGE_LOOP('',(#1008,#1009,#1010,#1011));
#4084=EDGE_LOOP('',(#1012,#1013,#1014,#1015));
#4085=EDGE_LOOP('',(#1016,#1017,#1018,#1019));
#4086=EDGE_LOOP('',(#1020,#1021,#1022,#1023));
#4087=EDGE_LOOP('',(#1024,#1025,#1026,#1027));
#4088=EDGE_LOOP('',(#1028,#1029,#1030,#1031));
#4089=EDGE_LOOP('',(#1032,#1033,#1034,#1035));
#4090=EDGE_LOOP('',(#1036,#1037,#1038,#1039));
#4091=EDGE_LOOP('',(#1040,#1041,#1042,#1043));
#4092=EDGE_LOOP('',(#1044,#1045,#1046,#1047));
#4093=EDGE_LOOP('',(#1048,#1049,#1050,#1051));
#4094=EDGE_LOOP('',(#1052,#1053,#1054,#1055));
#4095=EDGE_LOOP('',(#1056,#1057,#1058,#1059));
#4096=EDGE_LOOP('',(#1060,#1061,#1062,#1063));
#4097=EDGE_LOOP('',(#1064,#1065,#1066,#1067));
#4098=EDGE_LOOP('',(#1068,#1069,#1070,#1071,#1072,#1073,#1074,#1075));
#4099=EDGE_LOOP('',(#1076,#1077,#1078,#1079));
#4100=EDGE_LOOP('',(#1080,#1081,#1082,#1083,#1084,#1085,#1086,#1087));
#4101=EDGE_LOOP('',(#1088));
#4102=EDGE_LOOP('',(#1089,#1090,#1091,#1092,#1093,#1094));
#4103=EDGE_LOOP('',(#1095));
#4104=EDGE_LOOP('',(#1096));
#4105=EDGE_LOOP('',(#1097));
#4106=EDGE_LOOP('',(#1098));
#4107=EDGE_LOOP('',(#1099));
#4108=EDGE_LOOP('',(#1100));
#4109=EDGE_LOOP('',(#1101));
#4110=EDGE_LOOP('',(#1102,#1103,#1104,#1105));
#4111=EDGE_LOOP('',(#1106,#1107,#1108,#1109));
#4112=EDGE_LOOP('',(#1110,#1111,#1112,#1113));
#4113=EDGE_LOOP('',(#1114,#1115,#1116,#1117));
#4114=EDGE_LOOP('',(#1118,#1119,#1120,#1121));
#4115=EDGE_LOOP('',(#1122,#1123,#1124,#1125));
#4116=EDGE_LOOP('',(#1126));
#4117=EDGE_LOOP('',(#1127,#1128,#1129,#1130,#1131,#1132));
#4118=EDGE_LOOP('',(#1133));
#4119=EDGE_LOOP('',(#1134));
#4120=EDGE_LOOP('',(#1135));
#4121=EDGE_LOOP('',(#1136,#1137,#1138,#1139,#1140,#1141,#1142,#1143));
#4122=EDGE_LOOP('',(#1144,#1145,#1146,#1147));
#4123=EDGE_LOOP('',(#1148,#1149,#1150,#1151,#1152,#1153,#1154,#1155,#1156,
#1157,#1158,#1159));
#4124=EDGE_LOOP('',(#1160,#1161,#1162,#1163));
#4125=EDGE_LOOP('',(#1164,#1165,#1166,#1167));
#4126=EDGE_LOOP('',(#1168,#1169,#1170,#1171));
#4127=EDGE_LOOP('',(#1172,#1173,#1174,#1175,#1176,#1177,#1178,#1179,#1180,
#1181,#1182,#1183));
#4128=EDGE_LOOP('',(#1184,#1185,#1186,#1187));
#4129=EDGE_LOOP('',(#1188,#1189,#1190,#1191));
#4130=EDGE_LOOP('',(#1192,#1193,#1194,#1195,#1196,#1197,#1198,#1199));
#4131=EDGE_LOOP('',(#1200,#1201,#1202,#1203,#1204,#1205,#1206,#1207));
#4132=EDGE_LOOP('',(#1208,#1209,#1210,#1211));
#4133=EDGE_LOOP('',(#1212,#1213,#1214,#1215));
#4134=EDGE_LOOP('',(#1216,#1217,#1218,#1219));
#4135=EDGE_LOOP('',(#1220,#1221,#1222,#1223));
#4136=EDGE_LOOP('',(#1224,#1225,#1226,#1227));
#4137=EDGE_LOOP('',(#1228,#1229,#1230,#1231));
#4138=EDGE_LOOP('',(#1232,#1233,#1234,#1235,#1236,#1237,#1238,#1239));
#4139=EDGE_LOOP('',(#1240,#1241,#1242,#1243,#1244,#1245,#1246,#1247));
#4140=EDGE_LOOP('',(#1248,#1249,#1250,#1251));
#4141=EDGE_LOOP('',(#1252,#1253,#1254,#1255));
#4142=EDGE_LOOP('',(#1256,#1257,#1258,#1259));
#4143=EDGE_LOOP('',(#1260,#1261,#1262,#1263));
#4144=EDGE_LOOP('',(#1264,#1265,#1266,#1267));
#4145=EDGE_LOOP('',(#1268,#1269,#1270,#1271));
#4146=EDGE_LOOP('',(#1272,#1273,#1274,#1275,#1276,#1277,#1278,#1279));
#4147=EDGE_LOOP('',(#1280,#1281,#1282,#1283));
#4148=EDGE_LOOP('',(#1284,#1285,#1286,#1287,#1288,#1289,#1290,#1291));
#4149=EDGE_LOOP('',(#1292,#1293,#1294,#1295));
#4150=EDGE_LOOP('',(#1296,#1297,#1298,#1299));
#4151=EDGE_LOOP('',(#1300,#1301,#1302,#1303));
#4152=EDGE_LOOP('',(#1304,#1305,#1306,#1307,#1308,#1309));
#4153=EDGE_LOOP('',(#1310,#1311,#1312,#1313,#1314,#1315));
#4154=EDGE_LOOP('',(#1316,#1317,#1318,#1319));
#4155=EDGE_LOOP('',(#1320,#1321,#1322,#1323));
#4156=EDGE_LOOP('',(#1324,#1325,#1326,#1327,#1328,#1329,#1330,#1331));
#4157=EDGE_LOOP('',(#1332,#1333,#1334,#1335,#1336,#1337,#1338,#1339));
#4158=EDGE_LOOP('',(#1340,#1341,#1342,#1343));
#4159=EDGE_LOOP('',(#1344,#1345,#1346,#1347,#1348,#1349,#1350,#1351));
#4160=EDGE_LOOP('',(#1352,#1353,#1354,#1355));
#4161=EDGE_LOOP('',(#1356,#1357,#1358,#1359));
#4162=EDGE_LOOP('',(#1360,#1361,#1362,#1363));
#4163=EDGE_LOOP('',(#1364,#1365,#1366,#1367));
#4164=EDGE_LOOP('',(#1368,#1369,#1370,#1371));
#4165=EDGE_LOOP('',(#1372,#1373,#1374,#1375));
#4166=EDGE_LOOP('',(#1376,#1377,#1378,#1379));
#4167=EDGE_LOOP('',(#1380,#1381,#1382,#1383));
#4168=EDGE_LOOP('',(#1384,#1385,#1386,#1387));
#4169=EDGE_LOOP('',(#1388,#1389,#1390,#1391));
#4170=EDGE_LOOP('',(#1392,#1393,#1394,#1395));
#4171=EDGE_LOOP('',(#1396,#1397,#1398,#1399));
#4172=EDGE_LOOP('',(#1400,#1401,#1402,#1403));
#4173=EDGE_LOOP('',(#1404,#1405,#1406,#1407));
#4174=EDGE_LOOP('',(#1408,#1409,#1410,#1411));
#4175=EDGE_LOOP('',(#1412,#1413,#1414,#1415));
#4176=EDGE_LOOP('',(#1416,#1417,#1418,#1419,#1420,#1421,#1422,#1423));
#4177=EDGE_LOOP('',(#1424,#1425,#1426,#1427));
#4178=EDGE_LOOP('',(#1428,#1429,#1430,#1431,#1432,#1433,#1434,#1435));
#4179=EDGE_LOOP('',(#1436,#1437,#1438,#1439));
#4180=EDGE_LOOP('',(#1440,#1441,#1442,#1443));
#4181=EDGE_LOOP('',(#1444,#1445,#1446,#1447));
#4182=EDGE_LOOP('',(#1448,#1449,#1450,#1451));
#4183=EDGE_LOOP('',(#1452,#1453,#1454,#1455));
#4184=EDGE_LOOP('',(#1456,#1457,#1458,#1459));
#4185=EDGE_LOOP('',(#1460,#1461,#1462,#1463));
#4186=EDGE_LOOP('',(#1464,#1465,#1466,#1467));
#4187=EDGE_LOOP('',(#1468,#1469,#1470,#1471));
#4188=EDGE_LOOP('',(#1472,#1473,#1474,#1475));
#4189=EDGE_LOOP('',(#1476,#1477,#1478,#1479));
#4190=EDGE_LOOP('',(#1480,#1481,#1482,#1483,#1484,#1485,#1486,#1487));
#4191=EDGE_LOOP('',(#1488,#1489,#1490,#1491));
#4192=EDGE_LOOP('',(#1492,#1493,#1494,#1495,#1496,#1497));
#4193=EDGE_LOOP('',(#1498,#1499,#1500,#1501));
#4194=EDGE_LOOP('',(#1502,#1503,#1504,#1505));
#4195=EDGE_LOOP('',(#1506,#1507,#1508,#1509,#1510,#1511,#1512,#1513));
#4196=EDGE_LOOP('',(#1514,#1515,#1516,#1517));
#4197=EDGE_LOOP('',(#1518,#1519,#1520,#1521));
#4198=EDGE_LOOP('',(#1522,#1523,#1524,#1525,#1526,#1527));
#4199=EDGE_LOOP('',(#1528,#1529,#1530,#1531,#1532,#1533,#1534,#1535));
#4200=EDGE_LOOP('',(#1536,#1537,#1538,#1539));
#4201=EDGE_LOOP('',(#1540,#1541,#1542,#1543,#1544,#1545,#1546,#1547));
#4202=EDGE_LOOP('',(#1548,#1549,#1550,#1551));
#4203=EDGE_LOOP('',(#1552,#1553,#1554,#1555));
#4204=EDGE_LOOP('',(#1556,#1557,#1558,#1559));
#4205=EDGE_LOOP('',(#1560,#1561,#1562,#1563));
#4206=EDGE_LOOP('',(#1564,#1565,#1566,#1567));
#4207=EDGE_LOOP('',(#1568,#1569,#1570,#1571));
#4208=EDGE_LOOP('',(#1572,#1573,#1574,#1575));
#4209=EDGE_LOOP('',(#1576,#1577,#1578,#1579));
#4210=EDGE_LOOP('',(#1580,#1581,#1582,#1583));
#4211=EDGE_LOOP('',(#1584,#1585,#1586,#1587));
#4212=EDGE_LOOP('',(#1588,#1589,#1590,#1591));
#4213=EDGE_LOOP('',(#1592,#1593,#1594,#1595));
#4214=EDGE_LOOP('',(#1596,#1597,#1598,#1599));
#4215=EDGE_LOOP('',(#1600,#1601,#1602,#1603));
#4216=EDGE_LOOP('',(#1604,#1605,#1606,#1607));
#4217=EDGE_LOOP('',(#1608,#1609,#1610,#1611));
#4218=EDGE_LOOP('',(#1612,#1613,#1614,#1615,#1616,#1617,#1618,#1619));
#4219=EDGE_LOOP('',(#1620,#1621,#1622,#1623));
#4220=EDGE_LOOP('',(#1624,#1625,#1626,#1627,#1628,#1629,#1630,#1631));
#4221=EDGE_LOOP('',(#1632,#1633,#1634,#1635));
#4222=EDGE_LOOP('',(#1636,#1637,#1638,#1639));
#4223=EDGE_LOOP('',(#1640,#1641,#1642,#1643,#1644,#1645,#1646));
#4224=EDGE_LOOP('',(#1647,#1648,#1649,#1650));
#4225=EDGE_LOOP('',(#1651,#1652,#1653,#1654));
#4226=EDGE_LOOP('',(#1655,#1656,#1657,#1658,#1659,#1660,#1661));
#4227=EDGE_LOOP('',(#1662,#1663,#1664,#1665,#1666,#1667,#1668,#1669));
#4228=EDGE_LOOP('',(#1670,#1671,#1672,#1673));
#4229=EDGE_LOOP('',(#1674,#1675,#1676,#1677));
#4230=EDGE_LOOP('',(#1678,#1679,#1680,#1681,#1682,#1683,#1684,#1685));
#4231=EDGE_LOOP('',(#1686,#1687,#1688,#1689));
#4232=EDGE_LOOP('',(#1690,#1691,#1692,#1693));
#4233=EDGE_LOOP('',(#1694,#1695,#1696,#1697));
#4234=EDGE_LOOP('',(#1698,#1699,#1700,#1701,#1702,#1703,#1704,#1705));
#4235=EDGE_LOOP('',(#1706,#1707,#1708,#1709));
#4236=EDGE_LOOP('',(#1710));
#4237=EDGE_LOOP('',(#1711));
#4238=EDGE_LOOP('',(#1712));
#4239=EDGE_LOOP('',(#1713));
#4240=EDGE_LOOP('',(#1714));
#4241=EDGE_LOOP('',(#1715));
#4242=EDGE_LOOP('',(#1716));
#4243=EDGE_LOOP('',(#1717));
#4244=EDGE_LOOP('',(#1718));
#4245=EDGE_LOOP('',(#1719));
#4246=EDGE_LOOP('',(#1720));
#4247=EDGE_LOOP('',(#1721));
#4248=EDGE_LOOP('',(#1722,#1723,#1724,#1725));
#4249=EDGE_LOOP('',(#1726,#1727,#1728,#1729));
#4250=EDGE_LOOP('',(#1730,#1731,#1732,#1733));
#4251=EDGE_LOOP('',(#1734));
#4252=EDGE_LOOP('',(#1735));
#4253=EDGE_LOOP('',(#1736));
#4254=EDGE_LOOP('',(#1737));
#4255=EDGE_LOOP('',(#1738));
#4256=EDGE_LOOP('',(#1739));
#4257=EDGE_LOOP('',(#1740));
#4258=EDGE_LOOP('',(#1741));
#4259=EDGE_LOOP('',(#1742));
#4260=EDGE_LOOP('',(#1743));
#4261=EDGE_LOOP('',(#1744));
#4262=EDGE_LOOP('',(#1745));
#4263=EDGE_LOOP('',(#1746,#1747,#1748,#1749));
#4264=EDGE_LOOP('',(#1750,#1751,#1752,#1753));
#4265=EDGE_LOOP('',(#1754,#1755,#1756,#1757));
#4266=EDGE_LOOP('',(#1758,#1759,#1760,#1761));
#4267=EDGE_LOOP('',(#1762,#1763,#1764,#1765));
#4268=EDGE_LOOP('',(#1766,#1767,#1768,#1769));
#4269=EDGE_LOOP('',(#1770,#1771,#1772,#1773));
#4270=EDGE_LOOP('',(#1774,#1775,#1776,#1777));
#4271=EDGE_LOOP('',(#1778,#1779,#1780,#1781));
#4272=EDGE_LOOP('',(#1782,#1783,#1784,#1785));
#4273=EDGE_LOOP('',(#1786,#1787,#1788,#1789));
#4274=EDGE_LOOP('',(#1790,#1791,#1792,#1793));
#4275=EDGE_LOOP('',(#1794,#1795,#1796,#1797));
#4276=EDGE_LOOP('',(#1798,#1799,#1800,#1801));
#4277=EDGE_LOOP('',(#1802,#1803,#1804,#1805));
#4278=EDGE_LOOP('',(#1806,#1807,#1808,#1809));
#4279=EDGE_LOOP('',(#1810,#1811,#1812,#1813));
#4280=EDGE_LOOP('',(#1814,#1815,#1816,#1817));
#4281=EDGE_LOOP('',(#1818,#1819,#1820,#1821));
#4282=EDGE_LOOP('',(#1822));
#4283=EDGE_LOOP('',(#1823));
#4284=EDGE_LOOP('',(#1824));
#4285=EDGE_LOOP('',(#1825));
#4286=EDGE_LOOP('',(#1826));
#4287=EDGE_LOOP('',(#1827));
#4288=EDGE_LOOP('',(#1828));
#4289=EDGE_LOOP('',(#1829));
#4290=EDGE_LOOP('',(#1830));
#4291=EDGE_LOOP('',(#1831));
#4292=EDGE_LOOP('',(#1832));
#4293=EDGE_LOOP('',(#1833));
#4294=EDGE_LOOP('',(#1834));
#4295=EDGE_LOOP('',(#1835));
#4296=EDGE_LOOP('',(#1836));
#4297=EDGE_LOOP('',(#1837));
#4298=EDGE_LOOP('',(#1838));
#4299=EDGE_LOOP('',(#1839));
#4300=EDGE_LOOP('',(#1840));
#4301=EDGE_LOOP('',(#1841));
#4302=EDGE_LOOP('',(#1842));
#4303=EDGE_LOOP('',(#1843));
#4304=EDGE_LOOP('',(#1844));
#4305=EDGE_LOOP('',(#1845));
#4306=EDGE_LOOP('',(#1846,#1847,#1848,#1849));
#4307=EDGE_LOOP('',(#1850,#1851,#1852,#1853));
#4308=EDGE_LOOP('',(#1854,#1855,#1856,#1857));
#4309=EDGE_LOOP('',(#1858,#1859,#1860,#1861,#1862,#1863,#1864,#1865));
#4310=EDGE_LOOP('',(#1866));
#4311=EDGE_LOOP('',(#1867));
#4312=EDGE_LOOP('',(#1868));
#4313=EDGE_LOOP('',(#1869));
#4314=EDGE_LOOP('',(#1870));
#4315=EDGE_LOOP('',(#1871));
#4316=EDGE_LOOP('',(#1872));
#4317=EDGE_LOOP('',(#1873));
#4318=EDGE_LOOP('',(#1874));
#4319=EDGE_LOOP('',(#1875));
#4320=EDGE_LOOP('',(#1876));
#4321=EDGE_LOOP('',(#1877));
#4322=EDGE_LOOP('',(#1878));
#4323=EDGE_LOOP('',(#1879));
#4324=EDGE_LOOP('',(#1880));
#4325=EDGE_LOOP('',(#1881));
#4326=EDGE_LOOP('',(#1882));
#4327=EDGE_LOOP('',(#1883));
#4328=EDGE_LOOP('',(#1884));
#4329=EDGE_LOOP('',(#1885));
#4330=EDGE_LOOP('',(#1886));
#4331=EDGE_LOOP('',(#1887));
#4332=EDGE_LOOP('',(#1888));
#4333=EDGE_LOOP('',(#1889));
#4334=FACE_BOUND('',#3938,.T.);
#4335=FACE_BOUND('',#3939,.T.);
#4336=FACE_BOUND('',#3940,.T.);
#4337=FACE_BOUND('',#3941,.T.);
#4338=FACE_BOUND('',#3942,.T.);
#4339=FACE_BOUND('',#3943,.T.);
#4340=FACE_BOUND('',#3944,.T.);
#4341=FACE_BOUND('',#3945,.T.);
#4342=FACE_BOUND('',#3946,.T.);
#4343=FACE_BOUND('',#3947,.T.);
#4344=FACE_BOUND('',#3948,.T.);
#4345=FACE_BOUND('',#3949,.T.);
#4346=FACE_BOUND('',#3950,.T.);
#4347=FACE_BOUND('',#3951,.T.);
#4348=FACE_BOUND('',#3952,.T.);
#4349=FACE_BOUND('',#3953,.T.);
#4350=FACE_BOUND('',#3954,.T.);
#4351=FACE_BOUND('',#3955,.T.);
#4352=FACE_BOUND('',#3956,.T.);
#4353=FACE_BOUND('',#3957,.T.);
#4354=FACE_BOUND('',#3958,.T.);
#4355=FACE_BOUND('',#3959,.T.);
#4356=FACE_BOUND('',#3960,.T.);
#4357=FACE_BOUND('',#3961,.T.);
#4358=FACE_BOUND('',#3962,.T.);
#4359=FACE_BOUND('',#3963,.T.);
#4360=FACE_BOUND('',#3964,.T.);
#4361=FACE_BOUND('',#3965,.T.);
#4362=FACE_BOUND('',#3966,.T.);
#4363=FACE_BOUND('',#3967,.T.);
#4364=FACE_BOUND('',#3968,.T.);
#4365=FACE_BOUND('',#3969,.T.);
#4366=FACE_BOUND('',#3970,.T.);
#4367=FACE_BOUND('',#3971,.T.);
#4368=FACE_BOUND('',#3972,.T.);
#4369=FACE_BOUND('',#3973,.T.);
#4370=FACE_BOUND('',#3974,.T.);
#4371=FACE_BOUND('',#3975,.T.);
#4372=FACE_BOUND('',#3976,.T.);
#4373=FACE_BOUND('',#3977,.T.);
#4374=FACE_BOUND('',#3978,.T.);
#4375=FACE_BOUND('',#3979,.T.);
#4376=FACE_BOUND('',#3980,.T.);
#4377=FACE_BOUND('',#3981,.T.);
#4378=FACE_BOUND('',#3982,.T.);
#4379=FACE_BOUND('',#3983,.T.);
#4380=FACE_BOUND('',#3984,.T.);
#4381=FACE_BOUND('',#3985,.T.);
#4382=FACE_BOUND('',#3986,.T.);
#4383=FACE_BOUND('',#3987,.T.);
#4384=FACE_BOUND('',#3988,.T.);
#4385=FACE_BOUND('',#3989,.T.);
#4386=FACE_BOUND('',#3990,.T.);
#4387=FACE_BOUND('',#3991,.T.);
#4388=FACE_BOUND('',#3992,.T.);
#4389=FACE_BOUND('',#3993,.T.);
#4390=FACE_BOUND('',#3994,.T.);
#4391=FACE_BOUND('',#3995,.T.);
#4392=FACE_BOUND('',#3996,.T.);
#4393=FACE_BOUND('',#3997,.T.);
#4394=FACE_BOUND('',#3998,.T.);
#4395=FACE_BOUND('',#3999,.T.);
#4396=FACE_BOUND('',#4000,.T.);
#4397=FACE_BOUND('',#4001,.T.);
#4398=FACE_BOUND('',#4002,.T.);
#4399=FACE_BOUND('',#4003,.T.);
#4400=FACE_BOUND('',#4004,.T.);
#4401=FACE_BOUND('',#4005,.T.);
#4402=FACE_BOUND('',#4006,.T.);
#4403=FACE_BOUND('',#4007,.T.);
#4404=FACE_BOUND('',#4008,.T.);
#4405=FACE_BOUND('',#4009,.T.);
#4406=FACE_BOUND('',#4010,.T.);
#4407=FACE_BOUND('',#4011,.T.);
#4408=FACE_BOUND('',#4012,.T.);
#4409=FACE_BOUND('',#4013,.T.);
#4410=FACE_BOUND('',#4014,.T.);
#4411=FACE_BOUND('',#4015,.T.);
#4412=FACE_BOUND('',#4016,.T.);
#4413=FACE_BOUND('',#4017,.T.);
#4414=FACE_BOUND('',#4018,.T.);
#4415=FACE_BOUND('',#4019,.T.);
#4416=FACE_BOUND('',#4020,.T.);
#4417=FACE_BOUND('',#4021,.T.);
#4418=FACE_BOUND('',#4022,.T.);
#4419=FACE_BOUND('',#4023,.T.);
#4420=FACE_BOUND('',#4024,.T.);
#4421=FACE_BOUND('',#4025,.T.);
#4422=FACE_BOUND('',#4026,.T.);
#4423=FACE_BOUND('',#4027,.T.);
#4424=FACE_BOUND('',#4028,.T.);
#4425=FACE_BOUND('',#4029,.T.);
#4426=FACE_BOUND('',#4030,.T.);
#4427=FACE_BOUND('',#4031,.T.);
#4428=FACE_BOUND('',#4032,.T.);
#4429=FACE_BOUND('',#4033,.T.);
#4430=FACE_BOUND('',#4034,.T.);
#4431=FACE_BOUND('',#4035,.T.);
#4432=FACE_BOUND('',#4036,.T.);
#4433=FACE_BOUND('',#4037,.T.);
#4434=FACE_BOUND('',#4038,.T.);
#4435=FACE_BOUND('',#4039,.T.);
#4436=FACE_BOUND('',#4040,.T.);
#4437=FACE_BOUND('',#4041,.T.);
#4438=FACE_BOUND('',#4042,.T.);
#4439=FACE_BOUND('',#4043,.T.);
#4440=FACE_BOUND('',#4044,.T.);
#4441=FACE_BOUND('',#4045,.T.);
#4442=FACE_BOUND('',#4046,.T.);
#4443=FACE_BOUND('',#4047,.T.);
#4444=FACE_BOUND('',#4048,.T.);
#4445=FACE_BOUND('',#4049,.T.);
#4446=FACE_BOUND('',#4050,.T.);
#4447=FACE_BOUND('',#4051,.T.);
#4448=FACE_BOUND('',#4052,.T.);
#4449=FACE_BOUND('',#4053,.T.);
#4450=FACE_BOUND('',#4054,.T.);
#4451=FACE_BOUND('',#4055,.T.);
#4452=FACE_BOUND('',#4056,.T.);
#4453=FACE_BOUND('',#4057,.T.);
#4454=FACE_BOUND('',#4058,.T.);
#4455=FACE_BOUND('',#4059,.T.);
#4456=FACE_BOUND('',#4060,.T.);
#4457=FACE_BOUND('',#4061,.T.);
#4458=FACE_BOUND('',#4062,.T.);
#4459=FACE_BOUND('',#4063,.T.);
#4460=FACE_BOUND('',#4064,.T.);
#4461=FACE_BOUND('',#4065,.T.);
#4462=FACE_BOUND('',#4066,.T.);
#4463=FACE_BOUND('',#4067,.T.);
#4464=FACE_BOUND('',#4068,.T.);
#4465=FACE_BOUND('',#4069,.T.);
#4466=FACE_BOUND('',#4070,.T.);
#4467=FACE_BOUND('',#4071,.T.);
#4468=FACE_BOUND('',#4072,.T.);
#4469=FACE_BOUND('',#4073,.T.);
#4470=FACE_BOUND('',#4074,.T.);
#4471=FACE_BOUND('',#4075,.T.);
#4472=FACE_BOUND('',#4076,.T.);
#4473=FACE_BOUND('',#4077,.T.);
#4474=FACE_BOUND('',#4078,.T.);
#4475=FACE_BOUND('',#4079,.T.);
#4476=FACE_BOUND('',#4080,.T.);
#4477=FACE_BOUND('',#4081,.T.);
#4478=FACE_BOUND('',#4082,.T.);
#4479=FACE_BOUND('',#4083,.T.);
#4480=FACE_BOUND('',#4084,.T.);
#4481=FACE_BOUND('',#4085,.T.);
#4482=FACE_BOUND('',#4086,.T.);
#4483=FACE_BOUND('',#4087,.T.);
#4484=FACE_BOUND('',#4088,.T.);
#4485=FACE_BOUND('',#4089,.T.);
#4486=FACE_BOUND('',#4090,.T.);
#4487=FACE_BOUND('',#4091,.T.);
#4488=FACE_BOUND('',#4092,.T.);
#4489=FACE_BOUND('',#4093,.T.);
#4490=FACE_BOUND('',#4094,.T.);
#4491=FACE_BOUND('',#4095,.T.);
#4492=FACE_BOUND('',#4096,.T.);
#4493=FACE_BOUND('',#4097,.T.);
#4494=FACE_BOUND('',#4098,.T.);
#4495=FACE_BOUND('',#4099,.T.);
#4496=FACE_BOUND('',#4100,.T.);
#4497=FACE_BOUND('',#4101,.T.);
#4498=FACE_BOUND('',#4102,.T.);
#4499=FACE_BOUND('',#4103,.T.);
#4500=FACE_BOUND('',#4104,.T.);
#4501=FACE_BOUND('',#4105,.T.);
#4502=FACE_BOUND('',#4106,.T.);
#4503=FACE_BOUND('',#4107,.T.);
#4504=FACE_BOUND('',#4108,.T.);
#4505=FACE_BOUND('',#4109,.T.);
#4506=FACE_BOUND('',#4110,.T.);
#4507=FACE_BOUND('',#4111,.T.);
#4508=FACE_BOUND('',#4112,.T.);
#4509=FACE_BOUND('',#4113,.T.);
#4510=FACE_BOUND('',#4114,.T.);
#4511=FACE_BOUND('',#4115,.T.);
#4512=FACE_BOUND('',#4116,.T.);
#4513=FACE_BOUND('',#4117,.T.);
#4514=FACE_BOUND('',#4118,.T.);
#4515=FACE_BOUND('',#4119,.T.);
#4516=FACE_BOUND('',#4120,.T.);
#4517=FACE_BOUND('',#4121,.T.);
#4518=FACE_BOUND('',#4122,.T.);
#4519=FACE_BOUND('',#4123,.T.);
#4520=FACE_BOUND('',#4124,.T.);
#4521=FACE_BOUND('',#4125,.T.);
#4522=FACE_BOUND('',#4126,.T.);
#4523=FACE_BOUND('',#4127,.T.);
#4524=FACE_BOUND('',#4128,.T.);
#4525=FACE_BOUND('',#4129,.T.);
#4526=FACE_BOUND('',#4130,.T.);
#4527=FACE_BOUND('',#4131,.T.);
#4528=FACE_BOUND('',#4132,.T.);
#4529=FACE_BOUND('',#4133,.T.);
#4530=FACE_BOUND('',#4134,.T.);
#4531=FACE_BOUND('',#4135,.T.);
#4532=FACE_BOUND('',#4136,.T.);
#4533=FACE_BOUND('',#4137,.T.);
#4534=FACE_BOUND('',#4138,.T.);
#4535=FACE_BOUND('',#4139,.T.);
#4536=FACE_BOUND('',#4140,.T.);
#4537=FACE_BOUND('',#4141,.T.);
#4538=FACE_BOUND('',#4142,.T.);
#4539=FACE_BOUND('',#4143,.T.);
#4540=FACE_BOUND('',#4144,.T.);
#4541=FACE_BOUND('',#4145,.T.);
#4542=FACE_BOUND('',#4146,.T.);
#4543=FACE_BOUND('',#4147,.T.);
#4544=FACE_BOUND('',#4148,.T.);
#4545=FACE_BOUND('',#4149,.T.);
#4546=FACE_BOUND('',#4150,.T.);
#4547=FACE_BOUND('',#4151,.T.);
#4548=FACE_BOUND('',#4152,.T.);
#4549=FACE_BOUND('',#4153,.T.);
#4550=FACE_BOUND('',#4154,.T.);
#4551=FACE_BOUND('',#4155,.T.);
#4552=FACE_BOUND('',#4156,.T.);
#4553=FACE_BOUND('',#4157,.T.);
#4554=FACE_BOUND('',#4158,.T.);
#4555=FACE_BOUND('',#4159,.T.);
#4556=FACE_BOUND('',#4160,.T.);
#4557=FACE_BOUND('',#4161,.T.);
#4558=FACE_BOUND('',#4162,.T.);
#4559=FACE_BOUND('',#4163,.T.);
#4560=FACE_BOUND('',#4164,.T.);
#4561=FACE_BOUND('',#4165,.T.);
#4562=FACE_BOUND('',#4166,.T.);
#4563=FACE_BOUND('',#4167,.T.);
#4564=FACE_BOUND('',#4168,.T.);
#4565=FACE_BOUND('',#4169,.T.);
#4566=FACE_BOUND('',#4170,.T.);
#4567=FACE_BOUND('',#4171,.T.);
#4568=FACE_BOUND('',#4172,.T.);
#4569=FACE_BOUND('',#4173,.T.);
#4570=FACE_BOUND('',#4174,.T.);
#4571=FACE_BOUND('',#4175,.T.);
#4572=FACE_BOUND('',#4176,.T.);
#4573=FACE_BOUND('',#4177,.T.);
#4574=FACE_BOUND('',#4178,.T.);
#4575=FACE_BOUND('',#4179,.T.);
#4576=FACE_BOUND('',#4180,.T.);
#4577=FACE_BOUND('',#4181,.T.);
#4578=FACE_BOUND('',#4182,.T.);
#4579=FACE_BOUND('',#4183,.T.);
#4580=FACE_BOUND('',#4184,.T.);
#4581=FACE_BOUND('',#4185,.T.);
#4582=FACE_BOUND('',#4186,.T.);
#4583=FACE_BOUND('',#4187,.T.);
#4584=FACE_BOUND('',#4188,.T.);
#4585=FACE_BOUND('',#4189,.T.);
#4586=FACE_BOUND('',#4190,.T.);
#4587=FACE_BOUND('',#4191,.T.);
#4588=FACE_BOUND('',#4192,.T.);
#4589=FACE_BOUND('',#4193,.T.);
#4590=FACE_BOUND('',#4194,.T.);
#4591=FACE_BOUND('',#4195,.T.);
#4592=FACE_BOUND('',#4196,.T.);
#4593=FACE_BOUND('',#4197,.T.);
#4594=FACE_BOUND('',#4198,.T.);
#4595=FACE_BOUND('',#4199,.T.);
#4596=FACE_BOUND('',#4200,.T.);
#4597=FACE_BOUND('',#4201,.T.);
#4598=FACE_BOUND('',#4202,.T.);
#4599=FACE_BOUND('',#4203,.T.);
#4600=FACE_BOUND('',#4204,.T.);
#4601=FACE_BOUND('',#4205,.T.);
#4602=FACE_BOUND('',#4206,.T.);
#4603=FACE_BOUND('',#4207,.T.);
#4604=FACE_BOUND('',#4208,.T.);
#4605=FACE_BOUND('',#4209,.T.);
#4606=FACE_BOUND('',#4210,.T.);
#4607=FACE_BOUND('',#4211,.T.);
#4608=FACE_BOUND('',#4212,.T.);
#4609=FACE_BOUND('',#4213,.T.);
#4610=FACE_BOUND('',#4214,.T.);
#4611=FACE_BOUND('',#4215,.T.);
#4612=FACE_BOUND('',#4216,.T.);
#4613=FACE_BOUND('',#4217,.T.);
#4614=FACE_BOUND('',#4218,.T.);
#4615=FACE_BOUND('',#4219,.T.);
#4616=FACE_BOUND('',#4220,.T.);
#4617=FACE_BOUND('',#4221,.T.);
#4618=FACE_BOUND('',#4222,.T.);
#4619=FACE_BOUND('',#4223,.T.);
#4620=FACE_BOUND('',#4224,.T.);
#4621=FACE_BOUND('',#4225,.T.);
#4622=FACE_BOUND('',#4226,.T.);
#4623=FACE_BOUND('',#4227,.T.);
#4624=FACE_BOUND('',#4228,.T.);
#4625=FACE_BOUND('',#4229,.T.);
#4626=FACE_BOUND('',#4230,.T.);
#4627=FACE_BOUND('',#4231,.T.);
#4628=FACE_BOUND('',#4232,.T.);
#4629=FACE_BOUND('',#4233,.T.);
#4630=FACE_BOUND('',#4234,.T.);
#4631=FACE_BOUND('',#4235,.T.);
#4632=FACE_BOUND('',#4236,.T.);
#4633=FACE_BOUND('',#4237,.T.);
#4634=FACE_BOUND('',#4238,.T.);
#4635=FACE_BOUND('',#4239,.T.);
#4636=FACE_BOUND('',#4240,.T.);
#4637=FACE_BOUND('',#4241,.T.);
#4638=FACE_BOUND('',#4242,.T.);
#4639=FACE_BOUND('',#4243,.T.);
#4640=FACE_BOUND('',#4244,.T.);
#4641=FACE_BOUND('',#4245,.T.);
#4642=FACE_BOUND('',#4246,.T.);
#4643=FACE_BOUND('',#4247,.T.);
#4644=FACE_BOUND('',#4248,.T.);
#4645=FACE_BOUND('',#4249,.T.);
#4646=FACE_BOUND('',#4250,.T.);
#4647=FACE_BOUND('',#4251,.T.);
#4648=FACE_BOUND('',#4252,.T.);
#4649=FACE_BOUND('',#4253,.T.);
#4650=FACE_BOUND('',#4254,.T.);
#4651=FACE_BOUND('',#4255,.T.);
#4652=FACE_BOUND('',#4256,.T.);
#4653=FACE_BOUND('',#4257,.T.);
#4654=FACE_BOUND('',#4258,.T.);
#4655=FACE_BOUND('',#4259,.T.);
#4656=FACE_BOUND('',#4260,.T.);
#4657=FACE_BOUND('',#4261,.T.);
#4658=FACE_BOUND('',#4262,.T.);
#4659=FACE_BOUND('',#4263,.T.);
#4660=FACE_BOUND('',#4264,.T.);
#4661=FACE_BOUND('',#4265,.T.);
#4662=FACE_BOUND('',#4266,.T.);
#4663=FACE_BOUND('',#4267,.T.);
#4664=FACE_BOUND('',#4268,.T.);
#4665=FACE_BOUND('',#4269,.T.);
#4666=FACE_BOUND('',#4270,.T.);
#4667=FACE_BOUND('',#4271,.T.);
#4668=FACE_BOUND('',#4272,.T.);
#4669=FACE_BOUND('',#4273,.T.);
#4670=FACE_BOUND('',#4274,.T.);
#4671=FACE_BOUND('',#4275,.T.);
#4672=FACE_BOUND('',#4276,.T.);
#4673=FACE_BOUND('',#4277,.T.);
#4674=FACE_BOUND('',#4278,.T.);
#4675=FACE_BOUND('',#4279,.T.);
#4676=FACE_BOUND('',#4280,.T.);
#4677=FACE_BOUND('',#4281,.T.);
#4678=FACE_BOUND('',#4282,.T.);
#4679=FACE_BOUND('',#4283,.T.);
#4680=FACE_BOUND('',#4284,.T.);
#4681=FACE_BOUND('',#4285,.T.);
#4682=FACE_BOUND('',#4286,.T.);
#4683=FACE_BOUND('',#4287,.T.);
#4684=FACE_BOUND('',#4288,.T.);
#4685=FACE_BOUND('',#4289,.T.);
#4686=FACE_BOUND('',#4290,.T.);
#4687=FACE_BOUND('',#4291,.T.);
#4688=FACE_BOUND('',#4292,.T.);
#4689=FACE_BOUND('',#4293,.T.);
#4690=FACE_BOUND('',#4294,.T.);
#4691=FACE_BOUND('',#4295,.T.);
#4692=FACE_BOUND('',#4296,.T.);
#4693=FACE_BOUND('',#4297,.T.);
#4694=FACE_BOUND('',#4298,.T.);
#4695=FACE_BOUND('',#4299,.T.);
#4696=FACE_BOUND('',#4300,.T.);
#4697=FACE_BOUND('',#4301,.T.);
#4698=FACE_BOUND('',#4302,.T.);
#4699=FACE_BOUND('',#4303,.T.);
#4700=FACE_BOUND('',#4304,.T.);
#4701=FACE_BOUND('',#4305,.T.);
#4702=FACE_BOUND('',#4306,.T.);
#4703=FACE_BOUND('',#4307,.T.);
#4704=FACE_BOUND('',#4308,.T.);
#4705=FACE_BOUND('',#4309,.T.);
#4706=FACE_BOUND('',#4310,.T.);
#4707=FACE_BOUND('',#4311,.T.);
#4708=FACE_BOUND('',#4312,.T.);
#4709=FACE_BOUND('',#4313,.T.);
#4710=FACE_BOUND('',#4314,.T.);
#4711=FACE_BOUND('',#4315,.T.);
#4712=FACE_BOUND('',#4316,.T.);
#4713=FACE_BOUND('',#4317,.T.);
#4714=FACE_BOUND('',#4318,.T.);
#4715=FACE_BOUND('',#4319,.T.);
#4716=FACE_BOUND('',#4320,.T.);
#4717=FACE_BOUND('',#4321,.T.);
#4718=FACE_BOUND('',#4322,.T.);
#4719=FACE_BOUND('',#4323,.T.);
#4720=FACE_BOUND('',#4324,.T.);
#4721=FACE_BOUND('',#4325,.T.);
#4722=FACE_BOUND('',#4326,.T.);
#4723=FACE_BOUND('',#4327,.T.);
#4724=FACE_BOUND('',#4328,.T.);
#4725=FACE_BOUND('',#4329,.T.);
#4726=FACE_BOUND('',#4330,.T.);
#4727=FACE_BOUND('',#4331,.T.);
#4728=FACE_BOUND('',#4332,.T.);
#4729=FACE_BOUND('',#4333,.T.);
#4730=PLANE('',#5326);
#4731=PLANE('',#5332);
#4732=PLANE('',#5338);
#4733=PLANE('',#5339);
#4734=PLANE('',#5348);
#4735=PLANE('',#5349);
#4736=PLANE('',#5358);
#4737=PLANE('',#5359);
#4738=PLANE('',#5372);
#4739=PLANE('',#5373);
#4740=PLANE('',#5374);
#4741=PLANE('',#5387);
#4742=PLANE('',#5388);
#4743=PLANE('',#5389);
#4744=PLANE('',#5391);
#4745=PLANE('',#5394);
#4746=PLANE('',#5396);
#4747=PLANE('',#5398);
#4748=PLANE('',#5400);
#4749=PLANE('',#5401);
#4750=PLANE('',#5403);
#4751=PLANE('',#5422);
#4752=PLANE('',#5425);
#4753=PLANE('',#5426);
#4754=PLANE('',#5430);
#4755=PLANE('',#5437);
#4756=PLANE('',#5441);
#4757=PLANE('',#5442);
#4758=PLANE('',#5443);
#4759=PLANE('',#5450);
#4760=PLANE('',#5456);
#4761=PLANE('',#5460);
#4762=PLANE('',#5464);
#4763=PLANE('',#5467);
#4764=PLANE('',#5473);
#4765=PLANE('',#5474);
#4766=PLANE('',#5475);
#4767=PLANE('',#5476);
#4768=PLANE('',#5482);
#4769=PLANE('',#5486);
#4770=PLANE('',#5488);
#4771=PLANE('',#5490);
#4772=PLANE('',#5491);
#4773=PLANE('',#5492);
#4774=PLANE('',#5493);
#4775=PLANE('',#5494);
#4776=PLANE('',#5498);
#4777=PLANE('',#5502);
#4778=PLANE('',#5506);
#4779=PLANE('',#5510);
#4780=PLANE('',#5511);
#4781=PLANE('',#5518);
#4782=PLANE('',#5524);
#4783=PLANE('',#5528);
#4784=PLANE('',#5532);
#4785=PLANE('',#5535);
#4786=PLANE('',#5541);
#4787=PLANE('',#5542);
#4788=PLANE('',#5543);
#4789=PLANE('',#5545);
#4790=PLANE('',#5547);
#4791=PLANE('',#5551);
#4792=PLANE('',#5554);
#4793=PLANE('',#5555);
#4794=PLANE('',#5556);
#4795=PLANE('',#5557);
#4796=PLANE('',#5558);
#4797=PLANE('',#5559);
#4798=PLANE('',#5560);
#4799=PLANE('',#5562);
#4800=PLANE('',#5567);
#4801=PLANE('',#5574);
#4802=PLANE('',#5578);
#4803=PLANE('',#5582);
#4804=PLANE('',#5585);
#4805=PLANE('',#5586);
#4806=PLANE('',#5589);
#4807=PLANE('',#5594);
#4808=PLANE('',#5599);
#4809=PLANE('',#5600);
#4810=PLANE('',#5603);
#4811=PLANE('',#5610);
#4812=PLANE('',#5615);
#4813=PLANE('',#5616);
#4814=PLANE('',#5619);
#4815=PLANE('',#5622);
#4816=PLANE('',#5623);
#4817=PLANE('',#5627);
#4818=PLANE('',#5634);
#4819=PLANE('',#5638);
#4820=PLANE('',#5639);
#4821=PLANE('',#5640);
#4822=PLANE('',#5647);
#4823=PLANE('',#5653);
#4824=PLANE('',#5657);
#4825=PLANE('',#5661);
#4826=PLANE('',#5664);
#4827=PLANE('',#5670);
#4828=PLANE('',#5671);
#4829=PLANE('',#5672);
#4830=PLANE('',#5673);
#4831=PLANE('',#5679);
#4832=PLANE('',#5683);
#4833=PLANE('',#5685);
#4834=PLANE('',#5687);
#4835=PLANE('',#5688);
#4836=PLANE('',#5689);
#4837=PLANE('',#5690);
#4838=PLANE('',#5691);
#4839=PLANE('',#5695);
#4840=PLANE('',#5699);
#4841=PLANE('',#5703);
#4842=PLANE('',#5707);
#4843=PLANE('',#5708);
#4844=PLANE('',#5715);
#4845=PLANE('',#5721);
#4846=PLANE('',#5725);
#4847=PLANE('',#5729);
#4848=PLANE('',#5732);
#4849=PLANE('',#5738);
#4850=PLANE('',#5739);
#4851=PLANE('',#5740);
#4852=PLANE('',#5744);
#4853=PLANE('',#5750);
#4854=PLANE('',#5756);
#4855=PLANE('',#5757);
#4856=PLANE('',#5766);
#4857=PLANE('',#5767);
#4858=PLANE('',#5776);
#4859=PLANE('',#5777);
#4860=PLANE('',#5790);
#4861=PLANE('',#5791);
#4862=PLANE('',#5792);
#4863=PLANE('',#5805);
#4864=PLANE('',#5806);
#4865=PLANE('',#5807);
#4866=PLANE('',#5809);
#4867=PLANE('',#5812);
#4868=PLANE('',#5814);
#4869=PLANE('',#5816);
#4870=PLANE('',#5818);
#4871=PLANE('',#5819);
#4872=PLANE('',#5821);
#4873=PLANE('',#5843);
#4874=PLANE('',#5845);
#4875=PLANE('',#5849);
#4876=PLANE('',#5853);
#4877=PLANE('',#5857);
#4878=PLANE('',#5861);
#4879=ADVANCED_FACE('',(#4334,#4335,#4336),#4730,.T.);
#4880=ADVANCED_FACE('',(#4337,#4338,#4339),#4731,.T.);
#4881=ADVANCED_FACE('',(#4340),#4732,.F.);
#4882=ADVANCED_FACE('',(#4341,#4342,#4343),#4733,.T.);
#4883=ADVANCED_FACE('',(#4344),#4734,.T.);
#4884=ADVANCED_FACE('',(#4345,#4346,#4347),#4735,.T.);
#4885=ADVANCED_FACE('',(#4348),#4736,.T.);
#4886=ADVANCED_FACE('',(#4349,#4350,#4351,#4352,#4353,#4354,#4355,#4356,
#4357,#4358,#4359,#4360,#4361),#4737,.T.);
#4887=ADVANCED_FACE('',(#4362),#4738,.T.);
#4888=ADVANCED_FACE('',(#4363),#4739,.T.);
#4889=ADVANCED_FACE('',(#4364,#4365,#4366,#4367,#4368,#4369,#4370,#4371,
#4372,#4373,#4374,#4375,#4376),#4740,.F.);
#4890=ADVANCED_FACE('',(#4377),#4741,.F.);
#4891=ADVANCED_FACE('',(#4378),#4742,.T.);
#4892=ADVANCED_FACE('',(#4379),#4743,.F.);
#4893=ADVANCED_FACE('',(#4380),#125,.F.);
#4894=ADVANCED_FACE('',(#4381),#4744,.F.);
#4895=ADVANCED_FACE('',(#4382),#126,.F.);
#4896=ADVANCED_FACE('',(#4383),#127,.F.);
#4897=ADVANCED_FACE('',(#4384),#4745,.F.);
#4898=ADVANCED_FACE('',(#4385),#128,.F.);
#4899=ADVANCED_FACE('',(#4386),#4746,.F.);
#4900=ADVANCED_FACE('',(#4387),#129,.F.);
#4901=ADVANCED_FACE('',(#4388),#4747,.F.);
#4902=ADVANCED_FACE('',(#4389),#130,.F.);
#4903=ADVANCED_FACE('',(#4390),#4748,.F.);
#4904=ADVANCED_FACE('',(#4391),#4749,.F.);
#4905=ADVANCED_FACE('',(#4392),#131,.F.);
#4906=ADVANCED_FACE('',(#4393),#4750,.F.);
#4907=ADVANCED_FACE('',(#4394),#132,.F.);
#4908=ADVANCED_FACE('',(#4395,#4396),#133,.F.);
#4909=ADVANCED_FACE('',(#4397,#4398),#134,.F.);
#4910=ADVANCED_FACE('',(#4399,#4400),#135,.F.);
#4911=ADVANCED_FACE('',(#4401,#4402),#136,.F.);
#4912=ADVANCED_FACE('',(#4403,#4404),#137,.F.);
#4913=ADVANCED_FACE('',(#4405,#4406),#138,.F.);
#4914=ADVANCED_FACE('',(#4407,#4408),#139,.F.);
#4915=ADVANCED_FACE('',(#4409,#4410),#140,.F.);
#4916=ADVANCED_FACE('',(#4411,#4412),#141,.F.);
#4917=ADVANCED_FACE('',(#4413,#4414),#142,.F.);
#4918=ADVANCED_FACE('',(#4415,#4416),#143,.F.);
#4919=ADVANCED_FACE('',(#4417,#4418),#144,.F.);
#4920=ADVANCED_FACE('',(#4419),#145,.T.);
#4921=ADVANCED_FACE('',(#4420),#146,.T.);
#4922=ADVANCED_FACE('',(#4421),#147,.T.);
#4923=ADVANCED_FACE('',(#4422),#148,.T.);
#4924=ADVANCED_FACE('',(#4423),#4751,.T.);
#4925=ADVANCED_FACE('',(#4424),#4752,.T.);
#4926=ADVANCED_FACE('',(#4425),#4753,.T.);
#4927=ADVANCED_FACE('',(#4426),#149,.T.);
#4928=ADVANCED_FACE('',(#4427),#4754,.T.);
#4929=ADVANCED_FACE('',(#4428),#150,.T.);
#4930=ADVANCED_FACE('',(#4429),#151,.T.);
#4931=ADVANCED_FACE('',(#4430),#4755,.T.);
#4932=ADVANCED_FACE('',(#4431),#152,.T.);
#4933=ADVANCED_FACE('',(#4432),#4756,.T.);
#4934=ADVANCED_FACE('',(#4433),#4757,.F.);
#4935=ADVANCED_FACE('',(#4434,#4435),#4758,.F.);
#4936=ADVANCED_FACE('',(#4436),#153,.T.);
#4937=ADVANCED_FACE('',(#4437),#4759,.F.);
#4938=ADVANCED_FACE('',(#4438),#154,.T.);
#4939=ADVANCED_FACE('',(#4439),#155,.T.);
#4940=ADVANCED_FACE('',(#4440),#4760,.F.);
#4941=ADVANCED_FACE('',(#4441),#156,.T.);
#4942=ADVANCED_FACE('',(#4442),#4761,.T.);
#4943=ADVANCED_FACE('',(#4443),#157,.F.);
#4944=ADVANCED_FACE('',(#4444),#4762,.T.);
#4945=ADVANCED_FACE('',(#4445),#158,.F.);
#4946=ADVANCED_FACE('',(#4446),#4763,.T.);
#4947=ADVANCED_FACE('',(#4447),#159,.F.);
#4948=ADVANCED_FACE('',(#4448),#160,.F.);
#4949=ADVANCED_FACE('',(#4449),#4764,.T.);
#4950=ADVANCED_FACE('',(#4450,#4451,#4452),#4765,.T.);
#4951=ADVANCED_FACE('',(#4453,#4454),#4766,.F.);
#4952=ADVANCED_FACE('',(#4455),#4767,.F.);
#4953=ADVANCED_FACE('',(#4456),#161,.T.);
#4954=ADVANCED_FACE('',(#4457),#4768,.F.);
#4955=ADVANCED_FACE('',(#4458),#162,.T.);
#4956=ADVANCED_FACE('',(#4459),#4769,.F.);
#4957=ADVANCED_FACE('',(#4460),#163,.T.);
#4958=ADVANCED_FACE('',(#4461),#4770,.F.);
#4959=ADVANCED_FACE('',(#4462),#164,.T.);
#4960=ADVANCED_FACE('',(#4463),#4771,.F.);
#4961=ADVANCED_FACE('',(#4464),#4772,.T.);
#4962=ADVANCED_FACE('',(#4465),#4773,.F.);
#4963=ADVANCED_FACE('',(#4466),#4774,.T.);
#4964=ADVANCED_FACE('',(#4467),#4775,.T.);
#4965=ADVANCED_FACE('',(#4468),#165,.T.);
#4966=ADVANCED_FACE('',(#4469),#4776,.T.);
#4967=ADVANCED_FACE('',(#4470),#166,.T.);
#4968=ADVANCED_FACE('',(#4471),#4777,.T.);
#4969=ADVANCED_FACE('',(#4472),#167,.T.);
#4970=ADVANCED_FACE('',(#4473),#4778,.T.);
#4971=ADVANCED_FACE('',(#4474),#168,.T.);
#4972=ADVANCED_FACE('',(#4475),#4779,.F.);
#4973=ADVANCED_FACE('',(#4476,#4477),#4780,.F.);
#4974=ADVANCED_FACE('',(#4478),#169,.T.);
#4975=ADVANCED_FACE('',(#4479),#4781,.F.);
#4976=ADVANCED_FACE('',(#4480),#170,.T.);
#4977=ADVANCED_FACE('',(#4481),#171,.T.);
#4978=ADVANCED_FACE('',(#4482),#4782,.F.);
#4979=ADVANCED_FACE('',(#4483),#172,.T.);
#4980=ADVANCED_FACE('',(#4484),#4783,.T.);
#4981=ADVANCED_FACE('',(#4485),#173,.F.);
#4982=ADVANCED_FACE('',(#4486),#4784,.T.);
#4983=ADVANCED_FACE('',(#4487),#174,.F.);
#4984=ADVANCED_FACE('',(#4488),#4785,.T.);
#4985=ADVANCED_FACE('',(#4489),#175,.F.);
#4986=ADVANCED_FACE('',(#4490),#176,.F.);
#4987=ADVANCED_FACE('',(#4491),#4786,.T.);
#4988=ADVANCED_FACE('',(#4492,#4493,#4494),#4787,.T.);
#4989=ADVANCED_FACE('',(#4495,#4496),#4788,.F.);
#4990=ADVANCED_FACE('',(#4497,#4498),#4789,.F.);
#4991=ADVANCED_FACE('',(#4499),#4790,.F.);
#4992=ADVANCED_FACE('',(#4500,#4501),#177,.T.);
#4993=ADVANCED_FACE('',(#4502,#4503),#4791,.F.);
#4994=ADVANCED_FACE('',(#4504,#4505),#18,.T.);
#4995=ADVANCED_FACE('',(#4506),#4792,.F.);
#4996=ADVANCED_FACE('',(#4507),#4793,.F.);
#4997=ADVANCED_FACE('',(#4508),#4794,.F.);
#4998=ADVANCED_FACE('',(#4509),#4795,.F.);
#4999=ADVANCED_FACE('',(#4510),#4796,.F.);
#5000=ADVANCED_FACE('',(#4511),#4797,.F.);
#5001=ADVANCED_FACE('',(#4512,#4513),#4798,.T.);
#5002=ADVANCED_FACE('',(#4514),#4799,.F.);
#5003=ADVANCED_FACE('',(#4515,#4516),#178,.T.);
#5004=ADVANCED_FACE('',(#4517),#4800,.T.);
#5005=ADVANCED_FACE('',(#4518),#179,.T.);
#5006=ADVANCED_FACE('',(#4519),#4801,.F.);
#5007=ADVANCED_FACE('',(#4520),#180,.T.);
#5008=ADVANCED_FACE('',(#4521),#4802,.F.);
#5009=ADVANCED_FACE('',(#4522),#181,.T.);
#5010=ADVANCED_FACE('',(#4523),#4803,.F.);
#5011=ADVANCED_FACE('',(#4524),#182,.T.);
#5012=ADVANCED_FACE('',(#4525),#4804,.F.);
#5013=ADVANCED_FACE('',(#4526),#4805,.T.);
#5014=ADVANCED_FACE('',(#4527),#4806,.F.);
#5015=ADVANCED_FACE('',(#4528),#183,.T.);
#5016=ADVANCED_FACE('',(#4529),#184,.T.);
#5017=ADVANCED_FACE('',(#4530),#4807,.F.);
#5018=ADVANCED_FACE('',(#4531),#185,.T.);
#5019=ADVANCED_FACE('',(#4532),#186,.T.);
#5020=ADVANCED_FACE('',(#4533),#4808,.F.);
#5021=ADVANCED_FACE('',(#4534),#4809,.F.);
#5022=ADVANCED_FACE('',(#4535),#4810,.F.);
#5023=ADVANCED_FACE('',(#4536),#187,.T.);
#5024=ADVANCED_FACE('',(#4537),#188,.T.);
#5025=ADVANCED_FACE('',(#4538),#4811,.F.);
#5026=ADVANCED_FACE('',(#4539),#189,.T.);
#5027=ADVANCED_FACE('',(#4540),#190,.T.);
#5028=ADVANCED_FACE('',(#4541),#4812,.F.);
#5029=ADVANCED_FACE('',(#4542),#4813,.T.);
#5030=ADVANCED_FACE('',(#4543),#4814,.T.);
#5031=ADVANCED_FACE('',(#4544),#4815,.T.);
#5032=ADVANCED_FACE('',(#4545),#4816,.T.);
#5033=ADVANCED_FACE('',(#4546),#191,.T.);
#5034=ADVANCED_FACE('',(#4547),#4817,.T.);
#5035=ADVANCED_FACE('',(#4548),#192,.T.);
#5036=ADVANCED_FACE('',(#4549),#193,.T.);
#5037=ADVANCED_FACE('',(#4550),#4818,.T.);
#5038=ADVANCED_FACE('',(#4551),#194,.T.);
#5039=ADVANCED_FACE('',(#4552),#4819,.T.);
#5040=ADVANCED_FACE('',(#4553),#4820,.F.);
#5041=ADVANCED_FACE('',(#4554,#4555),#4821,.F.);
#5042=ADVANCED_FACE('',(#4556),#195,.T.);
#5043=ADVANCED_FACE('',(#4557),#4822,.F.);
#5044=ADVANCED_FACE('',(#4558),#196,.T.);
#5045=ADVANCED_FACE('',(#4559),#197,.T.);
#5046=ADVANCED_FACE('',(#4560),#4823,.F.);
#5047=ADVANCED_FACE('',(#4561),#198,.T.);
#5048=ADVANCED_FACE('',(#4562),#4824,.T.);
#5049=ADVANCED_FACE('',(#4563),#199,.F.);
#5050=ADVANCED_FACE('',(#4564),#4825,.T.);
#5051=ADVANCED_FACE('',(#4565),#200,.F.);
#5052=ADVANCED_FACE('',(#4566),#4826,.T.);
#5053=ADVANCED_FACE('',(#4567),#201,.F.);
#5054=ADVANCED_FACE('',(#4568),#202,.F.);
#5055=ADVANCED_FACE('',(#4569),#4827,.T.);
#5056=ADVANCED_FACE('',(#4570,#4571,#4572),#4828,.T.);
#5057=ADVANCED_FACE('',(#4573,#4574),#4829,.F.);
#5058=ADVANCED_FACE('',(#4575),#4830,.F.);
#5059=ADVANCED_FACE('',(#4576),#203,.T.);
#5060=ADVANCED_FACE('',(#4577),#4831,.F.);
#5061=ADVANCED_FACE('',(#4578),#204,.T.);
#5062=ADVANCED_FACE('',(#4579),#4832,.F.);
#5063=ADVANCED_FACE('',(#4580),#205,.T.);
#5064=ADVANCED_FACE('',(#4581),#4833,.F.);
#5065=ADVANCED_FACE('',(#4582),#206,.T.);
#5066=ADVANCED_FACE('',(#4583),#4834,.F.);
#5067=ADVANCED_FACE('',(#4584),#4835,.T.);
#5068=ADVANCED_FACE('',(#4585),#4836,.F.);
#5069=ADVANCED_FACE('',(#4586),#4837,.T.);
#5070=ADVANCED_FACE('',(#4587),#4838,.T.);
#5071=ADVANCED_FACE('',(#4588),#207,.T.);
#5072=ADVANCED_FACE('',(#4589),#4839,.T.);
#5073=ADVANCED_FACE('',(#4590),#208,.T.);
#5074=ADVANCED_FACE('',(#4591),#4840,.T.);
#5075=ADVANCED_FACE('',(#4592),#209,.T.);
#5076=ADVANCED_FACE('',(#4593),#4841,.T.);
#5077=ADVANCED_FACE('',(#4594),#210,.T.);
#5078=ADVANCED_FACE('',(#4595),#4842,.F.);
#5079=ADVANCED_FACE('',(#4596,#4597),#4843,.F.);
#5080=ADVANCED_FACE('',(#4598),#211,.T.);
#5081=ADVANCED_FACE('',(#4599),#4844,.F.);
#5082=ADVANCED_FACE('',(#4600),#212,.T.);
#5083=ADVANCED_FACE('',(#4601),#213,.T.);
#5084=ADVANCED_FACE('',(#4602),#4845,.F.);
#5085=ADVANCED_FACE('',(#4603),#214,.T.);
#5086=ADVANCED_FACE('',(#4604),#4846,.T.);
#5087=ADVANCED_FACE('',(#4605),#215,.F.);
#5088=ADVANCED_FACE('',(#4606),#4847,.T.);
#5089=ADVANCED_FACE('',(#4607),#216,.F.);
#5090=ADVANCED_FACE('',(#4608),#4848,.T.);
#5091=ADVANCED_FACE('',(#4609),#217,.F.);
#5092=ADVANCED_FACE('',(#4610),#218,.F.);
#5093=ADVANCED_FACE('',(#4611),#4849,.T.);
#5094=ADVANCED_FACE('',(#4612,#4613,#4614),#4850,.T.);
#5095=ADVANCED_FACE('',(#4615,#4616),#4851,.F.);
#5096=ADVANCED_FACE('',(#4617,#4618,#4619),#4852,.T.);
#5097=ADVANCED_FACE('',(#4620,#4621,#4622),#4853,.T.);
#5098=ADVANCED_FACE('',(#4623),#4854,.F.);
#5099=ADVANCED_FACE('',(#4624,#4625,#4626),#4855,.T.);
#5100=ADVANCED_FACE('',(#4627),#4856,.T.);
#5101=ADVANCED_FACE('',(#4628,#4629,#4630),#4857,.T.);
#5102=ADVANCED_FACE('',(#4631),#4858,.T.);
#5103=ADVANCED_FACE('',(#4632,#4633,#4634,#4635,#4636,#4637,#4638,#4639,
#4640,#4641,#4642,#4643,#4644),#4859,.T.);
#5104=ADVANCED_FACE('',(#4645),#4860,.T.);
#5105=ADVANCED_FACE('',(#4646),#4861,.T.);
#5106=ADVANCED_FACE('',(#4647,#4648,#4649,#4650,#4651,#4652,#4653,#4654,
#4655,#4656,#4657,#4658,#4659),#4862,.F.);
#5107=ADVANCED_FACE('',(#4660),#4863,.F.);
#5108=ADVANCED_FACE('',(#4661),#4864,.T.);
#5109=ADVANCED_FACE('',(#4662),#4865,.F.);
#5110=ADVANCED_FACE('',(#4663),#219,.F.);
#5111=ADVANCED_FACE('',(#4664),#4866,.F.);
#5112=ADVANCED_FACE('',(#4665),#220,.F.);
#5113=ADVANCED_FACE('',(#4666),#221,.F.);
#5114=ADVANCED_FACE('',(#4667),#4867,.F.);
#5115=ADVANCED_FACE('',(#4668),#222,.F.);
#5116=ADVANCED_FACE('',(#4669),#4868,.F.);
#5117=ADVANCED_FACE('',(#4670),#223,.F.);
#5118=ADVANCED_FACE('',(#4671),#4869,.F.);
#5119=ADVANCED_FACE('',(#4672),#224,.F.);
#5120=ADVANCED_FACE('',(#4673),#4870,.F.);
#5121=ADVANCED_FACE('',(#4674),#4871,.F.);
#5122=ADVANCED_FACE('',(#4675),#225,.F.);
#5123=ADVANCED_FACE('',(#4676),#4872,.F.);
#5124=ADVANCED_FACE('',(#4677),#226,.F.);
#5125=ADVANCED_FACE('',(#4678,#4679),#227,.F.);
#5126=ADVANCED_FACE('',(#4680,#4681),#228,.F.);
#5127=ADVANCED_FACE('',(#4682,#4683),#229,.F.);
#5128=ADVANCED_FACE('',(#4684,#4685),#230,.F.);
#5129=ADVANCED_FACE('',(#4686,#4687),#231,.F.);
#5130=ADVANCED_FACE('',(#4688,#4689),#232,.F.);
#5131=ADVANCED_FACE('',(#4690,#4691),#233,.F.);
#5132=ADVANCED_FACE('',(#4692,#4693),#234,.F.);
#5133=ADVANCED_FACE('',(#4694,#4695),#235,.F.);
#5134=ADVANCED_FACE('',(#4696,#4697),#236,.F.);
#5135=ADVANCED_FACE('',(#4698,#4699),#237,.F.);
#5136=ADVANCED_FACE('',(#4700,#4701),#238,.F.);
#5137=ADVANCED_FACE('',(#4702),#239,.T.);
#5138=ADVANCED_FACE('',(#4703),#240,.T.);
#5139=ADVANCED_FACE('',(#4704),#241,.T.);
#5140=ADVANCED_FACE('',(#4705),#242,.T.);
#5141=ADVANCED_FACE('',(#4706,#4707),#243,.T.);
#5142=ADVANCED_FACE('',(#4708,#4709),#4873,.T.);
#5143=ADVANCED_FACE('',(#4710,#4711),#4874,.F.);
#5144=ADVANCED_FACE('',(#4712,#4713),#244,.T.);
#5145=ADVANCED_FACE('',(#4714,#4715),#4875,.T.);
#5146=ADVANCED_FACE('',(#4716,#4717),#245,.T.);
#5147=ADVANCED_FACE('',(#4718,#4719),#4876,.T.);
#5148=ADVANCED_FACE('',(#4720,#4721),#246,.T.);
#5149=ADVANCED_FACE('',(#4722),#4877,.T.);
#5150=ADVANCED_FACE('',(#4723,#4724),#247,.T.);
#5151=ADVANCED_FACE('',(#4725),#4878,.T.);
#5152=ADVANCED_FACE('',(#4726,#4727),#19,.T.);
#5153=ADVANCED_FACE('',(#4728,#4729),#20,.T.);
#5154=CLOSED_SHELL('',(#4879,#4880,#4881,#4882,#4883,#4884,#4885,#4886,
#4887,#4888,#4889,#4890,#4891,#4892,#4893,#4894,#4895,#4896,#4897,#4898,
#4899,#4900,#4901,#4902,#4903,#4904,#4905,#4906,#4907,#4908,#4909,#4910,
#4911,#4912,#4913,#4914,#4915,#4916,#4917,#4918,#4919,#4920,#4921,#4922,
#4923));
#5155=CLOSED_SHELL('',(#4924,#4925,#4926,#4927,#4928,#4929,#4930,#4931,
#4932,#4933,#4934,#4935,#4936,#4937,#4938,#4939,#4940,#4941,#4942,#4943,
#4944,#4945,#4946,#4947,#4948,#4949,#4950,#4951,#4952,#4953,#4954,#4955,
#4956,#4957,#4958,#4959,#4960,#4961,#4962,#4963,#4964,#4965,#4966,#4967,
#4968,#4969,#4970,#4971,#4972,#4973,#4974,#4975,#4976,#4977,#4978,#4979,
#4980,#4981,#4982,#4983,#4984,#4985,#4986,#4987,#4988,#4989));
#5156=CLOSED_SHELL('',(#4990,#4991,#4992,#4993,#4994,#4995,#4996,#4997,
#4998,#4999,#5000,#5001,#5002,#5003));
#5157=CLOSED_SHELL('',(#5004,#5005,#5006,#5007,#5008,#5009,#5010,#5011,
#5012,#5013,#5014,#5015,#5016,#5017,#5018,#5019,#5020,#5021,#5022,#5023,
#5024,#5025,#5026,#5027,#5028,#5029));
#5158=CLOSED_SHELL('',(#5030,#5031,#5032,#5033,#5034,#5035,#5036,#5037,
#5038,#5039,#5040,#5041,#5042,#5043,#5044,#5045,#5046,#5047,#5048,#5049,
#5050,#5051,#5052,#5053,#5054,#5055,#5056,#5057,#5058,#5059,#5060,#5061,
#5062,#5063,#5064,#5065,#5066,#5067,#5068,#5069,#5070,#5071,#5072,#5073,
#5074,#5075,#5076,#5077,#5078,#5079,#5080,#5081,#5082,#5083,#5084,#5085,
#5086,#5087,#5088,#5089,#5090,#5091,#5092,#5093,#5094,#5095));
#5159=CLOSED_SHELL('',(#5096,#5097,#5098,#5099,#5100,#5101,#5102,#5103,
#5104,#5105,#5106,#5107,#5108,#5109,#5110,#5111,#5112,#5113,#5114,#5115,
#5116,#5117,#5118,#5119,#5120,#5121,#5122,#5123,#5124,#5125,#5126,#5127,
#5128,#5129,#5130,#5131,#5132,#5133,#5134,#5135,#5136,#5137,#5138,#5139,
#5140));
#5160=CLOSED_SHELL('',(#5141,#5142,#5143,#5144,#5145,#5146,#5147,#5148,
#5149,#5150,#5151,#5152,#5153));
#5161=STYLED_ITEM('',(#5181),#5302);
#5162=STYLED_ITEM('',(#5182),#5303);
#5163=STYLED_ITEM('',(#5183),#4990);
#5164=STYLED_ITEM('',(#5184),#4991);
#5165=STYLED_ITEM('',(#5185),#4992);
#5166=STYLED_ITEM('',(#5186),#4993);
#5167=STYLED_ITEM('',(#5187),#4994);
#5168=STYLED_ITEM('',(#5188),#4995);
#5169=STYLED_ITEM('',(#5189),#4996);
#5170=STYLED_ITEM('',(#5190),#4997);
#5171=STYLED_ITEM('',(#5191),#4998);
#5172=STYLED_ITEM('',(#5192),#4999);
#5173=STYLED_ITEM('',(#5193),#5000);
#5174=STYLED_ITEM('',(#5194),#5001);
#5175=STYLED_ITEM('',(#5195),#5002);
#5176=STYLED_ITEM('',(#5196),#5003);
#5177=STYLED_ITEM('',(#5197),#5305);
#5178=STYLED_ITEM('',(#5198),#5306);
#5179=STYLED_ITEM('',(#5199),#5307);
#5180=STYLED_ITEM('',(#5200),#5308);
#5181=PRESENTATION_STYLE_ASSIGNMENT((#5201));
#5182=PRESENTATION_STYLE_ASSIGNMENT((#5202));
#5183=PRESENTATION_STYLE_ASSIGNMENT((#5203));
#5184=PRESENTATION_STYLE_ASSIGNMENT((#5204));
#5185=PRESENTATION_STYLE_ASSIGNMENT((#5205));
#5186=PRESENTATION_STYLE_ASSIGNMENT((#5206));
#5187=PRESENTATION_STYLE_ASSIGNMENT((#5207));
#5188=PRESENTATION_STYLE_ASSIGNMENT((#5208));
#5189=PRESENTATION_STYLE_ASSIGNMENT((#5209));
#5190=PRESENTATION_STYLE_ASSIGNMENT((#5210));
#5191=PRESENTATION_STYLE_ASSIGNMENT((#5211));
#5192=PRESENTATION_STYLE_ASSIGNMENT((#5212));
#5193=PRESENTATION_STYLE_ASSIGNMENT((#5213));
#5194=PRESENTATION_STYLE_ASSIGNMENT((#5214));
#5195=PRESENTATION_STYLE_ASSIGNMENT((#5215));
#5196=PRESENTATION_STYLE_ASSIGNMENT((#5216));
#5197=PRESENTATION_STYLE_ASSIGNMENT((#5217));
#5198=PRESENTATION_STYLE_ASSIGNMENT((#5218));
#5199=PRESENTATION_STYLE_ASSIGNMENT((#5219));
#5200=PRESENTATION_STYLE_ASSIGNMENT((#5220));
#5201=SURFACE_STYLE_USAGE(.BOTH.,#5221);
#5202=SURFACE_STYLE_USAGE(.BOTH.,#5222);
#5203=SURFACE_STYLE_USAGE(.BOTH.,#5223);
#5204=SURFACE_STYLE_USAGE(.BOTH.,#5224);
#5205=SURFACE_STYLE_USAGE(.BOTH.,#5225);
#5206=SURFACE_STYLE_USAGE(.BOTH.,#5226);
#5207=SURFACE_STYLE_USAGE(.BOTH.,#5227);
#5208=SURFACE_STYLE_USAGE(.BOTH.,#5228);
#5209=SURFACE_STYLE_USAGE(.BOTH.,#5229);
#5210=SURFACE_STYLE_USAGE(.BOTH.,#5230);
#5211=SURFACE_STYLE_USAGE(.BOTH.,#5231);
#5212=SURFACE_STYLE_USAGE(.BOTH.,#5232);
#5213=SURFACE_STYLE_USAGE(.BOTH.,#5233);
#5214=SURFACE_STYLE_USAGE(.BOTH.,#5234);
#5215=SURFACE_STYLE_USAGE(.BOTH.,#5235);
#5216=SURFACE_STYLE_USAGE(.BOTH.,#5236);
#5217=SURFACE_STYLE_USAGE(.BOTH.,#5237);
#5218=SURFACE_STYLE_USAGE(.BOTH.,#5238);
#5219=SURFACE_STYLE_USAGE(.BOTH.,#5239);
#5220=SURFACE_STYLE_USAGE(.BOTH.,#5240);
#5221=SURFACE_SIDE_STYLE('',(#5241));
#5222=SURFACE_SIDE_STYLE('',(#5242));
#5223=SURFACE_SIDE_STYLE('',(#5243));
#5224=SURFACE_SIDE_STYLE('',(#5244));
#5225=SURFACE_SIDE_STYLE('',(#5245));
#5226=SURFACE_SIDE_STYLE('',(#5246));
#5227=SURFACE_SIDE_STYLE('',(#5247));
#5228=SURFACE_SIDE_STYLE('',(#5248));
#5229=SURFACE_SIDE_STYLE('',(#5249));
#5230=SURFACE_SIDE_STYLE('',(#5250));
#5231=SURFACE_SIDE_STYLE('',(#5251));
#5232=SURFACE_SIDE_STYLE('',(#5252));
#5233=SURFACE_SIDE_STYLE('',(#5253));
#5234=SURFACE_SIDE_STYLE('',(#5254));
#5235=SURFACE_SIDE_STYLE('',(#5255));
#5236=SURFACE_SIDE_STYLE('',(#5256));
#5237=SURFACE_SIDE_STYLE('',(#5257));
#5238=SURFACE_SIDE_STYLE('',(#5258));
#5239=SURFACE_SIDE_STYLE('',(#5259));
#5240=SURFACE_SIDE_STYLE('',(#5260));
#5241=SURFACE_STYLE_FILL_AREA(#5261);
#5242=SURFACE_STYLE_FILL_AREA(#5262);
#5243=SURFACE_STYLE_FILL_AREA(#5263);
#5244=SURFACE_STYLE_FILL_AREA(#5264);
#5245=SURFACE_STYLE_FILL_AREA(#5265);
#5246=SURFACE_STYLE_FILL_AREA(#5266);
#5247=SURFACE_STYLE_FILL_AREA(#5267);
#5248=SURFACE_STYLE_FILL_AREA(#5268);
#5249=SURFACE_STYLE_FILL_AREA(#5269);
#5250=SURFACE_STYLE_FILL_AREA(#5270);
#5251=SURFACE_STYLE_FILL_AREA(#5271);
#5252=SURFACE_STYLE_FILL_AREA(#5272);
#5253=SURFACE_STYLE_FILL_AREA(#5273);
#5254=SURFACE_STYLE_FILL_AREA(#5274);
#5255=SURFACE_STYLE_FILL_AREA(#5275);
#5256=SURFACE_STYLE_FILL_AREA(#5276);
#5257=SURFACE_STYLE_FILL_AREA(#5277);
#5258=SURFACE_STYLE_FILL_AREA(#5278);
#5259=SURFACE_STYLE_FILL_AREA(#5279);
#5260=SURFACE_STYLE_FILL_AREA(#5280);
#5261=FILL_AREA_STYLE('',(#5281));
#5262=FILL_AREA_STYLE('',(#5282));
#5263=FILL_AREA_STYLE('',(#5283));
#5264=FILL_AREA_STYLE('',(#5284));
#5265=FILL_AREA_STYLE('',(#5285));
#5266=FILL_AREA_STYLE('',(#5286));
#5267=FILL_AREA_STYLE('',(#5287));
#5268=FILL_AREA_STYLE('',(#5288));
#5269=FILL_AREA_STYLE('',(#5289));
#5270=FILL_AREA_STYLE('',(#5290));
#5271=FILL_AREA_STYLE('',(#5291));
#5272=FILL_AREA_STYLE('',(#5292));
#5273=FILL_AREA_STYLE('',(#5293));
#5274=FILL_AREA_STYLE('',(#5294));
#5275=FILL_AREA_STYLE('',(#5295));
#5276=FILL_AREA_STYLE('',(#5296));
#5277=FILL_AREA_STYLE('',(#5297));
#5278=FILL_AREA_STYLE('',(#5298));
#5279=FILL_AREA_STYLE('',(#5299));
#5280=FILL_AREA_STYLE('',(#5300));
#5281=FILL_AREA_STYLE_COLOUR('',#5301);
#5282=FILL_AREA_STYLE_COLOUR('',#5301);
#5283=FILL_AREA_STYLE_COLOUR('',#21);
#5284=FILL_AREA_STYLE_COLOUR('',#21);
#5285=FILL_AREA_STYLE_COLOUR('',#22);
#5286=FILL_AREA_STYLE_COLOUR('',#21);
#5287=FILL_AREA_STYLE_COLOUR('',#21);
#5288=FILL_AREA_STYLE_COLOUR('',#21);
#5289=FILL_AREA_STYLE_COLOUR('',#21);
#5290=FILL_AREA_STYLE_COLOUR('',#21);
#5291=FILL_AREA_STYLE_COLOUR('',#21);
#5292=FILL_AREA_STYLE_COLOUR('',#21);
#5293=FILL_AREA_STYLE_COLOUR('',#21);
#5294=FILL_AREA_STYLE_COLOUR('',#21);
#5295=FILL_AREA_STYLE_COLOUR('',#21);
#5296=FILL_AREA_STYLE_COLOUR('',#21);
#5297=FILL_AREA_STYLE_COLOUR('',#5301);
#5298=FILL_AREA_STYLE_COLOUR('',#5301);
#5299=FILL_AREA_STYLE_COLOUR('',#5301);
#5300=FILL_AREA_STYLE_COLOUR('',#21);
#5301=DRAUGHTING_PRE_DEFINED_COLOUR('white');
#5302=MANIFOLD_SOLID_BREP('BFWDLGT01-1000-2-80-25-cb1 2',#5154);
#5303=MANIFOLD_SOLID_BREP('BFWDLGT01-1000-400-500-2-25-FC-zt1',#5155);
#5304=MANIFOLD_SOLID_BREP('BFWDLGT01-jb',#5156);
#5305=MANIFOLD_SOLID_BREP('BFWDLGT01-1000-2-hc',#5157);
#5306=MANIFOLD_SOLID_BREP('BFWDLGT01-400-500-25-FC-zt2',#5158);
#5307=MANIFOLD_SOLID_BREP('BFWDLGT01-L1000-80-25-cb2',#5159);
#5308=MANIFOLD_SOLID_BREP('BFWDLGT01-400-25-12-gt',#5160);
#5309=SHAPE_DEFINITION_REPRESENTATION(#8907,#5317);
#5310=SHAPE_DEFINITION_REPRESENTATION(#8908,#5318);
#5311=SHAPE_DEFINITION_REPRESENTATION(#8910,#5319);
#5312=SHAPE_DEFINITION_REPRESENTATION(#8912,#5320);
#5313=SHAPE_DEFINITION_REPRESENTATION(#8915,#5321);
#5314=SHAPE_DEFINITION_REPRESENTATION(#8918,#5322);
#5315=SHAPE_DEFINITION_REPRESENTATION(#8922,#5323);
#5316=SHAPE_DEFINITION_REPRESENTATION(#8924,#5324);
#5317=SHAPE_REPRESENTATION(
'BFWDLGT01-L1000-W400-H500-M1-G80-D25-d12-CS-FC-2',(#5325,#5421,#5544,#5565,
#5566,#5617,#5618,#5741,#5742,#5743,#5839,#5865,#5866,#5867,#5868,#5869,
#5870,#5871,#5872,#5873,#5874,#5875,#5876),#8888);
#5318=SHAPE_REPRESENTATION('BFWDLGT01-1000-2-80-25-cb1 2',(#5325),#8889);
#5319=SHAPE_REPRESENTATION('BFWDLGT01-1000-400-500-2-25-FC-zt1',(#5325),
#8890);
#5320=SHAPE_REPRESENTATION('BFWDLGT01-jb',(#5325),#8891);
#5321=SHAPE_REPRESENTATION('BFWDLGT01-1000-2-hc',(#5325),#8892);
#5322=SHAPE_REPRESENTATION('BFWDLGT01-400-500-25-FC-zt2',(#5325),#8893);
#5323=SHAPE_REPRESENTATION('BFWDLGT01-L1000-80-25-cb2',(#5325),#8894);
#5324=SHAPE_REPRESENTATION('BFWDLGT01-400-25-12-gt',(#5325),#8895);
#5325=AXIS2_PLACEMENT_3D('',#7421,#5877,#5878);
#5326=AXIS2_PLACEMENT_3D('',#7422,#5879,#5880);
#5327=AXIS2_PLACEMENT_3D('',#7426,#5882,#5883);
#5328=AXIS2_PLACEMENT_3D('',#7430,#5885,#5886);
#5329=AXIS2_PLACEMENT_3D('',#7431,#5887,#5888);
#5330=AXIS2_PLACEMENT_3D('',#7436,#5890,#5891);
#5331=AXIS2_PLACEMENT_3D('',#7442,#5894,#5895);
#5332=AXIS2_PLACEMENT_3D('',#7453,#5901,#5902);
#5333=AXIS2_PLACEMENT_3D('',#7457,#5904,#5905);
#5334=AXIS2_PLACEMENT_3D('',#7461,#5907,#5908);
#5335=AXIS2_PLACEMENT_3D('',#7462,#5909,#5910);
#5336=AXIS2_PLACEMENT_3D('',#7467,#5912,#5913);
#5337=AXIS2_PLACEMENT_3D('',#7473,#5916,#5917);
#5338=AXIS2_PLACEMENT_3D('',#7484,#5923,#5924);
#5339=AXIS2_PLACEMENT_3D('',#7495,#5931,#5932);
#5340=AXIS2_PLACEMENT_3D('',#7499,#5934,#5935);
#5341=AXIS2_PLACEMENT_3D('',#7503,#5937,#5938);
#5342=AXIS2_PLACEMENT_3D('',#7504,#5939,#5940);
#5343=AXIS2_PLACEMENT_3D('',#7509,#5942,#5943);
#5344=AXIS2_PLACEMENT_3D('',#7515,#5946,#5947);
#5345=AXIS2_PLACEMENT_3D('',#7516,#5948,#5949);
#5346=AXIS2_PLACEMENT_3D('',#7520,#5951,#5952);
#5347=AXIS2_PLACEMENT_3D('',#7524,#5954,#5955);
#5348=AXIS2_PLACEMENT_3D('',#7525,#5956,#5957);
#5349=AXIS2_PLACEMENT_3D('',#7531,#5961,#5962);
#5350=AXIS2_PLACEMENT_3D('',#7535,#5964,#5965);
#5351=AXIS2_PLACEMENT_3D('',#7539,#5967,#5968);
#5352=AXIS2_PLACEMENT_3D('',#7540,#5969,#5970);
#5353=AXIS2_PLACEMENT_3D('',#7545,#5972,#5973);
#5354=AXIS2_PLACEMENT_3D('',#7548,#5975,#5976);
#5355=AXIS2_PLACEMENT_3D('',#7552,#5978,#5979);
#5356=AXIS2_PLACEMENT_3D('',#7556,#5981,#5982);
#5357=AXIS2_PLACEMENT_3D('',#7557,#5983,#5984);
#5358=AXIS2_PLACEMENT_3D('',#7558,#5985,#5986);
#5359=AXIS2_PLACEMENT_3D('',#7561,#5989,#5990);
#5360=AXIS2_PLACEMENT_3D('',#7562,#5991,#5992);
#5361=AXIS2_PLACEMENT_3D('',#7564,#5993,#5994);
#5362=AXIS2_PLACEMENT_3D('',#7566,#5995,#5996);
#5363=AXIS2_PLACEMENT_3D('',#7568,#5997,#5998);
#5364=AXIS2_PLACEMENT_3D('',#7570,#5999,#6000);
#5365=AXIS2_PLACEMENT_3D('',#7572,#6001,#6002);
#5366=AXIS2_PLACEMENT_3D('',#7574,#6003,#6004);
#5367=AXIS2_PLACEMENT_3D('',#7576,#6005,#6006);
#5368=AXIS2_PLACEMENT_3D('',#7578,#6007,#6008);
#5369=AXIS2_PLACEMENT_3D('',#7580,#6009,#6010);
#5370=AXIS2_PLACEMENT_3D('',#7582,#6011,#6012);
#5371=AXIS2_PLACEMENT_3D('',#7584,#6013,#6014);
#5372=AXIS2_PLACEMENT_3D('',#7588,#6017,#6018);
#5373=AXIS2_PLACEMENT_3D('',#7591,#6021,#6022);
#5374=AXIS2_PLACEMENT_3D('',#7594,#6025,#6026);
#5375=AXIS2_PLACEMENT_3D('',#7595,#6027,#6028);
#5376=AXIS2_PLACEMENT_3D('',#7597,#6029,#6030);
#5377=AXIS2_PLACEMENT_3D('',#7599,#6031,#6032);
#5378=AXIS2_PLACEMENT_3D('',#7601,#6033,#6034);
#5379=AXIS2_PLACEMENT_3D('',#7603,#6035,#6036);
#5380=AXIS2_PLACEMENT_3D('',#7605,#6037,#6038);
#5381=AXIS2_PLACEMENT_3D('',#7607,#6039,#6040);
#5382=AXIS2_PLACEMENT_3D('',#7609,#6041,#6042);
#5383=AXIS2_PLACEMENT_3D('',#7611,#6043,#6044);
#5384=AXIS2_PLACEMENT_3D('',#7613,#6045,#6046);
#5385=AXIS2_PLACEMENT_3D('',#7615,#6047,#6048);
#5386=AXIS2_PLACEMENT_3D('',#7617,#6049,#6050);
#5387=AXIS2_PLACEMENT_3D('',#7619,#6051,#6052);
#5388=AXIS2_PLACEMENT_3D('',#7621,#6054,#6055);
#5389=AXIS2_PLACEMENT_3D('',#7622,#6056,#6057);
#5390=AXIS2_PLACEMENT_3D('',#7625,#6060,#6061);
#5391=AXIS2_PLACEMENT_3D('',#7627,#6063,#6064);
#5392=AXIS2_PLACEMENT_3D('',#7629,#6066,#6067);
#5393=AXIS2_PLACEMENT_3D('',#7630,#6068,#6069);
#5394=AXIS2_PLACEMENT_3D('',#7633,#6072,#6073);
#5395=AXIS2_PLACEMENT_3D('',#7635,#6075,#6076);
#5396=AXIS2_PLACEMENT_3D('',#7637,#6078,#6079);
#5397=AXIS2_PLACEMENT_3D('',#7638,#6080,#6081);
#5398=AXIS2_PLACEMENT_3D('',#7641,#6084,#6085);
#5399=AXIS2_PLACEMENT_3D('',#7643,#6087,#6088);
#5400=AXIS2_PLACEMENT_3D('',#7645,#6090,#6091);
#5401=AXIS2_PLACEMENT_3D('',#7646,#6092,#6093);
#5402=AXIS2_PLACEMENT_3D('',#7649,#6096,#6097);
#5403=AXIS2_PLACEMENT_3D('',#7651,#6099,#6100);
#5404=AXIS2_PLACEMENT_3D('',#7653,#6102,#6103);
#5405=AXIS2_PLACEMENT_3D('',#7654,#6104,#6105);
#5406=AXIS2_PLACEMENT_3D('',#7655,#6106,#6107);
#5407=AXIS2_PLACEMENT_3D('',#7656,#6108,#6109);
#5408=AXIS2_PLACEMENT_3D('',#7657,#6110,#6111);
#5409=AXIS2_PLACEMENT_3D('',#7658,#6112,#6113);
#5410=AXIS2_PLACEMENT_3D('',#7659,#6114,#6115);
#5411=AXIS2_PLACEMENT_3D('',#7660,#6116,#6117);
#5412=AXIS2_PLACEMENT_3D('',#7661,#6118,#6119);
#5413=AXIS2_PLACEMENT_3D('',#7662,#6120,#6121);
#5414=AXIS2_PLACEMENT_3D('',#7663,#6122,#6123);
#5415=AXIS2_PLACEMENT_3D('',#7664,#6124,#6125);
#5416=AXIS2_PLACEMENT_3D('',#7665,#6126,#6127);
#5417=AXIS2_PLACEMENT_3D('',#7666,#6128,#6129);
#5418=AXIS2_PLACEMENT_3D('',#7667,#6130,#6131);
#5419=AXIS2_PLACEMENT_3D('',#7668,#6132,#6133);
#5420=AXIS2_PLACEMENT_3D('',#7669,#6134,#6135);
#5421=AXIS2_PLACEMENT_3D('',#7670,#6136,#6137);
#5422=AXIS2_PLACEMENT_3D('',#7671,#6138,#6139);
#5423=AXIS2_PLACEMENT_3D('',#7672,#6140,#6141);
#5424=AXIS2_PLACEMENT_3D('',#7677,#6143,#6144);
#5425=AXIS2_PLACEMENT_3D('',#7680,#6146,#6147);
#5426=AXIS2_PLACEMENT_3D('',#7697,#6156,#6157);
#5427=AXIS2_PLACEMENT_3D('',#7706,#6162,#6163);
#5428=AXIS2_PLACEMENT_3D('',#7707,#6164,#6165);
#5429=AXIS2_PLACEMENT_3D('',#7712,#6167,#6168);
#5430=AXIS2_PLACEMENT_3D('',#7715,#6170,#6171);
#5431=AXIS2_PLACEMENT_3D('',#7721,#6175,#6176);
#5432=AXIS2_PLACEMENT_3D('',#7722,#6177,#6178);
#5433=AXIS2_PLACEMENT_3D('',#7723,#6179,#6180);
#5434=AXIS2_PLACEMENT_3D('',#7725,#6182,#6183);
#5435=AXIS2_PLACEMENT_3D('',#7726,#6184,#6185);
#5436=AXIS2_PLACEMENT_3D('',#7729,#6187,#6188);
#5437=AXIS2_PLACEMENT_3D('',#7732,#6190,#6191);
#5438=AXIS2_PLACEMENT_3D('',#7738,#6195,#6196);
#5439=AXIS2_PLACEMENT_3D('',#7739,#6197,#6198);
#5440=AXIS2_PLACEMENT_3D('',#7741,#6199,#6200);
#5441=AXIS2_PLACEMENT_3D('',#7744,#6202,#6203);
#5442=AXIS2_PLACEMENT_3D('',#7755,#6210,#6211);
#5443=AXIS2_PLACEMENT_3D('',#7756,#6212,#6213);
#5444=AXIS2_PLACEMENT_3D('',#7757,#6214,#6215);
#5445=AXIS2_PLACEMENT_3D('',#7762,#6217,#6218);
#5446=AXIS2_PLACEMENT_3D('',#7765,#6220,#6221);
#5447=AXIS2_PLACEMENT_3D('',#7769,#6223,#6224);
#5448=AXIS2_PLACEMENT_3D('',#7770,#6225,#6226);
#5449=AXIS2_PLACEMENT_3D('',#7773,#6228,#6229);
#5450=AXIS2_PLACEMENT_3D('',#7774,#6230,#6231);
#5451=AXIS2_PLACEMENT_3D('',#7778,#6234,#6235);
#5452=AXIS2_PLACEMENT_3D('',#7779,#6236,#6237);
#5453=AXIS2_PLACEMENT_3D('',#7780,#6238,#6239);
#5454=AXIS2_PLACEMENT_3D('',#7781,#6240,#6241);
#5455=AXIS2_PLACEMENT_3D('',#7785,#6243,#6244);
#5456=AXIS2_PLACEMENT_3D('',#7786,#6245,#6246);
#5457=AXIS2_PLACEMENT_3D('',#7792,#6250,#6251);
#5458=AXIS2_PLACEMENT_3D('',#7793,#6252,#6253);
#5459=AXIS2_PLACEMENT_3D('',#7794,#6254,#6255);
#5460=AXIS2_PLACEMENT_3D('',#7795,#6256,#6257);
#5461=AXIS2_PLACEMENT_3D('',#7804,#6262,#6263);
#5462=AXIS2_PLACEMENT_3D('',#7805,#6264,#6265);
#5463=AXIS2_PLACEMENT_3D('',#7809,#6267,#6268);
#5464=AXIS2_PLACEMENT_3D('',#7810,#6269,#6270);
#5465=AXIS2_PLACEMENT_3D('',#7816,#6274,#6275);
#5466=AXIS2_PLACEMENT_3D('',#7819,#6277,#6278);
#5467=AXIS2_PLACEMENT_3D('',#7822,#6280,#6281);
#5468=AXIS2_PLACEMENT_3D('',#7826,#6284,#6285);
#5469=AXIS2_PLACEMENT_3D('',#7829,#6287,#6288);
#5470=AXIS2_PLACEMENT_3D('',#7830,#6289,#6290);
#5471=AXIS2_PLACEMENT_3D('',#7831,#6291,#6292);
#5472=AXIS2_PLACEMENT_3D('',#7832,#6293,#6294);
#5473=AXIS2_PLACEMENT_3D('',#7833,#6295,#6296);
#5474=AXIS2_PLACEMENT_3D('',#7835,#6298,#6299);
#5475=AXIS2_PLACEMENT_3D('',#7836,#6300,#6301);
#5476=AXIS2_PLACEMENT_3D('',#7837,#6302,#6303);
#5477=AXIS2_PLACEMENT_3D('',#7838,#6304,#6305);
#5478=AXIS2_PLACEMENT_3D('',#7840,#6306,#6307);
#5479=AXIS2_PLACEMENT_3D('',#7843,#6309,#6310);
#5480=AXIS2_PLACEMENT_3D('',#7844,#6311,#6312);
#5481=AXIS2_PLACEMENT_3D('',#7848,#6314,#6315);
#5482=AXIS2_PLACEMENT_3D('',#7851,#6317,#6318);
#5483=AXIS2_PLACEMENT_3D('',#7857,#6322,#6323);
#5484=AXIS2_PLACEMENT_3D('',#7858,#6324,#6325);
#5485=AXIS2_PLACEMENT_3D('',#7861,#6327,#6328);
#5486=AXIS2_PLACEMENT_3D('',#7862,#6329,#6330);
#5487=AXIS2_PLACEMENT_3D('',#7865,#6333,#6334);
#5488=AXIS2_PLACEMENT_3D('',#7867,#6336,#6337);
#5489=AXIS2_PLACEMENT_3D('',#7869,#6339,#6340);
#5490=AXIS2_PLACEMENT_3D('',#7871,#6342,#6343);
#5491=AXIS2_PLACEMENT_3D('',#7873,#6345,#6346);
#5492=AXIS2_PLACEMENT_3D('',#7875,#6348,#6349);
#5493=AXIS2_PLACEMENT_3D('',#7876,#6350,#6351);
#5494=AXIS2_PLACEMENT_3D('',#7890,#6359,#6360);
#5495=AXIS2_PLACEMENT_3D('',#7896,#6364,#6365);
#5496=AXIS2_PLACEMENT_3D('',#7897,#6366,#6367);
#5497=AXIS2_PLACEMENT_3D('',#7899,#6368,#6369);
#5498=AXIS2_PLACEMENT_3D('',#7902,#6371,#6372);
#5499=AXIS2_PLACEMENT_3D('',#7908,#6376,#6377);
#5500=AXIS2_PLACEMENT_3D('',#7909,#6378,#6379);
#5501=AXIS2_PLACEMENT_3D('',#7911,#6380,#6381);
#5502=AXIS2_PLACEMENT_3D('',#7914,#6383,#6384);
#5503=AXIS2_PLACEMENT_3D('',#7928,#6392,#6393);
#5504=AXIS2_PLACEMENT_3D('',#7929,#6394,#6395);
#5505=AXIS2_PLACEMENT_3D('',#7931,#6396,#6397);
#5506=AXIS2_PLACEMENT_3D('',#7934,#6399,#6400);
#5507=AXIS2_PLACEMENT_3D('',#7940,#6404,#6405);
#5508=AXIS2_PLACEMENT_3D('',#7941,#6406,#6407);
#5509=AXIS2_PLACEMENT_3D('',#7942,#6408,#6409);
#5510=AXIS2_PLACEMENT_3D('',#7943,#6410,#6411);
#5511=AXIS2_PLACEMENT_3D('',#7944,#6412,#6413);
#5512=AXIS2_PLACEMENT_3D('',#7945,#6414,#6415);
#5513=AXIS2_PLACEMENT_3D('',#7950,#6417,#6418);
#5514=AXIS2_PLACEMENT_3D('',#7953,#6420,#6421);
#5515=AXIS2_PLACEMENT_3D('',#7957,#6423,#6424);
#5516=AXIS2_PLACEMENT_3D('',#7958,#6425,#6426);
#5517=AXIS2_PLACEMENT_3D('',#7961,#6428,#6429);
#5518=AXIS2_PLACEMENT_3D('',#7962,#6430,#6431);
#5519=AXIS2_PLACEMENT_3D('',#7966,#6434,#6435);
#5520=AXIS2_PLACEMENT_3D('',#7967,#6436,#6437);
#5521=AXIS2_PLACEMENT_3D('',#7968,#6438,#6439);
#5522=AXIS2_PLACEMENT_3D('',#7969,#6440,#6441);
#5523=AXIS2_PLACEMENT_3D('',#7973,#6443,#6444);
#5524=AXIS2_PLACEMENT_3D('',#7974,#6445,#6446);
#5525=AXIS2_PLACEMENT_3D('',#7980,#6450,#6451);
#5526=AXIS2_PLACEMENT_3D('',#7981,#6452,#6453);
#5527=AXIS2_PLACEMENT_3D('',#7982,#6454,#6455);
#5528=AXIS2_PLACEMENT_3D('',#7983,#6456,#6457);
#5529=AXIS2_PLACEMENT_3D('',#7992,#6462,#6463);
#5530=AXIS2_PLACEMENT_3D('',#7993,#6464,#6465);
#5531=AXIS2_PLACEMENT_3D('',#7997,#6467,#6468);
#5532=AXIS2_PLACEMENT_3D('',#7998,#6469,#6470);
#5533=AXIS2_PLACEMENT_3D('',#8004,#6474,#6475);
#5534=AXIS2_PLACEMENT_3D('',#8007,#6477,#6478);
#5535=AXIS2_PLACEMENT_3D('',#8010,#6480,#6481);
#5536=AXIS2_PLACEMENT_3D('',#8014,#6484,#6485);
#5537=AXIS2_PLACEMENT_3D('',#8017,#6487,#6488);
#5538=AXIS2_PLACEMENT_3D('',#8018,#6489,#6490);
#5539=AXIS2_PLACEMENT_3D('',#8019,#6491,#6492);
#5540=AXIS2_PLACEMENT_3D('',#8020,#6493,#6494);
#5541=AXIS2_PLACEMENT_3D('',#8021,#6495,#6496);
#5542=AXIS2_PLACEMENT_3D('',#8023,#6498,#6499);
#5543=AXIS2_PLACEMENT_3D('',#8024,#6500,#6501);
#5544=AXIS2_PLACEMENT_3D('',#8025,#6502,#6503);
#5545=AXIS2_PLACEMENT_3D('',#8026,#6504,#6505);
#5546=AXIS2_PLACEMENT_3D('',#8027,#6506,#6507);
#5547=AXIS2_PLACEMENT_3D('',#8041,#6514,#6515);
#5548=AXIS2_PLACEMENT_3D('',#8042,#6516,#6517);
#5549=AXIS2_PLACEMENT_3D('',#8044,#6518,#6519);
#5550=AXIS2_PLACEMENT_3D('',#8045,#6520,#6521);
#5551=AXIS2_PLACEMENT_3D('',#8047,#6522,#6523);
#5552=AXIS2_PLACEMENT_3D('',#8048,#6524,#6525);
#5553=AXIS2_PLACEMENT_3D('',#8050,#6526,#6527);
#5554=AXIS2_PLACEMENT_3D('',#8051,#6528,#6529);
#5555=AXIS2_PLACEMENT_3D('',#8057,#6533,#6534);
#5556=AXIS2_PLACEMENT_3D('',#8061,#6537,#6538);
#5557=AXIS2_PLACEMENT_3D('',#8065,#6541,#6542);
#5558=AXIS2_PLACEMENT_3D('',#8069,#6545,#6546);
#5559=AXIS2_PLACEMENT_3D('',#8073,#6549,#6550);
#5560=AXIS2_PLACEMENT_3D('',#8075,#6552,#6553);
#5561=AXIS2_PLACEMENT_3D('',#8076,#6554,#6555);
#5562=AXIS2_PLACEMENT_3D('',#8078,#6556,#6557);
#5563=AXIS2_PLACEMENT_3D('',#8079,#6558,#6559);
#5564=AXIS2_PLACEMENT_3D('',#8081,#6560,#6561);
#5565=AXIS2_PLACEMENT_3D('',#8082,#6562,#6563);
#5566=AXIS2_PLACEMENT_3D('',#8083,#6564,#6565);
#5567=AXIS2_PLACEMENT_3D('',#8084,#6566,#6567);
#5568=AXIS2_PLACEMENT_3D('',#8085,#6568,#6569);
#5569=AXIS2_PLACEMENT_3D('',#8090,#6571,#6572);
#5570=AXIS2_PLACEMENT_3D('',#8094,#6574,#6575);
#5571=AXIS2_PLACEMENT_3D('',#8098,#6577,#6578);
#5572=AXIS2_PLACEMENT_3D('',#8101,#6580,#6581);
#5573=AXIS2_PLACEMENT_3D('',#8102,#6582,#6583);
#5574=AXIS2_PLACEMENT_3D('',#8107,#6586,#6587);
#5575=AXIS2_PLACEMENT_3D('',#8127,#6598,#6599);
#5576=AXIS2_PLACEMENT_3D('',#8128,#6600,#6601);
#5577=AXIS2_PLACEMENT_3D('',#8132,#6603,#6604);
#5578=AXIS2_PLACEMENT_3D('',#8133,#6605,#6606);
#5579=AXIS2_PLACEMENT_3D('',#8139,#6610,#6611);
#5580=AXIS2_PLACEMENT_3D('',#8140,#6612,#6613);
#5581=AXIS2_PLACEMENT_3D('',#8144,#6615,#6616);
#5582=AXIS2_PLACEMENT_3D('',#8145,#6617,#6618);
#5583=AXIS2_PLACEMENT_3D('',#8164,#6629,#6630);
#5584=AXIS2_PLACEMENT_3D('',#8165,#6631,#6632);
#5585=AXIS2_PLACEMENT_3D('',#8168,#6634,#6635);
#5586=AXIS2_PLACEMENT_3D('',#8170,#6637,#6638);
#5587=AXIS2_PLACEMENT_3D('',#8171,#6639,#6640);
#5588=AXIS2_PLACEMENT_3D('',#8175,#6642,#6643);
#5589=AXIS2_PLACEMENT_3D('',#8176,#6644,#6645);
#5590=AXIS2_PLACEMENT_3D('',#8177,#6646,#6647);
#5591=AXIS2_PLACEMENT_3D('',#8178,#6648,#6649);
#5592=AXIS2_PLACEMENT_3D('',#8181,#6651,#6652);
#5593=AXIS2_PLACEMENT_3D('',#8184,#6654,#6655);
#5594=AXIS2_PLACEMENT_3D('',#8185,#6656,#6657);
#5595=AXIS2_PLACEMENT_3D('',#8189,#6660,#6661);
#5596=AXIS2_PLACEMENT_3D('',#8190,#6662,#6663);
#5597=AXIS2_PLACEMENT_3D('',#8191,#6664,#6665);
#5598=AXIS2_PLACEMENT_3D('',#8194,#6667,#6668);
#5599=AXIS2_PLACEMENT_3D('',#8195,#6669,#6670);
#5600=AXIS2_PLACEMENT_3D('',#8197,#6672,#6673);
#5601=AXIS2_PLACEMENT_3D('',#8198,#6674,#6675);
#5602=AXIS2_PLACEMENT_3D('',#8202,#6677,#6678);
#5603=AXIS2_PLACEMENT_3D('',#8203,#6679,#6680);
#5604=AXIS2_PLACEMENT_3D('',#8204,#6681,#6682);
#5605=AXIS2_PLACEMENT_3D('',#8208,#6684,#6685);
#5606=AXIS2_PLACEMENT_3D('',#8209,#6686,#6687);
#5607=AXIS2_PLACEMENT_3D('',#8210,#6688,#6689);
#5608=AXIS2_PLACEMENT_3D('',#8213,#6691,#6692);
#5609=AXIS2_PLACEMENT_3D('',#8216,#6694,#6695);
#5610=AXIS2_PLACEMENT_3D('',#8217,#6696,#6697);
#5611=AXIS2_PLACEMENT_3D('',#8221,#6700,#6701);
#5612=AXIS2_PLACEMENT_3D('',#8222,#6702,#6703);
#5613=AXIS2_PLACEMENT_3D('',#8223,#6704,#6705);
#5614=AXIS2_PLACEMENT_3D('',#8226,#6707,#6708);
#5615=AXIS2_PLACEMENT_3D('',#8227,#6709,#6710);
#5616=AXIS2_PLACEMENT_3D('',#8229,#6712,#6713);
#5617=AXIS2_PLACEMENT_3D('',#8230,#6714,#6715);
#5618=AXIS2_PLACEMENT_3D('',#8231,#6716,#6717);
#5619=AXIS2_PLACEMENT_3D('',#8232,#6718,#6719);
#5620=AXIS2_PLACEMENT_3D('',#8233,#6720,#6721);
#5621=AXIS2_PLACEMENT_3D('',#8238,#6723,#6724);
#5622=AXIS2_PLACEMENT_3D('',#8241,#6726,#6727);
#5623=AXIS2_PLACEMENT_3D('',#8258,#6736,#6737);
#5624=AXIS2_PLACEMENT_3D('',#8267,#6742,#6743);
#5625=AXIS2_PLACEMENT_3D('',#8268,#6744,#6745);
#5626=AXIS2_PLACEMENT_3D('',#8273,#6747,#6748);
#5627=AXIS2_PLACEMENT_3D('',#8276,#6750,#6751);
#5628=AXIS2_PLACEMENT_3D('',#8282,#6755,#6756);
#5629=AXIS2_PLACEMENT_3D('',#8283,#6757,#6758);
#5630=AXIS2_PLACEMENT_3D('',#8284,#6759,#6760);
#5631=AXIS2_PLACEMENT_3D('',#8286,#6762,#6763);
#5632=AXIS2_PLACEMENT_3D('',#8287,#6764,#6765);
#5633=AXIS2_PLACEMENT_3D('',#8290,#6767,#6768);
#5634=AXIS2_PLACEMENT_3D('',#8293,#6770,#6771);
#5635=AXIS2_PLACEMENT_3D('',#8299,#6775,#6776);
#5636=AXIS2_PLACEMENT_3D('',#8300,#6777,#6778);
#5637=AXIS2_PLACEMENT_3D('',#8302,#6779,#6780);
#5638=AXIS2_PLACEMENT_3D('',#8305,#6782,#6783);
#5639=AXIS2_PLACEMENT_3D('',#8316,#6790,#6791);
#5640=AXIS2_PLACEMENT_3D('',#8317,#6792,#6793);
#5641=AXIS2_PLACEMENT_3D('',#8318,#6794,#6795);
#5642=AXIS2_PLACEMENT_3D('',#8323,#6797,#6798);
#5643=AXIS2_PLACEMENT_3D('',#8326,#6800,#6801);
#5644=AXIS2_PLACEMENT_3D('',#8330,#6803,#6804);
#5645=AXIS2_PLACEMENT_3D('',#8331,#6805,#6806);
#5646=AXIS2_PLACEMENT_3D('',#8334,#6808,#6809);
#5647=AXIS2_PLACEMENT_3D('',#8335,#6810,#6811);
#5648=AXIS2_PLACEMENT_3D('',#8339,#6814,#6815);
#5649=AXIS2_PLACEMENT_3D('',#8340,#6816,#6817);
#5650=AXIS2_PLACEMENT_3D('',#8341,#6818,#6819);
#5651=AXIS2_PLACEMENT_3D('',#8342,#6820,#6821);
#5652=AXIS2_PLACEMENT_3D('',#8346,#6823,#6824);
#5653=AXIS2_PLACEMENT_3D('',#8347,#6825,#6826);
#5654=AXIS2_PLACEMENT_3D('',#8353,#6830,#6831);
#5655=AXIS2_PLACEMENT_3D('',#8354,#6832,#6833);
#5656=AXIS2_PLACEMENT_3D('',#8355,#6834,#6835);
#5657=AXIS2_PLACEMENT_3D('',#8356,#6836,#6837);
#5658=AXIS2_PLACEMENT_3D('',#8365,#6842,#6843);
#5659=AXIS2_PLACEMENT_3D('',#8366,#6844,#6845);
#5660=AXIS2_PLACEMENT_3D('',#8370,#6847,#6848);
#5661=AXIS2_PLACEMENT_3D('',#8371,#6849,#6850);
#5662=AXIS2_PLACEMENT_3D('',#8377,#6854,#6855);
#5663=AXIS2_PLACEMENT_3D('',#8380,#6857,#6858);
#5664=AXIS2_PLACEMENT_3D('',#8383,#6860,#6861);
#5665=AXIS2_PLACEMENT_3D('',#8387,#6864,#6865);
#5666=AXIS2_PLACEMENT_3D('',#8390,#6867,#6868);
#5667=AXIS2_PLACEMENT_3D('',#8391,#6869,#6870);
#5668=AXIS2_PLACEMENT_3D('',#8392,#6871,#6872);
#5669=AXIS2_PLACEMENT_3D('',#8393,#6873,#6874);
#5670=AXIS2_PLACEMENT_3D('',#8394,#6875,#6876);
#5671=AXIS2_PLACEMENT_3D('',#8396,#6878,#6879);
#5672=AXIS2_PLACEMENT_3D('',#8397,#6880,#6881);
#5673=AXIS2_PLACEMENT_3D('',#8398,#6882,#6883);
#5674=AXIS2_PLACEMENT_3D('',#8399,#6884,#6885);
#5675=AXIS2_PLACEMENT_3D('',#8401,#6886,#6887);
#5676=AXIS2_PLACEMENT_3D('',#8404,#6889,#6890);
#5677=AXIS2_PLACEMENT_3D('',#8405,#6891,#6892);
#5678=AXIS2_PLACEMENT_3D('',#8409,#6894,#6895);
#5679=AXIS2_PLACEMENT_3D('',#8412,#6897,#6898);
#5680=AXIS2_PLACEMENT_3D('',#8418,#6902,#6903);
#5681=AXIS2_PLACEMENT_3D('',#8419,#6904,#6905);
#5682=AXIS2_PLACEMENT_3D('',#8422,#6907,#6908);
#5683=AXIS2_PLACEMENT_3D('',#8423,#6909,#6910);
#5684=AXIS2_PLACEMENT_3D('',#8426,#6913,#6914);
#5685=AXIS2_PLACEMENT_3D('',#8428,#6916,#6917);
#5686=AXIS2_PLACEMENT_3D('',#8430,#6919,#6920);
#5687=AXIS2_PLACEMENT_3D('',#8432,#6922,#6923);
#5688=AXIS2_PLACEMENT_3D('',#8434,#6925,#6926);
#5689=AXIS2_PLACEMENT_3D('',#8436,#6928,#6929);
#5690=AXIS2_PLACEMENT_3D('',#8437,#6930,#6931);
#5691=AXIS2_PLACEMENT_3D('',#8451,#6939,#6940);
#5692=AXIS2_PLACEMENT_3D('',#8457,#6944,#6945);
#5693=AXIS2_PLACEMENT_3D('',#8458,#6946,#6947);
#5694=AXIS2_PLACEMENT_3D('',#8460,#6948,#6949);
#5695=AXIS2_PLACEMENT_3D('',#8463,#6951,#6952);
#5696=AXIS2_PLACEMENT_3D('',#8469,#6956,#6957);
#5697=AXIS2_PLACEMENT_3D('',#8470,#6958,#6959);
#5698=AXIS2_PLACEMENT_3D('',#8472,#6960,#6961);
#5699=AXIS2_PLACEMENT_3D('',#8475,#6963,#6964);
#5700=AXIS2_PLACEMENT_3D('',#8489,#6972,#6973);
#5701=AXIS2_PLACEMENT_3D('',#8490,#6974,#6975);
#5702=AXIS2_PLACEMENT_3D('',#8492,#6976,#6977);
#5703=AXIS2_PLACEMENT_3D('',#8495,#6979,#6980);
#5704=AXIS2_PLACEMENT_3D('',#8501,#6984,#6985);
#5705=AXIS2_PLACEMENT_3D('',#8502,#6986,#6987);
#5706=AXIS2_PLACEMENT_3D('',#8503,#6988,#6989);
#5707=AXIS2_PLACEMENT_3D('',#8504,#6990,#6991);
#5708=AXIS2_PLACEMENT_3D('',#8505,#6992,#6993);
#5709=AXIS2_PLACEMENT_3D('',#8506,#6994,#6995);
#5710=AXIS2_PLACEMENT_3D('',#8511,#6997,#6998);
#5711=AXIS2_PLACEMENT_3D('',#8514,#7000,#7001);
#5712=AXIS2_PLACEMENT_3D('',#8518,#7003,#7004);
#5713=AXIS2_PLACEMENT_3D('',#8519,#7005,#7006);
#5714=AXIS2_PLACEMENT_3D('',#8522,#7008,#7009);
#5715=AXIS2_PLACEMENT_3D('',#8523,#7010,#7011);
#5716=AXIS2_PLACEMENT_3D('',#8527,#7014,#7015);
#5717=AXIS2_PLACEMENT_3D('',#8528,#7016,#7017);
#5718=AXIS2_PLACEMENT_3D('',#8529,#7018,#7019);
#5719=AXIS2_PLACEMENT_3D('',#8530,#7020,#7021);
#5720=AXIS2_PLACEMENT_3D('',#8534,#7023,#7024);
#5721=AXIS2_PLACEMENT_3D('',#8535,#7025,#7026);
#5722=AXIS2_PLACEMENT_3D('',#8541,#7030,#7031);
#5723=AXIS2_PLACEMENT_3D('',#8542,#7032,#7033);
#5724=AXIS2_PLACEMENT_3D('',#8543,#7034,#7035);
#5725=AXIS2_PLACEMENT_3D('',#8544,#7036,#7037);
#5726=AXIS2_PLACEMENT_3D('',#8553,#7042,#7043);
#5727=AXIS2_PLACEMENT_3D('',#8554,#7044,#7045);
#5728=AXIS2_PLACEMENT_3D('',#8558,#7047,#7048);
#5729=AXIS2_PLACEMENT_3D('',#8559,#7049,#7050);
#5730=AXIS2_PLACEMENT_3D('',#8565,#7054,#7055);
#5731=AXIS2_PLACEMENT_3D('',#8568,#7057,#7058);
#5732=AXIS2_PLACEMENT_3D('',#8571,#7060,#7061);
#5733=AXIS2_PLACEMENT_3D('',#8575,#7064,#7065);
#5734=AXIS2_PLACEMENT_3D('',#8578,#7067,#7068);
#5735=AXIS2_PLACEMENT_3D('',#8579,#7069,#7070);
#5736=AXIS2_PLACEMENT_3D('',#8580,#7071,#7072);
#5737=AXIS2_PLACEMENT_3D('',#8581,#7073,#7074);
#5738=AXIS2_PLACEMENT_3D('',#8582,#7075,#7076);
#5739=AXIS2_PLACEMENT_3D('',#8584,#7078,#7079);
#5740=AXIS2_PLACEMENT_3D('',#8585,#7080,#7081);
#5741=AXIS2_PLACEMENT_3D('',#8586,#7082,#7083);
#5742=AXIS2_PLACEMENT_3D('',#8587,#7084,#7085);
#5743=AXIS2_PLACEMENT_3D('',#8588,#7086,#7087);
#5744=AXIS2_PLACEMENT_3D('',#8589,#7088,#7089);
#5745=AXIS2_PLACEMENT_3D('',#8593,#7091,#7092);
#5746=AXIS2_PLACEMENT_3D('',#8597,#7094,#7095);
#5747=AXIS2_PLACEMENT_3D('',#8598,#7096,#7097);
#5748=AXIS2_PLACEMENT_3D('',#8603,#7099,#7100);
#5749=AXIS2_PLACEMENT_3D('',#8609,#7103,#7104);
#5750=AXIS2_PLACEMENT_3D('',#8620,#7110,#7111);
#5751=AXIS2_PLACEMENT_3D('',#8624,#7113,#7114);
#5752=AXIS2_PLACEMENT_3D('',#8628,#7116,#7117);
#5753=AXIS2_PLACEMENT_3D('',#8629,#7118,#7119);
#5754=AXIS2_PLACEMENT_3D('',#8634,#7121,#7122);
#5755=AXIS2_PLACEMENT_3D('',#8640,#7125,#7126);
#5756=AXIS2_PLACEMENT_3D('',#8651,#7132,#7133);
#5757=AXIS2_PLACEMENT_3D('',#8662,#7140,#7141);
#5758=AXIS2_PLACEMENT_3D('',#8666,#7143,#7144);
#5759=AXIS2_PLACEMENT_3D('',#8670,#7146,#7147);
#5760=AXIS2_PLACEMENT_3D('',#8671,#7148,#7149);
#5761=AXIS2_PLACEMENT_3D('',#8676,#7151,#7152);
#5762=AXIS2_PLACEMENT_3D('',#8682,#7155,#7156);
#5763=AXIS2_PLACEMENT_3D('',#8683,#7157,#7158);
#5764=AXIS2_PLACEMENT_3D('',#8687,#7160,#7161);
#5765=AXIS2_PLACEMENT_3D('',#8691,#7163,#7164);
#5766=AXIS2_PLACEMENT_3D('',#8692,#7165,#7166);
#5767=AXIS2_PLACEMENT_3D('',#8698,#7170,#7171);
#5768=AXIS2_PLACEMENT_3D('',#8702,#7173,#7174);
#5769=AXIS2_PLACEMENT_3D('',#8706,#7176,#7177);
#5770=AXIS2_PLACEMENT_3D('',#8707,#7178,#7179);
#5771=AXIS2_PLACEMENT_3D('',#8712,#7181,#7182);
#5772=AXIS2_PLACEMENT_3D('',#8715,#7184,#7185);
#5773=AXIS2_PLACEMENT_3D('',#8719,#7187,#7188);
#5774=AXIS2_PLACEMENT_3D('',#8723,#7190,#7191);
#5775=AXIS2_PLACEMENT_3D('',#8724,#7192,#7193);
#5776=AXIS2_PLACEMENT_3D('',#8725,#7194,#7195);
#5777=AXIS2_PLACEMENT_3D('',#8728,#7198,#7199);
#5778=AXIS2_PLACEMENT_3D('',#8729,#7200,#7201);
#5779=AXIS2_PLACEMENT_3D('',#8731,#7202,#7203);
#5780=AXIS2_PLACEMENT_3D('',#8733,#7204,#7205);
#5781=AXIS2_PLACEMENT_3D('',#8735,#7206,#7207);
#5782=AXIS2_PLACEMENT_3D('',#8737,#7208,#7209);
#5783=AXIS2_PLACEMENT_3D('',#8739,#7210,#7211);
#5784=AXIS2_PLACEMENT_3D('',#8741,#7212,#7213);
#5785=AXIS2_PLACEMENT_3D('',#8743,#7214,#7215);
#5786=AXIS2_PLACEMENT_3D('',#8745,#7216,#7217);
#5787=AXIS2_PLACEMENT_3D('',#8747,#7218,#7219);
#5788=AXIS2_PLACEMENT_3D('',#8749,#7220,#7221);
#5789=AXIS2_PLACEMENT_3D('',#8751,#7222,#7223);
#5790=AXIS2_PLACEMENT_3D('',#8755,#7226,#7227);
#5791=AXIS2_PLACEMENT_3D('',#8758,#7230,#7231);
#5792=AXIS2_PLACEMENT_3D('',#8761,#7234,#7235);
#5793=AXIS2_PLACEMENT_3D('',#8762,#7236,#7237);
#5794=AXIS2_PLACEMENT_3D('',#8764,#7238,#7239);
#5795=AXIS2_PLACEMENT_3D('',#8766,#7240,#7241);
#5796=AXIS2_PLACEMENT_3D('',#8768,#7242,#7243);
#5797=AXIS2_PLACEMENT_3D('',#8770,#7244,#7245);
#5798=AXIS2_PLACEMENT_3D('',#8772,#7246,#7247);
#5799=AXIS2_PLACEMENT_3D('',#8774,#7248,#7249);
#5800=AXIS2_PLACEMENT_3D('',#8776,#7250,#7251);
#5801=AXIS2_PLACEMENT_3D('',#8778,#7252,#7253);
#5802=AXIS2_PLACEMENT_3D('',#8780,#7254,#7255);
#5803=AXIS2_PLACEMENT_3D('',#8782,#7256,#7257);
#5804=AXIS2_PLACEMENT_3D('',#8784,#7258,#7259);
#5805=AXIS2_PLACEMENT_3D('',#8786,#7260,#7261);
#5806=AXIS2_PLACEMENT_3D('',#8788,#7263,#7264);
#5807=AXIS2_PLACEMENT_3D('',#8789,#7265,#7266);
#5808=AXIS2_PLACEMENT_3D('',#8792,#7269,#7270);
#5809=AXIS2_PLACEMENT_3D('',#8794,#7272,#7273);
#5810=AXIS2_PLACEMENT_3D('',#8796,#7275,#7276);
#5811=AXIS2_PLACEMENT_3D('',#8797,#7277,#7278);
#5812=AXIS2_PLACEMENT_3D('',#8800,#7281,#7282);
#5813=AXIS2_PLACEMENT_3D('',#8802,#7284,#7285);
#5814=AXIS2_PLACEMENT_3D('',#8804,#7287,#7288);
#5815=AXIS2_PLACEMENT_3D('',#8805,#7289,#7290);
#5816=AXIS2_PLACEMENT_3D('',#8808,#7293,#7294);
#5817=AXIS2_PLACEMENT_3D('',#8810,#7296,#7297);
#5818=AXIS2_PLACEMENT_3D('',#8812,#7299,#7300);
#5819=AXIS2_PLACEMENT_3D('',#8813,#7301,#7302);
#5820=AXIS2_PLACEMENT_3D('',#8816,#7305,#7306);
#5821=AXIS2_PLACEMENT_3D('',#8818,#7308,#7309);
#5822=AXIS2_PLACEMENT_3D('',#8820,#7311,#7312);
#5823=AXIS2_PLACEMENT_3D('',#8821,#7313,#7314);
#5824=AXIS2_PLACEMENT_3D('',#8822,#7315,#7316);
#5825=AXIS2_PLACEMENT_3D('',#8823,#7317,#7318);
#5826=AXIS2_PLACEMENT_3D('',#8824,#7319,#7320);
#5827=AXIS2_PLACEMENT_3D('',#8825,#7321,#7322);
#5828=AXIS2_PLACEMENT_3D('',#8826,#7323,#7324);
#5829=AXIS2_PLACEMENT_3D('',#8827,#7325,#7326);
#5830=AXIS2_PLACEMENT_3D('',#8828,#7327,#7328);
#5831=AXIS2_PLACEMENT_3D('',#8829,#7329,#7330);
#5832=AXIS2_PLACEMENT_3D('',#8830,#7331,#7332);
#5833=AXIS2_PLACEMENT_3D('',#8831,#7333,#7334);
#5834=AXIS2_PLACEMENT_3D('',#8832,#7335,#7336);
#5835=AXIS2_PLACEMENT_3D('',#8833,#7337,#7338);
#5836=AXIS2_PLACEMENT_3D('',#8834,#7339,#7340);
#5837=AXIS2_PLACEMENT_3D('',#8835,#7341,#7342);
#5838=AXIS2_PLACEMENT_3D('',#8836,#7343,#7344);
#5839=AXIS2_PLACEMENT_3D('',#8837,#7345,#7346);
#5840=AXIS2_PLACEMENT_3D('',#8838,#7347,#7348);
#5841=AXIS2_PLACEMENT_3D('',#8839,#7349,#7350);
#5842=AXIS2_PLACEMENT_3D('',#8841,#7351,#7352);
#5843=AXIS2_PLACEMENT_3D('',#8843,#7353,#7354);
#5844=AXIS2_PLACEMENT_3D('',#8844,#7355,#7356);
#5845=AXIS2_PLACEMENT_3D('',#8846,#7357,#7358);
#5846=AXIS2_PLACEMENT_3D('',#8847,#7359,#7360);
#5847=AXIS2_PLACEMENT_3D('',#8849,#7361,#7362);
#5848=AXIS2_PLACEMENT_3D('',#8850,#7363,#7364);
#5849=AXIS2_PLACEMENT_3D('',#8852,#7365,#7366);
#5850=AXIS2_PLACEMENT_3D('',#8853,#7367,#7368);
#5851=AXIS2_PLACEMENT_3D('',#8855,#7369,#7370);
#5852=AXIS2_PLACEMENT_3D('',#8856,#7371,#7372);
#5853=AXIS2_PLACEMENT_3D('',#8858,#7373,#7374);
#5854=AXIS2_PLACEMENT_3D('',#8859,#7375,#7376);
#5855=AXIS2_PLACEMENT_3D('',#8861,#7377,#7378);
#5856=AXIS2_PLACEMENT_3D('',#8862,#7379,#7380);
#5857=AXIS2_PLACEMENT_3D('',#8864,#7381,#7382);
#5858=AXIS2_PLACEMENT_3D('',#8865,#7383,#7384);
#5859=AXIS2_PLACEMENT_3D('',#8867,#7385,#7386);
#5860=AXIS2_PLACEMENT_3D('',#8868,#7387,#7388);
#5861=AXIS2_PLACEMENT_3D('',#8870,#7389,#7390);
#5862=AXIS2_PLACEMENT_3D('',#8871,#7391,#7392);
#5863=AXIS2_PLACEMENT_3D('',#8873,#7393,#7394);
#5864=AXIS2_PLACEMENT_3D('',#8874,#7395,#7396);
#5865=AXIS2_PLACEMENT_3D('',#8875,#7397,#7398);
#5866=AXIS2_PLACEMENT_3D('',#8876,#7399,#7400);
#5867=AXIS2_PLACEMENT_3D('',#8877,#7401,#7402);
#5868=AXIS2_PLACEMENT_3D('',#8878,#7403,#7404);
#5869=AXIS2_PLACEMENT_3D('',#8879,#7405,#7406);
#5870=AXIS2_PLACEMENT_3D('',#8880,#7407,#7408);
#5871=AXIS2_PLACEMENT_3D('',#8881,#7409,#7410);
#5872=AXIS2_PLACEMENT_3D('',#8882,#7411,#7412);
#5873=AXIS2_PLACEMENT_3D('',#8883,#7413,#7414);
#5874=AXIS2_PLACEMENT_3D('',#8884,#7415,#7416);
#5875=AXIS2_PLACEMENT_3D('',#8885,#7417,#7418);
#5876=AXIS2_PLACEMENT_3D('',#8886,#7419,#7420);
#5877=DIRECTION('',(0.,0.,1.));
#5878=DIRECTION('',(1.,0.,0.));
#5879=DIRECTION('',(1.,0.,0.));
#5880=DIRECTION('',(0.,0.,-1.));
#5881=DIRECTION('',(0.,1.,0.));
#5882=DIRECTION('',(1.,0.,0.));
#5883=DIRECTION('',(0.,0.,-1.));
#5884=DIRECTION('',(0.,-1.,0.));
#5885=DIRECTION('',(1.,0.,0.));
#5886=DIRECTION('',(0.,0.,-1.));
#5887=DIRECTION('',(1.,0.,0.));
#5888=DIRECTION('',(0.,0.,-1.));
#5889=DIRECTION('',(0.,1.,0.));
#5890=DIRECTION('',(1.,0.,0.));
#5891=DIRECTION('',(0.,0.,-1.));
#5892=DIRECTION('',(0.,-1.,0.));
#5893=DIRECTION('',(0.,0.,-1.));
#5894=DIRECTION('',(1.,0.,0.));
#5895=DIRECTION('',(0.,0.,-1.));
#5896=DIRECTION('',(0.,-1.,0.));
#5897=DIRECTION('',(0.,0.,1.));
#5898=DIRECTION('',(0.,-1.,0.));
#5899=DIRECTION('',(0.,0.,-1.));
#5900=DIRECTION('',(0.,-1.,0.));
#5901=DIRECTION('',(-1.,0.,0.));
#5902=DIRECTION('',(0.,0.,1.));
#5903=DIRECTION('',(0.,-1.,0.));
#5904=DIRECTION('',(-1.,0.,0.));
#5905=DIRECTION('',(0.,0.,1.));
#5906=DIRECTION('',(0.,1.,0.));
#5907=DIRECTION('',(-1.,0.,0.));
#5908=DIRECTION('',(0.,0.,1.));
#5909=DIRECTION('',(-1.,0.,0.));
#5910=DIRECTION('',(0.,0.,1.));
#5911=DIRECTION('',(0.,1.,0.));
#5912=DIRECTION('',(-1.,0.,0.));
#5913=DIRECTION('',(0.,0.,1.));
#5914=DIRECTION('',(0.,-1.,0.));
#5915=DIRECTION('',(0.,1.,0.));
#5916=DIRECTION('',(-1.,0.,0.));
#5917=DIRECTION('',(0.,0.,1.));
#5918=DIRECTION('',(0.,0.,-1.));
#5919=DIRECTION('',(0.,1.,0.));
#5920=DIRECTION('',(0.,0.,-1.));
#5921=DIRECTION('',(0.,1.,0.));
#5922=DIRECTION('',(0.,0.,-1.));
#5923=DIRECTION('',(0.,0.,1.));
#5924=DIRECTION('',(1.,0.,0.));
#5925=DIRECTION('',(0.,-1.,0.));
#5926=DIRECTION('',(-1.,0.,0.));
#5927=DIRECTION('',(0.,1.,0.));
#5928=DIRECTION('',(1.,0.,0.));
#5929=DIRECTION('',(1.,0.,0.));
#5930=DIRECTION('',(1.,0.,0.));
#5931=DIRECTION('',(-1.,0.,0.));
#5932=DIRECTION('',(0.,0.,1.));
#5933=DIRECTION('',(0.,-1.,0.));
#5934=DIRECTION('',(-1.,0.,0.));
#5935=DIRECTION('',(0.,0.,1.));
#5936=DIRECTION('',(0.,1.,0.));
#5937=DIRECTION('',(-1.,0.,0.));
#5938=DIRECTION('',(0.,0.,1.));
#5939=DIRECTION('',(-1.,0.,0.));
#5940=DIRECTION('',(0.,0.,1.));
#5941=DIRECTION('',(0.,1.,0.));
#5942=DIRECTION('',(-1.,0.,0.));
#5943=DIRECTION('',(0.,0.,1.));
#5944=DIRECTION('',(0.,-1.,0.));
#5945=DIRECTION('',(0.,0.,1.));
#5946=DIRECTION('',(-1.,0.,0.));
#5947=DIRECTION('',(0.,0.,1.));
#5948=DIRECTION('',(-1.,0.,0.));
#5949=DIRECTION('',(0.,0.,1.));
#5950=DIRECTION('',(0.,0.,1.));
#5951=DIRECTION('',(-1.,0.,0.));
#5952=DIRECTION('',(0.,0.,1.));
#5953=DIRECTION('',(0.,-1.,0.));
#5954=DIRECTION('',(-1.,0.,0.));
#5955=DIRECTION('',(0.,0.,1.));
#5956=DIRECTION('',(0.,-1.,0.));
#5957=DIRECTION('',(0.,0.,-1.));
#5958=DIRECTION('',(0.,0.,1.));
#5959=DIRECTION('',(1.,0.,0.));
#5960=DIRECTION('',(1.,0.,0.));
#5961=DIRECTION('',(1.,0.,0.));
#5962=DIRECTION('',(0.,0.,-1.));
#5963=DIRECTION('',(0.,-1.,0.));
#5964=DIRECTION('',(-1.,0.,0.));
#5965=DIRECTION('',(0.,0.,1.));
#5966=DIRECTION('',(0.,1.,0.));
#5967=DIRECTION('',(-1.,0.,0.));
#5968=DIRECTION('',(0.,0.,1.));
#5969=DIRECTION('',(-1.,0.,0.));
#5970=DIRECTION('',(0.,0.,1.));
#5971=DIRECTION('',(0.,-1.,0.));
#5972=DIRECTION('',(-1.,0.,0.));
#5973=DIRECTION('',(0.,0.,1.));
#5974=DIRECTION('',(0.,1.,0.));
#5975=DIRECTION('',(1.,0.,0.));
#5976=DIRECTION('',(0.,0.,-1.));
#5977=DIRECTION('',(0.,0.,1.));
#5978=DIRECTION('',(1.,0.,0.));
#5979=DIRECTION('',(0.,0.,-1.));
#5980=DIRECTION('',(0.,1.,0.));
#5981=DIRECTION('',(1.,0.,0.));
#5982=DIRECTION('',(0.,0.,-1.));
#5983=DIRECTION('',(1.,0.,0.));
#5984=DIRECTION('',(0.,0.,-1.));
#5985=DIRECTION('',(0.,1.,0.));
#5986=DIRECTION('',(0.,0.,1.));
#5987=DIRECTION('',(-1.,0.,0.));
#5988=DIRECTION('',(-1.,0.,0.));
#5989=DIRECTION('',(0.,0.,1.));
#5990=DIRECTION('',(1.,0.,0.));
#5991=DIRECTION('',(0.,0.,1.));
#5992=DIRECTION('',(1.,0.,0.));
#5993=DIRECTION('',(0.,0.,1.));
#5994=DIRECTION('',(1.,0.,0.));
#5995=DIRECTION('',(0.,0.,1.));
#5996=DIRECTION('',(1.,0.,0.));
#5997=DIRECTION('',(0.,0.,1.));
#5998=DIRECTION('',(1.,0.,0.));
#5999=DIRECTION('',(0.,0.,1.));
#6000=DIRECTION('',(1.,0.,0.));
#6001=DIRECTION('',(0.,0.,1.));
#6002=DIRECTION('',(1.,0.,0.));
#6003=DIRECTION('',(0.,0.,1.));
#6004=DIRECTION('',(1.,0.,0.));
#6005=DIRECTION('',(0.,0.,1.));
#6006=DIRECTION('',(1.,0.,0.));
#6007=DIRECTION('',(0.,0.,1.));
#6008=DIRECTION('',(1.,0.,0.));
#6009=DIRECTION('',(0.,0.,1.));
#6010=DIRECTION('',(1.,0.,0.));
#6011=DIRECTION('',(0.,0.,1.));
#6012=DIRECTION('',(1.,0.,0.));
#6013=DIRECTION('',(0.,0.,1.));
#6014=DIRECTION('',(1.,0.,0.));
#6015=DIRECTION('',(-1.,0.,0.));
#6016=DIRECTION('',(1.,0.,0.));
#6017=DIRECTION('',(0.,1.,0.));
#6018=DIRECTION('',(0.,0.,1.));
#6019=DIRECTION('',(-1.,0.,0.));
#6020=DIRECTION('',(1.,0.,0.));
#6021=DIRECTION('',(0.,-1.,0.));
#6022=DIRECTION('',(0.,0.,-1.));
#6023=DIRECTION('',(-1.,0.,0.));
#6024=DIRECTION('',(-1.,0.,0.));
#6025=DIRECTION('',(0.,0.,1.));
#6026=DIRECTION('',(1.,0.,0.));
#6027=DIRECTION('',(0.,0.,1.));
#6028=DIRECTION('',(1.,0.,0.));
#6029=DIRECTION('',(0.,0.,1.));
#6030=DIRECTION('',(1.,0.,0.));
#6031=DIRECTION('',(0.,0.,1.));
#6032=DIRECTION('',(1.,0.,0.));
#6033=DIRECTION('',(0.,0.,1.));
#6034=DIRECTION('',(1.,0.,0.));
#6035=DIRECTION('',(0.,0.,1.));
#6036=DIRECTION('',(1.,0.,0.));
#6037=DIRECTION('',(0.,0.,1.));
#6038=DIRECTION('',(1.,0.,0.));
#6039=DIRECTION('',(0.,0.,1.));
#6040=DIRECTION('',(1.,0.,0.));
#6041=DIRECTION('',(0.,0.,1.));
#6042=DIRECTION('',(1.,0.,0.));
#6043=DIRECTION('',(0.,0.,1.));
#6044=DIRECTION('',(1.,0.,0.));
#6045=DIRECTION('',(0.,0.,1.));
#6046=DIRECTION('',(1.,0.,0.));
#6047=DIRECTION('',(0.,0.,1.));
#6048=DIRECTION('',(1.,0.,0.));
#6049=DIRECTION('',(0.,0.,1.));
#6050=DIRECTION('',(1.,0.,0.));
#6051=DIRECTION('',(0.,1.,0.));
#6052=DIRECTION('',(0.,0.,1.));
#6053=DIRECTION('',(1.,0.,0.));
#6054=DIRECTION('',(0.,0.,1.));
#6055=DIRECTION('',(1.,0.,0.));
#6056=DIRECTION('',(0.,0.,1.));
#6057=DIRECTION('',(1.,0.,0.));
#6058=DIRECTION('',(-1.,0.,0.));
#6059=DIRECTION('',(-1.,0.,0.));
#6060=DIRECTION('',(-1.,0.,0.));
#6061=DIRECTION('',(0.,0.,1.));
#6062=DIRECTION('',(-1.,0.,0.));
#6063=DIRECTION('',(0.,0.,-1.));
#6064=DIRECTION('',(-1.,0.,0.));
#6065=DIRECTION('',(-1.,0.,0.));
#6066=DIRECTION('',(-1.,0.,0.));
#6067=DIRECTION('',(0.,0.,1.));
#6068=DIRECTION('',(-1.,0.,0.));
#6069=DIRECTION('',(0.,0.,1.));
#6070=DIRECTION('',(-1.,0.,0.));
#6071=DIRECTION('',(-1.,0.,0.));
#6072=DIRECTION('',(0.,0.,-1.));
#6073=DIRECTION('',(-1.,0.,0.));
#6074=DIRECTION('',(-1.,0.,0.));
#6075=DIRECTION('',(-1.,0.,0.));
#6076=DIRECTION('',(0.,0.,1.));
#6077=DIRECTION('',(-1.,0.,0.));
#6078=DIRECTION('',(0.,0.,1.));
#6079=DIRECTION('',(1.,0.,0.));
#6080=DIRECTION('',(-1.,0.,0.));
#6081=DIRECTION('',(0.,0.,1.));
#6082=DIRECTION('',(-1.,0.,0.));
#6083=DIRECTION('',(-1.,0.,0.));
#6084=DIRECTION('',(0.,0.,1.));
#6085=DIRECTION('',(1.,0.,0.));
#6086=DIRECTION('',(-1.,0.,0.));
#6087=DIRECTION('',(-1.,0.,0.));
#6088=DIRECTION('',(0.,0.,1.));
#6089=DIRECTION('',(-1.,0.,0.));
#6090=DIRECTION('',(0.,0.,-1.));
#6091=DIRECTION('',(-1.,0.,0.));
#6092=DIRECTION('',(0.,0.,-1.));
#6093=DIRECTION('',(-1.,0.,0.));
#6094=DIRECTION('',(-1.,0.,0.));
#6095=DIRECTION('',(-1.,0.,0.));
#6096=DIRECTION('',(-1.,0.,0.));
#6097=DIRECTION('',(0.,0.,1.));
#6098=DIRECTION('',(-1.,0.,0.));
#6099=DIRECTION('',(0.,0.,1.));
#6100=DIRECTION('',(1.,0.,0.));
#6101=DIRECTION('',(-1.,0.,0.));
#6102=DIRECTION('',(-1.,0.,0.));
#6103=DIRECTION('',(0.,0.,1.));
#6104=DIRECTION('',(0.,0.,1.));
#6105=DIRECTION('',(1.,0.,0.));
#6106=DIRECTION('',(0.,0.,1.));
#6107=DIRECTION('',(1.,0.,0.));
#6108=DIRECTION('',(0.,0.,1.));
#6109=DIRECTION('',(1.,0.,0.));
#6110=DIRECTION('',(0.,0.,1.));
#6111=DIRECTION('',(1.,0.,0.));
#6112=DIRECTION('',(0.,0.,1.));
#6113=DIRECTION('',(1.,0.,0.));
#6114=DIRECTION('',(0.,0.,1.));
#6115=DIRECTION('',(1.,0.,0.));
#6116=DIRECTION('',(0.,0.,1.));
#6117=DIRECTION('',(1.,0.,0.));
#6118=DIRECTION('',(0.,0.,1.));
#6119=DIRECTION('',(1.,0.,0.));
#6120=DIRECTION('',(0.,0.,1.));
#6121=DIRECTION('',(1.,0.,0.));
#6122=DIRECTION('',(0.,0.,1.));
#6123=DIRECTION('',(1.,0.,0.));
#6124=DIRECTION('',(0.,0.,1.));
#6125=DIRECTION('',(1.,0.,0.));
#6126=DIRECTION('',(0.,0.,1.));
#6127=DIRECTION('',(1.,0.,0.));
#6128=DIRECTION('',(1.,0.,0.));
#6129=DIRECTION('',(0.,0.,-1.));
#6130=DIRECTION('',(-1.,0.,0.));
#6131=DIRECTION('',(0.,0.,1.));
#6132=DIRECTION('',(1.,0.,0.));
#6133=DIRECTION('',(0.,0.,-1.));
#6134=DIRECTION('',(-1.,0.,0.));
#6135=DIRECTION('',(0.,0.,1.));
#6136=DIRECTION('',(0.,0.,1.));
#6137=DIRECTION('',(1.,0.,0.));
#6138=DIRECTION('',(0.,0.,1.));
#6139=DIRECTION('',(1.,0.,0.));
#6140=DIRECTION('',(0.,0.,1.));
#6141=DIRECTION('',(-1.,0.,0.));
#6142=DIRECTION('',(0.,1.,0.));
#6143=DIRECTION('',(0.,0.,1.));
#6144=DIRECTION('',(-1.,0.,0.));
#6145=DIRECTION('',(0.,-1.,0.));
#6146=DIRECTION('',(0.,0.,1.));
#6147=DIRECTION('',(1.,0.,0.));
#6148=DIRECTION('',(0.,1.,0.));
#6149=DIRECTION('',(-1.,0.,0.));
#6150=DIRECTION('',(0.,1.,0.));
#6151=DIRECTION('',(1.,0.,0.));
#6152=DIRECTION('',(0.,-1.,0.));
#6153=DIRECTION('',(1.,0.,0.));
#6154=DIRECTION('',(0.,-1.,0.));
#6155=DIRECTION('',(1.,0.,0.));
#6156=DIRECTION('',(0.,0.,1.));
#6157=DIRECTION('',(1.,0.,0.));
#6158=DIRECTION('',(0.,1.,0.));
#6159=DIRECTION('',(1.,0.,0.));
#6160=DIRECTION('',(0.,1.,0.));
#6161=DIRECTION('',(1.,0.,0.));
#6162=DIRECTION('',(0.,1.,0.));
#6163=DIRECTION('',(0.,0.,1.));
#6164=DIRECTION('',(0.,1.,0.));
#6165=DIRECTION('',(1.,0.,0.));
#6166=DIRECTION('',(0.,1.,0.));
#6167=DIRECTION('',(0.,1.,0.));
#6168=DIRECTION('',(1.,0.,0.));
#6169=DIRECTION('',(0.,1.,0.));
#6170=DIRECTION('',(-1.,0.,0.));
#6171=DIRECTION('',(0.,0.,1.));
#6172=DIRECTION('',(0.,0.,1.));
#6173=DIRECTION('',(0.,0.,1.));
#6174=DIRECTION('',(0.,1.,0.));
#6175=DIRECTION('',(0.,1.,0.));
#6176=DIRECTION('',(0.,0.,1.));
#6177=DIRECTION('',(0.,1.,0.));
#6178=DIRECTION('',(1.,0.,0.));
#6179=DIRECTION('',(0.,1.,0.));
#6180=DIRECTION('',(1.,0.,0.));
#6181=DIRECTION('',(0.,1.,0.));
#6182=DIRECTION('',(0.,1.,0.));
#6183=DIRECTION('',(0.,0.,1.));
#6184=DIRECTION('',(0.,1.,0.));
#6185=DIRECTION('',(1.,0.,0.));
#6186=DIRECTION('',(0.,1.,0.));
#6187=DIRECTION('',(0.,1.,0.));
#6188=DIRECTION('',(1.,0.,0.));
#6189=DIRECTION('',(0.,1.,0.));
#6190=DIRECTION('',(1.,0.,0.));
#6191=DIRECTION('',(0.,0.,-1.));
#6192=DIRECTION('',(0.,0.,-1.));
#6193=DIRECTION('',(0.,0.,-1.));
#6194=DIRECTION('',(0.,1.,0.));
#6195=DIRECTION('',(0.,1.,0.));
#6196=DIRECTION('',(0.,0.,1.));
#6197=DIRECTION('',(0.,1.,0.));
#6198=DIRECTION('',(1.,0.,0.));
#6199=DIRECTION('',(0.,1.,0.));
#6200=DIRECTION('',(1.,0.,0.));
#6201=DIRECTION('',(0.,1.,0.));
#6202=DIRECTION('',(0.,0.,-1.));
#6203=DIRECTION('',(-1.,0.,0.));
#6204=DIRECTION('',(-1.,0.,0.));
#6205=DIRECTION('',(0.,-1.,0.));
#6206=DIRECTION('',(-1.,0.,0.));
#6207=DIRECTION('',(0.,-1.,0.));
#6208=DIRECTION('',(-1.,0.,0.));
#6209=DIRECTION('',(-1.,0.,0.));
#6210=DIRECTION('',(0.,1.,0.));
#6211=DIRECTION('',(0.,0.,1.));
#6212=DIRECTION('',(0.,1.,0.));
#6213=DIRECTION('',(0.,0.,1.));
#6214=DIRECTION('',(0.,1.,0.));
#6215=DIRECTION('',(1.,0.,0.));
#6216=DIRECTION('',(0.,0.,1.));
#6217=DIRECTION('',(0.,1.,0.));
#6218=DIRECTION('',(1.,0.,0.));
#6219=DIRECTION('',(0.,0.,-1.));
#6220=DIRECTION('',(0.,1.,0.));
#6221=DIRECTION('',(1.,0.,0.));
#6222=DIRECTION('',(0.,0.,1.));
#6223=DIRECTION('',(0.,1.,0.));
#6224=DIRECTION('',(1.,0.,0.));
#6225=DIRECTION('',(0.,-1.,0.));
#6226=DIRECTION('',(0.,0.,-1.));
#6227=DIRECTION('',(0.,-1.,0.));
#6228=DIRECTION('',(0.,1.,0.));
#6229=DIRECTION('',(1.,0.,0.));
#6230=DIRECTION('',(1.,0.,0.));
#6231=DIRECTION('',(0.,0.,-1.));
#6232=DIRECTION('',(0.,-1.,0.));
#6233=DIRECTION('',(0.,0.,1.));
#6234=DIRECTION('',(0.,-1.,0.));
#6235=DIRECTION('',(0.,0.,-1.));
#6236=DIRECTION('',(0.,1.,0.));
#6237=DIRECTION('',(1.,0.,0.));
#6238=DIRECTION('',(0.,-1.,0.));
#6239=DIRECTION('',(0.,0.,-1.));
#6240=DIRECTION('',(0.,1.,0.));
#6241=DIRECTION('',(1.,0.,0.));
#6242=DIRECTION('',(0.,-1.,0.));
#6243=DIRECTION('',(0.,1.,0.));
#6244=DIRECTION('',(1.,0.,0.));
#6245=DIRECTION('',(-1.,0.,0.));
#6246=DIRECTION('',(0.,0.,1.));
#6247=DIRECTION('',(0.,0.,-1.));
#6248=DIRECTION('',(0.,-1.,0.));
#6249=DIRECTION('',(0.,0.,-1.));
#6250=DIRECTION('',(0.,-1.,0.));
#6251=DIRECTION('',(0.,0.,-1.));
#6252=DIRECTION('',(0.,1.,0.));
#6253=DIRECTION('',(1.,0.,0.));
#6254=DIRECTION('',(0.,1.,0.));
#6255=DIRECTION('',(1.,0.,0.));
#6256=DIRECTION('',(1.,0.,0.));
#6257=DIRECTION('',(0.,0.,-1.));
#6258=DIRECTION('',(0.,0.,1.));
#6259=DIRECTION('',(0.,-1.,0.));
#6260=DIRECTION('',(0.,0.,1.));
#6261=DIRECTION('',(0.,-1.,0.));
#6262=DIRECTION('',(0.,-1.,0.));
#6263=DIRECTION('',(0.,0.,-1.));
#6264=DIRECTION('',(0.,1.,0.));
#6265=DIRECTION('',(1.,0.,0.));
#6266=DIRECTION('',(0.,-1.,0.));
#6267=DIRECTION('',(0.,1.,0.));
#6268=DIRECTION('',(1.,0.,0.));
#6269=DIRECTION('',(-1.,0.,0.));
#6270=DIRECTION('',(0.,0.,1.));
#6271=DIRECTION('',(0.,0.,-1.));
#6272=DIRECTION('',(0.,-1.,0.));
#6273=DIRECTION('',(0.,0.,-1.));
#6274=DIRECTION('',(0.,-1.,0.));
#6275=DIRECTION('',(0.,0.,-1.));
#6276=DIRECTION('',(0.,-1.,0.));
#6277=DIRECTION('',(0.,1.,0.));
#6278=DIRECTION('',(1.,0.,0.));
#6279=DIRECTION('',(0.,-1.,0.));
#6280=DIRECTION('',(-1.,0.,0.));
#6281=DIRECTION('',(0.,0.,1.));
#6282=DIRECTION('',(0.,-1.,0.));
#6283=DIRECTION('',(0.,0.,-1.));
#6284=DIRECTION('',(0.,-1.,0.));
#6285=DIRECTION('',(0.,0.,-1.));
#6286=DIRECTION('',(0.,-1.,0.));
#6287=DIRECTION('',(0.,1.,0.));
#6288=DIRECTION('',(1.,0.,0.));
#6289=DIRECTION('',(0.,-1.,0.));
#6290=DIRECTION('',(0.,0.,-1.));
#6291=DIRECTION('',(0.,1.,0.));
#6292=DIRECTION('',(1.,0.,0.));
#6293=DIRECTION('',(0.,1.,0.));
#6294=DIRECTION('',(1.,0.,0.));
#6295=DIRECTION('',(1.,0.,0.));
#6296=DIRECTION('',(0.,0.,-1.));
#6297=DIRECTION('',(0.,0.,1.));
#6298=DIRECTION('',(0.,1.,0.));
#6299=DIRECTION('',(0.,0.,1.));
#6300=DIRECTION('',(0.,1.,0.));
#6301=DIRECTION('',(0.,0.,1.));
#6302=DIRECTION('',(0.,0.,1.));
#6303=DIRECTION('',(1.,0.,0.));
#6304=DIRECTION('',(0.,0.,1.));
#6305=DIRECTION('',(-1.,0.,0.));
#6306=DIRECTION('',(0.,0.,1.));
#6307=DIRECTION('',(-1.,0.,0.));
#6308=DIRECTION('',(0.,-1.,0.));
#6309=DIRECTION('',(0.,0.,-1.));
#6310=DIRECTION('',(-1.,0.,0.));
#6311=DIRECTION('',(0.,0.,1.));
#6312=DIRECTION('',(-1.,0.,0.));
#6313=DIRECTION('',(0.,0.,-1.));
#6314=DIRECTION('',(0.,0.,1.));
#6315=DIRECTION('',(-1.,0.,0.));
#6316=DIRECTION('',(0.,0.,-1.));
#6317=DIRECTION('',(-1.,0.,0.));
#6318=DIRECTION('',(0.,0.,1.));
#6319=DIRECTION('',(0.,1.,0.));
#6320=DIRECTION('',(0.,0.,-1.));
#6321=DIRECTION('',(0.,1.,0.));
#6322=DIRECTION('',(0.,0.,-1.));
#6323=DIRECTION('',(-1.,0.,0.));
#6324=DIRECTION('',(0.,0.,1.));
#6325=DIRECTION('',(-1.,0.,0.));
#6326=DIRECTION('',(0.,0.,-1.));
#6327=DIRECTION('',(0.,0.,1.));
#6328=DIRECTION('',(-1.,0.,0.));
#6329=DIRECTION('',(0.,-1.,0.));
#6330=DIRECTION('',(0.,0.,-1.));
#6331=DIRECTION('',(0.,0.,-1.));
#6332=DIRECTION('',(-1.,0.,0.));
#6333=DIRECTION('',(0.,0.,-1.));
#6334=DIRECTION('',(-1.,0.,0.));
#6335=DIRECTION('',(0.,0.,-1.));
#6336=DIRECTION('',(1.,0.,0.));
#6337=DIRECTION('',(0.,0.,-1.));
#6338=DIRECTION('',(0.,0.,-1.));
#6339=DIRECTION('',(0.,0.,-1.));
#6340=DIRECTION('',(-1.,0.,0.));
#6341=DIRECTION('',(0.,0.,-1.));
#6342=DIRECTION('',(0.,1.,0.));
#6343=DIRECTION('',(0.,0.,1.));
#6344=DIRECTION('',(1.,0.,0.));
#6345=DIRECTION('',(0.,0.,1.));
#6346=DIRECTION('',(1.,0.,0.));
#6347=DIRECTION('',(0.,1.,0.));
#6348=DIRECTION('',(0.,0.,1.));
#6349=DIRECTION('',(1.,0.,0.));
#6350=DIRECTION('',(0.,0.,-1.));
#6351=DIRECTION('',(-1.,0.,0.));
#6352=DIRECTION('',(0.,1.,0.));
#6353=DIRECTION('',(-1.,0.,0.));
#6354=DIRECTION('',(0.,-1.,0.));
#6355=DIRECTION('',(-1.,0.,0.));
#6356=DIRECTION('',(0.,-1.,0.));
#6357=DIRECTION('',(-1.,0.,0.));
#6358=DIRECTION('',(0.,1.,0.));
#6359=DIRECTION('',(0.,0.,-1.));
#6360=DIRECTION('',(-1.,0.,0.));
#6361=DIRECTION('',(0.,1.,0.));
#6362=DIRECTION('',(-1.,0.,0.));
#6363=DIRECTION('',(0.,1.,0.));
#6364=DIRECTION('',(0.,1.,0.));
#6365=DIRECTION('',(0.,0.,1.));
#6366=DIRECTION('',(0.,1.,0.));
#6367=DIRECTION('',(1.,0.,0.));
#6368=DIRECTION('',(0.,1.,0.));
#6369=DIRECTION('',(1.,0.,0.));
#6370=DIRECTION('',(0.,1.,0.));
#6371=DIRECTION('',(-1.,0.,0.));
#6372=DIRECTION('',(0.,0.,1.));
#6373=DIRECTION('',(0.,0.,1.));
#6374=DIRECTION('',(0.,0.,1.));
#6375=DIRECTION('',(0.,1.,0.));
#6376=DIRECTION('',(0.,1.,0.));
#6377=DIRECTION('',(0.,0.,1.));
#6378=DIRECTION('',(0.,1.,0.));
#6379=DIRECTION('',(1.,0.,0.));
#6380=DIRECTION('',(0.,1.,0.));
#6381=DIRECTION('',(1.,0.,0.));
#6382=DIRECTION('',(0.,1.,0.));
#6383=DIRECTION('',(0.,0.,1.));
#6384=DIRECTION('',(1.,0.,0.));
#6385=DIRECTION('',(0.,1.,0.));
#6386=DIRECTION('',(1.,0.,0.));
#6387=DIRECTION('',(0.,-1.,0.));
#6388=DIRECTION('',(1.,0.,0.));
#6389=DIRECTION('',(0.,-1.,0.));
#6390=DIRECTION('',(1.,0.,0.));
#6391=DIRECTION('',(1.,0.,0.));
#6392=DIRECTION('',(0.,1.,0.));
#6393=DIRECTION('',(0.,0.,1.));
#6394=DIRECTION('',(0.,1.,0.));
#6395=DIRECTION('',(1.,0.,0.));
#6396=DIRECTION('',(0.,1.,0.));
#6397=DIRECTION('',(1.,0.,0.));
#6398=DIRECTION('',(0.,1.,0.));
#6399=DIRECTION('',(1.,0.,0.));
#6400=DIRECTION('',(0.,0.,-1.));
#6401=DIRECTION('',(0.,0.,-1.));
#6402=DIRECTION('',(0.,0.,-1.));
#6403=DIRECTION('',(0.,1.,0.));
#6404=DIRECTION('',(0.,1.,0.));
#6405=DIRECTION('',(0.,0.,1.));
#6406=DIRECTION('',(0.,1.,0.));
#6407=DIRECTION('',(1.,0.,0.));
#6408=DIRECTION('',(0.,1.,0.));
#6409=DIRECTION('',(1.,0.,0.));
#6410=DIRECTION('',(0.,1.,0.));
#6411=DIRECTION('',(0.,0.,1.));
#6412=DIRECTION('',(0.,1.,0.));
#6413=DIRECTION('',(0.,0.,1.));
#6414=DIRECTION('',(0.,1.,0.));
#6415=DIRECTION('',(1.,0.,0.));
#6416=DIRECTION('',(0.,0.,1.));
#6417=DIRECTION('',(0.,1.,0.));
#6418=DIRECTION('',(1.,0.,0.));
#6419=DIRECTION('',(0.,0.,-1.));
#6420=DIRECTION('',(0.,1.,0.));
#6421=DIRECTION('',(1.,0.,0.));
#6422=DIRECTION('',(0.,0.,1.));
#6423=DIRECTION('',(0.,1.,0.));
#6424=DIRECTION('',(1.,0.,0.));
#6425=DIRECTION('',(0.,-1.,0.));
#6426=DIRECTION('',(0.,0.,-1.));
#6427=DIRECTION('',(0.,-1.,0.));
#6428=DIRECTION('',(0.,1.,0.));
#6429=DIRECTION('',(1.,0.,0.));
#6430=DIRECTION('',(1.,0.,0.));
#6431=DIRECTION('',(0.,0.,-1.));
#6432=DIRECTION('',(0.,-1.,0.));
#6433=DIRECTION('',(0.,0.,1.));
#6434=DIRECTION('',(0.,-1.,0.));
#6435=DIRECTION('',(0.,0.,-1.));
#6436=DIRECTION('',(0.,1.,0.));
#6437=DIRECTION('',(1.,0.,0.));
#6438=DIRECTION('',(0.,-1.,0.));
#6439=DIRECTION('',(0.,0.,-1.));
#6440=DIRECTION('',(0.,1.,0.));
#6441=DIRECTION('',(1.,0.,0.));
#6442=DIRECTION('',(0.,-1.,0.));
#6443=DIRECTION('',(0.,1.,0.));
#6444=DIRECTION('',(1.,0.,0.));
#6445=DIRECTION('',(-1.,0.,0.));
#6446=DIRECTION('',(0.,0.,1.));
#6447=DIRECTION('',(0.,0.,-1.));
#6448=DIRECTION('',(0.,-1.,0.));
#6449=DIRECTION('',(0.,0.,-1.));
#6450=DIRECTION('',(0.,-1.,0.));
#6451=DIRECTION('',(0.,0.,-1.));
#6452=DIRECTION('',(0.,1.,0.));
#6453=DIRECTION('',(1.,0.,0.));
#6454=DIRECTION('',(0.,1.,0.));
#6455=DIRECTION('',(1.,0.,0.));
#6456=DIRECTION('',(1.,0.,0.));
#6457=DIRECTION('',(0.,0.,-1.));
#6458=DIRECTION('',(0.,0.,1.));
#6459=DIRECTION('',(0.,-1.,0.));
#6460=DIRECTION('',(0.,0.,1.));
#6461=DIRECTION('',(0.,-1.,0.));
#6462=DIRECTION('',(0.,-1.,0.));
#6463=DIRECTION('',(0.,0.,-1.));
#6464=DIRECTION('',(0.,1.,0.));
#6465=DIRECTION('',(1.,0.,0.));
#6466=DIRECTION('',(0.,-1.,0.));
#6467=DIRECTION('',(0.,1.,0.));
#6468=DIRECTION('',(1.,0.,0.));
#6469=DIRECTION('',(-1.,0.,0.));
#6470=DIRECTION('',(0.,0.,1.));
#6471=DIRECTION('',(0.,0.,-1.));
#6472=DIRECTION('',(0.,-1.,0.));
#6473=DIRECTION('',(0.,0.,-1.));
#6474=DIRECTION('',(0.,-1.,0.));
#6475=DIRECTION('',(0.,0.,-1.));
#6476=DIRECTION('',(0.,-1.,0.));
#6477=DIRECTION('',(0.,1.,0.));
#6478=DIRECTION('',(1.,0.,0.));
#6479=DIRECTION('',(0.,-1.,0.));
#6480=DIRECTION('',(-1.,0.,0.));
#6481=DIRECTION('',(0.,0.,1.));
#6482=DIRECTION('',(0.,-1.,0.));
#6483=DIRECTION('',(0.,0.,-1.));
#6484=DIRECTION('',(0.,-1.,0.));
#6485=DIRECTION('',(0.,0.,-1.));
#6486=DIRECTION('',(0.,-1.,0.));
#6487=DIRECTION('',(0.,1.,0.));
#6488=DIRECTION('',(1.,0.,0.));
#6489=DIRECTION('',(0.,-1.,0.));
#6490=DIRECTION('',(0.,0.,-1.));
#6491=DIRECTION('',(0.,1.,0.));
#6492=DIRECTION('',(1.,0.,0.));
#6493=DIRECTION('',(0.,1.,0.));
#6494=DIRECTION('',(1.,0.,0.));
#6495=DIRECTION('',(1.,0.,0.));
#6496=DIRECTION('',(0.,0.,-1.));
#6497=DIRECTION('',(0.,0.,1.));
#6498=DIRECTION('',(0.,1.,0.));
#6499=DIRECTION('',(0.,0.,1.));
#6500=DIRECTION('',(0.,1.,0.));
#6501=DIRECTION('',(0.,0.,1.));
#6502=DIRECTION('',(0.,0.,1.));
#6503=DIRECTION('',(1.,0.,0.));
#6504=DIRECTION('',(-1.,0.,0.));
#6505=DIRECTION('',(0.,0.,1.));
#6506=DIRECTION('',(1.,0.,0.));
#6507=DIRECTION('',(0.,0.,-1.));
#6508=DIRECTION('',(0.,-1.,0.));
#6509=DIRECTION('',(0.,-0.5,0.866025403784439));
#6510=DIRECTION('',(0.,0.5,0.866025403784439));
#6511=DIRECTION('',(0.,1.,0.));
#6512=DIRECTION('',(0.,0.5,-0.866025403784439));
#6513=DIRECTION('',(0.,-0.5,-0.866025403784439));
#6514=DIRECTION('',(1.,0.,0.));
#6515=DIRECTION('',(0.,0.,-1.));
#6516=DIRECTION('',(1.,0.,0.));
#6517=DIRECTION('',(0.,0.,-1.));
#6518=DIRECTION('',(1.,0.,0.));
#6519=DIRECTION('',(0.,0.,-1.));
#6520=DIRECTION('',(1.,0.,0.));
#6521=DIRECTION('',(0.,0.,-1.));
#6522=DIRECTION('',(-1.,0.,0.));
#6523=DIRECTION('',(0.,0.,1.));
#6524=DIRECTION('',(1.,0.,0.));
#6525=DIRECTION('',(0.,0.,-1.));
#6526=DIRECTION('',(-1.,0.,0.));
#6527=DIRECTION('',(0.,0.,1.));
#6528=DIRECTION('',(0.,0.,-1.));
#6529=DIRECTION('',(-1.,0.,0.));
#6530=DIRECTION('',(-1.,0.,0.));
#6531=DIRECTION('',(0.,-1.,0.));
#6532=DIRECTION('',(-1.,0.,0.));
#6533=DIRECTION('',(0.,0.866025403784439,-0.5));
#6534=DIRECTION('',(0.,0.5,0.866025403784439));
#6535=DIRECTION('',(-1.,0.,0.));
#6536=DIRECTION('',(0.,-0.5,-0.866025403784439));
#6537=DIRECTION('',(0.,0.866025403784439,0.5));
#6538=DIRECTION('',(0.,-0.5,0.866025403784439));
#6539=DIRECTION('',(-1.,0.,0.));
#6540=DIRECTION('',(0.,0.5,-0.866025403784439));
#6541=DIRECTION('',(0.,0.,1.));
#6542=DIRECTION('',(1.,0.,0.));
#6543=DIRECTION('',(-1.,0.,0.));
#6544=DIRECTION('',(0.,1.,0.));
#6545=DIRECTION('',(0.,-0.866025403784439,0.5));
#6546=DIRECTION('',(0.,-0.5,-0.866025403784439));
#6547=DIRECTION('',(-1.,0.,0.));
#6548=DIRECTION('',(0.,0.5,0.866025403784439));
#6549=DIRECTION('',(0.,-0.866025403784439,-0.5));
#6550=DIRECTION('',(0.,0.5,-0.866025403784439));
#6551=DIRECTION('',(0.,-0.5,0.866025403784439));
#6552=DIRECTION('',(1.,0.,0.));
#6553=DIRECTION('',(0.,0.,-1.));
#6554=DIRECTION('',(1.,0.,0.));
#6555=DIRECTION('',(0.,0.,-1.));
#6556=DIRECTION('',(-1.,0.,0.));
#6557=DIRECTION('',(0.,0.,1.));
#6558=DIRECTION('',(1.,0.,0.));
#6559=DIRECTION('',(0.,0.,-1.));
#6560=DIRECTION('',(1.,0.,0.));
#6561=DIRECTION('',(0.,0.,-1.));
#6562=DIRECTION('',(1.,0.,0.));
#6563=DIRECTION('',(0.,1.,0.));
#6564=DIRECTION('',(1.,0.,0.));
#6565=DIRECTION('',(0.,1.,0.));
#6566=DIRECTION('',(1.,0.,0.));
#6567=DIRECTION('',(0.,0.,-1.));
#6568=DIRECTION('',(1.,0.,0.));
#6569=DIRECTION('',(0.,0.,-1.));
#6570=DIRECTION('',(0.,0.,1.));
#6571=DIRECTION('',(1.,0.,0.));
#6572=DIRECTION('',(0.,0.,-1.));
#6573=DIRECTION('',(0.,1.,0.));
#6574=DIRECTION('',(1.,0.,0.));
#6575=DIRECTION('',(0.,0.,-1.));
#6576=DIRECTION('',(0.,0.,1.));
#6577=DIRECTION('',(1.,0.,0.));
#6578=DIRECTION('',(0.,0.,-1.));
#6579=DIRECTION('',(0.,-1.,0.));
#6580=DIRECTION('',(-1.,0.,0.));
#6581=DIRECTION('',(0.,0.,1.));
#6582=DIRECTION('',(1.,0.,0.));
#6583=DIRECTION('',(0.,0.,-1.));
#6584=DIRECTION('',(-1.,0.,0.));
#6585=DIRECTION('',(-1.,0.,0.));
#6586=DIRECTION('',(0.,0.,-1.));
#6587=DIRECTION('',(-1.,0.,0.));
#6588=DIRECTION('',(0.,-1.,0.));
#6589=DIRECTION('',(-1.,0.,0.));
#6590=DIRECTION('',(0.,-1.,0.));
#6591=DIRECTION('',(-1.,0.,0.));
#6592=DIRECTION('',(0.,-1.,0.));
#6593=DIRECTION('',(-1.,0.,0.));
#6594=DIRECTION('',(0.,-1.,0.));
#6595=DIRECTION('',(-1.,0.,0.));
#6596=DIRECTION('',(0.,-1.,0.));
#6597=DIRECTION('',(-1.,0.,0.));
#6598=DIRECTION('',(-1.,0.,0.));
#6599=DIRECTION('',(0.,0.,1.));
#6600=DIRECTION('',(1.,0.,0.));
#6601=DIRECTION('',(0.,0.,-1.));
#6602=DIRECTION('',(-1.,0.,0.));
#6603=DIRECTION('',(1.,0.,0.));
#6604=DIRECTION('',(0.,0.,-1.));
#6605=DIRECTION('',(0.,1.,0.));
#6606=DIRECTION('',(0.,0.,1.));
#6607=DIRECTION('',(0.,0.,-1.));
#6608=DIRECTION('',(-1.,0.,0.));
#6609=DIRECTION('',(0.,0.,-1.));
#6610=DIRECTION('',(-1.,0.,0.));
#6611=DIRECTION('',(0.,0.,1.));
#6612=DIRECTION('',(1.,0.,0.));
#6613=DIRECTION('',(0.,0.,-1.));
#6614=DIRECTION('',(-1.,0.,0.));
#6615=DIRECTION('',(1.,0.,0.));
#6616=DIRECTION('',(0.,0.,-1.));
#6617=DIRECTION('',(0.,0.,1.));
#6618=DIRECTION('',(1.,0.,0.));
#6619=DIRECTION('',(0.,1.,0.));
#6620=DIRECTION('',(-1.,0.,0.));
#6621=DIRECTION('',(-1.,0.,0.));
#6622=DIRECTION('',(0.,1.,0.));
#6623=DIRECTION('',(-1.,0.,0.));
#6624=DIRECTION('',(0.,1.,0.));
#6625=DIRECTION('',(-1.,0.,0.));
#6626=DIRECTION('',(0.,1.,0.));
#6627=DIRECTION('',(-1.,0.,0.));
#6628=DIRECTION('',(0.,1.,0.));
#6629=DIRECTION('',(-1.,0.,0.));
#6630=DIRECTION('',(0.,0.,1.));
#6631=DIRECTION('',(1.,0.,0.));
#6632=DIRECTION('',(0.,0.,-1.));
#6633=DIRECTION('',(-1.,0.,0.));
#6634=DIRECTION('',(0.,-1.,0.));
#6635=DIRECTION('',(0.,0.,-1.));
#6636=DIRECTION('',(0.,0.,1.));
#6637=DIRECTION('',(1.,0.,0.));
#6638=DIRECTION('',(0.,0.,-1.));
#6639=DIRECTION('',(1.,0.,0.));
#6640=DIRECTION('',(0.,0.,-1.));
#6641=DIRECTION('',(0.,0.,-1.));
#6642=DIRECTION('',(1.,0.,0.));
#6643=DIRECTION('',(0.,0.,-1.));
#6644=DIRECTION('',(1.,0.,0.));
#6645=DIRECTION('',(0.,0.,-1.));
#6646=DIRECTION('',(-1.,0.,0.));
#6647=DIRECTION('',(0.,0.,1.));
#6648=DIRECTION('',(1.,0.,0.));
#6649=DIRECTION('',(0.,0.,-1.));
#6650=DIRECTION('',(-1.,0.,0.));
#6651=DIRECTION('',(-1.,0.,0.));
#6652=DIRECTION('',(0.,0.,1.));
#6653=DIRECTION('',(-1.,0.,0.));
#6654=DIRECTION('',(1.,0.,0.));
#6655=DIRECTION('',(0.,0.,-1.));
#6656=DIRECTION('',(0.,1.,0.));
#6657=DIRECTION('',(0.,0.,1.));
#6658=DIRECTION('',(-1.,0.,0.));
#6659=DIRECTION('',(0.,0.,-1.));
#6660=DIRECTION('',(-1.,0.,0.));
#6661=DIRECTION('',(0.,0.,1.));
#6662=DIRECTION('',(1.,0.,0.));
#6663=DIRECTION('',(0.,0.,-1.));
#6664=DIRECTION('',(-1.,0.,0.));
#6665=DIRECTION('',(0.,0.,1.));
#6666=DIRECTION('',(-1.,0.,0.));
#6667=DIRECTION('',(1.,0.,0.));
#6668=DIRECTION('',(0.,0.,-1.));
#6669=DIRECTION('',(0.,-1.,0.));
#6670=DIRECTION('',(0.,0.,-1.));
#6671=DIRECTION('',(0.,0.,1.));
#6672=DIRECTION('',(1.,0.,0.));
#6673=DIRECTION('',(0.,0.,-1.));
#6674=DIRECTION('',(1.,0.,0.));
#6675=DIRECTION('',(0.,0.,-1.));
#6676=DIRECTION('',(0.,0.,-1.));
#6677=DIRECTION('',(1.,0.,0.));
#6678=DIRECTION('',(0.,0.,-1.));
#6679=DIRECTION('',(1.,0.,0.));
#6680=DIRECTION('',(0.,0.,-1.));
#6681=DIRECTION('',(1.,0.,0.));
#6682=DIRECTION('',(0.,0.,-1.));
#6683=DIRECTION('',(0.,0.,1.));
#6684=DIRECTION('',(1.,0.,0.));
#6685=DIRECTION('',(0.,0.,-1.));
#6686=DIRECTION('',(-1.,0.,0.));
#6687=DIRECTION('',(0.,0.,1.));
#6688=DIRECTION('',(1.,0.,0.));
#6689=DIRECTION('',(0.,0.,-1.));
#6690=DIRECTION('',(-1.,0.,0.));
#6691=DIRECTION('',(-1.,0.,0.));
#6692=DIRECTION('',(0.,0.,1.));
#6693=DIRECTION('',(-1.,0.,0.));
#6694=DIRECTION('',(1.,0.,0.));
#6695=DIRECTION('',(0.,0.,-1.));
#6696=DIRECTION('',(0.,1.,0.));
#6697=DIRECTION('',(0.,0.,1.));
#6698=DIRECTION('',(-1.,0.,0.));
#6699=DIRECTION('',(0.,0.,-1.));
#6700=DIRECTION('',(-1.,0.,0.));
#6701=DIRECTION('',(0.,0.,1.));
#6702=DIRECTION('',(1.,0.,0.));
#6703=DIRECTION('',(0.,0.,-1.));
#6704=DIRECTION('',(-1.,0.,0.));
#6705=DIRECTION('',(0.,0.,1.));
#6706=DIRECTION('',(-1.,0.,0.));
#6707=DIRECTION('',(1.,0.,0.));
#6708=DIRECTION('',(0.,0.,-1.));
#6709=DIRECTION('',(0.,-1.,0.));
#6710=DIRECTION('',(0.,0.,-1.));
#6711=DIRECTION('',(0.,0.,1.));
#6712=DIRECTION('',(1.,0.,0.));
#6713=DIRECTION('',(0.,0.,-1.));
#6714=DIRECTION('',(0.,0.,1.));
#6715=DIRECTION('',(1.,0.,0.));
#6716=DIRECTION('',(0.,0.,1.));
#6717=DIRECTION('',(1.,0.,0.));
#6718=DIRECTION('',(0.,0.,1.));
#6719=DIRECTION('',(1.,0.,0.));
#6720=DIRECTION('',(0.,0.,1.));
#6721=DIRECTION('',(-1.,0.,0.));
#6722=DIRECTION('',(0.,1.,0.));
#6723=DIRECTION('',(0.,0.,1.));
#6724=DIRECTION('',(-1.,0.,0.));
#6725=DIRECTION('',(0.,-1.,0.));
#6726=DIRECTION('',(0.,0.,1.));
#6727=DIRECTION('',(1.,0.,0.));
#6728=DIRECTION('',(0.,1.,0.));
#6729=DIRECTION('',(-1.,0.,0.));
#6730=DIRECTION('',(0.,1.,0.));
#6731=DIRECTION('',(1.,0.,0.));
#6732=DIRECTION('',(0.,-1.,0.));
#6733=DIRECTION('',(1.,0.,0.));
#6734=DIRECTION('',(0.,-1.,0.));
#6735=DIRECTION('',(1.,0.,0.));
#6736=DIRECTION('',(0.,0.,1.));
#6737=DIRECTION('',(1.,0.,0.));
#6738=DIRECTION('',(0.,1.,0.));
#6739=DIRECTION('',(1.,0.,0.));
#6740=DIRECTION('',(0.,1.,0.));
#6741=DIRECTION('',(1.,0.,0.));
#6742=DIRECTION('',(0.,1.,0.));
#6743=DIRECTION('',(0.,0.,1.));
#6744=DIRECTION('',(0.,1.,0.));
#6745=DIRECTION('',(1.,0.,0.));
#6746=DIRECTION('',(0.,1.,0.));
#6747=DIRECTION('',(0.,1.,0.));
#6748=DIRECTION('',(1.,0.,0.));
#6749=DIRECTION('',(0.,1.,0.));
#6750=DIRECTION('',(-1.,0.,0.));
#6751=DIRECTION('',(0.,0.,1.));
#6752=DIRECTION('',(0.,0.,1.));
#6753=DIRECTION('',(0.,0.,1.));
#6754=DIRECTION('',(0.,1.,0.));
#6755=DIRECTION('',(0.,1.,0.));
#6756=DIRECTION('',(0.,0.,1.));
#6757=DIRECTION('',(0.,1.,0.));
#6758=DIRECTION('',(1.,0.,0.));
#6759=DIRECTION('',(0.,1.,0.));
#6760=DIRECTION('',(1.,0.,0.));
#6761=DIRECTION('',(0.,1.,0.));
#6762=DIRECTION('',(0.,1.,0.));
#6763=DIRECTION('',(0.,0.,1.));
#6764=DIRECTION('',(0.,1.,0.));
#6765=DIRECTION('',(1.,0.,0.));
#6766=DIRECTION('',(0.,1.,0.));
#6767=DIRECTION('',(0.,1.,0.));
#6768=DIRECTION('',(1.,0.,0.));
#6769=DIRECTION('',(0.,1.,0.));
#6770=DIRECTION('',(1.,0.,0.));
#6771=DIRECTION('',(0.,0.,-1.));
#6772=DIRECTION('',(0.,0.,-1.));
#6773=DIRECTION('',(0.,0.,-1.));
#6774=DIRECTION('',(0.,1.,0.));
#6775=DIRECTION('',(0.,1.,0.));
#6776=DIRECTION('',(0.,0.,1.));
#6777=DIRECTION('',(0.,1.,0.));
#6778=DIRECTION('',(1.,0.,0.));
#6779=DIRECTION('',(0.,1.,0.));
#6780=DIRECTION('',(1.,0.,0.));
#6781=DIRECTION('',(0.,1.,0.));
#6782=DIRECTION('',(0.,0.,-1.));
#6783=DIRECTION('',(-1.,0.,0.));
#6784=DIRECTION('',(-1.,0.,0.));
#6785=DIRECTION('',(0.,-1.,0.));
#6786=DIRECTION('',(-1.,0.,0.));
#6787=DIRECTION('',(0.,-1.,0.));
#6788=DIRECTION('',(-1.,0.,0.));
#6789=DIRECTION('',(-1.,0.,0.));
#6790=DIRECTION('',(0.,1.,0.));
#6791=DIRECTION('',(0.,0.,1.));
#6792=DIRECTION('',(0.,1.,0.));
#6793=DIRECTION('',(0.,0.,1.));
#6794=DIRECTION('',(0.,1.,0.));
#6795=DIRECTION('',(1.,0.,0.));
#6796=DIRECTION('',(0.,0.,1.));
#6797=DIRECTION('',(0.,1.,0.));
#6798=DIRECTION('',(1.,0.,0.));
#6799=DIRECTION('',(0.,0.,-1.));
#6800=DIRECTION('',(0.,1.,0.));
#6801=DIRECTION('',(1.,0.,0.));
#6802=DIRECTION('',(0.,0.,1.));
#6803=DIRECTION('',(0.,1.,0.));
#6804=DIRECTION('',(1.,0.,0.));
#6805=DIRECTION('',(0.,-1.,0.));
#6806=DIRECTION('',(0.,0.,-1.));
#6807=DIRECTION('',(0.,-1.,0.));
#6808=DIRECTION('',(0.,1.,0.));
#6809=DIRECTION('',(1.,0.,0.));
#6810=DIRECTION('',(1.,0.,0.));
#6811=DIRECTION('',(0.,0.,-1.));
#6812=DIRECTION('',(0.,-1.,0.));
#6813=DIRECTION('',(0.,0.,1.));
#6814=DIRECTION('',(0.,-1.,0.));
#6815=DIRECTION('',(0.,0.,-1.));
#6816=DIRECTION('',(0.,1.,0.));
#6817=DIRECTION('',(1.,0.,0.));
#6818=DIRECTION('',(0.,-1.,0.));
#6819=DIRECTION('',(0.,0.,-1.));
#6820=DIRECTION('',(0.,1.,0.));
#6821=DIRECTION('',(1.,0.,0.));
#6822=DIRECTION('',(0.,-1.,0.));
#6823=DIRECTION('',(0.,1.,0.));
#6824=DIRECTION('',(1.,0.,0.));
#6825=DIRECTION('',(-1.,0.,0.));
#6826=DIRECTION('',(0.,0.,1.));
#6827=DIRECTION('',(0.,0.,-1.));
#6828=DIRECTION('',(0.,-1.,0.));
#6829=DIRECTION('',(0.,0.,-1.));
#6830=DIRECTION('',(0.,-1.,0.));
#6831=DIRECTION('',(0.,0.,-1.));
#6832=DIRECTION('',(0.,1.,0.));
#6833=DIRECTION('',(1.,0.,0.));
#6834=DIRECTION('',(0.,1.,0.));
#6835=DIRECTION('',(1.,0.,0.));
#6836=DIRECTION('',(1.,0.,0.));
#6837=DIRECTION('',(0.,0.,-1.));
#6838=DIRECTION('',(0.,0.,1.));
#6839=DIRECTION('',(0.,-1.,0.));
#6840=DIRECTION('',(0.,0.,1.));
#6841=DIRECTION('',(0.,-1.,0.));
#6842=DIRECTION('',(0.,-1.,0.));
#6843=DIRECTION('',(0.,0.,-1.));
#6844=DIRECTION('',(0.,1.,0.));
#6845=DIRECTION('',(1.,0.,0.));
#6846=DIRECTION('',(0.,-1.,0.));
#6847=DIRECTION('',(0.,1.,0.));
#6848=DIRECTION('',(1.,0.,0.));
#6849=DIRECTION('',(-1.,0.,0.));
#6850=DIRECTION('',(0.,0.,1.));
#6851=DIRECTION('',(0.,0.,-1.));
#6852=DIRECTION('',(0.,-1.,0.));
#6853=DIRECTION('',(0.,0.,-1.));
#6854=DIRECTION('',(0.,-1.,0.));
#6855=DIRECTION('',(0.,0.,-1.));
#6856=DIRECTION('',(0.,-1.,0.));
#6857=DIRECTION('',(0.,1.,0.));
#6858=DIRECTION('',(1.,0.,0.));
#6859=DIRECTION('',(0.,-1.,0.));
#6860=DIRECTION('',(-1.,0.,0.));
#6861=DIRECTION('',(0.,0.,1.));
#6862=DIRECTION('',(0.,-1.,0.));
#6863=DIRECTION('',(0.,0.,-1.));
#6864=DIRECTION('',(0.,-1.,0.));
#6865=DIRECTION('',(0.,0.,-1.));
#6866=DIRECTION('',(0.,-1.,0.));
#6867=DIRECTION('',(0.,1.,0.));
#6868=DIRECTION('',(1.,0.,0.));
#6869=DIRECTION('',(0.,-1.,0.));
#6870=DIRECTION('',(0.,0.,-1.));
#6871=DIRECTION('',(0.,1.,0.));
#6872=DIRECTION('',(1.,0.,0.));
#6873=DIRECTION('',(0.,1.,0.));
#6874=DIRECTION('',(1.,0.,0.));
#6875=DIRECTION('',(1.,0.,0.));
#6876=DIRECTION('',(0.,0.,-1.));
#6877=DIRECTION('',(0.,0.,1.));
#6878=DIRECTION('',(0.,1.,0.));
#6879=DIRECTION('',(0.,0.,1.));
#6880=DIRECTION('',(0.,1.,0.));
#6881=DIRECTION('',(0.,0.,1.));
#6882=DIRECTION('',(0.,0.,1.));
#6883=DIRECTION('',(1.,0.,0.));
#6884=DIRECTION('',(0.,0.,1.));
#6885=DIRECTION('',(-1.,0.,0.));
#6886=DIRECTION('',(0.,0.,1.));
#6887=DIRECTION('',(-1.,0.,0.));
#6888=DIRECTION('',(0.,-1.,0.));
#6889=DIRECTION('',(0.,0.,-1.));
#6890=DIRECTION('',(-1.,0.,0.));
#6891=DIRECTION('',(0.,0.,1.));
#6892=DIRECTION('',(-1.,0.,0.));
#6893=DIRECTION('',(0.,0.,-1.));
#6894=DIRECTION('',(0.,0.,1.));
#6895=DIRECTION('',(-1.,0.,0.));
#6896=DIRECTION('',(0.,0.,-1.));
#6897=DIRECTION('',(-1.,0.,0.));
#6898=DIRECTION('',(0.,0.,1.));
#6899=DIRECTION('',(0.,1.,0.));
#6900=DIRECTION('',(0.,0.,-1.));
#6901=DIRECTION('',(0.,1.,0.));
#6902=DIRECTION('',(0.,0.,-1.));
#6903=DIRECTION('',(-1.,0.,0.));
#6904=DIRECTION('',(0.,0.,1.));
#6905=DIRECTION('',(-1.,0.,0.));
#6906=DIRECTION('',(0.,0.,-1.));
#6907=DIRECTION('',(0.,0.,1.));
#6908=DIRECTION('',(-1.,0.,0.));
#6909=DIRECTION('',(0.,-1.,0.));
#6910=DIRECTION('',(0.,0.,-1.));
#6911=DIRECTION('',(0.,0.,-1.));
#6912=DIRECTION('',(-1.,0.,0.));
#6913=DIRECTION('',(0.,0.,-1.));
#6914=DIRECTION('',(-1.,0.,0.));
#6915=DIRECTION('',(0.,0.,-1.));
#6916=DIRECTION('',(1.,0.,0.));
#6917=DIRECTION('',(0.,0.,-1.));
#6918=DIRECTION('',(0.,0.,-1.));
#6919=DIRECTION('',(0.,0.,-1.));
#6920=DIRECTION('',(-1.,0.,0.));
#6921=DIRECTION('',(0.,0.,-1.));
#6922=DIRECTION('',(0.,1.,0.));
#6923=DIRECTION('',(0.,0.,1.));
#6924=DIRECTION('',(1.,0.,0.));
#6925=DIRECTION('',(0.,0.,1.));
#6926=DIRECTION('',(1.,0.,0.));
#6927=DIRECTION('',(0.,1.,0.));
#6928=DIRECTION('',(0.,0.,1.));
#6929=DIRECTION('',(1.,0.,0.));
#6930=DIRECTION('',(0.,0.,-1.));
#6931=DIRECTION('',(-1.,0.,0.));
#6932=DIRECTION('',(0.,1.,0.));
#6933=DIRECTION('',(-1.,0.,0.));
#6934=DIRECTION('',(0.,-1.,0.));
#6935=DIRECTION('',(-1.,0.,0.));
#6936=DIRECTION('',(0.,-1.,0.));
#6937=DIRECTION('',(-1.,0.,0.));
#6938=DIRECTION('',(0.,1.,0.));
#6939=DIRECTION('',(0.,0.,-1.));
#6940=DIRECTION('',(-1.,0.,0.));
#6941=DIRECTION('',(0.,1.,0.));
#6942=DIRECTION('',(-1.,0.,0.));
#6943=DIRECTION('',(0.,1.,0.));
#6944=DIRECTION('',(0.,1.,0.));
#6945=DIRECTION('',(0.,0.,1.));
#6946=DIRECTION('',(0.,1.,0.));
#6947=DIRECTION('',(1.,0.,0.));
#6948=DIRECTION('',(0.,1.,0.));
#6949=DIRECTION('',(1.,0.,0.));
#6950=DIRECTION('',(0.,1.,0.));
#6951=DIRECTION('',(-1.,0.,0.));
#6952=DIRECTION('',(0.,0.,1.));
#6953=DIRECTION('',(0.,0.,1.));
#6954=DIRECTION('',(0.,0.,1.));
#6955=DIRECTION('',(0.,1.,0.));
#6956=DIRECTION('',(0.,1.,0.));
#6957=DIRECTION('',(0.,0.,1.));
#6958=DIRECTION('',(0.,1.,0.));
#6959=DIRECTION('',(1.,0.,0.));
#6960=DIRECTION('',(0.,1.,0.));
#6961=DIRECTION('',(1.,0.,0.));
#6962=DIRECTION('',(0.,1.,0.));
#6963=DIRECTION('',(0.,0.,1.));
#6964=DIRECTION('',(1.,0.,0.));
#6965=DIRECTION('',(0.,1.,0.));
#6966=DIRECTION('',(1.,0.,0.));
#6967=DIRECTION('',(0.,-1.,0.));
#6968=DIRECTION('',(1.,0.,0.));
#6969=DIRECTION('',(0.,-1.,0.));
#6970=DIRECTION('',(1.,0.,0.));
#6971=DIRECTION('',(1.,0.,0.));
#6972=DIRECTION('',(0.,1.,0.));
#6973=DIRECTION('',(0.,0.,1.));
#6974=DIRECTION('',(0.,1.,0.));
#6975=DIRECTION('',(1.,0.,0.));
#6976=DIRECTION('',(0.,1.,0.));
#6977=DIRECTION('',(1.,0.,0.));
#6978=DIRECTION('',(0.,1.,0.));
#6979=DIRECTION('',(1.,0.,0.));
#6980=DIRECTION('',(0.,0.,-1.));
#6981=DIRECTION('',(0.,0.,-1.));
#6982=DIRECTION('',(0.,0.,-1.));
#6983=DIRECTION('',(0.,1.,0.));
#6984=DIRECTION('',(0.,1.,0.));
#6985=DIRECTION('',(0.,0.,1.));
#6986=DIRECTION('',(0.,1.,0.));
#6987=DIRECTION('',(1.,0.,0.));
#6988=DIRECTION('',(0.,1.,0.));
#6989=DIRECTION('',(1.,0.,0.));
#6990=DIRECTION('',(0.,1.,0.));
#6991=DIRECTION('',(0.,0.,1.));
#6992=DIRECTION('',(0.,1.,0.));
#6993=DIRECTION('',(0.,0.,1.));
#6994=DIRECTION('',(0.,1.,0.));
#6995=DIRECTION('',(1.,0.,0.));
#6996=DIRECTION('',(0.,0.,1.));
#6997=DIRECTION('',(0.,1.,0.));
#6998=DIRECTION('',(1.,0.,0.));
#6999=DIRECTION('',(0.,0.,-1.));
#7000=DIRECTION('',(0.,1.,0.));
#7001=DIRECTION('',(1.,0.,0.));
#7002=DIRECTION('',(0.,0.,1.));
#7003=DIRECTION('',(0.,1.,0.));
#7004=DIRECTION('',(1.,0.,0.));
#7005=DIRECTION('',(0.,-1.,0.));
#7006=DIRECTION('',(0.,0.,-1.));
#7007=DIRECTION('',(0.,-1.,0.));
#7008=DIRECTION('',(0.,1.,0.));
#7009=DIRECTION('',(1.,0.,0.));
#7010=DIRECTION('',(1.,0.,0.));
#7011=DIRECTION('',(0.,0.,-1.));
#7012=DIRECTION('',(0.,-1.,0.));
#7013=DIRECTION('',(0.,0.,1.));
#7014=DIRECTION('',(0.,-1.,0.));
#7015=DIRECTION('',(0.,0.,-1.));
#7016=DIRECTION('',(0.,1.,0.));
#7017=DIRECTION('',(1.,0.,0.));
#7018=DIRECTION('',(0.,-1.,0.));
#7019=DIRECTION('',(0.,0.,-1.));
#7020=DIRECTION('',(0.,1.,0.));
#7021=DIRECTION('',(1.,0.,0.));
#7022=DIRECTION('',(0.,-1.,0.));
#7023=DIRECTION('',(0.,1.,0.));
#7024=DIRECTION('',(1.,0.,0.));
#7025=DIRECTION('',(-1.,0.,0.));
#7026=DIRECTION('',(0.,0.,1.));
#7027=DIRECTION('',(0.,0.,-1.));
#7028=DIRECTION('',(0.,-1.,0.));
#7029=DIRECTION('',(0.,0.,-1.));
#7030=DIRECTION('',(0.,-1.,0.));
#7031=DIRECTION('',(0.,0.,-1.));
#7032=DIRECTION('',(0.,1.,0.));
#7033=DIRECTION('',(1.,0.,0.));
#7034=DIRECTION('',(0.,1.,0.));
#7035=DIRECTION('',(1.,0.,0.));
#7036=DIRECTION('',(1.,0.,0.));
#7037=DIRECTION('',(0.,0.,-1.));
#7038=DIRECTION('',(0.,0.,1.));
#7039=DIRECTION('',(0.,-1.,0.));
#7040=DIRECTION('',(0.,0.,1.));
#7041=DIRECTION('',(0.,-1.,0.));
#7042=DIRECTION('',(0.,-1.,0.));
#7043=DIRECTION('',(0.,0.,-1.));
#7044=DIRECTION('',(0.,1.,0.));
#7045=DIRECTION('',(1.,0.,0.));
#7046=DIRECTION('',(0.,-1.,0.));
#7047=DIRECTION('',(0.,1.,0.));
#7048=DIRECTION('',(1.,0.,0.));
#7049=DIRECTION('',(-1.,0.,0.));
#7050=DIRECTION('',(0.,0.,1.));
#7051=DIRECTION('',(0.,0.,-1.));
#7052=DIRECTION('',(0.,-1.,0.));
#7053=DIRECTION('',(0.,0.,-1.));
#7054=DIRECTION('',(0.,-1.,0.));
#7055=DIRECTION('',(0.,0.,-1.));
#7056=DIRECTION('',(0.,-1.,0.));
#7057=DIRECTION('',(0.,1.,0.));
#7058=DIRECTION('',(1.,0.,0.));
#7059=DIRECTION('',(0.,-1.,0.));
#7060=DIRECTION('',(-1.,0.,0.));
#7061=DIRECTION('',(0.,0.,1.));
#7062=DIRECTION('',(0.,-1.,0.));
#7063=DIRECTION('',(0.,0.,-1.));
#7064=DIRECTION('',(0.,-1.,0.));
#7065=DIRECTION('',(0.,0.,-1.));
#7066=DIRECTION('',(0.,-1.,0.));
#7067=DIRECTION('',(0.,1.,0.));
#7068=DIRECTION('',(1.,0.,0.));
#7069=DIRECTION('',(0.,-1.,0.));
#7070=DIRECTION('',(0.,0.,-1.));
#7071=DIRECTION('',(0.,1.,0.));
#7072=DIRECTION('',(1.,0.,0.));
#7073=DIRECTION('',(0.,1.,0.));
#7074=DIRECTION('',(1.,0.,0.));
#7075=DIRECTION('',(1.,0.,0.));
#7076=DIRECTION('',(0.,0.,-1.));
#7077=DIRECTION('',(0.,0.,1.));
#7078=DIRECTION('',(0.,1.,0.));
#7079=DIRECTION('',(0.,0.,1.));
#7080=DIRECTION('',(0.,1.,0.));
#7081=DIRECTION('',(0.,0.,1.));
#7082=DIRECTION('',(0.,0.,1.));
#7083=DIRECTION('',(1.,0.,0.));
#7084=DIRECTION('',(1.,0.,0.));
#7085=DIRECTION('',(0.,1.,0.));
#7086=DIRECTION('',(1.,0.,0.));
#7087=DIRECTION('',(0.,1.,0.));
#7088=DIRECTION('',(1.,0.,0.));
#7089=DIRECTION('',(0.,0.,-1.));
#7090=DIRECTION('',(0.,1.,0.));
#7091=DIRECTION('',(1.,0.,0.));
#7092=DIRECTION('',(0.,0.,-1.));
#7093=DIRECTION('',(0.,-1.,0.));
#7094=DIRECTION('',(1.,0.,0.));
#7095=DIRECTION('',(0.,0.,-1.));
#7096=DIRECTION('',(1.,0.,0.));
#7097=DIRECTION('',(0.,0.,-1.));
#7098=DIRECTION('',(0.,1.,0.));
#7099=DIRECTION('',(1.,0.,0.));
#7100=DIRECTION('',(0.,0.,-1.));
#7101=DIRECTION('',(0.,-1.,0.));
#7102=DIRECTION('',(0.,0.,-1.));
#7103=DIRECTION('',(1.,0.,0.));
#7104=DIRECTION('',(0.,0.,-1.));
#7105=DIRECTION('',(0.,-1.,0.));
#7106=DIRECTION('',(0.,0.,1.));
#7107=DIRECTION('',(0.,-1.,0.));
#7108=DIRECTION('',(0.,0.,-1.));
#7109=DIRECTION('',(0.,-1.,0.));
#7110=DIRECTION('',(-1.,0.,0.));
#7111=DIRECTION('',(0.,0.,1.));
#7112=DIRECTION('',(0.,-1.,0.));
#7113=DIRECTION('',(-1.,0.,0.));
#7114=DIRECTION('',(0.,0.,1.));
#7115=DIRECTION('',(0.,1.,0.));
#7116=DIRECTION('',(-1.,0.,0.));
#7117=DIRECTION('',(0.,0.,1.));
#7118=DIRECTION('',(-1.,0.,0.));
#7119=DIRECTION('',(0.,0.,1.));
#7120=DIRECTION('',(0.,1.,0.));
#7121=DIRECTION('',(-1.,0.,0.));
#7122=DIRECTION('',(0.,0.,1.));
#7123=DIRECTION('',(0.,-1.,0.));
#7124=DIRECTION('',(0.,1.,0.));
#7125=DIRECTION('',(-1.,0.,0.));
#7126=DIRECTION('',(0.,0.,1.));
#7127=DIRECTION('',(0.,0.,-1.));
#7128=DIRECTION('',(0.,1.,0.));
#7129=DIRECTION('',(0.,0.,-1.));
#7130=DIRECTION('',(0.,1.,0.));
#7131=DIRECTION('',(0.,0.,-1.));
#7132=DIRECTION('',(0.,0.,1.));
#7133=DIRECTION('',(1.,0.,0.));
#7134=DIRECTION('',(0.,-1.,0.));
#7135=DIRECTION('',(-1.,0.,0.));
#7136=DIRECTION('',(0.,1.,0.));
#7137=DIRECTION('',(1.,0.,0.));
#7138=DIRECTION('',(1.,0.,0.));
#7139=DIRECTION('',(1.,0.,0.));
#7140=DIRECTION('',(-1.,0.,0.));
#7141=DIRECTION('',(0.,0.,1.));
#7142=DIRECTION('',(0.,-1.,0.));
#7143=DIRECTION('',(-1.,0.,0.));
#7144=DIRECTION('',(0.,0.,1.));
#7145=DIRECTION('',(0.,1.,0.));
#7146=DIRECTION('',(-1.,0.,0.));
#7147=DIRECTION('',(0.,0.,1.));
#7148=DIRECTION('',(-1.,0.,0.));
#7149=DIRECTION('',(0.,0.,1.));
#7150=DIRECTION('',(0.,1.,0.));
#7151=DIRECTION('',(-1.,0.,0.));
#7152=DIRECTION('',(0.,0.,1.));
#7153=DIRECTION('',(0.,-1.,0.));
#7154=DIRECTION('',(0.,0.,1.));
#7155=DIRECTION('',(-1.,0.,0.));
#7156=DIRECTION('',(0.,0.,1.));
#7157=DIRECTION('',(-1.,0.,0.));
#7158=DIRECTION('',(0.,0.,1.));
#7159=DIRECTION('',(0.,0.,1.));
#7160=DIRECTION('',(-1.,0.,0.));
#7161=DIRECTION('',(0.,0.,1.));
#7162=DIRECTION('',(0.,-1.,0.));
#7163=DIRECTION('',(-1.,0.,0.));
#7164=DIRECTION('',(0.,0.,1.));
#7165=DIRECTION('',(0.,-1.,0.));
#7166=DIRECTION('',(0.,0.,-1.));
#7167=DIRECTION('',(0.,0.,1.));
#7168=DIRECTION('',(1.,0.,0.));
#7169=DIRECTION('',(1.,0.,0.));
#7170=DIRECTION('',(1.,0.,0.));
#7171=DIRECTION('',(0.,0.,-1.));
#7172=DIRECTION('',(0.,-1.,0.));
#7173=DIRECTION('',(-1.,0.,0.));
#7174=DIRECTION('',(0.,0.,1.));
#7175=DIRECTION('',(0.,1.,0.));
#7176=DIRECTION('',(-1.,0.,0.));
#7177=DIRECTION('',(0.,0.,1.));
#7178=DIRECTION('',(-1.,0.,0.));
#7179=DIRECTION('',(0.,0.,1.));
#7180=DIRECTION('',(0.,-1.,0.));
#7181=DIRECTION('',(-1.,0.,0.));
#7182=DIRECTION('',(0.,0.,1.));
#7183=DIRECTION('',(0.,1.,0.));
#7184=DIRECTION('',(1.,0.,0.));
#7185=DIRECTION('',(0.,0.,-1.));
#7186=DIRECTION('',(0.,0.,1.));
#7187=DIRECTION('',(1.,0.,0.));
#7188=DIRECTION('',(0.,0.,-1.));
#7189=DIRECTION('',(0.,1.,0.));
#7190=DIRECTION('',(1.,0.,0.));
#7191=DIRECTION('',(0.,0.,-1.));
#7192=DIRECTION('',(1.,0.,0.));
#7193=DIRECTION('',(0.,0.,-1.));
#7194=DIRECTION('',(0.,1.,0.));
#7195=DIRECTION('',(0.,0.,1.));
#7196=DIRECTION('',(-1.,0.,0.));
#7197=DIRECTION('',(-1.,0.,0.));
#7198=DIRECTION('',(0.,0.,1.));
#7199=DIRECTION('',(1.,0.,0.));
#7200=DIRECTION('',(0.,0.,1.));
#7201=DIRECTION('',(-1.,0.,0.));
#7202=DIRECTION('',(0.,0.,1.));
#7203=DIRECTION('',(-1.,0.,0.));
#7204=DIRECTION('',(0.,0.,1.));
#7205=DIRECTION('',(-1.,0.,0.));
#7206=DIRECTION('',(0.,0.,1.));
#7207=DIRECTION('',(-1.,0.,0.));
#7208=DIRECTION('',(0.,0.,1.));
#7209=DIRECTION('',(-1.,0.,0.));
#7210=DIRECTION('',(0.,0.,1.));
#7211=DIRECTION('',(-1.,0.,0.));
#7212=DIRECTION('',(0.,0.,1.));
#7213=DIRECTION('',(-1.,0.,0.));
#7214=DIRECTION('',(0.,0.,1.));
#7215=DIRECTION('',(-1.,0.,0.));
#7216=DIRECTION('',(0.,0.,1.));
#7217=DIRECTION('',(-1.,0.,0.));
#7218=DIRECTION('',(0.,0.,1.));
#7219=DIRECTION('',(-1.,0.,0.));
#7220=DIRECTION('',(0.,0.,1.));
#7221=DIRECTION('',(-1.,0.,0.));
#7222=DIRECTION('',(0.,0.,1.));
#7223=DIRECTION('',(-1.,0.,0.));
#7224=DIRECTION('',(-1.,0.,0.));
#7225=DIRECTION('',(1.,0.,0.));
#7226=DIRECTION('',(0.,1.,0.));
#7227=DIRECTION('',(0.,0.,1.));
#7228=DIRECTION('',(-1.,0.,0.));
#7229=DIRECTION('',(1.,0.,0.));
#7230=DIRECTION('',(0.,-1.,0.));
#7231=DIRECTION('',(0.,0.,-1.));
#7232=DIRECTION('',(-1.,0.,0.));
#7233=DIRECTION('',(-1.,0.,0.));
#7234=DIRECTION('',(0.,0.,1.));
#7235=DIRECTION('',(1.,0.,0.));
#7236=DIRECTION('',(0.,0.,1.));
#7237=DIRECTION('',(1.,0.,0.));
#7238=DIRECTION('',(0.,0.,1.));
#7239=DIRECTION('',(1.,0.,0.));
#7240=DIRECTION('',(0.,0.,1.));
#7241=DIRECTION('',(1.,0.,0.));
#7242=DIRECTION('',(0.,0.,1.));
#7243=DIRECTION('',(1.,0.,0.));
#7244=DIRECTION('',(0.,0.,1.));
#7245=DIRECTION('',(1.,0.,0.));
#7246=DIRECTION('',(0.,0.,1.));
#7247=DIRECTION('',(1.,0.,0.));
#7248=DIRECTION('',(0.,0.,1.));
#7249=DIRECTION('',(1.,0.,0.));
#7250=DIRECTION('',(0.,0.,1.));
#7251=DIRECTION('',(1.,0.,0.));
#7252=DIRECTION('',(0.,0.,1.));
#7253=DIRECTION('',(1.,0.,0.));
#7254=DIRECTION('',(0.,0.,1.));
#7255=DIRECTION('',(1.,0.,0.));
#7256=DIRECTION('',(0.,0.,1.));
#7257=DIRECTION('',(1.,0.,0.));
#7258=DIRECTION('',(0.,0.,1.));
#7259=DIRECTION('',(1.,0.,0.));
#7260=DIRECTION('',(0.,1.,0.));
#7261=DIRECTION('',(0.,0.,1.));
#7262=DIRECTION('',(1.,0.,0.));
#7263=DIRECTION('',(0.,0.,1.));
#7264=DIRECTION('',(1.,0.,0.));
#7265=DIRECTION('',(0.,0.,1.));
#7266=DIRECTION('',(1.,0.,0.));
#7267=DIRECTION('',(-1.,0.,0.));
#7268=DIRECTION('',(-1.,0.,0.));
#7269=DIRECTION('',(-1.,0.,0.));
#7270=DIRECTION('',(0.,0.,1.));
#7271=DIRECTION('',(-1.,0.,0.));
#7272=DIRECTION('',(0.,0.,-1.));
#7273=DIRECTION('',(-1.,0.,0.));
#7274=DIRECTION('',(-1.,0.,0.));
#7275=DIRECTION('',(-1.,0.,0.));
#7276=DIRECTION('',(0.,0.,1.));
#7277=DIRECTION('',(-1.,0.,0.));
#7278=DIRECTION('',(0.,0.,1.));
#7279=DIRECTION('',(-1.,0.,0.));
#7280=DIRECTION('',(-1.,0.,0.));
#7281=DIRECTION('',(0.,0.,-1.));
#7282=DIRECTION('',(-1.,0.,0.));
#7283=DIRECTION('',(-1.,0.,0.));
#7284=DIRECTION('',(-1.,0.,0.));
#7285=DIRECTION('',(0.,0.,1.));
#7286=DIRECTION('',(-1.,0.,0.));
#7287=DIRECTION('',(0.,0.,1.));
#7288=DIRECTION('',(1.,0.,0.));
#7289=DIRECTION('',(-1.,0.,0.));
#7290=DIRECTION('',(0.,0.,1.));
#7291=DIRECTION('',(-1.,0.,0.));
#7292=DIRECTION('',(-1.,0.,0.));
#7293=DIRECTION('',(0.,0.,1.));
#7294=DIRECTION('',(1.,0.,0.));
#7295=DIRECTION('',(-1.,0.,0.));
#7296=DIRECTION('',(-1.,0.,0.));
#7297=DIRECTION('',(0.,0.,1.));
#7298=DIRECTION('',(-1.,0.,0.));
#7299=DIRECTION('',(0.,0.,-1.));
#7300=DIRECTION('',(-1.,0.,0.));
#7301=DIRECTION('',(0.,0.,-1.));
#7302=DIRECTION('',(-1.,0.,0.));
#7303=DIRECTION('',(-1.,0.,0.));
#7304=DIRECTION('',(-1.,0.,0.));
#7305=DIRECTION('',(-1.,0.,0.));
#7306=DIRECTION('',(0.,0.,1.));
#7307=DIRECTION('',(-1.,0.,0.));
#7308=DIRECTION('',(0.,0.,1.));
#7309=DIRECTION('',(1.,0.,0.));
#7310=DIRECTION('',(-1.,0.,0.));
#7311=DIRECTION('',(-1.,0.,0.));
#7312=DIRECTION('',(0.,0.,1.));
#7313=DIRECTION('',(0.,0.,1.));
#7314=DIRECTION('',(1.,0.,0.));
#7315=DIRECTION('',(0.,0.,1.));
#7316=DIRECTION('',(1.,0.,0.));
#7317=DIRECTION('',(0.,0.,1.));
#7318=DIRECTION('',(1.,0.,0.));
#7319=DIRECTION('',(0.,0.,1.));
#7320=DIRECTION('',(1.,0.,0.));
#7321=DIRECTION('',(0.,0.,1.));
#7322=DIRECTION('',(1.,0.,0.));
#7323=DIRECTION('',(0.,0.,1.));
#7324=DIRECTION('',(1.,0.,0.));
#7325=DIRECTION('',(0.,0.,1.));
#7326=DIRECTION('',(1.,0.,0.));
#7327=DIRECTION('',(0.,0.,1.));
#7328=DIRECTION('',(1.,0.,0.));
#7329=DIRECTION('',(0.,0.,1.));
#7330=DIRECTION('',(1.,0.,0.));
#7331=DIRECTION('',(0.,0.,1.));
#7332=DIRECTION('',(1.,0.,0.));
#7333=DIRECTION('',(0.,0.,1.));
#7334=DIRECTION('',(1.,0.,0.));
#7335=DIRECTION('',(0.,0.,1.));
#7336=DIRECTION('',(1.,0.,0.));
#7337=DIRECTION('',(1.,0.,0.));
#7338=DIRECTION('',(0.,0.,-1.));
#7339=DIRECTION('',(-1.,0.,0.));
#7340=DIRECTION('',(0.,0.,1.));
#7341=DIRECTION('',(1.,0.,0.));
#7342=DIRECTION('',(0.,0.,-1.));
#7343=DIRECTION('',(-1.,0.,0.));
#7344=DIRECTION('',(0.,0.,1.));
#7345=DIRECTION('',(0.,0.,-1.));
#7346=DIRECTION('',(-1.,0.,0.));
#7347=DIRECTION('',(-1.,0.,0.));
#7348=DIRECTION('',(0.,0.,1.));
#7349=DIRECTION('',(1.,0.,0.));
#7350=DIRECTION('',(0.,0.,-1.));
#7351=DIRECTION('',(1.,0.,0.));
#7352=DIRECTION('',(0.,0.,-1.));
#7353=DIRECTION('',(1.,0.,0.));
#7354=DIRECTION('',(0.,0.,-1.));
#7355=DIRECTION('',(1.,0.,0.));
#7356=DIRECTION('',(0.,0.,-1.));
#7357=DIRECTION('',(1.,0.,0.));
#7358=DIRECTION('',(0.,0.,-1.));
#7359=DIRECTION('',(-1.,0.,0.));
#7360=DIRECTION('',(0.,0.,1.));
#7361=DIRECTION('',(1.,0.,0.));
#7362=DIRECTION('',(0.,0.,-1.));
#7363=DIRECTION('',(-1.,0.,0.));
#7364=DIRECTION('',(0.,0.,1.));
#7365=DIRECTION('',(-1.,0.,0.));
#7366=DIRECTION('',(0.,0.,1.));
#7367=DIRECTION('',(-1.,0.,0.));
#7368=DIRECTION('',(0.,0.,1.));
#7369=DIRECTION('',(-1.,0.,0.));
#7370=DIRECTION('',(0.,0.,1.));
#7371=DIRECTION('',(1.,0.,0.));
#7372=DIRECTION('',(0.,0.,-1.));
#7373=DIRECTION('',(1.,0.,0.));
#7374=DIRECTION('',(0.,0.,-1.));
#7375=DIRECTION('',(1.,0.,0.));
#7376=DIRECTION('',(0.,0.,-1.));
#7377=DIRECTION('',(1.,0.,0.));
#7378=DIRECTION('',(0.,0.,-1.));
#7379=DIRECTION('',(-1.,0.,0.));
#7380=DIRECTION('',(0.,0.,1.));
#7381=DIRECTION('',(-1.,0.,0.));
#7382=DIRECTION('',(0.,0.,1.));
#7383=DIRECTION('',(-1.,0.,0.));
#7384=DIRECTION('',(0.,0.,1.));
#7385=DIRECTION('',(-1.,0.,0.));
#7386=DIRECTION('',(0.,0.,1.));
#7387=DIRECTION('',(1.,0.,0.));
#7388=DIRECTION('',(0.,0.,-1.));
#7389=DIRECTION('',(1.,0.,0.));
#7390=DIRECTION('',(0.,0.,-1.));
#7391=DIRECTION('',(1.,0.,0.));
#7392=DIRECTION('',(0.,0.,-1.));
#7393=DIRECTION('',(-1.,0.,0.));
#7394=DIRECTION('',(0.,0.,1.));
#7395=DIRECTION('',(1.,0.,0.));
#7396=DIRECTION('',(0.,0.,-1.));
#7397=DIRECTION('',(1.,0.,0.));
#7398=DIRECTION('',(0.,0.,-1.));
#7399=DIRECTION('',(1.,0.,0.));
#7400=DIRECTION('',(0.,0.,-1.));
#7401=DIRECTION('',(1.,0.,0.));
#7402=DIRECTION('',(0.,0.,-1.));
#7403=DIRECTION('',(1.,0.,0.));
#7404=DIRECTION('',(0.,0.,-1.));
#7405=DIRECTION('',(1.,0.,0.));
#7406=DIRECTION('',(0.,0.,-1.));
#7407=DIRECTION('',(1.,0.,0.));
#7408=DIRECTION('',(0.,0.,-1.));
#7409=DIRECTION('',(1.,0.,0.));
#7410=DIRECTION('',(0.,0.,-1.));
#7411=DIRECTION('',(1.,0.,0.));
#7412=DIRECTION('',(0.,0.,-1.));
#7413=DIRECTION('',(1.,0.,0.));
#7414=DIRECTION('',(0.,0.,-1.));
#7415=DIRECTION('',(1.,0.,0.));
#7416=DIRECTION('',(0.,0.,-1.));
#7417=DIRECTION('',(1.,0.,0.));
#7418=DIRECTION('',(0.,0.,-1.));
#7419=DIRECTION('',(1.,0.,0.));
#7420=DIRECTION('',(0.,0.,-1.));
#7421=CARTESIAN_POINT('',(0.,0.,0.));
#7422=CARTESIAN_POINT('',(3.,-3.,-2.));
#7423=CARTESIAN_POINT('',(3.,-3.,-24.5));
#7424=CARTESIAN_POINT('',(3.,-60.,-24.5));
#7425=CARTESIAN_POINT('',(3.,-50.,-24.5));
#7426=CARTESIAN_POINT('',(3.,-60.,-20.));
#7427=CARTESIAN_POINT('',(3.,-60.,-15.5));
#7428=CARTESIAN_POINT('',(3.,-3.,-15.5));
#7429=CARTESIAN_POINT('',(3.,-50.,-15.5));
#7430=CARTESIAN_POINT('',(3.,-50.,-20.));
#7431=CARTESIAN_POINT('',(3.,-15.,-20.));
#7432=CARTESIAN_POINT('',(3.,-15.,-24.5));
#7433=CARTESIAN_POINT('',(3.,-15.,-15.5));
#7434=CARTESIAN_POINT('',(3.,-3.,-24.5));
#7435=CARTESIAN_POINT('',(3.,-25.,-24.5));
#7436=CARTESIAN_POINT('',(3.,-25.,-20.));
#7437=CARTESIAN_POINT('',(3.,-25.,-15.5));
#7438=CARTESIAN_POINT('',(3.,-3.,-15.5));
#7439=CARTESIAN_POINT('',(3.,-72.,-2.));
#7440=CARTESIAN_POINT('',(3.,-72.,-2.));
#7441=CARTESIAN_POINT('',(3.,-72.,-39.9260605559647));
#7442=CARTESIAN_POINT('',(3.,-71.26,-36.26));
#7443=CARTESIAN_POINT('',(3.,-71.26,-40.));
#7444=CARTESIAN_POINT('',(3.,-3.,-40.));
#7445=CARTESIAN_POINT('',(3.,-20.,-40.));
#7446=CARTESIAN_POINT('',(3.,-20.,-2.));
#7447=CARTESIAN_POINT('',(3.,-20.,-37.));
#7448=CARTESIAN_POINT('',(3.,-3.,-37.));
#7449=CARTESIAN_POINT('',(3.00000000000011,-3.,-37.));
#7450=CARTESIAN_POINT('',(3.00000000000011,-3.,-2.));
#7451=CARTESIAN_POINT('',(3.00000000000011,-3.,-2.));
#7452=CARTESIAN_POINT('',(3.,-3.,-2.));
#7453=CARTESIAN_POINT('',(997.,-72.,-2.));
#7454=CARTESIAN_POINT('',(997.,-72.,-24.5));
#7455=CARTESIAN_POINT('',(997.,-50.,-24.5));
#7456=CARTESIAN_POINT('',(997.,-60.,-24.5));
#7457=CARTESIAN_POINT('',(997.,-50.,-20.));
#7458=CARTESIAN_POINT('',(997.,-50.,-15.5));
#7459=CARTESIAN_POINT('',(997.,-72.,-15.5));
#7460=CARTESIAN_POINT('',(997.,-60.,-15.5));
#7461=CARTESIAN_POINT('',(997.,-60.,-20.));
#7462=CARTESIAN_POINT('',(997.,-15.,-20.));
#7463=CARTESIAN_POINT('',(997.,-15.,-15.5));
#7464=CARTESIAN_POINT('',(997.,-15.,-24.5));
#7465=CARTESIAN_POINT('',(997.,-72.,-15.5));
#7466=CARTESIAN_POINT('',(997.,-25.,-15.5));
#7467=CARTESIAN_POINT('',(997.,-25.,-20.));
#7468=CARTESIAN_POINT('',(997.,-25.,-24.5));
#7469=CARTESIAN_POINT('',(997.,-72.,-24.5));
#7470=CARTESIAN_POINT('',(997.,-72.,-40.));
#7471=CARTESIAN_POINT('',(997.,-71.26,-40.));
#7472=CARTESIAN_POINT('',(997.,-20.,-40.));
#7473=CARTESIAN_POINT('',(997.,-71.26,-36.26));
#7474=CARTESIAN_POINT('',(997.,-72.,-39.9260605559647));
#7475=CARTESIAN_POINT('',(997.,-72.,-2.));
#7476=CARTESIAN_POINT('',(997.,-72.,-2.));
#7477=CARTESIAN_POINT('',(997.,-72.,-2.));
#7478=CARTESIAN_POINT('',(997.,-3.,-2.));
#7479=CARTESIAN_POINT('',(997.,-3.,-2.));
#7480=CARTESIAN_POINT('',(997.,-3.,-37.));
#7481=CARTESIAN_POINT('',(997.,-72.,-37.));
#7482=CARTESIAN_POINT('',(997.,-20.,-37.));
#7483=CARTESIAN_POINT('',(997.,-20.,-2.));
#7484=CARTESIAN_POINT('',(0.,0.,-40.));
#7485=CARTESIAN_POINT('',(0.,0.,-40.));
#7486=CARTESIAN_POINT('',(0.,-3.74,-40.));
#7487=CARTESIAN_POINT('',(0.,-71.26,-40.));
#7488=CARTESIAN_POINT('',(1000.,-3.74,-40.));
#7489=CARTESIAN_POINT('',(1000.,-3.74000000000001,-40.));
#7490=CARTESIAN_POINT('',(1000.,-75.,-40.));
#7491=CARTESIAN_POINT('',(1000.,-71.26,-40.));
#7492=CARTESIAN_POINT('',(0.,-71.26,-40.));
#7493=CARTESIAN_POINT('',(0.,-20.,-40.));
#7494=CARTESIAN_POINT('',(0.,-71.26,-40.));
#7495=CARTESIAN_POINT('',(0.,0.,-40.));
#7496=CARTESIAN_POINT('',(0.,-50.,-24.5));
#7497=CARTESIAN_POINT('',(0.,-50.,-24.5));
#7498=CARTESIAN_POINT('',(0.,-60.,-24.5));
#7499=CARTESIAN_POINT('',(0.,-50.,-20.));
#7500=CARTESIAN_POINT('',(0.,-50.,-15.5));
#7501=CARTESIAN_POINT('',(0.,-60.,-15.5));
#7502=CARTESIAN_POINT('',(0.,-60.,-15.5));
#7503=CARTESIAN_POINT('',(0.,-60.,-20.));
#7504=CARTESIAN_POINT('',(0.,-15.,-20.));
#7505=CARTESIAN_POINT('',(0.,-15.,-15.5));
#7506=CARTESIAN_POINT('',(0.,-15.,-24.5));
#7507=CARTESIAN_POINT('',(0.,-25.,-15.5));
#7508=CARTESIAN_POINT('',(0.,-25.,-15.5));
#7509=CARTESIAN_POINT('',(0.,-25.,-20.));
#7510=CARTESIAN_POINT('',(0.,-25.,-24.5));
#7511=CARTESIAN_POINT('',(0.,-15.,-24.5));
#7512=CARTESIAN_POINT('',(0.,0.,-40.));
#7513=CARTESIAN_POINT('',(0.,0.,-36.26));
#7514=CARTESIAN_POINT('',(0.,0.,-3.74));
#7515=CARTESIAN_POINT('',(0.,-3.74,-36.26));
#7516=CARTESIAN_POINT('',(0.,-71.26,-36.26));
#7517=CARTESIAN_POINT('',(0.,-75.,-36.26));
#7518=CARTESIAN_POINT('',(0.,-75.,-40.));
#7519=CARTESIAN_POINT('',(0.,-75.,-3.74));
#7520=CARTESIAN_POINT('',(0.,-71.26,-3.74));
#7521=CARTESIAN_POINT('',(0.,-71.26,0.));
#7522=CARTESIAN_POINT('',(0.,0.,0.));
#7523=CARTESIAN_POINT('',(0.,-3.74,0.));
#7524=CARTESIAN_POINT('',(0.,-3.74,-3.74));
#7525=CARTESIAN_POINT('',(0.,-75.,-40.));
#7526=CARTESIAN_POINT('',(1000.,-75.,-40.));
#7527=CARTESIAN_POINT('',(1000.,-75.,-36.26));
#7528=CARTESIAN_POINT('',(1000.,-75.,-3.74));
#7529=CARTESIAN_POINT('',(0.,-75.,-3.74));
#7530=CARTESIAN_POINT('',(1000.,-75.,-36.26));
#7531=CARTESIAN_POINT('',(1000.,-75.,-40.));
#7532=CARTESIAN_POINT('',(1000.,-50.,-24.5));
#7533=CARTESIAN_POINT('',(1000.,-50.,-24.5));
#7534=CARTESIAN_POINT('',(1000.,-60.,-24.5));
#7535=CARTESIAN_POINT('',(1000.,-60.,-20.));
#7536=CARTESIAN_POINT('',(1000.,-60.,-15.5));
#7537=CARTESIAN_POINT('',(1000.,-60.,-15.5));
#7538=CARTESIAN_POINT('',(1000.,-50.,-15.5));
#7539=CARTESIAN_POINT('',(1000.,-50.,-20.));
#7540=CARTESIAN_POINT('',(1000.,-15.,-20.));
#7541=CARTESIAN_POINT('',(1000.,-15.,-15.5));
#7542=CARTESIAN_POINT('',(1000.,-15.,-24.5));
#7543=CARTESIAN_POINT('',(1000.,-15.,-24.5));
#7544=CARTESIAN_POINT('',(1000.,-25.,-24.5));
#7545=CARTESIAN_POINT('',(1000.,-25.,-20.));
#7546=CARTESIAN_POINT('',(1000.,-25.,-15.5));
#7547=CARTESIAN_POINT('',(1000.,-25.,-15.5));
#7548=CARTESIAN_POINT('',(1000.,-3.74,-36.26));
#7549=CARTESIAN_POINT('',(1000.,0.,-36.26));
#7550=CARTESIAN_POINT('',(1000.,0.,-40.));
#7551=CARTESIAN_POINT('',(1000.,0.,-3.74));
#7552=CARTESIAN_POINT('',(1000.,-3.74,-3.74));
#7553=CARTESIAN_POINT('',(1000.,-3.74000000000001,0.));
#7554=CARTESIAN_POINT('',(1000.,-75.,0.));
#7555=CARTESIAN_POINT('',(1000.,-71.26,0.));
#7556=CARTESIAN_POINT('',(1000.,-71.26,-3.74));
#7557=CARTESIAN_POINT('',(1000.,-71.26,-36.26));
#7558=CARTESIAN_POINT('',(1000.,0.,-40.));
#7559=CARTESIAN_POINT('',(0.,0.,-36.26));
#7560=CARTESIAN_POINT('',(1000.,0.,-3.74));
#7561=CARTESIAN_POINT('',(0.,0.,0.));
#7562=CARTESIAN_POINT('',(140.,-37.5,0.));
#7563=CARTESIAN_POINT('',(144.25,-37.5,0.));
#7564=CARTESIAN_POINT('',(220.,-37.5,0.));
#7565=CARTESIAN_POINT('',(224.25,-37.5,0.));
#7566=CARTESIAN_POINT('',(300.,-37.5,0.));
#7567=CARTESIAN_POINT('',(304.25,-37.5,0.));
#7568=CARTESIAN_POINT('',(380.,-37.5,0.));
#7569=CARTESIAN_POINT('',(384.25,-37.5,0.));
#7570=CARTESIAN_POINT('',(460.,-37.5,0.));
#7571=CARTESIAN_POINT('',(464.25,-37.5,0.));
#7572=CARTESIAN_POINT('',(540.,-37.5,0.));
#7573=CARTESIAN_POINT('',(544.25,-37.5,0.));
#7574=CARTESIAN_POINT('',(620.,-37.5,0.));
#7575=CARTESIAN_POINT('',(624.25,-37.5,0.));
#7576=CARTESIAN_POINT('',(700.,-37.5,0.));
#7577=CARTESIAN_POINT('',(704.25,-37.5,0.));
#7578=CARTESIAN_POINT('',(780.,-37.5,0.));
#7579=CARTESIAN_POINT('',(784.25,-37.5,0.));
#7580=CARTESIAN_POINT('',(860.,-37.5,0.));
#7581=CARTESIAN_POINT('',(864.25,-37.5,0.));
#7582=CARTESIAN_POINT('',(940.,-37.5,0.));
#7583=CARTESIAN_POINT('',(944.25,-37.5,0.));
#7584=CARTESIAN_POINT('',(60.,-37.5,0.));
#7585=CARTESIAN_POINT('',(64.25,-37.5,0.));
#7586=CARTESIAN_POINT('',(0.,-3.74,0.));
#7587=CARTESIAN_POINT('',(0.,-71.26,0.));
#7588=CARTESIAN_POINT('',(3.,-72.,-2.));
#7589=CARTESIAN_POINT('',(997.,-72.,-39.9260605559647));
#7590=CARTESIAN_POINT('',(3.,-72.,-2.));
#7591=CARTESIAN_POINT('',(997.,-3.,-2.));
#7592=CARTESIAN_POINT('',(997.,-3.,-37.));
#7593=CARTESIAN_POINT('',(997.,-3.,-2.));
#7594=CARTESIAN_POINT('',(0.,0.,-2.));
#7595=CARTESIAN_POINT('',(140.,-37.5,-2.));
#7596=CARTESIAN_POINT('',(144.25,-37.5,-2.));
#7597=CARTESIAN_POINT('',(220.,-37.5,-2.));
#7598=CARTESIAN_POINT('',(224.25,-37.5,-2.));
#7599=CARTESIAN_POINT('',(300.,-37.5,-2.));
#7600=CARTESIAN_POINT('',(304.25,-37.5,-2.));
#7601=CARTESIAN_POINT('',(380.,-37.5,-2.));
#7602=CARTESIAN_POINT('',(384.25,-37.5,-2.));
#7603=CARTESIAN_POINT('',(460.,-37.5,-2.));
#7604=CARTESIAN_POINT('',(464.25,-37.5,-2.));
#7605=CARTESIAN_POINT('',(540.,-37.5,-2.));
#7606=CARTESIAN_POINT('',(544.25,-37.5,-2.));
#7607=CARTESIAN_POINT('',(620.,-37.5,-2.));
#7608=CARTESIAN_POINT('',(624.25,-37.5,-2.));
#7609=CARTESIAN_POINT('',(700.,-37.5,-2.));
#7610=CARTESIAN_POINT('',(704.25,-37.5,-2.));
#7611=CARTESIAN_POINT('',(780.,-37.5,-2.));
#7612=CARTESIAN_POINT('',(784.25,-37.5,-2.));
#7613=CARTESIAN_POINT('',(860.,-37.5,-2.));
#7614=CARTESIAN_POINT('',(864.25,-37.5,-2.));
#7615=CARTESIAN_POINT('',(940.,-37.5,-2.));
#7616=CARTESIAN_POINT('',(944.25,-37.5,-2.));
#7617=CARTESIAN_POINT('',(60.,-37.5,-2.));
#7618=CARTESIAN_POINT('',(64.25,-37.5,-2.));
#7619=CARTESIAN_POINT('',(0.,-20.,-37.));
#7620=CARTESIAN_POINT('',(0.,-20.,-37.));
#7621=CARTESIAN_POINT('',(0.,0.,-37.));
#7622=CARTESIAN_POINT('',(1000.,-25.,-15.5));
#7623=CARTESIAN_POINT('',(1000.,-15.,-15.5));
#7624=CARTESIAN_POINT('',(1000.,-25.,-15.5));
#7625=CARTESIAN_POINT('',(1000.,-25.,-20.));
#7626=CARTESIAN_POINT('',(1000.,-25.,-24.5));
#7627=CARTESIAN_POINT('',(1000.,-15.,-24.5));
#7628=CARTESIAN_POINT('',(1000.,-15.,-24.5));
#7629=CARTESIAN_POINT('',(1000.,-15.,-20.));
#7630=CARTESIAN_POINT('',(1000.,-15.,-20.));
#7631=CARTESIAN_POINT('',(1000.,-15.,-15.5));
#7632=CARTESIAN_POINT('',(1000.,-15.,-24.5));
#7633=CARTESIAN_POINT('',(1000.,-15.,-24.5));
#7634=CARTESIAN_POINT('',(1000.,-25.,-24.5));
#7635=CARTESIAN_POINT('',(1000.,-25.,-20.));
#7636=CARTESIAN_POINT('',(1000.,-25.,-15.5));
#7637=CARTESIAN_POINT('',(1000.,-25.,-15.5));
#7638=CARTESIAN_POINT('',(1000.,-50.,-20.));
#7639=CARTESIAN_POINT('',(1000.,-50.,-24.5));
#7640=CARTESIAN_POINT('',(1000.,-50.,-15.5));
#7641=CARTESIAN_POINT('',(1000.,-60.,-15.5));
#7642=CARTESIAN_POINT('',(1000.,-60.,-15.5));
#7643=CARTESIAN_POINT('',(1000.,-60.,-20.));
#7644=CARTESIAN_POINT('',(1000.,-60.,-24.5));
#7645=CARTESIAN_POINT('',(1000.,-50.,-24.5));
#7646=CARTESIAN_POINT('',(1000.,-50.,-24.5));
#7647=CARTESIAN_POINT('',(1000.,-50.,-24.5));
#7648=CARTESIAN_POINT('',(1000.,-60.,-24.5));
#7649=CARTESIAN_POINT('',(1000.,-60.,-20.));
#7650=CARTESIAN_POINT('',(1000.,-60.,-15.5));
#7651=CARTESIAN_POINT('',(1000.,-60.,-15.5));
#7652=CARTESIAN_POINT('',(1000.,-50.,-15.5));
#7653=CARTESIAN_POINT('',(1000.,-50.,-20.));
#7654=CARTESIAN_POINT('',(60.,-37.5,-3.));
#7655=CARTESIAN_POINT('',(940.,-37.5,-3.));
#7656=CARTESIAN_POINT('',(860.,-37.5,-3.));
#7657=CARTESIAN_POINT('',(780.,-37.5,-3.));
#7658=CARTESIAN_POINT('',(700.,-37.5,-3.));
#7659=CARTESIAN_POINT('',(620.,-37.5,-3.));
#7660=CARTESIAN_POINT('',(540.,-37.5,-3.));
#7661=CARTESIAN_POINT('',(460.,-37.5,-3.));
#7662=CARTESIAN_POINT('',(380.,-37.5,-3.));
#7663=CARTESIAN_POINT('',(300.,-37.5,-3.));
#7664=CARTESIAN_POINT('',(220.,-37.5,-3.));
#7665=CARTESIAN_POINT('',(140.,-37.5,-3.));
#7666=CARTESIAN_POINT('',(1000.,-3.74,-36.26));
#7667=CARTESIAN_POINT('',(0.,-3.74,-3.74));
#7668=CARTESIAN_POINT('',(0.,-71.26,-3.74));
#7669=CARTESIAN_POINT('',(0.,-71.26,-36.26));
#7670=CARTESIAN_POINT('',(0.,0.,0.));
#7671=CARTESIAN_POINT('',(17.,-282.,420.));
#7672=CARTESIAN_POINT('',(-17.,-282.,420.));
#7673=CARTESIAN_POINT('',(-20.,-282.,420.));
#7674=CARTESIAN_POINT('',(-17.,-285.,420.));
#7675=CARTESIAN_POINT('',(-17.,-385.,420.));
#7676=CARTESIAN_POINT('',(-17.,-245.,420.));
#7677=CARTESIAN_POINT('',(-17.,-248.,420.));
#7678=CARTESIAN_POINT('',(-20.,-248.,420.));
#7679=CARTESIAN_POINT('',(-20.,-248.,420.));
#7680=CARTESIAN_POINT('',(-17.,-385.,20.));
#7681=CARTESIAN_POINT('',(-17.,-385.,20.));
#7682=CARTESIAN_POINT('',(-17.,-245.,20.));
#7683=CARTESIAN_POINT('',(-17.,0.,20.));
#7684=CARTESIAN_POINT('',(17.,-245.,20.));
#7685=CARTESIAN_POINT('',(17.,-245.,20.));
#7686=CARTESIAN_POINT('',(17.,-385.,20.));
#7687=CARTESIAN_POINT('',(17.,0.,20.));
#7688=CARTESIAN_POINT('',(-35.,0.,20.));
#7689=CARTESIAN_POINT('',(35.,0.,20.));
#7690=CARTESIAN_POINT('',(35.,5.,20.));
#7691=CARTESIAN_POINT('',(35.,5.,20.));
#7692=CARTESIAN_POINT('',(-35.,5.,20.));
#7693=CARTESIAN_POINT('',(-35.,5.,20.));
#7694=CARTESIAN_POINT('',(-35.,5.,20.));
#7695=CARTESIAN_POINT('',(-35.,0.,20.));
#7696=CARTESIAN_POINT('',(-35.,0.,20.));
#7697=CARTESIAN_POINT('',(-17.,-385.,20.));
#7698=CARTESIAN_POINT('',(17.,-385.,20.));
#7699=CARTESIAN_POINT('',(17.,-385.,20.));
#7700=CARTESIAN_POINT('',(17.,-285.,20.));
#7701=CARTESIAN_POINT('',(-17.,-285.,20.));
#7702=CARTESIAN_POINT('',(-17.,-285.,20.));
#7703=CARTESIAN_POINT('',(-17.,-385.,20.));
#7704=CARTESIAN_POINT('',(-17.,-385.,20.));
#7705=CARTESIAN_POINT('',(-17.,-385.,20.));
#7706=CARTESIAN_POINT('',(-17.,-385.,-17.));
#7707=CARTESIAN_POINT('',(-17.,0.,-17.));
#7708=CARTESIAN_POINT('',(-17.,0.,-20.));
#7709=CARTESIAN_POINT('',(-20.,0.,-17.));
#7710=CARTESIAN_POINT('',(-17.,-385.,-20.));
#7711=CARTESIAN_POINT('',(-17.,-385.,-20.));
#7712=CARTESIAN_POINT('',(-17.,-385.,-17.));
#7713=CARTESIAN_POINT('',(-20.,-385.,-17.));
#7714=CARTESIAN_POINT('',(-20.,-385.,-17.));
#7715=CARTESIAN_POINT('',(-20.,-385.,-17.));
#7716=CARTESIAN_POINT('',(-20.,0.,-17.));
#7717=CARTESIAN_POINT('',(-20.,0.,17.));
#7718=CARTESIAN_POINT('',(-20.,-385.,-17.));
#7719=CARTESIAN_POINT('',(-20.,-385.,17.));
#7720=CARTESIAN_POINT('',(-20.,-385.,17.));
#7721=CARTESIAN_POINT('',(-17.,-385.,17.));
#7722=CARTESIAN_POINT('',(-17.,0.,17.));
#7723=CARTESIAN_POINT('',(-17.,-385.,17.));
#7724=CARTESIAN_POINT('',(-17.,-385.,20.));
#7725=CARTESIAN_POINT('',(17.,-385.,17.));
#7726=CARTESIAN_POINT('',(17.,0.,17.));
#7727=CARTESIAN_POINT('',(20.,0.,17.));
#7728=CARTESIAN_POINT('',(17.,-385.,20.));
#7729=CARTESIAN_POINT('',(17.,-385.,17.));
#7730=CARTESIAN_POINT('',(20.,-385.,17.));
#7731=CARTESIAN_POINT('',(20.,-385.,17.));
#7732=CARTESIAN_POINT('',(20.,-385.,17.));
#7733=CARTESIAN_POINT('',(20.,0.,17.));
#7734=CARTESIAN_POINT('',(20.,0.,-17.));
#7735=CARTESIAN_POINT('',(20.,-385.,17.));
#7736=CARTESIAN_POINT('',(20.,-385.,-17.));
#7737=CARTESIAN_POINT('',(20.,-385.,-17.));
#7738=CARTESIAN_POINT('',(17.,-385.,-17.));
#7739=CARTESIAN_POINT('',(17.,0.,-17.));
#7740=CARTESIAN_POINT('',(17.,0.,-20.));
#7741=CARTESIAN_POINT('',(17.,-385.,-17.));
#7742=CARTESIAN_POINT('',(17.,-385.,-20.));
#7743=CARTESIAN_POINT('',(17.,-385.,-20.));
#7744=CARTESIAN_POINT('',(17.,-385.,-20.));
#7745=CARTESIAN_POINT('',(35.,0.,-20.));
#7746=CARTESIAN_POINT('',(-35.,0.,-20.));
#7747=CARTESIAN_POINT('',(-35.,5.,-20.));
#7748=CARTESIAN_POINT('',(-35.,5.,-20.));
#7749=CARTESIAN_POINT('',(35.,5.,-20.));
#7750=CARTESIAN_POINT('',(35.,5.,-20.));
#7751=CARTESIAN_POINT('',(35.,5.,-20.));
#7752=CARTESIAN_POINT('',(35.,0.,-20.));
#7753=CARTESIAN_POINT('',(35.,0.,-20.));
#7754=CARTESIAN_POINT('',(17.,-385.,-20.));
#7755=CARTESIAN_POINT('',(-17.,-385.,-17.));
#7756=CARTESIAN_POINT('',(-35.,0.,-10.));
#7757=CARTESIAN_POINT('',(-35.,0.,-5.5));
#7758=CARTESIAN_POINT('',(-30.5,0.,-5.50000000000001));
#7759=CARTESIAN_POINT('',(-39.5,0.,-5.50000000000001));
#7760=CARTESIAN_POINT('',(-39.5,0.,-5.50000000000001));
#7761=CARTESIAN_POINT('',(-39.5,0.,5.5));
#7762=CARTESIAN_POINT('',(-35.,0.,5.5));
#7763=CARTESIAN_POINT('',(-30.5,0.,5.5));
#7764=CARTESIAN_POINT('',(-30.5,0.,5.5));
#7765=CARTESIAN_POINT('',(-35.,0.,10.));
#7766=CARTESIAN_POINT('',(-45.,0.,10.));
#7767=CARTESIAN_POINT('',(-45.,0.,-10.));
#7768=CARTESIAN_POINT('',(-45.,0.,-10.));
#7769=CARTESIAN_POINT('',(-35.,0.,-10.));
#7770=CARTESIAN_POINT('',(-35.,5.,-10.));
#7771=CARTESIAN_POINT('',(-45.,5.,-10.));
#7772=CARTESIAN_POINT('',(-45.,5.,-10.));
#7773=CARTESIAN_POINT('',(-35.,5.,-10.));
#7774=CARTESIAN_POINT('',(-45.,5.,-10.));
#7775=CARTESIAN_POINT('',(-45.,5.,10.));
#7776=CARTESIAN_POINT('',(-45.,5.,10.));
#7777=CARTESIAN_POINT('',(-45.,5.,-10.));
#7778=CARTESIAN_POINT('',(-35.,5.,10.));
#7779=CARTESIAN_POINT('',(-35.,5.,10.));
#7780=CARTESIAN_POINT('',(35.,5.,10.));
#7781=CARTESIAN_POINT('',(35.,0.,10.));
#7782=CARTESIAN_POINT('',(45.,0.,9.99999999999999));
#7783=CARTESIAN_POINT('',(45.,5.,9.99999999999999));
#7784=CARTESIAN_POINT('',(45.,5.,9.99999999999999));
#7785=CARTESIAN_POINT('',(35.,5.,10.));
#7786=CARTESIAN_POINT('',(45.,5.,10.));
#7787=CARTESIAN_POINT('',(45.,0.,10.));
#7788=CARTESIAN_POINT('',(45.,0.,-10.));
#7789=CARTESIAN_POINT('',(45.,5.,-10.));
#7790=CARTESIAN_POINT('',(45.,5.,-10.));
#7791=CARTESIAN_POINT('',(45.,5.,10.));
#7792=CARTESIAN_POINT('',(35.,5.,-10.));
#7793=CARTESIAN_POINT('',(35.,0.,-10.));
#7794=CARTESIAN_POINT('',(35.,5.,-10.));
#7795=CARTESIAN_POINT('',(30.5,5.,-5.50000000000002));
#7796=CARTESIAN_POINT('',(30.5,0.,-5.50000000000002));
#7797=CARTESIAN_POINT('',(30.5,0.,-5.50000000000002));
#7798=CARTESIAN_POINT('',(30.5,0.,5.5));
#7799=CARTESIAN_POINT('',(30.5,5.,-5.50000000000002));
#7800=CARTESIAN_POINT('',(30.5,5.,-5.50000000000002));
#7801=CARTESIAN_POINT('',(30.5,5.,-5.50000000000002));
#7802=CARTESIAN_POINT('',(30.5,5.,5.5));
#7803=CARTESIAN_POINT('',(30.5,5.,5.5));
#7804=CARTESIAN_POINT('',(35.,5.,-5.50000000000002));
#7805=CARTESIAN_POINT('',(35.,0.,-5.50000000000002));
#7806=CARTESIAN_POINT('',(39.5,0.,-5.50000000000002));
#7807=CARTESIAN_POINT('',(39.5,5.,-5.50000000000002));
#7808=CARTESIAN_POINT('',(39.5,5.,-5.50000000000002));
#7809=CARTESIAN_POINT('',(35.,5.,-5.50000000000002));
#7810=CARTESIAN_POINT('',(39.5,5.,5.5));
#7811=CARTESIAN_POINT('',(39.5,0.,5.5));
#7812=CARTESIAN_POINT('',(39.5,0.,5.5));
#7813=CARTESIAN_POINT('',(39.5,5.,5.5));
#7814=CARTESIAN_POINT('',(39.5,5.,5.5));
#7815=CARTESIAN_POINT('',(39.5,5.,5.5));
#7816=CARTESIAN_POINT('',(-35.,5.,-5.5));
#7817=CARTESIAN_POINT('',(-30.5,5.,-5.50000000000001));
#7818=CARTESIAN_POINT('',(-30.5,5.,-5.50000000000001));
#7819=CARTESIAN_POINT('',(-35.,5.,-5.5));
#7820=CARTESIAN_POINT('',(-39.5,5.,-5.50000000000001));
#7821=CARTESIAN_POINT('',(-39.5,5.,-5.50000000000001));
#7822=CARTESIAN_POINT('',(-30.5,5.,5.5));
#7823=CARTESIAN_POINT('',(-30.5,5.,5.5));
#7824=CARTESIAN_POINT('',(-30.5,5.,5.5));
#7825=CARTESIAN_POINT('',(-30.5,5.,5.5));
#7826=CARTESIAN_POINT('',(-35.,5.,5.5));
#7827=CARTESIAN_POINT('',(-39.5,5.,5.5));
#7828=CARTESIAN_POINT('',(-39.5,5.,5.5));
#7829=CARTESIAN_POINT('',(-35.,5.,5.5));
#7830=CARTESIAN_POINT('',(35.,5.,5.5));
#7831=CARTESIAN_POINT('',(35.,0.,5.5));
#7832=CARTESIAN_POINT('',(35.,5.,5.5));
#7833=CARTESIAN_POINT('',(-39.5,5.,-5.50000000000001));
#7834=CARTESIAN_POINT('',(-39.5,5.,-5.50000000000001));
#7835=CARTESIAN_POINT('',(-35.,5.,-10.));
#7836=CARTESIAN_POINT('',(-35.,0.,-10.));
#7837=CARTESIAN_POINT('',(17.,-282.,20.));
#7838=CARTESIAN_POINT('',(-17.,-248.,20.));
#7839=CARTESIAN_POINT('',(-20.,-248.,20.));
#7840=CARTESIAN_POINT('',(-17.,-282.,20.));
#7841=CARTESIAN_POINT('',(-20.,-282.,20.));
#7842=CARTESIAN_POINT('',(-20.,-248.,20.));
#7843=CARTESIAN_POINT('',(17.,-282.,420.));
#7844=CARTESIAN_POINT('',(17.,-282.,20.));
#7845=CARTESIAN_POINT('',(20.,-282.,20.));
#7846=CARTESIAN_POINT('',(20.,-282.,420.));
#7847=CARTESIAN_POINT('',(20.,-282.,420.));
#7848=CARTESIAN_POINT('',(17.,-282.,420.));
#7849=CARTESIAN_POINT('',(17.,-285.,420.));
#7850=CARTESIAN_POINT('',(17.,-285.,420.));
#7851=CARTESIAN_POINT('',(20.,-282.,420.));
#7852=CARTESIAN_POINT('',(20.,-282.,20.));
#7853=CARTESIAN_POINT('',(20.,-248.,20.));
#7854=CARTESIAN_POINT('',(20.,-248.,420.));
#7855=CARTESIAN_POINT('',(20.,-248.,420.));
#7856=CARTESIAN_POINT('',(20.,-282.,420.));
#7857=CARTESIAN_POINT('',(17.,-248.,420.));
#7858=CARTESIAN_POINT('',(17.,-248.,20.));
#7859=CARTESIAN_POINT('',(17.,-245.,420.));
#7860=CARTESIAN_POINT('',(17.,-245.,420.));
#7861=CARTESIAN_POINT('',(17.,-248.,420.));
#7862=CARTESIAN_POINT('',(17.,-245.,420.));
#7863=CARTESIAN_POINT('',(-17.,-245.,420.));
#7864=CARTESIAN_POINT('',(17.,-245.,420.));
#7865=CARTESIAN_POINT('',(-17.,-248.,420.));
#7866=CARTESIAN_POINT('',(-20.,-248.,420.));
#7867=CARTESIAN_POINT('',(-20.,-248.,420.));
#7868=CARTESIAN_POINT('',(-20.,-282.,420.));
#7869=CARTESIAN_POINT('',(-17.,-282.,420.));
#7870=CARTESIAN_POINT('',(-17.,-285.,420.));
#7871=CARTESIAN_POINT('',(-17.,-285.,420.));
#7872=CARTESIAN_POINT('',(-17.,-285.,420.));
#7873=CARTESIAN_POINT('',(17.,-282.,420.));
#7874=CARTESIAN_POINT('',(17.,-385.,420.));
#7875=CARTESIAN_POINT('',(17.,-282.,20.));
#7876=CARTESIAN_POINT('',(17.,-385.,420.));
#7877=CARTESIAN_POINT('',(-17.,-385.,420.));
#7878=CARTESIAN_POINT('',(-17.,0.,420.));
#7879=CARTESIAN_POINT('',(35.,0.,420.));
#7880=CARTESIAN_POINT('',(-35.,0.,420.));
#7881=CARTESIAN_POINT('',(-35.,5.,420.));
#7882=CARTESIAN_POINT('',(-35.,5.,420.));
#7883=CARTESIAN_POINT('',(35.,5.,420.));
#7884=CARTESIAN_POINT('',(35.,5.,420.));
#7885=CARTESIAN_POINT('',(35.,5.,420.));
#7886=CARTESIAN_POINT('',(35.,0.,420.));
#7887=CARTESIAN_POINT('',(35.,0.,420.));
#7888=CARTESIAN_POINT('',(17.,0.,420.));
#7889=CARTESIAN_POINT('',(17.,-385.,420.));
#7890=CARTESIAN_POINT('',(17.,-385.,420.));
#7891=CARTESIAN_POINT('',(17.,-385.,420.));
#7892=CARTESIAN_POINT('',(17.,-385.,420.));
#7893=CARTESIAN_POINT('',(17.,-385.,420.));
#7894=CARTESIAN_POINT('',(-17.,-385.,420.));
#7895=CARTESIAN_POINT('',(-17.,-385.,420.));
#7896=CARTESIAN_POINT('',(-17.,-385.,423.));
#7897=CARTESIAN_POINT('',(-17.,0.,423.));
#7898=CARTESIAN_POINT('',(-20.,0.,423.));
#7899=CARTESIAN_POINT('',(-17.,-385.,423.));
#7900=CARTESIAN_POINT('',(-20.,-385.,423.));
#7901=CARTESIAN_POINT('',(-20.,-385.,423.));
#7902=CARTESIAN_POINT('',(-20.,-385.,423.));
#7903=CARTESIAN_POINT('',(-20.,0.,423.));
#7904=CARTESIAN_POINT('',(-20.,0.,457.));
#7905=CARTESIAN_POINT('',(-20.,-385.,423.));
#7906=CARTESIAN_POINT('',(-20.,-385.,457.));
#7907=CARTESIAN_POINT('',(-20.,-385.,457.));
#7908=CARTESIAN_POINT('',(-17.,-385.,457.));
#7909=CARTESIAN_POINT('',(-17.,0.,457.));
#7910=CARTESIAN_POINT('',(-17.,0.,460.));
#7911=CARTESIAN_POINT('',(-17.,-385.,457.));
#7912=CARTESIAN_POINT('',(-17.,-385.,460.));
#7913=CARTESIAN_POINT('',(-17.,-385.,460.));
#7914=CARTESIAN_POINT('',(-17.,-385.,460.));
#7915=CARTESIAN_POINT('',(17.,-385.,460.));
#7916=CARTESIAN_POINT('',(17.,-385.,460.));
#7917=CARTESIAN_POINT('',(17.,0.,460.));
#7918=CARTESIAN_POINT('',(-35.,0.,460.));
#7919=CARTESIAN_POINT('',(35.,0.,460.));
#7920=CARTESIAN_POINT('',(35.,5.,460.));
#7921=CARTESIAN_POINT('',(35.,5.,460.));
#7922=CARTESIAN_POINT('',(-35.,5.,460.));
#7923=CARTESIAN_POINT('',(-35.,5.,460.));
#7924=CARTESIAN_POINT('',(-35.,5.,460.));
#7925=CARTESIAN_POINT('',(-35.,0.,460.));
#7926=CARTESIAN_POINT('',(-35.,0.,460.));
#7927=CARTESIAN_POINT('',(-17.,-385.,460.));
#7928=CARTESIAN_POINT('',(17.,-385.,457.));
#7929=CARTESIAN_POINT('',(17.,0.,457.));
#7930=CARTESIAN_POINT('',(20.,0.,457.));
#7931=CARTESIAN_POINT('',(17.,-385.,457.));
#7932=CARTESIAN_POINT('',(20.,-385.,457.));
#7933=CARTESIAN_POINT('',(20.,-385.,457.));
#7934=CARTESIAN_POINT('',(20.,-385.,457.));
#7935=CARTESIAN_POINT('',(20.,0.,457.));
#7936=CARTESIAN_POINT('',(20.,0.,423.));
#7937=CARTESIAN_POINT('',(20.,-385.,457.));
#7938=CARTESIAN_POINT('',(20.,-385.,423.));
#7939=CARTESIAN_POINT('',(20.,-385.,423.));
#7940=CARTESIAN_POINT('',(17.,-385.,423.));
#7941=CARTESIAN_POINT('',(17.,0.,423.));
#7942=CARTESIAN_POINT('',(17.,-385.,423.));
#7943=CARTESIAN_POINT('',(-17.,-385.,423.));
#7944=CARTESIAN_POINT('',(-35.,0.,430.));
#7945=CARTESIAN_POINT('',(-35.,0.,434.5));
#7946=CARTESIAN_POINT('',(-30.5,0.,434.5));
#7947=CARTESIAN_POINT('',(-39.5,0.,434.5));
#7948=CARTESIAN_POINT('',(-39.5,0.,434.5));
#7949=CARTESIAN_POINT('',(-39.5,0.,445.5));
#7950=CARTESIAN_POINT('',(-35.,0.,445.5));
#7951=CARTESIAN_POINT('',(-30.5,0.,445.5));
#7952=CARTESIAN_POINT('',(-30.5,0.,445.5));
#7953=CARTESIAN_POINT('',(-35.,0.,450.));
#7954=CARTESIAN_POINT('',(-45.,0.,450.));
#7955=CARTESIAN_POINT('',(-45.,0.,430.));
#7956=CARTESIAN_POINT('',(-45.,0.,430.));
#7957=CARTESIAN_POINT('',(-35.,0.,430.));
#7958=CARTESIAN_POINT('',(-35.,5.,430.));
#7959=CARTESIAN_POINT('',(-45.,5.,430.));
#7960=CARTESIAN_POINT('',(-45.,5.,430.));
#7961=CARTESIAN_POINT('',(-35.,5.,430.));
#7962=CARTESIAN_POINT('',(-45.,5.,430.));
#7963=CARTESIAN_POINT('',(-45.,5.,450.));
#7964=CARTESIAN_POINT('',(-45.,5.,450.));
#7965=CARTESIAN_POINT('',(-45.,5.,430.));
#7966=CARTESIAN_POINT('',(-35.,5.,450.));
#7967=CARTESIAN_POINT('',(-35.,5.,450.));
#7968=CARTESIAN_POINT('',(35.,5.,450.));
#7969=CARTESIAN_POINT('',(35.,0.,450.));
#7970=CARTESIAN_POINT('',(45.,0.,450.));
#7971=CARTESIAN_POINT('',(45.,5.,450.));
#7972=CARTESIAN_POINT('',(45.,5.,450.));
#7973=CARTESIAN_POINT('',(35.,5.,450.));
#7974=CARTESIAN_POINT('',(45.,5.,450.));
#7975=CARTESIAN_POINT('',(45.,0.,450.));
#7976=CARTESIAN_POINT('',(45.,0.,430.));
#7977=CARTESIAN_POINT('',(45.,5.,430.));
#7978=CARTESIAN_POINT('',(45.,5.,430.));
#7979=CARTESIAN_POINT('',(45.,5.,450.));
#7980=CARTESIAN_POINT('',(35.,5.,430.));
#7981=CARTESIAN_POINT('',(35.,0.,430.));
#7982=CARTESIAN_POINT('',(35.,5.,430.));
#7983=CARTESIAN_POINT('',(30.5,5.,434.5));
#7984=CARTESIAN_POINT('',(30.5,0.,434.5));
#7985=CARTESIAN_POINT('',(30.5,0.,434.5));
#7986=CARTESIAN_POINT('',(30.5,0.,445.5));
#7987=CARTESIAN_POINT('',(30.5,5.,434.5));
#7988=CARTESIAN_POINT('',(30.5,5.,434.5));
#7989=CARTESIAN_POINT('',(30.5,5.,434.5));
#7990=CARTESIAN_POINT('',(30.5,5.,445.5));
#7991=CARTESIAN_POINT('',(30.5,5.,445.5));
#7992=CARTESIAN_POINT('',(35.,5.,434.5));
#7993=CARTESIAN_POINT('',(35.,0.,434.5));
#7994=CARTESIAN_POINT('',(39.5,0.,434.5));
#7995=CARTESIAN_POINT('',(39.5,5.,434.5));
#7996=CARTESIAN_POINT('',(39.5,5.,434.5));
#7997=CARTESIAN_POINT('',(35.,5.,434.5));
#7998=CARTESIAN_POINT('',(39.5,5.,445.5));
#7999=CARTESIAN_POINT('',(39.5,0.,445.5));
#8000=CARTESIAN_POINT('',(39.5,0.,445.5));
#8001=CARTESIAN_POINT('',(39.5,5.,445.5));
#8002=CARTESIAN_POINT('',(39.5,5.,445.5));
#8003=CARTESIAN_POINT('',(39.5,5.,445.5));
#8004=CARTESIAN_POINT('',(-35.,5.,434.5));
#8005=CARTESIAN_POINT('',(-30.5,5.,434.5));
#8006=CARTESIAN_POINT('',(-30.5,5.,434.5));
#8007=CARTESIAN_POINT('',(-35.,5.,434.5));
#8008=CARTESIAN_POINT('',(-39.5,5.,434.5));
#8009=CARTESIAN_POINT('',(-39.5,5.,434.5));
#8010=CARTESIAN_POINT('',(-30.5,5.,445.5));
#8011=CARTESIAN_POINT('',(-30.5,5.,445.5));
#8012=CARTESIAN_POINT('',(-30.5,5.,445.5));
#8013=CARTESIAN_POINT('',(-30.5,5.,445.5));
#8014=CARTESIAN_POINT('',(-35.,5.,445.5));
#8015=CARTESIAN_POINT('',(-39.5,5.,445.5));
#8016=CARTESIAN_POINT('',(-39.5,5.,445.5));
#8017=CARTESIAN_POINT('',(-35.,5.,445.5));
#8018=CARTESIAN_POINT('',(35.,5.,445.5));
#8019=CARTESIAN_POINT('',(35.,0.,445.5));
#8020=CARTESIAN_POINT('',(35.,5.,445.5));
#8021=CARTESIAN_POINT('',(-39.5,5.,434.5));
#8022=CARTESIAN_POINT('',(-39.5,5.,434.5));
#8023=CARTESIAN_POINT('',(-35.,5.,430.));
#8024=CARTESIAN_POINT('',(-35.,0.,430.));
#8025=CARTESIAN_POINT('',(200.,-79.9999999999999,-460.));
#8026=CARTESIAN_POINT('',(22.,19.,0.));
#8027=CARTESIAN_POINT('',(22.,0.,0.));
#8028=CARTESIAN_POINT('',(22.,0.,-19.));
#8029=CARTESIAN_POINT('',(22.,6.29406441001805,10.9016393442623));
#8030=CARTESIAN_POINT('',(22.,6.29406441001805,10.9016393442623));
#8031=CARTESIAN_POINT('',(22.,-6.29406441001806,10.9016393442623));
#8032=CARTESIAN_POINT('',(22.,12.5881288200361,0.));
#8033=CARTESIAN_POINT('',(22.,12.5881288200361,0.));
#8034=CARTESIAN_POINT('',(22.,6.29406441001805,-10.9016393442623));
#8035=CARTESIAN_POINT('',(22.,6.29406441001805,-10.9016393442623));
#8036=CARTESIAN_POINT('',(22.,-6.29406441001805,-10.9016393442623));
#8037=CARTESIAN_POINT('',(22.,-6.29406441001805,-10.9016393442623));
#8038=CARTESIAN_POINT('',(22.,-12.5881288200361,0.));
#8039=CARTESIAN_POINT('',(22.,-12.5881288200361,1.73472347597681E-15));
#8040=CARTESIAN_POINT('',(22.,-6.29406441001805,10.9016393442623));
#8041=CARTESIAN_POINT('',(0.,0.,0.));
#8042=CARTESIAN_POINT('',(0.,0.,0.));
#8043=CARTESIAN_POINT('',(0.,0.,-40.));
#8044=CARTESIAN_POINT('',(136.,0.,0.));
#8045=CARTESIAN_POINT('',(11.,0.,0.));
#8046=CARTESIAN_POINT('',(11.,0.,-40.));
#8047=CARTESIAN_POINT('',(11.,40.,0.));
#8048=CARTESIAN_POINT('',(11.,0.,0.));
#8049=CARTESIAN_POINT('',(11.,0.,-30.));
#8050=CARTESIAN_POINT('',(11.,0.,0.));
#8051=CARTESIAN_POINT('',(29.5,6.29406441001805,10.9016393442623));
#8052=CARTESIAN_POINT('',(29.5,-6.29406441001805,10.9016393442623));
#8053=CARTESIAN_POINT('',(29.5,-6.29406441001805,10.9016393442623));
#8054=CARTESIAN_POINT('',(29.5,6.29406441001805,10.9016393442623));
#8055=CARTESIAN_POINT('',(29.5,6.29406441001805,10.9016393442623));
#8056=CARTESIAN_POINT('',(29.5,6.29406441001805,10.9016393442623));
#8057=CARTESIAN_POINT('',(29.5,-6.29406441001805,10.9016393442623));
#8058=CARTESIAN_POINT('',(29.5,-12.5881288200361,0.));
#8059=CARTESIAN_POINT('',(29.5,-12.5881288200361,0.));
#8060=CARTESIAN_POINT('',(29.5,-6.29406441001805,10.9016393442623));
#8061=CARTESIAN_POINT('',(29.5,-12.5881288200361,0.));
#8062=CARTESIAN_POINT('',(29.5,-6.29406441001805,-10.9016393442623));
#8063=CARTESIAN_POINT('',(29.5,-6.29406441001805,-10.9016393442623));
#8064=CARTESIAN_POINT('',(29.5,-12.5881288200361,0.));
#8065=CARTESIAN_POINT('',(29.5,-6.29406441001805,-10.9016393442623));
#8066=CARTESIAN_POINT('',(29.5,6.29406441001805,-10.9016393442623));
#8067=CARTESIAN_POINT('',(29.5,6.29406441001805,-10.9016393442623));
#8068=CARTESIAN_POINT('',(29.5,-6.29406441001805,-10.9016393442623));
#8069=CARTESIAN_POINT('',(29.5,6.29406441001805,-10.9016393442623));
#8070=CARTESIAN_POINT('',(29.5,12.5881288200361,0.));
#8071=CARTESIAN_POINT('',(29.5,12.5881288200361,0.));
#8072=CARTESIAN_POINT('',(29.5,6.29406441001805,-10.9016393442623));
#8073=CARTESIAN_POINT('',(29.5,12.5881288200361,0.));
#8074=CARTESIAN_POINT('',(29.5,12.5881288200361,0.));
#8075=CARTESIAN_POINT('',(29.5,0.,0.));
#8076=CARTESIAN_POINT('',(29.5,0.,0.));
#8077=CARTESIAN_POINT('',(29.5,0.,-6.));
#8078=CARTESIAN_POINT('',(136.,6.,0.));
#8079=CARTESIAN_POINT('',(136.,0.,0.));
#8080=CARTESIAN_POINT('',(136.,0.,-6.));
#8081=CARTESIAN_POINT('',(136.,0.,0.));
#8082=CARTESIAN_POINT('',(200.,-525.,-460.));
#8083=CARTESIAN_POINT('',(200.,-525.,-20.));
#8084=CARTESIAN_POINT('',(5.,45.,15.));
#8085=CARTESIAN_POINT('',(5.,17.,17.));
#8086=CARTESIAN_POINT('',(5.,20.,17.));
#8087=CARTESIAN_POINT('',(5.,17.,20.));
#8088=CARTESIAN_POINT('',(5.,20.,-17.));
#8089=CARTESIAN_POINT('',(5.,20.,-17.));
#8090=CARTESIAN_POINT('',(5.,17.,-17.));
#8091=CARTESIAN_POINT('',(5.,17.,-20.));
#8092=CARTESIAN_POINT('',(5.,-45.,-20.));
#8093=CARTESIAN_POINT('',(5.,45.,-20.));
#8094=CARTESIAN_POINT('',(5.,45.,-15.));
#8095=CARTESIAN_POINT('',(5.,50.,-15.));
#8096=CARTESIAN_POINT('',(5.,50.,-15.));
#8097=CARTESIAN_POINT('',(5.,50.,15.));
#8098=CARTESIAN_POINT('',(5.,45.,15.));
#8099=CARTESIAN_POINT('',(5.,45.,20.));
#8100=CARTESIAN_POINT('',(5.,45.,20.));
#8101=CARTESIAN_POINT('',(5.,45.,15.));
#8102=CARTESIAN_POINT('',(0.,45.,15.));
#8103=CARTESIAN_POINT('',(0.,50.,15.));
#8104=CARTESIAN_POINT('',(0.,45.,20.));
#8105=CARTESIAN_POINT('',(5.,45.,20.));
#8106=CARTESIAN_POINT('',(5.,50.,15.));
#8107=CARTESIAN_POINT('',(5.,45.,20.));
#8108=CARTESIAN_POINT('',(0.,45.,20.));
#8109=CARTESIAN_POINT('',(0.,-45.,20.));
#8110=CARTESIAN_POINT('',(5.,-45.,20.));
#8111=CARTESIAN_POINT('',(5.,-45.,20.));
#8112=CARTESIAN_POINT('',(5.,45.,20.));
#8113=CARTESIAN_POINT('',(5.,-17.,20.));
#8114=CARTESIAN_POINT('',(555.,-17.,20.));
#8115=CARTESIAN_POINT('',(555.,-17.,20.));
#8116=CARTESIAN_POINT('',(555.,45.,20.));
#8117=CARTESIAN_POINT('',(555.,-45.,20.));
#8118=CARTESIAN_POINT('',(560.,-45.,20.));
#8119=CARTESIAN_POINT('',(560.,-45.,20.));
#8120=CARTESIAN_POINT('',(560.,45.,20.));
#8121=CARTESIAN_POINT('',(560.,45.,20.));
#8122=CARTESIAN_POINT('',(560.,45.,20.));
#8123=CARTESIAN_POINT('',(555.,45.,20.));
#8124=CARTESIAN_POINT('',(555.,45.,20.));
#8125=CARTESIAN_POINT('',(555.,17.,20.));
#8126=CARTESIAN_POINT('',(555.,17.,20.));
#8127=CARTESIAN_POINT('',(5.,-45.,15.));
#8128=CARTESIAN_POINT('',(0.,-45.,15.));
#8129=CARTESIAN_POINT('',(0.,-50.,15.));
#8130=CARTESIAN_POINT('',(5.,-50.,15.));
#8131=CARTESIAN_POINT('',(5.,-50.,15.));
#8132=CARTESIAN_POINT('',(5.,-45.,15.));
#8133=CARTESIAN_POINT('',(5.,-50.,15.));
#8134=CARTESIAN_POINT('',(0.,-50.,15.));
#8135=CARTESIAN_POINT('',(0.,-50.,-15.));
#8136=CARTESIAN_POINT('',(5.,-50.,-15.));
#8137=CARTESIAN_POINT('',(5.,-50.,-15.));
#8138=CARTESIAN_POINT('',(5.,-50.,15.));
#8139=CARTESIAN_POINT('',(5.,-45.,-15.));
#8140=CARTESIAN_POINT('',(0.,-45.,-15.));
#8141=CARTESIAN_POINT('',(0.,-45.,-20.));
#8142=CARTESIAN_POINT('',(5.,-45.,-20.));
#8143=CARTESIAN_POINT('',(5.,-45.,-20.));
#8144=CARTESIAN_POINT('',(5.,-45.,-15.));
#8145=CARTESIAN_POINT('',(5.,-45.,-20.));
#8146=CARTESIAN_POINT('',(0.,-45.,-20.));
#8147=CARTESIAN_POINT('',(0.,45.,-20.));
#8148=CARTESIAN_POINT('',(5.,45.,-20.));
#8149=CARTESIAN_POINT('',(555.,17.,-20.));
#8150=CARTESIAN_POINT('',(555.,17.,-20.));
#8151=CARTESIAN_POINT('',(555.,-45.,-20.));
#8152=CARTESIAN_POINT('',(555.,45.,-20.));
#8153=CARTESIAN_POINT('',(560.,45.,-20.));
#8154=CARTESIAN_POINT('',(560.,45.,-20.));
#8155=CARTESIAN_POINT('',(560.,-45.,-20.));
#8156=CARTESIAN_POINT('',(560.,-45.,-20.));
#8157=CARTESIAN_POINT('',(560.,-45.,-20.));
#8158=CARTESIAN_POINT('',(555.,-45.,-20.));
#8159=CARTESIAN_POINT('',(555.,-45.,-20.));
#8160=CARTESIAN_POINT('',(555.,-17.,-20.));
#8161=CARTESIAN_POINT('',(555.,-17.,-20.));
#8162=CARTESIAN_POINT('',(5.,-17.,-20.));
#8163=CARTESIAN_POINT('',(5.,-45.,-20.));
#8164=CARTESIAN_POINT('',(5.,45.,-15.));
#8165=CARTESIAN_POINT('',(0.,45.,-15.));
#8166=CARTESIAN_POINT('',(0.,50.,-15.));
#8167=CARTESIAN_POINT('',(5.,50.,-15.));
#8168=CARTESIAN_POINT('',(5.,50.,-15.));
#8169=CARTESIAN_POINT('',(0.,50.,-15.));
#8170=CARTESIAN_POINT('',(5.,45.,15.));
#8171=CARTESIAN_POINT('',(5.,-17.,-17.));
#8172=CARTESIAN_POINT('',(5.,-20.,-17.));
#8173=CARTESIAN_POINT('',(5.,-20.,17.));
#8174=CARTESIAN_POINT('',(5.,-20.,17.));
#8175=CARTESIAN_POINT('',(5.,-17.,17.));
#8176=CARTESIAN_POINT('',(0.,45.,15.));
#8177=CARTESIAN_POINT('',(555.,17.,17.));
#8178=CARTESIAN_POINT('',(555.,17.,17.));
#8179=CARTESIAN_POINT('',(555.,20.,17.));
#8180=CARTESIAN_POINT('',(555.,20.,17.));
#8181=CARTESIAN_POINT('',(555.,-17.,17.));
#8182=CARTESIAN_POINT('',(555.,-20.,17.));
#8183=CARTESIAN_POINT('',(555.,-20.,17.));
#8184=CARTESIAN_POINT('',(555.,-17.,17.));
#8185=CARTESIAN_POINT('',(555.,-20.,17.));
#8186=CARTESIAN_POINT('',(555.,-20.,-17.));
#8187=CARTESIAN_POINT('',(555.,-20.,-17.));
#8188=CARTESIAN_POINT('',(555.,-20.,17.));
#8189=CARTESIAN_POINT('',(555.,-17.,-17.));
#8190=CARTESIAN_POINT('',(555.,-17.,-17.));
#8191=CARTESIAN_POINT('',(555.,17.,-17.));
#8192=CARTESIAN_POINT('',(555.,20.,-17.));
#8193=CARTESIAN_POINT('',(555.,20.,-17.));
#8194=CARTESIAN_POINT('',(555.,17.,-17.));
#8195=CARTESIAN_POINT('',(555.,20.,-17.));
#8196=CARTESIAN_POINT('',(555.,20.,-17.));
#8197=CARTESIAN_POINT('',(555.,45.,15.));
#8198=CARTESIAN_POINT('',(555.,-45.,-15.));
#8199=CARTESIAN_POINT('',(555.,-50.,-15.));
#8200=CARTESIAN_POINT('',(555.,-50.,15.));
#8201=CARTESIAN_POINT('',(555.,-50.,15.));
#8202=CARTESIAN_POINT('',(555.,-45.,15.));
#8203=CARTESIAN_POINT('',(555.,45.,15.));
#8204=CARTESIAN_POINT('',(555.,45.,15.));
#8205=CARTESIAN_POINT('',(555.,50.,15.));
#8206=CARTESIAN_POINT('',(555.,50.,-15.));
#8207=CARTESIAN_POINT('',(555.,50.,-15.));
#8208=CARTESIAN_POINT('',(555.,45.,-15.));
#8209=CARTESIAN_POINT('',(560.,45.,15.));
#8210=CARTESIAN_POINT('',(560.,45.,15.));
#8211=CARTESIAN_POINT('',(560.,50.,15.));
#8212=CARTESIAN_POINT('',(560.,50.,15.));
#8213=CARTESIAN_POINT('',(560.,-45.,15.));
#8214=CARTESIAN_POINT('',(560.,-50.,15.));
#8215=CARTESIAN_POINT('',(560.,-50.,15.));
#8216=CARTESIAN_POINT('',(560.,-45.,15.));
#8217=CARTESIAN_POINT('',(560.,-50.,15.));
#8218=CARTESIAN_POINT('',(560.,-50.,-15.));
#8219=CARTESIAN_POINT('',(560.,-50.,-15.));
#8220=CARTESIAN_POINT('',(560.,-50.,15.));
#8221=CARTESIAN_POINT('',(560.,-45.,-15.));
#8222=CARTESIAN_POINT('',(560.,-45.,-15.));
#8223=CARTESIAN_POINT('',(560.,45.,-15.));
#8224=CARTESIAN_POINT('',(560.,50.,-15.));
#8225=CARTESIAN_POINT('',(560.,50.,-15.));
#8226=CARTESIAN_POINT('',(560.,45.,-15.));
#8227=CARTESIAN_POINT('',(560.,50.,-15.));
#8228=CARTESIAN_POINT('',(560.,50.,-15.));
#8229=CARTESIAN_POINT('',(560.,45.,15.));
#8230=CARTESIAN_POINT('',(220.,-345.,-20.));
#8231=CARTESIAN_POINT('',(220.,-345.,-460.));
#8232=CARTESIAN_POINT('',(17.,-282.,420.));
#8233=CARTESIAN_POINT('',(-17.,-282.,420.));
#8234=CARTESIAN_POINT('',(-20.,-282.,420.));
#8235=CARTESIAN_POINT('',(-17.,-285.,420.));
#8236=CARTESIAN_POINT('',(-17.,-385.,420.));
#8237=CARTESIAN_POINT('',(-17.,-245.,420.));
#8238=CARTESIAN_POINT('',(-17.,-248.,420.));
#8239=CARTESIAN_POINT('',(-20.,-248.,420.));
#8240=CARTESIAN_POINT('',(-20.,-248.,420.));
#8241=CARTESIAN_POINT('',(-17.,-385.,20.));
#8242=CARTESIAN_POINT('',(-17.,-385.,20.));
#8243=CARTESIAN_POINT('',(-17.,-245.,20.));
#8244=CARTESIAN_POINT('',(-17.,0.,20.));
#8245=CARTESIAN_POINT('',(17.,-245.,20.));
#8246=CARTESIAN_POINT('',(17.,-245.,20.));
#8247=CARTESIAN_POINT('',(17.,-385.,20.));
#8248=CARTESIAN_POINT('',(17.,0.,20.));
#8249=CARTESIAN_POINT('',(-35.,0.,20.));
#8250=CARTESIAN_POINT('',(35.,0.,20.));
#8251=CARTESIAN_POINT('',(35.,5.,20.));
#8252=CARTESIAN_POINT('',(35.,5.,20.));
#8253=CARTESIAN_POINT('',(-35.,5.,20.));
#8254=CARTESIAN_POINT('',(-35.,5.,20.));
#8255=CARTESIAN_POINT('',(-35.,5.,20.));
#8256=CARTESIAN_POINT('',(-35.,0.,20.));
#8257=CARTESIAN_POINT('',(-35.,0.,20.));
#8258=CARTESIAN_POINT('',(-17.,-385.,20.));
#8259=CARTESIAN_POINT('',(17.,-385.,20.));
#8260=CARTESIAN_POINT('',(17.,-385.,20.));
#8261=CARTESIAN_POINT('',(17.,-285.,20.));
#8262=CARTESIAN_POINT('',(-17.,-285.,20.));
#8263=CARTESIAN_POINT('',(-17.,-285.,20.));
#8264=CARTESIAN_POINT('',(-17.,-385.,20.));
#8265=CARTESIAN_POINT('',(-17.,-385.,20.));
#8266=CARTESIAN_POINT('',(-17.,-385.,20.));
#8267=CARTESIAN_POINT('',(-17.,-385.,-17.));
#8268=CARTESIAN_POINT('',(-17.,0.,-17.));
#8269=CARTESIAN_POINT('',(-17.,0.,-20.));
#8270=CARTESIAN_POINT('',(-20.,0.,-17.));
#8271=CARTESIAN_POINT('',(-17.,-385.,-20.));
#8272=CARTESIAN_POINT('',(-17.,-385.,-20.));
#8273=CARTESIAN_POINT('',(-17.,-385.,-17.));
#8274=CARTESIAN_POINT('',(-20.,-385.,-17.));
#8275=CARTESIAN_POINT('',(-20.,-385.,-17.));
#8276=CARTESIAN_POINT('',(-20.,-385.,-17.));
#8277=CARTESIAN_POINT('',(-20.,0.,-17.));
#8278=CARTESIAN_POINT('',(-20.,0.,17.));
#8279=CARTESIAN_POINT('',(-20.,-385.,-17.));
#8280=CARTESIAN_POINT('',(-20.,-385.,17.));
#8281=CARTESIAN_POINT('',(-20.,-385.,17.));
#8282=CARTESIAN_POINT('',(-17.,-385.,17.));
#8283=CARTESIAN_POINT('',(-17.,0.,17.));
#8284=CARTESIAN_POINT('',(-17.,-385.,17.));
#8285=CARTESIAN_POINT('',(-17.,-385.,20.));
#8286=CARTESIAN_POINT('',(17.,-385.,17.));
#8287=CARTESIAN_POINT('',(17.,0.,17.));
#8288=CARTESIAN_POINT('',(20.,0.,17.));
#8289=CARTESIAN_POINT('',(17.,-385.,20.));
#8290=CARTESIAN_POINT('',(17.,-385.,17.));
#8291=CARTESIAN_POINT('',(20.,-385.,17.));
#8292=CARTESIAN_POINT('',(20.,-385.,17.));
#8293=CARTESIAN_POINT('',(20.,-385.,17.));
#8294=CARTESIAN_POINT('',(20.,0.,17.));
#8295=CARTESIAN_POINT('',(20.,0.,-17.));
#8296=CARTESIAN_POINT('',(20.,-385.,17.));
#8297=CARTESIAN_POINT('',(20.,-385.,-17.));
#8298=CARTESIAN_POINT('',(20.,-385.,-17.));
#8299=CARTESIAN_POINT('',(17.,-385.,-17.));
#8300=CARTESIAN_POINT('',(17.,0.,-17.));
#8301=CARTESIAN_POINT('',(17.,0.,-20.));
#8302=CARTESIAN_POINT('',(17.,-385.,-17.));
#8303=CARTESIAN_POINT('',(17.,-385.,-20.));
#8304=CARTESIAN_POINT('',(17.,-385.,-20.));
#8305=CARTESIAN_POINT('',(17.,-385.,-20.));
#8306=CARTESIAN_POINT('',(35.,0.,-20.));
#8307=CARTESIAN_POINT('',(-35.,0.,-20.));
#8308=CARTESIAN_POINT('',(-35.,5.,-20.));
#8309=CARTESIAN_POINT('',(-35.,5.,-20.));
#8310=CARTESIAN_POINT('',(35.,5.,-20.));
#8311=CARTESIAN_POINT('',(35.,5.,-20.));
#8312=CARTESIAN_POINT('',(35.,5.,-20.));
#8313=CARTESIAN_POINT('',(35.,0.,-20.));
#8314=CARTESIAN_POINT('',(35.,0.,-20.));
#8315=CARTESIAN_POINT('',(17.,-385.,-20.));
#8316=CARTESIAN_POINT('',(-17.,-385.,-17.));
#8317=CARTESIAN_POINT('',(-35.,0.,-10.));
#8318=CARTESIAN_POINT('',(-35.,0.,-5.5));
#8319=CARTESIAN_POINT('',(-30.5,0.,-5.50000000000001));
#8320=CARTESIAN_POINT('',(-39.5,0.,-5.50000000000001));
#8321=CARTESIAN_POINT('',(-39.5,0.,-5.50000000000001));
#8322=CARTESIAN_POINT('',(-39.5,0.,5.5));
#8323=CARTESIAN_POINT('',(-35.,0.,5.5));
#8324=CARTESIAN_POINT('',(-30.5,0.,5.5));
#8325=CARTESIAN_POINT('',(-30.5,0.,5.5));
#8326=CARTESIAN_POINT('',(-35.,0.,10.));
#8327=CARTESIAN_POINT('',(-45.,0.,10.));
#8328=CARTESIAN_POINT('',(-45.,0.,-10.));
#8329=CARTESIAN_POINT('',(-45.,0.,-10.));
#8330=CARTESIAN_POINT('',(-35.,0.,-10.));
#8331=CARTESIAN_POINT('',(-35.,5.,-10.));
#8332=CARTESIAN_POINT('',(-45.,5.,-10.));
#8333=CARTESIAN_POINT('',(-45.,5.,-10.));
#8334=CARTESIAN_POINT('',(-35.,5.,-10.));
#8335=CARTESIAN_POINT('',(-45.,5.,-10.));
#8336=CARTESIAN_POINT('',(-45.,5.,10.));
#8337=CARTESIAN_POINT('',(-45.,5.,10.));
#8338=CARTESIAN_POINT('',(-45.,5.,-10.));
#8339=CARTESIAN_POINT('',(-35.,5.,10.));
#8340=CARTESIAN_POINT('',(-35.,5.,10.));
#8341=CARTESIAN_POINT('',(35.,5.,10.));
#8342=CARTESIAN_POINT('',(35.,0.,10.));
#8343=CARTESIAN_POINT('',(45.,0.,9.99999999999999));
#8344=CARTESIAN_POINT('',(45.,5.,9.99999999999999));
#8345=CARTESIAN_POINT('',(45.,5.,9.99999999999999));
#8346=CARTESIAN_POINT('',(35.,5.,10.));
#8347=CARTESIAN_POINT('',(45.,5.,10.));
#8348=CARTESIAN_POINT('',(45.,0.,10.));
#8349=CARTESIAN_POINT('',(45.,0.,-10.));
#8350=CARTESIAN_POINT('',(45.,5.,-10.));
#8351=CARTESIAN_POINT('',(45.,5.,-10.));
#8352=CARTESIAN_POINT('',(45.,5.,10.));
#8353=CARTESIAN_POINT('',(35.,5.,-10.));
#8354=CARTESIAN_POINT('',(35.,0.,-10.));
#8355=CARTESIAN_POINT('',(35.,5.,-10.));
#8356=CARTESIAN_POINT('',(30.5,5.,-5.50000000000002));
#8357=CARTESIAN_POINT('',(30.5,0.,-5.50000000000002));
#8358=CARTESIAN_POINT('',(30.5,0.,-5.50000000000002));
#8359=CARTESIAN_POINT('',(30.5,0.,5.5));
#8360=CARTESIAN_POINT('',(30.5,5.,-5.50000000000002));
#8361=CARTESIAN_POINT('',(30.5,5.,-5.50000000000002));
#8362=CARTESIAN_POINT('',(30.5,5.,-5.50000000000002));
#8363=CARTESIAN_POINT('',(30.5,5.,5.5));
#8364=CARTESIAN_POINT('',(30.5,5.,5.5));
#8365=CARTESIAN_POINT('',(35.,5.,-5.50000000000002));
#8366=CARTESIAN_POINT('',(35.,0.,-5.50000000000002));
#8367=CARTESIAN_POINT('',(39.5,0.,-5.50000000000002));
#8368=CARTESIAN_POINT('',(39.5,5.,-5.50000000000002));
#8369=CARTESIAN_POINT('',(39.5,5.,-5.50000000000002));
#8370=CARTESIAN_POINT('',(35.,5.,-5.50000000000002));
#8371=CARTESIAN_POINT('',(39.5,5.,5.5));
#8372=CARTESIAN_POINT('',(39.5,0.,5.5));
#8373=CARTESIAN_POINT('',(39.5,0.,5.5));
#8374=CARTESIAN_POINT('',(39.5,5.,5.5));
#8375=CARTESIAN_POINT('',(39.5,5.,5.5));
#8376=CARTESIAN_POINT('',(39.5,5.,5.5));
#8377=CARTESIAN_POINT('',(-35.,5.,-5.5));
#8378=CARTESIAN_POINT('',(-30.5,5.,-5.50000000000001));
#8379=CARTESIAN_POINT('',(-30.5,5.,-5.50000000000001));
#8380=CARTESIAN_POINT('',(-35.,5.,-5.5));
#8381=CARTESIAN_POINT('',(-39.5,5.,-5.50000000000001));
#8382=CARTESIAN_POINT('',(-39.5,5.,-5.50000000000001));
#8383=CARTESIAN_POINT('',(-30.5,5.,5.5));
#8384=CARTESIAN_POINT('',(-30.5,5.,5.5));
#8385=CARTESIAN_POINT('',(-30.5,5.,5.5));
#8386=CARTESIAN_POINT('',(-30.5,5.,5.5));
#8387=CARTESIAN_POINT('',(-35.,5.,5.5));
#8388=CARTESIAN_POINT('',(-39.5,5.,5.5));
#8389=CARTESIAN_POINT('',(-39.5,5.,5.5));
#8390=CARTESIAN_POINT('',(-35.,5.,5.5));
#8391=CARTESIAN_POINT('',(35.,5.,5.5));
#8392=CARTESIAN_POINT('',(35.,0.,5.5));
#8393=CARTESIAN_POINT('',(35.,5.,5.5));
#8394=CARTESIAN_POINT('',(-39.5,5.,-5.50000000000001));
#8395=CARTESIAN_POINT('',(-39.5,5.,-5.50000000000001));
#8396=CARTESIAN_POINT('',(-35.,5.,-10.));
#8397=CARTESIAN_POINT('',(-35.,0.,-10.));
#8398=CARTESIAN_POINT('',(17.,-282.,20.));
#8399=CARTESIAN_POINT('',(-17.,-248.,20.));
#8400=CARTESIAN_POINT('',(-20.,-248.,20.));
#8401=CARTESIAN_POINT('',(-17.,-282.,20.));
#8402=CARTESIAN_POINT('',(-20.,-282.,20.));
#8403=CARTESIAN_POINT('',(-20.,-248.,20.));
#8404=CARTESIAN_POINT('',(17.,-282.,420.));
#8405=CARTESIAN_POINT('',(17.,-282.,20.));
#8406=CARTESIAN_POINT('',(20.,-282.,20.));
#8407=CARTESIAN_POINT('',(20.,-282.,420.));
#8408=CARTESIAN_POINT('',(20.,-282.,420.));
#8409=CARTESIAN_POINT('',(17.,-282.,420.));
#8410=CARTESIAN_POINT('',(17.,-285.,420.));
#8411=CARTESIAN_POINT('',(17.,-285.,420.));
#8412=CARTESIAN_POINT('',(20.,-282.,420.));
#8413=CARTESIAN_POINT('',(20.,-282.,20.));
#8414=CARTESIAN_POINT('',(20.,-248.,20.));
#8415=CARTESIAN_POINT('',(20.,-248.,420.));
#8416=CARTESIAN_POINT('',(20.,-248.,420.));
#8417=CARTESIAN_POINT('',(20.,-282.,420.));
#8418=CARTESIAN_POINT('',(17.,-248.,420.));
#8419=CARTESIAN_POINT('',(17.,-248.,20.));
#8420=CARTESIAN_POINT('',(17.,-245.,420.));
#8421=CARTESIAN_POINT('',(17.,-245.,420.));
#8422=CARTESIAN_POINT('',(17.,-248.,420.));
#8423=CARTESIAN_POINT('',(17.,-245.,420.));
#8424=CARTESIAN_POINT('',(-17.,-245.,420.));
#8425=CARTESIAN_POINT('',(17.,-245.,420.));
#8426=CARTESIAN_POINT('',(-17.,-248.,420.));
#8427=CARTESIAN_POINT('',(-20.,-248.,420.));
#8428=CARTESIAN_POINT('',(-20.,-248.,420.));
#8429=CARTESIAN_POINT('',(-20.,-282.,420.));
#8430=CARTESIAN_POINT('',(-17.,-282.,420.));
#8431=CARTESIAN_POINT('',(-17.,-285.,420.));
#8432=CARTESIAN_POINT('',(-17.,-285.,420.));
#8433=CARTESIAN_POINT('',(-17.,-285.,420.));
#8434=CARTESIAN_POINT('',(17.,-282.,420.));
#8435=CARTESIAN_POINT('',(17.,-385.,420.));
#8436=CARTESIAN_POINT('',(17.,-282.,20.));
#8437=CARTESIAN_POINT('',(17.,-385.,420.));
#8438=CARTESIAN_POINT('',(-17.,-385.,420.));
#8439=CARTESIAN_POINT('',(-17.,0.,420.));
#8440=CARTESIAN_POINT('',(35.,0.,420.));
#8441=CARTESIAN_POINT('',(-35.,0.,420.));
#8442=CARTESIAN_POINT('',(-35.,5.,420.));
#8443=CARTESIAN_POINT('',(-35.,5.,420.));
#8444=CARTESIAN_POINT('',(35.,5.,420.));
#8445=CARTESIAN_POINT('',(35.,5.,420.));
#8446=CARTESIAN_POINT('',(35.,5.,420.));
#8447=CARTESIAN_POINT('',(35.,0.,420.));
#8448=CARTESIAN_POINT('',(35.,0.,420.));
#8449=CARTESIAN_POINT('',(17.,0.,420.));
#8450=CARTESIAN_POINT('',(17.,-385.,420.));
#8451=CARTESIAN_POINT('',(17.,-385.,420.));
#8452=CARTESIAN_POINT('',(17.,-385.,420.));
#8453=CARTESIAN_POINT('',(17.,-385.,420.));
#8454=CARTESIAN_POINT('',(17.,-385.,420.));
#8455=CARTESIAN_POINT('',(-17.,-385.,420.));
#8456=CARTESIAN_POINT('',(-17.,-385.,420.));
#8457=CARTESIAN_POINT('',(-17.,-385.,423.));
#8458=CARTESIAN_POINT('',(-17.,0.,423.));
#8459=CARTESIAN_POINT('',(-20.,0.,423.));
#8460=CARTESIAN_POINT('',(-17.,-385.,423.));
#8461=CARTESIAN_POINT('',(-20.,-385.,423.));
#8462=CARTESIAN_POINT('',(-20.,-385.,423.));
#8463=CARTESIAN_POINT('',(-20.,-385.,423.));
#8464=CARTESIAN_POINT('',(-20.,0.,423.));
#8465=CARTESIAN_POINT('',(-20.,0.,457.));
#8466=CARTESIAN_POINT('',(-20.,-385.,423.));
#8467=CARTESIAN_POINT('',(-20.,-385.,457.));
#8468=CARTESIAN_POINT('',(-20.,-385.,457.));
#8469=CARTESIAN_POINT('',(-17.,-385.,457.));
#8470=CARTESIAN_POINT('',(-17.,0.,457.));
#8471=CARTESIAN_POINT('',(-17.,0.,460.));
#8472=CARTESIAN_POINT('',(-17.,-385.,457.));
#8473=CARTESIAN_POINT('',(-17.,-385.,460.));
#8474=CARTESIAN_POINT('',(-17.,-385.,460.));
#8475=CARTESIAN_POINT('',(-17.,-385.,460.));
#8476=CARTESIAN_POINT('',(17.,-385.,460.));
#8477=CARTESIAN_POINT('',(17.,-385.,460.));
#8478=CARTESIAN_POINT('',(17.,0.,460.));
#8479=CARTESIAN_POINT('',(-35.,0.,460.));
#8480=CARTESIAN_POINT('',(35.,0.,460.));
#8481=CARTESIAN_POINT('',(35.,5.,460.));
#8482=CARTESIAN_POINT('',(35.,5.,460.));
#8483=CARTESIAN_POINT('',(-35.,5.,460.));
#8484=CARTESIAN_POINT('',(-35.,5.,460.));
#8485=CARTESIAN_POINT('',(-35.,5.,460.));
#8486=CARTESIAN_POINT('',(-35.,0.,460.));
#8487=CARTESIAN_POINT('',(-35.,0.,460.));
#8488=CARTESIAN_POINT('',(-17.,-385.,460.));
#8489=CARTESIAN_POINT('',(17.,-385.,457.));
#8490=CARTESIAN_POINT('',(17.,0.,457.));
#8491=CARTESIAN_POINT('',(20.,0.,457.));
#8492=CARTESIAN_POINT('',(17.,-385.,457.));
#8493=CARTESIAN_POINT('',(20.,-385.,457.));
#8494=CARTESIAN_POINT('',(20.,-385.,457.));
#8495=CARTESIAN_POINT('',(20.,-385.,457.));
#8496=CARTESIAN_POINT('',(20.,0.,457.));
#8497=CARTESIAN_POINT('',(20.,0.,423.));
#8498=CARTESIAN_POINT('',(20.,-385.,457.));
#8499=CARTESIAN_POINT('',(20.,-385.,423.));
#8500=CARTESIAN_POINT('',(20.,-385.,423.));
#8501=CARTESIAN_POINT('',(17.,-385.,423.));
#8502=CARTESIAN_POINT('',(17.,0.,423.));
#8503=CARTESIAN_POINT('',(17.,-385.,423.));
#8504=CARTESIAN_POINT('',(-17.,-385.,423.));
#8505=CARTESIAN_POINT('',(-35.,0.,430.));
#8506=CARTESIAN_POINT('',(-35.,0.,434.5));
#8507=CARTESIAN_POINT('',(-30.5,0.,434.5));
#8508=CARTESIAN_POINT('',(-39.5,0.,434.5));
#8509=CARTESIAN_POINT('',(-39.5,0.,434.5));
#8510=CARTESIAN_POINT('',(-39.5,0.,445.5));
#8511=CARTESIAN_POINT('',(-35.,0.,445.5));
#8512=CARTESIAN_POINT('',(-30.5,0.,445.5));
#8513=CARTESIAN_POINT('',(-30.5,0.,445.5));
#8514=CARTESIAN_POINT('',(-35.,0.,450.));
#8515=CARTESIAN_POINT('',(-45.,0.,450.));
#8516=CARTESIAN_POINT('',(-45.,0.,430.));
#8517=CARTESIAN_POINT('',(-45.,0.,430.));
#8518=CARTESIAN_POINT('',(-35.,0.,430.));
#8519=CARTESIAN_POINT('',(-35.,5.,430.));
#8520=CARTESIAN_POINT('',(-45.,5.,430.));
#8521=CARTESIAN_POINT('',(-45.,5.,430.));
#8522=CARTESIAN_POINT('',(-35.,5.,430.));
#8523=CARTESIAN_POINT('',(-45.,5.,430.));
#8524=CARTESIAN_POINT('',(-45.,5.,450.));
#8525=CARTESIAN_POINT('',(-45.,5.,450.));
#8526=CARTESIAN_POINT('',(-45.,5.,430.));
#8527=CARTESIAN_POINT('',(-35.,5.,450.));
#8528=CARTESIAN_POINT('',(-35.,5.,450.));
#8529=CARTESIAN_POINT('',(35.,5.,450.));
#8530=CARTESIAN_POINT('',(35.,0.,450.));
#8531=CARTESIAN_POINT('',(45.,0.,450.));
#8532=CARTESIAN_POINT('',(45.,5.,450.));
#8533=CARTESIAN_POINT('',(45.,5.,450.));
#8534=CARTESIAN_POINT('',(35.,5.,450.));
#8535=CARTESIAN_POINT('',(45.,5.,450.));
#8536=CARTESIAN_POINT('',(45.,0.,450.));
#8537=CARTESIAN_POINT('',(45.,0.,430.));
#8538=CARTESIAN_POINT('',(45.,5.,430.));
#8539=CARTESIAN_POINT('',(45.,5.,430.));
#8540=CARTESIAN_POINT('',(45.,5.,450.));
#8541=CARTESIAN_POINT('',(35.,5.,430.));
#8542=CARTESIAN_POINT('',(35.,0.,430.));
#8543=CARTESIAN_POINT('',(35.,5.,430.));
#8544=CARTESIAN_POINT('',(30.5,5.,434.5));
#8545=CARTESIAN_POINT('',(30.5,0.,434.5));
#8546=CARTESIAN_POINT('',(30.5,0.,434.5));
#8547=CARTESIAN_POINT('',(30.5,0.,445.5));
#8548=CARTESIAN_POINT('',(30.5,5.,434.5));
#8549=CARTESIAN_POINT('',(30.5,5.,434.5));
#8550=CARTESIAN_POINT('',(30.5,5.,434.5));
#8551=CARTESIAN_POINT('',(30.5,5.,445.5));
#8552=CARTESIAN_POINT('',(30.5,5.,445.5));
#8553=CARTESIAN_POINT('',(35.,5.,434.5));
#8554=CARTESIAN_POINT('',(35.,0.,434.5));
#8555=CARTESIAN_POINT('',(39.5,0.,434.5));
#8556=CARTESIAN_POINT('',(39.5,5.,434.5));
#8557=CARTESIAN_POINT('',(39.5,5.,434.5));
#8558=CARTESIAN_POINT('',(35.,5.,434.5));
#8559=CARTESIAN_POINT('',(39.5,5.,445.5));
#8560=CARTESIAN_POINT('',(39.5,0.,445.5));
#8561=CARTESIAN_POINT('',(39.5,0.,445.5));
#8562=CARTESIAN_POINT('',(39.5,5.,445.5));
#8563=CARTESIAN_POINT('',(39.5,5.,445.5));
#8564=CARTESIAN_POINT('',(39.5,5.,445.5));
#8565=CARTESIAN_POINT('',(-35.,5.,434.5));
#8566=CARTESIAN_POINT('',(-30.5,5.,434.5));
#8567=CARTESIAN_POINT('',(-30.5,5.,434.5));
#8568=CARTESIAN_POINT('',(-35.,5.,434.5));
#8569=CARTESIAN_POINT('',(-39.5,5.,434.5));
#8570=CARTESIAN_POINT('',(-39.5,5.,434.5));
#8571=CARTESIAN_POINT('',(-30.5,5.,445.5));
#8572=CARTESIAN_POINT('',(-30.5,5.,445.5));
#8573=CARTESIAN_POINT('',(-30.5,5.,445.5));
#8574=CARTESIAN_POINT('',(-30.5,5.,445.5));
#8575=CARTESIAN_POINT('',(-35.,5.,445.5));
#8576=CARTESIAN_POINT('',(-39.5,5.,445.5));
#8577=CARTESIAN_POINT('',(-39.5,5.,445.5));
#8578=CARTESIAN_POINT('',(-35.,5.,445.5));
#8579=CARTESIAN_POINT('',(35.,5.,445.5));
#8580=CARTESIAN_POINT('',(35.,0.,445.5));
#8581=CARTESIAN_POINT('',(35.,5.,445.5));
#8582=CARTESIAN_POINT('',(-39.5,5.,434.5));
#8583=CARTESIAN_POINT('',(-39.5,5.,434.5));
#8584=CARTESIAN_POINT('',(-35.,5.,430.));
#8585=CARTESIAN_POINT('',(-35.,0.,430.));
#8586=CARTESIAN_POINT('',(800.,-79.9999999999999,-460.));
#8587=CARTESIAN_POINT('',(800.,-525.,-460.));
#8588=CARTESIAN_POINT('',(800.,-525.,-20.));
#8589=CARTESIAN_POINT('',(3.,-3.,-2.));
#8590=CARTESIAN_POINT('',(3.,-3.,-24.5));
#8591=CARTESIAN_POINT('',(3.,-60.,-24.5));
#8592=CARTESIAN_POINT('',(3.,-50.,-24.5));
#8593=CARTESIAN_POINT('',(3.,-60.,-20.));
#8594=CARTESIAN_POINT('',(3.,-60.,-15.5));
#8595=CARTESIAN_POINT('',(3.,-3.,-15.5));
#8596=CARTESIAN_POINT('',(3.,-50.,-15.5));
#8597=CARTESIAN_POINT('',(3.,-50.,-20.));
#8598=CARTESIAN_POINT('',(3.,-15.,-20.));
#8599=CARTESIAN_POINT('',(3.,-15.,-24.5));
#8600=CARTESIAN_POINT('',(3.,-15.,-15.5));
#8601=CARTESIAN_POINT('',(3.,-3.,-24.5));
#8602=CARTESIAN_POINT('',(3.,-25.,-24.5));
#8603=CARTESIAN_POINT('',(3.,-25.,-20.));
#8604=CARTESIAN_POINT('',(3.,-25.,-15.5));
#8605=CARTESIAN_POINT('',(3.,-3.,-15.5));
#8606=CARTESIAN_POINT('',(3.,-72.,-2.));
#8607=CARTESIAN_POINT('',(3.,-72.,-2.));
#8608=CARTESIAN_POINT('',(3.,-72.,-39.9260605559647));
#8609=CARTESIAN_POINT('',(3.,-71.26,-36.26));
#8610=CARTESIAN_POINT('',(3.,-71.26,-40.));
#8611=CARTESIAN_POINT('',(3.,-3.,-40.));
#8612=CARTESIAN_POINT('',(3.,-20.,-40.));
#8613=CARTESIAN_POINT('',(3.,-20.,-2.));
#8614=CARTESIAN_POINT('',(3.,-20.,-37.));
#8615=CARTESIAN_POINT('',(3.,-3.,-37.));
#8616=CARTESIAN_POINT('',(3.00000000000011,-3.,-37.));
#8617=CARTESIAN_POINT('',(3.00000000000011,-3.,-2.));
#8618=CARTESIAN_POINT('',(3.00000000000011,-3.,-2.));
#8619=CARTESIAN_POINT('',(3.,-3.,-2.));
#8620=CARTESIAN_POINT('',(997.,-72.,-2.));
#8621=CARTESIAN_POINT('',(997.,-72.,-24.5));
#8622=CARTESIAN_POINT('',(997.,-50.,-24.5));
#8623=CARTESIAN_POINT('',(997.,-60.,-24.5));
#8624=CARTESIAN_POINT('',(997.,-50.,-20.));
#8625=CARTESIAN_POINT('',(997.,-50.,-15.5));
#8626=CARTESIAN_POINT('',(997.,-72.,-15.5));
#8627=CARTESIAN_POINT('',(997.,-60.,-15.5));
#8628=CARTESIAN_POINT('',(997.,-60.,-20.));
#8629=CARTESIAN_POINT('',(997.,-15.,-20.));
#8630=CARTESIAN_POINT('',(997.,-15.,-15.5));
#8631=CARTESIAN_POINT('',(997.,-15.,-24.5));
#8632=CARTESIAN_POINT('',(997.,-72.,-15.5));
#8633=CARTESIAN_POINT('',(997.,-25.,-15.5));
#8634=CARTESIAN_POINT('',(997.,-25.,-20.));
#8635=CARTESIAN_POINT('',(997.,-25.,-24.5));
#8636=CARTESIAN_POINT('',(997.,-72.,-24.5));
#8637=CARTESIAN_POINT('',(997.,-72.,-40.));
#8638=CARTESIAN_POINT('',(997.,-71.26,-40.));
#8639=CARTESIAN_POINT('',(997.,-20.,-40.));
#8640=CARTESIAN_POINT('',(997.,-71.26,-36.26));
#8641=CARTESIAN_POINT('',(997.,-72.,-39.9260605559647));
#8642=CARTESIAN_POINT('',(997.,-72.,-2.));
#8643=CARTESIAN_POINT('',(997.,-72.,-2.));
#8644=CARTESIAN_POINT('',(997.,-72.,-2.));
#8645=CARTESIAN_POINT('',(997.,-3.,-2.));
#8646=CARTESIAN_POINT('',(997.,-3.,-2.));
#8647=CARTESIAN_POINT('',(997.,-3.,-37.));
#8648=CARTESIAN_POINT('',(997.,-72.,-37.));
#8649=CARTESIAN_POINT('',(997.,-20.,-37.));
#8650=CARTESIAN_POINT('',(997.,-20.,-2.));
#8651=CARTESIAN_POINT('',(0.,0.,-40.));
#8652=CARTESIAN_POINT('',(0.,0.,-40.));
#8653=CARTESIAN_POINT('',(0.,-3.74,-40.));
#8654=CARTESIAN_POINT('',(0.,-71.26,-40.));
#8655=CARTESIAN_POINT('',(1000.,-3.74,-40.));
#8656=CARTESIAN_POINT('',(1000.,-3.74000000000001,-40.));
#8657=CARTESIAN_POINT('',(1000.,-75.,-40.));
#8658=CARTESIAN_POINT('',(1000.,-71.26,-40.));
#8659=CARTESIAN_POINT('',(0.,-71.26,-40.));
#8660=CARTESIAN_POINT('',(0.,-20.,-40.));
#8661=CARTESIAN_POINT('',(0.,-71.26,-40.));
#8662=CARTESIAN_POINT('',(0.,0.,-40.));
#8663=CARTESIAN_POINT('',(0.,-50.,-24.5));
#8664=CARTESIAN_POINT('',(0.,-50.,-24.5));
#8665=CARTESIAN_POINT('',(0.,-60.,-24.5));
#8666=CARTESIAN_POINT('',(0.,-50.,-20.));
#8667=CARTESIAN_POINT('',(0.,-50.,-15.5));
#8668=CARTESIAN_POINT('',(0.,-60.,-15.5));
#8669=CARTESIAN_POINT('',(0.,-60.,-15.5));
#8670=CARTESIAN_POINT('',(0.,-60.,-20.));
#8671=CARTESIAN_POINT('',(0.,-15.,-20.));
#8672=CARTESIAN_POINT('',(0.,-15.,-15.5));
#8673=CARTESIAN_POINT('',(0.,-15.,-24.5));
#8674=CARTESIAN_POINT('',(0.,-25.,-15.5));
#8675=CARTESIAN_POINT('',(0.,-25.,-15.5));
#8676=CARTESIAN_POINT('',(0.,-25.,-20.));
#8677=CARTESIAN_POINT('',(0.,-25.,-24.5));
#8678=CARTESIAN_POINT('',(0.,-15.,-24.5));
#8679=CARTESIAN_POINT('',(0.,0.,-40.));
#8680=CARTESIAN_POINT('',(0.,0.,-36.26));
#8681=CARTESIAN_POINT('',(0.,0.,-3.74));
#8682=CARTESIAN_POINT('',(0.,-3.74,-36.26));
#8683=CARTESIAN_POINT('',(0.,-71.26,-36.26));
#8684=CARTESIAN_POINT('',(0.,-75.,-36.26));
#8685=CARTESIAN_POINT('',(0.,-75.,-40.));
#8686=CARTESIAN_POINT('',(0.,-75.,-3.74));
#8687=CARTESIAN_POINT('',(0.,-71.26,-3.74));
#8688=CARTESIAN_POINT('',(0.,-71.26,0.));
#8689=CARTESIAN_POINT('',(0.,0.,0.));
#8690=CARTESIAN_POINT('',(0.,-3.74,0.));
#8691=CARTESIAN_POINT('',(0.,-3.74,-3.74));
#8692=CARTESIAN_POINT('',(0.,-75.,-40.));
#8693=CARTESIAN_POINT('',(1000.,-75.,-40.));
#8694=CARTESIAN_POINT('',(1000.,-75.,-36.26));
#8695=CARTESIAN_POINT('',(1000.,-75.,-3.74));
#8696=CARTESIAN_POINT('',(0.,-75.,-3.74));
#8697=CARTESIAN_POINT('',(1000.,-75.,-36.26));
#8698=CARTESIAN_POINT('',(1000.,-75.,-40.));
#8699=CARTESIAN_POINT('',(1000.,-50.,-24.5));
#8700=CARTESIAN_POINT('',(1000.,-50.,-24.5));
#8701=CARTESIAN_POINT('',(1000.,-60.,-24.5));
#8702=CARTESIAN_POINT('',(1000.,-60.,-20.));
#8703=CARTESIAN_POINT('',(1000.,-60.,-15.5));
#8704=CARTESIAN_POINT('',(1000.,-60.,-15.5));
#8705=CARTESIAN_POINT('',(1000.,-50.,-15.5));
#8706=CARTESIAN_POINT('',(1000.,-50.,-20.));
#8707=CARTESIAN_POINT('',(1000.,-15.,-20.));
#8708=CARTESIAN_POINT('',(1000.,-15.,-15.5));
#8709=CARTESIAN_POINT('',(1000.,-15.,-24.5));
#8710=CARTESIAN_POINT('',(1000.,-15.,-24.5));
#8711=CARTESIAN_POINT('',(1000.,-25.,-24.5));
#8712=CARTESIAN_POINT('',(1000.,-25.,-20.));
#8713=CARTESIAN_POINT('',(1000.,-25.,-15.5));
#8714=CARTESIAN_POINT('',(1000.,-25.,-15.5));
#8715=CARTESIAN_POINT('',(1000.,-3.74,-36.26));
#8716=CARTESIAN_POINT('',(1000.,0.,-36.26));
#8717=CARTESIAN_POINT('',(1000.,0.,-40.));
#8718=CARTESIAN_POINT('',(1000.,0.,-3.74));
#8719=CARTESIAN_POINT('',(1000.,-3.74,-3.74));
#8720=CARTESIAN_POINT('',(1000.,-3.74000000000001,0.));
#8721=CARTESIAN_POINT('',(1000.,-75.,0.));
#8722=CARTESIAN_POINT('',(1000.,-71.26,0.));
#8723=CARTESIAN_POINT('',(1000.,-71.26,-3.74));
#8724=CARTESIAN_POINT('',(1000.,-71.26,-36.26));
#8725=CARTESIAN_POINT('',(1000.,0.,-40.));
#8726=CARTESIAN_POINT('',(0.,0.,-36.26));
#8727=CARTESIAN_POINT('',(1000.,0.,-3.74));
#8728=CARTESIAN_POINT('',(0.,0.,0.));
#8729=CARTESIAN_POINT('',(860.,-37.5,0.));
#8730=CARTESIAN_POINT('',(855.75,-37.5,0.));
#8731=CARTESIAN_POINT('',(780.,-37.5,0.));
#8732=CARTESIAN_POINT('',(775.75,-37.5,0.));
#8733=CARTESIAN_POINT('',(700.,-37.5,0.));
#8734=CARTESIAN_POINT('',(695.75,-37.5,0.));
#8735=CARTESIAN_POINT('',(620.,-37.5,0.));
#8736=CARTESIAN_POINT('',(615.75,-37.5,0.));
#8737=CARTESIAN_POINT('',(540.,-37.5,0.));
#8738=CARTESIAN_POINT('',(535.75,-37.5,0.));
#8739=CARTESIAN_POINT('',(460.,-37.5,0.));
#8740=CARTESIAN_POINT('',(455.75,-37.5,0.));
#8741=CARTESIAN_POINT('',(380.,-37.5,0.));
#8742=CARTESIAN_POINT('',(375.75,-37.5,0.));
#8743=CARTESIAN_POINT('',(300.,-37.5,0.));
#8744=CARTESIAN_POINT('',(295.75,-37.5,0.));
#8745=CARTESIAN_POINT('',(220.,-37.5,0.));
#8746=CARTESIAN_POINT('',(215.75,-37.5,0.));
#8747=CARTESIAN_POINT('',(140.,-37.5,0.));
#8748=CARTESIAN_POINT('',(135.75,-37.5,0.));
#8749=CARTESIAN_POINT('',(59.9999999999998,-37.5,0.));
#8750=CARTESIAN_POINT('',(55.7499999999998,-37.5,0.));
#8751=CARTESIAN_POINT('',(940.,-37.5,0.));
#8752=CARTESIAN_POINT('',(935.75,-37.5,0.));
#8753=CARTESIAN_POINT('',(0.,-3.74,0.));
#8754=CARTESIAN_POINT('',(0.,-71.26,0.));
#8755=CARTESIAN_POINT('',(3.,-72.,-2.));
#8756=CARTESIAN_POINT('',(997.,-72.,-39.9260605559647));
#8757=CARTESIAN_POINT('',(3.,-72.,-2.));
#8758=CARTESIAN_POINT('',(997.,-3.,-2.));
#8759=CARTESIAN_POINT('',(997.,-3.,-37.));
#8760=CARTESIAN_POINT('',(997.,-3.,-2.));
#8761=CARTESIAN_POINT('',(0.,0.,-2.));
#8762=CARTESIAN_POINT('',(860.,-37.5,-2.));
#8763=CARTESIAN_POINT('',(864.25,-37.5,-2.));
#8764=CARTESIAN_POINT('',(780.,-37.5,-2.));
#8765=CARTESIAN_POINT('',(784.25,-37.5,-2.));
#8766=CARTESIAN_POINT('',(700.,-37.5,-2.));
#8767=CARTESIAN_POINT('',(704.25,-37.5,-2.));
#8768=CARTESIAN_POINT('',(620.,-37.5,-2.));
#8769=CARTESIAN_POINT('',(624.25,-37.5,-2.));
#8770=CARTESIAN_POINT('',(540.,-37.5,-2.));
#8771=CARTESIAN_POINT('',(544.25,-37.5,-2.));
#8772=CARTESIAN_POINT('',(460.,-37.5,-2.));
#8773=CARTESIAN_POINT('',(464.25,-37.5,-2.));
#8774=CARTESIAN_POINT('',(380.,-37.5,-2.));
#8775=CARTESIAN_POINT('',(384.25,-37.5,-2.));
#8776=CARTESIAN_POINT('',(300.,-37.5,-2.));
#8777=CARTESIAN_POINT('',(304.25,-37.5,-2.));
#8778=CARTESIAN_POINT('',(220.,-37.5,-2.));
#8779=CARTESIAN_POINT('',(224.25,-37.5,-2.));
#8780=CARTESIAN_POINT('',(140.,-37.5,-2.));
#8781=CARTESIAN_POINT('',(144.25,-37.5,-2.));
#8782=CARTESIAN_POINT('',(59.9999999999998,-37.5,-2.));
#8783=CARTESIAN_POINT('',(64.2499999999998,-37.5,-2.));
#8784=CARTESIAN_POINT('',(940.,-37.5,-2.));
#8785=CARTESIAN_POINT('',(944.25,-37.5,-2.));
#8786=CARTESIAN_POINT('',(0.,-20.,-37.));
#8787=CARTESIAN_POINT('',(0.,-20.,-37.));
#8788=CARTESIAN_POINT('',(0.,0.,-37.));
#8789=CARTESIAN_POINT('',(1000.,-25.,-15.5));
#8790=CARTESIAN_POINT('',(1000.,-15.,-15.5));
#8791=CARTESIAN_POINT('',(1000.,-25.,-15.5));
#8792=CARTESIAN_POINT('',(1000.,-25.,-20.));
#8793=CARTESIAN_POINT('',(1000.,-25.,-24.5));
#8794=CARTESIAN_POINT('',(1000.,-15.,-24.5));
#8795=CARTESIAN_POINT('',(1000.,-15.,-24.5));
#8796=CARTESIAN_POINT('',(1000.,-15.,-20.));
#8797=CARTESIAN_POINT('',(1000.,-15.,-20.));
#8798=CARTESIAN_POINT('',(1000.,-15.,-15.5));
#8799=CARTESIAN_POINT('',(1000.,-15.,-24.5));
#8800=CARTESIAN_POINT('',(1000.,-15.,-24.5));
#8801=CARTESIAN_POINT('',(1000.,-25.,-24.5));
#8802=CARTESIAN_POINT('',(1000.,-25.,-20.));
#8803=CARTESIAN_POINT('',(1000.,-25.,-15.5));
#8804=CARTESIAN_POINT('',(1000.,-25.,-15.5));
#8805=CARTESIAN_POINT('',(1000.,-50.,-20.));
#8806=CARTESIAN_POINT('',(1000.,-50.,-24.5));
#8807=CARTESIAN_POINT('',(1000.,-50.,-15.5));
#8808=CARTESIAN_POINT('',(1000.,-60.,-15.5));
#8809=CARTESIAN_POINT('',(1000.,-60.,-15.5));
#8810=CARTESIAN_POINT('',(1000.,-60.,-20.));
#8811=CARTESIAN_POINT('',(1000.,-60.,-24.5));
#8812=CARTESIAN_POINT('',(1000.,-50.,-24.5));
#8813=CARTESIAN_POINT('',(1000.,-50.,-24.5));
#8814=CARTESIAN_POINT('',(1000.,-50.,-24.5));
#8815=CARTESIAN_POINT('',(1000.,-60.,-24.5));
#8816=CARTESIAN_POINT('',(1000.,-60.,-20.));
#8817=CARTESIAN_POINT('',(1000.,-60.,-15.5));
#8818=CARTESIAN_POINT('',(1000.,-60.,-15.5));
#8819=CARTESIAN_POINT('',(1000.,-50.,-15.5));
#8820=CARTESIAN_POINT('',(1000.,-50.,-20.));
#8821=CARTESIAN_POINT('',(940.,-37.5,-3.));
#8822=CARTESIAN_POINT('',(59.9999999999998,-37.5,-3.));
#8823=CARTESIAN_POINT('',(140.,-37.5,-3.));
#8824=CARTESIAN_POINT('',(220.,-37.5,-3.));
#8825=CARTESIAN_POINT('',(300.,-37.5,-3.));
#8826=CARTESIAN_POINT('',(380.,-37.5,-3.));
#8827=CARTESIAN_POINT('',(460.,-37.5,-3.));
#8828=CARTESIAN_POINT('',(540.,-37.5,-3.));
#8829=CARTESIAN_POINT('',(620.,-37.5,-3.));
#8830=CARTESIAN_POINT('',(700.,-37.5,-3.));
#8831=CARTESIAN_POINT('',(780.,-37.5,-3.));
#8832=CARTESIAN_POINT('',(860.,-37.5,-3.));
#8833=CARTESIAN_POINT('',(1000.,-3.74,-36.26));
#8834=CARTESIAN_POINT('',(0.,-3.74,-3.74));
#8835=CARTESIAN_POINT('',(0.,-71.26,-3.74));
#8836=CARTESIAN_POINT('',(0.,-71.26,-36.26));
#8837=CARTESIAN_POINT('',(1000.,5.6843418860808E-14,-480.));
#8838=CARTESIAN_POINT('',(464.,0.,0.));
#8839=CARTESIAN_POINT('',(464.,0.,0.));
#8840=CARTESIAN_POINT('',(464.,0.,-12.5));
#8841=CARTESIAN_POINT('',(0.,0.,0.));
#8842=CARTESIAN_POINT('',(0.,0.,-12.5));
#8843=CARTESIAN_POINT('',(464.,0.,0.));
#8844=CARTESIAN_POINT('',(464.,0.,0.));
#8845=CARTESIAN_POINT('',(464.,0.,-8.));
#8846=CARTESIAN_POINT('',(0.,0.,0.));
#8847=CARTESIAN_POINT('',(0.,0.,0.));
#8848=CARTESIAN_POINT('',(0.,0.,8.));
#8849=CARTESIAN_POINT('',(-2.,0.,0.));
#8850=CARTESIAN_POINT('',(-2.,0.,0.));
#8851=CARTESIAN_POINT('',(-2.,0.,8.));
#8852=CARTESIAN_POINT('',(-2.,0.,0.));
#8853=CARTESIAN_POINT('',(-2.,0.,0.));
#8854=CARTESIAN_POINT('',(-2.,0.,6.));
#8855=CARTESIAN_POINT('',(466.,0.,0.));
#8856=CARTESIAN_POINT('',(466.,0.,0.));
#8857=CARTESIAN_POINT('',(466.,0.,-8.));
#8858=CARTESIAN_POINT('',(466.,0.,0.));
#8859=CARTESIAN_POINT('',(466.,0.,0.));
#8860=CARTESIAN_POINT('',(466.,0.,-6.));
#8861=CARTESIAN_POINT('',(-5.,0.,0.));
#8862=CARTESIAN_POINT('',(-4.,0.,0.));
#8863=CARTESIAN_POINT('',(-4.,0.,6.));
#8864=CARTESIAN_POINT('',(-5.,0.,0.));
#8865=CARTESIAN_POINT('',(-5.,0.,0.));
#8866=CARTESIAN_POINT('',(-5.,0.,5.));
#8867=CARTESIAN_POINT('',(469.,0.,0.));
#8868=CARTESIAN_POINT('',(468.,0.,0.));
#8869=CARTESIAN_POINT('',(468.,0.,-6.));
#8870=CARTESIAN_POINT('',(469.,0.,0.));
#8871=CARTESIAN_POINT('',(469.,0.,0.));
#8872=CARTESIAN_POINT('',(469.,0.,-5.));
#8873=CARTESIAN_POINT('',(469.,0.,0.));
#8874=CARTESIAN_POINT('',(-5.,0.,0.));
#8875=CARTESIAN_POINT('',(60.,-37.5,-8.));
#8876=CARTESIAN_POINT('',(140.,-37.5,-8.));
#8877=CARTESIAN_POINT('',(220.,-37.5,-8.));
#8878=CARTESIAN_POINT('',(300.,-37.5,-8.));
#8879=CARTESIAN_POINT('',(380.,-37.5,-8.));
#8880=CARTESIAN_POINT('',(460.,-37.5,-8.));
#8881=CARTESIAN_POINT('',(540.,-37.5,-8.));
#8882=CARTESIAN_POINT('',(620.,-37.5,-8.));
#8883=CARTESIAN_POINT('',(700.,-37.5,-8.));
#8884=CARTESIAN_POINT('',(780.,-37.5,-8.));
#8885=CARTESIAN_POINT('',(860.,-37.5,-8.));
#8886=CARTESIAN_POINT('',(940.,-37.5,-8.));
#8887=MECHANICAL_DESIGN_GEOMETRIC_PRESENTATION_REPRESENTATION('',(#5161,
#5162,#5163,#5164,#5165,#5166,#5167,#5168,#5169,#5170,#5171,#5172,#5173,
#5174,#5175,#5176,#5177,#5178,#5179,#5180),#8888);
#8888=(
GEOMETRIC_REPRESENTATION_CONTEXT(3)
GLOBAL_UNCERTAINTY_ASSIGNED_CONTEXT((#8896))
GLOBAL_UNIT_ASSIGNED_CONTEXT((#8906,#8905,#8904))
REPRESENTATION_CONTEXT(
'BFWDLGT01-L1000-W400-H500-M1-G80-D25-d12-CS-FC-2',
'TOP_LEVEL_ASSEMBLY_PART')
);
#8889=(
GEOMETRIC_REPRESENTATION_CONTEXT(3)
GLOBAL_UNCERTAINTY_ASSIGNED_CONTEXT((#8897))
GLOBAL_UNIT_ASSIGNED_CONTEXT((#8906,#8905,#8904))
REPRESENTATION_CONTEXT('BFWDLGT01-1000-2-80-25-cb1 2','COMPONENT_PART')
);
#8890=(
GEOMETRIC_REPRESENTATION_CONTEXT(3)
GLOBAL_UNCERTAINTY_ASSIGNED_CONTEXT((#8898))
GLOBAL_UNIT_ASSIGNED_CONTEXT((#8906,#8905,#8904))
REPRESENTATION_CONTEXT('BFWDLGT01-1000-400-500-2-25-FC-zt1',
'COMPONENT_PART')
);
#8891=(
GEOMETRIC_REPRESENTATION_CONTEXT(3)
GLOBAL_UNCERTAINTY_ASSIGNED_CONTEXT((#8899))
GLOBAL_UNIT_ASSIGNED_CONTEXT((#8906,#8905,#8904))
REPRESENTATION_CONTEXT('BFWDLGT01-jb','COMPONENT_PART')
);
#8892=(
GEOMETRIC_REPRESENTATION_CONTEXT(3)
GLOBAL_UNCERTAINTY_ASSIGNED_CONTEXT((#8900))
GLOBAL_UNIT_ASSIGNED_CONTEXT((#8906,#8905,#8904))
REPRESENTATION_CONTEXT('BFWDLGT01-1000-2-hc','COMPONENT_PART')
);
#8893=(
GEOMETRIC_REPRESENTATION_CONTEXT(3)
GLOBAL_UNCERTAINTY_ASSIGNED_CONTEXT((#8901))
GLOBAL_UNIT_ASSIGNED_CONTEXT((#8906,#8905,#8904))
REPRESENTATION_CONTEXT('BFWDLGT01-400-500-25-FC-zt2','COMPONENT_PART')
);
#8894=(
GEOMETRIC_REPRESENTATION_CONTEXT(3)
GLOBAL_UNCERTAINTY_ASSIGNED_CONTEXT((#8902))
GLOBAL_UNIT_ASSIGNED_CONTEXT((#8906,#8905,#8904))
REPRESENTATION_CONTEXT('BFWDLGT01-L1000-80-25-cb2','COMPONENT_PART')
);
#8895=(
GEOMETRIC_REPRESENTATION_CONTEXT(3)
GLOBAL_UNCERTAINTY_ASSIGNED_CONTEXT((#8903))
GLOBAL_UNIT_ASSIGNED_CONTEXT((#8906,#8905,#8904))
REPRESENTATION_CONTEXT('BFWDLGT01-400-25-12-gt','COMPONENT_PART')
);
#8896=UNCERTAINTY_MEASURE_WITH_UNIT(LENGTH_MEASURE(1.E-5),#8906,
'DISTANCE_ACCURACY_VALUE','Maximum Tolerance applied to model');
#8897=UNCERTAINTY_MEASURE_WITH_UNIT(LENGTH_MEASURE(1.E-5),#8906,
'DISTANCE_ACCURACY_VALUE','Maximum Tolerance applied to model');
#8898=UNCERTAINTY_MEASURE_WITH_UNIT(LENGTH_MEASURE(1.E-5),#8906,
'DISTANCE_ACCURACY_VALUE','Maximum Tolerance applied to model');
#8899=UNCERTAINTY_MEASURE_WITH_UNIT(LENGTH_MEASURE(1.E-5),#8906,
'DISTANCE_ACCURACY_VALUE','Maximum Tolerance applied to model');
#8900=UNCERTAINTY_MEASURE_WITH_UNIT(LENGTH_MEASURE(1.E-5),#8906,
'DISTANCE_ACCURACY_VALUE','Maximum Tolerance applied to model');
#8901=UNCERTAINTY_MEASURE_WITH_UNIT(LENGTH_MEASURE(1.E-5),#8906,
'DISTANCE_ACCURACY_VALUE','Maximum Tolerance applied to model');
#8902=UNCERTAINTY_MEASURE_WITH_UNIT(LENGTH_MEASURE(1.E-5),#8906,
'DISTANCE_ACCURACY_VALUE','Maximum Tolerance applied to model');
#8903=UNCERTAINTY_MEASURE_WITH_UNIT(LENGTH_MEASURE(1.E-5),#8906,
'DISTANCE_ACCURACY_VALUE','Maximum Tolerance applied to model');
#8904=(
NAMED_UNIT(*)
SI_UNIT($,.STERADIAN.)
SOLID_ANGLE_UNIT()
);
#8905=(
NAMED_UNIT(*)
PLANE_ANGLE_UNIT()
SI_UNIT($,.RADIAN.)
);
#8906=(
LENGTH_UNIT()
NAMED_UNIT(*)
SI_UNIT(.MILLI.,.METRE.)
);
#8907=PRODUCT_DEFINITION_SHAPE('','',#8937);
#8908=PRODUCT_DEFINITION_SHAPE('','',#8938);
#8909=PRODUCT_DEFINITION_SHAPE(' ','NAUO PRDDFN',#45);
#8910=PRODUCT_DEFINITION_SHAPE('','',#8939);
#8911=PRODUCT_DEFINITION_SHAPE(' ','NAUO PRDDFN',#46);
#8912=PRODUCT_DEFINITION_SHAPE('','',#8940);
#8913=PRODUCT_DEFINITION_SHAPE(' ','NAUO PRDDFN',#47);
#8914=PRODUCT_DEFINITION_SHAPE(' ','NAUO PRDDFN',#48);
#8915=PRODUCT_DEFINITION_SHAPE('','',#8941);
#8916=PRODUCT_DEFINITION_SHAPE(' ','NAUO PRDDFN',#49);
#8917=PRODUCT_DEFINITION_SHAPE(' ','NAUO PRDDFN',#50);
#8918=PRODUCT_DEFINITION_SHAPE('','',#8942);
#8919=PRODUCT_DEFINITION_SHAPE(' ','NAUO PRDDFN',#51);
#8920=PRODUCT_DEFINITION_SHAPE(' ','NAUO PRDDFN',#52);
#8921=PRODUCT_DEFINITION_SHAPE(' ','NAUO PRDDFN',#53);
#8922=PRODUCT_DEFINITION_SHAPE('','',#8943);
#8923=PRODUCT_DEFINITION_SHAPE(' ','NAUO PRDDFN',#54);
#8924=PRODUCT_DEFINITION_SHAPE('','',#8944);
#8925=PRODUCT_DEFINITION_SHAPE(' ','NAUO PRDDFN',#55);
#8926=PRODUCT_DEFINITION_SHAPE(' ','NAUO PRDDFN',#56);
#8927=PRODUCT_DEFINITION_SHAPE(' ','NAUO PRDDFN',#57);
#8928=PRODUCT_DEFINITION_SHAPE(' ','NAUO PRDDFN',#58);
#8929=PRODUCT_DEFINITION_SHAPE(' ','NAUO PRDDFN',#59);
#8930=PRODUCT_DEFINITION_SHAPE(' ','NAUO PRDDFN',#60);
#8931=PRODUCT_DEFINITION_SHAPE(' ','NAUO PRDDFN',#61);
#8932=PRODUCT_DEFINITION_SHAPE(' ','NAUO PRDDFN',#62);
#8933=PRODUCT_DEFINITION_SHAPE(' ','NAUO PRDDFN',#63);
#8934=PRODUCT_DEFINITION_SHAPE(' ','NAUO PRDDFN',#64);
#8935=PRODUCT_DEFINITION_SHAPE(' ','NAUO PRDDFN',#65);
#8936=PRODUCT_DEFINITION_SHAPE(' ','NAUO PRDDFN',#66);
#8937=PRODUCT_DEFINITION('','',#8953,#8945);
#8938=PRODUCT_DEFINITION('','',#8954,#8946);
#8939=PRODUCT_DEFINITION('','',#8955,#8947);
#8940=PRODUCT_DEFINITION('','',#8956,#8948);
#8941=PRODUCT_DEFINITION('','',#8957,#8949);
#8942=PRODUCT_DEFINITION('','',#8958,#8950);
#8943=PRODUCT_DEFINITION('','',#8959,#8951);
#8944=PRODUCT_DEFINITION('','',#8960,#8952);
#8945=PRODUCT_DEFINITION_CONTEXT('',#8994,'design');
#8946=PRODUCT_DEFINITION_CONTEXT('',#8994,'design');
#8947=PRODUCT_DEFINITION_CONTEXT('',#8994,'design');
#8948=PRODUCT_DEFINITION_CONTEXT('',#8994,'design');
#8949=PRODUCT_DEFINITION_CONTEXT('',#8994,'design');
#8950=PRODUCT_DEFINITION_CONTEXT('',#8994,'design');
#8951=PRODUCT_DEFINITION_CONTEXT('',#8994,'design');
#8952=PRODUCT_DEFINITION_CONTEXT('',#8994,'design');
#8953=PRODUCT_DEFINITION_FORMATION_WITH_SPECIFIED_SOURCE('','',#8969,
 .NOT_KNOWN.);
#8954=PRODUCT_DEFINITION_FORMATION_WITH_SPECIFIED_SOURCE('','',#8970,
 .NOT_KNOWN.);
#8955=PRODUCT_DEFINITION_FORMATION_WITH_SPECIFIED_SOURCE('','',#8971,
 .NOT_KNOWN.);
#8956=PRODUCT_DEFINITION_FORMATION_WITH_SPECIFIED_SOURCE('','',#8972,
 .NOT_KNOWN.);
#8957=PRODUCT_DEFINITION_FORMATION_WITH_SPECIFIED_SOURCE('','',#8973,
 .NOT_KNOWN.);
#8958=PRODUCT_DEFINITION_FORMATION_WITH_SPECIFIED_SOURCE('','',#8974,
 .NOT_KNOWN.);
#8959=PRODUCT_DEFINITION_FORMATION_WITH_SPECIFIED_SOURCE('','',#8975,
 .NOT_KNOWN.);
#8960=PRODUCT_DEFINITION_FORMATION_WITH_SPECIFIED_SOURCE('','',#8976,
 .NOT_KNOWN.);
#8961=PRODUCT_RELATED_PRODUCT_CATEGORY('','',(#8969));
#8962=PRODUCT_RELATED_PRODUCT_CATEGORY('','',(#8970));
#8963=PRODUCT_RELATED_PRODUCT_CATEGORY('','',(#8971));
#8964=PRODUCT_RELATED_PRODUCT_CATEGORY('','',(#8972));
#8965=PRODUCT_RELATED_PRODUCT_CATEGORY('','',(#8973));
#8966=PRODUCT_RELATED_PRODUCT_CATEGORY('','',(#8974));
#8967=PRODUCT_RELATED_PRODUCT_CATEGORY('','',(#8975));
#8968=PRODUCT_RELATED_PRODUCT_CATEGORY('','',(#8976));
#8969=PRODUCT('BFWDLGT01-L1000-W400-H500-M1-G80-D25-d12-CS-FC-2',
'BFWDLGT01-L1000-W400-H500-M1-G80-D25-d12-CS-FC-2',
'BFWDLGT01-L1000-W400-H500-M1-G80-D25-d12-CS-FC-2',(#8985));
#8970=PRODUCT('BFWDLGT01-1000-2-80-25-cb1 2',
'BFWDLGT01-1000-2-80-25-cb1 2','BFWDLGT01-1000-2-80-25-cb1 2',(#8986));
#8971=PRODUCT('BFWDLGT01-1000-400-500-2-25-FC-zt1',
'BFWDLGT01-1000-400-500-2-25-FC-zt1',
'BFWDLGT01-1000-400-500-2-25-FC-zt1',(#8987));
#8972=PRODUCT('BFWDLGT01-jb','BFWDLGT01-jb','BFWDLGT01-jb',(#8988));
#8973=PRODUCT('BFWDLGT01-1000-2-hc','BFWDLGT01-1000-2-hc',
'BFWDLGT01-1000-2-hc',(#8989));
#8974=PRODUCT('BFWDLGT01-400-500-25-FC-zt2',
'BFWDLGT01-400-500-25-FC-zt2','BFWDLGT01-400-500-25-FC-zt2',(#8990));
#8975=PRODUCT('BFWDLGT01-L1000-80-25-cb2','BFWDLGT01-L1000-80-25-cb2',
'BFWDLGT01-L1000-80-25-cb2',(#8991));
#8976=PRODUCT('BFWDLGT01-400-25-12-gt','BFWDLGT01-400-25-12-gt',
'BFWDLGT01-400-25-12-gt',(#8992));
#8977=PRODUCT_CATEGORY('','');
#8978=PRODUCT_CATEGORY('','');
#8979=PRODUCT_CATEGORY('','');
#8980=PRODUCT_CATEGORY('','');
#8981=PRODUCT_CATEGORY('','');
#8982=PRODUCT_CATEGORY('','');
#8983=PRODUCT_CATEGORY('','');
#8984=PRODUCT_CATEGORY('','');
#8985=PRODUCT_CONTEXT('',#8994,'mechanical');
#8986=PRODUCT_CONTEXT('',#8994,'mechanical');
#8987=PRODUCT_CONTEXT('',#8994,'mechanical');
#8988=PRODUCT_CONTEXT('',#8994,'mechanical');
#8989=PRODUCT_CONTEXT('',#8994,'mechanical');
#8990=PRODUCT_CONTEXT('',#8994,'mechanical');
#8991=PRODUCT_CONTEXT('',#8994,'mechanical');
#8992=PRODUCT_CONTEXT('',#8994,'mechanical');
#8993=APPLICATION_PROTOCOL_DEFINITION('international standard',
'automotive_design',2010,#8994);
#8994=APPLICATION_CONTEXT(
'core data for automotive mechanical design processes');
ENDSEC;
END-ISO-10303-21;
