ISO-10303-21;
HEADER;
/* Generated by software containing ST-Developer
 * from STEP Tools, Inc. (www.steptools.com) 
 */
/* OPTION: using custom renumber hook */

FILE_DESCRIPTION(
/* description */ ('STEP AP214'),
/* implementation_level */ '2;1');

FILE_NAME(
/* name */ 'BOX4030',
/* time_stamp */ '2026-07-11T11:12:51+02:00',
/* author */ ('License CC BY-ND 4.0'),
/* organization */ ('CADENAS'),
/* preprocessor_version */ 'ST-DEVELOPER v20',
/* originating_system */ 'PARTsolutions',
/* authorisation */ '  ');

FILE_SCHEMA (('AUTOMOTIVE_DESIGN {1 0 10303 214 3 1 1}'));
ENDSEC;

DATA;
#10=PROPERTY_DEFINITION_REPRESENTATION(#14,#12);
#11=PROPERTY_DEFINITION_REPRESENTATION(#15,#13);
#12=REPRESENTATION('',(#16),#3445);
#13=REPRESENTATION('',(#17),#3445);
#14=PROPERTY_DEFINITION('pmi validation property','',#3450);
#15=PROPERTY_DEFINITION('pmi validation property','',#3450);
#16=VALUE_REPRESENTATION_ITEM('number of annotations',COUNT_MEASURE(0.));
#17=VALUE_REPRESENTATION_ITEM('number of views',COUNT_MEASURE(0.));
#18=SHAPE_REPRESENTATION_RELATIONSHIP('','',#2151,#19);
#19=ADVANCED_BREP_SHAPE_REPRESENTATION('',(#2149),#3445);
#20=CYLINDRICAL_SURFACE('',#2281,7.);
#21=CYLINDRICAL_SURFACE('',#2282,7.);
#22=CYLINDRICAL_SURFACE('',#2283,7.);
#23=CYLINDRICAL_SURFACE('',#2284,7.);
#24=CYLINDRICAL_SURFACE('',#2285,7.);
#25=CYLINDRICAL_SURFACE('',#2286,7.);
#26=CYLINDRICAL_SURFACE('',#2287,7.);
#27=CYLINDRICAL_SURFACE('',#2288,7.);
#28=CYLINDRICAL_SURFACE('',#2289,7.);
#29=CYLINDRICAL_SURFACE('',#2290,7.);
#30=CYLINDRICAL_SURFACE('',#2291,7.);
#31=CYLINDRICAL_SURFACE('',#2292,7.);
#32=CIRCLE('',#2154,7.);
#33=CIRCLE('',#2155,7.);
#34=CIRCLE('',#2156,7.);
#35=CIRCLE('',#2157,7.);
#36=CIRCLE('',#2163,7.);
#37=CIRCLE('',#2164,7.);
#38=CIRCLE('',#2165,7.);
#39=CIRCLE('',#2166,7.);
#40=CIRCLE('',#2167,7.);
#41=CIRCLE('',#2168,7.);
#42=CIRCLE('',#2169,7.);
#43=CIRCLE('',#2170,7.);
#44=CIRCLE('',#2176,7.);
#45=CIRCLE('',#2177,7.);
#46=CIRCLE('',#2178,7.);
#47=CIRCLE('',#2179,7.);
#48=CIRCLE('',#2180,7.);
#49=CIRCLE('',#2181,7.);
#50=CIRCLE('',#2182,7.);
#51=CIRCLE('',#2183,7.);
#52=CIRCLE('',#2189,7.);
#53=CIRCLE('',#2190,7.);
#54=CIRCLE('',#2191,7.);
#55=CIRCLE('',#2192,7.);
#56=ORIENTED_EDGE('',*,*,#640,.T.);
#57=ORIENTED_EDGE('',*,*,#641,.T.);
#58=ORIENTED_EDGE('',*,*,#642,.T.);
#59=ORIENTED_EDGE('',*,*,#643,.T.);
#60=ORIENTED_EDGE('',*,*,#644,.T.);
#61=ORIENTED_EDGE('',*,*,#645,.T.);
#62=ORIENTED_EDGE('',*,*,#646,.T.);
#63=ORIENTED_EDGE('',*,*,#647,.T.);
#64=ORIENTED_EDGE('',*,*,#648,.T.);
#65=ORIENTED_EDGE('',*,*,#649,.T.);
#66=ORIENTED_EDGE('',*,*,#650,.T.);
#67=ORIENTED_EDGE('',*,*,#651,.T.);
#68=ORIENTED_EDGE('',*,*,#652,.T.);
#69=ORIENTED_EDGE('',*,*,#653,.T.);
#70=ORIENTED_EDGE('',*,*,#654,.T.);
#71=ORIENTED_EDGE('',*,*,#655,.T.);
#72=ORIENTED_EDGE('',*,*,#656,.T.);
#73=ORIENTED_EDGE('',*,*,#657,.T.);
#74=ORIENTED_EDGE('',*,*,#658,.T.);
#75=ORIENTED_EDGE('',*,*,#659,.T.);
#76=ORIENTED_EDGE('',*,*,#660,.T.);
#77=ORIENTED_EDGE('',*,*,#661,.T.);
#78=ORIENTED_EDGE('',*,*,#662,.T.);
#79=ORIENTED_EDGE('',*,*,#663,.T.);
#80=ORIENTED_EDGE('',*,*,#664,.F.);
#81=ORIENTED_EDGE('',*,*,#665,.T.);
#82=ORIENTED_EDGE('',*,*,#666,.F.);
#83=ORIENTED_EDGE('',*,*,#667,.T.);
#84=ORIENTED_EDGE('',*,*,#668,.F.);
#85=ORIENTED_EDGE('',*,*,#669,.T.);
#86=ORIENTED_EDGE('',*,*,#670,.F.);
#87=ORIENTED_EDGE('',*,*,#671,.T.);
#88=ORIENTED_EDGE('',*,*,#672,.T.);
#89=ORIENTED_EDGE('',*,*,#673,.T.);
#90=ORIENTED_EDGE('',*,*,#674,.T.);
#91=ORIENTED_EDGE('',*,*,#675,.T.);
#92=ORIENTED_EDGE('',*,*,#676,.T.);
#93=ORIENTED_EDGE('',*,*,#677,.T.);
#94=ORIENTED_EDGE('',*,*,#678,.T.);
#95=ORIENTED_EDGE('',*,*,#679,.T.);
#96=ORIENTED_EDGE('',*,*,#680,.T.);
#97=ORIENTED_EDGE('',*,*,#681,.T.);
#98=ORIENTED_EDGE('',*,*,#682,.T.);
#99=ORIENTED_EDGE('',*,*,#683,.T.);
#100=ORIENTED_EDGE('',*,*,#684,.T.);
#101=ORIENTED_EDGE('',*,*,#685,.T.);
#102=ORIENTED_EDGE('',*,*,#686,.T.);
#103=ORIENTED_EDGE('',*,*,#687,.T.);
#104=ORIENTED_EDGE('',*,*,#688,.T.);
#105=ORIENTED_EDGE('',*,*,#689,.T.);
#106=ORIENTED_EDGE('',*,*,#690,.T.);
#107=ORIENTED_EDGE('',*,*,#691,.T.);
#108=ORIENTED_EDGE('',*,*,#692,.T.);
#109=ORIENTED_EDGE('',*,*,#693,.T.);
#110=ORIENTED_EDGE('',*,*,#694,.T.);
#111=ORIENTED_EDGE('',*,*,#695,.T.);
#112=ORIENTED_EDGE('',*,*,#696,.T.);
#113=ORIENTED_EDGE('',*,*,#697,.T.);
#114=ORIENTED_EDGE('',*,*,#698,.T.);
#115=ORIENTED_EDGE('',*,*,#699,.T.);
#116=ORIENTED_EDGE('',*,*,#700,.F.);
#117=ORIENTED_EDGE('',*,*,#701,.T.);
#118=ORIENTED_EDGE('',*,*,#670,.T.);
#119=ORIENTED_EDGE('',*,*,#702,.T.);
#120=ORIENTED_EDGE('',*,*,#668,.T.);
#121=ORIENTED_EDGE('',*,*,#703,.T.);
#122=ORIENTED_EDGE('',*,*,#704,.F.);
#123=ORIENTED_EDGE('',*,*,#705,.T.);
#124=ORIENTED_EDGE('',*,*,#666,.T.);
#125=ORIENTED_EDGE('',*,*,#706,.T.);
#126=ORIENTED_EDGE('',*,*,#707,.F.);
#127=ORIENTED_EDGE('',*,*,#708,.T.);
#128=ORIENTED_EDGE('',*,*,#709,.F.);
#129=ORIENTED_EDGE('',*,*,#710,.T.);
#130=ORIENTED_EDGE('',*,*,#664,.T.);
#131=ORIENTED_EDGE('',*,*,#711,.T.);
#132=ORIENTED_EDGE('',*,*,#712,.F.);
#133=ORIENTED_EDGE('',*,*,#713,.T.);
#134=ORIENTED_EDGE('',*,*,#714,.F.);
#135=ORIENTED_EDGE('',*,*,#715,.T.);
#136=ORIENTED_EDGE('',*,*,#716,.F.);
#137=ORIENTED_EDGE('',*,*,#717,.T.);
#138=ORIENTED_EDGE('',*,*,#718,.F.);
#139=ORIENTED_EDGE('',*,*,#719,.T.);
#140=ORIENTED_EDGE('',*,*,#707,.T.);
#141=ORIENTED_EDGE('',*,*,#720,.T.);
#142=ORIENTED_EDGE('',*,*,#709,.T.);
#143=ORIENTED_EDGE('',*,*,#721,.T.);
#144=ORIENTED_EDGE('',*,*,#700,.T.);
#145=ORIENTED_EDGE('',*,*,#722,.T.);
#146=ORIENTED_EDGE('',*,*,#704,.T.);
#147=ORIENTED_EDGE('',*,*,#723,.T.);
#148=ORIENTED_EDGE('',*,*,#724,.F.);
#149=ORIENTED_EDGE('',*,*,#725,.T.);
#150=ORIENTED_EDGE('',*,*,#716,.T.);
#151=ORIENTED_EDGE('',*,*,#726,.T.);
#152=ORIENTED_EDGE('',*,*,#714,.T.);
#153=ORIENTED_EDGE('',*,*,#727,.T.);
#154=ORIENTED_EDGE('',*,*,#728,.F.);
#155=ORIENTED_EDGE('',*,*,#729,.T.);
#156=ORIENTED_EDGE('',*,*,#730,.F.);
#157=ORIENTED_EDGE('',*,*,#731,.T.);
#158=ORIENTED_EDGE('',*,*,#712,.T.);
#159=ORIENTED_EDGE('',*,*,#732,.T.);
#160=ORIENTED_EDGE('',*,*,#718,.T.);
#161=ORIENTED_EDGE('',*,*,#733,.T.);
#162=ORIENTED_EDGE('',*,*,#734,.F.);
#163=ORIENTED_EDGE('',*,*,#735,.T.);
#164=ORIENTED_EDGE('',*,*,#736,.F.);
#165=ORIENTED_EDGE('',*,*,#737,.T.);
#166=ORIENTED_EDGE('',*,*,#738,.F.);
#167=ORIENTED_EDGE('',*,*,#739,.T.);
#168=ORIENTED_EDGE('',*,*,#740,.F.);
#169=ORIENTED_EDGE('',*,*,#741,.T.);
#170=ORIENTED_EDGE('',*,*,#742,.F.);
#171=ORIENTED_EDGE('',*,*,#743,.T.);
#172=ORIENTED_EDGE('',*,*,#728,.T.);
#173=ORIENTED_EDGE('',*,*,#744,.T.);
#174=ORIENTED_EDGE('',*,*,#730,.T.);
#175=ORIENTED_EDGE('',*,*,#745,.T.);
#176=ORIENTED_EDGE('',*,*,#734,.T.);
#177=ORIENTED_EDGE('',*,*,#746,.T.);
#178=ORIENTED_EDGE('',*,*,#724,.T.);
#179=ORIENTED_EDGE('',*,*,#747,.T.);
#180=ORIENTED_EDGE('',*,*,#736,.T.);
#181=ORIENTED_EDGE('',*,*,#748,.T.);
#182=ORIENTED_EDGE('',*,*,#749,.F.);
#183=ORIENTED_EDGE('',*,*,#750,.T.);
#184=ORIENTED_EDGE('',*,*,#751,.F.);
#185=ORIENTED_EDGE('',*,*,#752,.T.);
#186=ORIENTED_EDGE('',*,*,#742,.T.);
#187=ORIENTED_EDGE('',*,*,#753,.T.);
#188=ORIENTED_EDGE('',*,*,#754,.F.);
#189=ORIENTED_EDGE('',*,*,#755,.T.);
#190=ORIENTED_EDGE('',*,*,#740,.T.);
#191=ORIENTED_EDGE('',*,*,#756,.T.);
#192=ORIENTED_EDGE('',*,*,#738,.T.);
#193=ORIENTED_EDGE('',*,*,#757,.T.);
#194=ORIENTED_EDGE('',*,*,#758,.F.);
#195=ORIENTED_EDGE('',*,*,#759,.T.);
#196=ORIENTED_EDGE('',*,*,#749,.T.);
#197=ORIENTED_EDGE('',*,*,#760,.T.);
#198=ORIENTED_EDGE('',*,*,#751,.T.);
#199=ORIENTED_EDGE('',*,*,#761,.T.);
#200=ORIENTED_EDGE('',*,*,#754,.T.);
#201=ORIENTED_EDGE('',*,*,#762,.T.);
#202=ORIENTED_EDGE('',*,*,#758,.T.);
#203=ORIENTED_EDGE('',*,*,#763,.T.);
#204=ORIENTED_EDGE('',*,*,#764,.T.);
#205=ORIENTED_EDGE('',*,*,#765,.T.);
#206=ORIENTED_EDGE('',*,*,#766,.T.);
#207=ORIENTED_EDGE('',*,*,#767,.T.);
#208=ORIENTED_EDGE('',*,*,#768,.T.);
#209=ORIENTED_EDGE('',*,*,#769,.T.);
#210=ORIENTED_EDGE('',*,*,#770,.T.);
#211=ORIENTED_EDGE('',*,*,#771,.T.);
#212=ORIENTED_EDGE('',*,*,#772,.T.);
#213=ORIENTED_EDGE('',*,*,#773,.T.);
#214=ORIENTED_EDGE('',*,*,#774,.T.);
#215=ORIENTED_EDGE('',*,*,#775,.T.);
#216=ORIENTED_EDGE('',*,*,#776,.T.);
#217=ORIENTED_EDGE('',*,*,#777,.T.);
#218=ORIENTED_EDGE('',*,*,#778,.T.);
#219=ORIENTED_EDGE('',*,*,#779,.T.);
#220=ORIENTED_EDGE('',*,*,#780,.T.);
#221=ORIENTED_EDGE('',*,*,#781,.T.);
#222=ORIENTED_EDGE('',*,*,#782,.T.);
#223=ORIENTED_EDGE('',*,*,#783,.T.);
#224=ORIENTED_EDGE('',*,*,#784,.T.);
#225=ORIENTED_EDGE('',*,*,#785,.T.);
#226=ORIENTED_EDGE('',*,*,#786,.F.);
#227=ORIENTED_EDGE('',*,*,#787,.F.);
#228=ORIENTED_EDGE('',*,*,#786,.T.);
#229=ORIENTED_EDGE('',*,*,#788,.T.);
#230=ORIENTED_EDGE('',*,*,#789,.F.);
#231=ORIENTED_EDGE('',*,*,#790,.F.);
#232=ORIENTED_EDGE('',*,*,#789,.T.);
#233=ORIENTED_EDGE('',*,*,#791,.T.);
#234=ORIENTED_EDGE('',*,*,#792,.F.);
#235=ORIENTED_EDGE('',*,*,#793,.F.);
#236=ORIENTED_EDGE('',*,*,#792,.T.);
#237=ORIENTED_EDGE('',*,*,#794,.T.);
#238=ORIENTED_EDGE('',*,*,#784,.F.);
#239=ORIENTED_EDGE('',*,*,#795,.F.);
#240=ORIENTED_EDGE('',*,*,#787,.T.);
#241=ORIENTED_EDGE('',*,*,#790,.T.);
#242=ORIENTED_EDGE('',*,*,#793,.T.);
#243=ORIENTED_EDGE('',*,*,#795,.T.);
#244=ORIENTED_EDGE('',*,*,#796,.F.);
#245=ORIENTED_EDGE('',*,*,#775,.F.);
#246=ORIENTED_EDGE('',*,*,#797,.F.);
#247=ORIENTED_EDGE('',*,*,#798,.F.);
#248=ORIENTED_EDGE('',*,*,#799,.F.);
#249=ORIENTED_EDGE('',*,*,#791,.F.);
#250=ORIENTED_EDGE('',*,*,#800,.F.);
#251=ORIENTED_EDGE('',*,*,#801,.F.);
#252=ORIENTED_EDGE('',*,*,#802,.F.);
#253=ORIENTED_EDGE('',*,*,#770,.F.);
#254=ORIENTED_EDGE('',*,*,#803,.F.);
#255=ORIENTED_EDGE('',*,*,#804,.F.);
#256=ORIENTED_EDGE('',*,*,#805,.F.);
#257=ORIENTED_EDGE('',*,*,#794,.F.);
#258=ORIENTED_EDGE('',*,*,#799,.T.);
#259=ORIENTED_EDGE('',*,*,#806,.F.);
#260=ORIENTED_EDGE('',*,*,#807,.F.);
#261=ORIENTED_EDGE('',*,*,#780,.F.);
#262=ORIENTED_EDGE('',*,*,#808,.F.);
#263=ORIENTED_EDGE('',*,*,#809,.F.);
#264=ORIENTED_EDGE('',*,*,#800,.T.);
#265=ORIENTED_EDGE('',*,*,#788,.F.);
#266=ORIENTED_EDGE('',*,*,#810,.F.);
#267=ORIENTED_EDGE('',*,*,#811,.F.);
#268=ORIENTED_EDGE('',*,*,#812,.F.);
#269=ORIENTED_EDGE('',*,*,#813,.F.);
#270=ORIENTED_EDGE('',*,*,#810,.T.);
#271=ORIENTED_EDGE('',*,*,#785,.F.);
#272=ORIENTED_EDGE('',*,*,#805,.T.);
#273=ORIENTED_EDGE('',*,*,#814,.F.);
#274=ORIENTED_EDGE('',*,*,#815,.F.);
#275=ORIENTED_EDGE('',*,*,#765,.F.);
#276=ORIENTED_EDGE('',*,*,#766,.F.);
#277=ORIENTED_EDGE('',*,*,#815,.T.);
#278=ORIENTED_EDGE('',*,*,#816,.T.);
#279=ORIENTED_EDGE('',*,*,#816,.F.);
#280=ORIENTED_EDGE('',*,*,#814,.T.);
#281=ORIENTED_EDGE('',*,*,#817,.T.);
#282=ORIENTED_EDGE('',*,*,#767,.F.);
#283=ORIENTED_EDGE('',*,*,#817,.F.);
#284=ORIENTED_EDGE('',*,*,#804,.T.);
#285=ORIENTED_EDGE('',*,*,#818,.T.);
#286=ORIENTED_EDGE('',*,*,#768,.F.);
#287=ORIENTED_EDGE('',*,*,#818,.F.);
#288=ORIENTED_EDGE('',*,*,#803,.T.);
#289=ORIENTED_EDGE('',*,*,#769,.F.);
#290=ORIENTED_EDGE('',*,*,#771,.F.);
#291=ORIENTED_EDGE('',*,*,#802,.T.);
#292=ORIENTED_EDGE('',*,*,#819,.T.);
#293=ORIENTED_EDGE('',*,*,#819,.F.);
#294=ORIENTED_EDGE('',*,*,#806,.T.);
#295=ORIENTED_EDGE('',*,*,#820,.T.);
#296=ORIENTED_EDGE('',*,*,#772,.F.);
#297=ORIENTED_EDGE('',*,*,#820,.F.);
#298=ORIENTED_EDGE('',*,*,#798,.T.);
#299=ORIENTED_EDGE('',*,*,#821,.T.);
#300=ORIENTED_EDGE('',*,*,#773,.F.);
#301=ORIENTED_EDGE('',*,*,#821,.F.);
#302=ORIENTED_EDGE('',*,*,#797,.T.);
#303=ORIENTED_EDGE('',*,*,#774,.F.);
#304=ORIENTED_EDGE('',*,*,#822,.F.);
#305=ORIENTED_EDGE('',*,*,#808,.T.);
#306=ORIENTED_EDGE('',*,*,#779,.F.);
#307=ORIENTED_EDGE('',*,*,#776,.F.);
#308=ORIENTED_EDGE('',*,*,#796,.T.);
#309=ORIENTED_EDGE('',*,*,#823,.T.);
#310=ORIENTED_EDGE('',*,*,#823,.F.);
#311=ORIENTED_EDGE('',*,*,#801,.T.);
#312=ORIENTED_EDGE('',*,*,#824,.T.);
#313=ORIENTED_EDGE('',*,*,#777,.F.);
#314=ORIENTED_EDGE('',*,*,#824,.F.);
#315=ORIENTED_EDGE('',*,*,#809,.T.);
#316=ORIENTED_EDGE('',*,*,#822,.T.);
#317=ORIENTED_EDGE('',*,*,#778,.F.);
#318=ORIENTED_EDGE('',*,*,#825,.F.);
#319=ORIENTED_EDGE('',*,*,#812,.T.);
#320=ORIENTED_EDGE('',*,*,#764,.F.);
#321=ORIENTED_EDGE('',*,*,#781,.F.);
#322=ORIENTED_EDGE('',*,*,#807,.T.);
#323=ORIENTED_EDGE('',*,*,#826,.T.);
#324=ORIENTED_EDGE('',*,*,#826,.F.);
#325=ORIENTED_EDGE('',*,*,#811,.T.);
#326=ORIENTED_EDGE('',*,*,#827,.T.);
#327=ORIENTED_EDGE('',*,*,#782,.F.);
#328=ORIENTED_EDGE('',*,*,#827,.F.);
#329=ORIENTED_EDGE('',*,*,#813,.T.);
#330=ORIENTED_EDGE('',*,*,#825,.T.);
#331=ORIENTED_EDGE('',*,*,#783,.F.);
#332=ORIENTED_EDGE('',*,*,#672,.F.);
#333=ORIENTED_EDGE('',*,*,#828,.F.);
#334=ORIENTED_EDGE('',*,*,#829,.T.);
#335=ORIENTED_EDGE('',*,*,#830,.T.);
#336=ORIENTED_EDGE('',*,*,#673,.F.);
#337=ORIENTED_EDGE('',*,*,#830,.F.);
#338=ORIENTED_EDGE('',*,*,#831,.T.);
#339=ORIENTED_EDGE('',*,*,#832,.T.);
#340=ORIENTED_EDGE('',*,*,#674,.F.);
#341=ORIENTED_EDGE('',*,*,#832,.F.);
#342=ORIENTED_EDGE('',*,*,#833,.T.);
#343=ORIENTED_EDGE('',*,*,#834,.T.);
#344=ORIENTED_EDGE('',*,*,#675,.F.);
#345=ORIENTED_EDGE('',*,*,#834,.F.);
#346=ORIENTED_EDGE('',*,*,#835,.T.);
#347=ORIENTED_EDGE('',*,*,#828,.T.);
#348=ORIENTED_EDGE('',*,*,#829,.F.);
#349=ORIENTED_EDGE('',*,*,#835,.F.);
#350=ORIENTED_EDGE('',*,*,#833,.F.);
#351=ORIENTED_EDGE('',*,*,#831,.F.);
#352=ORIENTED_EDGE('',*,*,#656,.F.);
#353=ORIENTED_EDGE('',*,*,#836,.F.);
#354=ORIENTED_EDGE('',*,*,#837,.T.);
#355=ORIENTED_EDGE('',*,*,#838,.T.);
#356=ORIENTED_EDGE('',*,*,#657,.F.);
#357=ORIENTED_EDGE('',*,*,#838,.F.);
#358=ORIENTED_EDGE('',*,*,#839,.T.);
#359=ORIENTED_EDGE('',*,*,#840,.T.);
#360=ORIENTED_EDGE('',*,*,#658,.F.);
#361=ORIENTED_EDGE('',*,*,#840,.F.);
#362=ORIENTED_EDGE('',*,*,#841,.T.);
#363=ORIENTED_EDGE('',*,*,#842,.T.);
#364=ORIENTED_EDGE('',*,*,#659,.F.);
#365=ORIENTED_EDGE('',*,*,#842,.F.);
#366=ORIENTED_EDGE('',*,*,#843,.T.);
#367=ORIENTED_EDGE('',*,*,#844,.T.);
#368=ORIENTED_EDGE('',*,*,#660,.F.);
#369=ORIENTED_EDGE('',*,*,#844,.F.);
#370=ORIENTED_EDGE('',*,*,#845,.T.);
#371=ORIENTED_EDGE('',*,*,#846,.T.);
#372=ORIENTED_EDGE('',*,*,#661,.F.);
#373=ORIENTED_EDGE('',*,*,#846,.F.);
#374=ORIENTED_EDGE('',*,*,#847,.T.);
#375=ORIENTED_EDGE('',*,*,#848,.T.);
#376=ORIENTED_EDGE('',*,*,#662,.F.);
#377=ORIENTED_EDGE('',*,*,#848,.F.);
#378=ORIENTED_EDGE('',*,*,#849,.T.);
#379=ORIENTED_EDGE('',*,*,#850,.T.);
#380=ORIENTED_EDGE('',*,*,#663,.F.);
#381=ORIENTED_EDGE('',*,*,#850,.F.);
#382=ORIENTED_EDGE('',*,*,#851,.T.);
#383=ORIENTED_EDGE('',*,*,#836,.T.);
#384=ORIENTED_EDGE('',*,*,#837,.F.);
#385=ORIENTED_EDGE('',*,*,#851,.F.);
#386=ORIENTED_EDGE('',*,*,#849,.F.);
#387=ORIENTED_EDGE('',*,*,#847,.F.);
#388=ORIENTED_EDGE('',*,*,#845,.F.);
#389=ORIENTED_EDGE('',*,*,#843,.F.);
#390=ORIENTED_EDGE('',*,*,#841,.F.);
#391=ORIENTED_EDGE('',*,*,#839,.F.);
#392=ORIENTED_EDGE('',*,*,#676,.F.);
#393=ORIENTED_EDGE('',*,*,#852,.F.);
#394=ORIENTED_EDGE('',*,*,#853,.T.);
#395=ORIENTED_EDGE('',*,*,#854,.T.);
#396=ORIENTED_EDGE('',*,*,#677,.F.);
#397=ORIENTED_EDGE('',*,*,#854,.F.);
#398=ORIENTED_EDGE('',*,*,#855,.T.);
#399=ORIENTED_EDGE('',*,*,#856,.T.);
#400=ORIENTED_EDGE('',*,*,#678,.F.);
#401=ORIENTED_EDGE('',*,*,#856,.F.);
#402=ORIENTED_EDGE('',*,*,#857,.T.);
#403=ORIENTED_EDGE('',*,*,#858,.T.);
#404=ORIENTED_EDGE('',*,*,#679,.F.);
#405=ORIENTED_EDGE('',*,*,#858,.F.);
#406=ORIENTED_EDGE('',*,*,#859,.T.);
#407=ORIENTED_EDGE('',*,*,#860,.T.);
#408=ORIENTED_EDGE('',*,*,#680,.F.);
#409=ORIENTED_EDGE('',*,*,#860,.F.);
#410=ORIENTED_EDGE('',*,*,#861,.T.);
#411=ORIENTED_EDGE('',*,*,#862,.T.);
#412=ORIENTED_EDGE('',*,*,#681,.F.);
#413=ORIENTED_EDGE('',*,*,#862,.F.);
#414=ORIENTED_EDGE('',*,*,#863,.T.);
#415=ORIENTED_EDGE('',*,*,#864,.T.);
#416=ORIENTED_EDGE('',*,*,#682,.F.);
#417=ORIENTED_EDGE('',*,*,#864,.F.);
#418=ORIENTED_EDGE('',*,*,#865,.T.);
#419=ORIENTED_EDGE('',*,*,#866,.T.);
#420=ORIENTED_EDGE('',*,*,#683,.F.);
#421=ORIENTED_EDGE('',*,*,#866,.F.);
#422=ORIENTED_EDGE('',*,*,#867,.T.);
#423=ORIENTED_EDGE('',*,*,#852,.T.);
#424=ORIENTED_EDGE('',*,*,#853,.F.);
#425=ORIENTED_EDGE('',*,*,#867,.F.);
#426=ORIENTED_EDGE('',*,*,#865,.F.);
#427=ORIENTED_EDGE('',*,*,#863,.F.);
#428=ORIENTED_EDGE('',*,*,#861,.F.);
#429=ORIENTED_EDGE('',*,*,#859,.F.);
#430=ORIENTED_EDGE('',*,*,#857,.F.);
#431=ORIENTED_EDGE('',*,*,#855,.F.);
#432=ORIENTED_EDGE('',*,*,#652,.F.);
#433=ORIENTED_EDGE('',*,*,#868,.F.);
#434=ORIENTED_EDGE('',*,*,#869,.T.);
#435=ORIENTED_EDGE('',*,*,#870,.T.);
#436=ORIENTED_EDGE('',*,*,#653,.F.);
#437=ORIENTED_EDGE('',*,*,#870,.F.);
#438=ORIENTED_EDGE('',*,*,#871,.T.);
#439=ORIENTED_EDGE('',*,*,#872,.T.);
#440=ORIENTED_EDGE('',*,*,#654,.F.);
#441=ORIENTED_EDGE('',*,*,#872,.F.);
#442=ORIENTED_EDGE('',*,*,#873,.T.);
#443=ORIENTED_EDGE('',*,*,#874,.T.);
#444=ORIENTED_EDGE('',*,*,#655,.F.);
#445=ORIENTED_EDGE('',*,*,#874,.F.);
#446=ORIENTED_EDGE('',*,*,#875,.T.);
#447=ORIENTED_EDGE('',*,*,#868,.T.);
#448=ORIENTED_EDGE('',*,*,#869,.F.);
#449=ORIENTED_EDGE('',*,*,#875,.F.);
#450=ORIENTED_EDGE('',*,*,#873,.F.);
#451=ORIENTED_EDGE('',*,*,#871,.F.);
#452=ORIENTED_EDGE('',*,*,#684,.F.);
#453=ORIENTED_EDGE('',*,*,#876,.F.);
#454=ORIENTED_EDGE('',*,*,#877,.T.);
#455=ORIENTED_EDGE('',*,*,#878,.T.);
#456=ORIENTED_EDGE('',*,*,#685,.F.);
#457=ORIENTED_EDGE('',*,*,#878,.F.);
#458=ORIENTED_EDGE('',*,*,#879,.T.);
#459=ORIENTED_EDGE('',*,*,#880,.T.);
#460=ORIENTED_EDGE('',*,*,#686,.F.);
#461=ORIENTED_EDGE('',*,*,#880,.F.);
#462=ORIENTED_EDGE('',*,*,#881,.T.);
#463=ORIENTED_EDGE('',*,*,#882,.T.);
#464=ORIENTED_EDGE('',*,*,#687,.F.);
#465=ORIENTED_EDGE('',*,*,#882,.F.);
#466=ORIENTED_EDGE('',*,*,#883,.T.);
#467=ORIENTED_EDGE('',*,*,#876,.T.);
#468=ORIENTED_EDGE('',*,*,#877,.F.);
#469=ORIENTED_EDGE('',*,*,#883,.F.);
#470=ORIENTED_EDGE('',*,*,#881,.F.);
#471=ORIENTED_EDGE('',*,*,#879,.F.);
#472=ORIENTED_EDGE('',*,*,#648,.F.);
#473=ORIENTED_EDGE('',*,*,#884,.F.);
#474=ORIENTED_EDGE('',*,*,#885,.T.);
#475=ORIENTED_EDGE('',*,*,#886,.T.);
#476=ORIENTED_EDGE('',*,*,#649,.F.);
#477=ORIENTED_EDGE('',*,*,#886,.F.);
#478=ORIENTED_EDGE('',*,*,#887,.T.);
#479=ORIENTED_EDGE('',*,*,#888,.T.);
#480=ORIENTED_EDGE('',*,*,#650,.F.);
#481=ORIENTED_EDGE('',*,*,#888,.F.);
#482=ORIENTED_EDGE('',*,*,#889,.T.);
#483=ORIENTED_EDGE('',*,*,#890,.T.);
#484=ORIENTED_EDGE('',*,*,#651,.F.);
#485=ORIENTED_EDGE('',*,*,#890,.F.);
#486=ORIENTED_EDGE('',*,*,#891,.T.);
#487=ORIENTED_EDGE('',*,*,#884,.T.);
#488=ORIENTED_EDGE('',*,*,#885,.F.);
#489=ORIENTED_EDGE('',*,*,#891,.F.);
#490=ORIENTED_EDGE('',*,*,#889,.F.);
#491=ORIENTED_EDGE('',*,*,#887,.F.);
#492=ORIENTED_EDGE('',*,*,#688,.F.);
#493=ORIENTED_EDGE('',*,*,#892,.F.);
#494=ORIENTED_EDGE('',*,*,#893,.T.);
#495=ORIENTED_EDGE('',*,*,#894,.T.);
#496=ORIENTED_EDGE('',*,*,#689,.F.);
#497=ORIENTED_EDGE('',*,*,#894,.F.);
#498=ORIENTED_EDGE('',*,*,#895,.T.);
#499=ORIENTED_EDGE('',*,*,#896,.T.);
#500=ORIENTED_EDGE('',*,*,#690,.F.);
#501=ORIENTED_EDGE('',*,*,#896,.F.);
#502=ORIENTED_EDGE('',*,*,#897,.T.);
#503=ORIENTED_EDGE('',*,*,#898,.T.);
#504=ORIENTED_EDGE('',*,*,#691,.F.);
#505=ORIENTED_EDGE('',*,*,#898,.F.);
#506=ORIENTED_EDGE('',*,*,#899,.T.);
#507=ORIENTED_EDGE('',*,*,#892,.T.);
#508=ORIENTED_EDGE('',*,*,#893,.F.);
#509=ORIENTED_EDGE('',*,*,#899,.F.);
#510=ORIENTED_EDGE('',*,*,#897,.F.);
#511=ORIENTED_EDGE('',*,*,#895,.F.);
#512=ORIENTED_EDGE('',*,*,#644,.F.);
#513=ORIENTED_EDGE('',*,*,#900,.F.);
#514=ORIENTED_EDGE('',*,*,#901,.T.);
#515=ORIENTED_EDGE('',*,*,#902,.T.);
#516=ORIENTED_EDGE('',*,*,#645,.F.);
#517=ORIENTED_EDGE('',*,*,#902,.F.);
#518=ORIENTED_EDGE('',*,*,#903,.T.);
#519=ORIENTED_EDGE('',*,*,#904,.T.);
#520=ORIENTED_EDGE('',*,*,#646,.F.);
#521=ORIENTED_EDGE('',*,*,#904,.F.);
#522=ORIENTED_EDGE('',*,*,#905,.T.);
#523=ORIENTED_EDGE('',*,*,#906,.T.);
#524=ORIENTED_EDGE('',*,*,#647,.F.);
#525=ORIENTED_EDGE('',*,*,#906,.F.);
#526=ORIENTED_EDGE('',*,*,#907,.T.);
#527=ORIENTED_EDGE('',*,*,#900,.T.);
#528=ORIENTED_EDGE('',*,*,#901,.F.);
#529=ORIENTED_EDGE('',*,*,#907,.F.);
#530=ORIENTED_EDGE('',*,*,#905,.F.);
#531=ORIENTED_EDGE('',*,*,#903,.F.);
#532=ORIENTED_EDGE('',*,*,#692,.F.);
#533=ORIENTED_EDGE('',*,*,#908,.F.);
#534=ORIENTED_EDGE('',*,*,#909,.T.);
#535=ORIENTED_EDGE('',*,*,#910,.T.);
#536=ORIENTED_EDGE('',*,*,#693,.F.);
#537=ORIENTED_EDGE('',*,*,#910,.F.);
#538=ORIENTED_EDGE('',*,*,#911,.T.);
#539=ORIENTED_EDGE('',*,*,#912,.T.);
#540=ORIENTED_EDGE('',*,*,#694,.F.);
#541=ORIENTED_EDGE('',*,*,#912,.F.);
#542=ORIENTED_EDGE('',*,*,#913,.T.);
#543=ORIENTED_EDGE('',*,*,#914,.T.);
#544=ORIENTED_EDGE('',*,*,#695,.F.);
#545=ORIENTED_EDGE('',*,*,#914,.F.);
#546=ORIENTED_EDGE('',*,*,#915,.T.);
#547=ORIENTED_EDGE('',*,*,#908,.T.);
#548=ORIENTED_EDGE('',*,*,#909,.F.);
#549=ORIENTED_EDGE('',*,*,#915,.F.);
#550=ORIENTED_EDGE('',*,*,#913,.F.);
#551=ORIENTED_EDGE('',*,*,#911,.F.);
#552=ORIENTED_EDGE('',*,*,#640,.F.);
#553=ORIENTED_EDGE('',*,*,#916,.F.);
#554=ORIENTED_EDGE('',*,*,#917,.T.);
#555=ORIENTED_EDGE('',*,*,#918,.T.);
#556=ORIENTED_EDGE('',*,*,#641,.F.);
#557=ORIENTED_EDGE('',*,*,#918,.F.);
#558=ORIENTED_EDGE('',*,*,#919,.T.);
#559=ORIENTED_EDGE('',*,*,#920,.T.);
#560=ORIENTED_EDGE('',*,*,#642,.F.);
#561=ORIENTED_EDGE('',*,*,#920,.F.);
#562=ORIENTED_EDGE('',*,*,#921,.T.);
#563=ORIENTED_EDGE('',*,*,#922,.T.);
#564=ORIENTED_EDGE('',*,*,#643,.F.);
#565=ORIENTED_EDGE('',*,*,#922,.F.);
#566=ORIENTED_EDGE('',*,*,#923,.T.);
#567=ORIENTED_EDGE('',*,*,#916,.T.);
#568=ORIENTED_EDGE('',*,*,#917,.F.);
#569=ORIENTED_EDGE('',*,*,#923,.F.);
#570=ORIENTED_EDGE('',*,*,#921,.F.);
#571=ORIENTED_EDGE('',*,*,#919,.F.);
#572=ORIENTED_EDGE('',*,*,#696,.F.);
#573=ORIENTED_EDGE('',*,*,#924,.F.);
#574=ORIENTED_EDGE('',*,*,#925,.T.);
#575=ORIENTED_EDGE('',*,*,#926,.T.);
#576=ORIENTED_EDGE('',*,*,#697,.F.);
#577=ORIENTED_EDGE('',*,*,#926,.F.);
#578=ORIENTED_EDGE('',*,*,#927,.T.);
#579=ORIENTED_EDGE('',*,*,#928,.T.);
#580=ORIENTED_EDGE('',*,*,#698,.F.);
#581=ORIENTED_EDGE('',*,*,#928,.F.);
#582=ORIENTED_EDGE('',*,*,#929,.T.);
#583=ORIENTED_EDGE('',*,*,#930,.T.);
#584=ORIENTED_EDGE('',*,*,#699,.F.);
#585=ORIENTED_EDGE('',*,*,#930,.F.);
#586=ORIENTED_EDGE('',*,*,#931,.T.);
#587=ORIENTED_EDGE('',*,*,#924,.T.);
#588=ORIENTED_EDGE('',*,*,#925,.F.);
#589=ORIENTED_EDGE('',*,*,#931,.F.);
#590=ORIENTED_EDGE('',*,*,#929,.F.);
#591=ORIENTED_EDGE('',*,*,#927,.F.);
#592=ORIENTED_EDGE('',*,*,#744,.F.);
#593=ORIENTED_EDGE('',*,*,#727,.F.);
#594=ORIENTED_EDGE('',*,*,#713,.F.);
#595=ORIENTED_EDGE('',*,*,#731,.F.);
#596=ORIENTED_EDGE('',*,*,#746,.F.);
#597=ORIENTED_EDGE('',*,*,#733,.F.);
#598=ORIENTED_EDGE('',*,*,#717,.F.);
#599=ORIENTED_EDGE('',*,*,#725,.F.);
#600=ORIENTED_EDGE('',*,*,#745,.F.);
#601=ORIENTED_EDGE('',*,*,#732,.F.);
#602=ORIENTED_EDGE('',*,*,#719,.F.);
#603=ORIENTED_EDGE('',*,*,#735,.F.);
#604=ORIENTED_EDGE('',*,*,#747,.F.);
#605=ORIENTED_EDGE('',*,*,#726,.F.);
#606=ORIENTED_EDGE('',*,*,#715,.F.);
#607=ORIENTED_EDGE('',*,*,#729,.F.);
#608=ORIENTED_EDGE('',*,*,#720,.F.);
#609=ORIENTED_EDGE('',*,*,#706,.F.);
#610=ORIENTED_EDGE('',*,*,#665,.F.);
#611=ORIENTED_EDGE('',*,*,#710,.F.);
#612=ORIENTED_EDGE('',*,*,#723,.F.);
#613=ORIENTED_EDGE('',*,*,#703,.F.);
#614=ORIENTED_EDGE('',*,*,#667,.F.);
#615=ORIENTED_EDGE('',*,*,#708,.F.);
#616=ORIENTED_EDGE('',*,*,#721,.F.);
#617=ORIENTED_EDGE('',*,*,#711,.F.);
#618=ORIENTED_EDGE('',*,*,#671,.F.);
#619=ORIENTED_EDGE('',*,*,#701,.F.);
#620=ORIENTED_EDGE('',*,*,#722,.F.);
#621=ORIENTED_EDGE('',*,*,#702,.F.);
#622=ORIENTED_EDGE('',*,*,#669,.F.);
#623=ORIENTED_EDGE('',*,*,#705,.F.);
#624=ORIENTED_EDGE('',*,*,#760,.F.);
#625=ORIENTED_EDGE('',*,*,#748,.F.);
#626=ORIENTED_EDGE('',*,*,#743,.F.);
#627=ORIENTED_EDGE('',*,*,#752,.F.);
#628=ORIENTED_EDGE('',*,*,#761,.F.);
#629=ORIENTED_EDGE('',*,*,#753,.F.);
#630=ORIENTED_EDGE('',*,*,#741,.F.);
#631=ORIENTED_EDGE('',*,*,#755,.F.);
#632=ORIENTED_EDGE('',*,*,#763,.F.);
#633=ORIENTED_EDGE('',*,*,#757,.F.);
#634=ORIENTED_EDGE('',*,*,#737,.F.);
#635=ORIENTED_EDGE('',*,*,#750,.F.);
#636=ORIENTED_EDGE('',*,*,#762,.F.);
#637=ORIENTED_EDGE('',*,*,#756,.F.);
#638=ORIENTED_EDGE('',*,*,#739,.F.);
#639=ORIENTED_EDGE('',*,*,#759,.F.);
#640=EDGE_CURVE('',#932,#933,#1124,.T.);
#641=EDGE_CURVE('',#933,#934,#1125,.T.);
#642=EDGE_CURVE('',#934,#935,#1126,.T.);
#643=EDGE_CURVE('',#935,#932,#1127,.T.);
#644=EDGE_CURVE('',#936,#937,#1128,.T.);
#645=EDGE_CURVE('',#937,#938,#1129,.T.);
#646=EDGE_CURVE('',#938,#939,#1130,.T.);
#647=EDGE_CURVE('',#939,#936,#1131,.T.);
#648=EDGE_CURVE('',#940,#941,#1132,.T.);
#649=EDGE_CURVE('',#941,#942,#1133,.T.);
#650=EDGE_CURVE('',#942,#943,#1134,.T.);
#651=EDGE_CURVE('',#943,#940,#1135,.T.);
#652=EDGE_CURVE('',#944,#945,#1136,.T.);
#653=EDGE_CURVE('',#945,#946,#1137,.T.);
#654=EDGE_CURVE('',#946,#947,#1138,.T.);
#655=EDGE_CURVE('',#947,#944,#1139,.T.);
#656=EDGE_CURVE('',#948,#949,#1140,.T.);
#657=EDGE_CURVE('',#949,#950,#1141,.T.);
#658=EDGE_CURVE('',#950,#951,#1142,.T.);
#659=EDGE_CURVE('',#951,#952,#1143,.T.);
#660=EDGE_CURVE('',#952,#953,#1144,.T.);
#661=EDGE_CURVE('',#953,#954,#1145,.T.);
#662=EDGE_CURVE('',#954,#955,#1146,.T.);
#663=EDGE_CURVE('',#955,#948,#1147,.T.);
#664=EDGE_CURVE('',#956,#957,#1148,.T.);
#665=EDGE_CURVE('',#956,#958,#32,.F.);
#666=EDGE_CURVE('',#959,#958,#1149,.T.);
#667=EDGE_CURVE('',#959,#960,#33,.F.);
#668=EDGE_CURVE('',#961,#960,#1150,.T.);
#669=EDGE_CURVE('',#961,#962,#34,.F.);
#670=EDGE_CURVE('',#963,#962,#1151,.T.);
#671=EDGE_CURVE('',#963,#957,#35,.F.);
#672=EDGE_CURVE('',#964,#965,#1152,.T.);
#673=EDGE_CURVE('',#965,#966,#1153,.T.);
#674=EDGE_CURVE('',#966,#967,#1154,.T.);
#675=EDGE_CURVE('',#967,#964,#1155,.T.);
#676=EDGE_CURVE('',#968,#969,#1156,.T.);
#677=EDGE_CURVE('',#969,#970,#1157,.T.);
#678=EDGE_CURVE('',#970,#971,#1158,.T.);
#679=EDGE_CURVE('',#971,#972,#1159,.T.);
#680=EDGE_CURVE('',#972,#973,#1160,.T.);
#681=EDGE_CURVE('',#973,#974,#1161,.T.);
#682=EDGE_CURVE('',#974,#975,#1162,.T.);
#683=EDGE_CURVE('',#975,#968,#1163,.T.);
#684=EDGE_CURVE('',#976,#977,#1164,.T.);
#685=EDGE_CURVE('',#977,#978,#1165,.T.);
#686=EDGE_CURVE('',#978,#979,#1166,.T.);
#687=EDGE_CURVE('',#979,#976,#1167,.T.);
#688=EDGE_CURVE('',#980,#981,#1168,.T.);
#689=EDGE_CURVE('',#981,#982,#1169,.T.);
#690=EDGE_CURVE('',#982,#983,#1170,.T.);
#691=EDGE_CURVE('',#983,#980,#1171,.T.);
#692=EDGE_CURVE('',#984,#985,#1172,.T.);
#693=EDGE_CURVE('',#985,#986,#1173,.T.);
#694=EDGE_CURVE('',#986,#987,#1174,.T.);
#695=EDGE_CURVE('',#987,#984,#1175,.T.);
#696=EDGE_CURVE('',#988,#989,#1176,.T.);
#697=EDGE_CURVE('',#989,#990,#1177,.T.);
#698=EDGE_CURVE('',#990,#991,#1178,.T.);
#699=EDGE_CURVE('',#991,#988,#1179,.T.);
#700=EDGE_CURVE('',#992,#993,#1180,.T.);
#701=EDGE_CURVE('',#992,#963,#1181,.T.);
#702=EDGE_CURVE('',#962,#993,#1182,.F.);
#703=EDGE_CURVE('',#960,#994,#1183,.F.);
#704=EDGE_CURVE('',#995,#994,#1184,.T.);
#705=EDGE_CURVE('',#995,#961,#1185,.T.);
#706=EDGE_CURVE('',#958,#996,#1186,.F.);
#707=EDGE_CURVE('',#997,#996,#1187,.T.);
#708=EDGE_CURVE('',#997,#959,#1188,.T.);
#709=EDGE_CURVE('',#998,#999,#1189,.T.);
#710=EDGE_CURVE('',#998,#956,#1190,.T.);
#711=EDGE_CURVE('',#957,#999,#1191,.F.);
#712=EDGE_CURVE('',#1000,#1001,#1192,.T.);
#713=EDGE_CURVE('',#1000,#1002,#36,.F.);
#714=EDGE_CURVE('',#1003,#1002,#1193,.T.);
#715=EDGE_CURVE('',#1003,#1004,#37,.F.);
#716=EDGE_CURVE('',#1005,#1004,#1194,.T.);
#717=EDGE_CURVE('',#1005,#1006,#38,.F.);
#718=EDGE_CURVE('',#1007,#1006,#1195,.T.);
#719=EDGE_CURVE('',#1007,#1001,#39,.F.);
#720=EDGE_CURVE('',#996,#998,#40,.T.);
#721=EDGE_CURVE('',#999,#992,#41,.T.);
#722=EDGE_CURVE('',#993,#995,#42,.T.);
#723=EDGE_CURVE('',#994,#997,#43,.T.);
#724=EDGE_CURVE('',#1008,#1009,#1196,.T.);
#725=EDGE_CURVE('',#1008,#1005,#1197,.T.);
#726=EDGE_CURVE('',#1004,#1009,#1198,.F.);
#727=EDGE_CURVE('',#1002,#1010,#1199,.F.);
#728=EDGE_CURVE('',#1011,#1010,#1200,.T.);
#729=EDGE_CURVE('',#1011,#1003,#1201,.T.);
#730=EDGE_CURVE('',#1012,#1013,#1202,.T.);
#731=EDGE_CURVE('',#1012,#1000,#1203,.T.);
#732=EDGE_CURVE('',#1001,#1013,#1204,.F.);
#733=EDGE_CURVE('',#1006,#1014,#1205,.F.);
#734=EDGE_CURVE('',#1015,#1014,#1206,.T.);
#735=EDGE_CURVE('',#1015,#1007,#1207,.T.);
#736=EDGE_CURVE('',#1016,#1017,#1208,.T.);
#737=EDGE_CURVE('',#1016,#1018,#44,.F.);
#738=EDGE_CURVE('',#1019,#1018,#1209,.T.);
#739=EDGE_CURVE('',#1019,#1020,#45,.F.);
#740=EDGE_CURVE('',#1021,#1020,#1210,.T.);
#741=EDGE_CURVE('',#1021,#1022,#46,.F.);
#742=EDGE_CURVE('',#1023,#1022,#1211,.T.);
#743=EDGE_CURVE('',#1023,#1017,#47,.F.);
#744=EDGE_CURVE('',#1010,#1012,#48,.T.);
#745=EDGE_CURVE('',#1013,#1015,#49,.T.);
#746=EDGE_CURVE('',#1014,#1008,#50,.T.);
#747=EDGE_CURVE('',#1009,#1011,#51,.T.);
#748=EDGE_CURVE('',#1017,#1024,#1212,.F.);
#749=EDGE_CURVE('',#1025,#1024,#1213,.T.);
#750=EDGE_CURVE('',#1025,#1016,#1214,.T.);
#751=EDGE_CURVE('',#1026,#1027,#1215,.T.);
#752=EDGE_CURVE('',#1026,#1023,#1216,.T.);
#753=EDGE_CURVE('',#1022,#1027,#1217,.F.);
#754=EDGE_CURVE('',#1028,#1029,#1218,.T.);
#755=EDGE_CURVE('',#1028,#1021,#1219,.T.);
#756=EDGE_CURVE('',#1020,#1029,#1220,.F.);
#757=EDGE_CURVE('',#1018,#1030,#1221,.F.);
#758=EDGE_CURVE('',#1031,#1030,#1222,.T.);
#759=EDGE_CURVE('',#1031,#1019,#1223,.T.);
#760=EDGE_CURVE('',#1024,#1026,#52,.T.);
#761=EDGE_CURVE('',#1027,#1028,#53,.T.);
#762=EDGE_CURVE('',#1029,#1031,#54,.T.);
#763=EDGE_CURVE('',#1030,#1025,#55,.T.);
#764=EDGE_CURVE('',#1032,#1033,#1224,.T.);
#765=EDGE_CURVE('',#1033,#1034,#1225,.T.);
#766=EDGE_CURVE('',#1034,#1035,#1226,.T.);
#767=EDGE_CURVE('',#1035,#1036,#1227,.T.);
#768=EDGE_CURVE('',#1036,#1037,#1228,.T.);
#769=EDGE_CURVE('',#1037,#1038,#1229,.T.);
#770=EDGE_CURVE('',#1038,#1039,#1230,.T.);
#771=EDGE_CURVE('',#1039,#1040,#1231,.T.);
#772=EDGE_CURVE('',#1040,#1041,#1232,.T.);
#773=EDGE_CURVE('',#1041,#1042,#1233,.T.);
#774=EDGE_CURVE('',#1042,#1043,#1234,.T.);
#775=EDGE_CURVE('',#1043,#1044,#1235,.T.);
#776=EDGE_CURVE('',#1044,#1045,#1236,.T.);
#777=EDGE_CURVE('',#1045,#1046,#1237,.T.);
#778=EDGE_CURVE('',#1046,#1047,#1238,.T.);
#779=EDGE_CURVE('',#1047,#1048,#1239,.T.);
#780=EDGE_CURVE('',#1048,#1049,#1240,.T.);
#781=EDGE_CURVE('',#1049,#1050,#1241,.T.);
#782=EDGE_CURVE('',#1050,#1051,#1242,.T.);
#783=EDGE_CURVE('',#1051,#1032,#1243,.T.);
#784=EDGE_CURVE('',#1052,#1053,#1244,.T.);
#785=EDGE_CURVE('',#1053,#1054,#1245,.T.);
#786=EDGE_CURVE('',#1055,#1054,#1246,.T.);
#787=EDGE_CURVE('',#1052,#1055,#1247,.T.);
#788=EDGE_CURVE('',#1054,#1056,#1248,.T.);
#789=EDGE_CURVE('',#1057,#1056,#1249,.T.);
#790=EDGE_CURVE('',#1055,#1057,#1250,.T.);
#791=EDGE_CURVE('',#1056,#1058,#1251,.T.);
#792=EDGE_CURVE('',#1059,#1058,#1252,.T.);
#793=EDGE_CURVE('',#1057,#1059,#1253,.T.);
#794=EDGE_CURVE('',#1058,#1053,#1254,.T.);
#795=EDGE_CURVE('',#1059,#1052,#1255,.T.);
#796=EDGE_CURVE('',#1044,#1060,#1256,.T.);
#797=EDGE_CURVE('',#1061,#1043,#1257,.T.);
#798=EDGE_CURVE('',#1062,#1061,#1258,.T.);
#799=EDGE_CURVE('',#1058,#1062,#1259,.T.);
#800=EDGE_CURVE('',#1063,#1056,#1260,.F.);
#801=EDGE_CURVE('',#1060,#1063,#1261,.T.);
#802=EDGE_CURVE('',#1039,#1064,#1262,.T.);
#803=EDGE_CURVE('',#1065,#1038,#1263,.T.);
#804=EDGE_CURVE('',#1066,#1065,#1264,.T.);
#805=EDGE_CURVE('',#1053,#1066,#1265,.F.);
#806=EDGE_CURVE('',#1064,#1062,#1266,.T.);
#807=EDGE_CURVE('',#1049,#1067,#1267,.T.);
#808=EDGE_CURVE('',#1068,#1048,#1268,.T.);
#809=EDGE_CURVE('',#1063,#1068,#1269,.T.);
#810=EDGE_CURVE('',#1069,#1054,#1270,.F.);
#811=EDGE_CURVE('',#1067,#1069,#1271,.T.);
#812=EDGE_CURVE('',#1070,#1033,#1272,.T.);
#813=EDGE_CURVE('',#1069,#1070,#1273,.T.);
#814=EDGE_CURVE('',#1071,#1066,#1274,.T.);
#815=EDGE_CURVE('',#1034,#1071,#1275,.T.);
#816=EDGE_CURVE('',#1071,#1035,#1276,.T.);
#817=EDGE_CURVE('',#1066,#1036,#1277,.T.);
#818=EDGE_CURVE('',#1065,#1037,#1278,.T.);
#819=EDGE_CURVE('',#1064,#1040,#1279,.T.);
#820=EDGE_CURVE('',#1062,#1041,#1280,.T.);
#821=EDGE_CURVE('',#1061,#1042,#1281,.T.);
#822=EDGE_CURVE('',#1068,#1047,#1282,.T.);
#823=EDGE_CURVE('',#1060,#1045,#1283,.T.);
#824=EDGE_CURVE('',#1063,#1046,#1284,.T.);
#825=EDGE_CURVE('',#1070,#1032,#1285,.T.);
#826=EDGE_CURVE('',#1067,#1050,#1286,.T.);
#827=EDGE_CURVE('',#1069,#1051,#1287,.T.);
#828=EDGE_CURVE('',#1072,#964,#1288,.T.);
#829=EDGE_CURVE('',#1072,#1073,#1289,.T.);
#830=EDGE_CURVE('',#1073,#965,#1290,.T.);
#831=EDGE_CURVE('',#1073,#1074,#1291,.T.);
#832=EDGE_CURVE('',#1074,#966,#1292,.T.);
#833=EDGE_CURVE('',#1074,#1075,#1293,.T.);
#834=EDGE_CURVE('',#1075,#967,#1294,.T.);
#835=EDGE_CURVE('',#1075,#1072,#1295,.T.);
#836=EDGE_CURVE('',#1076,#948,#1296,.T.);
#837=EDGE_CURVE('',#1076,#1077,#1297,.T.);
#838=EDGE_CURVE('',#1077,#949,#1298,.T.);
#839=EDGE_CURVE('',#1077,#1078,#1299,.T.);
#840=EDGE_CURVE('',#1078,#950,#1300,.T.);
#841=EDGE_CURVE('',#1078,#1079,#1301,.T.);
#842=EDGE_CURVE('',#1079,#951,#1302,.T.);
#843=EDGE_CURVE('',#1079,#1080,#1303,.T.);
#844=EDGE_CURVE('',#1080,#952,#1304,.T.);
#845=EDGE_CURVE('',#1080,#1081,#1305,.T.);
#846=EDGE_CURVE('',#1081,#953,#1306,.T.);
#847=EDGE_CURVE('',#1081,#1082,#1307,.T.);
#848=EDGE_CURVE('',#1082,#954,#1308,.T.);
#849=EDGE_CURVE('',#1082,#1083,#1309,.T.);
#850=EDGE_CURVE('',#1083,#955,#1310,.T.);
#851=EDGE_CURVE('',#1083,#1076,#1311,.T.);
#852=EDGE_CURVE('',#1084,#968,#1312,.T.);
#853=EDGE_CURVE('',#1084,#1085,#1313,.T.);
#854=EDGE_CURVE('',#1085,#969,#1314,.T.);
#855=EDGE_CURVE('',#1085,#1086,#1315,.T.);
#856=EDGE_CURVE('',#1086,#970,#1316,.T.);
#857=EDGE_CURVE('',#1086,#1087,#1317,.T.);
#858=EDGE_CURVE('',#1087,#971,#1318,.T.);
#859=EDGE_CURVE('',#1087,#1088,#1319,.T.);
#860=EDGE_CURVE('',#1088,#972,#1320,.T.);
#861=EDGE_CURVE('',#1088,#1089,#1321,.T.);
#862=EDGE_CURVE('',#1089,#973,#1322,.T.);
#863=EDGE_CURVE('',#1089,#1090,#1323,.T.);
#864=EDGE_CURVE('',#1090,#974,#1324,.T.);
#865=EDGE_CURVE('',#1090,#1091,#1325,.T.);
#866=EDGE_CURVE('',#1091,#975,#1326,.T.);
#867=EDGE_CURVE('',#1091,#1084,#1327,.T.);
#868=EDGE_CURVE('',#1092,#944,#1328,.T.);
#869=EDGE_CURVE('',#1092,#1093,#1329,.T.);
#870=EDGE_CURVE('',#1093,#945,#1330,.T.);
#871=EDGE_CURVE('',#1093,#1094,#1331,.T.);
#872=EDGE_CURVE('',#1094,#946,#1332,.T.);
#873=EDGE_CURVE('',#1094,#1095,#1333,.T.);
#874=EDGE_CURVE('',#1095,#947,#1334,.T.);
#875=EDGE_CURVE('',#1095,#1092,#1335,.T.);
#876=EDGE_CURVE('',#1096,#976,#1336,.T.);
#877=EDGE_CURVE('',#1096,#1097,#1337,.T.);
#878=EDGE_CURVE('',#1097,#977,#1338,.T.);
#879=EDGE_CURVE('',#1097,#1098,#1339,.T.);
#880=EDGE_CURVE('',#1098,#978,#1340,.T.);
#881=EDGE_CURVE('',#1098,#1099,#1341,.T.);
#882=EDGE_CURVE('',#1099,#979,#1342,.T.);
#883=EDGE_CURVE('',#1099,#1096,#1343,.T.);
#884=EDGE_CURVE('',#1100,#940,#1344,.T.);
#885=EDGE_CURVE('',#1100,#1101,#1345,.T.);
#886=EDGE_CURVE('',#1101,#941,#1346,.T.);
#887=EDGE_CURVE('',#1101,#1102,#1347,.T.);
#888=EDGE_CURVE('',#1102,#942,#1348,.T.);
#889=EDGE_CURVE('',#1102,#1103,#1349,.T.);
#890=EDGE_CURVE('',#1103,#943,#1350,.T.);
#891=EDGE_CURVE('',#1103,#1100,#1351,.T.);
#892=EDGE_CURVE('',#1104,#980,#1352,.T.);
#893=EDGE_CURVE('',#1104,#1105,#1353,.T.);
#894=EDGE_CURVE('',#1105,#981,#1354,.T.);
#895=EDGE_CURVE('',#1105,#1106,#1355,.T.);
#896=EDGE_CURVE('',#1106,#982,#1356,.T.);
#897=EDGE_CURVE('',#1106,#1107,#1357,.T.);
#898=EDGE_CURVE('',#1107,#983,#1358,.T.);
#899=EDGE_CURVE('',#1107,#1104,#1359,.T.);
#900=EDGE_CURVE('',#1108,#936,#1360,.T.);
#901=EDGE_CURVE('',#1108,#1109,#1361,.T.);
#902=EDGE_CURVE('',#1109,#937,#1362,.T.);
#903=EDGE_CURVE('',#1109,#1110,#1363,.T.);
#904=EDGE_CURVE('',#1110,#938,#1364,.T.);
#905=EDGE_CURVE('',#1110,#1111,#1365,.T.);
#906=EDGE_CURVE('',#1111,#939,#1366,.T.);
#907=EDGE_CURVE('',#1111,#1108,#1367,.T.);
#908=EDGE_CURVE('',#1112,#984,#1368,.T.);
#909=EDGE_CURVE('',#1112,#1113,#1369,.T.);
#910=EDGE_CURVE('',#1113,#985,#1370,.T.);
#911=EDGE_CURVE('',#1113,#1114,#1371,.T.);
#912=EDGE_CURVE('',#1114,#986,#1372,.T.);
#913=EDGE_CURVE('',#1114,#1115,#1373,.T.);
#914=EDGE_CURVE('',#1115,#987,#1374,.T.);
#915=EDGE_CURVE('',#1115,#1112,#1375,.T.);
#916=EDGE_CURVE('',#1116,#932,#1376,.T.);
#917=EDGE_CURVE('',#1116,#1117,#1377,.T.);
#918=EDGE_CURVE('',#1117,#933,#1378,.T.);
#919=EDGE_CURVE('',#1117,#1118,#1379,.T.);
#920=EDGE_CURVE('',#1118,#934,#1380,.T.);
#921=EDGE_CURVE('',#1118,#1119,#1381,.T.);
#922=EDGE_CURVE('',#1119,#935,#1382,.T.);
#923=EDGE_CURVE('',#1119,#1116,#1383,.T.);
#924=EDGE_CURVE('',#1120,#988,#1384,.T.);
#925=EDGE_CURVE('',#1120,#1121,#1385,.T.);
#926=EDGE_CURVE('',#1121,#989,#1386,.T.);
#927=EDGE_CURVE('',#1121,#1122,#1387,.T.);
#928=EDGE_CURVE('',#1122,#990,#1388,.T.);
#929=EDGE_CURVE('',#1122,#1123,#1389,.T.);
#930=EDGE_CURVE('',#1123,#991,#1390,.T.);
#931=EDGE_CURVE('',#1123,#1120,#1391,.T.);
#932=VERTEX_POINT('',#2846);
#933=VERTEX_POINT('',#2847);
#934=VERTEX_POINT('',#2849);
#935=VERTEX_POINT('',#2851);
#936=VERTEX_POINT('',#2854);
#937=VERTEX_POINT('',#2855);
#938=VERTEX_POINT('',#2857);
#939=VERTEX_POINT('',#2859);
#940=VERTEX_POINT('',#2862);
#941=VERTEX_POINT('',#2863);
#942=VERTEX_POINT('',#2865);
#943=VERTEX_POINT('',#2867);
#944=VERTEX_POINT('',#2870);
#945=VERTEX_POINT('',#2871);
#946=VERTEX_POINT('',#2873);
#947=VERTEX_POINT('',#2875);
#948=VERTEX_POINT('',#2878);
#949=VERTEX_POINT('',#2879);
#950=VERTEX_POINT('',#2881);
#951=VERTEX_POINT('',#2883);
#952=VERTEX_POINT('',#2885);
#953=VERTEX_POINT('',#2887);
#954=VERTEX_POINT('',#2889);
#955=VERTEX_POINT('',#2891);
#956=VERTEX_POINT('',#2894);
#957=VERTEX_POINT('',#2895);
#958=VERTEX_POINT('',#2897);
#959=VERTEX_POINT('',#2899);
#960=VERTEX_POINT('',#2901);
#961=VERTEX_POINT('',#2903);
#962=VERTEX_POINT('',#2905);
#963=VERTEX_POINT('',#2907);
#964=VERTEX_POINT('',#2910);
#965=VERTEX_POINT('',#2911);
#966=VERTEX_POINT('',#2913);
#967=VERTEX_POINT('',#2915);
#968=VERTEX_POINT('',#2918);
#969=VERTEX_POINT('',#2919);
#970=VERTEX_POINT('',#2921);
#971=VERTEX_POINT('',#2923);
#972=VERTEX_POINT('',#2925);
#973=VERTEX_POINT('',#2927);
#974=VERTEX_POINT('',#2929);
#975=VERTEX_POINT('',#2931);
#976=VERTEX_POINT('',#2934);
#977=VERTEX_POINT('',#2935);
#978=VERTEX_POINT('',#2937);
#979=VERTEX_POINT('',#2939);
#980=VERTEX_POINT('',#2942);
#981=VERTEX_POINT('',#2943);
#982=VERTEX_POINT('',#2945);
#983=VERTEX_POINT('',#2947);
#984=VERTEX_POINT('',#2950);
#985=VERTEX_POINT('',#2951);
#986=VERTEX_POINT('',#2953);
#987=VERTEX_POINT('',#2955);
#988=VERTEX_POINT('',#2958);
#989=VERTEX_POINT('',#2959);
#990=VERTEX_POINT('',#2961);
#991=VERTEX_POINT('',#2963);
#992=VERTEX_POINT('',#2967);
#993=VERTEX_POINT('',#2968);
#994=VERTEX_POINT('',#2973);
#995=VERTEX_POINT('',#2975);
#996=VERTEX_POINT('',#2979);
#997=VERTEX_POINT('',#2981);
#998=VERTEX_POINT('',#2985);
#999=VERTEX_POINT('',#2986);
#1000=VERTEX_POINT('',#2991);
#1001=VERTEX_POINT('',#2992);
#1002=VERTEX_POINT('',#2994);
#1003=VERTEX_POINT('',#2996);
#1004=VERTEX_POINT('',#2998);
#1005=VERTEX_POINT('',#3000);
#1006=VERTEX_POINT('',#3002);
#1007=VERTEX_POINT('',#3004);
#1008=VERTEX_POINT('',#3012);
#1009=VERTEX_POINT('',#3013);
#1010=VERTEX_POINT('',#3018);
#1011=VERTEX_POINT('',#3020);
#1012=VERTEX_POINT('',#3024);
#1013=VERTEX_POINT('',#3025);
#1014=VERTEX_POINT('',#3030);
#1015=VERTEX_POINT('',#3032);
#1016=VERTEX_POINT('',#3036);
#1017=VERTEX_POINT('',#3037);
#1018=VERTEX_POINT('',#3039);
#1019=VERTEX_POINT('',#3041);
#1020=VERTEX_POINT('',#3043);
#1021=VERTEX_POINT('',#3045);
#1022=VERTEX_POINT('',#3047);
#1023=VERTEX_POINT('',#3049);
#1024=VERTEX_POINT('',#3057);
#1025=VERTEX_POINT('',#3059);
#1026=VERTEX_POINT('',#3063);
#1027=VERTEX_POINT('',#3064);
#1028=VERTEX_POINT('',#3069);
#1029=VERTEX_POINT('',#3070);
#1030=VERTEX_POINT('',#3075);
#1031=VERTEX_POINT('',#3077);
#1032=VERTEX_POINT('',#3085);
#1033=VERTEX_POINT('',#3086);
#1034=VERTEX_POINT('',#3088);
#1035=VERTEX_POINT('',#3090);
#1036=VERTEX_POINT('',#3092);
#1037=VERTEX_POINT('',#3094);
#1038=VERTEX_POINT('',#3096);
#1039=VERTEX_POINT('',#3098);
#1040=VERTEX_POINT('',#3100);
#1041=VERTEX_POINT('',#3102);
#1042=VERTEX_POINT('',#3104);
#1043=VERTEX_POINT('',#3106);
#1044=VERTEX_POINT('',#3108);
#1045=VERTEX_POINT('',#3110);
#1046=VERTEX_POINT('',#3112);
#1047=VERTEX_POINT('',#3114);
#1048=VERTEX_POINT('',#3116);
#1049=VERTEX_POINT('',#3118);
#1050=VERTEX_POINT('',#3120);
#1051=VERTEX_POINT('',#3122);
#1052=VERTEX_POINT('',#3126);
#1053=VERTEX_POINT('',#3127);
#1054=VERTEX_POINT('',#3129);
#1055=VERTEX_POINT('',#3131);
#1056=VERTEX_POINT('',#3135);
#1057=VERTEX_POINT('',#3137);
#1058=VERTEX_POINT('',#3141);
#1059=VERTEX_POINT('',#3143);
#1060=VERTEX_POINT('',#3151);
#1061=VERTEX_POINT('',#3153);
#1062=VERTEX_POINT('',#3155);
#1063=VERTEX_POINT('',#3158);
#1064=VERTEX_POINT('',#3162);
#1065=VERTEX_POINT('',#3164);
#1066=VERTEX_POINT('',#3166);
#1067=VERTEX_POINT('',#3171);
#1068=VERTEX_POINT('',#3173);
#1069=VERTEX_POINT('',#3176);
#1070=VERTEX_POINT('',#3180);
#1071=VERTEX_POINT('',#3183);
#1072=VERTEX_POINT('',#3215);
#1073=VERTEX_POINT('',#3217);
#1074=VERTEX_POINT('',#3221);
#1075=VERTEX_POINT('',#3225);
#1076=VERTEX_POINT('',#3232);
#1077=VERTEX_POINT('',#3234);
#1078=VERTEX_POINT('',#3238);
#1079=VERTEX_POINT('',#3242);
#1080=VERTEX_POINT('',#3246);
#1081=VERTEX_POINT('',#3250);
#1082=VERTEX_POINT('',#3254);
#1083=VERTEX_POINT('',#3258);
#1084=VERTEX_POINT('',#3265);
#1085=VERTEX_POINT('',#3267);
#1086=VERTEX_POINT('',#3271);
#1087=VERTEX_POINT('',#3275);
#1088=VERTEX_POINT('',#3279);
#1089=VERTEX_POINT('',#3283);
#1090=VERTEX_POINT('',#3287);
#1091=VERTEX_POINT('',#3291);
#1092=VERTEX_POINT('',#3298);
#1093=VERTEX_POINT('',#3300);
#1094=VERTEX_POINT('',#3304);
#1095=VERTEX_POINT('',#3308);
#1096=VERTEX_POINT('',#3315);
#1097=VERTEX_POINT('',#3317);
#1098=VERTEX_POINT('',#3321);
#1099=VERTEX_POINT('',#3325);
#1100=VERTEX_POINT('',#3332);
#1101=VERTEX_POINT('',#3334);
#1102=VERTEX_POINT('',#3338);
#1103=VERTEX_POINT('',#3342);
#1104=VERTEX_POINT('',#3349);
#1105=VERTEX_POINT('',#3351);
#1106=VERTEX_POINT('',#3355);
#1107=VERTEX_POINT('',#3359);
#1108=VERTEX_POINT('',#3366);
#1109=VERTEX_POINT('',#3368);
#1110=VERTEX_POINT('',#3372);
#1111=VERTEX_POINT('',#3376);
#1112=VERTEX_POINT('',#3383);
#1113=VERTEX_POINT('',#3385);
#1114=VERTEX_POINT('',#3389);
#1115=VERTEX_POINT('',#3393);
#1116=VERTEX_POINT('',#3400);
#1117=VERTEX_POINT('',#3402);
#1118=VERTEX_POINT('',#3406);
#1119=VERTEX_POINT('',#3410);
#1120=VERTEX_POINT('',#3417);
#1121=VERTEX_POINT('',#3419);
#1122=VERTEX_POINT('',#3423);
#1123=VERTEX_POINT('',#3427);
#1124=LINE('',#2845,#1392);
#1125=LINE('',#2848,#1393);
#1126=LINE('',#2850,#1394);
#1127=LINE('',#2852,#1395);
#1128=LINE('',#2853,#1396);
#1129=LINE('',#2856,#1397);
#1130=LINE('',#2858,#1398);
#1131=LINE('',#2860,#1399);
#1132=LINE('',#2861,#1400);
#1133=LINE('',#2864,#1401);
#1134=LINE('',#2866,#1402);
#1135=LINE('',#2868,#1403);
#1136=LINE('',#2869,#1404);
#1137=LINE('',#2872,#1405);
#1138=LINE('',#2874,#1406);
#1139=LINE('',#2876,#1407);
#1140=LINE('',#2877,#1408);
#1141=LINE('',#2880,#1409);
#1142=LINE('',#2882,#1410);
#1143=LINE('',#2884,#1411);
#1144=LINE('',#2886,#1412);
#1145=LINE('',#2888,#1413);
#1146=LINE('',#2890,#1414);
#1147=LINE('',#2892,#1415);
#1148=LINE('',#2893,#1416);
#1149=LINE('',#2898,#1417);
#1150=LINE('',#2902,#1418);
#1151=LINE('',#2906,#1419);
#1152=LINE('',#2909,#1420);
#1153=LINE('',#2912,#1421);
#1154=LINE('',#2914,#1422);
#1155=LINE('',#2916,#1423);
#1156=LINE('',#2917,#1424);
#1157=LINE('',#2920,#1425);
#1158=LINE('',#2922,#1426);
#1159=LINE('',#2924,#1427);
#1160=LINE('',#2926,#1428);
#1161=LINE('',#2928,#1429);
#1162=LINE('',#2930,#1430);
#1163=LINE('',#2932,#1431);
#1164=LINE('',#2933,#1432);
#1165=LINE('',#2936,#1433);
#1166=LINE('',#2938,#1434);
#1167=LINE('',#2940,#1435);
#1168=LINE('',#2941,#1436);
#1169=LINE('',#2944,#1437);
#1170=LINE('',#2946,#1438);
#1171=LINE('',#2948,#1439);
#1172=LINE('',#2949,#1440);
#1173=LINE('',#2952,#1441);
#1174=LINE('',#2954,#1442);
#1175=LINE('',#2956,#1443);
#1176=LINE('',#2957,#1444);
#1177=LINE('',#2960,#1445);
#1178=LINE('',#2962,#1446);
#1179=LINE('',#2964,#1447);
#1180=LINE('',#2966,#1448);
#1181=LINE('',#2969,#1449);
#1182=LINE('',#2970,#1450);
#1183=LINE('',#2972,#1451);
#1184=LINE('',#2974,#1452);
#1185=LINE('',#2976,#1453);
#1186=LINE('',#2978,#1454);
#1187=LINE('',#2980,#1455);
#1188=LINE('',#2982,#1456);
#1189=LINE('',#2984,#1457);
#1190=LINE('',#2987,#1458);
#1191=LINE('',#2988,#1459);
#1192=LINE('',#2990,#1460);
#1193=LINE('',#2995,#1461);
#1194=LINE('',#2999,#1462);
#1195=LINE('',#3003,#1463);
#1196=LINE('',#3011,#1464);
#1197=LINE('',#3014,#1465);
#1198=LINE('',#3015,#1466);
#1199=LINE('',#3017,#1467);
#1200=LINE('',#3019,#1468);
#1201=LINE('',#3021,#1469);
#1202=LINE('',#3023,#1470);
#1203=LINE('',#3026,#1471);
#1204=LINE('',#3027,#1472);
#1205=LINE('',#3029,#1473);
#1206=LINE('',#3031,#1474);
#1207=LINE('',#3033,#1475);
#1208=LINE('',#3035,#1476);
#1209=LINE('',#3040,#1477);
#1210=LINE('',#3044,#1478);
#1211=LINE('',#3048,#1479);
#1212=LINE('',#3056,#1480);
#1213=LINE('',#3058,#1481);
#1214=LINE('',#3060,#1482);
#1215=LINE('',#3062,#1483);
#1216=LINE('',#3065,#1484);
#1217=LINE('',#3066,#1485);
#1218=LINE('',#3068,#1486);
#1219=LINE('',#3071,#1487);
#1220=LINE('',#3072,#1488);
#1221=LINE('',#3074,#1489);
#1222=LINE('',#3076,#1490);
#1223=LINE('',#3078,#1491);
#1224=LINE('',#3084,#1492);
#1225=LINE('',#3087,#1493);
#1226=LINE('',#3089,#1494);
#1227=LINE('',#3091,#1495);
#1228=LINE('',#3093,#1496);
#1229=LINE('',#3095,#1497);
#1230=LINE('',#3097,#1498);
#1231=LINE('',#3099,#1499);
#1232=LINE('',#3101,#1500);
#1233=LINE('',#3103,#1501);
#1234=LINE('',#3105,#1502);
#1235=LINE('',#3107,#1503);
#1236=LINE('',#3109,#1504);
#1237=LINE('',#3111,#1505);
#1238=LINE('',#3113,#1506);
#1239=LINE('',#3115,#1507);
#1240=LINE('',#3117,#1508);
#1241=LINE('',#3119,#1509);
#1242=LINE('',#3121,#1510);
#1243=LINE('',#3123,#1511);
#1244=LINE('',#3125,#1512);
#1245=LINE('',#3128,#1513);
#1246=LINE('',#3130,#1514);
#1247=LINE('',#3132,#1515);
#1248=LINE('',#3134,#1516);
#1249=LINE('',#3136,#1517);
#1250=LINE('',#3138,#1518);
#1251=LINE('',#3140,#1519);
#1252=LINE('',#3142,#1520);
#1253=LINE('',#3144,#1521);
#1254=LINE('',#3146,#1522);
#1255=LINE('',#3147,#1523);
#1256=LINE('',#3150,#1524);
#1257=LINE('',#3152,#1525);
#1258=LINE('',#3154,#1526);
#1259=LINE('',#3156,#1527);
#1260=LINE('',#3157,#1528);
#1261=LINE('',#3159,#1529);
#1262=LINE('',#3161,#1530);
#1263=LINE('',#3163,#1531);
#1264=LINE('',#3165,#1532);
#1265=LINE('',#3167,#1533);
#1266=LINE('',#3168,#1534);
#1267=LINE('',#3170,#1535);
#1268=LINE('',#3172,#1536);
#1269=LINE('',#3174,#1537);
#1270=LINE('',#3175,#1538);
#1271=LINE('',#3177,#1539);
#1272=LINE('',#3179,#1540);
#1273=LINE('',#3181,#1541);
#1274=LINE('',#3182,#1542);
#1275=LINE('',#3184,#1543);
#1276=LINE('',#3186,#1544);
#1277=LINE('',#3188,#1545);
#1278=LINE('',#3190,#1546);
#1279=LINE('',#3193,#1547);
#1280=LINE('',#3195,#1548);
#1281=LINE('',#3197,#1549);
#1282=LINE('',#3200,#1550);
#1283=LINE('',#3202,#1551);
#1284=LINE('',#3204,#1552);
#1285=LINE('',#3207,#1553);
#1286=LINE('',#3209,#1554);
#1287=LINE('',#3211,#1555);
#1288=LINE('',#3214,#1556);
#1289=LINE('',#3216,#1557);
#1290=LINE('',#3218,#1558);
#1291=LINE('',#3220,#1559);
#1292=LINE('',#3222,#1560);
#1293=LINE('',#3224,#1561);
#1294=LINE('',#3226,#1562);
#1295=LINE('',#3228,#1563);
#1296=LINE('',#3231,#1564);
#1297=LINE('',#3233,#1565);
#1298=LINE('',#3235,#1566);
#1299=LINE('',#3237,#1567);
#1300=LINE('',#3239,#1568);
#1301=LINE('',#3241,#1569);
#1302=LINE('',#3243,#1570);
#1303=LINE('',#3245,#1571);
#1304=LINE('',#3247,#1572);
#1305=LINE('',#3249,#1573);
#1306=LINE('',#3251,#1574);
#1307=LINE('',#3253,#1575);
#1308=LINE('',#3255,#1576);
#1309=LINE('',#3257,#1577);
#1310=LINE('',#3259,#1578);
#1311=LINE('',#3261,#1579);
#1312=LINE('',#3264,#1580);
#1313=LINE('',#3266,#1581);
#1314=LINE('',#3268,#1582);
#1315=LINE('',#3270,#1583);
#1316=LINE('',#3272,#1584);
#1317=LINE('',#3274,#1585);
#1318=LINE('',#3276,#1586);
#1319=LINE('',#3278,#1587);
#1320=LINE('',#3280,#1588);
#1321=LINE('',#3282,#1589);
#1322=LINE('',#3284,#1590);
#1323=LINE('',#3286,#1591);
#1324=LINE('',#3288,#1592);
#1325=LINE('',#3290,#1593);
#1326=LINE('',#3292,#1594);
#1327=LINE('',#3294,#1595);
#1328=LINE('',#3297,#1596);
#1329=LINE('',#3299,#1597);
#1330=LINE('',#3301,#1598);
#1331=LINE('',#3303,#1599);
#1332=LINE('',#3305,#1600);
#1333=LINE('',#3307,#1601);
#1334=LINE('',#3309,#1602);
#1335=LINE('',#3311,#1603);
#1336=LINE('',#3314,#1604);
#1337=LINE('',#3316,#1605);
#1338=LINE('',#3318,#1606);
#1339=LINE('',#3320,#1607);
#1340=LINE('',#3322,#1608);
#1341=LINE('',#3324,#1609);
#1342=LINE('',#3326,#1610);
#1343=LINE('',#3328,#1611);
#1344=LINE('',#3331,#1612);
#1345=LINE('',#3333,#1613);
#1346=LINE('',#3335,#1614);
#1347=LINE('',#3337,#1615);
#1348=LINE('',#3339,#1616);
#1349=LINE('',#3341,#1617);
#1350=LINE('',#3343,#1618);
#1351=LINE('',#3345,#1619);
#1352=LINE('',#3348,#1620);
#1353=LINE('',#3350,#1621);
#1354=LINE('',#3352,#1622);
#1355=LINE('',#3354,#1623);
#1356=LINE('',#3356,#1624);
#1357=LINE('',#3358,#1625);
#1358=LINE('',#3360,#1626);
#1359=LINE('',#3362,#1627);
#1360=LINE('',#3365,#1628);
#1361=LINE('',#3367,#1629);
#1362=LINE('',#3369,#1630);
#1363=LINE('',#3371,#1631);
#1364=LINE('',#3373,#1632);
#1365=LINE('',#3375,#1633);
#1366=LINE('',#3377,#1634);
#1367=LINE('',#3379,#1635);
#1368=LINE('',#3382,#1636);
#1369=LINE('',#3384,#1637);
#1370=LINE('',#3386,#1638);
#1371=LINE('',#3388,#1639);
#1372=LINE('',#3390,#1640);
#1373=LINE('',#3392,#1641);
#1374=LINE('',#3394,#1642);
#1375=LINE('',#3396,#1643);
#1376=LINE('',#3399,#1644);
#1377=LINE('',#3401,#1645);
#1378=LINE('',#3403,#1646);
#1379=LINE('',#3405,#1647);
#1380=LINE('',#3407,#1648);
#1381=LINE('',#3409,#1649);
#1382=LINE('',#3411,#1650);
#1383=LINE('',#3413,#1651);
#1384=LINE('',#3416,#1652);
#1385=LINE('',#3418,#1653);
#1386=LINE('',#3420,#1654);
#1387=LINE('',#3422,#1655);
#1388=LINE('',#3424,#1656);
#1389=LINE('',#3426,#1657);
#1390=LINE('',#3428,#1658);
#1391=LINE('',#3430,#1659);
#1392=VECTOR('',#2297,1000.);
#1393=VECTOR('',#2298,1000.);
#1394=VECTOR('',#2299,1000.);
#1395=VECTOR('',#2300,1000.);
#1396=VECTOR('',#2301,1000.);
#1397=VECTOR('',#2302,1000.);
#1398=VECTOR('',#2303,1000.);
#1399=VECTOR('',#2304,1000.);
#1400=VECTOR('',#2305,1000.);
#1401=VECTOR('',#2306,1000.);
#1402=VECTOR('',#2307,1000.);
#1403=VECTOR('',#2308,1000.);
#1404=VECTOR('',#2309,1000.);
#1405=VECTOR('',#2310,1000.);
#1406=VECTOR('',#2311,1000.);
#1407=VECTOR('',#2312,1000.);
#1408=VECTOR('',#2313,1000.);
#1409=VECTOR('',#2314,1000.);
#1410=VECTOR('',#2315,1000.);
#1411=VECTOR('',#2316,1000.);
#1412=VECTOR('',#2317,1000.);
#1413=VECTOR('',#2318,1000.);
#1414=VECTOR('',#2319,1000.);
#1415=VECTOR('',#2320,1000.);
#1416=VECTOR('',#2321,1000.);
#1417=VECTOR('',#2324,1000.);
#1418=VECTOR('',#2327,1000.);
#1419=VECTOR('',#2330,1000.);
#1420=VECTOR('',#2333,1000.);
#1421=VECTOR('',#2334,1000.);
#1422=VECTOR('',#2335,1000.);
#1423=VECTOR('',#2336,1000.);
#1424=VECTOR('',#2337,1000.);
#1425=VECTOR('',#2338,1000.);
#1426=VECTOR('',#2339,1000.);
#1427=VECTOR('',#2340,1000.);
#1428=VECTOR('',#2341,1000.);
#1429=VECTOR('',#2342,1000.);
#1430=VECTOR('',#2343,1000.);
#1431=VECTOR('',#2344,1000.);
#1432=VECTOR('',#2345,1000.);
#1433=VECTOR('',#2346,1000.);
#1434=VECTOR('',#2347,1000.);
#1435=VECTOR('',#2348,1000.);
#1436=VECTOR('',#2349,1000.);
#1437=VECTOR('',#2350,1000.);
#1438=VECTOR('',#2351,1000.);
#1439=VECTOR('',#2352,1000.);
#1440=VECTOR('',#2353,1000.);
#1441=VECTOR('',#2354,1000.);
#1442=VECTOR('',#2355,1000.);
#1443=VECTOR('',#2356,1000.);
#1444=VECTOR('',#2357,1000.);
#1445=VECTOR('',#2358,1000.);
#1446=VECTOR('',#2359,1000.);
#1447=VECTOR('',#2360,1000.);
#1448=VECTOR('',#2363,1000.);
#1449=VECTOR('',#2364,1000.);
#1450=VECTOR('',#2365,1000.);
#1451=VECTOR('',#2368,1000.);
#1452=VECTOR('',#2369,1000.);
#1453=VECTOR('',#2370,1000.);
#1454=VECTOR('',#2373,1000.);
#1455=VECTOR('',#2374,1000.);
#1456=VECTOR('',#2375,1000.);
#1457=VECTOR('',#2378,1000.);
#1458=VECTOR('',#2379,1000.);
#1459=VECTOR('',#2380,1000.);
#1460=VECTOR('',#2383,1000.);
#1461=VECTOR('',#2386,1000.);
#1462=VECTOR('',#2389,1000.);
#1463=VECTOR('',#2392,1000.);
#1464=VECTOR('',#2405,1000.);
#1465=VECTOR('',#2406,1000.);
#1466=VECTOR('',#2407,1000.);
#1467=VECTOR('',#2410,1000.);
#1468=VECTOR('',#2411,1000.);
#1469=VECTOR('',#2412,1000.);
#1470=VECTOR('',#2415,1000.);
#1471=VECTOR('',#2416,1000.);
#1472=VECTOR('',#2417,1000.);
#1473=VECTOR('',#2420,1000.);
#1474=VECTOR('',#2421,1000.);
#1475=VECTOR('',#2422,1000.);
#1476=VECTOR('',#2425,1000.);
#1477=VECTOR('',#2428,1000.);
#1478=VECTOR('',#2431,1000.);
#1479=VECTOR('',#2434,1000.);
#1480=VECTOR('',#2447,1000.);
#1481=VECTOR('',#2448,1000.);
#1482=VECTOR('',#2449,1000.);
#1483=VECTOR('',#2452,1000.);
#1484=VECTOR('',#2453,1000.);
#1485=VECTOR('',#2454,1000.);
#1486=VECTOR('',#2457,1000.);
#1487=VECTOR('',#2458,1000.);
#1488=VECTOR('',#2459,1000.);
#1489=VECTOR('',#2462,1000.);
#1490=VECTOR('',#2463,1000.);
#1491=VECTOR('',#2464,1000.);
#1492=VECTOR('',#2475,1000.);
#1493=VECTOR('',#2476,1000.);
#1494=VECTOR('',#2477,1000.);
#1495=VECTOR('',#2478,1000.);
#1496=VECTOR('',#2479,1000.);
#1497=VECTOR('',#2480,1000.);
#1498=VECTOR('',#2481,1000.);
#1499=VECTOR('',#2482,1000.);
#1500=VECTOR('',#2483,1000.);
#1501=VECTOR('',#2484,1000.);
#1502=VECTOR('',#2485,1000.);
#1503=VECTOR('',#2486,1000.);
#1504=VECTOR('',#2487,1000.);
#1505=VECTOR('',#2488,1000.);
#1506=VECTOR('',#2489,1000.);
#1507=VECTOR('',#2490,1000.);
#1508=VECTOR('',#2491,1000.);
#1509=VECTOR('',#2492,1000.);
#1510=VECTOR('',#2493,1000.);
#1511=VECTOR('',#2494,1000.);
#1512=VECTOR('',#2497,1000.);
#1513=VECTOR('',#2498,1000.);
#1514=VECTOR('',#2499,1000.);
#1515=VECTOR('',#2500,1000.);
#1516=VECTOR('',#2503,1000.);
#1517=VECTOR('',#2504,1000.);
#1518=VECTOR('',#2505,1000.);
#1519=VECTOR('',#2508,1000.);
#1520=VECTOR('',#2509,1000.);
#1521=VECTOR('',#2510,1000.);
#1522=VECTOR('',#2513,1000.);
#1523=VECTOR('',#2514,1000.);
#1524=VECTOR('',#2519,1000.);
#1525=VECTOR('',#2520,1000.);
#1526=VECTOR('',#2521,1000.);
#1527=VECTOR('',#2522,1000.);
#1528=VECTOR('',#2523,1000.);
#1529=VECTOR('',#2524,1000.);
#1530=VECTOR('',#2527,1000.);
#1531=VECTOR('',#2528,1000.);
#1532=VECTOR('',#2529,1000.);
#1533=VECTOR('',#2530,1000.);
#1534=VECTOR('',#2531,1000.);
#1535=VECTOR('',#2534,1000.);
#1536=VECTOR('',#2535,1000.);
#1537=VECTOR('',#2536,1000.);
#1538=VECTOR('',#2537,1000.);
#1539=VECTOR('',#2538,1000.);
#1540=VECTOR('',#2541,1000.);
#1541=VECTOR('',#2542,1000.);
#1542=VECTOR('',#2543,1000.);
#1543=VECTOR('',#2544,1000.);
#1544=VECTOR('',#2547,1000.);
#1545=VECTOR('',#2550,1000.);
#1546=VECTOR('',#2553,1000.);
#1547=VECTOR('',#2558,1000.);
#1548=VECTOR('',#2561,1000.);
#1549=VECTOR('',#2564,1000.);
#1550=VECTOR('',#2569,1000.);
#1551=VECTOR('',#2572,1000.);
#1552=VECTOR('',#2575,1000.);
#1553=VECTOR('',#2580,1000.);
#1554=VECTOR('',#2583,1000.);
#1555=VECTOR('',#2586,1000.);
#1556=VECTOR('',#2591,1000.);
#1557=VECTOR('',#2592,1000.);
#1558=VECTOR('',#2593,1000.);
#1559=VECTOR('',#2596,1000.);
#1560=VECTOR('',#2597,1000.);
#1561=VECTOR('',#2600,1000.);
#1562=VECTOR('',#2601,1000.);
#1563=VECTOR('',#2604,1000.);
#1564=VECTOR('',#2609,1000.);
#1565=VECTOR('',#2610,1000.);
#1566=VECTOR('',#2611,1000.);
#1567=VECTOR('',#2614,1000.);
#1568=VECTOR('',#2615,1000.);
#1569=VECTOR('',#2618,1000.);
#1570=VECTOR('',#2619,1000.);
#1571=VECTOR('',#2622,1000.);
#1572=VECTOR('',#2623,1000.);
#1573=VECTOR('',#2626,1000.);
#1574=VECTOR('',#2627,1000.);
#1575=VECTOR('',#2630,1000.);
#1576=VECTOR('',#2631,1000.);
#1577=VECTOR('',#2634,1000.);
#1578=VECTOR('',#2635,1000.);
#1579=VECTOR('',#2638,1000.);
#1580=VECTOR('',#2643,1000.);
#1581=VECTOR('',#2644,1000.);
#1582=VECTOR('',#2645,1000.);
#1583=VECTOR('',#2648,1000.);
#1584=VECTOR('',#2649,1000.);
#1585=VECTOR('',#2652,1000.);
#1586=VECTOR('',#2653,1000.);
#1587=VECTOR('',#2656,1000.);
#1588=VECTOR('',#2657,1000.);
#1589=VECTOR('',#2660,1000.);
#1590=VECTOR('',#2661,1000.);
#1591=VECTOR('',#2664,1000.);
#1592=VECTOR('',#2665,1000.);
#1593=VECTOR('',#2668,1000.);
#1594=VECTOR('',#2669,1000.);
#1595=VECTOR('',#2672,1000.);
#1596=VECTOR('',#2677,1000.);
#1597=VECTOR('',#2678,1000.);
#1598=VECTOR('',#2679,1000.);
#1599=VECTOR('',#2682,1000.);
#1600=VECTOR('',#2683,1000.);
#1601=VECTOR('',#2686,1000.);
#1602=VECTOR('',#2687,1000.);
#1603=VECTOR('',#2690,1000.);
#1604=VECTOR('',#2695,1000.);
#1605=VECTOR('',#2696,1000.);
#1606=VECTOR('',#2697,1000.);
#1607=VECTOR('',#2700,1000.);
#1608=VECTOR('',#2701,1000.);
#1609=VECTOR('',#2704,1000.);
#1610=VECTOR('',#2705,1000.);
#1611=VECTOR('',#2708,1000.);
#1612=VECTOR('',#2713,1000.);
#1613=VECTOR('',#2714,1000.);
#1614=VECTOR('',#2715,1000.);
#1615=VECTOR('',#2718,1000.);
#1616=VECTOR('',#2719,1000.);
#1617=VECTOR('',#2722,1000.);
#1618=VECTOR('',#2723,1000.);
#1619=VECTOR('',#2726,1000.);
#1620=VECTOR('',#2731,1000.);
#1621=VECTOR('',#2732,1000.);
#1622=VECTOR('',#2733,1000.);
#1623=VECTOR('',#2736,1000.);
#1624=VECTOR('',#2737,1000.);
#1625=VECTOR('',#2740,1000.);
#1626=VECTOR('',#2741,1000.);
#1627=VECTOR('',#2744,1000.);
#1628=VECTOR('',#2749,1000.);
#1629=VECTOR('',#2750,1000.);
#1630=VECTOR('',#2751,1000.);
#1631=VECTOR('',#2754,1000.);
#1632=VECTOR('',#2755,1000.);
#1633=VECTOR('',#2758,1000.);
#1634=VECTOR('',#2759,1000.);
#1635=VECTOR('',#2762,1000.);
#1636=VECTOR('',#2767,1000.);
#1637=VECTOR('',#2768,1000.);
#1638=VECTOR('',#2769,1000.);
#1639=VECTOR('',#2772,1000.);
#1640=VECTOR('',#2773,1000.);
#1641=VECTOR('',#2776,1000.);
#1642=VECTOR('',#2777,1000.);
#1643=VECTOR('',#2780,1000.);
#1644=VECTOR('',#2785,1000.);
#1645=VECTOR('',#2786,1000.);
#1646=VECTOR('',#2787,1000.);
#1647=VECTOR('',#2790,1000.);
#1648=VECTOR('',#2791,1000.);
#1649=VECTOR('',#2794,1000.);
#1650=VECTOR('',#2795,1000.);
#1651=VECTOR('',#2798,1000.);
#1652=VECTOR('',#2803,1000.);
#1653=VECTOR('',#2804,1000.);
#1654=VECTOR('',#2805,1000.);
#1655=VECTOR('',#2808,1000.);
#1656=VECTOR('',#2809,1000.);
#1657=VECTOR('',#2812,1000.);
#1658=VECTOR('',#2813,1000.);
#1659=VECTOR('',#2816,1000.);
#1660=EDGE_LOOP('',(#56,#57,#58,#59));
#1661=EDGE_LOOP('',(#60,#61,#62,#63));
#1662=EDGE_LOOP('',(#64,#65,#66,#67));
#1663=EDGE_LOOP('',(#68,#69,#70,#71));
#1664=EDGE_LOOP('',(#72,#73,#74,#75,#76,#77,#78,#79));
#1665=EDGE_LOOP('',(#80,#81,#82,#83,#84,#85,#86,#87));
#1666=EDGE_LOOP('',(#88,#89,#90,#91));
#1667=EDGE_LOOP('',(#92,#93,#94,#95,#96,#97,#98,#99));
#1668=EDGE_LOOP('',(#100,#101,#102,#103));
#1669=EDGE_LOOP('',(#104,#105,#106,#107));
#1670=EDGE_LOOP('',(#108,#109,#110,#111));
#1671=EDGE_LOOP('',(#112,#113,#114,#115));
#1672=EDGE_LOOP('',(#116,#117,#118,#119));
#1673=EDGE_LOOP('',(#120,#121,#122,#123));
#1674=EDGE_LOOP('',(#124,#125,#126,#127));
#1675=EDGE_LOOP('',(#128,#129,#130,#131));
#1676=EDGE_LOOP('',(#132,#133,#134,#135,#136,#137,#138,#139));
#1677=EDGE_LOOP('',(#140,#141,#142,#143,#144,#145,#146,#147));
#1678=EDGE_LOOP('',(#148,#149,#150,#151));
#1679=EDGE_LOOP('',(#152,#153,#154,#155));
#1680=EDGE_LOOP('',(#156,#157,#158,#159));
#1681=EDGE_LOOP('',(#160,#161,#162,#163));
#1682=EDGE_LOOP('',(#164,#165,#166,#167,#168,#169,#170,#171));
#1683=EDGE_LOOP('',(#172,#173,#174,#175,#176,#177,#178,#179));
#1684=EDGE_LOOP('',(#180,#181,#182,#183));
#1685=EDGE_LOOP('',(#184,#185,#186,#187));
#1686=EDGE_LOOP('',(#188,#189,#190,#191));
#1687=EDGE_LOOP('',(#192,#193,#194,#195));
#1688=EDGE_LOOP('',(#196,#197,#198,#199,#200,#201,#202,#203));
#1689=EDGE_LOOP('',(#204,#205,#206,#207,#208,#209,#210,#211,#212,#213,#214,
#215,#216,#217,#218,#219,#220,#221,#222,#223));
#1690=EDGE_LOOP('',(#224,#225,#226,#227));
#1691=EDGE_LOOP('',(#228,#229,#230,#231));
#1692=EDGE_LOOP('',(#232,#233,#234,#235));
#1693=EDGE_LOOP('',(#236,#237,#238,#239));
#1694=EDGE_LOOP('',(#240,#241,#242,#243));
#1695=EDGE_LOOP('',(#244,#245,#246,#247,#248,#249,#250,#251));
#1696=EDGE_LOOP('',(#252,#253,#254,#255,#256,#257,#258,#259));
#1697=EDGE_LOOP('',(#260,#261,#262,#263,#264,#265,#266,#267));
#1698=EDGE_LOOP('',(#268,#269,#270,#271,#272,#273,#274,#275));
#1699=EDGE_LOOP('',(#276,#277,#278));
#1700=EDGE_LOOP('',(#279,#280,#281,#282));
#1701=EDGE_LOOP('',(#283,#284,#285,#286));
#1702=EDGE_LOOP('',(#287,#288,#289));
#1703=EDGE_LOOP('',(#290,#291,#292));
#1704=EDGE_LOOP('',(#293,#294,#295,#296));
#1705=EDGE_LOOP('',(#297,#298,#299,#300));
#1706=EDGE_LOOP('',(#301,#302,#303));
#1707=EDGE_LOOP('',(#304,#305,#306));
#1708=EDGE_LOOP('',(#307,#308,#309));
#1709=EDGE_LOOP('',(#310,#311,#312,#313));
#1710=EDGE_LOOP('',(#314,#315,#316,#317));
#1711=EDGE_LOOP('',(#318,#319,#320));
#1712=EDGE_LOOP('',(#321,#322,#323));
#1713=EDGE_LOOP('',(#324,#325,#326,#327));
#1714=EDGE_LOOP('',(#328,#329,#330,#331));
#1715=EDGE_LOOP('',(#332,#333,#334,#335));
#1716=EDGE_LOOP('',(#336,#337,#338,#339));
#1717=EDGE_LOOP('',(#340,#341,#342,#343));
#1718=EDGE_LOOP('',(#344,#345,#346,#347));
#1719=EDGE_LOOP('',(#348,#349,#350,#351));
#1720=EDGE_LOOP('',(#352,#353,#354,#355));
#1721=EDGE_LOOP('',(#356,#357,#358,#359));
#1722=EDGE_LOOP('',(#360,#361,#362,#363));
#1723=EDGE_LOOP('',(#364,#365,#366,#367));
#1724=EDGE_LOOP('',(#368,#369,#370,#371));
#1725=EDGE_LOOP('',(#372,#373,#374,#375));
#1726=EDGE_LOOP('',(#376,#377,#378,#379));
#1727=EDGE_LOOP('',(#380,#381,#382,#383));
#1728=EDGE_LOOP('',(#384,#385,#386,#387,#388,#389,#390,#391));
#1729=EDGE_LOOP('',(#392,#393,#394,#395));
#1730=EDGE_LOOP('',(#396,#397,#398,#399));
#1731=EDGE_LOOP('',(#400,#401,#402,#403));
#1732=EDGE_LOOP('',(#404,#405,#406,#407));
#1733=EDGE_LOOP('',(#408,#409,#410,#411));
#1734=EDGE_LOOP('',(#412,#413,#414,#415));
#1735=EDGE_LOOP('',(#416,#417,#418,#419));
#1736=EDGE_LOOP('',(#420,#421,#422,#423));
#1737=EDGE_LOOP('',(#424,#425,#426,#427,#428,#429,#430,#431));
#1738=EDGE_LOOP('',(#432,#433,#434,#435));
#1739=EDGE_LOOP('',(#436,#437,#438,#439));
#1740=EDGE_LOOP('',(#440,#441,#442,#443));
#1741=EDGE_LOOP('',(#444,#445,#446,#447));
#1742=EDGE_LOOP('',(#448,#449,#450,#451));
#1743=EDGE_LOOP('',(#452,#453,#454,#455));
#1744=EDGE_LOOP('',(#456,#457,#458,#459));
#1745=EDGE_LOOP('',(#460,#461,#462,#463));
#1746=EDGE_LOOP('',(#464,#465,#466,#467));
#1747=EDGE_LOOP('',(#468,#469,#470,#471));
#1748=EDGE_LOOP('',(#472,#473,#474,#475));
#1749=EDGE_LOOP('',(#476,#477,#478,#479));
#1750=EDGE_LOOP('',(#480,#481,#482,#483));
#1751=EDGE_LOOP('',(#484,#485,#486,#487));
#1752=EDGE_LOOP('',(#488,#489,#490,#491));
#1753=EDGE_LOOP('',(#492,#493,#494,#495));
#1754=EDGE_LOOP('',(#496,#497,#498,#499));
#1755=EDGE_LOOP('',(#500,#501,#502,#503));
#1756=EDGE_LOOP('',(#504,#505,#506,#507));
#1757=EDGE_LOOP('',(#508,#509,#510,#511));
#1758=EDGE_LOOP('',(#512,#513,#514,#515));
#1759=EDGE_LOOP('',(#516,#517,#518,#519));
#1760=EDGE_LOOP('',(#520,#521,#522,#523));
#1761=EDGE_LOOP('',(#524,#525,#526,#527));
#1762=EDGE_LOOP('',(#528,#529,#530,#531));
#1763=EDGE_LOOP('',(#532,#533,#534,#535));
#1764=EDGE_LOOP('',(#536,#537,#538,#539));
#1765=EDGE_LOOP('',(#540,#541,#542,#543));
#1766=EDGE_LOOP('',(#544,#545,#546,#547));
#1767=EDGE_LOOP('',(#548,#549,#550,#551));
#1768=EDGE_LOOP('',(#552,#553,#554,#555));
#1769=EDGE_LOOP('',(#556,#557,#558,#559));
#1770=EDGE_LOOP('',(#560,#561,#562,#563));
#1771=EDGE_LOOP('',(#564,#565,#566,#567));
#1772=EDGE_LOOP('',(#568,#569,#570,#571));
#1773=EDGE_LOOP('',(#572,#573,#574,#575));
#1774=EDGE_LOOP('',(#576,#577,#578,#579));
#1775=EDGE_LOOP('',(#580,#581,#582,#583));
#1776=EDGE_LOOP('',(#584,#585,#586,#587));
#1777=EDGE_LOOP('',(#588,#589,#590,#591));
#1778=EDGE_LOOP('',(#592,#593,#594,#595));
#1779=EDGE_LOOP('',(#596,#597,#598,#599));
#1780=EDGE_LOOP('',(#600,#601,#602,#603));
#1781=EDGE_LOOP('',(#604,#605,#606,#607));
#1782=EDGE_LOOP('',(#608,#609,#610,#611));
#1783=EDGE_LOOP('',(#612,#613,#614,#615));
#1784=EDGE_LOOP('',(#616,#617,#618,#619));
#1785=EDGE_LOOP('',(#620,#621,#622,#623));
#1786=EDGE_LOOP('',(#624,#625,#626,#627));
#1787=EDGE_LOOP('',(#628,#629,#630,#631));
#1788=EDGE_LOOP('',(#632,#633,#634,#635));
#1789=EDGE_LOOP('',(#636,#637,#638,#639));
#1790=FACE_BOUND('',#1660,.T.);
#1791=FACE_BOUND('',#1661,.T.);
#1792=FACE_BOUND('',#1662,.T.);
#1793=FACE_BOUND('',#1663,.T.);
#1794=FACE_BOUND('',#1664,.T.);
#1795=FACE_BOUND('',#1665,.T.);
#1796=FACE_BOUND('',#1666,.T.);
#1797=FACE_BOUND('',#1667,.T.);
#1798=FACE_BOUND('',#1668,.T.);
#1799=FACE_BOUND('',#1669,.T.);
#1800=FACE_BOUND('',#1670,.T.);
#1801=FACE_BOUND('',#1671,.T.);
#1802=FACE_BOUND('',#1672,.T.);
#1803=FACE_BOUND('',#1673,.T.);
#1804=FACE_BOUND('',#1674,.T.);
#1805=FACE_BOUND('',#1675,.T.);
#1806=FACE_BOUND('',#1676,.T.);
#1807=FACE_BOUND('',#1677,.T.);
#1808=FACE_BOUND('',#1678,.T.);
#1809=FACE_BOUND('',#1679,.T.);
#1810=FACE_BOUND('',#1680,.T.);
#1811=FACE_BOUND('',#1681,.T.);
#1812=FACE_BOUND('',#1682,.T.);
#1813=FACE_BOUND('',#1683,.T.);
#1814=FACE_BOUND('',#1684,.T.);
#1815=FACE_BOUND('',#1685,.T.);
#1816=FACE_BOUND('',#1686,.T.);
#1817=FACE_BOUND('',#1687,.T.);
#1818=FACE_BOUND('',#1688,.T.);
#1819=FACE_BOUND('',#1689,.T.);
#1820=FACE_BOUND('',#1690,.T.);
#1821=FACE_BOUND('',#1691,.T.);
#1822=FACE_BOUND('',#1692,.T.);
#1823=FACE_BOUND('',#1693,.T.);
#1824=FACE_BOUND('',#1694,.T.);
#1825=FACE_BOUND('',#1695,.T.);
#1826=FACE_BOUND('',#1696,.T.);
#1827=FACE_BOUND('',#1697,.T.);
#1828=FACE_BOUND('',#1698,.T.);
#1829=FACE_BOUND('',#1699,.T.);
#1830=FACE_BOUND('',#1700,.T.);
#1831=FACE_BOUND('',#1701,.T.);
#1832=FACE_BOUND('',#1702,.T.);
#1833=FACE_BOUND('',#1703,.T.);
#1834=FACE_BOUND('',#1704,.T.);
#1835=FACE_BOUND('',#1705,.T.);
#1836=FACE_BOUND('',#1706,.T.);
#1837=FACE_BOUND('',#1707,.T.);
#1838=FACE_BOUND('',#1708,.T.);
#1839=FACE_BOUND('',#1709,.T.);
#1840=FACE_BOUND('',#1710,.T.);
#1841=FACE_BOUND('',#1711,.T.);
#1842=FACE_BOUND('',#1712,.T.);
#1843=FACE_BOUND('',#1713,.T.);
#1844=FACE_BOUND('',#1714,.T.);
#1845=FACE_BOUND('',#1715,.T.);
#1846=FACE_BOUND('',#1716,.T.);
#1847=FACE_BOUND('',#1717,.T.);
#1848=FACE_BOUND('',#1718,.T.);
#1849=FACE_BOUND('',#1719,.T.);
#1850=FACE_BOUND('',#1720,.T.);
#1851=FACE_BOUND('',#1721,.T.);
#1852=FACE_BOUND('',#1722,.T.);
#1853=FACE_BOUND('',#1723,.T.);
#1854=FACE_BOUND('',#1724,.T.);
#1855=FACE_BOUND('',#1725,.T.);
#1856=FACE_BOUND('',#1726,.T.);
#1857=FACE_BOUND('',#1727,.T.);
#1858=FACE_BOUND('',#1728,.T.);
#1859=FACE_BOUND('',#1729,.T.);
#1860=FACE_BOUND('',#1730,.T.);
#1861=FACE_BOUND('',#1731,.T.);
#1862=FACE_BOUND('',#1732,.T.);
#1863=FACE_BOUND('',#1733,.T.);
#1864=FACE_BOUND('',#1734,.T.);
#1865=FACE_BOUND('',#1735,.T.);
#1866=FACE_BOUND('',#1736,.T.);
#1867=FACE_BOUND('',#1737,.T.);
#1868=FACE_BOUND('',#1738,.T.);
#1869=FACE_BOUND('',#1739,.T.);
#1870=FACE_BOUND('',#1740,.T.);
#1871=FACE_BOUND('',#1741,.T.);
#1872=FACE_BOUND('',#1742,.T.);
#1873=FACE_BOUND('',#1743,.T.);
#1874=FACE_BOUND('',#1744,.T.);
#1875=FACE_BOUND('',#1745,.T.);
#1876=FACE_BOUND('',#1746,.T.);
#1877=FACE_BOUND('',#1747,.T.);
#1878=FACE_BOUND('',#1748,.T.);
#1879=FACE_BOUND('',#1749,.T.);
#1880=FACE_BOUND('',#1750,.T.);
#1881=FACE_BOUND('',#1751,.T.);
#1882=FACE_BOUND('',#1752,.T.);
#1883=FACE_BOUND('',#1753,.T.);
#1884=FACE_BOUND('',#1754,.T.);
#1885=FACE_BOUND('',#1755,.T.);
#1886=FACE_BOUND('',#1756,.T.);
#1887=FACE_BOUND('',#1757,.T.);
#1888=FACE_BOUND('',#1758,.T.);
#1889=FACE_BOUND('',#1759,.T.);
#1890=FACE_BOUND('',#1760,.T.);
#1891=FACE_BOUND('',#1761,.T.);
#1892=FACE_BOUND('',#1762,.T.);
#1893=FACE_BOUND('',#1763,.T.);
#1894=FACE_BOUND('',#1764,.T.);
#1895=FACE_BOUND('',#1765,.T.);
#1896=FACE_BOUND('',#1766,.T.);
#1897=FACE_BOUND('',#1767,.T.);
#1898=FACE_BOUND('',#1768,.T.);
#1899=FACE_BOUND('',#1769,.T.);
#1900=FACE_BOUND('',#1770,.T.);
#1901=FACE_BOUND('',#1771,.T.);
#1902=FACE_BOUND('',#1772,.T.);
#1903=FACE_BOUND('',#1773,.T.);
#1904=FACE_BOUND('',#1774,.T.);
#1905=FACE_BOUND('',#1775,.T.);
#1906=FACE_BOUND('',#1776,.T.);
#1907=FACE_BOUND('',#1777,.T.);
#1908=FACE_BOUND('',#1778,.T.);
#1909=FACE_BOUND('',#1779,.T.);
#1910=FACE_BOUND('',#1780,.T.);
#1911=FACE_BOUND('',#1781,.T.);
#1912=FACE_BOUND('',#1782,.T.);
#1913=FACE_BOUND('',#1783,.T.);
#1914=FACE_BOUND('',#1784,.T.);
#1915=FACE_BOUND('',#1785,.T.);
#1916=FACE_BOUND('',#1786,.T.);
#1917=FACE_BOUND('',#1787,.T.);
#1918=FACE_BOUND('',#1788,.T.);
#1919=FACE_BOUND('',#1789,.T.);
#1920=PLANE('',#2153);
#1921=PLANE('',#2158);
#1922=PLANE('',#2159);
#1923=PLANE('',#2160);
#1924=PLANE('',#2161);
#1925=PLANE('',#2162);
#1926=PLANE('',#2171);
#1927=PLANE('',#2172);
#1928=PLANE('',#2173);
#1929=PLANE('',#2174);
#1930=PLANE('',#2175);
#1931=PLANE('',#2184);
#1932=PLANE('',#2185);
#1933=PLANE('',#2186);
#1934=PLANE('',#2187);
#1935=PLANE('',#2188);
#1936=PLANE('',#2193);
#1937=PLANE('',#2194);
#1938=PLANE('',#2195);
#1939=PLANE('',#2196);
#1940=PLANE('',#2197);
#1941=PLANE('',#2198);
#1942=PLANE('',#2199);
#1943=PLANE('',#2200);
#1944=PLANE('',#2201);
#1945=PLANE('',#2202);
#1946=PLANE('',#2203);
#1947=PLANE('',#2204);
#1948=PLANE('',#2205);
#1949=PLANE('',#2206);
#1950=PLANE('',#2207);
#1951=PLANE('',#2208);
#1952=PLANE('',#2209);
#1953=PLANE('',#2210);
#1954=PLANE('',#2211);
#1955=PLANE('',#2212);
#1956=PLANE('',#2213);
#1957=PLANE('',#2214);
#1958=PLANE('',#2215);
#1959=PLANE('',#2216);
#1960=PLANE('',#2217);
#1961=PLANE('',#2218);
#1962=PLANE('',#2219);
#1963=PLANE('',#2220);
#1964=PLANE('',#2221);
#1965=PLANE('',#2222);
#1966=PLANE('',#2223);
#1967=PLANE('',#2224);
#1968=PLANE('',#2225);
#1969=PLANE('',#2226);
#1970=PLANE('',#2227);
#1971=PLANE('',#2228);
#1972=PLANE('',#2229);
#1973=PLANE('',#2230);
#1974=PLANE('',#2231);
#1975=PLANE('',#2232);
#1976=PLANE('',#2233);
#1977=PLANE('',#2234);
#1978=PLANE('',#2235);
#1979=PLANE('',#2236);
#1980=PLANE('',#2237);
#1981=PLANE('',#2238);
#1982=PLANE('',#2239);
#1983=PLANE('',#2240);
#1984=PLANE('',#2241);
#1985=PLANE('',#2242);
#1986=PLANE('',#2243);
#1987=PLANE('',#2244);
#1988=PLANE('',#2245);
#1989=PLANE('',#2246);
#1990=PLANE('',#2247);
#1991=PLANE('',#2248);
#1992=PLANE('',#2249);
#1993=PLANE('',#2250);
#1994=PLANE('',#2251);
#1995=PLANE('',#2252);
#1996=PLANE('',#2253);
#1997=PLANE('',#2254);
#1998=PLANE('',#2255);
#1999=PLANE('',#2256);
#2000=PLANE('',#2257);
#2001=PLANE('',#2258);
#2002=PLANE('',#2259);
#2003=PLANE('',#2260);
#2004=PLANE('',#2261);
#2005=PLANE('',#2262);
#2006=PLANE('',#2263);
#2007=PLANE('',#2264);
#2008=PLANE('',#2265);
#2009=PLANE('',#2266);
#2010=PLANE('',#2267);
#2011=PLANE('',#2268);
#2012=PLANE('',#2269);
#2013=PLANE('',#2270);
#2014=PLANE('',#2271);
#2015=PLANE('',#2272);
#2016=PLANE('',#2273);
#2017=PLANE('',#2274);
#2018=PLANE('',#2275);
#2019=PLANE('',#2276);
#2020=PLANE('',#2277);
#2021=PLANE('',#2278);
#2022=PLANE('',#2279);
#2023=PLANE('',#2280);
#2024=ADVANCED_FACE('',(#1790,#1791,#1792,#1793,#1794,#1795,#1796,#1797,
#1798,#1799,#1800,#1801),#1920,.F.);
#2025=ADVANCED_FACE('',(#1802),#1921,.F.);
#2026=ADVANCED_FACE('',(#1803),#1922,.F.);
#2027=ADVANCED_FACE('',(#1804),#1923,.F.);
#2028=ADVANCED_FACE('',(#1805),#1924,.F.);
#2029=ADVANCED_FACE('',(#1806,#1807),#1925,.F.);
#2030=ADVANCED_FACE('',(#1808),#1926,.F.);
#2031=ADVANCED_FACE('',(#1809),#1927,.F.);
#2032=ADVANCED_FACE('',(#1810),#1928,.F.);
#2033=ADVANCED_FACE('',(#1811),#1929,.F.);
#2034=ADVANCED_FACE('',(#1812,#1813),#1930,.T.);
#2035=ADVANCED_FACE('',(#1814),#1931,.F.);
#2036=ADVANCED_FACE('',(#1815),#1932,.F.);
#2037=ADVANCED_FACE('',(#1816),#1933,.F.);
#2038=ADVANCED_FACE('',(#1817),#1934,.F.);
#2039=ADVANCED_FACE('',(#1818,#1819),#1935,.T.);
#2040=ADVANCED_FACE('',(#1820),#1936,.F.);
#2041=ADVANCED_FACE('',(#1821),#1937,.F.);
#2042=ADVANCED_FACE('',(#1822),#1938,.F.);
#2043=ADVANCED_FACE('',(#1823),#1939,.F.);
#2044=ADVANCED_FACE('',(#1824),#1940,.T.);
#2045=ADVANCED_FACE('',(#1825),#1941,.T.);
#2046=ADVANCED_FACE('',(#1826),#1942,.T.);
#2047=ADVANCED_FACE('',(#1827),#1943,.T.);
#2048=ADVANCED_FACE('',(#1828),#1944,.T.);
#2049=ADVANCED_FACE('',(#1829),#1945,.T.);
#2050=ADVANCED_FACE('',(#1830),#1946,.T.);
#2051=ADVANCED_FACE('',(#1831),#1947,.T.);
#2052=ADVANCED_FACE('',(#1832),#1948,.T.);
#2053=ADVANCED_FACE('',(#1833),#1949,.T.);
#2054=ADVANCED_FACE('',(#1834),#1950,.T.);
#2055=ADVANCED_FACE('',(#1835),#1951,.T.);
#2056=ADVANCED_FACE('',(#1836),#1952,.T.);
#2057=ADVANCED_FACE('',(#1837),#1953,.T.);
#2058=ADVANCED_FACE('',(#1838),#1954,.T.);
#2059=ADVANCED_FACE('',(#1839),#1955,.T.);
#2060=ADVANCED_FACE('',(#1840),#1956,.T.);
#2061=ADVANCED_FACE('',(#1841),#1957,.T.);
#2062=ADVANCED_FACE('',(#1842),#1958,.T.);
#2063=ADVANCED_FACE('',(#1843),#1959,.T.);
#2064=ADVANCED_FACE('',(#1844),#1960,.T.);
#2065=ADVANCED_FACE('',(#1845),#1961,.T.);
#2066=ADVANCED_FACE('',(#1846),#1962,.T.);
#2067=ADVANCED_FACE('',(#1847),#1963,.T.);
#2068=ADVANCED_FACE('',(#1848),#1964,.T.);
#2069=ADVANCED_FACE('',(#1849),#1965,.F.);
#2070=ADVANCED_FACE('',(#1850),#1966,.T.);
#2071=ADVANCED_FACE('',(#1851),#1967,.T.);
#2072=ADVANCED_FACE('',(#1852),#1968,.T.);
#2073=ADVANCED_FACE('',(#1853),#1969,.T.);
#2074=ADVANCED_FACE('',(#1854),#1970,.T.);
#2075=ADVANCED_FACE('',(#1855),#1971,.T.);
#2076=ADVANCED_FACE('',(#1856),#1972,.T.);
#2077=ADVANCED_FACE('',(#1857),#1973,.T.);
#2078=ADVANCED_FACE('',(#1858),#1974,.F.);
#2079=ADVANCED_FACE('',(#1859),#1975,.T.);
#2080=ADVANCED_FACE('',(#1860),#1976,.T.);
#2081=ADVANCED_FACE('',(#1861),#1977,.T.);
#2082=ADVANCED_FACE('',(#1862),#1978,.T.);
#2083=ADVANCED_FACE('',(#1863),#1979,.T.);
#2084=ADVANCED_FACE('',(#1864),#1980,.T.);
#2085=ADVANCED_FACE('',(#1865),#1981,.T.);
#2086=ADVANCED_FACE('',(#1866),#1982,.T.);
#2087=ADVANCED_FACE('',(#1867),#1983,.F.);
#2088=ADVANCED_FACE('',(#1868),#1984,.T.);
#2089=ADVANCED_FACE('',(#1869),#1985,.T.);
#2090=ADVANCED_FACE('',(#1870),#1986,.T.);
#2091=ADVANCED_FACE('',(#1871),#1987,.T.);
#2092=ADVANCED_FACE('',(#1872),#1988,.F.);
#2093=ADVANCED_FACE('',(#1873),#1989,.T.);
#2094=ADVANCED_FACE('',(#1874),#1990,.T.);
#2095=ADVANCED_FACE('',(#1875),#1991,.T.);
#2096=ADVANCED_FACE('',(#1876),#1992,.T.);
#2097=ADVANCED_FACE('',(#1877),#1993,.F.);
#2098=ADVANCED_FACE('',(#1878),#1994,.T.);
#2099=ADVANCED_FACE('',(#1879),#1995,.T.);
#2100=ADVANCED_FACE('',(#1880),#1996,.T.);
#2101=ADVANCED_FACE('',(#1881),#1997,.T.);
#2102=ADVANCED_FACE('',(#1882),#1998,.F.);
#2103=ADVANCED_FACE('',(#1883),#1999,.T.);
#2104=ADVANCED_FACE('',(#1884),#2000,.T.);
#2105=ADVANCED_FACE('',(#1885),#2001,.T.);
#2106=ADVANCED_FACE('',(#1886),#2002,.T.);
#2107=ADVANCED_FACE('',(#1887),#2003,.F.);
#2108=ADVANCED_FACE('',(#1888),#2004,.T.);
#2109=ADVANCED_FACE('',(#1889),#2005,.T.);
#2110=ADVANCED_FACE('',(#1890),#2006,.T.);
#2111=ADVANCED_FACE('',(#1891),#2007,.T.);
#2112=ADVANCED_FACE('',(#1892),#2008,.F.);
#2113=ADVANCED_FACE('',(#1893),#2009,.T.);
#2114=ADVANCED_FACE('',(#1894),#2010,.T.);
#2115=ADVANCED_FACE('',(#1895),#2011,.T.);
#2116=ADVANCED_FACE('',(#1896),#2012,.T.);
#2117=ADVANCED_FACE('',(#1897),#2013,.F.);
#2118=ADVANCED_FACE('',(#1898),#2014,.T.);
#2119=ADVANCED_FACE('',(#1899),#2015,.T.);
#2120=ADVANCED_FACE('',(#1900),#2016,.T.);
#2121=ADVANCED_FACE('',(#1901),#2017,.T.);
#2122=ADVANCED_FACE('',(#1902),#2018,.F.);
#2123=ADVANCED_FACE('',(#1903),#2019,.T.);
#2124=ADVANCED_FACE('',(#1904),#2020,.T.);
#2125=ADVANCED_FACE('',(#1905),#2021,.T.);
#2126=ADVANCED_FACE('',(#1906),#2022,.T.);
#2127=ADVANCED_FACE('',(#1907),#2023,.F.);
#2128=ADVANCED_FACE('',(#1908),#20,.T.);
#2129=ADVANCED_FACE('',(#1909),#21,.T.);
#2130=ADVANCED_FACE('',(#1910),#22,.T.);
#2131=ADVANCED_FACE('',(#1911),#23,.T.);
#2132=ADVANCED_FACE('',(#1912),#24,.T.);
#2133=ADVANCED_FACE('',(#1913),#25,.T.);
#2134=ADVANCED_FACE('',(#1914),#26,.T.);
#2135=ADVANCED_FACE('',(#1915),#27,.T.);
#2136=ADVANCED_FACE('',(#1916),#28,.F.);
#2137=ADVANCED_FACE('',(#1917),#29,.F.);
#2138=ADVANCED_FACE('',(#1918),#30,.F.);
#2139=ADVANCED_FACE('',(#1919),#31,.F.);
#2140=CLOSED_SHELL('',(#2024,#2025,#2026,#2027,#2028,#2029,#2030,#2031,
#2032,#2033,#2034,#2035,#2036,#2037,#2038,#2039,#2040,#2041,#2042,#2043,
#2044,#2045,#2046,#2047,#2048,#2049,#2050,#2051,#2052,#2053,#2054,#2055,
#2056,#2057,#2058,#2059,#2060,#2061,#2062,#2063,#2064,#2065,#2066,#2067,
#2068,#2069,#2070,#2071,#2072,#2073,#2074,#2075,#2076,#2077,#2078,#2079,
#2080,#2081,#2082,#2083,#2084,#2085,#2086,#2087,#2088,#2089,#2090,#2091,
#2092,#2093,#2094,#2095,#2096,#2097,#2098,#2099,#2100,#2101,#2102,#2103,
#2104,#2105,#2106,#2107,#2108,#2109,#2110,#2111,#2112,#2113,#2114,#2115,
#2116,#2117,#2118,#2119,#2120,#2121,#2122,#2123,#2124,#2125,#2126,#2127,
#2128,#2129,#2130,#2131,#2132,#2133,#2134,#2135,#2136,#2137,#2138,#2139));
#2141=STYLED_ITEM('',(#2142),#2149);
#2142=PRESENTATION_STYLE_ASSIGNMENT((#2143));
#2143=SURFACE_STYLE_USAGE(.BOTH.,#2144);
#2144=SURFACE_SIDE_STYLE('',(#2145));
#2145=SURFACE_STYLE_FILL_AREA(#2146);
#2146=FILL_AREA_STYLE('',(#2147));
#2147=FILL_AREA_STYLE_COLOUR('',#2148);
#2148=COLOUR_RGB('',0.689999997615814,0.689999997615814,0.689999997615814);
#2149=MANIFOLD_SOLID_BREP('BOX4030',#2140);
#2150=SHAPE_DEFINITION_REPRESENTATION(#3450,#2151);
#2151=SHAPE_REPRESENTATION('BOX4030',(#2152),#3445);
#2152=AXIS2_PLACEMENT_3D('',#2843,#2293,#2294);
#2153=AXIS2_PLACEMENT_3D('',#2844,#2295,#2296);
#2154=AXIS2_PLACEMENT_3D('',#2896,#2322,#2323);
#2155=AXIS2_PLACEMENT_3D('',#2900,#2325,#2326);
#2156=AXIS2_PLACEMENT_3D('',#2904,#2328,#2329);
#2157=AXIS2_PLACEMENT_3D('',#2908,#2331,#2332);
#2158=AXIS2_PLACEMENT_3D('',#2965,#2361,#2362);
#2159=AXIS2_PLACEMENT_3D('',#2971,#2366,#2367);
#2160=AXIS2_PLACEMENT_3D('',#2977,#2371,#2372);
#2161=AXIS2_PLACEMENT_3D('',#2983,#2376,#2377);
#2162=AXIS2_PLACEMENT_3D('',#2989,#2381,#2382);
#2163=AXIS2_PLACEMENT_3D('',#2993,#2384,#2385);
#2164=AXIS2_PLACEMENT_3D('',#2997,#2387,#2388);
#2165=AXIS2_PLACEMENT_3D('',#3001,#2390,#2391);
#2166=AXIS2_PLACEMENT_3D('',#3005,#2393,#2394);
#2167=AXIS2_PLACEMENT_3D('',#3006,#2395,#2396);
#2168=AXIS2_PLACEMENT_3D('',#3007,#2397,#2398);
#2169=AXIS2_PLACEMENT_3D('',#3008,#2399,#2400);
#2170=AXIS2_PLACEMENT_3D('',#3009,#2401,#2402);
#2171=AXIS2_PLACEMENT_3D('',#3010,#2403,#2404);
#2172=AXIS2_PLACEMENT_3D('',#3016,#2408,#2409);
#2173=AXIS2_PLACEMENT_3D('',#3022,#2413,#2414);
#2174=AXIS2_PLACEMENT_3D('',#3028,#2418,#2419);
#2175=AXIS2_PLACEMENT_3D('',#3034,#2423,#2424);
#2176=AXIS2_PLACEMENT_3D('',#3038,#2426,#2427);
#2177=AXIS2_PLACEMENT_3D('',#3042,#2429,#2430);
#2178=AXIS2_PLACEMENT_3D('',#3046,#2432,#2433);
#2179=AXIS2_PLACEMENT_3D('',#3050,#2435,#2436);
#2180=AXIS2_PLACEMENT_3D('',#3051,#2437,#2438);
#2181=AXIS2_PLACEMENT_3D('',#3052,#2439,#2440);
#2182=AXIS2_PLACEMENT_3D('',#3053,#2441,#2442);
#2183=AXIS2_PLACEMENT_3D('',#3054,#2443,#2444);
#2184=AXIS2_PLACEMENT_3D('',#3055,#2445,#2446);
#2185=AXIS2_PLACEMENT_3D('',#3061,#2450,#2451);
#2186=AXIS2_PLACEMENT_3D('',#3067,#2455,#2456);
#2187=AXIS2_PLACEMENT_3D('',#3073,#2460,#2461);
#2188=AXIS2_PLACEMENT_3D('',#3079,#2465,#2466);
#2189=AXIS2_PLACEMENT_3D('',#3080,#2467,#2468);
#2190=AXIS2_PLACEMENT_3D('',#3081,#2469,#2470);
#2191=AXIS2_PLACEMENT_3D('',#3082,#2471,#2472);
#2192=AXIS2_PLACEMENT_3D('',#3083,#2473,#2474);
#2193=AXIS2_PLACEMENT_3D('',#3124,#2495,#2496);
#2194=AXIS2_PLACEMENT_3D('',#3133,#2501,#2502);
#2195=AXIS2_PLACEMENT_3D('',#3139,#2506,#2507);
#2196=AXIS2_PLACEMENT_3D('',#3145,#2511,#2512);
#2197=AXIS2_PLACEMENT_3D('',#3148,#2515,#2516);
#2198=AXIS2_PLACEMENT_3D('',#3149,#2517,#2518);
#2199=AXIS2_PLACEMENT_3D('',#3160,#2525,#2526);
#2200=AXIS2_PLACEMENT_3D('',#3169,#2532,#2533);
#2201=AXIS2_PLACEMENT_3D('',#3178,#2539,#2540);
#2202=AXIS2_PLACEMENT_3D('',#3185,#2545,#2546);
#2203=AXIS2_PLACEMENT_3D('',#3187,#2548,#2549);
#2204=AXIS2_PLACEMENT_3D('',#3189,#2551,#2552);
#2205=AXIS2_PLACEMENT_3D('',#3191,#2554,#2555);
#2206=AXIS2_PLACEMENT_3D('',#3192,#2556,#2557);
#2207=AXIS2_PLACEMENT_3D('',#3194,#2559,#2560);
#2208=AXIS2_PLACEMENT_3D('',#3196,#2562,#2563);
#2209=AXIS2_PLACEMENT_3D('',#3198,#2565,#2566);
#2210=AXIS2_PLACEMENT_3D('',#3199,#2567,#2568);
#2211=AXIS2_PLACEMENT_3D('',#3201,#2570,#2571);
#2212=AXIS2_PLACEMENT_3D('',#3203,#2573,#2574);
#2213=AXIS2_PLACEMENT_3D('',#3205,#2576,#2577);
#2214=AXIS2_PLACEMENT_3D('',#3206,#2578,#2579);
#2215=AXIS2_PLACEMENT_3D('',#3208,#2581,#2582);
#2216=AXIS2_PLACEMENT_3D('',#3210,#2584,#2585);
#2217=AXIS2_PLACEMENT_3D('',#3212,#2587,#2588);
#2218=AXIS2_PLACEMENT_3D('',#3213,#2589,#2590);
#2219=AXIS2_PLACEMENT_3D('',#3219,#2594,#2595);
#2220=AXIS2_PLACEMENT_3D('',#3223,#2598,#2599);
#2221=AXIS2_PLACEMENT_3D('',#3227,#2602,#2603);
#2222=AXIS2_PLACEMENT_3D('',#3229,#2605,#2606);
#2223=AXIS2_PLACEMENT_3D('',#3230,#2607,#2608);
#2224=AXIS2_PLACEMENT_3D('',#3236,#2612,#2613);
#2225=AXIS2_PLACEMENT_3D('',#3240,#2616,#2617);
#2226=AXIS2_PLACEMENT_3D('',#3244,#2620,#2621);
#2227=AXIS2_PLACEMENT_3D('',#3248,#2624,#2625);
#2228=AXIS2_PLACEMENT_3D('',#3252,#2628,#2629);
#2229=AXIS2_PLACEMENT_3D('',#3256,#2632,#2633);
#2230=AXIS2_PLACEMENT_3D('',#3260,#2636,#2637);
#2231=AXIS2_PLACEMENT_3D('',#3262,#2639,#2640);
#2232=AXIS2_PLACEMENT_3D('',#3263,#2641,#2642);
#2233=AXIS2_PLACEMENT_3D('',#3269,#2646,#2647);
#2234=AXIS2_PLACEMENT_3D('',#3273,#2650,#2651);
#2235=AXIS2_PLACEMENT_3D('',#3277,#2654,#2655);
#2236=AXIS2_PLACEMENT_3D('',#3281,#2658,#2659);
#2237=AXIS2_PLACEMENT_3D('',#3285,#2662,#2663);
#2238=AXIS2_PLACEMENT_3D('',#3289,#2666,#2667);
#2239=AXIS2_PLACEMENT_3D('',#3293,#2670,#2671);
#2240=AXIS2_PLACEMENT_3D('',#3295,#2673,#2674);
#2241=AXIS2_PLACEMENT_3D('',#3296,#2675,#2676);
#2242=AXIS2_PLACEMENT_3D('',#3302,#2680,#2681);
#2243=AXIS2_PLACEMENT_3D('',#3306,#2684,#2685);
#2244=AXIS2_PLACEMENT_3D('',#3310,#2688,#2689);
#2245=AXIS2_PLACEMENT_3D('',#3312,#2691,#2692);
#2246=AXIS2_PLACEMENT_3D('',#3313,#2693,#2694);
#2247=AXIS2_PLACEMENT_3D('',#3319,#2698,#2699);
#2248=AXIS2_PLACEMENT_3D('',#3323,#2702,#2703);
#2249=AXIS2_PLACEMENT_3D('',#3327,#2706,#2707);
#2250=AXIS2_PLACEMENT_3D('',#3329,#2709,#2710);
#2251=AXIS2_PLACEMENT_3D('',#3330,#2711,#2712);
#2252=AXIS2_PLACEMENT_3D('',#3336,#2716,#2717);
#2253=AXIS2_PLACEMENT_3D('',#3340,#2720,#2721);
#2254=AXIS2_PLACEMENT_3D('',#3344,#2724,#2725);
#2255=AXIS2_PLACEMENT_3D('',#3346,#2727,#2728);
#2256=AXIS2_PLACEMENT_3D('',#3347,#2729,#2730);
#2257=AXIS2_PLACEMENT_3D('',#3353,#2734,#2735);
#2258=AXIS2_PLACEMENT_3D('',#3357,#2738,#2739);
#2259=AXIS2_PLACEMENT_3D('',#3361,#2742,#2743);
#2260=AXIS2_PLACEMENT_3D('',#3363,#2745,#2746);
#2261=AXIS2_PLACEMENT_3D('',#3364,#2747,#2748);
#2262=AXIS2_PLACEMENT_3D('',#3370,#2752,#2753);
#2263=AXIS2_PLACEMENT_3D('',#3374,#2756,#2757);
#2264=AXIS2_PLACEMENT_3D('',#3378,#2760,#2761);
#2265=AXIS2_PLACEMENT_3D('',#3380,#2763,#2764);
#2266=AXIS2_PLACEMENT_3D('',#3381,#2765,#2766);
#2267=AXIS2_PLACEMENT_3D('',#3387,#2770,#2771);
#2268=AXIS2_PLACEMENT_3D('',#3391,#2774,#2775);
#2269=AXIS2_PLACEMENT_3D('',#3395,#2778,#2779);
#2270=AXIS2_PLACEMENT_3D('',#3397,#2781,#2782);
#2271=AXIS2_PLACEMENT_3D('',#3398,#2783,#2784);
#2272=AXIS2_PLACEMENT_3D('',#3404,#2788,#2789);
#2273=AXIS2_PLACEMENT_3D('',#3408,#2792,#2793);
#2274=AXIS2_PLACEMENT_3D('',#3412,#2796,#2797);
#2275=AXIS2_PLACEMENT_3D('',#3414,#2799,#2800);
#2276=AXIS2_PLACEMENT_3D('',#3415,#2801,#2802);
#2277=AXIS2_PLACEMENT_3D('',#3421,#2806,#2807);
#2278=AXIS2_PLACEMENT_3D('',#3425,#2810,#2811);
#2279=AXIS2_PLACEMENT_3D('',#3429,#2814,#2815);
#2280=AXIS2_PLACEMENT_3D('',#3431,#2817,#2818);
#2281=AXIS2_PLACEMENT_3D('',#3432,#2819,#2820);
#2282=AXIS2_PLACEMENT_3D('',#3433,#2821,#2822);
#2283=AXIS2_PLACEMENT_3D('',#3434,#2823,#2824);
#2284=AXIS2_PLACEMENT_3D('',#3435,#2825,#2826);
#2285=AXIS2_PLACEMENT_3D('',#3436,#2827,#2828);
#2286=AXIS2_PLACEMENT_3D('',#3437,#2829,#2830);
#2287=AXIS2_PLACEMENT_3D('',#3438,#2831,#2832);
#2288=AXIS2_PLACEMENT_3D('',#3439,#2833,#2834);
#2289=AXIS2_PLACEMENT_3D('',#3440,#2835,#2836);
#2290=AXIS2_PLACEMENT_3D('',#3441,#2837,#2838);
#2291=AXIS2_PLACEMENT_3D('',#3442,#2839,#2840);
#2292=AXIS2_PLACEMENT_3D('',#3443,#2841,#2842);
#2293=DIRECTION('',(0.,0.,1.));
#2294=DIRECTION('',(1.,0.,0.));
#2295=DIRECTION('',(0.,1.,0.));
#2296=DIRECTION('',(0.,0.,1.));
#2297=DIRECTION('',(-1.,0.,0.));
#2298=DIRECTION('',(0.,0.,1.));
#2299=DIRECTION('',(1.,0.,0.));
#2300=DIRECTION('',(0.,0.,-1.));
#2301=DIRECTION('',(-1.,0.,0.));
#2302=DIRECTION('',(0.,0.,1.));
#2303=DIRECTION('',(1.,0.,0.));
#2304=DIRECTION('',(0.,0.,-1.));
#2305=DIRECTION('',(-1.,0.,0.));
#2306=DIRECTION('',(0.,0.,1.));
#2307=DIRECTION('',(1.,0.,0.));
#2308=DIRECTION('',(0.,0.,-1.));
#2309=DIRECTION('',(0.,0.,1.));
#2310=DIRECTION('',(1.,0.,0.));
#2311=DIRECTION('',(0.,0.,-1.));
#2312=DIRECTION('',(-1.,0.,0.));
#2313=DIRECTION('',(0.,0.,1.));
#2314=DIRECTION('',(0.17364817766693,0.,0.984807753012208));
#2315=DIRECTION('',(1.,0.,0.));
#2316=DIRECTION('',(0.17364817766693,0.,-0.984807753012208));
#2317=DIRECTION('',(0.,0.,-1.));
#2318=DIRECTION('',(-0.17364817766693,0.,-0.984807753012208));
#2319=DIRECTION('',(-1.,0.,0.));
#2320=DIRECTION('',(-0.173648177666931,0.,0.984807753012208));
#2321=DIRECTION('',(-1.,0.,0.));
#2322=DIRECTION('',(0.,1.,0.));
#2323=DIRECTION('',(0.,0.,1.));
#2324=DIRECTION('',(0.,0.,-1.));
#2325=DIRECTION('',(0.,1.,0.));
#2326=DIRECTION('',(0.,0.,1.));
#2327=DIRECTION('',(1.,0.,0.));
#2328=DIRECTION('',(0.,1.,0.));
#2329=DIRECTION('',(0.,0.,1.));
#2330=DIRECTION('',(0.,0.,1.));
#2331=DIRECTION('',(0.,1.,0.));
#2332=DIRECTION('',(0.,0.,1.));
#2333=DIRECTION('',(0.,0.,1.));
#2334=DIRECTION('',(1.,0.,0.));
#2335=DIRECTION('',(0.,0.,-1.));
#2336=DIRECTION('',(-1.,0.,0.));
#2337=DIRECTION('',(0.,0.,1.));
#2338=DIRECTION('',(0.17364817766693,0.,0.984807753012208));
#2339=DIRECTION('',(1.,0.,0.));
#2340=DIRECTION('',(0.17364817766693,0.,-0.984807753012208));
#2341=DIRECTION('',(0.,0.,-1.));
#2342=DIRECTION('',(-0.17364817766693,0.,-0.984807753012208));
#2343=DIRECTION('',(-1.,0.,0.));
#2344=DIRECTION('',(-0.173648177666931,0.,0.984807753012208));
#2345=DIRECTION('',(0.,0.,1.));
#2346=DIRECTION('',(1.,0.,0.));
#2347=DIRECTION('',(0.,0.,-1.));
#2348=DIRECTION('',(-1.,0.,0.));
#2349=DIRECTION('',(0.,0.,1.));
#2350=DIRECTION('',(1.,0.,0.));
#2351=DIRECTION('',(0.,0.,-1.));
#2352=DIRECTION('',(-1.,0.,0.));
#2353=DIRECTION('',(0.,0.,1.));
#2354=DIRECTION('',(1.,0.,0.));
#2355=DIRECTION('',(0.,0.,-1.));
#2356=DIRECTION('',(-1.,0.,0.));
#2357=DIRECTION('',(0.,0.,1.));
#2358=DIRECTION('',(1.,0.,0.));
#2359=DIRECTION('',(0.,0.,-1.));
#2360=DIRECTION('',(-1.,0.,0.));
#2361=DIRECTION('',(1.,0.,0.));
#2362=DIRECTION('',(0.,0.,-1.));
#2363=DIRECTION('',(0.,0.,1.));
#2364=DIRECTION('',(0.,-1.,0.));
#2365=DIRECTION('',(0.,-1.,0.));
#2366=DIRECTION('',(0.,0.,-1.));
#2367=DIRECTION('',(-1.,0.,0.));
#2368=DIRECTION('',(0.,-1.,0.));
#2369=DIRECTION('',(1.,0.,0.));
#2370=DIRECTION('',(0.,-1.,0.));
#2371=DIRECTION('',(-1.,0.,0.));
#2372=DIRECTION('',(0.,0.,1.));
#2373=DIRECTION('',(0.,-1.,0.));
#2374=DIRECTION('',(0.,0.,-1.));
#2375=DIRECTION('',(0.,-1.,0.));
#2376=DIRECTION('',(0.,0.,1.));
#2377=DIRECTION('',(1.,0.,0.));
#2378=DIRECTION('',(-1.,0.,0.));
#2379=DIRECTION('',(0.,-1.,0.));
#2380=DIRECTION('',(0.,-1.,0.));
#2381=DIRECTION('',(0.,1.,0.));
#2382=DIRECTION('',(0.,0.,1.));
#2383=DIRECTION('',(0.,0.,-1.));
#2384=DIRECTION('',(0.,1.,0.));
#2385=DIRECTION('',(0.,0.,1.));
#2386=DIRECTION('',(1.,0.,0.));
#2387=DIRECTION('',(0.,1.,0.));
#2388=DIRECTION('',(0.,0.,1.));
#2389=DIRECTION('',(0.,0.,1.));
#2390=DIRECTION('',(0.,1.,0.));
#2391=DIRECTION('',(0.,0.,1.));
#2392=DIRECTION('',(-1.,0.,0.));
#2393=DIRECTION('',(0.,1.,0.));
#2394=DIRECTION('',(0.,0.,1.));
#2395=DIRECTION('',(0.,1.,0.));
#2396=DIRECTION('',(0.,0.,1.));
#2397=DIRECTION('',(0.,1.,0.));
#2398=DIRECTION('',(0.,0.,1.));
#2399=DIRECTION('',(0.,1.,0.));
#2400=DIRECTION('',(0.,0.,1.));
#2401=DIRECTION('',(0.,1.,0.));
#2402=DIRECTION('',(0.,0.,1.));
#2403=DIRECTION('',(1.,0.,0.));
#2404=DIRECTION('',(0.,0.,-1.));
#2405=DIRECTION('',(0.,0.,1.));
#2406=DIRECTION('',(0.,-1.,0.));
#2407=DIRECTION('',(0.,-1.,0.));
#2408=DIRECTION('',(0.,0.,-1.));
#2409=DIRECTION('',(-1.,0.,0.));
#2410=DIRECTION('',(0.,-1.,0.));
#2411=DIRECTION('',(1.,0.,0.));
#2412=DIRECTION('',(0.,-1.,0.));
#2413=DIRECTION('',(-1.,0.,0.));
#2414=DIRECTION('',(0.,0.,1.));
#2415=DIRECTION('',(0.,0.,-1.));
#2416=DIRECTION('',(0.,-1.,0.));
#2417=DIRECTION('',(0.,-1.,0.));
#2418=DIRECTION('',(0.,0.,1.));
#2419=DIRECTION('',(1.,0.,0.));
#2420=DIRECTION('',(0.,-1.,0.));
#2421=DIRECTION('',(-1.,0.,0.));
#2422=DIRECTION('',(0.,-1.,0.));
#2423=DIRECTION('',(0.,1.,0.));
#2424=DIRECTION('',(0.,0.,1.));
#2425=DIRECTION('',(0.,0.,1.));
#2426=DIRECTION('',(0.,1.,0.));
#2427=DIRECTION('',(0.,0.,1.));
#2428=DIRECTION('',(-1.,0.,0.));
#2429=DIRECTION('',(0.,1.,0.));
#2430=DIRECTION('',(0.,0.,1.));
#2431=DIRECTION('',(0.,0.,-1.));
#2432=DIRECTION('',(0.,1.,0.));
#2433=DIRECTION('',(0.,0.,1.));
#2434=DIRECTION('',(1.,0.,0.));
#2435=DIRECTION('',(0.,1.,0.));
#2436=DIRECTION('',(0.,0.,1.));
#2437=DIRECTION('',(0.,1.,0.));
#2438=DIRECTION('',(0.,0.,1.));
#2439=DIRECTION('',(0.,1.,0.));
#2440=DIRECTION('',(0.,0.,1.));
#2441=DIRECTION('',(0.,1.,0.));
#2442=DIRECTION('',(0.,0.,1.));
#2443=DIRECTION('',(0.,1.,0.));
#2444=DIRECTION('',(0.,0.,1.));
#2445=DIRECTION('',(-1.,0.,0.));
#2446=DIRECTION('',(0.,0.,1.));
#2447=DIRECTION('',(0.,1.,0.));
#2448=DIRECTION('',(0.,0.,1.));
#2449=DIRECTION('',(0.,1.,0.));
#2450=DIRECTION('',(0.,0.,1.));
#2451=DIRECTION('',(1.,0.,0.));
#2452=DIRECTION('',(1.,0.,0.));
#2453=DIRECTION('',(0.,1.,0.));
#2454=DIRECTION('',(0.,1.,0.));
#2455=DIRECTION('',(1.,0.,0.));
#2456=DIRECTION('',(0.,0.,-1.));
#2457=DIRECTION('',(0.,0.,-1.));
#2458=DIRECTION('',(0.,1.,0.));
#2459=DIRECTION('',(0.,1.,0.));
#2460=DIRECTION('',(0.,0.,-1.));
#2461=DIRECTION('',(-1.,0.,0.));
#2462=DIRECTION('',(0.,1.,0.));
#2463=DIRECTION('',(-1.,0.,0.));
#2464=DIRECTION('',(0.,1.,0.));
#2465=DIRECTION('',(0.,1.,0.));
#2466=DIRECTION('',(0.,0.,1.));
#2467=DIRECTION('',(0.,1.,0.));
#2468=DIRECTION('',(0.,0.,1.));
#2469=DIRECTION('',(0.,1.,0.));
#2470=DIRECTION('',(0.,0.,1.));
#2471=DIRECTION('',(0.,1.,0.));
#2472=DIRECTION('',(0.,0.,1.));
#2473=DIRECTION('',(0.,1.,0.));
#2474=DIRECTION('',(0.,0.,1.));
#2475=DIRECTION('',(-1.,0.,0.));
#2476=DIRECTION('',(0.,0.,-1.));
#2477=DIRECTION('',(1.,0.,0.));
#2478=DIRECTION('',(0.,0.,-1.));
#2479=DIRECTION('',(1.,0.,0.));
#2480=DIRECTION('',(0.,0.,-1.));
#2481=DIRECTION('',(1.,0.,0.));
#2482=DIRECTION('',(0.,0.,1.));
#2483=DIRECTION('',(1.,0.,0.));
#2484=DIRECTION('',(0.,0.,1.));
#2485=DIRECTION('',(1.,0.,0.));
#2486=DIRECTION('',(0.,0.,1.));
#2487=DIRECTION('',(-1.,0.,0.));
#2488=DIRECTION('',(0.,0.,1.));
#2489=DIRECTION('',(-1.,0.,0.));
#2490=DIRECTION('',(0.,0.,1.));
#2491=DIRECTION('',(-1.,0.,0.));
#2492=DIRECTION('',(0.,0.,-1.));
#2493=DIRECTION('',(-1.,0.,0.));
#2494=DIRECTION('',(0.,0.,-1.));
#2495=DIRECTION('',(-1.,0.,0.));
#2496=DIRECTION('',(0.,0.,1.));
#2497=DIRECTION('',(0.,1.,0.));
#2498=DIRECTION('',(0.,0.,1.));
#2499=DIRECTION('',(0.,1.,0.));
#2500=DIRECTION('',(0.,0.,1.));
#2501=DIRECTION('',(0.,0.,1.));
#2502=DIRECTION('',(1.,0.,0.));
#2503=DIRECTION('',(1.,0.,0.));
#2504=DIRECTION('',(0.,1.,0.));
#2505=DIRECTION('',(1.,0.,0.));
#2506=DIRECTION('',(1.,0.,0.));
#2507=DIRECTION('',(0.,0.,-1.));
#2508=DIRECTION('',(0.,0.,-1.));
#2509=DIRECTION('',(0.,1.,0.));
#2510=DIRECTION('',(0.,0.,-1.));
#2511=DIRECTION('',(0.,0.,-1.));
#2512=DIRECTION('',(-1.,0.,0.));
#2513=DIRECTION('',(-1.,0.,0.));
#2514=DIRECTION('',(-1.,0.,0.));
#2515=DIRECTION('',(0.,1.,0.));
#2516=DIRECTION('',(0.,0.,1.));
#2517=DIRECTION('',(-0.707106781186547,0.707106781186548,0.));
#2518=DIRECTION('',(0.,0.,1.));
#2519=DIRECTION('',(-0.707106781186548,-0.707106781186547,0.));
#2520=DIRECTION('',(0.707106781186548,0.707106781186547,0.));
#2521=DIRECTION('',(0.,0.,1.));
#2522=DIRECTION('',(0.577350269189626,0.577350269189625,-0.577350269189626));
#2523=DIRECTION('',(0.577350269189626,0.577350269189625,0.577350269189626));
#2524=DIRECTION('',(0.,0.,1.));
#2525=DIRECTION('',(0.,0.707106781186548,0.707106781186547));
#2526=DIRECTION('',(1.,0.,0.));
#2527=DIRECTION('',(0.,-0.707106781186547,0.707106781186548));
#2528=DIRECTION('',(0.,0.707106781186547,-0.707106781186548));
#2529=DIRECTION('',(1.,0.,0.));
#2530=DIRECTION('',(0.577350269189626,-0.577350269189625,0.577350269189626));
#2531=DIRECTION('',(1.,0.,0.));
#2532=DIRECTION('',(0.,0.707106781186548,-0.707106781186547));
#2533=DIRECTION('',(-1.,0.,0.));
#2534=DIRECTION('',(0.,-0.707106781186547,-0.707106781186548));
#2535=DIRECTION('',(0.,0.707106781186547,0.707106781186548));
#2536=DIRECTION('',(-1.,0.,0.));
#2537=DIRECTION('',(-0.577350269189626,0.577350269189625,0.577350269189626));
#2538=DIRECTION('',(-1.,0.,0.));
#2539=DIRECTION('',(0.707106781186547,0.707106781186548,0.));
#2540=DIRECTION('',(0.,0.,-1.));
#2541=DIRECTION('',(-0.707106781186548,0.707106781186547,0.));
#2542=DIRECTION('',(0.,0.,-1.));
#2543=DIRECTION('',(0.,0.,-1.));
#2544=DIRECTION('',(0.707106781186548,-0.707106781186547,0.));
#2545=DIRECTION('',(0.,0.,1.));
#2546=DIRECTION('',(1.,0.,0.));
#2547=DIRECTION('',(0.,1.,0.));
#2548=DIRECTION('',(1.,0.,0.));
#2549=DIRECTION('',(0.,0.,-1.));
#2550=DIRECTION('',(0.,1.,0.));
#2551=DIRECTION('',(0.,0.,1.));
#2552=DIRECTION('',(1.,0.,0.));
#2553=DIRECTION('',(0.,1.,0.));
#2554=DIRECTION('',(1.,0.,0.));
#2555=DIRECTION('',(0.,0.,-1.));
#2556=DIRECTION('',(-1.,0.,0.));
#2557=DIRECTION('',(0.,0.,1.));
#2558=DIRECTION('',(0.,1.,0.));
#2559=DIRECTION('',(0.,0.,1.));
#2560=DIRECTION('',(1.,0.,0.));
#2561=DIRECTION('',(0.,1.,0.));
#2562=DIRECTION('',(-1.,0.,0.));
#2563=DIRECTION('',(0.,0.,1.));
#2564=DIRECTION('',(0.,1.,0.));
#2565=DIRECTION('',(0.,0.,1.));
#2566=DIRECTION('',(1.,0.,0.));
#2567=DIRECTION('',(-1.,0.,0.));
#2568=DIRECTION('',(0.,0.,1.));
#2569=DIRECTION('',(0.,1.,0.));
#2570=DIRECTION('',(0.,0.,-1.));
#2571=DIRECTION('',(-1.,0.,0.));
#2572=DIRECTION('',(0.,1.,0.));
#2573=DIRECTION('',(-1.,0.,0.));
#2574=DIRECTION('',(0.,0.,1.));
#2575=DIRECTION('',(0.,1.,0.));
#2576=DIRECTION('',(0.,0.,-1.));
#2577=DIRECTION('',(-1.,0.,0.));
#2578=DIRECTION('',(0.,0.,-1.));
#2579=DIRECTION('',(-1.,0.,0.));
#2580=DIRECTION('',(0.,1.,0.));
#2581=DIRECTION('',(1.,0.,0.));
#2582=DIRECTION('',(0.,0.,-1.));
#2583=DIRECTION('',(0.,1.,0.));
#2584=DIRECTION('',(0.,0.,-1.));
#2585=DIRECTION('',(-1.,0.,0.));
#2586=DIRECTION('',(0.,1.,0.));
#2587=DIRECTION('',(1.,0.,0.));
#2588=DIRECTION('',(0.,0.,-1.));
#2589=DIRECTION('',(1.,0.,0.));
#2590=DIRECTION('',(0.,0.,-1.));
#2591=DIRECTION('',(0.,-1.,0.));
#2592=DIRECTION('',(0.,0.,1.));
#2593=DIRECTION('',(0.,-1.,0.));
#2594=DIRECTION('',(0.,0.,-1.));
#2595=DIRECTION('',(-1.,0.,0.));
#2596=DIRECTION('',(1.,0.,0.));
#2597=DIRECTION('',(0.,-1.,0.));
#2598=DIRECTION('',(-1.,0.,0.));
#2599=DIRECTION('',(0.,0.,1.));
#2600=DIRECTION('',(0.,0.,-1.));
#2601=DIRECTION('',(0.,-1.,0.));
#2602=DIRECTION('',(0.,0.,1.));
#2603=DIRECTION('',(1.,0.,0.));
#2604=DIRECTION('',(-1.,0.,0.));
#2605=DIRECTION('',(0.,1.,0.));
#2606=DIRECTION('',(0.,0.,1.));
#2607=DIRECTION('',(1.,0.,0.));
#2608=DIRECTION('',(0.,0.,-1.));
#2609=DIRECTION('',(0.,-1.,0.));
#2610=DIRECTION('',(0.,0.,1.));
#2611=DIRECTION('',(0.,-1.,0.));
#2612=DIRECTION('',(0.984807753012208,0.,-0.17364817766693));
#2613=DIRECTION('',(-0.17364817766693,0.,-0.984807753012208));
#2614=DIRECTION('',(0.17364817766693,0.,0.984807753012208));
#2615=DIRECTION('',(0.,-1.,0.));
#2616=DIRECTION('',(0.,0.,-1.));
#2617=DIRECTION('',(-1.,0.,0.));
#2618=DIRECTION('',(1.,0.,0.));
#2619=DIRECTION('',(0.,-1.,0.));
#2620=DIRECTION('',(-0.984807753012208,0.,-0.17364817766693));
#2621=DIRECTION('',(-0.17364817766693,0.,0.984807753012208));
#2622=DIRECTION('',(0.17364817766693,0.,-0.984807753012208));
#2623=DIRECTION('',(0.,-1.,0.));
#2624=DIRECTION('',(-1.,0.,0.));
#2625=DIRECTION('',(0.,0.,1.));
#2626=DIRECTION('',(0.,0.,-1.));
#2627=DIRECTION('',(0.,-1.,0.));
#2628=DIRECTION('',(-0.984807753012208,0.,0.17364817766693));
#2629=DIRECTION('',(0.17364817766693,0.,0.984807753012208));
#2630=DIRECTION('',(-0.17364817766693,0.,-0.984807753012208));
#2631=DIRECTION('',(0.,-1.,0.));
#2632=DIRECTION('',(0.,0.,1.));
#2633=DIRECTION('',(1.,0.,0.));
#2634=DIRECTION('',(-1.,0.,0.));
#2635=DIRECTION('',(0.,-1.,0.));
#2636=DIRECTION('',(0.984807753012208,0.,0.173648177666931));
#2637=DIRECTION('',(0.173648177666931,0.,-0.984807753012208));
#2638=DIRECTION('',(-0.173648177666931,0.,0.984807753012208));
#2639=DIRECTION('',(0.,1.,0.));
#2640=DIRECTION('',(0.,0.,1.));
#2641=DIRECTION('',(1.,0.,0.));
#2642=DIRECTION('',(0.,0.,-1.));
#2643=DIRECTION('',(0.,-1.,0.));
#2644=DIRECTION('',(0.,0.,1.));
#2645=DIRECTION('',(0.,-1.,0.));
#2646=DIRECTION('',(0.984807753012208,0.,-0.17364817766693));
#2647=DIRECTION('',(-0.17364817766693,0.,-0.984807753012208));
#2648=DIRECTION('',(0.17364817766693,0.,0.984807753012208));
#2649=DIRECTION('',(0.,-1.,0.));
#2650=DIRECTION('',(0.,0.,-1.));
#2651=DIRECTION('',(-1.,0.,0.));
#2652=DIRECTION('',(1.,0.,0.));
#2653=DIRECTION('',(0.,-1.,0.));
#2654=DIRECTION('',(-0.984807753012208,0.,-0.17364817766693));
#2655=DIRECTION('',(-0.17364817766693,0.,0.984807753012208));
#2656=DIRECTION('',(0.17364817766693,0.,-0.984807753012208));
#2657=DIRECTION('',(0.,-1.,0.));
#2658=DIRECTION('',(-1.,0.,0.));
#2659=DIRECTION('',(0.,0.,1.));
#2660=DIRECTION('',(0.,0.,-1.));
#2661=DIRECTION('',(0.,-1.,0.));
#2662=DIRECTION('',(-0.984807753012208,0.,0.17364817766693));
#2663=DIRECTION('',(0.17364817766693,0.,0.984807753012208));
#2664=DIRECTION('',(-0.17364817766693,0.,-0.984807753012208));
#2665=DIRECTION('',(0.,-1.,0.));
#2666=DIRECTION('',(0.,0.,1.));
#2667=DIRECTION('',(1.,0.,0.));
#2668=DIRECTION('',(-1.,0.,0.));
#2669=DIRECTION('',(0.,-1.,0.));
#2670=DIRECTION('',(0.984807753012208,0.,0.173648177666931));
#2671=DIRECTION('',(0.173648177666931,0.,-0.984807753012208));
#2672=DIRECTION('',(-0.173648177666931,0.,0.984807753012208));
#2673=DIRECTION('',(0.,1.,0.));
#2674=DIRECTION('',(0.,0.,1.));
#2675=DIRECTION('',(1.,0.,0.));
#2676=DIRECTION('',(0.,0.,-1.));
#2677=DIRECTION('',(0.,-1.,0.));
#2678=DIRECTION('',(0.,0.,1.));
#2679=DIRECTION('',(0.,-1.,0.));
#2680=DIRECTION('',(0.,0.,-1.));
#2681=DIRECTION('',(-1.,0.,0.));
#2682=DIRECTION('',(1.,0.,0.));
#2683=DIRECTION('',(0.,-1.,0.));
#2684=DIRECTION('',(-1.,0.,0.));
#2685=DIRECTION('',(0.,0.,1.));
#2686=DIRECTION('',(0.,0.,-1.));
#2687=DIRECTION('',(0.,-1.,0.));
#2688=DIRECTION('',(0.,0.,1.));
#2689=DIRECTION('',(1.,0.,0.));
#2690=DIRECTION('',(-1.,0.,0.));
#2691=DIRECTION('',(0.,1.,0.));
#2692=DIRECTION('',(0.,0.,1.));
#2693=DIRECTION('',(1.,0.,0.));
#2694=DIRECTION('',(0.,0.,-1.));
#2695=DIRECTION('',(0.,-1.,0.));
#2696=DIRECTION('',(0.,0.,1.));
#2697=DIRECTION('',(0.,-1.,0.));
#2698=DIRECTION('',(0.,0.,-1.));
#2699=DIRECTION('',(-1.,0.,0.));
#2700=DIRECTION('',(1.,0.,0.));
#2701=DIRECTION('',(0.,-1.,0.));
#2702=DIRECTION('',(-1.,0.,0.));
#2703=DIRECTION('',(0.,0.,1.));
#2704=DIRECTION('',(0.,0.,-1.));
#2705=DIRECTION('',(0.,-1.,0.));
#2706=DIRECTION('',(0.,0.,1.));
#2707=DIRECTION('',(1.,0.,0.));
#2708=DIRECTION('',(-1.,0.,0.));
#2709=DIRECTION('',(0.,1.,0.));
#2710=DIRECTION('',(0.,0.,1.));
#2711=DIRECTION('',(0.,0.,1.));
#2712=DIRECTION('',(1.,0.,0.));
#2713=DIRECTION('',(0.,-1.,0.));
#2714=DIRECTION('',(-1.,0.,0.));
#2715=DIRECTION('',(0.,-1.,0.));
#2716=DIRECTION('',(1.,0.,0.));
#2717=DIRECTION('',(0.,0.,-1.));
#2718=DIRECTION('',(0.,0.,1.));
#2719=DIRECTION('',(0.,-1.,0.));
#2720=DIRECTION('',(0.,0.,-1.));
#2721=DIRECTION('',(-1.,0.,0.));
#2722=DIRECTION('',(1.,0.,0.));
#2723=DIRECTION('',(0.,-1.,0.));
#2724=DIRECTION('',(-1.,0.,0.));
#2725=DIRECTION('',(0.,0.,1.));
#2726=DIRECTION('',(0.,0.,-1.));
#2727=DIRECTION('',(0.,1.,0.));
#2728=DIRECTION('',(0.,0.,1.));
#2729=DIRECTION('',(1.,0.,0.));
#2730=DIRECTION('',(0.,0.,-1.));
#2731=DIRECTION('',(0.,-1.,0.));
#2732=DIRECTION('',(0.,0.,1.));
#2733=DIRECTION('',(0.,-1.,0.));
#2734=DIRECTION('',(0.,0.,-1.));
#2735=DIRECTION('',(-1.,0.,0.));
#2736=DIRECTION('',(1.,0.,0.));
#2737=DIRECTION('',(0.,-1.,0.));
#2738=DIRECTION('',(-1.,0.,0.));
#2739=DIRECTION('',(0.,0.,1.));
#2740=DIRECTION('',(0.,0.,-1.));
#2741=DIRECTION('',(0.,-1.,0.));
#2742=DIRECTION('',(0.,0.,1.));
#2743=DIRECTION('',(1.,0.,0.));
#2744=DIRECTION('',(-1.,0.,0.));
#2745=DIRECTION('',(0.,1.,0.));
#2746=DIRECTION('',(0.,0.,1.));
#2747=DIRECTION('',(0.,0.,1.));
#2748=DIRECTION('',(1.,0.,0.));
#2749=DIRECTION('',(0.,-1.,0.));
#2750=DIRECTION('',(-1.,0.,0.));
#2751=DIRECTION('',(0.,-1.,0.));
#2752=DIRECTION('',(1.,0.,0.));
#2753=DIRECTION('',(0.,0.,-1.));
#2754=DIRECTION('',(0.,0.,1.));
#2755=DIRECTION('',(0.,-1.,0.));
#2756=DIRECTION('',(0.,0.,-1.));
#2757=DIRECTION('',(-1.,0.,0.));
#2758=DIRECTION('',(1.,0.,0.));
#2759=DIRECTION('',(0.,-1.,0.));
#2760=DIRECTION('',(-1.,0.,0.));
#2761=DIRECTION('',(0.,0.,1.));
#2762=DIRECTION('',(0.,0.,-1.));
#2763=DIRECTION('',(0.,1.,0.));
#2764=DIRECTION('',(0.,0.,1.));
#2765=DIRECTION('',(1.,0.,0.));
#2766=DIRECTION('',(0.,0.,-1.));
#2767=DIRECTION('',(0.,-1.,0.));
#2768=DIRECTION('',(0.,0.,1.));
#2769=DIRECTION('',(0.,-1.,0.));
#2770=DIRECTION('',(0.,0.,-1.));
#2771=DIRECTION('',(-1.,0.,0.));
#2772=DIRECTION('',(1.,0.,0.));
#2773=DIRECTION('',(0.,-1.,0.));
#2774=DIRECTION('',(-1.,0.,0.));
#2775=DIRECTION('',(0.,0.,1.));
#2776=DIRECTION('',(0.,0.,-1.));
#2777=DIRECTION('',(0.,-1.,0.));
#2778=DIRECTION('',(0.,0.,1.));
#2779=DIRECTION('',(1.,0.,0.));
#2780=DIRECTION('',(-1.,0.,0.));
#2781=DIRECTION('',(0.,1.,0.));
#2782=DIRECTION('',(0.,0.,1.));
#2783=DIRECTION('',(0.,0.,1.));
#2784=DIRECTION('',(1.,0.,0.));
#2785=DIRECTION('',(0.,-1.,0.));
#2786=DIRECTION('',(-1.,0.,0.));
#2787=DIRECTION('',(0.,-1.,0.));
#2788=DIRECTION('',(1.,0.,0.));
#2789=DIRECTION('',(0.,0.,-1.));
#2790=DIRECTION('',(0.,0.,1.));
#2791=DIRECTION('',(0.,-1.,0.));
#2792=DIRECTION('',(0.,0.,-1.));
#2793=DIRECTION('',(-1.,0.,0.));
#2794=DIRECTION('',(1.,0.,0.));
#2795=DIRECTION('',(0.,-1.,0.));
#2796=DIRECTION('',(-1.,0.,0.));
#2797=DIRECTION('',(0.,0.,1.));
#2798=DIRECTION('',(0.,0.,-1.));
#2799=DIRECTION('',(0.,1.,0.));
#2800=DIRECTION('',(0.,0.,1.));
#2801=DIRECTION('',(1.,0.,0.));
#2802=DIRECTION('',(0.,0.,-1.));
#2803=DIRECTION('',(0.,-1.,0.));
#2804=DIRECTION('',(0.,0.,1.));
#2805=DIRECTION('',(0.,-1.,0.));
#2806=DIRECTION('',(0.,0.,-1.));
#2807=DIRECTION('',(-1.,0.,0.));
#2808=DIRECTION('',(1.,0.,0.));
#2809=DIRECTION('',(0.,-1.,0.));
#2810=DIRECTION('',(-1.,0.,0.));
#2811=DIRECTION('',(0.,0.,1.));
#2812=DIRECTION('',(0.,0.,-1.));
#2813=DIRECTION('',(0.,-1.,0.));
#2814=DIRECTION('',(0.,0.,1.));
#2815=DIRECTION('',(1.,0.,0.));
#2816=DIRECTION('',(-1.,0.,0.));
#2817=DIRECTION('',(0.,1.,0.));
#2818=DIRECTION('',(0.,0.,1.));
#2819=DIRECTION('',(0.,-1.,0.));
#2820=DIRECTION('',(0.,0.,-1.));
#2821=DIRECTION('',(0.,-1.,0.));
#2822=DIRECTION('',(0.,0.,-1.));
#2823=DIRECTION('',(0.,-1.,0.));
#2824=DIRECTION('',(0.,0.,-1.));
#2825=DIRECTION('',(0.,-1.,0.));
#2826=DIRECTION('',(0.,0.,-1.));
#2827=DIRECTION('',(0.,-1.,0.));
#2828=DIRECTION('',(0.,0.,-1.));
#2829=DIRECTION('',(0.,-1.,0.));
#2830=DIRECTION('',(0.,0.,-1.));
#2831=DIRECTION('',(0.,-1.,0.));
#2832=DIRECTION('',(0.,0.,-1.));
#2833=DIRECTION('',(0.,-1.,0.));
#2834=DIRECTION('',(0.,0.,-1.));
#2835=DIRECTION('',(0.,-1.,0.));
#2836=DIRECTION('',(0.,0.,-1.));
#2837=DIRECTION('',(0.,-1.,0.));
#2838=DIRECTION('',(0.,0.,-1.));
#2839=DIRECTION('',(0.,-1.,0.));
#2840=DIRECTION('',(0.,0.,-1.));
#2841=DIRECTION('',(0.,-1.,0.));
#2842=DIRECTION('',(0.,0.,-1.));
#2843=CARTESIAN_POINT('',(0.,0.,0.));
#2844=CARTESIAN_POINT('',(0.,0.,0.));
#2845=CARTESIAN_POINT('',(-136.3,0.,-18.1));
#2846=CARTESIAN_POINT('',(-136.3,0.,-18.1));
#2847=CARTESIAN_POINT('',(-163.75,0.,-18.1));
#2848=CARTESIAN_POINT('',(-163.75,0.,-18.1));
#2849=CARTESIAN_POINT('',(-163.75,0.,-14.1));
#2850=CARTESIAN_POINT('',(-163.75,0.,-14.1));
#2851=CARTESIAN_POINT('',(-136.3,0.,-14.1));
#2852=CARTESIAN_POINT('',(-136.3,0.,-14.1));
#2853=CARTESIAN_POINT('',(163.75,0.,-18.1));
#2854=CARTESIAN_POINT('',(163.75,0.,-18.1));
#2855=CARTESIAN_POINT('',(136.3,0.,-18.1));
#2856=CARTESIAN_POINT('',(136.3,0.,-18.1));
#2857=CARTESIAN_POINT('',(136.3,0.,-14.1));
#2858=CARTESIAN_POINT('',(136.3,0.,-14.1));
#2859=CARTESIAN_POINT('',(163.75,0.,-14.1));
#2860=CARTESIAN_POINT('',(163.75,0.,-14.1));
#2861=CARTESIAN_POINT('',(-36.3,0.,-18.1));
#2862=CARTESIAN_POINT('',(-36.3,0.,-18.1));
#2863=CARTESIAN_POINT('',(-63.75,0.,-18.1));
#2864=CARTESIAN_POINT('',(-63.75,0.,-18.1));
#2865=CARTESIAN_POINT('',(-63.75,0.,-14.1));
#2866=CARTESIAN_POINT('',(-63.75,0.,-14.1));
#2867=CARTESIAN_POINT('',(-36.3,0.,-14.1));
#2868=CARTESIAN_POINT('',(-36.3,0.,-14.1));
#2869=CARTESIAN_POINT('',(36.3,0.,-18.1));
#2870=CARTESIAN_POINT('',(36.3,0.,-18.1));
#2871=CARTESIAN_POINT('',(36.3,0.,-14.1));
#2872=CARTESIAN_POINT('',(36.3,0.,-14.1));
#2873=CARTESIAN_POINT('',(63.75,0.,-14.1));
#2874=CARTESIAN_POINT('',(63.75,0.,-14.1));
#2875=CARTESIAN_POINT('',(63.75,0.,-18.1));
#2876=CARTESIAN_POINT('',(63.75,0.,-18.1));
#2877=CARTESIAN_POINT('',(87.5,0.,-55.));
#2878=CARTESIAN_POINT('',(87.5,0.,-55.));
#2879=CARTESIAN_POINT('',(87.5,0.,55.));
#2880=CARTESIAN_POINT('',(87.5,0.,55.));
#2881=CARTESIAN_POINT('',(91.0265396141693,0.,75.));
#2882=CARTESIAN_POINT('',(91.0265396141693,0.,75.));
#2883=CARTESIAN_POINT('',(108.973460385831,0.,75.));
#2884=CARTESIAN_POINT('',(108.973460385831,0.,75.));
#2885=CARTESIAN_POINT('',(112.5,0.,55.));
#2886=CARTESIAN_POINT('',(112.5,0.,55.));
#2887=CARTESIAN_POINT('',(112.5,0.,-55.));
#2888=CARTESIAN_POINT('',(112.5,0.,-55.));
#2889=CARTESIAN_POINT('',(108.973460385831,0.,-75.));
#2890=CARTESIAN_POINT('',(108.973460385831,0.,-75.));
#2891=CARTESIAN_POINT('',(91.0265396141693,0.,-75.));
#2892=CARTESIAN_POINT('',(91.0265396141693,0.,-75.));
#2893=CARTESIAN_POINT('',(182.32,0.,-132.08));
#2894=CARTESIAN_POINT('',(175.32,0.,-132.08));
#2895=CARTESIAN_POINT('',(-175.32,0.,-132.08));
#2896=CARTESIAN_POINT('',(175.32,0.,-125.08));
#2897=CARTESIAN_POINT('',(182.32,0.,-125.08));
#2898=CARTESIAN_POINT('',(182.32,0.,132.08));
#2899=CARTESIAN_POINT('',(182.32,0.,125.08));
#2900=CARTESIAN_POINT('',(175.32,0.,125.08));
#2901=CARTESIAN_POINT('',(175.32,0.,132.08));
#2902=CARTESIAN_POINT('',(-182.32,0.,132.08));
#2903=CARTESIAN_POINT('',(-175.32,0.,132.08));
#2904=CARTESIAN_POINT('',(-175.32,0.,125.08));
#2905=CARTESIAN_POINT('',(-182.32,0.,125.08));
#2906=CARTESIAN_POINT('',(-182.32,0.,-132.08));
#2907=CARTESIAN_POINT('',(-182.32,0.,-125.08));
#2908=CARTESIAN_POINT('',(-175.32,0.,-125.08));
#2909=CARTESIAN_POINT('',(-30.,0.,-30.));
#2910=CARTESIAN_POINT('',(-30.,0.,-30.));
#2911=CARTESIAN_POINT('',(-30.,0.,30.));
#2912=CARTESIAN_POINT('',(-30.,0.,30.));
#2913=CARTESIAN_POINT('',(30.,0.,30.));
#2914=CARTESIAN_POINT('',(30.,0.,30.));
#2915=CARTESIAN_POINT('',(30.,0.,-30.));
#2916=CARTESIAN_POINT('',(30.,0.,-30.));
#2917=CARTESIAN_POINT('',(-112.5,0.,-55.));
#2918=CARTESIAN_POINT('',(-112.5,0.,-55.));
#2919=CARTESIAN_POINT('',(-112.5,0.,55.));
#2920=CARTESIAN_POINT('',(-112.5,0.,55.));
#2921=CARTESIAN_POINT('',(-108.973460385831,0.,75.));
#2922=CARTESIAN_POINT('',(-108.973460385831,0.,75.));
#2923=CARTESIAN_POINT('',(-91.0265396141693,0.,75.));
#2924=CARTESIAN_POINT('',(-91.0265396141693,0.,75.));
#2925=CARTESIAN_POINT('',(-87.5,0.,55.));
#2926=CARTESIAN_POINT('',(-87.5,0.,55.));
#2927=CARTESIAN_POINT('',(-87.5,0.,-55.));
#2928=CARTESIAN_POINT('',(-87.5,0.,-55.));
#2929=CARTESIAN_POINT('',(-91.0265396141693,0.,-75.));
#2930=CARTESIAN_POINT('',(-91.0265396141693,0.,-75.));
#2931=CARTESIAN_POINT('',(-108.973460385831,0.,-75.));
#2932=CARTESIAN_POINT('',(-108.973460385831,0.,-75.));
#2933=CARTESIAN_POINT('',(36.3,0.,14.1));
#2934=CARTESIAN_POINT('',(36.3,0.,14.1));
#2935=CARTESIAN_POINT('',(36.3,0.,18.1));
#2936=CARTESIAN_POINT('',(36.3,0.,18.1));
#2937=CARTESIAN_POINT('',(63.75,0.,18.1));
#2938=CARTESIAN_POINT('',(63.75,0.,18.1));
#2939=CARTESIAN_POINT('',(63.75,0.,14.1));
#2940=CARTESIAN_POINT('',(63.75,0.,14.1));
#2941=CARTESIAN_POINT('',(-63.75,0.,14.1));
#2942=CARTESIAN_POINT('',(-63.75,0.,14.1));
#2943=CARTESIAN_POINT('',(-63.75,0.,18.1));
#2944=CARTESIAN_POINT('',(-63.75,0.,18.1));
#2945=CARTESIAN_POINT('',(-36.3,0.,18.1));
#2946=CARTESIAN_POINT('',(-36.3,0.,18.1));
#2947=CARTESIAN_POINT('',(-36.3,0.,14.1));
#2948=CARTESIAN_POINT('',(-36.3,0.,14.1));
#2949=CARTESIAN_POINT('',(136.3,0.,14.1));
#2950=CARTESIAN_POINT('',(136.3,0.,14.1));
#2951=CARTESIAN_POINT('',(136.3,0.,18.1));
#2952=CARTESIAN_POINT('',(136.3,0.,18.1));
#2953=CARTESIAN_POINT('',(163.75,0.,18.1));
#2954=CARTESIAN_POINT('',(163.75,0.,18.1));
#2955=CARTESIAN_POINT('',(163.75,0.,14.1));
#2956=CARTESIAN_POINT('',(163.75,0.,14.1));
#2957=CARTESIAN_POINT('',(-163.75,0.,14.1));
#2958=CARTESIAN_POINT('',(-163.75,0.,14.1));
#2959=CARTESIAN_POINT('',(-163.75,0.,18.1));
#2960=CARTESIAN_POINT('',(-163.75,0.,18.1));
#2961=CARTESIAN_POINT('',(-136.3,0.,18.1));
#2962=CARTESIAN_POINT('',(-136.3,0.,18.1));
#2963=CARTESIAN_POINT('',(-136.3,0.,14.1));
#2964=CARTESIAN_POINT('',(-136.3,0.,14.1));
#2965=CARTESIAN_POINT('',(-182.32,18.,-132.08));
#2966=CARTESIAN_POINT('',(-182.32,18.,-132.08));
#2967=CARTESIAN_POINT('',(-182.32,18.,-125.08));
#2968=CARTESIAN_POINT('',(-182.32,18.,125.08));
#2969=CARTESIAN_POINT('',(-182.32,18.,-125.08));
#2970=CARTESIAN_POINT('',(-182.32,18.,125.08));
#2971=CARTESIAN_POINT('',(-182.32,18.,132.08));
#2972=CARTESIAN_POINT('',(175.32,18.,132.08));
#2973=CARTESIAN_POINT('',(175.32,18.,132.08));
#2974=CARTESIAN_POINT('',(-182.32,18.,132.08));
#2975=CARTESIAN_POINT('',(-175.32,18.,132.08));
#2976=CARTESIAN_POINT('',(-175.32,18.,132.08));
#2977=CARTESIAN_POINT('',(182.32,18.,132.08));
#2978=CARTESIAN_POINT('',(182.32,18.,-125.08));
#2979=CARTESIAN_POINT('',(182.32,18.,-125.08));
#2980=CARTESIAN_POINT('',(182.32,18.,132.08));
#2981=CARTESIAN_POINT('',(182.32,18.,125.08));
#2982=CARTESIAN_POINT('',(182.32,18.,125.08));
#2983=CARTESIAN_POINT('',(182.32,18.,-132.08));
#2984=CARTESIAN_POINT('',(182.32,18.,-132.08));
#2985=CARTESIAN_POINT('',(175.32,18.,-132.08));
#2986=CARTESIAN_POINT('',(-175.32,18.,-132.08));
#2987=CARTESIAN_POINT('',(175.32,18.,-132.08));
#2988=CARTESIAN_POINT('',(-175.32,18.,-132.08));
#2989=CARTESIAN_POINT('',(0.,18.,0.));
#2990=CARTESIAN_POINT('',(199.25,18.,149.));
#2991=CARTESIAN_POINT('',(199.25,18.,142.));
#2992=CARTESIAN_POINT('',(199.25,18.,-142.));
#2993=CARTESIAN_POINT('',(192.25,18.,142.));
#2994=CARTESIAN_POINT('',(192.25,18.,149.));
#2995=CARTESIAN_POINT('',(-199.25,18.,149.));
#2996=CARTESIAN_POINT('',(-192.25,18.,149.));
#2997=CARTESIAN_POINT('',(-192.25,18.,142.));
#2998=CARTESIAN_POINT('',(-199.25,18.,142.));
#2999=CARTESIAN_POINT('',(-199.25,18.,-149.));
#3000=CARTESIAN_POINT('',(-199.25,18.,-142.));
#3001=CARTESIAN_POINT('',(-192.25,18.,-142.));
#3002=CARTESIAN_POINT('',(-192.25,18.,-149.));
#3003=CARTESIAN_POINT('',(199.25,18.,-149.));
#3004=CARTESIAN_POINT('',(192.25,18.,-149.));
#3005=CARTESIAN_POINT('',(192.25,18.,-142.));
#3006=CARTESIAN_POINT('',(175.32,18.,-125.08));
#3007=CARTESIAN_POINT('',(-175.32,18.,-125.08));
#3008=CARTESIAN_POINT('',(-175.32,18.,125.08));
#3009=CARTESIAN_POINT('',(175.32,18.,125.08));
#3010=CARTESIAN_POINT('',(-199.25,43.,-149.));
#3011=CARTESIAN_POINT('',(-199.25,43.,-149.));
#3012=CARTESIAN_POINT('',(-199.25,43.,-142.));
#3013=CARTESIAN_POINT('',(-199.25,43.,142.));
#3014=CARTESIAN_POINT('',(-199.25,43.,-142.));
#3015=CARTESIAN_POINT('',(-199.25,43.,142.));
#3016=CARTESIAN_POINT('',(-199.25,43.,149.));
#3017=CARTESIAN_POINT('',(192.25,43.,149.));
#3018=CARTESIAN_POINT('',(192.25,43.,149.));
#3019=CARTESIAN_POINT('',(-199.25,43.,149.));
#3020=CARTESIAN_POINT('',(-192.25,43.,149.));
#3021=CARTESIAN_POINT('',(-192.25,43.,149.));
#3022=CARTESIAN_POINT('',(199.25,43.,149.));
#3023=CARTESIAN_POINT('',(199.25,43.,149.));
#3024=CARTESIAN_POINT('',(199.25,43.,142.));
#3025=CARTESIAN_POINT('',(199.25,43.,-142.));
#3026=CARTESIAN_POINT('',(199.25,43.,142.));
#3027=CARTESIAN_POINT('',(199.25,43.,-142.));
#3028=CARTESIAN_POINT('',(199.25,43.,-149.));
#3029=CARTESIAN_POINT('',(-192.25,43.,-149.));
#3030=CARTESIAN_POINT('',(-192.25,43.,-149.));
#3031=CARTESIAN_POINT('',(199.25,43.,-149.));
#3032=CARTESIAN_POINT('',(192.25,43.,-149.));
#3033=CARTESIAN_POINT('',(192.25,43.,-149.));
#3034=CARTESIAN_POINT('',(0.,43.,0.));
#3035=CARTESIAN_POINT('',(-192.55,43.,-142.3));
#3036=CARTESIAN_POINT('',(-192.55,43.,-135.3));
#3037=CARTESIAN_POINT('',(-192.55,43.,135.3));
#3038=CARTESIAN_POINT('',(-185.55,43.,-135.3));
#3039=CARTESIAN_POINT('',(-185.55,43.,-142.3));
#3040=CARTESIAN_POINT('',(192.55,43.,-142.3));
#3041=CARTESIAN_POINT('',(185.55,43.,-142.3));
#3042=CARTESIAN_POINT('',(185.55,43.,-135.3));
#3043=CARTESIAN_POINT('',(192.55,43.,-135.3));
#3044=CARTESIAN_POINT('',(192.55,43.,142.3));
#3045=CARTESIAN_POINT('',(192.55,43.,135.3));
#3046=CARTESIAN_POINT('',(185.55,43.,135.3));
#3047=CARTESIAN_POINT('',(185.55,43.,142.3));
#3048=CARTESIAN_POINT('',(-192.55,43.,142.3));
#3049=CARTESIAN_POINT('',(-185.55,43.,142.3));
#3050=CARTESIAN_POINT('',(-185.55,43.,135.3));
#3051=CARTESIAN_POINT('',(192.25,43.,142.));
#3052=CARTESIAN_POINT('',(192.25,43.,-142.));
#3053=CARTESIAN_POINT('',(-192.25,43.,-142.));
#3054=CARTESIAN_POINT('',(-192.25,43.,142.));
#3055=CARTESIAN_POINT('',(-192.55,30.5,-142.3));
#3056=CARTESIAN_POINT('',(-192.55,30.5,135.3));
#3057=CARTESIAN_POINT('',(-192.55,30.5,135.3));
#3058=CARTESIAN_POINT('',(-192.55,30.5,-142.3));
#3059=CARTESIAN_POINT('',(-192.55,30.5,-135.3));
#3060=CARTESIAN_POINT('',(-192.55,43.,-135.3));
#3061=CARTESIAN_POINT('',(-192.55,30.5,142.3));
#3062=CARTESIAN_POINT('',(-192.55,30.5,142.3));
#3063=CARTESIAN_POINT('',(-185.55,30.5,142.3));
#3064=CARTESIAN_POINT('',(185.55,30.5,142.3));
#3065=CARTESIAN_POINT('',(-185.55,43.,142.3));
#3066=CARTESIAN_POINT('',(185.55,30.5,142.3));
#3067=CARTESIAN_POINT('',(192.55,30.5,142.3));
#3068=CARTESIAN_POINT('',(192.55,30.5,142.3));
#3069=CARTESIAN_POINT('',(192.55,30.5,135.3));
#3070=CARTESIAN_POINT('',(192.55,30.5,-135.3));
#3071=CARTESIAN_POINT('',(192.55,43.,135.3));
#3072=CARTESIAN_POINT('',(192.55,30.5,-135.3));
#3073=CARTESIAN_POINT('',(192.55,30.5,-142.3));
#3074=CARTESIAN_POINT('',(-185.55,30.5,-142.3));
#3075=CARTESIAN_POINT('',(-185.55,30.5,-142.3));
#3076=CARTESIAN_POINT('',(192.55,30.5,-142.3));
#3077=CARTESIAN_POINT('',(185.55,30.5,-142.3));
#3078=CARTESIAN_POINT('',(185.55,43.,-142.3));
#3079=CARTESIAN_POINT('',(0.,30.5,0.));
#3080=CARTESIAN_POINT('',(-185.55,30.5,135.3));
#3081=CARTESIAN_POINT('',(185.55,30.5,135.3));
#3082=CARTESIAN_POINT('',(185.55,30.5,-135.3));
#3083=CARTESIAN_POINT('',(-185.55,30.5,-135.3));
#3084=CARTESIAN_POINT('',(-183.75,30.5,84.8));
#3085=CARTESIAN_POINT('',(-183.75,30.5,84.8));
#3086=CARTESIAN_POINT('',(-191.65,30.5,84.8));
#3087=CARTESIAN_POINT('',(-191.65,30.5,-129.9));
#3088=CARTESIAN_POINT('',(-191.65,30.5,-84.8));
#3089=CARTESIAN_POINT('',(-192.55,30.5,-84.8));
#3090=CARTESIAN_POINT('',(-183.75,30.5,-84.8));
#3091=CARTESIAN_POINT('',(-183.75,30.5,-84.8));
#3092=CARTESIAN_POINT('',(-183.75,30.5,-133.5));
#3093=CARTESIAN_POINT('',(-183.75,30.5,-133.5));
#3094=CARTESIAN_POINT('',(-135.05,30.5,-133.5));
#3095=CARTESIAN_POINT('',(-135.05,30.5,-133.5));
#3096=CARTESIAN_POINT('',(-135.05,30.5,-141.4));
#3097=CARTESIAN_POINT('',(180.15,30.5,-141.4));
#3098=CARTESIAN_POINT('',(135.05,30.5,-141.4));
#3099=CARTESIAN_POINT('',(135.05,30.5,-142.3));
#3100=CARTESIAN_POINT('',(135.05,30.5,-133.5));
#3101=CARTESIAN_POINT('',(135.05,30.5,-133.5));
#3102=CARTESIAN_POINT('',(183.75,30.5,-133.5));
#3103=CARTESIAN_POINT('',(183.75,30.5,-133.5));
#3104=CARTESIAN_POINT('',(183.75,30.5,-84.8));
#3105=CARTESIAN_POINT('',(183.75,30.5,-84.8));
#3106=CARTESIAN_POINT('',(191.65,30.5,-84.8));
#3107=CARTESIAN_POINT('',(191.65,30.5,129.9));
#3108=CARTESIAN_POINT('',(191.65,30.5,84.8));
#3109=CARTESIAN_POINT('',(192.55,30.5,84.8));
#3110=CARTESIAN_POINT('',(183.75,30.5,84.8));
#3111=CARTESIAN_POINT('',(183.75,30.5,84.8));
#3112=CARTESIAN_POINT('',(183.75,30.5,133.5));
#3113=CARTESIAN_POINT('',(183.75,30.5,133.5));
#3114=CARTESIAN_POINT('',(135.05,30.5,133.5));
#3115=CARTESIAN_POINT('',(135.05,30.5,133.5));
#3116=CARTESIAN_POINT('',(135.05,30.5,141.4));
#3117=CARTESIAN_POINT('',(-180.15,30.5,141.4));
#3118=CARTESIAN_POINT('',(-135.05,30.5,141.4));
#3119=CARTESIAN_POINT('',(-135.05,30.5,142.3));
#3120=CARTESIAN_POINT('',(-135.05,30.5,133.5));
#3121=CARTESIAN_POINT('',(-135.05,30.5,133.5));
#3122=CARTESIAN_POINT('',(-183.75,30.5,133.5));
#3123=CARTESIAN_POINT('',(-183.75,30.5,133.5));
#3124=CARTESIAN_POINT('',(-180.15,10.8,-129.9));
#3125=CARTESIAN_POINT('',(-180.15,10.8,-129.9));
#3126=CARTESIAN_POINT('',(-180.15,10.8,-129.9));
#3127=CARTESIAN_POINT('',(-180.15,19.,-129.9));
#3128=CARTESIAN_POINT('',(-180.15,19.,129.9));
#3129=CARTESIAN_POINT('',(-180.15,19.,129.9));
#3130=CARTESIAN_POINT('',(-180.15,10.8,129.9));
#3131=CARTESIAN_POINT('',(-180.15,10.8,129.9));
#3132=CARTESIAN_POINT('',(-180.15,10.8,-129.9));
#3133=CARTESIAN_POINT('',(-180.15,10.8,129.9));
#3134=CARTESIAN_POINT('',(180.15,19.,129.9));
#3135=CARTESIAN_POINT('',(180.15,19.,129.9));
#3136=CARTESIAN_POINT('',(180.15,10.8,129.9));
#3137=CARTESIAN_POINT('',(180.15,10.8,129.9));
#3138=CARTESIAN_POINT('',(-180.15,10.8,129.9));
#3139=CARTESIAN_POINT('',(180.15,10.8,129.9));
#3140=CARTESIAN_POINT('',(180.15,19.,-129.9));
#3141=CARTESIAN_POINT('',(180.15,19.,-129.9));
#3142=CARTESIAN_POINT('',(180.15,10.8,-129.9));
#3143=CARTESIAN_POINT('',(180.15,10.8,-129.9));
#3144=CARTESIAN_POINT('',(180.15,10.8,129.9));
#3145=CARTESIAN_POINT('',(180.15,10.8,-129.9));
#3146=CARTESIAN_POINT('',(-180.15,19.,-129.9));
#3147=CARTESIAN_POINT('',(180.15,10.8,-129.9));
#3148=CARTESIAN_POINT('',(0.,10.8,0.));
#3149=CARTESIAN_POINT('',(180.15,19.,129.9));
#3150=CARTESIAN_POINT('',(180.15,19.,84.8));
#3151=CARTESIAN_POINT('',(183.75,22.6,84.8));
#3152=CARTESIAN_POINT('',(180.15,19.,-84.8));
#3153=CARTESIAN_POINT('',(183.75,22.6,-84.8));
#3154=CARTESIAN_POINT('',(183.75,22.6,129.9));
#3155=CARTESIAN_POINT('',(183.75,22.6,-133.5));
#3156=CARTESIAN_POINT('',(93.5499999999999,-67.6,-43.3));
#3157=CARTESIAN_POINT('',(60.05,-101.1,9.79999999999993));
#3158=CARTESIAN_POINT('',(183.75,22.6,133.5));
#3159=CARTESIAN_POINT('',(183.75,22.6,129.9));
#3160=CARTESIAN_POINT('',(180.15,19.,-129.9));
#3161=CARTESIAN_POINT('',(135.05,19.,-129.9));
#3162=CARTESIAN_POINT('',(135.05,22.6,-133.5));
#3163=CARTESIAN_POINT('',(-135.05,19.,-129.9));
#3164=CARTESIAN_POINT('',(-135.05,22.6,-133.5));
#3165=CARTESIAN_POINT('',(180.15,22.6,-133.5));
#3166=CARTESIAN_POINT('',(-183.75,22.6,-133.5));
#3167=CARTESIAN_POINT('',(-180.15,19.,-129.9));
#3168=CARTESIAN_POINT('',(180.15,22.6,-133.5));
#3169=CARTESIAN_POINT('',(-180.15,19.,129.9));
#3170=CARTESIAN_POINT('',(-135.05,19.,129.9));
#3171=CARTESIAN_POINT('',(-135.05,22.6,133.5));
#3172=CARTESIAN_POINT('',(135.05,19.,129.9));
#3173=CARTESIAN_POINT('',(135.05,22.6,133.5));
#3174=CARTESIAN_POINT('',(-180.15,22.6,133.5));
#3175=CARTESIAN_POINT('',(-93.5499999999999,-67.6,43.3));
#3176=CARTESIAN_POINT('',(-183.75,22.6,133.5));
#3177=CARTESIAN_POINT('',(-180.15,22.6,133.5));
#3178=CARTESIAN_POINT('',(-180.15,19.,-129.9));
#3179=CARTESIAN_POINT('',(-180.15,19.,84.8));
#3180=CARTESIAN_POINT('',(-183.75,22.6,84.8));
#3181=CARTESIAN_POINT('',(-183.75,22.6,-129.9));
#3182=CARTESIAN_POINT('',(-183.75,22.6,-129.9));
#3183=CARTESIAN_POINT('',(-183.75,22.6,-84.8));
#3184=CARTESIAN_POINT('',(-180.15,19.,-84.8));
#3185=CARTESIAN_POINT('',(-192.55,22.5,-84.8));
#3186=CARTESIAN_POINT('',(-183.75,22.5,-84.8));
#3187=CARTESIAN_POINT('',(-183.75,22.5,-84.8));
#3188=CARTESIAN_POINT('',(-183.75,22.5,-133.5));
#3189=CARTESIAN_POINT('',(-183.75,22.5,-133.5));
#3190=CARTESIAN_POINT('',(-135.05,22.5,-133.5));
#3191=CARTESIAN_POINT('',(-135.05,22.5,-133.5));
#3192=CARTESIAN_POINT('',(135.05,22.5,-142.3));
#3193=CARTESIAN_POINT('',(135.05,22.5,-133.5));
#3194=CARTESIAN_POINT('',(135.05,22.5,-133.5));
#3195=CARTESIAN_POINT('',(183.75,22.5,-133.5));
#3196=CARTESIAN_POINT('',(183.75,22.5,-133.5));
#3197=CARTESIAN_POINT('',(183.75,22.5,-84.8));
#3198=CARTESIAN_POINT('',(183.75,22.5,-84.8));
#3199=CARTESIAN_POINT('',(135.05,22.5,133.5));
#3200=CARTESIAN_POINT('',(135.05,22.5,133.5));
#3201=CARTESIAN_POINT('',(192.55,22.5,84.8));
#3202=CARTESIAN_POINT('',(183.75,22.5,84.8));
#3203=CARTESIAN_POINT('',(183.75,22.5,84.8));
#3204=CARTESIAN_POINT('',(183.75,22.5,133.5));
#3205=CARTESIAN_POINT('',(183.75,22.5,133.5));
#3206=CARTESIAN_POINT('',(-183.75,22.5,84.8));
#3207=CARTESIAN_POINT('',(-183.75,22.5,84.8));
#3208=CARTESIAN_POINT('',(-135.05,22.5,142.3));
#3209=CARTESIAN_POINT('',(-135.05,22.5,133.5));
#3210=CARTESIAN_POINT('',(-135.05,22.5,133.5));
#3211=CARTESIAN_POINT('',(-183.75,22.5,133.5));
#3212=CARTESIAN_POINT('',(-183.75,22.5,133.5));
#3213=CARTESIAN_POINT('',(-30.,4.,-30.));
#3214=CARTESIAN_POINT('',(-30.,4.,-30.));
#3215=CARTESIAN_POINT('',(-30.,4.,-30.));
#3216=CARTESIAN_POINT('',(-30.,4.,-30.));
#3217=CARTESIAN_POINT('',(-30.,4.,30.));
#3218=CARTESIAN_POINT('',(-30.,4.,30.));
#3219=CARTESIAN_POINT('',(-30.,4.,30.));
#3220=CARTESIAN_POINT('',(-30.,4.,30.));
#3221=CARTESIAN_POINT('',(30.,4.,30.));
#3222=CARTESIAN_POINT('',(30.,4.,30.));
#3223=CARTESIAN_POINT('',(30.,4.,30.));
#3224=CARTESIAN_POINT('',(30.,4.,30.));
#3225=CARTESIAN_POINT('',(30.,4.,-30.));
#3226=CARTESIAN_POINT('',(30.,4.,-30.));
#3227=CARTESIAN_POINT('',(30.,4.,-30.));
#3228=CARTESIAN_POINT('',(30.,4.,-30.));
#3229=CARTESIAN_POINT('',(0.,4.,0.));
#3230=CARTESIAN_POINT('',(87.5,8.6,-55.));
#3231=CARTESIAN_POINT('',(87.5,8.6,-55.));
#3232=CARTESIAN_POINT('',(87.5,8.6,-55.));
#3233=CARTESIAN_POINT('',(87.5,8.6,-55.));
#3234=CARTESIAN_POINT('',(87.5,8.6,55.));
#3235=CARTESIAN_POINT('',(87.5,8.6,55.));
#3236=CARTESIAN_POINT('',(87.5,8.6,55.));
#3237=CARTESIAN_POINT('',(87.5,8.6,55.));
#3238=CARTESIAN_POINT('',(91.0265396141693,8.6,75.));
#3239=CARTESIAN_POINT('',(91.0265396141693,8.6,75.));
#3240=CARTESIAN_POINT('',(91.0265396141693,8.6,75.));
#3241=CARTESIAN_POINT('',(91.0265396141693,8.6,75.));
#3242=CARTESIAN_POINT('',(108.973460385831,8.6,75.));
#3243=CARTESIAN_POINT('',(108.973460385831,8.6,75.));
#3244=CARTESIAN_POINT('',(108.973460385831,8.6,75.));
#3245=CARTESIAN_POINT('',(108.973460385831,8.6,75.));
#3246=CARTESIAN_POINT('',(112.5,8.6,55.));
#3247=CARTESIAN_POINT('',(112.5,8.6,55.));
#3248=CARTESIAN_POINT('',(112.5,8.6,55.));
#3249=CARTESIAN_POINT('',(112.5,8.6,55.));
#3250=CARTESIAN_POINT('',(112.5,8.6,-55.));
#3251=CARTESIAN_POINT('',(112.5,8.6,-55.));
#3252=CARTESIAN_POINT('',(112.5,8.6,-55.));
#3253=CARTESIAN_POINT('',(112.5,8.6,-55.));
#3254=CARTESIAN_POINT('',(108.973460385831,8.6,-75.));
#3255=CARTESIAN_POINT('',(108.973460385831,8.6,-75.));
#3256=CARTESIAN_POINT('',(108.973460385831,8.6,-75.));
#3257=CARTESIAN_POINT('',(108.973460385831,8.6,-75.));
#3258=CARTESIAN_POINT('',(91.0265396141693,8.6,-75.));
#3259=CARTESIAN_POINT('',(91.0265396141693,8.6,-75.));
#3260=CARTESIAN_POINT('',(91.0265396141693,8.6,-75.));
#3261=CARTESIAN_POINT('',(91.0265396141693,8.6,-75.));
#3262=CARTESIAN_POINT('',(0.,8.6,0.));
#3263=CARTESIAN_POINT('',(-112.5,8.6,-55.));
#3264=CARTESIAN_POINT('',(-112.5,8.6,-55.));
#3265=CARTESIAN_POINT('',(-112.5,8.6,-55.));
#3266=CARTESIAN_POINT('',(-112.5,8.6,-55.));
#3267=CARTESIAN_POINT('',(-112.5,8.6,55.));
#3268=CARTESIAN_POINT('',(-112.5,8.6,55.));
#3269=CARTESIAN_POINT('',(-112.5,8.6,55.));
#3270=CARTESIAN_POINT('',(-112.5,8.6,55.));
#3271=CARTESIAN_POINT('',(-108.973460385831,8.6,75.));
#3272=CARTESIAN_POINT('',(-108.973460385831,8.6,75.));
#3273=CARTESIAN_POINT('',(-108.973460385831,8.6,75.));
#3274=CARTESIAN_POINT('',(-108.973460385831,8.6,75.));
#3275=CARTESIAN_POINT('',(-91.0265396141693,8.6,75.));
#3276=CARTESIAN_POINT('',(-91.0265396141693,8.6,75.));
#3277=CARTESIAN_POINT('',(-91.0265396141693,8.6,75.));
#3278=CARTESIAN_POINT('',(-91.0265396141693,8.6,75.));
#3279=CARTESIAN_POINT('',(-87.5,8.6,55.));
#3280=CARTESIAN_POINT('',(-87.5,8.6,55.));
#3281=CARTESIAN_POINT('',(-87.5,8.6,55.));
#3282=CARTESIAN_POINT('',(-87.5,8.6,55.));
#3283=CARTESIAN_POINT('',(-87.5,8.6,-55.));
#3284=CARTESIAN_POINT('',(-87.5,8.6,-55.));
#3285=CARTESIAN_POINT('',(-87.5,8.6,-55.));
#3286=CARTESIAN_POINT('',(-87.5,8.6,-55.));
#3287=CARTESIAN_POINT('',(-91.0265396141693,8.6,-75.));
#3288=CARTESIAN_POINT('',(-91.0265396141693,8.6,-75.));
#3289=CARTESIAN_POINT('',(-91.0265396141693,8.6,-75.));
#3290=CARTESIAN_POINT('',(-91.0265396141693,8.6,-75.));
#3291=CARTESIAN_POINT('',(-108.973460385831,8.6,-75.));
#3292=CARTESIAN_POINT('',(-108.973460385831,8.6,-75.));
#3293=CARTESIAN_POINT('',(-108.973460385831,8.6,-75.));
#3294=CARTESIAN_POINT('',(-108.973460385831,8.6,-75.));
#3295=CARTESIAN_POINT('',(0.,8.6,0.));
#3296=CARTESIAN_POINT('',(36.3,4.,-18.1));
#3297=CARTESIAN_POINT('',(36.3,4.,-18.1));
#3298=CARTESIAN_POINT('',(36.3,4.,-18.1));
#3299=CARTESIAN_POINT('',(36.3,4.,-18.1));
#3300=CARTESIAN_POINT('',(36.3,4.,-14.1));
#3301=CARTESIAN_POINT('',(36.3,4.,-14.1));
#3302=CARTESIAN_POINT('',(36.3,4.,-14.1));
#3303=CARTESIAN_POINT('',(36.3,4.,-14.1));
#3304=CARTESIAN_POINT('',(63.75,4.,-14.1));
#3305=CARTESIAN_POINT('',(63.75,4.,-14.1));
#3306=CARTESIAN_POINT('',(63.75,4.,-14.1));
#3307=CARTESIAN_POINT('',(63.75,4.,-14.1));
#3308=CARTESIAN_POINT('',(63.75,4.,-18.1));
#3309=CARTESIAN_POINT('',(63.75,4.,-18.1));
#3310=CARTESIAN_POINT('',(63.75,4.,-18.1));
#3311=CARTESIAN_POINT('',(63.75,4.,-18.1));
#3312=CARTESIAN_POINT('',(0.,4.,0.));
#3313=CARTESIAN_POINT('',(36.3,4.,14.1));
#3314=CARTESIAN_POINT('',(36.3,4.,14.1));
#3315=CARTESIAN_POINT('',(36.3,4.,14.1));
#3316=CARTESIAN_POINT('',(36.3,4.,14.1));
#3317=CARTESIAN_POINT('',(36.3,4.,18.1));
#3318=CARTESIAN_POINT('',(36.3,4.,18.1));
#3319=CARTESIAN_POINT('',(36.3,4.,18.1));
#3320=CARTESIAN_POINT('',(36.3,4.,18.1));
#3321=CARTESIAN_POINT('',(63.75,4.,18.1));
#3322=CARTESIAN_POINT('',(63.75,4.,18.1));
#3323=CARTESIAN_POINT('',(63.75,4.,18.1));
#3324=CARTESIAN_POINT('',(63.75,4.,18.1));
#3325=CARTESIAN_POINT('',(63.75,4.,14.1));
#3326=CARTESIAN_POINT('',(63.75,4.,14.1));
#3327=CARTESIAN_POINT('',(63.75,4.,14.1));
#3328=CARTESIAN_POINT('',(63.75,4.,14.1));
#3329=CARTESIAN_POINT('',(0.,4.,0.));
#3330=CARTESIAN_POINT('',(-36.3,4.,-18.1));
#3331=CARTESIAN_POINT('',(-36.3,4.,-18.1));
#3332=CARTESIAN_POINT('',(-36.3,4.,-18.1));
#3333=CARTESIAN_POINT('',(-36.3,4.,-18.1));
#3334=CARTESIAN_POINT('',(-63.75,4.,-18.1));
#3335=CARTESIAN_POINT('',(-63.75,4.,-18.1));
#3336=CARTESIAN_POINT('',(-63.75,4.,-18.1));
#3337=CARTESIAN_POINT('',(-63.75,4.,-18.1));
#3338=CARTESIAN_POINT('',(-63.75,4.,-14.1));
#3339=CARTESIAN_POINT('',(-63.75,4.,-14.1));
#3340=CARTESIAN_POINT('',(-63.75,4.,-14.1));
#3341=CARTESIAN_POINT('',(-63.75,4.,-14.1));
#3342=CARTESIAN_POINT('',(-36.3,4.,-14.1));
#3343=CARTESIAN_POINT('',(-36.3,4.,-14.1));
#3344=CARTESIAN_POINT('',(-36.3,4.,-14.1));
#3345=CARTESIAN_POINT('',(-36.3,4.,-14.1));
#3346=CARTESIAN_POINT('',(0.,4.,0.));
#3347=CARTESIAN_POINT('',(-63.75,4.,14.1));
#3348=CARTESIAN_POINT('',(-63.75,4.,14.1));
#3349=CARTESIAN_POINT('',(-63.75,4.,14.1));
#3350=CARTESIAN_POINT('',(-63.75,4.,14.1));
#3351=CARTESIAN_POINT('',(-63.75,4.,18.1));
#3352=CARTESIAN_POINT('',(-63.75,4.,18.1));
#3353=CARTESIAN_POINT('',(-63.75,4.,18.1));
#3354=CARTESIAN_POINT('',(-63.75,4.,18.1));
#3355=CARTESIAN_POINT('',(-36.3,4.,18.1));
#3356=CARTESIAN_POINT('',(-36.3,4.,18.1));
#3357=CARTESIAN_POINT('',(-36.3,4.,18.1));
#3358=CARTESIAN_POINT('',(-36.3,4.,18.1));
#3359=CARTESIAN_POINT('',(-36.3,4.,14.1));
#3360=CARTESIAN_POINT('',(-36.3,4.,14.1));
#3361=CARTESIAN_POINT('',(-36.3,4.,14.1));
#3362=CARTESIAN_POINT('',(-36.3,4.,14.1));
#3363=CARTESIAN_POINT('',(0.,4.,0.));
#3364=CARTESIAN_POINT('',(163.75,4.,-18.1));
#3365=CARTESIAN_POINT('',(163.75,4.,-18.1));
#3366=CARTESIAN_POINT('',(163.75,4.,-18.1));
#3367=CARTESIAN_POINT('',(163.75,4.,-18.1));
#3368=CARTESIAN_POINT('',(136.3,4.,-18.1));
#3369=CARTESIAN_POINT('',(136.3,4.,-18.1));
#3370=CARTESIAN_POINT('',(136.3,4.,-18.1));
#3371=CARTESIAN_POINT('',(136.3,4.,-18.1));
#3372=CARTESIAN_POINT('',(136.3,4.,-14.1));
#3373=CARTESIAN_POINT('',(136.3,4.,-14.1));
#3374=CARTESIAN_POINT('',(136.3,4.,-14.1));
#3375=CARTESIAN_POINT('',(136.3,4.,-14.1));
#3376=CARTESIAN_POINT('',(163.75,4.,-14.1));
#3377=CARTESIAN_POINT('',(163.75,4.,-14.1));
#3378=CARTESIAN_POINT('',(163.75,4.,-14.1));
#3379=CARTESIAN_POINT('',(163.75,4.,-14.1));
#3380=CARTESIAN_POINT('',(0.,4.,0.));
#3381=CARTESIAN_POINT('',(136.3,4.,14.1));
#3382=CARTESIAN_POINT('',(136.3,4.,14.1));
#3383=CARTESIAN_POINT('',(136.3,4.,14.1));
#3384=CARTESIAN_POINT('',(136.3,4.,14.1));
#3385=CARTESIAN_POINT('',(136.3,4.,18.1));
#3386=CARTESIAN_POINT('',(136.3,4.,18.1));
#3387=CARTESIAN_POINT('',(136.3,4.,18.1));
#3388=CARTESIAN_POINT('',(136.3,4.,18.1));
#3389=CARTESIAN_POINT('',(163.75,4.,18.1));
#3390=CARTESIAN_POINT('',(163.75,4.,18.1));
#3391=CARTESIAN_POINT('',(163.75,4.,18.1));
#3392=CARTESIAN_POINT('',(163.75,4.,18.1));
#3393=CARTESIAN_POINT('',(163.75,4.,14.1));
#3394=CARTESIAN_POINT('',(163.75,4.,14.1));
#3395=CARTESIAN_POINT('',(163.75,4.,14.1));
#3396=CARTESIAN_POINT('',(163.75,4.,14.1));
#3397=CARTESIAN_POINT('',(0.,4.,0.));
#3398=CARTESIAN_POINT('',(-136.3,4.,-18.1));
#3399=CARTESIAN_POINT('',(-136.3,4.,-18.1));
#3400=CARTESIAN_POINT('',(-136.3,4.,-18.1));
#3401=CARTESIAN_POINT('',(-136.3,4.,-18.1));
#3402=CARTESIAN_POINT('',(-163.75,4.,-18.1));
#3403=CARTESIAN_POINT('',(-163.75,4.,-18.1));
#3404=CARTESIAN_POINT('',(-163.75,4.,-18.1));
#3405=CARTESIAN_POINT('',(-163.75,4.,-18.1));
#3406=CARTESIAN_POINT('',(-163.75,4.,-14.1));
#3407=CARTESIAN_POINT('',(-163.75,4.,-14.1));
#3408=CARTESIAN_POINT('',(-163.75,4.,-14.1));
#3409=CARTESIAN_POINT('',(-163.75,4.,-14.1));
#3410=CARTESIAN_POINT('',(-136.3,4.,-14.1));
#3411=CARTESIAN_POINT('',(-136.3,4.,-14.1));
#3412=CARTESIAN_POINT('',(-136.3,4.,-14.1));
#3413=CARTESIAN_POINT('',(-136.3,4.,-14.1));
#3414=CARTESIAN_POINT('',(0.,4.,0.));
#3415=CARTESIAN_POINT('',(-163.75,4.,14.1));
#3416=CARTESIAN_POINT('',(-163.75,4.,14.1));
#3417=CARTESIAN_POINT('',(-163.75,4.,14.1));
#3418=CARTESIAN_POINT('',(-163.75,4.,14.1));
#3419=CARTESIAN_POINT('',(-163.75,4.,18.1));
#3420=CARTESIAN_POINT('',(-163.75,4.,18.1));
#3421=CARTESIAN_POINT('',(-163.75,4.,18.1));
#3422=CARTESIAN_POINT('',(-163.75,4.,18.1));
#3423=CARTESIAN_POINT('',(-136.3,4.,18.1));
#3424=CARTESIAN_POINT('',(-136.3,4.,18.1));
#3425=CARTESIAN_POINT('',(-136.3,4.,18.1));
#3426=CARTESIAN_POINT('',(-136.3,4.,18.1));
#3427=CARTESIAN_POINT('',(-136.3,4.,14.1));
#3428=CARTESIAN_POINT('',(-136.3,4.,14.1));
#3429=CARTESIAN_POINT('',(-136.3,4.,14.1));
#3430=CARTESIAN_POINT('',(-136.3,4.,14.1));
#3431=CARTESIAN_POINT('',(0.,4.,0.));
#3432=CARTESIAN_POINT('',(192.25,43.,142.));
#3433=CARTESIAN_POINT('',(-192.25,43.,-142.));
#3434=CARTESIAN_POINT('',(192.25,43.,-142.));
#3435=CARTESIAN_POINT('',(-192.25,43.,142.));
#3436=CARTESIAN_POINT('',(175.32,18.,-125.08));
#3437=CARTESIAN_POINT('',(175.32,18.,125.08));
#3438=CARTESIAN_POINT('',(-175.32,18.,-125.08));
#3439=CARTESIAN_POINT('',(-175.32,18.,125.08));
#3440=CARTESIAN_POINT('',(-185.55,30.5,135.3));
#3441=CARTESIAN_POINT('',(185.55,30.5,135.3));
#3442=CARTESIAN_POINT('',(-185.55,30.5,-135.3));
#3443=CARTESIAN_POINT('',(185.55,30.5,-135.3));
#3444=MECHANICAL_DESIGN_GEOMETRIC_PRESENTATION_REPRESENTATION('',(#2141),
#3445);
#3445=(
GEOMETRIC_REPRESENTATION_CONTEXT(3)
GLOBAL_UNCERTAINTY_ASSIGNED_CONTEXT((#3446))
GLOBAL_UNIT_ASSIGNED_CONTEXT((#3449,#3448,#3447))
REPRESENTATION_CONTEXT('BOX4030','TOP_LEVEL_ASSEMBLY_PART')
);
#3446=UNCERTAINTY_MEASURE_WITH_UNIT(LENGTH_MEASURE(1.E-5),#3449,
'DISTANCE_ACCURACY_VALUE','Maximum Tolerance applied to model');
#3447=(
NAMED_UNIT(*)
SI_UNIT($,.STERADIAN.)
SOLID_ANGLE_UNIT()
);
#3448=(
NAMED_UNIT(*)
PLANE_ANGLE_UNIT()
SI_UNIT($,.RADIAN.)
);
#3449=(
LENGTH_UNIT()
NAMED_UNIT(*)
SI_UNIT(.MILLI.,.METRE.)
);
#3450=PRODUCT_DEFINITION_SHAPE('','',#3451);
#3451=PRODUCT_DEFINITION('','',#3453,#3452);
#3452=PRODUCT_DEFINITION_CONTEXT('',#3459,'design');
#3453=PRODUCT_DEFINITION_FORMATION_WITH_SPECIFIED_SOURCE('','',#3455,
 .NOT_KNOWN.);
#3454=PRODUCT_RELATED_PRODUCT_CATEGORY('','',(#3455));
#3455=PRODUCT('BOX4030','BOX4030','BOX4030',(#3457));
#3456=PRODUCT_CATEGORY('','');
#3457=PRODUCT_CONTEXT('',#3459,'mechanical');
#3458=APPLICATION_PROTOCOL_DEFINITION('international standard',
'automotive_design',2010,#3459);
#3459=APPLICATION_CONTEXT(
'core data for automotive mechanical design processes');
ENDSEC;
END-ISO-10303-21;
