ISO-10303-21;
HEADER;
/* Generated by software containing ST-Developer
 * from STEP Tools, Inc. (www.steptools.com) 
 */
/* OPTION: using custom renumber hook */

FILE_DESCRIPTION(
/* description */ ('STEP AP214'),
/* implementation_level */ '2;1');

FILE_NAME(
/* name */ '2742.000',
/* time_stamp */ '2026-07-11T12:36:30+02:00',
/* author */ ('License CC BY-ND 4.0'),
/* organization */ ('CADENAS'),
/* preprocessor_version */ 'ST-DEVELOPER v20',
/* originating_system */ 'PARTsolutions',
/* authorisation */ '  ');

FILE_SCHEMA (('AUTOMOTIVE_DESIGN {1 0 10303 214 3 1 1}'));
ENDSEC;

DATA;
#10=PROPERTY_DEFINITION_REPRESENTATION(#14,#12);
#11=PROPERTY_DEFINITION_REPRESENTATION(#15,#13);
#12=REPRESENTATION('',(#16),#6829);
#13=REPRESENTATION('',(#17),#6829);
#14=PROPERTY_DEFINITION('pmi validation property','',#6834);
#15=PROPERTY_DEFINITION('pmi validation property','',#6834);
#16=VALUE_REPRESENTATION_ITEM('number of annotations',COUNT_MEASURE(0.));
#17=VALUE_REPRESENTATION_ITEM('number of views',COUNT_MEASURE(0.));
#18=SHAPE_REPRESENTATION_RELATIONSHIP('','',#4707,#19);
#19=ADVANCED_BREP_SHAPE_REPRESENTATION('',(#4705),#6829);
#20=DRAUGHTING_PRE_DEFINED_COLOUR('cyan');
#21=ELLIPSE('',#4759,28.2842712474608,19.9999999999993);
#22=ELLIPSE('',#4760,28.2842712474608,19.9999999999993);
#23=ELLIPSE('',#4763,28.284271247462,20.0000000000001);
#24=ELLIPSE('',#4764,28.284271247462,20.0000000000001);
#25=ELLIPSE('',#4776,4.24264068711934,3.00000000000004);
#26=ELLIPSE('',#4777,4.24264068711934,3.00000000000004);
#27=ELLIPSE('',#4788,4.24264068711934,3.00000000000004);
#28=ELLIPSE('',#4789,4.24264068711934,3.00000000000004);
#29=ELLIPSE('',#4830,4.24264068711928,3.);
#30=ELLIPSE('',#4831,4.24264068711928,3.);
#31=ELLIPSE('',#4833,4.24264068711935,3.00000000000004);
#32=ELLIPSE('',#4834,4.24264068711937,3.00000000000006);
#33=ELLIPSE('',#4836,4.24264068711932,3.00000000000003);
#34=ELLIPSE('',#4837,4.24264068711935,3.00000000000004);
#35=ELLIPSE('',#4839,4.24264068711928,3.);
#36=ELLIPSE('',#4840,4.24264068711929,3.);
#37=CYLINDRICAL_SURFACE('',#4758,19.9999999999992);
#38=CYLINDRICAL_SURFACE('',#4762,20.0000000000009);
#39=CYLINDRICAL_SURFACE('',#4775,3.00000000000007);
#40=CYLINDRICAL_SURFACE('',#4787,3.00000000000006);
#41=CYLINDRICAL_SURFACE('',#4791,19.9999999999993);
#42=CYLINDRICAL_SURFACE('',#4794,3.00000000000001);
#43=CYLINDRICAL_SURFACE('',#4814,3.00000000000002);
#44=CYLINDRICAL_SURFACE('',#4826,19.9999999999993);
#45=CYLINDRICAL_SURFACE('',#4829,3.);
#46=CYLINDRICAL_SURFACE('',#4832,3.00000000000006);
#47=CYLINDRICAL_SURFACE('',#4835,3.00000000000003);
#48=CYLINDRICAL_SURFACE('',#4838,3.);
#49=CYLINDRICAL_SURFACE('',#4841,3.);
#50=CYLINDRICAL_SURFACE('',#4842,3.);
#51=CYLINDRICAL_SURFACE('',#4843,3.00000000000006);
#52=CYLINDRICAL_SURFACE('',#4844,3.00000000000003);
#53=CYLINDRICAL_SURFACE('',#4857,2.25);
#54=CYLINDRICAL_SURFACE('',#4862,2.25);
#55=CYLINDRICAL_SURFACE('',#4868,2.25);
#56=CYLINDRICAL_SURFACE('',#4873,2.25);
#57=CYLINDRICAL_SURFACE('',#4878,2.25);
#58=CYLINDRICAL_SURFACE('',#4884,2.25);
#59=CYLINDRICAL_SURFACE('',#4889,2.25);
#60=CYLINDRICAL_SURFACE('',#4895,2.25);
#61=CYLINDRICAL_SURFACE('',#4900,2.25);
#62=CYLINDRICAL_SURFACE('',#4905,2.25);
#63=CYLINDRICAL_SURFACE('',#4909,7.00000000000001);
#64=CYLINDRICAL_SURFACE('',#4912,7.00000000000001);
#65=CYLINDRICAL_SURFACE('',#4915,7.00000000000001);
#66=CYLINDRICAL_SURFACE('',#4920,7.00000000000001);
#67=CYLINDRICAL_SURFACE('',#4921,6.99999999999998);
#68=CYLINDRICAL_SURFACE('',#4924,7.00000000000001);
#69=CYLINDRICAL_SURFACE('',#4929,6.99999999999998);
#70=CYLINDRICAL_SURFACE('',#4932,7.00000000000001);
#71=CYLINDRICAL_SURFACE('',#4940,4.04999999999999);
#72=CYLINDRICAL_SURFACE('',#4942,2.55);
#73=CYLINDRICAL_SURFACE('',#4950,4.04999999999999);
#74=CYLINDRICAL_SURFACE('',#4952,2.55);
#75=CIRCLE('',#4730,7.00000000000001);
#76=CIRCLE('',#4731,7.00000000000001);
#77=CIRCLE('',#4732,7.00000000000001);
#78=CIRCLE('',#4733,7.00000000000001);
#79=CIRCLE('',#4734,6.99999999999998);
#80=CIRCLE('',#4735,6.99999999999998);
#81=CIRCLE('',#4736,7.00000000000001);
#82=CIRCLE('',#4737,7.00000000000001);
#83=CIRCLE('',#4748,2.25);
#84=CIRCLE('',#4749,2.25);
#85=CIRCLE('',#4750,2.25);
#86=CIRCLE('',#4751,2.25);
#87=CIRCLE('',#4752,2.25);
#88=CIRCLE('',#4753,2.25);
#89=CIRCLE('',#4754,2.25);
#90=CIRCLE('',#4755,2.25);
#91=CIRCLE('',#4756,2.25);
#92=CIRCLE('',#4757,2.25);
#93=CIRCLE('',#4858,2.25);
#94=CIRCLE('',#4863,2.25);
#95=CIRCLE('',#4869,2.25);
#96=CIRCLE('',#4874,2.25);
#97=CIRCLE('',#4879,2.25);
#98=CIRCLE('',#4885,2.25);
#99=CIRCLE('',#4890,2.25);
#100=CIRCLE('',#4896,2.25);
#101=CIRCLE('',#4901,2.25);
#102=CIRCLE('',#4906,2.25);
#103=CIRCLE('',#4910,7.00000000000001);
#104=CIRCLE('',#4913,7.00000000000001);
#105=CIRCLE('',#4916,7.00000000000001);
#106=CIRCLE('',#4919,7.00000000000001);
#107=CIRCLE('',#4922,6.99999999999998);
#108=CIRCLE('',#4925,7.00000000000001);
#109=CIRCLE('',#4928,6.99999999999998);
#110=CIRCLE('',#4931,7.00000000000001);
#111=CIRCLE('',#4935,2.55);
#112=CIRCLE('',#4936,4.04999999999999);
#113=CIRCLE('',#4938,2.55);
#114=CIRCLE('',#4939,4.04999999999999);
#115=CIRCLE('',#4945,2.55);
#116=CIRCLE('',#4946,4.04999999999999);
#117=CIRCLE('',#4948,2.55);
#118=CIRCLE('',#4949,4.04999999999999);
#119=ORIENTED_EDGE('',*,*,#1075,.T.);
#120=ORIENTED_EDGE('',*,*,#1076,.T.);
#121=ORIENTED_EDGE('',*,*,#1077,.F.);
#122=ORIENTED_EDGE('',*,*,#1078,.F.);
#123=ORIENTED_EDGE('',*,*,#1079,.F.);
#124=ORIENTED_EDGE('',*,*,#1080,.T.);
#125=ORIENTED_EDGE('',*,*,#1081,.T.);
#126=ORIENTED_EDGE('',*,*,#1082,.F.);
#127=ORIENTED_EDGE('',*,*,#1083,.F.);
#128=ORIENTED_EDGE('',*,*,#1084,.T.);
#129=ORIENTED_EDGE('',*,*,#1085,.T.);
#130=ORIENTED_EDGE('',*,*,#1080,.F.);
#131=ORIENTED_EDGE('',*,*,#1086,.F.);
#132=ORIENTED_EDGE('',*,*,#1087,.T.);
#133=ORIENTED_EDGE('',*,*,#1088,.T.);
#134=ORIENTED_EDGE('',*,*,#1084,.F.);
#135=ORIENTED_EDGE('',*,*,#1089,.F.);
#136=ORIENTED_EDGE('',*,*,#1090,.T.);
#137=ORIENTED_EDGE('',*,*,#1091,.T.);
#138=ORIENTED_EDGE('',*,*,#1087,.F.);
#139=ORIENTED_EDGE('',*,*,#1092,.F.);
#140=ORIENTED_EDGE('',*,*,#1093,.T.);
#141=ORIENTED_EDGE('',*,*,#1094,.T.);
#142=ORIENTED_EDGE('',*,*,#1090,.F.);
#143=ORIENTED_EDGE('',*,*,#1095,.F.);
#144=ORIENTED_EDGE('',*,*,#1078,.T.);
#145=ORIENTED_EDGE('',*,*,#1096,.T.);
#146=ORIENTED_EDGE('',*,*,#1093,.F.);
#147=ORIENTED_EDGE('',*,*,#1076,.F.);
#148=ORIENTED_EDGE('',*,*,#1097,.T.);
#149=ORIENTED_EDGE('',*,*,#1098,.T.);
#150=ORIENTED_EDGE('',*,*,#1099,.F.);
#151=ORIENTED_EDGE('',*,*,#1100,.T.);
#152=ORIENTED_EDGE('',*,*,#1101,.T.);
#153=ORIENTED_EDGE('',*,*,#1102,.T.);
#154=ORIENTED_EDGE('',*,*,#1103,.T.);
#155=ORIENTED_EDGE('',*,*,#1104,.F.);
#156=ORIENTED_EDGE('',*,*,#1105,.T.);
#157=ORIENTED_EDGE('',*,*,#1106,.T.);
#158=ORIENTED_EDGE('',*,*,#1107,.F.);
#159=ORIENTED_EDGE('',*,*,#1108,.F.);
#160=ORIENTED_EDGE('',*,*,#1109,.F.);
#161=ORIENTED_EDGE('',*,*,#1110,.F.);
#162=ORIENTED_EDGE('',*,*,#1111,.F.);
#163=ORIENTED_EDGE('',*,*,#1112,.F.);
#164=ORIENTED_EDGE('',*,*,#1113,.F.);
#165=ORIENTED_EDGE('',*,*,#1114,.T.);
#166=ORIENTED_EDGE('',*,*,#1098,.F.);
#167=ORIENTED_EDGE('',*,*,#1115,.F.);
#168=ORIENTED_EDGE('',*,*,#1116,.T.);
#169=ORIENTED_EDGE('',*,*,#1117,.F.);
#170=ORIENTED_EDGE('',*,*,#1118,.F.);
#171=ORIENTED_EDGE('',*,*,#1119,.F.);
#172=ORIENTED_EDGE('',*,*,#1120,.T.);
#173=ORIENTED_EDGE('',*,*,#1121,.F.);
#174=ORIENTED_EDGE('',*,*,#1116,.F.);
#175=ORIENTED_EDGE('',*,*,#1122,.F.);
#176=ORIENTED_EDGE('',*,*,#1123,.T.);
#177=ORIENTED_EDGE('',*,*,#1124,.F.);
#178=ORIENTED_EDGE('',*,*,#1120,.F.);
#179=ORIENTED_EDGE('',*,*,#1125,.F.);
#180=ORIENTED_EDGE('',*,*,#1126,.T.);
#181=ORIENTED_EDGE('',*,*,#1127,.F.);
#182=ORIENTED_EDGE('',*,*,#1123,.F.);
#183=ORIENTED_EDGE('',*,*,#1128,.F.);
#184=ORIENTED_EDGE('',*,*,#1129,.T.);
#185=ORIENTED_EDGE('',*,*,#1130,.F.);
#186=ORIENTED_EDGE('',*,*,#1131,.F.);
#187=ORIENTED_EDGE('',*,*,#1132,.F.);
#188=ORIENTED_EDGE('',*,*,#1133,.F.);
#189=ORIENTED_EDGE('',*,*,#1126,.F.);
#190=ORIENTED_EDGE('',*,*,#1134,.F.);
#191=ORIENTED_EDGE('',*,*,#1135,.T.);
#192=ORIENTED_EDGE('',*,*,#1136,.F.);
#193=ORIENTED_EDGE('',*,*,#1129,.F.);
#194=ORIENTED_EDGE('',*,*,#1137,.F.);
#195=ORIENTED_EDGE('',*,*,#1138,.T.);
#196=ORIENTED_EDGE('',*,*,#1111,.T.);
#197=ORIENTED_EDGE('',*,*,#1139,.T.);
#198=ORIENTED_EDGE('',*,*,#1140,.F.);
#199=ORIENTED_EDGE('',*,*,#1141,.F.);
#200=ORIENTED_EDGE('',*,*,#1142,.F.);
#201=ORIENTED_EDGE('',*,*,#1143,.F.);
#202=ORIENTED_EDGE('',*,*,#1144,.F.);
#203=ORIENTED_EDGE('',*,*,#1145,.F.);
#204=ORIENTED_EDGE('',*,*,#1146,.F.);
#205=ORIENTED_EDGE('',*,*,#1147,.F.);
#206=ORIENTED_EDGE('',*,*,#1148,.F.);
#207=ORIENTED_EDGE('',*,*,#1149,.F.);
#208=ORIENTED_EDGE('',*,*,#1150,.F.);
#209=ORIENTED_EDGE('',*,*,#1151,.F.);
#210=ORIENTED_EDGE('',*,*,#1152,.F.);
#211=ORIENTED_EDGE('',*,*,#1153,.F.);
#212=ORIENTED_EDGE('',*,*,#1154,.F.);
#213=ORIENTED_EDGE('',*,*,#1155,.F.);
#214=ORIENTED_EDGE('',*,*,#1156,.F.);
#215=ORIENTED_EDGE('',*,*,#1157,.F.);
#216=ORIENTED_EDGE('',*,*,#1158,.F.);
#217=ORIENTED_EDGE('',*,*,#1159,.F.);
#218=ORIENTED_EDGE('',*,*,#1160,.F.);
#219=ORIENTED_EDGE('',*,*,#1161,.T.);
#220=ORIENTED_EDGE('',*,*,#1162,.T.);
#221=ORIENTED_EDGE('',*,*,#1163,.F.);
#222=ORIENTED_EDGE('',*,*,#1164,.F.);
#223=ORIENTED_EDGE('',*,*,#1165,.F.);
#224=ORIENTED_EDGE('',*,*,#1166,.F.);
#225=ORIENTED_EDGE('',*,*,#1167,.F.);
#226=ORIENTED_EDGE('',*,*,#1168,.F.);
#227=ORIENTED_EDGE('',*,*,#1169,.F.);
#228=ORIENTED_EDGE('',*,*,#1170,.F.);
#229=ORIENTED_EDGE('',*,*,#1171,.F.);
#230=ORIENTED_EDGE('',*,*,#1162,.F.);
#231=ORIENTED_EDGE('',*,*,#1172,.F.);
#232=ORIENTED_EDGE('',*,*,#1144,.T.);
#233=ORIENTED_EDGE('',*,*,#1173,.F.);
#234=ORIENTED_EDGE('',*,*,#1174,.T.);
#235=ORIENTED_EDGE('',*,*,#1175,.T.);
#236=ORIENTED_EDGE('',*,*,#1176,.T.);
#237=ORIENTED_EDGE('',*,*,#1146,.T.);
#238=ORIENTED_EDGE('',*,*,#1177,.T.);
#239=ORIENTED_EDGE('',*,*,#1160,.T.);
#240=ORIENTED_EDGE('',*,*,#1178,.T.);
#241=ORIENTED_EDGE('',*,*,#1179,.T.);
#242=ORIENTED_EDGE('',*,*,#1180,.T.);
#243=ORIENTED_EDGE('',*,*,#1181,.T.);
#244=ORIENTED_EDGE('',*,*,#1182,.T.);
#245=ORIENTED_EDGE('',*,*,#1183,.T.);
#246=ORIENTED_EDGE('',*,*,#1184,.F.);
#247=ORIENTED_EDGE('',*,*,#1151,.T.);
#248=ORIENTED_EDGE('',*,*,#1185,.F.);
#249=ORIENTED_EDGE('',*,*,#1147,.T.);
#250=ORIENTED_EDGE('',*,*,#1176,.F.);
#251=ORIENTED_EDGE('',*,*,#1186,.F.);
#252=ORIENTED_EDGE('',*,*,#1182,.F.);
#253=ORIENTED_EDGE('',*,*,#1187,.F.);
#254=ORIENTED_EDGE('',*,*,#1178,.F.);
#255=ORIENTED_EDGE('',*,*,#1159,.T.);
#256=ORIENTED_EDGE('',*,*,#1188,.F.);
#257=ORIENTED_EDGE('',*,*,#1155,.T.);
#258=ORIENTED_EDGE('',*,*,#1189,.F.);
#259=ORIENTED_EDGE('',*,*,#1163,.T.);
#260=ORIENTED_EDGE('',*,*,#1171,.T.);
#261=ORIENTED_EDGE('',*,*,#1190,.F.);
#262=ORIENTED_EDGE('',*,*,#1167,.T.);
#263=ORIENTED_EDGE('',*,*,#1191,.F.);
#264=ORIENTED_EDGE('',*,*,#1173,.T.);
#265=ORIENTED_EDGE('',*,*,#1143,.T.);
#266=ORIENTED_EDGE('',*,*,#1192,.F.);
#267=ORIENTED_EDGE('',*,*,#1193,.F.);
#268=ORIENTED_EDGE('',*,*,#1194,.F.);
#269=ORIENTED_EDGE('',*,*,#1195,.F.);
#270=ORIENTED_EDGE('',*,*,#1196,.T.);
#271=ORIENTED_EDGE('',*,*,#1197,.F.);
#272=ORIENTED_EDGE('',*,*,#1198,.F.);
#273=ORIENTED_EDGE('',*,*,#1199,.T.);
#274=ORIENTED_EDGE('',*,*,#1200,.F.);
#275=ORIENTED_EDGE('',*,*,#1201,.F.);
#276=ORIENTED_EDGE('',*,*,#1202,.T.);
#277=ORIENTED_EDGE('',*,*,#1203,.T.);
#278=ORIENTED_EDGE('',*,*,#1204,.T.);
#279=ORIENTED_EDGE('',*,*,#1082,.T.);
#280=ORIENTED_EDGE('',*,*,#1205,.F.);
#281=ORIENTED_EDGE('',*,*,#1206,.T.);
#282=ORIENTED_EDGE('',*,*,#1207,.T.);
#283=ORIENTED_EDGE('',*,*,#1118,.T.);
#284=ORIENTED_EDGE('',*,*,#1208,.F.);
#285=ORIENTED_EDGE('',*,*,#1209,.F.);
#286=ORIENTED_EDGE('',*,*,#1210,.T.);
#287=ORIENTED_EDGE('',*,*,#1211,.T.);
#288=ORIENTED_EDGE('',*,*,#1212,.F.);
#289=ORIENTED_EDGE('',*,*,#1213,.F.);
#290=ORIENTED_EDGE('',*,*,#1214,.T.);
#291=ORIENTED_EDGE('',*,*,#1215,.F.);
#292=ORIENTED_EDGE('',*,*,#1216,.F.);
#293=ORIENTED_EDGE('',*,*,#1217,.T.);
#294=ORIENTED_EDGE('',*,*,#1218,.T.);
#295=ORIENTED_EDGE('',*,*,#1219,.F.);
#296=ORIENTED_EDGE('',*,*,#1220,.T.);
#297=ORIENTED_EDGE('',*,*,#1221,.T.);
#298=ORIENTED_EDGE('',*,*,#1222,.T.);
#299=ORIENTED_EDGE('',*,*,#1223,.T.);
#300=ORIENTED_EDGE('',*,*,#1224,.F.);
#301=ORIENTED_EDGE('',*,*,#1225,.F.);
#302=ORIENTED_EDGE('',*,*,#1225,.T.);
#303=ORIENTED_EDGE('',*,*,#1226,.F.);
#304=ORIENTED_EDGE('',*,*,#1220,.F.);
#305=ORIENTED_EDGE('',*,*,#1227,.T.);
#306=ORIENTED_EDGE('',*,*,#1223,.F.);
#307=ORIENTED_EDGE('',*,*,#1228,.F.);
#308=ORIENTED_EDGE('',*,*,#1218,.F.);
#309=ORIENTED_EDGE('',*,*,#1229,.T.);
#310=ORIENTED_EDGE('',*,*,#1230,.T.);
#311=ORIENTED_EDGE('',*,*,#1231,.F.);
#312=ORIENTED_EDGE('',*,*,#1232,.F.);
#313=ORIENTED_EDGE('',*,*,#1233,.F.);
#314=ORIENTED_EDGE('',*,*,#1234,.T.);
#315=ORIENTED_EDGE('',*,*,#1235,.T.);
#316=ORIENTED_EDGE('',*,*,#1135,.F.);
#317=ORIENTED_EDGE('',*,*,#1236,.T.);
#318=ORIENTED_EDGE('',*,*,#1137,.T.);
#319=ORIENTED_EDGE('',*,*,#1237,.T.);
#320=ORIENTED_EDGE('',*,*,#1238,.T.);
#321=ORIENTED_EDGE('',*,*,#1239,.T.);
#322=ORIENTED_EDGE('',*,*,#1240,.F.);
#323=ORIENTED_EDGE('',*,*,#1241,.F.);
#324=ORIENTED_EDGE('',*,*,#1242,.T.);
#325=ORIENTED_EDGE('',*,*,#1243,.T.);
#326=ORIENTED_EDGE('',*,*,#1244,.T.);
#327=ORIENTED_EDGE('',*,*,#1245,.F.);
#328=ORIENTED_EDGE('',*,*,#1246,.F.);
#329=ORIENTED_EDGE('',*,*,#1247,.T.);
#330=ORIENTED_EDGE('',*,*,#1248,.T.);
#331=ORIENTED_EDGE('',*,*,#1249,.T.);
#332=ORIENTED_EDGE('',*,*,#1250,.T.);
#333=ORIENTED_EDGE('',*,*,#1251,.T.);
#334=ORIENTED_EDGE('',*,*,#1252,.F.);
#335=ORIENTED_EDGE('',*,*,#1253,.T.);
#336=ORIENTED_EDGE('',*,*,#1254,.T.);
#337=ORIENTED_EDGE('',*,*,#1255,.T.);
#338=ORIENTED_EDGE('',*,*,#1256,.F.);
#339=ORIENTED_EDGE('',*,*,#1257,.T.);
#340=ORIENTED_EDGE('',*,*,#1258,.T.);
#341=ORIENTED_EDGE('',*,*,#1259,.T.);
#342=ORIENTED_EDGE('',*,*,#1260,.T.);
#343=ORIENTED_EDGE('',*,*,#1261,.F.);
#344=ORIENTED_EDGE('',*,*,#1262,.T.);
#345=ORIENTED_EDGE('',*,*,#1263,.T.);
#346=ORIENTED_EDGE('',*,*,#1264,.T.);
#347=ORIENTED_EDGE('',*,*,#1265,.F.);
#348=ORIENTED_EDGE('',*,*,#1266,.T.);
#349=ORIENTED_EDGE('',*,*,#1267,.T.);
#350=ORIENTED_EDGE('',*,*,#1268,.T.);
#351=ORIENTED_EDGE('',*,*,#1269,.F.);
#352=ORIENTED_EDGE('',*,*,#1270,.T.);
#353=ORIENTED_EDGE('',*,*,#1271,.T.);
#354=ORIENTED_EDGE('',*,*,#1272,.T.);
#355=ORIENTED_EDGE('',*,*,#1273,.T.);
#356=ORIENTED_EDGE('',*,*,#1274,.F.);
#357=ORIENTED_EDGE('',*,*,#1275,.T.);
#358=ORIENTED_EDGE('',*,*,#1276,.T.);
#359=ORIENTED_EDGE('',*,*,#1277,.T.);
#360=ORIENTED_EDGE('',*,*,#1278,.F.);
#361=ORIENTED_EDGE('',*,*,#1279,.T.);
#362=ORIENTED_EDGE('',*,*,#1280,.T.);
#363=ORIENTED_EDGE('',*,*,#1281,.T.);
#364=ORIENTED_EDGE('',*,*,#1282,.T.);
#365=ORIENTED_EDGE('',*,*,#1283,.F.);
#366=ORIENTED_EDGE('',*,*,#1284,.T.);
#367=ORIENTED_EDGE('',*,*,#1285,.T.);
#368=ORIENTED_EDGE('',*,*,#1286,.T.);
#369=ORIENTED_EDGE('',*,*,#1287,.F.);
#370=ORIENTED_EDGE('',*,*,#1288,.T.);
#371=ORIENTED_EDGE('',*,*,#1289,.T.);
#372=ORIENTED_EDGE('',*,*,#1290,.T.);
#373=ORIENTED_EDGE('',*,*,#1291,.F.);
#374=ORIENTED_EDGE('',*,*,#1292,.T.);
#375=ORIENTED_EDGE('',*,*,#1293,.F.);
#376=ORIENTED_EDGE('',*,*,#1294,.F.);
#377=ORIENTED_EDGE('',*,*,#1295,.T.);
#378=ORIENTED_EDGE('',*,*,#1296,.F.);
#379=ORIENTED_EDGE('',*,*,#1297,.F.);
#380=ORIENTED_EDGE('',*,*,#1298,.T.);
#381=ORIENTED_EDGE('',*,*,#1241,.T.);
#382=ORIENTED_EDGE('',*,*,#1299,.F.);
#383=ORIENTED_EDGE('',*,*,#1300,.F.);
#384=ORIENTED_EDGE('',*,*,#1301,.T.);
#385=ORIENTED_EDGE('',*,*,#1293,.T.);
#386=ORIENTED_EDGE('',*,*,#1302,.F.);
#387=ORIENTED_EDGE('',*,*,#1244,.F.);
#388=ORIENTED_EDGE('',*,*,#1303,.T.);
#389=ORIENTED_EDGE('',*,*,#1304,.T.);
#390=ORIENTED_EDGE('',*,*,#1305,.F.);
#391=ORIENTED_EDGE('',*,*,#1295,.F.);
#392=ORIENTED_EDGE('',*,*,#1306,.T.);
#393=ORIENTED_EDGE('',*,*,#1307,.T.);
#394=ORIENTED_EDGE('',*,*,#1308,.T.);
#395=ORIENTED_EDGE('',*,*,#1309,.T.);
#396=ORIENTED_EDGE('',*,*,#1211,.F.);
#397=ORIENTED_EDGE('',*,*,#1310,.T.);
#398=ORIENTED_EDGE('',*,*,#1311,.T.);
#399=ORIENTED_EDGE('',*,*,#1312,.T.);
#400=ORIENTED_EDGE('',*,*,#1308,.F.);
#401=ORIENTED_EDGE('',*,*,#1313,.T.);
#402=ORIENTED_EDGE('',*,*,#1314,.F.);
#403=ORIENTED_EDGE('',*,*,#1315,.T.);
#404=ORIENTED_EDGE('',*,*,#1316,.F.);
#405=ORIENTED_EDGE('',*,*,#1317,.F.);
#406=ORIENTED_EDGE('',*,*,#1318,.T.);
#407=ORIENTED_EDGE('',*,*,#1319,.T.);
#408=ORIENTED_EDGE('',*,*,#1311,.F.);
#409=ORIENTED_EDGE('',*,*,#1320,.T.);
#410=ORIENTED_EDGE('',*,*,#1321,.F.);
#411=ORIENTED_EDGE('',*,*,#1322,.T.);
#412=ORIENTED_EDGE('',*,*,#1323,.F.);
#413=ORIENTED_EDGE('',*,*,#1315,.F.);
#414=ORIENTED_EDGE('',*,*,#1324,.T.);
#415=ORIENTED_EDGE('',*,*,#1325,.T.);
#416=ORIENTED_EDGE('',*,*,#1318,.F.);
#417=ORIENTED_EDGE('',*,*,#1326,.T.);
#418=ORIENTED_EDGE('',*,*,#1327,.T.);
#419=ORIENTED_EDGE('',*,*,#1131,.T.);
#420=ORIENTED_EDGE('',*,*,#1328,.F.);
#421=ORIENTED_EDGE('',*,*,#1322,.F.);
#422=ORIENTED_EDGE('',*,*,#1329,.T.);
#423=ORIENTED_EDGE('',*,*,#1330,.T.);
#424=ORIENTED_EDGE('',*,*,#1324,.F.);
#425=ORIENTED_EDGE('',*,*,#1331,.T.);
#426=ORIENTED_EDGE('',*,*,#1332,.T.);
#427=ORIENTED_EDGE('',*,*,#1333,.F.);
#428=ORIENTED_EDGE('',*,*,#1334,.T.);
#429=ORIENTED_EDGE('',*,*,#1232,.T.);
#430=ORIENTED_EDGE('',*,*,#1335,.T.);
#431=ORIENTED_EDGE('',*,*,#1329,.F.);
#432=ORIENTED_EDGE('',*,*,#1336,.T.);
#433=ORIENTED_EDGE('',*,*,#1337,.F.);
#434=ORIENTED_EDGE('',*,*,#1243,.F.);
#435=ORIENTED_EDGE('',*,*,#1338,.T.);
#436=ORIENTED_EDGE('',*,*,#1197,.T.);
#437=ORIENTED_EDGE('',*,*,#1339,.F.);
#438=ORIENTED_EDGE('',*,*,#1340,.F.);
#439=ORIENTED_EDGE('',*,*,#1341,.T.);
#440=ORIENTED_EDGE('',*,*,#1209,.T.);
#441=ORIENTED_EDGE('',*,*,#1342,.F.);
#442=ORIENTED_EDGE('',*,*,#1343,.F.);
#443=ORIENTED_EDGE('',*,*,#1344,.T.);
#444=ORIENTED_EDGE('',*,*,#1345,.F.);
#445=ORIENTED_EDGE('',*,*,#1346,.F.);
#446=ORIENTED_EDGE('',*,*,#1347,.T.);
#447=ORIENTED_EDGE('',*,*,#1348,.T.);
#448=ORIENTED_EDGE('',*,*,#1349,.T.);
#449=ORIENTED_EDGE('',*,*,#1350,.T.);
#450=ORIENTED_EDGE('',*,*,#1351,.T.);
#451=ORIENTED_EDGE('',*,*,#1352,.F.);
#452=ORIENTED_EDGE('',*,*,#1351,.F.);
#453=ORIENTED_EDGE('',*,*,#1353,.T.);
#454=ORIENTED_EDGE('',*,*,#1354,.T.);
#455=ORIENTED_EDGE('',*,*,#1355,.T.);
#456=ORIENTED_EDGE('',*,*,#1356,.T.);
#457=ORIENTED_EDGE('',*,*,#1357,.F.);
#458=ORIENTED_EDGE('',*,*,#1344,.F.);
#459=ORIENTED_EDGE('',*,*,#1358,.F.);
#460=ORIENTED_EDGE('',*,*,#1354,.F.);
#461=ORIENTED_EDGE('',*,*,#1359,.T.);
#462=ORIENTED_EDGE('',*,*,#1360,.T.);
#463=ORIENTED_EDGE('',*,*,#1361,.F.);
#464=ORIENTED_EDGE('',*,*,#1362,.T.);
#465=ORIENTED_EDGE('',*,*,#1363,.F.);
#466=ORIENTED_EDGE('',*,*,#1356,.F.);
#467=ORIENTED_EDGE('',*,*,#1364,.F.);
#468=ORIENTED_EDGE('',*,*,#1360,.F.);
#469=ORIENTED_EDGE('',*,*,#1365,.T.);
#470=ORIENTED_EDGE('',*,*,#1340,.T.);
#471=ORIENTED_EDGE('',*,*,#1366,.F.);
#472=ORIENTED_EDGE('',*,*,#1367,.F.);
#473=ORIENTED_EDGE('',*,*,#1368,.F.);
#474=ORIENTED_EDGE('',*,*,#1362,.F.);
#475=ORIENTED_EDGE('',*,*,#1369,.F.);
#476=ORIENTED_EDGE('',*,*,#1234,.F.);
#477=ORIENTED_EDGE('',*,*,#1370,.T.);
#478=ORIENTED_EDGE('',*,*,#1346,.T.);
#479=ORIENTED_EDGE('',*,*,#1371,.F.);
#480=ORIENTED_EDGE('',*,*,#1199,.F.);
#481=ORIENTED_EDGE('',*,*,#1372,.T.);
#482=ORIENTED_EDGE('',*,*,#1246,.T.);
#483=ORIENTED_EDGE('',*,*,#1373,.F.);
#484=ORIENTED_EDGE('',*,*,#1247,.F.);
#485=ORIENTED_EDGE('',*,*,#1374,.T.);
#486=ORIENTED_EDGE('',*,*,#1242,.F.);
#487=ORIENTED_EDGE('',*,*,#1303,.F.);
#488=ORIENTED_EDGE('',*,*,#1373,.T.);
#489=ORIENTED_EDGE('',*,*,#1298,.F.);
#490=ORIENTED_EDGE('',*,*,#1375,.F.);
#491=ORIENTED_EDGE('',*,*,#1376,.F.);
#492=ORIENTED_EDGE('',*,*,#1375,.T.);
#493=ORIENTED_EDGE('',*,*,#1377,.F.);
#494=ORIENTED_EDGE('',*,*,#1378,.F.);
#495=ORIENTED_EDGE('',*,*,#1306,.F.);
#496=ORIENTED_EDGE('',*,*,#1294,.T.);
#497=ORIENTED_EDGE('',*,*,#1301,.F.);
#498=ORIENTED_EDGE('',*,*,#1379,.F.);
#499=ORIENTED_EDGE('',*,*,#1372,.F.);
#500=ORIENTED_EDGE('',*,*,#1198,.T.);
#501=ORIENTED_EDGE('',*,*,#1338,.F.);
#502=ORIENTED_EDGE('',*,*,#1374,.F.);
#503=ORIENTED_EDGE('',*,*,#1370,.F.);
#504=ORIENTED_EDGE('',*,*,#1233,.T.);
#505=ORIENTED_EDGE('',*,*,#1336,.F.);
#506=ORIENTED_EDGE('',*,*,#1380,.F.);
#507=ORIENTED_EDGE('',*,*,#1381,.F.);
#508=ORIENTED_EDGE('',*,*,#1382,.F.);
#509=ORIENTED_EDGE('',*,*,#1383,.F.);
#510=ORIENTED_EDGE('',*,*,#1347,.F.);
#511=ORIENTED_EDGE('',*,*,#1380,.T.);
#512=ORIENTED_EDGE('',*,*,#1334,.F.);
#513=ORIENTED_EDGE('',*,*,#1384,.F.);
#514=ORIENTED_EDGE('',*,*,#1385,.F.);
#515=ORIENTED_EDGE('',*,*,#1386,.F.);
#516=ORIENTED_EDGE('',*,*,#1387,.F.);
#517=ORIENTED_EDGE('',*,*,#1388,.F.);
#518=ORIENTED_EDGE('',*,*,#1387,.T.);
#519=ORIENTED_EDGE('',*,*,#1389,.F.);
#520=ORIENTED_EDGE('',*,*,#1390,.F.);
#521=ORIENTED_EDGE('',*,*,#1391,.T.);
#522=ORIENTED_EDGE('',*,*,#1392,.F.);
#523=ORIENTED_EDGE('',*,*,#1348,.F.);
#524=ORIENTED_EDGE('',*,*,#1383,.T.);
#525=ORIENTED_EDGE('',*,*,#1393,.F.);
#526=ORIENTED_EDGE('',*,*,#1390,.T.);
#527=ORIENTED_EDGE('',*,*,#1394,.F.);
#528=ORIENTED_EDGE('',*,*,#1395,.F.);
#529=ORIENTED_EDGE('',*,*,#1396,.F.);
#530=ORIENTED_EDGE('',*,*,#1397,.F.);
#531=ORIENTED_EDGE('',*,*,#1349,.F.);
#532=ORIENTED_EDGE('',*,*,#1392,.T.);
#533=ORIENTED_EDGE('',*,*,#1365,.F.);
#534=ORIENTED_EDGE('',*,*,#1395,.T.);
#535=ORIENTED_EDGE('',*,*,#1313,.F.);
#536=ORIENTED_EDGE('',*,*,#1398,.F.);
#537=ORIENTED_EDGE('',*,*,#1359,.F.);
#538=ORIENTED_EDGE('',*,*,#1353,.F.);
#539=ORIENTED_EDGE('',*,*,#1350,.F.);
#540=ORIENTED_EDGE('',*,*,#1397,.T.);
#541=ORIENTED_EDGE('',*,*,#1341,.F.);
#542=ORIENTED_EDGE('',*,*,#1398,.T.);
#543=ORIENTED_EDGE('',*,*,#1310,.F.);
#544=ORIENTED_EDGE('',*,*,#1210,.F.);
#545=ORIENTED_EDGE('',*,*,#1333,.T.);
#546=ORIENTED_EDGE('',*,*,#1399,.F.);
#547=ORIENTED_EDGE('',*,*,#1400,.F.);
#548=ORIENTED_EDGE('',*,*,#1384,.T.);
#549=ORIENTED_EDGE('',*,*,#1332,.F.);
#550=ORIENTED_EDGE('',*,*,#1401,.F.);
#551=ORIENTED_EDGE('',*,*,#1402,.F.);
#552=ORIENTED_EDGE('',*,*,#1399,.T.);
#553=ORIENTED_EDGE('',*,*,#1331,.F.);
#554=ORIENTED_EDGE('',*,*,#1326,.F.);
#555=ORIENTED_EDGE('',*,*,#1320,.F.);
#556=ORIENTED_EDGE('',*,*,#1401,.T.);
#557=ORIENTED_EDGE('',*,*,#1300,.T.);
#558=ORIENTED_EDGE('',*,*,#1403,.F.);
#559=ORIENTED_EDGE('',*,*,#1307,.F.);
#560=ORIENTED_EDGE('',*,*,#1379,.T.);
#561=ORIENTED_EDGE('',*,*,#1177,.F.);
#562=ORIENTED_EDGE('',*,*,#1145,.T.);
#563=ORIENTED_EDGE('',*,*,#1172,.T.);
#564=ORIENTED_EDGE('',*,*,#1161,.F.);
#565=ORIENTED_EDGE('',*,*,#1404,.F.);
#566=ORIENTED_EDGE('',*,*,#1385,.T.);
#567=ORIENTED_EDGE('',*,*,#1400,.T.);
#568=ORIENTED_EDGE('',*,*,#1402,.T.);
#569=ORIENTED_EDGE('',*,*,#1389,.T.);
#570=ORIENTED_EDGE('',*,*,#1386,.T.);
#571=ORIENTED_EDGE('',*,*,#1404,.T.);
#572=ORIENTED_EDGE('',*,*,#1394,.T.);
#573=ORIENTED_EDGE('',*,*,#1405,.F.);
#574=ORIENTED_EDGE('',*,*,#1406,.F.);
#575=ORIENTED_EDGE('',*,*,#1377,.T.);
#576=ORIENTED_EDGE('',*,*,#1297,.T.);
#577=ORIENTED_EDGE('',*,*,#1407,.F.);
#578=ORIENTED_EDGE('',*,*,#1381,.T.);
#579=ORIENTED_EDGE('',*,*,#1388,.T.);
#580=ORIENTED_EDGE('',*,*,#1393,.T.);
#581=ORIENTED_EDGE('',*,*,#1391,.F.);
#582=ORIENTED_EDGE('',*,*,#1382,.T.);
#583=ORIENTED_EDGE('',*,*,#1407,.T.);
#584=ORIENTED_EDGE('',*,*,#1396,.T.);
#585=ORIENTED_EDGE('',*,*,#1408,.F.);
#586=ORIENTED_EDGE('',*,*,#1304,.F.);
#587=ORIENTED_EDGE('',*,*,#1376,.T.);
#588=ORIENTED_EDGE('',*,*,#1409,.T.);
#589=ORIENTED_EDGE('',*,*,#1410,.T.);
#590=ORIENTED_EDGE('',*,*,#1337,.T.);
#591=ORIENTED_EDGE('',*,*,#1196,.F.);
#592=ORIENTED_EDGE('',*,*,#1371,.T.);
#593=ORIENTED_EDGE('',*,*,#1245,.T.);
#594=ORIENTED_EDGE('',*,*,#1411,.T.);
#595=ORIENTED_EDGE('',*,*,#1240,.T.);
#596=ORIENTED_EDGE('',*,*,#1410,.F.);
#597=ORIENTED_EDGE('',*,*,#1412,.T.);
#598=ORIENTED_EDGE('',*,*,#1136,.T.);
#599=ORIENTED_EDGE('',*,*,#1235,.F.);
#600=ORIENTED_EDGE('',*,*,#1369,.T.);
#601=ORIENTED_EDGE('',*,*,#1413,.T.);
#602=ORIENTED_EDGE('',*,*,#1316,.T.);
#603=ORIENTED_EDGE('',*,*,#1323,.T.);
#604=ORIENTED_EDGE('',*,*,#1328,.T.);
#605=ORIENTED_EDGE('',*,*,#1130,.T.);
#606=ORIENTED_EDGE('',*,*,#1412,.F.);
#607=ORIENTED_EDGE('',*,*,#1345,.T.);
#608=ORIENTED_EDGE('',*,*,#1357,.T.);
#609=ORIENTED_EDGE('',*,*,#1363,.T.);
#610=ORIENTED_EDGE('',*,*,#1368,.T.);
#611=ORIENTED_EDGE('',*,*,#1414,.T.);
#612=ORIENTED_EDGE('',*,*,#1317,.T.);
#613=ORIENTED_EDGE('',*,*,#1413,.F.);
#614=ORIENTED_EDGE('',*,*,#1367,.T.);
#615=ORIENTED_EDGE('',*,*,#1415,.T.);
#616=ORIENTED_EDGE('',*,*,#1314,.T.);
#617=ORIENTED_EDGE('',*,*,#1414,.F.);
#618=ORIENTED_EDGE('',*,*,#1366,.T.);
#619=ORIENTED_EDGE('',*,*,#1416,.T.);
#620=ORIENTED_EDGE('',*,*,#1121,.T.);
#621=ORIENTED_EDGE('',*,*,#1415,.F.);
#622=ORIENTED_EDGE('',*,*,#1364,.T.);
#623=ORIENTED_EDGE('',*,*,#1208,.T.);
#624=ORIENTED_EDGE('',*,*,#1117,.T.);
#625=ORIENTED_EDGE('',*,*,#1416,.F.);
#626=ORIENTED_EDGE('',*,*,#1339,.T.);
#627=ORIENTED_EDGE('',*,*,#1355,.F.);
#628=ORIENTED_EDGE('',*,*,#1343,.T.);
#629=ORIENTED_EDGE('',*,*,#1417,.T.);
#630=ORIENTED_EDGE('',*,*,#1361,.T.);
#631=ORIENTED_EDGE('',*,*,#1417,.F.);
#632=ORIENTED_EDGE('',*,*,#1342,.T.);
#633=ORIENTED_EDGE('',*,*,#1352,.T.);
#634=ORIENTED_EDGE('',*,*,#1358,.T.);
#635=ORIENTED_EDGE('',*,*,#1418,.F.);
#636=ORIENTED_EDGE('',*,*,#1124,.T.);
#637=ORIENTED_EDGE('',*,*,#1127,.T.);
#638=ORIENTED_EDGE('',*,*,#1133,.T.);
#639=ORIENTED_EDGE('',*,*,#1327,.F.);
#640=ORIENTED_EDGE('',*,*,#1321,.T.);
#641=ORIENTED_EDGE('',*,*,#1418,.T.);
#642=ORIENTED_EDGE('',*,*,#1132,.T.);
#643=ORIENTED_EDGE('',*,*,#1419,.T.);
#644=ORIENTED_EDGE('',*,*,#1296,.T.);
#645=ORIENTED_EDGE('',*,*,#1411,.F.);
#646=ORIENTED_EDGE('',*,*,#1302,.T.);
#647=ORIENTED_EDGE('',*,*,#1403,.T.);
#648=ORIENTED_EDGE('',*,*,#1299,.T.);
#649=ORIENTED_EDGE('',*,*,#1292,.F.);
#650=ORIENTED_EDGE('',*,*,#1305,.T.);
#651=ORIENTED_EDGE('',*,*,#1420,.T.);
#652=ORIENTED_EDGE('',*,*,#1405,.T.);
#653=ORIENTED_EDGE('',*,*,#1419,.F.);
#654=ORIENTED_EDGE('',*,*,#1408,.T.);
#655=ORIENTED_EDGE('',*,*,#1229,.F.);
#656=ORIENTED_EDGE('',*,*,#1421,.T.);
#657=ORIENTED_EDGE('',*,*,#1200,.T.);
#658=ORIENTED_EDGE('',*,*,#1422,.T.);
#659=ORIENTED_EDGE('',*,*,#1228,.T.);
#660=ORIENTED_EDGE('',*,*,#1423,.T.);
#661=ORIENTED_EDGE('',*,*,#1214,.F.);
#662=ORIENTED_EDGE('',*,*,#1424,.T.);
#663=ORIENTED_EDGE('',*,*,#1216,.T.);
#664=ORIENTED_EDGE('',*,*,#1425,.T.);
#665=ORIENTED_EDGE('',*,*,#1227,.F.);
#666=ORIENTED_EDGE('',*,*,#1426,.T.);
#667=ORIENTED_EDGE('',*,*,#1202,.F.);
#668=ORIENTED_EDGE('',*,*,#1427,.T.);
#669=ORIENTED_EDGE('',*,*,#1226,.T.);
#670=ORIENTED_EDGE('',*,*,#1428,.T.);
#671=ORIENTED_EDGE('',*,*,#1203,.F.);
#672=ORIENTED_EDGE('',*,*,#1428,.F.);
#673=ORIENTED_EDGE('',*,*,#1224,.T.);
#674=ORIENTED_EDGE('',*,*,#1422,.F.);
#675=ORIENTED_EDGE('',*,*,#1221,.F.);
#676=ORIENTED_EDGE('',*,*,#1427,.F.);
#677=ORIENTED_EDGE('',*,*,#1201,.T.);
#678=ORIENTED_EDGE('',*,*,#1421,.F.);
#679=ORIENTED_EDGE('',*,*,#1217,.F.);
#680=ORIENTED_EDGE('',*,*,#1426,.F.);
#681=ORIENTED_EDGE('',*,*,#1219,.T.);
#682=ORIENTED_EDGE('',*,*,#1424,.F.);
#683=ORIENTED_EDGE('',*,*,#1222,.F.);
#684=ORIENTED_EDGE('',*,*,#1425,.F.);
#685=ORIENTED_EDGE('',*,*,#1215,.T.);
#686=ORIENTED_EDGE('',*,*,#1423,.F.);
#687=ORIENTED_EDGE('',*,*,#1429,.F.);
#688=ORIENTED_EDGE('',*,*,#1230,.F.);
#689=ORIENTED_EDGE('',*,*,#1430,.F.);
#690=ORIENTED_EDGE('',*,*,#1107,.T.);
#691=ORIENTED_EDGE('',*,*,#1237,.F.);
#692=ORIENTED_EDGE('',*,*,#1139,.F.);
#693=ORIENTED_EDGE('',*,*,#1110,.T.);
#694=ORIENTED_EDGE('',*,*,#1431,.T.);
#695=ORIENTED_EDGE('',*,*,#1238,.F.);
#696=ORIENTED_EDGE('',*,*,#1431,.F.);
#697=ORIENTED_EDGE('',*,*,#1109,.T.);
#698=ORIENTED_EDGE('',*,*,#1432,.T.);
#699=ORIENTED_EDGE('',*,*,#1192,.T.);
#700=ORIENTED_EDGE('',*,*,#1433,.F.);
#701=ORIENTED_EDGE('',*,*,#1100,.F.);
#702=ORIENTED_EDGE('',*,*,#1434,.T.);
#703=ORIENTED_EDGE('',*,*,#1193,.T.);
#704=ORIENTED_EDGE('',*,*,#1434,.F.);
#705=ORIENTED_EDGE('',*,*,#1103,.F.);
#706=ORIENTED_EDGE('',*,*,#1435,.T.);
#707=ORIENTED_EDGE('',*,*,#1194,.T.);
#708=ORIENTED_EDGE('',*,*,#1435,.F.);
#709=ORIENTED_EDGE('',*,*,#1102,.F.);
#710=ORIENTED_EDGE('',*,*,#1436,.T.);
#711=ORIENTED_EDGE('',*,*,#1195,.T.);
#712=ORIENTED_EDGE('',*,*,#1436,.F.);
#713=ORIENTED_EDGE('',*,*,#1101,.F.);
#714=ORIENTED_EDGE('',*,*,#1433,.T.);
#715=ORIENTED_EDGE('',*,*,#1239,.F.);
#716=ORIENTED_EDGE('',*,*,#1432,.F.);
#717=ORIENTED_EDGE('',*,*,#1108,.T.);
#718=ORIENTED_EDGE('',*,*,#1430,.T.);
#719=ORIENTED_EDGE('',*,*,#1378,.T.);
#720=ORIENTED_EDGE('',*,*,#1406,.T.);
#721=ORIENTED_EDGE('',*,*,#1420,.F.);
#722=ORIENTED_EDGE('',*,*,#1409,.F.);
#723=ORIENTED_EDGE('',*,*,#1249,.F.);
#724=ORIENTED_EDGE('',*,*,#1437,.F.);
#725=ORIENTED_EDGE('',*,*,#1438,.T.);
#726=ORIENTED_EDGE('',*,*,#1439,.T.);
#727=ORIENTED_EDGE('',*,*,#1250,.F.);
#728=ORIENTED_EDGE('',*,*,#1439,.F.);
#729=ORIENTED_EDGE('',*,*,#1440,.T.);
#730=ORIENTED_EDGE('',*,*,#1441,.T.);
#731=ORIENTED_EDGE('',*,*,#1251,.F.);
#732=ORIENTED_EDGE('',*,*,#1441,.F.);
#733=ORIENTED_EDGE('',*,*,#1442,.T.);
#734=ORIENTED_EDGE('',*,*,#1443,.T.);
#735=ORIENTED_EDGE('',*,*,#1252,.T.);
#736=ORIENTED_EDGE('',*,*,#1443,.F.);
#737=ORIENTED_EDGE('',*,*,#1444,.F.);
#738=ORIENTED_EDGE('',*,*,#1445,.T.);
#739=ORIENTED_EDGE('',*,*,#1253,.F.);
#740=ORIENTED_EDGE('',*,*,#1445,.F.);
#741=ORIENTED_EDGE('',*,*,#1446,.T.);
#742=ORIENTED_EDGE('',*,*,#1447,.T.);
#743=ORIENTED_EDGE('',*,*,#1254,.F.);
#744=ORIENTED_EDGE('',*,*,#1447,.F.);
#745=ORIENTED_EDGE('',*,*,#1448,.T.);
#746=ORIENTED_EDGE('',*,*,#1449,.T.);
#747=ORIENTED_EDGE('',*,*,#1255,.F.);
#748=ORIENTED_EDGE('',*,*,#1449,.F.);
#749=ORIENTED_EDGE('',*,*,#1450,.T.);
#750=ORIENTED_EDGE('',*,*,#1451,.T.);
#751=ORIENTED_EDGE('',*,*,#1256,.T.);
#752=ORIENTED_EDGE('',*,*,#1451,.F.);
#753=ORIENTED_EDGE('',*,*,#1452,.F.);
#754=ORIENTED_EDGE('',*,*,#1453,.T.);
#755=ORIENTED_EDGE('',*,*,#1257,.F.);
#756=ORIENTED_EDGE('',*,*,#1453,.F.);
#757=ORIENTED_EDGE('',*,*,#1454,.T.);
#758=ORIENTED_EDGE('',*,*,#1455,.T.);
#759=ORIENTED_EDGE('',*,*,#1258,.F.);
#760=ORIENTED_EDGE('',*,*,#1455,.F.);
#761=ORIENTED_EDGE('',*,*,#1456,.T.);
#762=ORIENTED_EDGE('',*,*,#1457,.T.);
#763=ORIENTED_EDGE('',*,*,#1259,.F.);
#764=ORIENTED_EDGE('',*,*,#1457,.F.);
#765=ORIENTED_EDGE('',*,*,#1458,.T.);
#766=ORIENTED_EDGE('',*,*,#1459,.T.);
#767=ORIENTED_EDGE('',*,*,#1260,.F.);
#768=ORIENTED_EDGE('',*,*,#1459,.F.);
#769=ORIENTED_EDGE('',*,*,#1460,.T.);
#770=ORIENTED_EDGE('',*,*,#1461,.T.);
#771=ORIENTED_EDGE('',*,*,#1261,.T.);
#772=ORIENTED_EDGE('',*,*,#1461,.F.);
#773=ORIENTED_EDGE('',*,*,#1462,.F.);
#774=ORIENTED_EDGE('',*,*,#1463,.T.);
#775=ORIENTED_EDGE('',*,*,#1262,.F.);
#776=ORIENTED_EDGE('',*,*,#1463,.F.);
#777=ORIENTED_EDGE('',*,*,#1464,.T.);
#778=ORIENTED_EDGE('',*,*,#1465,.T.);
#779=ORIENTED_EDGE('',*,*,#1263,.F.);
#780=ORIENTED_EDGE('',*,*,#1465,.F.);
#781=ORIENTED_EDGE('',*,*,#1466,.T.);
#782=ORIENTED_EDGE('',*,*,#1467,.T.);
#783=ORIENTED_EDGE('',*,*,#1264,.F.);
#784=ORIENTED_EDGE('',*,*,#1467,.F.);
#785=ORIENTED_EDGE('',*,*,#1468,.T.);
#786=ORIENTED_EDGE('',*,*,#1469,.T.);
#787=ORIENTED_EDGE('',*,*,#1265,.T.);
#788=ORIENTED_EDGE('',*,*,#1469,.F.);
#789=ORIENTED_EDGE('',*,*,#1470,.F.);
#790=ORIENTED_EDGE('',*,*,#1471,.T.);
#791=ORIENTED_EDGE('',*,*,#1266,.F.);
#792=ORIENTED_EDGE('',*,*,#1471,.F.);
#793=ORIENTED_EDGE('',*,*,#1472,.T.);
#794=ORIENTED_EDGE('',*,*,#1473,.T.);
#795=ORIENTED_EDGE('',*,*,#1267,.F.);
#796=ORIENTED_EDGE('',*,*,#1473,.F.);
#797=ORIENTED_EDGE('',*,*,#1474,.T.);
#798=ORIENTED_EDGE('',*,*,#1475,.T.);
#799=ORIENTED_EDGE('',*,*,#1268,.F.);
#800=ORIENTED_EDGE('',*,*,#1475,.F.);
#801=ORIENTED_EDGE('',*,*,#1476,.T.);
#802=ORIENTED_EDGE('',*,*,#1477,.T.);
#803=ORIENTED_EDGE('',*,*,#1269,.T.);
#804=ORIENTED_EDGE('',*,*,#1477,.F.);
#805=ORIENTED_EDGE('',*,*,#1478,.F.);
#806=ORIENTED_EDGE('',*,*,#1479,.T.);
#807=ORIENTED_EDGE('',*,*,#1270,.F.);
#808=ORIENTED_EDGE('',*,*,#1479,.F.);
#809=ORIENTED_EDGE('',*,*,#1480,.T.);
#810=ORIENTED_EDGE('',*,*,#1481,.T.);
#811=ORIENTED_EDGE('',*,*,#1271,.F.);
#812=ORIENTED_EDGE('',*,*,#1481,.F.);
#813=ORIENTED_EDGE('',*,*,#1482,.T.);
#814=ORIENTED_EDGE('',*,*,#1483,.T.);
#815=ORIENTED_EDGE('',*,*,#1272,.F.);
#816=ORIENTED_EDGE('',*,*,#1483,.F.);
#817=ORIENTED_EDGE('',*,*,#1484,.T.);
#818=ORIENTED_EDGE('',*,*,#1485,.T.);
#819=ORIENTED_EDGE('',*,*,#1273,.F.);
#820=ORIENTED_EDGE('',*,*,#1485,.F.);
#821=ORIENTED_EDGE('',*,*,#1486,.T.);
#822=ORIENTED_EDGE('',*,*,#1487,.T.);
#823=ORIENTED_EDGE('',*,*,#1274,.T.);
#824=ORIENTED_EDGE('',*,*,#1487,.F.);
#825=ORIENTED_EDGE('',*,*,#1488,.F.);
#826=ORIENTED_EDGE('',*,*,#1489,.T.);
#827=ORIENTED_EDGE('',*,*,#1275,.F.);
#828=ORIENTED_EDGE('',*,*,#1489,.F.);
#829=ORIENTED_EDGE('',*,*,#1490,.T.);
#830=ORIENTED_EDGE('',*,*,#1491,.T.);
#831=ORIENTED_EDGE('',*,*,#1276,.F.);
#832=ORIENTED_EDGE('',*,*,#1491,.F.);
#833=ORIENTED_EDGE('',*,*,#1492,.T.);
#834=ORIENTED_EDGE('',*,*,#1493,.T.);
#835=ORIENTED_EDGE('',*,*,#1277,.F.);
#836=ORIENTED_EDGE('',*,*,#1493,.F.);
#837=ORIENTED_EDGE('',*,*,#1494,.T.);
#838=ORIENTED_EDGE('',*,*,#1495,.T.);
#839=ORIENTED_EDGE('',*,*,#1278,.T.);
#840=ORIENTED_EDGE('',*,*,#1495,.F.);
#841=ORIENTED_EDGE('',*,*,#1496,.F.);
#842=ORIENTED_EDGE('',*,*,#1497,.T.);
#843=ORIENTED_EDGE('',*,*,#1279,.F.);
#844=ORIENTED_EDGE('',*,*,#1497,.F.);
#845=ORIENTED_EDGE('',*,*,#1498,.T.);
#846=ORIENTED_EDGE('',*,*,#1499,.T.);
#847=ORIENTED_EDGE('',*,*,#1280,.F.);
#848=ORIENTED_EDGE('',*,*,#1499,.F.);
#849=ORIENTED_EDGE('',*,*,#1500,.T.);
#850=ORIENTED_EDGE('',*,*,#1501,.T.);
#851=ORIENTED_EDGE('',*,*,#1281,.F.);
#852=ORIENTED_EDGE('',*,*,#1501,.F.);
#853=ORIENTED_EDGE('',*,*,#1502,.T.);
#854=ORIENTED_EDGE('',*,*,#1503,.T.);
#855=ORIENTED_EDGE('',*,*,#1282,.F.);
#856=ORIENTED_EDGE('',*,*,#1503,.F.);
#857=ORIENTED_EDGE('',*,*,#1504,.T.);
#858=ORIENTED_EDGE('',*,*,#1505,.T.);
#859=ORIENTED_EDGE('',*,*,#1283,.T.);
#860=ORIENTED_EDGE('',*,*,#1505,.F.);
#861=ORIENTED_EDGE('',*,*,#1506,.F.);
#862=ORIENTED_EDGE('',*,*,#1507,.T.);
#863=ORIENTED_EDGE('',*,*,#1284,.F.);
#864=ORIENTED_EDGE('',*,*,#1507,.F.);
#865=ORIENTED_EDGE('',*,*,#1508,.T.);
#866=ORIENTED_EDGE('',*,*,#1509,.T.);
#867=ORIENTED_EDGE('',*,*,#1285,.F.);
#868=ORIENTED_EDGE('',*,*,#1509,.F.);
#869=ORIENTED_EDGE('',*,*,#1510,.T.);
#870=ORIENTED_EDGE('',*,*,#1511,.T.);
#871=ORIENTED_EDGE('',*,*,#1286,.F.);
#872=ORIENTED_EDGE('',*,*,#1511,.F.);
#873=ORIENTED_EDGE('',*,*,#1512,.T.);
#874=ORIENTED_EDGE('',*,*,#1513,.T.);
#875=ORIENTED_EDGE('',*,*,#1287,.T.);
#876=ORIENTED_EDGE('',*,*,#1513,.F.);
#877=ORIENTED_EDGE('',*,*,#1514,.F.);
#878=ORIENTED_EDGE('',*,*,#1515,.T.);
#879=ORIENTED_EDGE('',*,*,#1288,.F.);
#880=ORIENTED_EDGE('',*,*,#1515,.F.);
#881=ORIENTED_EDGE('',*,*,#1516,.T.);
#882=ORIENTED_EDGE('',*,*,#1517,.T.);
#883=ORIENTED_EDGE('',*,*,#1289,.F.);
#884=ORIENTED_EDGE('',*,*,#1517,.F.);
#885=ORIENTED_EDGE('',*,*,#1518,.T.);
#886=ORIENTED_EDGE('',*,*,#1519,.T.);
#887=ORIENTED_EDGE('',*,*,#1290,.F.);
#888=ORIENTED_EDGE('',*,*,#1519,.F.);
#889=ORIENTED_EDGE('',*,*,#1520,.T.);
#890=ORIENTED_EDGE('',*,*,#1521,.T.);
#891=ORIENTED_EDGE('',*,*,#1291,.T.);
#892=ORIENTED_EDGE('',*,*,#1521,.F.);
#893=ORIENTED_EDGE('',*,*,#1522,.F.);
#894=ORIENTED_EDGE('',*,*,#1523,.T.);
#895=ORIENTED_EDGE('',*,*,#1248,.F.);
#896=ORIENTED_EDGE('',*,*,#1523,.F.);
#897=ORIENTED_EDGE('',*,*,#1524,.T.);
#898=ORIENTED_EDGE('',*,*,#1437,.T.);
#899=ORIENTED_EDGE('',*,*,#1438,.F.);
#900=ORIENTED_EDGE('',*,*,#1524,.F.);
#901=ORIENTED_EDGE('',*,*,#1522,.T.);
#902=ORIENTED_EDGE('',*,*,#1520,.F.);
#903=ORIENTED_EDGE('',*,*,#1518,.F.);
#904=ORIENTED_EDGE('',*,*,#1516,.F.);
#905=ORIENTED_EDGE('',*,*,#1514,.T.);
#906=ORIENTED_EDGE('',*,*,#1512,.F.);
#907=ORIENTED_EDGE('',*,*,#1510,.F.);
#908=ORIENTED_EDGE('',*,*,#1508,.F.);
#909=ORIENTED_EDGE('',*,*,#1506,.T.);
#910=ORIENTED_EDGE('',*,*,#1504,.F.);
#911=ORIENTED_EDGE('',*,*,#1502,.F.);
#912=ORIENTED_EDGE('',*,*,#1500,.F.);
#913=ORIENTED_EDGE('',*,*,#1498,.F.);
#914=ORIENTED_EDGE('',*,*,#1496,.T.);
#915=ORIENTED_EDGE('',*,*,#1494,.F.);
#916=ORIENTED_EDGE('',*,*,#1492,.F.);
#917=ORIENTED_EDGE('',*,*,#1490,.F.);
#918=ORIENTED_EDGE('',*,*,#1488,.T.);
#919=ORIENTED_EDGE('',*,*,#1486,.F.);
#920=ORIENTED_EDGE('',*,*,#1484,.F.);
#921=ORIENTED_EDGE('',*,*,#1482,.F.);
#922=ORIENTED_EDGE('',*,*,#1480,.F.);
#923=ORIENTED_EDGE('',*,*,#1478,.T.);
#924=ORIENTED_EDGE('',*,*,#1476,.F.);
#925=ORIENTED_EDGE('',*,*,#1474,.F.);
#926=ORIENTED_EDGE('',*,*,#1472,.F.);
#927=ORIENTED_EDGE('',*,*,#1470,.T.);
#928=ORIENTED_EDGE('',*,*,#1468,.F.);
#929=ORIENTED_EDGE('',*,*,#1466,.F.);
#930=ORIENTED_EDGE('',*,*,#1464,.F.);
#931=ORIENTED_EDGE('',*,*,#1462,.T.);
#932=ORIENTED_EDGE('',*,*,#1460,.F.);
#933=ORIENTED_EDGE('',*,*,#1458,.F.);
#934=ORIENTED_EDGE('',*,*,#1456,.F.);
#935=ORIENTED_EDGE('',*,*,#1454,.F.);
#936=ORIENTED_EDGE('',*,*,#1452,.T.);
#937=ORIENTED_EDGE('',*,*,#1450,.F.);
#938=ORIENTED_EDGE('',*,*,#1448,.F.);
#939=ORIENTED_EDGE('',*,*,#1446,.F.);
#940=ORIENTED_EDGE('',*,*,#1444,.T.);
#941=ORIENTED_EDGE('',*,*,#1442,.F.);
#942=ORIENTED_EDGE('',*,*,#1440,.F.);
#943=ORIENTED_EDGE('',*,*,#1181,.F.);
#944=ORIENTED_EDGE('',*,*,#1525,.F.);
#945=ORIENTED_EDGE('',*,*,#1179,.F.);
#946=ORIENTED_EDGE('',*,*,#1187,.T.);
#947=ORIENTED_EDGE('',*,*,#1180,.F.);
#948=ORIENTED_EDGE('',*,*,#1525,.T.);
#949=ORIENTED_EDGE('',*,*,#1175,.F.);
#950=ORIENTED_EDGE('',*,*,#1526,.F.);
#951=ORIENTED_EDGE('',*,*,#1183,.F.);
#952=ORIENTED_EDGE('',*,*,#1186,.T.);
#953=ORIENTED_EDGE('',*,*,#1174,.F.);
#954=ORIENTED_EDGE('',*,*,#1526,.T.);
#955=ORIENTED_EDGE('',*,*,#1527,.F.);
#956=ORIENTED_EDGE('',*,*,#1168,.T.);
#957=ORIENTED_EDGE('',*,*,#1190,.T.);
#958=ORIENTED_EDGE('',*,*,#1170,.T.);
#959=ORIENTED_EDGE('',*,*,#1527,.T.);
#960=ORIENTED_EDGE('',*,*,#1169,.T.);
#961=ORIENTED_EDGE('',*,*,#1528,.T.);
#962=ORIENTED_EDGE('',*,*,#1165,.T.);
#963=ORIENTED_EDGE('',*,*,#1528,.F.);
#964=ORIENTED_EDGE('',*,*,#1164,.T.);
#965=ORIENTED_EDGE('',*,*,#1191,.T.);
#966=ORIENTED_EDGE('',*,*,#1166,.T.);
#967=ORIENTED_EDGE('',*,*,#1529,.F.);
#968=ORIENTED_EDGE('',*,*,#1156,.T.);
#969=ORIENTED_EDGE('',*,*,#1188,.T.);
#970=ORIENTED_EDGE('',*,*,#1158,.T.);
#971=ORIENTED_EDGE('',*,*,#1529,.T.);
#972=ORIENTED_EDGE('',*,*,#1157,.T.);
#973=ORIENTED_EDGE('',*,*,#1530,.F.);
#974=ORIENTED_EDGE('',*,*,#1148,.T.);
#975=ORIENTED_EDGE('',*,*,#1185,.T.);
#976=ORIENTED_EDGE('',*,*,#1150,.T.);
#977=ORIENTED_EDGE('',*,*,#1530,.T.);
#978=ORIENTED_EDGE('',*,*,#1149,.T.);
#979=ORIENTED_EDGE('',*,*,#1531,.T.);
#980=ORIENTED_EDGE('',*,*,#1153,.T.);
#981=ORIENTED_EDGE('',*,*,#1531,.F.);
#982=ORIENTED_EDGE('',*,*,#1152,.T.);
#983=ORIENTED_EDGE('',*,*,#1189,.T.);
#984=ORIENTED_EDGE('',*,*,#1154,.T.);
#985=ORIENTED_EDGE('',*,*,#1532,.T.);
#986=ORIENTED_EDGE('',*,*,#1141,.T.);
#987=ORIENTED_EDGE('',*,*,#1532,.F.);
#988=ORIENTED_EDGE('',*,*,#1140,.T.);
#989=ORIENTED_EDGE('',*,*,#1184,.T.);
#990=ORIENTED_EDGE('',*,*,#1142,.T.);
#991=ORIENTED_EDGE('',*,*,#1533,.F.);
#992=ORIENTED_EDGE('',*,*,#1113,.T.);
#993=ORIENTED_EDGE('',*,*,#1534,.T.);
#994=ORIENTED_EDGE('',*,*,#1535,.F.);
#995=ORIENTED_EDGE('',*,*,#1536,.F.);
#996=ORIENTED_EDGE('',*,*,#1081,.F.);
#997=ORIENTED_EDGE('',*,*,#1085,.F.);
#998=ORIENTED_EDGE('',*,*,#1088,.F.);
#999=ORIENTED_EDGE('',*,*,#1091,.F.);
#1000=ORIENTED_EDGE('',*,*,#1094,.F.);
#1001=ORIENTED_EDGE('',*,*,#1096,.F.);
#1002=ORIENTED_EDGE('',*,*,#1077,.T.);
#1003=ORIENTED_EDGE('',*,*,#1099,.T.);
#1004=ORIENTED_EDGE('',*,*,#1114,.F.);
#1005=ORIENTED_EDGE('',*,*,#1533,.T.);
#1006=ORIENTED_EDGE('',*,*,#1537,.T.);
#1007=ORIENTED_EDGE('',*,*,#1538,.T.);
#1008=ORIENTED_EDGE('',*,*,#1205,.T.);
#1009=ORIENTED_EDGE('',*,*,#1539,.T.);
#1010=ORIENTED_EDGE('',*,*,#1119,.T.);
#1011=ORIENTED_EDGE('',*,*,#1115,.T.);
#1012=ORIENTED_EDGE('',*,*,#1207,.F.);
#1013=ORIENTED_EDGE('',*,*,#1540,.F.);
#1014=ORIENTED_EDGE('',*,*,#1541,.F.);
#1015=ORIENTED_EDGE('',*,*,#1534,.F.);
#1016=ORIENTED_EDGE('',*,*,#1112,.T.);
#1017=ORIENTED_EDGE('',*,*,#1138,.F.);
#1018=ORIENTED_EDGE('',*,*,#1236,.F.);
#1019=ORIENTED_EDGE('',*,*,#1134,.T.);
#1020=ORIENTED_EDGE('',*,*,#1128,.T.);
#1021=ORIENTED_EDGE('',*,*,#1125,.T.);
#1022=ORIENTED_EDGE('',*,*,#1122,.T.);
#1023=ORIENTED_EDGE('',*,*,#1541,.T.);
#1024=ORIENTED_EDGE('',*,*,#1542,.F.);
#1025=ORIENTED_EDGE('',*,*,#1537,.F.);
#1026=ORIENTED_EDGE('',*,*,#1535,.T.);
#1027=ORIENTED_EDGE('',*,*,#1540,.T.);
#1028=ORIENTED_EDGE('',*,*,#1206,.F.);
#1029=ORIENTED_EDGE('',*,*,#1538,.F.);
#1030=ORIENTED_EDGE('',*,*,#1542,.T.);
#1031=ORIENTED_EDGE('',*,*,#1536,.T.);
#1032=ORIENTED_EDGE('',*,*,#1539,.F.);
#1033=ORIENTED_EDGE('',*,*,#1105,.F.);
#1034=ORIENTED_EDGE('',*,*,#1543,.T.);
#1035=ORIENTED_EDGE('',*,*,#1544,.T.);
#1036=ORIENTED_EDGE('',*,*,#1545,.F.);
#1037=ORIENTED_EDGE('',*,*,#1546,.T.);
#1038=ORIENTED_EDGE('',*,*,#1083,.T.);
#1039=ORIENTED_EDGE('',*,*,#1079,.T.);
#1040=ORIENTED_EDGE('',*,*,#1204,.F.);
#1041=ORIENTED_EDGE('',*,*,#1547,.F.);
#1042=ORIENTED_EDGE('',*,*,#1548,.F.);
#1043=ORIENTED_EDGE('',*,*,#1543,.F.);
#1044=ORIENTED_EDGE('',*,*,#1104,.T.);
#1045=ORIENTED_EDGE('',*,*,#1097,.F.);
#1046=ORIENTED_EDGE('',*,*,#1075,.F.);
#1047=ORIENTED_EDGE('',*,*,#1095,.T.);
#1048=ORIENTED_EDGE('',*,*,#1092,.T.);
#1049=ORIENTED_EDGE('',*,*,#1089,.T.);
#1050=ORIENTED_EDGE('',*,*,#1086,.T.);
#1051=ORIENTED_EDGE('',*,*,#1549,.F.);
#1052=ORIENTED_EDGE('',*,*,#1309,.F.);
#1053=ORIENTED_EDGE('',*,*,#1312,.F.);
#1054=ORIENTED_EDGE('',*,*,#1319,.F.);
#1055=ORIENTED_EDGE('',*,*,#1325,.F.);
#1056=ORIENTED_EDGE('',*,*,#1330,.F.);
#1057=ORIENTED_EDGE('',*,*,#1335,.F.);
#1058=ORIENTED_EDGE('',*,*,#1231,.T.);
#1059=ORIENTED_EDGE('',*,*,#1429,.T.);
#1060=ORIENTED_EDGE('',*,*,#1106,.F.);
#1061=ORIENTED_EDGE('',*,*,#1545,.T.);
#1062=ORIENTED_EDGE('',*,*,#1550,.T.);
#1063=ORIENTED_EDGE('',*,*,#1551,.T.);
#1064=ORIENTED_EDGE('',*,*,#1212,.T.);
#1065=ORIENTED_EDGE('',*,*,#1550,.F.);
#1066=ORIENTED_EDGE('',*,*,#1544,.F.);
#1067=ORIENTED_EDGE('',*,*,#1548,.T.);
#1068=ORIENTED_EDGE('',*,*,#1552,.T.);
#1069=ORIENTED_EDGE('',*,*,#1551,.F.);
#1070=ORIENTED_EDGE('',*,*,#1552,.F.);
#1071=ORIENTED_EDGE('',*,*,#1547,.T.);
#1072=ORIENTED_EDGE('',*,*,#1213,.T.);
#1073=ORIENTED_EDGE('',*,*,#1546,.F.);
#1074=ORIENTED_EDGE('',*,*,#1549,.T.);
#1075=EDGE_CURVE('',#1553,#1554,#1857,.T.);
#1076=EDGE_CURVE('',#1554,#1555,#1858,.T.);
#1077=EDGE_CURVE('',#1556,#1555,#1859,.T.);
#1078=EDGE_CURVE('',#1553,#1556,#1860,.T.);
#1079=EDGE_CURVE('',#1557,#1558,#1861,.T.);
#1080=EDGE_CURVE('',#1557,#1559,#1862,.T.);
#1081=EDGE_CURVE('',#1559,#1560,#1863,.T.);
#1082=EDGE_CURVE('',#1558,#1560,#1864,.T.);
#1083=EDGE_CURVE('',#1561,#1557,#1865,.T.);
#1084=EDGE_CURVE('',#1561,#1562,#1866,.T.);
#1085=EDGE_CURVE('',#1562,#1559,#1867,.T.);
#1086=EDGE_CURVE('',#1563,#1561,#1868,.T.);
#1087=EDGE_CURVE('',#1563,#1564,#1869,.T.);
#1088=EDGE_CURVE('',#1564,#1562,#1870,.T.);
#1089=EDGE_CURVE('',#1565,#1563,#1871,.T.);
#1090=EDGE_CURVE('',#1565,#1566,#1872,.T.);
#1091=EDGE_CURVE('',#1566,#1564,#1873,.T.);
#1092=EDGE_CURVE('',#1567,#1565,#1874,.T.);
#1093=EDGE_CURVE('',#1567,#1568,#1875,.T.);
#1094=EDGE_CURVE('',#1568,#1566,#1876,.T.);
#1095=EDGE_CURVE('',#1553,#1567,#1877,.T.);
#1096=EDGE_CURVE('',#1556,#1568,#1878,.T.);
#1097=EDGE_CURVE('',#1554,#1569,#1879,.T.);
#1098=EDGE_CURVE('',#1569,#1570,#1880,.T.);
#1099=EDGE_CURVE('',#1555,#1570,#1881,.T.);
#1100=EDGE_CURVE('',#1571,#1572,#1882,.T.);
#1101=EDGE_CURVE('',#1572,#1573,#1883,.T.);
#1102=EDGE_CURVE('',#1573,#1574,#1884,.T.);
#1103=EDGE_CURVE('',#1574,#1571,#1885,.T.);
#1104=EDGE_CURVE('',#1575,#1569,#1886,.T.);
#1105=EDGE_CURVE('',#1575,#1576,#1887,.T.);
#1106=EDGE_CURVE('',#1576,#1577,#1888,.T.);
#1107=EDGE_CURVE('',#1578,#1577,#1889,.T.);
#1108=EDGE_CURVE('',#1579,#1578,#1890,.T.);
#1109=EDGE_CURVE('',#1580,#1579,#1891,.T.);
#1110=EDGE_CURVE('',#1581,#1580,#1892,.T.);
#1111=EDGE_CURVE('',#1582,#1581,#1893,.T.);
#1112=EDGE_CURVE('',#1583,#1582,#1894,.T.);
#1113=EDGE_CURVE('',#1584,#1583,#1895,.T.);
#1114=EDGE_CURVE('',#1584,#1570,#1896,.T.);
#1115=EDGE_CURVE('',#1585,#1586,#1897,.T.);
#1116=EDGE_CURVE('',#1585,#1587,#1898,.T.);
#1117=EDGE_CURVE('',#1588,#1587,#1899,.T.);
#1118=EDGE_CURVE('',#1586,#1588,#1900,.T.);
#1119=EDGE_CURVE('',#1589,#1585,#1901,.T.);
#1120=EDGE_CURVE('',#1589,#1590,#1902,.T.);
#1121=EDGE_CURVE('',#1587,#1590,#1903,.T.);
#1122=EDGE_CURVE('',#1591,#1589,#1904,.T.);
#1123=EDGE_CURVE('',#1591,#1592,#1905,.T.);
#1124=EDGE_CURVE('',#1590,#1592,#1906,.T.);
#1125=EDGE_CURVE('',#1593,#1591,#1907,.T.);
#1126=EDGE_CURVE('',#1593,#1594,#1908,.T.);
#1127=EDGE_CURVE('',#1592,#1594,#1909,.T.);
#1128=EDGE_CURVE('',#1595,#1593,#1910,.T.);
#1129=EDGE_CURVE('',#1595,#1596,#1911,.T.);
#1130=EDGE_CURVE('',#1597,#1596,#1912,.T.);
#1131=EDGE_CURVE('',#1598,#1597,#1913,.T.);
#1132=EDGE_CURVE('',#1599,#1598,#1914,.T.);
#1133=EDGE_CURVE('',#1594,#1599,#1915,.T.);
#1134=EDGE_CURVE('',#1600,#1595,#1916,.T.);
#1135=EDGE_CURVE('',#1600,#1601,#1917,.T.);
#1136=EDGE_CURVE('',#1596,#1601,#1918,.T.);
#1137=EDGE_CURVE('',#1602,#1603,#1919,.T.);
#1138=EDGE_CURVE('',#1602,#1582,#1920,.T.);
#1139=EDGE_CURVE('',#1581,#1603,#1921,.T.);
#1140=EDGE_CURVE('',#1604,#1605,#1922,.F.);
#1141=EDGE_CURVE('',#1606,#1604,#1923,.T.);
#1142=EDGE_CURVE('',#1607,#1606,#1924,.T.);
#1143=EDGE_CURVE('',#1608,#1607,#1925,.T.);
#1144=EDGE_CURVE('',#1609,#1608,#1926,.T.);
#1145=EDGE_CURVE('',#1610,#1609,#1927,.T.);
#1146=EDGE_CURVE('',#1611,#1610,#1928,.T.);
#1147=EDGE_CURVE('',#1612,#1611,#1929,.T.);
#1148=EDGE_CURVE('',#1613,#1612,#1930,.F.);
#1149=EDGE_CURVE('',#1614,#1613,#1931,.T.);
#1150=EDGE_CURVE('',#1615,#1614,#1932,.T.);
#1151=EDGE_CURVE('',#1605,#1615,#1933,.T.);
#1152=EDGE_CURVE('',#1616,#1617,#1934,.F.);
#1153=EDGE_CURVE('',#1618,#1616,#1935,.T.);
#1154=EDGE_CURVE('',#1619,#1618,#1936,.T.);
#1155=EDGE_CURVE('',#1620,#1619,#1937,.T.);
#1156=EDGE_CURVE('',#1621,#1620,#1938,.F.);
#1157=EDGE_CURVE('',#1622,#1621,#1939,.T.);
#1158=EDGE_CURVE('',#1623,#1622,#1940,.T.);
#1159=EDGE_CURVE('',#1624,#1623,#1941,.T.);
#1160=EDGE_CURVE('',#1625,#1624,#1942,.T.);
#1161=EDGE_CURVE('',#1625,#1626,#1943,.T.);
#1162=EDGE_CURVE('',#1626,#1627,#1944,.T.);
#1163=EDGE_CURVE('',#1617,#1627,#1945,.T.);
#1164=EDGE_CURVE('',#1628,#1629,#1946,.F.);
#1165=EDGE_CURVE('',#1630,#1628,#1947,.T.);
#1166=EDGE_CURVE('',#1631,#1630,#1948,.T.);
#1167=EDGE_CURVE('',#1632,#1631,#1949,.T.);
#1168=EDGE_CURVE('',#1633,#1632,#1950,.F.);
#1169=EDGE_CURVE('',#1634,#1633,#1951,.T.);
#1170=EDGE_CURVE('',#1635,#1634,#1952,.T.);
#1171=EDGE_CURVE('',#1627,#1635,#1953,.T.);
#1172=EDGE_CURVE('',#1609,#1626,#1954,.T.);
#1173=EDGE_CURVE('',#1629,#1608,#1955,.T.);
#1174=EDGE_CURVE('',#1636,#1637,#1956,.T.);
#1175=EDGE_CURVE('',#1637,#1638,#1957,.F.);
#1176=EDGE_CURVE('',#1638,#1611,#1958,.T.);
#1177=EDGE_CURVE('',#1610,#1625,#1959,.T.);
#1178=EDGE_CURVE('',#1624,#1639,#1960,.T.);
#1179=EDGE_CURVE('',#1639,#1640,#1961,.T.);
#1180=EDGE_CURVE('',#1640,#1641,#1962,.T.);
#1181=EDGE_CURVE('',#1641,#1642,#1963,.F.);
#1182=EDGE_CURVE('',#1642,#1643,#1964,.T.);
#1183=EDGE_CURVE('',#1643,#1636,#1965,.T.);
#1184=EDGE_CURVE('',#1605,#1607,#75,.F.);
#1185=EDGE_CURVE('',#1612,#1615,#76,.T.);
#1186=EDGE_CURVE('',#1643,#1638,#77,.T.);
#1187=EDGE_CURVE('',#1639,#1642,#78,.T.);
#1188=EDGE_CURVE('',#1620,#1623,#79,.T.);
#1189=EDGE_CURVE('',#1617,#1619,#80,.F.);
#1190=EDGE_CURVE('',#1632,#1635,#81,.T.);
#1191=EDGE_CURVE('',#1629,#1631,#82,.F.);
#1192=EDGE_CURVE('',#1644,#1645,#1966,.T.);
#1193=EDGE_CURVE('',#1646,#1644,#1967,.T.);
#1194=EDGE_CURVE('',#1647,#1646,#1968,.T.);
#1195=EDGE_CURVE('',#1645,#1647,#1969,.T.);
#1196=EDGE_CURVE('',#1648,#1649,#1970,.T.);
#1197=EDGE_CURVE('',#1650,#1649,#1971,.T.);
#1198=EDGE_CURVE('',#1651,#1650,#1972,.T.);
#1199=EDGE_CURVE('',#1651,#1648,#1973,.T.);
#1200=EDGE_CURVE('',#1652,#1653,#1974,.T.);
#1201=EDGE_CURVE('',#1654,#1652,#1975,.T.);
#1202=EDGE_CURVE('',#1654,#1655,#1976,.T.);
#1203=EDGE_CURVE('',#1655,#1653,#1977,.T.);
#1204=EDGE_CURVE('',#1656,#1558,#1978,.T.);
#1205=EDGE_CURVE('',#1657,#1560,#1979,.T.);
#1206=EDGE_CURVE('',#1657,#1658,#1980,.T.);
#1207=EDGE_CURVE('',#1658,#1586,#1981,.T.);
#1208=EDGE_CURVE('',#1659,#1588,#1982,.T.);
#1209=EDGE_CURVE('',#1660,#1659,#1983,.T.);
#1210=EDGE_CURVE('',#1660,#1661,#1984,.T.);
#1211=EDGE_CURVE('',#1661,#1662,#1985,.T.);
#1212=EDGE_CURVE('',#1663,#1662,#1986,.T.);
#1213=EDGE_CURVE('',#1656,#1663,#1987,.T.);
#1214=EDGE_CURVE('',#1664,#1665,#1988,.T.);
#1215=EDGE_CURVE('',#1666,#1665,#1989,.T.);
#1216=EDGE_CURVE('',#1667,#1666,#1990,.T.);
#1217=EDGE_CURVE('',#1667,#1664,#1991,.T.);
#1218=EDGE_CURVE('',#1668,#1669,#1992,.T.);
#1219=EDGE_CURVE('',#1670,#1669,#1993,.T.);
#1220=EDGE_CURVE('',#1670,#1671,#1994,.T.);
#1221=EDGE_CURVE('',#1671,#1668,#1995,.T.);
#1222=EDGE_CURVE('',#1672,#1673,#1996,.T.);
#1223=EDGE_CURVE('',#1673,#1674,#1997,.T.);
#1224=EDGE_CURVE('',#1675,#1674,#1998,.T.);
#1225=EDGE_CURVE('',#1672,#1675,#1999,.T.);
#1226=EDGE_CURVE('',#1671,#1675,#2000,.T.);
#1227=EDGE_CURVE('',#1670,#1672,#2001,.T.);
#1228=EDGE_CURVE('',#1669,#1673,#2002,.T.);
#1229=EDGE_CURVE('',#1668,#1674,#2003,.T.);
#1230=EDGE_CURVE('',#1676,#1677,#2004,.T.);
#1231=EDGE_CURVE('',#1678,#1677,#2005,.T.);
#1232=EDGE_CURVE('',#1679,#1678,#2006,.T.);
#1233=EDGE_CURVE('',#1680,#1679,#2007,.T.);
#1234=EDGE_CURVE('',#1680,#1681,#2008,.T.);
#1235=EDGE_CURVE('',#1681,#1601,#2009,.T.);
#1236=EDGE_CURVE('',#1600,#1602,#2010,.T.);
#1237=EDGE_CURVE('',#1603,#1682,#2011,.T.);
#1238=EDGE_CURVE('',#1682,#1683,#2012,.T.);
#1239=EDGE_CURVE('',#1683,#1676,#2013,.T.);
#1240=EDGE_CURVE('',#1684,#1685,#2014,.T.);
#1241=EDGE_CURVE('',#1686,#1684,#2015,.T.);
#1242=EDGE_CURVE('',#1686,#1687,#2016,.T.);
#1243=EDGE_CURVE('',#1687,#1685,#2017,.T.);
#1244=EDGE_CURVE('',#1688,#1689,#2018,.T.);
#1245=EDGE_CURVE('',#1690,#1689,#2019,.T.);
#1246=EDGE_CURVE('',#1691,#1690,#2020,.T.);
#1247=EDGE_CURVE('',#1691,#1688,#2021,.T.);
#1248=EDGE_CURVE('',#1692,#1693,#2022,.T.);
#1249=EDGE_CURVE('',#1693,#1694,#2023,.T.);
#1250=EDGE_CURVE('',#1694,#1695,#2024,.T.);
#1251=EDGE_CURVE('',#1695,#1696,#2025,.T.);
#1252=EDGE_CURVE('',#1697,#1696,#83,.T.);
#1253=EDGE_CURVE('',#1697,#1698,#2026,.T.);
#1254=EDGE_CURVE('',#1698,#1699,#2027,.T.);
#1255=EDGE_CURVE('',#1699,#1700,#2028,.T.);
#1256=EDGE_CURVE('',#1701,#1700,#84,.T.);
#1257=EDGE_CURVE('',#1701,#1702,#2029,.T.);
#1258=EDGE_CURVE('',#1702,#1703,#2030,.T.);
#1259=EDGE_CURVE('',#1703,#1704,#2031,.T.);
#1260=EDGE_CURVE('',#1704,#1705,#2032,.T.);
#1261=EDGE_CURVE('',#1706,#1705,#85,.T.);
#1262=EDGE_CURVE('',#1706,#1707,#2033,.T.);
#1263=EDGE_CURVE('',#1707,#1708,#2034,.T.);
#1264=EDGE_CURVE('',#1708,#1709,#2035,.T.);
#1265=EDGE_CURVE('',#1710,#1709,#86,.T.);
#1266=EDGE_CURVE('',#1710,#1711,#2036,.T.);
#1267=EDGE_CURVE('',#1711,#1712,#2037,.T.);
#1268=EDGE_CURVE('',#1712,#1713,#2038,.T.);
#1269=EDGE_CURVE('',#1714,#1713,#87,.T.);
#1270=EDGE_CURVE('',#1714,#1715,#2039,.T.);
#1271=EDGE_CURVE('',#1715,#1716,#2040,.T.);
#1272=EDGE_CURVE('',#1716,#1717,#2041,.T.);
#1273=EDGE_CURVE('',#1717,#1718,#2042,.T.);
#1274=EDGE_CURVE('',#1719,#1718,#88,.T.);
#1275=EDGE_CURVE('',#1719,#1720,#2043,.T.);
#1276=EDGE_CURVE('',#1720,#1721,#2044,.T.);
#1277=EDGE_CURVE('',#1721,#1722,#2045,.T.);
#1278=EDGE_CURVE('',#1723,#1722,#89,.T.);
#1279=EDGE_CURVE('',#1723,#1724,#2046,.T.);
#1280=EDGE_CURVE('',#1724,#1725,#2047,.T.);
#1281=EDGE_CURVE('',#1725,#1726,#2048,.T.);
#1282=EDGE_CURVE('',#1726,#1727,#2049,.T.);
#1283=EDGE_CURVE('',#1728,#1727,#90,.T.);
#1284=EDGE_CURVE('',#1728,#1729,#2050,.T.);
#1285=EDGE_CURVE('',#1729,#1730,#2051,.T.);
#1286=EDGE_CURVE('',#1730,#1731,#2052,.T.);
#1287=EDGE_CURVE('',#1732,#1731,#91,.T.);
#1288=EDGE_CURVE('',#1732,#1733,#2053,.T.);
#1289=EDGE_CURVE('',#1733,#1734,#2054,.T.);
#1290=EDGE_CURVE('',#1734,#1735,#2055,.T.);
#1291=EDGE_CURVE('',#1692,#1735,#92,.T.);
#1292=EDGE_CURVE('',#1736,#1737,#2056,.T.);
#1293=EDGE_CURVE('',#1738,#1737,#2057,.T.);
#1294=EDGE_CURVE('',#1739,#1738,#2058,.T.);
#1295=EDGE_CURVE('',#1739,#1736,#2059,.T.);
#1296=EDGE_CURVE('',#1740,#1684,#21,.T.);
#1297=EDGE_CURVE('',#1741,#1740,#2060,.T.);
#1298=EDGE_CURVE('',#1741,#1686,#22,.T.);
#1299=EDGE_CURVE('',#1742,#1737,#2061,.T.);
#1300=EDGE_CURVE('',#1743,#1742,#2062,.T.);
#1301=EDGE_CURVE('',#1743,#1738,#2063,.T.);
#1302=EDGE_CURVE('',#1689,#1744,#23,.T.);
#1303=EDGE_CURVE('',#1688,#1745,#24,.F.);
#1304=EDGE_CURVE('',#1745,#1744,#2064,.T.);
#1305=EDGE_CURVE('',#1736,#1746,#2065,.T.);
#1306=EDGE_CURVE('',#1739,#1747,#2066,.T.);
#1307=EDGE_CURVE('',#1747,#1746,#2067,.T.);
#1308=EDGE_CURVE('',#1748,#1749,#2068,.T.);
#1309=EDGE_CURVE('',#1749,#1662,#2069,.T.);
#1310=EDGE_CURVE('',#1661,#1748,#2070,.T.);
#1311=EDGE_CURVE('',#1750,#1751,#2071,.T.);
#1312=EDGE_CURVE('',#1751,#1749,#2072,.T.);
#1313=EDGE_CURVE('',#1748,#1750,#2073,.T.);
#1314=EDGE_CURVE('',#1590,#1752,#2074,.T.);
#1315=EDGE_CURVE('',#1590,#1753,#2075,.T.);
#1316=EDGE_CURVE('',#1754,#1753,#2076,.T.);
#1317=EDGE_CURVE('',#1752,#1754,#2077,.T.);
#1318=EDGE_CURVE('',#1755,#1756,#2078,.T.);
#1319=EDGE_CURVE('',#1756,#1751,#2079,.T.);
#1320=EDGE_CURVE('',#1750,#1755,#2080,.T.);
#1321=EDGE_CURVE('',#1757,#1590,#2081,.T.);
#1322=EDGE_CURVE('',#1757,#1758,#2082,.T.);
#1323=EDGE_CURVE('',#1753,#1758,#2083,.T.);
#1324=EDGE_CURVE('',#1759,#1760,#2084,.T.);
#1325=EDGE_CURVE('',#1760,#1756,#2085,.T.);
#1326=EDGE_CURVE('',#1755,#1759,#2086,.T.);
#1327=EDGE_CURVE('',#1757,#1598,#2087,.T.);
#1328=EDGE_CURVE('',#1758,#1597,#2088,.T.);
#1329=EDGE_CURVE('',#1761,#1762,#2089,.T.);
#1330=EDGE_CURVE('',#1762,#1760,#2090,.T.);
#1331=EDGE_CURVE('',#1759,#1763,#2091,.T.);
#1332=EDGE_CURVE('',#1763,#1764,#2092,.T.);
#1333=EDGE_CURVE('',#1765,#1764,#2093,.T.);
#1334=EDGE_CURVE('',#1765,#1761,#2094,.T.);
#1335=EDGE_CURVE('',#1678,#1762,#2095,.T.);
#1336=EDGE_CURVE('',#1761,#1679,#2096,.T.);
#1337=EDGE_CURVE('',#1685,#1649,#25,.T.);
#1338=EDGE_CURVE('',#1687,#1650,#26,.T.);
#1339=EDGE_CURVE('',#1766,#1659,#2097,.T.);
#1340=EDGE_CURVE('',#1767,#1766,#2098,.T.);
#1341=EDGE_CURVE('',#1767,#1660,#2099,.T.);
#1342=EDGE_CURVE('',#1768,#1769,#2100,.T.);
#1343=EDGE_CURVE('',#1770,#1768,#2101,.T.);
#1344=EDGE_CURVE('',#1770,#1771,#2102,.T.);
#1345=EDGE_CURVE('',#1772,#1771,#2103,.T.);
#1346=EDGE_CURVE('',#1773,#1772,#2104,.T.);
#1347=EDGE_CURVE('',#1773,#1774,#2105,.T.);
#1348=EDGE_CURVE('',#1774,#1775,#2106,.T.);
#1349=EDGE_CURVE('',#1775,#1776,#2107,.T.);
#1350=EDGE_CURVE('',#1776,#1777,#2108,.T.);
#1351=EDGE_CURVE('',#1777,#1769,#2109,.T.);
#1352=EDGE_CURVE('',#1769,#1778,#2110,.T.);
#1353=EDGE_CURVE('',#1777,#1779,#2111,.T.);
#1354=EDGE_CURVE('',#1779,#1778,#2112,.T.);
#1355=EDGE_CURVE('',#1770,#1780,#2113,.T.);
#1356=EDGE_CURVE('',#1780,#1781,#2114,.T.);
#1357=EDGE_CURVE('',#1771,#1781,#2115,.T.);
#1358=EDGE_CURVE('',#1778,#1782,#2116,.T.);
#1359=EDGE_CURVE('',#1779,#1783,#2117,.T.);
#1360=EDGE_CURVE('',#1783,#1782,#2118,.T.);
#1361=EDGE_CURVE('',#1782,#1780,#2119,.T.);
#1362=EDGE_CURVE('',#1782,#1784,#2120,.T.);
#1363=EDGE_CURVE('',#1781,#1784,#2121,.T.);
#1364=EDGE_CURVE('',#1782,#1766,#2122,.T.);
#1365=EDGE_CURVE('',#1783,#1767,#2123,.T.);
#1366=EDGE_CURVE('',#1785,#1782,#2124,.T.);
#1367=EDGE_CURVE('',#1786,#1785,#2125,.T.);
#1368=EDGE_CURVE('',#1784,#1786,#2126,.T.);
#1369=EDGE_CURVE('',#1681,#1772,#2127,.T.);
#1370=EDGE_CURVE('',#1680,#1773,#2128,.T.);
#1371=EDGE_CURVE('',#1648,#1690,#27,.T.);
#1372=EDGE_CURVE('',#1651,#1691,#28,.F.);
#1373=EDGE_CURVE('',#1688,#1686,#2129,.T.);
#1374=EDGE_CURVE('',#1691,#1687,#2130,.T.);
#1375=EDGE_CURVE('',#1745,#1741,#2131,.T.);
#1376=EDGE_CURVE('',#1745,#1787,#2132,.T.);
#1377=EDGE_CURVE('',#1788,#1741,#2133,.T.);
#1378=EDGE_CURVE('',#1787,#1788,#2134,.T.);
#1379=EDGE_CURVE('',#1747,#1743,#2135,.T.);
#1380=EDGE_CURVE('',#1773,#1761,#2136,.T.);
#1381=EDGE_CURVE('',#1789,#1790,#2137,.T.);
#1382=EDGE_CURVE('',#1791,#1789,#2138,.T.);
#1383=EDGE_CURVE('',#1774,#1791,#2139,.T.);
#1384=EDGE_CURVE('',#1792,#1765,#2140,.T.);
#1385=EDGE_CURVE('',#1793,#1792,#2141,.T.);
#1386=EDGE_CURVE('',#1794,#1793,#2142,.T.);
#1387=EDGE_CURVE('',#1790,#1794,#2143,.T.);
#1388=EDGE_CURVE('',#1790,#1795,#2144,.T.);
#1389=EDGE_CURVE('',#1796,#1794,#2145,.T.);
#1390=EDGE_CURVE('',#1795,#1796,#2146,.T.);
#1391=EDGE_CURVE('',#1791,#1797,#2147,.T.);
#1392=EDGE_CURVE('',#1775,#1797,#2148,.T.);
#1393=EDGE_CURVE('',#1795,#1783,#2149,.T.);
#1394=EDGE_CURVE('',#1750,#1796,#2150,.T.);
#1395=EDGE_CURVE('',#1783,#1750,#2151,.T.);
#1396=EDGE_CURVE('',#1783,#1797,#2152,.T.);
#1397=EDGE_CURVE('',#1776,#1783,#2153,.T.);
#1398=EDGE_CURVE('',#1767,#1748,#2154,.T.);
#1399=EDGE_CURVE('',#1798,#1764,#2155,.T.);
#1400=EDGE_CURVE('',#1792,#1798,#2156,.T.);
#1401=EDGE_CURVE('',#1750,#1763,#2157,.T.);
#1402=EDGE_CURVE('',#1798,#1750,#2158,.T.);
#1403=EDGE_CURVE('',#1746,#1742,#2159,.T.);
#1404=EDGE_CURVE('',#1793,#1750,#2160,.T.);
#1405=EDGE_CURVE('',#1799,#1740,#2161,.T.);
#1406=EDGE_CURVE('',#1788,#1799,#2162,.T.);
#1407=EDGE_CURVE('',#1789,#1783,#2163,.T.);
#1408=EDGE_CURVE('',#1744,#1800,#2164,.T.);
#1409=EDGE_CURVE('',#1787,#1800,#2165,.T.);
#1410=EDGE_CURVE('',#1690,#1685,#2166,.T.);
#1411=EDGE_CURVE('',#1689,#1684,#2167,.T.);
#1412=EDGE_CURVE('',#1772,#1596,#2168,.T.);
#1413=EDGE_CURVE('',#1786,#1754,#2169,.T.);
#1414=EDGE_CURVE('',#1785,#1752,#2170,.T.);
#1415=EDGE_CURVE('',#1782,#1590,#2171,.T.);
#1416=EDGE_CURVE('',#1766,#1587,#2172,.T.);
#1417=EDGE_CURVE('',#1768,#1782,#2173,.T.);
#1418=EDGE_CURVE('',#1590,#1599,#2174,.T.);
#1419=EDGE_CURVE('',#1744,#1740,#2175,.T.);
#1420=EDGE_CURVE('',#1800,#1799,#2176,.T.);
#1421=EDGE_CURVE('',#1668,#1652,#29,.T.);
#1422=EDGE_CURVE('',#1653,#1674,#30,.F.);
#1423=EDGE_CURVE('',#1673,#1665,#31,.F.);
#1424=EDGE_CURVE('',#1664,#1669,#32,.T.);
#1425=EDGE_CURVE('',#1666,#1672,#33,.F.);
#1426=EDGE_CURVE('',#1670,#1667,#34,.T.);
#1427=EDGE_CURVE('',#1654,#1671,#35,.T.);
#1428=EDGE_CURVE('',#1675,#1655,#36,.F.);
#1429=EDGE_CURVE('',#1677,#1577,#2177,.T.);
#1430=EDGE_CURVE('',#1578,#1676,#2178,.T.);
#1431=EDGE_CURVE('',#1580,#1682,#2179,.T.);
#1432=EDGE_CURVE('',#1579,#1683,#2180,.T.);
#1433=EDGE_CURVE('',#1572,#1645,#2181,.T.);
#1434=EDGE_CURVE('',#1571,#1644,#2182,.T.);
#1435=EDGE_CURVE('',#1574,#1646,#2183,.T.);
#1436=EDGE_CURVE('',#1573,#1647,#2184,.T.);
#1437=EDGE_CURVE('',#1801,#1693,#2185,.T.);
#1438=EDGE_CURVE('',#1801,#1802,#2186,.T.);
#1439=EDGE_CURVE('',#1802,#1694,#2187,.T.);
#1440=EDGE_CURVE('',#1802,#1803,#2188,.T.);
#1441=EDGE_CURVE('',#1803,#1695,#2189,.T.);
#1442=EDGE_CURVE('',#1803,#1804,#2190,.T.);
#1443=EDGE_CURVE('',#1804,#1696,#2191,.T.);
#1444=EDGE_CURVE('',#1805,#1804,#93,.T.);
#1445=EDGE_CURVE('',#1805,#1697,#2192,.T.);
#1446=EDGE_CURVE('',#1805,#1806,#2193,.T.);
#1447=EDGE_CURVE('',#1806,#1698,#2194,.T.);
#1448=EDGE_CURVE('',#1806,#1807,#2195,.T.);
#1449=EDGE_CURVE('',#1807,#1699,#2196,.T.);
#1450=EDGE_CURVE('',#1807,#1808,#2197,.T.);
#1451=EDGE_CURVE('',#1808,#1700,#2198,.T.);
#1452=EDGE_CURVE('',#1809,#1808,#94,.T.);
#1453=EDGE_CURVE('',#1809,#1701,#2199,.T.);
#1454=EDGE_CURVE('',#1809,#1810,#2200,.T.);
#1455=EDGE_CURVE('',#1810,#1702,#2201,.T.);
#1456=EDGE_CURVE('',#1810,#1811,#2202,.T.);
#1457=EDGE_CURVE('',#1811,#1703,#2203,.T.);
#1458=EDGE_CURVE('',#1811,#1812,#2204,.T.);
#1459=EDGE_CURVE('',#1812,#1704,#2205,.T.);
#1460=EDGE_CURVE('',#1812,#1813,#2206,.T.);
#1461=EDGE_CURVE('',#1813,#1705,#2207,.T.);
#1462=EDGE_CURVE('',#1814,#1813,#95,.T.);
#1463=EDGE_CURVE('',#1814,#1706,#2208,.T.);
#1464=EDGE_CURVE('',#1814,#1815,#2209,.T.);
#1465=EDGE_CURVE('',#1815,#1707,#2210,.T.);
#1466=EDGE_CURVE('',#1815,#1816,#2211,.T.);
#1467=EDGE_CURVE('',#1816,#1708,#2212,.T.);
#1468=EDGE_CURVE('',#1816,#1817,#2213,.T.);
#1469=EDGE_CURVE('',#1817,#1709,#2214,.T.);
#1470=EDGE_CURVE('',#1818,#1817,#96,.T.);
#1471=EDGE_CURVE('',#1818,#1710,#2215,.T.);
#1472=EDGE_CURVE('',#1818,#1819,#2216,.T.);
#1473=EDGE_CURVE('',#1819,#1711,#2217,.T.);
#1474=EDGE_CURVE('',#1819,#1820,#2218,.T.);
#1475=EDGE_CURVE('',#1820,#1712,#2219,.T.);
#1476=EDGE_CURVE('',#1820,#1821,#2220,.T.);
#1477=EDGE_CURVE('',#1821,#1713,#2221,.T.);
#1478=EDGE_CURVE('',#1822,#1821,#97,.T.);
#1479=EDGE_CURVE('',#1822,#1714,#2222,.T.);
#1480=EDGE_CURVE('',#1822,#1823,#2223,.T.);
#1481=EDGE_CURVE('',#1823,#1715,#2224,.T.);
#1482=EDGE_CURVE('',#1823,#1824,#2225,.T.);
#1483=EDGE_CURVE('',#1824,#1716,#2226,.T.);
#1484=EDGE_CURVE('',#1824,#1825,#2227,.T.);
#1485=EDGE_CURVE('',#1825,#1717,#2228,.T.);
#1486=EDGE_CURVE('',#1825,#1826,#2229,.T.);
#1487=EDGE_CURVE('',#1826,#1718,#2230,.T.);
#1488=EDGE_CURVE('',#1827,#1826,#98,.T.);
#1489=EDGE_CURVE('',#1827,#1719,#2231,.T.);
#1490=EDGE_CURVE('',#1827,#1828,#2232,.T.);
#1491=EDGE_CURVE('',#1828,#1720,#2233,.T.);
#1492=EDGE_CURVE('',#1828,#1829,#2234,.T.);
#1493=EDGE_CURVE('',#1829,#1721,#2235,.T.);
#1494=EDGE_CURVE('',#1829,#1830,#2236,.T.);
#1495=EDGE_CURVE('',#1830,#1722,#2237,.T.);
#1496=EDGE_CURVE('',#1831,#1830,#99,.T.);
#1497=EDGE_CURVE('',#1831,#1723,#2238,.T.);
#1498=EDGE_CURVE('',#1831,#1832,#2239,.T.);
#1499=EDGE_CURVE('',#1832,#1724,#2240,.T.);
#1500=EDGE_CURVE('',#1832,#1833,#2241,.T.);
#1501=EDGE_CURVE('',#1833,#1725,#2242,.T.);
#1502=EDGE_CURVE('',#1833,#1834,#2243,.T.);
#1503=EDGE_CURVE('',#1834,#1726,#2244,.T.);
#1504=EDGE_CURVE('',#1834,#1835,#2245,.T.);
#1505=EDGE_CURVE('',#1835,#1727,#2246,.T.);
#1506=EDGE_CURVE('',#1836,#1835,#100,.T.);
#1507=EDGE_CURVE('',#1836,#1728,#2247,.T.);
#1508=EDGE_CURVE('',#1836,#1837,#2248,.T.);
#1509=EDGE_CURVE('',#1837,#1729,#2249,.T.);
#1510=EDGE_CURVE('',#1837,#1838,#2250,.T.);
#1511=EDGE_CURVE('',#1838,#1730,#2251,.T.);
#1512=EDGE_CURVE('',#1838,#1839,#2252,.T.);
#1513=EDGE_CURVE('',#1839,#1731,#2253,.T.);
#1514=EDGE_CURVE('',#1840,#1839,#101,.T.);
#1515=EDGE_CURVE('',#1840,#1732,#2254,.T.);
#1516=EDGE_CURVE('',#1840,#1841,#2255,.T.);
#1517=EDGE_CURVE('',#1841,#1733,#2256,.T.);
#1518=EDGE_CURVE('',#1841,#1842,#2257,.T.);
#1519=EDGE_CURVE('',#1842,#1734,#2258,.T.);
#1520=EDGE_CURVE('',#1842,#1843,#2259,.T.);
#1521=EDGE_CURVE('',#1843,#1735,#2260,.T.);
#1522=EDGE_CURVE('',#1844,#1843,#102,.T.);
#1523=EDGE_CURVE('',#1844,#1692,#2261,.T.);
#1524=EDGE_CURVE('',#1844,#1801,#2262,.T.);
#1525=EDGE_CURVE('',#1640,#1641,#103,.T.);
#1526=EDGE_CURVE('',#1636,#1637,#104,.T.);
#1527=EDGE_CURVE('',#1633,#1634,#105,.T.);
#1528=EDGE_CURVE('',#1628,#1630,#106,.T.);
#1529=EDGE_CURVE('',#1621,#1622,#107,.T.);
#1530=EDGE_CURVE('',#1613,#1614,#108,.T.);
#1531=EDGE_CURVE('',#1616,#1618,#109,.T.);
#1532=EDGE_CURVE('',#1604,#1606,#110,.T.);
#1533=EDGE_CURVE('',#1584,#1845,#2263,.T.);
#1534=EDGE_CURVE('',#1583,#1846,#2264,.T.);
#1535=EDGE_CURVE('',#1845,#1846,#2265,.T.);
#1536=EDGE_CURVE('',#1847,#1847,#111,.T.);
#1537=EDGE_CURVE('',#1845,#1848,#112,.T.);
#1538=EDGE_CURVE('',#1848,#1657,#2266,.T.);
#1539=EDGE_CURVE('',#1849,#1849,#113,.T.);
#1540=EDGE_CURVE('',#1850,#1658,#2267,.T.);
#1541=EDGE_CURVE('',#1846,#1850,#114,.T.);
#1542=EDGE_CURVE('',#1848,#1850,#2268,.T.);
#1543=EDGE_CURVE('',#1575,#1851,#2269,.T.);
#1544=EDGE_CURVE('',#1851,#1852,#2270,.T.);
#1545=EDGE_CURVE('',#1576,#1852,#2271,.T.);
#1546=EDGE_CURVE('',#1853,#1853,#115,.T.);
#1547=EDGE_CURVE('',#1854,#1656,#2272,.T.);
#1548=EDGE_CURVE('',#1851,#1854,#116,.T.);
#1549=EDGE_CURVE('',#1855,#1855,#117,.T.);
#1550=EDGE_CURVE('',#1852,#1856,#118,.T.);
#1551=EDGE_CURVE('',#1856,#1663,#2273,.T.);
#1552=EDGE_CURVE('',#1854,#1856,#2274,.T.);
#1553=VERTEX_POINT('',#5864);
#1554=VERTEX_POINT('',#5865);
#1555=VERTEX_POINT('',#5867);
#1556=VERTEX_POINT('',#5869);
#1557=VERTEX_POINT('',#5873);
#1558=VERTEX_POINT('',#5874);
#1559=VERTEX_POINT('',#5876);
#1560=VERTEX_POINT('',#5878);
#1561=VERTEX_POINT('',#5882);
#1562=VERTEX_POINT('',#5884);
#1563=VERTEX_POINT('',#5888);
#1564=VERTEX_POINT('',#5890);
#1565=VERTEX_POINT('',#5894);
#1566=VERTEX_POINT('',#5896);
#1567=VERTEX_POINT('',#5900);
#1568=VERTEX_POINT('',#5902);
#1569=VERTEX_POINT('',#5909);
#1570=VERTEX_POINT('',#5911);
#1571=VERTEX_POINT('',#5915);
#1572=VERTEX_POINT('',#5916);
#1573=VERTEX_POINT('',#5918);
#1574=VERTEX_POINT('',#5920);
#1575=VERTEX_POINT('',#5923);
#1576=VERTEX_POINT('',#5925);
#1577=VERTEX_POINT('',#5927);
#1578=VERTEX_POINT('',#5929);
#1579=VERTEX_POINT('',#5931);
#1580=VERTEX_POINT('',#5933);
#1581=VERTEX_POINT('',#5935);
#1582=VERTEX_POINT('',#5937);
#1583=VERTEX_POINT('',#5939);
#1584=VERTEX_POINT('',#5941);
#1585=VERTEX_POINT('',#5945);
#1586=VERTEX_POINT('',#5946);
#1587=VERTEX_POINT('',#5948);
#1588=VERTEX_POINT('',#5950);
#1589=VERTEX_POINT('',#5954);
#1590=VERTEX_POINT('',#5956);
#1591=VERTEX_POINT('',#5960);
#1592=VERTEX_POINT('',#5962);
#1593=VERTEX_POINT('',#5966);
#1594=VERTEX_POINT('',#5968);
#1595=VERTEX_POINT('',#5972);
#1596=VERTEX_POINT('',#5974);
#1597=VERTEX_POINT('',#5976);
#1598=VERTEX_POINT('',#5978);
#1599=VERTEX_POINT('',#5980);
#1600=VERTEX_POINT('',#5984);
#1601=VERTEX_POINT('',#5986);
#1602=VERTEX_POINT('',#5990);
#1603=VERTEX_POINT('',#5991);
#1604=VERTEX_POINT('',#5996);
#1605=VERTEX_POINT('',#5997);
#1606=VERTEX_POINT('',#5999);
#1607=VERTEX_POINT('',#6001);
#1608=VERTEX_POINT('',#6003);
#1609=VERTEX_POINT('',#6005);
#1610=VERTEX_POINT('',#6007);
#1611=VERTEX_POINT('',#6009);
#1612=VERTEX_POINT('',#6011);
#1613=VERTEX_POINT('',#6013);
#1614=VERTEX_POINT('',#6015);
#1615=VERTEX_POINT('',#6017);
#1616=VERTEX_POINT('',#6021);
#1617=VERTEX_POINT('',#6022);
#1618=VERTEX_POINT('',#6024);
#1619=VERTEX_POINT('',#6026);
#1620=VERTEX_POINT('',#6028);
#1621=VERTEX_POINT('',#6030);
#1622=VERTEX_POINT('',#6032);
#1623=VERTEX_POINT('',#6034);
#1624=VERTEX_POINT('',#6036);
#1625=VERTEX_POINT('',#6038);
#1626=VERTEX_POINT('',#6040);
#1627=VERTEX_POINT('',#6042);
#1628=VERTEX_POINT('',#6046);
#1629=VERTEX_POINT('',#6047);
#1630=VERTEX_POINT('',#6049);
#1631=VERTEX_POINT('',#6051);
#1632=VERTEX_POINT('',#6053);
#1633=VERTEX_POINT('',#6055);
#1634=VERTEX_POINT('',#6057);
#1635=VERTEX_POINT('',#6059);
#1636=VERTEX_POINT('',#6065);
#1637=VERTEX_POINT('',#6066);
#1638=VERTEX_POINT('',#6068);
#1639=VERTEX_POINT('',#6072);
#1640=VERTEX_POINT('',#6074);
#1641=VERTEX_POINT('',#6076);
#1642=VERTEX_POINT('',#6078);
#1643=VERTEX_POINT('',#6080);
#1644=VERTEX_POINT('',#6092);
#1645=VERTEX_POINT('',#6093);
#1646=VERTEX_POINT('',#6095);
#1647=VERTEX_POINT('',#6097);
#1648=VERTEX_POINT('',#6101);
#1649=VERTEX_POINT('',#6102);
#1650=VERTEX_POINT('',#6104);
#1651=VERTEX_POINT('',#6106);
#1652=VERTEX_POINT('',#6109);
#1653=VERTEX_POINT('',#6110);
#1654=VERTEX_POINT('',#6112);
#1655=VERTEX_POINT('',#6114);
#1656=VERTEX_POINT('',#6118);
#1657=VERTEX_POINT('',#6120);
#1658=VERTEX_POINT('',#6122);
#1659=VERTEX_POINT('',#6125);
#1660=VERTEX_POINT('',#6127);
#1661=VERTEX_POINT('',#6129);
#1662=VERTEX_POINT('',#6131);
#1663=VERTEX_POINT('',#6133);
#1664=VERTEX_POINT('',#6136);
#1665=VERTEX_POINT('',#6137);
#1666=VERTEX_POINT('',#6139);
#1667=VERTEX_POINT('',#6141);
#1668=VERTEX_POINT('',#6145);
#1669=VERTEX_POINT('',#6146);
#1670=VERTEX_POINT('',#6148);
#1671=VERTEX_POINT('',#6150);
#1672=VERTEX_POINT('',#6154);
#1673=VERTEX_POINT('',#6155);
#1674=VERTEX_POINT('',#6157);
#1675=VERTEX_POINT('',#6159);
#1676=VERTEX_POINT('',#6169);
#1677=VERTEX_POINT('',#6170);
#1678=VERTEX_POINT('',#6172);
#1679=VERTEX_POINT('',#6174);
#1680=VERTEX_POINT('',#6176);
#1681=VERTEX_POINT('',#6178);
#1682=VERTEX_POINT('',#6182);
#1683=VERTEX_POINT('',#6184);
#1684=VERTEX_POINT('',#6188);
#1685=VERTEX_POINT('',#6189);
#1686=VERTEX_POINT('',#6191);
#1687=VERTEX_POINT('',#6193);
#1688=VERTEX_POINT('',#6197);
#1689=VERTEX_POINT('',#6198);
#1690=VERTEX_POINT('',#6200);
#1691=VERTEX_POINT('',#6202);
#1692=VERTEX_POINT('',#6206);
#1693=VERTEX_POINT('',#6207);
#1694=VERTEX_POINT('',#6209);
#1695=VERTEX_POINT('',#6211);
#1696=VERTEX_POINT('',#6213);
#1697=VERTEX_POINT('',#6215);
#1698=VERTEX_POINT('',#6217);
#1699=VERTEX_POINT('',#6219);
#1700=VERTEX_POINT('',#6221);
#1701=VERTEX_POINT('',#6223);
#1702=VERTEX_POINT('',#6225);
#1703=VERTEX_POINT('',#6227);
#1704=VERTEX_POINT('',#6229);
#1705=VERTEX_POINT('',#6231);
#1706=VERTEX_POINT('',#6233);
#1707=VERTEX_POINT('',#6235);
#1708=VERTEX_POINT('',#6237);
#1709=VERTEX_POINT('',#6239);
#1710=VERTEX_POINT('',#6241);
#1711=VERTEX_POINT('',#6243);
#1712=VERTEX_POINT('',#6245);
#1713=VERTEX_POINT('',#6247);
#1714=VERTEX_POINT('',#6249);
#1715=VERTEX_POINT('',#6251);
#1716=VERTEX_POINT('',#6253);
#1717=VERTEX_POINT('',#6255);
#1718=VERTEX_POINT('',#6257);
#1719=VERTEX_POINT('',#6259);
#1720=VERTEX_POINT('',#6261);
#1721=VERTEX_POINT('',#6263);
#1722=VERTEX_POINT('',#6265);
#1723=VERTEX_POINT('',#6267);
#1724=VERTEX_POINT('',#6269);
#1725=VERTEX_POINT('',#6271);
#1726=VERTEX_POINT('',#6273);
#1727=VERTEX_POINT('',#6275);
#1728=VERTEX_POINT('',#6277);
#1729=VERTEX_POINT('',#6279);
#1730=VERTEX_POINT('',#6281);
#1731=VERTEX_POINT('',#6283);
#1732=VERTEX_POINT('',#6285);
#1733=VERTEX_POINT('',#6287);
#1734=VERTEX_POINT('',#6289);
#1735=VERTEX_POINT('',#6291);
#1736=VERTEX_POINT('',#6294);
#1737=VERTEX_POINT('',#6295);
#1738=VERTEX_POINT('',#6297);
#1739=VERTEX_POINT('',#6299);
#1740=VERTEX_POINT('',#6303);
#1741=VERTEX_POINT('',#6305);
#1742=VERTEX_POINT('',#6309);
#1743=VERTEX_POINT('',#6311);
#1744=VERTEX_POINT('',#6315);
#1745=VERTEX_POINT('',#6317);
#1746=VERTEX_POINT('',#6321);
#1747=VERTEX_POINT('',#6323);
#1748=VERTEX_POINT('',#6327);
#1749=VERTEX_POINT('',#6328);
#1750=VERTEX_POINT('',#6333);
#1751=VERTEX_POINT('',#6334);
#1752=VERTEX_POINT('',#6339);
#1753=VERTEX_POINT('',#6341);
#1754=VERTEX_POINT('',#6343);
#1755=VERTEX_POINT('',#6347);
#1756=VERTEX_POINT('',#6348);
#1757=VERTEX_POINT('',#6353);
#1758=VERTEX_POINT('',#6355);
#1759=VERTEX_POINT('',#6359);
#1760=VERTEX_POINT('',#6360);
#1761=VERTEX_POINT('',#6368);
#1762=VERTEX_POINT('',#6369);
#1763=VERTEX_POINT('',#6372);
#1764=VERTEX_POINT('',#6374);
#1765=VERTEX_POINT('',#6376);
#1766=VERTEX_POINT('',#6386);
#1767=VERTEX_POINT('',#6388);
#1768=VERTEX_POINT('',#6392);
#1769=VERTEX_POINT('',#6393);
#1770=VERTEX_POINT('',#6395);
#1771=VERTEX_POINT('',#6397);
#1772=VERTEX_POINT('',#6399);
#1773=VERTEX_POINT('',#6401);
#1774=VERTEX_POINT('',#6403);
#1775=VERTEX_POINT('',#6405);
#1776=VERTEX_POINT('',#6407);
#1777=VERTEX_POINT('',#6409);
#1778=VERTEX_POINT('',#6413);
#1779=VERTEX_POINT('',#6415);
#1780=VERTEX_POINT('',#6419);
#1781=VERTEX_POINT('',#6421);
#1782=VERTEX_POINT('',#6425);
#1783=VERTEX_POINT('',#6427);
#1784=VERTEX_POINT('',#6432);
#1785=VERTEX_POINT('',#6439);
#1786=VERTEX_POINT('',#6441);
#1787=VERTEX_POINT('',#6456);
#1788=VERTEX_POINT('',#6458);
#1789=VERTEX_POINT('',#6467);
#1790=VERTEX_POINT('',#6468);
#1791=VERTEX_POINT('',#6470);
#1792=VERTEX_POINT('',#6473);
#1793=VERTEX_POINT('',#6475);
#1794=VERTEX_POINT('',#6477);
#1795=VERTEX_POINT('',#6481);
#1796=VERTEX_POINT('',#6483);
#1797=VERTEX_POINT('',#6487);
#1798=VERTEX_POINT('',#6502);
#1799=VERTEX_POINT('',#6515);
#1800=VERTEX_POINT('',#6522);
#1801=VERTEX_POINT('',#6585);
#1802=VERTEX_POINT('',#6587);
#1803=VERTEX_POINT('',#6591);
#1804=VERTEX_POINT('',#6595);
#1805=VERTEX_POINT('',#6599);
#1806=VERTEX_POINT('',#6603);
#1807=VERTEX_POINT('',#6607);
#1808=VERTEX_POINT('',#6611);
#1809=VERTEX_POINT('',#6615);
#1810=VERTEX_POINT('',#6619);
#1811=VERTEX_POINT('',#6623);
#1812=VERTEX_POINT('',#6627);
#1813=VERTEX_POINT('',#6631);
#1814=VERTEX_POINT('',#6635);
#1815=VERTEX_POINT('',#6639);
#1816=VERTEX_POINT('',#6643);
#1817=VERTEX_POINT('',#6647);
#1818=VERTEX_POINT('',#6651);
#1819=VERTEX_POINT('',#6655);
#1820=VERTEX_POINT('',#6659);
#1821=VERTEX_POINT('',#6663);
#1822=VERTEX_POINT('',#6667);
#1823=VERTEX_POINT('',#6671);
#1824=VERTEX_POINT('',#6675);
#1825=VERTEX_POINT('',#6679);
#1826=VERTEX_POINT('',#6683);
#1827=VERTEX_POINT('',#6687);
#1828=VERTEX_POINT('',#6691);
#1829=VERTEX_POINT('',#6695);
#1830=VERTEX_POINT('',#6699);
#1831=VERTEX_POINT('',#6703);
#1832=VERTEX_POINT('',#6707);
#1833=VERTEX_POINT('',#6711);
#1834=VERTEX_POINT('',#6715);
#1835=VERTEX_POINT('',#6719);
#1836=VERTEX_POINT('',#6723);
#1837=VERTEX_POINT('',#6727);
#1838=VERTEX_POINT('',#6731);
#1839=VERTEX_POINT('',#6735);
#1840=VERTEX_POINT('',#6739);
#1841=VERTEX_POINT('',#6743);
#1842=VERTEX_POINT('',#6747);
#1843=VERTEX_POINT('',#6751);
#1844=VERTEX_POINT('',#6755);
#1845=VERTEX_POINT('',#6786);
#1846=VERTEX_POINT('',#6788);
#1847=VERTEX_POINT('',#6792);
#1848=VERTEX_POINT('',#6794);
#1849=VERTEX_POINT('',#6798);
#1850=VERTEX_POINT('',#6800);
#1851=VERTEX_POINT('',#6808);
#1852=VERTEX_POINT('',#6810);
#1853=VERTEX_POINT('',#6814);
#1854=VERTEX_POINT('',#6816);
#1855=VERTEX_POINT('',#6820);
#1856=VERTEX_POINT('',#6822);
#1857=LINE('',#5863,#2275);
#1858=LINE('',#5866,#2276);
#1859=LINE('',#5868,#2277);
#1860=LINE('',#5870,#2278);
#1861=LINE('',#5872,#2279);
#1862=LINE('',#5875,#2280);
#1863=LINE('',#5877,#2281);
#1864=LINE('',#5879,#2282);
#1865=LINE('',#5881,#2283);
#1866=LINE('',#5883,#2284);
#1867=LINE('',#5885,#2285);
#1868=LINE('',#5887,#2286);
#1869=LINE('',#5889,#2287);
#1870=LINE('',#5891,#2288);
#1871=LINE('',#5893,#2289);
#1872=LINE('',#5895,#2290);
#1873=LINE('',#5897,#2291);
#1874=LINE('',#5899,#2292);
#1875=LINE('',#5901,#2293);
#1876=LINE('',#5903,#2294);
#1877=LINE('',#5905,#2295);
#1878=LINE('',#5906,#2296);
#1879=LINE('',#5908,#2297);
#1880=LINE('',#5910,#2298);
#1881=LINE('',#5912,#2299);
#1882=LINE('',#5914,#2300);
#1883=LINE('',#5917,#2301);
#1884=LINE('',#5919,#2302);
#1885=LINE('',#5921,#2303);
#1886=LINE('',#5922,#2304);
#1887=LINE('',#5924,#2305);
#1888=LINE('',#5926,#2306);
#1889=LINE('',#5928,#2307);
#1890=LINE('',#5930,#2308);
#1891=LINE('',#5932,#2309);
#1892=LINE('',#5934,#2310);
#1893=LINE('',#5936,#2311);
#1894=LINE('',#5938,#2312);
#1895=LINE('',#5940,#2313);
#1896=LINE('',#5942,#2314);
#1897=LINE('',#5944,#2315);
#1898=LINE('',#5947,#2316);
#1899=LINE('',#5949,#2317);
#1900=LINE('',#5951,#2318);
#1901=LINE('',#5953,#2319);
#1902=LINE('',#5955,#2320);
#1903=LINE('',#5957,#2321);
#1904=LINE('',#5959,#2322);
#1905=LINE('',#5961,#2323);
#1906=LINE('',#5963,#2324);
#1907=LINE('',#5965,#2325);
#1908=LINE('',#5967,#2326);
#1909=LINE('',#5969,#2327);
#1910=LINE('',#5971,#2328);
#1911=LINE('',#5973,#2329);
#1912=LINE('',#5975,#2330);
#1913=LINE('',#5977,#2331);
#1914=LINE('',#5979,#2332);
#1915=LINE('',#5981,#2333);
#1916=LINE('',#5983,#2334);
#1917=LINE('',#5985,#2335);
#1918=LINE('',#5987,#2336);
#1919=LINE('',#5989,#2337);
#1920=LINE('',#5992,#2338);
#1921=LINE('',#5993,#2339);
#1922=LINE('',#5995,#2340);
#1923=LINE('',#5998,#2341);
#1924=LINE('',#6000,#2342);
#1925=LINE('',#6002,#2343);
#1926=LINE('',#6004,#2344);
#1927=LINE('',#6006,#2345);
#1928=LINE('',#6008,#2346);
#1929=LINE('',#6010,#2347);
#1930=LINE('',#6012,#2348);
#1931=LINE('',#6014,#2349);
#1932=LINE('',#6016,#2350);
#1933=LINE('',#6018,#2351);
#1934=LINE('',#6020,#2352);
#1935=LINE('',#6023,#2353);
#1936=LINE('',#6025,#2354);
#1937=LINE('',#6027,#2355);
#1938=LINE('',#6029,#2356);
#1939=LINE('',#6031,#2357);
#1940=LINE('',#6033,#2358);
#1941=LINE('',#6035,#2359);
#1942=LINE('',#6037,#2360);
#1943=LINE('',#6039,#2361);
#1944=LINE('',#6041,#2362);
#1945=LINE('',#6043,#2363);
#1946=LINE('',#6045,#2364);
#1947=LINE('',#6048,#2365);
#1948=LINE('',#6050,#2366);
#1949=LINE('',#6052,#2367);
#1950=LINE('',#6054,#2368);
#1951=LINE('',#6056,#2369);
#1952=LINE('',#6058,#2370);
#1953=LINE('',#6060,#2371);
#1954=LINE('',#6061,#2372);
#1955=LINE('',#6062,#2373);
#1956=LINE('',#6064,#2374);
#1957=LINE('',#6067,#2375);
#1958=LINE('',#6069,#2376);
#1959=LINE('',#6070,#2377);
#1960=LINE('',#6071,#2378);
#1961=LINE('',#6073,#2379);
#1962=LINE('',#6075,#2380);
#1963=LINE('',#6077,#2381);
#1964=LINE('',#6079,#2382);
#1965=LINE('',#6081,#2383);
#1966=LINE('',#6091,#2384);
#1967=LINE('',#6094,#2385);
#1968=LINE('',#6096,#2386);
#1969=LINE('',#6098,#2387);
#1970=LINE('',#6100,#2388);
#1971=LINE('',#6103,#2389);
#1972=LINE('',#6105,#2390);
#1973=LINE('',#6107,#2391);
#1974=LINE('',#6108,#2392);
#1975=LINE('',#6111,#2393);
#1976=LINE('',#6113,#2394);
#1977=LINE('',#6115,#2395);
#1978=LINE('',#6117,#2396);
#1979=LINE('',#6119,#2397);
#1980=LINE('',#6121,#2398);
#1981=LINE('',#6123,#2399);
#1982=LINE('',#6124,#2400);
#1983=LINE('',#6126,#2401);
#1984=LINE('',#6128,#2402);
#1985=LINE('',#6130,#2403);
#1986=LINE('',#6132,#2404);
#1987=LINE('',#6134,#2405);
#1988=LINE('',#6135,#2406);
#1989=LINE('',#6138,#2407);
#1990=LINE('',#6140,#2408);
#1991=LINE('',#6142,#2409);
#1992=LINE('',#6144,#2410);
#1993=LINE('',#6147,#2411);
#1994=LINE('',#6149,#2412);
#1995=LINE('',#6151,#2413);
#1996=LINE('',#6153,#2414);
#1997=LINE('',#6156,#2415);
#1998=LINE('',#6158,#2416);
#1999=LINE('',#6160,#2417);
#2000=LINE('',#6162,#2418);
#2001=LINE('',#6163,#2419);
#2002=LINE('',#6165,#2420);
#2003=LINE('',#6166,#2421);
#2004=LINE('',#6168,#2422);
#2005=LINE('',#6171,#2423);
#2006=LINE('',#6173,#2424);
#2007=LINE('',#6175,#2425);
#2008=LINE('',#6177,#2426);
#2009=LINE('',#6179,#2427);
#2010=LINE('',#6180,#2428);
#2011=LINE('',#6181,#2429);
#2012=LINE('',#6183,#2430);
#2013=LINE('',#6185,#2431);
#2014=LINE('',#6187,#2432);
#2015=LINE('',#6190,#2433);
#2016=LINE('',#6192,#2434);
#2017=LINE('',#6194,#2435);
#2018=LINE('',#6196,#2436);
#2019=LINE('',#6199,#2437);
#2020=LINE('',#6201,#2438);
#2021=LINE('',#6203,#2439);
#2022=LINE('',#6205,#2440);
#2023=LINE('',#6208,#2441);
#2024=LINE('',#6210,#2442);
#2025=LINE('',#6212,#2443);
#2026=LINE('',#6216,#2444);
#2027=LINE('',#6218,#2445);
#2028=LINE('',#6220,#2446);
#2029=LINE('',#6224,#2447);
#2030=LINE('',#6226,#2448);
#2031=LINE('',#6228,#2449);
#2032=LINE('',#6230,#2450);
#2033=LINE('',#6234,#2451);
#2034=LINE('',#6236,#2452);
#2035=LINE('',#6238,#2453);
#2036=LINE('',#6242,#2454);
#2037=LINE('',#6244,#2455);
#2038=LINE('',#6246,#2456);
#2039=LINE('',#6250,#2457);
#2040=LINE('',#6252,#2458);
#2041=LINE('',#6254,#2459);
#2042=LINE('',#6256,#2460);
#2043=LINE('',#6260,#2461);
#2044=LINE('',#6262,#2462);
#2045=LINE('',#6264,#2463);
#2046=LINE('',#6268,#2464);
#2047=LINE('',#6270,#2465);
#2048=LINE('',#6272,#2466);
#2049=LINE('',#6274,#2467);
#2050=LINE('',#6278,#2468);
#2051=LINE('',#6280,#2469);
#2052=LINE('',#6282,#2470);
#2053=LINE('',#6286,#2471);
#2054=LINE('',#6288,#2472);
#2055=LINE('',#6290,#2473);
#2056=LINE('',#6293,#2474);
#2057=LINE('',#6296,#2475);
#2058=LINE('',#6298,#2476);
#2059=LINE('',#6300,#2477);
#2060=LINE('',#6304,#2478);
#2061=LINE('',#6308,#2479);
#2062=LINE('',#6310,#2480);
#2063=LINE('',#6312,#2481);
#2064=LINE('',#6318,#2482);
#2065=LINE('',#6320,#2483);
#2066=LINE('',#6322,#2484);
#2067=LINE('',#6324,#2485);
#2068=LINE('',#6326,#2486);
#2069=LINE('',#6329,#2487);
#2070=LINE('',#6330,#2488);
#2071=LINE('',#6332,#2489);
#2072=LINE('',#6335,#2490);
#2073=LINE('',#6336,#2491);
#2074=LINE('',#6338,#2492);
#2075=LINE('',#6340,#2493);
#2076=LINE('',#6342,#2494);
#2077=LINE('',#6344,#2495);
#2078=LINE('',#6346,#2496);
#2079=LINE('',#6349,#2497);
#2080=LINE('',#6350,#2498);
#2081=LINE('',#6352,#2499);
#2082=LINE('',#6354,#2500);
#2083=LINE('',#6356,#2501);
#2084=LINE('',#6358,#2502);
#2085=LINE('',#6361,#2503);
#2086=LINE('',#6362,#2504);
#2087=LINE('',#6364,#2505);
#2088=LINE('',#6365,#2506);
#2089=LINE('',#6367,#2507);
#2090=LINE('',#6370,#2508);
#2091=LINE('',#6371,#2509);
#2092=LINE('',#6373,#2510);
#2093=LINE('',#6375,#2511);
#2094=LINE('',#6377,#2512);
#2095=LINE('',#6379,#2513);
#2096=LINE('',#6380,#2514);
#2097=LINE('',#6385,#2515);
#2098=LINE('',#6387,#2516);
#2099=LINE('',#6389,#2517);
#2100=LINE('',#6391,#2518);
#2101=LINE('',#6394,#2519);
#2102=LINE('',#6396,#2520);
#2103=LINE('',#6398,#2521);
#2104=LINE('',#6400,#2522);
#2105=LINE('',#6402,#2523);
#2106=LINE('',#6404,#2524);
#2107=LINE('',#6406,#2525);
#2108=LINE('',#6408,#2526);
#2109=LINE('',#6410,#2527);
#2110=LINE('',#6412,#2528);
#2111=LINE('',#6414,#2529);
#2112=LINE('',#6416,#2530);
#2113=LINE('',#6418,#2531);
#2114=LINE('',#6420,#2532);
#2115=LINE('',#6422,#2533);
#2116=LINE('',#6424,#2534);
#2117=LINE('',#6426,#2535);
#2118=LINE('',#6428,#2536);
#2119=LINE('',#6430,#2537);
#2120=LINE('',#6431,#2538);
#2121=LINE('',#6433,#2539);
#2122=LINE('',#6435,#2540);
#2123=LINE('',#6436,#2541);
#2124=LINE('',#6438,#2542);
#2125=LINE('',#6440,#2543);
#2126=LINE('',#6442,#2544);
#2127=LINE('',#6444,#2545);
#2128=LINE('',#6445,#2546);
#2129=LINE('',#6450,#2547);
#2130=LINE('',#6451,#2548);
#2131=LINE('',#6453,#2549);
#2132=LINE('',#6455,#2550);
#2133=LINE('',#6457,#2551);
#2134=LINE('',#6459,#2552);
#2135=LINE('',#6461,#2553);
#2136=LINE('',#6464,#2554);
#2137=LINE('',#6466,#2555);
#2138=LINE('',#6469,#2556);
#2139=LINE('',#6471,#2557);
#2140=LINE('',#6472,#2558);
#2141=LINE('',#6474,#2559);
#2142=LINE('',#6476,#2560);
#2143=LINE('',#6478,#2561);
#2144=LINE('',#6480,#2562);
#2145=LINE('',#6482,#2563);
#2146=LINE('',#6484,#2564);
#2147=LINE('',#6486,#2565);
#2148=LINE('',#6488,#2566);
#2149=LINE('',#6490,#2567);
#2150=LINE('',#6491,#2568);
#2151=LINE('',#6492,#2569);
#2152=LINE('',#6494,#2570);
#2153=LINE('',#6495,#2571);
#2154=LINE('',#6497,#2572);
#2155=LINE('',#6501,#2573);
#2156=LINE('',#6503,#2574);
#2157=LINE('',#6505,#2575);
#2158=LINE('',#6506,#2576);
#2159=LINE('',#6509,#2577);
#2160=LINE('',#6511,#2578);
#2161=LINE('',#6514,#2579);
#2162=LINE('',#6516,#2580);
#2163=LINE('',#6518,#2581);
#2164=LINE('',#6521,#2582);
#2165=LINE('',#6523,#2583);
#2166=LINE('',#6525,#2584);
#2167=LINE('',#6527,#2585);
#2168=LINE('',#6529,#2586);
#2169=LINE('',#6531,#2587);
#2170=LINE('',#6533,#2588);
#2171=LINE('',#6535,#2589);
#2172=LINE('',#6537,#2590);
#2173=LINE('',#6540,#2591);
#2174=LINE('',#6543,#2592);
#2175=LINE('',#6546,#2593);
#2176=LINE('',#6549,#2594);
#2177=LINE('',#6567,#2595);
#2178=LINE('',#6568,#2596);
#2179=LINE('',#6570,#2597);
#2180=LINE('',#6572,#2598);
#2181=LINE('',#6574,#2599);
#2182=LINE('',#6575,#2600);
#2183=LINE('',#6577,#2601);
#2184=LINE('',#6579,#2602);
#2185=LINE('',#6584,#2603);
#2186=LINE('',#6586,#2604);
#2187=LINE('',#6588,#2605);
#2188=LINE('',#6590,#2606);
#2189=LINE('',#6592,#2607);
#2190=LINE('',#6594,#2608);
#2191=LINE('',#6596,#2609);
#2192=LINE('',#6600,#2610);
#2193=LINE('',#6602,#2611);
#2194=LINE('',#6604,#2612);
#2195=LINE('',#6606,#2613);
#2196=LINE('',#6608,#2614);
#2197=LINE('',#6610,#2615);
#2198=LINE('',#6612,#2616);
#2199=LINE('',#6616,#2617);
#2200=LINE('',#6618,#2618);
#2201=LINE('',#6620,#2619);
#2202=LINE('',#6622,#2620);
#2203=LINE('',#6624,#2621);
#2204=LINE('',#6626,#2622);
#2205=LINE('',#6628,#2623);
#2206=LINE('',#6630,#2624);
#2207=LINE('',#6632,#2625);
#2208=LINE('',#6636,#2626);
#2209=LINE('',#6638,#2627);
#2210=LINE('',#6640,#2628);
#2211=LINE('',#6642,#2629);
#2212=LINE('',#6644,#2630);
#2213=LINE('',#6646,#2631);
#2214=LINE('',#6648,#2632);
#2215=LINE('',#6652,#2633);
#2216=LINE('',#6654,#2634);
#2217=LINE('',#6656,#2635);
#2218=LINE('',#6658,#2636);
#2219=LINE('',#6660,#2637);
#2220=LINE('',#6662,#2638);
#2221=LINE('',#6664,#2639);
#2222=LINE('',#6668,#2640);
#2223=LINE('',#6670,#2641);
#2224=LINE('',#6672,#2642);
#2225=LINE('',#6674,#2643);
#2226=LINE('',#6676,#2644);
#2227=LINE('',#6678,#2645);
#2228=LINE('',#6680,#2646);
#2229=LINE('',#6682,#2647);
#2230=LINE('',#6684,#2648);
#2231=LINE('',#6688,#2649);
#2232=LINE('',#6690,#2650);
#2233=LINE('',#6692,#2651);
#2234=LINE('',#6694,#2652);
#2235=LINE('',#6696,#2653);
#2236=LINE('',#6698,#2654);
#2237=LINE('',#6700,#2655);
#2238=LINE('',#6704,#2656);
#2239=LINE('',#6706,#2657);
#2240=LINE('',#6708,#2658);
#2241=LINE('',#6710,#2659);
#2242=LINE('',#6712,#2660);
#2243=LINE('',#6714,#2661);
#2244=LINE('',#6716,#2662);
#2245=LINE('',#6718,#2663);
#2246=LINE('',#6720,#2664);
#2247=LINE('',#6724,#2665);
#2248=LINE('',#6726,#2666);
#2249=LINE('',#6728,#2667);
#2250=LINE('',#6730,#2668);
#2251=LINE('',#6732,#2669);
#2252=LINE('',#6734,#2670);
#2253=LINE('',#6736,#2671);
#2254=LINE('',#6740,#2672);
#2255=LINE('',#6742,#2673);
#2256=LINE('',#6744,#2674);
#2257=LINE('',#6746,#2675);
#2258=LINE('',#6748,#2676);
#2259=LINE('',#6750,#2677);
#2260=LINE('',#6752,#2678);
#2261=LINE('',#6756,#2679);
#2262=LINE('',#6758,#2680);
#2263=LINE('',#6785,#2681);
#2264=LINE('',#6787,#2682);
#2265=LINE('',#6789,#2683);
#2266=LINE('',#6795,#2684);
#2267=LINE('',#6799,#2685);
#2268=LINE('',#6803,#2686);
#2269=LINE('',#6807,#2687);
#2270=LINE('',#6809,#2688);
#2271=LINE('',#6811,#2689);
#2272=LINE('',#6815,#2690);
#2273=LINE('',#6823,#2691);
#2274=LINE('',#6825,#2692);
#2275=VECTOR('',#4957,1000.);
#2276=VECTOR('',#4958,1000.);
#2277=VECTOR('',#4959,1000.);
#2278=VECTOR('',#4960,1000.);
#2279=VECTOR('',#4963,1000.);
#2280=VECTOR('',#4964,1000.);
#2281=VECTOR('',#4965,1000.);
#2282=VECTOR('',#4966,1000.);
#2283=VECTOR('',#4969,1000.);
#2284=VECTOR('',#4970,1000.);
#2285=VECTOR('',#4971,1000.);
#2286=VECTOR('',#4974,1000.);
#2287=VECTOR('',#4975,1000.);
#2288=VECTOR('',#4976,1000.);
#2289=VECTOR('',#4979,1000.);
#2290=VECTOR('',#4980,1000.);
#2291=VECTOR('',#4981,1000.);
#2292=VECTOR('',#4984,1000.);
#2293=VECTOR('',#4985,1000.);
#2294=VECTOR('',#4986,1000.);
#2295=VECTOR('',#4989,1000.);
#2296=VECTOR('',#4990,1000.);
#2297=VECTOR('',#4993,1000.);
#2298=VECTOR('',#4994,1000.);
#2299=VECTOR('',#4995,1000.);
#2300=VECTOR('',#4998,1000.);
#2301=VECTOR('',#4999,1000.);
#2302=VECTOR('',#5000,1000.);
#2303=VECTOR('',#5001,1000.);
#2304=VECTOR('',#5002,1000.);
#2305=VECTOR('',#5003,1000.);
#2306=VECTOR('',#5004,1000.);
#2307=VECTOR('',#5005,1000.);
#2308=VECTOR('',#5006,1000.);
#2309=VECTOR('',#5007,1000.);
#2310=VECTOR('',#5008,1000.);
#2311=VECTOR('',#5009,1000.);
#2312=VECTOR('',#5010,1000.);
#2313=VECTOR('',#5011,1000.);
#2314=VECTOR('',#5012,1000.);
#2315=VECTOR('',#5015,1000.);
#2316=VECTOR('',#5016,1000.);
#2317=VECTOR('',#5017,1000.);
#2318=VECTOR('',#5018,1000.);
#2319=VECTOR('',#5021,1000.);
#2320=VECTOR('',#5022,1000.);
#2321=VECTOR('',#5023,1000.);
#2322=VECTOR('',#5026,1000.);
#2323=VECTOR('',#5027,1000.);
#2324=VECTOR('',#5028,1000.);
#2325=VECTOR('',#5031,1000.);
#2326=VECTOR('',#5032,1000.);
#2327=VECTOR('',#5033,1000.);
#2328=VECTOR('',#5036,1000.);
#2329=VECTOR('',#5037,1000.);
#2330=VECTOR('',#5038,1000.);
#2331=VECTOR('',#5039,1000.);
#2332=VECTOR('',#5040,1000.);
#2333=VECTOR('',#5041,1000.);
#2334=VECTOR('',#5044,1000.);
#2335=VECTOR('',#5045,1000.);
#2336=VECTOR('',#5046,1000.);
#2337=VECTOR('',#5049,1000.);
#2338=VECTOR('',#5050,1000.);
#2339=VECTOR('',#5051,1000.);
#2340=VECTOR('',#5054,1000.);
#2341=VECTOR('',#5055,1000.);
#2342=VECTOR('',#5056,1000.);
#2343=VECTOR('',#5057,1000.);
#2344=VECTOR('',#5058,1000.);
#2345=VECTOR('',#5059,1000.);
#2346=VECTOR('',#5060,1000.);
#2347=VECTOR('',#5061,1000.);
#2348=VECTOR('',#5062,1000.);
#2349=VECTOR('',#5063,1000.);
#2350=VECTOR('',#5064,1000.);
#2351=VECTOR('',#5065,1000.);
#2352=VECTOR('',#5068,1000.);
#2353=VECTOR('',#5069,1000.);
#2354=VECTOR('',#5070,1000.);
#2355=VECTOR('',#5071,1000.);
#2356=VECTOR('',#5072,1000.);
#2357=VECTOR('',#5073,1000.);
#2358=VECTOR('',#5074,1000.);
#2359=VECTOR('',#5075,1000.);
#2360=VECTOR('',#5076,1000.);
#2361=VECTOR('',#5077,1000.);
#2362=VECTOR('',#5078,1000.);
#2363=VECTOR('',#5079,1000.);
#2364=VECTOR('',#5082,1000.);
#2365=VECTOR('',#5083,1000.);
#2366=VECTOR('',#5084,1000.);
#2367=VECTOR('',#5085,1000.);
#2368=VECTOR('',#5086,1000.);
#2369=VECTOR('',#5087,1000.);
#2370=VECTOR('',#5088,1000.);
#2371=VECTOR('',#5089,1000.);
#2372=VECTOR('',#5090,1000.);
#2373=VECTOR('',#5091,1000.);
#2374=VECTOR('',#5094,1000.);
#2375=VECTOR('',#5095,1000.);
#2376=VECTOR('',#5096,1000.);
#2377=VECTOR('',#5097,1000.);
#2378=VECTOR('',#5098,1000.);
#2379=VECTOR('',#5099,1000.);
#2380=VECTOR('',#5100,1000.);
#2381=VECTOR('',#5101,1000.);
#2382=VECTOR('',#5102,1000.);
#2383=VECTOR('',#5103,1000.);
#2384=VECTOR('',#5122,1000.);
#2385=VECTOR('',#5123,1000.);
#2386=VECTOR('',#5124,1000.);
#2387=VECTOR('',#5125,1000.);
#2388=VECTOR('',#5128,1000.);
#2389=VECTOR('',#5129,1000.);
#2390=VECTOR('',#5130,1000.);
#2391=VECTOR('',#5131,1000.);
#2392=VECTOR('',#5132,1000.);
#2393=VECTOR('',#5133,1000.);
#2394=VECTOR('',#5134,1000.);
#2395=VECTOR('',#5135,1000.);
#2396=VECTOR('',#5138,1000.);
#2397=VECTOR('',#5139,1000.);
#2398=VECTOR('',#5140,1000.);
#2399=VECTOR('',#5141,1000.);
#2400=VECTOR('',#5142,1000.);
#2401=VECTOR('',#5143,1000.);
#2402=VECTOR('',#5144,1000.);
#2403=VECTOR('',#5145,1000.);
#2404=VECTOR('',#5146,1000.);
#2405=VECTOR('',#5147,1000.);
#2406=VECTOR('',#5148,1000.);
#2407=VECTOR('',#5149,1000.);
#2408=VECTOR('',#5150,1000.);
#2409=VECTOR('',#5151,1000.);
#2410=VECTOR('',#5154,1000.);
#2411=VECTOR('',#5155,1000.);
#2412=VECTOR('',#5156,1000.);
#2413=VECTOR('',#5157,1000.);
#2414=VECTOR('',#5160,1000.);
#2415=VECTOR('',#5161,1000.);
#2416=VECTOR('',#5162,1000.);
#2417=VECTOR('',#5163,1000.);
#2418=VECTOR('',#5166,1000.);
#2419=VECTOR('',#5167,1000.);
#2420=VECTOR('',#5170,1000.);
#2421=VECTOR('',#5171,1000.);
#2422=VECTOR('',#5174,1000.);
#2423=VECTOR('',#5175,1000.);
#2424=VECTOR('',#5176,1000.);
#2425=VECTOR('',#5177,1000.);
#2426=VECTOR('',#5178,1000.);
#2427=VECTOR('',#5179,1000.);
#2428=VECTOR('',#5180,1000.);
#2429=VECTOR('',#5181,1000.);
#2430=VECTOR('',#5182,1000.);
#2431=VECTOR('',#5183,1000.);
#2432=VECTOR('',#5186,1000.);
#2433=VECTOR('',#5187,1000.);
#2434=VECTOR('',#5188,1000.);
#2435=VECTOR('',#5189,1000.);
#2436=VECTOR('',#5192,1000.);
#2437=VECTOR('',#5193,1000.);
#2438=VECTOR('',#5194,1000.);
#2439=VECTOR('',#5195,1000.);
#2440=VECTOR('',#5198,1000.);
#2441=VECTOR('',#5199,1000.);
#2442=VECTOR('',#5200,1000.);
#2443=VECTOR('',#5201,1000.);
#2444=VECTOR('',#5204,1000.);
#2445=VECTOR('',#5205,1000.);
#2446=VECTOR('',#5206,1000.);
#2447=VECTOR('',#5209,1000.);
#2448=VECTOR('',#5210,1000.);
#2449=VECTOR('',#5211,1000.);
#2450=VECTOR('',#5212,1000.);
#2451=VECTOR('',#5215,1000.);
#2452=VECTOR('',#5216,1000.);
#2453=VECTOR('',#5217,1000.);
#2454=VECTOR('',#5220,1000.);
#2455=VECTOR('',#5221,1000.);
#2456=VECTOR('',#5222,1000.);
#2457=VECTOR('',#5225,1000.);
#2458=VECTOR('',#5226,1000.);
#2459=VECTOR('',#5227,1000.);
#2460=VECTOR('',#5228,1000.);
#2461=VECTOR('',#5231,1000.);
#2462=VECTOR('',#5232,1000.);
#2463=VECTOR('',#5233,1000.);
#2464=VECTOR('',#5236,1000.);
#2465=VECTOR('',#5237,1000.);
#2466=VECTOR('',#5238,1000.);
#2467=VECTOR('',#5239,1000.);
#2468=VECTOR('',#5242,1000.);
#2469=VECTOR('',#5243,1000.);
#2470=VECTOR('',#5244,1000.);
#2471=VECTOR('',#5247,1000.);
#2472=VECTOR('',#5248,1000.);
#2473=VECTOR('',#5249,1000.);
#2474=VECTOR('',#5252,1000.);
#2475=VECTOR('',#5253,1000.);
#2476=VECTOR('',#5254,1000.);
#2477=VECTOR('',#5255,1000.);
#2478=VECTOR('',#5260,1000.);
#2479=VECTOR('',#5265,1000.);
#2480=VECTOR('',#5266,1000.);
#2481=VECTOR('',#5267,1000.);
#2482=VECTOR('',#5274,1000.);
#2483=VECTOR('',#5277,1000.);
#2484=VECTOR('',#5278,1000.);
#2485=VECTOR('',#5279,1000.);
#2486=VECTOR('',#5282,1000.);
#2487=VECTOR('',#5283,1000.);
#2488=VECTOR('',#5284,1000.);
#2489=VECTOR('',#5287,1000.);
#2490=VECTOR('',#5288,1000.);
#2491=VECTOR('',#5289,1000.);
#2492=VECTOR('',#5292,1000.);
#2493=VECTOR('',#5293,1000.);
#2494=VECTOR('',#5294,1000.);
#2495=VECTOR('',#5295,1000.);
#2496=VECTOR('',#5298,1000.);
#2497=VECTOR('',#5299,1000.);
#2498=VECTOR('',#5300,1000.);
#2499=VECTOR('',#5303,1000.);
#2500=VECTOR('',#5304,1000.);
#2501=VECTOR('',#5305,1000.);
#2502=VECTOR('',#5308,1000.);
#2503=VECTOR('',#5309,1000.);
#2504=VECTOR('',#5310,1000.);
#2505=VECTOR('',#5313,1000.);
#2506=VECTOR('',#5314,1000.);
#2507=VECTOR('',#5317,1000.);
#2508=VECTOR('',#5318,1000.);
#2509=VECTOR('',#5319,1000.);
#2510=VECTOR('',#5320,1000.);
#2511=VECTOR('',#5321,1000.);
#2512=VECTOR('',#5322,1000.);
#2513=VECTOR('',#5325,1000.);
#2514=VECTOR('',#5326,1000.);
#2515=VECTOR('',#5335,1000.);
#2516=VECTOR('',#5336,1000.);
#2517=VECTOR('',#5337,1000.);
#2518=VECTOR('',#5340,1000.);
#2519=VECTOR('',#5341,1000.);
#2520=VECTOR('',#5342,1000.);
#2521=VECTOR('',#5343,1000.);
#2522=VECTOR('',#5344,1000.);
#2523=VECTOR('',#5345,1000.);
#2524=VECTOR('',#5346,1000.);
#2525=VECTOR('',#5347,1000.);
#2526=VECTOR('',#5348,1000.);
#2527=VECTOR('',#5349,1000.);
#2528=VECTOR('',#5352,1000.);
#2529=VECTOR('',#5353,1000.);
#2530=VECTOR('',#5354,1000.);
#2531=VECTOR('',#5357,1000.);
#2532=VECTOR('',#5358,1000.);
#2533=VECTOR('',#5359,1000.);
#2534=VECTOR('',#5362,1000.);
#2535=VECTOR('',#5363,1000.);
#2536=VECTOR('',#5364,1000.);
#2537=VECTOR('',#5367,1000.);
#2538=VECTOR('',#5368,1000.);
#2539=VECTOR('',#5369,1000.);
#2540=VECTOR('',#5372,1000.);
#2541=VECTOR('',#5373,1000.);
#2542=VECTOR('',#5376,1000.);
#2543=VECTOR('',#5377,1000.);
#2544=VECTOR('',#5378,1000.);
#2545=VECTOR('',#5381,1000.);
#2546=VECTOR('',#5382,1000.);
#2547=VECTOR('',#5391,1000.);
#2548=VECTOR('',#5392,1000.);
#2549=VECTOR('',#5395,1000.);
#2550=VECTOR('',#5398,1000.);
#2551=VECTOR('',#5399,1000.);
#2552=VECTOR('',#5400,1000.);
#2553=VECTOR('',#5403,1000.);
#2554=VECTOR('',#5408,1000.);
#2555=VECTOR('',#5411,1000.);
#2556=VECTOR('',#5412,1000.);
#2557=VECTOR('',#5413,1000.);
#2558=VECTOR('',#5414,1000.);
#2559=VECTOR('',#5415,1000.);
#2560=VECTOR('',#5416,1000.);
#2561=VECTOR('',#5417,1000.);
#2562=VECTOR('',#5420,1000.);
#2563=VECTOR('',#5421,1000.);
#2564=VECTOR('',#5422,1000.);
#2565=VECTOR('',#5425,1000.);
#2566=VECTOR('',#5426,1000.);
#2567=VECTOR('',#5429,1000.);
#2568=VECTOR('',#5430,1000.);
#2569=VECTOR('',#5431,1000.);
#2570=VECTOR('',#5434,1000.);
#2571=VECTOR('',#5435,1000.);
#2572=VECTOR('',#5438,1000.);
#2573=VECTOR('',#5445,1000.);
#2574=VECTOR('',#5446,1000.);
#2575=VECTOR('',#5449,1000.);
#2576=VECTOR('',#5450,1000.);
#2577=VECTOR('',#5455,1000.);
#2578=VECTOR('',#5458,1000.);
#2579=VECTOR('',#5463,1000.);
#2580=VECTOR('',#5464,1000.);
#2581=VECTOR('',#5467,1000.);
#2582=VECTOR('',#5472,1000.);
#2583=VECTOR('',#5473,1000.);
#2584=VECTOR('',#5476,1000.);
#2585=VECTOR('',#5479,1000.);
#2586=VECTOR('',#5482,1000.);
#2587=VECTOR('',#5485,1000.);
#2588=VECTOR('',#5488,1000.);
#2589=VECTOR('',#5491,1000.);
#2590=VECTOR('',#5494,1000.);
#2591=VECTOR('',#5499,1000.);
#2592=VECTOR('',#5504,1000.);
#2593=VECTOR('',#5509,1000.);
#2594=VECTOR('',#5514,1000.);
#2595=VECTOR('',#5549,1000.);
#2596=VECTOR('',#5550,1000.);
#2597=VECTOR('',#5553,1000.);
#2598=VECTOR('',#5556,1000.);
#2599=VECTOR('',#5559,1000.);
#2600=VECTOR('',#5560,1000.);
#2601=VECTOR('',#5563,1000.);
#2602=VECTOR('',#5566,1000.);
#2603=VECTOR('',#5575,1000.);
#2604=VECTOR('',#5576,1000.);
#2605=VECTOR('',#5577,1000.);
#2606=VECTOR('',#5580,1000.);
#2607=VECTOR('',#5581,1000.);
#2608=VECTOR('',#5584,1000.);
#2609=VECTOR('',#5585,1000.);
#2610=VECTOR('',#5590,1000.);
#2611=VECTOR('',#5593,1000.);
#2612=VECTOR('',#5594,1000.);
#2613=VECTOR('',#5597,1000.);
#2614=VECTOR('',#5598,1000.);
#2615=VECTOR('',#5601,1000.);
#2616=VECTOR('',#5602,1000.);
#2617=VECTOR('',#5607,1000.);
#2618=VECTOR('',#5610,1000.);
#2619=VECTOR('',#5611,1000.);
#2620=VECTOR('',#5614,1000.);
#2621=VECTOR('',#5615,1000.);
#2622=VECTOR('',#5618,1000.);
#2623=VECTOR('',#5619,1000.);
#2624=VECTOR('',#5622,1000.);
#2625=VECTOR('',#5623,1000.);
#2626=VECTOR('',#5628,1000.);
#2627=VECTOR('',#5631,1000.);
#2628=VECTOR('',#5632,1000.);
#2629=VECTOR('',#5635,1000.);
#2630=VECTOR('',#5636,1000.);
#2631=VECTOR('',#5639,1000.);
#2632=VECTOR('',#5640,1000.);
#2633=VECTOR('',#5645,1000.);
#2634=VECTOR('',#5648,1000.);
#2635=VECTOR('',#5649,1000.);
#2636=VECTOR('',#5652,1000.);
#2637=VECTOR('',#5653,1000.);
#2638=VECTOR('',#5656,1000.);
#2639=VECTOR('',#5657,1000.);
#2640=VECTOR('',#5662,1000.);
#2641=VECTOR('',#5665,1000.);
#2642=VECTOR('',#5666,1000.);
#2643=VECTOR('',#5669,1000.);
#2644=VECTOR('',#5670,1000.);
#2645=VECTOR('',#5673,1000.);
#2646=VECTOR('',#5674,1000.);
#2647=VECTOR('',#5677,1000.);
#2648=VECTOR('',#5678,1000.);
#2649=VECTOR('',#5683,1000.);
#2650=VECTOR('',#5686,1000.);
#2651=VECTOR('',#5687,1000.);
#2652=VECTOR('',#5690,1000.);
#2653=VECTOR('',#5691,1000.);
#2654=VECTOR('',#5694,1000.);
#2655=VECTOR('',#5695,1000.);
#2656=VECTOR('',#5700,1000.);
#2657=VECTOR('',#5703,1000.);
#2658=VECTOR('',#5704,1000.);
#2659=VECTOR('',#5707,1000.);
#2660=VECTOR('',#5708,1000.);
#2661=VECTOR('',#5711,1000.);
#2662=VECTOR('',#5712,1000.);
#2663=VECTOR('',#5715,1000.);
#2664=VECTOR('',#5716,1000.);
#2665=VECTOR('',#5721,1000.);
#2666=VECTOR('',#5724,1000.);
#2667=VECTOR('',#5725,1000.);
#2668=VECTOR('',#5728,1000.);
#2669=VECTOR('',#5729,1000.);
#2670=VECTOR('',#5732,1000.);
#2671=VECTOR('',#5733,1000.);
#2672=VECTOR('',#5738,1000.);
#2673=VECTOR('',#5741,1000.);
#2674=VECTOR('',#5742,1000.);
#2675=VECTOR('',#5745,1000.);
#2676=VECTOR('',#5746,1000.);
#2677=VECTOR('',#5749,1000.);
#2678=VECTOR('',#5750,1000.);
#2679=VECTOR('',#5755,1000.);
#2680=VECTOR('',#5758,1000.);
#2681=VECTOR('',#5811,1000.);
#2682=VECTOR('',#5812,1000.);
#2683=VECTOR('',#5813,1000.);
#2684=VECTOR('',#5820,1000.);
#2685=VECTOR('',#5825,1000.);
#2686=VECTOR('',#5830,1000.);
#2687=VECTOR('',#5837,1000.);
#2688=VECTOR('',#5838,1000.);
#2689=VECTOR('',#5839,1000.);
#2690=VECTOR('',#5844,1000.);
#2691=VECTOR('',#5853,1000.);
#2692=VECTOR('',#5856,1000.);
#2693=EDGE_LOOP('',(#119,#120,#121,#122));
#2694=EDGE_LOOP('',(#123,#124,#125,#126));
#2695=EDGE_LOOP('',(#127,#128,#129,#130));
#2696=EDGE_LOOP('',(#131,#132,#133,#134));
#2697=EDGE_LOOP('',(#135,#136,#137,#138));
#2698=EDGE_LOOP('',(#139,#140,#141,#142));
#2699=EDGE_LOOP('',(#143,#144,#145,#146));
#2700=EDGE_LOOP('',(#147,#148,#149,#150));
#2701=EDGE_LOOP('',(#151,#152,#153,#154));
#2702=EDGE_LOOP('',(#155,#156,#157,#158,#159,#160,#161,#162,#163,#164,#165,
#166));
#2703=EDGE_LOOP('',(#167,#168,#169,#170));
#2704=EDGE_LOOP('',(#171,#172,#173,#174));
#2705=EDGE_LOOP('',(#175,#176,#177,#178));
#2706=EDGE_LOOP('',(#179,#180,#181,#182));
#2707=EDGE_LOOP('',(#183,#184,#185,#186,#187,#188,#189));
#2708=EDGE_LOOP('',(#190,#191,#192,#193));
#2709=EDGE_LOOP('',(#194,#195,#196,#197));
#2710=EDGE_LOOP('',(#198,#199,#200,#201,#202,#203,#204,#205,#206,#207,#208,
#209));
#2711=EDGE_LOOP('',(#210,#211,#212,#213,#214,#215,#216,#217,#218,#219,#220,
#221));
#2712=EDGE_LOOP('',(#222,#223,#224,#225,#226,#227,#228,#229,#230,#231,#232,
#233));
#2713=EDGE_LOOP('',(#234,#235,#236,#237,#238,#239,#240,#241,#242,#243,#244,
#245));
#2714=EDGE_LOOP('',(#246,#247,#248,#249,#250,#251,#252,#253,#254,#255,#256,
#257,#258,#259,#260,#261,#262,#263,#264,#265));
#2715=EDGE_LOOP('',(#266,#267,#268,#269));
#2716=EDGE_LOOP('',(#270,#271,#272,#273));
#2717=EDGE_LOOP('',(#274,#275,#276,#277));
#2718=EDGE_LOOP('',(#278,#279,#280,#281,#282,#283,#284,#285,#286,#287,#288,
#289));
#2719=EDGE_LOOP('',(#290,#291,#292,#293));
#2720=EDGE_LOOP('',(#294,#295,#296,#297));
#2721=EDGE_LOOP('',(#298,#299,#300,#301));
#2722=EDGE_LOOP('',(#302,#303,#304,#305));
#2723=EDGE_LOOP('',(#306,#307,#308,#309));
#2724=EDGE_LOOP('',(#310,#311,#312,#313,#314,#315,#316,#317,#318,#319,#320,
#321));
#2725=EDGE_LOOP('',(#322,#323,#324,#325));
#2726=EDGE_LOOP('',(#326,#327,#328,#329));
#2727=EDGE_LOOP('',(#330,#331,#332,#333,#334,#335,#336,#337,#338,#339,#340,
#341,#342,#343,#344,#345,#346,#347,#348,#349,#350,#351,#352,#353,#354,#355,
#356,#357,#358,#359,#360,#361,#362,#363,#364,#365,#366,#367,#368,#369,#370,
#371,#372,#373));
#2728=EDGE_LOOP('',(#374,#375,#376,#377));
#2729=EDGE_LOOP('',(#378,#379,#380,#381));
#2730=EDGE_LOOP('',(#382,#383,#384,#385));
#2731=EDGE_LOOP('',(#386,#387,#388,#389));
#2732=EDGE_LOOP('',(#390,#391,#392,#393));
#2733=EDGE_LOOP('',(#394,#395,#396,#397));
#2734=EDGE_LOOP('',(#398,#399,#400,#401));
#2735=EDGE_LOOP('',(#402,#403,#404,#405));
#2736=EDGE_LOOP('',(#406,#407,#408,#409));
#2737=EDGE_LOOP('',(#410,#411,#412,#413));
#2738=EDGE_LOOP('',(#414,#415,#416,#417));
#2739=EDGE_LOOP('',(#418,#419,#420,#421));
#2740=EDGE_LOOP('',(#422,#423,#424,#425,#426,#427,#428));
#2741=EDGE_LOOP('',(#429,#430,#431,#432));
#2742=EDGE_LOOP('',(#433,#434,#435,#436));
#2743=EDGE_LOOP('',(#437,#438,#439,#440));
#2744=EDGE_LOOP('',(#441,#442,#443,#444,#445,#446,#447,#448,#449,#450));
#2745=EDGE_LOOP('',(#451,#452,#453,#454));
#2746=EDGE_LOOP('',(#455,#456,#457,#458));
#2747=EDGE_LOOP('',(#459,#460,#461,#462));
#2748=EDGE_LOOP('',(#463,#464,#465,#466));
#2749=EDGE_LOOP('',(#467,#468,#469,#470));
#2750=EDGE_LOOP('',(#471,#472,#473,#474));
#2751=EDGE_LOOP('',(#475,#476,#477,#478));
#2752=EDGE_LOOP('',(#479,#480,#481,#482));
#2753=EDGE_LOOP('',(#483,#484,#485,#486));
#2754=EDGE_LOOP('',(#487,#488,#489,#490));
#2755=EDGE_LOOP('',(#491,#492,#493,#494));
#2756=EDGE_LOOP('',(#495,#496,#497,#498));
#2757=EDGE_LOOP('',(#499,#500,#501,#502));
#2758=EDGE_LOOP('',(#503,#504,#505,#506));
#2759=EDGE_LOOP('',(#507,#508,#509,#510,#511,#512,#513,#514,#515,#516));
#2760=EDGE_LOOP('',(#517,#518,#519,#520));
#2761=EDGE_LOOP('',(#521,#522,#523,#524));
#2762=EDGE_LOOP('',(#525,#526,#527,#528));
#2763=EDGE_LOOP('',(#529,#530,#531,#532));
#2764=EDGE_LOOP('',(#533,#534,#535,#536));
#2765=EDGE_LOOP('',(#537,#538,#539,#540));
#2766=EDGE_LOOP('',(#541,#542,#543,#544));
#2767=EDGE_LOOP('',(#545,#546,#547,#548));
#2768=EDGE_LOOP('',(#549,#550,#551,#552));
#2769=EDGE_LOOP('',(#553,#554,#555,#556));
#2770=EDGE_LOOP('',(#557,#558,#559,#560));
#2771=EDGE_LOOP('',(#561,#562,#563,#564));
#2772=EDGE_LOOP('',(#565,#566,#567,#568));
#2773=EDGE_LOOP('',(#569,#570,#571,#572));
#2774=EDGE_LOOP('',(#573,#574,#575,#576));
#2775=EDGE_LOOP('',(#577,#578,#579,#580));
#2776=EDGE_LOOP('',(#581,#582,#583,#584));
#2777=EDGE_LOOP('',(#585,#586,#587,#588));
#2778=EDGE_LOOP('',(#589,#590,#591,#592));
#2779=EDGE_LOOP('',(#593,#594,#595,#596));
#2780=EDGE_LOOP('',(#597,#598,#599,#600));
#2781=EDGE_LOOP('',(#601,#602,#603,#604,#605,#606,#607,#608,#609,#610));
#2782=EDGE_LOOP('',(#611,#612,#613,#614));
#2783=EDGE_LOOP('',(#615,#616,#617,#618));
#2784=EDGE_LOOP('',(#619,#620,#621,#622));
#2785=EDGE_LOOP('',(#623,#624,#625,#626));
#2786=EDGE_LOOP('',(#627,#628,#629,#630));
#2787=EDGE_LOOP('',(#631,#632,#633,#634));
#2788=EDGE_LOOP('',(#635,#636,#637,#638));
#2789=EDGE_LOOP('',(#639,#640,#641,#642));
#2790=EDGE_LOOP('',(#643,#644,#645,#646));
#2791=EDGE_LOOP('',(#647,#648,#649,#650));
#2792=EDGE_LOOP('',(#651,#652,#653,#654));
#2793=EDGE_LOOP('',(#655,#656,#657,#658));
#2794=EDGE_LOOP('',(#659,#660,#661,#662));
#2795=EDGE_LOOP('',(#663,#664,#665,#666));
#2796=EDGE_LOOP('',(#667,#668,#669,#670));
#2797=EDGE_LOOP('',(#671,#672,#673,#674));
#2798=EDGE_LOOP('',(#675,#676,#677,#678));
#2799=EDGE_LOOP('',(#679,#680,#681,#682));
#2800=EDGE_LOOP('',(#683,#684,#685,#686));
#2801=EDGE_LOOP('',(#687,#688,#689,#690));
#2802=EDGE_LOOP('',(#691,#692,#693,#694));
#2803=EDGE_LOOP('',(#695,#696,#697,#698));
#2804=EDGE_LOOP('',(#699,#700,#701,#702));
#2805=EDGE_LOOP('',(#703,#704,#705,#706));
#2806=EDGE_LOOP('',(#707,#708,#709,#710));
#2807=EDGE_LOOP('',(#711,#712,#713,#714));
#2808=EDGE_LOOP('',(#715,#716,#717,#718));
#2809=EDGE_LOOP('',(#719,#720,#721,#722));
#2810=EDGE_LOOP('',(#723,#724,#725,#726));
#2811=EDGE_LOOP('',(#727,#728,#729,#730));
#2812=EDGE_LOOP('',(#731,#732,#733,#734));
#2813=EDGE_LOOP('',(#735,#736,#737,#738));
#2814=EDGE_LOOP('',(#739,#740,#741,#742));
#2815=EDGE_LOOP('',(#743,#744,#745,#746));
#2816=EDGE_LOOP('',(#747,#748,#749,#750));
#2817=EDGE_LOOP('',(#751,#752,#753,#754));
#2818=EDGE_LOOP('',(#755,#756,#757,#758));
#2819=EDGE_LOOP('',(#759,#760,#761,#762));
#2820=EDGE_LOOP('',(#763,#764,#765,#766));
#2821=EDGE_LOOP('',(#767,#768,#769,#770));
#2822=EDGE_LOOP('',(#771,#772,#773,#774));
#2823=EDGE_LOOP('',(#775,#776,#777,#778));
#2824=EDGE_LOOP('',(#779,#780,#781,#782));
#2825=EDGE_LOOP('',(#783,#784,#785,#786));
#2826=EDGE_LOOP('',(#787,#788,#789,#790));
#2827=EDGE_LOOP('',(#791,#792,#793,#794));
#2828=EDGE_LOOP('',(#795,#796,#797,#798));
#2829=EDGE_LOOP('',(#799,#800,#801,#802));
#2830=EDGE_LOOP('',(#803,#804,#805,#806));
#2831=EDGE_LOOP('',(#807,#808,#809,#810));
#2832=EDGE_LOOP('',(#811,#812,#813,#814));
#2833=EDGE_LOOP('',(#815,#816,#817,#818));
#2834=EDGE_LOOP('',(#819,#820,#821,#822));
#2835=EDGE_LOOP('',(#823,#824,#825,#826));
#2836=EDGE_LOOP('',(#827,#828,#829,#830));
#2837=EDGE_LOOP('',(#831,#832,#833,#834));
#2838=EDGE_LOOP('',(#835,#836,#837,#838));
#2839=EDGE_LOOP('',(#839,#840,#841,#842));
#2840=EDGE_LOOP('',(#843,#844,#845,#846));
#2841=EDGE_LOOP('',(#847,#848,#849,#850));
#2842=EDGE_LOOP('',(#851,#852,#853,#854));
#2843=EDGE_LOOP('',(#855,#856,#857,#858));
#2844=EDGE_LOOP('',(#859,#860,#861,#862));
#2845=EDGE_LOOP('',(#863,#864,#865,#866));
#2846=EDGE_LOOP('',(#867,#868,#869,#870));
#2847=EDGE_LOOP('',(#871,#872,#873,#874));
#2848=EDGE_LOOP('',(#875,#876,#877,#878));
#2849=EDGE_LOOP('',(#879,#880,#881,#882));
#2850=EDGE_LOOP('',(#883,#884,#885,#886));
#2851=EDGE_LOOP('',(#887,#888,#889,#890));
#2852=EDGE_LOOP('',(#891,#892,#893,#894));
#2853=EDGE_LOOP('',(#895,#896,#897,#898));
#2854=EDGE_LOOP('',(#899,#900,#901,#902,#903,#904,#905,#906,#907,#908,#909,
#910,#911,#912,#913,#914,#915,#916,#917,#918,#919,#920,#921,#922,#923,#924,
#925,#926,#927,#928,#929,#930,#931,#932,#933,#934,#935,#936,#937,#938,#939,
#940,#941,#942));
#2855=EDGE_LOOP('',(#943,#944,#945,#946));
#2856=EDGE_LOOP('',(#947,#948));
#2857=EDGE_LOOP('',(#949,#950,#951,#952));
#2858=EDGE_LOOP('',(#953,#954));
#2859=EDGE_LOOP('',(#955,#956,#957,#958));
#2860=EDGE_LOOP('',(#959,#960));
#2861=EDGE_LOOP('',(#961,#962));
#2862=EDGE_LOOP('',(#963,#964,#965,#966));
#2863=EDGE_LOOP('',(#967,#968,#969,#970));
#2864=EDGE_LOOP('',(#971,#972));
#2865=EDGE_LOOP('',(#973,#974,#975,#976));
#2866=EDGE_LOOP('',(#977,#978));
#2867=EDGE_LOOP('',(#979,#980));
#2868=EDGE_LOOP('',(#981,#982,#983,#984));
#2869=EDGE_LOOP('',(#985,#986));
#2870=EDGE_LOOP('',(#987,#988,#989,#990));
#2871=EDGE_LOOP('',(#991,#992,#993,#994));
#2872=EDGE_LOOP('',(#995));
#2873=EDGE_LOOP('',(#996,#997,#998,#999,#1000,#1001,#1002,#1003,#1004,#1005,
#1006,#1007,#1008));
#2874=EDGE_LOOP('',(#1009));
#2875=EDGE_LOOP('',(#1010,#1011,#1012,#1013,#1014,#1015,#1016,#1017,#1018,
#1019,#1020,#1021,#1022));
#2876=EDGE_LOOP('',(#1023,#1024,#1025,#1026));
#2877=EDGE_LOOP('',(#1027,#1028,#1029,#1030));
#2878=EDGE_LOOP('',(#1031));
#2879=EDGE_LOOP('',(#1032));
#2880=EDGE_LOOP('',(#1033,#1034,#1035,#1036));
#2881=EDGE_LOOP('',(#1037));
#2882=EDGE_LOOP('',(#1038,#1039,#1040,#1041,#1042,#1043,#1044,#1045,#1046,
#1047,#1048,#1049,#1050));
#2883=EDGE_LOOP('',(#1051));
#2884=EDGE_LOOP('',(#1052,#1053,#1054,#1055,#1056,#1057,#1058,#1059,#1060,
#1061,#1062,#1063,#1064));
#2885=EDGE_LOOP('',(#1065,#1066,#1067,#1068));
#2886=EDGE_LOOP('',(#1069,#1070,#1071,#1072));
#2887=EDGE_LOOP('',(#1073));
#2888=EDGE_LOOP('',(#1074));
#2889=FACE_BOUND('',#2693,.T.);
#2890=FACE_BOUND('',#2694,.T.);
#2891=FACE_BOUND('',#2695,.T.);
#2892=FACE_BOUND('',#2696,.T.);
#2893=FACE_BOUND('',#2697,.T.);
#2894=FACE_BOUND('',#2698,.T.);
#2895=FACE_BOUND('',#2699,.T.);
#2896=FACE_BOUND('',#2700,.T.);
#2897=FACE_BOUND('',#2701,.T.);
#2898=FACE_BOUND('',#2702,.T.);
#2899=FACE_BOUND('',#2703,.T.);
#2900=FACE_BOUND('',#2704,.T.);
#2901=FACE_BOUND('',#2705,.T.);
#2902=FACE_BOUND('',#2706,.T.);
#2903=FACE_BOUND('',#2707,.T.);
#2904=FACE_BOUND('',#2708,.T.);
#2905=FACE_BOUND('',#2709,.T.);
#2906=FACE_BOUND('',#2710,.T.);
#2907=FACE_BOUND('',#2711,.T.);
#2908=FACE_BOUND('',#2712,.T.);
#2909=FACE_BOUND('',#2713,.T.);
#2910=FACE_BOUND('',#2714,.T.);
#2911=FACE_BOUND('',#2715,.T.);
#2912=FACE_BOUND('',#2716,.T.);
#2913=FACE_BOUND('',#2717,.T.);
#2914=FACE_BOUND('',#2718,.T.);
#2915=FACE_BOUND('',#2719,.T.);
#2916=FACE_BOUND('',#2720,.T.);
#2917=FACE_BOUND('',#2721,.T.);
#2918=FACE_BOUND('',#2722,.T.);
#2919=FACE_BOUND('',#2723,.T.);
#2920=FACE_BOUND('',#2724,.T.);
#2921=FACE_BOUND('',#2725,.T.);
#2922=FACE_BOUND('',#2726,.T.);
#2923=FACE_BOUND('',#2727,.T.);
#2924=FACE_BOUND('',#2728,.T.);
#2925=FACE_BOUND('',#2729,.T.);
#2926=FACE_BOUND('',#2730,.T.);
#2927=FACE_BOUND('',#2731,.T.);
#2928=FACE_BOUND('',#2732,.T.);
#2929=FACE_BOUND('',#2733,.T.);
#2930=FACE_BOUND('',#2734,.T.);
#2931=FACE_BOUND('',#2735,.T.);
#2932=FACE_BOUND('',#2736,.T.);
#2933=FACE_BOUND('',#2737,.T.);
#2934=FACE_BOUND('',#2738,.T.);
#2935=FACE_BOUND('',#2739,.T.);
#2936=FACE_BOUND('',#2740,.T.);
#2937=FACE_BOUND('',#2741,.T.);
#2938=FACE_BOUND('',#2742,.T.);
#2939=FACE_BOUND('',#2743,.T.);
#2940=FACE_BOUND('',#2744,.T.);
#2941=FACE_BOUND('',#2745,.T.);
#2942=FACE_BOUND('',#2746,.T.);
#2943=FACE_BOUND('',#2747,.T.);
#2944=FACE_BOUND('',#2748,.T.);
#2945=FACE_BOUND('',#2749,.T.);
#2946=FACE_BOUND('',#2750,.T.);
#2947=FACE_BOUND('',#2751,.T.);
#2948=FACE_BOUND('',#2752,.T.);
#2949=FACE_BOUND('',#2753,.T.);
#2950=FACE_BOUND('',#2754,.T.);
#2951=FACE_BOUND('',#2755,.T.);
#2952=FACE_BOUND('',#2756,.T.);
#2953=FACE_BOUND('',#2757,.T.);
#2954=FACE_BOUND('',#2758,.T.);
#2955=FACE_BOUND('',#2759,.T.);
#2956=FACE_BOUND('',#2760,.T.);
#2957=FACE_BOUND('',#2761,.T.);
#2958=FACE_BOUND('',#2762,.T.);
#2959=FACE_BOUND('',#2763,.T.);
#2960=FACE_BOUND('',#2764,.T.);
#2961=FACE_BOUND('',#2765,.T.);
#2962=FACE_BOUND('',#2766,.T.);
#2963=FACE_BOUND('',#2767,.T.);
#2964=FACE_BOUND('',#2768,.T.);
#2965=FACE_BOUND('',#2769,.T.);
#2966=FACE_BOUND('',#2770,.T.);
#2967=FACE_BOUND('',#2771,.T.);
#2968=FACE_BOUND('',#2772,.T.);
#2969=FACE_BOUND('',#2773,.T.);
#2970=FACE_BOUND('',#2774,.T.);
#2971=FACE_BOUND('',#2775,.T.);
#2972=FACE_BOUND('',#2776,.T.);
#2973=FACE_BOUND('',#2777,.T.);
#2974=FACE_BOUND('',#2778,.T.);
#2975=FACE_BOUND('',#2779,.T.);
#2976=FACE_BOUND('',#2780,.T.);
#2977=FACE_BOUND('',#2781,.T.);
#2978=FACE_BOUND('',#2782,.T.);
#2979=FACE_BOUND('',#2783,.T.);
#2980=FACE_BOUND('',#2784,.T.);
#2981=FACE_BOUND('',#2785,.T.);
#2982=FACE_BOUND('',#2786,.T.);
#2983=FACE_BOUND('',#2787,.T.);
#2984=FACE_BOUND('',#2788,.T.);
#2985=FACE_BOUND('',#2789,.T.);
#2986=FACE_BOUND('',#2790,.T.);
#2987=FACE_BOUND('',#2791,.T.);
#2988=FACE_BOUND('',#2792,.T.);
#2989=FACE_BOUND('',#2793,.T.);
#2990=FACE_BOUND('',#2794,.T.);
#2991=FACE_BOUND('',#2795,.T.);
#2992=FACE_BOUND('',#2796,.T.);
#2993=FACE_BOUND('',#2797,.T.);
#2994=FACE_BOUND('',#2798,.T.);
#2995=FACE_BOUND('',#2799,.T.);
#2996=FACE_BOUND('',#2800,.T.);
#2997=FACE_BOUND('',#2801,.T.);
#2998=FACE_BOUND('',#2802,.T.);
#2999=FACE_BOUND('',#2803,.T.);
#3000=FACE_BOUND('',#2804,.T.);
#3001=FACE_BOUND('',#2805,.T.);
#3002=FACE_BOUND('',#2806,.T.);
#3003=FACE_BOUND('',#2807,.T.);
#3004=FACE_BOUND('',#2808,.T.);
#3005=FACE_BOUND('',#2809,.T.);
#3006=FACE_BOUND('',#2810,.T.);
#3007=FACE_BOUND('',#2811,.T.);
#3008=FACE_BOUND('',#2812,.T.);
#3009=FACE_BOUND('',#2813,.T.);
#3010=FACE_BOUND('',#2814,.T.);
#3011=FACE_BOUND('',#2815,.T.);
#3012=FACE_BOUND('',#2816,.T.);
#3013=FACE_BOUND('',#2817,.T.);
#3014=FACE_BOUND('',#2818,.T.);
#3015=FACE_BOUND('',#2819,.T.);
#3016=FACE_BOUND('',#2820,.T.);
#3017=FACE_BOUND('',#2821,.T.);
#3018=FACE_BOUND('',#2822,.T.);
#3019=FACE_BOUND('',#2823,.T.);
#3020=FACE_BOUND('',#2824,.T.);
#3021=FACE_BOUND('',#2825,.T.);
#3022=FACE_BOUND('',#2826,.T.);
#3023=FACE_BOUND('',#2827,.T.);
#3024=FACE_BOUND('',#2828,.T.);
#3025=FACE_BOUND('',#2829,.T.);
#3026=FACE_BOUND('',#2830,.T.);
#3027=FACE_BOUND('',#2831,.T.);
#3028=FACE_BOUND('',#2832,.T.);
#3029=FACE_BOUND('',#2833,.T.);
#3030=FACE_BOUND('',#2834,.T.);
#3031=FACE_BOUND('',#2835,.T.);
#3032=FACE_BOUND('',#2836,.T.);
#3033=FACE_BOUND('',#2837,.T.);
#3034=FACE_BOUND('',#2838,.T.);
#3035=FACE_BOUND('',#2839,.T.);
#3036=FACE_BOUND('',#2840,.T.);
#3037=FACE_BOUND('',#2841,.T.);
#3038=FACE_BOUND('',#2842,.T.);
#3039=FACE_BOUND('',#2843,.T.);
#3040=FACE_BOUND('',#2844,.T.);
#3041=FACE_BOUND('',#2845,.T.);
#3042=FACE_BOUND('',#2846,.T.);
#3043=FACE_BOUND('',#2847,.T.);
#3044=FACE_BOUND('',#2848,.T.);
#3045=FACE_BOUND('',#2849,.T.);
#3046=FACE_BOUND('',#2850,.T.);
#3047=FACE_BOUND('',#2851,.T.);
#3048=FACE_BOUND('',#2852,.T.);
#3049=FACE_BOUND('',#2853,.T.);
#3050=FACE_BOUND('',#2854,.T.);
#3051=FACE_BOUND('',#2855,.T.);
#3052=FACE_BOUND('',#2856,.T.);
#3053=FACE_BOUND('',#2857,.T.);
#3054=FACE_BOUND('',#2858,.T.);
#3055=FACE_BOUND('',#2859,.T.);
#3056=FACE_BOUND('',#2860,.T.);
#3057=FACE_BOUND('',#2861,.T.);
#3058=FACE_BOUND('',#2862,.T.);
#3059=FACE_BOUND('',#2863,.T.);
#3060=FACE_BOUND('',#2864,.T.);
#3061=FACE_BOUND('',#2865,.T.);
#3062=FACE_BOUND('',#2866,.T.);
#3063=FACE_BOUND('',#2867,.T.);
#3064=FACE_BOUND('',#2868,.T.);
#3065=FACE_BOUND('',#2869,.T.);
#3066=FACE_BOUND('',#2870,.T.);
#3067=FACE_BOUND('',#2871,.T.);
#3068=FACE_BOUND('',#2872,.T.);
#3069=FACE_BOUND('',#2873,.T.);
#3070=FACE_BOUND('',#2874,.T.);
#3071=FACE_BOUND('',#2875,.T.);
#3072=FACE_BOUND('',#2876,.T.);
#3073=FACE_BOUND('',#2877,.T.);
#3074=FACE_BOUND('',#2878,.T.);
#3075=FACE_BOUND('',#2879,.T.);
#3076=FACE_BOUND('',#2880,.T.);
#3077=FACE_BOUND('',#2881,.T.);
#3078=FACE_BOUND('',#2882,.T.);
#3079=FACE_BOUND('',#2883,.T.);
#3080=FACE_BOUND('',#2884,.T.);
#3081=FACE_BOUND('',#2885,.T.);
#3082=FACE_BOUND('',#2886,.T.);
#3083=FACE_BOUND('',#2887,.T.);
#3084=FACE_BOUND('',#2888,.T.);
#3085=PLANE('',#4709);
#3086=PLANE('',#4710);
#3087=PLANE('',#4711);
#3088=PLANE('',#4712);
#3089=PLANE('',#4713);
#3090=PLANE('',#4714);
#3091=PLANE('',#4715);
#3092=PLANE('',#4716);
#3093=PLANE('',#4717);
#3094=PLANE('',#4718);
#3095=PLANE('',#4719);
#3096=PLANE('',#4720);
#3097=PLANE('',#4721);
#3098=PLANE('',#4722);
#3099=PLANE('',#4723);
#3100=PLANE('',#4724);
#3101=PLANE('',#4725);
#3102=PLANE('',#4726);
#3103=PLANE('',#4727);
#3104=PLANE('',#4728);
#3105=PLANE('',#4729);
#3106=PLANE('',#4738);
#3107=PLANE('',#4739);
#3108=PLANE('',#4740);
#3109=PLANE('',#4741);
#3110=PLANE('',#4742);
#3111=PLANE('',#4743);
#3112=PLANE('',#4744);
#3113=PLANE('',#4745);
#3114=PLANE('',#4746);
#3115=PLANE('',#4747);
#3116=PLANE('',#4761);
#3117=PLANE('',#4765);
#3118=PLANE('',#4766);
#3119=PLANE('',#4767);
#3120=PLANE('',#4768);
#3121=PLANE('',#4769);
#3122=PLANE('',#4770);
#3123=PLANE('',#4771);
#3124=PLANE('',#4772);
#3125=PLANE('',#4773);
#3126=PLANE('',#4774);
#3127=PLANE('',#4778);
#3128=PLANE('',#4779);
#3129=PLANE('',#4780);
#3130=PLANE('',#4781);
#3131=PLANE('',#4782);
#3132=PLANE('',#4783);
#3133=PLANE('',#4784);
#3134=PLANE('',#4785);
#3135=PLANE('',#4786);
#3136=PLANE('',#4790);
#3137=PLANE('',#4792);
#3138=PLANE('',#4793);
#3139=PLANE('',#4795);
#3140=PLANE('',#4796);
#3141=PLANE('',#4797);
#3142=PLANE('',#4798);
#3143=PLANE('',#4799);
#3144=PLANE('',#4800);
#3145=PLANE('',#4801);
#3146=PLANE('',#4802);
#3147=PLANE('',#4803);
#3148=PLANE('',#4804);
#3149=PLANE('',#4805);
#3150=PLANE('',#4806);
#3151=PLANE('',#4807);
#3152=PLANE('',#4808);
#3153=PLANE('',#4809);
#3154=PLANE('',#4810);
#3155=PLANE('',#4811);
#3156=PLANE('',#4812);
#3157=PLANE('',#4813);
#3158=PLANE('',#4815);
#3159=PLANE('',#4816);
#3160=PLANE('',#4817);
#3161=PLANE('',#4818);
#3162=PLANE('',#4819);
#3163=PLANE('',#4820);
#3164=PLANE('',#4821);
#3165=PLANE('',#4822);
#3166=PLANE('',#4823);
#3167=PLANE('',#4824);
#3168=PLANE('',#4825);
#3169=PLANE('',#4827);
#3170=PLANE('',#4828);
#3171=PLANE('',#4845);
#3172=PLANE('',#4846);
#3173=PLANE('',#4847);
#3174=PLANE('',#4848);
#3175=PLANE('',#4849);
#3176=PLANE('',#4850);
#3177=PLANE('',#4851);
#3178=PLANE('',#4852);
#3179=PLANE('',#4853);
#3180=PLANE('',#4854);
#3181=PLANE('',#4855);
#3182=PLANE('',#4856);
#3183=PLANE('',#4859);
#3184=PLANE('',#4860);
#3185=PLANE('',#4861);
#3186=PLANE('',#4864);
#3187=PLANE('',#4865);
#3188=PLANE('',#4866);
#3189=PLANE('',#4867);
#3190=PLANE('',#4870);
#3191=PLANE('',#4871);
#3192=PLANE('',#4872);
#3193=PLANE('',#4875);
#3194=PLANE('',#4876);
#3195=PLANE('',#4877);
#3196=PLANE('',#4880);
#3197=PLANE('',#4881);
#3198=PLANE('',#4882);
#3199=PLANE('',#4883);
#3200=PLANE('',#4886);
#3201=PLANE('',#4887);
#3202=PLANE('',#4888);
#3203=PLANE('',#4891);
#3204=PLANE('',#4892);
#3205=PLANE('',#4893);
#3206=PLANE('',#4894);
#3207=PLANE('',#4897);
#3208=PLANE('',#4898);
#3209=PLANE('',#4899);
#3210=PLANE('',#4902);
#3211=PLANE('',#4903);
#3212=PLANE('',#4904);
#3213=PLANE('',#4907);
#3214=PLANE('',#4908);
#3215=PLANE('',#4911);
#3216=PLANE('',#4914);
#3217=PLANE('',#4917);
#3218=PLANE('',#4918);
#3219=PLANE('',#4923);
#3220=PLANE('',#4926);
#3221=PLANE('',#4927);
#3222=PLANE('',#4930);
#3223=PLANE('',#4933);
#3224=PLANE('',#4934);
#3225=PLANE('',#4937);
#3226=PLANE('',#4941);
#3227=PLANE('',#4943);
#3228=PLANE('',#4944);
#3229=PLANE('',#4947);
#3230=PLANE('',#4951);
#3231=STYLED_ITEM('',(#3415),#4520);
#3232=STYLED_ITEM('',(#3416),#4521);
#3233=STYLED_ITEM('',(#3417),#4522);
#3234=STYLED_ITEM('',(#3418),#4523);
#3235=STYLED_ITEM('',(#3419),#4524);
#3236=STYLED_ITEM('',(#3420),#4525);
#3237=STYLED_ITEM('',(#3421),#4526);
#3238=STYLED_ITEM('',(#3422),#4527);
#3239=STYLED_ITEM('',(#3423),#4528);
#3240=STYLED_ITEM('',(#3424),#4529);
#3241=STYLED_ITEM('',(#3425),#4530);
#3242=STYLED_ITEM('',(#3426),#4531);
#3243=STYLED_ITEM('',(#3427),#4532);
#3244=STYLED_ITEM('',(#3428),#4533);
#3245=STYLED_ITEM('',(#3429),#4534);
#3246=STYLED_ITEM('',(#3430),#4535);
#3247=STYLED_ITEM('',(#3431),#4536);
#3248=STYLED_ITEM('',(#3432),#4537);
#3249=STYLED_ITEM('',(#3433),#4538);
#3250=STYLED_ITEM('',(#3434),#4539);
#3251=STYLED_ITEM('',(#3435),#4540);
#3252=STYLED_ITEM('',(#3436),#4541);
#3253=STYLED_ITEM('',(#3437),#4542);
#3254=STYLED_ITEM('',(#3438),#4543);
#3255=STYLED_ITEM('',(#3439),#4544);
#3256=STYLED_ITEM('',(#3440),#4545);
#3257=STYLED_ITEM('',(#3441),#4546);
#3258=STYLED_ITEM('',(#3442),#4547);
#3259=STYLED_ITEM('',(#3443),#4548);
#3260=STYLED_ITEM('',(#3444),#4549);
#3261=STYLED_ITEM('',(#3445),#4550);
#3262=STYLED_ITEM('',(#3446),#4551);
#3263=STYLED_ITEM('',(#3447),#4552);
#3264=STYLED_ITEM('',(#3448),#4553);
#3265=STYLED_ITEM('',(#3449),#4554);
#3266=STYLED_ITEM('',(#3450),#4555);
#3267=STYLED_ITEM('',(#3451),#4556);
#3268=STYLED_ITEM('',(#3452),#4557);
#3269=STYLED_ITEM('',(#3453),#4558);
#3270=STYLED_ITEM('',(#3454),#4559);
#3271=STYLED_ITEM('',(#3455),#4560);
#3272=STYLED_ITEM('',(#3456),#4561);
#3273=STYLED_ITEM('',(#3457),#4562);
#3274=STYLED_ITEM('',(#3458),#4563);
#3275=STYLED_ITEM('',(#3459),#4564);
#3276=STYLED_ITEM('',(#3460),#4565);
#3277=STYLED_ITEM('',(#3461),#4566);
#3278=STYLED_ITEM('',(#3462),#4567);
#3279=STYLED_ITEM('',(#3463),#4568);
#3280=STYLED_ITEM('',(#3464),#4569);
#3281=STYLED_ITEM('',(#3465),#4570);
#3282=STYLED_ITEM('',(#3466),#4571);
#3283=STYLED_ITEM('',(#3467),#4572);
#3284=STYLED_ITEM('',(#3468),#4573);
#3285=STYLED_ITEM('',(#3469),#4574);
#3286=STYLED_ITEM('',(#3470),#4575);
#3287=STYLED_ITEM('',(#3471),#4576);
#3288=STYLED_ITEM('',(#3472),#4577);
#3289=STYLED_ITEM('',(#3473),#4578);
#3290=STYLED_ITEM('',(#3474),#4579);
#3291=STYLED_ITEM('',(#3475),#4580);
#3292=STYLED_ITEM('',(#3476),#4581);
#3293=STYLED_ITEM('',(#3477),#4582);
#3294=STYLED_ITEM('',(#3478),#4583);
#3295=STYLED_ITEM('',(#3479),#4584);
#3296=STYLED_ITEM('',(#3480),#4585);
#3297=STYLED_ITEM('',(#3481),#4586);
#3298=STYLED_ITEM('',(#3482),#4587);
#3299=STYLED_ITEM('',(#3483),#4588);
#3300=STYLED_ITEM('',(#3484),#4589);
#3301=STYLED_ITEM('',(#3485),#4590);
#3302=STYLED_ITEM('',(#3486),#4591);
#3303=STYLED_ITEM('',(#3487),#4592);
#3304=STYLED_ITEM('',(#3488),#4593);
#3305=STYLED_ITEM('',(#3489),#4594);
#3306=STYLED_ITEM('',(#3490),#4595);
#3307=STYLED_ITEM('',(#3491),#4596);
#3308=STYLED_ITEM('',(#3492),#4597);
#3309=STYLED_ITEM('',(#3493),#4598);
#3310=STYLED_ITEM('',(#3494),#4599);
#3311=STYLED_ITEM('',(#3495),#4600);
#3312=STYLED_ITEM('',(#3496),#4601);
#3313=STYLED_ITEM('',(#3497),#4602);
#3314=STYLED_ITEM('',(#3498),#4603);
#3315=STYLED_ITEM('',(#3499),#4604);
#3316=STYLED_ITEM('',(#3500),#4605);
#3317=STYLED_ITEM('',(#3501),#4606);
#3318=STYLED_ITEM('',(#3502),#4607);
#3319=STYLED_ITEM('',(#3503),#4608);
#3320=STYLED_ITEM('',(#3504),#4609);
#3321=STYLED_ITEM('',(#3505),#4610);
#3322=STYLED_ITEM('',(#3506),#4611);
#3323=STYLED_ITEM('',(#3507),#4612);
#3324=STYLED_ITEM('',(#3508),#4613);
#3325=STYLED_ITEM('',(#3509),#4614);
#3326=STYLED_ITEM('',(#3510),#4615);
#3327=STYLED_ITEM('',(#3511),#4616);
#3328=STYLED_ITEM('',(#3512),#4617);
#3329=STYLED_ITEM('',(#3513),#4618);
#3330=STYLED_ITEM('',(#3514),#4619);
#3331=STYLED_ITEM('',(#3515),#4620);
#3332=STYLED_ITEM('',(#3516),#4621);
#3333=STYLED_ITEM('',(#3517),#4622);
#3334=STYLED_ITEM('',(#3518),#4623);
#3335=STYLED_ITEM('',(#3519),#4624);
#3336=STYLED_ITEM('',(#3520),#4625);
#3337=STYLED_ITEM('',(#3521),#4626);
#3338=STYLED_ITEM('',(#3522),#4627);
#3339=STYLED_ITEM('',(#3523),#4628);
#3340=STYLED_ITEM('',(#3524),#4629);
#3341=STYLED_ITEM('',(#3525),#4630);
#3342=STYLED_ITEM('',(#3526),#4631);
#3343=STYLED_ITEM('',(#3527),#4632);
#3344=STYLED_ITEM('',(#3528),#4633);
#3345=STYLED_ITEM('',(#3529),#4634);
#3346=STYLED_ITEM('',(#3530),#4635);
#3347=STYLED_ITEM('',(#3531),#4636);
#3348=STYLED_ITEM('',(#3532),#4637);
#3349=STYLED_ITEM('',(#3533),#4638);
#3350=STYLED_ITEM('',(#3534),#4639);
#3351=STYLED_ITEM('',(#3535),#4640);
#3352=STYLED_ITEM('',(#3536),#4641);
#3353=STYLED_ITEM('',(#3537),#4642);
#3354=STYLED_ITEM('',(#3538),#4643);
#3355=STYLED_ITEM('',(#3539),#4644);
#3356=STYLED_ITEM('',(#3540),#4645);
#3357=STYLED_ITEM('',(#3541),#4646);
#3358=STYLED_ITEM('',(#3542),#4647);
#3359=STYLED_ITEM('',(#3543),#4648);
#3360=STYLED_ITEM('',(#3544),#4649);
#3361=STYLED_ITEM('',(#3545),#4650);
#3362=STYLED_ITEM('',(#3546),#4651);
#3363=STYLED_ITEM('',(#3547),#4652);
#3364=STYLED_ITEM('',(#3548),#4653);
#3365=STYLED_ITEM('',(#3549),#4654);
#3366=STYLED_ITEM('',(#3550),#4655);
#3367=STYLED_ITEM('',(#3551),#4656);
#3368=STYLED_ITEM('',(#3552),#4657);
#3369=STYLED_ITEM('',(#3553),#4658);
#3370=STYLED_ITEM('',(#3554),#4659);
#3371=STYLED_ITEM('',(#3555),#4660);
#3372=STYLED_ITEM('',(#3556),#4661);
#3373=STYLED_ITEM('',(#3557),#4662);
#3374=STYLED_ITEM('',(#3558),#4663);
#3375=STYLED_ITEM('',(#3559),#4664);
#3376=STYLED_ITEM('',(#3560),#4665);
#3377=STYLED_ITEM('',(#3561),#4666);
#3378=STYLED_ITEM('',(#3562),#4667);
#3379=STYLED_ITEM('',(#3563),#4668);
#3380=STYLED_ITEM('',(#3564),#4669);
#3381=STYLED_ITEM('',(#3565),#4670);
#3382=STYLED_ITEM('',(#3566),#4671);
#3383=STYLED_ITEM('',(#3567),#4672);
#3384=STYLED_ITEM('',(#3568),#4673);
#3385=STYLED_ITEM('',(#3569),#4674);
#3386=STYLED_ITEM('',(#3570),#4675);
#3387=STYLED_ITEM('',(#3571),#4676);
#3388=STYLED_ITEM('',(#3572),#4677);
#3389=STYLED_ITEM('',(#3573),#4678);
#3390=STYLED_ITEM('',(#3574),#4679);
#3391=STYLED_ITEM('',(#3575),#4680);
#3392=STYLED_ITEM('',(#3576),#4681);
#3393=STYLED_ITEM('',(#3577),#4682);
#3394=STYLED_ITEM('',(#3578),#4683);
#3395=STYLED_ITEM('',(#3579),#4684);
#3396=STYLED_ITEM('',(#3580),#4685);
#3397=STYLED_ITEM('',(#3581),#4686);
#3398=STYLED_ITEM('',(#3582),#4687);
#3399=STYLED_ITEM('',(#3583),#4688);
#3400=STYLED_ITEM('',(#3584),#4689);
#3401=STYLED_ITEM('',(#3585),#4690);
#3402=STYLED_ITEM('',(#3586),#4691);
#3403=STYLED_ITEM('',(#3587),#4692);
#3404=STYLED_ITEM('',(#3588),#4693);
#3405=STYLED_ITEM('',(#3589),#4694);
#3406=STYLED_ITEM('',(#3590),#4695);
#3407=STYLED_ITEM('',(#3591),#4696);
#3408=STYLED_ITEM('',(#3592),#4697);
#3409=STYLED_ITEM('',(#3593),#4698);
#3410=STYLED_ITEM('',(#3594),#4699);
#3411=STYLED_ITEM('',(#3595),#4700);
#3412=STYLED_ITEM('',(#3596),#4701);
#3413=STYLED_ITEM('',(#3597),#4702);
#3414=STYLED_ITEM('',(#3598),#4703);
#3415=PRESENTATION_STYLE_ASSIGNMENT((#3599));
#3416=PRESENTATION_STYLE_ASSIGNMENT((#3600));
#3417=PRESENTATION_STYLE_ASSIGNMENT((#3601));
#3418=PRESENTATION_STYLE_ASSIGNMENT((#3602));
#3419=PRESENTATION_STYLE_ASSIGNMENT((#3603));
#3420=PRESENTATION_STYLE_ASSIGNMENT((#3604));
#3421=PRESENTATION_STYLE_ASSIGNMENT((#3605));
#3422=PRESENTATION_STYLE_ASSIGNMENT((#3606));
#3423=PRESENTATION_STYLE_ASSIGNMENT((#3607));
#3424=PRESENTATION_STYLE_ASSIGNMENT((#3608));
#3425=PRESENTATION_STYLE_ASSIGNMENT((#3609));
#3426=PRESENTATION_STYLE_ASSIGNMENT((#3610));
#3427=PRESENTATION_STYLE_ASSIGNMENT((#3611));
#3428=PRESENTATION_STYLE_ASSIGNMENT((#3612));
#3429=PRESENTATION_STYLE_ASSIGNMENT((#3613));
#3430=PRESENTATION_STYLE_ASSIGNMENT((#3614));
#3431=PRESENTATION_STYLE_ASSIGNMENT((#3615));
#3432=PRESENTATION_STYLE_ASSIGNMENT((#3616));
#3433=PRESENTATION_STYLE_ASSIGNMENT((#3617));
#3434=PRESENTATION_STYLE_ASSIGNMENT((#3618));
#3435=PRESENTATION_STYLE_ASSIGNMENT((#3619));
#3436=PRESENTATION_STYLE_ASSIGNMENT((#3620));
#3437=PRESENTATION_STYLE_ASSIGNMENT((#3621));
#3438=PRESENTATION_STYLE_ASSIGNMENT((#3622));
#3439=PRESENTATION_STYLE_ASSIGNMENT((#3623));
#3440=PRESENTATION_STYLE_ASSIGNMENT((#3624));
#3441=PRESENTATION_STYLE_ASSIGNMENT((#3625));
#3442=PRESENTATION_STYLE_ASSIGNMENT((#3626));
#3443=PRESENTATION_STYLE_ASSIGNMENT((#3627));
#3444=PRESENTATION_STYLE_ASSIGNMENT((#3628));
#3445=PRESENTATION_STYLE_ASSIGNMENT((#3629));
#3446=PRESENTATION_STYLE_ASSIGNMENT((#3630));
#3447=PRESENTATION_STYLE_ASSIGNMENT((#3631));
#3448=PRESENTATION_STYLE_ASSIGNMENT((#3632));
#3449=PRESENTATION_STYLE_ASSIGNMENT((#3633));
#3450=PRESENTATION_STYLE_ASSIGNMENT((#3634));
#3451=PRESENTATION_STYLE_ASSIGNMENT((#3635));
#3452=PRESENTATION_STYLE_ASSIGNMENT((#3636));
#3453=PRESENTATION_STYLE_ASSIGNMENT((#3637));
#3454=PRESENTATION_STYLE_ASSIGNMENT((#3638));
#3455=PRESENTATION_STYLE_ASSIGNMENT((#3639));
#3456=PRESENTATION_STYLE_ASSIGNMENT((#3640));
#3457=PRESENTATION_STYLE_ASSIGNMENT((#3641));
#3458=PRESENTATION_STYLE_ASSIGNMENT((#3642));
#3459=PRESENTATION_STYLE_ASSIGNMENT((#3643));
#3460=PRESENTATION_STYLE_ASSIGNMENT((#3644));
#3461=PRESENTATION_STYLE_ASSIGNMENT((#3645));
#3462=PRESENTATION_STYLE_ASSIGNMENT((#3646));
#3463=PRESENTATION_STYLE_ASSIGNMENT((#3647));
#3464=PRESENTATION_STYLE_ASSIGNMENT((#3648));
#3465=PRESENTATION_STYLE_ASSIGNMENT((#3649));
#3466=PRESENTATION_STYLE_ASSIGNMENT((#3650));
#3467=PRESENTATION_STYLE_ASSIGNMENT((#3651));
#3468=PRESENTATION_STYLE_ASSIGNMENT((#3652));
#3469=PRESENTATION_STYLE_ASSIGNMENT((#3653));
#3470=PRESENTATION_STYLE_ASSIGNMENT((#3654));
#3471=PRESENTATION_STYLE_ASSIGNMENT((#3655));
#3472=PRESENTATION_STYLE_ASSIGNMENT((#3656));
#3473=PRESENTATION_STYLE_ASSIGNMENT((#3657));
#3474=PRESENTATION_STYLE_ASSIGNMENT((#3658));
#3475=PRESENTATION_STYLE_ASSIGNMENT((#3659));
#3476=PRESENTATION_STYLE_ASSIGNMENT((#3660));
#3477=PRESENTATION_STYLE_ASSIGNMENT((#3661));
#3478=PRESENTATION_STYLE_ASSIGNMENT((#3662));
#3479=PRESENTATION_STYLE_ASSIGNMENT((#3663));
#3480=PRESENTATION_STYLE_ASSIGNMENT((#3664));
#3481=PRESENTATION_STYLE_ASSIGNMENT((#3665));
#3482=PRESENTATION_STYLE_ASSIGNMENT((#3666));
#3483=PRESENTATION_STYLE_ASSIGNMENT((#3667));
#3484=PRESENTATION_STYLE_ASSIGNMENT((#3668));
#3485=PRESENTATION_STYLE_ASSIGNMENT((#3669));
#3486=PRESENTATION_STYLE_ASSIGNMENT((#3670));
#3487=PRESENTATION_STYLE_ASSIGNMENT((#3671));
#3488=PRESENTATION_STYLE_ASSIGNMENT((#3672));
#3489=PRESENTATION_STYLE_ASSIGNMENT((#3673));
#3490=PRESENTATION_STYLE_ASSIGNMENT((#3674));
#3491=PRESENTATION_STYLE_ASSIGNMENT((#3675));
#3492=PRESENTATION_STYLE_ASSIGNMENT((#3676));
#3493=PRESENTATION_STYLE_ASSIGNMENT((#3677));
#3494=PRESENTATION_STYLE_ASSIGNMENT((#3678));
#3495=PRESENTATION_STYLE_ASSIGNMENT((#3679));
#3496=PRESENTATION_STYLE_ASSIGNMENT((#3680));
#3497=PRESENTATION_STYLE_ASSIGNMENT((#3681));
#3498=PRESENTATION_STYLE_ASSIGNMENT((#3682));
#3499=PRESENTATION_STYLE_ASSIGNMENT((#3683));
#3500=PRESENTATION_STYLE_ASSIGNMENT((#3684));
#3501=PRESENTATION_STYLE_ASSIGNMENT((#3685));
#3502=PRESENTATION_STYLE_ASSIGNMENT((#3686));
#3503=PRESENTATION_STYLE_ASSIGNMENT((#3687));
#3504=PRESENTATION_STYLE_ASSIGNMENT((#3688));
#3505=PRESENTATION_STYLE_ASSIGNMENT((#3689));
#3506=PRESENTATION_STYLE_ASSIGNMENT((#3690));
#3507=PRESENTATION_STYLE_ASSIGNMENT((#3691));
#3508=PRESENTATION_STYLE_ASSIGNMENT((#3692));
#3509=PRESENTATION_STYLE_ASSIGNMENT((#3693));
#3510=PRESENTATION_STYLE_ASSIGNMENT((#3694));
#3511=PRESENTATION_STYLE_ASSIGNMENT((#3695));
#3512=PRESENTATION_STYLE_ASSIGNMENT((#3696));
#3513=PRESENTATION_STYLE_ASSIGNMENT((#3697));
#3514=PRESENTATION_STYLE_ASSIGNMENT((#3698));
#3515=PRESENTATION_STYLE_ASSIGNMENT((#3699));
#3516=PRESENTATION_STYLE_ASSIGNMENT((#3700));
#3517=PRESENTATION_STYLE_ASSIGNMENT((#3701));
#3518=PRESENTATION_STYLE_ASSIGNMENT((#3702));
#3519=PRESENTATION_STYLE_ASSIGNMENT((#3703));
#3520=PRESENTATION_STYLE_ASSIGNMENT((#3704));
#3521=PRESENTATION_STYLE_ASSIGNMENT((#3705));
#3522=PRESENTATION_STYLE_ASSIGNMENT((#3706));
#3523=PRESENTATION_STYLE_ASSIGNMENT((#3707));
#3524=PRESENTATION_STYLE_ASSIGNMENT((#3708));
#3525=PRESENTATION_STYLE_ASSIGNMENT((#3709));
#3526=PRESENTATION_STYLE_ASSIGNMENT((#3710));
#3527=PRESENTATION_STYLE_ASSIGNMENT((#3711));
#3528=PRESENTATION_STYLE_ASSIGNMENT((#3712));
#3529=PRESENTATION_STYLE_ASSIGNMENT((#3713));
#3530=PRESENTATION_STYLE_ASSIGNMENT((#3714));
#3531=PRESENTATION_STYLE_ASSIGNMENT((#3715));
#3532=PRESENTATION_STYLE_ASSIGNMENT((#3716));
#3533=PRESENTATION_STYLE_ASSIGNMENT((#3717));
#3534=PRESENTATION_STYLE_ASSIGNMENT((#3718));
#3535=PRESENTATION_STYLE_ASSIGNMENT((#3719));
#3536=PRESENTATION_STYLE_ASSIGNMENT((#3720));
#3537=PRESENTATION_STYLE_ASSIGNMENT((#3721));
#3538=PRESENTATION_STYLE_ASSIGNMENT((#3722));
#3539=PRESENTATION_STYLE_ASSIGNMENT((#3723));
#3540=PRESENTATION_STYLE_ASSIGNMENT((#3724));
#3541=PRESENTATION_STYLE_ASSIGNMENT((#3725));
#3542=PRESENTATION_STYLE_ASSIGNMENT((#3726));
#3543=PRESENTATION_STYLE_ASSIGNMENT((#3727));
#3544=PRESENTATION_STYLE_ASSIGNMENT((#3728));
#3545=PRESENTATION_STYLE_ASSIGNMENT((#3729));
#3546=PRESENTATION_STYLE_ASSIGNMENT((#3730));
#3547=PRESENTATION_STYLE_ASSIGNMENT((#3731));
#3548=PRESENTATION_STYLE_ASSIGNMENT((#3732));
#3549=PRESENTATION_STYLE_ASSIGNMENT((#3733));
#3550=PRESENTATION_STYLE_ASSIGNMENT((#3734));
#3551=PRESENTATION_STYLE_ASSIGNMENT((#3735));
#3552=PRESENTATION_STYLE_ASSIGNMENT((#3736));
#3553=PRESENTATION_STYLE_ASSIGNMENT((#3737));
#3554=PRESENTATION_STYLE_ASSIGNMENT((#3738));
#3555=PRESENTATION_STYLE_ASSIGNMENT((#3739));
#3556=PRESENTATION_STYLE_ASSIGNMENT((#3740));
#3557=PRESENTATION_STYLE_ASSIGNMENT((#3741));
#3558=PRESENTATION_STYLE_ASSIGNMENT((#3742));
#3559=PRESENTATION_STYLE_ASSIGNMENT((#3743));
#3560=PRESENTATION_STYLE_ASSIGNMENT((#3744));
#3561=PRESENTATION_STYLE_ASSIGNMENT((#3745));
#3562=PRESENTATION_STYLE_ASSIGNMENT((#3746));
#3563=PRESENTATION_STYLE_ASSIGNMENT((#3747));
#3564=PRESENTATION_STYLE_ASSIGNMENT((#3748));
#3565=PRESENTATION_STYLE_ASSIGNMENT((#3749));
#3566=PRESENTATION_STYLE_ASSIGNMENT((#3750));
#3567=PRESENTATION_STYLE_ASSIGNMENT((#3751));
#3568=PRESENTATION_STYLE_ASSIGNMENT((#3752));
#3569=PRESENTATION_STYLE_ASSIGNMENT((#3753));
#3570=PRESENTATION_STYLE_ASSIGNMENT((#3754));
#3571=PRESENTATION_STYLE_ASSIGNMENT((#3755));
#3572=PRESENTATION_STYLE_ASSIGNMENT((#3756));
#3573=PRESENTATION_STYLE_ASSIGNMENT((#3757));
#3574=PRESENTATION_STYLE_ASSIGNMENT((#3758));
#3575=PRESENTATION_STYLE_ASSIGNMENT((#3759));
#3576=PRESENTATION_STYLE_ASSIGNMENT((#3760));
#3577=PRESENTATION_STYLE_ASSIGNMENT((#3761));
#3578=PRESENTATION_STYLE_ASSIGNMENT((#3762));
#3579=PRESENTATION_STYLE_ASSIGNMENT((#3763));
#3580=PRESENTATION_STYLE_ASSIGNMENT((#3764));
#3581=PRESENTATION_STYLE_ASSIGNMENT((#3765));
#3582=PRESENTATION_STYLE_ASSIGNMENT((#3766));
#3583=PRESENTATION_STYLE_ASSIGNMENT((#3767));
#3584=PRESENTATION_STYLE_ASSIGNMENT((#3768));
#3585=PRESENTATION_STYLE_ASSIGNMENT((#3769));
#3586=PRESENTATION_STYLE_ASSIGNMENT((#3770));
#3587=PRESENTATION_STYLE_ASSIGNMENT((#3771));
#3588=PRESENTATION_STYLE_ASSIGNMENT((#3772));
#3589=PRESENTATION_STYLE_ASSIGNMENT((#3773));
#3590=PRESENTATION_STYLE_ASSIGNMENT((#3774));
#3591=PRESENTATION_STYLE_ASSIGNMENT((#3775));
#3592=PRESENTATION_STYLE_ASSIGNMENT((#3776));
#3593=PRESENTATION_STYLE_ASSIGNMENT((#3777));
#3594=PRESENTATION_STYLE_ASSIGNMENT((#3778));
#3595=PRESENTATION_STYLE_ASSIGNMENT((#3779));
#3596=PRESENTATION_STYLE_ASSIGNMENT((#3780));
#3597=PRESENTATION_STYLE_ASSIGNMENT((#3781));
#3598=PRESENTATION_STYLE_ASSIGNMENT((#3782));
#3599=SURFACE_STYLE_USAGE(.BOTH.,#3783);
#3600=SURFACE_STYLE_USAGE(.BOTH.,#3784);
#3601=SURFACE_STYLE_USAGE(.BOTH.,#3785);
#3602=SURFACE_STYLE_USAGE(.BOTH.,#3786);
#3603=SURFACE_STYLE_USAGE(.BOTH.,#3787);
#3604=SURFACE_STYLE_USAGE(.BOTH.,#3788);
#3605=SURFACE_STYLE_USAGE(.BOTH.,#3789);
#3606=SURFACE_STYLE_USAGE(.BOTH.,#3790);
#3607=SURFACE_STYLE_USAGE(.BOTH.,#3791);
#3608=SURFACE_STYLE_USAGE(.BOTH.,#3792);
#3609=SURFACE_STYLE_USAGE(.BOTH.,#3793);
#3610=SURFACE_STYLE_USAGE(.BOTH.,#3794);
#3611=SURFACE_STYLE_USAGE(.BOTH.,#3795);
#3612=SURFACE_STYLE_USAGE(.BOTH.,#3796);
#3613=SURFACE_STYLE_USAGE(.BOTH.,#3797);
#3614=SURFACE_STYLE_USAGE(.BOTH.,#3798);
#3615=SURFACE_STYLE_USAGE(.BOTH.,#3799);
#3616=SURFACE_STYLE_USAGE(.BOTH.,#3800);
#3617=SURFACE_STYLE_USAGE(.BOTH.,#3801);
#3618=SURFACE_STYLE_USAGE(.BOTH.,#3802);
#3619=SURFACE_STYLE_USAGE(.BOTH.,#3803);
#3620=SURFACE_STYLE_USAGE(.BOTH.,#3804);
#3621=SURFACE_STYLE_USAGE(.BOTH.,#3805);
#3622=SURFACE_STYLE_USAGE(.BOTH.,#3806);
#3623=SURFACE_STYLE_USAGE(.BOTH.,#3807);
#3624=SURFACE_STYLE_USAGE(.BOTH.,#3808);
#3625=SURFACE_STYLE_USAGE(.BOTH.,#3809);
#3626=SURFACE_STYLE_USAGE(.BOTH.,#3810);
#3627=SURFACE_STYLE_USAGE(.BOTH.,#3811);
#3628=SURFACE_STYLE_USAGE(.BOTH.,#3812);
#3629=SURFACE_STYLE_USAGE(.BOTH.,#3813);
#3630=SURFACE_STYLE_USAGE(.BOTH.,#3814);
#3631=SURFACE_STYLE_USAGE(.BOTH.,#3815);
#3632=SURFACE_STYLE_USAGE(.BOTH.,#3816);
#3633=SURFACE_STYLE_USAGE(.BOTH.,#3817);
#3634=SURFACE_STYLE_USAGE(.BOTH.,#3818);
#3635=SURFACE_STYLE_USAGE(.BOTH.,#3819);
#3636=SURFACE_STYLE_USAGE(.BOTH.,#3820);
#3637=SURFACE_STYLE_USAGE(.BOTH.,#3821);
#3638=SURFACE_STYLE_USAGE(.BOTH.,#3822);
#3639=SURFACE_STYLE_USAGE(.BOTH.,#3823);
#3640=SURFACE_STYLE_USAGE(.BOTH.,#3824);
#3641=SURFACE_STYLE_USAGE(.BOTH.,#3825);
#3642=SURFACE_STYLE_USAGE(.BOTH.,#3826);
#3643=SURFACE_STYLE_USAGE(.BOTH.,#3827);
#3644=SURFACE_STYLE_USAGE(.BOTH.,#3828);
#3645=SURFACE_STYLE_USAGE(.BOTH.,#3829);
#3646=SURFACE_STYLE_USAGE(.BOTH.,#3830);
#3647=SURFACE_STYLE_USAGE(.BOTH.,#3831);
#3648=SURFACE_STYLE_USAGE(.BOTH.,#3832);
#3649=SURFACE_STYLE_USAGE(.BOTH.,#3833);
#3650=SURFACE_STYLE_USAGE(.BOTH.,#3834);
#3651=SURFACE_STYLE_USAGE(.BOTH.,#3835);
#3652=SURFACE_STYLE_USAGE(.BOTH.,#3836);
#3653=SURFACE_STYLE_USAGE(.BOTH.,#3837);
#3654=SURFACE_STYLE_USAGE(.BOTH.,#3838);
#3655=SURFACE_STYLE_USAGE(.BOTH.,#3839);
#3656=SURFACE_STYLE_USAGE(.BOTH.,#3840);
#3657=SURFACE_STYLE_USAGE(.BOTH.,#3841);
#3658=SURFACE_STYLE_USAGE(.BOTH.,#3842);
#3659=SURFACE_STYLE_USAGE(.BOTH.,#3843);
#3660=SURFACE_STYLE_USAGE(.BOTH.,#3844);
#3661=SURFACE_STYLE_USAGE(.BOTH.,#3845);
#3662=SURFACE_STYLE_USAGE(.BOTH.,#3846);
#3663=SURFACE_STYLE_USAGE(.BOTH.,#3847);
#3664=SURFACE_STYLE_USAGE(.BOTH.,#3848);
#3665=SURFACE_STYLE_USAGE(.BOTH.,#3849);
#3666=SURFACE_STYLE_USAGE(.BOTH.,#3850);
#3667=SURFACE_STYLE_USAGE(.BOTH.,#3851);
#3668=SURFACE_STYLE_USAGE(.BOTH.,#3852);
#3669=SURFACE_STYLE_USAGE(.BOTH.,#3853);
#3670=SURFACE_STYLE_USAGE(.BOTH.,#3854);
#3671=SURFACE_STYLE_USAGE(.BOTH.,#3855);
#3672=SURFACE_STYLE_USAGE(.BOTH.,#3856);
#3673=SURFACE_STYLE_USAGE(.BOTH.,#3857);
#3674=SURFACE_STYLE_USAGE(.BOTH.,#3858);
#3675=SURFACE_STYLE_USAGE(.BOTH.,#3859);
#3676=SURFACE_STYLE_USAGE(.BOTH.,#3860);
#3677=SURFACE_STYLE_USAGE(.BOTH.,#3861);
#3678=SURFACE_STYLE_USAGE(.BOTH.,#3862);
#3679=SURFACE_STYLE_USAGE(.BOTH.,#3863);
#3680=SURFACE_STYLE_USAGE(.BOTH.,#3864);
#3681=SURFACE_STYLE_USAGE(.BOTH.,#3865);
#3682=SURFACE_STYLE_USAGE(.BOTH.,#3866);
#3683=SURFACE_STYLE_USAGE(.BOTH.,#3867);
#3684=SURFACE_STYLE_USAGE(.BOTH.,#3868);
#3685=SURFACE_STYLE_USAGE(.BOTH.,#3869);
#3686=SURFACE_STYLE_USAGE(.BOTH.,#3870);
#3687=SURFACE_STYLE_USAGE(.BOTH.,#3871);
#3688=SURFACE_STYLE_USAGE(.BOTH.,#3872);
#3689=SURFACE_STYLE_USAGE(.BOTH.,#3873);
#3690=SURFACE_STYLE_USAGE(.BOTH.,#3874);
#3691=SURFACE_STYLE_USAGE(.BOTH.,#3875);
#3692=SURFACE_STYLE_USAGE(.BOTH.,#3876);
#3693=SURFACE_STYLE_USAGE(.BOTH.,#3877);
#3694=SURFACE_STYLE_USAGE(.BOTH.,#3878);
#3695=SURFACE_STYLE_USAGE(.BOTH.,#3879);
#3696=SURFACE_STYLE_USAGE(.BOTH.,#3880);
#3697=SURFACE_STYLE_USAGE(.BOTH.,#3881);
#3698=SURFACE_STYLE_USAGE(.BOTH.,#3882);
#3699=SURFACE_STYLE_USAGE(.BOTH.,#3883);
#3700=SURFACE_STYLE_USAGE(.BOTH.,#3884);
#3701=SURFACE_STYLE_USAGE(.BOTH.,#3885);
#3702=SURFACE_STYLE_USAGE(.BOTH.,#3886);
#3703=SURFACE_STYLE_USAGE(.BOTH.,#3887);
#3704=SURFACE_STYLE_USAGE(.BOTH.,#3888);
#3705=SURFACE_STYLE_USAGE(.BOTH.,#3889);
#3706=SURFACE_STYLE_USAGE(.BOTH.,#3890);
#3707=SURFACE_STYLE_USAGE(.BOTH.,#3891);
#3708=SURFACE_STYLE_USAGE(.BOTH.,#3892);
#3709=SURFACE_STYLE_USAGE(.BOTH.,#3893);
#3710=SURFACE_STYLE_USAGE(.BOTH.,#3894);
#3711=SURFACE_STYLE_USAGE(.BOTH.,#3895);
#3712=SURFACE_STYLE_USAGE(.BOTH.,#3896);
#3713=SURFACE_STYLE_USAGE(.BOTH.,#3897);
#3714=SURFACE_STYLE_USAGE(.BOTH.,#3898);
#3715=SURFACE_STYLE_USAGE(.BOTH.,#3899);
#3716=SURFACE_STYLE_USAGE(.BOTH.,#3900);
#3717=SURFACE_STYLE_USAGE(.BOTH.,#3901);
#3718=SURFACE_STYLE_USAGE(.BOTH.,#3902);
#3719=SURFACE_STYLE_USAGE(.BOTH.,#3903);
#3720=SURFACE_STYLE_USAGE(.BOTH.,#3904);
#3721=SURFACE_STYLE_USAGE(.BOTH.,#3905);
#3722=SURFACE_STYLE_USAGE(.BOTH.,#3906);
#3723=SURFACE_STYLE_USAGE(.BOTH.,#3907);
#3724=SURFACE_STYLE_USAGE(.BOTH.,#3908);
#3725=SURFACE_STYLE_USAGE(.BOTH.,#3909);
#3726=SURFACE_STYLE_USAGE(.BOTH.,#3910);
#3727=SURFACE_STYLE_USAGE(.BOTH.,#3911);
#3728=SURFACE_STYLE_USAGE(.BOTH.,#3912);
#3729=SURFACE_STYLE_USAGE(.BOTH.,#3913);
#3730=SURFACE_STYLE_USAGE(.BOTH.,#3914);
#3731=SURFACE_STYLE_USAGE(.BOTH.,#3915);
#3732=SURFACE_STYLE_USAGE(.BOTH.,#3916);
#3733=SURFACE_STYLE_USAGE(.BOTH.,#3917);
#3734=SURFACE_STYLE_USAGE(.BOTH.,#3918);
#3735=SURFACE_STYLE_USAGE(.BOTH.,#3919);
#3736=SURFACE_STYLE_USAGE(.BOTH.,#3920);
#3737=SURFACE_STYLE_USAGE(.BOTH.,#3921);
#3738=SURFACE_STYLE_USAGE(.BOTH.,#3922);
#3739=SURFACE_STYLE_USAGE(.BOTH.,#3923);
#3740=SURFACE_STYLE_USAGE(.BOTH.,#3924);
#3741=SURFACE_STYLE_USAGE(.BOTH.,#3925);
#3742=SURFACE_STYLE_USAGE(.BOTH.,#3926);
#3743=SURFACE_STYLE_USAGE(.BOTH.,#3927);
#3744=SURFACE_STYLE_USAGE(.BOTH.,#3928);
#3745=SURFACE_STYLE_USAGE(.BOTH.,#3929);
#3746=SURFACE_STYLE_USAGE(.BOTH.,#3930);
#3747=SURFACE_STYLE_USAGE(.BOTH.,#3931);
#3748=SURFACE_STYLE_USAGE(.BOTH.,#3932);
#3749=SURFACE_STYLE_USAGE(.BOTH.,#3933);
#3750=SURFACE_STYLE_USAGE(.BOTH.,#3934);
#3751=SURFACE_STYLE_USAGE(.BOTH.,#3935);
#3752=SURFACE_STYLE_USAGE(.BOTH.,#3936);
#3753=SURFACE_STYLE_USAGE(.BOTH.,#3937);
#3754=SURFACE_STYLE_USAGE(.BOTH.,#3938);
#3755=SURFACE_STYLE_USAGE(.BOTH.,#3939);
#3756=SURFACE_STYLE_USAGE(.BOTH.,#3940);
#3757=SURFACE_STYLE_USAGE(.BOTH.,#3941);
#3758=SURFACE_STYLE_USAGE(.BOTH.,#3942);
#3759=SURFACE_STYLE_USAGE(.BOTH.,#3943);
#3760=SURFACE_STYLE_USAGE(.BOTH.,#3944);
#3761=SURFACE_STYLE_USAGE(.BOTH.,#3945);
#3762=SURFACE_STYLE_USAGE(.BOTH.,#3946);
#3763=SURFACE_STYLE_USAGE(.BOTH.,#3947);
#3764=SURFACE_STYLE_USAGE(.BOTH.,#3948);
#3765=SURFACE_STYLE_USAGE(.BOTH.,#3949);
#3766=SURFACE_STYLE_USAGE(.BOTH.,#3950);
#3767=SURFACE_STYLE_USAGE(.BOTH.,#3951);
#3768=SURFACE_STYLE_USAGE(.BOTH.,#3952);
#3769=SURFACE_STYLE_USAGE(.BOTH.,#3953);
#3770=SURFACE_STYLE_USAGE(.BOTH.,#3954);
#3771=SURFACE_STYLE_USAGE(.BOTH.,#3955);
#3772=SURFACE_STYLE_USAGE(.BOTH.,#3956);
#3773=SURFACE_STYLE_USAGE(.BOTH.,#3957);
#3774=SURFACE_STYLE_USAGE(.BOTH.,#3958);
#3775=SURFACE_STYLE_USAGE(.BOTH.,#3959);
#3776=SURFACE_STYLE_USAGE(.BOTH.,#3960);
#3777=SURFACE_STYLE_USAGE(.BOTH.,#3961);
#3778=SURFACE_STYLE_USAGE(.BOTH.,#3962);
#3779=SURFACE_STYLE_USAGE(.BOTH.,#3963);
#3780=SURFACE_STYLE_USAGE(.BOTH.,#3964);
#3781=SURFACE_STYLE_USAGE(.BOTH.,#3965);
#3782=SURFACE_STYLE_USAGE(.BOTH.,#3966);
#3783=SURFACE_SIDE_STYLE('',(#3967));
#3784=SURFACE_SIDE_STYLE('',(#3968));
#3785=SURFACE_SIDE_STYLE('',(#3969));
#3786=SURFACE_SIDE_STYLE('',(#3970));
#3787=SURFACE_SIDE_STYLE('',(#3971));
#3788=SURFACE_SIDE_STYLE('',(#3972));
#3789=SURFACE_SIDE_STYLE('',(#3973));
#3790=SURFACE_SIDE_STYLE('',(#3974));
#3791=SURFACE_SIDE_STYLE('',(#3975));
#3792=SURFACE_SIDE_STYLE('',(#3976));
#3793=SURFACE_SIDE_STYLE('',(#3977));
#3794=SURFACE_SIDE_STYLE('',(#3978));
#3795=SURFACE_SIDE_STYLE('',(#3979));
#3796=SURFACE_SIDE_STYLE('',(#3980));
#3797=SURFACE_SIDE_STYLE('',(#3981));
#3798=SURFACE_SIDE_STYLE('',(#3982));
#3799=SURFACE_SIDE_STYLE('',(#3983));
#3800=SURFACE_SIDE_STYLE('',(#3984));
#3801=SURFACE_SIDE_STYLE('',(#3985));
#3802=SURFACE_SIDE_STYLE('',(#3986));
#3803=SURFACE_SIDE_STYLE('',(#3987));
#3804=SURFACE_SIDE_STYLE('',(#3988));
#3805=SURFACE_SIDE_STYLE('',(#3989));
#3806=SURFACE_SIDE_STYLE('',(#3990));
#3807=SURFACE_SIDE_STYLE('',(#3991));
#3808=SURFACE_SIDE_STYLE('',(#3992));
#3809=SURFACE_SIDE_STYLE('',(#3993));
#3810=SURFACE_SIDE_STYLE('',(#3994));
#3811=SURFACE_SIDE_STYLE('',(#3995));
#3812=SURFACE_SIDE_STYLE('',(#3996));
#3813=SURFACE_SIDE_STYLE('',(#3997));
#3814=SURFACE_SIDE_STYLE('',(#3998));
#3815=SURFACE_SIDE_STYLE('',(#3999));
#3816=SURFACE_SIDE_STYLE('',(#4000));
#3817=SURFACE_SIDE_STYLE('',(#4001));
#3818=SURFACE_SIDE_STYLE('',(#4002));
#3819=SURFACE_SIDE_STYLE('',(#4003));
#3820=SURFACE_SIDE_STYLE('',(#4004));
#3821=SURFACE_SIDE_STYLE('',(#4005));
#3822=SURFACE_SIDE_STYLE('',(#4006));
#3823=SURFACE_SIDE_STYLE('',(#4007));
#3824=SURFACE_SIDE_STYLE('',(#4008));
#3825=SURFACE_SIDE_STYLE('',(#4009));
#3826=SURFACE_SIDE_STYLE('',(#4010));
#3827=SURFACE_SIDE_STYLE('',(#4011));
#3828=SURFACE_SIDE_STYLE('',(#4012));
#3829=SURFACE_SIDE_STYLE('',(#4013));
#3830=SURFACE_SIDE_STYLE('',(#4014));
#3831=SURFACE_SIDE_STYLE('',(#4015));
#3832=SURFACE_SIDE_STYLE('',(#4016));
#3833=SURFACE_SIDE_STYLE('',(#4017));
#3834=SURFACE_SIDE_STYLE('',(#4018));
#3835=SURFACE_SIDE_STYLE('',(#4019));
#3836=SURFACE_SIDE_STYLE('',(#4020));
#3837=SURFACE_SIDE_STYLE('',(#4021));
#3838=SURFACE_SIDE_STYLE('',(#4022));
#3839=SURFACE_SIDE_STYLE('',(#4023));
#3840=SURFACE_SIDE_STYLE('',(#4024));
#3841=SURFACE_SIDE_STYLE('',(#4025));
#3842=SURFACE_SIDE_STYLE('',(#4026));
#3843=SURFACE_SIDE_STYLE('',(#4027));
#3844=SURFACE_SIDE_STYLE('',(#4028));
#3845=SURFACE_SIDE_STYLE('',(#4029));
#3846=SURFACE_SIDE_STYLE('',(#4030));
#3847=SURFACE_SIDE_STYLE('',(#4031));
#3848=SURFACE_SIDE_STYLE('',(#4032));
#3849=SURFACE_SIDE_STYLE('',(#4033));
#3850=SURFACE_SIDE_STYLE('',(#4034));
#3851=SURFACE_SIDE_STYLE('',(#4035));
#3852=SURFACE_SIDE_STYLE('',(#4036));
#3853=SURFACE_SIDE_STYLE('',(#4037));
#3854=SURFACE_SIDE_STYLE('',(#4038));
#3855=SURFACE_SIDE_STYLE('',(#4039));
#3856=SURFACE_SIDE_STYLE('',(#4040));
#3857=SURFACE_SIDE_STYLE('',(#4041));
#3858=SURFACE_SIDE_STYLE('',(#4042));
#3859=SURFACE_SIDE_STYLE('',(#4043));
#3860=SURFACE_SIDE_STYLE('',(#4044));
#3861=SURFACE_SIDE_STYLE('',(#4045));
#3862=SURFACE_SIDE_STYLE('',(#4046));
#3863=SURFACE_SIDE_STYLE('',(#4047));
#3864=SURFACE_SIDE_STYLE('',(#4048));
#3865=SURFACE_SIDE_STYLE('',(#4049));
#3866=SURFACE_SIDE_STYLE('',(#4050));
#3867=SURFACE_SIDE_STYLE('',(#4051));
#3868=SURFACE_SIDE_STYLE('',(#4052));
#3869=SURFACE_SIDE_STYLE('',(#4053));
#3870=SURFACE_SIDE_STYLE('',(#4054));
#3871=SURFACE_SIDE_STYLE('',(#4055));
#3872=SURFACE_SIDE_STYLE('',(#4056));
#3873=SURFACE_SIDE_STYLE('',(#4057));
#3874=SURFACE_SIDE_STYLE('',(#4058));
#3875=SURFACE_SIDE_STYLE('',(#4059));
#3876=SURFACE_SIDE_STYLE('',(#4060));
#3877=SURFACE_SIDE_STYLE('',(#4061));
#3878=SURFACE_SIDE_STYLE('',(#4062));
#3879=SURFACE_SIDE_STYLE('',(#4063));
#3880=SURFACE_SIDE_STYLE('',(#4064));
#3881=SURFACE_SIDE_STYLE('',(#4065));
#3882=SURFACE_SIDE_STYLE('',(#4066));
#3883=SURFACE_SIDE_STYLE('',(#4067));
#3884=SURFACE_SIDE_STYLE('',(#4068));
#3885=SURFACE_SIDE_STYLE('',(#4069));
#3886=SURFACE_SIDE_STYLE('',(#4070));
#3887=SURFACE_SIDE_STYLE('',(#4071));
#3888=SURFACE_SIDE_STYLE('',(#4072));
#3889=SURFACE_SIDE_STYLE('',(#4073));
#3890=SURFACE_SIDE_STYLE('',(#4074));
#3891=SURFACE_SIDE_STYLE('',(#4075));
#3892=SURFACE_SIDE_STYLE('',(#4076));
#3893=SURFACE_SIDE_STYLE('',(#4077));
#3894=SURFACE_SIDE_STYLE('',(#4078));
#3895=SURFACE_SIDE_STYLE('',(#4079));
#3896=SURFACE_SIDE_STYLE('',(#4080));
#3897=SURFACE_SIDE_STYLE('',(#4081));
#3898=SURFACE_SIDE_STYLE('',(#4082));
#3899=SURFACE_SIDE_STYLE('',(#4083));
#3900=SURFACE_SIDE_STYLE('',(#4084));
#3901=SURFACE_SIDE_STYLE('',(#4085));
#3902=SURFACE_SIDE_STYLE('',(#4086));
#3903=SURFACE_SIDE_STYLE('',(#4087));
#3904=SURFACE_SIDE_STYLE('',(#4088));
#3905=SURFACE_SIDE_STYLE('',(#4089));
#3906=SURFACE_SIDE_STYLE('',(#4090));
#3907=SURFACE_SIDE_STYLE('',(#4091));
#3908=SURFACE_SIDE_STYLE('',(#4092));
#3909=SURFACE_SIDE_STYLE('',(#4093));
#3910=SURFACE_SIDE_STYLE('',(#4094));
#3911=SURFACE_SIDE_STYLE('',(#4095));
#3912=SURFACE_SIDE_STYLE('',(#4096));
#3913=SURFACE_SIDE_STYLE('',(#4097));
#3914=SURFACE_SIDE_STYLE('',(#4098));
#3915=SURFACE_SIDE_STYLE('',(#4099));
#3916=SURFACE_SIDE_STYLE('',(#4100));
#3917=SURFACE_SIDE_STYLE('',(#4101));
#3918=SURFACE_SIDE_STYLE('',(#4102));
#3919=SURFACE_SIDE_STYLE('',(#4103));
#3920=SURFACE_SIDE_STYLE('',(#4104));
#3921=SURFACE_SIDE_STYLE('',(#4105));
#3922=SURFACE_SIDE_STYLE('',(#4106));
#3923=SURFACE_SIDE_STYLE('',(#4107));
#3924=SURFACE_SIDE_STYLE('',(#4108));
#3925=SURFACE_SIDE_STYLE('',(#4109));
#3926=SURFACE_SIDE_STYLE('',(#4110));
#3927=SURFACE_SIDE_STYLE('',(#4111));
#3928=SURFACE_SIDE_STYLE('',(#4112));
#3929=SURFACE_SIDE_STYLE('',(#4113));
#3930=SURFACE_SIDE_STYLE('',(#4114));
#3931=SURFACE_SIDE_STYLE('',(#4115));
#3932=SURFACE_SIDE_STYLE('',(#4116));
#3933=SURFACE_SIDE_STYLE('',(#4117));
#3934=SURFACE_SIDE_STYLE('',(#4118));
#3935=SURFACE_SIDE_STYLE('',(#4119));
#3936=SURFACE_SIDE_STYLE('',(#4120));
#3937=SURFACE_SIDE_STYLE('',(#4121));
#3938=SURFACE_SIDE_STYLE('',(#4122));
#3939=SURFACE_SIDE_STYLE('',(#4123));
#3940=SURFACE_SIDE_STYLE('',(#4124));
#3941=SURFACE_SIDE_STYLE('',(#4125));
#3942=SURFACE_SIDE_STYLE('',(#4126));
#3943=SURFACE_SIDE_STYLE('',(#4127));
#3944=SURFACE_SIDE_STYLE('',(#4128));
#3945=SURFACE_SIDE_STYLE('',(#4129));
#3946=SURFACE_SIDE_STYLE('',(#4130));
#3947=SURFACE_SIDE_STYLE('',(#4131));
#3948=SURFACE_SIDE_STYLE('',(#4132));
#3949=SURFACE_SIDE_STYLE('',(#4133));
#3950=SURFACE_SIDE_STYLE('',(#4134));
#3951=SURFACE_SIDE_STYLE('',(#4135));
#3952=SURFACE_SIDE_STYLE('',(#4136));
#3953=SURFACE_SIDE_STYLE('',(#4137));
#3954=SURFACE_SIDE_STYLE('',(#4138));
#3955=SURFACE_SIDE_STYLE('',(#4139));
#3956=SURFACE_SIDE_STYLE('',(#4140));
#3957=SURFACE_SIDE_STYLE('',(#4141));
#3958=SURFACE_SIDE_STYLE('',(#4142));
#3959=SURFACE_SIDE_STYLE('',(#4143));
#3960=SURFACE_SIDE_STYLE('',(#4144));
#3961=SURFACE_SIDE_STYLE('',(#4145));
#3962=SURFACE_SIDE_STYLE('',(#4146));
#3963=SURFACE_SIDE_STYLE('',(#4147));
#3964=SURFACE_SIDE_STYLE('',(#4148));
#3965=SURFACE_SIDE_STYLE('',(#4149));
#3966=SURFACE_SIDE_STYLE('',(#4150));
#3967=SURFACE_STYLE_FILL_AREA(#4151);
#3968=SURFACE_STYLE_FILL_AREA(#4152);
#3969=SURFACE_STYLE_FILL_AREA(#4153);
#3970=SURFACE_STYLE_FILL_AREA(#4154);
#3971=SURFACE_STYLE_FILL_AREA(#4155);
#3972=SURFACE_STYLE_FILL_AREA(#4156);
#3973=SURFACE_STYLE_FILL_AREA(#4157);
#3974=SURFACE_STYLE_FILL_AREA(#4158);
#3975=SURFACE_STYLE_FILL_AREA(#4159);
#3976=SURFACE_STYLE_FILL_AREA(#4160);
#3977=SURFACE_STYLE_FILL_AREA(#4161);
#3978=SURFACE_STYLE_FILL_AREA(#4162);
#3979=SURFACE_STYLE_FILL_AREA(#4163);
#3980=SURFACE_STYLE_FILL_AREA(#4164);
#3981=SURFACE_STYLE_FILL_AREA(#4165);
#3982=SURFACE_STYLE_FILL_AREA(#4166);
#3983=SURFACE_STYLE_FILL_AREA(#4167);
#3984=SURFACE_STYLE_FILL_AREA(#4168);
#3985=SURFACE_STYLE_FILL_AREA(#4169);
#3986=SURFACE_STYLE_FILL_AREA(#4170);
#3987=SURFACE_STYLE_FILL_AREA(#4171);
#3988=SURFACE_STYLE_FILL_AREA(#4172);
#3989=SURFACE_STYLE_FILL_AREA(#4173);
#3990=SURFACE_STYLE_FILL_AREA(#4174);
#3991=SURFACE_STYLE_FILL_AREA(#4175);
#3992=SURFACE_STYLE_FILL_AREA(#4176);
#3993=SURFACE_STYLE_FILL_AREA(#4177);
#3994=SURFACE_STYLE_FILL_AREA(#4178);
#3995=SURFACE_STYLE_FILL_AREA(#4179);
#3996=SURFACE_STYLE_FILL_AREA(#4180);
#3997=SURFACE_STYLE_FILL_AREA(#4181);
#3998=SURFACE_STYLE_FILL_AREA(#4182);
#3999=SURFACE_STYLE_FILL_AREA(#4183);
#4000=SURFACE_STYLE_FILL_AREA(#4184);
#4001=SURFACE_STYLE_FILL_AREA(#4185);
#4002=SURFACE_STYLE_FILL_AREA(#4186);
#4003=SURFACE_STYLE_FILL_AREA(#4187);
#4004=SURFACE_STYLE_FILL_AREA(#4188);
#4005=SURFACE_STYLE_FILL_AREA(#4189);
#4006=SURFACE_STYLE_FILL_AREA(#4190);
#4007=SURFACE_STYLE_FILL_AREA(#4191);
#4008=SURFACE_STYLE_FILL_AREA(#4192);
#4009=SURFACE_STYLE_FILL_AREA(#4193);
#4010=SURFACE_STYLE_FILL_AREA(#4194);
#4011=SURFACE_STYLE_FILL_AREA(#4195);
#4012=SURFACE_STYLE_FILL_AREA(#4196);
#4013=SURFACE_STYLE_FILL_AREA(#4197);
#4014=SURFACE_STYLE_FILL_AREA(#4198);
#4015=SURFACE_STYLE_FILL_AREA(#4199);
#4016=SURFACE_STYLE_FILL_AREA(#4200);
#4017=SURFACE_STYLE_FILL_AREA(#4201);
#4018=SURFACE_STYLE_FILL_AREA(#4202);
#4019=SURFACE_STYLE_FILL_AREA(#4203);
#4020=SURFACE_STYLE_FILL_AREA(#4204);
#4021=SURFACE_STYLE_FILL_AREA(#4205);
#4022=SURFACE_STYLE_FILL_AREA(#4206);
#4023=SURFACE_STYLE_FILL_AREA(#4207);
#4024=SURFACE_STYLE_FILL_AREA(#4208);
#4025=SURFACE_STYLE_FILL_AREA(#4209);
#4026=SURFACE_STYLE_FILL_AREA(#4210);
#4027=SURFACE_STYLE_FILL_AREA(#4211);
#4028=SURFACE_STYLE_FILL_AREA(#4212);
#4029=SURFACE_STYLE_FILL_AREA(#4213);
#4030=SURFACE_STYLE_FILL_AREA(#4214);
#4031=SURFACE_STYLE_FILL_AREA(#4215);
#4032=SURFACE_STYLE_FILL_AREA(#4216);
#4033=SURFACE_STYLE_FILL_AREA(#4217);
#4034=SURFACE_STYLE_FILL_AREA(#4218);
#4035=SURFACE_STYLE_FILL_AREA(#4219);
#4036=SURFACE_STYLE_FILL_AREA(#4220);
#4037=SURFACE_STYLE_FILL_AREA(#4221);
#4038=SURFACE_STYLE_FILL_AREA(#4222);
#4039=SURFACE_STYLE_FILL_AREA(#4223);
#4040=SURFACE_STYLE_FILL_AREA(#4224);
#4041=SURFACE_STYLE_FILL_AREA(#4225);
#4042=SURFACE_STYLE_FILL_AREA(#4226);
#4043=SURFACE_STYLE_FILL_AREA(#4227);
#4044=SURFACE_STYLE_FILL_AREA(#4228);
#4045=SURFACE_STYLE_FILL_AREA(#4229);
#4046=SURFACE_STYLE_FILL_AREA(#4230);
#4047=SURFACE_STYLE_FILL_AREA(#4231);
#4048=SURFACE_STYLE_FILL_AREA(#4232);
#4049=SURFACE_STYLE_FILL_AREA(#4233);
#4050=SURFACE_STYLE_FILL_AREA(#4234);
#4051=SURFACE_STYLE_FILL_AREA(#4235);
#4052=SURFACE_STYLE_FILL_AREA(#4236);
#4053=SURFACE_STYLE_FILL_AREA(#4237);
#4054=SURFACE_STYLE_FILL_AREA(#4238);
#4055=SURFACE_STYLE_FILL_AREA(#4239);
#4056=SURFACE_STYLE_FILL_AREA(#4240);
#4057=SURFACE_STYLE_FILL_AREA(#4241);
#4058=SURFACE_STYLE_FILL_AREA(#4242);
#4059=SURFACE_STYLE_FILL_AREA(#4243);
#4060=SURFACE_STYLE_FILL_AREA(#4244);
#4061=SURFACE_STYLE_FILL_AREA(#4245);
#4062=SURFACE_STYLE_FILL_AREA(#4246);
#4063=SURFACE_STYLE_FILL_AREA(#4247);
#4064=SURFACE_STYLE_FILL_AREA(#4248);
#4065=SURFACE_STYLE_FILL_AREA(#4249);
#4066=SURFACE_STYLE_FILL_AREA(#4250);
#4067=SURFACE_STYLE_FILL_AREA(#4251);
#4068=SURFACE_STYLE_FILL_AREA(#4252);
#4069=SURFACE_STYLE_FILL_AREA(#4253);
#4070=SURFACE_STYLE_FILL_AREA(#4254);
#4071=SURFACE_STYLE_FILL_AREA(#4255);
#4072=SURFACE_STYLE_FILL_AREA(#4256);
#4073=SURFACE_STYLE_FILL_AREA(#4257);
#4074=SURFACE_STYLE_FILL_AREA(#4258);
#4075=SURFACE_STYLE_FILL_AREA(#4259);
#4076=SURFACE_STYLE_FILL_AREA(#4260);
#4077=SURFACE_STYLE_FILL_AREA(#4261);
#4078=SURFACE_STYLE_FILL_AREA(#4262);
#4079=SURFACE_STYLE_FILL_AREA(#4263);
#4080=SURFACE_STYLE_FILL_AREA(#4264);
#4081=SURFACE_STYLE_FILL_AREA(#4265);
#4082=SURFACE_STYLE_FILL_AREA(#4266);
#4083=SURFACE_STYLE_FILL_AREA(#4267);
#4084=SURFACE_STYLE_FILL_AREA(#4268);
#4085=SURFACE_STYLE_FILL_AREA(#4269);
#4086=SURFACE_STYLE_FILL_AREA(#4270);
#4087=SURFACE_STYLE_FILL_AREA(#4271);
#4088=SURFACE_STYLE_FILL_AREA(#4272);
#4089=SURFACE_STYLE_FILL_AREA(#4273);
#4090=SURFACE_STYLE_FILL_AREA(#4274);
#4091=SURFACE_STYLE_FILL_AREA(#4275);
#4092=SURFACE_STYLE_FILL_AREA(#4276);
#4093=SURFACE_STYLE_FILL_AREA(#4277);
#4094=SURFACE_STYLE_FILL_AREA(#4278);
#4095=SURFACE_STYLE_FILL_AREA(#4279);
#4096=SURFACE_STYLE_FILL_AREA(#4280);
#4097=SURFACE_STYLE_FILL_AREA(#4281);
#4098=SURFACE_STYLE_FILL_AREA(#4282);
#4099=SURFACE_STYLE_FILL_AREA(#4283);
#4100=SURFACE_STYLE_FILL_AREA(#4284);
#4101=SURFACE_STYLE_FILL_AREA(#4285);
#4102=SURFACE_STYLE_FILL_AREA(#4286);
#4103=SURFACE_STYLE_FILL_AREA(#4287);
#4104=SURFACE_STYLE_FILL_AREA(#4288);
#4105=SURFACE_STYLE_FILL_AREA(#4289);
#4106=SURFACE_STYLE_FILL_AREA(#4290);
#4107=SURFACE_STYLE_FILL_AREA(#4291);
#4108=SURFACE_STYLE_FILL_AREA(#4292);
#4109=SURFACE_STYLE_FILL_AREA(#4293);
#4110=SURFACE_STYLE_FILL_AREA(#4294);
#4111=SURFACE_STYLE_FILL_AREA(#4295);
#4112=SURFACE_STYLE_FILL_AREA(#4296);
#4113=SURFACE_STYLE_FILL_AREA(#4297);
#4114=SURFACE_STYLE_FILL_AREA(#4298);
#4115=SURFACE_STYLE_FILL_AREA(#4299);
#4116=SURFACE_STYLE_FILL_AREA(#4300);
#4117=SURFACE_STYLE_FILL_AREA(#4301);
#4118=SURFACE_STYLE_FILL_AREA(#4302);
#4119=SURFACE_STYLE_FILL_AREA(#4303);
#4120=SURFACE_STYLE_FILL_AREA(#4304);
#4121=SURFACE_STYLE_FILL_AREA(#4305);
#4122=SURFACE_STYLE_FILL_AREA(#4306);
#4123=SURFACE_STYLE_FILL_AREA(#4307);
#4124=SURFACE_STYLE_FILL_AREA(#4308);
#4125=SURFACE_STYLE_FILL_AREA(#4309);
#4126=SURFACE_STYLE_FILL_AREA(#4310);
#4127=SURFACE_STYLE_FILL_AREA(#4311);
#4128=SURFACE_STYLE_FILL_AREA(#4312);
#4129=SURFACE_STYLE_FILL_AREA(#4313);
#4130=SURFACE_STYLE_FILL_AREA(#4314);
#4131=SURFACE_STYLE_FILL_AREA(#4315);
#4132=SURFACE_STYLE_FILL_AREA(#4316);
#4133=SURFACE_STYLE_FILL_AREA(#4317);
#4134=SURFACE_STYLE_FILL_AREA(#4318);
#4135=SURFACE_STYLE_FILL_AREA(#4319);
#4136=SURFACE_STYLE_FILL_AREA(#4320);
#4137=SURFACE_STYLE_FILL_AREA(#4321);
#4138=SURFACE_STYLE_FILL_AREA(#4322);
#4139=SURFACE_STYLE_FILL_AREA(#4323);
#4140=SURFACE_STYLE_FILL_AREA(#4324);
#4141=SURFACE_STYLE_FILL_AREA(#4325);
#4142=SURFACE_STYLE_FILL_AREA(#4326);
#4143=SURFACE_STYLE_FILL_AREA(#4327);
#4144=SURFACE_STYLE_FILL_AREA(#4328);
#4145=SURFACE_STYLE_FILL_AREA(#4329);
#4146=SURFACE_STYLE_FILL_AREA(#4330);
#4147=SURFACE_STYLE_FILL_AREA(#4331);
#4148=SURFACE_STYLE_FILL_AREA(#4332);
#4149=SURFACE_STYLE_FILL_AREA(#4333);
#4150=SURFACE_STYLE_FILL_AREA(#4334);
#4151=FILL_AREA_STYLE('',(#4335));
#4152=FILL_AREA_STYLE('',(#4336));
#4153=FILL_AREA_STYLE('',(#4337));
#4154=FILL_AREA_STYLE('',(#4338));
#4155=FILL_AREA_STYLE('',(#4339));
#4156=FILL_AREA_STYLE('',(#4340));
#4157=FILL_AREA_STYLE('',(#4341));
#4158=FILL_AREA_STYLE('',(#4342));
#4159=FILL_AREA_STYLE('',(#4343));
#4160=FILL_AREA_STYLE('',(#4344));
#4161=FILL_AREA_STYLE('',(#4345));
#4162=FILL_AREA_STYLE('',(#4346));
#4163=FILL_AREA_STYLE('',(#4347));
#4164=FILL_AREA_STYLE('',(#4348));
#4165=FILL_AREA_STYLE('',(#4349));
#4166=FILL_AREA_STYLE('',(#4350));
#4167=FILL_AREA_STYLE('',(#4351));
#4168=FILL_AREA_STYLE('',(#4352));
#4169=FILL_AREA_STYLE('',(#4353));
#4170=FILL_AREA_STYLE('',(#4354));
#4171=FILL_AREA_STYLE('',(#4355));
#4172=FILL_AREA_STYLE('',(#4356));
#4173=FILL_AREA_STYLE('',(#4357));
#4174=FILL_AREA_STYLE('',(#4358));
#4175=FILL_AREA_STYLE('',(#4359));
#4176=FILL_AREA_STYLE('',(#4360));
#4177=FILL_AREA_STYLE('',(#4361));
#4178=FILL_AREA_STYLE('',(#4362));
#4179=FILL_AREA_STYLE('',(#4363));
#4180=FILL_AREA_STYLE('',(#4364));
#4181=FILL_AREA_STYLE('',(#4365));
#4182=FILL_AREA_STYLE('',(#4366));
#4183=FILL_AREA_STYLE('',(#4367));
#4184=FILL_AREA_STYLE('',(#4368));
#4185=FILL_AREA_STYLE('',(#4369));
#4186=FILL_AREA_STYLE('',(#4370));
#4187=FILL_AREA_STYLE('',(#4371));
#4188=FILL_AREA_STYLE('',(#4372));
#4189=FILL_AREA_STYLE('',(#4373));
#4190=FILL_AREA_STYLE('',(#4374));
#4191=FILL_AREA_STYLE('',(#4375));
#4192=FILL_AREA_STYLE('',(#4376));
#4193=FILL_AREA_STYLE('',(#4377));
#4194=FILL_AREA_STYLE('',(#4378));
#4195=FILL_AREA_STYLE('',(#4379));
#4196=FILL_AREA_STYLE('',(#4380));
#4197=FILL_AREA_STYLE('',(#4381));
#4198=FILL_AREA_STYLE('',(#4382));
#4199=FILL_AREA_STYLE('',(#4383));
#4200=FILL_AREA_STYLE('',(#4384));
#4201=FILL_AREA_STYLE('',(#4385));
#4202=FILL_AREA_STYLE('',(#4386));
#4203=FILL_AREA_STYLE('',(#4387));
#4204=FILL_AREA_STYLE('',(#4388));
#4205=FILL_AREA_STYLE('',(#4389));
#4206=FILL_AREA_STYLE('',(#4390));
#4207=FILL_AREA_STYLE('',(#4391));
#4208=FILL_AREA_STYLE('',(#4392));
#4209=FILL_AREA_STYLE('',(#4393));
#4210=FILL_AREA_STYLE('',(#4394));
#4211=FILL_AREA_STYLE('',(#4395));
#4212=FILL_AREA_STYLE('',(#4396));
#4213=FILL_AREA_STYLE('',(#4397));
#4214=FILL_AREA_STYLE('',(#4398));
#4215=FILL_AREA_STYLE('',(#4399));
#4216=FILL_AREA_STYLE('',(#4400));
#4217=FILL_AREA_STYLE('',(#4401));
#4218=FILL_AREA_STYLE('',(#4402));
#4219=FILL_AREA_STYLE('',(#4403));
#4220=FILL_AREA_STYLE('',(#4404));
#4221=FILL_AREA_STYLE('',(#4405));
#4222=FILL_AREA_STYLE('',(#4406));
#4223=FILL_AREA_STYLE('',(#4407));
#4224=FILL_AREA_STYLE('',(#4408));
#4225=FILL_AREA_STYLE('',(#4409));
#4226=FILL_AREA_STYLE('',(#4410));
#4227=FILL_AREA_STYLE('',(#4411));
#4228=FILL_AREA_STYLE('',(#4412));
#4229=FILL_AREA_STYLE('',(#4413));
#4230=FILL_AREA_STYLE('',(#4414));
#4231=FILL_AREA_STYLE('',(#4415));
#4232=FILL_AREA_STYLE('',(#4416));
#4233=FILL_AREA_STYLE('',(#4417));
#4234=FILL_AREA_STYLE('',(#4418));
#4235=FILL_AREA_STYLE('',(#4419));
#4236=FILL_AREA_STYLE('',(#4420));
#4237=FILL_AREA_STYLE('',(#4421));
#4238=FILL_AREA_STYLE('',(#4422));
#4239=FILL_AREA_STYLE('',(#4423));
#4240=FILL_AREA_STYLE('',(#4424));
#4241=FILL_AREA_STYLE('',(#4425));
#4242=FILL_AREA_STYLE('',(#4426));
#4243=FILL_AREA_STYLE('',(#4427));
#4244=FILL_AREA_STYLE('',(#4428));
#4245=FILL_AREA_STYLE('',(#4429));
#4246=FILL_AREA_STYLE('',(#4430));
#4247=FILL_AREA_STYLE('',(#4431));
#4248=FILL_AREA_STYLE('',(#4432));
#4249=FILL_AREA_STYLE('',(#4433));
#4250=FILL_AREA_STYLE('',(#4434));
#4251=FILL_AREA_STYLE('',(#4435));
#4252=FILL_AREA_STYLE('',(#4436));
#4253=FILL_AREA_STYLE('',(#4437));
#4254=FILL_AREA_STYLE('',(#4438));
#4255=FILL_AREA_STYLE('',(#4439));
#4256=FILL_AREA_STYLE('',(#4440));
#4257=FILL_AREA_STYLE('',(#4441));
#4258=FILL_AREA_STYLE('',(#4442));
#4259=FILL_AREA_STYLE('',(#4443));
#4260=FILL_AREA_STYLE('',(#4444));
#4261=FILL_AREA_STYLE('',(#4445));
#4262=FILL_AREA_STYLE('',(#4446));
#4263=FILL_AREA_STYLE('',(#4447));
#4264=FILL_AREA_STYLE('',(#4448));
#4265=FILL_AREA_STYLE('',(#4449));
#4266=FILL_AREA_STYLE('',(#4450));
#4267=FILL_AREA_STYLE('',(#4451));
#4268=FILL_AREA_STYLE('',(#4452));
#4269=FILL_AREA_STYLE('',(#4453));
#4270=FILL_AREA_STYLE('',(#4454));
#4271=FILL_AREA_STYLE('',(#4455));
#4272=FILL_AREA_STYLE('',(#4456));
#4273=FILL_AREA_STYLE('',(#4457));
#4274=FILL_AREA_STYLE('',(#4458));
#4275=FILL_AREA_STYLE('',(#4459));
#4276=FILL_AREA_STYLE('',(#4460));
#4277=FILL_AREA_STYLE('',(#4461));
#4278=FILL_AREA_STYLE('',(#4462));
#4279=FILL_AREA_STYLE('',(#4463));
#4280=FILL_AREA_STYLE('',(#4464));
#4281=FILL_AREA_STYLE('',(#4465));
#4282=FILL_AREA_STYLE('',(#4466));
#4283=FILL_AREA_STYLE('',(#4467));
#4284=FILL_AREA_STYLE('',(#4468));
#4285=FILL_AREA_STYLE('',(#4469));
#4286=FILL_AREA_STYLE('',(#4470));
#4287=FILL_AREA_STYLE('',(#4471));
#4288=FILL_AREA_STYLE('',(#4472));
#4289=FILL_AREA_STYLE('',(#4473));
#4290=FILL_AREA_STYLE('',(#4474));
#4291=FILL_AREA_STYLE('',(#4475));
#4292=FILL_AREA_STYLE('',(#4476));
#4293=FILL_AREA_STYLE('',(#4477));
#4294=FILL_AREA_STYLE('',(#4478));
#4295=FILL_AREA_STYLE('',(#4479));
#4296=FILL_AREA_STYLE('',(#4480));
#4297=FILL_AREA_STYLE('',(#4481));
#4298=FILL_AREA_STYLE('',(#4482));
#4299=FILL_AREA_STYLE('',(#4483));
#4300=FILL_AREA_STYLE('',(#4484));
#4301=FILL_AREA_STYLE('',(#4485));
#4302=FILL_AREA_STYLE('',(#4486));
#4303=FILL_AREA_STYLE('',(#4487));
#4304=FILL_AREA_STYLE('',(#4488));
#4305=FILL_AREA_STYLE('',(#4489));
#4306=FILL_AREA_STYLE('',(#4490));
#4307=FILL_AREA_STYLE('',(#4491));
#4308=FILL_AREA_STYLE('',(#4492));
#4309=FILL_AREA_STYLE('',(#4493));
#4310=FILL_AREA_STYLE('',(#4494));
#4311=FILL_AREA_STYLE('',(#4495));
#4312=FILL_AREA_STYLE('',(#4496));
#4313=FILL_AREA_STYLE('',(#4497));
#4314=FILL_AREA_STYLE('',(#4498));
#4315=FILL_AREA_STYLE('',(#4499));
#4316=FILL_AREA_STYLE('',(#4500));
#4317=FILL_AREA_STYLE('',(#4501));
#4318=FILL_AREA_STYLE('',(#4502));
#4319=FILL_AREA_STYLE('',(#4503));
#4320=FILL_AREA_STYLE('',(#4504));
#4321=FILL_AREA_STYLE('',(#4505));
#4322=FILL_AREA_STYLE('',(#4506));
#4323=FILL_AREA_STYLE('',(#4507));
#4324=FILL_AREA_STYLE('',(#4508));
#4325=FILL_AREA_STYLE('',(#4509));
#4326=FILL_AREA_STYLE('',(#4510));
#4327=FILL_AREA_STYLE('',(#4511));
#4328=FILL_AREA_STYLE('',(#4512));
#4329=FILL_AREA_STYLE('',(#4513));
#4330=FILL_AREA_STYLE('',(#4514));
#4331=FILL_AREA_STYLE('',(#4515));
#4332=FILL_AREA_STYLE('',(#4516));
#4333=FILL_AREA_STYLE('',(#4517));
#4334=FILL_AREA_STYLE('',(#4518));
#4335=FILL_AREA_STYLE_COLOUR('',#4519);
#4336=FILL_AREA_STYLE_COLOUR('',#4519);
#4337=FILL_AREA_STYLE_COLOUR('',#4519);
#4338=FILL_AREA_STYLE_COLOUR('',#4519);
#4339=FILL_AREA_STYLE_COLOUR('',#4519);
#4340=FILL_AREA_STYLE_COLOUR('',#4519);
#4341=FILL_AREA_STYLE_COLOUR('',#4519);
#4342=FILL_AREA_STYLE_COLOUR('',#4519);
#4343=FILL_AREA_STYLE_COLOUR('',#4519);
#4344=FILL_AREA_STYLE_COLOUR('',#4519);
#4345=FILL_AREA_STYLE_COLOUR('',#4519);
#4346=FILL_AREA_STYLE_COLOUR('',#4519);
#4347=FILL_AREA_STYLE_COLOUR('',#4519);
#4348=FILL_AREA_STYLE_COLOUR('',#4519);
#4349=FILL_AREA_STYLE_COLOUR('',#4519);
#4350=FILL_AREA_STYLE_COLOUR('',#4519);
#4351=FILL_AREA_STYLE_COLOUR('',#4519);
#4352=FILL_AREA_STYLE_COLOUR('',#4519);
#4353=FILL_AREA_STYLE_COLOUR('',#4519);
#4354=FILL_AREA_STYLE_COLOUR('',#4519);
#4355=FILL_AREA_STYLE_COLOUR('',#4519);
#4356=FILL_AREA_STYLE_COLOUR('',#4519);
#4357=FILL_AREA_STYLE_COLOUR('',#4519);
#4358=FILL_AREA_STYLE_COLOUR('',#4519);
#4359=FILL_AREA_STYLE_COLOUR('',#4519);
#4360=FILL_AREA_STYLE_COLOUR('',#4519);
#4361=FILL_AREA_STYLE_COLOUR('',#4519);
#4362=FILL_AREA_STYLE_COLOUR('',#4519);
#4363=FILL_AREA_STYLE_COLOUR('',#4519);
#4364=FILL_AREA_STYLE_COLOUR('',#4519);
#4365=FILL_AREA_STYLE_COLOUR('',#4519);
#4366=FILL_AREA_STYLE_COLOUR('',#4519);
#4367=FILL_AREA_STYLE_COLOUR('',#4519);
#4368=FILL_AREA_STYLE_COLOUR('',#4519);
#4369=FILL_AREA_STYLE_COLOUR('',#4519);
#4370=FILL_AREA_STYLE_COLOUR('',#4519);
#4371=FILL_AREA_STYLE_COLOUR('',#4519);
#4372=FILL_AREA_STYLE_COLOUR('',#4519);
#4373=FILL_AREA_STYLE_COLOUR('',#4519);
#4374=FILL_AREA_STYLE_COLOUR('',#4519);
#4375=FILL_AREA_STYLE_COLOUR('',#4519);
#4376=FILL_AREA_STYLE_COLOUR('',#4519);
#4377=FILL_AREA_STYLE_COLOUR('',#4519);
#4378=FILL_AREA_STYLE_COLOUR('',#4519);
#4379=FILL_AREA_STYLE_COLOUR('',#4519);
#4380=FILL_AREA_STYLE_COLOUR('',#4519);
#4381=FILL_AREA_STYLE_COLOUR('',#4519);
#4382=FILL_AREA_STYLE_COLOUR('',#4519);
#4383=FILL_AREA_STYLE_COLOUR('',#4519);
#4384=FILL_AREA_STYLE_COLOUR('',#4519);
#4385=FILL_AREA_STYLE_COLOUR('',#4519);
#4386=FILL_AREA_STYLE_COLOUR('',#4519);
#4387=FILL_AREA_STYLE_COLOUR('',#4519);
#4388=FILL_AREA_STYLE_COLOUR('',#4519);
#4389=FILL_AREA_STYLE_COLOUR('',#4519);
#4390=FILL_AREA_STYLE_COLOUR('',#4519);
#4391=FILL_AREA_STYLE_COLOUR('',#4519);
#4392=FILL_AREA_STYLE_COLOUR('',#4519);
#4393=FILL_AREA_STYLE_COLOUR('',#4519);
#4394=FILL_AREA_STYLE_COLOUR('',#4519);
#4395=FILL_AREA_STYLE_COLOUR('',#4519);
#4396=FILL_AREA_STYLE_COLOUR('',#4519);
#4397=FILL_AREA_STYLE_COLOUR('',#4519);
#4398=FILL_AREA_STYLE_COLOUR('',#4519);
#4399=FILL_AREA_STYLE_COLOUR('',#4519);
#4400=FILL_AREA_STYLE_COLOUR('',#4519);
#4401=FILL_AREA_STYLE_COLOUR('',#4519);
#4402=FILL_AREA_STYLE_COLOUR('',#4519);
#4403=FILL_AREA_STYLE_COLOUR('',#4519);
#4404=FILL_AREA_STYLE_COLOUR('',#4519);
#4405=FILL_AREA_STYLE_COLOUR('',#4519);
#4406=FILL_AREA_STYLE_COLOUR('',#4519);
#4407=FILL_AREA_STYLE_COLOUR('',#4519);
#4408=FILL_AREA_STYLE_COLOUR('',#4519);
#4409=FILL_AREA_STYLE_COLOUR('',#4519);
#4410=FILL_AREA_STYLE_COLOUR('',#4519);
#4411=FILL_AREA_STYLE_COLOUR('',#4519);
#4412=FILL_AREA_STYLE_COLOUR('',#4519);
#4413=FILL_AREA_STYLE_COLOUR('',#4519);
#4414=FILL_AREA_STYLE_COLOUR('',#4519);
#4415=FILL_AREA_STYLE_COLOUR('',#4519);
#4416=FILL_AREA_STYLE_COLOUR('',#4519);
#4417=FILL_AREA_STYLE_COLOUR('',#4519);
#4418=FILL_AREA_STYLE_COLOUR('',#4519);
#4419=FILL_AREA_STYLE_COLOUR('',#4519);
#4420=FILL_AREA_STYLE_COLOUR('',#4519);
#4421=FILL_AREA_STYLE_COLOUR('',#4519);
#4422=FILL_AREA_STYLE_COLOUR('',#4519);
#4423=FILL_AREA_STYLE_COLOUR('',#4519);
#4424=FILL_AREA_STYLE_COLOUR('',#4519);
#4425=FILL_AREA_STYLE_COLOUR('',#4519);
#4426=FILL_AREA_STYLE_COLOUR('',#4519);
#4427=FILL_AREA_STYLE_COLOUR('',#4519);
#4428=FILL_AREA_STYLE_COLOUR('',#4519);
#4429=FILL_AREA_STYLE_COLOUR('',#4519);
#4430=FILL_AREA_STYLE_COLOUR('',#4519);
#4431=FILL_AREA_STYLE_COLOUR('',#4519);
#4432=FILL_AREA_STYLE_COLOUR('',#4519);
#4433=FILL_AREA_STYLE_COLOUR('',#4519);
#4434=FILL_AREA_STYLE_COLOUR('',#4519);
#4435=FILL_AREA_STYLE_COLOUR('',#4519);
#4436=FILL_AREA_STYLE_COLOUR('',#4519);
#4437=FILL_AREA_STYLE_COLOUR('',#4519);
#4438=FILL_AREA_STYLE_COLOUR('',#4519);
#4439=FILL_AREA_STYLE_COLOUR('',#4519);
#4440=FILL_AREA_STYLE_COLOUR('',#4519);
#4441=FILL_AREA_STYLE_COLOUR('',#4519);
#4442=FILL_AREA_STYLE_COLOUR('',#4519);
#4443=FILL_AREA_STYLE_COLOUR('',#4519);
#4444=FILL_AREA_STYLE_COLOUR('',#4519);
#4445=FILL_AREA_STYLE_COLOUR('',#20);
#4446=FILL_AREA_STYLE_COLOUR('',#4519);
#4447=FILL_AREA_STYLE_COLOUR('',#4519);
#4448=FILL_AREA_STYLE_COLOUR('',#4519);
#4449=FILL_AREA_STYLE_COLOUR('',#4519);
#4450=FILL_AREA_STYLE_COLOUR('',#4519);
#4451=FILL_AREA_STYLE_COLOUR('',#4519);
#4452=FILL_AREA_STYLE_COLOUR('',#4519);
#4453=FILL_AREA_STYLE_COLOUR('',#4519);
#4454=FILL_AREA_STYLE_COLOUR('',#4519);
#4455=FILL_AREA_STYLE_COLOUR('',#4519);
#4456=FILL_AREA_STYLE_COLOUR('',#4519);
#4457=FILL_AREA_STYLE_COLOUR('',#4519);
#4458=FILL_AREA_STYLE_COLOUR('',#4519);
#4459=FILL_AREA_STYLE_COLOUR('',#4519);
#4460=FILL_AREA_STYLE_COLOUR('',#4519);
#4461=FILL_AREA_STYLE_COLOUR('',#4519);
#4462=FILL_AREA_STYLE_COLOUR('',#4519);
#4463=FILL_AREA_STYLE_COLOUR('',#4519);
#4464=FILL_AREA_STYLE_COLOUR('',#4519);
#4465=FILL_AREA_STYLE_COLOUR('',#4519);
#4466=FILL_AREA_STYLE_COLOUR('',#4519);
#4467=FILL_AREA_STYLE_COLOUR('',#4519);
#4468=FILL_AREA_STYLE_COLOUR('',#4519);
#4469=FILL_AREA_STYLE_COLOUR('',#4519);
#4470=FILL_AREA_STYLE_COLOUR('',#4519);
#4471=FILL_AREA_STYLE_COLOUR('',#4519);
#4472=FILL_AREA_STYLE_COLOUR('',#4519);
#4473=FILL_AREA_STYLE_COLOUR('',#4519);
#4474=FILL_AREA_STYLE_COLOUR('',#4519);
#4475=FILL_AREA_STYLE_COLOUR('',#4519);
#4476=FILL_AREA_STYLE_COLOUR('',#4519);
#4477=FILL_AREA_STYLE_COLOUR('',#4519);
#4478=FILL_AREA_STYLE_COLOUR('',#4519);
#4479=FILL_AREA_STYLE_COLOUR('',#4519);
#4480=FILL_AREA_STYLE_COLOUR('',#4519);
#4481=FILL_AREA_STYLE_COLOUR('',#4519);
#4482=FILL_AREA_STYLE_COLOUR('',#4519);
#4483=FILL_AREA_STYLE_COLOUR('',#4519);
#4484=FILL_AREA_STYLE_COLOUR('',#4519);
#4485=FILL_AREA_STYLE_COLOUR('',#4519);
#4486=FILL_AREA_STYLE_COLOUR('',#4519);
#4487=FILL_AREA_STYLE_COLOUR('',#4519);
#4488=FILL_AREA_STYLE_COLOUR('',#4519);
#4489=FILL_AREA_STYLE_COLOUR('',#4519);
#4490=FILL_AREA_STYLE_COLOUR('',#20);
#4491=FILL_AREA_STYLE_COLOUR('',#4519);
#4492=FILL_AREA_STYLE_COLOUR('',#4519);
#4493=FILL_AREA_STYLE_COLOUR('',#4519);
#4494=FILL_AREA_STYLE_COLOUR('',#4519);
#4495=FILL_AREA_STYLE_COLOUR('',#4519);
#4496=FILL_AREA_STYLE_COLOUR('',#4519);
#4497=FILL_AREA_STYLE_COLOUR('',#4519);
#4498=FILL_AREA_STYLE_COLOUR('',#4519);
#4499=FILL_AREA_STYLE_COLOUR('',#4519);
#4500=FILL_AREA_STYLE_COLOUR('',#4519);
#4501=FILL_AREA_STYLE_COLOUR('',#4519);
#4502=FILL_AREA_STYLE_COLOUR('',#4519);
#4503=FILL_AREA_STYLE_COLOUR('',#4519);
#4504=FILL_AREA_STYLE_COLOUR('',#4519);
#4505=FILL_AREA_STYLE_COLOUR('',#4519);
#4506=FILL_AREA_STYLE_COLOUR('',#4519);
#4507=FILL_AREA_STYLE_COLOUR('',#4519);
#4508=FILL_AREA_STYLE_COLOUR('',#4519);
#4509=FILL_AREA_STYLE_COLOUR('',#4519);
#4510=FILL_AREA_STYLE_COLOUR('',#4519);
#4511=FILL_AREA_STYLE_COLOUR('',#4519);
#4512=FILL_AREA_STYLE_COLOUR('',#4519);
#4513=FILL_AREA_STYLE_COLOUR('',#4519);
#4514=FILL_AREA_STYLE_COLOUR('',#4519);
#4515=FILL_AREA_STYLE_COLOUR('',#4519);
#4516=FILL_AREA_STYLE_COLOUR('',#4519);
#4517=FILL_AREA_STYLE_COLOUR('',#4519);
#4518=FILL_AREA_STYLE_COLOUR('',#4519);
#4519=COLOUR_RGB('',0.689999997615814,0.689999997615814,0.689999997615814);
#4520=ADVANCED_FACE('',(#2889),#3085,.F.);
#4521=ADVANCED_FACE('',(#2890),#3086,.F.);
#4522=ADVANCED_FACE('',(#2891),#3087,.F.);
#4523=ADVANCED_FACE('',(#2892),#3088,.F.);
#4524=ADVANCED_FACE('',(#2893),#3089,.F.);
#4525=ADVANCED_FACE('',(#2894),#3090,.F.);
#4526=ADVANCED_FACE('',(#2895),#3091,.F.);
#4527=ADVANCED_FACE('',(#2896),#3092,.T.);
#4528=ADVANCED_FACE('',(#2897,#2898),#3093,.F.);
#4529=ADVANCED_FACE('',(#2899),#3094,.F.);
#4530=ADVANCED_FACE('',(#2900),#3095,.F.);
#4531=ADVANCED_FACE('',(#2901),#3096,.F.);
#4532=ADVANCED_FACE('',(#2902),#3097,.F.);
#4533=ADVANCED_FACE('',(#2903),#3098,.F.);
#4534=ADVANCED_FACE('',(#2904),#3099,.F.);
#4535=ADVANCED_FACE('',(#2905),#3100,.T.);
#4536=ADVANCED_FACE('',(#2906),#3101,.F.);
#4537=ADVANCED_FACE('',(#2907),#3102,.F.);
#4538=ADVANCED_FACE('',(#2908),#3103,.F.);
#4539=ADVANCED_FACE('',(#2909),#3104,.T.);
#4540=ADVANCED_FACE('',(#2910,#2911),#3105,.F.);
#4541=ADVANCED_FACE('',(#2912,#2913),#3106,.F.);
#4542=ADVANCED_FACE('',(#2914,#2915),#3107,.F.);
#4543=ADVANCED_FACE('',(#2916),#3108,.T.);
#4544=ADVANCED_FACE('',(#2917),#3109,.F.);
#4545=ADVANCED_FACE('',(#2918),#3110,.F.);
#4546=ADVANCED_FACE('',(#2919),#3111,.F.);
#4547=ADVANCED_FACE('',(#2920),#3112,.F.);
#4548=ADVANCED_FACE('',(#2921),#3113,.F.);
#4549=ADVANCED_FACE('',(#2922),#3114,.F.);
#4550=ADVANCED_FACE('',(#2923,#2924),#3115,.F.);
#4551=ADVANCED_FACE('',(#2925),#37,.T.);
#4552=ADVANCED_FACE('',(#2926),#3116,.F.);
#4553=ADVANCED_FACE('',(#2927),#38,.T.);
#4554=ADVANCED_FACE('',(#2928),#3117,.F.);
#4555=ADVANCED_FACE('',(#2929),#3118,.F.);
#4556=ADVANCED_FACE('',(#2930),#3119,.F.);
#4557=ADVANCED_FACE('',(#2931),#3120,.F.);
#4558=ADVANCED_FACE('',(#2932),#3121,.F.);
#4559=ADVANCED_FACE('',(#2933),#3122,.F.);
#4560=ADVANCED_FACE('',(#2934),#3123,.F.);
#4561=ADVANCED_FACE('',(#2935),#3124,.F.);
#4562=ADVANCED_FACE('',(#2936),#3125,.F.);
#4563=ADVANCED_FACE('',(#2937),#3126,.F.);
#4564=ADVANCED_FACE('',(#2938),#39,.T.);
#4565=ADVANCED_FACE('',(#2939),#3127,.F.);
#4566=ADVANCED_FACE('',(#2940),#3128,.F.);
#4567=ADVANCED_FACE('',(#2941),#3129,.F.);
#4568=ADVANCED_FACE('',(#2942),#3130,.F.);
#4569=ADVANCED_FACE('',(#2943),#3131,.F.);
#4570=ADVANCED_FACE('',(#2944),#3132,.F.);
#4571=ADVANCED_FACE('',(#2945),#3133,.F.);
#4572=ADVANCED_FACE('',(#2946),#3134,.F.);
#4573=ADVANCED_FACE('',(#2947),#3135,.F.);
#4574=ADVANCED_FACE('',(#2948),#40,.T.);
#4575=ADVANCED_FACE('',(#2949),#3136,.F.);
#4576=ADVANCED_FACE('',(#2950),#41,.T.);
#4577=ADVANCED_FACE('',(#2951),#3137,.F.);
#4578=ADVANCED_FACE('',(#2952),#3138,.F.);
#4579=ADVANCED_FACE('',(#2953),#42,.T.);
#4580=ADVANCED_FACE('',(#2954),#3139,.F.);
#4581=ADVANCED_FACE('',(#2955),#3140,.F.);
#4582=ADVANCED_FACE('',(#2956),#3141,.F.);
#4583=ADVANCED_FACE('',(#2957),#3142,.F.);
#4584=ADVANCED_FACE('',(#2958),#3143,.F.);
#4585=ADVANCED_FACE('',(#2959),#3144,.F.);
#4586=ADVANCED_FACE('',(#2960),#3145,.F.);
#4587=ADVANCED_FACE('',(#2961),#3146,.F.);
#4588=ADVANCED_FACE('',(#2962),#3147,.F.);
#4589=ADVANCED_FACE('',(#2963),#3148,.F.);
#4590=ADVANCED_FACE('',(#2964),#3149,.F.);
#4591=ADVANCED_FACE('',(#2965),#3150,.F.);
#4592=ADVANCED_FACE('',(#2966,#2967),#3151,.F.);
#4593=ADVANCED_FACE('',(#2968),#3152,.F.);
#4594=ADVANCED_FACE('',(#2969),#3153,.F.);
#4595=ADVANCED_FACE('',(#2970),#3154,.F.);
#4596=ADVANCED_FACE('',(#2971),#3155,.F.);
#4597=ADVANCED_FACE('',(#2972),#3156,.F.);
#4598=ADVANCED_FACE('',(#2973),#3157,.F.);
#4599=ADVANCED_FACE('',(#2974),#43,.T.);
#4600=ADVANCED_FACE('',(#2975),#3158,.F.);
#4601=ADVANCED_FACE('',(#2976),#3159,.F.);
#4602=ADVANCED_FACE('',(#2977),#3160,.F.);
#4603=ADVANCED_FACE('',(#2978),#3161,.F.);
#4604=ADVANCED_FACE('',(#2979),#3162,.F.);
#4605=ADVANCED_FACE('',(#2980),#3163,.F.);
#4606=ADVANCED_FACE('',(#2981),#3164,.F.);
#4607=ADVANCED_FACE('',(#2982),#3165,.F.);
#4608=ADVANCED_FACE('',(#2983),#3166,.F.);
#4609=ADVANCED_FACE('',(#2984),#3167,.F.);
#4610=ADVANCED_FACE('',(#2985),#3168,.F.);
#4611=ADVANCED_FACE('',(#2986),#44,.T.);
#4612=ADVANCED_FACE('',(#2987),#3169,.F.);
#4613=ADVANCED_FACE('',(#2988),#3170,.F.);
#4614=ADVANCED_FACE('',(#2989),#45,.T.);
#4615=ADVANCED_FACE('',(#2990),#46,.T.);
#4616=ADVANCED_FACE('',(#2991),#47,.T.);
#4617=ADVANCED_FACE('',(#2992),#48,.T.);
#4618=ADVANCED_FACE('',(#2993),#49,.T.);
#4619=ADVANCED_FACE('',(#2994),#50,.T.);
#4620=ADVANCED_FACE('',(#2995),#51,.T.);
#4621=ADVANCED_FACE('',(#2996),#52,.T.);
#4622=ADVANCED_FACE('',(#2997),#3171,.T.);
#4623=ADVANCED_FACE('',(#2998),#3172,.T.);
#4624=ADVANCED_FACE('',(#2999),#3173,.T.);
#4625=ADVANCED_FACE('',(#3000),#3174,.F.);
#4626=ADVANCED_FACE('',(#3001),#3175,.F.);
#4627=ADVANCED_FACE('',(#3002),#3176,.F.);
#4628=ADVANCED_FACE('',(#3003),#3177,.F.);
#4629=ADVANCED_FACE('',(#3004),#3178,.T.);
#4630=ADVANCED_FACE('',(#3005),#3179,.T.);
#4631=ADVANCED_FACE('',(#3006),#3180,.T.);
#4632=ADVANCED_FACE('',(#3007),#3181,.T.);
#4633=ADVANCED_FACE('',(#3008),#3182,.T.);
#4634=ADVANCED_FACE('',(#3009),#53,.F.);
#4635=ADVANCED_FACE('',(#3010),#3183,.T.);
#4636=ADVANCED_FACE('',(#3011),#3184,.T.);
#4637=ADVANCED_FACE('',(#3012),#3185,.T.);
#4638=ADVANCED_FACE('',(#3013),#54,.F.);
#4639=ADVANCED_FACE('',(#3014),#3186,.T.);
#4640=ADVANCED_FACE('',(#3015),#3187,.T.);
#4641=ADVANCED_FACE('',(#3016),#3188,.T.);
#4642=ADVANCED_FACE('',(#3017),#3189,.T.);
#4643=ADVANCED_FACE('',(#3018),#55,.F.);
#4644=ADVANCED_FACE('',(#3019),#3190,.T.);
#4645=ADVANCED_FACE('',(#3020),#3191,.T.);
#4646=ADVANCED_FACE('',(#3021),#3192,.T.);
#4647=ADVANCED_FACE('',(#3022),#56,.F.);
#4648=ADVANCED_FACE('',(#3023),#3193,.T.);
#4649=ADVANCED_FACE('',(#3024),#3194,.T.);
#4650=ADVANCED_FACE('',(#3025),#3195,.T.);
#4651=ADVANCED_FACE('',(#3026),#57,.F.);
#4652=ADVANCED_FACE('',(#3027),#3196,.T.);
#4653=ADVANCED_FACE('',(#3028),#3197,.T.);
#4654=ADVANCED_FACE('',(#3029),#3198,.T.);
#4655=ADVANCED_FACE('',(#3030),#3199,.T.);
#4656=ADVANCED_FACE('',(#3031),#58,.F.);
#4657=ADVANCED_FACE('',(#3032),#3200,.T.);
#4658=ADVANCED_FACE('',(#3033),#3201,.T.);
#4659=ADVANCED_FACE('',(#3034),#3202,.T.);
#4660=ADVANCED_FACE('',(#3035),#59,.F.);
#4661=ADVANCED_FACE('',(#3036),#3203,.T.);
#4662=ADVANCED_FACE('',(#3037),#3204,.T.);
#4663=ADVANCED_FACE('',(#3038),#3205,.T.);
#4664=ADVANCED_FACE('',(#3039),#3206,.T.);
#4665=ADVANCED_FACE('',(#3040),#60,.F.);
#4666=ADVANCED_FACE('',(#3041),#3207,.T.);
#4667=ADVANCED_FACE('',(#3042),#3208,.T.);
#4668=ADVANCED_FACE('',(#3043),#3209,.T.);
#4669=ADVANCED_FACE('',(#3044),#61,.F.);
#4670=ADVANCED_FACE('',(#3045),#3210,.T.);
#4671=ADVANCED_FACE('',(#3046),#3211,.T.);
#4672=ADVANCED_FACE('',(#3047),#3212,.T.);
#4673=ADVANCED_FACE('',(#3048),#62,.F.);
#4674=ADVANCED_FACE('',(#3049),#3213,.T.);
#4675=ADVANCED_FACE('',(#3050),#3214,.F.);
#4676=ADVANCED_FACE('',(#3051),#63,.T.);
#4677=ADVANCED_FACE('',(#3052),#3215,.F.);
#4678=ADVANCED_FACE('',(#3053),#64,.T.);
#4679=ADVANCED_FACE('',(#3054),#3216,.F.);
#4680=ADVANCED_FACE('',(#3055),#65,.T.);
#4681=ADVANCED_FACE('',(#3056),#3217,.F.);
#4682=ADVANCED_FACE('',(#3057),#3218,.F.);
#4683=ADVANCED_FACE('',(#3058),#66,.T.);
#4684=ADVANCED_FACE('',(#3059),#67,.T.);
#4685=ADVANCED_FACE('',(#3060),#3219,.F.);
#4686=ADVANCED_FACE('',(#3061),#68,.T.);
#4687=ADVANCED_FACE('',(#3062),#3220,.F.);
#4688=ADVANCED_FACE('',(#3063),#3221,.F.);
#4689=ADVANCED_FACE('',(#3064),#69,.T.);
#4690=ADVANCED_FACE('',(#3065),#3222,.F.);
#4691=ADVANCED_FACE('',(#3066),#70,.T.);
#4692=ADVANCED_FACE('',(#3067),#3223,.F.);
#4693=ADVANCED_FACE('',(#3068,#3069),#3224,.T.);
#4694=ADVANCED_FACE('',(#3070,#3071),#3225,.F.);
#4695=ADVANCED_FACE('',(#3072),#71,.T.);
#4696=ADVANCED_FACE('',(#3073),#3226,.F.);
#4697=ADVANCED_FACE('',(#3074,#3075),#72,.F.);
#4698=ADVANCED_FACE('',(#3076),#3227,.T.);
#4699=ADVANCED_FACE('',(#3077,#3078),#3228,.F.);
#4700=ADVANCED_FACE('',(#3079,#3080),#3229,.T.);
#4701=ADVANCED_FACE('',(#3081),#73,.T.);
#4702=ADVANCED_FACE('',(#3082),#3230,.T.);
#4703=ADVANCED_FACE('',(#3083,#3084),#74,.F.);
#4704=CLOSED_SHELL('',(#4520,#4521,#4522,#4523,#4524,#4525,#4526,#4527,
#4528,#4529,#4530,#4531,#4532,#4533,#4534,#4535,#4536,#4537,#4538,#4539,
#4540,#4541,#4542,#4543,#4544,#4545,#4546,#4547,#4548,#4549,#4550,#4551,
#4552,#4553,#4554,#4555,#4556,#4557,#4558,#4559,#4560,#4561,#4562,#4563,
#4564,#4565,#4566,#4567,#4568,#4569,#4570,#4571,#4572,#4573,#4574,#4575,
#4576,#4577,#4578,#4579,#4580,#4581,#4582,#4583,#4584,#4585,#4586,#4587,
#4588,#4589,#4590,#4591,#4592,#4593,#4594,#4595,#4596,#4597,#4598,#4599,
#4600,#4601,#4602,#4603,#4604,#4605,#4606,#4607,#4608,#4609,#4610,#4611,
#4612,#4613,#4614,#4615,#4616,#4617,#4618,#4619,#4620,#4621,#4622,#4623,
#4624,#4625,#4626,#4627,#4628,#4629,#4630,#4631,#4632,#4633,#4634,#4635,
#4636,#4637,#4638,#4639,#4640,#4641,#4642,#4643,#4644,#4645,#4646,#4647,
#4648,#4649,#4650,#4651,#4652,#4653,#4654,#4655,#4656,#4657,#4658,#4659,
#4660,#4661,#4662,#4663,#4664,#4665,#4666,#4667,#4668,#4669,#4670,#4671,
#4672,#4673,#4674,#4675,#4676,#4677,#4678,#4679,#4680,#4681,#4682,#4683,
#4684,#4685,#4686,#4687,#4688,#4689,#4690,#4691,#4692,#4693,#4694,#4695,
#4696,#4697,#4698,#4699,#4700,#4701,#4702,#4703));
#4705=MANIFOLD_SOLID_BREP('2742.000',#4704);
#4706=SHAPE_DEFINITION_REPRESENTATION(#6834,#4707);
#4707=SHAPE_REPRESENTATION('2742.000',(#4708),#6829);
#4708=AXIS2_PLACEMENT_3D('',#5861,#4953,#4954);
#4709=AXIS2_PLACEMENT_3D('',#5862,#4955,#4956);
#4710=AXIS2_PLACEMENT_3D('',#5871,#4961,#4962);
#4711=AXIS2_PLACEMENT_3D('',#5880,#4967,#4968);
#4712=AXIS2_PLACEMENT_3D('',#5886,#4972,#4973);
#4713=AXIS2_PLACEMENT_3D('',#5892,#4977,#4978);
#4714=AXIS2_PLACEMENT_3D('',#5898,#4982,#4983);
#4715=AXIS2_PLACEMENT_3D('',#5904,#4987,#4988);
#4716=AXIS2_PLACEMENT_3D('',#5907,#4991,#4992);
#4717=AXIS2_PLACEMENT_3D('',#5913,#4996,#4997);
#4718=AXIS2_PLACEMENT_3D('',#5943,#5013,#5014);
#4719=AXIS2_PLACEMENT_3D('',#5952,#5019,#5020);
#4720=AXIS2_PLACEMENT_3D('',#5958,#5024,#5025);
#4721=AXIS2_PLACEMENT_3D('',#5964,#5029,#5030);
#4722=AXIS2_PLACEMENT_3D('',#5970,#5034,#5035);
#4723=AXIS2_PLACEMENT_3D('',#5982,#5042,#5043);
#4724=AXIS2_PLACEMENT_3D('',#5988,#5047,#5048);
#4725=AXIS2_PLACEMENT_3D('',#5994,#5052,#5053);
#4726=AXIS2_PLACEMENT_3D('',#6019,#5066,#5067);
#4727=AXIS2_PLACEMENT_3D('',#6044,#5080,#5081);
#4728=AXIS2_PLACEMENT_3D('',#6063,#5092,#5093);
#4729=AXIS2_PLACEMENT_3D('',#6082,#5104,#5105);
#4730=AXIS2_PLACEMENT_3D('',#6083,#5106,#5107);
#4731=AXIS2_PLACEMENT_3D('',#6084,#5108,#5109);
#4732=AXIS2_PLACEMENT_3D('',#6085,#5110,#5111);
#4733=AXIS2_PLACEMENT_3D('',#6086,#5112,#5113);
#4734=AXIS2_PLACEMENT_3D('',#6087,#5114,#5115);
#4735=AXIS2_PLACEMENT_3D('',#6088,#5116,#5117);
#4736=AXIS2_PLACEMENT_3D('',#6089,#5118,#5119);
#4737=AXIS2_PLACEMENT_3D('',#6090,#5120,#5121);
#4738=AXIS2_PLACEMENT_3D('',#6099,#5126,#5127);
#4739=AXIS2_PLACEMENT_3D('',#6116,#5136,#5137);
#4740=AXIS2_PLACEMENT_3D('',#6143,#5152,#5153);
#4741=AXIS2_PLACEMENT_3D('',#6152,#5158,#5159);
#4742=AXIS2_PLACEMENT_3D('',#6161,#5164,#5165);
#4743=AXIS2_PLACEMENT_3D('',#6164,#5168,#5169);
#4744=AXIS2_PLACEMENT_3D('',#6167,#5172,#5173);
#4745=AXIS2_PLACEMENT_3D('',#6186,#5184,#5185);
#4746=AXIS2_PLACEMENT_3D('',#6195,#5190,#5191);
#4747=AXIS2_PLACEMENT_3D('',#6204,#5196,#5197);
#4748=AXIS2_PLACEMENT_3D('',#6214,#5202,#5203);
#4749=AXIS2_PLACEMENT_3D('',#6222,#5207,#5208);
#4750=AXIS2_PLACEMENT_3D('',#6232,#5213,#5214);
#4751=AXIS2_PLACEMENT_3D('',#6240,#5218,#5219);
#4752=AXIS2_PLACEMENT_3D('',#6248,#5223,#5224);
#4753=AXIS2_PLACEMENT_3D('',#6258,#5229,#5230);
#4754=AXIS2_PLACEMENT_3D('',#6266,#5234,#5235);
#4755=AXIS2_PLACEMENT_3D('',#6276,#5240,#5241);
#4756=AXIS2_PLACEMENT_3D('',#6284,#5245,#5246);
#4757=AXIS2_PLACEMENT_3D('',#6292,#5250,#5251);
#4758=AXIS2_PLACEMENT_3D('',#6301,#5256,#5257);
#4759=AXIS2_PLACEMENT_3D('',#6302,#5258,#5259);
#4760=AXIS2_PLACEMENT_3D('',#6306,#5261,#5262);
#4761=AXIS2_PLACEMENT_3D('',#6307,#5263,#5264);
#4762=AXIS2_PLACEMENT_3D('',#6313,#5268,#5269);
#4763=AXIS2_PLACEMENT_3D('',#6314,#5270,#5271);
#4764=AXIS2_PLACEMENT_3D('',#6316,#5272,#5273);
#4765=AXIS2_PLACEMENT_3D('',#6319,#5275,#5276);
#4766=AXIS2_PLACEMENT_3D('',#6325,#5280,#5281);
#4767=AXIS2_PLACEMENT_3D('',#6331,#5285,#5286);
#4768=AXIS2_PLACEMENT_3D('',#6337,#5290,#5291);
#4769=AXIS2_PLACEMENT_3D('',#6345,#5296,#5297);
#4770=AXIS2_PLACEMENT_3D('',#6351,#5301,#5302);
#4771=AXIS2_PLACEMENT_3D('',#6357,#5306,#5307);
#4772=AXIS2_PLACEMENT_3D('',#6363,#5311,#5312);
#4773=AXIS2_PLACEMENT_3D('',#6366,#5315,#5316);
#4774=AXIS2_PLACEMENT_3D('',#6378,#5323,#5324);
#4775=AXIS2_PLACEMENT_3D('',#6381,#5327,#5328);
#4776=AXIS2_PLACEMENT_3D('',#6382,#5329,#5330);
#4777=AXIS2_PLACEMENT_3D('',#6383,#5331,#5332);
#4778=AXIS2_PLACEMENT_3D('',#6384,#5333,#5334);
#4779=AXIS2_PLACEMENT_3D('',#6390,#5338,#5339);
#4780=AXIS2_PLACEMENT_3D('',#6411,#5350,#5351);
#4781=AXIS2_PLACEMENT_3D('',#6417,#5355,#5356);
#4782=AXIS2_PLACEMENT_3D('',#6423,#5360,#5361);
#4783=AXIS2_PLACEMENT_3D('',#6429,#5365,#5366);
#4784=AXIS2_PLACEMENT_3D('',#6434,#5370,#5371);
#4785=AXIS2_PLACEMENT_3D('',#6437,#5374,#5375);
#4786=AXIS2_PLACEMENT_3D('',#6443,#5379,#5380);
#4787=AXIS2_PLACEMENT_3D('',#6446,#5383,#5384);
#4788=AXIS2_PLACEMENT_3D('',#6447,#5385,#5386);
#4789=AXIS2_PLACEMENT_3D('',#6448,#5387,#5388);
#4790=AXIS2_PLACEMENT_3D('',#6449,#5389,#5390);
#4791=AXIS2_PLACEMENT_3D('',#6452,#5393,#5394);
#4792=AXIS2_PLACEMENT_3D('',#6454,#5396,#5397);
#4793=AXIS2_PLACEMENT_3D('',#6460,#5401,#5402);
#4794=AXIS2_PLACEMENT_3D('',#6462,#5404,#5405);
#4795=AXIS2_PLACEMENT_3D('',#6463,#5406,#5407);
#4796=AXIS2_PLACEMENT_3D('',#6465,#5409,#5410);
#4797=AXIS2_PLACEMENT_3D('',#6479,#5418,#5419);
#4798=AXIS2_PLACEMENT_3D('',#6485,#5423,#5424);
#4799=AXIS2_PLACEMENT_3D('',#6489,#5427,#5428);
#4800=AXIS2_PLACEMENT_3D('',#6493,#5432,#5433);
#4801=AXIS2_PLACEMENT_3D('',#6496,#5436,#5437);
#4802=AXIS2_PLACEMENT_3D('',#6498,#5439,#5440);
#4803=AXIS2_PLACEMENT_3D('',#6499,#5441,#5442);
#4804=AXIS2_PLACEMENT_3D('',#6500,#5443,#5444);
#4805=AXIS2_PLACEMENT_3D('',#6504,#5447,#5448);
#4806=AXIS2_PLACEMENT_3D('',#6507,#5451,#5452);
#4807=AXIS2_PLACEMENT_3D('',#6508,#5453,#5454);
#4808=AXIS2_PLACEMENT_3D('',#6510,#5456,#5457);
#4809=AXIS2_PLACEMENT_3D('',#6512,#5459,#5460);
#4810=AXIS2_PLACEMENT_3D('',#6513,#5461,#5462);
#4811=AXIS2_PLACEMENT_3D('',#6517,#5465,#5466);
#4812=AXIS2_PLACEMENT_3D('',#6519,#5468,#5469);
#4813=AXIS2_PLACEMENT_3D('',#6520,#5470,#5471);
#4814=AXIS2_PLACEMENT_3D('',#6524,#5474,#5475);
#4815=AXIS2_PLACEMENT_3D('',#6526,#5477,#5478);
#4816=AXIS2_PLACEMENT_3D('',#6528,#5480,#5481);
#4817=AXIS2_PLACEMENT_3D('',#6530,#5483,#5484);
#4818=AXIS2_PLACEMENT_3D('',#6532,#5486,#5487);
#4819=AXIS2_PLACEMENT_3D('',#6534,#5489,#5490);
#4820=AXIS2_PLACEMENT_3D('',#6536,#5492,#5493);
#4821=AXIS2_PLACEMENT_3D('',#6538,#5495,#5496);
#4822=AXIS2_PLACEMENT_3D('',#6539,#5497,#5498);
#4823=AXIS2_PLACEMENT_3D('',#6541,#5500,#5501);
#4824=AXIS2_PLACEMENT_3D('',#6542,#5502,#5503);
#4825=AXIS2_PLACEMENT_3D('',#6544,#5505,#5506);
#4826=AXIS2_PLACEMENT_3D('',#6545,#5507,#5508);
#4827=AXIS2_PLACEMENT_3D('',#6547,#5510,#5511);
#4828=AXIS2_PLACEMENT_3D('',#6548,#5512,#5513);
#4829=AXIS2_PLACEMENT_3D('',#6550,#5515,#5516);
#4830=AXIS2_PLACEMENT_3D('',#6551,#5517,#5518);
#4831=AXIS2_PLACEMENT_3D('',#6552,#5519,#5520);
#4832=AXIS2_PLACEMENT_3D('',#6553,#5521,#5522);
#4833=AXIS2_PLACEMENT_3D('',#6554,#5523,#5524);
#4834=AXIS2_PLACEMENT_3D('',#6555,#5525,#5526);
#4835=AXIS2_PLACEMENT_3D('',#6556,#5527,#5528);
#4836=AXIS2_PLACEMENT_3D('',#6557,#5529,#5530);
#4837=AXIS2_PLACEMENT_3D('',#6558,#5531,#5532);
#4838=AXIS2_PLACEMENT_3D('',#6559,#5533,#5534);
#4839=AXIS2_PLACEMENT_3D('',#6560,#5535,#5536);
#4840=AXIS2_PLACEMENT_3D('',#6561,#5537,#5538);
#4841=AXIS2_PLACEMENT_3D('',#6562,#5539,#5540);
#4842=AXIS2_PLACEMENT_3D('',#6563,#5541,#5542);
#4843=AXIS2_PLACEMENT_3D('',#6564,#5543,#5544);
#4844=AXIS2_PLACEMENT_3D('',#6565,#5545,#5546);
#4845=AXIS2_PLACEMENT_3D('',#6566,#5547,#5548);
#4846=AXIS2_PLACEMENT_3D('',#6569,#5551,#5552);
#4847=AXIS2_PLACEMENT_3D('',#6571,#5554,#5555);
#4848=AXIS2_PLACEMENT_3D('',#6573,#5557,#5558);
#4849=AXIS2_PLACEMENT_3D('',#6576,#5561,#5562);
#4850=AXIS2_PLACEMENT_3D('',#6578,#5564,#5565);
#4851=AXIS2_PLACEMENT_3D('',#6580,#5567,#5568);
#4852=AXIS2_PLACEMENT_3D('',#6581,#5569,#5570);
#4853=AXIS2_PLACEMENT_3D('',#6582,#5571,#5572);
#4854=AXIS2_PLACEMENT_3D('',#6583,#5573,#5574);
#4855=AXIS2_PLACEMENT_3D('',#6589,#5578,#5579);
#4856=AXIS2_PLACEMENT_3D('',#6593,#5582,#5583);
#4857=AXIS2_PLACEMENT_3D('',#6597,#5586,#5587);
#4858=AXIS2_PLACEMENT_3D('',#6598,#5588,#5589);
#4859=AXIS2_PLACEMENT_3D('',#6601,#5591,#5592);
#4860=AXIS2_PLACEMENT_3D('',#6605,#5595,#5596);
#4861=AXIS2_PLACEMENT_3D('',#6609,#5599,#5600);
#4862=AXIS2_PLACEMENT_3D('',#6613,#5603,#5604);
#4863=AXIS2_PLACEMENT_3D('',#6614,#5605,#5606);
#4864=AXIS2_PLACEMENT_3D('',#6617,#5608,#5609);
#4865=AXIS2_PLACEMENT_3D('',#6621,#5612,#5613);
#4866=AXIS2_PLACEMENT_3D('',#6625,#5616,#5617);
#4867=AXIS2_PLACEMENT_3D('',#6629,#5620,#5621);
#4868=AXIS2_PLACEMENT_3D('',#6633,#5624,#5625);
#4869=AXIS2_PLACEMENT_3D('',#6634,#5626,#5627);
#4870=AXIS2_PLACEMENT_3D('',#6637,#5629,#5630);
#4871=AXIS2_PLACEMENT_3D('',#6641,#5633,#5634);
#4872=AXIS2_PLACEMENT_3D('',#6645,#5637,#5638);
#4873=AXIS2_PLACEMENT_3D('',#6649,#5641,#5642);
#4874=AXIS2_PLACEMENT_3D('',#6650,#5643,#5644);
#4875=AXIS2_PLACEMENT_3D('',#6653,#5646,#5647);
#4876=AXIS2_PLACEMENT_3D('',#6657,#5650,#5651);
#4877=AXIS2_PLACEMENT_3D('',#6661,#5654,#5655);
#4878=AXIS2_PLACEMENT_3D('',#6665,#5658,#5659);
#4879=AXIS2_PLACEMENT_3D('',#6666,#5660,#5661);
#4880=AXIS2_PLACEMENT_3D('',#6669,#5663,#5664);
#4881=AXIS2_PLACEMENT_3D('',#6673,#5667,#5668);
#4882=AXIS2_PLACEMENT_3D('',#6677,#5671,#5672);
#4883=AXIS2_PLACEMENT_3D('',#6681,#5675,#5676);
#4884=AXIS2_PLACEMENT_3D('',#6685,#5679,#5680);
#4885=AXIS2_PLACEMENT_3D('',#6686,#5681,#5682);
#4886=AXIS2_PLACEMENT_3D('',#6689,#5684,#5685);
#4887=AXIS2_PLACEMENT_3D('',#6693,#5688,#5689);
#4888=AXIS2_PLACEMENT_3D('',#6697,#5692,#5693);
#4889=AXIS2_PLACEMENT_3D('',#6701,#5696,#5697);
#4890=AXIS2_PLACEMENT_3D('',#6702,#5698,#5699);
#4891=AXIS2_PLACEMENT_3D('',#6705,#5701,#5702);
#4892=AXIS2_PLACEMENT_3D('',#6709,#5705,#5706);
#4893=AXIS2_PLACEMENT_3D('',#6713,#5709,#5710);
#4894=AXIS2_PLACEMENT_3D('',#6717,#5713,#5714);
#4895=AXIS2_PLACEMENT_3D('',#6721,#5717,#5718);
#4896=AXIS2_PLACEMENT_3D('',#6722,#5719,#5720);
#4897=AXIS2_PLACEMENT_3D('',#6725,#5722,#5723);
#4898=AXIS2_PLACEMENT_3D('',#6729,#5726,#5727);
#4899=AXIS2_PLACEMENT_3D('',#6733,#5730,#5731);
#4900=AXIS2_PLACEMENT_3D('',#6737,#5734,#5735);
#4901=AXIS2_PLACEMENT_3D('',#6738,#5736,#5737);
#4902=AXIS2_PLACEMENT_3D('',#6741,#5739,#5740);
#4903=AXIS2_PLACEMENT_3D('',#6745,#5743,#5744);
#4904=AXIS2_PLACEMENT_3D('',#6749,#5747,#5748);
#4905=AXIS2_PLACEMENT_3D('',#6753,#5751,#5752);
#4906=AXIS2_PLACEMENT_3D('',#6754,#5753,#5754);
#4907=AXIS2_PLACEMENT_3D('',#6757,#5756,#5757);
#4908=AXIS2_PLACEMENT_3D('',#6759,#5759,#5760);
#4909=AXIS2_PLACEMENT_3D('',#6760,#5761,#5762);
#4910=AXIS2_PLACEMENT_3D('',#6761,#5763,#5764);
#4911=AXIS2_PLACEMENT_3D('',#6762,#5765,#5766);
#4912=AXIS2_PLACEMENT_3D('',#6763,#5767,#5768);
#4913=AXIS2_PLACEMENT_3D('',#6764,#5769,#5770);
#4914=AXIS2_PLACEMENT_3D('',#6765,#5771,#5772);
#4915=AXIS2_PLACEMENT_3D('',#6766,#5773,#5774);
#4916=AXIS2_PLACEMENT_3D('',#6767,#5775,#5776);
#4917=AXIS2_PLACEMENT_3D('',#6768,#5777,#5778);
#4918=AXIS2_PLACEMENT_3D('',#6769,#5779,#5780);
#4919=AXIS2_PLACEMENT_3D('',#6770,#5781,#5782);
#4920=AXIS2_PLACEMENT_3D('',#6771,#5783,#5784);
#4921=AXIS2_PLACEMENT_3D('',#6772,#5785,#5786);
#4922=AXIS2_PLACEMENT_3D('',#6773,#5787,#5788);
#4923=AXIS2_PLACEMENT_3D('',#6774,#5789,#5790);
#4924=AXIS2_PLACEMENT_3D('',#6775,#5791,#5792);
#4925=AXIS2_PLACEMENT_3D('',#6776,#5793,#5794);
#4926=AXIS2_PLACEMENT_3D('',#6777,#5795,#5796);
#4927=AXIS2_PLACEMENT_3D('',#6778,#5797,#5798);
#4928=AXIS2_PLACEMENT_3D('',#6779,#5799,#5800);
#4929=AXIS2_PLACEMENT_3D('',#6780,#5801,#5802);
#4930=AXIS2_PLACEMENT_3D('',#6781,#5803,#5804);
#4931=AXIS2_PLACEMENT_3D('',#6782,#5805,#5806);
#4932=AXIS2_PLACEMENT_3D('',#6783,#5807,#5808);
#4933=AXIS2_PLACEMENT_3D('',#6784,#5809,#5810);
#4934=AXIS2_PLACEMENT_3D('',#6790,#5814,#5815);
#4935=AXIS2_PLACEMENT_3D('',#6791,#5816,#5817);
#4936=AXIS2_PLACEMENT_3D('',#6793,#5818,#5819);
#4937=AXIS2_PLACEMENT_3D('',#6796,#5821,#5822);
#4938=AXIS2_PLACEMENT_3D('',#6797,#5823,#5824);
#4939=AXIS2_PLACEMENT_3D('',#6801,#5826,#5827);
#4940=AXIS2_PLACEMENT_3D('',#6802,#5828,#5829);
#4941=AXIS2_PLACEMENT_3D('',#6804,#5831,#5832);
#4942=AXIS2_PLACEMENT_3D('',#6805,#5833,#5834);
#4943=AXIS2_PLACEMENT_3D('',#6806,#5835,#5836);
#4944=AXIS2_PLACEMENT_3D('',#6812,#5840,#5841);
#4945=AXIS2_PLACEMENT_3D('',#6813,#5842,#5843);
#4946=AXIS2_PLACEMENT_3D('',#6817,#5845,#5846);
#4947=AXIS2_PLACEMENT_3D('',#6818,#5847,#5848);
#4948=AXIS2_PLACEMENT_3D('',#6819,#5849,#5850);
#4949=AXIS2_PLACEMENT_3D('',#6821,#5851,#5852);
#4950=AXIS2_PLACEMENT_3D('',#6824,#5854,#5855);
#4951=AXIS2_PLACEMENT_3D('',#6826,#5857,#5858);
#4952=AXIS2_PLACEMENT_3D('',#6827,#5859,#5860);
#4953=DIRECTION('',(0.,0.,1.));
#4954=DIRECTION('',(1.,0.,0.));
#4955=DIRECTION('',(0.,0.,1.));
#4956=DIRECTION('',(1.,0.,0.));
#4957=DIRECTION('',(1.,0.,0.));
#4958=DIRECTION('',(0.,-1.,0.));
#4959=DIRECTION('',(1.,0.,0.));
#4960=DIRECTION('',(0.,-1.,0.));
#4961=DIRECTION('',(-1.,0.,0.));
#4962=DIRECTION('',(0.,0.,1.));
#4963=DIRECTION('',(0.,0.,-1.));
#4964=DIRECTION('',(0.,-1.,0.));
#4965=DIRECTION('',(0.,0.,-1.));
#4966=DIRECTION('',(0.,-1.,0.));
#4967=DIRECTION('',(-0.554700196225225,0.,-0.832050294337846));
#4968=DIRECTION('',(-0.832050294337846,0.,0.554700196225225));
#4969=DIRECTION('',(0.832050294337846,0.,-0.554700196225225));
#4970=DIRECTION('',(0.,-1.,0.));
#4971=DIRECTION('',(0.832050294337846,0.,-0.554700196225225));
#4972=DIRECTION('',(1.,0.,0.));
#4973=DIRECTION('',(0.,0.,-1.));
#4974=DIRECTION('',(0.,0.,1.));
#4975=DIRECTION('',(0.,-1.,0.));
#4976=DIRECTION('',(0.,0.,1.));
#4977=DIRECTION('',(2.89120579329468E-16,0.,-1.));
#4978=DIRECTION('',(-1.,0.,-2.89120579329468E-16));
#4979=DIRECTION('',(1.,0.,2.89120579329468E-16));
#4980=DIRECTION('',(0.,-1.,0.));
#4981=DIRECTION('',(1.,0.,2.89120579329468E-16));
#4982=DIRECTION('',(-1.,0.,0.));
#4983=DIRECTION('',(0.,0.,1.));
#4984=DIRECTION('',(0.,0.,-1.));
#4985=DIRECTION('',(0.,-1.,0.));
#4986=DIRECTION('',(0.,0.,-1.));
#4987=DIRECTION('',(-0.847998304005088,0.,0.529998940003181));
#4988=DIRECTION('',(0.529998940003181,0.,0.847998304005088));
#4989=DIRECTION('',(-0.529998940003181,0.,-0.847998304005088));
#4990=DIRECTION('',(-0.529998940003181,0.,-0.847998304005088));
#4991=DIRECTION('',(-1.,0.,0.));
#4992=DIRECTION('',(0.,0.,1.));
#4993=DIRECTION('',(0.,0.,-1.));
#4994=DIRECTION('',(0.,-1.,0.));
#4995=DIRECTION('',(0.,0.,-1.));
#4996=DIRECTION('',(0.,0.,1.));
#4997=DIRECTION('',(1.,0.,0.));
#4998=DIRECTION('',(0.,-1.,0.));
#4999=DIRECTION('',(1.,0.,0.));
#5000=DIRECTION('',(0.,1.,0.));
#5001=DIRECTION('',(-1.,0.,0.));
#5002=DIRECTION('',(-1.,0.,0.));
#5003=DIRECTION('',(0.,1.,0.));
#5004=DIRECTION('',(-1.,0.,0.));
#5005=DIRECTION('',(0.,-1.,0.));
#5006=DIRECTION('',(-1.,0.,0.));
#5007=DIRECTION('',(0.,1.,0.));
#5008=DIRECTION('',(1.,0.,0.));
#5009=DIRECTION('',(0.,-1.,0.));
#5010=DIRECTION('',(-1.,0.,0.));
#5011=DIRECTION('',(0.,-1.,0.));
#5012=DIRECTION('',(-1.,0.,0.));
#5013=DIRECTION('',(-1.,0.,0.));
#5014=DIRECTION('',(0.,0.,1.));
#5015=DIRECTION('',(0.,0.,-1.));
#5016=DIRECTION('',(0.,-1.,0.));
#5017=DIRECTION('',(0.,0.,1.));
#5018=DIRECTION('',(0.,-1.,0.));
#5019=DIRECTION('',(-0.554700196225225,0.,-0.832050294337846));
#5020=DIRECTION('',(-0.832050294337846,0.,0.554700196225225));
#5021=DIRECTION('',(0.832050294337846,0.,-0.554700196225225));
#5022=DIRECTION('',(0.,-1.,0.));
#5023=DIRECTION('',(-0.639602149066829,-0.639602149066837,0.426401432711216));
#5024=DIRECTION('',(1.,0.,0.));
#5025=DIRECTION('',(0.,0.,-1.));
#5026=DIRECTION('',(0.,0.,1.));
#5027=DIRECTION('',(0.,-1.,0.));
#5028=DIRECTION('',(0.,0.832050294337849,-0.554700196225221));
#5029=DIRECTION('',(2.89120579329468E-16,0.,-1.));
#5030=DIRECTION('',(-1.,0.,-2.89120579329468E-16));
#5031=DIRECTION('',(1.,0.,2.89120579329468E-16));
#5032=DIRECTION('',(0.,-1.,0.));
#5033=DIRECTION('',(-1.,4.3368086899421E-16,-2.89120579329468E-16));
#5034=DIRECTION('',(-1.,0.,0.));
#5035=DIRECTION('',(0.,0.,1.));
#5036=DIRECTION('',(0.,0.,-1.));
#5037=DIRECTION('',(0.,-1.,0.));
#5038=DIRECTION('',(0.,0.,1.));
#5039=DIRECTION('',(0.,-1.,0.));
#5040=DIRECTION('',(0.,0.,-1.));
#5041=DIRECTION('',(0.,-0.832050294337849,0.554700196225221));
#5042=DIRECTION('',(-0.847998304005088,0.,0.529998940003181));
#5043=DIRECTION('',(0.529998940003181,0.,0.847998304005088));
#5044=DIRECTION('',(-0.529998940003181,0.,-0.847998304005088));
#5045=DIRECTION('',(0.,-1.,0.));
#5046=DIRECTION('',(0.468292905790848,0.468292905790847,0.749268649265355));
#5047=DIRECTION('',(-1.,0.,0.));
#5048=DIRECTION('',(0.,0.,1.));
#5049=DIRECTION('',(0.,-1.,0.));
#5050=DIRECTION('',(0.,0.,-1.));
#5051=DIRECTION('',(0.,0.,1.));
#5052=DIRECTION('',(0.,1.,0.));
#5053=DIRECTION('',(0.,0.,1.));
#5054=DIRECTION('',(0.,0.,-1.));
#5055=DIRECTION('',(1.,0.,0.));
#5056=DIRECTION('',(0.,0.,-1.));
#5057=DIRECTION('',(1.,0.,0.));
#5058=DIRECTION('',(0.,0.,1.));
#5059=DIRECTION('',(-1.,0.,-9.86514540554137E-17));
#5060=DIRECTION('',(0.,0.,-1.));
#5061=DIRECTION('',(1.,0.,0.));
#5062=DIRECTION('',(0.,0.,-1.));
#5063=DIRECTION('',(1.,0.,0.));
#5064=DIRECTION('',(0.,0.,-1.));
#5065=DIRECTION('',(1.,0.,0.));
#5066=DIRECTION('',(0.,-1.,0.));
#5067=DIRECTION('',(0.,0.,-1.));
#5068=DIRECTION('',(0.,0.,-1.));
#5069=DIRECTION('',(-1.,0.,0.));
#5070=DIRECTION('',(0.,0.,-1.));
#5071=DIRECTION('',(-1.,0.,0.));
#5072=DIRECTION('',(0.,0.,-1.));
#5073=DIRECTION('',(-1.,0.,0.));
#5074=DIRECTION('',(0.,0.,-1.));
#5075=DIRECTION('',(-1.,0.,0.));
#5076=DIRECTION('',(0.,0.,1.));
#5077=DIRECTION('',(-1.,0.,0.));
#5078=DIRECTION('',(0.,0.,1.));
#5079=DIRECTION('',(-1.,0.,0.));
#5080=DIRECTION('',(1.,0.,0.));
#5081=DIRECTION('',(0.,0.,-1.));
#5082=DIRECTION('',(0.,0.,-1.));
#5083=DIRECTION('',(0.,-1.,0.));
#5084=DIRECTION('',(0.,0.,-1.));
#5085=DIRECTION('',(0.,-1.,0.));
#5086=DIRECTION('',(0.,0.,-1.));
#5087=DIRECTION('',(0.,-1.,0.));
#5088=DIRECTION('',(0.,0.,-1.));
#5089=DIRECTION('',(0.,-1.,0.));
#5090=DIRECTION('',(0.,1.,0.));
#5091=DIRECTION('',(0.,-1.,0.));
#5092=DIRECTION('',(1.,0.,0.));
#5093=DIRECTION('',(0.,0.,-1.));
#5094=DIRECTION('',(0.,-1.,0.));
#5095=DIRECTION('',(0.,0.,-1.));
#5096=DIRECTION('',(0.,-1.,0.));
#5097=DIRECTION('',(0.,1.,0.));
#5098=DIRECTION('',(0.,-1.,0.));
#5099=DIRECTION('',(0.,0.,-1.));
#5100=DIRECTION('',(0.,-1.,0.));
#5101=DIRECTION('',(0.,0.,-1.));
#5102=DIRECTION('',(0.,-1.,0.));
#5103=DIRECTION('',(0.,0.,-1.));
#5104=DIRECTION('',(0.,0.,1.));
#5105=DIRECTION('',(1.,0.,0.));
#5106=DIRECTION('',(0.,0.,1.));
#5107=DIRECTION('',(1.,0.,0.));
#5108=DIRECTION('',(0.,0.,-1.));
#5109=DIRECTION('',(-1.,0.,0.));
#5110=DIRECTION('',(0.,0.,-1.));
#5111=DIRECTION('',(-1.,0.,0.));
#5112=DIRECTION('',(0.,0.,-1.));
#5113=DIRECTION('',(-1.,0.,0.));
#5114=DIRECTION('',(0.,0.,-1.));
#5115=DIRECTION('',(-1.,0.,0.));
#5116=DIRECTION('',(0.,0.,1.));
#5117=DIRECTION('',(1.,0.,0.));
#5118=DIRECTION('',(0.,0.,-1.));
#5119=DIRECTION('',(-1.,0.,0.));
#5120=DIRECTION('',(0.,0.,1.));
#5121=DIRECTION('',(1.,0.,0.));
#5122=DIRECTION('',(0.,-1.,0.));
#5123=DIRECTION('',(-1.,0.,0.));
#5124=DIRECTION('',(0.,1.,0.));
#5125=DIRECTION('',(1.,0.,0.));
#5126=DIRECTION('',(0.,0.,-1.));
#5127=DIRECTION('',(-1.,0.,0.));
#5128=DIRECTION('',(-1.,0.,0.));
#5129=DIRECTION('',(0.,-1.,0.));
#5130=DIRECTION('',(-1.,0.,0.));
#5131=DIRECTION('',(0.,-1.,0.));
#5132=DIRECTION('',(-1.,0.,0.));
#5133=DIRECTION('',(0.,-1.,0.));
#5134=DIRECTION('',(-1.,0.,0.));
#5135=DIRECTION('',(0.,-1.,0.));
#5136=DIRECTION('',(0.,0.,1.));
#5137=DIRECTION('',(1.,0.,0.));
#5138=DIRECTION('',(-1.,0.,0.));
#5139=DIRECTION('',(-1.,0.,0.));
#5140=DIRECTION('',(0.,-1.,0.));
#5141=DIRECTION('',(-1.,0.,0.));
#5142=DIRECTION('',(-1.,0.,0.));
#5143=DIRECTION('',(0.,-1.,0.));
#5144=DIRECTION('',(-1.,0.,0.));
#5145=DIRECTION('',(0.,-1.,0.));
#5146=DIRECTION('',(-1.,0.,0.));
#5147=DIRECTION('',(0.,1.,0.));
#5148=DIRECTION('',(-1.,0.,0.));
#5149=DIRECTION('',(0.,-1.,0.));
#5150=DIRECTION('',(-1.,0.,0.));
#5151=DIRECTION('',(0.,-1.,0.));
#5152=DIRECTION('',(1.,0.,0.));
#5153=DIRECTION('',(0.,0.,-1.));
#5154=DIRECTION('',(0.,0.,-1.));
#5155=DIRECTION('',(0.,-1.,0.));
#5156=DIRECTION('',(0.,0.,1.));
#5157=DIRECTION('',(0.,-1.,0.));
#5158=DIRECTION('',(1.,0.,0.));
#5159=DIRECTION('',(0.,0.,-1.));
#5160=DIRECTION('',(0.,-1.,0.));
#5161=DIRECTION('',(0.,0.,1.));
#5162=DIRECTION('',(0.,-1.,0.));
#5163=DIRECTION('',(0.,0.,1.));
#5164=DIRECTION('',(0.,-1.,0.));
#5165=DIRECTION('',(0.,0.,-1.));
#5166=DIRECTION('',(-1.,0.,0.));
#5167=DIRECTION('',(-1.,0.,0.));
#5168=DIRECTION('',(0.,1.,0.));
#5169=DIRECTION('',(0.,0.,1.));
#5170=DIRECTION('',(-1.,0.,0.));
#5171=DIRECTION('',(-1.,0.,0.));
#5172=DIRECTION('',(0.,0.,1.));
#5173=DIRECTION('',(1.,0.,0.));
#5174=DIRECTION('',(0.,-1.,0.));
#5175=DIRECTION('',(1.,0.,0.));
#5176=DIRECTION('',(0.,-1.,0.));
#5177=DIRECTION('',(-1.,0.,0.));
#5178=DIRECTION('',(0.,-1.,0.));
#5179=DIRECTION('',(-1.,0.,0.));
#5180=DIRECTION('',(1.,0.,0.));
#5181=DIRECTION('',(1.,0.,0.));
#5182=DIRECTION('',(0.,1.,0.));
#5183=DIRECTION('',(-1.,0.,0.));
#5184=DIRECTION('',(-0.933580426497202,0.,-0.3583679495453));
#5185=DIRECTION('',(-0.3583679495453,0.,0.933580426497202));
#5186=DIRECTION('',(-0.33735901058771,-0.33735901058771,0.878850269357963));
#5187=DIRECTION('',(0.,-1.,0.));
#5188=DIRECTION('',(-0.33735901058771,0.33735901058771,0.878850269357963));
#5189=DIRECTION('',(0.,-1.,0.));
#5190=DIRECTION('',(0.933580426497201,0.,-0.358367949545301));
#5191=DIRECTION('',(-0.358367949545301,0.,-0.933580426497201));
#5192=DIRECTION('',(0.,-1.,0.));
#5193=DIRECTION('',(-0.337359010587711,0.337359010587709,-0.878850269357962));
#5194=DIRECTION('',(0.,-1.,0.));
#5195=DIRECTION('',(-0.337359010587711,-0.337359010587709,-0.878850269357962));
#5196=DIRECTION('',(0.,0.,1.));
#5197=DIRECTION('',(1.,0.,0.));
#5198=DIRECTION('',(-1.,0.,0.));
#5199=DIRECTION('',(0.,-1.,0.));
#5200=DIRECTION('',(1.,0.,0.));
#5201=DIRECTION('',(0.,1.,0.));
#5202=DIRECTION('',(0.,0.,1.));
#5203=DIRECTION('',(1.,0.,0.));
#5204=DIRECTION('',(0.,-1.,0.));
#5205=DIRECTION('',(1.,0.,0.));
#5206=DIRECTION('',(0.,1.,0.));
#5207=DIRECTION('',(0.,0.,1.));
#5208=DIRECTION('',(1.,0.,0.));
#5209=DIRECTION('',(0.,-1.,0.));
#5210=DIRECTION('',(1.,0.,0.));
#5211=DIRECTION('',(0.,1.,0.));
#5212=DIRECTION('',(-1.,0.,0.));
#5213=DIRECTION('',(0.,0.,1.));
#5214=DIRECTION('',(1.,0.,0.));
#5215=DIRECTION('',(1.,0.,0.));
#5216=DIRECTION('',(0.,1.,0.));
#5217=DIRECTION('',(-1.,0.,0.));
#5218=DIRECTION('',(0.,0.,1.));
#5219=DIRECTION('',(1.,0.,0.));
#5220=DIRECTION('',(1.,0.,0.));
#5221=DIRECTION('',(0.,1.,0.));
#5222=DIRECTION('',(-1.,0.,0.));
#5223=DIRECTION('',(0.,0.,1.));
#5224=DIRECTION('',(1.,0.,0.));
#5225=DIRECTION('',(1.,0.,0.));
#5226=DIRECTION('',(0.,1.,0.));
#5227=DIRECTION('',(-1.,0.,0.));
#5228=DIRECTION('',(0.,-1.,0.));
#5229=DIRECTION('',(0.,0.,1.));
#5230=DIRECTION('',(1.,0.,0.));
#5231=DIRECTION('',(0.,1.,0.));
#5232=DIRECTION('',(-1.,0.,0.));
#5233=DIRECTION('',(0.,-1.,0.));
#5234=DIRECTION('',(0.,0.,1.));
#5235=DIRECTION('',(1.,0.,0.));
#5236=DIRECTION('',(0.,1.,0.));
#5237=DIRECTION('',(-1.,0.,0.));
#5238=DIRECTION('',(-1.8913509789185E-16,-1.,0.));
#5239=DIRECTION('',(1.,-2.47817639425258E-15,0.));
#5240=DIRECTION('',(0.,0.,1.));
#5241=DIRECTION('',(1.,0.,0.));
#5242=DIRECTION('',(-1.,0.,0.));
#5243=DIRECTION('',(0.,-1.,0.));
#5244=DIRECTION('',(1.,0.,0.));
#5245=DIRECTION('',(0.,0.,1.));
#5246=DIRECTION('',(1.,0.,0.));
#5247=DIRECTION('',(-1.,0.,0.));
#5248=DIRECTION('',(0.,-1.,0.));
#5249=DIRECTION('',(1.,0.,0.));
#5250=DIRECTION('',(0.,0.,1.));
#5251=DIRECTION('',(1.,0.,0.));
#5252=DIRECTION('',(-1.,0.,0.));
#5253=DIRECTION('',(0.,-1.,0.));
#5254=DIRECTION('',(-1.,0.,0.));
#5255=DIRECTION('',(0.,-1.,0.));
#5256=DIRECTION('',(0.,-1.,0.));
#5257=DIRECTION('',(0.,0.,-1.));
#5258=DIRECTION('',(0.707106781186547,-0.707106781186547,0.));
#5259=DIRECTION('',(-0.707106781186547,-0.707106781186547,0.));
#5260=DIRECTION('',(0.,-1.,0.));
#5261=DIRECTION('',(-0.707106781186547,-0.707106781186547,0.));
#5262=DIRECTION('',(-0.707106781186547,0.707106781186547,0.));
#5263=DIRECTION('',(-1.,0.,0.));
#5264=DIRECTION('',(0.,0.,1.));
#5265=DIRECTION('',(0.,0.,1.));
#5266=DIRECTION('',(0.,-1.,0.));
#5267=DIRECTION('',(0.,0.,1.));
#5268=DIRECTION('',(0.,-1.,0.));
#5269=DIRECTION('',(0.,0.,-1.));
#5270=DIRECTION('',(-0.707106781186547,-0.707106781186547,0.));
#5271=DIRECTION('',(0.707106781186547,-0.707106781186547,0.));
#5272=DIRECTION('',(-0.707106781186547,0.707106781186547,0.));
#5273=DIRECTION('',(-0.707106781186547,-0.707106781186547,0.));
#5274=DIRECTION('',(0.,-1.,0.));
#5275=DIRECTION('',(1.,0.,0.));
#5276=DIRECTION('',(0.,0.,-1.));
#5277=DIRECTION('',(0.,0.,-1.));
#5278=DIRECTION('',(0.,0.,-1.));
#5279=DIRECTION('',(0.,-1.,0.));
#5280=DIRECTION('',(-1.,0.,0.));
#5281=DIRECTION('',(0.,0.,1.));
#5282=DIRECTION('',(0.,-1.,0.));
#5283=DIRECTION('',(0.,0.,-1.));
#5284=DIRECTION('',(0.,0.,1.));
#5285=DIRECTION('',(-0.554700196225225,0.,-0.832050294337846));
#5286=DIRECTION('',(-0.832050294337846,0.,0.554700196225225));
#5287=DIRECTION('',(0.,-1.,0.));
#5288=DIRECTION('',(0.832050294337846,0.,-0.554700196225225));
#5289=DIRECTION('',(-0.639602149066833,0.639602149066832,0.426401432711218));
#5290=DIRECTION('',(-0.554700196225225,0.,-0.832050294337846));
#5291=DIRECTION('',(-0.832050294337846,0.,0.554700196225225));
#5292=DIRECTION('',(0.832050294337846,0.,-0.554700196225225));
#5293=DIRECTION('',(0.,-1.,0.));
#5294=DIRECTION('',(-0.832050294337846,0.,0.554700196225225));
#5295=DIRECTION('',(-2.16840434497103E-16,-1.,1.44560289664734E-16));
#5296=DIRECTION('',(1.,0.,0.));
#5297=DIRECTION('',(0.,0.,-1.));
#5298=DIRECTION('',(0.,-1.,0.));
#5299=DIRECTION('',(0.,0.,1.));
#5300=DIRECTION('',(0.,-0.832050294337846,-0.554700196225226));
#5301=DIRECTION('',(1.,0.,0.));
#5302=DIRECTION('',(0.,0.,-1.));
#5303=DIRECTION('',(0.,0.,1.));
#5304=DIRECTION('',(0.,-1.,0.));
#5305=DIRECTION('',(0.,0.,-1.));
#5306=DIRECTION('',(2.89120579329468E-16,0.,-1.));
#5307=DIRECTION('',(-1.,0.,-2.89120579329468E-16));
#5308=DIRECTION('',(0.,-1.,0.));
#5309=DIRECTION('',(1.,0.,2.89120579329468E-16));
#5310=DIRECTION('',(-1.,-4.33680868994205E-16,-2.89120579329468E-16));
#5311=DIRECTION('',(2.89120579329468E-16,0.,-1.));
#5312=DIRECTION('',(-1.,0.,-2.89120579329468E-16));
#5313=DIRECTION('',(-1.,0.,0.));
#5314=DIRECTION('',(-1.,0.,0.));
#5315=DIRECTION('',(-1.,0.,0.));
#5316=DIRECTION('',(0.,0.,1.));
#5317=DIRECTION('',(0.,-1.,0.));
#5318=DIRECTION('',(0.,0.,-1.));
#5319=DIRECTION('',(0.,0.832050294337846,0.554700196225226));
#5320=DIRECTION('',(0.,0.,-1.));
#5321=DIRECTION('',(0.,-1.,0.));
#5322=DIRECTION('',(0.,0.,1.));
#5323=DIRECTION('',(-0.847998304005088,0.,0.529998940003181));
#5324=DIRECTION('',(0.529998940003181,0.,0.847998304005088));
#5325=DIRECTION('',(-0.529998940003181,0.,-0.847998304005088));
#5326=DIRECTION('',(0.468292905790847,-0.468292905790847,0.749268649265355));
#5327=DIRECTION('',(0.,-1.,0.));
#5328=DIRECTION('',(0.,0.,-1.));
#5329=DIRECTION('',(0.707106781186547,-0.707106781186547,0.));
#5330=DIRECTION('',(-0.707106781186547,-0.707106781186547,0.));
#5331=DIRECTION('',(-0.707106781186547,-0.707106781186547,0.));
#5332=DIRECTION('',(-0.707106781186547,0.707106781186547,0.));
#5333=DIRECTION('',(1.,0.,0.));
#5334=DIRECTION('',(0.,0.,-1.));
#5335=DIRECTION('',(0.,0.,-1.));
#5336=DIRECTION('',(0.,-1.,0.));
#5337=DIRECTION('',(0.,0.,-1.));
#5338=DIRECTION('',(1.,0.,0.));
#5339=DIRECTION('',(0.,0.,-1.));
#5340=DIRECTION('',(0.,0.832050294337849,-0.554700196225221));
#5341=DIRECTION('',(0.,0.,1.));
#5342=DIRECTION('',(0.,-1.,0.));
#5343=DIRECTION('',(0.,0.,-1.));
#5344=DIRECTION('',(0.,-1.,0.));
#5345=DIRECTION('',(0.,0.,-1.));
#5346=DIRECTION('',(0.,-1.,0.));
#5347=DIRECTION('',(0.,0.,1.));
#5348=DIRECTION('',(0.,-0.832050294337846,-0.554700196225226));
#5349=DIRECTION('',(0.,-1.,0.));
#5350=DIRECTION('',(1.44560289664734E-16,0.,-1.));
#5351=DIRECTION('',(-1.,0.,-1.44560289664734E-16));
#5352=DIRECTION('',(-1.,2.16840434497105E-16,-1.44560289664734E-16));
#5353=DIRECTION('',(-1.,-2.16840434497103E-16,-1.44560289664734E-16));
#5354=DIRECTION('',(0.,-1.,0.));
#5355=DIRECTION('',(1.44560289664734E-16,0.,-1.));
#5356=DIRECTION('',(-1.,0.,-1.44560289664734E-16));
#5357=DIRECTION('',(-1.,0.,0.));
#5358=DIRECTION('',(0.,-1.,0.));
#5359=DIRECTION('',(-1.,0.,0.));
#5360=DIRECTION('',(-1.,0.,0.));
#5361=DIRECTION('',(0.,0.,1.));
#5362=DIRECTION('',(0.,-0.832050294337849,0.554700196225221));
#5363=DIRECTION('',(0.,0.832050294337846,0.554700196225226));
#5364=DIRECTION('',(0.,-1.,0.));
#5365=DIRECTION('',(-1.,0.,0.));
#5366=DIRECTION('',(0.,0.,1.));
#5367=DIRECTION('',(0.,0.,-1.));
#5368=DIRECTION('',(0.,-1.,0.));
#5369=DIRECTION('',(0.,0.,1.));
#5370=DIRECTION('',(0.554700196225232,0.,-0.832050294337842));
#5371=DIRECTION('',(-0.832050294337842,0.,-0.554700196225232));
#5372=DIRECTION('',(-0.639602149066823,0.639602149066841,-0.426401432711219));
#5373=DIRECTION('',(-0.639602149066826,-0.639602149066837,-0.426401432711221));
#5374=DIRECTION('',(0.554700196225232,0.,-0.832050294337842));
#5375=DIRECTION('',(-0.832050294337842,0.,-0.554700196225232));
#5376=DIRECTION('',(0.832050294337842,0.,0.554700196225232));
#5377=DIRECTION('',(-2.16840434497099E-16,1.,-1.44560289664734E-16));
#5378=DIRECTION('',(-0.832050294337842,0.,-0.554700196225232));
#5379=DIRECTION('',(0.847998304005088,0.,0.52999894000318));
#5380=DIRECTION('',(0.52999894000318,0.,-0.847998304005088));
#5381=DIRECTION('',(0.468292905790847,-0.468292905790847,-0.749268649265355));
#5382=DIRECTION('',(0.468292905790847,0.468292905790848,-0.749268649265355));
#5383=DIRECTION('',(0.,-1.,0.));
#5384=DIRECTION('',(0.,0.,-1.));
#5385=DIRECTION('',(-0.707106781186547,-0.707106781186547,0.));
#5386=DIRECTION('',(0.707106781186547,-0.707106781186547,0.));
#5387=DIRECTION('',(-0.707106781186547,0.707106781186547,0.));
#5388=DIRECTION('',(-0.707106781186547,-0.707106781186547,0.));
#5389=DIRECTION('',(0.,0.933580426497202,-0.3583679495453));
#5390=DIRECTION('',(0.,0.3583679495453,0.933580426497202));
#5391=DIRECTION('',(-1.,0.,0.));
#5392=DIRECTION('',(-1.,0.,0.));
#5393=DIRECTION('',(-1.,0.,0.));
#5394=DIRECTION('',(0.,0.,1.));
#5395=DIRECTION('',(-1.,0.,0.));
#5396=DIRECTION('',(0.,1.,0.));
#5397=DIRECTION('',(0.,0.,1.));
#5398=DIRECTION('',(0.,0.,-1.));
#5399=DIRECTION('',(0.,0.,1.));
#5400=DIRECTION('',(-1.,0.,0.));
#5401=DIRECTION('',(0.,1.,0.));
#5402=DIRECTION('',(0.,0.,1.));
#5403=DIRECTION('',(-1.,0.,0.));
#5404=DIRECTION('',(-1.,0.,0.));
#5405=DIRECTION('',(0.,0.,1.));
#5406=DIRECTION('',(0.,0.847998304005088,0.529998940003181));
#5407=DIRECTION('',(0.,-0.529998940003181,0.847998304005088));
#5408=DIRECTION('',(-1.,0.,0.));
#5409=DIRECTION('',(0.,1.,0.));
#5410=DIRECTION('',(0.,0.,1.));
#5411=DIRECTION('',(-0.832050294337842,0.,-0.554700196225232));
#5412=DIRECTION('',(0.,0.,1.));
#5413=DIRECTION('',(-1.,0.,0.));
#5414=DIRECTION('',(-1.,0.,0.));
#5415=DIRECTION('',(0.,0.,-1.));
#5416=DIRECTION('',(-0.832050294337846,0.,0.554700196225225));
#5417=DIRECTION('',(-1.,0.,0.));
#5418=DIRECTION('',(0.,4.33680868994201E-16,-1.));
#5419=DIRECTION('',(0.,1.,4.33680868994201E-16));
#5420=DIRECTION('',(-6.50521303491297E-16,-1.,-4.33680868994201E-16));
#5421=DIRECTION('',(-6.50521303491308E-16,1.,4.33680868994201E-16));
#5422=DIRECTION('',(-1.,0.,0.));
#5423=DIRECTION('',(0.,4.33680868994201E-16,-1.));
#5424=DIRECTION('',(0.,1.,4.33680868994201E-16));
#5425=DIRECTION('',(0.,-1.,0.));
#5426=DIRECTION('',(-1.,0.,0.));
#5427=DIRECTION('',(0.,-1.,0.));
#5428=DIRECTION('',(0.,0.,-1.));
#5429=DIRECTION('',(0.832050294337842,0.,0.554700196225232));
#5430=DIRECTION('',(0.832050294337846,0.,-0.554700196225225));
#5431=DIRECTION('',(-1.,0.,0.));
#5432=DIRECTION('',(0.,-1.,0.));
#5433=DIRECTION('',(0.,0.,-1.));
#5434=DIRECTION('',(0.,0.,-1.));
#5435=DIRECTION('',(-1.,0.,0.));
#5436=DIRECTION('',(0.,0.554700196225226,-0.832050294337846));
#5437=DIRECTION('',(0.,0.832050294337846,0.554700196225226));
#5438=DIRECTION('',(-1.,0.,0.));
#5439=DIRECTION('',(0.,0.554700196225226,-0.832050294337846));
#5440=DIRECTION('',(0.,0.832050294337846,0.554700196225226));
#5441=DIRECTION('',(0.,1.,0.));
#5442=DIRECTION('',(0.,0.,1.));
#5443=DIRECTION('',(0.,4.33680868994201E-16,-1.));
#5444=DIRECTION('',(0.,1.,4.33680868994201E-16));
#5445=DIRECTION('',(-1.,0.,0.));
#5446=DIRECTION('',(0.,-1.,0.));
#5447=DIRECTION('',(0.,-1.,0.));
#5448=DIRECTION('',(0.,0.,-1.));
#5449=DIRECTION('',(-1.,0.,0.));
#5450=DIRECTION('',(0.,0.,1.));
#5451=DIRECTION('',(0.,0.554700196225226,-0.832050294337846));
#5452=DIRECTION('',(0.,0.832050294337846,0.554700196225226));
#5453=DIRECTION('',(0.,0.,1.));
#5454=DIRECTION('',(1.,0.,0.));
#5455=DIRECTION('',(-1.,0.,0.));
#5456=DIRECTION('',(1.,0.,0.));
#5457=DIRECTION('',(0.,0.,-1.));
#5458=DIRECTION('',(0.,-1.,0.));
#5459=DIRECTION('',(-0.554700196225225,0.,-0.832050294337846));
#5460=DIRECTION('',(-0.832050294337846,0.,0.554700196225225));
#5461=DIRECTION('',(-1.,0.,0.));
#5462=DIRECTION('',(0.,0.,1.));
#5463=DIRECTION('',(0.,0.,1.));
#5464=DIRECTION('',(0.,-1.,0.));
#5465=DIRECTION('',(0.554700196225232,0.,-0.832050294337842));
#5466=DIRECTION('',(-0.832050294337842,0.,-0.554700196225232));
#5467=DIRECTION('',(0.,-1.,0.));
#5468=DIRECTION('',(-1.,0.,0.));
#5469=DIRECTION('',(0.,0.,1.));
#5470=DIRECTION('',(1.,0.,0.));
#5471=DIRECTION('',(0.,0.,-1.));
#5472=DIRECTION('',(0.,0.,-1.));
#5473=DIRECTION('',(0.,-1.,0.));
#5474=DIRECTION('',(-1.,0.,0.));
#5475=DIRECTION('',(0.,0.,1.));
#5476=DIRECTION('',(-1.,0.,0.));
#5477=DIRECTION('',(0.,-0.933580426497202,-0.3583679495453));
#5478=DIRECTION('',(0.,0.3583679495453,-0.933580426497202));
#5479=DIRECTION('',(-1.,0.,0.));
#5480=DIRECTION('',(0.,-0.847998304005088,0.52999894000318));
#5481=DIRECTION('',(0.,-0.52999894000318,-0.847998304005088));
#5482=DIRECTION('',(-1.,0.,0.));
#5483=DIRECTION('',(0.,-1.,0.));
#5484=DIRECTION('',(0.,0.,-1.));
#5485=DIRECTION('',(-1.,0.,0.));
#5486=DIRECTION('',(0.,-1.44560289664734E-16,-1.));
#5487=DIRECTION('',(0.,1.,-1.44560289664734E-16));
#5488=DIRECTION('',(-1.,0.,0.));
#5489=DIRECTION('',(0.,1.,0.));
#5490=DIRECTION('',(0.,0.,1.));
#5491=DIRECTION('',(-1.,0.,0.));
#5492=DIRECTION('',(0.,-0.554700196225221,-0.832050294337849));
#5493=DIRECTION('',(0.,0.832050294337849,-0.554700196225221));
#5494=DIRECTION('',(-1.,0.,0.));
#5495=DIRECTION('',(0.,-1.,0.));
#5496=DIRECTION('',(0.,0.,-1.));
#5497=DIRECTION('',(0.,1.,0.));
#5498=DIRECTION('',(0.,0.,1.));
#5499=DIRECTION('',(-1.,0.,0.));
#5500=DIRECTION('',(0.,-0.554700196225221,-0.832050294337849));
#5501=DIRECTION('',(0.,0.832050294337849,-0.554700196225221));
#5502=DIRECTION('',(0.,-0.554700196225221,-0.832050294337849));
#5503=DIRECTION('',(0.,0.832050294337849,-0.554700196225221));
#5504=DIRECTION('',(-1.,0.,0.));
#5505=DIRECTION('',(0.,1.,0.));
#5506=DIRECTION('',(0.,0.,1.));
#5507=DIRECTION('',(-1.,0.,0.));
#5508=DIRECTION('',(0.,0.,1.));
#5509=DIRECTION('',(-1.,0.,0.));
#5510=DIRECTION('',(0.,-1.,0.));
#5511=DIRECTION('',(0.,0.,-1.));
#5512=DIRECTION('',(0.,-1.,0.));
#5513=DIRECTION('',(0.,0.,-1.));
#5514=DIRECTION('',(-1.,0.,0.));
#5515=DIRECTION('',(-1.,0.,0.));
#5516=DIRECTION('',(0.,0.,1.));
#5517=DIRECTION('',(-0.707106781186547,-0.707106781186547,0.));
#5518=DIRECTION('',(-0.707106781186547,0.707106781186547,0.));
#5519=DIRECTION('',(-0.707106781186547,0.707106781186547,0.));
#5520=DIRECTION('',(-0.707106781186547,-0.707106781186547,0.));
#5521=DIRECTION('',(-1.,0.,0.));
#5522=DIRECTION('',(0.,0.,1.));
#5523=DIRECTION('',(-0.707106781186547,0.707106781186547,0.));
#5524=DIRECTION('',(-0.707106781186547,-0.707106781186547,0.));
#5525=DIRECTION('',(-0.707106781186547,-0.707106781186547,0.));
#5526=DIRECTION('',(-0.707106781186547,0.707106781186547,0.));
#5527=DIRECTION('',(-1.,0.,0.));
#5528=DIRECTION('',(0.,0.,1.));
#5529=DIRECTION('',(-0.707106781186547,-0.707106781186547,0.));
#5530=DIRECTION('',(-0.707106781186547,0.707106781186547,0.));
#5531=DIRECTION('',(-0.707106781186547,0.707106781186547,0.));
#5532=DIRECTION('',(-0.707106781186547,-0.707106781186547,0.));
#5533=DIRECTION('',(-1.,0.,0.));
#5534=DIRECTION('',(0.,0.,1.));
#5535=DIRECTION('',(-0.707106781186547,0.707106781186547,0.));
#5536=DIRECTION('',(-0.707106781186547,-0.707106781186547,0.));
#5537=DIRECTION('',(-0.707106781186547,-0.707106781186547,0.));
#5538=DIRECTION('',(-0.707106781186547,0.707106781186547,0.));
#5539=DIRECTION('',(0.,-1.,0.));
#5540=DIRECTION('',(0.,0.,-1.));
#5541=DIRECTION('',(0.,-1.,0.));
#5542=DIRECTION('',(0.,0.,-1.));
#5543=DIRECTION('',(0.,-1.,0.));
#5544=DIRECTION('',(0.,0.,-1.));
#5545=DIRECTION('',(0.,-1.,0.));
#5546=DIRECTION('',(0.,0.,-1.));
#5547=DIRECTION('',(-1.,0.,0.));
#5548=DIRECTION('',(0.,0.,1.));
#5549=DIRECTION('',(0.,0.,-1.));
#5550=DIRECTION('',(0.,0.,1.));
#5551=DIRECTION('',(0.,-1.,0.));
#5552=DIRECTION('',(0.,0.,-1.));
#5553=DIRECTION('',(0.,0.,1.));
#5554=DIRECTION('',(1.,0.,0.));
#5555=DIRECTION('',(0.,0.,-1.));
#5556=DIRECTION('',(0.,0.,1.));
#5557=DIRECTION('',(-1.,0.,0.));
#5558=DIRECTION('',(0.,0.,1.));
#5559=DIRECTION('',(0.,0.,1.));
#5560=DIRECTION('',(0.,0.,1.));
#5561=DIRECTION('',(0.,1.,0.));
#5562=DIRECTION('',(0.,0.,1.));
#5563=DIRECTION('',(0.,0.,1.));
#5564=DIRECTION('',(1.,0.,0.));
#5565=DIRECTION('',(0.,0.,-1.));
#5566=DIRECTION('',(0.,0.,1.));
#5567=DIRECTION('',(0.,-1.,0.));
#5568=DIRECTION('',(0.,0.,-1.));
#5569=DIRECTION('',(0.,1.,0.));
#5570=DIRECTION('',(0.,0.,1.));
#5571=DIRECTION('',(0.,0.,1.));
#5572=DIRECTION('',(1.,0.,0.));
#5573=DIRECTION('',(-1.,0.,0.));
#5574=DIRECTION('',(0.,0.,1.));
#5575=DIRECTION('',(0.,0.,1.));
#5576=DIRECTION('',(0.,-1.,0.));
#5577=DIRECTION('',(0.,0.,1.));
#5578=DIRECTION('',(0.,-1.,0.));
#5579=DIRECTION('',(0.,0.,-1.));
#5580=DIRECTION('',(1.,0.,0.));
#5581=DIRECTION('',(0.,0.,1.));
#5582=DIRECTION('',(1.,0.,0.));
#5583=DIRECTION('',(0.,0.,-1.));
#5584=DIRECTION('',(0.,1.,0.));
#5585=DIRECTION('',(0.,0.,1.));
#5586=DIRECTION('',(0.,0.,1.));
#5587=DIRECTION('',(1.,0.,0.));
#5588=DIRECTION('',(0.,0.,1.));
#5589=DIRECTION('',(1.,0.,0.));
#5590=DIRECTION('',(0.,0.,1.));
#5591=DIRECTION('',(-1.,0.,0.));
#5592=DIRECTION('',(0.,0.,1.));
#5593=DIRECTION('',(0.,-1.,0.));
#5594=DIRECTION('',(0.,0.,1.));
#5595=DIRECTION('',(0.,-1.,0.));
#5596=DIRECTION('',(0.,0.,-1.));
#5597=DIRECTION('',(1.,0.,0.));
#5598=DIRECTION('',(0.,0.,1.));
#5599=DIRECTION('',(1.,0.,0.));
#5600=DIRECTION('',(0.,0.,-1.));
#5601=DIRECTION('',(0.,1.,0.));
#5602=DIRECTION('',(0.,0.,1.));
#5603=DIRECTION('',(0.,0.,1.));
#5604=DIRECTION('',(1.,0.,0.));
#5605=DIRECTION('',(0.,0.,1.));
#5606=DIRECTION('',(1.,0.,0.));
#5607=DIRECTION('',(0.,0.,1.));
#5608=DIRECTION('',(-1.,0.,0.));
#5609=DIRECTION('',(0.,0.,1.));
#5610=DIRECTION('',(0.,-1.,0.));
#5611=DIRECTION('',(0.,0.,1.));
#5612=DIRECTION('',(0.,-1.,0.));
#5613=DIRECTION('',(0.,0.,-1.));
#5614=DIRECTION('',(1.,0.,0.));
#5615=DIRECTION('',(0.,0.,1.));
#5616=DIRECTION('',(1.,0.,0.));
#5617=DIRECTION('',(0.,0.,-1.));
#5618=DIRECTION('',(0.,1.,0.));
#5619=DIRECTION('',(0.,0.,1.));
#5620=DIRECTION('',(0.,1.,0.));
#5621=DIRECTION('',(0.,0.,1.));
#5622=DIRECTION('',(-1.,0.,0.));
#5623=DIRECTION('',(0.,0.,1.));
#5624=DIRECTION('',(0.,0.,1.));
#5625=DIRECTION('',(1.,0.,0.));
#5626=DIRECTION('',(0.,0.,1.));
#5627=DIRECTION('',(1.,0.,0.));
#5628=DIRECTION('',(0.,0.,1.));
#5629=DIRECTION('',(0.,-1.,0.));
#5630=DIRECTION('',(0.,0.,-1.));
#5631=DIRECTION('',(1.,0.,0.));
#5632=DIRECTION('',(0.,0.,1.));
#5633=DIRECTION('',(1.,0.,0.));
#5634=DIRECTION('',(0.,0.,-1.));
#5635=DIRECTION('',(0.,1.,0.));
#5636=DIRECTION('',(0.,0.,1.));
#5637=DIRECTION('',(0.,1.,0.));
#5638=DIRECTION('',(0.,0.,1.));
#5639=DIRECTION('',(-1.,0.,0.));
#5640=DIRECTION('',(0.,0.,1.));
#5641=DIRECTION('',(0.,0.,1.));
#5642=DIRECTION('',(1.,0.,0.));
#5643=DIRECTION('',(0.,0.,1.));
#5644=DIRECTION('',(1.,0.,0.));
#5645=DIRECTION('',(0.,0.,1.));
#5646=DIRECTION('',(0.,-1.,0.));
#5647=DIRECTION('',(0.,0.,-1.));
#5648=DIRECTION('',(1.,0.,0.));
#5649=DIRECTION('',(0.,0.,1.));
#5650=DIRECTION('',(1.,0.,0.));
#5651=DIRECTION('',(0.,0.,-1.));
#5652=DIRECTION('',(0.,1.,0.));
#5653=DIRECTION('',(0.,0.,1.));
#5654=DIRECTION('',(0.,1.,0.));
#5655=DIRECTION('',(0.,0.,1.));
#5656=DIRECTION('',(-1.,0.,0.));
#5657=DIRECTION('',(0.,0.,1.));
#5658=DIRECTION('',(0.,0.,1.));
#5659=DIRECTION('',(1.,0.,0.));
#5660=DIRECTION('',(0.,0.,1.));
#5661=DIRECTION('',(1.,0.,0.));
#5662=DIRECTION('',(0.,0.,1.));
#5663=DIRECTION('',(0.,-1.,0.));
#5664=DIRECTION('',(0.,0.,-1.));
#5665=DIRECTION('',(1.,0.,0.));
#5666=DIRECTION('',(0.,0.,1.));
#5667=DIRECTION('',(1.,0.,0.));
#5668=DIRECTION('',(0.,0.,-1.));
#5669=DIRECTION('',(0.,1.,0.));
#5670=DIRECTION('',(0.,0.,1.));
#5671=DIRECTION('',(0.,1.,0.));
#5672=DIRECTION('',(0.,0.,1.));
#5673=DIRECTION('',(-1.,0.,0.));
#5674=DIRECTION('',(0.,0.,1.));
#5675=DIRECTION('',(-1.,0.,0.));
#5676=DIRECTION('',(0.,0.,1.));
#5677=DIRECTION('',(0.,-1.,0.));
#5678=DIRECTION('',(0.,0.,1.));
#5679=DIRECTION('',(0.,0.,1.));
#5680=DIRECTION('',(1.,0.,0.));
#5681=DIRECTION('',(0.,0.,1.));
#5682=DIRECTION('',(1.,0.,0.));
#5683=DIRECTION('',(0.,0.,1.));
#5684=DIRECTION('',(1.,0.,0.));
#5685=DIRECTION('',(0.,0.,-1.));
#5686=DIRECTION('',(0.,1.,0.));
#5687=DIRECTION('',(0.,0.,1.));
#5688=DIRECTION('',(0.,1.,0.));
#5689=DIRECTION('',(0.,0.,1.));
#5690=DIRECTION('',(-1.,0.,0.));
#5691=DIRECTION('',(0.,0.,1.));
#5692=DIRECTION('',(-1.,0.,0.));
#5693=DIRECTION('',(0.,0.,1.));
#5694=DIRECTION('',(0.,-1.,0.));
#5695=DIRECTION('',(0.,0.,1.));
#5696=DIRECTION('',(0.,0.,1.));
#5697=DIRECTION('',(1.,0.,0.));
#5698=DIRECTION('',(0.,0.,1.));
#5699=DIRECTION('',(1.,0.,0.));
#5700=DIRECTION('',(0.,0.,1.));
#5701=DIRECTION('',(1.,0.,0.));
#5702=DIRECTION('',(0.,0.,-1.));
#5703=DIRECTION('',(0.,1.,0.));
#5704=DIRECTION('',(0.,0.,1.));
#5705=DIRECTION('',(0.,1.,0.));
#5706=DIRECTION('',(0.,0.,1.));
#5707=DIRECTION('',(-1.,0.,0.));
#5708=DIRECTION('',(0.,0.,1.));
#5709=DIRECTION('',(-1.,1.8913509789185E-16,0.));
#5710=DIRECTION('',(-1.8913509789185E-16,-1.,0.));
#5711=DIRECTION('',(-1.8913509789185E-16,-1.,0.));
#5712=DIRECTION('',(0.,0.,1.));
#5713=DIRECTION('',(-2.47817639425258E-15,-1.,0.));
#5714=DIRECTION('',(1.,-2.47817639425258E-15,0.));
#5715=DIRECTION('',(1.,-2.47817639425258E-15,0.));
#5716=DIRECTION('',(0.,0.,1.));
#5717=DIRECTION('',(0.,0.,1.));
#5718=DIRECTION('',(1.,0.,0.));
#5719=DIRECTION('',(0.,0.,1.));
#5720=DIRECTION('',(1.,0.,0.));
#5721=DIRECTION('',(0.,0.,1.));
#5722=DIRECTION('',(0.,1.,0.));
#5723=DIRECTION('',(0.,0.,1.));
#5724=DIRECTION('',(-1.,0.,0.));
#5725=DIRECTION('',(0.,0.,1.));
#5726=DIRECTION('',(-1.,0.,0.));
#5727=DIRECTION('',(0.,0.,1.));
#5728=DIRECTION('',(0.,-1.,0.));
#5729=DIRECTION('',(0.,0.,1.));
#5730=DIRECTION('',(0.,-1.,0.));
#5731=DIRECTION('',(0.,0.,-1.));
#5732=DIRECTION('',(1.,0.,0.));
#5733=DIRECTION('',(0.,0.,1.));
#5734=DIRECTION('',(0.,0.,1.));
#5735=DIRECTION('',(1.,0.,0.));
#5736=DIRECTION('',(0.,0.,1.));
#5737=DIRECTION('',(1.,0.,0.));
#5738=DIRECTION('',(0.,0.,1.));
#5739=DIRECTION('',(0.,1.,0.));
#5740=DIRECTION('',(0.,0.,1.));
#5741=DIRECTION('',(-1.,0.,0.));
#5742=DIRECTION('',(0.,0.,1.));
#5743=DIRECTION('',(-1.,0.,0.));
#5744=DIRECTION('',(0.,0.,1.));
#5745=DIRECTION('',(0.,-1.,0.));
#5746=DIRECTION('',(0.,0.,1.));
#5747=DIRECTION('',(0.,-1.,0.));
#5748=DIRECTION('',(0.,0.,-1.));
#5749=DIRECTION('',(1.,0.,0.));
#5750=DIRECTION('',(0.,0.,1.));
#5751=DIRECTION('',(0.,0.,1.));
#5752=DIRECTION('',(1.,0.,0.));
#5753=DIRECTION('',(0.,0.,1.));
#5754=DIRECTION('',(1.,0.,0.));
#5755=DIRECTION('',(0.,0.,1.));
#5756=DIRECTION('',(0.,1.,0.));
#5757=DIRECTION('',(0.,0.,1.));
#5758=DIRECTION('',(-1.,0.,0.));
#5759=DIRECTION('',(0.,0.,1.));
#5760=DIRECTION('',(1.,0.,0.));
#5761=DIRECTION('',(0.,0.,-1.));
#5762=DIRECTION('',(-1.,0.,0.));
#5763=DIRECTION('',(0.,0.,-1.));
#5764=DIRECTION('',(-1.,0.,0.));
#5765=DIRECTION('',(0.,0.,1.));
#5766=DIRECTION('',(1.,0.,0.));
#5767=DIRECTION('',(0.,0.,-1.));
#5768=DIRECTION('',(-1.,0.,0.));
#5769=DIRECTION('',(0.,0.,-1.));
#5770=DIRECTION('',(-1.,0.,0.));
#5771=DIRECTION('',(0.,0.,1.));
#5772=DIRECTION('',(1.,0.,0.));
#5773=DIRECTION('',(0.,0.,-1.));
#5774=DIRECTION('',(-1.,0.,0.));
#5775=DIRECTION('',(0.,0.,-1.));
#5776=DIRECTION('',(-1.,0.,0.));
#5777=DIRECTION('',(0.,0.,1.));
#5778=DIRECTION('',(1.,0.,0.));
#5779=DIRECTION('',(0.,0.,1.));
#5780=DIRECTION('',(1.,0.,0.));
#5781=DIRECTION('',(0.,0.,-1.));
#5782=DIRECTION('',(-1.,0.,0.));
#5783=DIRECTION('',(0.,0.,-1.));
#5784=DIRECTION('',(-1.,0.,0.));
#5785=DIRECTION('',(0.,0.,-1.));
#5786=DIRECTION('',(-1.,0.,0.));
#5787=DIRECTION('',(0.,0.,-1.));
#5788=DIRECTION('',(-1.,0.,0.));
#5789=DIRECTION('',(0.,0.,1.));
#5790=DIRECTION('',(1.,0.,0.));
#5791=DIRECTION('',(0.,0.,-1.));
#5792=DIRECTION('',(-1.,0.,0.));
#5793=DIRECTION('',(0.,0.,-1.));
#5794=DIRECTION('',(-1.,0.,0.));
#5795=DIRECTION('',(0.,0.,1.));
#5796=DIRECTION('',(1.,0.,0.));
#5797=DIRECTION('',(0.,0.,1.));
#5798=DIRECTION('',(1.,0.,0.));
#5799=DIRECTION('',(0.,0.,-1.));
#5800=DIRECTION('',(-1.,0.,0.));
#5801=DIRECTION('',(0.,0.,-1.));
#5802=DIRECTION('',(-1.,0.,0.));
#5803=DIRECTION('',(0.,0.,1.));
#5804=DIRECTION('',(1.,0.,0.));
#5805=DIRECTION('',(0.,0.,-1.));
#5806=DIRECTION('',(-1.,0.,0.));
#5807=DIRECTION('',(0.,0.,-1.));
#5808=DIRECTION('',(-1.,0.,0.));
#5809=DIRECTION('',(-0.60776406822858,0.,-0.794117647058826));
#5810=DIRECTION('',(-0.794117647058826,0.,0.60776406822858));
#5811=DIRECTION('',(0.794117647058826,0.,-0.60776406822858));
#5812=DIRECTION('',(0.794117647058826,0.,-0.60776406822858));
#5813=DIRECTION('',(0.,-1.,0.));
#5814=DIRECTION('',(0.,1.,0.));
#5815=DIRECTION('',(0.,0.,1.));
#5816=DIRECTION('',(0.,1.,0.));
#5817=DIRECTION('',(1.,0.,0.));
#5818=DIRECTION('',(0.,1.,0.));
#5819=DIRECTION('',(1.,0.,0.));
#5820=DIRECTION('',(-0.794117647058826,0.,-0.60776406822858));
#5821=DIRECTION('',(0.,1.,0.));
#5822=DIRECTION('',(0.,0.,1.));
#5823=DIRECTION('',(0.,1.,0.));
#5824=DIRECTION('',(1.,0.,0.));
#5825=DIRECTION('',(-0.794117647058826,0.,-0.60776406822858));
#5826=DIRECTION('',(0.,1.,0.));
#5827=DIRECTION('',(1.,0.,0.));
#5828=DIRECTION('',(0.,-1.,0.));
#5829=DIRECTION('',(0.,0.,-1.));
#5830=DIRECTION('',(0.,-1.,0.));
#5831=DIRECTION('',(-0.60776406822858,0.,0.794117647058826));
#5832=DIRECTION('',(0.794117647058826,0.,0.60776406822858));
#5833=DIRECTION('',(0.,-1.,0.));
#5834=DIRECTION('',(0.,0.,-1.));
#5835=DIRECTION('',(0.60776406822858,0.,0.794117647058826));
#5836=DIRECTION('',(0.794117647058826,0.,-0.60776406822858));
#5837=DIRECTION('',(0.794117647058826,0.,-0.60776406822858));
#5838=DIRECTION('',(0.,1.,0.));
#5839=DIRECTION('',(0.794117647058826,0.,-0.60776406822858));
#5840=DIRECTION('',(0.,1.,0.));
#5841=DIRECTION('',(0.,0.,1.));
#5842=DIRECTION('',(0.,1.,0.));
#5843=DIRECTION('',(1.,0.,0.));
#5844=DIRECTION('',(-0.794117647058826,0.,-0.60776406822858));
#5845=DIRECTION('',(0.,1.,0.));
#5846=DIRECTION('',(1.,0.,0.));
#5847=DIRECTION('',(0.,1.,0.));
#5848=DIRECTION('',(0.,0.,1.));
#5849=DIRECTION('',(0.,1.,0.));
#5850=DIRECTION('',(1.,0.,0.));
#5851=DIRECTION('',(0.,1.,0.));
#5852=DIRECTION('',(1.,0.,0.));
#5853=DIRECTION('',(-0.794117647058826,0.,-0.60776406822858));
#5854=DIRECTION('',(0.,1.,0.));
#5855=DIRECTION('',(0.,0.,1.));
#5856=DIRECTION('',(0.,1.,0.));
#5857=DIRECTION('',(0.60776406822858,0.,-0.794117647058826));
#5858=DIRECTION('',(-0.794117647058826,0.,-0.60776406822858));
#5859=DIRECTION('',(0.,1.,0.));
#5860=DIRECTION('',(0.,0.,1.));
#5861=CARTESIAN_POINT('',(0.,0.,0.));
#5862=CARTESIAN_POINT('',(188.5,155.630787281774,13.5));
#5863=CARTESIAN_POINT('',(-188.5,118.15,13.5));
#5864=CARTESIAN_POINT('',(-184.,118.15,13.5));
#5865=CARTESIAN_POINT('',(-181.5,118.15,13.5));
#5866=CARTESIAN_POINT('',(-181.5,181.5,13.5));
#5867=CARTESIAN_POINT('',(-181.5,-118.15,13.5));
#5868=CARTESIAN_POINT('',(-188.5,-118.15,13.5));
#5869=CARTESIAN_POINT('',(-184.,-118.15,13.5));
#5870=CARTESIAN_POINT('',(-184.,188.5,13.5));
#5871=CARTESIAN_POINT('',(-183.5,188.5,0.999999999999989));
#5872=CARTESIAN_POINT('',(-183.5,118.15,0.999999999999989));
#5873=CARTESIAN_POINT('',(-183.5,118.15,0.999999999999988));
#5874=CARTESIAN_POINT('',(-183.5,118.15,0.));
#5875=CARTESIAN_POINT('',(-183.5,188.5,0.999999999999989));
#5876=CARTESIAN_POINT('',(-183.5,-118.15,0.999999999999989));
#5877=CARTESIAN_POINT('',(-183.5,-118.15,0.999999999999989));
#5878=CARTESIAN_POINT('',(-183.5,-118.15,-1.12757025938492E-14));
#5879=CARTESIAN_POINT('',(-183.5,188.5,-1.12757025938492E-14));
#5880=CARTESIAN_POINT('',(-185.,188.5,1.99999999999998));
#5881=CARTESIAN_POINT('',(-185.,118.15,1.99999999999998));
#5882=CARTESIAN_POINT('',(-185.,118.15,1.99999999999998));
#5883=CARTESIAN_POINT('',(-185.,188.5,1.99999999999998));
#5884=CARTESIAN_POINT('',(-185.,-118.15,1.99999999999998));
#5885=CARTESIAN_POINT('',(-185.,-118.15,1.99999999999998));
#5886=CARTESIAN_POINT('',(-185.,188.5,1.29999999999999));
#5887=CARTESIAN_POINT('',(-185.,118.15,1.29999999999999));
#5888=CARTESIAN_POINT('',(-185.,118.15,1.29999999999999));
#5889=CARTESIAN_POINT('',(-185.,188.5,1.29999999999999));
#5890=CARTESIAN_POINT('',(-185.,-118.15,1.29999999999999));
#5891=CARTESIAN_POINT('',(-185.,-118.15,1.29999999999999));
#5892=CARTESIAN_POINT('',(-186.5,188.5,1.29999999999999));
#5893=CARTESIAN_POINT('',(-186.5,118.15,1.29999999999999));
#5894=CARTESIAN_POINT('',(-186.5,118.15,1.29999999999999));
#5895=CARTESIAN_POINT('',(-186.5,188.5,1.29999999999999));
#5896=CARTESIAN_POINT('',(-186.5,-118.15,1.29999999999999));
#5897=CARTESIAN_POINT('',(-186.5,-118.15,1.29999999999999));
#5898=CARTESIAN_POINT('',(-186.5,188.5,9.49999999999999));
#5899=CARTESIAN_POINT('',(-186.5,118.15,9.49999999999999));
#5900=CARTESIAN_POINT('',(-186.5,118.15,9.49999999999999));
#5901=CARTESIAN_POINT('',(-186.5,188.5,9.49999999999999));
#5902=CARTESIAN_POINT('',(-186.5,-118.15,9.49999999999999));
#5903=CARTESIAN_POINT('',(-186.5,-118.15,9.49999999999999));
#5904=CARTESIAN_POINT('',(-184.,188.5,13.5));
#5905=CARTESIAN_POINT('',(-184.,118.15,13.5));
#5906=CARTESIAN_POINT('',(-184.,-118.15,13.5));
#5907=CARTESIAN_POINT('',(-181.5,181.5,9.5));
#5908=CARTESIAN_POINT('',(-181.5,118.15,9.5));
#5909=CARTESIAN_POINT('',(-181.5,118.15,9.5));
#5910=CARTESIAN_POINT('',(-181.5,181.5,9.5));
#5911=CARTESIAN_POINT('',(-181.5,-118.15,9.5));
#5912=CARTESIAN_POINT('',(-181.5,-118.15,13.5));
#5913=CARTESIAN_POINT('',(0.,0.,9.5));
#5914=CARTESIAN_POINT('',(-180.,180.,9.5));
#5915=CARTESIAN_POINT('',(-180.,180.,9.5));
#5916=CARTESIAN_POINT('',(-180.,-180.,9.5));
#5917=CARTESIAN_POINT('',(-180.,-180.,9.5));
#5918=CARTESIAN_POINT('',(180.,-180.,9.5));
#5919=CARTESIAN_POINT('',(180.,-180.,9.5));
#5920=CARTESIAN_POINT('',(180.,180.,9.5));
#5921=CARTESIAN_POINT('',(180.,180.,9.5));
#5922=CARTESIAN_POINT('',(0.,118.15,9.5));
#5923=CARTESIAN_POINT('',(-180.585364894043,118.15,9.5));
#5924=CARTESIAN_POINT('',(-180.585364894043,0.,9.5));
#5925=CARTESIAN_POINT('',(-180.585364894043,143.15,9.5));
#5926=CARTESIAN_POINT('',(0.,143.15,9.5));
#5927=CARTESIAN_POINT('',(-181.5,143.15,9.5));
#5928=CARTESIAN_POINT('',(-181.5,181.5,9.5));
#5929=CARTESIAN_POINT('',(-181.5,181.5,9.5));
#5930=CARTESIAN_POINT('',(181.5,181.5,9.5));
#5931=CARTESIAN_POINT('',(181.5,181.5,9.5));
#5932=CARTESIAN_POINT('',(181.5,-181.5,9.5));
#5933=CARTESIAN_POINT('',(181.5,-181.5,9.5));
#5934=CARTESIAN_POINT('',(-181.5,-181.5,9.5));
#5935=CARTESIAN_POINT('',(-181.5,-181.5,9.5));
#5936=CARTESIAN_POINT('',(-181.5,181.5,9.5));
#5937=CARTESIAN_POINT('',(-181.5,-143.15,9.5));
#5938=CARTESIAN_POINT('',(0.,-143.15,9.5));
#5939=CARTESIAN_POINT('',(-180.585364894043,-143.15,9.5));
#5940=CARTESIAN_POINT('',(-180.585364894043,0.,9.5));
#5941=CARTESIAN_POINT('',(-180.585364894043,-118.15,9.5));
#5942=CARTESIAN_POINT('',(0.,-118.15,9.5));
#5943=CARTESIAN_POINT('',(-183.5,188.5,0.999999999999989));
#5944=CARTESIAN_POINT('',(-183.5,-143.15,0.999999999999989));
#5945=CARTESIAN_POINT('',(-183.5,-143.15,0.999999999999989));
#5946=CARTESIAN_POINT('',(-183.5,-143.15,-1.12757025938492E-14));
#5947=CARTESIAN_POINT('',(-183.5,188.5,0.999999999999989));
#5948=CARTESIAN_POINT('',(-183.5,-183.5,0.999999999999988));
#5949=CARTESIAN_POINT('',(-183.5,-183.5,0.999999999999989));
#5950=CARTESIAN_POINT('',(-183.5,-183.5,-1.12757025938492E-14));
#5951=CARTESIAN_POINT('',(-183.5,188.5,-1.12757025938492E-14));
#5952=CARTESIAN_POINT('',(-185.,188.5,1.99999999999998));
#5953=CARTESIAN_POINT('',(-185.,-143.15,1.99999999999998));
#5954=CARTESIAN_POINT('',(-185.,-143.15,1.99999999999998));
#5955=CARTESIAN_POINT('',(-185.,188.5,1.99999999999998));
#5956=CARTESIAN_POINT('',(-185.,-185.,1.99999999999998));
#5957=CARTESIAN_POINT('',(-32.2045454545446,-32.2045454545428,-99.863636363636));
#5958=CARTESIAN_POINT('',(-185.,188.5,1.29999999999999));
#5959=CARTESIAN_POINT('',(-185.,-143.15,1.29999999999999));
#5960=CARTESIAN_POINT('',(-185.,-143.15,1.29999999999999));
#5961=CARTESIAN_POINT('',(-185.,188.5,1.29999999999999));
#5962=CARTESIAN_POINT('',(-185.,-183.95,1.29999999999999));
#5963=CARTESIAN_POINT('',(-185.,73.9000000000033,-170.599999999999));
#5964=CARTESIAN_POINT('',(-186.5,188.5,1.29999999999999));
#5965=CARTESIAN_POINT('',(-186.5,-143.15,1.29999999999999));
#5966=CARTESIAN_POINT('',(-186.5,-143.15,1.29999999999999));
#5967=CARTESIAN_POINT('',(-186.5,188.5,1.29999999999999));
#5968=CARTESIAN_POINT('',(-186.5,-183.95,1.29999999999999));
#5969=CARTESIAN_POINT('',(-186.5,-183.95,1.29999999999999));
#5970=CARTESIAN_POINT('',(-186.5,188.5,9.49999999999999));
#5971=CARTESIAN_POINT('',(-186.5,-143.15,9.49999999999999));
#5972=CARTESIAN_POINT('',(-186.5,-143.15,9.49999999999999));
#5973=CARTESIAN_POINT('',(-186.5,188.5,9.49999999999999));
#5974=CARTESIAN_POINT('',(-186.5,-186.5,9.49999999999999));
#5975=CARTESIAN_POINT('',(-186.5,-186.5,9.49999999999999));
#5976=CARTESIAN_POINT('',(-186.5,-186.5,1.29999999999999));
#5977=CARTESIAN_POINT('',(-186.5,188.5,1.29999999999999));
#5978=CARTESIAN_POINT('',(-186.5,-185.,1.29999999999999));
#5979=CARTESIAN_POINT('',(-186.5,-185.,9.49999999999999));
#5980=CARTESIAN_POINT('',(-186.5,-185.,1.99999999999998));
#5981=CARTESIAN_POINT('',(-186.5,70.1153846153879,-168.076923076922));
#5982=CARTESIAN_POINT('',(-184.,188.5,13.5));
#5983=CARTESIAN_POINT('',(-184.,-143.15,13.5));
#5984=CARTESIAN_POINT('',(-184.,-143.15,13.5));
#5985=CARTESIAN_POINT('',(-184.,188.5,13.5));
#5986=CARTESIAN_POINT('',(-184.,-184.,13.5));
#5987=CARTESIAN_POINT('',(-102.311403508772,-102.311403508772,144.201754385965));
#5988=CARTESIAN_POINT('',(-181.5,181.5,9.5));
#5989=CARTESIAN_POINT('',(-181.5,181.5,13.5));
#5990=CARTESIAN_POINT('',(-181.5,-143.15,13.5));
#5991=CARTESIAN_POINT('',(-181.5,-181.5,13.5));
#5992=CARTESIAN_POINT('',(-181.5,-143.15,9.5));
#5993=CARTESIAN_POINT('',(-181.5,-181.5,9.5));
#5994=CARTESIAN_POINT('',(-173.499999999999,-166.,4.24232845443146));
#5995=CARTESIAN_POINT('',(-135.501923788647,-166.,12.));
#5996=CARTESIAN_POINT('',(-135.501923788647,-166.,12.));
#5997=CARTESIAN_POINT('',(-135.501923788647,-166.,13.5));
#5998=CARTESIAN_POINT('',(-173.499999999999,-166.,12.));
#5999=CARTESIAN_POINT('',(-140.698076211353,-166.,12.));
#6000=CARTESIAN_POINT('',(-140.698076211353,-166.,12.));
#6001=CARTESIAN_POINT('',(-140.698076211353,-166.,13.5));
#6002=CARTESIAN_POINT('',(-166.,-166.,13.5));
#6003=CARTESIAN_POINT('',(-166.,-166.,13.5));
#6004=CARTESIAN_POINT('',(-166.,-166.,-1.0164568432923E-14));
#6005=CARTESIAN_POINT('',(-166.,-166.,-1.0164568432923E-14));
#6006=CARTESIAN_POINT('',(-162.,-166.,-9.76996261670138E-15));
#6007=CARTESIAN_POINT('',(166.,-166.,-1.73472347597681E-14));
#6008=CARTESIAN_POINT('',(166.,-166.,13.5));
#6009=CARTESIAN_POINT('',(166.,-166.,13.5));
#6010=CARTESIAN_POINT('',(-166.,-166.,13.5));
#6011=CARTESIAN_POINT('',(140.698076211353,-166.,13.5));
#6012=CARTESIAN_POINT('',(140.698076211353,-166.,12.));
#6013=CARTESIAN_POINT('',(140.698076211353,-166.,12.));
#6014=CARTESIAN_POINT('',(-173.499999999999,-166.,12.));
#6015=CARTESIAN_POINT('',(135.501923788647,-166.,12.));
#6016=CARTESIAN_POINT('',(135.501923788647,-166.,12.));
#6017=CARTESIAN_POINT('',(135.501923788647,-166.,13.5));
#6018=CARTESIAN_POINT('',(-166.,-166.,13.5));
#6019=CARTESIAN_POINT('',(166.,166.,0.));
#6020=CARTESIAN_POINT('',(-140.698076211353,166.,12.));
#6021=CARTESIAN_POINT('',(-140.698076211353,166.,12.));
#6022=CARTESIAN_POINT('',(-140.698076211353,166.,13.5));
#6023=CARTESIAN_POINT('',(166.,166.,12.));
#6024=CARTESIAN_POINT('',(-135.501923788647,166.,12.));
#6025=CARTESIAN_POINT('',(-135.501923788647,166.,12.));
#6026=CARTESIAN_POINT('',(-135.501923788647,166.,13.5));
#6027=CARTESIAN_POINT('',(166.,166.,13.5));
#6028=CARTESIAN_POINT('',(135.501923788647,166.,13.5));
#6029=CARTESIAN_POINT('',(135.501923788647,166.,12.));
#6030=CARTESIAN_POINT('',(135.501923788647,166.,12.));
#6031=CARTESIAN_POINT('',(166.,166.,12.));
#6032=CARTESIAN_POINT('',(140.698076211353,166.,12.));
#6033=CARTESIAN_POINT('',(140.698076211353,166.,12.));
#6034=CARTESIAN_POINT('',(140.698076211353,166.,13.5));
#6035=CARTESIAN_POINT('',(166.,166.,13.5));
#6036=CARTESIAN_POINT('',(166.,166.,13.5));
#6037=CARTESIAN_POINT('',(166.,166.,0.));
#6038=CARTESIAN_POINT('',(166.,166.,0.));
#6039=CARTESIAN_POINT('',(166.,166.,0.));
#6040=CARTESIAN_POINT('',(-166.,166.,0.));
#6041=CARTESIAN_POINT('',(-166.,166.,0.));
#6042=CARTESIAN_POINT('',(-166.,166.,13.5));
#6043=CARTESIAN_POINT('',(166.,166.,13.5));
#6044=CARTESIAN_POINT('',(-166.,173.499999999999,4.24232845443145));
#6045=CARTESIAN_POINT('',(-166.,-140.698076211353,12.));
#6046=CARTESIAN_POINT('',(-166.,-140.698076211353,12.));
#6047=CARTESIAN_POINT('',(-166.,-140.698076211353,13.5));
#6048=CARTESIAN_POINT('',(-166.,173.499999999999,12.));
#6049=CARTESIAN_POINT('',(-166.,-135.501923788647,12.));
#6050=CARTESIAN_POINT('',(-166.,-135.501923788647,12.));
#6051=CARTESIAN_POINT('',(-166.,-135.501923788647,13.5));
#6052=CARTESIAN_POINT('',(-166.,166.,13.5));
#6053=CARTESIAN_POINT('',(-166.,135.501923788647,13.5));
#6054=CARTESIAN_POINT('',(-166.,135.501923788647,12.));
#6055=CARTESIAN_POINT('',(-166.,135.501923788647,12.));
#6056=CARTESIAN_POINT('',(-166.,173.499999999999,12.));
#6057=CARTESIAN_POINT('',(-166.,140.698076211353,12.));
#6058=CARTESIAN_POINT('',(-166.,140.698076211353,12.));
#6059=CARTESIAN_POINT('',(-166.,140.698076211353,13.5));
#6060=CARTESIAN_POINT('',(-166.,166.,13.5));
#6061=CARTESIAN_POINT('',(-166.,162.,0.));
#6062=CARTESIAN_POINT('',(-166.,166.,13.5));
#6063=CARTESIAN_POINT('',(166.,173.499999999999,4.24232845443145));
#6064=CARTESIAN_POINT('',(166.,173.499999999999,12.));
#6065=CARTESIAN_POINT('',(166.,-135.501923788647,12.));
#6066=CARTESIAN_POINT('',(166.,-140.698076211353,12.));
#6067=CARTESIAN_POINT('',(166.,-140.698076211353,12.));
#6068=CARTESIAN_POINT('',(166.,-140.698076211353,13.5));
#6069=CARTESIAN_POINT('',(166.,166.,13.5));
#6070=CARTESIAN_POINT('',(166.,162.,0.));
#6071=CARTESIAN_POINT('',(166.,166.,13.5));
#6072=CARTESIAN_POINT('',(166.,140.698076211353,13.5));
#6073=CARTESIAN_POINT('',(166.,140.698076211353,12.));
#6074=CARTESIAN_POINT('',(166.,140.698076211353,12.));
#6075=CARTESIAN_POINT('',(166.,173.499999999999,12.));
#6076=CARTESIAN_POINT('',(166.,135.501923788647,12.));
#6077=CARTESIAN_POINT('',(166.,135.501923788647,12.));
#6078=CARTESIAN_POINT('',(166.,135.501923788647,13.5));
#6079=CARTESIAN_POINT('',(166.,166.,13.5));
#6080=CARTESIAN_POINT('',(166.,-135.501923788647,13.5));
#6081=CARTESIAN_POINT('',(166.,-135.501923788647,12.));
#6082=CARTESIAN_POINT('',(188.5,155.630787281774,13.5));
#6083=CARTESIAN_POINT('',(-138.1,-172.5,13.5));
#6084=CARTESIAN_POINT('',(138.1,-172.5,13.5));
#6085=CARTESIAN_POINT('',(172.5,-138.1,13.5));
#6086=CARTESIAN_POINT('',(172.5,138.1,13.5));
#6087=CARTESIAN_POINT('',(138.1,172.5,13.5));
#6088=CARTESIAN_POINT('',(-138.1,172.5,13.5));
#6089=CARTESIAN_POINT('',(-172.5,138.1,13.5));
#6090=CARTESIAN_POINT('',(-172.5,-138.1,13.5));
#6091=CARTESIAN_POINT('',(-180.,180.,13.5));
#6092=CARTESIAN_POINT('',(-180.,180.,13.5));
#6093=CARTESIAN_POINT('',(-180.,-180.,13.5));
#6094=CARTESIAN_POINT('',(180.,180.,13.5));
#6095=CARTESIAN_POINT('',(180.,180.,13.5));
#6096=CARTESIAN_POINT('',(180.,-180.,13.5));
#6097=CARTESIAN_POINT('',(180.,-180.,13.5));
#6098=CARTESIAN_POINT('',(-180.,-180.,13.5));
#6099=CARTESIAN_POINT('',(188.5,188.5,34.));
#6100=CARTESIAN_POINT('',(188.5,-165.561842875805,34.));
#6101=CARTESIAN_POINT('',(165.561842875805,-165.561842875805,34.));
#6102=CARTESIAN_POINT('',(-165.561842875805,-165.561842875805,34.));
#6103=CARTESIAN_POINT('',(-165.561842875805,188.5,34.));
#6104=CARTESIAN_POINT('',(-165.561842875805,165.561842875805,34.));
#6105=CARTESIAN_POINT('',(188.5,165.561842875805,34.));
#6106=CARTESIAN_POINT('',(165.561842875805,165.561842875805,34.));
#6107=CARTESIAN_POINT('',(165.561842875805,188.5,34.));
#6108=CARTESIAN_POINT('',(188.5,-185.5,34.));
#6109=CARTESIAN_POINT('',(185.5,-185.5,34.));
#6110=CARTESIAN_POINT('',(-185.5,-185.5,34.));
#6111=CARTESIAN_POINT('',(185.5,188.5,34.));
#6112=CARTESIAN_POINT('',(185.5,185.5,34.));
#6113=CARTESIAN_POINT('',(188.5,185.5,34.));
#6114=CARTESIAN_POINT('',(-185.5,185.5,34.));
#6115=CARTESIAN_POINT('',(-185.5,188.5,34.));
#6116=CARTESIAN_POINT('',(188.5,183.5,0.));
#6117=CARTESIAN_POINT('',(-181.5,118.15,0.));
#6118=CARTESIAN_POINT('',(-181.5,118.15,2.16840434497101E-16));
#6119=CARTESIAN_POINT('',(-181.5,-118.15,0.));
#6120=CARTESIAN_POINT('',(-181.5,-118.15,2.16840434497101E-16));
#6121=CARTESIAN_POINT('',(-181.5,-118.15,2.16840434497101E-16));
#6122=CARTESIAN_POINT('',(-181.5,-143.15,2.16840434497101E-16));
#6123=CARTESIAN_POINT('',(-181.5,-143.15,0.));
#6124=CARTESIAN_POINT('',(188.5,-183.5,0.));
#6125=CARTESIAN_POINT('',(183.5,-183.5,-1.7185575048227E-14));
#6126=CARTESIAN_POINT('',(183.5,188.5,-1.7185575048227E-14));
#6127=CARTESIAN_POINT('',(183.5,183.5,-1.7185575048227E-14));
#6128=CARTESIAN_POINT('',(188.5,183.5,0.));
#6129=CARTESIAN_POINT('',(-183.5,183.5,-1.12757025938492E-14));
#6130=CARTESIAN_POINT('',(-183.5,188.5,-1.12757025938492E-14));
#6131=CARTESIAN_POINT('',(-183.5,143.15,0.));
#6132=CARTESIAN_POINT('',(-181.5,143.15,0.));
#6133=CARTESIAN_POINT('',(-181.5,143.15,2.16840434497101E-16));
#6134=CARTESIAN_POINT('',(-181.5,118.15,2.16840434497101E-16));
#6135=CARTESIAN_POINT('',(188.5,-185.5,-2.94902990916057E-14));
#6136=CARTESIAN_POINT('',(185.5,-185.5,-1.86482773667507E-14));
#6137=CARTESIAN_POINT('',(-185.5,-185.5,-1.13585990620917E-14));
#6138=CARTESIAN_POINT('',(-185.5,188.5,-1.13585990620917E-14));
#6139=CARTESIAN_POINT('',(-185.5,185.5,-1.13585990620917E-14));
#6140=CARTESIAN_POINT('',(188.5,185.5,0.));
#6141=CARTESIAN_POINT('',(185.5,185.5,0.));
#6142=CARTESIAN_POINT('',(185.5,188.5,-1.86482773667507E-14));
#6143=CARTESIAN_POINT('',(188.5,165.561842875805,31.));
#6144=CARTESIAN_POINT('',(188.5,-188.5,34.));
#6145=CARTESIAN_POINT('',(188.5,-188.5,31.));
#6146=CARTESIAN_POINT('',(188.5,-188.5,3.00000000000001));
#6147=CARTESIAN_POINT('',(188.5,188.5,3.00000000000001));
#6148=CARTESIAN_POINT('',(188.5,188.5,3.00000000000001));
#6149=CARTESIAN_POINT('',(188.5,188.5,0.));
#6150=CARTESIAN_POINT('',(188.5,188.5,31.));
#6151=CARTESIAN_POINT('',(188.5,188.5,31.));
#6152=CARTESIAN_POINT('',(-188.5,165.561842875805,31.));
#6153=CARTESIAN_POINT('',(-188.5,188.5,2.99999999999999));
#6154=CARTESIAN_POINT('',(-188.5,188.5,3.));
#6155=CARTESIAN_POINT('',(-188.5,-188.5,2.99999999999999));
#6156=CARTESIAN_POINT('',(-188.5,-188.5,-1.15422960819638E-14));
#6157=CARTESIAN_POINT('',(-188.5,-188.5,31.));
#6158=CARTESIAN_POINT('',(-188.5,188.5,31.));
#6159=CARTESIAN_POINT('',(-188.5,188.5,31.));
#6160=CARTESIAN_POINT('',(-188.5,188.5,0.));
#6161=CARTESIAN_POINT('',(188.5,188.5,0.));
#6162=CARTESIAN_POINT('',(188.5,188.5,31.));
#6163=CARTESIAN_POINT('',(188.5,188.5,3.));
#6164=CARTESIAN_POINT('',(-165.561842875805,-188.5,30.9999999999999));
#6165=CARTESIAN_POINT('',(188.5,-188.5,3.));
#6166=CARTESIAN_POINT('',(188.5,-188.5,31.));
#6167=CARTESIAN_POINT('',(188.5,155.630787281774,13.5));
#6168=CARTESIAN_POINT('',(-181.5,181.5,13.5));
#6169=CARTESIAN_POINT('',(-181.5,181.5,13.5));
#6170=CARTESIAN_POINT('',(-181.5,143.15,13.5));
#6171=CARTESIAN_POINT('',(-188.5,143.15,13.5));
#6172=CARTESIAN_POINT('',(-184.,143.15,13.5));
#6173=CARTESIAN_POINT('',(-184.,188.5,13.5));
#6174=CARTESIAN_POINT('',(-184.,184.,13.5));
#6175=CARTESIAN_POINT('',(188.5,184.,13.5));
#6176=CARTESIAN_POINT('',(184.,184.,13.5));
#6177=CARTESIAN_POINT('',(184.,188.5,13.5));
#6178=CARTESIAN_POINT('',(184.,-184.,13.5));
#6179=CARTESIAN_POINT('',(188.5,-184.,13.5));
#6180=CARTESIAN_POINT('',(-188.5,-143.15,13.5));
#6181=CARTESIAN_POINT('',(-181.5,-181.5,13.5));
#6182=CARTESIAN_POINT('',(181.5,-181.5,13.5));
#6183=CARTESIAN_POINT('',(181.5,-181.5,13.5));
#6184=CARTESIAN_POINT('',(181.5,181.5,13.5));
#6185=CARTESIAN_POINT('',(181.5,181.5,13.5));
#6186=CARTESIAN_POINT('',(-162.761101596313,188.5,32.0751038486359));
#6187=CARTESIAN_POINT('',(-122.78368852522,-122.78368852522,-72.0696177776154));
#6188=CARTESIAN_POINT('',(-154.828391470056,-154.828391470056,11.4096874453374));
#6189=CARTESIAN_POINT('',(-162.761101596313,-162.761101596313,32.0751038486359));
#6190=CARTESIAN_POINT('',(-154.828391470056,166.,11.4096874453374));
#6191=CARTESIAN_POINT('',(-154.828391470056,154.828391470056,11.4096874453374));
#6192=CARTESIAN_POINT('',(-122.78368852522,122.78368852522,-72.0696177776154));
#6193=CARTESIAN_POINT('',(-162.761101596313,162.761101596313,32.0751038486359));
#6194=CARTESIAN_POINT('',(-162.761101596313,188.5,32.0751038486359));
#6195=CARTESIAN_POINT('',(155.630787281774,188.5,13.5));
#6196=CARTESIAN_POINT('',(154.828391470056,166.,11.4096874453372));
#6197=CARTESIAN_POINT('',(154.828391470056,154.828391470056,11.4096874453372));
#6198=CARTESIAN_POINT('',(154.828391470056,-154.828391470056,11.4096874453374));
#6199=CARTESIAN_POINT('',(116.464883140601,-116.464883140601,-88.5306685870144));
#6200=CARTESIAN_POINT('',(162.761101596313,-162.761101596313,32.0751038486359));
#6201=CARTESIAN_POINT('',(162.761101596313,188.5,32.0751038486359));
#6202=CARTESIAN_POINT('',(162.761101596313,162.761101596313,32.0751038486359));
#6203=CARTESIAN_POINT('',(165.690473988539,165.690473988539,39.7063798340394));
#6204=CARTESIAN_POINT('',(166.,153.5,2.5));
#6205=CARTESIAN_POINT('',(-158.,-117.25,2.5));
#6206=CARTESIAN_POINT('',(-158.,-117.25,2.5));
#6207=CARTESIAN_POINT('',(-161.5,-117.25,2.5));
#6208=CARTESIAN_POINT('',(-161.5,-117.25,2.5));
#6209=CARTESIAN_POINT('',(-161.5,-161.5,2.5));
#6210=CARTESIAN_POINT('',(-161.5,-161.5,2.5));
#6211=CARTESIAN_POINT('',(-89.75,-161.5,2.5));
#6212=CARTESIAN_POINT('',(-89.75,-161.5,2.5));
#6213=CARTESIAN_POINT('',(-89.75,-158.,2.5));
#6214=CARTESIAN_POINT('',(-87.5,-158.,2.5));
#6215=CARTESIAN_POINT('',(-85.25,-158.,2.5));
#6216=CARTESIAN_POINT('',(-85.25,-158.,2.5));
#6217=CARTESIAN_POINT('',(-85.25,-161.5,2.5));
#6218=CARTESIAN_POINT('',(-85.25,-161.5,2.5));
#6219=CARTESIAN_POINT('',(85.25,-161.5,2.5));
#6220=CARTESIAN_POINT('',(85.25,-161.5,2.5));
#6221=CARTESIAN_POINT('',(85.25,-158.,2.5));
#6222=CARTESIAN_POINT('',(87.5,-158.,2.5));
#6223=CARTESIAN_POINT('',(89.75,-158.,2.5));
#6224=CARTESIAN_POINT('',(89.75,-158.,2.5));
#6225=CARTESIAN_POINT('',(89.75,-161.5,2.5));
#6226=CARTESIAN_POINT('',(89.75,-161.5,2.5));
#6227=CARTESIAN_POINT('',(161.5,-161.5,2.5));
#6228=CARTESIAN_POINT('',(161.5,-161.5,2.5));
#6229=CARTESIAN_POINT('',(161.5,-14.75,2.5));
#6230=CARTESIAN_POINT('',(161.5,-14.75,2.5));
#6231=CARTESIAN_POINT('',(158.,-14.75,2.5));
#6232=CARTESIAN_POINT('',(158.,-12.5,2.5));
#6233=CARTESIAN_POINT('',(158.,-10.25,2.5));
#6234=CARTESIAN_POINT('',(158.,-10.25,2.5));
#6235=CARTESIAN_POINT('',(161.5,-10.25,2.5));
#6236=CARTESIAN_POINT('',(161.5,-10.25,2.5));
#6237=CARTESIAN_POINT('',(161.5,10.25,2.5));
#6238=CARTESIAN_POINT('',(161.5,10.25,2.5));
#6239=CARTESIAN_POINT('',(158.,10.25,2.5));
#6240=CARTESIAN_POINT('',(158.,12.5,2.5));
#6241=CARTESIAN_POINT('',(158.,14.75,2.5));
#6242=CARTESIAN_POINT('',(158.,14.75,2.5));
#6243=CARTESIAN_POINT('',(161.5,14.75,2.5));
#6244=CARTESIAN_POINT('',(161.5,14.75,2.5));
#6245=CARTESIAN_POINT('',(161.5,112.75,2.5));
#6246=CARTESIAN_POINT('',(161.5,112.75,2.5));
#6247=CARTESIAN_POINT('',(158.,112.75,2.5));
#6248=CARTESIAN_POINT('',(158.,115.,2.5));
#6249=CARTESIAN_POINT('',(158.,117.25,2.5));
#6250=CARTESIAN_POINT('',(158.,117.25,2.5));
#6251=CARTESIAN_POINT('',(161.5,117.25,2.5));
#6252=CARTESIAN_POINT('',(161.5,117.25,2.5));
#6253=CARTESIAN_POINT('',(161.5,161.5,2.5));
#6254=CARTESIAN_POINT('',(161.5,161.5,2.5));
#6255=CARTESIAN_POINT('',(89.75,161.5,2.5));
#6256=CARTESIAN_POINT('',(89.75,161.5,2.5));
#6257=CARTESIAN_POINT('',(89.75,158.,2.5));
#6258=CARTESIAN_POINT('',(87.5,158.,2.5));
#6259=CARTESIAN_POINT('',(85.25,158.,2.5));
#6260=CARTESIAN_POINT('',(85.25,158.,2.5));
#6261=CARTESIAN_POINT('',(85.25,161.5,2.5));
#6262=CARTESIAN_POINT('',(85.25,161.5,2.5));
#6263=CARTESIAN_POINT('',(-85.25,161.5,2.5));
#6264=CARTESIAN_POINT('',(-85.25,161.5,2.5));
#6265=CARTESIAN_POINT('',(-85.25,158.,2.5));
#6266=CARTESIAN_POINT('',(-87.5,158.,2.5));
#6267=CARTESIAN_POINT('',(-89.75,158.,2.5));
#6268=CARTESIAN_POINT('',(-89.75,158.,2.5));
#6269=CARTESIAN_POINT('',(-89.75,161.5,2.5));
#6270=CARTESIAN_POINT('',(-89.75,161.5,2.5));
#6271=CARTESIAN_POINT('',(-161.5,161.5,2.5));
#6272=CARTESIAN_POINT('',(-161.5,161.5,2.5));
#6273=CARTESIAN_POINT('',(-161.5,14.75,2.5));
#6274=CARTESIAN_POINT('',(-161.5,14.75,2.5));
#6275=CARTESIAN_POINT('',(-158.,14.75,2.5));
#6276=CARTESIAN_POINT('',(-158.,12.5,2.5));
#6277=CARTESIAN_POINT('',(-158.,10.25,2.5));
#6278=CARTESIAN_POINT('',(-158.,10.25,2.5));
#6279=CARTESIAN_POINT('',(-161.5,10.25,2.5));
#6280=CARTESIAN_POINT('',(-161.5,10.25,2.5));
#6281=CARTESIAN_POINT('',(-161.5,-10.25,2.5));
#6282=CARTESIAN_POINT('',(-161.5,-10.25,2.5));
#6283=CARTESIAN_POINT('',(-158.,-10.25,2.5));
#6284=CARTESIAN_POINT('',(-158.,-12.5,2.5));
#6285=CARTESIAN_POINT('',(-158.,-14.75,2.5));
#6286=CARTESIAN_POINT('',(-158.,-14.75,2.5));
#6287=CARTESIAN_POINT('',(-161.5,-14.75,2.5));
#6288=CARTESIAN_POINT('',(-161.5,-14.75,2.5));
#6289=CARTESIAN_POINT('',(-161.5,-112.75,2.5));
#6290=CARTESIAN_POINT('',(-161.5,-112.75,2.5));
#6291=CARTESIAN_POINT('',(-158.,-112.75,2.5));
#6292=CARTESIAN_POINT('',(-158.,-115.,2.5));
#6293=CARTESIAN_POINT('',(166.,-162.,2.5));
#6294=CARTESIAN_POINT('',(162.,-162.,2.5));
#6295=CARTESIAN_POINT('',(-162.,-162.,2.5));
#6296=CARTESIAN_POINT('',(-162.,166.,2.49999999999999));
#6297=CARTESIAN_POINT('',(-162.,162.,2.5));
#6298=CARTESIAN_POINT('',(166.,162.,2.5));
#6299=CARTESIAN_POINT('',(162.,162.,2.49999999999998));
#6300=CARTESIAN_POINT('',(162.,166.,2.49999999999998));
#6301=CARTESIAN_POINT('',(-173.499999999999,166.,4.24232845443146));
#6302=CARTESIAN_POINT('',(-173.499999999999,-173.499999999999,4.24232845443144));
#6303=CARTESIAN_POINT('',(-153.5,-153.5,4.24232845443132));
#6304=CARTESIAN_POINT('',(-153.5,166.,4.24232845443132));
#6305=CARTESIAN_POINT('',(-153.5,153.5,4.24232845443133));
#6306=CARTESIAN_POINT('',(-173.499999999999,173.499999999999,4.24232845443145));
#6307=CARTESIAN_POINT('',(-162.,166.,2.49999999999999));
#6308=CARTESIAN_POINT('',(-162.,-162.,2.49999999999999));
#6309=CARTESIAN_POINT('',(-162.,-162.,0.));
#6310=CARTESIAN_POINT('',(-162.,166.,-9.97465998686664E-15));
#6311=CARTESIAN_POINT('',(-162.,162.,0.));
#6312=CARTESIAN_POINT('',(-162.,162.,2.5));
#6313=CARTESIAN_POINT('',(173.500000000001,166.,4.24232845443108));
#6314=CARTESIAN_POINT('',(173.500000000001,-173.499999999999,4.24232845443125));
#6315=CARTESIAN_POINT('',(153.500000000002,-153.5,4.24232845443132));
#6316=CARTESIAN_POINT('',(173.500000000001,173.499999999999,4.24232845443126));
#6317=CARTESIAN_POINT('',(153.5,153.5,4.24232845443132));
#6318=CARTESIAN_POINT('',(153.5,166.,4.24232845443132));
#6319=CARTESIAN_POINT('',(162.,166.,-1.85020703573104E-14));
#6320=CARTESIAN_POINT('',(162.,-162.,-1.85020703573104E-14));
#6321=CARTESIAN_POINT('',(162.,-162.,0.));
#6322=CARTESIAN_POINT('',(162.,162.,2.5));
#6323=CARTESIAN_POINT('',(162.,162.,-1.85020703573104E-14));
#6324=CARTESIAN_POINT('',(162.,166.,-1.85020703573104E-14));
#6325=CARTESIAN_POINT('',(-183.5,188.5,0.999999999999989));
#6326=CARTESIAN_POINT('',(-183.5,188.5,0.999999999999989));
#6327=CARTESIAN_POINT('',(-183.5,183.5,0.999999999999989));
#6328=CARTESIAN_POINT('',(-183.5,143.15,0.999999999999988));
#6329=CARTESIAN_POINT('',(-183.5,143.15,0.999999999999989));
#6330=CARTESIAN_POINT('',(-183.5,183.5,1.));
#6331=CARTESIAN_POINT('',(-185.,188.5,1.99999999999998));
#6332=CARTESIAN_POINT('',(-185.,188.5,1.99999999999998));
#6333=CARTESIAN_POINT('',(-185.,185.,1.99999999999998));
#6334=CARTESIAN_POINT('',(-185.,143.15,1.99999999999998));
#6335=CARTESIAN_POINT('',(-185.,143.15,1.99999999999998));
#6336=CARTESIAN_POINT('',(-32.2045454545449,32.2045454545449,-99.8636363636358));
#6337=CARTESIAN_POINT('',(-185.,188.5,1.99999999999998));
#6338=CARTESIAN_POINT('',(-185.,-185.,1.99999999999998));
#6339=CARTESIAN_POINT('',(-183.95,-185.,1.29999999999999));
#6340=CARTESIAN_POINT('',(-185.,188.5,1.99999999999998));
#6341=CARTESIAN_POINT('',(-185.,-186.5,1.99999999999998));
#6342=CARTESIAN_POINT('',(-185.,-186.5,1.99999999999998));
#6343=CARTESIAN_POINT('',(-183.95,-186.5,1.29999999999999));
#6344=CARTESIAN_POINT('',(-183.95,188.5,1.29999999999994));
#6345=CARTESIAN_POINT('',(-185.,188.5,1.29999999999999));
#6346=CARTESIAN_POINT('',(-185.,188.5,1.29999999999999));
#6347=CARTESIAN_POINT('',(-185.,183.95,1.29999999999999));
#6348=CARTESIAN_POINT('',(-185.,143.15,1.29999999999999));
#6349=CARTESIAN_POINT('',(-185.,143.15,1.29999999999999));
#6350=CARTESIAN_POINT('',(-185.,185.,1.99999999999999));
#6351=CARTESIAN_POINT('',(-185.,188.5,1.29999999999999));
#6352=CARTESIAN_POINT('',(-185.,-185.,1.29999999999999));
#6353=CARTESIAN_POINT('',(-185.,-185.,1.29999999999999));
#6354=CARTESIAN_POINT('',(-185.,188.5,1.29999999999999));
#6355=CARTESIAN_POINT('',(-185.,-186.5,1.29999999999999));
#6356=CARTESIAN_POINT('',(-185.,-186.5,1.29999999999999));
#6357=CARTESIAN_POINT('',(-186.5,188.5,1.29999999999999));
#6358=CARTESIAN_POINT('',(-186.5,188.5,1.29999999999999));
#6359=CARTESIAN_POINT('',(-186.5,183.95,1.29999999999999));
#6360=CARTESIAN_POINT('',(-186.5,143.15,1.29999999999999));
#6361=CARTESIAN_POINT('',(-186.5,143.15,1.29999999999999));
#6362=CARTESIAN_POINT('',(188.5,183.95,1.3000000000001));
#6363=CARTESIAN_POINT('',(-186.5,188.5,1.29999999999999));
#6364=CARTESIAN_POINT('',(188.5,-185.,1.29999999999999));
#6365=CARTESIAN_POINT('',(188.5,-186.5,1.29999999999999));
#6366=CARTESIAN_POINT('',(-186.5,188.5,9.49999999999999));
#6367=CARTESIAN_POINT('',(-186.5,188.5,9.49999999999999));
#6368=CARTESIAN_POINT('',(-186.5,186.5,9.49999999999999));
#6369=CARTESIAN_POINT('',(-186.5,143.15,9.49999999999999));
#6370=CARTESIAN_POINT('',(-186.5,143.15,9.49999999999999));
#6371=CARTESIAN_POINT('',(-186.5,185.,1.99999999999999));
#6372=CARTESIAN_POINT('',(-186.5,185.,1.99999999999999));
#6373=CARTESIAN_POINT('',(-186.5,185.,1.3));
#6374=CARTESIAN_POINT('',(-186.5,185.,1.29999999999999));
#6375=CARTESIAN_POINT('',(-186.5,188.5,1.29999999999999));
#6376=CARTESIAN_POINT('',(-186.5,186.5,1.29999999999999));
#6377=CARTESIAN_POINT('',(-186.5,186.5,9.5));
#6378=CARTESIAN_POINT('',(-184.,188.5,13.5));
#6379=CARTESIAN_POINT('',(-184.,143.15,13.5));
#6380=CARTESIAN_POINT('',(-102.311403508772,102.311403508772,144.201754385965));
#6381=CARTESIAN_POINT('',(-165.561842875805,188.5,30.9999999999999));
#6382=CARTESIAN_POINT('',(-165.561842875805,-165.561842875805,31.));
#6383=CARTESIAN_POINT('',(-165.561842875805,165.561842875805,31.));
#6384=CARTESIAN_POINT('',(183.5,188.5,-1.7185575048227E-14));
#6385=CARTESIAN_POINT('',(183.5,-183.5,-1.7185575048227E-14));
#6386=CARTESIAN_POINT('',(183.5,-183.5,0.999999999999985));
#6387=CARTESIAN_POINT('',(183.5,188.5,0.999999999999983));
#6388=CARTESIAN_POINT('',(183.5,183.5,1.));
#6389=CARTESIAN_POINT('',(183.5,183.5,1.));
#6390=CARTESIAN_POINT('',(186.5,188.5,1.29999999999999));
#6391=CARTESIAN_POINT('',(186.5,73.9000000000033,-170.599999999999));
#6392=CARTESIAN_POINT('',(186.5,-185.,1.99999999999998));
#6393=CARTESIAN_POINT('',(186.5,-183.95,1.29999999999999));
#6394=CARTESIAN_POINT('',(186.5,-185.,1.29999999999999));
#6395=CARTESIAN_POINT('',(186.5,-185.,1.29999999999999));
#6396=CARTESIAN_POINT('',(186.5,188.5,1.29999999999999));
#6397=CARTESIAN_POINT('',(186.5,-186.5,1.29999999999999));
#6398=CARTESIAN_POINT('',(186.5,-186.5,1.29999999999999));
#6399=CARTESIAN_POINT('',(186.5,-186.5,9.49999999999999));
#6400=CARTESIAN_POINT('',(186.5,188.5,9.49999999999998));
#6401=CARTESIAN_POINT('',(186.5,186.5,9.5));
#6402=CARTESIAN_POINT('',(186.5,186.5,9.5));
#6403=CARTESIAN_POINT('',(186.5,186.5,1.3));
#6404=CARTESIAN_POINT('',(186.5,188.5,1.29999999999999));
#6405=CARTESIAN_POINT('',(186.5,185.,1.3));
#6406=CARTESIAN_POINT('',(186.5,185.,1.3));
#6407=CARTESIAN_POINT('',(186.5,185.,1.99999999999999));
#6408=CARTESIAN_POINT('',(186.5,185.,1.99999999999999));
#6409=CARTESIAN_POINT('',(186.5,183.95,1.29999999999999));
#6410=CARTESIAN_POINT('',(186.5,188.5,1.29999999999999));
#6411=CARTESIAN_POINT('',(185.,188.5,1.29999999999999));
#6412=CARTESIAN_POINT('',(185.,-183.95,1.29999999999999));
#6413=CARTESIAN_POINT('',(185.,-183.95,1.29999999999999));
#6414=CARTESIAN_POINT('',(188.5,183.95,1.29999999999999));
#6415=CARTESIAN_POINT('',(185.,183.95,1.29999999999999));
#6416=CARTESIAN_POINT('',(185.,188.5,1.29999999999999));
#6417=CARTESIAN_POINT('',(185.,188.5,1.29999999999999));
#6418=CARTESIAN_POINT('',(188.5,-185.,1.29999999999999));
#6419=CARTESIAN_POINT('',(185.,-185.,1.29999999999999));
#6420=CARTESIAN_POINT('',(185.,188.5,1.29999999999999));
#6421=CARTESIAN_POINT('',(185.,-186.5,1.29999999999999));
#6422=CARTESIAN_POINT('',(188.5,-186.5,1.29999999999999));
#6423=CARTESIAN_POINT('',(185.,188.5,1.99999999999999));
#6424=CARTESIAN_POINT('',(185.,73.5769230769264,-170.384615384614));
#6425=CARTESIAN_POINT('',(185.,-185.,1.99999999999999));
#6426=CARTESIAN_POINT('',(185.,185.,1.99999999999999));
#6427=CARTESIAN_POINT('',(185.,185.,1.99999999999999));
#6428=CARTESIAN_POINT('',(185.,188.5,1.99999999999999));
#6429=CARTESIAN_POINT('',(185.,188.5,1.99999999999999));
#6430=CARTESIAN_POINT('',(185.,-185.,1.99999999999999));
#6431=CARTESIAN_POINT('',(185.,188.5,1.99999999999999));
#6432=CARTESIAN_POINT('',(185.,-186.5,1.99999999999999));
#6433=CARTESIAN_POINT('',(185.,-186.5,1.99999999999999));
#6434=CARTESIAN_POINT('',(183.5,188.5,0.999999999999983));
#6435=CARTESIAN_POINT('',(31.3181818181815,-31.3181818181771,-100.454545454546));
#6436=CARTESIAN_POINT('',(186.431818181818,186.431818181818,2.95454545454544));
#6437=CARTESIAN_POINT('',(183.5,188.5,0.999999999999983));
#6438=CARTESIAN_POINT('',(183.5,-185.,0.999999999999983));
#6439=CARTESIAN_POINT('',(183.95,-185.,1.29999999999999));
#6440=CARTESIAN_POINT('',(183.95,188.5,1.29999999999994));
#6441=CARTESIAN_POINT('',(183.95,-186.5,1.29999999999999));
#6442=CARTESIAN_POINT('',(183.5,-186.5,0.999999999999983));
#6443=CARTESIAN_POINT('',(186.5,188.5,9.49999999999998));
#6444=CARTESIAN_POINT('',(104.263157894737,-104.263157894737,141.078947368421));
#6445=CARTESIAN_POINT('',(184.986842105263,184.986842105263,11.9210526315789));
#6446=CARTESIAN_POINT('',(165.561842875805,188.5,30.9999999999999));
#6447=CARTESIAN_POINT('',(165.561842875805,-165.561842875805,31.));
#6448=CARTESIAN_POINT('',(165.561842875805,165.561842875805,31.));
#6449=CARTESIAN_POINT('',(188.5,162.761101596313,32.0751038486359));
#6450=CARTESIAN_POINT('',(166.,154.828391470056,11.4096874453374));
#6451=CARTESIAN_POINT('',(188.5,162.761101596313,32.0751038486359));
#6452=CARTESIAN_POINT('',(166.,173.499999999999,4.24232845443145));
#6453=CARTESIAN_POINT('',(166.,153.5,4.24232845443133));
#6454=CARTESIAN_POINT('',(166.,153.5,4.24232845443132));
#6455=CARTESIAN_POINT('',(153.5,153.5,4.24232845443132));
#6456=CARTESIAN_POINT('',(153.5,153.5,2.5));
#6457=CARTESIAN_POINT('',(-153.5,153.5,4.24232845443132));
#6458=CARTESIAN_POINT('',(-153.5,153.5,2.5));
#6459=CARTESIAN_POINT('',(166.,153.5,2.5));
#6460=CARTESIAN_POINT('',(166.,162.,2.5));
#6461=CARTESIAN_POINT('',(166.,162.,0.));
#6462=CARTESIAN_POINT('',(188.5,165.561842875805,31.));
#6463=CARTESIAN_POINT('',(188.5,184.,13.5));
#6464=CARTESIAN_POINT('',(188.5,186.5,9.5));
#6465=CARTESIAN_POINT('',(188.5,186.5,9.5));
#6466=CARTESIAN_POINT('',(190.884615384615,186.5,5.92307692307695));
#6467=CARTESIAN_POINT('',(185.,186.5,1.99999999999999));
#6468=CARTESIAN_POINT('',(183.95,186.5,1.3));
#6469=CARTESIAN_POINT('',(185.,186.5,9.5));
#6470=CARTESIAN_POINT('',(185.,186.5,1.3));
#6471=CARTESIAN_POINT('',(188.5,186.5,1.3));
#6472=CARTESIAN_POINT('',(188.5,186.5,1.3));
#6473=CARTESIAN_POINT('',(-185.,186.5,1.29999999999999));
#6474=CARTESIAN_POINT('',(-185.,186.5,9.5));
#6475=CARTESIAN_POINT('',(-185.,186.5,1.99999999999998));
#6476=CARTESIAN_POINT('',(70.1153846153861,186.5,-168.076923076922));
#6477=CARTESIAN_POINT('',(-183.95,186.5,1.3));
#6478=CARTESIAN_POINT('',(188.5,186.5,1.3));
#6479=CARTESIAN_POINT('',(188.5,186.5,1.3));
#6480=CARTESIAN_POINT('',(183.95,186.5,1.3));
#6481=CARTESIAN_POINT('',(183.95,185.,1.3));
#6482=CARTESIAN_POINT('',(-183.95,186.5,1.3));
#6483=CARTESIAN_POINT('',(-183.95,185.,1.3));
#6484=CARTESIAN_POINT('',(188.5,185.,1.3));
#6485=CARTESIAN_POINT('',(188.5,186.5,1.3));
#6486=CARTESIAN_POINT('',(185.,188.5,1.29999999999999));
#6487=CARTESIAN_POINT('',(185.,185.,1.29999999999999));
#6488=CARTESIAN_POINT('',(188.5,185.,1.3));
#6489=CARTESIAN_POINT('',(188.5,185.,1.3));
#6490=CARTESIAN_POINT('',(187.1,185.,3.4));
#6491=CARTESIAN_POINT('',(73.9000000000015,185.,-170.599999999999));
#6492=CARTESIAN_POINT('',(188.5,185.,1.99999999999999));
#6493=CARTESIAN_POINT('',(188.5,185.,1.3));
#6494=CARTESIAN_POINT('',(185.,185.,1.3));
#6495=CARTESIAN_POINT('',(188.5,185.,1.99999999999999));
#6496=CARTESIAN_POINT('',(188.5,185.,1.99999999999999));
#6497=CARTESIAN_POINT('',(188.5,183.5,1.));
#6498=CARTESIAN_POINT('',(188.5,185.,1.99999999999999));
#6499=CARTESIAN_POINT('',(188.5,183.5,1.));
#6500=CARTESIAN_POINT('',(188.5,186.5,1.3));
#6501=CARTESIAN_POINT('',(188.5,185.,1.3));
#6502=CARTESIAN_POINT('',(-185.,185.,1.29999999999999));
#6503=CARTESIAN_POINT('',(-185.,188.5,1.29999999999999));
#6504=CARTESIAN_POINT('',(188.5,185.,1.3));
#6505=CARTESIAN_POINT('',(188.5,185.,1.99999999999999));
#6506=CARTESIAN_POINT('',(-185.,185.,1.3));
#6507=CARTESIAN_POINT('',(188.5,185.,1.99999999999999));
#6508=CARTESIAN_POINT('',(166.,162.,0.));
#6509=CARTESIAN_POINT('',(166.,-162.,0.));
#6510=CARTESIAN_POINT('',(-185.,188.5,1.29999999999999));
#6511=CARTESIAN_POINT('',(-185.,188.5,1.99999999999998));
#6512=CARTESIAN_POINT('',(-185.,188.5,1.99999999999998));
#6513=CARTESIAN_POINT('',(-153.5,166.,4.24232845443131));
#6514=CARTESIAN_POINT('',(-153.5,-153.5,4.24232845443131));
#6515=CARTESIAN_POINT('',(-153.5,-153.5,2.5));
#6516=CARTESIAN_POINT('',(-153.5,166.,2.49999999999999));
#6517=CARTESIAN_POINT('',(183.5,188.5,0.999999999999983));
#6518=CARTESIAN_POINT('',(185.,188.5,1.99999999999999));
#6519=CARTESIAN_POINT('',(185.,188.5,1.99999999999999));
#6520=CARTESIAN_POINT('',(153.5,166.,2.49999999999998));
#6521=CARTESIAN_POINT('',(153.5,-153.5,2.49999999999998));
#6522=CARTESIAN_POINT('',(153.500000000002,-153.5,2.5));
#6523=CARTESIAN_POINT('',(153.5,166.,2.49999999999998));
#6524=CARTESIAN_POINT('',(188.5,-165.561842875805,31.));
#6525=CARTESIAN_POINT('',(188.5,-162.761101596313,32.0751038486359));
#6526=CARTESIAN_POINT('',(188.5,-155.630787281774,13.5));
#6527=CARTESIAN_POINT('',(166.,-154.828391470056,11.4096874453374));
#6528=CARTESIAN_POINT('',(188.5,-186.5,9.5));
#6529=CARTESIAN_POINT('',(188.5,-186.5,9.5));
#6530=CARTESIAN_POINT('',(188.5,-186.5,1.29999999999999));
#6531=CARTESIAN_POINT('',(188.5,-186.5,1.29999999999999));
#6532=CARTESIAN_POINT('',(188.5,-185.,1.29999999999999));
#6533=CARTESIAN_POINT('',(188.5,-185.,1.29999999999999));
#6534=CARTESIAN_POINT('',(188.5,-185.,1.99999999999998));
#6535=CARTESIAN_POINT('',(188.5,-185.,1.99999999999998));
#6536=CARTESIAN_POINT('',(188.5,-183.5,1.));
#6537=CARTESIAN_POINT('',(188.5,-183.5,1.));
#6538=CARTESIAN_POINT('',(188.5,-183.5,0.));
#6539=CARTESIAN_POINT('',(188.5,-185.,1.99999999999998));
#6540=CARTESIAN_POINT('',(188.5,-185.,1.99999999999998));
#6541=CARTESIAN_POINT('',(188.5,-183.5,1.));
#6542=CARTESIAN_POINT('',(188.5,-183.5,1.));
#6543=CARTESIAN_POINT('',(188.5,-185.,1.99999999999998));
#6544=CARTESIAN_POINT('',(188.5,-185.,1.99999999999998));
#6545=CARTESIAN_POINT('',(166.,-173.499999999999,4.24232845443142));
#6546=CARTESIAN_POINT('',(166.,-153.5,4.24232845443132));
#6547=CARTESIAN_POINT('',(166.,-162.,0.));
#6548=CARTESIAN_POINT('',(166.,-153.5,2.5));
#6549=CARTESIAN_POINT('',(166.,-153.5,2.5));
#6550=CARTESIAN_POINT('',(188.5,-185.5,31.));
#6551=CARTESIAN_POINT('',(185.5,-185.5,31.));
#6552=CARTESIAN_POINT('',(-185.5,-185.5,31.));
#6553=CARTESIAN_POINT('',(188.5,-185.5,3.00000000000003));
#6554=CARTESIAN_POINT('',(-185.5,-185.5,3.00000000000002));
#6555=CARTESIAN_POINT('',(185.5,-185.5,3.00000000000003));
#6556=CARTESIAN_POINT('',(188.5,185.5,3.00000000000003));
#6557=CARTESIAN_POINT('',(-185.5,185.5,3.00000000000002));
#6558=CARTESIAN_POINT('',(185.5,185.5,3.00000000000003));
#6559=CARTESIAN_POINT('',(188.5,185.5,31.));
#6560=CARTESIAN_POINT('',(185.5,185.5,31.));
#6561=CARTESIAN_POINT('',(-185.5,185.5,31.));
#6562=CARTESIAN_POINT('',(-185.5,188.5,31.));
#6563=CARTESIAN_POINT('',(185.5,188.5,31.));
#6564=CARTESIAN_POINT('',(185.5,188.5,3.00000000000004));
#6565=CARTESIAN_POINT('',(-185.5,188.5,3.00000000000002));
#6566=CARTESIAN_POINT('',(-181.5,181.5,9.5));
#6567=CARTESIAN_POINT('',(-181.5,143.15,13.5));
#6568=CARTESIAN_POINT('',(-181.5,181.5,9.5));
#6569=CARTESIAN_POINT('',(-181.5,-181.5,9.5));
#6570=CARTESIAN_POINT('',(181.5,-181.5,9.5));
#6571=CARTESIAN_POINT('',(181.5,-181.5,9.5));
#6572=CARTESIAN_POINT('',(181.5,181.5,9.5));
#6573=CARTESIAN_POINT('',(-180.,180.,9.5));
#6574=CARTESIAN_POINT('',(-180.,-180.,9.5));
#6575=CARTESIAN_POINT('',(-180.,180.,9.5));
#6576=CARTESIAN_POINT('',(180.,180.,9.5));
#6577=CARTESIAN_POINT('',(180.,180.,9.5));
#6578=CARTESIAN_POINT('',(180.,-180.,9.5));
#6579=CARTESIAN_POINT('',(180.,-180.,9.5));
#6580=CARTESIAN_POINT('',(-180.,-180.,9.5));
#6581=CARTESIAN_POINT('',(181.5,181.5,9.5));
#6582=CARTESIAN_POINT('',(-87.5,-158.,2.5));
#6583=CARTESIAN_POINT('',(-161.5,-117.25,-0.5));
#6584=CARTESIAN_POINT('',(-161.5,-117.25,-0.5));
#6585=CARTESIAN_POINT('',(-161.5,-117.25,-0.5));
#6586=CARTESIAN_POINT('',(-161.5,-117.25,-0.5));
#6587=CARTESIAN_POINT('',(-161.5,-161.5,-0.5));
#6588=CARTESIAN_POINT('',(-161.5,-161.5,-0.5));
#6589=CARTESIAN_POINT('',(-161.5,-161.5,-0.5));
#6590=CARTESIAN_POINT('',(-161.5,-161.5,-0.5));
#6591=CARTESIAN_POINT('',(-89.75,-161.5,-0.5));
#6592=CARTESIAN_POINT('',(-89.75,-161.5,-0.5));
#6593=CARTESIAN_POINT('',(-89.75,-161.5,-0.5));
#6594=CARTESIAN_POINT('',(-89.75,-161.5,-0.5));
#6595=CARTESIAN_POINT('',(-89.75,-158.,-0.5));
#6596=CARTESIAN_POINT('',(-89.75,-158.,-0.5));
#6597=CARTESIAN_POINT('',(-87.5,-158.,-0.5));
#6598=CARTESIAN_POINT('',(-87.5,-158.,-0.5));
#6599=CARTESIAN_POINT('',(-85.25,-158.,-0.5));
#6600=CARTESIAN_POINT('',(-85.25,-158.,-0.5));
#6601=CARTESIAN_POINT('',(-85.25,-158.,-0.5));
#6602=CARTESIAN_POINT('',(-85.25,-158.,-0.5));
#6603=CARTESIAN_POINT('',(-85.25,-161.5,-0.5));
#6604=CARTESIAN_POINT('',(-85.25,-161.5,-0.5));
#6605=CARTESIAN_POINT('',(-85.25,-161.5,-0.5));
#6606=CARTESIAN_POINT('',(-85.25,-161.5,-0.5));
#6607=CARTESIAN_POINT('',(85.25,-161.5,-0.5));
#6608=CARTESIAN_POINT('',(85.25,-161.5,-0.5));
#6609=CARTESIAN_POINT('',(85.25,-161.5,-0.5));
#6610=CARTESIAN_POINT('',(85.25,-161.5,-0.5));
#6611=CARTESIAN_POINT('',(85.25,-158.,-0.5));
#6612=CARTESIAN_POINT('',(85.25,-158.,-0.5));
#6613=CARTESIAN_POINT('',(87.5,-158.,-0.5));
#6614=CARTESIAN_POINT('',(87.5,-158.,-0.5));
#6615=CARTESIAN_POINT('',(89.75,-158.,-0.5));
#6616=CARTESIAN_POINT('',(89.75,-158.,-0.5));
#6617=CARTESIAN_POINT('',(89.75,-158.,-0.5));
#6618=CARTESIAN_POINT('',(89.75,-158.,-0.5));
#6619=CARTESIAN_POINT('',(89.75,-161.5,-0.5));
#6620=CARTESIAN_POINT('',(89.75,-161.5,-0.5));
#6621=CARTESIAN_POINT('',(89.75,-161.5,-0.5));
#6622=CARTESIAN_POINT('',(89.75,-161.5,-0.5));
#6623=CARTESIAN_POINT('',(161.5,-161.5,-0.5));
#6624=CARTESIAN_POINT('',(161.5,-161.5,-0.5));
#6625=CARTESIAN_POINT('',(161.5,-161.5,-0.5));
#6626=CARTESIAN_POINT('',(161.5,-161.5,-0.5));
#6627=CARTESIAN_POINT('',(161.5,-14.75,-0.5));
#6628=CARTESIAN_POINT('',(161.5,-14.75,-0.5));
#6629=CARTESIAN_POINT('',(161.5,-14.75,-0.5));
#6630=CARTESIAN_POINT('',(161.5,-14.75,-0.5));
#6631=CARTESIAN_POINT('',(158.,-14.75,-0.5));
#6632=CARTESIAN_POINT('',(158.,-14.75,-0.5));
#6633=CARTESIAN_POINT('',(158.,-12.5,-0.5));
#6634=CARTESIAN_POINT('',(158.,-12.5,-0.5));
#6635=CARTESIAN_POINT('',(158.,-10.25,-0.5));
#6636=CARTESIAN_POINT('',(158.,-10.25,-0.5));
#6637=CARTESIAN_POINT('',(158.,-10.25,-0.5));
#6638=CARTESIAN_POINT('',(158.,-10.25,-0.5));
#6639=CARTESIAN_POINT('',(161.5,-10.25,-0.5));
#6640=CARTESIAN_POINT('',(161.5,-10.25,-0.5));
#6641=CARTESIAN_POINT('',(161.5,-10.25,-0.5));
#6642=CARTESIAN_POINT('',(161.5,-10.25,-0.5));
#6643=CARTESIAN_POINT('',(161.5,10.25,-0.5));
#6644=CARTESIAN_POINT('',(161.5,10.25,-0.5));
#6645=CARTESIAN_POINT('',(161.5,10.25,-0.5));
#6646=CARTESIAN_POINT('',(161.5,10.25,-0.5));
#6647=CARTESIAN_POINT('',(158.,10.25,-0.5));
#6648=CARTESIAN_POINT('',(158.,10.25,-0.5));
#6649=CARTESIAN_POINT('',(158.,12.5,-0.5));
#6650=CARTESIAN_POINT('',(158.,12.5,-0.5));
#6651=CARTESIAN_POINT('',(158.,14.75,-0.5));
#6652=CARTESIAN_POINT('',(158.,14.75,-0.5));
#6653=CARTESIAN_POINT('',(158.,14.75,-0.5));
#6654=CARTESIAN_POINT('',(158.,14.75,-0.5));
#6655=CARTESIAN_POINT('',(161.5,14.75,-0.5));
#6656=CARTESIAN_POINT('',(161.5,14.75,-0.5));
#6657=CARTESIAN_POINT('',(161.5,14.75,-0.5));
#6658=CARTESIAN_POINT('',(161.5,14.75,-0.5));
#6659=CARTESIAN_POINT('',(161.5,112.75,-0.5));
#6660=CARTESIAN_POINT('',(161.5,112.75,-0.5));
#6661=CARTESIAN_POINT('',(161.5,112.75,-0.5));
#6662=CARTESIAN_POINT('',(161.5,112.75,-0.5));
#6663=CARTESIAN_POINT('',(158.,112.75,-0.5));
#6664=CARTESIAN_POINT('',(158.,112.75,-0.5));
#6665=CARTESIAN_POINT('',(158.,115.,-0.5));
#6666=CARTESIAN_POINT('',(158.,115.,-0.5));
#6667=CARTESIAN_POINT('',(158.,117.25,-0.5));
#6668=CARTESIAN_POINT('',(158.,117.25,-0.5));
#6669=CARTESIAN_POINT('',(158.,117.25,-0.5));
#6670=CARTESIAN_POINT('',(158.,117.25,-0.5));
#6671=CARTESIAN_POINT('',(161.5,117.25,-0.5));
#6672=CARTESIAN_POINT('',(161.5,117.25,-0.5));
#6673=CARTESIAN_POINT('',(161.5,117.25,-0.5));
#6674=CARTESIAN_POINT('',(161.5,117.25,-0.5));
#6675=CARTESIAN_POINT('',(161.5,161.5,-0.5));
#6676=CARTESIAN_POINT('',(161.5,161.5,-0.5));
#6677=CARTESIAN_POINT('',(161.5,161.5,-0.5));
#6678=CARTESIAN_POINT('',(161.5,161.5,-0.5));
#6679=CARTESIAN_POINT('',(89.75,161.5,-0.5));
#6680=CARTESIAN_POINT('',(89.75,161.5,-0.5));
#6681=CARTESIAN_POINT('',(89.75,161.5,-0.5));
#6682=CARTESIAN_POINT('',(89.75,161.5,-0.5));
#6683=CARTESIAN_POINT('',(89.75,158.,-0.5));
#6684=CARTESIAN_POINT('',(89.75,158.,-0.5));
#6685=CARTESIAN_POINT('',(87.5,158.,-0.5));
#6686=CARTESIAN_POINT('',(87.5,158.,-0.5));
#6687=CARTESIAN_POINT('',(85.25,158.,-0.5));
#6688=CARTESIAN_POINT('',(85.25,158.,-0.5));
#6689=CARTESIAN_POINT('',(85.25,158.,-0.5));
#6690=CARTESIAN_POINT('',(85.25,158.,-0.5));
#6691=CARTESIAN_POINT('',(85.25,161.5,-0.5));
#6692=CARTESIAN_POINT('',(85.25,161.5,-0.5));
#6693=CARTESIAN_POINT('',(85.25,161.5,-0.5));
#6694=CARTESIAN_POINT('',(85.25,161.5,-0.5));
#6695=CARTESIAN_POINT('',(-85.25,161.5,-0.5));
#6696=CARTESIAN_POINT('',(-85.25,161.5,-0.5));
#6697=CARTESIAN_POINT('',(-85.25,161.5,-0.5));
#6698=CARTESIAN_POINT('',(-85.25,161.5,-0.5));
#6699=CARTESIAN_POINT('',(-85.25,158.,-0.5));
#6700=CARTESIAN_POINT('',(-85.25,158.,-0.5));
#6701=CARTESIAN_POINT('',(-87.5,158.,-0.5));
#6702=CARTESIAN_POINT('',(-87.5,158.,-0.5));
#6703=CARTESIAN_POINT('',(-89.75,158.,-0.5));
#6704=CARTESIAN_POINT('',(-89.75,158.,-0.5));
#6705=CARTESIAN_POINT('',(-89.75,158.,-0.5));
#6706=CARTESIAN_POINT('',(-89.75,158.,-0.5));
#6707=CARTESIAN_POINT('',(-89.75,161.5,-0.5));
#6708=CARTESIAN_POINT('',(-89.75,161.5,-0.5));
#6709=CARTESIAN_POINT('',(-89.75,161.5,-0.5));
#6710=CARTESIAN_POINT('',(-89.75,161.5,-0.5));
#6711=CARTESIAN_POINT('',(-161.5,161.5,-0.5));
#6712=CARTESIAN_POINT('',(-161.5,161.5,-0.5));
#6713=CARTESIAN_POINT('',(-161.5,161.5,-0.5));
#6714=CARTESIAN_POINT('',(-161.5,161.5,-0.5));
#6715=CARTESIAN_POINT('',(-161.5,14.75,-0.5));
#6716=CARTESIAN_POINT('',(-161.5,14.75,-0.5));
#6717=CARTESIAN_POINT('',(-161.5,14.75,-0.5));
#6718=CARTESIAN_POINT('',(-161.5,14.75,-0.5));
#6719=CARTESIAN_POINT('',(-158.,14.75,-0.5));
#6720=CARTESIAN_POINT('',(-158.,14.75,-0.5));
#6721=CARTESIAN_POINT('',(-158.,12.5,-0.5));
#6722=CARTESIAN_POINT('',(-158.,12.5,-0.5));
#6723=CARTESIAN_POINT('',(-158.,10.25,-0.5));
#6724=CARTESIAN_POINT('',(-158.,10.25,-0.5));
#6725=CARTESIAN_POINT('',(-158.,10.25,-0.5));
#6726=CARTESIAN_POINT('',(-158.,10.25,-0.5));
#6727=CARTESIAN_POINT('',(-161.5,10.25,-0.5));
#6728=CARTESIAN_POINT('',(-161.5,10.25,-0.5));
#6729=CARTESIAN_POINT('',(-161.5,10.25,-0.5));
#6730=CARTESIAN_POINT('',(-161.5,10.25,-0.5));
#6731=CARTESIAN_POINT('',(-161.5,-10.25,-0.5));
#6732=CARTESIAN_POINT('',(-161.5,-10.25,-0.5));
#6733=CARTESIAN_POINT('',(-161.5,-10.25,-0.5));
#6734=CARTESIAN_POINT('',(-161.5,-10.25,-0.5));
#6735=CARTESIAN_POINT('',(-158.,-10.25,-0.5));
#6736=CARTESIAN_POINT('',(-158.,-10.25,-0.5));
#6737=CARTESIAN_POINT('',(-158.,-12.5,-0.5));
#6738=CARTESIAN_POINT('',(-158.,-12.5,-0.5));
#6739=CARTESIAN_POINT('',(-158.,-14.75,-0.5));
#6740=CARTESIAN_POINT('',(-158.,-14.75,-0.5));
#6741=CARTESIAN_POINT('',(-158.,-14.75,-0.5));
#6742=CARTESIAN_POINT('',(-158.,-14.75,-0.5));
#6743=CARTESIAN_POINT('',(-161.5,-14.75,-0.5));
#6744=CARTESIAN_POINT('',(-161.5,-14.75,-0.5));
#6745=CARTESIAN_POINT('',(-161.5,-14.75,-0.5));
#6746=CARTESIAN_POINT('',(-161.5,-14.75,-0.5));
#6747=CARTESIAN_POINT('',(-161.5,-112.75,-0.5));
#6748=CARTESIAN_POINT('',(-161.5,-112.75,-0.5));
#6749=CARTESIAN_POINT('',(-161.5,-112.75,-0.5));
#6750=CARTESIAN_POINT('',(-161.5,-112.75,-0.5));
#6751=CARTESIAN_POINT('',(-158.,-112.75,-0.5));
#6752=CARTESIAN_POINT('',(-158.,-112.75,-0.5));
#6753=CARTESIAN_POINT('',(-158.,-115.,-0.5));
#6754=CARTESIAN_POINT('',(-158.,-115.,-0.5));
#6755=CARTESIAN_POINT('',(-158.,-117.25,-0.5));
#6756=CARTESIAN_POINT('',(-158.,-117.25,-0.5));
#6757=CARTESIAN_POINT('',(-158.,-117.25,-0.5));
#6758=CARTESIAN_POINT('',(-158.,-117.25,-0.5));
#6759=CARTESIAN_POINT('',(-87.5,-158.,-0.5));
#6760=CARTESIAN_POINT('',(172.5,138.1,12.));
#6761=CARTESIAN_POINT('',(172.5,138.1,12.));
#6762=CARTESIAN_POINT('',(172.5,145.1,12.));
#6763=CARTESIAN_POINT('',(172.5,-138.1,12.));
#6764=CARTESIAN_POINT('',(172.5,-138.1,12.));
#6765=CARTESIAN_POINT('',(172.5,-131.1,12.));
#6766=CARTESIAN_POINT('',(-172.5,138.1,12.));
#6767=CARTESIAN_POINT('',(-172.5,138.1,12.));
#6768=CARTESIAN_POINT('',(-172.5,145.1,12.));
#6769=CARTESIAN_POINT('',(-172.5,-131.1,12.));
#6770=CARTESIAN_POINT('',(-172.5,-138.1,12.));
#6771=CARTESIAN_POINT('',(-172.5,-138.1,12.));
#6772=CARTESIAN_POINT('',(138.1,172.5,12.));
#6773=CARTESIAN_POINT('',(138.1,172.5,12.));
#6774=CARTESIAN_POINT('',(138.1,179.5,12.));
#6775=CARTESIAN_POINT('',(138.1,-172.5,12.));
#6776=CARTESIAN_POINT('',(138.1,-172.5,12.));
#6777=CARTESIAN_POINT('',(138.1,-165.5,12.));
#6778=CARTESIAN_POINT('',(-138.1,179.5,12.));
#6779=CARTESIAN_POINT('',(-138.1,172.5,12.));
#6780=CARTESIAN_POINT('',(-138.1,172.5,12.));
#6781=CARTESIAN_POINT('',(-138.1,-165.5,12.));
#6782=CARTESIAN_POINT('',(-138.1,-172.5,12.));
#6783=CARTESIAN_POINT('',(-138.1,-172.5,12.));
#6784=CARTESIAN_POINT('',(-181.5,-118.15,10.2));
#6785=CARTESIAN_POINT('',(-181.5,-118.15,10.2));
#6786=CARTESIAN_POINT('',(-179.038555523674,-118.15,8.31617647058825));
#6787=CARTESIAN_POINT('',(-181.5,-143.15,10.2));
#6788=CARTESIAN_POINT('',(-179.038555523674,-143.15,8.31617647058825));
#6789=CARTESIAN_POINT('',(-179.038555523674,-118.15,8.31617647058825));
#6790=CARTESIAN_POINT('',(-184.5,-118.15,4.00000000000004));
#6791=CARTESIAN_POINT('',(-181.5,-118.15,5.1));
#6792=CARTESIAN_POINT('',(-178.95,-118.15,5.1));
#6793=CARTESIAN_POINT('',(-181.5,-118.15,5.1));
#6794=CARTESIAN_POINT('',(-179.038555523674,-118.15,1.88382352941175));
#6795=CARTESIAN_POINT('',(-179.038555523674,-118.15,1.88382352941175));
#6796=CARTESIAN_POINT('',(-184.5,-143.15,4.00000000000004));
#6797=CARTESIAN_POINT('',(-181.5,-143.15,5.1));
#6798=CARTESIAN_POINT('',(-178.95,-143.15,5.1));
#6799=CARTESIAN_POINT('',(-179.038555523674,-143.15,1.88382352941175));
#6800=CARTESIAN_POINT('',(-179.038555523674,-143.15,1.88382352941175));
#6801=CARTESIAN_POINT('',(-181.5,-143.15,5.1));
#6802=CARTESIAN_POINT('',(-181.5,-118.15,5.1));
#6803=CARTESIAN_POINT('',(-179.038555523674,-118.15,1.88382352941175));
#6804=CARTESIAN_POINT('',(-179.038555523674,-118.15,1.88382352941175));
#6805=CARTESIAN_POINT('',(-181.5,-118.15,5.1));
#6806=CARTESIAN_POINT('',(-181.5,118.15,10.2));
#6807=CARTESIAN_POINT('',(-181.5,118.15,10.2));
#6808=CARTESIAN_POINT('',(-179.038555523674,118.15,8.31617647058825));
#6809=CARTESIAN_POINT('',(-179.038555523674,118.15,8.31617647058825));
#6810=CARTESIAN_POINT('',(-179.038555523674,143.15,8.31617647058825));
#6811=CARTESIAN_POINT('',(-181.5,143.15,10.2));
#6812=CARTESIAN_POINT('',(-184.5,118.15,4.00000000000004));
#6813=CARTESIAN_POINT('',(-181.5,118.15,5.1));
#6814=CARTESIAN_POINT('',(-178.95,118.15,5.1));
#6815=CARTESIAN_POINT('',(-179.038555523674,118.15,1.88382352941175));
#6816=CARTESIAN_POINT('',(-179.038555523674,118.15,1.88382352941175));
#6817=CARTESIAN_POINT('',(-181.5,118.15,5.1));
#6818=CARTESIAN_POINT('',(-184.5,143.15,4.00000000000004));
#6819=CARTESIAN_POINT('',(-181.5,143.15,5.1));
#6820=CARTESIAN_POINT('',(-178.95,143.15,5.1));
#6821=CARTESIAN_POINT('',(-181.5,143.15,5.1));
#6822=CARTESIAN_POINT('',(-179.038555523674,143.15,1.88382352941175));
#6823=CARTESIAN_POINT('',(-179.038555523674,143.15,1.88382352941175));
#6824=CARTESIAN_POINT('',(-181.5,118.15,5.1));
#6825=CARTESIAN_POINT('',(-179.038555523674,118.15,1.88382352941175));
#6826=CARTESIAN_POINT('',(-179.038555523674,118.15,1.88382352941175));
#6827=CARTESIAN_POINT('',(-181.5,118.15,5.1));
#6828=MECHANICAL_DESIGN_GEOMETRIC_PRESENTATION_REPRESENTATION('',(#3231,
#3232,#3233,#3234,#3235,#3236,#3237,#3238,#3239,#3240,#3241,#3242,#3243,
#3244,#3245,#3246,#3247,#3248,#3249,#3250,#3251,#3252,#3253,#3254,#3255,
#3256,#3257,#3258,#3259,#3260,#3261,#3262,#3263,#3264,#3265,#3266,#3267,
#3268,#3269,#3270,#3271,#3272,#3273,#3274,#3275,#3276,#3277,#3278,#3279,
#3280,#3281,#3282,#3283,#3284,#3285,#3286,#3287,#3288,#3289,#3290,#3291,
#3292,#3293,#3294,#3295,#3296,#3297,#3298,#3299,#3300,#3301,#3302,#3303,
#3304,#3305,#3306,#3307,#3308,#3309,#3310,#3311,#3312,#3313,#3314,#3315,
#3316,#3317,#3318,#3319,#3320,#3321,#3322,#3323,#3324,#3325,#3326,#3327,
#3328,#3329,#3330,#3331,#3332,#3333,#3334,#3335,#3336,#3337,#3338,#3339,
#3340,#3341,#3342,#3343,#3344,#3345,#3346,#3347,#3348,#3349,#3350,#3351,
#3352,#3353,#3354,#3355,#3356,#3357,#3358,#3359,#3360,#3361,#3362,#3363,
#3364,#3365,#3366,#3367,#3368,#3369,#3370,#3371,#3372,#3373,#3374,#3375,
#3376,#3377,#3378,#3379,#3380,#3381,#3382,#3383,#3384,#3385,#3386,#3387,
#3388,#3389,#3390,#3391,#3392,#3393,#3394,#3395,#3396,#3397,#3398,#3399,
#3400,#3401,#3402,#3403,#3404,#3405,#3406,#3407,#3408,#3409,#3410,#3411,
#3412,#3413,#3414),#6829);
#6829=(
GEOMETRIC_REPRESENTATION_CONTEXT(3)
GLOBAL_UNCERTAINTY_ASSIGNED_CONTEXT((#6830))
GLOBAL_UNIT_ASSIGNED_CONTEXT((#6833,#6832,#6831))
REPRESENTATION_CONTEXT('2742.000','TOP_LEVEL_ASSEMBLY_PART')
);
#6830=UNCERTAINTY_MEASURE_WITH_UNIT(LENGTH_MEASURE(1.E-5),#6833,
'DISTANCE_ACCURACY_VALUE','Maximum Tolerance applied to model');
#6831=(
NAMED_UNIT(*)
SI_UNIT($,.STERADIAN.)
SOLID_ANGLE_UNIT()
);
#6832=(
NAMED_UNIT(*)
PLANE_ANGLE_UNIT()
SI_UNIT($,.RADIAN.)
);
#6833=(
LENGTH_UNIT()
NAMED_UNIT(*)
SI_UNIT(.MILLI.,.METRE.)
);
#6834=PRODUCT_DEFINITION_SHAPE('','',#6835);
#6835=PRODUCT_DEFINITION('','',#6837,#6836);
#6836=PRODUCT_DEFINITION_CONTEXT('',#6843,'design');
#6837=PRODUCT_DEFINITION_FORMATION_WITH_SPECIFIED_SOURCE('','',#6839,
 .NOT_KNOWN.);
#6838=PRODUCT_RELATED_PRODUCT_CATEGORY('','',(#6839));
#6839=PRODUCT('2742.000','2742.000','2742.000',(#6841));
#6840=PRODUCT_CATEGORY('','');
#6841=PRODUCT_CONTEXT('',#6843,'mechanical');
#6842=APPLICATION_PROTOCOL_DEFINITION('international standard',
'automotive_design',2010,#6843);
#6843=APPLICATION_CONTEXT(
'core data for automotive mechanical design processes');
ENDSEC;
END-ISO-10303-21;
