ISO-10303-21;
HEADER;
/* Generated by software containing ST-Developer
 * from STEP Tools, Inc. (www.steptools.com) 
 */
/* OPTION: using custom renumber hook */

FILE_DESCRIPTION(
/* description */ ('STEP AP214'),
/* implementation_level */ '2;1');

FILE_NAME(
/* name */ '01126-21240060',
/* time_stamp */ '2026-07-11T12:34:56+02:00',
/* author */ ('License CC BY-ND 4.0'),
/* organization */ ('CADENAS'),
/* preprocessor_version */ 'ST-DEVELOPER v20',
/* originating_system */ 'PARTsolutions',
/* authorisation */ '  ');

FILE_SCHEMA (('AUTOMOTIVE_DESIGN {1 0 10303 214 3 1 1}'));
ENDSEC;

DATA;
#10=PROPERTY_DEFINITION_REPRESENTATION(#14,#12);
#11=PROPERTY_DEFINITION_REPRESENTATION(#15,#13);
#12=REPRESENTATION('',(#16),#19297);
#13=REPRESENTATION('',(#17),#19297);
#14=PROPERTY_DEFINITION('pmi validation property','',#19302);
#15=PROPERTY_DEFINITION('pmi validation property','',#19302);
#16=VALUE_REPRESENTATION_ITEM('number of annotations',COUNT_MEASURE(0.));
#17=VALUE_REPRESENTATION_ITEM('number of views',COUNT_MEASURE(0.));
#18=SHAPE_REPRESENTATION_RELATIONSHIP('','',#10795,#19);
#19=ADVANCED_BREP_SHAPE_REPRESENTATION('',(#10793),#19297);
#20=CONICAL_SURFACE('',#11017,8.50000000000001,0.785398163397448);
#21=CONICAL_SURFACE('',#11023,6.00000000000001,0.785398163397434);
#22=CONICAL_SURFACE('',#11027,5.05300000000003,0.785398163397434);
#23=CONICAL_SURFACE('',#11033,6.91750000000002,0.78539816339745);
#24=CONICAL_SURFACE('',#11034,8.50000000000001,0.785398163397448);
#25=CONICAL_SURFACE('',#11040,6.00000000000001,0.785398163397434);
#26=CONICAL_SURFACE('',#11044,5.05300000000003,0.785398163397434);
#27=CONICAL_SURFACE('',#11050,6.91750000000002,0.78539816339745);
#28=CONICAL_SURFACE('',#11051,8.50000000000001,0.785398163397448);
#29=CONICAL_SURFACE('',#11057,6.00000000000001,0.785398163397434);
#30=CONICAL_SURFACE('',#11061,5.05300000000003,0.785398163397434);
#31=CONICAL_SURFACE('',#11067,6.91750000000002,0.78539816339745);
#32=CONICAL_SURFACE('',#11068,8.50000000000001,0.785398163397448);
#33=CONICAL_SURFACE('',#11074,6.00000000000001,0.785398163397434);
#34=CONICAL_SURFACE('',#11078,5.05300000000003,0.785398163397434);
#35=CONICAL_SURFACE('',#11084,6.91750000000002,0.78539816339745);
#36=CONICAL_SURFACE('',#11085,8.50000000000001,0.785398163397448);
#37=CONICAL_SURFACE('',#11091,6.00000000000001,0.785398163397434);
#38=CONICAL_SURFACE('',#11095,5.05300000000003,0.785398163397434);
#39=CONICAL_SURFACE('',#11101,6.91750000000002,0.78539816339745);
#40=CONICAL_SURFACE('',#11102,8.50000000000001,0.785398163397448);
#41=CONICAL_SURFACE('',#11108,6.00000000000001,0.785398163397434);
#42=CONICAL_SURFACE('',#11112,5.05300000000003,0.785398163397434);
#43=CONICAL_SURFACE('',#11118,6.91750000000002,0.78539816339745);
#44=CONICAL_SURFACE('',#11119,8.50000000000001,0.785398163397448);
#45=CONICAL_SURFACE('',#11125,6.00000000000001,0.785398163397434);
#46=CONICAL_SURFACE('',#11129,5.05300000000003,0.785398163397434);
#47=CONICAL_SURFACE('',#11135,6.91750000000002,0.78539816339745);
#48=CONICAL_SURFACE('',#11136,8.50000000000001,0.785398163397448);
#49=CONICAL_SURFACE('',#11142,6.00000000000001,0.785398163397434);
#50=CONICAL_SURFACE('',#11146,5.05300000000003,0.785398163397434);
#51=CONICAL_SURFACE('',#11152,6.91750000000002,0.78539816339745);
#52=CONICAL_SURFACE('',#11153,8.50000000000001,0.785398163397448);
#53=CONICAL_SURFACE('',#11159,6.00000000000001,0.785398163397434);
#54=CONICAL_SURFACE('',#11163,5.05300000000003,0.785398163397434);
#55=CONICAL_SURFACE('',#11169,6.91750000000002,0.78539816339745);
#56=CONICAL_SURFACE('',#11170,8.50000000000001,0.785398163397448);
#57=CONICAL_SURFACE('',#11176,6.00000000000001,0.785398163397434);
#58=CONICAL_SURFACE('',#11180,5.05300000000003,0.785398163397434);
#59=CONICAL_SURFACE('',#11186,6.91750000000002,0.78539816339745);
#60=CONICAL_SURFACE('',#11187,8.50000000000001,0.785398163397448);
#61=CONICAL_SURFACE('',#11193,6.00000000000001,0.785398163397434);
#62=CONICAL_SURFACE('',#11197,5.05300000000003,0.785398163397434);
#63=CONICAL_SURFACE('',#11203,6.91750000000002,0.78539816339745);
#64=CONICAL_SURFACE('',#11204,8.50000000000001,0.785398163397448);
#65=CONICAL_SURFACE('',#11210,6.00000000000001,0.785398163397434);
#66=CONICAL_SURFACE('',#11214,5.05300000000003,0.785398163397434);
#67=CONICAL_SURFACE('',#11220,6.91750000000002,0.78539816339745);
#68=CONICAL_SURFACE('',#11221,8.50000000000001,0.785398163397448);
#69=CONICAL_SURFACE('',#11227,6.00000000000001,0.785398163397434);
#70=CONICAL_SURFACE('',#11231,5.05300000000003,0.785398163397434);
#71=CONICAL_SURFACE('',#11237,6.91750000000002,0.78539816339745);
#72=CONICAL_SURFACE('',#11238,8.50000000000001,0.785398163397448);
#73=CONICAL_SURFACE('',#11244,6.00000000000001,0.785398163397434);
#74=CONICAL_SURFACE('',#11248,5.05300000000003,0.785398163397434);
#75=CONICAL_SURFACE('',#11254,6.91750000000002,0.78539816339745);
#76=CONICAL_SURFACE('',#11255,8.50000000000001,0.785398163397448);
#77=CONICAL_SURFACE('',#11261,6.00000000000001,0.785398163397434);
#78=CONICAL_SURFACE('',#11265,5.05300000000003,0.785398163397434);
#79=CONICAL_SURFACE('',#11271,6.91750000000002,0.78539816339745);
#80=CONICAL_SURFACE('',#11272,8.50000000000001,0.785398163397448);
#81=CONICAL_SURFACE('',#11278,6.00000000000001,0.785398163397434);
#82=CONICAL_SURFACE('',#11282,5.05300000000003,0.785398163397434);
#83=CONICAL_SURFACE('',#11288,6.91750000000002,0.78539816339745);
#84=CONICAL_SURFACE('',#11289,8.50000000000001,0.785398163397448);
#85=CONICAL_SURFACE('',#11295,6.00000000000001,0.785398163397434);
#86=CONICAL_SURFACE('',#11299,5.05300000000003,0.785398163397434);
#87=CONICAL_SURFACE('',#11305,6.91750000000002,0.78539816339745);
#88=CONICAL_SURFACE('',#11306,8.50000000000001,0.785398163397448);
#89=CONICAL_SURFACE('',#11312,6.00000000000001,0.785398163397434);
#90=CONICAL_SURFACE('',#11316,5.05300000000003,0.785398163397434);
#91=CONICAL_SURFACE('',#11322,6.91750000000002,0.78539816339745);
#92=CONICAL_SURFACE('',#11323,8.50000000000001,0.785398163397448);
#93=CONICAL_SURFACE('',#11329,6.00000000000001,0.785398163397434);
#94=CONICAL_SURFACE('',#11333,5.05300000000003,0.785398163397434);
#95=CONICAL_SURFACE('',#11339,6.91750000000002,0.78539816339745);
#96=CONICAL_SURFACE('',#11340,8.50000000000001,0.785398163397448);
#97=CONICAL_SURFACE('',#11346,6.00000000000001,0.785398163397434);
#98=CONICAL_SURFACE('',#11350,5.05300000000003,0.785398163397434);
#99=CONICAL_SURFACE('',#11356,6.91750000000002,0.78539816339745);
#100=CONICAL_SURFACE('',#11357,8.50000000000001,0.785398163397448);
#101=CONICAL_SURFACE('',#11363,6.00000000000001,0.785398163397434);
#102=CONICAL_SURFACE('',#11367,5.05300000000003,0.785398163397434);
#103=CONICAL_SURFACE('',#11373,6.91750000000002,0.78539816339745);
#104=CONICAL_SURFACE('',#11374,8.50000000000001,0.785398163397448);
#105=CONICAL_SURFACE('',#11380,6.00000000000001,0.785398163397434);
#106=CONICAL_SURFACE('',#11384,5.05300000000003,0.785398163397434);
#107=CONICAL_SURFACE('',#11390,6.91750000000002,0.78539816339745);
#108=CONICAL_SURFACE('',#11391,8.50000000000001,0.785398163397448);
#109=CONICAL_SURFACE('',#11397,6.00000000000001,0.785398163397434);
#110=CONICAL_SURFACE('',#11401,5.05300000000003,0.785398163397434);
#111=CONICAL_SURFACE('',#11407,6.91750000000002,0.78539816339745);
#112=CONICAL_SURFACE('',#11408,8.50000000000001,0.785398163397448);
#113=CONICAL_SURFACE('',#11414,6.00000000000001,0.785398163397434);
#114=CONICAL_SURFACE('',#11418,5.05300000000003,0.785398163397434);
#115=CONICAL_SURFACE('',#11424,6.91750000000002,0.78539816339745);
#116=CONICAL_SURFACE('',#11425,8.50000000000001,0.785398163397448);
#117=CONICAL_SURFACE('',#11431,6.00000000000001,0.785398163397434);
#118=CONICAL_SURFACE('',#11435,5.05300000000003,0.785398163397434);
#119=CONICAL_SURFACE('',#11441,6.91750000000002,0.78539816339745);
#120=CONICAL_SURFACE('',#11442,8.50000000000001,0.785398163397448);
#121=CONICAL_SURFACE('',#11448,6.00000000000001,0.785398163397434);
#122=CONICAL_SURFACE('',#11452,5.05300000000003,0.785398163397434);
#123=CONICAL_SURFACE('',#11458,6.91750000000002,0.78539816339745);
#124=CONICAL_SURFACE('',#11459,8.50000000000001,0.785398163397448);
#125=CONICAL_SURFACE('',#11465,6.00000000000001,0.785398163397434);
#126=CONICAL_SURFACE('',#11469,5.05300000000003,0.785398163397434);
#127=CONICAL_SURFACE('',#11475,6.91750000000002,0.78539816339745);
#128=CONICAL_SURFACE('',#11476,8.50000000000001,0.785398163397448);
#129=CONICAL_SURFACE('',#11482,6.00000000000001,0.785398163397434);
#130=CONICAL_SURFACE('',#11486,5.05300000000003,0.785398163397434);
#131=CONICAL_SURFACE('',#11492,6.91750000000002,0.78539816339745);
#132=CONICAL_SURFACE('',#11493,8.50000000000001,0.785398163397448);
#133=CONICAL_SURFACE('',#11499,6.00000000000001,0.785398163397434);
#134=CONICAL_SURFACE('',#11503,5.05300000000003,0.785398163397434);
#135=CONICAL_SURFACE('',#11509,6.91750000000002,0.78539816339745);
#136=CONICAL_SURFACE('',#11510,8.50000000000001,0.785398163397448);
#137=CONICAL_SURFACE('',#11516,6.00000000000001,0.785398163397434);
#138=CONICAL_SURFACE('',#11520,5.05300000000003,0.785398163397434);
#139=CONICAL_SURFACE('',#11526,6.91750000000002,0.78539816339745);
#140=CONICAL_SURFACE('',#11527,8.50000000000001,0.785398163397448);
#141=CONICAL_SURFACE('',#11533,6.00000000000001,0.785398163397434);
#142=CONICAL_SURFACE('',#11537,5.05300000000003,0.785398163397434);
#143=CONICAL_SURFACE('',#11543,6.91750000000002,0.78539816339745);
#144=CONICAL_SURFACE('',#11544,8.50000000000001,0.785398163397448);
#145=CONICAL_SURFACE('',#11550,6.00000000000001,0.785398163397434);
#146=CONICAL_SURFACE('',#11554,5.05300000000003,0.785398163397434);
#147=CONICAL_SURFACE('',#11560,6.91750000000002,0.78539816339745);
#148=CONICAL_SURFACE('',#11561,8.50000000000001,0.785398163397448);
#149=CONICAL_SURFACE('',#11567,6.00000000000001,0.785398163397434);
#150=CONICAL_SURFACE('',#11571,5.05300000000003,0.785398163397434);
#151=CONICAL_SURFACE('',#11577,6.91750000000002,0.78539816339745);
#152=CONICAL_SURFACE('',#11578,8.50000000000001,0.785398163397448);
#153=CONICAL_SURFACE('',#11584,6.00000000000001,0.785398163397434);
#154=CONICAL_SURFACE('',#11588,5.05300000000003,0.785398163397434);
#155=CONICAL_SURFACE('',#11594,6.91750000000002,0.78539816339745);
#156=CONICAL_SURFACE('',#11595,8.50000000000001,0.785398163397448);
#157=CONICAL_SURFACE('',#11601,6.00000000000001,0.785398163397434);
#158=CONICAL_SURFACE('',#11605,5.05300000000003,0.785398163397434);
#159=CONICAL_SURFACE('',#11611,6.91750000000002,0.78539816339745);
#160=CONICAL_SURFACE('',#11612,8.50000000000001,0.785398163397448);
#161=CONICAL_SURFACE('',#11618,6.00000000000001,0.785398163397434);
#162=CONICAL_SURFACE('',#11622,5.05300000000003,0.785398163397434);
#163=CONICAL_SURFACE('',#11628,6.91750000000002,0.78539816339745);
#164=CONICAL_SURFACE('',#11629,8.50000000000001,0.785398163397448);
#165=CONICAL_SURFACE('',#11635,6.00000000000001,0.785398163397434);
#166=CONICAL_SURFACE('',#11639,5.05300000000003,0.785398163397434);
#167=CONICAL_SURFACE('',#11645,6.91750000000002,0.78539816339745);
#168=CONICAL_SURFACE('',#11646,8.50000000000001,0.785398163397448);
#169=CONICAL_SURFACE('',#11652,6.00000000000001,0.785398163397434);
#170=CONICAL_SURFACE('',#11656,5.05300000000003,0.785398163397434);
#171=CONICAL_SURFACE('',#11662,6.91750000000002,0.78539816339745);
#172=CONICAL_SURFACE('',#11663,8.50000000000001,0.785398163397448);
#173=CONICAL_SURFACE('',#11669,6.00000000000001,0.785398163397434);
#174=CONICAL_SURFACE('',#11673,5.05300000000003,0.785398163397434);
#175=CONICAL_SURFACE('',#11679,6.91750000000002,0.78539816339745);
#176=CONICAL_SURFACE('',#11680,8.50000000000001,0.785398163397448);
#177=CONICAL_SURFACE('',#11686,6.00000000000001,0.785398163397434);
#178=CONICAL_SURFACE('',#11690,5.05300000000003,0.785398163397434);
#179=CONICAL_SURFACE('',#11696,6.91750000000002,0.78539816339745);
#180=CONICAL_SURFACE('',#11697,8.50000000000001,0.785398163397448);
#181=CONICAL_SURFACE('',#11703,6.00000000000001,0.785398163397434);
#182=CONICAL_SURFACE('',#11707,5.05300000000003,0.785398163397434);
#183=CONICAL_SURFACE('',#11713,6.91750000000002,0.78539816339745);
#184=CONICAL_SURFACE('',#11714,8.50000000000001,0.785398163397448);
#185=CONICAL_SURFACE('',#11720,6.00000000000001,0.785398163397434);
#186=CONICAL_SURFACE('',#11724,5.05300000000003,0.785398163397434);
#187=CONICAL_SURFACE('',#11730,6.91750000000002,0.78539816339745);
#188=CONICAL_SURFACE('',#11731,8.50000000000001,0.785398163397448);
#189=CONICAL_SURFACE('',#11737,6.00000000000001,0.785398163397434);
#190=CONICAL_SURFACE('',#11741,5.05300000000003,0.785398163397434);
#191=CONICAL_SURFACE('',#11747,6.91750000000002,0.78539816339745);
#192=CONICAL_SURFACE('',#11748,8.50000000000001,0.785398163397448);
#193=CONICAL_SURFACE('',#11754,6.00000000000001,0.785398163397434);
#194=CONICAL_SURFACE('',#11758,5.05300000000003,0.785398163397434);
#195=CONICAL_SURFACE('',#11764,6.91750000000002,0.78539816339745);
#196=CONICAL_SURFACE('',#11765,8.50000000000001,0.785398163397448);
#197=CONICAL_SURFACE('',#11771,6.00000000000001,0.785398163397434);
#198=CONICAL_SURFACE('',#11775,5.05300000000003,0.785398163397434);
#199=CONICAL_SURFACE('',#11781,6.91750000000002,0.78539816339745);
#200=CONICAL_SURFACE('',#11782,8.50000000000001,0.785398163397448);
#201=CONICAL_SURFACE('',#11788,6.00000000000001,0.785398163397434);
#202=CONICAL_SURFACE('',#11792,5.05300000000003,0.785398163397434);
#203=CONICAL_SURFACE('',#11798,6.91750000000002,0.78539816339745);
#204=CONICAL_SURFACE('',#11799,8.50000000000001,0.785398163397448);
#205=CONICAL_SURFACE('',#11805,6.00000000000001,0.785398163397434);
#206=CONICAL_SURFACE('',#11809,5.05300000000003,0.785398163397434);
#207=CONICAL_SURFACE('',#11815,6.91750000000002,0.78539816339745);
#208=CONICAL_SURFACE('',#11816,8.50000000000001,0.785398163397448);
#209=CONICAL_SURFACE('',#11822,6.00000000000001,0.785398163397434);
#210=CONICAL_SURFACE('',#11826,5.05300000000003,0.785398163397434);
#211=CONICAL_SURFACE('',#11832,6.91750000000002,0.78539816339745);
#212=CONICAL_SURFACE('',#11833,8.50000000000001,0.785398163397448);
#213=CONICAL_SURFACE('',#11839,6.00000000000001,0.785398163397434);
#214=CONICAL_SURFACE('',#11843,5.05300000000003,0.785398163397434);
#215=CONICAL_SURFACE('',#11849,6.91750000000002,0.78539816339745);
#216=CONICAL_SURFACE('',#11850,8.50000000000001,0.785398163397448);
#217=CONICAL_SURFACE('',#11856,6.00000000000001,0.785398163397434);
#218=CONICAL_SURFACE('',#11860,5.05300000000003,0.785398163397434);
#219=CONICAL_SURFACE('',#11866,6.91750000000002,0.78539816339745);
#220=CONICAL_SURFACE('',#11867,8.50000000000001,0.785398163397448);
#221=CONICAL_SURFACE('',#11873,6.00000000000001,0.785398163397434);
#222=CONICAL_SURFACE('',#11877,5.05300000000003,0.785398163397434);
#223=CONICAL_SURFACE('',#11883,6.91750000000002,0.78539816339745);
#224=CONICAL_SURFACE('',#11884,8.50000000000001,0.785398163397448);
#225=CONICAL_SURFACE('',#11890,6.00000000000001,0.785398163397434);
#226=CONICAL_SURFACE('',#11894,5.05300000000003,0.785398163397434);
#227=CONICAL_SURFACE('',#11900,6.91750000000002,0.78539816339745);
#228=CONICAL_SURFACE('',#11901,8.50000000000001,0.785398163397448);
#229=CONICAL_SURFACE('',#11907,6.00000000000001,0.785398163397434);
#230=CONICAL_SURFACE('',#11911,5.05300000000003,0.785398163397434);
#231=CONICAL_SURFACE('',#11917,6.91750000000002,0.78539816339745);
#232=CONICAL_SURFACE('',#11918,8.50000000000001,0.785398163397448);
#233=CONICAL_SURFACE('',#11924,6.00000000000001,0.785398163397434);
#234=CONICAL_SURFACE('',#11928,5.05300000000003,0.785398163397434);
#235=CONICAL_SURFACE('',#11934,6.91750000000002,0.78539816339745);
#236=CONICAL_SURFACE('',#11935,8.50000000000001,0.785398163397448);
#237=CONICAL_SURFACE('',#11941,6.00000000000001,0.785398163397434);
#238=CONICAL_SURFACE('',#11945,5.05300000000003,0.785398163397434);
#239=CONICAL_SURFACE('',#11951,6.91750000000002,0.78539816339745);
#240=CONICAL_SURFACE('',#11952,8.50000000000001,0.785398163397448);
#241=CONICAL_SURFACE('',#11958,6.00000000000001,0.785398163397434);
#242=CONICAL_SURFACE('',#11962,5.05300000000003,0.785398163397434);
#243=CONICAL_SURFACE('',#11968,6.91750000000002,0.78539816339745);
#244=CONICAL_SURFACE('',#11969,8.50000000000001,0.785398163397448);
#245=CONICAL_SURFACE('',#11975,6.00000000000001,0.785398163397434);
#246=CONICAL_SURFACE('',#11979,5.05300000000003,0.785398163397434);
#247=CONICAL_SURFACE('',#11985,6.91750000000002,0.78539816339745);
#248=CONICAL_SURFACE('',#11986,8.50000000000001,0.785398163397448);
#249=CONICAL_SURFACE('',#11992,6.00000000000001,0.785398163397434);
#250=CONICAL_SURFACE('',#11996,5.05300000000003,0.785398163397434);
#251=CONICAL_SURFACE('',#12002,6.91750000000002,0.78539816339745);
#252=CONICAL_SURFACE('',#12003,8.50000000000001,0.785398163397448);
#253=CONICAL_SURFACE('',#12009,6.00000000000001,0.785398163397434);
#254=CONICAL_SURFACE('',#12013,5.05300000000003,0.785398163397434);
#255=CONICAL_SURFACE('',#12019,6.91750000000002,0.78539816339745);
#256=CONICAL_SURFACE('',#12020,8.50000000000001,0.785398163397448);
#257=CONICAL_SURFACE('',#12026,6.00000000000001,0.785398163397434);
#258=CONICAL_SURFACE('',#12030,5.05300000000003,0.785398163397434);
#259=CONICAL_SURFACE('',#12036,6.91750000000002,0.78539816339745);
#260=CONICAL_SURFACE('',#12037,8.50000000000001,0.785398163397448);
#261=CONICAL_SURFACE('',#12043,6.00000000000001,0.785398163397434);
#262=CONICAL_SURFACE('',#12047,5.05300000000003,0.785398163397434);
#263=CONICAL_SURFACE('',#12053,6.91750000000002,0.78539816339745);
#264=CONICAL_SURFACE('',#12054,8.50000000000001,0.785398163397448);
#265=CONICAL_SURFACE('',#12060,6.00000000000001,0.785398163397434);
#266=CONICAL_SURFACE('',#12064,5.05300000000003,0.785398163397434);
#267=CONICAL_SURFACE('',#12070,6.91750000000002,0.78539816339745);
#268=CONICAL_SURFACE('',#12071,8.50000000000001,0.785398163397448);
#269=CONICAL_SURFACE('',#12077,6.00000000000001,0.785398163397434);
#270=CONICAL_SURFACE('',#12081,5.05300000000003,0.785398163397434);
#271=CONICAL_SURFACE('',#12087,6.91750000000002,0.78539816339745);
#272=CONICAL_SURFACE('',#12088,8.50000000000001,0.785398163397448);
#273=CONICAL_SURFACE('',#12094,6.00000000000001,0.785398163397434);
#274=CONICAL_SURFACE('',#12098,5.05300000000003,0.785398163397434);
#275=CONICAL_SURFACE('',#12104,6.91750000000002,0.78539816339745);
#276=CONICAL_SURFACE('',#12105,8.50000000000001,0.785398163397448);
#277=CONICAL_SURFACE('',#12111,6.00000000000001,0.785398163397434);
#278=CONICAL_SURFACE('',#12115,5.05300000000003,0.785398163397434);
#279=CONICAL_SURFACE('',#12121,6.91750000000002,0.78539816339745);
#280=CONICAL_SURFACE('',#12122,8.50000000000001,0.785398163397448);
#281=CONICAL_SURFACE('',#12128,6.00000000000001,0.785398163397434);
#282=CONICAL_SURFACE('',#12132,5.05300000000003,0.785398163397434);
#283=CONICAL_SURFACE('',#12138,6.91750000000002,0.78539816339745);
#284=CONICAL_SURFACE('',#12139,8.50000000000001,0.785398163397448);
#285=CONICAL_SURFACE('',#12145,6.00000000000001,0.785398163397434);
#286=CONICAL_SURFACE('',#12149,5.05300000000003,0.785398163397434);
#287=CONICAL_SURFACE('',#12155,6.91750000000002,0.78539816339745);
#288=CONICAL_SURFACE('',#12156,8.50000000000001,0.785398163397448);
#289=CONICAL_SURFACE('',#12162,6.00000000000001,0.785398163397434);
#290=CONICAL_SURFACE('',#12166,5.05300000000003,0.785398163397434);
#291=CONICAL_SURFACE('',#12172,6.91750000000002,0.78539816339745);
#292=CONICAL_SURFACE('',#12173,8.50000000000001,0.785398163397448);
#293=CONICAL_SURFACE('',#12179,6.00000000000001,0.785398163397434);
#294=CONICAL_SURFACE('',#12183,5.05300000000003,0.785398163397434);
#295=CONICAL_SURFACE('',#12189,6.91750000000002,0.78539816339745);
#296=CONICAL_SURFACE('',#12190,8.50000000000001,0.785398163397448);
#297=CONICAL_SURFACE('',#12196,6.00000000000001,0.785398163397434);
#298=CONICAL_SURFACE('',#12200,5.05300000000003,0.785398163397434);
#299=CONICAL_SURFACE('',#12206,6.91750000000002,0.78539816339745);
#300=CONICAL_SURFACE('',#12207,8.50000000000001,0.785398163397448);
#301=CONICAL_SURFACE('',#12213,6.00000000000001,0.785398163397434);
#302=CONICAL_SURFACE('',#12217,5.05300000000003,0.785398163397434);
#303=CONICAL_SURFACE('',#12223,6.91750000000002,0.78539816339745);
#304=CONICAL_SURFACE('',#12224,8.50000000000001,0.785398163397448);
#305=CONICAL_SURFACE('',#12230,6.00000000000001,0.785398163397434);
#306=CONICAL_SURFACE('',#12234,5.05300000000003,0.785398163397434);
#307=CONICAL_SURFACE('',#12240,6.91750000000002,0.78539816339745);
#308=CONICAL_SURFACE('',#12241,8.50000000000001,0.785398163397448);
#309=CONICAL_SURFACE('',#12247,6.00000000000001,0.785398163397434);
#310=CONICAL_SURFACE('',#12251,5.05300000000003,0.785398163397434);
#311=CONICAL_SURFACE('',#12257,6.91750000000002,0.78539816339745);
#312=CONICAL_SURFACE('',#12258,8.50000000000001,0.785398163397448);
#313=CONICAL_SURFACE('',#12264,6.00000000000001,0.785398163397434);
#314=CONICAL_SURFACE('',#12268,5.05300000000003,0.785398163397434);
#315=CONICAL_SURFACE('',#12274,6.91750000000002,0.78539816339745);
#316=CONICAL_SURFACE('',#12275,8.50000000000001,0.785398163397448);
#317=CONICAL_SURFACE('',#12281,6.00000000000001,0.785398163397434);
#318=CONICAL_SURFACE('',#12285,5.05300000000003,0.785398163397434);
#319=CONICAL_SURFACE('',#12291,6.91750000000002,0.78539816339745);
#320=CONICAL_SURFACE('',#12292,8.50000000000001,0.785398163397448);
#321=CONICAL_SURFACE('',#12298,6.00000000000001,0.785398163397434);
#322=CONICAL_SURFACE('',#12302,5.05300000000003,0.785398163397434);
#323=CONICAL_SURFACE('',#12308,6.91750000000002,0.78539816339745);
#324=CONICAL_SURFACE('',#12309,8.50000000000001,0.785398163397448);
#325=CONICAL_SURFACE('',#12315,6.00000000000001,0.785398163397434);
#326=CONICAL_SURFACE('',#12319,5.05300000000003,0.785398163397434);
#327=CONICAL_SURFACE('',#12325,6.91750000000002,0.78539816339745);
#328=CONICAL_SURFACE('',#12326,8.50000000000001,0.785398163397448);
#329=CONICAL_SURFACE('',#12332,6.00000000000001,0.785398163397434);
#330=CONICAL_SURFACE('',#12336,5.05300000000003,0.785398163397434);
#331=CONICAL_SURFACE('',#12342,6.91750000000002,0.78539816339745);
#332=CONICAL_SURFACE('',#12343,8.50000000000001,0.785398163397448);
#333=CONICAL_SURFACE('',#12349,6.00000000000001,0.785398163397434);
#334=CONICAL_SURFACE('',#12353,5.05300000000003,0.785398163397434);
#335=CONICAL_SURFACE('',#12359,6.91750000000002,0.78539816339745);
#336=CONICAL_SURFACE('',#12360,8.50000000000001,0.785398163397448);
#337=CONICAL_SURFACE('',#12366,6.00000000000001,0.785398163397434);
#338=CONICAL_SURFACE('',#12370,5.05300000000003,0.785398163397434);
#339=CONICAL_SURFACE('',#12376,6.91750000000002,0.78539816339745);
#340=CONICAL_SURFACE('',#12377,8.50000000000001,0.785398163397448);
#341=CONICAL_SURFACE('',#12383,6.00000000000001,0.785398163397434);
#342=CONICAL_SURFACE('',#12387,5.05300000000003,0.785398163397434);
#343=CONICAL_SURFACE('',#12393,6.91750000000002,0.78539816339745);
#344=CONICAL_SURFACE('',#12394,8.50000000000001,0.785398163397448);
#345=CONICAL_SURFACE('',#12400,6.00000000000001,0.785398163397434);
#346=CONICAL_SURFACE('',#12404,5.05300000000003,0.785398163397434);
#347=CONICAL_SURFACE('',#12410,6.91750000000002,0.78539816339745);
#348=CONICAL_SURFACE('',#12411,8.50000000000001,0.785398163397448);
#349=CONICAL_SURFACE('',#12417,6.00000000000001,0.785398163397434);
#350=CONICAL_SURFACE('',#12421,5.05300000000003,0.785398163397434);
#351=CONICAL_SURFACE('',#12427,6.91750000000002,0.78539816339745);
#352=CONICAL_SURFACE('',#12428,8.50000000000001,0.785398163397448);
#353=CONICAL_SURFACE('',#12434,6.00000000000001,0.785398163397434);
#354=CONICAL_SURFACE('',#12438,5.05300000000003,0.785398163397434);
#355=CONICAL_SURFACE('',#12444,6.91750000000002,0.78539816339745);
#356=CONICAL_SURFACE('',#12445,8.50000000000001,0.785398163397448);
#357=CONICAL_SURFACE('',#12451,6.00000000000001,0.785398163397434);
#358=CONICAL_SURFACE('',#12455,5.05300000000003,0.785398163397434);
#359=CONICAL_SURFACE('',#12461,6.91750000000002,0.78539816339745);
#360=CONICAL_SURFACE('',#12462,8.50000000000001,0.785398163397448);
#361=CONICAL_SURFACE('',#12468,6.00000000000001,0.785398163397434);
#362=CONICAL_SURFACE('',#12472,5.05300000000003,0.785398163397434);
#363=CONICAL_SURFACE('',#12478,6.91750000000002,0.78539816339745);
#364=CONICAL_SURFACE('',#12479,8.50000000000001,0.785398163397448);
#365=CONICAL_SURFACE('',#12485,6.00000000000001,0.785398163397434);
#366=CONICAL_SURFACE('',#12489,5.05300000000003,0.785398163397434);
#367=CONICAL_SURFACE('',#12495,6.91750000000002,0.78539816339745);
#368=CONICAL_SURFACE('',#12496,8.50000000000001,0.785398163397448);
#369=CONICAL_SURFACE('',#12502,6.00000000000001,0.785398163397434);
#370=CONICAL_SURFACE('',#12506,5.05300000000003,0.785398163397434);
#371=CONICAL_SURFACE('',#12512,6.91750000000002,0.78539816339745);
#372=CONICAL_SURFACE('',#12513,8.50000000000001,0.785398163397448);
#373=CONICAL_SURFACE('',#12519,6.00000000000001,0.785398163397434);
#374=CONICAL_SURFACE('',#12523,5.05300000000003,0.785398163397434);
#375=CONICAL_SURFACE('',#12529,6.91750000000002,0.78539816339745);
#376=CONICAL_SURFACE('',#12530,8.50000000000001,0.785398163397448);
#377=CONICAL_SURFACE('',#12536,6.00000000000001,0.785398163397434);
#378=CONICAL_SURFACE('',#12540,5.05300000000003,0.785398163397434);
#379=CONICAL_SURFACE('',#12546,6.91750000000002,0.78539816339745);
#380=CONICAL_SURFACE('',#12547,8.50000000000001,0.785398163397448);
#381=CONICAL_SURFACE('',#12553,6.00000000000001,0.785398163397434);
#382=CONICAL_SURFACE('',#12557,5.05300000000003,0.785398163397434);
#383=CONICAL_SURFACE('',#12563,6.91750000000002,0.78539816339745);
#384=CONICAL_SURFACE('',#12564,8.50000000000001,0.785398163397448);
#385=CONICAL_SURFACE('',#12570,6.00000000000001,0.785398163397434);
#386=CONICAL_SURFACE('',#12574,5.05300000000003,0.785398163397434);
#387=CONICAL_SURFACE('',#12580,6.91750000000002,0.78539816339745);
#388=CONICAL_SURFACE('',#12581,8.50000000000001,0.785398163397448);
#389=CONICAL_SURFACE('',#12587,6.00000000000001,0.785398163397434);
#390=CONICAL_SURFACE('',#12591,5.05300000000003,0.785398163397434);
#391=CONICAL_SURFACE('',#12597,6.91750000000002,0.78539816339745);
#392=CONICAL_SURFACE('',#12598,8.50000000000001,0.785398163397448);
#393=CONICAL_SURFACE('',#12604,6.00000000000001,0.785398163397434);
#394=CONICAL_SURFACE('',#12608,5.05300000000003,0.785398163397434);
#395=CONICAL_SURFACE('',#12614,6.91750000000002,0.78539816339745);
#396=CONICAL_SURFACE('',#12615,8.50000000000001,0.785398163397448);
#397=CONICAL_SURFACE('',#12621,6.00000000000001,0.785398163397434);
#398=CONICAL_SURFACE('',#12625,5.05300000000003,0.785398163397434);
#399=CONICAL_SURFACE('',#12631,6.91750000000002,0.78539816339745);
#400=CONICAL_SURFACE('',#12632,8.50000000000001,0.785398163397448);
#401=CONICAL_SURFACE('',#12638,6.00000000000001,0.785398163397434);
#402=CONICAL_SURFACE('',#12642,5.05300000000003,0.785398163397434);
#403=CONICAL_SURFACE('',#12648,6.91750000000002,0.78539816339745);
#404=CYLINDRICAL_SURFACE('',#11015,15.);
#405=CYLINDRICAL_SURFACE('',#11016,15.);
#406=CYLINDRICAL_SURFACE('',#11021,6.00000000000001);
#407=CYLINDRICAL_SURFACE('',#11025,5.05300000000003);
#408=CYLINDRICAL_SURFACE('',#11031,6.91750000000002);
#409=CYLINDRICAL_SURFACE('',#11038,6.00000000000001);
#410=CYLINDRICAL_SURFACE('',#11042,5.05300000000003);
#411=CYLINDRICAL_SURFACE('',#11048,6.91750000000002);
#412=CYLINDRICAL_SURFACE('',#11055,6.00000000000001);
#413=CYLINDRICAL_SURFACE('',#11059,5.05300000000003);
#414=CYLINDRICAL_SURFACE('',#11065,6.91750000000002);
#415=CYLINDRICAL_SURFACE('',#11072,6.00000000000001);
#416=CYLINDRICAL_SURFACE('',#11076,5.05300000000003);
#417=CYLINDRICAL_SURFACE('',#11082,6.91750000000002);
#418=CYLINDRICAL_SURFACE('',#11089,6.00000000000001);
#419=CYLINDRICAL_SURFACE('',#11093,5.05300000000003);
#420=CYLINDRICAL_SURFACE('',#11099,6.91750000000002);
#421=CYLINDRICAL_SURFACE('',#11106,6.00000000000001);
#422=CYLINDRICAL_SURFACE('',#11110,5.05300000000003);
#423=CYLINDRICAL_SURFACE('',#11116,6.91750000000002);
#424=CYLINDRICAL_SURFACE('',#11123,6.00000000000001);
#425=CYLINDRICAL_SURFACE('',#11127,5.05300000000003);
#426=CYLINDRICAL_SURFACE('',#11133,6.91750000000002);
#427=CYLINDRICAL_SURFACE('',#11140,6.00000000000001);
#428=CYLINDRICAL_SURFACE('',#11144,5.05300000000003);
#429=CYLINDRICAL_SURFACE('',#11150,6.91750000000002);
#430=CYLINDRICAL_SURFACE('',#11157,6.00000000000001);
#431=CYLINDRICAL_SURFACE('',#11161,5.05300000000003);
#432=CYLINDRICAL_SURFACE('',#11167,6.91750000000002);
#433=CYLINDRICAL_SURFACE('',#11174,6.00000000000001);
#434=CYLINDRICAL_SURFACE('',#11178,5.05300000000003);
#435=CYLINDRICAL_SURFACE('',#11184,6.91750000000002);
#436=CYLINDRICAL_SURFACE('',#11191,6.00000000000001);
#437=CYLINDRICAL_SURFACE('',#11195,5.05300000000003);
#438=CYLINDRICAL_SURFACE('',#11201,6.91750000000002);
#439=CYLINDRICAL_SURFACE('',#11208,6.00000000000001);
#440=CYLINDRICAL_SURFACE('',#11212,5.05300000000003);
#441=CYLINDRICAL_SURFACE('',#11218,6.91750000000002);
#442=CYLINDRICAL_SURFACE('',#11225,6.00000000000001);
#443=CYLINDRICAL_SURFACE('',#11229,5.05300000000003);
#444=CYLINDRICAL_SURFACE('',#11235,6.91750000000002);
#445=CYLINDRICAL_SURFACE('',#11242,6.00000000000001);
#446=CYLINDRICAL_SURFACE('',#11246,5.05300000000003);
#447=CYLINDRICAL_SURFACE('',#11252,6.91750000000002);
#448=CYLINDRICAL_SURFACE('',#11259,6.00000000000001);
#449=CYLINDRICAL_SURFACE('',#11263,5.05300000000003);
#450=CYLINDRICAL_SURFACE('',#11269,6.91750000000002);
#451=CYLINDRICAL_SURFACE('',#11276,6.00000000000001);
#452=CYLINDRICAL_SURFACE('',#11280,5.05300000000003);
#453=CYLINDRICAL_SURFACE('',#11286,6.91750000000002);
#454=CYLINDRICAL_SURFACE('',#11293,6.00000000000001);
#455=CYLINDRICAL_SURFACE('',#11297,5.05300000000003);
#456=CYLINDRICAL_SURFACE('',#11303,6.91750000000002);
#457=CYLINDRICAL_SURFACE('',#11310,6.00000000000001);
#458=CYLINDRICAL_SURFACE('',#11314,5.05300000000003);
#459=CYLINDRICAL_SURFACE('',#11320,6.91750000000002);
#460=CYLINDRICAL_SURFACE('',#11327,6.00000000000001);
#461=CYLINDRICAL_SURFACE('',#11331,5.05300000000003);
#462=CYLINDRICAL_SURFACE('',#11337,6.91750000000002);
#463=CYLINDRICAL_SURFACE('',#11344,6.00000000000001);
#464=CYLINDRICAL_SURFACE('',#11348,5.05300000000003);
#465=CYLINDRICAL_SURFACE('',#11354,6.91750000000002);
#466=CYLINDRICAL_SURFACE('',#11361,6.00000000000001);
#467=CYLINDRICAL_SURFACE('',#11365,5.05300000000003);
#468=CYLINDRICAL_SURFACE('',#11371,6.91750000000002);
#469=CYLINDRICAL_SURFACE('',#11378,6.00000000000001);
#470=CYLINDRICAL_SURFACE('',#11382,5.05300000000003);
#471=CYLINDRICAL_SURFACE('',#11388,6.91750000000002);
#472=CYLINDRICAL_SURFACE('',#11395,6.00000000000001);
#473=CYLINDRICAL_SURFACE('',#11399,5.05300000000003);
#474=CYLINDRICAL_SURFACE('',#11405,6.91750000000002);
#475=CYLINDRICAL_SURFACE('',#11412,6.00000000000001);
#476=CYLINDRICAL_SURFACE('',#11416,5.05300000000003);
#477=CYLINDRICAL_SURFACE('',#11422,6.91750000000002);
#478=CYLINDRICAL_SURFACE('',#11429,6.00000000000001);
#479=CYLINDRICAL_SURFACE('',#11433,5.05300000000003);
#480=CYLINDRICAL_SURFACE('',#11439,6.91750000000002);
#481=CYLINDRICAL_SURFACE('',#11446,6.00000000000001);
#482=CYLINDRICAL_SURFACE('',#11450,5.05300000000003);
#483=CYLINDRICAL_SURFACE('',#11456,6.91750000000002);
#484=CYLINDRICAL_SURFACE('',#11463,6.00000000000001);
#485=CYLINDRICAL_SURFACE('',#11467,5.05300000000003);
#486=CYLINDRICAL_SURFACE('',#11473,6.91750000000002);
#487=CYLINDRICAL_SURFACE('',#11480,6.00000000000001);
#488=CYLINDRICAL_SURFACE('',#11484,5.05300000000003);
#489=CYLINDRICAL_SURFACE('',#11490,6.91750000000002);
#490=CYLINDRICAL_SURFACE('',#11497,6.00000000000001);
#491=CYLINDRICAL_SURFACE('',#11501,5.05300000000003);
#492=CYLINDRICAL_SURFACE('',#11507,6.91750000000002);
#493=CYLINDRICAL_SURFACE('',#11514,6.00000000000001);
#494=CYLINDRICAL_SURFACE('',#11518,5.05300000000003);
#495=CYLINDRICAL_SURFACE('',#11524,6.91750000000002);
#496=CYLINDRICAL_SURFACE('',#11531,6.00000000000001);
#497=CYLINDRICAL_SURFACE('',#11535,5.05300000000003);
#498=CYLINDRICAL_SURFACE('',#11541,6.91750000000002);
#499=CYLINDRICAL_SURFACE('',#11548,6.00000000000001);
#500=CYLINDRICAL_SURFACE('',#11552,5.05300000000003);
#501=CYLINDRICAL_SURFACE('',#11558,6.91750000000002);
#502=CYLINDRICAL_SURFACE('',#11565,6.00000000000001);
#503=CYLINDRICAL_SURFACE('',#11569,5.05300000000003);
#504=CYLINDRICAL_SURFACE('',#11575,6.91750000000002);
#505=CYLINDRICAL_SURFACE('',#11582,6.00000000000001);
#506=CYLINDRICAL_SURFACE('',#11586,5.05300000000003);
#507=CYLINDRICAL_SURFACE('',#11592,6.91750000000002);
#508=CYLINDRICAL_SURFACE('',#11599,6.00000000000001);
#509=CYLINDRICAL_SURFACE('',#11603,5.05300000000003);
#510=CYLINDRICAL_SURFACE('',#11609,6.91750000000002);
#511=CYLINDRICAL_SURFACE('',#11616,6.00000000000001);
#512=CYLINDRICAL_SURFACE('',#11620,5.05300000000003);
#513=CYLINDRICAL_SURFACE('',#11626,6.91750000000002);
#514=CYLINDRICAL_SURFACE('',#11633,6.00000000000001);
#515=CYLINDRICAL_SURFACE('',#11637,5.05300000000003);
#516=CYLINDRICAL_SURFACE('',#11643,6.91750000000002);
#517=CYLINDRICAL_SURFACE('',#11650,6.00000000000001);
#518=CYLINDRICAL_SURFACE('',#11654,5.05300000000003);
#519=CYLINDRICAL_SURFACE('',#11660,6.91750000000002);
#520=CYLINDRICAL_SURFACE('',#11667,6.00000000000001);
#521=CYLINDRICAL_SURFACE('',#11671,5.05300000000003);
#522=CYLINDRICAL_SURFACE('',#11677,6.91750000000002);
#523=CYLINDRICAL_SURFACE('',#11684,6.00000000000001);
#524=CYLINDRICAL_SURFACE('',#11688,5.05300000000003);
#525=CYLINDRICAL_SURFACE('',#11694,6.91750000000002);
#526=CYLINDRICAL_SURFACE('',#11701,6.00000000000001);
#527=CYLINDRICAL_SURFACE('',#11705,5.05300000000003);
#528=CYLINDRICAL_SURFACE('',#11711,6.91750000000002);
#529=CYLINDRICAL_SURFACE('',#11718,6.00000000000001);
#530=CYLINDRICAL_SURFACE('',#11722,5.05300000000003);
#531=CYLINDRICAL_SURFACE('',#11728,6.91750000000002);
#532=CYLINDRICAL_SURFACE('',#11735,6.00000000000001);
#533=CYLINDRICAL_SURFACE('',#11739,5.05300000000003);
#534=CYLINDRICAL_SURFACE('',#11745,6.91750000000002);
#535=CYLINDRICAL_SURFACE('',#11752,6.00000000000001);
#536=CYLINDRICAL_SURFACE('',#11756,5.05300000000003);
#537=CYLINDRICAL_SURFACE('',#11762,6.91750000000002);
#538=CYLINDRICAL_SURFACE('',#11769,6.00000000000001);
#539=CYLINDRICAL_SURFACE('',#11773,5.05300000000003);
#540=CYLINDRICAL_SURFACE('',#11779,6.91750000000002);
#541=CYLINDRICAL_SURFACE('',#11786,6.00000000000001);
#542=CYLINDRICAL_SURFACE('',#11790,5.05300000000003);
#543=CYLINDRICAL_SURFACE('',#11796,6.91750000000002);
#544=CYLINDRICAL_SURFACE('',#11803,6.00000000000001);
#545=CYLINDRICAL_SURFACE('',#11807,5.05300000000003);
#546=CYLINDRICAL_SURFACE('',#11813,6.91750000000002);
#547=CYLINDRICAL_SURFACE('',#11820,6.00000000000001);
#548=CYLINDRICAL_SURFACE('',#11824,5.05300000000003);
#549=CYLINDRICAL_SURFACE('',#11830,6.91750000000002);
#550=CYLINDRICAL_SURFACE('',#11837,6.00000000000001);
#551=CYLINDRICAL_SURFACE('',#11841,5.05300000000003);
#552=CYLINDRICAL_SURFACE('',#11847,6.91750000000002);
#553=CYLINDRICAL_SURFACE('',#11854,6.00000000000001);
#554=CYLINDRICAL_SURFACE('',#11858,5.05300000000003);
#555=CYLINDRICAL_SURFACE('',#11864,6.91750000000002);
#556=CYLINDRICAL_SURFACE('',#11871,6.00000000000001);
#557=CYLINDRICAL_SURFACE('',#11875,5.05300000000003);
#558=CYLINDRICAL_SURFACE('',#11881,6.91750000000002);
#559=CYLINDRICAL_SURFACE('',#11888,6.00000000000001);
#560=CYLINDRICAL_SURFACE('',#11892,5.05300000000003);
#561=CYLINDRICAL_SURFACE('',#11898,6.91750000000002);
#562=CYLINDRICAL_SURFACE('',#11905,6.00000000000001);
#563=CYLINDRICAL_SURFACE('',#11909,5.05300000000003);
#564=CYLINDRICAL_SURFACE('',#11915,6.91750000000002);
#565=CYLINDRICAL_SURFACE('',#11922,6.00000000000001);
#566=CYLINDRICAL_SURFACE('',#11926,5.05300000000003);
#567=CYLINDRICAL_SURFACE('',#11932,6.91750000000002);
#568=CYLINDRICAL_SURFACE('',#11939,6.00000000000001);
#569=CYLINDRICAL_SURFACE('',#11943,5.05300000000003);
#570=CYLINDRICAL_SURFACE('',#11949,6.91750000000002);
#571=CYLINDRICAL_SURFACE('',#11956,6.00000000000001);
#572=CYLINDRICAL_SURFACE('',#11960,5.05300000000003);
#573=CYLINDRICAL_SURFACE('',#11966,6.91750000000002);
#574=CYLINDRICAL_SURFACE('',#11973,6.00000000000001);
#575=CYLINDRICAL_SURFACE('',#11977,5.05300000000003);
#576=CYLINDRICAL_SURFACE('',#11983,6.91750000000002);
#577=CYLINDRICAL_SURFACE('',#11990,6.00000000000001);
#578=CYLINDRICAL_SURFACE('',#11994,5.05300000000003);
#579=CYLINDRICAL_SURFACE('',#12000,6.91750000000002);
#580=CYLINDRICAL_SURFACE('',#12007,6.00000000000001);
#581=CYLINDRICAL_SURFACE('',#12011,5.05300000000003);
#582=CYLINDRICAL_SURFACE('',#12017,6.91750000000002);
#583=CYLINDRICAL_SURFACE('',#12024,6.00000000000001);
#584=CYLINDRICAL_SURFACE('',#12028,5.05300000000003);
#585=CYLINDRICAL_SURFACE('',#12034,6.91750000000002);
#586=CYLINDRICAL_SURFACE('',#12041,6.00000000000001);
#587=CYLINDRICAL_SURFACE('',#12045,5.05300000000003);
#588=CYLINDRICAL_SURFACE('',#12051,6.91750000000002);
#589=CYLINDRICAL_SURFACE('',#12058,6.00000000000001);
#590=CYLINDRICAL_SURFACE('',#12062,5.05300000000003);
#591=CYLINDRICAL_SURFACE('',#12068,6.91750000000002);
#592=CYLINDRICAL_SURFACE('',#12075,6.00000000000001);
#593=CYLINDRICAL_SURFACE('',#12079,5.05300000000003);
#594=CYLINDRICAL_SURFACE('',#12085,6.91750000000002);
#595=CYLINDRICAL_SURFACE('',#12092,6.00000000000001);
#596=CYLINDRICAL_SURFACE('',#12096,5.05300000000003);
#597=CYLINDRICAL_SURFACE('',#12102,6.91750000000002);
#598=CYLINDRICAL_SURFACE('',#12109,6.00000000000001);
#599=CYLINDRICAL_SURFACE('',#12113,5.05300000000003);
#600=CYLINDRICAL_SURFACE('',#12119,6.91750000000002);
#601=CYLINDRICAL_SURFACE('',#12126,6.00000000000001);
#602=CYLINDRICAL_SURFACE('',#12130,5.05300000000003);
#603=CYLINDRICAL_SURFACE('',#12136,6.91750000000002);
#604=CYLINDRICAL_SURFACE('',#12143,6.00000000000001);
#605=CYLINDRICAL_SURFACE('',#12147,5.05300000000003);
#606=CYLINDRICAL_SURFACE('',#12153,6.91750000000002);
#607=CYLINDRICAL_SURFACE('',#12160,6.00000000000001);
#608=CYLINDRICAL_SURFACE('',#12164,5.05300000000003);
#609=CYLINDRICAL_SURFACE('',#12170,6.91750000000002);
#610=CYLINDRICAL_SURFACE('',#12177,6.00000000000001);
#611=CYLINDRICAL_SURFACE('',#12181,5.05300000000003);
#612=CYLINDRICAL_SURFACE('',#12187,6.91750000000002);
#613=CYLINDRICAL_SURFACE('',#12194,6.00000000000001);
#614=CYLINDRICAL_SURFACE('',#12198,5.05300000000003);
#615=CYLINDRICAL_SURFACE('',#12204,6.91750000000002);
#616=CYLINDRICAL_SURFACE('',#12211,6.00000000000001);
#617=CYLINDRICAL_SURFACE('',#12215,5.05300000000003);
#618=CYLINDRICAL_SURFACE('',#12221,6.91750000000002);
#619=CYLINDRICAL_SURFACE('',#12228,6.00000000000001);
#620=CYLINDRICAL_SURFACE('',#12232,5.05300000000003);
#621=CYLINDRICAL_SURFACE('',#12238,6.91750000000002);
#622=CYLINDRICAL_SURFACE('',#12245,6.00000000000001);
#623=CYLINDRICAL_SURFACE('',#12249,5.05300000000003);
#624=CYLINDRICAL_SURFACE('',#12255,6.91750000000002);
#625=CYLINDRICAL_SURFACE('',#12262,6.00000000000001);
#626=CYLINDRICAL_SURFACE('',#12266,5.05300000000003);
#627=CYLINDRICAL_SURFACE('',#12272,6.91750000000002);
#628=CYLINDRICAL_SURFACE('',#12279,6.00000000000001);
#629=CYLINDRICAL_SURFACE('',#12283,5.05300000000003);
#630=CYLINDRICAL_SURFACE('',#12289,6.91750000000002);
#631=CYLINDRICAL_SURFACE('',#12296,6.00000000000001);
#632=CYLINDRICAL_SURFACE('',#12300,5.05300000000003);
#633=CYLINDRICAL_SURFACE('',#12306,6.91750000000002);
#634=CYLINDRICAL_SURFACE('',#12313,6.00000000000001);
#635=CYLINDRICAL_SURFACE('',#12317,5.05300000000003);
#636=CYLINDRICAL_SURFACE('',#12323,6.91750000000002);
#637=CYLINDRICAL_SURFACE('',#12330,6.00000000000001);
#638=CYLINDRICAL_SURFACE('',#12334,5.05300000000003);
#639=CYLINDRICAL_SURFACE('',#12340,6.91750000000002);
#640=CYLINDRICAL_SURFACE('',#12347,6.00000000000001);
#641=CYLINDRICAL_SURFACE('',#12351,5.05300000000003);
#642=CYLINDRICAL_SURFACE('',#12357,6.91750000000002);
#643=CYLINDRICAL_SURFACE('',#12364,6.00000000000001);
#644=CYLINDRICAL_SURFACE('',#12368,5.05300000000003);
#645=CYLINDRICAL_SURFACE('',#12374,6.91750000000002);
#646=CYLINDRICAL_SURFACE('',#12381,6.00000000000001);
#647=CYLINDRICAL_SURFACE('',#12385,5.05300000000003);
#648=CYLINDRICAL_SURFACE('',#12391,6.91750000000002);
#649=CYLINDRICAL_SURFACE('',#12398,6.00000000000001);
#650=CYLINDRICAL_SURFACE('',#12402,5.05300000000003);
#651=CYLINDRICAL_SURFACE('',#12408,6.91750000000002);
#652=CYLINDRICAL_SURFACE('',#12415,6.00000000000001);
#653=CYLINDRICAL_SURFACE('',#12419,5.05300000000003);
#654=CYLINDRICAL_SURFACE('',#12425,6.91750000000002);
#655=CYLINDRICAL_SURFACE('',#12432,6.00000000000001);
#656=CYLINDRICAL_SURFACE('',#12436,5.05300000000003);
#657=CYLINDRICAL_SURFACE('',#12442,6.91750000000002);
#658=CYLINDRICAL_SURFACE('',#12449,6.00000000000001);
#659=CYLINDRICAL_SURFACE('',#12453,5.05300000000003);
#660=CYLINDRICAL_SURFACE('',#12459,6.91750000000002);
#661=CYLINDRICAL_SURFACE('',#12466,6.00000000000001);
#662=CYLINDRICAL_SURFACE('',#12470,5.05300000000003);
#663=CYLINDRICAL_SURFACE('',#12476,6.91750000000002);
#664=CYLINDRICAL_SURFACE('',#12483,6.00000000000001);
#665=CYLINDRICAL_SURFACE('',#12487,5.05300000000003);
#666=CYLINDRICAL_SURFACE('',#12493,6.91750000000002);
#667=CYLINDRICAL_SURFACE('',#12500,6.00000000000001);
#668=CYLINDRICAL_SURFACE('',#12504,5.05300000000003);
#669=CYLINDRICAL_SURFACE('',#12510,6.91750000000002);
#670=CYLINDRICAL_SURFACE('',#12517,6.00000000000001);
#671=CYLINDRICAL_SURFACE('',#12521,5.05300000000003);
#672=CYLINDRICAL_SURFACE('',#12527,6.91750000000002);
#673=CYLINDRICAL_SURFACE('',#12534,6.00000000000001);
#674=CYLINDRICAL_SURFACE('',#12538,5.05300000000003);
#675=CYLINDRICAL_SURFACE('',#12544,6.91750000000002);
#676=CYLINDRICAL_SURFACE('',#12551,6.00000000000001);
#677=CYLINDRICAL_SURFACE('',#12555,5.05300000000003);
#678=CYLINDRICAL_SURFACE('',#12561,6.91750000000002);
#679=CYLINDRICAL_SURFACE('',#12568,6.00000000000001);
#680=CYLINDRICAL_SURFACE('',#12572,5.05300000000003);
#681=CYLINDRICAL_SURFACE('',#12578,6.91750000000002);
#682=CYLINDRICAL_SURFACE('',#12585,6.00000000000001);
#683=CYLINDRICAL_SURFACE('',#12589,5.05300000000003);
#684=CYLINDRICAL_SURFACE('',#12595,6.91750000000002);
#685=CYLINDRICAL_SURFACE('',#12602,6.00000000000001);
#686=CYLINDRICAL_SURFACE('',#12606,5.05300000000003);
#687=CYLINDRICAL_SURFACE('',#12612,6.91750000000002);
#688=CYLINDRICAL_SURFACE('',#12619,6.00000000000001);
#689=CYLINDRICAL_SURFACE('',#12623,5.05300000000003);
#690=CYLINDRICAL_SURFACE('',#12629,6.91750000000002);
#691=CYLINDRICAL_SURFACE('',#12636,6.00000000000001);
#692=CYLINDRICAL_SURFACE('',#12640,5.05300000000003);
#693=CYLINDRICAL_SURFACE('',#12646,6.91750000000002);
#694=CIRCLE('',#10802,8.50000000000001);
#695=CIRCLE('',#10803,8.50000000000001);
#696=CIRCLE('',#10804,8.50000000000001);
#697=CIRCLE('',#10805,8.50000000000001);
#698=CIRCLE('',#10806,8.50000000000001);
#699=CIRCLE('',#10807,8.50000000000001);
#700=CIRCLE('',#10808,8.50000000000001);
#701=CIRCLE('',#10809,8.50000000000001);
#702=CIRCLE('',#10810,8.50000000000001);
#703=CIRCLE('',#10811,8.50000000000001);
#704=CIRCLE('',#10812,8.50000000000001);
#705=CIRCLE('',#10813,8.50000000000001);
#706=CIRCLE('',#10814,8.50000000000001);
#707=CIRCLE('',#10815,8.50000000000001);
#708=CIRCLE('',#10816,8.50000000000001);
#709=CIRCLE('',#10817,8.50000000000001);
#710=CIRCLE('',#10818,8.50000000000001);
#711=CIRCLE('',#10819,8.50000000000001);
#712=CIRCLE('',#10820,8.50000000000001);
#713=CIRCLE('',#10821,8.50000000000001);
#714=CIRCLE('',#10822,8.50000000000001);
#715=CIRCLE('',#10823,8.50000000000001);
#716=CIRCLE('',#10824,8.50000000000001);
#717=CIRCLE('',#10825,8.50000000000001);
#718=CIRCLE('',#10826,8.50000000000001);
#719=CIRCLE('',#10827,8.50000000000001);
#720=CIRCLE('',#10828,8.50000000000001);
#721=CIRCLE('',#10829,8.50000000000001);
#722=CIRCLE('',#10830,8.50000000000001);
#723=CIRCLE('',#10831,8.50000000000001);
#724=CIRCLE('',#10832,8.50000000000001);
#725=CIRCLE('',#10833,8.50000000000001);
#726=CIRCLE('',#10834,8.50000000000001);
#727=CIRCLE('',#10835,8.50000000000001);
#728=CIRCLE('',#10836,8.50000000000001);
#729=CIRCLE('',#10837,8.50000000000001);
#730=CIRCLE('',#10838,8.50000000000001);
#731=CIRCLE('',#10839,8.50000000000001);
#732=CIRCLE('',#10840,8.50000000000001);
#733=CIRCLE('',#10841,8.50000000000001);
#734=CIRCLE('',#10842,8.50000000000001);
#735=CIRCLE('',#10843,8.50000000000001);
#736=CIRCLE('',#10844,8.50000000000001);
#737=CIRCLE('',#10845,8.50000000000001);
#738=CIRCLE('',#10846,8.50000000000001);
#739=CIRCLE('',#10847,8.50000000000001);
#740=CIRCLE('',#10848,8.50000000000001);
#741=CIRCLE('',#10849,8.50000000000001);
#742=CIRCLE('',#10850,8.50000000000001);
#743=CIRCLE('',#10851,8.50000000000001);
#744=CIRCLE('',#10852,8.50000000000001);
#745=CIRCLE('',#10853,8.50000000000001);
#746=CIRCLE('',#10854,8.50000000000001);
#747=CIRCLE('',#10855,8.50000000000001);
#748=CIRCLE('',#10856,8.50000000000001);
#749=CIRCLE('',#10857,8.50000000000001);
#750=CIRCLE('',#10858,8.50000000000001);
#751=CIRCLE('',#10859,8.50000000000001);
#752=CIRCLE('',#10860,8.50000000000001);
#753=CIRCLE('',#10861,8.50000000000001);
#754=CIRCLE('',#10862,8.50000000000001);
#755=CIRCLE('',#10863,8.50000000000001);
#756=CIRCLE('',#10864,8.50000000000001);
#757=CIRCLE('',#10865,8.50000000000001);
#758=CIRCLE('',#10866,8.50000000000001);
#759=CIRCLE('',#10867,8.50000000000001);
#760=CIRCLE('',#10868,8.50000000000001);
#761=CIRCLE('',#10869,8.50000000000001);
#762=CIRCLE('',#10870,8.50000000000001);
#763=CIRCLE('',#10871,8.50000000000001);
#764=CIRCLE('',#10872,8.50000000000001);
#765=CIRCLE('',#10873,8.50000000000001);
#766=CIRCLE('',#10874,8.50000000000001);
#767=CIRCLE('',#10875,8.50000000000001);
#768=CIRCLE('',#10876,8.50000000000001);
#769=CIRCLE('',#10877,8.50000000000001);
#770=CIRCLE('',#10878,8.50000000000001);
#771=CIRCLE('',#10879,8.50000000000001);
#772=CIRCLE('',#10880,8.50000000000001);
#773=CIRCLE('',#10881,8.50000000000001);
#774=CIRCLE('',#10882,8.50000000000001);
#775=CIRCLE('',#10883,8.50000000000001);
#776=CIRCLE('',#10884,8.50000000000001);
#777=CIRCLE('',#10885,8.50000000000001);
#778=CIRCLE('',#10886,8.50000000000001);
#779=CIRCLE('',#10887,8.50000000000001);
#780=CIRCLE('',#10888,8.50000000000001);
#781=CIRCLE('',#10889,8.50000000000001);
#782=CIRCLE('',#10890,8.50000000000001);
#783=CIRCLE('',#10891,8.50000000000001);
#784=CIRCLE('',#10892,8.50000000000001);
#785=CIRCLE('',#10893,8.50000000000001);
#786=CIRCLE('',#10894,8.50000000000001);
#787=CIRCLE('',#10895,8.50000000000001);
#788=CIRCLE('',#10896,8.50000000000001);
#789=CIRCLE('',#10897,8.50000000000001);
#790=CIRCLE('',#10898,15.);
#791=CIRCLE('',#10899,15.);
#792=CIRCLE('',#10901,8.00000000000001);
#793=CIRCLE('',#10902,8.00000000000001);
#794=CIRCLE('',#10903,8.00000000000001);
#795=CIRCLE('',#10904,8.00000000000001);
#796=CIRCLE('',#10905,8.00000000000001);
#797=CIRCLE('',#10906,8.00000000000001);
#798=CIRCLE('',#10907,8.00000000000001);
#799=CIRCLE('',#10908,8.00000000000001);
#800=CIRCLE('',#10909,8.00000000000001);
#801=CIRCLE('',#10910,8.00000000000001);
#802=CIRCLE('',#10911,8.00000000000001);
#803=CIRCLE('',#10912,8.00000000000001);
#804=CIRCLE('',#10913,8.00000000000001);
#805=CIRCLE('',#10914,8.00000000000001);
#806=CIRCLE('',#10915,8.00000000000001);
#807=CIRCLE('',#10916,8.00000000000001);
#808=CIRCLE('',#10917,8.00000000000001);
#809=CIRCLE('',#10918,8.00000000000001);
#810=CIRCLE('',#10919,8.00000000000001);
#811=CIRCLE('',#10920,8.00000000000001);
#812=CIRCLE('',#10921,8.00000000000001);
#813=CIRCLE('',#10922,8.00000000000001);
#814=CIRCLE('',#10923,8.00000000000001);
#815=CIRCLE('',#10924,8.00000000000001);
#816=CIRCLE('',#10925,8.00000000000001);
#817=CIRCLE('',#10926,8.00000000000001);
#818=CIRCLE('',#10927,8.00000000000001);
#819=CIRCLE('',#10928,8.00000000000001);
#820=CIRCLE('',#10929,8.00000000000001);
#821=CIRCLE('',#10930,8.00000000000001);
#822=CIRCLE('',#10931,8.00000000000001);
#823=CIRCLE('',#10932,8.00000000000001);
#824=CIRCLE('',#10933,8.00000000000001);
#825=CIRCLE('',#10934,8.00000000000001);
#826=CIRCLE('',#10935,8.00000000000001);
#827=CIRCLE('',#10936,8.00000000000001);
#828=CIRCLE('',#10937,8.00000000000001);
#829=CIRCLE('',#10938,8.00000000000001);
#830=CIRCLE('',#10939,8.00000000000001);
#831=CIRCLE('',#10940,8.00000000000001);
#832=CIRCLE('',#10941,8.00000000000001);
#833=CIRCLE('',#10942,8.00000000000001);
#834=CIRCLE('',#10943,8.00000000000001);
#835=CIRCLE('',#10944,8.00000000000001);
#836=CIRCLE('',#10945,8.00000000000001);
#837=CIRCLE('',#10946,8.00000000000001);
#838=CIRCLE('',#10947,8.00000000000001);
#839=CIRCLE('',#10948,8.00000000000001);
#840=CIRCLE('',#10949,8.00000000000001);
#841=CIRCLE('',#10950,8.00000000000001);
#842=CIRCLE('',#10951,8.00000000000001);
#843=CIRCLE('',#10952,8.00000000000001);
#844=CIRCLE('',#10953,8.00000000000001);
#845=CIRCLE('',#10954,8.00000000000001);
#846=CIRCLE('',#10955,8.00000000000001);
#847=CIRCLE('',#10956,8.00000000000001);
#848=CIRCLE('',#10957,8.00000000000001);
#849=CIRCLE('',#10958,8.00000000000001);
#850=CIRCLE('',#10959,8.00000000000001);
#851=CIRCLE('',#10960,8.00000000000001);
#852=CIRCLE('',#10961,8.00000000000001);
#853=CIRCLE('',#10962,8.00000000000001);
#854=CIRCLE('',#10963,8.00000000000001);
#855=CIRCLE('',#10964,8.00000000000001);
#856=CIRCLE('',#10965,8.00000000000001);
#857=CIRCLE('',#10966,8.00000000000001);
#858=CIRCLE('',#10967,8.00000000000001);
#859=CIRCLE('',#10968,8.00000000000001);
#860=CIRCLE('',#10969,8.00000000000001);
#861=CIRCLE('',#10970,8.00000000000001);
#862=CIRCLE('',#10971,8.00000000000001);
#863=CIRCLE('',#10972,8.00000000000001);
#864=CIRCLE('',#10973,8.00000000000001);
#865=CIRCLE('',#10974,8.00000000000001);
#866=CIRCLE('',#10975,8.00000000000001);
#867=CIRCLE('',#10976,8.00000000000001);
#868=CIRCLE('',#10977,8.00000000000001);
#869=CIRCLE('',#10978,8.00000000000001);
#870=CIRCLE('',#10979,8.00000000000001);
#871=CIRCLE('',#10980,8.00000000000001);
#872=CIRCLE('',#10981,8.00000000000001);
#873=CIRCLE('',#10982,8.00000000000001);
#874=CIRCLE('',#10983,8.00000000000001);
#875=CIRCLE('',#10984,8.00000000000001);
#876=CIRCLE('',#10985,8.00000000000001);
#877=CIRCLE('',#10986,8.00000000000001);
#878=CIRCLE('',#10987,8.00000000000001);
#879=CIRCLE('',#10988,8.00000000000001);
#880=CIRCLE('',#10989,8.00000000000001);
#881=CIRCLE('',#10990,8.00000000000001);
#882=CIRCLE('',#10991,8.00000000000001);
#883=CIRCLE('',#10992,8.00000000000001);
#884=CIRCLE('',#10993,8.00000000000001);
#885=CIRCLE('',#10994,8.00000000000001);
#886=CIRCLE('',#10995,8.00000000000001);
#887=CIRCLE('',#10996,8.00000000000001);
#888=CIRCLE('',#10997,15.);
#889=CIRCLE('',#10998,15.);
#890=CIRCLE('',#11018,8.00000000000001);
#891=CIRCLE('',#11020,6.00000000000001);
#892=CIRCLE('',#11022,6.00000000000001);
#893=CIRCLE('',#11024,5.05300000000003);
#894=CIRCLE('',#11026,5.05300000000003);
#895=CIRCLE('',#11028,6.00000000000001);
#896=CIRCLE('',#11030,6.91750000000002);
#897=CIRCLE('',#11032,6.91750000000002);
#898=CIRCLE('',#11035,8.00000000000001);
#899=CIRCLE('',#11037,6.00000000000001);
#900=CIRCLE('',#11039,6.00000000000001);
#901=CIRCLE('',#11041,5.05300000000003);
#902=CIRCLE('',#11043,5.05300000000003);
#903=CIRCLE('',#11045,6.00000000000001);
#904=CIRCLE('',#11047,6.91750000000002);
#905=CIRCLE('',#11049,6.91750000000002);
#906=CIRCLE('',#11052,8.00000000000001);
#907=CIRCLE('',#11054,6.00000000000001);
#908=CIRCLE('',#11056,6.00000000000001);
#909=CIRCLE('',#11058,5.05300000000003);
#910=CIRCLE('',#11060,5.05300000000003);
#911=CIRCLE('',#11062,6.00000000000001);
#912=CIRCLE('',#11064,6.91750000000002);
#913=CIRCLE('',#11066,6.91750000000002);
#914=CIRCLE('',#11069,8.00000000000001);
#915=CIRCLE('',#11071,6.00000000000001);
#916=CIRCLE('',#11073,6.00000000000001);
#917=CIRCLE('',#11075,5.05300000000003);
#918=CIRCLE('',#11077,5.05300000000003);
#919=CIRCLE('',#11079,6.00000000000001);
#920=CIRCLE('',#11081,6.91750000000002);
#921=CIRCLE('',#11083,6.91750000000002);
#922=CIRCLE('',#11086,8.00000000000001);
#923=CIRCLE('',#11088,6.00000000000001);
#924=CIRCLE('',#11090,6.00000000000001);
#925=CIRCLE('',#11092,5.05300000000003);
#926=CIRCLE('',#11094,5.05300000000003);
#927=CIRCLE('',#11096,6.00000000000001);
#928=CIRCLE('',#11098,6.91750000000002);
#929=CIRCLE('',#11100,6.91750000000002);
#930=CIRCLE('',#11103,8.00000000000001);
#931=CIRCLE('',#11105,6.00000000000001);
#932=CIRCLE('',#11107,6.00000000000001);
#933=CIRCLE('',#11109,5.05300000000003);
#934=CIRCLE('',#11111,5.05300000000003);
#935=CIRCLE('',#11113,6.00000000000001);
#936=CIRCLE('',#11115,6.91750000000002);
#937=CIRCLE('',#11117,6.91750000000002);
#938=CIRCLE('',#11120,8.00000000000001);
#939=CIRCLE('',#11122,6.00000000000001);
#940=CIRCLE('',#11124,6.00000000000001);
#941=CIRCLE('',#11126,5.05300000000003);
#942=CIRCLE('',#11128,5.05300000000003);
#943=CIRCLE('',#11130,6.00000000000001);
#944=CIRCLE('',#11132,6.91750000000002);
#945=CIRCLE('',#11134,6.91750000000002);
#946=CIRCLE('',#11137,8.00000000000001);
#947=CIRCLE('',#11139,6.00000000000001);
#948=CIRCLE('',#11141,6.00000000000001);
#949=CIRCLE('',#11143,5.05300000000003);
#950=CIRCLE('',#11145,5.05300000000003);
#951=CIRCLE('',#11147,6.00000000000001);
#952=CIRCLE('',#11149,6.91750000000002);
#953=CIRCLE('',#11151,6.91750000000002);
#954=CIRCLE('',#11154,8.00000000000001);
#955=CIRCLE('',#11156,6.00000000000001);
#956=CIRCLE('',#11158,6.00000000000001);
#957=CIRCLE('',#11160,5.05300000000003);
#958=CIRCLE('',#11162,5.05300000000003);
#959=CIRCLE('',#11164,6.00000000000001);
#960=CIRCLE('',#11166,6.91750000000002);
#961=CIRCLE('',#11168,6.91750000000002);
#962=CIRCLE('',#11171,8.00000000000001);
#963=CIRCLE('',#11173,6.00000000000001);
#964=CIRCLE('',#11175,6.00000000000001);
#965=CIRCLE('',#11177,5.05300000000003);
#966=CIRCLE('',#11179,5.05300000000003);
#967=CIRCLE('',#11181,6.00000000000001);
#968=CIRCLE('',#11183,6.91750000000002);
#969=CIRCLE('',#11185,6.91750000000002);
#970=CIRCLE('',#11188,8.00000000000001);
#971=CIRCLE('',#11190,6.00000000000001);
#972=CIRCLE('',#11192,6.00000000000001);
#973=CIRCLE('',#11194,5.05300000000003);
#974=CIRCLE('',#11196,5.05300000000003);
#975=CIRCLE('',#11198,6.00000000000001);
#976=CIRCLE('',#11200,6.91750000000002);
#977=CIRCLE('',#11202,6.91750000000002);
#978=CIRCLE('',#11205,8.00000000000001);
#979=CIRCLE('',#11207,6.00000000000001);
#980=CIRCLE('',#11209,6.00000000000001);
#981=CIRCLE('',#11211,5.05300000000003);
#982=CIRCLE('',#11213,5.05300000000003);
#983=CIRCLE('',#11215,6.00000000000001);
#984=CIRCLE('',#11217,6.91750000000002);
#985=CIRCLE('',#11219,6.91750000000002);
#986=CIRCLE('',#11222,8.00000000000001);
#987=CIRCLE('',#11224,6.00000000000001);
#988=CIRCLE('',#11226,6.00000000000001);
#989=CIRCLE('',#11228,5.05300000000003);
#990=CIRCLE('',#11230,5.05300000000003);
#991=CIRCLE('',#11232,6.00000000000001);
#992=CIRCLE('',#11234,6.91750000000002);
#993=CIRCLE('',#11236,6.91750000000002);
#994=CIRCLE('',#11239,8.00000000000001);
#995=CIRCLE('',#11241,6.00000000000001);
#996=CIRCLE('',#11243,6.00000000000001);
#997=CIRCLE('',#11245,5.05300000000003);
#998=CIRCLE('',#11247,5.05300000000003);
#999=CIRCLE('',#11249,6.00000000000001);
#1000=CIRCLE('',#11251,6.91750000000002);
#1001=CIRCLE('',#11253,6.91750000000002);
#1002=CIRCLE('',#11256,8.00000000000001);
#1003=CIRCLE('',#11258,6.00000000000001);
#1004=CIRCLE('',#11260,6.00000000000001);
#1005=CIRCLE('',#11262,5.05300000000003);
#1006=CIRCLE('',#11264,5.05300000000003);
#1007=CIRCLE('',#11266,6.00000000000001);
#1008=CIRCLE('',#11268,6.91750000000002);
#1009=CIRCLE('',#11270,6.91750000000002);
#1010=CIRCLE('',#11273,8.00000000000001);
#1011=CIRCLE('',#11275,6.00000000000001);
#1012=CIRCLE('',#11277,6.00000000000001);
#1013=CIRCLE('',#11279,5.05300000000003);
#1014=CIRCLE('',#11281,5.05300000000003);
#1015=CIRCLE('',#11283,6.00000000000001);
#1016=CIRCLE('',#11285,6.91750000000002);
#1017=CIRCLE('',#11287,6.91750000000002);
#1018=CIRCLE('',#11290,8.00000000000001);
#1019=CIRCLE('',#11292,6.00000000000001);
#1020=CIRCLE('',#11294,6.00000000000001);
#1021=CIRCLE('',#11296,5.05300000000003);
#1022=CIRCLE('',#11298,5.05300000000003);
#1023=CIRCLE('',#11300,6.00000000000001);
#1024=CIRCLE('',#11302,6.91750000000002);
#1025=CIRCLE('',#11304,6.91750000000002);
#1026=CIRCLE('',#11307,8.00000000000001);
#1027=CIRCLE('',#11309,6.00000000000001);
#1028=CIRCLE('',#11311,6.00000000000001);
#1029=CIRCLE('',#11313,5.05300000000003);
#1030=CIRCLE('',#11315,5.05300000000003);
#1031=CIRCLE('',#11317,6.00000000000001);
#1032=CIRCLE('',#11319,6.91750000000002);
#1033=CIRCLE('',#11321,6.91750000000002);
#1034=CIRCLE('',#11324,8.00000000000001);
#1035=CIRCLE('',#11326,6.00000000000001);
#1036=CIRCLE('',#11328,6.00000000000001);
#1037=CIRCLE('',#11330,5.05300000000003);
#1038=CIRCLE('',#11332,5.05300000000003);
#1039=CIRCLE('',#11334,6.00000000000001);
#1040=CIRCLE('',#11336,6.91750000000002);
#1041=CIRCLE('',#11338,6.91750000000002);
#1042=CIRCLE('',#11341,8.00000000000001);
#1043=CIRCLE('',#11343,6.00000000000001);
#1044=CIRCLE('',#11345,6.00000000000001);
#1045=CIRCLE('',#11347,5.05300000000003);
#1046=CIRCLE('',#11349,5.05300000000003);
#1047=CIRCLE('',#11351,6.00000000000001);
#1048=CIRCLE('',#11353,6.91750000000002);
#1049=CIRCLE('',#11355,6.91750000000002);
#1050=CIRCLE('',#11358,8.00000000000001);
#1051=CIRCLE('',#11360,6.00000000000001);
#1052=CIRCLE('',#11362,6.00000000000001);
#1053=CIRCLE('',#11364,5.05300000000003);
#1054=CIRCLE('',#11366,5.05300000000003);
#1055=CIRCLE('',#11368,6.00000000000001);
#1056=CIRCLE('',#11370,6.91750000000002);
#1057=CIRCLE('',#11372,6.91750000000002);
#1058=CIRCLE('',#11375,8.00000000000001);
#1059=CIRCLE('',#11377,6.00000000000001);
#1060=CIRCLE('',#11379,6.00000000000001);
#1061=CIRCLE('',#11381,5.05300000000003);
#1062=CIRCLE('',#11383,5.05300000000003);
#1063=CIRCLE('',#11385,6.00000000000001);
#1064=CIRCLE('',#11387,6.91750000000002);
#1065=CIRCLE('',#11389,6.91750000000002);
#1066=CIRCLE('',#11392,8.00000000000001);
#1067=CIRCLE('',#11394,6.00000000000001);
#1068=CIRCLE('',#11396,6.00000000000001);
#1069=CIRCLE('',#11398,5.05300000000003);
#1070=CIRCLE('',#11400,5.05300000000003);
#1071=CIRCLE('',#11402,6.00000000000001);
#1072=CIRCLE('',#11404,6.91750000000002);
#1073=CIRCLE('',#11406,6.91750000000002);
#1074=CIRCLE('',#11409,8.00000000000001);
#1075=CIRCLE('',#11411,6.00000000000001);
#1076=CIRCLE('',#11413,6.00000000000001);
#1077=CIRCLE('',#11415,5.05300000000003);
#1078=CIRCLE('',#11417,5.05300000000003);
#1079=CIRCLE('',#11419,6.00000000000001);
#1080=CIRCLE('',#11421,6.91750000000002);
#1081=CIRCLE('',#11423,6.91750000000002);
#1082=CIRCLE('',#11426,8.00000000000001);
#1083=CIRCLE('',#11428,6.00000000000001);
#1084=CIRCLE('',#11430,6.00000000000001);
#1085=CIRCLE('',#11432,5.05300000000003);
#1086=CIRCLE('',#11434,5.05300000000003);
#1087=CIRCLE('',#11436,6.00000000000001);
#1088=CIRCLE('',#11438,6.91750000000002);
#1089=CIRCLE('',#11440,6.91750000000002);
#1090=CIRCLE('',#11443,8.00000000000001);
#1091=CIRCLE('',#11445,6.00000000000001);
#1092=CIRCLE('',#11447,6.00000000000001);
#1093=CIRCLE('',#11449,5.05300000000003);
#1094=CIRCLE('',#11451,5.05300000000003);
#1095=CIRCLE('',#11453,6.00000000000001);
#1096=CIRCLE('',#11455,6.91750000000002);
#1097=CIRCLE('',#11457,6.91750000000002);
#1098=CIRCLE('',#11460,8.00000000000001);
#1099=CIRCLE('',#11462,6.00000000000001);
#1100=CIRCLE('',#11464,6.00000000000001);
#1101=CIRCLE('',#11466,5.05300000000003);
#1102=CIRCLE('',#11468,5.05300000000003);
#1103=CIRCLE('',#11470,6.00000000000001);
#1104=CIRCLE('',#11472,6.91750000000002);
#1105=CIRCLE('',#11474,6.91750000000002);
#1106=CIRCLE('',#11477,8.00000000000001);
#1107=CIRCLE('',#11479,6.00000000000001);
#1108=CIRCLE('',#11481,6.00000000000001);
#1109=CIRCLE('',#11483,5.05300000000003);
#1110=CIRCLE('',#11485,5.05300000000003);
#1111=CIRCLE('',#11487,6.00000000000001);
#1112=CIRCLE('',#11489,6.91750000000002);
#1113=CIRCLE('',#11491,6.91750000000002);
#1114=CIRCLE('',#11494,8.00000000000001);
#1115=CIRCLE('',#11496,6.00000000000001);
#1116=CIRCLE('',#11498,6.00000000000001);
#1117=CIRCLE('',#11500,5.05300000000003);
#1118=CIRCLE('',#11502,5.05300000000003);
#1119=CIRCLE('',#11504,6.00000000000001);
#1120=CIRCLE('',#11506,6.91750000000002);
#1121=CIRCLE('',#11508,6.91750000000002);
#1122=CIRCLE('',#11511,8.00000000000001);
#1123=CIRCLE('',#11513,6.00000000000001);
#1124=CIRCLE('',#11515,6.00000000000001);
#1125=CIRCLE('',#11517,5.05300000000003);
#1126=CIRCLE('',#11519,5.05300000000003);
#1127=CIRCLE('',#11521,6.00000000000001);
#1128=CIRCLE('',#11523,6.91750000000002);
#1129=CIRCLE('',#11525,6.91750000000002);
#1130=CIRCLE('',#11528,8.00000000000001);
#1131=CIRCLE('',#11530,6.00000000000001);
#1132=CIRCLE('',#11532,6.00000000000001);
#1133=CIRCLE('',#11534,5.05300000000003);
#1134=CIRCLE('',#11536,5.05300000000003);
#1135=CIRCLE('',#11538,6.00000000000001);
#1136=CIRCLE('',#11540,6.91750000000002);
#1137=CIRCLE('',#11542,6.91750000000002);
#1138=CIRCLE('',#11545,8.00000000000001);
#1139=CIRCLE('',#11547,6.00000000000001);
#1140=CIRCLE('',#11549,6.00000000000001);
#1141=CIRCLE('',#11551,5.05300000000003);
#1142=CIRCLE('',#11553,5.05300000000003);
#1143=CIRCLE('',#11555,6.00000000000001);
#1144=CIRCLE('',#11557,6.91750000000002);
#1145=CIRCLE('',#11559,6.91750000000002);
#1146=CIRCLE('',#11562,8.00000000000001);
#1147=CIRCLE('',#11564,6.00000000000001);
#1148=CIRCLE('',#11566,6.00000000000001);
#1149=CIRCLE('',#11568,5.05300000000003);
#1150=CIRCLE('',#11570,5.05300000000003);
#1151=CIRCLE('',#11572,6.00000000000001);
#1152=CIRCLE('',#11574,6.91750000000002);
#1153=CIRCLE('',#11576,6.91750000000002);
#1154=CIRCLE('',#11579,8.00000000000001);
#1155=CIRCLE('',#11581,6.00000000000001);
#1156=CIRCLE('',#11583,6.00000000000001);
#1157=CIRCLE('',#11585,5.05300000000003);
#1158=CIRCLE('',#11587,5.05300000000003);
#1159=CIRCLE('',#11589,6.00000000000001);
#1160=CIRCLE('',#11591,6.91750000000002);
#1161=CIRCLE('',#11593,6.91750000000002);
#1162=CIRCLE('',#11596,8.00000000000001);
#1163=CIRCLE('',#11598,6.00000000000001);
#1164=CIRCLE('',#11600,6.00000000000001);
#1165=CIRCLE('',#11602,5.05300000000003);
#1166=CIRCLE('',#11604,5.05300000000003);
#1167=CIRCLE('',#11606,6.00000000000001);
#1168=CIRCLE('',#11608,6.91750000000002);
#1169=CIRCLE('',#11610,6.91750000000002);
#1170=CIRCLE('',#11613,8.00000000000001);
#1171=CIRCLE('',#11615,6.00000000000001);
#1172=CIRCLE('',#11617,6.00000000000001);
#1173=CIRCLE('',#11619,5.05300000000003);
#1174=CIRCLE('',#11621,5.05300000000003);
#1175=CIRCLE('',#11623,6.00000000000001);
#1176=CIRCLE('',#11625,6.91750000000002);
#1177=CIRCLE('',#11627,6.91750000000002);
#1178=CIRCLE('',#11630,8.00000000000001);
#1179=CIRCLE('',#11632,6.00000000000001);
#1180=CIRCLE('',#11634,6.00000000000001);
#1181=CIRCLE('',#11636,5.05300000000003);
#1182=CIRCLE('',#11638,5.05300000000003);
#1183=CIRCLE('',#11640,6.00000000000001);
#1184=CIRCLE('',#11642,6.91750000000002);
#1185=CIRCLE('',#11644,6.91750000000002);
#1186=CIRCLE('',#11647,8.00000000000001);
#1187=CIRCLE('',#11649,6.00000000000001);
#1188=CIRCLE('',#11651,6.00000000000001);
#1189=CIRCLE('',#11653,5.05300000000003);
#1190=CIRCLE('',#11655,5.05300000000003);
#1191=CIRCLE('',#11657,6.00000000000001);
#1192=CIRCLE('',#11659,6.91750000000002);
#1193=CIRCLE('',#11661,6.91750000000002);
#1194=CIRCLE('',#11664,8.00000000000001);
#1195=CIRCLE('',#11666,6.00000000000001);
#1196=CIRCLE('',#11668,6.00000000000001);
#1197=CIRCLE('',#11670,5.05300000000003);
#1198=CIRCLE('',#11672,5.05300000000003);
#1199=CIRCLE('',#11674,6.00000000000001);
#1200=CIRCLE('',#11676,6.91750000000002);
#1201=CIRCLE('',#11678,6.91750000000002);
#1202=CIRCLE('',#11681,8.00000000000001);
#1203=CIRCLE('',#11683,6.00000000000001);
#1204=CIRCLE('',#11685,6.00000000000001);
#1205=CIRCLE('',#11687,5.05300000000003);
#1206=CIRCLE('',#11689,5.05300000000003);
#1207=CIRCLE('',#11691,6.00000000000001);
#1208=CIRCLE('',#11693,6.91750000000002);
#1209=CIRCLE('',#11695,6.91750000000002);
#1210=CIRCLE('',#11698,8.00000000000001);
#1211=CIRCLE('',#11700,6.00000000000001);
#1212=CIRCLE('',#11702,6.00000000000001);
#1213=CIRCLE('',#11704,5.05300000000003);
#1214=CIRCLE('',#11706,5.05300000000003);
#1215=CIRCLE('',#11708,6.00000000000001);
#1216=CIRCLE('',#11710,6.91750000000002);
#1217=CIRCLE('',#11712,6.91750000000002);
#1218=CIRCLE('',#11715,8.00000000000001);
#1219=CIRCLE('',#11717,6.00000000000001);
#1220=CIRCLE('',#11719,6.00000000000001);
#1221=CIRCLE('',#11721,5.05300000000003);
#1222=CIRCLE('',#11723,5.05300000000003);
#1223=CIRCLE('',#11725,6.00000000000001);
#1224=CIRCLE('',#11727,6.91750000000002);
#1225=CIRCLE('',#11729,6.91750000000002);
#1226=CIRCLE('',#11732,8.00000000000001);
#1227=CIRCLE('',#11734,6.00000000000001);
#1228=CIRCLE('',#11736,6.00000000000001);
#1229=CIRCLE('',#11738,5.05300000000003);
#1230=CIRCLE('',#11740,5.05300000000003);
#1231=CIRCLE('',#11742,6.00000000000001);
#1232=CIRCLE('',#11744,6.91750000000002);
#1233=CIRCLE('',#11746,6.91750000000002);
#1234=CIRCLE('',#11749,8.00000000000001);
#1235=CIRCLE('',#11751,6.00000000000001);
#1236=CIRCLE('',#11753,6.00000000000001);
#1237=CIRCLE('',#11755,5.05300000000003);
#1238=CIRCLE('',#11757,5.05300000000003);
#1239=CIRCLE('',#11759,6.00000000000001);
#1240=CIRCLE('',#11761,6.91750000000002);
#1241=CIRCLE('',#11763,6.91750000000002);
#1242=CIRCLE('',#11766,8.00000000000001);
#1243=CIRCLE('',#11768,6.00000000000001);
#1244=CIRCLE('',#11770,6.00000000000001);
#1245=CIRCLE('',#11772,5.05300000000003);
#1246=CIRCLE('',#11774,5.05300000000003);
#1247=CIRCLE('',#11776,6.00000000000001);
#1248=CIRCLE('',#11778,6.91750000000002);
#1249=CIRCLE('',#11780,6.91750000000002);
#1250=CIRCLE('',#11783,8.00000000000001);
#1251=CIRCLE('',#11785,6.00000000000001);
#1252=CIRCLE('',#11787,6.00000000000001);
#1253=CIRCLE('',#11789,5.05300000000003);
#1254=CIRCLE('',#11791,5.05300000000003);
#1255=CIRCLE('',#11793,6.00000000000001);
#1256=CIRCLE('',#11795,6.91750000000002);
#1257=CIRCLE('',#11797,6.91750000000002);
#1258=CIRCLE('',#11800,8.00000000000001);
#1259=CIRCLE('',#11802,6.00000000000001);
#1260=CIRCLE('',#11804,6.00000000000001);
#1261=CIRCLE('',#11806,5.05300000000003);
#1262=CIRCLE('',#11808,5.05300000000003);
#1263=CIRCLE('',#11810,6.00000000000001);
#1264=CIRCLE('',#11812,6.91750000000002);
#1265=CIRCLE('',#11814,6.91750000000002);
#1266=CIRCLE('',#11817,8.00000000000001);
#1267=CIRCLE('',#11819,6.00000000000001);
#1268=CIRCLE('',#11821,6.00000000000001);
#1269=CIRCLE('',#11823,5.05300000000003);
#1270=CIRCLE('',#11825,5.05300000000003);
#1271=CIRCLE('',#11827,6.00000000000001);
#1272=CIRCLE('',#11829,6.91750000000002);
#1273=CIRCLE('',#11831,6.91750000000002);
#1274=CIRCLE('',#11834,8.00000000000001);
#1275=CIRCLE('',#11836,6.00000000000001);
#1276=CIRCLE('',#11838,6.00000000000001);
#1277=CIRCLE('',#11840,5.05300000000003);
#1278=CIRCLE('',#11842,5.05300000000003);
#1279=CIRCLE('',#11844,6.00000000000001);
#1280=CIRCLE('',#11846,6.91750000000002);
#1281=CIRCLE('',#11848,6.91750000000002);
#1282=CIRCLE('',#11851,8.00000000000001);
#1283=CIRCLE('',#11853,6.00000000000001);
#1284=CIRCLE('',#11855,6.00000000000001);
#1285=CIRCLE('',#11857,5.05300000000003);
#1286=CIRCLE('',#11859,5.05300000000003);
#1287=CIRCLE('',#11861,6.00000000000001);
#1288=CIRCLE('',#11863,6.91750000000002);
#1289=CIRCLE('',#11865,6.91750000000002);
#1290=CIRCLE('',#11868,8.00000000000001);
#1291=CIRCLE('',#11870,6.00000000000001);
#1292=CIRCLE('',#11872,6.00000000000001);
#1293=CIRCLE('',#11874,5.05300000000003);
#1294=CIRCLE('',#11876,5.05300000000003);
#1295=CIRCLE('',#11878,6.00000000000001);
#1296=CIRCLE('',#11880,6.91750000000002);
#1297=CIRCLE('',#11882,6.91750000000002);
#1298=CIRCLE('',#11885,8.00000000000001);
#1299=CIRCLE('',#11887,6.00000000000001);
#1300=CIRCLE('',#11889,6.00000000000001);
#1301=CIRCLE('',#11891,5.05300000000003);
#1302=CIRCLE('',#11893,5.05300000000003);
#1303=CIRCLE('',#11895,6.00000000000001);
#1304=CIRCLE('',#11897,6.91750000000002);
#1305=CIRCLE('',#11899,6.91750000000002);
#1306=CIRCLE('',#11902,8.00000000000001);
#1307=CIRCLE('',#11904,6.00000000000001);
#1308=CIRCLE('',#11906,6.00000000000001);
#1309=CIRCLE('',#11908,5.05300000000003);
#1310=CIRCLE('',#11910,5.05300000000003);
#1311=CIRCLE('',#11912,6.00000000000001);
#1312=CIRCLE('',#11914,6.91750000000002);
#1313=CIRCLE('',#11916,6.91750000000002);
#1314=CIRCLE('',#11919,8.00000000000001);
#1315=CIRCLE('',#11921,6.00000000000001);
#1316=CIRCLE('',#11923,6.00000000000001);
#1317=CIRCLE('',#11925,5.05300000000003);
#1318=CIRCLE('',#11927,5.05300000000003);
#1319=CIRCLE('',#11929,6.00000000000001);
#1320=CIRCLE('',#11931,6.91750000000002);
#1321=CIRCLE('',#11933,6.91750000000002);
#1322=CIRCLE('',#11936,8.00000000000001);
#1323=CIRCLE('',#11938,6.00000000000001);
#1324=CIRCLE('',#11940,6.00000000000001);
#1325=CIRCLE('',#11942,5.05300000000003);
#1326=CIRCLE('',#11944,5.05300000000003);
#1327=CIRCLE('',#11946,6.00000000000001);
#1328=CIRCLE('',#11948,6.91750000000002);
#1329=CIRCLE('',#11950,6.91750000000002);
#1330=CIRCLE('',#11953,8.00000000000001);
#1331=CIRCLE('',#11955,6.00000000000001);
#1332=CIRCLE('',#11957,6.00000000000001);
#1333=CIRCLE('',#11959,5.05300000000003);
#1334=CIRCLE('',#11961,5.05300000000003);
#1335=CIRCLE('',#11963,6.00000000000001);
#1336=CIRCLE('',#11965,6.91750000000002);
#1337=CIRCLE('',#11967,6.91750000000002);
#1338=CIRCLE('',#11970,8.00000000000001);
#1339=CIRCLE('',#11972,6.00000000000001);
#1340=CIRCLE('',#11974,6.00000000000001);
#1341=CIRCLE('',#11976,5.05300000000003);
#1342=CIRCLE('',#11978,5.05300000000003);
#1343=CIRCLE('',#11980,6.00000000000001);
#1344=CIRCLE('',#11982,6.91750000000002);
#1345=CIRCLE('',#11984,6.91750000000002);
#1346=CIRCLE('',#11987,8.00000000000001);
#1347=CIRCLE('',#11989,6.00000000000001);
#1348=CIRCLE('',#11991,6.00000000000001);
#1349=CIRCLE('',#11993,5.05300000000003);
#1350=CIRCLE('',#11995,5.05300000000003);
#1351=CIRCLE('',#11997,6.00000000000001);
#1352=CIRCLE('',#11999,6.91750000000002);
#1353=CIRCLE('',#12001,6.91750000000002);
#1354=CIRCLE('',#12004,8.00000000000001);
#1355=CIRCLE('',#12006,6.00000000000001);
#1356=CIRCLE('',#12008,6.00000000000001);
#1357=CIRCLE('',#12010,5.05300000000003);
#1358=CIRCLE('',#12012,5.05300000000003);
#1359=CIRCLE('',#12014,6.00000000000001);
#1360=CIRCLE('',#12016,6.91750000000002);
#1361=CIRCLE('',#12018,6.91750000000002);
#1362=CIRCLE('',#12021,8.00000000000001);
#1363=CIRCLE('',#12023,6.00000000000001);
#1364=CIRCLE('',#12025,6.00000000000001);
#1365=CIRCLE('',#12027,5.05300000000003);
#1366=CIRCLE('',#12029,5.05300000000003);
#1367=CIRCLE('',#12031,6.00000000000001);
#1368=CIRCLE('',#12033,6.91750000000002);
#1369=CIRCLE('',#12035,6.91750000000002);
#1370=CIRCLE('',#12038,8.00000000000001);
#1371=CIRCLE('',#12040,6.00000000000001);
#1372=CIRCLE('',#12042,6.00000000000001);
#1373=CIRCLE('',#12044,5.05300000000003);
#1374=CIRCLE('',#12046,5.05300000000003);
#1375=CIRCLE('',#12048,6.00000000000001);
#1376=CIRCLE('',#12050,6.91750000000002);
#1377=CIRCLE('',#12052,6.91750000000002);
#1378=CIRCLE('',#12055,8.00000000000001);
#1379=CIRCLE('',#12057,6.00000000000001);
#1380=CIRCLE('',#12059,6.00000000000001);
#1381=CIRCLE('',#12061,5.05300000000003);
#1382=CIRCLE('',#12063,5.05300000000003);
#1383=CIRCLE('',#12065,6.00000000000001);
#1384=CIRCLE('',#12067,6.91750000000002);
#1385=CIRCLE('',#12069,6.91750000000002);
#1386=CIRCLE('',#12072,8.00000000000001);
#1387=CIRCLE('',#12074,6.00000000000001);
#1388=CIRCLE('',#12076,6.00000000000001);
#1389=CIRCLE('',#12078,5.05300000000003);
#1390=CIRCLE('',#12080,5.05300000000003);
#1391=CIRCLE('',#12082,6.00000000000001);
#1392=CIRCLE('',#12084,6.91750000000002);
#1393=CIRCLE('',#12086,6.91750000000002);
#1394=CIRCLE('',#12089,8.00000000000001);
#1395=CIRCLE('',#12091,6.00000000000001);
#1396=CIRCLE('',#12093,6.00000000000001);
#1397=CIRCLE('',#12095,5.05300000000003);
#1398=CIRCLE('',#12097,5.05300000000003);
#1399=CIRCLE('',#12099,6.00000000000001);
#1400=CIRCLE('',#12101,6.91750000000002);
#1401=CIRCLE('',#12103,6.91750000000002);
#1402=CIRCLE('',#12106,8.00000000000001);
#1403=CIRCLE('',#12108,6.00000000000001);
#1404=CIRCLE('',#12110,6.00000000000001);
#1405=CIRCLE('',#12112,5.05300000000003);
#1406=CIRCLE('',#12114,5.05300000000003);
#1407=CIRCLE('',#12116,6.00000000000001);
#1408=CIRCLE('',#12118,6.91750000000002);
#1409=CIRCLE('',#12120,6.91750000000002);
#1410=CIRCLE('',#12123,8.00000000000001);
#1411=CIRCLE('',#12125,6.00000000000001);
#1412=CIRCLE('',#12127,6.00000000000001);
#1413=CIRCLE('',#12129,5.05300000000003);
#1414=CIRCLE('',#12131,5.05300000000003);
#1415=CIRCLE('',#12133,6.00000000000001);
#1416=CIRCLE('',#12135,6.91750000000002);
#1417=CIRCLE('',#12137,6.91750000000002);
#1418=CIRCLE('',#12140,8.00000000000001);
#1419=CIRCLE('',#12142,6.00000000000001);
#1420=CIRCLE('',#12144,6.00000000000001);
#1421=CIRCLE('',#12146,5.05300000000003);
#1422=CIRCLE('',#12148,5.05300000000003);
#1423=CIRCLE('',#12150,6.00000000000001);
#1424=CIRCLE('',#12152,6.91750000000002);
#1425=CIRCLE('',#12154,6.91750000000002);
#1426=CIRCLE('',#12157,8.00000000000001);
#1427=CIRCLE('',#12159,6.00000000000001);
#1428=CIRCLE('',#12161,6.00000000000001);
#1429=CIRCLE('',#12163,5.05300000000003);
#1430=CIRCLE('',#12165,5.05300000000003);
#1431=CIRCLE('',#12167,6.00000000000001);
#1432=CIRCLE('',#12169,6.91750000000002);
#1433=CIRCLE('',#12171,6.91750000000002);
#1434=CIRCLE('',#12174,8.00000000000001);
#1435=CIRCLE('',#12176,6.00000000000001);
#1436=CIRCLE('',#12178,6.00000000000001);
#1437=CIRCLE('',#12180,5.05300000000003);
#1438=CIRCLE('',#12182,5.05300000000003);
#1439=CIRCLE('',#12184,6.00000000000001);
#1440=CIRCLE('',#12186,6.91750000000002);
#1441=CIRCLE('',#12188,6.91750000000002);
#1442=CIRCLE('',#12191,8.00000000000001);
#1443=CIRCLE('',#12193,6.00000000000001);
#1444=CIRCLE('',#12195,6.00000000000001);
#1445=CIRCLE('',#12197,5.05300000000003);
#1446=CIRCLE('',#12199,5.05300000000003);
#1447=CIRCLE('',#12201,6.00000000000001);
#1448=CIRCLE('',#12203,6.91750000000002);
#1449=CIRCLE('',#12205,6.91750000000002);
#1450=CIRCLE('',#12208,8.00000000000001);
#1451=CIRCLE('',#12210,6.00000000000001);
#1452=CIRCLE('',#12212,6.00000000000001);
#1453=CIRCLE('',#12214,5.05300000000003);
#1454=CIRCLE('',#12216,5.05300000000003);
#1455=CIRCLE('',#12218,6.00000000000001);
#1456=CIRCLE('',#12220,6.91750000000002);
#1457=CIRCLE('',#12222,6.91750000000002);
#1458=CIRCLE('',#12225,8.00000000000001);
#1459=CIRCLE('',#12227,6.00000000000001);
#1460=CIRCLE('',#12229,6.00000000000001);
#1461=CIRCLE('',#12231,5.05300000000003);
#1462=CIRCLE('',#12233,5.05300000000003);
#1463=CIRCLE('',#12235,6.00000000000001);
#1464=CIRCLE('',#12237,6.91750000000002);
#1465=CIRCLE('',#12239,6.91750000000002);
#1466=CIRCLE('',#12242,8.00000000000001);
#1467=CIRCLE('',#12244,6.00000000000001);
#1468=CIRCLE('',#12246,6.00000000000001);
#1469=CIRCLE('',#12248,5.05300000000003);
#1470=CIRCLE('',#12250,5.05300000000003);
#1471=CIRCLE('',#12252,6.00000000000001);
#1472=CIRCLE('',#12254,6.91750000000002);
#1473=CIRCLE('',#12256,6.91750000000002);
#1474=CIRCLE('',#12259,8.00000000000001);
#1475=CIRCLE('',#12261,6.00000000000001);
#1476=CIRCLE('',#12263,6.00000000000001);
#1477=CIRCLE('',#12265,5.05300000000003);
#1478=CIRCLE('',#12267,5.05300000000003);
#1479=CIRCLE('',#12269,6.00000000000001);
#1480=CIRCLE('',#12271,6.91750000000002);
#1481=CIRCLE('',#12273,6.91750000000002);
#1482=CIRCLE('',#12276,8.00000000000001);
#1483=CIRCLE('',#12278,6.00000000000001);
#1484=CIRCLE('',#12280,6.00000000000001);
#1485=CIRCLE('',#12282,5.05300000000003);
#1486=CIRCLE('',#12284,5.05300000000003);
#1487=CIRCLE('',#12286,6.00000000000001);
#1488=CIRCLE('',#12288,6.91750000000002);
#1489=CIRCLE('',#12290,6.91750000000002);
#1490=CIRCLE('',#12293,8.00000000000001);
#1491=CIRCLE('',#12295,6.00000000000001);
#1492=CIRCLE('',#12297,6.00000000000001);
#1493=CIRCLE('',#12299,5.05300000000003);
#1494=CIRCLE('',#12301,5.05300000000003);
#1495=CIRCLE('',#12303,6.00000000000001);
#1496=CIRCLE('',#12305,6.91750000000002);
#1497=CIRCLE('',#12307,6.91750000000002);
#1498=CIRCLE('',#12310,8.00000000000001);
#1499=CIRCLE('',#12312,6.00000000000001);
#1500=CIRCLE('',#12314,6.00000000000001);
#1501=CIRCLE('',#12316,5.05300000000003);
#1502=CIRCLE('',#12318,5.05300000000003);
#1503=CIRCLE('',#12320,6.00000000000001);
#1504=CIRCLE('',#12322,6.91750000000002);
#1505=CIRCLE('',#12324,6.91750000000002);
#1506=CIRCLE('',#12327,8.00000000000001);
#1507=CIRCLE('',#12329,6.00000000000001);
#1508=CIRCLE('',#12331,6.00000000000001);
#1509=CIRCLE('',#12333,5.05300000000003);
#1510=CIRCLE('',#12335,5.05300000000003);
#1511=CIRCLE('',#12337,6.00000000000001);
#1512=CIRCLE('',#12339,6.91750000000002);
#1513=CIRCLE('',#12341,6.91750000000002);
#1514=CIRCLE('',#12344,8.00000000000001);
#1515=CIRCLE('',#12346,6.00000000000001);
#1516=CIRCLE('',#12348,6.00000000000001);
#1517=CIRCLE('',#12350,5.05300000000003);
#1518=CIRCLE('',#12352,5.05300000000003);
#1519=CIRCLE('',#12354,6.00000000000001);
#1520=CIRCLE('',#12356,6.91750000000002);
#1521=CIRCLE('',#12358,6.91750000000002);
#1522=CIRCLE('',#12361,8.00000000000001);
#1523=CIRCLE('',#12363,6.00000000000001);
#1524=CIRCLE('',#12365,6.00000000000001);
#1525=CIRCLE('',#12367,5.05300000000003);
#1526=CIRCLE('',#12369,5.05300000000003);
#1527=CIRCLE('',#12371,6.00000000000001);
#1528=CIRCLE('',#12373,6.91750000000002);
#1529=CIRCLE('',#12375,6.91750000000002);
#1530=CIRCLE('',#12378,8.00000000000001);
#1531=CIRCLE('',#12380,6.00000000000001);
#1532=CIRCLE('',#12382,6.00000000000001);
#1533=CIRCLE('',#12384,5.05300000000003);
#1534=CIRCLE('',#12386,5.05300000000003);
#1535=CIRCLE('',#12388,6.00000000000001);
#1536=CIRCLE('',#12390,6.91750000000002);
#1537=CIRCLE('',#12392,6.91750000000002);
#1538=CIRCLE('',#12395,8.00000000000001);
#1539=CIRCLE('',#12397,6.00000000000001);
#1540=CIRCLE('',#12399,6.00000000000001);
#1541=CIRCLE('',#12401,5.05300000000003);
#1542=CIRCLE('',#12403,5.05300000000003);
#1543=CIRCLE('',#12405,6.00000000000001);
#1544=CIRCLE('',#12407,6.91750000000002);
#1545=CIRCLE('',#12409,6.91750000000002);
#1546=CIRCLE('',#12412,8.00000000000001);
#1547=CIRCLE('',#12414,6.00000000000001);
#1548=CIRCLE('',#12416,6.00000000000001);
#1549=CIRCLE('',#12418,5.05300000000003);
#1550=CIRCLE('',#12420,5.05300000000003);
#1551=CIRCLE('',#12422,6.00000000000001);
#1552=CIRCLE('',#12424,6.91750000000002);
#1553=CIRCLE('',#12426,6.91750000000002);
#1554=CIRCLE('',#12429,8.00000000000001);
#1555=CIRCLE('',#12431,6.00000000000001);
#1556=CIRCLE('',#12433,6.00000000000001);
#1557=CIRCLE('',#12435,5.05300000000003);
#1558=CIRCLE('',#12437,5.05300000000003);
#1559=CIRCLE('',#12439,6.00000000000001);
#1560=CIRCLE('',#12441,6.91750000000002);
#1561=CIRCLE('',#12443,6.91750000000002);
#1562=CIRCLE('',#12446,8.00000000000001);
#1563=CIRCLE('',#12448,6.00000000000001);
#1564=CIRCLE('',#12450,6.00000000000001);
#1565=CIRCLE('',#12452,5.05300000000003);
#1566=CIRCLE('',#12454,5.05300000000003);
#1567=CIRCLE('',#12456,6.00000000000001);
#1568=CIRCLE('',#12458,6.91750000000002);
#1569=CIRCLE('',#12460,6.91750000000002);
#1570=CIRCLE('',#12463,8.00000000000001);
#1571=CIRCLE('',#12465,6.00000000000001);
#1572=CIRCLE('',#12467,6.00000000000001);
#1573=CIRCLE('',#12469,5.05300000000003);
#1574=CIRCLE('',#12471,5.05300000000003);
#1575=CIRCLE('',#12473,6.00000000000001);
#1576=CIRCLE('',#12475,6.91750000000002);
#1577=CIRCLE('',#12477,6.91750000000002);
#1578=CIRCLE('',#12480,8.00000000000001);
#1579=CIRCLE('',#12482,6.00000000000001);
#1580=CIRCLE('',#12484,6.00000000000001);
#1581=CIRCLE('',#12486,5.05300000000003);
#1582=CIRCLE('',#12488,5.05300000000003);
#1583=CIRCLE('',#12490,6.00000000000001);
#1584=CIRCLE('',#12492,6.91750000000002);
#1585=CIRCLE('',#12494,6.91750000000002);
#1586=CIRCLE('',#12497,8.00000000000001);
#1587=CIRCLE('',#12499,6.00000000000001);
#1588=CIRCLE('',#12501,6.00000000000001);
#1589=CIRCLE('',#12503,5.05300000000003);
#1590=CIRCLE('',#12505,5.05300000000003);
#1591=CIRCLE('',#12507,6.00000000000001);
#1592=CIRCLE('',#12509,6.91750000000002);
#1593=CIRCLE('',#12511,6.91750000000002);
#1594=CIRCLE('',#12514,8.00000000000001);
#1595=CIRCLE('',#12516,6.00000000000001);
#1596=CIRCLE('',#12518,6.00000000000001);
#1597=CIRCLE('',#12520,5.05300000000003);
#1598=CIRCLE('',#12522,5.05300000000003);
#1599=CIRCLE('',#12524,6.00000000000001);
#1600=CIRCLE('',#12526,6.91750000000002);
#1601=CIRCLE('',#12528,6.91750000000002);
#1602=CIRCLE('',#12531,8.00000000000001);
#1603=CIRCLE('',#12533,6.00000000000001);
#1604=CIRCLE('',#12535,6.00000000000001);
#1605=CIRCLE('',#12537,5.05300000000003);
#1606=CIRCLE('',#12539,5.05300000000003);
#1607=CIRCLE('',#12541,6.00000000000001);
#1608=CIRCLE('',#12543,6.91750000000002);
#1609=CIRCLE('',#12545,6.91750000000002);
#1610=CIRCLE('',#12548,8.00000000000001);
#1611=CIRCLE('',#12550,6.00000000000001);
#1612=CIRCLE('',#12552,6.00000000000001);
#1613=CIRCLE('',#12554,5.05300000000003);
#1614=CIRCLE('',#12556,5.05300000000003);
#1615=CIRCLE('',#12558,6.00000000000001);
#1616=CIRCLE('',#12560,6.91750000000002);
#1617=CIRCLE('',#12562,6.91750000000002);
#1618=CIRCLE('',#12565,8.00000000000001);
#1619=CIRCLE('',#12567,6.00000000000001);
#1620=CIRCLE('',#12569,6.00000000000001);
#1621=CIRCLE('',#12571,5.05300000000003);
#1622=CIRCLE('',#12573,5.05300000000003);
#1623=CIRCLE('',#12575,6.00000000000001);
#1624=CIRCLE('',#12577,6.91750000000002);
#1625=CIRCLE('',#12579,6.91750000000002);
#1626=CIRCLE('',#12582,8.00000000000001);
#1627=CIRCLE('',#12584,6.00000000000001);
#1628=CIRCLE('',#12586,6.00000000000001);
#1629=CIRCLE('',#12588,5.05300000000003);
#1630=CIRCLE('',#12590,5.05300000000003);
#1631=CIRCLE('',#12592,6.00000000000001);
#1632=CIRCLE('',#12594,6.91750000000002);
#1633=CIRCLE('',#12596,6.91750000000002);
#1634=CIRCLE('',#12599,8.00000000000001);
#1635=CIRCLE('',#12601,6.00000000000001);
#1636=CIRCLE('',#12603,6.00000000000001);
#1637=CIRCLE('',#12605,5.05300000000003);
#1638=CIRCLE('',#12607,5.05300000000003);
#1639=CIRCLE('',#12609,6.00000000000001);
#1640=CIRCLE('',#12611,6.91750000000002);
#1641=CIRCLE('',#12613,6.91750000000002);
#1642=CIRCLE('',#12616,8.00000000000001);
#1643=CIRCLE('',#12618,6.00000000000001);
#1644=CIRCLE('',#12620,6.00000000000001);
#1645=CIRCLE('',#12622,5.05300000000003);
#1646=CIRCLE('',#12624,5.05300000000003);
#1647=CIRCLE('',#12626,6.00000000000001);
#1648=CIRCLE('',#12628,6.91750000000002);
#1649=CIRCLE('',#12630,6.91750000000002);
#1650=CIRCLE('',#12633,8.00000000000001);
#1651=CIRCLE('',#12635,6.00000000000001);
#1652=CIRCLE('',#12637,6.00000000000001);
#1653=CIRCLE('',#12639,5.05300000000003);
#1654=CIRCLE('',#12641,5.05300000000003);
#1655=CIRCLE('',#12643,6.00000000000001);
#1656=CIRCLE('',#12645,6.91750000000002);
#1657=CIRCLE('',#12647,6.91750000000002);
#1658=ORIENTED_EDGE('',*,*,#3682,.T.);
#1659=ORIENTED_EDGE('',*,*,#3683,.T.);
#1660=ORIENTED_EDGE('',*,*,#3684,.T.);
#1661=ORIENTED_EDGE('',*,*,#3685,.T.);
#1662=ORIENTED_EDGE('',*,*,#3686,.T.);
#1663=ORIENTED_EDGE('',*,*,#3687,.T.);
#1664=ORIENTED_EDGE('',*,*,#3688,.T.);
#1665=ORIENTED_EDGE('',*,*,#3689,.T.);
#1666=ORIENTED_EDGE('',*,*,#3690,.T.);
#1667=ORIENTED_EDGE('',*,*,#3691,.T.);
#1668=ORIENTED_EDGE('',*,*,#3692,.T.);
#1669=ORIENTED_EDGE('',*,*,#3693,.T.);
#1670=ORIENTED_EDGE('',*,*,#3694,.T.);
#1671=ORIENTED_EDGE('',*,*,#3695,.T.);
#1672=ORIENTED_EDGE('',*,*,#3696,.T.);
#1673=ORIENTED_EDGE('',*,*,#3697,.T.);
#1674=ORIENTED_EDGE('',*,*,#3698,.T.);
#1675=ORIENTED_EDGE('',*,*,#3699,.T.);
#1676=ORIENTED_EDGE('',*,*,#3700,.T.);
#1677=ORIENTED_EDGE('',*,*,#3701,.T.);
#1678=ORIENTED_EDGE('',*,*,#3702,.T.);
#1679=ORIENTED_EDGE('',*,*,#3703,.T.);
#1680=ORIENTED_EDGE('',*,*,#3704,.T.);
#1681=ORIENTED_EDGE('',*,*,#3705,.T.);
#1682=ORIENTED_EDGE('',*,*,#3706,.T.);
#1683=ORIENTED_EDGE('',*,*,#3707,.T.);
#1684=ORIENTED_EDGE('',*,*,#3708,.T.);
#1685=ORIENTED_EDGE('',*,*,#3709,.T.);
#1686=ORIENTED_EDGE('',*,*,#3710,.T.);
#1687=ORIENTED_EDGE('',*,*,#3711,.T.);
#1688=ORIENTED_EDGE('',*,*,#3712,.T.);
#1689=ORIENTED_EDGE('',*,*,#3713,.T.);
#1690=ORIENTED_EDGE('',*,*,#3714,.T.);
#1691=ORIENTED_EDGE('',*,*,#3715,.T.);
#1692=ORIENTED_EDGE('',*,*,#3716,.T.);
#1693=ORIENTED_EDGE('',*,*,#3717,.T.);
#1694=ORIENTED_EDGE('',*,*,#3718,.T.);
#1695=ORIENTED_EDGE('',*,*,#3719,.T.);
#1696=ORIENTED_EDGE('',*,*,#3720,.T.);
#1697=ORIENTED_EDGE('',*,*,#3721,.T.);
#1698=ORIENTED_EDGE('',*,*,#3722,.T.);
#1699=ORIENTED_EDGE('',*,*,#3723,.T.);
#1700=ORIENTED_EDGE('',*,*,#3724,.T.);
#1701=ORIENTED_EDGE('',*,*,#3725,.T.);
#1702=ORIENTED_EDGE('',*,*,#3726,.T.);
#1703=ORIENTED_EDGE('',*,*,#3727,.T.);
#1704=ORIENTED_EDGE('',*,*,#3728,.T.);
#1705=ORIENTED_EDGE('',*,*,#3729,.T.);
#1706=ORIENTED_EDGE('',*,*,#3730,.T.);
#1707=ORIENTED_EDGE('',*,*,#3731,.T.);
#1708=ORIENTED_EDGE('',*,*,#3732,.T.);
#1709=ORIENTED_EDGE('',*,*,#3733,.T.);
#1710=ORIENTED_EDGE('',*,*,#3734,.T.);
#1711=ORIENTED_EDGE('',*,*,#3735,.T.);
#1712=ORIENTED_EDGE('',*,*,#3736,.T.);
#1713=ORIENTED_EDGE('',*,*,#3737,.T.);
#1714=ORIENTED_EDGE('',*,*,#3738,.T.);
#1715=ORIENTED_EDGE('',*,*,#3739,.T.);
#1716=ORIENTED_EDGE('',*,*,#3740,.T.);
#1717=ORIENTED_EDGE('',*,*,#3741,.T.);
#1718=ORIENTED_EDGE('',*,*,#3742,.T.);
#1719=ORIENTED_EDGE('',*,*,#3743,.T.);
#1720=ORIENTED_EDGE('',*,*,#3744,.T.);
#1721=ORIENTED_EDGE('',*,*,#3745,.T.);
#1722=ORIENTED_EDGE('',*,*,#3746,.T.);
#1723=ORIENTED_EDGE('',*,*,#3747,.T.);
#1724=ORIENTED_EDGE('',*,*,#3748,.T.);
#1725=ORIENTED_EDGE('',*,*,#3749,.T.);
#1726=ORIENTED_EDGE('',*,*,#3750,.T.);
#1727=ORIENTED_EDGE('',*,*,#3751,.T.);
#1728=ORIENTED_EDGE('',*,*,#3752,.T.);
#1729=ORIENTED_EDGE('',*,*,#3753,.T.);
#1730=ORIENTED_EDGE('',*,*,#3754,.T.);
#1731=ORIENTED_EDGE('',*,*,#3755,.T.);
#1732=ORIENTED_EDGE('',*,*,#3756,.T.);
#1733=ORIENTED_EDGE('',*,*,#3757,.T.);
#1734=ORIENTED_EDGE('',*,*,#3758,.T.);
#1735=ORIENTED_EDGE('',*,*,#3759,.T.);
#1736=ORIENTED_EDGE('',*,*,#3760,.T.);
#1737=ORIENTED_EDGE('',*,*,#3761,.T.);
#1738=ORIENTED_EDGE('',*,*,#3762,.T.);
#1739=ORIENTED_EDGE('',*,*,#3763,.T.);
#1740=ORIENTED_EDGE('',*,*,#3764,.T.);
#1741=ORIENTED_EDGE('',*,*,#3765,.T.);
#1742=ORIENTED_EDGE('',*,*,#3766,.T.);
#1743=ORIENTED_EDGE('',*,*,#3767,.T.);
#1744=ORIENTED_EDGE('',*,*,#3768,.T.);
#1745=ORIENTED_EDGE('',*,*,#3769,.T.);
#1746=ORIENTED_EDGE('',*,*,#3770,.T.);
#1747=ORIENTED_EDGE('',*,*,#3771,.T.);
#1748=ORIENTED_EDGE('',*,*,#3772,.T.);
#1749=ORIENTED_EDGE('',*,*,#3773,.T.);
#1750=ORIENTED_EDGE('',*,*,#3774,.T.);
#1751=ORIENTED_EDGE('',*,*,#3775,.T.);
#1752=ORIENTED_EDGE('',*,*,#3776,.T.);
#1753=ORIENTED_EDGE('',*,*,#3777,.T.);
#1754=ORIENTED_EDGE('',*,*,#3778,.T.);
#1755=ORIENTED_EDGE('',*,*,#3779,.T.);
#1756=ORIENTED_EDGE('',*,*,#3780,.T.);
#1757=ORIENTED_EDGE('',*,*,#3781,.T.);
#1758=ORIENTED_EDGE('',*,*,#3782,.T.);
#1759=ORIENTED_EDGE('',*,*,#3783,.T.);
#1760=ORIENTED_EDGE('',*,*,#3784,.T.);
#1761=ORIENTED_EDGE('',*,*,#3785,.T.);
#1762=ORIENTED_EDGE('',*,*,#3786,.T.);
#1763=ORIENTED_EDGE('',*,*,#3787,.T.);
#1764=ORIENTED_EDGE('',*,*,#3788,.T.);
#1765=ORIENTED_EDGE('',*,*,#3789,.T.);
#1766=ORIENTED_EDGE('',*,*,#3790,.T.);
#1767=ORIENTED_EDGE('',*,*,#3791,.T.);
#1768=ORIENTED_EDGE('',*,*,#3792,.T.);
#1769=ORIENTED_EDGE('',*,*,#3793,.T.);
#1770=ORIENTED_EDGE('',*,*,#3794,.F.);
#1771=ORIENTED_EDGE('',*,*,#3795,.F.);
#1772=ORIENTED_EDGE('',*,*,#3796,.T.);
#1773=ORIENTED_EDGE('',*,*,#3797,.T.);
#1774=ORIENTED_EDGE('',*,*,#3798,.T.);
#1775=ORIENTED_EDGE('',*,*,#3799,.T.);
#1776=ORIENTED_EDGE('',*,*,#3800,.F.);
#1777=ORIENTED_EDGE('',*,*,#3801,.F.);
#1778=ORIENTED_EDGE('',*,*,#3802,.F.);
#1779=ORIENTED_EDGE('',*,*,#3803,.F.);
#1780=ORIENTED_EDGE('',*,*,#3804,.F.);
#1781=ORIENTED_EDGE('',*,*,#3805,.F.);
#1782=ORIENTED_EDGE('',*,*,#3806,.F.);
#1783=ORIENTED_EDGE('',*,*,#3807,.F.);
#1784=ORIENTED_EDGE('',*,*,#3808,.F.);
#1785=ORIENTED_EDGE('',*,*,#3809,.F.);
#1786=ORIENTED_EDGE('',*,*,#3810,.F.);
#1787=ORIENTED_EDGE('',*,*,#3811,.F.);
#1788=ORIENTED_EDGE('',*,*,#3812,.F.);
#1789=ORIENTED_EDGE('',*,*,#3813,.F.);
#1790=ORIENTED_EDGE('',*,*,#3814,.F.);
#1791=ORIENTED_EDGE('',*,*,#3815,.F.);
#1792=ORIENTED_EDGE('',*,*,#3816,.F.);
#1793=ORIENTED_EDGE('',*,*,#3817,.F.);
#1794=ORIENTED_EDGE('',*,*,#3818,.F.);
#1795=ORIENTED_EDGE('',*,*,#3819,.F.);
#1796=ORIENTED_EDGE('',*,*,#3820,.F.);
#1797=ORIENTED_EDGE('',*,*,#3821,.F.);
#1798=ORIENTED_EDGE('',*,*,#3822,.F.);
#1799=ORIENTED_EDGE('',*,*,#3823,.F.);
#1800=ORIENTED_EDGE('',*,*,#3824,.F.);
#1801=ORIENTED_EDGE('',*,*,#3825,.F.);
#1802=ORIENTED_EDGE('',*,*,#3826,.F.);
#1803=ORIENTED_EDGE('',*,*,#3827,.F.);
#1804=ORIENTED_EDGE('',*,*,#3828,.F.);
#1805=ORIENTED_EDGE('',*,*,#3829,.F.);
#1806=ORIENTED_EDGE('',*,*,#3830,.F.);
#1807=ORIENTED_EDGE('',*,*,#3831,.F.);
#1808=ORIENTED_EDGE('',*,*,#3832,.F.);
#1809=ORIENTED_EDGE('',*,*,#3833,.F.);
#1810=ORIENTED_EDGE('',*,*,#3834,.F.);
#1811=ORIENTED_EDGE('',*,*,#3835,.F.);
#1812=ORIENTED_EDGE('',*,*,#3836,.F.);
#1813=ORIENTED_EDGE('',*,*,#3837,.F.);
#1814=ORIENTED_EDGE('',*,*,#3838,.F.);
#1815=ORIENTED_EDGE('',*,*,#3839,.F.);
#1816=ORIENTED_EDGE('',*,*,#3840,.F.);
#1817=ORIENTED_EDGE('',*,*,#3841,.F.);
#1818=ORIENTED_EDGE('',*,*,#3842,.F.);
#1819=ORIENTED_EDGE('',*,*,#3843,.F.);
#1820=ORIENTED_EDGE('',*,*,#3844,.F.);
#1821=ORIENTED_EDGE('',*,*,#3845,.F.);
#1822=ORIENTED_EDGE('',*,*,#3846,.F.);
#1823=ORIENTED_EDGE('',*,*,#3847,.F.);
#1824=ORIENTED_EDGE('',*,*,#3848,.F.);
#1825=ORIENTED_EDGE('',*,*,#3849,.F.);
#1826=ORIENTED_EDGE('',*,*,#3850,.F.);
#1827=ORIENTED_EDGE('',*,*,#3851,.F.);
#1828=ORIENTED_EDGE('',*,*,#3852,.F.);
#1829=ORIENTED_EDGE('',*,*,#3853,.F.);
#1830=ORIENTED_EDGE('',*,*,#3854,.F.);
#1831=ORIENTED_EDGE('',*,*,#3855,.F.);
#1832=ORIENTED_EDGE('',*,*,#3856,.F.);
#1833=ORIENTED_EDGE('',*,*,#3857,.F.);
#1834=ORIENTED_EDGE('',*,*,#3858,.F.);
#1835=ORIENTED_EDGE('',*,*,#3859,.F.);
#1836=ORIENTED_EDGE('',*,*,#3860,.F.);
#1837=ORIENTED_EDGE('',*,*,#3861,.F.);
#1838=ORIENTED_EDGE('',*,*,#3862,.F.);
#1839=ORIENTED_EDGE('',*,*,#3863,.F.);
#1840=ORIENTED_EDGE('',*,*,#3864,.F.);
#1841=ORIENTED_EDGE('',*,*,#3865,.F.);
#1842=ORIENTED_EDGE('',*,*,#3866,.F.);
#1843=ORIENTED_EDGE('',*,*,#3867,.F.);
#1844=ORIENTED_EDGE('',*,*,#3868,.F.);
#1845=ORIENTED_EDGE('',*,*,#3869,.F.);
#1846=ORIENTED_EDGE('',*,*,#3870,.F.);
#1847=ORIENTED_EDGE('',*,*,#3871,.F.);
#1848=ORIENTED_EDGE('',*,*,#3872,.F.);
#1849=ORIENTED_EDGE('',*,*,#3873,.F.);
#1850=ORIENTED_EDGE('',*,*,#3874,.F.);
#1851=ORIENTED_EDGE('',*,*,#3875,.F.);
#1852=ORIENTED_EDGE('',*,*,#3876,.F.);
#1853=ORIENTED_EDGE('',*,*,#3877,.F.);
#1854=ORIENTED_EDGE('',*,*,#3878,.F.);
#1855=ORIENTED_EDGE('',*,*,#3879,.F.);
#1856=ORIENTED_EDGE('',*,*,#3880,.F.);
#1857=ORIENTED_EDGE('',*,*,#3881,.F.);
#1858=ORIENTED_EDGE('',*,*,#3882,.F.);
#1859=ORIENTED_EDGE('',*,*,#3883,.F.);
#1860=ORIENTED_EDGE('',*,*,#3884,.F.);
#1861=ORIENTED_EDGE('',*,*,#3885,.F.);
#1862=ORIENTED_EDGE('',*,*,#3886,.F.);
#1863=ORIENTED_EDGE('',*,*,#3887,.F.);
#1864=ORIENTED_EDGE('',*,*,#3888,.F.);
#1865=ORIENTED_EDGE('',*,*,#3889,.F.);
#1866=ORIENTED_EDGE('',*,*,#3890,.F.);
#1867=ORIENTED_EDGE('',*,*,#3891,.F.);
#1868=ORIENTED_EDGE('',*,*,#3892,.F.);
#1869=ORIENTED_EDGE('',*,*,#3893,.F.);
#1870=ORIENTED_EDGE('',*,*,#3894,.F.);
#1871=ORIENTED_EDGE('',*,*,#3895,.F.);
#1872=ORIENTED_EDGE('',*,*,#3896,.T.);
#1873=ORIENTED_EDGE('',*,*,#3897,.T.);
#1874=ORIENTED_EDGE('',*,*,#3898,.T.);
#1875=ORIENTED_EDGE('',*,*,#3899,.T.);
#1876=ORIENTED_EDGE('',*,*,#3900,.T.);
#1877=ORIENTED_EDGE('',*,*,#3901,.T.);
#1878=ORIENTED_EDGE('',*,*,#3902,.F.);
#1879=ORIENTED_EDGE('',*,*,#3903,.T.);
#1880=ORIENTED_EDGE('',*,*,#3686,.F.);
#1881=ORIENTED_EDGE('',*,*,#3904,.T.);
#1882=ORIENTED_EDGE('',*,*,#3905,.F.);
#1883=ORIENTED_EDGE('',*,*,#3799,.F.);
#1884=ORIENTED_EDGE('',*,*,#3692,.F.);
#1885=ORIENTED_EDGE('',*,*,#3906,.T.);
#1886=ORIENTED_EDGE('',*,*,#3907,.F.);
#1887=ORIENTED_EDGE('',*,*,#3796,.F.);
#1888=ORIENTED_EDGE('',*,*,#3905,.T.);
#1889=ORIENTED_EDGE('',*,*,#3908,.T.);
#1890=ORIENTED_EDGE('',*,*,#3684,.F.);
#1891=ORIENTED_EDGE('',*,*,#3909,.T.);
#1892=ORIENTED_EDGE('',*,*,#3902,.T.);
#1893=ORIENTED_EDGE('',*,*,#3798,.F.);
#1894=ORIENTED_EDGE('',*,*,#3910,.F.);
#1895=ORIENTED_EDGE('',*,*,#3911,.T.);
#1896=ORIENTED_EDGE('',*,*,#3907,.T.);
#1897=ORIENTED_EDGE('',*,*,#3912,.T.);
#1898=ORIENTED_EDGE('',*,*,#3694,.F.);
#1899=ORIENTED_EDGE('',*,*,#3913,.T.);
#1900=ORIENTED_EDGE('',*,*,#3910,.T.);
#1901=ORIENTED_EDGE('',*,*,#3797,.F.);
#1902=ORIENTED_EDGE('',*,*,#3914,.F.);
#1903=ORIENTED_EDGE('',*,*,#3687,.F.);
#1904=ORIENTED_EDGE('',*,*,#3903,.F.);
#1905=ORIENTED_EDGE('',*,*,#3909,.F.);
#1906=ORIENTED_EDGE('',*,*,#3683,.F.);
#1907=ORIENTED_EDGE('',*,*,#3915,.F.);
#1908=ORIENTED_EDGE('',*,*,#3914,.T.);
#1909=ORIENTED_EDGE('',*,*,#3916,.F.);
#1910=ORIENTED_EDGE('',*,*,#3913,.F.);
#1911=ORIENTED_EDGE('',*,*,#3697,.F.);
#1912=ORIENTED_EDGE('',*,*,#3917,.F.);
#1913=ORIENTED_EDGE('',*,*,#3685,.F.);
#1914=ORIENTED_EDGE('',*,*,#3911,.F.);
#1915=ORIENTED_EDGE('',*,*,#3916,.T.);
#1916=ORIENTED_EDGE('',*,*,#3682,.F.);
#1917=ORIENTED_EDGE('',*,*,#3918,.F.);
#1918=ORIENTED_EDGE('',*,*,#3899,.F.);
#1919=ORIENTED_EDGE('',*,*,#3915,.T.);
#1920=ORIENTED_EDGE('',*,*,#3898,.F.);
#1921=ORIENTED_EDGE('',*,*,#3919,.F.);
#1922=ORIENTED_EDGE('',*,*,#3688,.F.);
#1923=ORIENTED_EDGE('',*,*,#3904,.F.);
#1924=ORIENTED_EDGE('',*,*,#3689,.F.);
#1925=ORIENTED_EDGE('',*,*,#3920,.F.);
#1926=ORIENTED_EDGE('',*,*,#3693,.F.);
#1927=ORIENTED_EDGE('',*,*,#3908,.F.);
#1928=ORIENTED_EDGE('',*,*,#3918,.T.);
#1929=ORIENTED_EDGE('',*,*,#3917,.T.);
#1930=ORIENTED_EDGE('',*,*,#3921,.F.);
#1931=ORIENTED_EDGE('',*,*,#3920,.T.);
#1932=ORIENTED_EDGE('',*,*,#3919,.T.);
#1933=ORIENTED_EDGE('',*,*,#3922,.F.);
#1934=ORIENTED_EDGE('',*,*,#3921,.T.);
#1935=ORIENTED_EDGE('',*,*,#3696,.F.);
#1936=ORIENTED_EDGE('',*,*,#3923,.F.);
#1937=ORIENTED_EDGE('',*,*,#3900,.F.);
#1938=ORIENTED_EDGE('',*,*,#3922,.T.);
#1939=ORIENTED_EDGE('',*,*,#3901,.F.);
#1940=ORIENTED_EDGE('',*,*,#3924,.F.);
#1941=ORIENTED_EDGE('',*,*,#3690,.F.);
#1942=ORIENTED_EDGE('',*,*,#3924,.T.);
#1943=ORIENTED_EDGE('',*,*,#3923,.T.);
#1944=ORIENTED_EDGE('',*,*,#3925,.F.);
#1945=ORIENTED_EDGE('',*,*,#3906,.F.);
#1946=ORIENTED_EDGE('',*,*,#3691,.F.);
#1947=ORIENTED_EDGE('',*,*,#3925,.T.);
#1948=ORIENTED_EDGE('',*,*,#3695,.F.);
#1949=ORIENTED_EDGE('',*,*,#3912,.F.);
#1950=ORIENTED_EDGE('',*,*,#3795,.T.);
#1951=ORIENTED_EDGE('',*,*,#3897,.F.);
#1952=ORIENTED_EDGE('',*,*,#3794,.T.);
#1953=ORIENTED_EDGE('',*,*,#3896,.F.);
#1954=ORIENTED_EDGE('',*,*,#3926,.T.);
#1955=ORIENTED_EDGE('',*,*,#3793,.F.);
#1956=ORIENTED_EDGE('',*,*,#3927,.T.);
#1957=ORIENTED_EDGE('',*,*,#3926,.F.);
#1958=ORIENTED_EDGE('',*,*,#3928,.T.);
#1959=ORIENTED_EDGE('',*,*,#3927,.F.);
#1960=ORIENTED_EDGE('',*,*,#3929,.T.);
#1961=ORIENTED_EDGE('',*,*,#3928,.F.);
#1962=ORIENTED_EDGE('',*,*,#3930,.T.);
#1963=ORIENTED_EDGE('',*,*,#3929,.F.);
#1964=ORIENTED_EDGE('',*,*,#3931,.T.);
#1965=ORIENTED_EDGE('',*,*,#3930,.F.);
#1966=ORIENTED_EDGE('',*,*,#3932,.T.);
#1967=ORIENTED_EDGE('',*,*,#3931,.F.);
#1968=ORIENTED_EDGE('',*,*,#3933,.T.);
#1969=ORIENTED_EDGE('',*,*,#3932,.F.);
#1970=ORIENTED_EDGE('',*,*,#3895,.T.);
#1971=ORIENTED_EDGE('',*,*,#3933,.F.);
#1972=ORIENTED_EDGE('',*,*,#3934,.T.);
#1973=ORIENTED_EDGE('',*,*,#3792,.F.);
#1974=ORIENTED_EDGE('',*,*,#3935,.T.);
#1975=ORIENTED_EDGE('',*,*,#3934,.F.);
#1976=ORIENTED_EDGE('',*,*,#3936,.T.);
#1977=ORIENTED_EDGE('',*,*,#3935,.F.);
#1978=ORIENTED_EDGE('',*,*,#3937,.T.);
#1979=ORIENTED_EDGE('',*,*,#3936,.F.);
#1980=ORIENTED_EDGE('',*,*,#3938,.T.);
#1981=ORIENTED_EDGE('',*,*,#3937,.F.);
#1982=ORIENTED_EDGE('',*,*,#3939,.T.);
#1983=ORIENTED_EDGE('',*,*,#3938,.F.);
#1984=ORIENTED_EDGE('',*,*,#3940,.T.);
#1985=ORIENTED_EDGE('',*,*,#3939,.F.);
#1986=ORIENTED_EDGE('',*,*,#3941,.T.);
#1987=ORIENTED_EDGE('',*,*,#3940,.F.);
#1988=ORIENTED_EDGE('',*,*,#3894,.T.);
#1989=ORIENTED_EDGE('',*,*,#3941,.F.);
#1990=ORIENTED_EDGE('',*,*,#3942,.T.);
#1991=ORIENTED_EDGE('',*,*,#3791,.F.);
#1992=ORIENTED_EDGE('',*,*,#3943,.T.);
#1993=ORIENTED_EDGE('',*,*,#3942,.F.);
#1994=ORIENTED_EDGE('',*,*,#3944,.T.);
#1995=ORIENTED_EDGE('',*,*,#3943,.F.);
#1996=ORIENTED_EDGE('',*,*,#3945,.T.);
#1997=ORIENTED_EDGE('',*,*,#3944,.F.);
#1998=ORIENTED_EDGE('',*,*,#3946,.T.);
#1999=ORIENTED_EDGE('',*,*,#3945,.F.);
#2000=ORIENTED_EDGE('',*,*,#3947,.T.);
#2001=ORIENTED_EDGE('',*,*,#3946,.F.);
#2002=ORIENTED_EDGE('',*,*,#3948,.T.);
#2003=ORIENTED_EDGE('',*,*,#3947,.F.);
#2004=ORIENTED_EDGE('',*,*,#3949,.T.);
#2005=ORIENTED_EDGE('',*,*,#3948,.F.);
#2006=ORIENTED_EDGE('',*,*,#3893,.T.);
#2007=ORIENTED_EDGE('',*,*,#3949,.F.);
#2008=ORIENTED_EDGE('',*,*,#3950,.T.);
#2009=ORIENTED_EDGE('',*,*,#3790,.F.);
#2010=ORIENTED_EDGE('',*,*,#3951,.T.);
#2011=ORIENTED_EDGE('',*,*,#3950,.F.);
#2012=ORIENTED_EDGE('',*,*,#3952,.T.);
#2013=ORIENTED_EDGE('',*,*,#3951,.F.);
#2014=ORIENTED_EDGE('',*,*,#3953,.T.);
#2015=ORIENTED_EDGE('',*,*,#3952,.F.);
#2016=ORIENTED_EDGE('',*,*,#3954,.T.);
#2017=ORIENTED_EDGE('',*,*,#3953,.F.);
#2018=ORIENTED_EDGE('',*,*,#3955,.T.);
#2019=ORIENTED_EDGE('',*,*,#3954,.F.);
#2020=ORIENTED_EDGE('',*,*,#3956,.T.);
#2021=ORIENTED_EDGE('',*,*,#3955,.F.);
#2022=ORIENTED_EDGE('',*,*,#3957,.T.);
#2023=ORIENTED_EDGE('',*,*,#3956,.F.);
#2024=ORIENTED_EDGE('',*,*,#3892,.T.);
#2025=ORIENTED_EDGE('',*,*,#3957,.F.);
#2026=ORIENTED_EDGE('',*,*,#3958,.T.);
#2027=ORIENTED_EDGE('',*,*,#3789,.F.);
#2028=ORIENTED_EDGE('',*,*,#3959,.T.);
#2029=ORIENTED_EDGE('',*,*,#3958,.F.);
#2030=ORIENTED_EDGE('',*,*,#3960,.T.);
#2031=ORIENTED_EDGE('',*,*,#3959,.F.);
#2032=ORIENTED_EDGE('',*,*,#3961,.T.);
#2033=ORIENTED_EDGE('',*,*,#3960,.F.);
#2034=ORIENTED_EDGE('',*,*,#3962,.T.);
#2035=ORIENTED_EDGE('',*,*,#3961,.F.);
#2036=ORIENTED_EDGE('',*,*,#3963,.T.);
#2037=ORIENTED_EDGE('',*,*,#3962,.F.);
#2038=ORIENTED_EDGE('',*,*,#3964,.T.);
#2039=ORIENTED_EDGE('',*,*,#3963,.F.);
#2040=ORIENTED_EDGE('',*,*,#3965,.T.);
#2041=ORIENTED_EDGE('',*,*,#3964,.F.);
#2042=ORIENTED_EDGE('',*,*,#3891,.T.);
#2043=ORIENTED_EDGE('',*,*,#3965,.F.);
#2044=ORIENTED_EDGE('',*,*,#3966,.T.);
#2045=ORIENTED_EDGE('',*,*,#3788,.F.);
#2046=ORIENTED_EDGE('',*,*,#3967,.T.);
#2047=ORIENTED_EDGE('',*,*,#3966,.F.);
#2048=ORIENTED_EDGE('',*,*,#3968,.T.);
#2049=ORIENTED_EDGE('',*,*,#3967,.F.);
#2050=ORIENTED_EDGE('',*,*,#3969,.T.);
#2051=ORIENTED_EDGE('',*,*,#3968,.F.);
#2052=ORIENTED_EDGE('',*,*,#3970,.T.);
#2053=ORIENTED_EDGE('',*,*,#3969,.F.);
#2054=ORIENTED_EDGE('',*,*,#3971,.T.);
#2055=ORIENTED_EDGE('',*,*,#3970,.F.);
#2056=ORIENTED_EDGE('',*,*,#3972,.T.);
#2057=ORIENTED_EDGE('',*,*,#3971,.F.);
#2058=ORIENTED_EDGE('',*,*,#3973,.T.);
#2059=ORIENTED_EDGE('',*,*,#3972,.F.);
#2060=ORIENTED_EDGE('',*,*,#3890,.T.);
#2061=ORIENTED_EDGE('',*,*,#3973,.F.);
#2062=ORIENTED_EDGE('',*,*,#3974,.T.);
#2063=ORIENTED_EDGE('',*,*,#3787,.F.);
#2064=ORIENTED_EDGE('',*,*,#3975,.T.);
#2065=ORIENTED_EDGE('',*,*,#3974,.F.);
#2066=ORIENTED_EDGE('',*,*,#3976,.T.);
#2067=ORIENTED_EDGE('',*,*,#3975,.F.);
#2068=ORIENTED_EDGE('',*,*,#3977,.T.);
#2069=ORIENTED_EDGE('',*,*,#3976,.F.);
#2070=ORIENTED_EDGE('',*,*,#3978,.T.);
#2071=ORIENTED_EDGE('',*,*,#3977,.F.);
#2072=ORIENTED_EDGE('',*,*,#3979,.T.);
#2073=ORIENTED_EDGE('',*,*,#3978,.F.);
#2074=ORIENTED_EDGE('',*,*,#3980,.T.);
#2075=ORIENTED_EDGE('',*,*,#3979,.F.);
#2076=ORIENTED_EDGE('',*,*,#3981,.T.);
#2077=ORIENTED_EDGE('',*,*,#3980,.F.);
#2078=ORIENTED_EDGE('',*,*,#3889,.T.);
#2079=ORIENTED_EDGE('',*,*,#3981,.F.);
#2080=ORIENTED_EDGE('',*,*,#3982,.T.);
#2081=ORIENTED_EDGE('',*,*,#3786,.F.);
#2082=ORIENTED_EDGE('',*,*,#3983,.T.);
#2083=ORIENTED_EDGE('',*,*,#3982,.F.);
#2084=ORIENTED_EDGE('',*,*,#3984,.T.);
#2085=ORIENTED_EDGE('',*,*,#3983,.F.);
#2086=ORIENTED_EDGE('',*,*,#3985,.T.);
#2087=ORIENTED_EDGE('',*,*,#3984,.F.);
#2088=ORIENTED_EDGE('',*,*,#3986,.T.);
#2089=ORIENTED_EDGE('',*,*,#3985,.F.);
#2090=ORIENTED_EDGE('',*,*,#3987,.T.);
#2091=ORIENTED_EDGE('',*,*,#3986,.F.);
#2092=ORIENTED_EDGE('',*,*,#3988,.T.);
#2093=ORIENTED_EDGE('',*,*,#3987,.F.);
#2094=ORIENTED_EDGE('',*,*,#3989,.T.);
#2095=ORIENTED_EDGE('',*,*,#3988,.F.);
#2096=ORIENTED_EDGE('',*,*,#3888,.T.);
#2097=ORIENTED_EDGE('',*,*,#3989,.F.);
#2098=ORIENTED_EDGE('',*,*,#3990,.T.);
#2099=ORIENTED_EDGE('',*,*,#3785,.F.);
#2100=ORIENTED_EDGE('',*,*,#3991,.T.);
#2101=ORIENTED_EDGE('',*,*,#3990,.F.);
#2102=ORIENTED_EDGE('',*,*,#3992,.T.);
#2103=ORIENTED_EDGE('',*,*,#3991,.F.);
#2104=ORIENTED_EDGE('',*,*,#3993,.T.);
#2105=ORIENTED_EDGE('',*,*,#3992,.F.);
#2106=ORIENTED_EDGE('',*,*,#3994,.T.);
#2107=ORIENTED_EDGE('',*,*,#3993,.F.);
#2108=ORIENTED_EDGE('',*,*,#3995,.T.);
#2109=ORIENTED_EDGE('',*,*,#3994,.F.);
#2110=ORIENTED_EDGE('',*,*,#3996,.T.);
#2111=ORIENTED_EDGE('',*,*,#3995,.F.);
#2112=ORIENTED_EDGE('',*,*,#3997,.T.);
#2113=ORIENTED_EDGE('',*,*,#3996,.F.);
#2114=ORIENTED_EDGE('',*,*,#3887,.T.);
#2115=ORIENTED_EDGE('',*,*,#3997,.F.);
#2116=ORIENTED_EDGE('',*,*,#3998,.T.);
#2117=ORIENTED_EDGE('',*,*,#3784,.F.);
#2118=ORIENTED_EDGE('',*,*,#3999,.T.);
#2119=ORIENTED_EDGE('',*,*,#3998,.F.);
#2120=ORIENTED_EDGE('',*,*,#4000,.T.);
#2121=ORIENTED_EDGE('',*,*,#3999,.F.);
#2122=ORIENTED_EDGE('',*,*,#4001,.T.);
#2123=ORIENTED_EDGE('',*,*,#4000,.F.);
#2124=ORIENTED_EDGE('',*,*,#4002,.T.);
#2125=ORIENTED_EDGE('',*,*,#4001,.F.);
#2126=ORIENTED_EDGE('',*,*,#4003,.T.);
#2127=ORIENTED_EDGE('',*,*,#4002,.F.);
#2128=ORIENTED_EDGE('',*,*,#4004,.T.);
#2129=ORIENTED_EDGE('',*,*,#4003,.F.);
#2130=ORIENTED_EDGE('',*,*,#4005,.T.);
#2131=ORIENTED_EDGE('',*,*,#4004,.F.);
#2132=ORIENTED_EDGE('',*,*,#3886,.T.);
#2133=ORIENTED_EDGE('',*,*,#4005,.F.);
#2134=ORIENTED_EDGE('',*,*,#4006,.T.);
#2135=ORIENTED_EDGE('',*,*,#3783,.F.);
#2136=ORIENTED_EDGE('',*,*,#4007,.T.);
#2137=ORIENTED_EDGE('',*,*,#4006,.F.);
#2138=ORIENTED_EDGE('',*,*,#4008,.T.);
#2139=ORIENTED_EDGE('',*,*,#4007,.F.);
#2140=ORIENTED_EDGE('',*,*,#4009,.T.);
#2141=ORIENTED_EDGE('',*,*,#4008,.F.);
#2142=ORIENTED_EDGE('',*,*,#4010,.T.);
#2143=ORIENTED_EDGE('',*,*,#4009,.F.);
#2144=ORIENTED_EDGE('',*,*,#4011,.T.);
#2145=ORIENTED_EDGE('',*,*,#4010,.F.);
#2146=ORIENTED_EDGE('',*,*,#4012,.T.);
#2147=ORIENTED_EDGE('',*,*,#4011,.F.);
#2148=ORIENTED_EDGE('',*,*,#4013,.T.);
#2149=ORIENTED_EDGE('',*,*,#4012,.F.);
#2150=ORIENTED_EDGE('',*,*,#3885,.T.);
#2151=ORIENTED_EDGE('',*,*,#4013,.F.);
#2152=ORIENTED_EDGE('',*,*,#4014,.T.);
#2153=ORIENTED_EDGE('',*,*,#3782,.F.);
#2154=ORIENTED_EDGE('',*,*,#4015,.T.);
#2155=ORIENTED_EDGE('',*,*,#4014,.F.);
#2156=ORIENTED_EDGE('',*,*,#4016,.T.);
#2157=ORIENTED_EDGE('',*,*,#4015,.F.);
#2158=ORIENTED_EDGE('',*,*,#4017,.T.);
#2159=ORIENTED_EDGE('',*,*,#4016,.F.);
#2160=ORIENTED_EDGE('',*,*,#4018,.T.);
#2161=ORIENTED_EDGE('',*,*,#4017,.F.);
#2162=ORIENTED_EDGE('',*,*,#4019,.T.);
#2163=ORIENTED_EDGE('',*,*,#4018,.F.);
#2164=ORIENTED_EDGE('',*,*,#4020,.T.);
#2165=ORIENTED_EDGE('',*,*,#4019,.F.);
#2166=ORIENTED_EDGE('',*,*,#4021,.T.);
#2167=ORIENTED_EDGE('',*,*,#4020,.F.);
#2168=ORIENTED_EDGE('',*,*,#3884,.T.);
#2169=ORIENTED_EDGE('',*,*,#4021,.F.);
#2170=ORIENTED_EDGE('',*,*,#4022,.T.);
#2171=ORIENTED_EDGE('',*,*,#3781,.F.);
#2172=ORIENTED_EDGE('',*,*,#4023,.T.);
#2173=ORIENTED_EDGE('',*,*,#4022,.F.);
#2174=ORIENTED_EDGE('',*,*,#4024,.T.);
#2175=ORIENTED_EDGE('',*,*,#4023,.F.);
#2176=ORIENTED_EDGE('',*,*,#4025,.T.);
#2177=ORIENTED_EDGE('',*,*,#4024,.F.);
#2178=ORIENTED_EDGE('',*,*,#4026,.T.);
#2179=ORIENTED_EDGE('',*,*,#4025,.F.);
#2180=ORIENTED_EDGE('',*,*,#4027,.T.);
#2181=ORIENTED_EDGE('',*,*,#4026,.F.);
#2182=ORIENTED_EDGE('',*,*,#4028,.T.);
#2183=ORIENTED_EDGE('',*,*,#4027,.F.);
#2184=ORIENTED_EDGE('',*,*,#4029,.T.);
#2185=ORIENTED_EDGE('',*,*,#4028,.F.);
#2186=ORIENTED_EDGE('',*,*,#3883,.T.);
#2187=ORIENTED_EDGE('',*,*,#4029,.F.);
#2188=ORIENTED_EDGE('',*,*,#4030,.T.);
#2189=ORIENTED_EDGE('',*,*,#3780,.F.);
#2190=ORIENTED_EDGE('',*,*,#4031,.T.);
#2191=ORIENTED_EDGE('',*,*,#4030,.F.);
#2192=ORIENTED_EDGE('',*,*,#4032,.T.);
#2193=ORIENTED_EDGE('',*,*,#4031,.F.);
#2194=ORIENTED_EDGE('',*,*,#4033,.T.);
#2195=ORIENTED_EDGE('',*,*,#4032,.F.);
#2196=ORIENTED_EDGE('',*,*,#4034,.T.);
#2197=ORIENTED_EDGE('',*,*,#4033,.F.);
#2198=ORIENTED_EDGE('',*,*,#4035,.T.);
#2199=ORIENTED_EDGE('',*,*,#4034,.F.);
#2200=ORIENTED_EDGE('',*,*,#4036,.T.);
#2201=ORIENTED_EDGE('',*,*,#4035,.F.);
#2202=ORIENTED_EDGE('',*,*,#4037,.T.);
#2203=ORIENTED_EDGE('',*,*,#4036,.F.);
#2204=ORIENTED_EDGE('',*,*,#3882,.T.);
#2205=ORIENTED_EDGE('',*,*,#4037,.F.);
#2206=ORIENTED_EDGE('',*,*,#4038,.T.);
#2207=ORIENTED_EDGE('',*,*,#3779,.F.);
#2208=ORIENTED_EDGE('',*,*,#4039,.T.);
#2209=ORIENTED_EDGE('',*,*,#4038,.F.);
#2210=ORIENTED_EDGE('',*,*,#4040,.T.);
#2211=ORIENTED_EDGE('',*,*,#4039,.F.);
#2212=ORIENTED_EDGE('',*,*,#4041,.T.);
#2213=ORIENTED_EDGE('',*,*,#4040,.F.);
#2214=ORIENTED_EDGE('',*,*,#4042,.T.);
#2215=ORIENTED_EDGE('',*,*,#4041,.F.);
#2216=ORIENTED_EDGE('',*,*,#4043,.T.);
#2217=ORIENTED_EDGE('',*,*,#4042,.F.);
#2218=ORIENTED_EDGE('',*,*,#4044,.T.);
#2219=ORIENTED_EDGE('',*,*,#4043,.F.);
#2220=ORIENTED_EDGE('',*,*,#4045,.T.);
#2221=ORIENTED_EDGE('',*,*,#4044,.F.);
#2222=ORIENTED_EDGE('',*,*,#3881,.T.);
#2223=ORIENTED_EDGE('',*,*,#4045,.F.);
#2224=ORIENTED_EDGE('',*,*,#4046,.T.);
#2225=ORIENTED_EDGE('',*,*,#3778,.F.);
#2226=ORIENTED_EDGE('',*,*,#4047,.T.);
#2227=ORIENTED_EDGE('',*,*,#4046,.F.);
#2228=ORIENTED_EDGE('',*,*,#4048,.T.);
#2229=ORIENTED_EDGE('',*,*,#4047,.F.);
#2230=ORIENTED_EDGE('',*,*,#4049,.T.);
#2231=ORIENTED_EDGE('',*,*,#4048,.F.);
#2232=ORIENTED_EDGE('',*,*,#4050,.T.);
#2233=ORIENTED_EDGE('',*,*,#4049,.F.);
#2234=ORIENTED_EDGE('',*,*,#4051,.T.);
#2235=ORIENTED_EDGE('',*,*,#4050,.F.);
#2236=ORIENTED_EDGE('',*,*,#4052,.T.);
#2237=ORIENTED_EDGE('',*,*,#4051,.F.);
#2238=ORIENTED_EDGE('',*,*,#4053,.T.);
#2239=ORIENTED_EDGE('',*,*,#4052,.F.);
#2240=ORIENTED_EDGE('',*,*,#3880,.T.);
#2241=ORIENTED_EDGE('',*,*,#4053,.F.);
#2242=ORIENTED_EDGE('',*,*,#4054,.T.);
#2243=ORIENTED_EDGE('',*,*,#3777,.F.);
#2244=ORIENTED_EDGE('',*,*,#4055,.T.);
#2245=ORIENTED_EDGE('',*,*,#4054,.F.);
#2246=ORIENTED_EDGE('',*,*,#4056,.T.);
#2247=ORIENTED_EDGE('',*,*,#4055,.F.);
#2248=ORIENTED_EDGE('',*,*,#4057,.T.);
#2249=ORIENTED_EDGE('',*,*,#4056,.F.);
#2250=ORIENTED_EDGE('',*,*,#4058,.T.);
#2251=ORIENTED_EDGE('',*,*,#4057,.F.);
#2252=ORIENTED_EDGE('',*,*,#4059,.T.);
#2253=ORIENTED_EDGE('',*,*,#4058,.F.);
#2254=ORIENTED_EDGE('',*,*,#4060,.T.);
#2255=ORIENTED_EDGE('',*,*,#4059,.F.);
#2256=ORIENTED_EDGE('',*,*,#4061,.T.);
#2257=ORIENTED_EDGE('',*,*,#4060,.F.);
#2258=ORIENTED_EDGE('',*,*,#3879,.T.);
#2259=ORIENTED_EDGE('',*,*,#4061,.F.);
#2260=ORIENTED_EDGE('',*,*,#4062,.T.);
#2261=ORIENTED_EDGE('',*,*,#3776,.F.);
#2262=ORIENTED_EDGE('',*,*,#4063,.T.);
#2263=ORIENTED_EDGE('',*,*,#4062,.F.);
#2264=ORIENTED_EDGE('',*,*,#4064,.T.);
#2265=ORIENTED_EDGE('',*,*,#4063,.F.);
#2266=ORIENTED_EDGE('',*,*,#4065,.T.);
#2267=ORIENTED_EDGE('',*,*,#4064,.F.);
#2268=ORIENTED_EDGE('',*,*,#4066,.T.);
#2269=ORIENTED_EDGE('',*,*,#4065,.F.);
#2270=ORIENTED_EDGE('',*,*,#4067,.T.);
#2271=ORIENTED_EDGE('',*,*,#4066,.F.);
#2272=ORIENTED_EDGE('',*,*,#4068,.T.);
#2273=ORIENTED_EDGE('',*,*,#4067,.F.);
#2274=ORIENTED_EDGE('',*,*,#4069,.T.);
#2275=ORIENTED_EDGE('',*,*,#4068,.F.);
#2276=ORIENTED_EDGE('',*,*,#3878,.T.);
#2277=ORIENTED_EDGE('',*,*,#4069,.F.);
#2278=ORIENTED_EDGE('',*,*,#4070,.T.);
#2279=ORIENTED_EDGE('',*,*,#3775,.F.);
#2280=ORIENTED_EDGE('',*,*,#4071,.T.);
#2281=ORIENTED_EDGE('',*,*,#4070,.F.);
#2282=ORIENTED_EDGE('',*,*,#4072,.T.);
#2283=ORIENTED_EDGE('',*,*,#4071,.F.);
#2284=ORIENTED_EDGE('',*,*,#4073,.T.);
#2285=ORIENTED_EDGE('',*,*,#4072,.F.);
#2286=ORIENTED_EDGE('',*,*,#4074,.T.);
#2287=ORIENTED_EDGE('',*,*,#4073,.F.);
#2288=ORIENTED_EDGE('',*,*,#4075,.T.);
#2289=ORIENTED_EDGE('',*,*,#4074,.F.);
#2290=ORIENTED_EDGE('',*,*,#4076,.T.);
#2291=ORIENTED_EDGE('',*,*,#4075,.F.);
#2292=ORIENTED_EDGE('',*,*,#4077,.T.);
#2293=ORIENTED_EDGE('',*,*,#4076,.F.);
#2294=ORIENTED_EDGE('',*,*,#3877,.T.);
#2295=ORIENTED_EDGE('',*,*,#4077,.F.);
#2296=ORIENTED_EDGE('',*,*,#4078,.T.);
#2297=ORIENTED_EDGE('',*,*,#3774,.F.);
#2298=ORIENTED_EDGE('',*,*,#4079,.T.);
#2299=ORIENTED_EDGE('',*,*,#4078,.F.);
#2300=ORIENTED_EDGE('',*,*,#4080,.T.);
#2301=ORIENTED_EDGE('',*,*,#4079,.F.);
#2302=ORIENTED_EDGE('',*,*,#4081,.T.);
#2303=ORIENTED_EDGE('',*,*,#4080,.F.);
#2304=ORIENTED_EDGE('',*,*,#4082,.T.);
#2305=ORIENTED_EDGE('',*,*,#4081,.F.);
#2306=ORIENTED_EDGE('',*,*,#4083,.T.);
#2307=ORIENTED_EDGE('',*,*,#4082,.F.);
#2308=ORIENTED_EDGE('',*,*,#4084,.T.);
#2309=ORIENTED_EDGE('',*,*,#4083,.F.);
#2310=ORIENTED_EDGE('',*,*,#4085,.T.);
#2311=ORIENTED_EDGE('',*,*,#4084,.F.);
#2312=ORIENTED_EDGE('',*,*,#3876,.T.);
#2313=ORIENTED_EDGE('',*,*,#4085,.F.);
#2314=ORIENTED_EDGE('',*,*,#4086,.T.);
#2315=ORIENTED_EDGE('',*,*,#3773,.F.);
#2316=ORIENTED_EDGE('',*,*,#4087,.T.);
#2317=ORIENTED_EDGE('',*,*,#4086,.F.);
#2318=ORIENTED_EDGE('',*,*,#4088,.T.);
#2319=ORIENTED_EDGE('',*,*,#4087,.F.);
#2320=ORIENTED_EDGE('',*,*,#4089,.T.);
#2321=ORIENTED_EDGE('',*,*,#4088,.F.);
#2322=ORIENTED_EDGE('',*,*,#4090,.T.);
#2323=ORIENTED_EDGE('',*,*,#4089,.F.);
#2324=ORIENTED_EDGE('',*,*,#4091,.T.);
#2325=ORIENTED_EDGE('',*,*,#4090,.F.);
#2326=ORIENTED_EDGE('',*,*,#4092,.T.);
#2327=ORIENTED_EDGE('',*,*,#4091,.F.);
#2328=ORIENTED_EDGE('',*,*,#4093,.T.);
#2329=ORIENTED_EDGE('',*,*,#4092,.F.);
#2330=ORIENTED_EDGE('',*,*,#3875,.T.);
#2331=ORIENTED_EDGE('',*,*,#4093,.F.);
#2332=ORIENTED_EDGE('',*,*,#4094,.T.);
#2333=ORIENTED_EDGE('',*,*,#3772,.F.);
#2334=ORIENTED_EDGE('',*,*,#4095,.T.);
#2335=ORIENTED_EDGE('',*,*,#4094,.F.);
#2336=ORIENTED_EDGE('',*,*,#4096,.T.);
#2337=ORIENTED_EDGE('',*,*,#4095,.F.);
#2338=ORIENTED_EDGE('',*,*,#4097,.T.);
#2339=ORIENTED_EDGE('',*,*,#4096,.F.);
#2340=ORIENTED_EDGE('',*,*,#4098,.T.);
#2341=ORIENTED_EDGE('',*,*,#4097,.F.);
#2342=ORIENTED_EDGE('',*,*,#4099,.T.);
#2343=ORIENTED_EDGE('',*,*,#4098,.F.);
#2344=ORIENTED_EDGE('',*,*,#4100,.T.);
#2345=ORIENTED_EDGE('',*,*,#4099,.F.);
#2346=ORIENTED_EDGE('',*,*,#4101,.T.);
#2347=ORIENTED_EDGE('',*,*,#4100,.F.);
#2348=ORIENTED_EDGE('',*,*,#3874,.T.);
#2349=ORIENTED_EDGE('',*,*,#4101,.F.);
#2350=ORIENTED_EDGE('',*,*,#4102,.T.);
#2351=ORIENTED_EDGE('',*,*,#3771,.F.);
#2352=ORIENTED_EDGE('',*,*,#4103,.T.);
#2353=ORIENTED_EDGE('',*,*,#4102,.F.);
#2354=ORIENTED_EDGE('',*,*,#4104,.T.);
#2355=ORIENTED_EDGE('',*,*,#4103,.F.);
#2356=ORIENTED_EDGE('',*,*,#4105,.T.);
#2357=ORIENTED_EDGE('',*,*,#4104,.F.);
#2358=ORIENTED_EDGE('',*,*,#4106,.T.);
#2359=ORIENTED_EDGE('',*,*,#4105,.F.);
#2360=ORIENTED_EDGE('',*,*,#4107,.T.);
#2361=ORIENTED_EDGE('',*,*,#4106,.F.);
#2362=ORIENTED_EDGE('',*,*,#4108,.T.);
#2363=ORIENTED_EDGE('',*,*,#4107,.F.);
#2364=ORIENTED_EDGE('',*,*,#4109,.T.);
#2365=ORIENTED_EDGE('',*,*,#4108,.F.);
#2366=ORIENTED_EDGE('',*,*,#3873,.T.);
#2367=ORIENTED_EDGE('',*,*,#4109,.F.);
#2368=ORIENTED_EDGE('',*,*,#4110,.T.);
#2369=ORIENTED_EDGE('',*,*,#3770,.F.);
#2370=ORIENTED_EDGE('',*,*,#4111,.T.);
#2371=ORIENTED_EDGE('',*,*,#4110,.F.);
#2372=ORIENTED_EDGE('',*,*,#4112,.T.);
#2373=ORIENTED_EDGE('',*,*,#4111,.F.);
#2374=ORIENTED_EDGE('',*,*,#4113,.T.);
#2375=ORIENTED_EDGE('',*,*,#4112,.F.);
#2376=ORIENTED_EDGE('',*,*,#4114,.T.);
#2377=ORIENTED_EDGE('',*,*,#4113,.F.);
#2378=ORIENTED_EDGE('',*,*,#4115,.T.);
#2379=ORIENTED_EDGE('',*,*,#4114,.F.);
#2380=ORIENTED_EDGE('',*,*,#4116,.T.);
#2381=ORIENTED_EDGE('',*,*,#4115,.F.);
#2382=ORIENTED_EDGE('',*,*,#4117,.T.);
#2383=ORIENTED_EDGE('',*,*,#4116,.F.);
#2384=ORIENTED_EDGE('',*,*,#3872,.T.);
#2385=ORIENTED_EDGE('',*,*,#4117,.F.);
#2386=ORIENTED_EDGE('',*,*,#4118,.T.);
#2387=ORIENTED_EDGE('',*,*,#3769,.F.);
#2388=ORIENTED_EDGE('',*,*,#4119,.T.);
#2389=ORIENTED_EDGE('',*,*,#4118,.F.);
#2390=ORIENTED_EDGE('',*,*,#4120,.T.);
#2391=ORIENTED_EDGE('',*,*,#4119,.F.);
#2392=ORIENTED_EDGE('',*,*,#4121,.T.);
#2393=ORIENTED_EDGE('',*,*,#4120,.F.);
#2394=ORIENTED_EDGE('',*,*,#4122,.T.);
#2395=ORIENTED_EDGE('',*,*,#4121,.F.);
#2396=ORIENTED_EDGE('',*,*,#4123,.T.);
#2397=ORIENTED_EDGE('',*,*,#4122,.F.);
#2398=ORIENTED_EDGE('',*,*,#4124,.T.);
#2399=ORIENTED_EDGE('',*,*,#4123,.F.);
#2400=ORIENTED_EDGE('',*,*,#4125,.T.);
#2401=ORIENTED_EDGE('',*,*,#4124,.F.);
#2402=ORIENTED_EDGE('',*,*,#3871,.T.);
#2403=ORIENTED_EDGE('',*,*,#4125,.F.);
#2404=ORIENTED_EDGE('',*,*,#4126,.T.);
#2405=ORIENTED_EDGE('',*,*,#3768,.F.);
#2406=ORIENTED_EDGE('',*,*,#4127,.T.);
#2407=ORIENTED_EDGE('',*,*,#4126,.F.);
#2408=ORIENTED_EDGE('',*,*,#4128,.T.);
#2409=ORIENTED_EDGE('',*,*,#4127,.F.);
#2410=ORIENTED_EDGE('',*,*,#4129,.T.);
#2411=ORIENTED_EDGE('',*,*,#4128,.F.);
#2412=ORIENTED_EDGE('',*,*,#4130,.T.);
#2413=ORIENTED_EDGE('',*,*,#4129,.F.);
#2414=ORIENTED_EDGE('',*,*,#4131,.T.);
#2415=ORIENTED_EDGE('',*,*,#4130,.F.);
#2416=ORIENTED_EDGE('',*,*,#4132,.T.);
#2417=ORIENTED_EDGE('',*,*,#4131,.F.);
#2418=ORIENTED_EDGE('',*,*,#4133,.T.);
#2419=ORIENTED_EDGE('',*,*,#4132,.F.);
#2420=ORIENTED_EDGE('',*,*,#3870,.T.);
#2421=ORIENTED_EDGE('',*,*,#4133,.F.);
#2422=ORIENTED_EDGE('',*,*,#4134,.T.);
#2423=ORIENTED_EDGE('',*,*,#3767,.F.);
#2424=ORIENTED_EDGE('',*,*,#4135,.T.);
#2425=ORIENTED_EDGE('',*,*,#4134,.F.);
#2426=ORIENTED_EDGE('',*,*,#4136,.T.);
#2427=ORIENTED_EDGE('',*,*,#4135,.F.);
#2428=ORIENTED_EDGE('',*,*,#4137,.T.);
#2429=ORIENTED_EDGE('',*,*,#4136,.F.);
#2430=ORIENTED_EDGE('',*,*,#4138,.T.);
#2431=ORIENTED_EDGE('',*,*,#4137,.F.);
#2432=ORIENTED_EDGE('',*,*,#4139,.T.);
#2433=ORIENTED_EDGE('',*,*,#4138,.F.);
#2434=ORIENTED_EDGE('',*,*,#4140,.T.);
#2435=ORIENTED_EDGE('',*,*,#4139,.F.);
#2436=ORIENTED_EDGE('',*,*,#4141,.T.);
#2437=ORIENTED_EDGE('',*,*,#4140,.F.);
#2438=ORIENTED_EDGE('',*,*,#3869,.T.);
#2439=ORIENTED_EDGE('',*,*,#4141,.F.);
#2440=ORIENTED_EDGE('',*,*,#4142,.T.);
#2441=ORIENTED_EDGE('',*,*,#3766,.F.);
#2442=ORIENTED_EDGE('',*,*,#4143,.T.);
#2443=ORIENTED_EDGE('',*,*,#4142,.F.);
#2444=ORIENTED_EDGE('',*,*,#4144,.T.);
#2445=ORIENTED_EDGE('',*,*,#4143,.F.);
#2446=ORIENTED_EDGE('',*,*,#4145,.T.);
#2447=ORIENTED_EDGE('',*,*,#4144,.F.);
#2448=ORIENTED_EDGE('',*,*,#4146,.T.);
#2449=ORIENTED_EDGE('',*,*,#4145,.F.);
#2450=ORIENTED_EDGE('',*,*,#4147,.T.);
#2451=ORIENTED_EDGE('',*,*,#4146,.F.);
#2452=ORIENTED_EDGE('',*,*,#4148,.T.);
#2453=ORIENTED_EDGE('',*,*,#4147,.F.);
#2454=ORIENTED_EDGE('',*,*,#4149,.T.);
#2455=ORIENTED_EDGE('',*,*,#4148,.F.);
#2456=ORIENTED_EDGE('',*,*,#3868,.T.);
#2457=ORIENTED_EDGE('',*,*,#4149,.F.);
#2458=ORIENTED_EDGE('',*,*,#4150,.T.);
#2459=ORIENTED_EDGE('',*,*,#3765,.F.);
#2460=ORIENTED_EDGE('',*,*,#4151,.T.);
#2461=ORIENTED_EDGE('',*,*,#4150,.F.);
#2462=ORIENTED_EDGE('',*,*,#4152,.T.);
#2463=ORIENTED_EDGE('',*,*,#4151,.F.);
#2464=ORIENTED_EDGE('',*,*,#4153,.T.);
#2465=ORIENTED_EDGE('',*,*,#4152,.F.);
#2466=ORIENTED_EDGE('',*,*,#4154,.T.);
#2467=ORIENTED_EDGE('',*,*,#4153,.F.);
#2468=ORIENTED_EDGE('',*,*,#4155,.T.);
#2469=ORIENTED_EDGE('',*,*,#4154,.F.);
#2470=ORIENTED_EDGE('',*,*,#4156,.T.);
#2471=ORIENTED_EDGE('',*,*,#4155,.F.);
#2472=ORIENTED_EDGE('',*,*,#4157,.T.);
#2473=ORIENTED_EDGE('',*,*,#4156,.F.);
#2474=ORIENTED_EDGE('',*,*,#3867,.T.);
#2475=ORIENTED_EDGE('',*,*,#4157,.F.);
#2476=ORIENTED_EDGE('',*,*,#4158,.T.);
#2477=ORIENTED_EDGE('',*,*,#3764,.F.);
#2478=ORIENTED_EDGE('',*,*,#4159,.T.);
#2479=ORIENTED_EDGE('',*,*,#4158,.F.);
#2480=ORIENTED_EDGE('',*,*,#4160,.T.);
#2481=ORIENTED_EDGE('',*,*,#4159,.F.);
#2482=ORIENTED_EDGE('',*,*,#4161,.T.);
#2483=ORIENTED_EDGE('',*,*,#4160,.F.);
#2484=ORIENTED_EDGE('',*,*,#4162,.T.);
#2485=ORIENTED_EDGE('',*,*,#4161,.F.);
#2486=ORIENTED_EDGE('',*,*,#4163,.T.);
#2487=ORIENTED_EDGE('',*,*,#4162,.F.);
#2488=ORIENTED_EDGE('',*,*,#4164,.T.);
#2489=ORIENTED_EDGE('',*,*,#4163,.F.);
#2490=ORIENTED_EDGE('',*,*,#4165,.T.);
#2491=ORIENTED_EDGE('',*,*,#4164,.F.);
#2492=ORIENTED_EDGE('',*,*,#3866,.T.);
#2493=ORIENTED_EDGE('',*,*,#4165,.F.);
#2494=ORIENTED_EDGE('',*,*,#4166,.T.);
#2495=ORIENTED_EDGE('',*,*,#3763,.F.);
#2496=ORIENTED_EDGE('',*,*,#4167,.T.);
#2497=ORIENTED_EDGE('',*,*,#4166,.F.);
#2498=ORIENTED_EDGE('',*,*,#4168,.T.);
#2499=ORIENTED_EDGE('',*,*,#4167,.F.);
#2500=ORIENTED_EDGE('',*,*,#4169,.T.);
#2501=ORIENTED_EDGE('',*,*,#4168,.F.);
#2502=ORIENTED_EDGE('',*,*,#4170,.T.);
#2503=ORIENTED_EDGE('',*,*,#4169,.F.);
#2504=ORIENTED_EDGE('',*,*,#4171,.T.);
#2505=ORIENTED_EDGE('',*,*,#4170,.F.);
#2506=ORIENTED_EDGE('',*,*,#4172,.T.);
#2507=ORIENTED_EDGE('',*,*,#4171,.F.);
#2508=ORIENTED_EDGE('',*,*,#4173,.T.);
#2509=ORIENTED_EDGE('',*,*,#4172,.F.);
#2510=ORIENTED_EDGE('',*,*,#3865,.T.);
#2511=ORIENTED_EDGE('',*,*,#4173,.F.);
#2512=ORIENTED_EDGE('',*,*,#4174,.T.);
#2513=ORIENTED_EDGE('',*,*,#3762,.F.);
#2514=ORIENTED_EDGE('',*,*,#4175,.T.);
#2515=ORIENTED_EDGE('',*,*,#4174,.F.);
#2516=ORIENTED_EDGE('',*,*,#4176,.T.);
#2517=ORIENTED_EDGE('',*,*,#4175,.F.);
#2518=ORIENTED_EDGE('',*,*,#4177,.T.);
#2519=ORIENTED_EDGE('',*,*,#4176,.F.);
#2520=ORIENTED_EDGE('',*,*,#4178,.T.);
#2521=ORIENTED_EDGE('',*,*,#4177,.F.);
#2522=ORIENTED_EDGE('',*,*,#4179,.T.);
#2523=ORIENTED_EDGE('',*,*,#4178,.F.);
#2524=ORIENTED_EDGE('',*,*,#4180,.T.);
#2525=ORIENTED_EDGE('',*,*,#4179,.F.);
#2526=ORIENTED_EDGE('',*,*,#4181,.T.);
#2527=ORIENTED_EDGE('',*,*,#4180,.F.);
#2528=ORIENTED_EDGE('',*,*,#3864,.T.);
#2529=ORIENTED_EDGE('',*,*,#4181,.F.);
#2530=ORIENTED_EDGE('',*,*,#4182,.T.);
#2531=ORIENTED_EDGE('',*,*,#3761,.F.);
#2532=ORIENTED_EDGE('',*,*,#4183,.T.);
#2533=ORIENTED_EDGE('',*,*,#4182,.F.);
#2534=ORIENTED_EDGE('',*,*,#4184,.T.);
#2535=ORIENTED_EDGE('',*,*,#4183,.F.);
#2536=ORIENTED_EDGE('',*,*,#4185,.T.);
#2537=ORIENTED_EDGE('',*,*,#4184,.F.);
#2538=ORIENTED_EDGE('',*,*,#4186,.T.);
#2539=ORIENTED_EDGE('',*,*,#4185,.F.);
#2540=ORIENTED_EDGE('',*,*,#4187,.T.);
#2541=ORIENTED_EDGE('',*,*,#4186,.F.);
#2542=ORIENTED_EDGE('',*,*,#4188,.T.);
#2543=ORIENTED_EDGE('',*,*,#4187,.F.);
#2544=ORIENTED_EDGE('',*,*,#4189,.T.);
#2545=ORIENTED_EDGE('',*,*,#4188,.F.);
#2546=ORIENTED_EDGE('',*,*,#3863,.T.);
#2547=ORIENTED_EDGE('',*,*,#4189,.F.);
#2548=ORIENTED_EDGE('',*,*,#4190,.T.);
#2549=ORIENTED_EDGE('',*,*,#3760,.F.);
#2550=ORIENTED_EDGE('',*,*,#4191,.T.);
#2551=ORIENTED_EDGE('',*,*,#4190,.F.);
#2552=ORIENTED_EDGE('',*,*,#4192,.T.);
#2553=ORIENTED_EDGE('',*,*,#4191,.F.);
#2554=ORIENTED_EDGE('',*,*,#4193,.T.);
#2555=ORIENTED_EDGE('',*,*,#4192,.F.);
#2556=ORIENTED_EDGE('',*,*,#4194,.T.);
#2557=ORIENTED_EDGE('',*,*,#4193,.F.);
#2558=ORIENTED_EDGE('',*,*,#4195,.T.);
#2559=ORIENTED_EDGE('',*,*,#4194,.F.);
#2560=ORIENTED_EDGE('',*,*,#4196,.T.);
#2561=ORIENTED_EDGE('',*,*,#4195,.F.);
#2562=ORIENTED_EDGE('',*,*,#4197,.T.);
#2563=ORIENTED_EDGE('',*,*,#4196,.F.);
#2564=ORIENTED_EDGE('',*,*,#3862,.T.);
#2565=ORIENTED_EDGE('',*,*,#4197,.F.);
#2566=ORIENTED_EDGE('',*,*,#4198,.T.);
#2567=ORIENTED_EDGE('',*,*,#3759,.F.);
#2568=ORIENTED_EDGE('',*,*,#4199,.T.);
#2569=ORIENTED_EDGE('',*,*,#4198,.F.);
#2570=ORIENTED_EDGE('',*,*,#4200,.T.);
#2571=ORIENTED_EDGE('',*,*,#4199,.F.);
#2572=ORIENTED_EDGE('',*,*,#4201,.T.);
#2573=ORIENTED_EDGE('',*,*,#4200,.F.);
#2574=ORIENTED_EDGE('',*,*,#4202,.T.);
#2575=ORIENTED_EDGE('',*,*,#4201,.F.);
#2576=ORIENTED_EDGE('',*,*,#4203,.T.);
#2577=ORIENTED_EDGE('',*,*,#4202,.F.);
#2578=ORIENTED_EDGE('',*,*,#4204,.T.);
#2579=ORIENTED_EDGE('',*,*,#4203,.F.);
#2580=ORIENTED_EDGE('',*,*,#4205,.T.);
#2581=ORIENTED_EDGE('',*,*,#4204,.F.);
#2582=ORIENTED_EDGE('',*,*,#3861,.T.);
#2583=ORIENTED_EDGE('',*,*,#4205,.F.);
#2584=ORIENTED_EDGE('',*,*,#4206,.T.);
#2585=ORIENTED_EDGE('',*,*,#3758,.F.);
#2586=ORIENTED_EDGE('',*,*,#4207,.T.);
#2587=ORIENTED_EDGE('',*,*,#4206,.F.);
#2588=ORIENTED_EDGE('',*,*,#4208,.T.);
#2589=ORIENTED_EDGE('',*,*,#4207,.F.);
#2590=ORIENTED_EDGE('',*,*,#4209,.T.);
#2591=ORIENTED_EDGE('',*,*,#4208,.F.);
#2592=ORIENTED_EDGE('',*,*,#4210,.T.);
#2593=ORIENTED_EDGE('',*,*,#4209,.F.);
#2594=ORIENTED_EDGE('',*,*,#4211,.T.);
#2595=ORIENTED_EDGE('',*,*,#4210,.F.);
#2596=ORIENTED_EDGE('',*,*,#4212,.T.);
#2597=ORIENTED_EDGE('',*,*,#4211,.F.);
#2598=ORIENTED_EDGE('',*,*,#4213,.T.);
#2599=ORIENTED_EDGE('',*,*,#4212,.F.);
#2600=ORIENTED_EDGE('',*,*,#3860,.T.);
#2601=ORIENTED_EDGE('',*,*,#4213,.F.);
#2602=ORIENTED_EDGE('',*,*,#4214,.T.);
#2603=ORIENTED_EDGE('',*,*,#3757,.F.);
#2604=ORIENTED_EDGE('',*,*,#4215,.T.);
#2605=ORIENTED_EDGE('',*,*,#4214,.F.);
#2606=ORIENTED_EDGE('',*,*,#4216,.T.);
#2607=ORIENTED_EDGE('',*,*,#4215,.F.);
#2608=ORIENTED_EDGE('',*,*,#4217,.T.);
#2609=ORIENTED_EDGE('',*,*,#4216,.F.);
#2610=ORIENTED_EDGE('',*,*,#4218,.T.);
#2611=ORIENTED_EDGE('',*,*,#4217,.F.);
#2612=ORIENTED_EDGE('',*,*,#4219,.T.);
#2613=ORIENTED_EDGE('',*,*,#4218,.F.);
#2614=ORIENTED_EDGE('',*,*,#4220,.T.);
#2615=ORIENTED_EDGE('',*,*,#4219,.F.);
#2616=ORIENTED_EDGE('',*,*,#4221,.T.);
#2617=ORIENTED_EDGE('',*,*,#4220,.F.);
#2618=ORIENTED_EDGE('',*,*,#3859,.T.);
#2619=ORIENTED_EDGE('',*,*,#4221,.F.);
#2620=ORIENTED_EDGE('',*,*,#4222,.T.);
#2621=ORIENTED_EDGE('',*,*,#3756,.F.);
#2622=ORIENTED_EDGE('',*,*,#4223,.T.);
#2623=ORIENTED_EDGE('',*,*,#4222,.F.);
#2624=ORIENTED_EDGE('',*,*,#4224,.T.);
#2625=ORIENTED_EDGE('',*,*,#4223,.F.);
#2626=ORIENTED_EDGE('',*,*,#4225,.T.);
#2627=ORIENTED_EDGE('',*,*,#4224,.F.);
#2628=ORIENTED_EDGE('',*,*,#4226,.T.);
#2629=ORIENTED_EDGE('',*,*,#4225,.F.);
#2630=ORIENTED_EDGE('',*,*,#4227,.T.);
#2631=ORIENTED_EDGE('',*,*,#4226,.F.);
#2632=ORIENTED_EDGE('',*,*,#4228,.T.);
#2633=ORIENTED_EDGE('',*,*,#4227,.F.);
#2634=ORIENTED_EDGE('',*,*,#4229,.T.);
#2635=ORIENTED_EDGE('',*,*,#4228,.F.);
#2636=ORIENTED_EDGE('',*,*,#3858,.T.);
#2637=ORIENTED_EDGE('',*,*,#4229,.F.);
#2638=ORIENTED_EDGE('',*,*,#4230,.T.);
#2639=ORIENTED_EDGE('',*,*,#3755,.F.);
#2640=ORIENTED_EDGE('',*,*,#4231,.T.);
#2641=ORIENTED_EDGE('',*,*,#4230,.F.);
#2642=ORIENTED_EDGE('',*,*,#4232,.T.);
#2643=ORIENTED_EDGE('',*,*,#4231,.F.);
#2644=ORIENTED_EDGE('',*,*,#4233,.T.);
#2645=ORIENTED_EDGE('',*,*,#4232,.F.);
#2646=ORIENTED_EDGE('',*,*,#4234,.T.);
#2647=ORIENTED_EDGE('',*,*,#4233,.F.);
#2648=ORIENTED_EDGE('',*,*,#4235,.T.);
#2649=ORIENTED_EDGE('',*,*,#4234,.F.);
#2650=ORIENTED_EDGE('',*,*,#4236,.T.);
#2651=ORIENTED_EDGE('',*,*,#4235,.F.);
#2652=ORIENTED_EDGE('',*,*,#4237,.T.);
#2653=ORIENTED_EDGE('',*,*,#4236,.F.);
#2654=ORIENTED_EDGE('',*,*,#3857,.T.);
#2655=ORIENTED_EDGE('',*,*,#4237,.F.);
#2656=ORIENTED_EDGE('',*,*,#4238,.T.);
#2657=ORIENTED_EDGE('',*,*,#3754,.F.);
#2658=ORIENTED_EDGE('',*,*,#4239,.T.);
#2659=ORIENTED_EDGE('',*,*,#4238,.F.);
#2660=ORIENTED_EDGE('',*,*,#4240,.T.);
#2661=ORIENTED_EDGE('',*,*,#4239,.F.);
#2662=ORIENTED_EDGE('',*,*,#4241,.T.);
#2663=ORIENTED_EDGE('',*,*,#4240,.F.);
#2664=ORIENTED_EDGE('',*,*,#4242,.T.);
#2665=ORIENTED_EDGE('',*,*,#4241,.F.);
#2666=ORIENTED_EDGE('',*,*,#4243,.T.);
#2667=ORIENTED_EDGE('',*,*,#4242,.F.);
#2668=ORIENTED_EDGE('',*,*,#4244,.T.);
#2669=ORIENTED_EDGE('',*,*,#4243,.F.);
#2670=ORIENTED_EDGE('',*,*,#4245,.T.);
#2671=ORIENTED_EDGE('',*,*,#4244,.F.);
#2672=ORIENTED_EDGE('',*,*,#3856,.T.);
#2673=ORIENTED_EDGE('',*,*,#4245,.F.);
#2674=ORIENTED_EDGE('',*,*,#4246,.T.);
#2675=ORIENTED_EDGE('',*,*,#3753,.F.);
#2676=ORIENTED_EDGE('',*,*,#4247,.T.);
#2677=ORIENTED_EDGE('',*,*,#4246,.F.);
#2678=ORIENTED_EDGE('',*,*,#4248,.T.);
#2679=ORIENTED_EDGE('',*,*,#4247,.F.);
#2680=ORIENTED_EDGE('',*,*,#4249,.T.);
#2681=ORIENTED_EDGE('',*,*,#4248,.F.);
#2682=ORIENTED_EDGE('',*,*,#4250,.T.);
#2683=ORIENTED_EDGE('',*,*,#4249,.F.);
#2684=ORIENTED_EDGE('',*,*,#4251,.T.);
#2685=ORIENTED_EDGE('',*,*,#4250,.F.);
#2686=ORIENTED_EDGE('',*,*,#4252,.T.);
#2687=ORIENTED_EDGE('',*,*,#4251,.F.);
#2688=ORIENTED_EDGE('',*,*,#4253,.T.);
#2689=ORIENTED_EDGE('',*,*,#4252,.F.);
#2690=ORIENTED_EDGE('',*,*,#3855,.T.);
#2691=ORIENTED_EDGE('',*,*,#4253,.F.);
#2692=ORIENTED_EDGE('',*,*,#4254,.T.);
#2693=ORIENTED_EDGE('',*,*,#3752,.F.);
#2694=ORIENTED_EDGE('',*,*,#4255,.T.);
#2695=ORIENTED_EDGE('',*,*,#4254,.F.);
#2696=ORIENTED_EDGE('',*,*,#4256,.T.);
#2697=ORIENTED_EDGE('',*,*,#4255,.F.);
#2698=ORIENTED_EDGE('',*,*,#4257,.T.);
#2699=ORIENTED_EDGE('',*,*,#4256,.F.);
#2700=ORIENTED_EDGE('',*,*,#4258,.T.);
#2701=ORIENTED_EDGE('',*,*,#4257,.F.);
#2702=ORIENTED_EDGE('',*,*,#4259,.T.);
#2703=ORIENTED_EDGE('',*,*,#4258,.F.);
#2704=ORIENTED_EDGE('',*,*,#4260,.T.);
#2705=ORIENTED_EDGE('',*,*,#4259,.F.);
#2706=ORIENTED_EDGE('',*,*,#4261,.T.);
#2707=ORIENTED_EDGE('',*,*,#4260,.F.);
#2708=ORIENTED_EDGE('',*,*,#3854,.T.);
#2709=ORIENTED_EDGE('',*,*,#4261,.F.);
#2710=ORIENTED_EDGE('',*,*,#4262,.T.);
#2711=ORIENTED_EDGE('',*,*,#3751,.F.);
#2712=ORIENTED_EDGE('',*,*,#4263,.T.);
#2713=ORIENTED_EDGE('',*,*,#4262,.F.);
#2714=ORIENTED_EDGE('',*,*,#4264,.T.);
#2715=ORIENTED_EDGE('',*,*,#4263,.F.);
#2716=ORIENTED_EDGE('',*,*,#4265,.T.);
#2717=ORIENTED_EDGE('',*,*,#4264,.F.);
#2718=ORIENTED_EDGE('',*,*,#4266,.T.);
#2719=ORIENTED_EDGE('',*,*,#4265,.F.);
#2720=ORIENTED_EDGE('',*,*,#4267,.T.);
#2721=ORIENTED_EDGE('',*,*,#4266,.F.);
#2722=ORIENTED_EDGE('',*,*,#4268,.T.);
#2723=ORIENTED_EDGE('',*,*,#4267,.F.);
#2724=ORIENTED_EDGE('',*,*,#4269,.T.);
#2725=ORIENTED_EDGE('',*,*,#4268,.F.);
#2726=ORIENTED_EDGE('',*,*,#3853,.T.);
#2727=ORIENTED_EDGE('',*,*,#4269,.F.);
#2728=ORIENTED_EDGE('',*,*,#4270,.T.);
#2729=ORIENTED_EDGE('',*,*,#3750,.F.);
#2730=ORIENTED_EDGE('',*,*,#4271,.T.);
#2731=ORIENTED_EDGE('',*,*,#4270,.F.);
#2732=ORIENTED_EDGE('',*,*,#4272,.T.);
#2733=ORIENTED_EDGE('',*,*,#4271,.F.);
#2734=ORIENTED_EDGE('',*,*,#4273,.T.);
#2735=ORIENTED_EDGE('',*,*,#4272,.F.);
#2736=ORIENTED_EDGE('',*,*,#4274,.T.);
#2737=ORIENTED_EDGE('',*,*,#4273,.F.);
#2738=ORIENTED_EDGE('',*,*,#4275,.T.);
#2739=ORIENTED_EDGE('',*,*,#4274,.F.);
#2740=ORIENTED_EDGE('',*,*,#4276,.T.);
#2741=ORIENTED_EDGE('',*,*,#4275,.F.);
#2742=ORIENTED_EDGE('',*,*,#4277,.T.);
#2743=ORIENTED_EDGE('',*,*,#4276,.F.);
#2744=ORIENTED_EDGE('',*,*,#3852,.T.);
#2745=ORIENTED_EDGE('',*,*,#4277,.F.);
#2746=ORIENTED_EDGE('',*,*,#4278,.T.);
#2747=ORIENTED_EDGE('',*,*,#3749,.F.);
#2748=ORIENTED_EDGE('',*,*,#4279,.T.);
#2749=ORIENTED_EDGE('',*,*,#4278,.F.);
#2750=ORIENTED_EDGE('',*,*,#4280,.T.);
#2751=ORIENTED_EDGE('',*,*,#4279,.F.);
#2752=ORIENTED_EDGE('',*,*,#4281,.T.);
#2753=ORIENTED_EDGE('',*,*,#4280,.F.);
#2754=ORIENTED_EDGE('',*,*,#4282,.T.);
#2755=ORIENTED_EDGE('',*,*,#4281,.F.);
#2756=ORIENTED_EDGE('',*,*,#4283,.T.);
#2757=ORIENTED_EDGE('',*,*,#4282,.F.);
#2758=ORIENTED_EDGE('',*,*,#4284,.T.);
#2759=ORIENTED_EDGE('',*,*,#4283,.F.);
#2760=ORIENTED_EDGE('',*,*,#4285,.T.);
#2761=ORIENTED_EDGE('',*,*,#4284,.F.);
#2762=ORIENTED_EDGE('',*,*,#3851,.T.);
#2763=ORIENTED_EDGE('',*,*,#4285,.F.);
#2764=ORIENTED_EDGE('',*,*,#4286,.T.);
#2765=ORIENTED_EDGE('',*,*,#3748,.F.);
#2766=ORIENTED_EDGE('',*,*,#4287,.T.);
#2767=ORIENTED_EDGE('',*,*,#4286,.F.);
#2768=ORIENTED_EDGE('',*,*,#4288,.T.);
#2769=ORIENTED_EDGE('',*,*,#4287,.F.);
#2770=ORIENTED_EDGE('',*,*,#4289,.T.);
#2771=ORIENTED_EDGE('',*,*,#4288,.F.);
#2772=ORIENTED_EDGE('',*,*,#4290,.T.);
#2773=ORIENTED_EDGE('',*,*,#4289,.F.);
#2774=ORIENTED_EDGE('',*,*,#4291,.T.);
#2775=ORIENTED_EDGE('',*,*,#4290,.F.);
#2776=ORIENTED_EDGE('',*,*,#4292,.T.);
#2777=ORIENTED_EDGE('',*,*,#4291,.F.);
#2778=ORIENTED_EDGE('',*,*,#4293,.T.);
#2779=ORIENTED_EDGE('',*,*,#4292,.F.);
#2780=ORIENTED_EDGE('',*,*,#3850,.T.);
#2781=ORIENTED_EDGE('',*,*,#4293,.F.);
#2782=ORIENTED_EDGE('',*,*,#4294,.T.);
#2783=ORIENTED_EDGE('',*,*,#3747,.F.);
#2784=ORIENTED_EDGE('',*,*,#4295,.T.);
#2785=ORIENTED_EDGE('',*,*,#4294,.F.);
#2786=ORIENTED_EDGE('',*,*,#4296,.T.);
#2787=ORIENTED_EDGE('',*,*,#4295,.F.);
#2788=ORIENTED_EDGE('',*,*,#4297,.T.);
#2789=ORIENTED_EDGE('',*,*,#4296,.F.);
#2790=ORIENTED_EDGE('',*,*,#4298,.T.);
#2791=ORIENTED_EDGE('',*,*,#4297,.F.);
#2792=ORIENTED_EDGE('',*,*,#4299,.T.);
#2793=ORIENTED_EDGE('',*,*,#4298,.F.);
#2794=ORIENTED_EDGE('',*,*,#4300,.T.);
#2795=ORIENTED_EDGE('',*,*,#4299,.F.);
#2796=ORIENTED_EDGE('',*,*,#4301,.T.);
#2797=ORIENTED_EDGE('',*,*,#4300,.F.);
#2798=ORIENTED_EDGE('',*,*,#3849,.T.);
#2799=ORIENTED_EDGE('',*,*,#4301,.F.);
#2800=ORIENTED_EDGE('',*,*,#4302,.T.);
#2801=ORIENTED_EDGE('',*,*,#3746,.F.);
#2802=ORIENTED_EDGE('',*,*,#4303,.T.);
#2803=ORIENTED_EDGE('',*,*,#4302,.F.);
#2804=ORIENTED_EDGE('',*,*,#4304,.T.);
#2805=ORIENTED_EDGE('',*,*,#4303,.F.);
#2806=ORIENTED_EDGE('',*,*,#4305,.T.);
#2807=ORIENTED_EDGE('',*,*,#4304,.F.);
#2808=ORIENTED_EDGE('',*,*,#4306,.T.);
#2809=ORIENTED_EDGE('',*,*,#4305,.F.);
#2810=ORIENTED_EDGE('',*,*,#4307,.T.);
#2811=ORIENTED_EDGE('',*,*,#4306,.F.);
#2812=ORIENTED_EDGE('',*,*,#4308,.T.);
#2813=ORIENTED_EDGE('',*,*,#4307,.F.);
#2814=ORIENTED_EDGE('',*,*,#4309,.T.);
#2815=ORIENTED_EDGE('',*,*,#4308,.F.);
#2816=ORIENTED_EDGE('',*,*,#3848,.T.);
#2817=ORIENTED_EDGE('',*,*,#4309,.F.);
#2818=ORIENTED_EDGE('',*,*,#4310,.T.);
#2819=ORIENTED_EDGE('',*,*,#3745,.F.);
#2820=ORIENTED_EDGE('',*,*,#4311,.T.);
#2821=ORIENTED_EDGE('',*,*,#4310,.F.);
#2822=ORIENTED_EDGE('',*,*,#4312,.T.);
#2823=ORIENTED_EDGE('',*,*,#4311,.F.);
#2824=ORIENTED_EDGE('',*,*,#4313,.T.);
#2825=ORIENTED_EDGE('',*,*,#4312,.F.);
#2826=ORIENTED_EDGE('',*,*,#4314,.T.);
#2827=ORIENTED_EDGE('',*,*,#4313,.F.);
#2828=ORIENTED_EDGE('',*,*,#4315,.T.);
#2829=ORIENTED_EDGE('',*,*,#4314,.F.);
#2830=ORIENTED_EDGE('',*,*,#4316,.T.);
#2831=ORIENTED_EDGE('',*,*,#4315,.F.);
#2832=ORIENTED_EDGE('',*,*,#4317,.T.);
#2833=ORIENTED_EDGE('',*,*,#4316,.F.);
#2834=ORIENTED_EDGE('',*,*,#3847,.T.);
#2835=ORIENTED_EDGE('',*,*,#4317,.F.);
#2836=ORIENTED_EDGE('',*,*,#4318,.T.);
#2837=ORIENTED_EDGE('',*,*,#3744,.F.);
#2838=ORIENTED_EDGE('',*,*,#4319,.T.);
#2839=ORIENTED_EDGE('',*,*,#4318,.F.);
#2840=ORIENTED_EDGE('',*,*,#4320,.T.);
#2841=ORIENTED_EDGE('',*,*,#4319,.F.);
#2842=ORIENTED_EDGE('',*,*,#4321,.T.);
#2843=ORIENTED_EDGE('',*,*,#4320,.F.);
#2844=ORIENTED_EDGE('',*,*,#4322,.T.);
#2845=ORIENTED_EDGE('',*,*,#4321,.F.);
#2846=ORIENTED_EDGE('',*,*,#4323,.T.);
#2847=ORIENTED_EDGE('',*,*,#4322,.F.);
#2848=ORIENTED_EDGE('',*,*,#4324,.T.);
#2849=ORIENTED_EDGE('',*,*,#4323,.F.);
#2850=ORIENTED_EDGE('',*,*,#4325,.T.);
#2851=ORIENTED_EDGE('',*,*,#4324,.F.);
#2852=ORIENTED_EDGE('',*,*,#3846,.T.);
#2853=ORIENTED_EDGE('',*,*,#4325,.F.);
#2854=ORIENTED_EDGE('',*,*,#4326,.T.);
#2855=ORIENTED_EDGE('',*,*,#3743,.F.);
#2856=ORIENTED_EDGE('',*,*,#4327,.T.);
#2857=ORIENTED_EDGE('',*,*,#4326,.F.);
#2858=ORIENTED_EDGE('',*,*,#4328,.T.);
#2859=ORIENTED_EDGE('',*,*,#4327,.F.);
#2860=ORIENTED_EDGE('',*,*,#4329,.T.);
#2861=ORIENTED_EDGE('',*,*,#4328,.F.);
#2862=ORIENTED_EDGE('',*,*,#4330,.T.);
#2863=ORIENTED_EDGE('',*,*,#4329,.F.);
#2864=ORIENTED_EDGE('',*,*,#4331,.T.);
#2865=ORIENTED_EDGE('',*,*,#4330,.F.);
#2866=ORIENTED_EDGE('',*,*,#4332,.T.);
#2867=ORIENTED_EDGE('',*,*,#4331,.F.);
#2868=ORIENTED_EDGE('',*,*,#4333,.T.);
#2869=ORIENTED_EDGE('',*,*,#4332,.F.);
#2870=ORIENTED_EDGE('',*,*,#3845,.T.);
#2871=ORIENTED_EDGE('',*,*,#4333,.F.);
#2872=ORIENTED_EDGE('',*,*,#4334,.T.);
#2873=ORIENTED_EDGE('',*,*,#3742,.F.);
#2874=ORIENTED_EDGE('',*,*,#4335,.T.);
#2875=ORIENTED_EDGE('',*,*,#4334,.F.);
#2876=ORIENTED_EDGE('',*,*,#4336,.T.);
#2877=ORIENTED_EDGE('',*,*,#4335,.F.);
#2878=ORIENTED_EDGE('',*,*,#4337,.T.);
#2879=ORIENTED_EDGE('',*,*,#4336,.F.);
#2880=ORIENTED_EDGE('',*,*,#4338,.T.);
#2881=ORIENTED_EDGE('',*,*,#4337,.F.);
#2882=ORIENTED_EDGE('',*,*,#4339,.T.);
#2883=ORIENTED_EDGE('',*,*,#4338,.F.);
#2884=ORIENTED_EDGE('',*,*,#4340,.T.);
#2885=ORIENTED_EDGE('',*,*,#4339,.F.);
#2886=ORIENTED_EDGE('',*,*,#4341,.T.);
#2887=ORIENTED_EDGE('',*,*,#4340,.F.);
#2888=ORIENTED_EDGE('',*,*,#3844,.T.);
#2889=ORIENTED_EDGE('',*,*,#4341,.F.);
#2890=ORIENTED_EDGE('',*,*,#4342,.T.);
#2891=ORIENTED_EDGE('',*,*,#3741,.F.);
#2892=ORIENTED_EDGE('',*,*,#4343,.T.);
#2893=ORIENTED_EDGE('',*,*,#4342,.F.);
#2894=ORIENTED_EDGE('',*,*,#4344,.T.);
#2895=ORIENTED_EDGE('',*,*,#4343,.F.);
#2896=ORIENTED_EDGE('',*,*,#4345,.T.);
#2897=ORIENTED_EDGE('',*,*,#4344,.F.);
#2898=ORIENTED_EDGE('',*,*,#4346,.T.);
#2899=ORIENTED_EDGE('',*,*,#4345,.F.);
#2900=ORIENTED_EDGE('',*,*,#4347,.T.);
#2901=ORIENTED_EDGE('',*,*,#4346,.F.);
#2902=ORIENTED_EDGE('',*,*,#4348,.T.);
#2903=ORIENTED_EDGE('',*,*,#4347,.F.);
#2904=ORIENTED_EDGE('',*,*,#4349,.T.);
#2905=ORIENTED_EDGE('',*,*,#4348,.F.);
#2906=ORIENTED_EDGE('',*,*,#3843,.T.);
#2907=ORIENTED_EDGE('',*,*,#4349,.F.);
#2908=ORIENTED_EDGE('',*,*,#4350,.T.);
#2909=ORIENTED_EDGE('',*,*,#3740,.F.);
#2910=ORIENTED_EDGE('',*,*,#4351,.T.);
#2911=ORIENTED_EDGE('',*,*,#4350,.F.);
#2912=ORIENTED_EDGE('',*,*,#4352,.T.);
#2913=ORIENTED_EDGE('',*,*,#4351,.F.);
#2914=ORIENTED_EDGE('',*,*,#4353,.T.);
#2915=ORIENTED_EDGE('',*,*,#4352,.F.);
#2916=ORIENTED_EDGE('',*,*,#4354,.T.);
#2917=ORIENTED_EDGE('',*,*,#4353,.F.);
#2918=ORIENTED_EDGE('',*,*,#4355,.T.);
#2919=ORIENTED_EDGE('',*,*,#4354,.F.);
#2920=ORIENTED_EDGE('',*,*,#4356,.T.);
#2921=ORIENTED_EDGE('',*,*,#4355,.F.);
#2922=ORIENTED_EDGE('',*,*,#4357,.T.);
#2923=ORIENTED_EDGE('',*,*,#4356,.F.);
#2924=ORIENTED_EDGE('',*,*,#3842,.T.);
#2925=ORIENTED_EDGE('',*,*,#4357,.F.);
#2926=ORIENTED_EDGE('',*,*,#4358,.T.);
#2927=ORIENTED_EDGE('',*,*,#3739,.F.);
#2928=ORIENTED_EDGE('',*,*,#4359,.T.);
#2929=ORIENTED_EDGE('',*,*,#4358,.F.);
#2930=ORIENTED_EDGE('',*,*,#4360,.T.);
#2931=ORIENTED_EDGE('',*,*,#4359,.F.);
#2932=ORIENTED_EDGE('',*,*,#4361,.T.);
#2933=ORIENTED_EDGE('',*,*,#4360,.F.);
#2934=ORIENTED_EDGE('',*,*,#4362,.T.);
#2935=ORIENTED_EDGE('',*,*,#4361,.F.);
#2936=ORIENTED_EDGE('',*,*,#4363,.T.);
#2937=ORIENTED_EDGE('',*,*,#4362,.F.);
#2938=ORIENTED_EDGE('',*,*,#4364,.T.);
#2939=ORIENTED_EDGE('',*,*,#4363,.F.);
#2940=ORIENTED_EDGE('',*,*,#4365,.T.);
#2941=ORIENTED_EDGE('',*,*,#4364,.F.);
#2942=ORIENTED_EDGE('',*,*,#3841,.T.);
#2943=ORIENTED_EDGE('',*,*,#4365,.F.);
#2944=ORIENTED_EDGE('',*,*,#4366,.T.);
#2945=ORIENTED_EDGE('',*,*,#3738,.F.);
#2946=ORIENTED_EDGE('',*,*,#4367,.T.);
#2947=ORIENTED_EDGE('',*,*,#4366,.F.);
#2948=ORIENTED_EDGE('',*,*,#4368,.T.);
#2949=ORIENTED_EDGE('',*,*,#4367,.F.);
#2950=ORIENTED_EDGE('',*,*,#4369,.T.);
#2951=ORIENTED_EDGE('',*,*,#4368,.F.);
#2952=ORIENTED_EDGE('',*,*,#4370,.T.);
#2953=ORIENTED_EDGE('',*,*,#4369,.F.);
#2954=ORIENTED_EDGE('',*,*,#4371,.T.);
#2955=ORIENTED_EDGE('',*,*,#4370,.F.);
#2956=ORIENTED_EDGE('',*,*,#4372,.T.);
#2957=ORIENTED_EDGE('',*,*,#4371,.F.);
#2958=ORIENTED_EDGE('',*,*,#4373,.T.);
#2959=ORIENTED_EDGE('',*,*,#4372,.F.);
#2960=ORIENTED_EDGE('',*,*,#3840,.T.);
#2961=ORIENTED_EDGE('',*,*,#4373,.F.);
#2962=ORIENTED_EDGE('',*,*,#4374,.T.);
#2963=ORIENTED_EDGE('',*,*,#3737,.F.);
#2964=ORIENTED_EDGE('',*,*,#4375,.T.);
#2965=ORIENTED_EDGE('',*,*,#4374,.F.);
#2966=ORIENTED_EDGE('',*,*,#4376,.T.);
#2967=ORIENTED_EDGE('',*,*,#4375,.F.);
#2968=ORIENTED_EDGE('',*,*,#4377,.T.);
#2969=ORIENTED_EDGE('',*,*,#4376,.F.);
#2970=ORIENTED_EDGE('',*,*,#4378,.T.);
#2971=ORIENTED_EDGE('',*,*,#4377,.F.);
#2972=ORIENTED_EDGE('',*,*,#4379,.T.);
#2973=ORIENTED_EDGE('',*,*,#4378,.F.);
#2974=ORIENTED_EDGE('',*,*,#4380,.T.);
#2975=ORIENTED_EDGE('',*,*,#4379,.F.);
#2976=ORIENTED_EDGE('',*,*,#4381,.T.);
#2977=ORIENTED_EDGE('',*,*,#4380,.F.);
#2978=ORIENTED_EDGE('',*,*,#3839,.T.);
#2979=ORIENTED_EDGE('',*,*,#4381,.F.);
#2980=ORIENTED_EDGE('',*,*,#4382,.T.);
#2981=ORIENTED_EDGE('',*,*,#3736,.F.);
#2982=ORIENTED_EDGE('',*,*,#4383,.T.);
#2983=ORIENTED_EDGE('',*,*,#4382,.F.);
#2984=ORIENTED_EDGE('',*,*,#4384,.T.);
#2985=ORIENTED_EDGE('',*,*,#4383,.F.);
#2986=ORIENTED_EDGE('',*,*,#4385,.T.);
#2987=ORIENTED_EDGE('',*,*,#4384,.F.);
#2988=ORIENTED_EDGE('',*,*,#4386,.T.);
#2989=ORIENTED_EDGE('',*,*,#4385,.F.);
#2990=ORIENTED_EDGE('',*,*,#4387,.T.);
#2991=ORIENTED_EDGE('',*,*,#4386,.F.);
#2992=ORIENTED_EDGE('',*,*,#4388,.T.);
#2993=ORIENTED_EDGE('',*,*,#4387,.F.);
#2994=ORIENTED_EDGE('',*,*,#4389,.T.);
#2995=ORIENTED_EDGE('',*,*,#4388,.F.);
#2996=ORIENTED_EDGE('',*,*,#3838,.T.);
#2997=ORIENTED_EDGE('',*,*,#4389,.F.);
#2998=ORIENTED_EDGE('',*,*,#4390,.T.);
#2999=ORIENTED_EDGE('',*,*,#3735,.F.);
#3000=ORIENTED_EDGE('',*,*,#4391,.T.);
#3001=ORIENTED_EDGE('',*,*,#4390,.F.);
#3002=ORIENTED_EDGE('',*,*,#4392,.T.);
#3003=ORIENTED_EDGE('',*,*,#4391,.F.);
#3004=ORIENTED_EDGE('',*,*,#4393,.T.);
#3005=ORIENTED_EDGE('',*,*,#4392,.F.);
#3006=ORIENTED_EDGE('',*,*,#4394,.T.);
#3007=ORIENTED_EDGE('',*,*,#4393,.F.);
#3008=ORIENTED_EDGE('',*,*,#4395,.T.);
#3009=ORIENTED_EDGE('',*,*,#4394,.F.);
#3010=ORIENTED_EDGE('',*,*,#4396,.T.);
#3011=ORIENTED_EDGE('',*,*,#4395,.F.);
#3012=ORIENTED_EDGE('',*,*,#4397,.T.);
#3013=ORIENTED_EDGE('',*,*,#4396,.F.);
#3014=ORIENTED_EDGE('',*,*,#3837,.T.);
#3015=ORIENTED_EDGE('',*,*,#4397,.F.);
#3016=ORIENTED_EDGE('',*,*,#4398,.T.);
#3017=ORIENTED_EDGE('',*,*,#3734,.F.);
#3018=ORIENTED_EDGE('',*,*,#4399,.T.);
#3019=ORIENTED_EDGE('',*,*,#4398,.F.);
#3020=ORIENTED_EDGE('',*,*,#4400,.T.);
#3021=ORIENTED_EDGE('',*,*,#4399,.F.);
#3022=ORIENTED_EDGE('',*,*,#4401,.T.);
#3023=ORIENTED_EDGE('',*,*,#4400,.F.);
#3024=ORIENTED_EDGE('',*,*,#4402,.T.);
#3025=ORIENTED_EDGE('',*,*,#4401,.F.);
#3026=ORIENTED_EDGE('',*,*,#4403,.T.);
#3027=ORIENTED_EDGE('',*,*,#4402,.F.);
#3028=ORIENTED_EDGE('',*,*,#4404,.T.);
#3029=ORIENTED_EDGE('',*,*,#4403,.F.);
#3030=ORIENTED_EDGE('',*,*,#4405,.T.);
#3031=ORIENTED_EDGE('',*,*,#4404,.F.);
#3032=ORIENTED_EDGE('',*,*,#3836,.T.);
#3033=ORIENTED_EDGE('',*,*,#4405,.F.);
#3034=ORIENTED_EDGE('',*,*,#4406,.T.);
#3035=ORIENTED_EDGE('',*,*,#3733,.F.);
#3036=ORIENTED_EDGE('',*,*,#4407,.T.);
#3037=ORIENTED_EDGE('',*,*,#4406,.F.);
#3038=ORIENTED_EDGE('',*,*,#4408,.T.);
#3039=ORIENTED_EDGE('',*,*,#4407,.F.);
#3040=ORIENTED_EDGE('',*,*,#4409,.T.);
#3041=ORIENTED_EDGE('',*,*,#4408,.F.);
#3042=ORIENTED_EDGE('',*,*,#4410,.T.);
#3043=ORIENTED_EDGE('',*,*,#4409,.F.);
#3044=ORIENTED_EDGE('',*,*,#4411,.T.);
#3045=ORIENTED_EDGE('',*,*,#4410,.F.);
#3046=ORIENTED_EDGE('',*,*,#4412,.T.);
#3047=ORIENTED_EDGE('',*,*,#4411,.F.);
#3048=ORIENTED_EDGE('',*,*,#4413,.T.);
#3049=ORIENTED_EDGE('',*,*,#4412,.F.);
#3050=ORIENTED_EDGE('',*,*,#3835,.T.);
#3051=ORIENTED_EDGE('',*,*,#4413,.F.);
#3052=ORIENTED_EDGE('',*,*,#4414,.T.);
#3053=ORIENTED_EDGE('',*,*,#3732,.F.);
#3054=ORIENTED_EDGE('',*,*,#4415,.T.);
#3055=ORIENTED_EDGE('',*,*,#4414,.F.);
#3056=ORIENTED_EDGE('',*,*,#4416,.T.);
#3057=ORIENTED_EDGE('',*,*,#4415,.F.);
#3058=ORIENTED_EDGE('',*,*,#4417,.T.);
#3059=ORIENTED_EDGE('',*,*,#4416,.F.);
#3060=ORIENTED_EDGE('',*,*,#4418,.T.);
#3061=ORIENTED_EDGE('',*,*,#4417,.F.);
#3062=ORIENTED_EDGE('',*,*,#4419,.T.);
#3063=ORIENTED_EDGE('',*,*,#4418,.F.);
#3064=ORIENTED_EDGE('',*,*,#4420,.T.);
#3065=ORIENTED_EDGE('',*,*,#4419,.F.);
#3066=ORIENTED_EDGE('',*,*,#4421,.T.);
#3067=ORIENTED_EDGE('',*,*,#4420,.F.);
#3068=ORIENTED_EDGE('',*,*,#3834,.T.);
#3069=ORIENTED_EDGE('',*,*,#4421,.F.);
#3070=ORIENTED_EDGE('',*,*,#4422,.T.);
#3071=ORIENTED_EDGE('',*,*,#3731,.F.);
#3072=ORIENTED_EDGE('',*,*,#4423,.T.);
#3073=ORIENTED_EDGE('',*,*,#4422,.F.);
#3074=ORIENTED_EDGE('',*,*,#4424,.T.);
#3075=ORIENTED_EDGE('',*,*,#4423,.F.);
#3076=ORIENTED_EDGE('',*,*,#4425,.T.);
#3077=ORIENTED_EDGE('',*,*,#4424,.F.);
#3078=ORIENTED_EDGE('',*,*,#4426,.T.);
#3079=ORIENTED_EDGE('',*,*,#4425,.F.);
#3080=ORIENTED_EDGE('',*,*,#4427,.T.);
#3081=ORIENTED_EDGE('',*,*,#4426,.F.);
#3082=ORIENTED_EDGE('',*,*,#4428,.T.);
#3083=ORIENTED_EDGE('',*,*,#4427,.F.);
#3084=ORIENTED_EDGE('',*,*,#4429,.T.);
#3085=ORIENTED_EDGE('',*,*,#4428,.F.);
#3086=ORIENTED_EDGE('',*,*,#3833,.T.);
#3087=ORIENTED_EDGE('',*,*,#4429,.F.);
#3088=ORIENTED_EDGE('',*,*,#4430,.T.);
#3089=ORIENTED_EDGE('',*,*,#3730,.F.);
#3090=ORIENTED_EDGE('',*,*,#4431,.T.);
#3091=ORIENTED_EDGE('',*,*,#4430,.F.);
#3092=ORIENTED_EDGE('',*,*,#4432,.T.);
#3093=ORIENTED_EDGE('',*,*,#4431,.F.);
#3094=ORIENTED_EDGE('',*,*,#4433,.T.);
#3095=ORIENTED_EDGE('',*,*,#4432,.F.);
#3096=ORIENTED_EDGE('',*,*,#4434,.T.);
#3097=ORIENTED_EDGE('',*,*,#4433,.F.);
#3098=ORIENTED_EDGE('',*,*,#4435,.T.);
#3099=ORIENTED_EDGE('',*,*,#4434,.F.);
#3100=ORIENTED_EDGE('',*,*,#4436,.T.);
#3101=ORIENTED_EDGE('',*,*,#4435,.F.);
#3102=ORIENTED_EDGE('',*,*,#4437,.T.);
#3103=ORIENTED_EDGE('',*,*,#4436,.F.);
#3104=ORIENTED_EDGE('',*,*,#3832,.T.);
#3105=ORIENTED_EDGE('',*,*,#4437,.F.);
#3106=ORIENTED_EDGE('',*,*,#4438,.T.);
#3107=ORIENTED_EDGE('',*,*,#3729,.F.);
#3108=ORIENTED_EDGE('',*,*,#4439,.T.);
#3109=ORIENTED_EDGE('',*,*,#4438,.F.);
#3110=ORIENTED_EDGE('',*,*,#4440,.T.);
#3111=ORIENTED_EDGE('',*,*,#4439,.F.);
#3112=ORIENTED_EDGE('',*,*,#4441,.T.);
#3113=ORIENTED_EDGE('',*,*,#4440,.F.);
#3114=ORIENTED_EDGE('',*,*,#4442,.T.);
#3115=ORIENTED_EDGE('',*,*,#4441,.F.);
#3116=ORIENTED_EDGE('',*,*,#4443,.T.);
#3117=ORIENTED_EDGE('',*,*,#4442,.F.);
#3118=ORIENTED_EDGE('',*,*,#4444,.T.);
#3119=ORIENTED_EDGE('',*,*,#4443,.F.);
#3120=ORIENTED_EDGE('',*,*,#4445,.T.);
#3121=ORIENTED_EDGE('',*,*,#4444,.F.);
#3122=ORIENTED_EDGE('',*,*,#3831,.T.);
#3123=ORIENTED_EDGE('',*,*,#4445,.F.);
#3124=ORIENTED_EDGE('',*,*,#4446,.T.);
#3125=ORIENTED_EDGE('',*,*,#3728,.F.);
#3126=ORIENTED_EDGE('',*,*,#4447,.T.);
#3127=ORIENTED_EDGE('',*,*,#4446,.F.);
#3128=ORIENTED_EDGE('',*,*,#4448,.T.);
#3129=ORIENTED_EDGE('',*,*,#4447,.F.);
#3130=ORIENTED_EDGE('',*,*,#4449,.T.);
#3131=ORIENTED_EDGE('',*,*,#4448,.F.);
#3132=ORIENTED_EDGE('',*,*,#4450,.T.);
#3133=ORIENTED_EDGE('',*,*,#4449,.F.);
#3134=ORIENTED_EDGE('',*,*,#4451,.T.);
#3135=ORIENTED_EDGE('',*,*,#4450,.F.);
#3136=ORIENTED_EDGE('',*,*,#4452,.T.);
#3137=ORIENTED_EDGE('',*,*,#4451,.F.);
#3138=ORIENTED_EDGE('',*,*,#4453,.T.);
#3139=ORIENTED_EDGE('',*,*,#4452,.F.);
#3140=ORIENTED_EDGE('',*,*,#3830,.T.);
#3141=ORIENTED_EDGE('',*,*,#4453,.F.);
#3142=ORIENTED_EDGE('',*,*,#4454,.T.);
#3143=ORIENTED_EDGE('',*,*,#3727,.F.);
#3144=ORIENTED_EDGE('',*,*,#4455,.T.);
#3145=ORIENTED_EDGE('',*,*,#4454,.F.);
#3146=ORIENTED_EDGE('',*,*,#4456,.T.);
#3147=ORIENTED_EDGE('',*,*,#4455,.F.);
#3148=ORIENTED_EDGE('',*,*,#4457,.T.);
#3149=ORIENTED_EDGE('',*,*,#4456,.F.);
#3150=ORIENTED_EDGE('',*,*,#4458,.T.);
#3151=ORIENTED_EDGE('',*,*,#4457,.F.);
#3152=ORIENTED_EDGE('',*,*,#4459,.T.);
#3153=ORIENTED_EDGE('',*,*,#4458,.F.);
#3154=ORIENTED_EDGE('',*,*,#4460,.T.);
#3155=ORIENTED_EDGE('',*,*,#4459,.F.);
#3156=ORIENTED_EDGE('',*,*,#4461,.T.);
#3157=ORIENTED_EDGE('',*,*,#4460,.F.);
#3158=ORIENTED_EDGE('',*,*,#3829,.T.);
#3159=ORIENTED_EDGE('',*,*,#4461,.F.);
#3160=ORIENTED_EDGE('',*,*,#4462,.T.);
#3161=ORIENTED_EDGE('',*,*,#3726,.F.);
#3162=ORIENTED_EDGE('',*,*,#4463,.T.);
#3163=ORIENTED_EDGE('',*,*,#4462,.F.);
#3164=ORIENTED_EDGE('',*,*,#4464,.T.);
#3165=ORIENTED_EDGE('',*,*,#4463,.F.);
#3166=ORIENTED_EDGE('',*,*,#4465,.T.);
#3167=ORIENTED_EDGE('',*,*,#4464,.F.);
#3168=ORIENTED_EDGE('',*,*,#4466,.T.);
#3169=ORIENTED_EDGE('',*,*,#4465,.F.);
#3170=ORIENTED_EDGE('',*,*,#4467,.T.);
#3171=ORIENTED_EDGE('',*,*,#4466,.F.);
#3172=ORIENTED_EDGE('',*,*,#4468,.T.);
#3173=ORIENTED_EDGE('',*,*,#4467,.F.);
#3174=ORIENTED_EDGE('',*,*,#4469,.T.);
#3175=ORIENTED_EDGE('',*,*,#4468,.F.);
#3176=ORIENTED_EDGE('',*,*,#3828,.T.);
#3177=ORIENTED_EDGE('',*,*,#4469,.F.);
#3178=ORIENTED_EDGE('',*,*,#4470,.T.);
#3179=ORIENTED_EDGE('',*,*,#3725,.F.);
#3180=ORIENTED_EDGE('',*,*,#4471,.T.);
#3181=ORIENTED_EDGE('',*,*,#4470,.F.);
#3182=ORIENTED_EDGE('',*,*,#4472,.T.);
#3183=ORIENTED_EDGE('',*,*,#4471,.F.);
#3184=ORIENTED_EDGE('',*,*,#4473,.T.);
#3185=ORIENTED_EDGE('',*,*,#4472,.F.);
#3186=ORIENTED_EDGE('',*,*,#4474,.T.);
#3187=ORIENTED_EDGE('',*,*,#4473,.F.);
#3188=ORIENTED_EDGE('',*,*,#4475,.T.);
#3189=ORIENTED_EDGE('',*,*,#4474,.F.);
#3190=ORIENTED_EDGE('',*,*,#4476,.T.);
#3191=ORIENTED_EDGE('',*,*,#4475,.F.);
#3192=ORIENTED_EDGE('',*,*,#4477,.T.);
#3193=ORIENTED_EDGE('',*,*,#4476,.F.);
#3194=ORIENTED_EDGE('',*,*,#3827,.T.);
#3195=ORIENTED_EDGE('',*,*,#4477,.F.);
#3196=ORIENTED_EDGE('',*,*,#4478,.T.);
#3197=ORIENTED_EDGE('',*,*,#3724,.F.);
#3198=ORIENTED_EDGE('',*,*,#4479,.T.);
#3199=ORIENTED_EDGE('',*,*,#4478,.F.);
#3200=ORIENTED_EDGE('',*,*,#4480,.T.);
#3201=ORIENTED_EDGE('',*,*,#4479,.F.);
#3202=ORIENTED_EDGE('',*,*,#4481,.T.);
#3203=ORIENTED_EDGE('',*,*,#4480,.F.);
#3204=ORIENTED_EDGE('',*,*,#4482,.T.);
#3205=ORIENTED_EDGE('',*,*,#4481,.F.);
#3206=ORIENTED_EDGE('',*,*,#4483,.T.);
#3207=ORIENTED_EDGE('',*,*,#4482,.F.);
#3208=ORIENTED_EDGE('',*,*,#4484,.T.);
#3209=ORIENTED_EDGE('',*,*,#4483,.F.);
#3210=ORIENTED_EDGE('',*,*,#4485,.T.);
#3211=ORIENTED_EDGE('',*,*,#4484,.F.);
#3212=ORIENTED_EDGE('',*,*,#3826,.T.);
#3213=ORIENTED_EDGE('',*,*,#4485,.F.);
#3214=ORIENTED_EDGE('',*,*,#4486,.T.);
#3215=ORIENTED_EDGE('',*,*,#3723,.F.);
#3216=ORIENTED_EDGE('',*,*,#4487,.T.);
#3217=ORIENTED_EDGE('',*,*,#4486,.F.);
#3218=ORIENTED_EDGE('',*,*,#4488,.T.);
#3219=ORIENTED_EDGE('',*,*,#4487,.F.);
#3220=ORIENTED_EDGE('',*,*,#4489,.T.);
#3221=ORIENTED_EDGE('',*,*,#4488,.F.);
#3222=ORIENTED_EDGE('',*,*,#4490,.T.);
#3223=ORIENTED_EDGE('',*,*,#4489,.F.);
#3224=ORIENTED_EDGE('',*,*,#4491,.T.);
#3225=ORIENTED_EDGE('',*,*,#4490,.F.);
#3226=ORIENTED_EDGE('',*,*,#4492,.T.);
#3227=ORIENTED_EDGE('',*,*,#4491,.F.);
#3228=ORIENTED_EDGE('',*,*,#4493,.T.);
#3229=ORIENTED_EDGE('',*,*,#4492,.F.);
#3230=ORIENTED_EDGE('',*,*,#3825,.T.);
#3231=ORIENTED_EDGE('',*,*,#4493,.F.);
#3232=ORIENTED_EDGE('',*,*,#4494,.T.);
#3233=ORIENTED_EDGE('',*,*,#3722,.F.);
#3234=ORIENTED_EDGE('',*,*,#4495,.T.);
#3235=ORIENTED_EDGE('',*,*,#4494,.F.);
#3236=ORIENTED_EDGE('',*,*,#4496,.T.);
#3237=ORIENTED_EDGE('',*,*,#4495,.F.);
#3238=ORIENTED_EDGE('',*,*,#4497,.T.);
#3239=ORIENTED_EDGE('',*,*,#4496,.F.);
#3240=ORIENTED_EDGE('',*,*,#4498,.T.);
#3241=ORIENTED_EDGE('',*,*,#4497,.F.);
#3242=ORIENTED_EDGE('',*,*,#4499,.T.);
#3243=ORIENTED_EDGE('',*,*,#4498,.F.);
#3244=ORIENTED_EDGE('',*,*,#4500,.T.);
#3245=ORIENTED_EDGE('',*,*,#4499,.F.);
#3246=ORIENTED_EDGE('',*,*,#4501,.T.);
#3247=ORIENTED_EDGE('',*,*,#4500,.F.);
#3248=ORIENTED_EDGE('',*,*,#3824,.T.);
#3249=ORIENTED_EDGE('',*,*,#4501,.F.);
#3250=ORIENTED_EDGE('',*,*,#4502,.T.);
#3251=ORIENTED_EDGE('',*,*,#3721,.F.);
#3252=ORIENTED_EDGE('',*,*,#4503,.T.);
#3253=ORIENTED_EDGE('',*,*,#4502,.F.);
#3254=ORIENTED_EDGE('',*,*,#4504,.T.);
#3255=ORIENTED_EDGE('',*,*,#4503,.F.);
#3256=ORIENTED_EDGE('',*,*,#4505,.T.);
#3257=ORIENTED_EDGE('',*,*,#4504,.F.);
#3258=ORIENTED_EDGE('',*,*,#4506,.T.);
#3259=ORIENTED_EDGE('',*,*,#4505,.F.);
#3260=ORIENTED_EDGE('',*,*,#4507,.T.);
#3261=ORIENTED_EDGE('',*,*,#4506,.F.);
#3262=ORIENTED_EDGE('',*,*,#4508,.T.);
#3263=ORIENTED_EDGE('',*,*,#4507,.F.);
#3264=ORIENTED_EDGE('',*,*,#4509,.T.);
#3265=ORIENTED_EDGE('',*,*,#4508,.F.);
#3266=ORIENTED_EDGE('',*,*,#3823,.T.);
#3267=ORIENTED_EDGE('',*,*,#4509,.F.);
#3268=ORIENTED_EDGE('',*,*,#4510,.T.);
#3269=ORIENTED_EDGE('',*,*,#3720,.F.);
#3270=ORIENTED_EDGE('',*,*,#4511,.T.);
#3271=ORIENTED_EDGE('',*,*,#4510,.F.);
#3272=ORIENTED_EDGE('',*,*,#4512,.T.);
#3273=ORIENTED_EDGE('',*,*,#4511,.F.);
#3274=ORIENTED_EDGE('',*,*,#4513,.T.);
#3275=ORIENTED_EDGE('',*,*,#4512,.F.);
#3276=ORIENTED_EDGE('',*,*,#4514,.T.);
#3277=ORIENTED_EDGE('',*,*,#4513,.F.);
#3278=ORIENTED_EDGE('',*,*,#4515,.T.);
#3279=ORIENTED_EDGE('',*,*,#4514,.F.);
#3280=ORIENTED_EDGE('',*,*,#4516,.T.);
#3281=ORIENTED_EDGE('',*,*,#4515,.F.);
#3282=ORIENTED_EDGE('',*,*,#4517,.T.);
#3283=ORIENTED_EDGE('',*,*,#4516,.F.);
#3284=ORIENTED_EDGE('',*,*,#3822,.T.);
#3285=ORIENTED_EDGE('',*,*,#4517,.F.);
#3286=ORIENTED_EDGE('',*,*,#4518,.T.);
#3287=ORIENTED_EDGE('',*,*,#3719,.F.);
#3288=ORIENTED_EDGE('',*,*,#4519,.T.);
#3289=ORIENTED_EDGE('',*,*,#4518,.F.);
#3290=ORIENTED_EDGE('',*,*,#4520,.T.);
#3291=ORIENTED_EDGE('',*,*,#4519,.F.);
#3292=ORIENTED_EDGE('',*,*,#4521,.T.);
#3293=ORIENTED_EDGE('',*,*,#4520,.F.);
#3294=ORIENTED_EDGE('',*,*,#4522,.T.);
#3295=ORIENTED_EDGE('',*,*,#4521,.F.);
#3296=ORIENTED_EDGE('',*,*,#4523,.T.);
#3297=ORIENTED_EDGE('',*,*,#4522,.F.);
#3298=ORIENTED_EDGE('',*,*,#4524,.T.);
#3299=ORIENTED_EDGE('',*,*,#4523,.F.);
#3300=ORIENTED_EDGE('',*,*,#4525,.T.);
#3301=ORIENTED_EDGE('',*,*,#4524,.F.);
#3302=ORIENTED_EDGE('',*,*,#3821,.T.);
#3303=ORIENTED_EDGE('',*,*,#4525,.F.);
#3304=ORIENTED_EDGE('',*,*,#4526,.T.);
#3305=ORIENTED_EDGE('',*,*,#3718,.F.);
#3306=ORIENTED_EDGE('',*,*,#4527,.T.);
#3307=ORIENTED_EDGE('',*,*,#4526,.F.);
#3308=ORIENTED_EDGE('',*,*,#4528,.T.);
#3309=ORIENTED_EDGE('',*,*,#4527,.F.);
#3310=ORIENTED_EDGE('',*,*,#4529,.T.);
#3311=ORIENTED_EDGE('',*,*,#4528,.F.);
#3312=ORIENTED_EDGE('',*,*,#4530,.T.);
#3313=ORIENTED_EDGE('',*,*,#4529,.F.);
#3314=ORIENTED_EDGE('',*,*,#4531,.T.);
#3315=ORIENTED_EDGE('',*,*,#4530,.F.);
#3316=ORIENTED_EDGE('',*,*,#4532,.T.);
#3317=ORIENTED_EDGE('',*,*,#4531,.F.);
#3318=ORIENTED_EDGE('',*,*,#4533,.T.);
#3319=ORIENTED_EDGE('',*,*,#4532,.F.);
#3320=ORIENTED_EDGE('',*,*,#3820,.T.);
#3321=ORIENTED_EDGE('',*,*,#4533,.F.);
#3322=ORIENTED_EDGE('',*,*,#4534,.T.);
#3323=ORIENTED_EDGE('',*,*,#3717,.F.);
#3324=ORIENTED_EDGE('',*,*,#4535,.T.);
#3325=ORIENTED_EDGE('',*,*,#4534,.F.);
#3326=ORIENTED_EDGE('',*,*,#4536,.T.);
#3327=ORIENTED_EDGE('',*,*,#4535,.F.);
#3328=ORIENTED_EDGE('',*,*,#4537,.T.);
#3329=ORIENTED_EDGE('',*,*,#4536,.F.);
#3330=ORIENTED_EDGE('',*,*,#4538,.T.);
#3331=ORIENTED_EDGE('',*,*,#4537,.F.);
#3332=ORIENTED_EDGE('',*,*,#4539,.T.);
#3333=ORIENTED_EDGE('',*,*,#4538,.F.);
#3334=ORIENTED_EDGE('',*,*,#4540,.T.);
#3335=ORIENTED_EDGE('',*,*,#4539,.F.);
#3336=ORIENTED_EDGE('',*,*,#4541,.T.);
#3337=ORIENTED_EDGE('',*,*,#4540,.F.);
#3338=ORIENTED_EDGE('',*,*,#3819,.T.);
#3339=ORIENTED_EDGE('',*,*,#4541,.F.);
#3340=ORIENTED_EDGE('',*,*,#4542,.T.);
#3341=ORIENTED_EDGE('',*,*,#3716,.F.);
#3342=ORIENTED_EDGE('',*,*,#4543,.T.);
#3343=ORIENTED_EDGE('',*,*,#4542,.F.);
#3344=ORIENTED_EDGE('',*,*,#4544,.T.);
#3345=ORIENTED_EDGE('',*,*,#4543,.F.);
#3346=ORIENTED_EDGE('',*,*,#4545,.T.);
#3347=ORIENTED_EDGE('',*,*,#4544,.F.);
#3348=ORIENTED_EDGE('',*,*,#4546,.T.);
#3349=ORIENTED_EDGE('',*,*,#4545,.F.);
#3350=ORIENTED_EDGE('',*,*,#4547,.T.);
#3351=ORIENTED_EDGE('',*,*,#4546,.F.);
#3352=ORIENTED_EDGE('',*,*,#4548,.T.);
#3353=ORIENTED_EDGE('',*,*,#4547,.F.);
#3354=ORIENTED_EDGE('',*,*,#4549,.T.);
#3355=ORIENTED_EDGE('',*,*,#4548,.F.);
#3356=ORIENTED_EDGE('',*,*,#3818,.T.);
#3357=ORIENTED_EDGE('',*,*,#4549,.F.);
#3358=ORIENTED_EDGE('',*,*,#4550,.T.);
#3359=ORIENTED_EDGE('',*,*,#3715,.F.);
#3360=ORIENTED_EDGE('',*,*,#4551,.T.);
#3361=ORIENTED_EDGE('',*,*,#4550,.F.);
#3362=ORIENTED_EDGE('',*,*,#4552,.T.);
#3363=ORIENTED_EDGE('',*,*,#4551,.F.);
#3364=ORIENTED_EDGE('',*,*,#4553,.T.);
#3365=ORIENTED_EDGE('',*,*,#4552,.F.);
#3366=ORIENTED_EDGE('',*,*,#4554,.T.);
#3367=ORIENTED_EDGE('',*,*,#4553,.F.);
#3368=ORIENTED_EDGE('',*,*,#4555,.T.);
#3369=ORIENTED_EDGE('',*,*,#4554,.F.);
#3370=ORIENTED_EDGE('',*,*,#4556,.T.);
#3371=ORIENTED_EDGE('',*,*,#4555,.F.);
#3372=ORIENTED_EDGE('',*,*,#4557,.T.);
#3373=ORIENTED_EDGE('',*,*,#4556,.F.);
#3374=ORIENTED_EDGE('',*,*,#3817,.T.);
#3375=ORIENTED_EDGE('',*,*,#4557,.F.);
#3376=ORIENTED_EDGE('',*,*,#4558,.T.);
#3377=ORIENTED_EDGE('',*,*,#3714,.F.);
#3378=ORIENTED_EDGE('',*,*,#4559,.T.);
#3379=ORIENTED_EDGE('',*,*,#4558,.F.);
#3380=ORIENTED_EDGE('',*,*,#4560,.T.);
#3381=ORIENTED_EDGE('',*,*,#4559,.F.);
#3382=ORIENTED_EDGE('',*,*,#4561,.T.);
#3383=ORIENTED_EDGE('',*,*,#4560,.F.);
#3384=ORIENTED_EDGE('',*,*,#4562,.T.);
#3385=ORIENTED_EDGE('',*,*,#4561,.F.);
#3386=ORIENTED_EDGE('',*,*,#4563,.T.);
#3387=ORIENTED_EDGE('',*,*,#4562,.F.);
#3388=ORIENTED_EDGE('',*,*,#4564,.T.);
#3389=ORIENTED_EDGE('',*,*,#4563,.F.);
#3390=ORIENTED_EDGE('',*,*,#4565,.T.);
#3391=ORIENTED_EDGE('',*,*,#4564,.F.);
#3392=ORIENTED_EDGE('',*,*,#3816,.T.);
#3393=ORIENTED_EDGE('',*,*,#4565,.F.);
#3394=ORIENTED_EDGE('',*,*,#4566,.T.);
#3395=ORIENTED_EDGE('',*,*,#3713,.F.);
#3396=ORIENTED_EDGE('',*,*,#4567,.T.);
#3397=ORIENTED_EDGE('',*,*,#4566,.F.);
#3398=ORIENTED_EDGE('',*,*,#4568,.T.);
#3399=ORIENTED_EDGE('',*,*,#4567,.F.);
#3400=ORIENTED_EDGE('',*,*,#4569,.T.);
#3401=ORIENTED_EDGE('',*,*,#4568,.F.);
#3402=ORIENTED_EDGE('',*,*,#4570,.T.);
#3403=ORIENTED_EDGE('',*,*,#4569,.F.);
#3404=ORIENTED_EDGE('',*,*,#4571,.T.);
#3405=ORIENTED_EDGE('',*,*,#4570,.F.);
#3406=ORIENTED_EDGE('',*,*,#4572,.T.);
#3407=ORIENTED_EDGE('',*,*,#4571,.F.);
#3408=ORIENTED_EDGE('',*,*,#4573,.T.);
#3409=ORIENTED_EDGE('',*,*,#4572,.F.);
#3410=ORIENTED_EDGE('',*,*,#3815,.T.);
#3411=ORIENTED_EDGE('',*,*,#4573,.F.);
#3412=ORIENTED_EDGE('',*,*,#4574,.T.);
#3413=ORIENTED_EDGE('',*,*,#3712,.F.);
#3414=ORIENTED_EDGE('',*,*,#4575,.T.);
#3415=ORIENTED_EDGE('',*,*,#4574,.F.);
#3416=ORIENTED_EDGE('',*,*,#4576,.T.);
#3417=ORIENTED_EDGE('',*,*,#4575,.F.);
#3418=ORIENTED_EDGE('',*,*,#4577,.T.);
#3419=ORIENTED_EDGE('',*,*,#4576,.F.);
#3420=ORIENTED_EDGE('',*,*,#4578,.T.);
#3421=ORIENTED_EDGE('',*,*,#4577,.F.);
#3422=ORIENTED_EDGE('',*,*,#4579,.T.);
#3423=ORIENTED_EDGE('',*,*,#4578,.F.);
#3424=ORIENTED_EDGE('',*,*,#4580,.T.);
#3425=ORIENTED_EDGE('',*,*,#4579,.F.);
#3426=ORIENTED_EDGE('',*,*,#4581,.T.);
#3427=ORIENTED_EDGE('',*,*,#4580,.F.);
#3428=ORIENTED_EDGE('',*,*,#3814,.T.);
#3429=ORIENTED_EDGE('',*,*,#4581,.F.);
#3430=ORIENTED_EDGE('',*,*,#4582,.T.);
#3431=ORIENTED_EDGE('',*,*,#3711,.F.);
#3432=ORIENTED_EDGE('',*,*,#4583,.T.);
#3433=ORIENTED_EDGE('',*,*,#4582,.F.);
#3434=ORIENTED_EDGE('',*,*,#4584,.T.);
#3435=ORIENTED_EDGE('',*,*,#4583,.F.);
#3436=ORIENTED_EDGE('',*,*,#4585,.T.);
#3437=ORIENTED_EDGE('',*,*,#4584,.F.);
#3438=ORIENTED_EDGE('',*,*,#4586,.T.);
#3439=ORIENTED_EDGE('',*,*,#4585,.F.);
#3440=ORIENTED_EDGE('',*,*,#4587,.T.);
#3441=ORIENTED_EDGE('',*,*,#4586,.F.);
#3442=ORIENTED_EDGE('',*,*,#4588,.T.);
#3443=ORIENTED_EDGE('',*,*,#4587,.F.);
#3444=ORIENTED_EDGE('',*,*,#4589,.T.);
#3445=ORIENTED_EDGE('',*,*,#4588,.F.);
#3446=ORIENTED_EDGE('',*,*,#3813,.T.);
#3447=ORIENTED_EDGE('',*,*,#4589,.F.);
#3448=ORIENTED_EDGE('',*,*,#4590,.T.);
#3449=ORIENTED_EDGE('',*,*,#3710,.F.);
#3450=ORIENTED_EDGE('',*,*,#4591,.T.);
#3451=ORIENTED_EDGE('',*,*,#4590,.F.);
#3452=ORIENTED_EDGE('',*,*,#4592,.T.);
#3453=ORIENTED_EDGE('',*,*,#4591,.F.);
#3454=ORIENTED_EDGE('',*,*,#4593,.T.);
#3455=ORIENTED_EDGE('',*,*,#4592,.F.);
#3456=ORIENTED_EDGE('',*,*,#4594,.T.);
#3457=ORIENTED_EDGE('',*,*,#4593,.F.);
#3458=ORIENTED_EDGE('',*,*,#4595,.T.);
#3459=ORIENTED_EDGE('',*,*,#4594,.F.);
#3460=ORIENTED_EDGE('',*,*,#4596,.T.);
#3461=ORIENTED_EDGE('',*,*,#4595,.F.);
#3462=ORIENTED_EDGE('',*,*,#4597,.T.);
#3463=ORIENTED_EDGE('',*,*,#4596,.F.);
#3464=ORIENTED_EDGE('',*,*,#3812,.T.);
#3465=ORIENTED_EDGE('',*,*,#4597,.F.);
#3466=ORIENTED_EDGE('',*,*,#4598,.T.);
#3467=ORIENTED_EDGE('',*,*,#3709,.F.);
#3468=ORIENTED_EDGE('',*,*,#4599,.T.);
#3469=ORIENTED_EDGE('',*,*,#4598,.F.);
#3470=ORIENTED_EDGE('',*,*,#4600,.T.);
#3471=ORIENTED_EDGE('',*,*,#4599,.F.);
#3472=ORIENTED_EDGE('',*,*,#4601,.T.);
#3473=ORIENTED_EDGE('',*,*,#4600,.F.);
#3474=ORIENTED_EDGE('',*,*,#4602,.T.);
#3475=ORIENTED_EDGE('',*,*,#4601,.F.);
#3476=ORIENTED_EDGE('',*,*,#4603,.T.);
#3477=ORIENTED_EDGE('',*,*,#4602,.F.);
#3478=ORIENTED_EDGE('',*,*,#4604,.T.);
#3479=ORIENTED_EDGE('',*,*,#4603,.F.);
#3480=ORIENTED_EDGE('',*,*,#4605,.T.);
#3481=ORIENTED_EDGE('',*,*,#4604,.F.);
#3482=ORIENTED_EDGE('',*,*,#3811,.T.);
#3483=ORIENTED_EDGE('',*,*,#4605,.F.);
#3484=ORIENTED_EDGE('',*,*,#4606,.T.);
#3485=ORIENTED_EDGE('',*,*,#3708,.F.);
#3486=ORIENTED_EDGE('',*,*,#4607,.T.);
#3487=ORIENTED_EDGE('',*,*,#4606,.F.);
#3488=ORIENTED_EDGE('',*,*,#4608,.T.);
#3489=ORIENTED_EDGE('',*,*,#4607,.F.);
#3490=ORIENTED_EDGE('',*,*,#4609,.T.);
#3491=ORIENTED_EDGE('',*,*,#4608,.F.);
#3492=ORIENTED_EDGE('',*,*,#4610,.T.);
#3493=ORIENTED_EDGE('',*,*,#4609,.F.);
#3494=ORIENTED_EDGE('',*,*,#4611,.T.);
#3495=ORIENTED_EDGE('',*,*,#4610,.F.);
#3496=ORIENTED_EDGE('',*,*,#4612,.T.);
#3497=ORIENTED_EDGE('',*,*,#4611,.F.);
#3498=ORIENTED_EDGE('',*,*,#4613,.T.);
#3499=ORIENTED_EDGE('',*,*,#4612,.F.);
#3500=ORIENTED_EDGE('',*,*,#3810,.T.);
#3501=ORIENTED_EDGE('',*,*,#4613,.F.);
#3502=ORIENTED_EDGE('',*,*,#4614,.T.);
#3503=ORIENTED_EDGE('',*,*,#3707,.F.);
#3504=ORIENTED_EDGE('',*,*,#4615,.T.);
#3505=ORIENTED_EDGE('',*,*,#4614,.F.);
#3506=ORIENTED_EDGE('',*,*,#4616,.T.);
#3507=ORIENTED_EDGE('',*,*,#4615,.F.);
#3508=ORIENTED_EDGE('',*,*,#4617,.T.);
#3509=ORIENTED_EDGE('',*,*,#4616,.F.);
#3510=ORIENTED_EDGE('',*,*,#4618,.T.);
#3511=ORIENTED_EDGE('',*,*,#4617,.F.);
#3512=ORIENTED_EDGE('',*,*,#4619,.T.);
#3513=ORIENTED_EDGE('',*,*,#4618,.F.);
#3514=ORIENTED_EDGE('',*,*,#4620,.T.);
#3515=ORIENTED_EDGE('',*,*,#4619,.F.);
#3516=ORIENTED_EDGE('',*,*,#4621,.T.);
#3517=ORIENTED_EDGE('',*,*,#4620,.F.);
#3518=ORIENTED_EDGE('',*,*,#3809,.T.);
#3519=ORIENTED_EDGE('',*,*,#4621,.F.);
#3520=ORIENTED_EDGE('',*,*,#4622,.T.);
#3521=ORIENTED_EDGE('',*,*,#3706,.F.);
#3522=ORIENTED_EDGE('',*,*,#4623,.T.);
#3523=ORIENTED_EDGE('',*,*,#4622,.F.);
#3524=ORIENTED_EDGE('',*,*,#4624,.T.);
#3525=ORIENTED_EDGE('',*,*,#4623,.F.);
#3526=ORIENTED_EDGE('',*,*,#4625,.T.);
#3527=ORIENTED_EDGE('',*,*,#4624,.F.);
#3528=ORIENTED_EDGE('',*,*,#4626,.T.);
#3529=ORIENTED_EDGE('',*,*,#4625,.F.);
#3530=ORIENTED_EDGE('',*,*,#4627,.T.);
#3531=ORIENTED_EDGE('',*,*,#4626,.F.);
#3532=ORIENTED_EDGE('',*,*,#4628,.T.);
#3533=ORIENTED_EDGE('',*,*,#4627,.F.);
#3534=ORIENTED_EDGE('',*,*,#4629,.T.);
#3535=ORIENTED_EDGE('',*,*,#4628,.F.);
#3536=ORIENTED_EDGE('',*,*,#3808,.T.);
#3537=ORIENTED_EDGE('',*,*,#4629,.F.);
#3538=ORIENTED_EDGE('',*,*,#4630,.T.);
#3539=ORIENTED_EDGE('',*,*,#3705,.F.);
#3540=ORIENTED_EDGE('',*,*,#4631,.T.);
#3541=ORIENTED_EDGE('',*,*,#4630,.F.);
#3542=ORIENTED_EDGE('',*,*,#4632,.T.);
#3543=ORIENTED_EDGE('',*,*,#4631,.F.);
#3544=ORIENTED_EDGE('',*,*,#4633,.T.);
#3545=ORIENTED_EDGE('',*,*,#4632,.F.);
#3546=ORIENTED_EDGE('',*,*,#4634,.T.);
#3547=ORIENTED_EDGE('',*,*,#4633,.F.);
#3548=ORIENTED_EDGE('',*,*,#4635,.T.);
#3549=ORIENTED_EDGE('',*,*,#4634,.F.);
#3550=ORIENTED_EDGE('',*,*,#4636,.T.);
#3551=ORIENTED_EDGE('',*,*,#4635,.F.);
#3552=ORIENTED_EDGE('',*,*,#4637,.T.);
#3553=ORIENTED_EDGE('',*,*,#4636,.F.);
#3554=ORIENTED_EDGE('',*,*,#3807,.T.);
#3555=ORIENTED_EDGE('',*,*,#4637,.F.);
#3556=ORIENTED_EDGE('',*,*,#4638,.T.);
#3557=ORIENTED_EDGE('',*,*,#3704,.F.);
#3558=ORIENTED_EDGE('',*,*,#4639,.T.);
#3559=ORIENTED_EDGE('',*,*,#4638,.F.);
#3560=ORIENTED_EDGE('',*,*,#4640,.T.);
#3561=ORIENTED_EDGE('',*,*,#4639,.F.);
#3562=ORIENTED_EDGE('',*,*,#4641,.T.);
#3563=ORIENTED_EDGE('',*,*,#4640,.F.);
#3564=ORIENTED_EDGE('',*,*,#4642,.T.);
#3565=ORIENTED_EDGE('',*,*,#4641,.F.);
#3566=ORIENTED_EDGE('',*,*,#4643,.T.);
#3567=ORIENTED_EDGE('',*,*,#4642,.F.);
#3568=ORIENTED_EDGE('',*,*,#4644,.T.);
#3569=ORIENTED_EDGE('',*,*,#4643,.F.);
#3570=ORIENTED_EDGE('',*,*,#4645,.T.);
#3571=ORIENTED_EDGE('',*,*,#4644,.F.);
#3572=ORIENTED_EDGE('',*,*,#3806,.T.);
#3573=ORIENTED_EDGE('',*,*,#4645,.F.);
#3574=ORIENTED_EDGE('',*,*,#4646,.T.);
#3575=ORIENTED_EDGE('',*,*,#3703,.F.);
#3576=ORIENTED_EDGE('',*,*,#4647,.T.);
#3577=ORIENTED_EDGE('',*,*,#4646,.F.);
#3578=ORIENTED_EDGE('',*,*,#4648,.T.);
#3579=ORIENTED_EDGE('',*,*,#4647,.F.);
#3580=ORIENTED_EDGE('',*,*,#4649,.T.);
#3581=ORIENTED_EDGE('',*,*,#4648,.F.);
#3582=ORIENTED_EDGE('',*,*,#4650,.T.);
#3583=ORIENTED_EDGE('',*,*,#4649,.F.);
#3584=ORIENTED_EDGE('',*,*,#4651,.T.);
#3585=ORIENTED_EDGE('',*,*,#4650,.F.);
#3586=ORIENTED_EDGE('',*,*,#4652,.T.);
#3587=ORIENTED_EDGE('',*,*,#4651,.F.);
#3588=ORIENTED_EDGE('',*,*,#4653,.T.);
#3589=ORIENTED_EDGE('',*,*,#4652,.F.);
#3590=ORIENTED_EDGE('',*,*,#3805,.T.);
#3591=ORIENTED_EDGE('',*,*,#4653,.F.);
#3592=ORIENTED_EDGE('',*,*,#4654,.T.);
#3593=ORIENTED_EDGE('',*,*,#3702,.F.);
#3594=ORIENTED_EDGE('',*,*,#4655,.T.);
#3595=ORIENTED_EDGE('',*,*,#4654,.F.);
#3596=ORIENTED_EDGE('',*,*,#4656,.T.);
#3597=ORIENTED_EDGE('',*,*,#4655,.F.);
#3598=ORIENTED_EDGE('',*,*,#4657,.T.);
#3599=ORIENTED_EDGE('',*,*,#4656,.F.);
#3600=ORIENTED_EDGE('',*,*,#4658,.T.);
#3601=ORIENTED_EDGE('',*,*,#4657,.F.);
#3602=ORIENTED_EDGE('',*,*,#4659,.T.);
#3603=ORIENTED_EDGE('',*,*,#4658,.F.);
#3604=ORIENTED_EDGE('',*,*,#4660,.T.);
#3605=ORIENTED_EDGE('',*,*,#4659,.F.);
#3606=ORIENTED_EDGE('',*,*,#4661,.T.);
#3607=ORIENTED_EDGE('',*,*,#4660,.F.);
#3608=ORIENTED_EDGE('',*,*,#3804,.T.);
#3609=ORIENTED_EDGE('',*,*,#4661,.F.);
#3610=ORIENTED_EDGE('',*,*,#4662,.T.);
#3611=ORIENTED_EDGE('',*,*,#3701,.F.);
#3612=ORIENTED_EDGE('',*,*,#4663,.T.);
#3613=ORIENTED_EDGE('',*,*,#4662,.F.);
#3614=ORIENTED_EDGE('',*,*,#4664,.T.);
#3615=ORIENTED_EDGE('',*,*,#4663,.F.);
#3616=ORIENTED_EDGE('',*,*,#4665,.T.);
#3617=ORIENTED_EDGE('',*,*,#4664,.F.);
#3618=ORIENTED_EDGE('',*,*,#4666,.T.);
#3619=ORIENTED_EDGE('',*,*,#4665,.F.);
#3620=ORIENTED_EDGE('',*,*,#4667,.T.);
#3621=ORIENTED_EDGE('',*,*,#4666,.F.);
#3622=ORIENTED_EDGE('',*,*,#4668,.T.);
#3623=ORIENTED_EDGE('',*,*,#4667,.F.);
#3624=ORIENTED_EDGE('',*,*,#4669,.T.);
#3625=ORIENTED_EDGE('',*,*,#4668,.F.);
#3626=ORIENTED_EDGE('',*,*,#3803,.T.);
#3627=ORIENTED_EDGE('',*,*,#4669,.F.);
#3628=ORIENTED_EDGE('',*,*,#4670,.T.);
#3629=ORIENTED_EDGE('',*,*,#3700,.F.);
#3630=ORIENTED_EDGE('',*,*,#4671,.T.);
#3631=ORIENTED_EDGE('',*,*,#4670,.F.);
#3632=ORIENTED_EDGE('',*,*,#4672,.T.);
#3633=ORIENTED_EDGE('',*,*,#4671,.F.);
#3634=ORIENTED_EDGE('',*,*,#4673,.T.);
#3635=ORIENTED_EDGE('',*,*,#4672,.F.);
#3636=ORIENTED_EDGE('',*,*,#4674,.T.);
#3637=ORIENTED_EDGE('',*,*,#4673,.F.);
#3638=ORIENTED_EDGE('',*,*,#4675,.T.);
#3639=ORIENTED_EDGE('',*,*,#4674,.F.);
#3640=ORIENTED_EDGE('',*,*,#4676,.T.);
#3641=ORIENTED_EDGE('',*,*,#4675,.F.);
#3642=ORIENTED_EDGE('',*,*,#4677,.T.);
#3643=ORIENTED_EDGE('',*,*,#4676,.F.);
#3644=ORIENTED_EDGE('',*,*,#3802,.T.);
#3645=ORIENTED_EDGE('',*,*,#4677,.F.);
#3646=ORIENTED_EDGE('',*,*,#4678,.T.);
#3647=ORIENTED_EDGE('',*,*,#3699,.F.);
#3648=ORIENTED_EDGE('',*,*,#4679,.T.);
#3649=ORIENTED_EDGE('',*,*,#4678,.F.);
#3650=ORIENTED_EDGE('',*,*,#4680,.T.);
#3651=ORIENTED_EDGE('',*,*,#4679,.F.);
#3652=ORIENTED_EDGE('',*,*,#4681,.T.);
#3653=ORIENTED_EDGE('',*,*,#4680,.F.);
#3654=ORIENTED_EDGE('',*,*,#4682,.T.);
#3655=ORIENTED_EDGE('',*,*,#4681,.F.);
#3656=ORIENTED_EDGE('',*,*,#4683,.T.);
#3657=ORIENTED_EDGE('',*,*,#4682,.F.);
#3658=ORIENTED_EDGE('',*,*,#4684,.T.);
#3659=ORIENTED_EDGE('',*,*,#4683,.F.);
#3660=ORIENTED_EDGE('',*,*,#4685,.T.);
#3661=ORIENTED_EDGE('',*,*,#4684,.F.);
#3662=ORIENTED_EDGE('',*,*,#3801,.T.);
#3663=ORIENTED_EDGE('',*,*,#4685,.F.);
#3664=ORIENTED_EDGE('',*,*,#4686,.T.);
#3665=ORIENTED_EDGE('',*,*,#3698,.F.);
#3666=ORIENTED_EDGE('',*,*,#4687,.T.);
#3667=ORIENTED_EDGE('',*,*,#4686,.F.);
#3668=ORIENTED_EDGE('',*,*,#4688,.T.);
#3669=ORIENTED_EDGE('',*,*,#4687,.F.);
#3670=ORIENTED_EDGE('',*,*,#4689,.T.);
#3671=ORIENTED_EDGE('',*,*,#4688,.F.);
#3672=ORIENTED_EDGE('',*,*,#4690,.T.);
#3673=ORIENTED_EDGE('',*,*,#4689,.F.);
#3674=ORIENTED_EDGE('',*,*,#4691,.T.);
#3675=ORIENTED_EDGE('',*,*,#4690,.F.);
#3676=ORIENTED_EDGE('',*,*,#4692,.T.);
#3677=ORIENTED_EDGE('',*,*,#4691,.F.);
#3678=ORIENTED_EDGE('',*,*,#4693,.T.);
#3679=ORIENTED_EDGE('',*,*,#4692,.F.);
#3680=ORIENTED_EDGE('',*,*,#3800,.T.);
#3681=ORIENTED_EDGE('',*,*,#4693,.F.);
#3682=EDGE_CURVE('',#4694,#4695,#5686,.T.);
#3683=EDGE_CURVE('',#4695,#4696,#5687,.T.);
#3684=EDGE_CURVE('',#4696,#4697,#5688,.T.);
#3685=EDGE_CURVE('',#4697,#4694,#5689,.T.);
#3686=EDGE_CURVE('',#4698,#4699,#5690,.T.);
#3687=EDGE_CURVE('',#4699,#4700,#5691,.T.);
#3688=EDGE_CURVE('',#4700,#4701,#5692,.T.);
#3689=EDGE_CURVE('',#4701,#4698,#5693,.T.);
#3690=EDGE_CURVE('',#4702,#4703,#5694,.T.);
#3691=EDGE_CURVE('',#4703,#4704,#5695,.T.);
#3692=EDGE_CURVE('',#4704,#4705,#5696,.T.);
#3693=EDGE_CURVE('',#4705,#4702,#5697,.T.);
#3694=EDGE_CURVE('',#4706,#4707,#5698,.T.);
#3695=EDGE_CURVE('',#4707,#4708,#5699,.T.);
#3696=EDGE_CURVE('',#4708,#4709,#5700,.T.);
#3697=EDGE_CURVE('',#4709,#4706,#5701,.T.);
#3698=EDGE_CURVE('',#4710,#4710,#694,.T.);
#3699=EDGE_CURVE('',#4711,#4711,#695,.T.);
#3700=EDGE_CURVE('',#4712,#4712,#696,.T.);
#3701=EDGE_CURVE('',#4713,#4713,#697,.T.);
#3702=EDGE_CURVE('',#4714,#4714,#698,.T.);
#3703=EDGE_CURVE('',#4715,#4715,#699,.T.);
#3704=EDGE_CURVE('',#4716,#4716,#700,.T.);
#3705=EDGE_CURVE('',#4717,#4717,#701,.T.);
#3706=EDGE_CURVE('',#4718,#4718,#702,.T.);
#3707=EDGE_CURVE('',#4719,#4719,#703,.T.);
#3708=EDGE_CURVE('',#4720,#4720,#704,.T.);
#3709=EDGE_CURVE('',#4721,#4721,#705,.T.);
#3710=EDGE_CURVE('',#4722,#4722,#706,.T.);
#3711=EDGE_CURVE('',#4723,#4723,#707,.T.);
#3712=EDGE_CURVE('',#4724,#4724,#708,.T.);
#3713=EDGE_CURVE('',#4725,#4725,#709,.T.);
#3714=EDGE_CURVE('',#4726,#4726,#710,.T.);
#3715=EDGE_CURVE('',#4727,#4727,#711,.T.);
#3716=EDGE_CURVE('',#4728,#4728,#712,.T.);
#3717=EDGE_CURVE('',#4729,#4729,#713,.T.);
#3718=EDGE_CURVE('',#4730,#4730,#714,.T.);
#3719=EDGE_CURVE('',#4731,#4731,#715,.T.);
#3720=EDGE_CURVE('',#4732,#4732,#716,.T.);
#3721=EDGE_CURVE('',#4733,#4733,#717,.T.);
#3722=EDGE_CURVE('',#4734,#4734,#718,.T.);
#3723=EDGE_CURVE('',#4735,#4735,#719,.T.);
#3724=EDGE_CURVE('',#4736,#4736,#720,.T.);
#3725=EDGE_CURVE('',#4737,#4737,#721,.T.);
#3726=EDGE_CURVE('',#4738,#4738,#722,.T.);
#3727=EDGE_CURVE('',#4739,#4739,#723,.T.);
#3728=EDGE_CURVE('',#4740,#4740,#724,.T.);
#3729=EDGE_CURVE('',#4741,#4741,#725,.T.);
#3730=EDGE_CURVE('',#4742,#4742,#726,.T.);
#3731=EDGE_CURVE('',#4743,#4743,#727,.T.);
#3732=EDGE_CURVE('',#4744,#4744,#728,.T.);
#3733=EDGE_CURVE('',#4745,#4745,#729,.T.);
#3734=EDGE_CURVE('',#4746,#4746,#730,.T.);
#3735=EDGE_CURVE('',#4747,#4747,#731,.T.);
#3736=EDGE_CURVE('',#4748,#4748,#732,.T.);
#3737=EDGE_CURVE('',#4749,#4749,#733,.T.);
#3738=EDGE_CURVE('',#4750,#4750,#734,.T.);
#3739=EDGE_CURVE('',#4751,#4751,#735,.T.);
#3740=EDGE_CURVE('',#4752,#4752,#736,.T.);
#3741=EDGE_CURVE('',#4753,#4753,#737,.T.);
#3742=EDGE_CURVE('',#4754,#4754,#738,.T.);
#3743=EDGE_CURVE('',#4755,#4755,#739,.T.);
#3744=EDGE_CURVE('',#4756,#4756,#740,.T.);
#3745=EDGE_CURVE('',#4757,#4757,#741,.T.);
#3746=EDGE_CURVE('',#4758,#4758,#742,.T.);
#3747=EDGE_CURVE('',#4759,#4759,#743,.T.);
#3748=EDGE_CURVE('',#4760,#4760,#744,.T.);
#3749=EDGE_CURVE('',#4761,#4761,#745,.T.);
#3750=EDGE_CURVE('',#4762,#4762,#746,.T.);
#3751=EDGE_CURVE('',#4763,#4763,#747,.T.);
#3752=EDGE_CURVE('',#4764,#4764,#748,.T.);
#3753=EDGE_CURVE('',#4765,#4765,#749,.T.);
#3754=EDGE_CURVE('',#4766,#4766,#750,.T.);
#3755=EDGE_CURVE('',#4767,#4767,#751,.T.);
#3756=EDGE_CURVE('',#4768,#4768,#752,.T.);
#3757=EDGE_CURVE('',#4769,#4769,#753,.T.);
#3758=EDGE_CURVE('',#4770,#4770,#754,.T.);
#3759=EDGE_CURVE('',#4771,#4771,#755,.T.);
#3760=EDGE_CURVE('',#4772,#4772,#756,.T.);
#3761=EDGE_CURVE('',#4773,#4773,#757,.T.);
#3762=EDGE_CURVE('',#4774,#4774,#758,.T.);
#3763=EDGE_CURVE('',#4775,#4775,#759,.T.);
#3764=EDGE_CURVE('',#4776,#4776,#760,.T.);
#3765=EDGE_CURVE('',#4777,#4777,#761,.T.);
#3766=EDGE_CURVE('',#4778,#4778,#762,.T.);
#3767=EDGE_CURVE('',#4779,#4779,#763,.T.);
#3768=EDGE_CURVE('',#4780,#4780,#764,.T.);
#3769=EDGE_CURVE('',#4781,#4781,#765,.T.);
#3770=EDGE_CURVE('',#4782,#4782,#766,.T.);
#3771=EDGE_CURVE('',#4783,#4783,#767,.T.);
#3772=EDGE_CURVE('',#4784,#4784,#768,.T.);
#3773=EDGE_CURVE('',#4785,#4785,#769,.T.);
#3774=EDGE_CURVE('',#4786,#4786,#770,.T.);
#3775=EDGE_CURVE('',#4787,#4787,#771,.T.);
#3776=EDGE_CURVE('',#4788,#4788,#772,.T.);
#3777=EDGE_CURVE('',#4789,#4789,#773,.T.);
#3778=EDGE_CURVE('',#4790,#4790,#774,.T.);
#3779=EDGE_CURVE('',#4791,#4791,#775,.T.);
#3780=EDGE_CURVE('',#4792,#4792,#776,.T.);
#3781=EDGE_CURVE('',#4793,#4793,#777,.T.);
#3782=EDGE_CURVE('',#4794,#4794,#778,.T.);
#3783=EDGE_CURVE('',#4795,#4795,#779,.T.);
#3784=EDGE_CURVE('',#4796,#4796,#780,.T.);
#3785=EDGE_CURVE('',#4797,#4797,#781,.T.);
#3786=EDGE_CURVE('',#4798,#4798,#782,.T.);
#3787=EDGE_CURVE('',#4799,#4799,#783,.T.);
#3788=EDGE_CURVE('',#4800,#4800,#784,.T.);
#3789=EDGE_CURVE('',#4801,#4801,#785,.T.);
#3790=EDGE_CURVE('',#4802,#4802,#786,.T.);
#3791=EDGE_CURVE('',#4803,#4803,#787,.T.);
#3792=EDGE_CURVE('',#4804,#4804,#788,.T.);
#3793=EDGE_CURVE('',#4805,#4805,#789,.T.);
#3794=EDGE_CURVE('',#4806,#4806,#790,.T.);
#3795=EDGE_CURVE('',#4807,#4807,#791,.T.);
#3796=EDGE_CURVE('',#4808,#4809,#5702,.T.);
#3797=EDGE_CURVE('',#4809,#4810,#5703,.T.);
#3798=EDGE_CURVE('',#4810,#4811,#5704,.T.);
#3799=EDGE_CURVE('',#4811,#4808,#5705,.T.);
#3800=EDGE_CURVE('',#4812,#4812,#792,.T.);
#3801=EDGE_CURVE('',#4813,#4813,#793,.T.);
#3802=EDGE_CURVE('',#4814,#4814,#794,.T.);
#3803=EDGE_CURVE('',#4815,#4815,#795,.T.);
#3804=EDGE_CURVE('',#4816,#4816,#796,.T.);
#3805=EDGE_CURVE('',#4817,#4817,#797,.T.);
#3806=EDGE_CURVE('',#4818,#4818,#798,.T.);
#3807=EDGE_CURVE('',#4819,#4819,#799,.T.);
#3808=EDGE_CURVE('',#4820,#4820,#800,.T.);
#3809=EDGE_CURVE('',#4821,#4821,#801,.T.);
#3810=EDGE_CURVE('',#4822,#4822,#802,.T.);
#3811=EDGE_CURVE('',#4823,#4823,#803,.T.);
#3812=EDGE_CURVE('',#4824,#4824,#804,.T.);
#3813=EDGE_CURVE('',#4825,#4825,#805,.T.);
#3814=EDGE_CURVE('',#4826,#4826,#806,.T.);
#3815=EDGE_CURVE('',#4827,#4827,#807,.T.);
#3816=EDGE_CURVE('',#4828,#4828,#808,.T.);
#3817=EDGE_CURVE('',#4829,#4829,#809,.T.);
#3818=EDGE_CURVE('',#4830,#4830,#810,.T.);
#3819=EDGE_CURVE('',#4831,#4831,#811,.T.);
#3820=EDGE_CURVE('',#4832,#4832,#812,.T.);
#3821=EDGE_CURVE('',#4833,#4833,#813,.T.);
#3822=EDGE_CURVE('',#4834,#4834,#814,.T.);
#3823=EDGE_CURVE('',#4835,#4835,#815,.T.);
#3824=EDGE_CURVE('',#4836,#4836,#816,.T.);
#3825=EDGE_CURVE('',#4837,#4837,#817,.T.);
#3826=EDGE_CURVE('',#4838,#4838,#818,.T.);
#3827=EDGE_CURVE('',#4839,#4839,#819,.T.);
#3828=EDGE_CURVE('',#4840,#4840,#820,.T.);
#3829=EDGE_CURVE('',#4841,#4841,#821,.T.);
#3830=EDGE_CURVE('',#4842,#4842,#822,.T.);
#3831=EDGE_CURVE('',#4843,#4843,#823,.T.);
#3832=EDGE_CURVE('',#4844,#4844,#824,.T.);
#3833=EDGE_CURVE('',#4845,#4845,#825,.T.);
#3834=EDGE_CURVE('',#4846,#4846,#826,.T.);
#3835=EDGE_CURVE('',#4847,#4847,#827,.T.);
#3836=EDGE_CURVE('',#4848,#4848,#828,.T.);
#3837=EDGE_CURVE('',#4849,#4849,#829,.T.);
#3838=EDGE_CURVE('',#4850,#4850,#830,.T.);
#3839=EDGE_CURVE('',#4851,#4851,#831,.T.);
#3840=EDGE_CURVE('',#4852,#4852,#832,.T.);
#3841=EDGE_CURVE('',#4853,#4853,#833,.T.);
#3842=EDGE_CURVE('',#4854,#4854,#834,.T.);
#3843=EDGE_CURVE('',#4855,#4855,#835,.T.);
#3844=EDGE_CURVE('',#4856,#4856,#836,.T.);
#3845=EDGE_CURVE('',#4857,#4857,#837,.T.);
#3846=EDGE_CURVE('',#4858,#4858,#838,.T.);
#3847=EDGE_CURVE('',#4859,#4859,#839,.T.);
#3848=EDGE_CURVE('',#4860,#4860,#840,.T.);
#3849=EDGE_CURVE('',#4861,#4861,#841,.T.);
#3850=EDGE_CURVE('',#4862,#4862,#842,.T.);
#3851=EDGE_CURVE('',#4863,#4863,#843,.T.);
#3852=EDGE_CURVE('',#4864,#4864,#844,.T.);
#3853=EDGE_CURVE('',#4865,#4865,#845,.T.);
#3854=EDGE_CURVE('',#4866,#4866,#846,.T.);
#3855=EDGE_CURVE('',#4867,#4867,#847,.T.);
#3856=EDGE_CURVE('',#4868,#4868,#848,.T.);
#3857=EDGE_CURVE('',#4869,#4869,#849,.T.);
#3858=EDGE_CURVE('',#4870,#4870,#850,.T.);
#3859=EDGE_CURVE('',#4871,#4871,#851,.T.);
#3860=EDGE_CURVE('',#4872,#4872,#852,.T.);
#3861=EDGE_CURVE('',#4873,#4873,#853,.T.);
#3862=EDGE_CURVE('',#4874,#4874,#854,.T.);
#3863=EDGE_CURVE('',#4875,#4875,#855,.T.);
#3864=EDGE_CURVE('',#4876,#4876,#856,.T.);
#3865=EDGE_CURVE('',#4877,#4877,#857,.T.);
#3866=EDGE_CURVE('',#4878,#4878,#858,.T.);
#3867=EDGE_CURVE('',#4879,#4879,#859,.T.);
#3868=EDGE_CURVE('',#4880,#4880,#860,.T.);
#3869=EDGE_CURVE('',#4881,#4881,#861,.T.);
#3870=EDGE_CURVE('',#4882,#4882,#862,.T.);
#3871=EDGE_CURVE('',#4883,#4883,#863,.T.);
#3872=EDGE_CURVE('',#4884,#4884,#864,.T.);
#3873=EDGE_CURVE('',#4885,#4885,#865,.T.);
#3874=EDGE_CURVE('',#4886,#4886,#866,.T.);
#3875=EDGE_CURVE('',#4887,#4887,#867,.T.);
#3876=EDGE_CURVE('',#4888,#4888,#868,.T.);
#3877=EDGE_CURVE('',#4889,#4889,#869,.T.);
#3878=EDGE_CURVE('',#4890,#4890,#870,.T.);
#3879=EDGE_CURVE('',#4891,#4891,#871,.T.);
#3880=EDGE_CURVE('',#4892,#4892,#872,.T.);
#3881=EDGE_CURVE('',#4893,#4893,#873,.T.);
#3882=EDGE_CURVE('',#4894,#4894,#874,.T.);
#3883=EDGE_CURVE('',#4895,#4895,#875,.T.);
#3884=EDGE_CURVE('',#4896,#4896,#876,.T.);
#3885=EDGE_CURVE('',#4897,#4897,#877,.T.);
#3886=EDGE_CURVE('',#4898,#4898,#878,.T.);
#3887=EDGE_CURVE('',#4899,#4899,#879,.T.);
#3888=EDGE_CURVE('',#4900,#4900,#880,.T.);
#3889=EDGE_CURVE('',#4901,#4901,#881,.T.);
#3890=EDGE_CURVE('',#4902,#4902,#882,.T.);
#3891=EDGE_CURVE('',#4903,#4903,#883,.T.);
#3892=EDGE_CURVE('',#4904,#4904,#884,.T.);
#3893=EDGE_CURVE('',#4905,#4905,#885,.T.);
#3894=EDGE_CURVE('',#4906,#4906,#886,.T.);
#3895=EDGE_CURVE('',#4907,#4907,#887,.T.);
#3896=EDGE_CURVE('',#4908,#4908,#888,.T.);
#3897=EDGE_CURVE('',#4909,#4909,#889,.T.);
#3898=EDGE_CURVE('',#4910,#4911,#5706,.T.);
#3899=EDGE_CURVE('',#4911,#4912,#5707,.T.);
#3900=EDGE_CURVE('',#4912,#4913,#5708,.T.);
#3901=EDGE_CURVE('',#4913,#4910,#5709,.T.);
#3902=EDGE_CURVE('',#4914,#4811,#5710,.T.);
#3903=EDGE_CURVE('',#4914,#4699,#5711,.F.);
#3904=EDGE_CURVE('',#4698,#4915,#5712,.F.);
#3905=EDGE_CURVE('',#4808,#4915,#5713,.F.);
#3906=EDGE_CURVE('',#4704,#4916,#5714,.F.);
#3907=EDGE_CURVE('',#4809,#4916,#5715,.F.);
#3908=EDGE_CURVE('',#4915,#4705,#5716,.F.);
#3909=EDGE_CURVE('',#4696,#4914,#5717,.F.);
#3910=EDGE_CURVE('',#4917,#4810,#5718,.F.);
#3911=EDGE_CURVE('',#4917,#4697,#5719,.F.);
#3912=EDGE_CURVE('',#4916,#4707,#5720,.F.);
#3913=EDGE_CURVE('',#4706,#4917,#5721,.F.);
#3914=EDGE_CURVE('',#4700,#4695,#5722,.F.);
#3915=EDGE_CURVE('',#4700,#4911,#5723,.T.);
#3916=EDGE_CURVE('',#4911,#4695,#5724,.T.);
#3917=EDGE_CURVE('',#4694,#4709,#5725,.F.);
#3918=EDGE_CURVE('',#4912,#4694,#5726,.F.);
#3919=EDGE_CURVE('',#4701,#4910,#5727,.F.);
#3920=EDGE_CURVE('',#4702,#4701,#5728,.F.);
#3921=EDGE_CURVE('',#4912,#4709,#5729,.T.);
#3922=EDGE_CURVE('',#4702,#4910,#5730,.T.);
#3923=EDGE_CURVE('',#4913,#4708,#5731,.F.);
#3924=EDGE_CURVE('',#4703,#4913,#5732,.F.);
#3925=EDGE_CURVE('',#4703,#4708,#5733,.T.);
#3926=EDGE_CURVE('',#4918,#4918,#890,.T.);
#3927=EDGE_CURVE('',#4919,#4919,#891,.T.);
#3928=EDGE_CURVE('',#4920,#4920,#892,.T.);
#3929=EDGE_CURVE('',#4921,#4921,#893,.T.);
#3930=EDGE_CURVE('',#4922,#4922,#894,.T.);
#3931=EDGE_CURVE('',#4923,#4923,#895,.T.);
#3932=EDGE_CURVE('',#4924,#4924,#896,.T.);
#3933=EDGE_CURVE('',#4925,#4925,#897,.T.);
#3934=EDGE_CURVE('',#4926,#4926,#898,.T.);
#3935=EDGE_CURVE('',#4927,#4927,#899,.T.);
#3936=EDGE_CURVE('',#4928,#4928,#900,.T.);
#3937=EDGE_CURVE('',#4929,#4929,#901,.T.);
#3938=EDGE_CURVE('',#4930,#4930,#902,.T.);
#3939=EDGE_CURVE('',#4931,#4931,#903,.T.);
#3940=EDGE_CURVE('',#4932,#4932,#904,.T.);
#3941=EDGE_CURVE('',#4933,#4933,#905,.T.);
#3942=EDGE_CURVE('',#4934,#4934,#906,.T.);
#3943=EDGE_CURVE('',#4935,#4935,#907,.T.);
#3944=EDGE_CURVE('',#4936,#4936,#908,.T.);
#3945=EDGE_CURVE('',#4937,#4937,#909,.T.);
#3946=EDGE_CURVE('',#4938,#4938,#910,.T.);
#3947=EDGE_CURVE('',#4939,#4939,#911,.T.);
#3948=EDGE_CURVE('',#4940,#4940,#912,.T.);
#3949=EDGE_CURVE('',#4941,#4941,#913,.T.);
#3950=EDGE_CURVE('',#4942,#4942,#914,.T.);
#3951=EDGE_CURVE('',#4943,#4943,#915,.T.);
#3952=EDGE_CURVE('',#4944,#4944,#916,.T.);
#3953=EDGE_CURVE('',#4945,#4945,#917,.T.);
#3954=EDGE_CURVE('',#4946,#4946,#918,.T.);
#3955=EDGE_CURVE('',#4947,#4947,#919,.T.);
#3956=EDGE_CURVE('',#4948,#4948,#920,.T.);
#3957=EDGE_CURVE('',#4949,#4949,#921,.T.);
#3958=EDGE_CURVE('',#4950,#4950,#922,.T.);
#3959=EDGE_CURVE('',#4951,#4951,#923,.T.);
#3960=EDGE_CURVE('',#4952,#4952,#924,.T.);
#3961=EDGE_CURVE('',#4953,#4953,#925,.T.);
#3962=EDGE_CURVE('',#4954,#4954,#926,.T.);
#3963=EDGE_CURVE('',#4955,#4955,#927,.T.);
#3964=EDGE_CURVE('',#4956,#4956,#928,.T.);
#3965=EDGE_CURVE('',#4957,#4957,#929,.T.);
#3966=EDGE_CURVE('',#4958,#4958,#930,.T.);
#3967=EDGE_CURVE('',#4959,#4959,#931,.T.);
#3968=EDGE_CURVE('',#4960,#4960,#932,.T.);
#3969=EDGE_CURVE('',#4961,#4961,#933,.T.);
#3970=EDGE_CURVE('',#4962,#4962,#934,.T.);
#3971=EDGE_CURVE('',#4963,#4963,#935,.T.);
#3972=EDGE_CURVE('',#4964,#4964,#936,.T.);
#3973=EDGE_CURVE('',#4965,#4965,#937,.T.);
#3974=EDGE_CURVE('',#4966,#4966,#938,.T.);
#3975=EDGE_CURVE('',#4967,#4967,#939,.T.);
#3976=EDGE_CURVE('',#4968,#4968,#940,.T.);
#3977=EDGE_CURVE('',#4969,#4969,#941,.T.);
#3978=EDGE_CURVE('',#4970,#4970,#942,.T.);
#3979=EDGE_CURVE('',#4971,#4971,#943,.T.);
#3980=EDGE_CURVE('',#4972,#4972,#944,.T.);
#3981=EDGE_CURVE('',#4973,#4973,#945,.T.);
#3982=EDGE_CURVE('',#4974,#4974,#946,.T.);
#3983=EDGE_CURVE('',#4975,#4975,#947,.T.);
#3984=EDGE_CURVE('',#4976,#4976,#948,.T.);
#3985=EDGE_CURVE('',#4977,#4977,#949,.T.);
#3986=EDGE_CURVE('',#4978,#4978,#950,.T.);
#3987=EDGE_CURVE('',#4979,#4979,#951,.T.);
#3988=EDGE_CURVE('',#4980,#4980,#952,.T.);
#3989=EDGE_CURVE('',#4981,#4981,#953,.T.);
#3990=EDGE_CURVE('',#4982,#4982,#954,.T.);
#3991=EDGE_CURVE('',#4983,#4983,#955,.T.);
#3992=EDGE_CURVE('',#4984,#4984,#956,.T.);
#3993=EDGE_CURVE('',#4985,#4985,#957,.T.);
#3994=EDGE_CURVE('',#4986,#4986,#958,.T.);
#3995=EDGE_CURVE('',#4987,#4987,#959,.T.);
#3996=EDGE_CURVE('',#4988,#4988,#960,.T.);
#3997=EDGE_CURVE('',#4989,#4989,#961,.T.);
#3998=EDGE_CURVE('',#4990,#4990,#962,.T.);
#3999=EDGE_CURVE('',#4991,#4991,#963,.T.);
#4000=EDGE_CURVE('',#4992,#4992,#964,.T.);
#4001=EDGE_CURVE('',#4993,#4993,#965,.T.);
#4002=EDGE_CURVE('',#4994,#4994,#966,.T.);
#4003=EDGE_CURVE('',#4995,#4995,#967,.T.);
#4004=EDGE_CURVE('',#4996,#4996,#968,.T.);
#4005=EDGE_CURVE('',#4997,#4997,#969,.T.);
#4006=EDGE_CURVE('',#4998,#4998,#970,.T.);
#4007=EDGE_CURVE('',#4999,#4999,#971,.T.);
#4008=EDGE_CURVE('',#5000,#5000,#972,.T.);
#4009=EDGE_CURVE('',#5001,#5001,#973,.T.);
#4010=EDGE_CURVE('',#5002,#5002,#974,.T.);
#4011=EDGE_CURVE('',#5003,#5003,#975,.T.);
#4012=EDGE_CURVE('',#5004,#5004,#976,.T.);
#4013=EDGE_CURVE('',#5005,#5005,#977,.T.);
#4014=EDGE_CURVE('',#5006,#5006,#978,.T.);
#4015=EDGE_CURVE('',#5007,#5007,#979,.T.);
#4016=EDGE_CURVE('',#5008,#5008,#980,.T.);
#4017=EDGE_CURVE('',#5009,#5009,#981,.T.);
#4018=EDGE_CURVE('',#5010,#5010,#982,.T.);
#4019=EDGE_CURVE('',#5011,#5011,#983,.T.);
#4020=EDGE_CURVE('',#5012,#5012,#984,.T.);
#4021=EDGE_CURVE('',#5013,#5013,#985,.T.);
#4022=EDGE_CURVE('',#5014,#5014,#986,.T.);
#4023=EDGE_CURVE('',#5015,#5015,#987,.T.);
#4024=EDGE_CURVE('',#5016,#5016,#988,.T.);
#4025=EDGE_CURVE('',#5017,#5017,#989,.T.);
#4026=EDGE_CURVE('',#5018,#5018,#990,.T.);
#4027=EDGE_CURVE('',#5019,#5019,#991,.T.);
#4028=EDGE_CURVE('',#5020,#5020,#992,.T.);
#4029=EDGE_CURVE('',#5021,#5021,#993,.T.);
#4030=EDGE_CURVE('',#5022,#5022,#994,.T.);
#4031=EDGE_CURVE('',#5023,#5023,#995,.T.);
#4032=EDGE_CURVE('',#5024,#5024,#996,.T.);
#4033=EDGE_CURVE('',#5025,#5025,#997,.T.);
#4034=EDGE_CURVE('',#5026,#5026,#998,.T.);
#4035=EDGE_CURVE('',#5027,#5027,#999,.T.);
#4036=EDGE_CURVE('',#5028,#5028,#1000,.T.);
#4037=EDGE_CURVE('',#5029,#5029,#1001,.T.);
#4038=EDGE_CURVE('',#5030,#5030,#1002,.T.);
#4039=EDGE_CURVE('',#5031,#5031,#1003,.T.);
#4040=EDGE_CURVE('',#5032,#5032,#1004,.T.);
#4041=EDGE_CURVE('',#5033,#5033,#1005,.T.);
#4042=EDGE_CURVE('',#5034,#5034,#1006,.T.);
#4043=EDGE_CURVE('',#5035,#5035,#1007,.T.);
#4044=EDGE_CURVE('',#5036,#5036,#1008,.T.);
#4045=EDGE_CURVE('',#5037,#5037,#1009,.T.);
#4046=EDGE_CURVE('',#5038,#5038,#1010,.T.);
#4047=EDGE_CURVE('',#5039,#5039,#1011,.T.);
#4048=EDGE_CURVE('',#5040,#5040,#1012,.T.);
#4049=EDGE_CURVE('',#5041,#5041,#1013,.T.);
#4050=EDGE_CURVE('',#5042,#5042,#1014,.T.);
#4051=EDGE_CURVE('',#5043,#5043,#1015,.T.);
#4052=EDGE_CURVE('',#5044,#5044,#1016,.T.);
#4053=EDGE_CURVE('',#5045,#5045,#1017,.T.);
#4054=EDGE_CURVE('',#5046,#5046,#1018,.T.);
#4055=EDGE_CURVE('',#5047,#5047,#1019,.T.);
#4056=EDGE_CURVE('',#5048,#5048,#1020,.T.);
#4057=EDGE_CURVE('',#5049,#5049,#1021,.T.);
#4058=EDGE_CURVE('',#5050,#5050,#1022,.T.);
#4059=EDGE_CURVE('',#5051,#5051,#1023,.T.);
#4060=EDGE_CURVE('',#5052,#5052,#1024,.T.);
#4061=EDGE_CURVE('',#5053,#5053,#1025,.T.);
#4062=EDGE_CURVE('',#5054,#5054,#1026,.T.);
#4063=EDGE_CURVE('',#5055,#5055,#1027,.T.);
#4064=EDGE_CURVE('',#5056,#5056,#1028,.T.);
#4065=EDGE_CURVE('',#5057,#5057,#1029,.T.);
#4066=EDGE_CURVE('',#5058,#5058,#1030,.T.);
#4067=EDGE_CURVE('',#5059,#5059,#1031,.T.);
#4068=EDGE_CURVE('',#5060,#5060,#1032,.T.);
#4069=EDGE_CURVE('',#5061,#5061,#1033,.T.);
#4070=EDGE_CURVE('',#5062,#5062,#1034,.T.);
#4071=EDGE_CURVE('',#5063,#5063,#1035,.T.);
#4072=EDGE_CURVE('',#5064,#5064,#1036,.T.);
#4073=EDGE_CURVE('',#5065,#5065,#1037,.T.);
#4074=EDGE_CURVE('',#5066,#5066,#1038,.T.);
#4075=EDGE_CURVE('',#5067,#5067,#1039,.T.);
#4076=EDGE_CURVE('',#5068,#5068,#1040,.T.);
#4077=EDGE_CURVE('',#5069,#5069,#1041,.T.);
#4078=EDGE_CURVE('',#5070,#5070,#1042,.T.);
#4079=EDGE_CURVE('',#5071,#5071,#1043,.T.);
#4080=EDGE_CURVE('',#5072,#5072,#1044,.T.);
#4081=EDGE_CURVE('',#5073,#5073,#1045,.T.);
#4082=EDGE_CURVE('',#5074,#5074,#1046,.T.);
#4083=EDGE_CURVE('',#5075,#5075,#1047,.T.);
#4084=EDGE_CURVE('',#5076,#5076,#1048,.T.);
#4085=EDGE_CURVE('',#5077,#5077,#1049,.T.);
#4086=EDGE_CURVE('',#5078,#5078,#1050,.T.);
#4087=EDGE_CURVE('',#5079,#5079,#1051,.T.);
#4088=EDGE_CURVE('',#5080,#5080,#1052,.T.);
#4089=EDGE_CURVE('',#5081,#5081,#1053,.T.);
#4090=EDGE_CURVE('',#5082,#5082,#1054,.T.);
#4091=EDGE_CURVE('',#5083,#5083,#1055,.T.);
#4092=EDGE_CURVE('',#5084,#5084,#1056,.T.);
#4093=EDGE_CURVE('',#5085,#5085,#1057,.T.);
#4094=EDGE_CURVE('',#5086,#5086,#1058,.T.);
#4095=EDGE_CURVE('',#5087,#5087,#1059,.T.);
#4096=EDGE_CURVE('',#5088,#5088,#1060,.T.);
#4097=EDGE_CURVE('',#5089,#5089,#1061,.T.);
#4098=EDGE_CURVE('',#5090,#5090,#1062,.T.);
#4099=EDGE_CURVE('',#5091,#5091,#1063,.T.);
#4100=EDGE_CURVE('',#5092,#5092,#1064,.T.);
#4101=EDGE_CURVE('',#5093,#5093,#1065,.T.);
#4102=EDGE_CURVE('',#5094,#5094,#1066,.T.);
#4103=EDGE_CURVE('',#5095,#5095,#1067,.T.);
#4104=EDGE_CURVE('',#5096,#5096,#1068,.T.);
#4105=EDGE_CURVE('',#5097,#5097,#1069,.T.);
#4106=EDGE_CURVE('',#5098,#5098,#1070,.T.);
#4107=EDGE_CURVE('',#5099,#5099,#1071,.T.);
#4108=EDGE_CURVE('',#5100,#5100,#1072,.T.);
#4109=EDGE_CURVE('',#5101,#5101,#1073,.T.);
#4110=EDGE_CURVE('',#5102,#5102,#1074,.T.);
#4111=EDGE_CURVE('',#5103,#5103,#1075,.T.);
#4112=EDGE_CURVE('',#5104,#5104,#1076,.T.);
#4113=EDGE_CURVE('',#5105,#5105,#1077,.T.);
#4114=EDGE_CURVE('',#5106,#5106,#1078,.T.);
#4115=EDGE_CURVE('',#5107,#5107,#1079,.T.);
#4116=EDGE_CURVE('',#5108,#5108,#1080,.T.);
#4117=EDGE_CURVE('',#5109,#5109,#1081,.T.);
#4118=EDGE_CURVE('',#5110,#5110,#1082,.T.);
#4119=EDGE_CURVE('',#5111,#5111,#1083,.T.);
#4120=EDGE_CURVE('',#5112,#5112,#1084,.T.);
#4121=EDGE_CURVE('',#5113,#5113,#1085,.T.);
#4122=EDGE_CURVE('',#5114,#5114,#1086,.T.);
#4123=EDGE_CURVE('',#5115,#5115,#1087,.T.);
#4124=EDGE_CURVE('',#5116,#5116,#1088,.T.);
#4125=EDGE_CURVE('',#5117,#5117,#1089,.T.);
#4126=EDGE_CURVE('',#5118,#5118,#1090,.T.);
#4127=EDGE_CURVE('',#5119,#5119,#1091,.T.);
#4128=EDGE_CURVE('',#5120,#5120,#1092,.T.);
#4129=EDGE_CURVE('',#5121,#5121,#1093,.T.);
#4130=EDGE_CURVE('',#5122,#5122,#1094,.T.);
#4131=EDGE_CURVE('',#5123,#5123,#1095,.T.);
#4132=EDGE_CURVE('',#5124,#5124,#1096,.T.);
#4133=EDGE_CURVE('',#5125,#5125,#1097,.T.);
#4134=EDGE_CURVE('',#5126,#5126,#1098,.T.);
#4135=EDGE_CURVE('',#5127,#5127,#1099,.T.);
#4136=EDGE_CURVE('',#5128,#5128,#1100,.T.);
#4137=EDGE_CURVE('',#5129,#5129,#1101,.T.);
#4138=EDGE_CURVE('',#5130,#5130,#1102,.T.);
#4139=EDGE_CURVE('',#5131,#5131,#1103,.T.);
#4140=EDGE_CURVE('',#5132,#5132,#1104,.T.);
#4141=EDGE_CURVE('',#5133,#5133,#1105,.T.);
#4142=EDGE_CURVE('',#5134,#5134,#1106,.T.);
#4143=EDGE_CURVE('',#5135,#5135,#1107,.T.);
#4144=EDGE_CURVE('',#5136,#5136,#1108,.T.);
#4145=EDGE_CURVE('',#5137,#5137,#1109,.T.);
#4146=EDGE_CURVE('',#5138,#5138,#1110,.T.);
#4147=EDGE_CURVE('',#5139,#5139,#1111,.T.);
#4148=EDGE_CURVE('',#5140,#5140,#1112,.T.);
#4149=EDGE_CURVE('',#5141,#5141,#1113,.T.);
#4150=EDGE_CURVE('',#5142,#5142,#1114,.T.);
#4151=EDGE_CURVE('',#5143,#5143,#1115,.T.);
#4152=EDGE_CURVE('',#5144,#5144,#1116,.T.);
#4153=EDGE_CURVE('',#5145,#5145,#1117,.T.);
#4154=EDGE_CURVE('',#5146,#5146,#1118,.T.);
#4155=EDGE_CURVE('',#5147,#5147,#1119,.T.);
#4156=EDGE_CURVE('',#5148,#5148,#1120,.T.);
#4157=EDGE_CURVE('',#5149,#5149,#1121,.T.);
#4158=EDGE_CURVE('',#5150,#5150,#1122,.T.);
#4159=EDGE_CURVE('',#5151,#5151,#1123,.T.);
#4160=EDGE_CURVE('',#5152,#5152,#1124,.T.);
#4161=EDGE_CURVE('',#5153,#5153,#1125,.T.);
#4162=EDGE_CURVE('',#5154,#5154,#1126,.T.);
#4163=EDGE_CURVE('',#5155,#5155,#1127,.T.);
#4164=EDGE_CURVE('',#5156,#5156,#1128,.T.);
#4165=EDGE_CURVE('',#5157,#5157,#1129,.T.);
#4166=EDGE_CURVE('',#5158,#5158,#1130,.T.);
#4167=EDGE_CURVE('',#5159,#5159,#1131,.T.);
#4168=EDGE_CURVE('',#5160,#5160,#1132,.T.);
#4169=EDGE_CURVE('',#5161,#5161,#1133,.T.);
#4170=EDGE_CURVE('',#5162,#5162,#1134,.T.);
#4171=EDGE_CURVE('',#5163,#5163,#1135,.T.);
#4172=EDGE_CURVE('',#5164,#5164,#1136,.T.);
#4173=EDGE_CURVE('',#5165,#5165,#1137,.T.);
#4174=EDGE_CURVE('',#5166,#5166,#1138,.T.);
#4175=EDGE_CURVE('',#5167,#5167,#1139,.T.);
#4176=EDGE_CURVE('',#5168,#5168,#1140,.T.);
#4177=EDGE_CURVE('',#5169,#5169,#1141,.T.);
#4178=EDGE_CURVE('',#5170,#5170,#1142,.T.);
#4179=EDGE_CURVE('',#5171,#5171,#1143,.T.);
#4180=EDGE_CURVE('',#5172,#5172,#1144,.T.);
#4181=EDGE_CURVE('',#5173,#5173,#1145,.T.);
#4182=EDGE_CURVE('',#5174,#5174,#1146,.T.);
#4183=EDGE_CURVE('',#5175,#5175,#1147,.T.);
#4184=EDGE_CURVE('',#5176,#5176,#1148,.T.);
#4185=EDGE_CURVE('',#5177,#5177,#1149,.T.);
#4186=EDGE_CURVE('',#5178,#5178,#1150,.T.);
#4187=EDGE_CURVE('',#5179,#5179,#1151,.T.);
#4188=EDGE_CURVE('',#5180,#5180,#1152,.T.);
#4189=EDGE_CURVE('',#5181,#5181,#1153,.T.);
#4190=EDGE_CURVE('',#5182,#5182,#1154,.T.);
#4191=EDGE_CURVE('',#5183,#5183,#1155,.T.);
#4192=EDGE_CURVE('',#5184,#5184,#1156,.T.);
#4193=EDGE_CURVE('',#5185,#5185,#1157,.T.);
#4194=EDGE_CURVE('',#5186,#5186,#1158,.T.);
#4195=EDGE_CURVE('',#5187,#5187,#1159,.T.);
#4196=EDGE_CURVE('',#5188,#5188,#1160,.T.);
#4197=EDGE_CURVE('',#5189,#5189,#1161,.T.);
#4198=EDGE_CURVE('',#5190,#5190,#1162,.T.);
#4199=EDGE_CURVE('',#5191,#5191,#1163,.T.);
#4200=EDGE_CURVE('',#5192,#5192,#1164,.T.);
#4201=EDGE_CURVE('',#5193,#5193,#1165,.T.);
#4202=EDGE_CURVE('',#5194,#5194,#1166,.T.);
#4203=EDGE_CURVE('',#5195,#5195,#1167,.T.);
#4204=EDGE_CURVE('',#5196,#5196,#1168,.T.);
#4205=EDGE_CURVE('',#5197,#5197,#1169,.T.);
#4206=EDGE_CURVE('',#5198,#5198,#1170,.T.);
#4207=EDGE_CURVE('',#5199,#5199,#1171,.T.);
#4208=EDGE_CURVE('',#5200,#5200,#1172,.T.);
#4209=EDGE_CURVE('',#5201,#5201,#1173,.T.);
#4210=EDGE_CURVE('',#5202,#5202,#1174,.T.);
#4211=EDGE_CURVE('',#5203,#5203,#1175,.T.);
#4212=EDGE_CURVE('',#5204,#5204,#1176,.T.);
#4213=EDGE_CURVE('',#5205,#5205,#1177,.T.);
#4214=EDGE_CURVE('',#5206,#5206,#1178,.T.);
#4215=EDGE_CURVE('',#5207,#5207,#1179,.T.);
#4216=EDGE_CURVE('',#5208,#5208,#1180,.T.);
#4217=EDGE_CURVE('',#5209,#5209,#1181,.T.);
#4218=EDGE_CURVE('',#5210,#5210,#1182,.T.);
#4219=EDGE_CURVE('',#5211,#5211,#1183,.T.);
#4220=EDGE_CURVE('',#5212,#5212,#1184,.T.);
#4221=EDGE_CURVE('',#5213,#5213,#1185,.T.);
#4222=EDGE_CURVE('',#5214,#5214,#1186,.T.);
#4223=EDGE_CURVE('',#5215,#5215,#1187,.T.);
#4224=EDGE_CURVE('',#5216,#5216,#1188,.T.);
#4225=EDGE_CURVE('',#5217,#5217,#1189,.T.);
#4226=EDGE_CURVE('',#5218,#5218,#1190,.T.);
#4227=EDGE_CURVE('',#5219,#5219,#1191,.T.);
#4228=EDGE_CURVE('',#5220,#5220,#1192,.T.);
#4229=EDGE_CURVE('',#5221,#5221,#1193,.T.);
#4230=EDGE_CURVE('',#5222,#5222,#1194,.T.);
#4231=EDGE_CURVE('',#5223,#5223,#1195,.T.);
#4232=EDGE_CURVE('',#5224,#5224,#1196,.T.);
#4233=EDGE_CURVE('',#5225,#5225,#1197,.T.);
#4234=EDGE_CURVE('',#5226,#5226,#1198,.T.);
#4235=EDGE_CURVE('',#5227,#5227,#1199,.T.);
#4236=EDGE_CURVE('',#5228,#5228,#1200,.T.);
#4237=EDGE_CURVE('',#5229,#5229,#1201,.T.);
#4238=EDGE_CURVE('',#5230,#5230,#1202,.T.);
#4239=EDGE_CURVE('',#5231,#5231,#1203,.T.);
#4240=EDGE_CURVE('',#5232,#5232,#1204,.T.);
#4241=EDGE_CURVE('',#5233,#5233,#1205,.T.);
#4242=EDGE_CURVE('',#5234,#5234,#1206,.T.);
#4243=EDGE_CURVE('',#5235,#5235,#1207,.T.);
#4244=EDGE_CURVE('',#5236,#5236,#1208,.T.);
#4245=EDGE_CURVE('',#5237,#5237,#1209,.T.);
#4246=EDGE_CURVE('',#5238,#5238,#1210,.T.);
#4247=EDGE_CURVE('',#5239,#5239,#1211,.T.);
#4248=EDGE_CURVE('',#5240,#5240,#1212,.T.);
#4249=EDGE_CURVE('',#5241,#5241,#1213,.T.);
#4250=EDGE_CURVE('',#5242,#5242,#1214,.T.);
#4251=EDGE_CURVE('',#5243,#5243,#1215,.T.);
#4252=EDGE_CURVE('',#5244,#5244,#1216,.T.);
#4253=EDGE_CURVE('',#5245,#5245,#1217,.T.);
#4254=EDGE_CURVE('',#5246,#5246,#1218,.T.);
#4255=EDGE_CURVE('',#5247,#5247,#1219,.T.);
#4256=EDGE_CURVE('',#5248,#5248,#1220,.T.);
#4257=EDGE_CURVE('',#5249,#5249,#1221,.T.);
#4258=EDGE_CURVE('',#5250,#5250,#1222,.T.);
#4259=EDGE_CURVE('',#5251,#5251,#1223,.T.);
#4260=EDGE_CURVE('',#5252,#5252,#1224,.T.);
#4261=EDGE_CURVE('',#5253,#5253,#1225,.T.);
#4262=EDGE_CURVE('',#5254,#5254,#1226,.T.);
#4263=EDGE_CURVE('',#5255,#5255,#1227,.T.);
#4264=EDGE_CURVE('',#5256,#5256,#1228,.T.);
#4265=EDGE_CURVE('',#5257,#5257,#1229,.T.);
#4266=EDGE_CURVE('',#5258,#5258,#1230,.T.);
#4267=EDGE_CURVE('',#5259,#5259,#1231,.T.);
#4268=EDGE_CURVE('',#5260,#5260,#1232,.T.);
#4269=EDGE_CURVE('',#5261,#5261,#1233,.T.);
#4270=EDGE_CURVE('',#5262,#5262,#1234,.T.);
#4271=EDGE_CURVE('',#5263,#5263,#1235,.T.);
#4272=EDGE_CURVE('',#5264,#5264,#1236,.T.);
#4273=EDGE_CURVE('',#5265,#5265,#1237,.T.);
#4274=EDGE_CURVE('',#5266,#5266,#1238,.T.);
#4275=EDGE_CURVE('',#5267,#5267,#1239,.T.);
#4276=EDGE_CURVE('',#5268,#5268,#1240,.T.);
#4277=EDGE_CURVE('',#5269,#5269,#1241,.T.);
#4278=EDGE_CURVE('',#5270,#5270,#1242,.T.);
#4279=EDGE_CURVE('',#5271,#5271,#1243,.T.);
#4280=EDGE_CURVE('',#5272,#5272,#1244,.T.);
#4281=EDGE_CURVE('',#5273,#5273,#1245,.T.);
#4282=EDGE_CURVE('',#5274,#5274,#1246,.T.);
#4283=EDGE_CURVE('',#5275,#5275,#1247,.T.);
#4284=EDGE_CURVE('',#5276,#5276,#1248,.T.);
#4285=EDGE_CURVE('',#5277,#5277,#1249,.T.);
#4286=EDGE_CURVE('',#5278,#5278,#1250,.T.);
#4287=EDGE_CURVE('',#5279,#5279,#1251,.T.);
#4288=EDGE_CURVE('',#5280,#5280,#1252,.T.);
#4289=EDGE_CURVE('',#5281,#5281,#1253,.T.);
#4290=EDGE_CURVE('',#5282,#5282,#1254,.T.);
#4291=EDGE_CURVE('',#5283,#5283,#1255,.T.);
#4292=EDGE_CURVE('',#5284,#5284,#1256,.T.);
#4293=EDGE_CURVE('',#5285,#5285,#1257,.T.);
#4294=EDGE_CURVE('',#5286,#5286,#1258,.T.);
#4295=EDGE_CURVE('',#5287,#5287,#1259,.T.);
#4296=EDGE_CURVE('',#5288,#5288,#1260,.T.);
#4297=EDGE_CURVE('',#5289,#5289,#1261,.T.);
#4298=EDGE_CURVE('',#5290,#5290,#1262,.T.);
#4299=EDGE_CURVE('',#5291,#5291,#1263,.T.);
#4300=EDGE_CURVE('',#5292,#5292,#1264,.T.);
#4301=EDGE_CURVE('',#5293,#5293,#1265,.T.);
#4302=EDGE_CURVE('',#5294,#5294,#1266,.T.);
#4303=EDGE_CURVE('',#5295,#5295,#1267,.T.);
#4304=EDGE_CURVE('',#5296,#5296,#1268,.T.);
#4305=EDGE_CURVE('',#5297,#5297,#1269,.T.);
#4306=EDGE_CURVE('',#5298,#5298,#1270,.T.);
#4307=EDGE_CURVE('',#5299,#5299,#1271,.T.);
#4308=EDGE_CURVE('',#5300,#5300,#1272,.T.);
#4309=EDGE_CURVE('',#5301,#5301,#1273,.T.);
#4310=EDGE_CURVE('',#5302,#5302,#1274,.T.);
#4311=EDGE_CURVE('',#5303,#5303,#1275,.T.);
#4312=EDGE_CURVE('',#5304,#5304,#1276,.T.);
#4313=EDGE_CURVE('',#5305,#5305,#1277,.T.);
#4314=EDGE_CURVE('',#5306,#5306,#1278,.T.);
#4315=EDGE_CURVE('',#5307,#5307,#1279,.T.);
#4316=EDGE_CURVE('',#5308,#5308,#1280,.T.);
#4317=EDGE_CURVE('',#5309,#5309,#1281,.T.);
#4318=EDGE_CURVE('',#5310,#5310,#1282,.T.);
#4319=EDGE_CURVE('',#5311,#5311,#1283,.T.);
#4320=EDGE_CURVE('',#5312,#5312,#1284,.T.);
#4321=EDGE_CURVE('',#5313,#5313,#1285,.T.);
#4322=EDGE_CURVE('',#5314,#5314,#1286,.T.);
#4323=EDGE_CURVE('',#5315,#5315,#1287,.T.);
#4324=EDGE_CURVE('',#5316,#5316,#1288,.T.);
#4325=EDGE_CURVE('',#5317,#5317,#1289,.T.);
#4326=EDGE_CURVE('',#5318,#5318,#1290,.T.);
#4327=EDGE_CURVE('',#5319,#5319,#1291,.T.);
#4328=EDGE_CURVE('',#5320,#5320,#1292,.T.);
#4329=EDGE_CURVE('',#5321,#5321,#1293,.T.);
#4330=EDGE_CURVE('',#5322,#5322,#1294,.T.);
#4331=EDGE_CURVE('',#5323,#5323,#1295,.T.);
#4332=EDGE_CURVE('',#5324,#5324,#1296,.T.);
#4333=EDGE_CURVE('',#5325,#5325,#1297,.T.);
#4334=EDGE_CURVE('',#5326,#5326,#1298,.T.);
#4335=EDGE_CURVE('',#5327,#5327,#1299,.T.);
#4336=EDGE_CURVE('',#5328,#5328,#1300,.T.);
#4337=EDGE_CURVE('',#5329,#5329,#1301,.T.);
#4338=EDGE_CURVE('',#5330,#5330,#1302,.T.);
#4339=EDGE_CURVE('',#5331,#5331,#1303,.T.);
#4340=EDGE_CURVE('',#5332,#5332,#1304,.T.);
#4341=EDGE_CURVE('',#5333,#5333,#1305,.T.);
#4342=EDGE_CURVE('',#5334,#5334,#1306,.T.);
#4343=EDGE_CURVE('',#5335,#5335,#1307,.T.);
#4344=EDGE_CURVE('',#5336,#5336,#1308,.T.);
#4345=EDGE_CURVE('',#5337,#5337,#1309,.T.);
#4346=EDGE_CURVE('',#5338,#5338,#1310,.T.);
#4347=EDGE_CURVE('',#5339,#5339,#1311,.T.);
#4348=EDGE_CURVE('',#5340,#5340,#1312,.T.);
#4349=EDGE_CURVE('',#5341,#5341,#1313,.T.);
#4350=EDGE_CURVE('',#5342,#5342,#1314,.T.);
#4351=EDGE_CURVE('',#5343,#5343,#1315,.T.);
#4352=EDGE_CURVE('',#5344,#5344,#1316,.T.);
#4353=EDGE_CURVE('',#5345,#5345,#1317,.T.);
#4354=EDGE_CURVE('',#5346,#5346,#1318,.T.);
#4355=EDGE_CURVE('',#5347,#5347,#1319,.T.);
#4356=EDGE_CURVE('',#5348,#5348,#1320,.T.);
#4357=EDGE_CURVE('',#5349,#5349,#1321,.T.);
#4358=EDGE_CURVE('',#5350,#5350,#1322,.T.);
#4359=EDGE_CURVE('',#5351,#5351,#1323,.T.);
#4360=EDGE_CURVE('',#5352,#5352,#1324,.T.);
#4361=EDGE_CURVE('',#5353,#5353,#1325,.T.);
#4362=EDGE_CURVE('',#5354,#5354,#1326,.T.);
#4363=EDGE_CURVE('',#5355,#5355,#1327,.T.);
#4364=EDGE_CURVE('',#5356,#5356,#1328,.T.);
#4365=EDGE_CURVE('',#5357,#5357,#1329,.T.);
#4366=EDGE_CURVE('',#5358,#5358,#1330,.T.);
#4367=EDGE_CURVE('',#5359,#5359,#1331,.T.);
#4368=EDGE_CURVE('',#5360,#5360,#1332,.T.);
#4369=EDGE_CURVE('',#5361,#5361,#1333,.T.);
#4370=EDGE_CURVE('',#5362,#5362,#1334,.T.);
#4371=EDGE_CURVE('',#5363,#5363,#1335,.T.);
#4372=EDGE_CURVE('',#5364,#5364,#1336,.T.);
#4373=EDGE_CURVE('',#5365,#5365,#1337,.T.);
#4374=EDGE_CURVE('',#5366,#5366,#1338,.T.);
#4375=EDGE_CURVE('',#5367,#5367,#1339,.T.);
#4376=EDGE_CURVE('',#5368,#5368,#1340,.T.);
#4377=EDGE_CURVE('',#5369,#5369,#1341,.T.);
#4378=EDGE_CURVE('',#5370,#5370,#1342,.T.);
#4379=EDGE_CURVE('',#5371,#5371,#1343,.T.);
#4380=EDGE_CURVE('',#5372,#5372,#1344,.T.);
#4381=EDGE_CURVE('',#5373,#5373,#1345,.T.);
#4382=EDGE_CURVE('',#5374,#5374,#1346,.T.);
#4383=EDGE_CURVE('',#5375,#5375,#1347,.T.);
#4384=EDGE_CURVE('',#5376,#5376,#1348,.T.);
#4385=EDGE_CURVE('',#5377,#5377,#1349,.T.);
#4386=EDGE_CURVE('',#5378,#5378,#1350,.T.);
#4387=EDGE_CURVE('',#5379,#5379,#1351,.T.);
#4388=EDGE_CURVE('',#5380,#5380,#1352,.T.);
#4389=EDGE_CURVE('',#5381,#5381,#1353,.T.);
#4390=EDGE_CURVE('',#5382,#5382,#1354,.T.);
#4391=EDGE_CURVE('',#5383,#5383,#1355,.T.);
#4392=EDGE_CURVE('',#5384,#5384,#1356,.T.);
#4393=EDGE_CURVE('',#5385,#5385,#1357,.T.);
#4394=EDGE_CURVE('',#5386,#5386,#1358,.T.);
#4395=EDGE_CURVE('',#5387,#5387,#1359,.T.);
#4396=EDGE_CURVE('',#5388,#5388,#1360,.T.);
#4397=EDGE_CURVE('',#5389,#5389,#1361,.T.);
#4398=EDGE_CURVE('',#5390,#5390,#1362,.T.);
#4399=EDGE_CURVE('',#5391,#5391,#1363,.T.);
#4400=EDGE_CURVE('',#5392,#5392,#1364,.T.);
#4401=EDGE_CURVE('',#5393,#5393,#1365,.T.);
#4402=EDGE_CURVE('',#5394,#5394,#1366,.T.);
#4403=EDGE_CURVE('',#5395,#5395,#1367,.T.);
#4404=EDGE_CURVE('',#5396,#5396,#1368,.T.);
#4405=EDGE_CURVE('',#5397,#5397,#1369,.T.);
#4406=EDGE_CURVE('',#5398,#5398,#1370,.T.);
#4407=EDGE_CURVE('',#5399,#5399,#1371,.T.);
#4408=EDGE_CURVE('',#5400,#5400,#1372,.T.);
#4409=EDGE_CURVE('',#5401,#5401,#1373,.T.);
#4410=EDGE_CURVE('',#5402,#5402,#1374,.T.);
#4411=EDGE_CURVE('',#5403,#5403,#1375,.T.);
#4412=EDGE_CURVE('',#5404,#5404,#1376,.T.);
#4413=EDGE_CURVE('',#5405,#5405,#1377,.T.);
#4414=EDGE_CURVE('',#5406,#5406,#1378,.T.);
#4415=EDGE_CURVE('',#5407,#5407,#1379,.T.);
#4416=EDGE_CURVE('',#5408,#5408,#1380,.T.);
#4417=EDGE_CURVE('',#5409,#5409,#1381,.T.);
#4418=EDGE_CURVE('',#5410,#5410,#1382,.T.);
#4419=EDGE_CURVE('',#5411,#5411,#1383,.T.);
#4420=EDGE_CURVE('',#5412,#5412,#1384,.T.);
#4421=EDGE_CURVE('',#5413,#5413,#1385,.T.);
#4422=EDGE_CURVE('',#5414,#5414,#1386,.T.);
#4423=EDGE_CURVE('',#5415,#5415,#1387,.T.);
#4424=EDGE_CURVE('',#5416,#5416,#1388,.T.);
#4425=EDGE_CURVE('',#5417,#5417,#1389,.T.);
#4426=EDGE_CURVE('',#5418,#5418,#1390,.T.);
#4427=EDGE_CURVE('',#5419,#5419,#1391,.T.);
#4428=EDGE_CURVE('',#5420,#5420,#1392,.T.);
#4429=EDGE_CURVE('',#5421,#5421,#1393,.T.);
#4430=EDGE_CURVE('',#5422,#5422,#1394,.T.);
#4431=EDGE_CURVE('',#5423,#5423,#1395,.T.);
#4432=EDGE_CURVE('',#5424,#5424,#1396,.T.);
#4433=EDGE_CURVE('',#5425,#5425,#1397,.T.);
#4434=EDGE_CURVE('',#5426,#5426,#1398,.T.);
#4435=EDGE_CURVE('',#5427,#5427,#1399,.T.);
#4436=EDGE_CURVE('',#5428,#5428,#1400,.T.);
#4437=EDGE_CURVE('',#5429,#5429,#1401,.T.);
#4438=EDGE_CURVE('',#5430,#5430,#1402,.T.);
#4439=EDGE_CURVE('',#5431,#5431,#1403,.T.);
#4440=EDGE_CURVE('',#5432,#5432,#1404,.T.);
#4441=EDGE_CURVE('',#5433,#5433,#1405,.T.);
#4442=EDGE_CURVE('',#5434,#5434,#1406,.T.);
#4443=EDGE_CURVE('',#5435,#5435,#1407,.T.);
#4444=EDGE_CURVE('',#5436,#5436,#1408,.T.);
#4445=EDGE_CURVE('',#5437,#5437,#1409,.T.);
#4446=EDGE_CURVE('',#5438,#5438,#1410,.T.);
#4447=EDGE_CURVE('',#5439,#5439,#1411,.T.);
#4448=EDGE_CURVE('',#5440,#5440,#1412,.T.);
#4449=EDGE_CURVE('',#5441,#5441,#1413,.T.);
#4450=EDGE_CURVE('',#5442,#5442,#1414,.T.);
#4451=EDGE_CURVE('',#5443,#5443,#1415,.T.);
#4452=EDGE_CURVE('',#5444,#5444,#1416,.T.);
#4453=EDGE_CURVE('',#5445,#5445,#1417,.T.);
#4454=EDGE_CURVE('',#5446,#5446,#1418,.T.);
#4455=EDGE_CURVE('',#5447,#5447,#1419,.T.);
#4456=EDGE_CURVE('',#5448,#5448,#1420,.T.);
#4457=EDGE_CURVE('',#5449,#5449,#1421,.T.);
#4458=EDGE_CURVE('',#5450,#5450,#1422,.T.);
#4459=EDGE_CURVE('',#5451,#5451,#1423,.T.);
#4460=EDGE_CURVE('',#5452,#5452,#1424,.T.);
#4461=EDGE_CURVE('',#5453,#5453,#1425,.T.);
#4462=EDGE_CURVE('',#5454,#5454,#1426,.T.);
#4463=EDGE_CURVE('',#5455,#5455,#1427,.T.);
#4464=EDGE_CURVE('',#5456,#5456,#1428,.T.);
#4465=EDGE_CURVE('',#5457,#5457,#1429,.T.);
#4466=EDGE_CURVE('',#5458,#5458,#1430,.T.);
#4467=EDGE_CURVE('',#5459,#5459,#1431,.T.);
#4468=EDGE_CURVE('',#5460,#5460,#1432,.T.);
#4469=EDGE_CURVE('',#5461,#5461,#1433,.T.);
#4470=EDGE_CURVE('',#5462,#5462,#1434,.T.);
#4471=EDGE_CURVE('',#5463,#5463,#1435,.T.);
#4472=EDGE_CURVE('',#5464,#5464,#1436,.T.);
#4473=EDGE_CURVE('',#5465,#5465,#1437,.T.);
#4474=EDGE_CURVE('',#5466,#5466,#1438,.T.);
#4475=EDGE_CURVE('',#5467,#5467,#1439,.T.);
#4476=EDGE_CURVE('',#5468,#5468,#1440,.T.);
#4477=EDGE_CURVE('',#5469,#5469,#1441,.T.);
#4478=EDGE_CURVE('',#5470,#5470,#1442,.T.);
#4479=EDGE_CURVE('',#5471,#5471,#1443,.T.);
#4480=EDGE_CURVE('',#5472,#5472,#1444,.T.);
#4481=EDGE_CURVE('',#5473,#5473,#1445,.T.);
#4482=EDGE_CURVE('',#5474,#5474,#1446,.T.);
#4483=EDGE_CURVE('',#5475,#5475,#1447,.T.);
#4484=EDGE_CURVE('',#5476,#5476,#1448,.T.);
#4485=EDGE_CURVE('',#5477,#5477,#1449,.T.);
#4486=EDGE_CURVE('',#5478,#5478,#1450,.T.);
#4487=EDGE_CURVE('',#5479,#5479,#1451,.T.);
#4488=EDGE_CURVE('',#5480,#5480,#1452,.T.);
#4489=EDGE_CURVE('',#5481,#5481,#1453,.T.);
#4490=EDGE_CURVE('',#5482,#5482,#1454,.T.);
#4491=EDGE_CURVE('',#5483,#5483,#1455,.T.);
#4492=EDGE_CURVE('',#5484,#5484,#1456,.T.);
#4493=EDGE_CURVE('',#5485,#5485,#1457,.T.);
#4494=EDGE_CURVE('',#5486,#5486,#1458,.T.);
#4495=EDGE_CURVE('',#5487,#5487,#1459,.T.);
#4496=EDGE_CURVE('',#5488,#5488,#1460,.T.);
#4497=EDGE_CURVE('',#5489,#5489,#1461,.T.);
#4498=EDGE_CURVE('',#5490,#5490,#1462,.T.);
#4499=EDGE_CURVE('',#5491,#5491,#1463,.T.);
#4500=EDGE_CURVE('',#5492,#5492,#1464,.T.);
#4501=EDGE_CURVE('',#5493,#5493,#1465,.T.);
#4502=EDGE_CURVE('',#5494,#5494,#1466,.T.);
#4503=EDGE_CURVE('',#5495,#5495,#1467,.T.);
#4504=EDGE_CURVE('',#5496,#5496,#1468,.T.);
#4505=EDGE_CURVE('',#5497,#5497,#1469,.T.);
#4506=EDGE_CURVE('',#5498,#5498,#1470,.T.);
#4507=EDGE_CURVE('',#5499,#5499,#1471,.T.);
#4508=EDGE_CURVE('',#5500,#5500,#1472,.T.);
#4509=EDGE_CURVE('',#5501,#5501,#1473,.T.);
#4510=EDGE_CURVE('',#5502,#5502,#1474,.T.);
#4511=EDGE_CURVE('',#5503,#5503,#1475,.T.);
#4512=EDGE_CURVE('',#5504,#5504,#1476,.T.);
#4513=EDGE_CURVE('',#5505,#5505,#1477,.T.);
#4514=EDGE_CURVE('',#5506,#5506,#1478,.T.);
#4515=EDGE_CURVE('',#5507,#5507,#1479,.T.);
#4516=EDGE_CURVE('',#5508,#5508,#1480,.T.);
#4517=EDGE_CURVE('',#5509,#5509,#1481,.T.);
#4518=EDGE_CURVE('',#5510,#5510,#1482,.T.);
#4519=EDGE_CURVE('',#5511,#5511,#1483,.T.);
#4520=EDGE_CURVE('',#5512,#5512,#1484,.T.);
#4521=EDGE_CURVE('',#5513,#5513,#1485,.T.);
#4522=EDGE_CURVE('',#5514,#5514,#1486,.T.);
#4523=EDGE_CURVE('',#5515,#5515,#1487,.T.);
#4524=EDGE_CURVE('',#5516,#5516,#1488,.T.);
#4525=EDGE_CURVE('',#5517,#5517,#1489,.T.);
#4526=EDGE_CURVE('',#5518,#5518,#1490,.T.);
#4527=EDGE_CURVE('',#5519,#5519,#1491,.T.);
#4528=EDGE_CURVE('',#5520,#5520,#1492,.T.);
#4529=EDGE_CURVE('',#5521,#5521,#1493,.T.);
#4530=EDGE_CURVE('',#5522,#5522,#1494,.T.);
#4531=EDGE_CURVE('',#5523,#5523,#1495,.T.);
#4532=EDGE_CURVE('',#5524,#5524,#1496,.T.);
#4533=EDGE_CURVE('',#5525,#5525,#1497,.T.);
#4534=EDGE_CURVE('',#5526,#5526,#1498,.T.);
#4535=EDGE_CURVE('',#5527,#5527,#1499,.T.);
#4536=EDGE_CURVE('',#5528,#5528,#1500,.T.);
#4537=EDGE_CURVE('',#5529,#5529,#1501,.T.);
#4538=EDGE_CURVE('',#5530,#5530,#1502,.T.);
#4539=EDGE_CURVE('',#5531,#5531,#1503,.T.);
#4540=EDGE_CURVE('',#5532,#5532,#1504,.T.);
#4541=EDGE_CURVE('',#5533,#5533,#1505,.T.);
#4542=EDGE_CURVE('',#5534,#5534,#1506,.T.);
#4543=EDGE_CURVE('',#5535,#5535,#1507,.T.);
#4544=EDGE_CURVE('',#5536,#5536,#1508,.T.);
#4545=EDGE_CURVE('',#5537,#5537,#1509,.T.);
#4546=EDGE_CURVE('',#5538,#5538,#1510,.T.);
#4547=EDGE_CURVE('',#5539,#5539,#1511,.T.);
#4548=EDGE_CURVE('',#5540,#5540,#1512,.T.);
#4549=EDGE_CURVE('',#5541,#5541,#1513,.T.);
#4550=EDGE_CURVE('',#5542,#5542,#1514,.T.);
#4551=EDGE_CURVE('',#5543,#5543,#1515,.T.);
#4552=EDGE_CURVE('',#5544,#5544,#1516,.T.);
#4553=EDGE_CURVE('',#5545,#5545,#1517,.T.);
#4554=EDGE_CURVE('',#5546,#5546,#1518,.T.);
#4555=EDGE_CURVE('',#5547,#5547,#1519,.T.);
#4556=EDGE_CURVE('',#5548,#5548,#1520,.T.);
#4557=EDGE_CURVE('',#5549,#5549,#1521,.T.);
#4558=EDGE_CURVE('',#5550,#5550,#1522,.T.);
#4559=EDGE_CURVE('',#5551,#5551,#1523,.T.);
#4560=EDGE_CURVE('',#5552,#5552,#1524,.T.);
#4561=EDGE_CURVE('',#5553,#5553,#1525,.T.);
#4562=EDGE_CURVE('',#5554,#5554,#1526,.T.);
#4563=EDGE_CURVE('',#5555,#5555,#1527,.T.);
#4564=EDGE_CURVE('',#5556,#5556,#1528,.T.);
#4565=EDGE_CURVE('',#5557,#5557,#1529,.T.);
#4566=EDGE_CURVE('',#5558,#5558,#1530,.T.);
#4567=EDGE_CURVE('',#5559,#5559,#1531,.T.);
#4568=EDGE_CURVE('',#5560,#5560,#1532,.T.);
#4569=EDGE_CURVE('',#5561,#5561,#1533,.T.);
#4570=EDGE_CURVE('',#5562,#5562,#1534,.T.);
#4571=EDGE_CURVE('',#5563,#5563,#1535,.T.);
#4572=EDGE_CURVE('',#5564,#5564,#1536,.T.);
#4573=EDGE_CURVE('',#5565,#5565,#1537,.T.);
#4574=EDGE_CURVE('',#5566,#5566,#1538,.T.);
#4575=EDGE_CURVE('',#5567,#5567,#1539,.T.);
#4576=EDGE_CURVE('',#5568,#5568,#1540,.T.);
#4577=EDGE_CURVE('',#5569,#5569,#1541,.T.);
#4578=EDGE_CURVE('',#5570,#5570,#1542,.T.);
#4579=EDGE_CURVE('',#5571,#5571,#1543,.T.);
#4580=EDGE_CURVE('',#5572,#5572,#1544,.T.);
#4581=EDGE_CURVE('',#5573,#5573,#1545,.T.);
#4582=EDGE_CURVE('',#5574,#5574,#1546,.T.);
#4583=EDGE_CURVE('',#5575,#5575,#1547,.T.);
#4584=EDGE_CURVE('',#5576,#5576,#1548,.T.);
#4585=EDGE_CURVE('',#5577,#5577,#1549,.T.);
#4586=EDGE_CURVE('',#5578,#5578,#1550,.T.);
#4587=EDGE_CURVE('',#5579,#5579,#1551,.T.);
#4588=EDGE_CURVE('',#5580,#5580,#1552,.T.);
#4589=EDGE_CURVE('',#5581,#5581,#1553,.T.);
#4590=EDGE_CURVE('',#5582,#5582,#1554,.T.);
#4591=EDGE_CURVE('',#5583,#5583,#1555,.T.);
#4592=EDGE_CURVE('',#5584,#5584,#1556,.T.);
#4593=EDGE_CURVE('',#5585,#5585,#1557,.T.);
#4594=EDGE_CURVE('',#5586,#5586,#1558,.T.);
#4595=EDGE_CURVE('',#5587,#5587,#1559,.T.);
#4596=EDGE_CURVE('',#5588,#5588,#1560,.T.);
#4597=EDGE_CURVE('',#5589,#5589,#1561,.T.);
#4598=EDGE_CURVE('',#5590,#5590,#1562,.T.);
#4599=EDGE_CURVE('',#5591,#5591,#1563,.T.);
#4600=EDGE_CURVE('',#5592,#5592,#1564,.T.);
#4601=EDGE_CURVE('',#5593,#5593,#1565,.T.);
#4602=EDGE_CURVE('',#5594,#5594,#1566,.T.);
#4603=EDGE_CURVE('',#5595,#5595,#1567,.T.);
#4604=EDGE_CURVE('',#5596,#5596,#1568,.T.);
#4605=EDGE_CURVE('',#5597,#5597,#1569,.T.);
#4606=EDGE_CURVE('',#5598,#5598,#1570,.T.);
#4607=EDGE_CURVE('',#5599,#5599,#1571,.T.);
#4608=EDGE_CURVE('',#5600,#5600,#1572,.T.);
#4609=EDGE_CURVE('',#5601,#5601,#1573,.T.);
#4610=EDGE_CURVE('',#5602,#5602,#1574,.T.);
#4611=EDGE_CURVE('',#5603,#5603,#1575,.T.);
#4612=EDGE_CURVE('',#5604,#5604,#1576,.T.);
#4613=EDGE_CURVE('',#5605,#5605,#1577,.T.);
#4614=EDGE_CURVE('',#5606,#5606,#1578,.T.);
#4615=EDGE_CURVE('',#5607,#5607,#1579,.T.);
#4616=EDGE_CURVE('',#5608,#5608,#1580,.T.);
#4617=EDGE_CURVE('',#5609,#5609,#1581,.T.);
#4618=EDGE_CURVE('',#5610,#5610,#1582,.T.);
#4619=EDGE_CURVE('',#5611,#5611,#1583,.T.);
#4620=EDGE_CURVE('',#5612,#5612,#1584,.T.);
#4621=EDGE_CURVE('',#5613,#5613,#1585,.T.);
#4622=EDGE_CURVE('',#5614,#5614,#1586,.T.);
#4623=EDGE_CURVE('',#5615,#5615,#1587,.T.);
#4624=EDGE_CURVE('',#5616,#5616,#1588,.T.);
#4625=EDGE_CURVE('',#5617,#5617,#1589,.T.);
#4626=EDGE_CURVE('',#5618,#5618,#1590,.T.);
#4627=EDGE_CURVE('',#5619,#5619,#1591,.T.);
#4628=EDGE_CURVE('',#5620,#5620,#1592,.T.);
#4629=EDGE_CURVE('',#5621,#5621,#1593,.T.);
#4630=EDGE_CURVE('',#5622,#5622,#1594,.T.);
#4631=EDGE_CURVE('',#5623,#5623,#1595,.T.);
#4632=EDGE_CURVE('',#5624,#5624,#1596,.T.);
#4633=EDGE_CURVE('',#5625,#5625,#1597,.T.);
#4634=EDGE_CURVE('',#5626,#5626,#1598,.T.);
#4635=EDGE_CURVE('',#5627,#5627,#1599,.T.);
#4636=EDGE_CURVE('',#5628,#5628,#1600,.T.);
#4637=EDGE_CURVE('',#5629,#5629,#1601,.T.);
#4638=EDGE_CURVE('',#5630,#5630,#1602,.T.);
#4639=EDGE_CURVE('',#5631,#5631,#1603,.T.);
#4640=EDGE_CURVE('',#5632,#5632,#1604,.T.);
#4641=EDGE_CURVE('',#5633,#5633,#1605,.T.);
#4642=EDGE_CURVE('',#5634,#5634,#1606,.T.);
#4643=EDGE_CURVE('',#5635,#5635,#1607,.T.);
#4644=EDGE_CURVE('',#5636,#5636,#1608,.T.);
#4645=EDGE_CURVE('',#5637,#5637,#1609,.T.);
#4646=EDGE_CURVE('',#5638,#5638,#1610,.T.);
#4647=EDGE_CURVE('',#5639,#5639,#1611,.T.);
#4648=EDGE_CURVE('',#5640,#5640,#1612,.T.);
#4649=EDGE_CURVE('',#5641,#5641,#1613,.T.);
#4650=EDGE_CURVE('',#5642,#5642,#1614,.T.);
#4651=EDGE_CURVE('',#5643,#5643,#1615,.T.);
#4652=EDGE_CURVE('',#5644,#5644,#1616,.T.);
#4653=EDGE_CURVE('',#5645,#5645,#1617,.T.);
#4654=EDGE_CURVE('',#5646,#5646,#1618,.T.);
#4655=EDGE_CURVE('',#5647,#5647,#1619,.T.);
#4656=EDGE_CURVE('',#5648,#5648,#1620,.T.);
#4657=EDGE_CURVE('',#5649,#5649,#1621,.T.);
#4658=EDGE_CURVE('',#5650,#5650,#1622,.T.);
#4659=EDGE_CURVE('',#5651,#5651,#1623,.T.);
#4660=EDGE_CURVE('',#5652,#5652,#1624,.T.);
#4661=EDGE_CURVE('',#5653,#5653,#1625,.T.);
#4662=EDGE_CURVE('',#5654,#5654,#1626,.T.);
#4663=EDGE_CURVE('',#5655,#5655,#1627,.T.);
#4664=EDGE_CURVE('',#5656,#5656,#1628,.T.);
#4665=EDGE_CURVE('',#5657,#5657,#1629,.T.);
#4666=EDGE_CURVE('',#5658,#5658,#1630,.T.);
#4667=EDGE_CURVE('',#5659,#5659,#1631,.T.);
#4668=EDGE_CURVE('',#5660,#5660,#1632,.T.);
#4669=EDGE_CURVE('',#5661,#5661,#1633,.T.);
#4670=EDGE_CURVE('',#5662,#5662,#1634,.T.);
#4671=EDGE_CURVE('',#5663,#5663,#1635,.T.);
#4672=EDGE_CURVE('',#5664,#5664,#1636,.T.);
#4673=EDGE_CURVE('',#5665,#5665,#1637,.T.);
#4674=EDGE_CURVE('',#5666,#5666,#1638,.T.);
#4675=EDGE_CURVE('',#5667,#5667,#1639,.T.);
#4676=EDGE_CURVE('',#5668,#5668,#1640,.T.);
#4677=EDGE_CURVE('',#5669,#5669,#1641,.T.);
#4678=EDGE_CURVE('',#5670,#5670,#1642,.T.);
#4679=EDGE_CURVE('',#5671,#5671,#1643,.T.);
#4680=EDGE_CURVE('',#5672,#5672,#1644,.T.);
#4681=EDGE_CURVE('',#5673,#5673,#1645,.T.);
#4682=EDGE_CURVE('',#5674,#5674,#1646,.T.);
#4683=EDGE_CURVE('',#5675,#5675,#1647,.T.);
#4684=EDGE_CURVE('',#5676,#5676,#1648,.T.);
#4685=EDGE_CURVE('',#5677,#5677,#1649,.T.);
#4686=EDGE_CURVE('',#5678,#5678,#1650,.T.);
#4687=EDGE_CURVE('',#5679,#5679,#1651,.T.);
#4688=EDGE_CURVE('',#5680,#5680,#1652,.T.);
#4689=EDGE_CURVE('',#5681,#5681,#1653,.T.);
#4690=EDGE_CURVE('',#5682,#5682,#1654,.T.);
#4691=EDGE_CURVE('',#5683,#5683,#1655,.T.);
#4692=EDGE_CURVE('',#5684,#5684,#1656,.T.);
#4693=EDGE_CURVE('',#5685,#5685,#1657,.T.);
#4694=VERTEX_POINT('',#16406);
#4695=VERTEX_POINT('',#16407);
#4696=VERTEX_POINT('',#16409);
#4697=VERTEX_POINT('',#16411);
#4698=VERTEX_POINT('',#16415);
#4699=VERTEX_POINT('',#16416);
#4700=VERTEX_POINT('',#16418);
#4701=VERTEX_POINT('',#16420);
#4702=VERTEX_POINT('',#16424);
#4703=VERTEX_POINT('',#16425);
#4704=VERTEX_POINT('',#16427);
#4705=VERTEX_POINT('',#16429);
#4706=VERTEX_POINT('',#16433);
#4707=VERTEX_POINT('',#16434);
#4708=VERTEX_POINT('',#16436);
#4709=VERTEX_POINT('',#16438);
#4710=VERTEX_POINT('',#16442);
#4711=VERTEX_POINT('',#16444);
#4712=VERTEX_POINT('',#16446);
#4713=VERTEX_POINT('',#16448);
#4714=VERTEX_POINT('',#16450);
#4715=VERTEX_POINT('',#16452);
#4716=VERTEX_POINT('',#16454);
#4717=VERTEX_POINT('',#16456);
#4718=VERTEX_POINT('',#16458);
#4719=VERTEX_POINT('',#16460);
#4720=VERTEX_POINT('',#16462);
#4721=VERTEX_POINT('',#16464);
#4722=VERTEX_POINT('',#16466);
#4723=VERTEX_POINT('',#16468);
#4724=VERTEX_POINT('',#16470);
#4725=VERTEX_POINT('',#16472);
#4726=VERTEX_POINT('',#16474);
#4727=VERTEX_POINT('',#16476);
#4728=VERTEX_POINT('',#16478);
#4729=VERTEX_POINT('',#16480);
#4730=VERTEX_POINT('',#16482);
#4731=VERTEX_POINT('',#16484);
#4732=VERTEX_POINT('',#16486);
#4733=VERTEX_POINT('',#16488);
#4734=VERTEX_POINT('',#16490);
#4735=VERTEX_POINT('',#16492);
#4736=VERTEX_POINT('',#16494);
#4737=VERTEX_POINT('',#16496);
#4738=VERTEX_POINT('',#16498);
#4739=VERTEX_POINT('',#16500);
#4740=VERTEX_POINT('',#16502);
#4741=VERTEX_POINT('',#16504);
#4742=VERTEX_POINT('',#16506);
#4743=VERTEX_POINT('',#16508);
#4744=VERTEX_POINT('',#16510);
#4745=VERTEX_POINT('',#16512);
#4746=VERTEX_POINT('',#16514);
#4747=VERTEX_POINT('',#16516);
#4748=VERTEX_POINT('',#16518);
#4749=VERTEX_POINT('',#16520);
#4750=VERTEX_POINT('',#16522);
#4751=VERTEX_POINT('',#16524);
#4752=VERTEX_POINT('',#16526);
#4753=VERTEX_POINT('',#16528);
#4754=VERTEX_POINT('',#16530);
#4755=VERTEX_POINT('',#16532);
#4756=VERTEX_POINT('',#16534);
#4757=VERTEX_POINT('',#16536);
#4758=VERTEX_POINT('',#16538);
#4759=VERTEX_POINT('',#16540);
#4760=VERTEX_POINT('',#16542);
#4761=VERTEX_POINT('',#16544);
#4762=VERTEX_POINT('',#16546);
#4763=VERTEX_POINT('',#16548);
#4764=VERTEX_POINT('',#16550);
#4765=VERTEX_POINT('',#16552);
#4766=VERTEX_POINT('',#16554);
#4767=VERTEX_POINT('',#16556);
#4768=VERTEX_POINT('',#16558);
#4769=VERTEX_POINT('',#16560);
#4770=VERTEX_POINT('',#16562);
#4771=VERTEX_POINT('',#16564);
#4772=VERTEX_POINT('',#16566);
#4773=VERTEX_POINT('',#16568);
#4774=VERTEX_POINT('',#16570);
#4775=VERTEX_POINT('',#16572);
#4776=VERTEX_POINT('',#16574);
#4777=VERTEX_POINT('',#16576);
#4778=VERTEX_POINT('',#16578);
#4779=VERTEX_POINT('',#16580);
#4780=VERTEX_POINT('',#16582);
#4781=VERTEX_POINT('',#16584);
#4782=VERTEX_POINT('',#16586);
#4783=VERTEX_POINT('',#16588);
#4784=VERTEX_POINT('',#16590);
#4785=VERTEX_POINT('',#16592);
#4786=VERTEX_POINT('',#16594);
#4787=VERTEX_POINT('',#16596);
#4788=VERTEX_POINT('',#16598);
#4789=VERTEX_POINT('',#16600);
#4790=VERTEX_POINT('',#16602);
#4791=VERTEX_POINT('',#16604);
#4792=VERTEX_POINT('',#16606);
#4793=VERTEX_POINT('',#16608);
#4794=VERTEX_POINT('',#16610);
#4795=VERTEX_POINT('',#16612);
#4796=VERTEX_POINT('',#16614);
#4797=VERTEX_POINT('',#16616);
#4798=VERTEX_POINT('',#16618);
#4799=VERTEX_POINT('',#16620);
#4800=VERTEX_POINT('',#16622);
#4801=VERTEX_POINT('',#16624);
#4802=VERTEX_POINT('',#16626);
#4803=VERTEX_POINT('',#16628);
#4804=VERTEX_POINT('',#16630);
#4805=VERTEX_POINT('',#16632);
#4806=VERTEX_POINT('',#16634);
#4807=VERTEX_POINT('',#16636);
#4808=VERTEX_POINT('',#16638);
#4809=VERTEX_POINT('',#16639);
#4810=VERTEX_POINT('',#16641);
#4811=VERTEX_POINT('',#16643);
#4812=VERTEX_POINT('',#16647);
#4813=VERTEX_POINT('',#16649);
#4814=VERTEX_POINT('',#16651);
#4815=VERTEX_POINT('',#16653);
#4816=VERTEX_POINT('',#16655);
#4817=VERTEX_POINT('',#16657);
#4818=VERTEX_POINT('',#16659);
#4819=VERTEX_POINT('',#16661);
#4820=VERTEX_POINT('',#16663);
#4821=VERTEX_POINT('',#16665);
#4822=VERTEX_POINT('',#16667);
#4823=VERTEX_POINT('',#16669);
#4824=VERTEX_POINT('',#16671);
#4825=VERTEX_POINT('',#16673);
#4826=VERTEX_POINT('',#16675);
#4827=VERTEX_POINT('',#16677);
#4828=VERTEX_POINT('',#16679);
#4829=VERTEX_POINT('',#16681);
#4830=VERTEX_POINT('',#16683);
#4831=VERTEX_POINT('',#16685);
#4832=VERTEX_POINT('',#16687);
#4833=VERTEX_POINT('',#16689);
#4834=VERTEX_POINT('',#16691);
#4835=VERTEX_POINT('',#16693);
#4836=VERTEX_POINT('',#16695);
#4837=VERTEX_POINT('',#16697);
#4838=VERTEX_POINT('',#16699);
#4839=VERTEX_POINT('',#16701);
#4840=VERTEX_POINT('',#16703);
#4841=VERTEX_POINT('',#16705);
#4842=VERTEX_POINT('',#16707);
#4843=VERTEX_POINT('',#16709);
#4844=VERTEX_POINT('',#16711);
#4845=VERTEX_POINT('',#16713);
#4846=VERTEX_POINT('',#16715);
#4847=VERTEX_POINT('',#16717);
#4848=VERTEX_POINT('',#16719);
#4849=VERTEX_POINT('',#16721);
#4850=VERTEX_POINT('',#16723);
#4851=VERTEX_POINT('',#16725);
#4852=VERTEX_POINT('',#16727);
#4853=VERTEX_POINT('',#16729);
#4854=VERTEX_POINT('',#16731);
#4855=VERTEX_POINT('',#16733);
#4856=VERTEX_POINT('',#16735);
#4857=VERTEX_POINT('',#16737);
#4858=VERTEX_POINT('',#16739);
#4859=VERTEX_POINT('',#16741);
#4860=VERTEX_POINT('',#16743);
#4861=VERTEX_POINT('',#16745);
#4862=VERTEX_POINT('',#16747);
#4863=VERTEX_POINT('',#16749);
#4864=VERTEX_POINT('',#16751);
#4865=VERTEX_POINT('',#16753);
#4866=VERTEX_POINT('',#16755);
#4867=VERTEX_POINT('',#16757);
#4868=VERTEX_POINT('',#16759);
#4869=VERTEX_POINT('',#16761);
#4870=VERTEX_POINT('',#16763);
#4871=VERTEX_POINT('',#16765);
#4872=VERTEX_POINT('',#16767);
#4873=VERTEX_POINT('',#16769);
#4874=VERTEX_POINT('',#16771);
#4875=VERTEX_POINT('',#16773);
#4876=VERTEX_POINT('',#16775);
#4877=VERTEX_POINT('',#16777);
#4878=VERTEX_POINT('',#16779);
#4879=VERTEX_POINT('',#16781);
#4880=VERTEX_POINT('',#16783);
#4881=VERTEX_POINT('',#16785);
#4882=VERTEX_POINT('',#16787);
#4883=VERTEX_POINT('',#16789);
#4884=VERTEX_POINT('',#16791);
#4885=VERTEX_POINT('',#16793);
#4886=VERTEX_POINT('',#16795);
#4887=VERTEX_POINT('',#16797);
#4888=VERTEX_POINT('',#16799);
#4889=VERTEX_POINT('',#16801);
#4890=VERTEX_POINT('',#16803);
#4891=VERTEX_POINT('',#16805);
#4892=VERTEX_POINT('',#16807);
#4893=VERTEX_POINT('',#16809);
#4894=VERTEX_POINT('',#16811);
#4895=VERTEX_POINT('',#16813);
#4896=VERTEX_POINT('',#16815);
#4897=VERTEX_POINT('',#16817);
#4898=VERTEX_POINT('',#16819);
#4899=VERTEX_POINT('',#16821);
#4900=VERTEX_POINT('',#16823);
#4901=VERTEX_POINT('',#16825);
#4902=VERTEX_POINT('',#16827);
#4903=VERTEX_POINT('',#16829);
#4904=VERTEX_POINT('',#16831);
#4905=VERTEX_POINT('',#16833);
#4906=VERTEX_POINT('',#16835);
#4907=VERTEX_POINT('',#16837);
#4908=VERTEX_POINT('',#16839);
#4909=VERTEX_POINT('',#16841);
#4910=VERTEX_POINT('',#16843);
#4911=VERTEX_POINT('',#16844);
#4912=VERTEX_POINT('',#16846);
#4913=VERTEX_POINT('',#16848);
#4914=VERTEX_POINT('',#16852);
#4915=VERTEX_POINT('',#16855);
#4916=VERTEX_POINT('',#16859);
#4917=VERTEX_POINT('',#16865);
#4918=VERTEX_POINT('',#16898);
#4919=VERTEX_POINT('',#16901);
#4920=VERTEX_POINT('',#16904);
#4921=VERTEX_POINT('',#16907);
#4922=VERTEX_POINT('',#16910);
#4923=VERTEX_POINT('',#16913);
#4924=VERTEX_POINT('',#16916);
#4925=VERTEX_POINT('',#16919);
#4926=VERTEX_POINT('',#16923);
#4927=VERTEX_POINT('',#16926);
#4928=VERTEX_POINT('',#16929);
#4929=VERTEX_POINT('',#16932);
#4930=VERTEX_POINT('',#16935);
#4931=VERTEX_POINT('',#16938);
#4932=VERTEX_POINT('',#16941);
#4933=VERTEX_POINT('',#16944);
#4934=VERTEX_POINT('',#16948);
#4935=VERTEX_POINT('',#16951);
#4936=VERTEX_POINT('',#16954);
#4937=VERTEX_POINT('',#16957);
#4938=VERTEX_POINT('',#16960);
#4939=VERTEX_POINT('',#16963);
#4940=VERTEX_POINT('',#16966);
#4941=VERTEX_POINT('',#16969);
#4942=VERTEX_POINT('',#16973);
#4943=VERTEX_POINT('',#16976);
#4944=VERTEX_POINT('',#16979);
#4945=VERTEX_POINT('',#16982);
#4946=VERTEX_POINT('',#16985);
#4947=VERTEX_POINT('',#16988);
#4948=VERTEX_POINT('',#16991);
#4949=VERTEX_POINT('',#16994);
#4950=VERTEX_POINT('',#16998);
#4951=VERTEX_POINT('',#17001);
#4952=VERTEX_POINT('',#17004);
#4953=VERTEX_POINT('',#17007);
#4954=VERTEX_POINT('',#17010);
#4955=VERTEX_POINT('',#17013);
#4956=VERTEX_POINT('',#17016);
#4957=VERTEX_POINT('',#17019);
#4958=VERTEX_POINT('',#17023);
#4959=VERTEX_POINT('',#17026);
#4960=VERTEX_POINT('',#17029);
#4961=VERTEX_POINT('',#17032);
#4962=VERTEX_POINT('',#17035);
#4963=VERTEX_POINT('',#17038);
#4964=VERTEX_POINT('',#17041);
#4965=VERTEX_POINT('',#17044);
#4966=VERTEX_POINT('',#17048);
#4967=VERTEX_POINT('',#17051);
#4968=VERTEX_POINT('',#17054);
#4969=VERTEX_POINT('',#17057);
#4970=VERTEX_POINT('',#17060);
#4971=VERTEX_POINT('',#17063);
#4972=VERTEX_POINT('',#17066);
#4973=VERTEX_POINT('',#17069);
#4974=VERTEX_POINT('',#17073);
#4975=VERTEX_POINT('',#17076);
#4976=VERTEX_POINT('',#17079);
#4977=VERTEX_POINT('',#17082);
#4978=VERTEX_POINT('',#17085);
#4979=VERTEX_POINT('',#17088);
#4980=VERTEX_POINT('',#17091);
#4981=VERTEX_POINT('',#17094);
#4982=VERTEX_POINT('',#17098);
#4983=VERTEX_POINT('',#17101);
#4984=VERTEX_POINT('',#17104);
#4985=VERTEX_POINT('',#17107);
#4986=VERTEX_POINT('',#17110);
#4987=VERTEX_POINT('',#17113);
#4988=VERTEX_POINT('',#17116);
#4989=VERTEX_POINT('',#17119);
#4990=VERTEX_POINT('',#17123);
#4991=VERTEX_POINT('',#17126);
#4992=VERTEX_POINT('',#17129);
#4993=VERTEX_POINT('',#17132);
#4994=VERTEX_POINT('',#17135);
#4995=VERTEX_POINT('',#17138);
#4996=VERTEX_POINT('',#17141);
#4997=VERTEX_POINT('',#17144);
#4998=VERTEX_POINT('',#17148);
#4999=VERTEX_POINT('',#17151);
#5000=VERTEX_POINT('',#17154);
#5001=VERTEX_POINT('',#17157);
#5002=VERTEX_POINT('',#17160);
#5003=VERTEX_POINT('',#17163);
#5004=VERTEX_POINT('',#17166);
#5005=VERTEX_POINT('',#17169);
#5006=VERTEX_POINT('',#17173);
#5007=VERTEX_POINT('',#17176);
#5008=VERTEX_POINT('',#17179);
#5009=VERTEX_POINT('',#17182);
#5010=VERTEX_POINT('',#17185);
#5011=VERTEX_POINT('',#17188);
#5012=VERTEX_POINT('',#17191);
#5013=VERTEX_POINT('',#17194);
#5014=VERTEX_POINT('',#17198);
#5015=VERTEX_POINT('',#17201);
#5016=VERTEX_POINT('',#17204);
#5017=VERTEX_POINT('',#17207);
#5018=VERTEX_POINT('',#17210);
#5019=VERTEX_POINT('',#17213);
#5020=VERTEX_POINT('',#17216);
#5021=VERTEX_POINT('',#17219);
#5022=VERTEX_POINT('',#17223);
#5023=VERTEX_POINT('',#17226);
#5024=VERTEX_POINT('',#17229);
#5025=VERTEX_POINT('',#17232);
#5026=VERTEX_POINT('',#17235);
#5027=VERTEX_POINT('',#17238);
#5028=VERTEX_POINT('',#17241);
#5029=VERTEX_POINT('',#17244);
#5030=VERTEX_POINT('',#17248);
#5031=VERTEX_POINT('',#17251);
#5032=VERTEX_POINT('',#17254);
#5033=VERTEX_POINT('',#17257);
#5034=VERTEX_POINT('',#17260);
#5035=VERTEX_POINT('',#17263);
#5036=VERTEX_POINT('',#17266);
#5037=VERTEX_POINT('',#17269);
#5038=VERTEX_POINT('',#17273);
#5039=VERTEX_POINT('',#17276);
#5040=VERTEX_POINT('',#17279);
#5041=VERTEX_POINT('',#17282);
#5042=VERTEX_POINT('',#17285);
#5043=VERTEX_POINT('',#17288);
#5044=VERTEX_POINT('',#17291);
#5045=VERTEX_POINT('',#17294);
#5046=VERTEX_POINT('',#17298);
#5047=VERTEX_POINT('',#17301);
#5048=VERTEX_POINT('',#17304);
#5049=VERTEX_POINT('',#17307);
#5050=VERTEX_POINT('',#17310);
#5051=VERTEX_POINT('',#17313);
#5052=VERTEX_POINT('',#17316);
#5053=VERTEX_POINT('',#17319);
#5054=VERTEX_POINT('',#17323);
#5055=VERTEX_POINT('',#17326);
#5056=VERTEX_POINT('',#17329);
#5057=VERTEX_POINT('',#17332);
#5058=VERTEX_POINT('',#17335);
#5059=VERTEX_POINT('',#17338);
#5060=VERTEX_POINT('',#17341);
#5061=VERTEX_POINT('',#17344);
#5062=VERTEX_POINT('',#17348);
#5063=VERTEX_POINT('',#17351);
#5064=VERTEX_POINT('',#17354);
#5065=VERTEX_POINT('',#17357);
#5066=VERTEX_POINT('',#17360);
#5067=VERTEX_POINT('',#17363);
#5068=VERTEX_POINT('',#17366);
#5069=VERTEX_POINT('',#17369);
#5070=VERTEX_POINT('',#17373);
#5071=VERTEX_POINT('',#17376);
#5072=VERTEX_POINT('',#17379);
#5073=VERTEX_POINT('',#17382);
#5074=VERTEX_POINT('',#17385);
#5075=VERTEX_POINT('',#17388);
#5076=VERTEX_POINT('',#17391);
#5077=VERTEX_POINT('',#17394);
#5078=VERTEX_POINT('',#17398);
#5079=VERTEX_POINT('',#17401);
#5080=VERTEX_POINT('',#17404);
#5081=VERTEX_POINT('',#17407);
#5082=VERTEX_POINT('',#17410);
#5083=VERTEX_POINT('',#17413);
#5084=VERTEX_POINT('',#17416);
#5085=VERTEX_POINT('',#17419);
#5086=VERTEX_POINT('',#17423);
#5087=VERTEX_POINT('',#17426);
#5088=VERTEX_POINT('',#17429);
#5089=VERTEX_POINT('',#17432);
#5090=VERTEX_POINT('',#17435);
#5091=VERTEX_POINT('',#17438);
#5092=VERTEX_POINT('',#17441);
#5093=VERTEX_POINT('',#17444);
#5094=VERTEX_POINT('',#17448);
#5095=VERTEX_POINT('',#17451);
#5096=VERTEX_POINT('',#17454);
#5097=VERTEX_POINT('',#17457);
#5098=VERTEX_POINT('',#17460);
#5099=VERTEX_POINT('',#17463);
#5100=VERTEX_POINT('',#17466);
#5101=VERTEX_POINT('',#17469);
#5102=VERTEX_POINT('',#17473);
#5103=VERTEX_POINT('',#17476);
#5104=VERTEX_POINT('',#17479);
#5105=VERTEX_POINT('',#17482);
#5106=VERTEX_POINT('',#17485);
#5107=VERTEX_POINT('',#17488);
#5108=VERTEX_POINT('',#17491);
#5109=VERTEX_POINT('',#17494);
#5110=VERTEX_POINT('',#17498);
#5111=VERTEX_POINT('',#17501);
#5112=VERTEX_POINT('',#17504);
#5113=VERTEX_POINT('',#17507);
#5114=VERTEX_POINT('',#17510);
#5115=VERTEX_POINT('',#17513);
#5116=VERTEX_POINT('',#17516);
#5117=VERTEX_POINT('',#17519);
#5118=VERTEX_POINT('',#17523);
#5119=VERTEX_POINT('',#17526);
#5120=VERTEX_POINT('',#17529);
#5121=VERTEX_POINT('',#17532);
#5122=VERTEX_POINT('',#17535);
#5123=VERTEX_POINT('',#17538);
#5124=VERTEX_POINT('',#17541);
#5125=VERTEX_POINT('',#17544);
#5126=VERTEX_POINT('',#17548);
#5127=VERTEX_POINT('',#17551);
#5128=VERTEX_POINT('',#17554);
#5129=VERTEX_POINT('',#17557);
#5130=VERTEX_POINT('',#17560);
#5131=VERTEX_POINT('',#17563);
#5132=VERTEX_POINT('',#17566);
#5133=VERTEX_POINT('',#17569);
#5134=VERTEX_POINT('',#17573);
#5135=VERTEX_POINT('',#17576);
#5136=VERTEX_POINT('',#17579);
#5137=VERTEX_POINT('',#17582);
#5138=VERTEX_POINT('',#17585);
#5139=VERTEX_POINT('',#17588);
#5140=VERTEX_POINT('',#17591);
#5141=VERTEX_POINT('',#17594);
#5142=VERTEX_POINT('',#17598);
#5143=VERTEX_POINT('',#17601);
#5144=VERTEX_POINT('',#17604);
#5145=VERTEX_POINT('',#17607);
#5146=VERTEX_POINT('',#17610);
#5147=VERTEX_POINT('',#17613);
#5148=VERTEX_POINT('',#17616);
#5149=VERTEX_POINT('',#17619);
#5150=VERTEX_POINT('',#17623);
#5151=VERTEX_POINT('',#17626);
#5152=VERTEX_POINT('',#17629);
#5153=VERTEX_POINT('',#17632);
#5154=VERTEX_POINT('',#17635);
#5155=VERTEX_POINT('',#17638);
#5156=VERTEX_POINT('',#17641);
#5157=VERTEX_POINT('',#17644);
#5158=VERTEX_POINT('',#17648);
#5159=VERTEX_POINT('',#17651);
#5160=VERTEX_POINT('',#17654);
#5161=VERTEX_POINT('',#17657);
#5162=VERTEX_POINT('',#17660);
#5163=VERTEX_POINT('',#17663);
#5164=VERTEX_POINT('',#17666);
#5165=VERTEX_POINT('',#17669);
#5166=VERTEX_POINT('',#17673);
#5167=VERTEX_POINT('',#17676);
#5168=VERTEX_POINT('',#17679);
#5169=VERTEX_POINT('',#17682);
#5170=VERTEX_POINT('',#17685);
#5171=VERTEX_POINT('',#17688);
#5172=VERTEX_POINT('',#17691);
#5173=VERTEX_POINT('',#17694);
#5174=VERTEX_POINT('',#17698);
#5175=VERTEX_POINT('',#17701);
#5176=VERTEX_POINT('',#17704);
#5177=VERTEX_POINT('',#17707);
#5178=VERTEX_POINT('',#17710);
#5179=VERTEX_POINT('',#17713);
#5180=VERTEX_POINT('',#17716);
#5181=VERTEX_POINT('',#17719);
#5182=VERTEX_POINT('',#17723);
#5183=VERTEX_POINT('',#17726);
#5184=VERTEX_POINT('',#17729);
#5185=VERTEX_POINT('',#17732);
#5186=VERTEX_POINT('',#17735);
#5187=VERTEX_POINT('',#17738);
#5188=VERTEX_POINT('',#17741);
#5189=VERTEX_POINT('',#17744);
#5190=VERTEX_POINT('',#17748);
#5191=VERTEX_POINT('',#17751);
#5192=VERTEX_POINT('',#17754);
#5193=VERTEX_POINT('',#17757);
#5194=VERTEX_POINT('',#17760);
#5195=VERTEX_POINT('',#17763);
#5196=VERTEX_POINT('',#17766);
#5197=VERTEX_POINT('',#17769);
#5198=VERTEX_POINT('',#17773);
#5199=VERTEX_POINT('',#17776);
#5200=VERTEX_POINT('',#17779);
#5201=VERTEX_POINT('',#17782);
#5202=VERTEX_POINT('',#17785);
#5203=VERTEX_POINT('',#17788);
#5204=VERTEX_POINT('',#17791);
#5205=VERTEX_POINT('',#17794);
#5206=VERTEX_POINT('',#17798);
#5207=VERTEX_POINT('',#17801);
#5208=VERTEX_POINT('',#17804);
#5209=VERTEX_POINT('',#17807);
#5210=VERTEX_POINT('',#17810);
#5211=VERTEX_POINT('',#17813);
#5212=VERTEX_POINT('',#17816);
#5213=VERTEX_POINT('',#17819);
#5214=VERTEX_POINT('',#17823);
#5215=VERTEX_POINT('',#17826);
#5216=VERTEX_POINT('',#17829);
#5217=VERTEX_POINT('',#17832);
#5218=VERTEX_POINT('',#17835);
#5219=VERTEX_POINT('',#17838);
#5220=VERTEX_POINT('',#17841);
#5221=VERTEX_POINT('',#17844);
#5222=VERTEX_POINT('',#17848);
#5223=VERTEX_POINT('',#17851);
#5224=VERTEX_POINT('',#17854);
#5225=VERTEX_POINT('',#17857);
#5226=VERTEX_POINT('',#17860);
#5227=VERTEX_POINT('',#17863);
#5228=VERTEX_POINT('',#17866);
#5229=VERTEX_POINT('',#17869);
#5230=VERTEX_POINT('',#17873);
#5231=VERTEX_POINT('',#17876);
#5232=VERTEX_POINT('',#17879);
#5233=VERTEX_POINT('',#17882);
#5234=VERTEX_POINT('',#17885);
#5235=VERTEX_POINT('',#17888);
#5236=VERTEX_POINT('',#17891);
#5237=VERTEX_POINT('',#17894);
#5238=VERTEX_POINT('',#17898);
#5239=VERTEX_POINT('',#17901);
#5240=VERTEX_POINT('',#17904);
#5241=VERTEX_POINT('',#17907);
#5242=VERTEX_POINT('',#17910);
#5243=VERTEX_POINT('',#17913);
#5244=VERTEX_POINT('',#17916);
#5245=VERTEX_POINT('',#17919);
#5246=VERTEX_POINT('',#17923);
#5247=VERTEX_POINT('',#17926);
#5248=VERTEX_POINT('',#17929);
#5249=VERTEX_POINT('',#17932);
#5250=VERTEX_POINT('',#17935);
#5251=VERTEX_POINT('',#17938);
#5252=VERTEX_POINT('',#17941);
#5253=VERTEX_POINT('',#17944);
#5254=VERTEX_POINT('',#17948);
#5255=VERTEX_POINT('',#17951);
#5256=VERTEX_POINT('',#17954);
#5257=VERTEX_POINT('',#17957);
#5258=VERTEX_POINT('',#17960);
#5259=VERTEX_POINT('',#17963);
#5260=VERTEX_POINT('',#17966);
#5261=VERTEX_POINT('',#17969);
#5262=VERTEX_POINT('',#17973);
#5263=VERTEX_POINT('',#17976);
#5264=VERTEX_POINT('',#17979);
#5265=VERTEX_POINT('',#17982);
#5266=VERTEX_POINT('',#17985);
#5267=VERTEX_POINT('',#17988);
#5268=VERTEX_POINT('',#17991);
#5269=VERTEX_POINT('',#17994);
#5270=VERTEX_POINT('',#17998);
#5271=VERTEX_POINT('',#18001);
#5272=VERTEX_POINT('',#18004);
#5273=VERTEX_POINT('',#18007);
#5274=VERTEX_POINT('',#18010);
#5275=VERTEX_POINT('',#18013);
#5276=VERTEX_POINT('',#18016);
#5277=VERTEX_POINT('',#18019);
#5278=VERTEX_POINT('',#18023);
#5279=VERTEX_POINT('',#18026);
#5280=VERTEX_POINT('',#18029);
#5281=VERTEX_POINT('',#18032);
#5282=VERTEX_POINT('',#18035);
#5283=VERTEX_POINT('',#18038);
#5284=VERTEX_POINT('',#18041);
#5285=VERTEX_POINT('',#18044);
#5286=VERTEX_POINT('',#18048);
#5287=VERTEX_POINT('',#18051);
#5288=VERTEX_POINT('',#18054);
#5289=VERTEX_POINT('',#18057);
#5290=VERTEX_POINT('',#18060);
#5291=VERTEX_POINT('',#18063);
#5292=VERTEX_POINT('',#18066);
#5293=VERTEX_POINT('',#18069);
#5294=VERTEX_POINT('',#18073);
#5295=VERTEX_POINT('',#18076);
#5296=VERTEX_POINT('',#18079);
#5297=VERTEX_POINT('',#18082);
#5298=VERTEX_POINT('',#18085);
#5299=VERTEX_POINT('',#18088);
#5300=VERTEX_POINT('',#18091);
#5301=VERTEX_POINT('',#18094);
#5302=VERTEX_POINT('',#18098);
#5303=VERTEX_POINT('',#18101);
#5304=VERTEX_POINT('',#18104);
#5305=VERTEX_POINT('',#18107);
#5306=VERTEX_POINT('',#18110);
#5307=VERTEX_POINT('',#18113);
#5308=VERTEX_POINT('',#18116);
#5309=VERTEX_POINT('',#18119);
#5310=VERTEX_POINT('',#18123);
#5311=VERTEX_POINT('',#18126);
#5312=VERTEX_POINT('',#18129);
#5313=VERTEX_POINT('',#18132);
#5314=VERTEX_POINT('',#18135);
#5315=VERTEX_POINT('',#18138);
#5316=VERTEX_POINT('',#18141);
#5317=VERTEX_POINT('',#18144);
#5318=VERTEX_POINT('',#18148);
#5319=VERTEX_POINT('',#18151);
#5320=VERTEX_POINT('',#18154);
#5321=VERTEX_POINT('',#18157);
#5322=VERTEX_POINT('',#18160);
#5323=VERTEX_POINT('',#18163);
#5324=VERTEX_POINT('',#18166);
#5325=VERTEX_POINT('',#18169);
#5326=VERTEX_POINT('',#18173);
#5327=VERTEX_POINT('',#18176);
#5328=VERTEX_POINT('',#18179);
#5329=VERTEX_POINT('',#18182);
#5330=VERTEX_POINT('',#18185);
#5331=VERTEX_POINT('',#18188);
#5332=VERTEX_POINT('',#18191);
#5333=VERTEX_POINT('',#18194);
#5334=VERTEX_POINT('',#18198);
#5335=VERTEX_POINT('',#18201);
#5336=VERTEX_POINT('',#18204);
#5337=VERTEX_POINT('',#18207);
#5338=VERTEX_POINT('',#18210);
#5339=VERTEX_POINT('',#18213);
#5340=VERTEX_POINT('',#18216);
#5341=VERTEX_POINT('',#18219);
#5342=VERTEX_POINT('',#18223);
#5343=VERTEX_POINT('',#18226);
#5344=VERTEX_POINT('',#18229);
#5345=VERTEX_POINT('',#18232);
#5346=VERTEX_POINT('',#18235);
#5347=VERTEX_POINT('',#18238);
#5348=VERTEX_POINT('',#18241);
#5349=VERTEX_POINT('',#18244);
#5350=VERTEX_POINT('',#18248);
#5351=VERTEX_POINT('',#18251);
#5352=VERTEX_POINT('',#18254);
#5353=VERTEX_POINT('',#18257);
#5354=VERTEX_POINT('',#18260);
#5355=VERTEX_POINT('',#18263);
#5356=VERTEX_POINT('',#18266);
#5357=VERTEX_POINT('',#18269);
#5358=VERTEX_POINT('',#18273);
#5359=VERTEX_POINT('',#18276);
#5360=VERTEX_POINT('',#18279);
#5361=VERTEX_POINT('',#18282);
#5362=VERTEX_POINT('',#18285);
#5363=VERTEX_POINT('',#18288);
#5364=VERTEX_POINT('',#18291);
#5365=VERTEX_POINT('',#18294);
#5366=VERTEX_POINT('',#18298);
#5367=VERTEX_POINT('',#18301);
#5368=VERTEX_POINT('',#18304);
#5369=VERTEX_POINT('',#18307);
#5370=VERTEX_POINT('',#18310);
#5371=VERTEX_POINT('',#18313);
#5372=VERTEX_POINT('',#18316);
#5373=VERTEX_POINT('',#18319);
#5374=VERTEX_POINT('',#18323);
#5375=VERTEX_POINT('',#18326);
#5376=VERTEX_POINT('',#18329);
#5377=VERTEX_POINT('',#18332);
#5378=VERTEX_POINT('',#18335);
#5379=VERTEX_POINT('',#18338);
#5380=VERTEX_POINT('',#18341);
#5381=VERTEX_POINT('',#18344);
#5382=VERTEX_POINT('',#18348);
#5383=VERTEX_POINT('',#18351);
#5384=VERTEX_POINT('',#18354);
#5385=VERTEX_POINT('',#18357);
#5386=VERTEX_POINT('',#18360);
#5387=VERTEX_POINT('',#18363);
#5388=VERTEX_POINT('',#18366);
#5389=VERTEX_POINT('',#18369);
#5390=VERTEX_POINT('',#18373);
#5391=VERTEX_POINT('',#18376);
#5392=VERTEX_POINT('',#18379);
#5393=VERTEX_POINT('',#18382);
#5394=VERTEX_POINT('',#18385);
#5395=VERTEX_POINT('',#18388);
#5396=VERTEX_POINT('',#18391);
#5397=VERTEX_POINT('',#18394);
#5398=VERTEX_POINT('',#18398);
#5399=VERTEX_POINT('',#18401);
#5400=VERTEX_POINT('',#18404);
#5401=VERTEX_POINT('',#18407);
#5402=VERTEX_POINT('',#18410);
#5403=VERTEX_POINT('',#18413);
#5404=VERTEX_POINT('',#18416);
#5405=VERTEX_POINT('',#18419);
#5406=VERTEX_POINT('',#18423);
#5407=VERTEX_POINT('',#18426);
#5408=VERTEX_POINT('',#18429);
#5409=VERTEX_POINT('',#18432);
#5410=VERTEX_POINT('',#18435);
#5411=VERTEX_POINT('',#18438);
#5412=VERTEX_POINT('',#18441);
#5413=VERTEX_POINT('',#18444);
#5414=VERTEX_POINT('',#18448);
#5415=VERTEX_POINT('',#18451);
#5416=VERTEX_POINT('',#18454);
#5417=VERTEX_POINT('',#18457);
#5418=VERTEX_POINT('',#18460);
#5419=VERTEX_POINT('',#18463);
#5420=VERTEX_POINT('',#18466);
#5421=VERTEX_POINT('',#18469);
#5422=VERTEX_POINT('',#18473);
#5423=VERTEX_POINT('',#18476);
#5424=VERTEX_POINT('',#18479);
#5425=VERTEX_POINT('',#18482);
#5426=VERTEX_POINT('',#18485);
#5427=VERTEX_POINT('',#18488);
#5428=VERTEX_POINT('',#18491);
#5429=VERTEX_POINT('',#18494);
#5430=VERTEX_POINT('',#18498);
#5431=VERTEX_POINT('',#18501);
#5432=VERTEX_POINT('',#18504);
#5433=VERTEX_POINT('',#18507);
#5434=VERTEX_POINT('',#18510);
#5435=VERTEX_POINT('',#18513);
#5436=VERTEX_POINT('',#18516);
#5437=VERTEX_POINT('',#18519);
#5438=VERTEX_POINT('',#18523);
#5439=VERTEX_POINT('',#18526);
#5440=VERTEX_POINT('',#18529);
#5441=VERTEX_POINT('',#18532);
#5442=VERTEX_POINT('',#18535);
#5443=VERTEX_POINT('',#18538);
#5444=VERTEX_POINT('',#18541);
#5445=VERTEX_POINT('',#18544);
#5446=VERTEX_POINT('',#18548);
#5447=VERTEX_POINT('',#18551);
#5448=VERTEX_POINT('',#18554);
#5449=VERTEX_POINT('',#18557);
#5450=VERTEX_POINT('',#18560);
#5451=VERTEX_POINT('',#18563);
#5452=VERTEX_POINT('',#18566);
#5453=VERTEX_POINT('',#18569);
#5454=VERTEX_POINT('',#18573);
#5455=VERTEX_POINT('',#18576);
#5456=VERTEX_POINT('',#18579);
#5457=VERTEX_POINT('',#18582);
#5458=VERTEX_POINT('',#18585);
#5459=VERTEX_POINT('',#18588);
#5460=VERTEX_POINT('',#18591);
#5461=VERTEX_POINT('',#18594);
#5462=VERTEX_POINT('',#18598);
#5463=VERTEX_POINT('',#18601);
#5464=VERTEX_POINT('',#18604);
#5465=VERTEX_POINT('',#18607);
#5466=VERTEX_POINT('',#18610);
#5467=VERTEX_POINT('',#18613);
#5468=VERTEX_POINT('',#18616);
#5469=VERTEX_POINT('',#18619);
#5470=VERTEX_POINT('',#18623);
#5471=VERTEX_POINT('',#18626);
#5472=VERTEX_POINT('',#18629);
#5473=VERTEX_POINT('',#18632);
#5474=VERTEX_POINT('',#18635);
#5475=VERTEX_POINT('',#18638);
#5476=VERTEX_POINT('',#18641);
#5477=VERTEX_POINT('',#18644);
#5478=VERTEX_POINT('',#18648);
#5479=VERTEX_POINT('',#18651);
#5480=VERTEX_POINT('',#18654);
#5481=VERTEX_POINT('',#18657);
#5482=VERTEX_POINT('',#18660);
#5483=VERTEX_POINT('',#18663);
#5484=VERTEX_POINT('',#18666);
#5485=VERTEX_POINT('',#18669);
#5486=VERTEX_POINT('',#18673);
#5487=VERTEX_POINT('',#18676);
#5488=VERTEX_POINT('',#18679);
#5489=VERTEX_POINT('',#18682);
#5490=VERTEX_POINT('',#18685);
#5491=VERTEX_POINT('',#18688);
#5492=VERTEX_POINT('',#18691);
#5493=VERTEX_POINT('',#18694);
#5494=VERTEX_POINT('',#18698);
#5495=VERTEX_POINT('',#18701);
#5496=VERTEX_POINT('',#18704);
#5497=VERTEX_POINT('',#18707);
#5498=VERTEX_POINT('',#18710);
#5499=VERTEX_POINT('',#18713);
#5500=VERTEX_POINT('',#18716);
#5501=VERTEX_POINT('',#18719);
#5502=VERTEX_POINT('',#18723);
#5503=VERTEX_POINT('',#18726);
#5504=VERTEX_POINT('',#18729);
#5505=VERTEX_POINT('',#18732);
#5506=VERTEX_POINT('',#18735);
#5507=VERTEX_POINT('',#18738);
#5508=VERTEX_POINT('',#18741);
#5509=VERTEX_POINT('',#18744);
#5510=VERTEX_POINT('',#18748);
#5511=VERTEX_POINT('',#18751);
#5512=VERTEX_POINT('',#18754);
#5513=VERTEX_POINT('',#18757);
#5514=VERTEX_POINT('',#18760);
#5515=VERTEX_POINT('',#18763);
#5516=VERTEX_POINT('',#18766);
#5517=VERTEX_POINT('',#18769);
#5518=VERTEX_POINT('',#18773);
#5519=VERTEX_POINT('',#18776);
#5520=VERTEX_POINT('',#18779);
#5521=VERTEX_POINT('',#18782);
#5522=VERTEX_POINT('',#18785);
#5523=VERTEX_POINT('',#18788);
#5524=VERTEX_POINT('',#18791);
#5525=VERTEX_POINT('',#18794);
#5526=VERTEX_POINT('',#18798);
#5527=VERTEX_POINT('',#18801);
#5528=VERTEX_POINT('',#18804);
#5529=VERTEX_POINT('',#18807);
#5530=VERTEX_POINT('',#18810);
#5531=VERTEX_POINT('',#18813);
#5532=VERTEX_POINT('',#18816);
#5533=VERTEX_POINT('',#18819);
#5534=VERTEX_POINT('',#18823);
#5535=VERTEX_POINT('',#18826);
#5536=VERTEX_POINT('',#18829);
#5537=VERTEX_POINT('',#18832);
#5538=VERTEX_POINT('',#18835);
#5539=VERTEX_POINT('',#18838);
#5540=VERTEX_POINT('',#18841);
#5541=VERTEX_POINT('',#18844);
#5542=VERTEX_POINT('',#18848);
#5543=VERTEX_POINT('',#18851);
#5544=VERTEX_POINT('',#18854);
#5545=VERTEX_POINT('',#18857);
#5546=VERTEX_POINT('',#18860);
#5547=VERTEX_POINT('',#18863);
#5548=VERTEX_POINT('',#18866);
#5549=VERTEX_POINT('',#18869);
#5550=VERTEX_POINT('',#18873);
#5551=VERTEX_POINT('',#18876);
#5552=VERTEX_POINT('',#18879);
#5553=VERTEX_POINT('',#18882);
#5554=VERTEX_POINT('',#18885);
#5555=VERTEX_POINT('',#18888);
#5556=VERTEX_POINT('',#18891);
#5557=VERTEX_POINT('',#18894);
#5558=VERTEX_POINT('',#18898);
#5559=VERTEX_POINT('',#18901);
#5560=VERTEX_POINT('',#18904);
#5561=VERTEX_POINT('',#18907);
#5562=VERTEX_POINT('',#18910);
#5563=VERTEX_POINT('',#18913);
#5564=VERTEX_POINT('',#18916);
#5565=VERTEX_POINT('',#18919);
#5566=VERTEX_POINT('',#18923);
#5567=VERTEX_POINT('',#18926);
#5568=VERTEX_POINT('',#18929);
#5569=VERTEX_POINT('',#18932);
#5570=VERTEX_POINT('',#18935);
#5571=VERTEX_POINT('',#18938);
#5572=VERTEX_POINT('',#18941);
#5573=VERTEX_POINT('',#18944);
#5574=VERTEX_POINT('',#18948);
#5575=VERTEX_POINT('',#18951);
#5576=VERTEX_POINT('',#18954);
#5577=VERTEX_POINT('',#18957);
#5578=VERTEX_POINT('',#18960);
#5579=VERTEX_POINT('',#18963);
#5580=VERTEX_POINT('',#18966);
#5581=VERTEX_POINT('',#18969);
#5582=VERTEX_POINT('',#18973);
#5583=VERTEX_POINT('',#18976);
#5584=VERTEX_POINT('',#18979);
#5585=VERTEX_POINT('',#18982);
#5586=VERTEX_POINT('',#18985);
#5587=VERTEX_POINT('',#18988);
#5588=VERTEX_POINT('',#18991);
#5589=VERTEX_POINT('',#18994);
#5590=VERTEX_POINT('',#18998);
#5591=VERTEX_POINT('',#19001);
#5592=VERTEX_POINT('',#19004);
#5593=VERTEX_POINT('',#19007);
#5594=VERTEX_POINT('',#19010);
#5595=VERTEX_POINT('',#19013);
#5596=VERTEX_POINT('',#19016);
#5597=VERTEX_POINT('',#19019);
#5598=VERTEX_POINT('',#19023);
#5599=VERTEX_POINT('',#19026);
#5600=VERTEX_POINT('',#19029);
#5601=VERTEX_POINT('',#19032);
#5602=VERTEX_POINT('',#19035);
#5603=VERTEX_POINT('',#19038);
#5604=VERTEX_POINT('',#19041);
#5605=VERTEX_POINT('',#19044);
#5606=VERTEX_POINT('',#19048);
#5607=VERTEX_POINT('',#19051);
#5608=VERTEX_POINT('',#19054);
#5609=VERTEX_POINT('',#19057);
#5610=VERTEX_POINT('',#19060);
#5611=VERTEX_POINT('',#19063);
#5612=VERTEX_POINT('',#19066);
#5613=VERTEX_POINT('',#19069);
#5614=VERTEX_POINT('',#19073);
#5615=VERTEX_POINT('',#19076);
#5616=VERTEX_POINT('',#19079);
#5617=VERTEX_POINT('',#19082);
#5618=VERTEX_POINT('',#19085);
#5619=VERTEX_POINT('',#19088);
#5620=VERTEX_POINT('',#19091);
#5621=VERTEX_POINT('',#19094);
#5622=VERTEX_POINT('',#19098);
#5623=VERTEX_POINT('',#19101);
#5624=VERTEX_POINT('',#19104);
#5625=VERTEX_POINT('',#19107);
#5626=VERTEX_POINT('',#19110);
#5627=VERTEX_POINT('',#19113);
#5628=VERTEX_POINT('',#19116);
#5629=VERTEX_POINT('',#19119);
#5630=VERTEX_POINT('',#19123);
#5631=VERTEX_POINT('',#19126);
#5632=VERTEX_POINT('',#19129);
#5633=VERTEX_POINT('',#19132);
#5634=VERTEX_POINT('',#19135);
#5635=VERTEX_POINT('',#19138);
#5636=VERTEX_POINT('',#19141);
#5637=VERTEX_POINT('',#19144);
#5638=VERTEX_POINT('',#19148);
#5639=VERTEX_POINT('',#19151);
#5640=VERTEX_POINT('',#19154);
#5641=VERTEX_POINT('',#19157);
#5642=VERTEX_POINT('',#19160);
#5643=VERTEX_POINT('',#19163);
#5644=VERTEX_POINT('',#19166);
#5645=VERTEX_POINT('',#19169);
#5646=VERTEX_POINT('',#19173);
#5647=VERTEX_POINT('',#19176);
#5648=VERTEX_POINT('',#19179);
#5649=VERTEX_POINT('',#19182);
#5650=VERTEX_POINT('',#19185);
#5651=VERTEX_POINT('',#19188);
#5652=VERTEX_POINT('',#19191);
#5653=VERTEX_POINT('',#19194);
#5654=VERTEX_POINT('',#19198);
#5655=VERTEX_POINT('',#19201);
#5656=VERTEX_POINT('',#19204);
#5657=VERTEX_POINT('',#19207);
#5658=VERTEX_POINT('',#19210);
#5659=VERTEX_POINT('',#19213);
#5660=VERTEX_POINT('',#19216);
#5661=VERTEX_POINT('',#19219);
#5662=VERTEX_POINT('',#19223);
#5663=VERTEX_POINT('',#19226);
#5664=VERTEX_POINT('',#19229);
#5665=VERTEX_POINT('',#19232);
#5666=VERTEX_POINT('',#19235);
#5667=VERTEX_POINT('',#19238);
#5668=VERTEX_POINT('',#19241);
#5669=VERTEX_POINT('',#19244);
#5670=VERTEX_POINT('',#19248);
#5671=VERTEX_POINT('',#19251);
#5672=VERTEX_POINT('',#19254);
#5673=VERTEX_POINT('',#19257);
#5674=VERTEX_POINT('',#19260);
#5675=VERTEX_POINT('',#19263);
#5676=VERTEX_POINT('',#19266);
#5677=VERTEX_POINT('',#19269);
#5678=VERTEX_POINT('',#19273);
#5679=VERTEX_POINT('',#19276);
#5680=VERTEX_POINT('',#19279);
#5681=VERTEX_POINT('',#19282);
#5682=VERTEX_POINT('',#19285);
#5683=VERTEX_POINT('',#19288);
#5684=VERTEX_POINT('',#19291);
#5685=VERTEX_POINT('',#19294);
#5686=LINE('',#16405,#5734);
#5687=LINE('',#16408,#5735);
#5688=LINE('',#16410,#5736);
#5689=LINE('',#16412,#5737);
#5690=LINE('',#16414,#5738);
#5691=LINE('',#16417,#5739);
#5692=LINE('',#16419,#5740);
#5693=LINE('',#16421,#5741);
#5694=LINE('',#16423,#5742);
#5695=LINE('',#16426,#5743);
#5696=LINE('',#16428,#5744);
#5697=LINE('',#16430,#5745);
#5698=LINE('',#16432,#5746);
#5699=LINE('',#16435,#5747);
#5700=LINE('',#16437,#5748);
#5701=LINE('',#16439,#5749);
#5702=LINE('',#16637,#5750);
#5703=LINE('',#16640,#5751);
#5704=LINE('',#16642,#5752);
#5705=LINE('',#16644,#5753);
#5706=LINE('',#16842,#5754);
#5707=LINE('',#16845,#5755);
#5708=LINE('',#16847,#5756);
#5709=LINE('',#16849,#5757);
#5710=LINE('',#16851,#5758);
#5711=LINE('',#16853,#5759);
#5712=LINE('',#16854,#5760);
#5713=LINE('',#16856,#5761);
#5714=LINE('',#16858,#5762);
#5715=LINE('',#16860,#5763);
#5716=LINE('',#16861,#5764);
#5717=LINE('',#16863,#5765);
#5718=LINE('',#16864,#5766);
#5719=LINE('',#16866,#5767);
#5720=LINE('',#16868,#5768);
#5721=LINE('',#16869,#5769);
#5722=LINE('',#16871,#5770);
#5723=LINE('',#16873,#5771);
#5724=LINE('',#16874,#5772);
#5725=LINE('',#16876,#5773);
#5726=LINE('',#16878,#5774);
#5727=LINE('',#16880,#5775);
#5728=LINE('',#16882,#5776);
#5729=LINE('',#16884,#5777);
#5730=LINE('',#16886,#5778);
#5731=LINE('',#16888,#5779);
#5732=LINE('',#16890,#5780);
#5733=LINE('',#16892,#5781);
#5734=VECTOR('',#12653,1000.);
#5735=VECTOR('',#12654,1000.);
#5736=VECTOR('',#12655,1000.);
#5737=VECTOR('',#12656,1000.);
#5738=VECTOR('',#12659,1000.);
#5739=VECTOR('',#12660,1000.);
#5740=VECTOR('',#12661,1000.);
#5741=VECTOR('',#12662,1000.);
#5742=VECTOR('',#12665,1000.);
#5743=VECTOR('',#12666,1000.);
#5744=VECTOR('',#12667,1000.);
#5745=VECTOR('',#12668,1000.);
#5746=VECTOR('',#12671,1000.);
#5747=VECTOR('',#12672,1000.);
#5748=VECTOR('',#12673,1000.);
#5749=VECTOR('',#12674,1000.);
#5750=VECTOR('',#12873,1000.);
#5751=VECTOR('',#12874,1000.);
#5752=VECTOR('',#12875,1000.);
#5753=VECTOR('',#12876,1000.);
#5754=VECTOR('',#13075,1000.);
#5755=VECTOR('',#13076,1000.);
#5756=VECTOR('',#13077,1000.);
#5757=VECTOR('',#13078,1000.);
#5758=VECTOR('',#13081,1000.);
#5759=VECTOR('',#13082,1000.);
#5760=VECTOR('',#13083,1000.);
#5761=VECTOR('',#13084,1000.);
#5762=VECTOR('',#13087,1000.);
#5763=VECTOR('',#13088,1000.);
#5764=VECTOR('',#13089,1000.);
#5765=VECTOR('',#13092,1000.);
#5766=VECTOR('',#13093,1000.);
#5767=VECTOR('',#13094,1000.);
#5768=VECTOR('',#13097,1000.);
#5769=VECTOR('',#13098,1000.);
#5770=VECTOR('',#13101,1000.);
#5771=VECTOR('',#13104,1000.);
#5772=VECTOR('',#13105,1000.);
#5773=VECTOR('',#13108,1000.);
#5774=VECTOR('',#13111,1000.);
#5775=VECTOR('',#13114,1000.);
#5776=VECTOR('',#13117,1000.);
#5777=VECTOR('',#13120,1000.);
#5778=VECTOR('',#13123,1000.);
#5779=VECTOR('',#13126,1000.);
#5780=VECTOR('',#13129,1000.);
#5781=VECTOR('',#13132,1000.);
#5782=EDGE_LOOP('',(#1658,#1659,#1660,#1661));
#5783=EDGE_LOOP('',(#1662,#1663,#1664,#1665));
#5784=EDGE_LOOP('',(#1666,#1667,#1668,#1669));
#5785=EDGE_LOOP('',(#1670,#1671,#1672,#1673));
#5786=EDGE_LOOP('',(#1674));
#5787=EDGE_LOOP('',(#1675));
#5788=EDGE_LOOP('',(#1676));
#5789=EDGE_LOOP('',(#1677));
#5790=EDGE_LOOP('',(#1678));
#5791=EDGE_LOOP('',(#1679));
#5792=EDGE_LOOP('',(#1680));
#5793=EDGE_LOOP('',(#1681));
#5794=EDGE_LOOP('',(#1682));
#5795=EDGE_LOOP('',(#1683));
#5796=EDGE_LOOP('',(#1684));
#5797=EDGE_LOOP('',(#1685));
#5798=EDGE_LOOP('',(#1686));
#5799=EDGE_LOOP('',(#1687));
#5800=EDGE_LOOP('',(#1688));
#5801=EDGE_LOOP('',(#1689));
#5802=EDGE_LOOP('',(#1690));
#5803=EDGE_LOOP('',(#1691));
#5804=EDGE_LOOP('',(#1692));
#5805=EDGE_LOOP('',(#1693));
#5806=EDGE_LOOP('',(#1694));
#5807=EDGE_LOOP('',(#1695));
#5808=EDGE_LOOP('',(#1696));
#5809=EDGE_LOOP('',(#1697));
#5810=EDGE_LOOP('',(#1698));
#5811=EDGE_LOOP('',(#1699));
#5812=EDGE_LOOP('',(#1700));
#5813=EDGE_LOOP('',(#1701));
#5814=EDGE_LOOP('',(#1702));
#5815=EDGE_LOOP('',(#1703));
#5816=EDGE_LOOP('',(#1704));
#5817=EDGE_LOOP('',(#1705));
#5818=EDGE_LOOP('',(#1706));
#5819=EDGE_LOOP('',(#1707));
#5820=EDGE_LOOP('',(#1708));
#5821=EDGE_LOOP('',(#1709));
#5822=EDGE_LOOP('',(#1710));
#5823=EDGE_LOOP('',(#1711));
#5824=EDGE_LOOP('',(#1712));
#5825=EDGE_LOOP('',(#1713));
#5826=EDGE_LOOP('',(#1714));
#5827=EDGE_LOOP('',(#1715));
#5828=EDGE_LOOP('',(#1716));
#5829=EDGE_LOOP('',(#1717));
#5830=EDGE_LOOP('',(#1718));
#5831=EDGE_LOOP('',(#1719));
#5832=EDGE_LOOP('',(#1720));
#5833=EDGE_LOOP('',(#1721));
#5834=EDGE_LOOP('',(#1722));
#5835=EDGE_LOOP('',(#1723));
#5836=EDGE_LOOP('',(#1724));
#5837=EDGE_LOOP('',(#1725));
#5838=EDGE_LOOP('',(#1726));
#5839=EDGE_LOOP('',(#1727));
#5840=EDGE_LOOP('',(#1728));
#5841=EDGE_LOOP('',(#1729));
#5842=EDGE_LOOP('',(#1730));
#5843=EDGE_LOOP('',(#1731));
#5844=EDGE_LOOP('',(#1732));
#5845=EDGE_LOOP('',(#1733));
#5846=EDGE_LOOP('',(#1734));
#5847=EDGE_LOOP('',(#1735));
#5848=EDGE_LOOP('',(#1736));
#5849=EDGE_LOOP('',(#1737));
#5850=EDGE_LOOP('',(#1738));
#5851=EDGE_LOOP('',(#1739));
#5852=EDGE_LOOP('',(#1740));
#5853=EDGE_LOOP('',(#1741));
#5854=EDGE_LOOP('',(#1742));
#5855=EDGE_LOOP('',(#1743));
#5856=EDGE_LOOP('',(#1744));
#5857=EDGE_LOOP('',(#1745));
#5858=EDGE_LOOP('',(#1746));
#5859=EDGE_LOOP('',(#1747));
#5860=EDGE_LOOP('',(#1748));
#5861=EDGE_LOOP('',(#1749));
#5862=EDGE_LOOP('',(#1750));
#5863=EDGE_LOOP('',(#1751));
#5864=EDGE_LOOP('',(#1752));
#5865=EDGE_LOOP('',(#1753));
#5866=EDGE_LOOP('',(#1754));
#5867=EDGE_LOOP('',(#1755));
#5868=EDGE_LOOP('',(#1756));
#5869=EDGE_LOOP('',(#1757));
#5870=EDGE_LOOP('',(#1758));
#5871=EDGE_LOOP('',(#1759));
#5872=EDGE_LOOP('',(#1760));
#5873=EDGE_LOOP('',(#1761));
#5874=EDGE_LOOP('',(#1762));
#5875=EDGE_LOOP('',(#1763));
#5876=EDGE_LOOP('',(#1764));
#5877=EDGE_LOOP('',(#1765));
#5878=EDGE_LOOP('',(#1766));
#5879=EDGE_LOOP('',(#1767));
#5880=EDGE_LOOP('',(#1768));
#5881=EDGE_LOOP('',(#1769));
#5882=EDGE_LOOP('',(#1770));
#5883=EDGE_LOOP('',(#1771));
#5884=EDGE_LOOP('',(#1772,#1773,#1774,#1775));
#5885=EDGE_LOOP('',(#1776));
#5886=EDGE_LOOP('',(#1777));
#5887=EDGE_LOOP('',(#1778));
#5888=EDGE_LOOP('',(#1779));
#5889=EDGE_LOOP('',(#1780));
#5890=EDGE_LOOP('',(#1781));
#5891=EDGE_LOOP('',(#1782));
#5892=EDGE_LOOP('',(#1783));
#5893=EDGE_LOOP('',(#1784));
#5894=EDGE_LOOP('',(#1785));
#5895=EDGE_LOOP('',(#1786));
#5896=EDGE_LOOP('',(#1787));
#5897=EDGE_LOOP('',(#1788));
#5898=EDGE_LOOP('',(#1789));
#5899=EDGE_LOOP('',(#1790));
#5900=EDGE_LOOP('',(#1791));
#5901=EDGE_LOOP('',(#1792));
#5902=EDGE_LOOP('',(#1793));
#5903=EDGE_LOOP('',(#1794));
#5904=EDGE_LOOP('',(#1795));
#5905=EDGE_LOOP('',(#1796));
#5906=EDGE_LOOP('',(#1797));
#5907=EDGE_LOOP('',(#1798));
#5908=EDGE_LOOP('',(#1799));
#5909=EDGE_LOOP('',(#1800));
#5910=EDGE_LOOP('',(#1801));
#5911=EDGE_LOOP('',(#1802));
#5912=EDGE_LOOP('',(#1803));
#5913=EDGE_LOOP('',(#1804));
#5914=EDGE_LOOP('',(#1805));
#5915=EDGE_LOOP('',(#1806));
#5916=EDGE_LOOP('',(#1807));
#5917=EDGE_LOOP('',(#1808));
#5918=EDGE_LOOP('',(#1809));
#5919=EDGE_LOOP('',(#1810));
#5920=EDGE_LOOP('',(#1811));
#5921=EDGE_LOOP('',(#1812));
#5922=EDGE_LOOP('',(#1813));
#5923=EDGE_LOOP('',(#1814));
#5924=EDGE_LOOP('',(#1815));
#5925=EDGE_LOOP('',(#1816));
#5926=EDGE_LOOP('',(#1817));
#5927=EDGE_LOOP('',(#1818));
#5928=EDGE_LOOP('',(#1819));
#5929=EDGE_LOOP('',(#1820));
#5930=EDGE_LOOP('',(#1821));
#5931=EDGE_LOOP('',(#1822));
#5932=EDGE_LOOP('',(#1823));
#5933=EDGE_LOOP('',(#1824));
#5934=EDGE_LOOP('',(#1825));
#5935=EDGE_LOOP('',(#1826));
#5936=EDGE_LOOP('',(#1827));
#5937=EDGE_LOOP('',(#1828));
#5938=EDGE_LOOP('',(#1829));
#5939=EDGE_LOOP('',(#1830));
#5940=EDGE_LOOP('',(#1831));
#5941=EDGE_LOOP('',(#1832));
#5942=EDGE_LOOP('',(#1833));
#5943=EDGE_LOOP('',(#1834));
#5944=EDGE_LOOP('',(#1835));
#5945=EDGE_LOOP('',(#1836));
#5946=EDGE_LOOP('',(#1837));
#5947=EDGE_LOOP('',(#1838));
#5948=EDGE_LOOP('',(#1839));
#5949=EDGE_LOOP('',(#1840));
#5950=EDGE_LOOP('',(#1841));
#5951=EDGE_LOOP('',(#1842));
#5952=EDGE_LOOP('',(#1843));
#5953=EDGE_LOOP('',(#1844));
#5954=EDGE_LOOP('',(#1845));
#5955=EDGE_LOOP('',(#1846));
#5956=EDGE_LOOP('',(#1847));
#5957=EDGE_LOOP('',(#1848));
#5958=EDGE_LOOP('',(#1849));
#5959=EDGE_LOOP('',(#1850));
#5960=EDGE_LOOP('',(#1851));
#5961=EDGE_LOOP('',(#1852));
#5962=EDGE_LOOP('',(#1853));
#5963=EDGE_LOOP('',(#1854));
#5964=EDGE_LOOP('',(#1855));
#5965=EDGE_LOOP('',(#1856));
#5966=EDGE_LOOP('',(#1857));
#5967=EDGE_LOOP('',(#1858));
#5968=EDGE_LOOP('',(#1859));
#5969=EDGE_LOOP('',(#1860));
#5970=EDGE_LOOP('',(#1861));
#5971=EDGE_LOOP('',(#1862));
#5972=EDGE_LOOP('',(#1863));
#5973=EDGE_LOOP('',(#1864));
#5974=EDGE_LOOP('',(#1865));
#5975=EDGE_LOOP('',(#1866));
#5976=EDGE_LOOP('',(#1867));
#5977=EDGE_LOOP('',(#1868));
#5978=EDGE_LOOP('',(#1869));
#5979=EDGE_LOOP('',(#1870));
#5980=EDGE_LOOP('',(#1871));
#5981=EDGE_LOOP('',(#1872));
#5982=EDGE_LOOP('',(#1873));
#5983=EDGE_LOOP('',(#1874,#1875,#1876,#1877));
#5984=EDGE_LOOP('',(#1878,#1879,#1880,#1881,#1882,#1883));
#5985=EDGE_LOOP('',(#1884,#1885,#1886,#1887,#1888,#1889));
#5986=EDGE_LOOP('',(#1890,#1891,#1892,#1893,#1894,#1895));
#5987=EDGE_LOOP('',(#1896,#1897,#1898,#1899,#1900,#1901));
#5988=EDGE_LOOP('',(#1902,#1903,#1904,#1905,#1906));
#5989=EDGE_LOOP('',(#1907,#1908,#1909));
#5990=EDGE_LOOP('',(#1910,#1911,#1912,#1913,#1914));
#5991=EDGE_LOOP('',(#1915,#1916,#1917,#1918));
#5992=EDGE_LOOP('',(#1919,#1920,#1921,#1922));
#5993=EDGE_LOOP('',(#1923,#1924,#1925,#1926,#1927));
#5994=EDGE_LOOP('',(#1928,#1929,#1930));
#5995=EDGE_LOOP('',(#1931,#1932,#1933));
#5996=EDGE_LOOP('',(#1934,#1935,#1936,#1937));
#5997=EDGE_LOOP('',(#1938,#1939,#1940,#1941));
#5998=EDGE_LOOP('',(#1942,#1943,#1944));
#5999=EDGE_LOOP('',(#1945,#1946,#1947,#1948,#1949));
#6000=EDGE_LOOP('',(#1950));
#6001=EDGE_LOOP('',(#1951));
#6002=EDGE_LOOP('',(#1952));
#6003=EDGE_LOOP('',(#1953));
#6004=EDGE_LOOP('',(#1954));
#6005=EDGE_LOOP('',(#1955));
#6006=EDGE_LOOP('',(#1956));
#6007=EDGE_LOOP('',(#1957));
#6008=EDGE_LOOP('',(#1958));
#6009=EDGE_LOOP('',(#1959));
#6010=EDGE_LOOP('',(#1960));
#6011=EDGE_LOOP('',(#1961));
#6012=EDGE_LOOP('',(#1962));
#6013=EDGE_LOOP('',(#1963));
#6014=EDGE_LOOP('',(#1964));
#6015=EDGE_LOOP('',(#1965));
#6016=EDGE_LOOP('',(#1966));
#6017=EDGE_LOOP('',(#1967));
#6018=EDGE_LOOP('',(#1968));
#6019=EDGE_LOOP('',(#1969));
#6020=EDGE_LOOP('',(#1970));
#6021=EDGE_LOOP('',(#1971));
#6022=EDGE_LOOP('',(#1972));
#6023=EDGE_LOOP('',(#1973));
#6024=EDGE_LOOP('',(#1974));
#6025=EDGE_LOOP('',(#1975));
#6026=EDGE_LOOP('',(#1976));
#6027=EDGE_LOOP('',(#1977));
#6028=EDGE_LOOP('',(#1978));
#6029=EDGE_LOOP('',(#1979));
#6030=EDGE_LOOP('',(#1980));
#6031=EDGE_LOOP('',(#1981));
#6032=EDGE_LOOP('',(#1982));
#6033=EDGE_LOOP('',(#1983));
#6034=EDGE_LOOP('',(#1984));
#6035=EDGE_LOOP('',(#1985));
#6036=EDGE_LOOP('',(#1986));
#6037=EDGE_LOOP('',(#1987));
#6038=EDGE_LOOP('',(#1988));
#6039=EDGE_LOOP('',(#1989));
#6040=EDGE_LOOP('',(#1990));
#6041=EDGE_LOOP('',(#1991));
#6042=EDGE_LOOP('',(#1992));
#6043=EDGE_LOOP('',(#1993));
#6044=EDGE_LOOP('',(#1994));
#6045=EDGE_LOOP('',(#1995));
#6046=EDGE_LOOP('',(#1996));
#6047=EDGE_LOOP('',(#1997));
#6048=EDGE_LOOP('',(#1998));
#6049=EDGE_LOOP('',(#1999));
#6050=EDGE_LOOP('',(#2000));
#6051=EDGE_LOOP('',(#2001));
#6052=EDGE_LOOP('',(#2002));
#6053=EDGE_LOOP('',(#2003));
#6054=EDGE_LOOP('',(#2004));
#6055=EDGE_LOOP('',(#2005));
#6056=EDGE_LOOP('',(#2006));
#6057=EDGE_LOOP('',(#2007));
#6058=EDGE_LOOP('',(#2008));
#6059=EDGE_LOOP('',(#2009));
#6060=EDGE_LOOP('',(#2010));
#6061=EDGE_LOOP('',(#2011));
#6062=EDGE_LOOP('',(#2012));
#6063=EDGE_LOOP('',(#2013));
#6064=EDGE_LOOP('',(#2014));
#6065=EDGE_LOOP('',(#2015));
#6066=EDGE_LOOP('',(#2016));
#6067=EDGE_LOOP('',(#2017));
#6068=EDGE_LOOP('',(#2018));
#6069=EDGE_LOOP('',(#2019));
#6070=EDGE_LOOP('',(#2020));
#6071=EDGE_LOOP('',(#2021));
#6072=EDGE_LOOP('',(#2022));
#6073=EDGE_LOOP('',(#2023));
#6074=EDGE_LOOP('',(#2024));
#6075=EDGE_LOOP('',(#2025));
#6076=EDGE_LOOP('',(#2026));
#6077=EDGE_LOOP('',(#2027));
#6078=EDGE_LOOP('',(#2028));
#6079=EDGE_LOOP('',(#2029));
#6080=EDGE_LOOP('',(#2030));
#6081=EDGE_LOOP('',(#2031));
#6082=EDGE_LOOP('',(#2032));
#6083=EDGE_LOOP('',(#2033));
#6084=EDGE_LOOP('',(#2034));
#6085=EDGE_LOOP('',(#2035));
#6086=EDGE_LOOP('',(#2036));
#6087=EDGE_LOOP('',(#2037));
#6088=EDGE_LOOP('',(#2038));
#6089=EDGE_LOOP('',(#2039));
#6090=EDGE_LOOP('',(#2040));
#6091=EDGE_LOOP('',(#2041));
#6092=EDGE_LOOP('',(#2042));
#6093=EDGE_LOOP('',(#2043));
#6094=EDGE_LOOP('',(#2044));
#6095=EDGE_LOOP('',(#2045));
#6096=EDGE_LOOP('',(#2046));
#6097=EDGE_LOOP('',(#2047));
#6098=EDGE_LOOP('',(#2048));
#6099=EDGE_LOOP('',(#2049));
#6100=EDGE_LOOP('',(#2050));
#6101=EDGE_LOOP('',(#2051));
#6102=EDGE_LOOP('',(#2052));
#6103=EDGE_LOOP('',(#2053));
#6104=EDGE_LOOP('',(#2054));
#6105=EDGE_LOOP('',(#2055));
#6106=EDGE_LOOP('',(#2056));
#6107=EDGE_LOOP('',(#2057));
#6108=EDGE_LOOP('',(#2058));
#6109=EDGE_LOOP('',(#2059));
#6110=EDGE_LOOP('',(#2060));
#6111=EDGE_LOOP('',(#2061));
#6112=EDGE_LOOP('',(#2062));
#6113=EDGE_LOOP('',(#2063));
#6114=EDGE_LOOP('',(#2064));
#6115=EDGE_LOOP('',(#2065));
#6116=EDGE_LOOP('',(#2066));
#6117=EDGE_LOOP('',(#2067));
#6118=EDGE_LOOP('',(#2068));
#6119=EDGE_LOOP('',(#2069));
#6120=EDGE_LOOP('',(#2070));
#6121=EDGE_LOOP('',(#2071));
#6122=EDGE_LOOP('',(#2072));
#6123=EDGE_LOOP('',(#2073));
#6124=EDGE_LOOP('',(#2074));
#6125=EDGE_LOOP('',(#2075));
#6126=EDGE_LOOP('',(#2076));
#6127=EDGE_LOOP('',(#2077));
#6128=EDGE_LOOP('',(#2078));
#6129=EDGE_LOOP('',(#2079));
#6130=EDGE_LOOP('',(#2080));
#6131=EDGE_LOOP('',(#2081));
#6132=EDGE_LOOP('',(#2082));
#6133=EDGE_LOOP('',(#2083));
#6134=EDGE_LOOP('',(#2084));
#6135=EDGE_LOOP('',(#2085));
#6136=EDGE_LOOP('',(#2086));
#6137=EDGE_LOOP('',(#2087));
#6138=EDGE_LOOP('',(#2088));
#6139=EDGE_LOOP('',(#2089));
#6140=EDGE_LOOP('',(#2090));
#6141=EDGE_LOOP('',(#2091));
#6142=EDGE_LOOP('',(#2092));
#6143=EDGE_LOOP('',(#2093));
#6144=EDGE_LOOP('',(#2094));
#6145=EDGE_LOOP('',(#2095));
#6146=EDGE_LOOP('',(#2096));
#6147=EDGE_LOOP('',(#2097));
#6148=EDGE_LOOP('',(#2098));
#6149=EDGE_LOOP('',(#2099));
#6150=EDGE_LOOP('',(#2100));
#6151=EDGE_LOOP('',(#2101));
#6152=EDGE_LOOP('',(#2102));
#6153=EDGE_LOOP('',(#2103));
#6154=EDGE_LOOP('',(#2104));
#6155=EDGE_LOOP('',(#2105));
#6156=EDGE_LOOP('',(#2106));
#6157=EDGE_LOOP('',(#2107));
#6158=EDGE_LOOP('',(#2108));
#6159=EDGE_LOOP('',(#2109));
#6160=EDGE_LOOP('',(#2110));
#6161=EDGE_LOOP('',(#2111));
#6162=EDGE_LOOP('',(#2112));
#6163=EDGE_LOOP('',(#2113));
#6164=EDGE_LOOP('',(#2114));
#6165=EDGE_LOOP('',(#2115));
#6166=EDGE_LOOP('',(#2116));
#6167=EDGE_LOOP('',(#2117));
#6168=EDGE_LOOP('',(#2118));
#6169=EDGE_LOOP('',(#2119));
#6170=EDGE_LOOP('',(#2120));
#6171=EDGE_LOOP('',(#2121));
#6172=EDGE_LOOP('',(#2122));
#6173=EDGE_LOOP('',(#2123));
#6174=EDGE_LOOP('',(#2124));
#6175=EDGE_LOOP('',(#2125));
#6176=EDGE_LOOP('',(#2126));
#6177=EDGE_LOOP('',(#2127));
#6178=EDGE_LOOP('',(#2128));
#6179=EDGE_LOOP('',(#2129));
#6180=EDGE_LOOP('',(#2130));
#6181=EDGE_LOOP('',(#2131));
#6182=EDGE_LOOP('',(#2132));
#6183=EDGE_LOOP('',(#2133));
#6184=EDGE_LOOP('',(#2134));
#6185=EDGE_LOOP('',(#2135));
#6186=EDGE_LOOP('',(#2136));
#6187=EDGE_LOOP('',(#2137));
#6188=EDGE_LOOP('',(#2138));
#6189=EDGE_LOOP('',(#2139));
#6190=EDGE_LOOP('',(#2140));
#6191=EDGE_LOOP('',(#2141));
#6192=EDGE_LOOP('',(#2142));
#6193=EDGE_LOOP('',(#2143));
#6194=EDGE_LOOP('',(#2144));
#6195=EDGE_LOOP('',(#2145));
#6196=EDGE_LOOP('',(#2146));
#6197=EDGE_LOOP('',(#2147));
#6198=EDGE_LOOP('',(#2148));
#6199=EDGE_LOOP('',(#2149));
#6200=EDGE_LOOP('',(#2150));
#6201=EDGE_LOOP('',(#2151));
#6202=EDGE_LOOP('',(#2152));
#6203=EDGE_LOOP('',(#2153));
#6204=EDGE_LOOP('',(#2154));
#6205=EDGE_LOOP('',(#2155));
#6206=EDGE_LOOP('',(#2156));
#6207=EDGE_LOOP('',(#2157));
#6208=EDGE_LOOP('',(#2158));
#6209=EDGE_LOOP('',(#2159));
#6210=EDGE_LOOP('',(#2160));
#6211=EDGE_LOOP('',(#2161));
#6212=EDGE_LOOP('',(#2162));
#6213=EDGE_LOOP('',(#2163));
#6214=EDGE_LOOP('',(#2164));
#6215=EDGE_LOOP('',(#2165));
#6216=EDGE_LOOP('',(#2166));
#6217=EDGE_LOOP('',(#2167));
#6218=EDGE_LOOP('',(#2168));
#6219=EDGE_LOOP('',(#2169));
#6220=EDGE_LOOP('',(#2170));
#6221=EDGE_LOOP('',(#2171));
#6222=EDGE_LOOP('',(#2172));
#6223=EDGE_LOOP('',(#2173));
#6224=EDGE_LOOP('',(#2174));
#6225=EDGE_LOOP('',(#2175));
#6226=EDGE_LOOP('',(#2176));
#6227=EDGE_LOOP('',(#2177));
#6228=EDGE_LOOP('',(#2178));
#6229=EDGE_LOOP('',(#2179));
#6230=EDGE_LOOP('',(#2180));
#6231=EDGE_LOOP('',(#2181));
#6232=EDGE_LOOP('',(#2182));
#6233=EDGE_LOOP('',(#2183));
#6234=EDGE_LOOP('',(#2184));
#6235=EDGE_LOOP('',(#2185));
#6236=EDGE_LOOP('',(#2186));
#6237=EDGE_LOOP('',(#2187));
#6238=EDGE_LOOP('',(#2188));
#6239=EDGE_LOOP('',(#2189));
#6240=EDGE_LOOP('',(#2190));
#6241=EDGE_LOOP('',(#2191));
#6242=EDGE_LOOP('',(#2192));
#6243=EDGE_LOOP('',(#2193));
#6244=EDGE_LOOP('',(#2194));
#6245=EDGE_LOOP('',(#2195));
#6246=EDGE_LOOP('',(#2196));
#6247=EDGE_LOOP('',(#2197));
#6248=EDGE_LOOP('',(#2198));
#6249=EDGE_LOOP('',(#2199));
#6250=EDGE_LOOP('',(#2200));
#6251=EDGE_LOOP('',(#2201));
#6252=EDGE_LOOP('',(#2202));
#6253=EDGE_LOOP('',(#2203));
#6254=EDGE_LOOP('',(#2204));
#6255=EDGE_LOOP('',(#2205));
#6256=EDGE_LOOP('',(#2206));
#6257=EDGE_LOOP('',(#2207));
#6258=EDGE_LOOP('',(#2208));
#6259=EDGE_LOOP('',(#2209));
#6260=EDGE_LOOP('',(#2210));
#6261=EDGE_LOOP('',(#2211));
#6262=EDGE_LOOP('',(#2212));
#6263=EDGE_LOOP('',(#2213));
#6264=EDGE_LOOP('',(#2214));
#6265=EDGE_LOOP('',(#2215));
#6266=EDGE_LOOP('',(#2216));
#6267=EDGE_LOOP('',(#2217));
#6268=EDGE_LOOP('',(#2218));
#6269=EDGE_LOOP('',(#2219));
#6270=EDGE_LOOP('',(#2220));
#6271=EDGE_LOOP('',(#2221));
#6272=EDGE_LOOP('',(#2222));
#6273=EDGE_LOOP('',(#2223));
#6274=EDGE_LOOP('',(#2224));
#6275=EDGE_LOOP('',(#2225));
#6276=EDGE_LOOP('',(#2226));
#6277=EDGE_LOOP('',(#2227));
#6278=EDGE_LOOP('',(#2228));
#6279=EDGE_LOOP('',(#2229));
#6280=EDGE_LOOP('',(#2230));
#6281=EDGE_LOOP('',(#2231));
#6282=EDGE_LOOP('',(#2232));
#6283=EDGE_LOOP('',(#2233));
#6284=EDGE_LOOP('',(#2234));
#6285=EDGE_LOOP('',(#2235));
#6286=EDGE_LOOP('',(#2236));
#6287=EDGE_LOOP('',(#2237));
#6288=EDGE_LOOP('',(#2238));
#6289=EDGE_LOOP('',(#2239));
#6290=EDGE_LOOP('',(#2240));
#6291=EDGE_LOOP('',(#2241));
#6292=EDGE_LOOP('',(#2242));
#6293=EDGE_LOOP('',(#2243));
#6294=EDGE_LOOP('',(#2244));
#6295=EDGE_LOOP('',(#2245));
#6296=EDGE_LOOP('',(#2246));
#6297=EDGE_LOOP('',(#2247));
#6298=EDGE_LOOP('',(#2248));
#6299=EDGE_LOOP('',(#2249));
#6300=EDGE_LOOP('',(#2250));
#6301=EDGE_LOOP('',(#2251));
#6302=EDGE_LOOP('',(#2252));
#6303=EDGE_LOOP('',(#2253));
#6304=EDGE_LOOP('',(#2254));
#6305=EDGE_LOOP('',(#2255));
#6306=EDGE_LOOP('',(#2256));
#6307=EDGE_LOOP('',(#2257));
#6308=EDGE_LOOP('',(#2258));
#6309=EDGE_LOOP('',(#2259));
#6310=EDGE_LOOP('',(#2260));
#6311=EDGE_LOOP('',(#2261));
#6312=EDGE_LOOP('',(#2262));
#6313=EDGE_LOOP('',(#2263));
#6314=EDGE_LOOP('',(#2264));
#6315=EDGE_LOOP('',(#2265));
#6316=EDGE_LOOP('',(#2266));
#6317=EDGE_LOOP('',(#2267));
#6318=EDGE_LOOP('',(#2268));
#6319=EDGE_LOOP('',(#2269));
#6320=EDGE_LOOP('',(#2270));
#6321=EDGE_LOOP('',(#2271));
#6322=EDGE_LOOP('',(#2272));
#6323=EDGE_LOOP('',(#2273));
#6324=EDGE_LOOP('',(#2274));
#6325=EDGE_LOOP('',(#2275));
#6326=EDGE_LOOP('',(#2276));
#6327=EDGE_LOOP('',(#2277));
#6328=EDGE_LOOP('',(#2278));
#6329=EDGE_LOOP('',(#2279));
#6330=EDGE_LOOP('',(#2280));
#6331=EDGE_LOOP('',(#2281));
#6332=EDGE_LOOP('',(#2282));
#6333=EDGE_LOOP('',(#2283));
#6334=EDGE_LOOP('',(#2284));
#6335=EDGE_LOOP('',(#2285));
#6336=EDGE_LOOP('',(#2286));
#6337=EDGE_LOOP('',(#2287));
#6338=EDGE_LOOP('',(#2288));
#6339=EDGE_LOOP('',(#2289));
#6340=EDGE_LOOP('',(#2290));
#6341=EDGE_LOOP('',(#2291));
#6342=EDGE_LOOP('',(#2292));
#6343=EDGE_LOOP('',(#2293));
#6344=EDGE_LOOP('',(#2294));
#6345=EDGE_LOOP('',(#2295));
#6346=EDGE_LOOP('',(#2296));
#6347=EDGE_LOOP('',(#2297));
#6348=EDGE_LOOP('',(#2298));
#6349=EDGE_LOOP('',(#2299));
#6350=EDGE_LOOP('',(#2300));
#6351=EDGE_LOOP('',(#2301));
#6352=EDGE_LOOP('',(#2302));
#6353=EDGE_LOOP('',(#2303));
#6354=EDGE_LOOP('',(#2304));
#6355=EDGE_LOOP('',(#2305));
#6356=EDGE_LOOP('',(#2306));
#6357=EDGE_LOOP('',(#2307));
#6358=EDGE_LOOP('',(#2308));
#6359=EDGE_LOOP('',(#2309));
#6360=EDGE_LOOP('',(#2310));
#6361=EDGE_LOOP('',(#2311));
#6362=EDGE_LOOP('',(#2312));
#6363=EDGE_LOOP('',(#2313));
#6364=EDGE_LOOP('',(#2314));
#6365=EDGE_LOOP('',(#2315));
#6366=EDGE_LOOP('',(#2316));
#6367=EDGE_LOOP('',(#2317));
#6368=EDGE_LOOP('',(#2318));
#6369=EDGE_LOOP('',(#2319));
#6370=EDGE_LOOP('',(#2320));
#6371=EDGE_LOOP('',(#2321));
#6372=EDGE_LOOP('',(#2322));
#6373=EDGE_LOOP('',(#2323));
#6374=EDGE_LOOP('',(#2324));
#6375=EDGE_LOOP('',(#2325));
#6376=EDGE_LOOP('',(#2326));
#6377=EDGE_LOOP('',(#2327));
#6378=EDGE_LOOP('',(#2328));
#6379=EDGE_LOOP('',(#2329));
#6380=EDGE_LOOP('',(#2330));
#6381=EDGE_LOOP('',(#2331));
#6382=EDGE_LOOP('',(#2332));
#6383=EDGE_LOOP('',(#2333));
#6384=EDGE_LOOP('',(#2334));
#6385=EDGE_LOOP('',(#2335));
#6386=EDGE_LOOP('',(#2336));
#6387=EDGE_LOOP('',(#2337));
#6388=EDGE_LOOP('',(#2338));
#6389=EDGE_LOOP('',(#2339));
#6390=EDGE_LOOP('',(#2340));
#6391=EDGE_LOOP('',(#2341));
#6392=EDGE_LOOP('',(#2342));
#6393=EDGE_LOOP('',(#2343));
#6394=EDGE_LOOP('',(#2344));
#6395=EDGE_LOOP('',(#2345));
#6396=EDGE_LOOP('',(#2346));
#6397=EDGE_LOOP('',(#2347));
#6398=EDGE_LOOP('',(#2348));
#6399=EDGE_LOOP('',(#2349));
#6400=EDGE_LOOP('',(#2350));
#6401=EDGE_LOOP('',(#2351));
#6402=EDGE_LOOP('',(#2352));
#6403=EDGE_LOOP('',(#2353));
#6404=EDGE_LOOP('',(#2354));
#6405=EDGE_LOOP('',(#2355));
#6406=EDGE_LOOP('',(#2356));
#6407=EDGE_LOOP('',(#2357));
#6408=EDGE_LOOP('',(#2358));
#6409=EDGE_LOOP('',(#2359));
#6410=EDGE_LOOP('',(#2360));
#6411=EDGE_LOOP('',(#2361));
#6412=EDGE_LOOP('',(#2362));
#6413=EDGE_LOOP('',(#2363));
#6414=EDGE_LOOP('',(#2364));
#6415=EDGE_LOOP('',(#2365));
#6416=EDGE_LOOP('',(#2366));
#6417=EDGE_LOOP('',(#2367));
#6418=EDGE_LOOP('',(#2368));
#6419=EDGE_LOOP('',(#2369));
#6420=EDGE_LOOP('',(#2370));
#6421=EDGE_LOOP('',(#2371));
#6422=EDGE_LOOP('',(#2372));
#6423=EDGE_LOOP('',(#2373));
#6424=EDGE_LOOP('',(#2374));
#6425=EDGE_LOOP('',(#2375));
#6426=EDGE_LOOP('',(#2376));
#6427=EDGE_LOOP('',(#2377));
#6428=EDGE_LOOP('',(#2378));
#6429=EDGE_LOOP('',(#2379));
#6430=EDGE_LOOP('',(#2380));
#6431=EDGE_LOOP('',(#2381));
#6432=EDGE_LOOP('',(#2382));
#6433=EDGE_LOOP('',(#2383));
#6434=EDGE_LOOP('',(#2384));
#6435=EDGE_LOOP('',(#2385));
#6436=EDGE_LOOP('',(#2386));
#6437=EDGE_LOOP('',(#2387));
#6438=EDGE_LOOP('',(#2388));
#6439=EDGE_LOOP('',(#2389));
#6440=EDGE_LOOP('',(#2390));
#6441=EDGE_LOOP('',(#2391));
#6442=EDGE_LOOP('',(#2392));
#6443=EDGE_LOOP('',(#2393));
#6444=EDGE_LOOP('',(#2394));
#6445=EDGE_LOOP('',(#2395));
#6446=EDGE_LOOP('',(#2396));
#6447=EDGE_LOOP('',(#2397));
#6448=EDGE_LOOP('',(#2398));
#6449=EDGE_LOOP('',(#2399));
#6450=EDGE_LOOP('',(#2400));
#6451=EDGE_LOOP('',(#2401));
#6452=EDGE_LOOP('',(#2402));
#6453=EDGE_LOOP('',(#2403));
#6454=EDGE_LOOP('',(#2404));
#6455=EDGE_LOOP('',(#2405));
#6456=EDGE_LOOP('',(#2406));
#6457=EDGE_LOOP('',(#2407));
#6458=EDGE_LOOP('',(#2408));
#6459=EDGE_LOOP('',(#2409));
#6460=EDGE_LOOP('',(#2410));
#6461=EDGE_LOOP('',(#2411));
#6462=EDGE_LOOP('',(#2412));
#6463=EDGE_LOOP('',(#2413));
#6464=EDGE_LOOP('',(#2414));
#6465=EDGE_LOOP('',(#2415));
#6466=EDGE_LOOP('',(#2416));
#6467=EDGE_LOOP('',(#2417));
#6468=EDGE_LOOP('',(#2418));
#6469=EDGE_LOOP('',(#2419));
#6470=EDGE_LOOP('',(#2420));
#6471=EDGE_LOOP('',(#2421));
#6472=EDGE_LOOP('',(#2422));
#6473=EDGE_LOOP('',(#2423));
#6474=EDGE_LOOP('',(#2424));
#6475=EDGE_LOOP('',(#2425));
#6476=EDGE_LOOP('',(#2426));
#6477=EDGE_LOOP('',(#2427));
#6478=EDGE_LOOP('',(#2428));
#6479=EDGE_LOOP('',(#2429));
#6480=EDGE_LOOP('',(#2430));
#6481=EDGE_LOOP('',(#2431));
#6482=EDGE_LOOP('',(#2432));
#6483=EDGE_LOOP('',(#2433));
#6484=EDGE_LOOP('',(#2434));
#6485=EDGE_LOOP('',(#2435));
#6486=EDGE_LOOP('',(#2436));
#6487=EDGE_LOOP('',(#2437));
#6488=EDGE_LOOP('',(#2438));
#6489=EDGE_LOOP('',(#2439));
#6490=EDGE_LOOP('',(#2440));
#6491=EDGE_LOOP('',(#2441));
#6492=EDGE_LOOP('',(#2442));
#6493=EDGE_LOOP('',(#2443));
#6494=EDGE_LOOP('',(#2444));
#6495=EDGE_LOOP('',(#2445));
#6496=EDGE_LOOP('',(#2446));
#6497=EDGE_LOOP('',(#2447));
#6498=EDGE_LOOP('',(#2448));
#6499=EDGE_LOOP('',(#2449));
#6500=EDGE_LOOP('',(#2450));
#6501=EDGE_LOOP('',(#2451));
#6502=EDGE_LOOP('',(#2452));
#6503=EDGE_LOOP('',(#2453));
#6504=EDGE_LOOP('',(#2454));
#6505=EDGE_LOOP('',(#2455));
#6506=EDGE_LOOP('',(#2456));
#6507=EDGE_LOOP('',(#2457));
#6508=EDGE_LOOP('',(#2458));
#6509=EDGE_LOOP('',(#2459));
#6510=EDGE_LOOP('',(#2460));
#6511=EDGE_LOOP('',(#2461));
#6512=EDGE_LOOP('',(#2462));
#6513=EDGE_LOOP('',(#2463));
#6514=EDGE_LOOP('',(#2464));
#6515=EDGE_LOOP('',(#2465));
#6516=EDGE_LOOP('',(#2466));
#6517=EDGE_LOOP('',(#2467));
#6518=EDGE_LOOP('',(#2468));
#6519=EDGE_LOOP('',(#2469));
#6520=EDGE_LOOP('',(#2470));
#6521=EDGE_LOOP('',(#2471));
#6522=EDGE_LOOP('',(#2472));
#6523=EDGE_LOOP('',(#2473));
#6524=EDGE_LOOP('',(#2474));
#6525=EDGE_LOOP('',(#2475));
#6526=EDGE_LOOP('',(#2476));
#6527=EDGE_LOOP('',(#2477));
#6528=EDGE_LOOP('',(#2478));
#6529=EDGE_LOOP('',(#2479));
#6530=EDGE_LOOP('',(#2480));
#6531=EDGE_LOOP('',(#2481));
#6532=EDGE_LOOP('',(#2482));
#6533=EDGE_LOOP('',(#2483));
#6534=EDGE_LOOP('',(#2484));
#6535=EDGE_LOOP('',(#2485));
#6536=EDGE_LOOP('',(#2486));
#6537=EDGE_LOOP('',(#2487));
#6538=EDGE_LOOP('',(#2488));
#6539=EDGE_LOOP('',(#2489));
#6540=EDGE_LOOP('',(#2490));
#6541=EDGE_LOOP('',(#2491));
#6542=EDGE_LOOP('',(#2492));
#6543=EDGE_LOOP('',(#2493));
#6544=EDGE_LOOP('',(#2494));
#6545=EDGE_LOOP('',(#2495));
#6546=EDGE_LOOP('',(#2496));
#6547=EDGE_LOOP('',(#2497));
#6548=EDGE_LOOP('',(#2498));
#6549=EDGE_LOOP('',(#2499));
#6550=EDGE_LOOP('',(#2500));
#6551=EDGE_LOOP('',(#2501));
#6552=EDGE_LOOP('',(#2502));
#6553=EDGE_LOOP('',(#2503));
#6554=EDGE_LOOP('',(#2504));
#6555=EDGE_LOOP('',(#2505));
#6556=EDGE_LOOP('',(#2506));
#6557=EDGE_LOOP('',(#2507));
#6558=EDGE_LOOP('',(#2508));
#6559=EDGE_LOOP('',(#2509));
#6560=EDGE_LOOP('',(#2510));
#6561=EDGE_LOOP('',(#2511));
#6562=EDGE_LOOP('',(#2512));
#6563=EDGE_LOOP('',(#2513));
#6564=EDGE_LOOP('',(#2514));
#6565=EDGE_LOOP('',(#2515));
#6566=EDGE_LOOP('',(#2516));
#6567=EDGE_LOOP('',(#2517));
#6568=EDGE_LOOP('',(#2518));
#6569=EDGE_LOOP('',(#2519));
#6570=EDGE_LOOP('',(#2520));
#6571=EDGE_LOOP('',(#2521));
#6572=EDGE_LOOP('',(#2522));
#6573=EDGE_LOOP('',(#2523));
#6574=EDGE_LOOP('',(#2524));
#6575=EDGE_LOOP('',(#2525));
#6576=EDGE_LOOP('',(#2526));
#6577=EDGE_LOOP('',(#2527));
#6578=EDGE_LOOP('',(#2528));
#6579=EDGE_LOOP('',(#2529));
#6580=EDGE_LOOP('',(#2530));
#6581=EDGE_LOOP('',(#2531));
#6582=EDGE_LOOP('',(#2532));
#6583=EDGE_LOOP('',(#2533));
#6584=EDGE_LOOP('',(#2534));
#6585=EDGE_LOOP('',(#2535));
#6586=EDGE_LOOP('',(#2536));
#6587=EDGE_LOOP('',(#2537));
#6588=EDGE_LOOP('',(#2538));
#6589=EDGE_LOOP('',(#2539));
#6590=EDGE_LOOP('',(#2540));
#6591=EDGE_LOOP('',(#2541));
#6592=EDGE_LOOP('',(#2542));
#6593=EDGE_LOOP('',(#2543));
#6594=EDGE_LOOP('',(#2544));
#6595=EDGE_LOOP('',(#2545));
#6596=EDGE_LOOP('',(#2546));
#6597=EDGE_LOOP('',(#2547));
#6598=EDGE_LOOP('',(#2548));
#6599=EDGE_LOOP('',(#2549));
#6600=EDGE_LOOP('',(#2550));
#6601=EDGE_LOOP('',(#2551));
#6602=EDGE_LOOP('',(#2552));
#6603=EDGE_LOOP('',(#2553));
#6604=EDGE_LOOP('',(#2554));
#6605=EDGE_LOOP('',(#2555));
#6606=EDGE_LOOP('',(#2556));
#6607=EDGE_LOOP('',(#2557));
#6608=EDGE_LOOP('',(#2558));
#6609=EDGE_LOOP('',(#2559));
#6610=EDGE_LOOP('',(#2560));
#6611=EDGE_LOOP('',(#2561));
#6612=EDGE_LOOP('',(#2562));
#6613=EDGE_LOOP('',(#2563));
#6614=EDGE_LOOP('',(#2564));
#6615=EDGE_LOOP('',(#2565));
#6616=EDGE_LOOP('',(#2566));
#6617=EDGE_LOOP('',(#2567));
#6618=EDGE_LOOP('',(#2568));
#6619=EDGE_LOOP('',(#2569));
#6620=EDGE_LOOP('',(#2570));
#6621=EDGE_LOOP('',(#2571));
#6622=EDGE_LOOP('',(#2572));
#6623=EDGE_LOOP('',(#2573));
#6624=EDGE_LOOP('',(#2574));
#6625=EDGE_LOOP('',(#2575));
#6626=EDGE_LOOP('',(#2576));
#6627=EDGE_LOOP('',(#2577));
#6628=EDGE_LOOP('',(#2578));
#6629=EDGE_LOOP('',(#2579));
#6630=EDGE_LOOP('',(#2580));
#6631=EDGE_LOOP('',(#2581));
#6632=EDGE_LOOP('',(#2582));
#6633=EDGE_LOOP('',(#2583));
#6634=EDGE_LOOP('',(#2584));
#6635=EDGE_LOOP('',(#2585));
#6636=EDGE_LOOP('',(#2586));
#6637=EDGE_LOOP('',(#2587));
#6638=EDGE_LOOP('',(#2588));
#6639=EDGE_LOOP('',(#2589));
#6640=EDGE_LOOP('',(#2590));
#6641=EDGE_LOOP('',(#2591));
#6642=EDGE_LOOP('',(#2592));
#6643=EDGE_LOOP('',(#2593));
#6644=EDGE_LOOP('',(#2594));
#6645=EDGE_LOOP('',(#2595));
#6646=EDGE_LOOP('',(#2596));
#6647=EDGE_LOOP('',(#2597));
#6648=EDGE_LOOP('',(#2598));
#6649=EDGE_LOOP('',(#2599));
#6650=EDGE_LOOP('',(#2600));
#6651=EDGE_LOOP('',(#2601));
#6652=EDGE_LOOP('',(#2602));
#6653=EDGE_LOOP('',(#2603));
#6654=EDGE_LOOP('',(#2604));
#6655=EDGE_LOOP('',(#2605));
#6656=EDGE_LOOP('',(#2606));
#6657=EDGE_LOOP('',(#2607));
#6658=EDGE_LOOP('',(#2608));
#6659=EDGE_LOOP('',(#2609));
#6660=EDGE_LOOP('',(#2610));
#6661=EDGE_LOOP('',(#2611));
#6662=EDGE_LOOP('',(#2612));
#6663=EDGE_LOOP('',(#2613));
#6664=EDGE_LOOP('',(#2614));
#6665=EDGE_LOOP('',(#2615));
#6666=EDGE_LOOP('',(#2616));
#6667=EDGE_LOOP('',(#2617));
#6668=EDGE_LOOP('',(#2618));
#6669=EDGE_LOOP('',(#2619));
#6670=EDGE_LOOP('',(#2620));
#6671=EDGE_LOOP('',(#2621));
#6672=EDGE_LOOP('',(#2622));
#6673=EDGE_LOOP('',(#2623));
#6674=EDGE_LOOP('',(#2624));
#6675=EDGE_LOOP('',(#2625));
#6676=EDGE_LOOP('',(#2626));
#6677=EDGE_LOOP('',(#2627));
#6678=EDGE_LOOP('',(#2628));
#6679=EDGE_LOOP('',(#2629));
#6680=EDGE_LOOP('',(#2630));
#6681=EDGE_LOOP('',(#2631));
#6682=EDGE_LOOP('',(#2632));
#6683=EDGE_LOOP('',(#2633));
#6684=EDGE_LOOP('',(#2634));
#6685=EDGE_LOOP('',(#2635));
#6686=EDGE_LOOP('',(#2636));
#6687=EDGE_LOOP('',(#2637));
#6688=EDGE_LOOP('',(#2638));
#6689=EDGE_LOOP('',(#2639));
#6690=EDGE_LOOP('',(#2640));
#6691=EDGE_LOOP('',(#2641));
#6692=EDGE_LOOP('',(#2642));
#6693=EDGE_LOOP('',(#2643));
#6694=EDGE_LOOP('',(#2644));
#6695=EDGE_LOOP('',(#2645));
#6696=EDGE_LOOP('',(#2646));
#6697=EDGE_LOOP('',(#2647));
#6698=EDGE_LOOP('',(#2648));
#6699=EDGE_LOOP('',(#2649));
#6700=EDGE_LOOP('',(#2650));
#6701=EDGE_LOOP('',(#2651));
#6702=EDGE_LOOP('',(#2652));
#6703=EDGE_LOOP('',(#2653));
#6704=EDGE_LOOP('',(#2654));
#6705=EDGE_LOOP('',(#2655));
#6706=EDGE_LOOP('',(#2656));
#6707=EDGE_LOOP('',(#2657));
#6708=EDGE_LOOP('',(#2658));
#6709=EDGE_LOOP('',(#2659));
#6710=EDGE_LOOP('',(#2660));
#6711=EDGE_LOOP('',(#2661));
#6712=EDGE_LOOP('',(#2662));
#6713=EDGE_LOOP('',(#2663));
#6714=EDGE_LOOP('',(#2664));
#6715=EDGE_LOOP('',(#2665));
#6716=EDGE_LOOP('',(#2666));
#6717=EDGE_LOOP('',(#2667));
#6718=EDGE_LOOP('',(#2668));
#6719=EDGE_LOOP('',(#2669));
#6720=EDGE_LOOP('',(#2670));
#6721=EDGE_LOOP('',(#2671));
#6722=EDGE_LOOP('',(#2672));
#6723=EDGE_LOOP('',(#2673));
#6724=EDGE_LOOP('',(#2674));
#6725=EDGE_LOOP('',(#2675));
#6726=EDGE_LOOP('',(#2676));
#6727=EDGE_LOOP('',(#2677));
#6728=EDGE_LOOP('',(#2678));
#6729=EDGE_LOOP('',(#2679));
#6730=EDGE_LOOP('',(#2680));
#6731=EDGE_LOOP('',(#2681));
#6732=EDGE_LOOP('',(#2682));
#6733=EDGE_LOOP('',(#2683));
#6734=EDGE_LOOP('',(#2684));
#6735=EDGE_LOOP('',(#2685));
#6736=EDGE_LOOP('',(#2686));
#6737=EDGE_LOOP('',(#2687));
#6738=EDGE_LOOP('',(#2688));
#6739=EDGE_LOOP('',(#2689));
#6740=EDGE_LOOP('',(#2690));
#6741=EDGE_LOOP('',(#2691));
#6742=EDGE_LOOP('',(#2692));
#6743=EDGE_LOOP('',(#2693));
#6744=EDGE_LOOP('',(#2694));
#6745=EDGE_LOOP('',(#2695));
#6746=EDGE_LOOP('',(#2696));
#6747=EDGE_LOOP('',(#2697));
#6748=EDGE_LOOP('',(#2698));
#6749=EDGE_LOOP('',(#2699));
#6750=EDGE_LOOP('',(#2700));
#6751=EDGE_LOOP('',(#2701));
#6752=EDGE_LOOP('',(#2702));
#6753=EDGE_LOOP('',(#2703));
#6754=EDGE_LOOP('',(#2704));
#6755=EDGE_LOOP('',(#2705));
#6756=EDGE_LOOP('',(#2706));
#6757=EDGE_LOOP('',(#2707));
#6758=EDGE_LOOP('',(#2708));
#6759=EDGE_LOOP('',(#2709));
#6760=EDGE_LOOP('',(#2710));
#6761=EDGE_LOOP('',(#2711));
#6762=EDGE_LOOP('',(#2712));
#6763=EDGE_LOOP('',(#2713));
#6764=EDGE_LOOP('',(#2714));
#6765=EDGE_LOOP('',(#2715));
#6766=EDGE_LOOP('',(#2716));
#6767=EDGE_LOOP('',(#2717));
#6768=EDGE_LOOP('',(#2718));
#6769=EDGE_LOOP('',(#2719));
#6770=EDGE_LOOP('',(#2720));
#6771=EDGE_LOOP('',(#2721));
#6772=EDGE_LOOP('',(#2722));
#6773=EDGE_LOOP('',(#2723));
#6774=EDGE_LOOP('',(#2724));
#6775=EDGE_LOOP('',(#2725));
#6776=EDGE_LOOP('',(#2726));
#6777=EDGE_LOOP('',(#2727));
#6778=EDGE_LOOP('',(#2728));
#6779=EDGE_LOOP('',(#2729));
#6780=EDGE_LOOP('',(#2730));
#6781=EDGE_LOOP('',(#2731));
#6782=EDGE_LOOP('',(#2732));
#6783=EDGE_LOOP('',(#2733));
#6784=EDGE_LOOP('',(#2734));
#6785=EDGE_LOOP('',(#2735));
#6786=EDGE_LOOP('',(#2736));
#6787=EDGE_LOOP('',(#2737));
#6788=EDGE_LOOP('',(#2738));
#6789=EDGE_LOOP('',(#2739));
#6790=EDGE_LOOP('',(#2740));
#6791=EDGE_LOOP('',(#2741));
#6792=EDGE_LOOP('',(#2742));
#6793=EDGE_LOOP('',(#2743));
#6794=EDGE_LOOP('',(#2744));
#6795=EDGE_LOOP('',(#2745));
#6796=EDGE_LOOP('',(#2746));
#6797=EDGE_LOOP('',(#2747));
#6798=EDGE_LOOP('',(#2748));
#6799=EDGE_LOOP('',(#2749));
#6800=EDGE_LOOP('',(#2750));
#6801=EDGE_LOOP('',(#2751));
#6802=EDGE_LOOP('',(#2752));
#6803=EDGE_LOOP('',(#2753));
#6804=EDGE_LOOP('',(#2754));
#6805=EDGE_LOOP('',(#2755));
#6806=EDGE_LOOP('',(#2756));
#6807=EDGE_LOOP('',(#2757));
#6808=EDGE_LOOP('',(#2758));
#6809=EDGE_LOOP('',(#2759));
#6810=EDGE_LOOP('',(#2760));
#6811=EDGE_LOOP('',(#2761));
#6812=EDGE_LOOP('',(#2762));
#6813=EDGE_LOOP('',(#2763));
#6814=EDGE_LOOP('',(#2764));
#6815=EDGE_LOOP('',(#2765));
#6816=EDGE_LOOP('',(#2766));
#6817=EDGE_LOOP('',(#2767));
#6818=EDGE_LOOP('',(#2768));
#6819=EDGE_LOOP('',(#2769));
#6820=EDGE_LOOP('',(#2770));
#6821=EDGE_LOOP('',(#2771));
#6822=EDGE_LOOP('',(#2772));
#6823=EDGE_LOOP('',(#2773));
#6824=EDGE_LOOP('',(#2774));
#6825=EDGE_LOOP('',(#2775));
#6826=EDGE_LOOP('',(#2776));
#6827=EDGE_LOOP('',(#2777));
#6828=EDGE_LOOP('',(#2778));
#6829=EDGE_LOOP('',(#2779));
#6830=EDGE_LOOP('',(#2780));
#6831=EDGE_LOOP('',(#2781));
#6832=EDGE_LOOP('',(#2782));
#6833=EDGE_LOOP('',(#2783));
#6834=EDGE_LOOP('',(#2784));
#6835=EDGE_LOOP('',(#2785));
#6836=EDGE_LOOP('',(#2786));
#6837=EDGE_LOOP('',(#2787));
#6838=EDGE_LOOP('',(#2788));
#6839=EDGE_LOOP('',(#2789));
#6840=EDGE_LOOP('',(#2790));
#6841=EDGE_LOOP('',(#2791));
#6842=EDGE_LOOP('',(#2792));
#6843=EDGE_LOOP('',(#2793));
#6844=EDGE_LOOP('',(#2794));
#6845=EDGE_LOOP('',(#2795));
#6846=EDGE_LOOP('',(#2796));
#6847=EDGE_LOOP('',(#2797));
#6848=EDGE_LOOP('',(#2798));
#6849=EDGE_LOOP('',(#2799));
#6850=EDGE_LOOP('',(#2800));
#6851=EDGE_LOOP('',(#2801));
#6852=EDGE_LOOP('',(#2802));
#6853=EDGE_LOOP('',(#2803));
#6854=EDGE_LOOP('',(#2804));
#6855=EDGE_LOOP('',(#2805));
#6856=EDGE_LOOP('',(#2806));
#6857=EDGE_LOOP('',(#2807));
#6858=EDGE_LOOP('',(#2808));
#6859=EDGE_LOOP('',(#2809));
#6860=EDGE_LOOP('',(#2810));
#6861=EDGE_LOOP('',(#2811));
#6862=EDGE_LOOP('',(#2812));
#6863=EDGE_LOOP('',(#2813));
#6864=EDGE_LOOP('',(#2814));
#6865=EDGE_LOOP('',(#2815));
#6866=EDGE_LOOP('',(#2816));
#6867=EDGE_LOOP('',(#2817));
#6868=EDGE_LOOP('',(#2818));
#6869=EDGE_LOOP('',(#2819));
#6870=EDGE_LOOP('',(#2820));
#6871=EDGE_LOOP('',(#2821));
#6872=EDGE_LOOP('',(#2822));
#6873=EDGE_LOOP('',(#2823));
#6874=EDGE_LOOP('',(#2824));
#6875=EDGE_LOOP('',(#2825));
#6876=EDGE_LOOP('',(#2826));
#6877=EDGE_LOOP('',(#2827));
#6878=EDGE_LOOP('',(#2828));
#6879=EDGE_LOOP('',(#2829));
#6880=EDGE_LOOP('',(#2830));
#6881=EDGE_LOOP('',(#2831));
#6882=EDGE_LOOP('',(#2832));
#6883=EDGE_LOOP('',(#2833));
#6884=EDGE_LOOP('',(#2834));
#6885=EDGE_LOOP('',(#2835));
#6886=EDGE_LOOP('',(#2836));
#6887=EDGE_LOOP('',(#2837));
#6888=EDGE_LOOP('',(#2838));
#6889=EDGE_LOOP('',(#2839));
#6890=EDGE_LOOP('',(#2840));
#6891=EDGE_LOOP('',(#2841));
#6892=EDGE_LOOP('',(#2842));
#6893=EDGE_LOOP('',(#2843));
#6894=EDGE_LOOP('',(#2844));
#6895=EDGE_LOOP('',(#2845));
#6896=EDGE_LOOP('',(#2846));
#6897=EDGE_LOOP('',(#2847));
#6898=EDGE_LOOP('',(#2848));
#6899=EDGE_LOOP('',(#2849));
#6900=EDGE_LOOP('',(#2850));
#6901=EDGE_LOOP('',(#2851));
#6902=EDGE_LOOP('',(#2852));
#6903=EDGE_LOOP('',(#2853));
#6904=EDGE_LOOP('',(#2854));
#6905=EDGE_LOOP('',(#2855));
#6906=EDGE_LOOP('',(#2856));
#6907=EDGE_LOOP('',(#2857));
#6908=EDGE_LOOP('',(#2858));
#6909=EDGE_LOOP('',(#2859));
#6910=EDGE_LOOP('',(#2860));
#6911=EDGE_LOOP('',(#2861));
#6912=EDGE_LOOP('',(#2862));
#6913=EDGE_LOOP('',(#2863));
#6914=EDGE_LOOP('',(#2864));
#6915=EDGE_LOOP('',(#2865));
#6916=EDGE_LOOP('',(#2866));
#6917=EDGE_LOOP('',(#2867));
#6918=EDGE_LOOP('',(#2868));
#6919=EDGE_LOOP('',(#2869));
#6920=EDGE_LOOP('',(#2870));
#6921=EDGE_LOOP('',(#2871));
#6922=EDGE_LOOP('',(#2872));
#6923=EDGE_LOOP('',(#2873));
#6924=EDGE_LOOP('',(#2874));
#6925=EDGE_LOOP('',(#2875));
#6926=EDGE_LOOP('',(#2876));
#6927=EDGE_LOOP('',(#2877));
#6928=EDGE_LOOP('',(#2878));
#6929=EDGE_LOOP('',(#2879));
#6930=EDGE_LOOP('',(#2880));
#6931=EDGE_LOOP('',(#2881));
#6932=EDGE_LOOP('',(#2882));
#6933=EDGE_LOOP('',(#2883));
#6934=EDGE_LOOP('',(#2884));
#6935=EDGE_LOOP('',(#2885));
#6936=EDGE_LOOP('',(#2886));
#6937=EDGE_LOOP('',(#2887));
#6938=EDGE_LOOP('',(#2888));
#6939=EDGE_LOOP('',(#2889));
#6940=EDGE_LOOP('',(#2890));
#6941=EDGE_LOOP('',(#2891));
#6942=EDGE_LOOP('',(#2892));
#6943=EDGE_LOOP('',(#2893));
#6944=EDGE_LOOP('',(#2894));
#6945=EDGE_LOOP('',(#2895));
#6946=EDGE_LOOP('',(#2896));
#6947=EDGE_LOOP('',(#2897));
#6948=EDGE_LOOP('',(#2898));
#6949=EDGE_LOOP('',(#2899));
#6950=EDGE_LOOP('',(#2900));
#6951=EDGE_LOOP('',(#2901));
#6952=EDGE_LOOP('',(#2902));
#6953=EDGE_LOOP('',(#2903));
#6954=EDGE_LOOP('',(#2904));
#6955=EDGE_LOOP('',(#2905));
#6956=EDGE_LOOP('',(#2906));
#6957=EDGE_LOOP('',(#2907));
#6958=EDGE_LOOP('',(#2908));
#6959=EDGE_LOOP('',(#2909));
#6960=EDGE_LOOP('',(#2910));
#6961=EDGE_LOOP('',(#2911));
#6962=EDGE_LOOP('',(#2912));
#6963=EDGE_LOOP('',(#2913));
#6964=EDGE_LOOP('',(#2914));
#6965=EDGE_LOOP('',(#2915));
#6966=EDGE_LOOP('',(#2916));
#6967=EDGE_LOOP('',(#2917));
#6968=EDGE_LOOP('',(#2918));
#6969=EDGE_LOOP('',(#2919));
#6970=EDGE_LOOP('',(#2920));
#6971=EDGE_LOOP('',(#2921));
#6972=EDGE_LOOP('',(#2922));
#6973=EDGE_LOOP('',(#2923));
#6974=EDGE_LOOP('',(#2924));
#6975=EDGE_LOOP('',(#2925));
#6976=EDGE_LOOP('',(#2926));
#6977=EDGE_LOOP('',(#2927));
#6978=EDGE_LOOP('',(#2928));
#6979=EDGE_LOOP('',(#2929));
#6980=EDGE_LOOP('',(#2930));
#6981=EDGE_LOOP('',(#2931));
#6982=EDGE_LOOP('',(#2932));
#6983=EDGE_LOOP('',(#2933));
#6984=EDGE_LOOP('',(#2934));
#6985=EDGE_LOOP('',(#2935));
#6986=EDGE_LOOP('',(#2936));
#6987=EDGE_LOOP('',(#2937));
#6988=EDGE_LOOP('',(#2938));
#6989=EDGE_LOOP('',(#2939));
#6990=EDGE_LOOP('',(#2940));
#6991=EDGE_LOOP('',(#2941));
#6992=EDGE_LOOP('',(#2942));
#6993=EDGE_LOOP('',(#2943));
#6994=EDGE_LOOP('',(#2944));
#6995=EDGE_LOOP('',(#2945));
#6996=EDGE_LOOP('',(#2946));
#6997=EDGE_LOOP('',(#2947));
#6998=EDGE_LOOP('',(#2948));
#6999=EDGE_LOOP('',(#2949));
#7000=EDGE_LOOP('',(#2950));
#7001=EDGE_LOOP('',(#2951));
#7002=EDGE_LOOP('',(#2952));
#7003=EDGE_LOOP('',(#2953));
#7004=EDGE_LOOP('',(#2954));
#7005=EDGE_LOOP('',(#2955));
#7006=EDGE_LOOP('',(#2956));
#7007=EDGE_LOOP('',(#2957));
#7008=EDGE_LOOP('',(#2958));
#7009=EDGE_LOOP('',(#2959));
#7010=EDGE_LOOP('',(#2960));
#7011=EDGE_LOOP('',(#2961));
#7012=EDGE_LOOP('',(#2962));
#7013=EDGE_LOOP('',(#2963));
#7014=EDGE_LOOP('',(#2964));
#7015=EDGE_LOOP('',(#2965));
#7016=EDGE_LOOP('',(#2966));
#7017=EDGE_LOOP('',(#2967));
#7018=EDGE_LOOP('',(#2968));
#7019=EDGE_LOOP('',(#2969));
#7020=EDGE_LOOP('',(#2970));
#7021=EDGE_LOOP('',(#2971));
#7022=EDGE_LOOP('',(#2972));
#7023=EDGE_LOOP('',(#2973));
#7024=EDGE_LOOP('',(#2974));
#7025=EDGE_LOOP('',(#2975));
#7026=EDGE_LOOP('',(#2976));
#7027=EDGE_LOOP('',(#2977));
#7028=EDGE_LOOP('',(#2978));
#7029=EDGE_LOOP('',(#2979));
#7030=EDGE_LOOP('',(#2980));
#7031=EDGE_LOOP('',(#2981));
#7032=EDGE_LOOP('',(#2982));
#7033=EDGE_LOOP('',(#2983));
#7034=EDGE_LOOP('',(#2984));
#7035=EDGE_LOOP('',(#2985));
#7036=EDGE_LOOP('',(#2986));
#7037=EDGE_LOOP('',(#2987));
#7038=EDGE_LOOP('',(#2988));
#7039=EDGE_LOOP('',(#2989));
#7040=EDGE_LOOP('',(#2990));
#7041=EDGE_LOOP('',(#2991));
#7042=EDGE_LOOP('',(#2992));
#7043=EDGE_LOOP('',(#2993));
#7044=EDGE_LOOP('',(#2994));
#7045=EDGE_LOOP('',(#2995));
#7046=EDGE_LOOP('',(#2996));
#7047=EDGE_LOOP('',(#2997));
#7048=EDGE_LOOP('',(#2998));
#7049=EDGE_LOOP('',(#2999));
#7050=EDGE_LOOP('',(#3000));
#7051=EDGE_LOOP('',(#3001));
#7052=EDGE_LOOP('',(#3002));
#7053=EDGE_LOOP('',(#3003));
#7054=EDGE_LOOP('',(#3004));
#7055=EDGE_LOOP('',(#3005));
#7056=EDGE_LOOP('',(#3006));
#7057=EDGE_LOOP('',(#3007));
#7058=EDGE_LOOP('',(#3008));
#7059=EDGE_LOOP('',(#3009));
#7060=EDGE_LOOP('',(#3010));
#7061=EDGE_LOOP('',(#3011));
#7062=EDGE_LOOP('',(#3012));
#7063=EDGE_LOOP('',(#3013));
#7064=EDGE_LOOP('',(#3014));
#7065=EDGE_LOOP('',(#3015));
#7066=EDGE_LOOP('',(#3016));
#7067=EDGE_LOOP('',(#3017));
#7068=EDGE_LOOP('',(#3018));
#7069=EDGE_LOOP('',(#3019));
#7070=EDGE_LOOP('',(#3020));
#7071=EDGE_LOOP('',(#3021));
#7072=EDGE_LOOP('',(#3022));
#7073=EDGE_LOOP('',(#3023));
#7074=EDGE_LOOP('',(#3024));
#7075=EDGE_LOOP('',(#3025));
#7076=EDGE_LOOP('',(#3026));
#7077=EDGE_LOOP('',(#3027));
#7078=EDGE_LOOP('',(#3028));
#7079=EDGE_LOOP('',(#3029));
#7080=EDGE_LOOP('',(#3030));
#7081=EDGE_LOOP('',(#3031));
#7082=EDGE_LOOP('',(#3032));
#7083=EDGE_LOOP('',(#3033));
#7084=EDGE_LOOP('',(#3034));
#7085=EDGE_LOOP('',(#3035));
#7086=EDGE_LOOP('',(#3036));
#7087=EDGE_LOOP('',(#3037));
#7088=EDGE_LOOP('',(#3038));
#7089=EDGE_LOOP('',(#3039));
#7090=EDGE_LOOP('',(#3040));
#7091=EDGE_LOOP('',(#3041));
#7092=EDGE_LOOP('',(#3042));
#7093=EDGE_LOOP('',(#3043));
#7094=EDGE_LOOP('',(#3044));
#7095=EDGE_LOOP('',(#3045));
#7096=EDGE_LOOP('',(#3046));
#7097=EDGE_LOOP('',(#3047));
#7098=EDGE_LOOP('',(#3048));
#7099=EDGE_LOOP('',(#3049));
#7100=EDGE_LOOP('',(#3050));
#7101=EDGE_LOOP('',(#3051));
#7102=EDGE_LOOP('',(#3052));
#7103=EDGE_LOOP('',(#3053));
#7104=EDGE_LOOP('',(#3054));
#7105=EDGE_LOOP('',(#3055));
#7106=EDGE_LOOP('',(#3056));
#7107=EDGE_LOOP('',(#3057));
#7108=EDGE_LOOP('',(#3058));
#7109=EDGE_LOOP('',(#3059));
#7110=EDGE_LOOP('',(#3060));
#7111=EDGE_LOOP('',(#3061));
#7112=EDGE_LOOP('',(#3062));
#7113=EDGE_LOOP('',(#3063));
#7114=EDGE_LOOP('',(#3064));
#7115=EDGE_LOOP('',(#3065));
#7116=EDGE_LOOP('',(#3066));
#7117=EDGE_LOOP('',(#3067));
#7118=EDGE_LOOP('',(#3068));
#7119=EDGE_LOOP('',(#3069));
#7120=EDGE_LOOP('',(#3070));
#7121=EDGE_LOOP('',(#3071));
#7122=EDGE_LOOP('',(#3072));
#7123=EDGE_LOOP('',(#3073));
#7124=EDGE_LOOP('',(#3074));
#7125=EDGE_LOOP('',(#3075));
#7126=EDGE_LOOP('',(#3076));
#7127=EDGE_LOOP('',(#3077));
#7128=EDGE_LOOP('',(#3078));
#7129=EDGE_LOOP('',(#3079));
#7130=EDGE_LOOP('',(#3080));
#7131=EDGE_LOOP('',(#3081));
#7132=EDGE_LOOP('',(#3082));
#7133=EDGE_LOOP('',(#3083));
#7134=EDGE_LOOP('',(#3084));
#7135=EDGE_LOOP('',(#3085));
#7136=EDGE_LOOP('',(#3086));
#7137=EDGE_LOOP('',(#3087));
#7138=EDGE_LOOP('',(#3088));
#7139=EDGE_LOOP('',(#3089));
#7140=EDGE_LOOP('',(#3090));
#7141=EDGE_LOOP('',(#3091));
#7142=EDGE_LOOP('',(#3092));
#7143=EDGE_LOOP('',(#3093));
#7144=EDGE_LOOP('',(#3094));
#7145=EDGE_LOOP('',(#3095));
#7146=EDGE_LOOP('',(#3096));
#7147=EDGE_LOOP('',(#3097));
#7148=EDGE_LOOP('',(#3098));
#7149=EDGE_LOOP('',(#3099));
#7150=EDGE_LOOP('',(#3100));
#7151=EDGE_LOOP('',(#3101));
#7152=EDGE_LOOP('',(#3102));
#7153=EDGE_LOOP('',(#3103));
#7154=EDGE_LOOP('',(#3104));
#7155=EDGE_LOOP('',(#3105));
#7156=EDGE_LOOP('',(#3106));
#7157=EDGE_LOOP('',(#3107));
#7158=EDGE_LOOP('',(#3108));
#7159=EDGE_LOOP('',(#3109));
#7160=EDGE_LOOP('',(#3110));
#7161=EDGE_LOOP('',(#3111));
#7162=EDGE_LOOP('',(#3112));
#7163=EDGE_LOOP('',(#3113));
#7164=EDGE_LOOP('',(#3114));
#7165=EDGE_LOOP('',(#3115));
#7166=EDGE_LOOP('',(#3116));
#7167=EDGE_LOOP('',(#3117));
#7168=EDGE_LOOP('',(#3118));
#7169=EDGE_LOOP('',(#3119));
#7170=EDGE_LOOP('',(#3120));
#7171=EDGE_LOOP('',(#3121));
#7172=EDGE_LOOP('',(#3122));
#7173=EDGE_LOOP('',(#3123));
#7174=EDGE_LOOP('',(#3124));
#7175=EDGE_LOOP('',(#3125));
#7176=EDGE_LOOP('',(#3126));
#7177=EDGE_LOOP('',(#3127));
#7178=EDGE_LOOP('',(#3128));
#7179=EDGE_LOOP('',(#3129));
#7180=EDGE_LOOP('',(#3130));
#7181=EDGE_LOOP('',(#3131));
#7182=EDGE_LOOP('',(#3132));
#7183=EDGE_LOOP('',(#3133));
#7184=EDGE_LOOP('',(#3134));
#7185=EDGE_LOOP('',(#3135));
#7186=EDGE_LOOP('',(#3136));
#7187=EDGE_LOOP('',(#3137));
#7188=EDGE_LOOP('',(#3138));
#7189=EDGE_LOOP('',(#3139));
#7190=EDGE_LOOP('',(#3140));
#7191=EDGE_LOOP('',(#3141));
#7192=EDGE_LOOP('',(#3142));
#7193=EDGE_LOOP('',(#3143));
#7194=EDGE_LOOP('',(#3144));
#7195=EDGE_LOOP('',(#3145));
#7196=EDGE_LOOP('',(#3146));
#7197=EDGE_LOOP('',(#3147));
#7198=EDGE_LOOP('',(#3148));
#7199=EDGE_LOOP('',(#3149));
#7200=EDGE_LOOP('',(#3150));
#7201=EDGE_LOOP('',(#3151));
#7202=EDGE_LOOP('',(#3152));
#7203=EDGE_LOOP('',(#3153));
#7204=EDGE_LOOP('',(#3154));
#7205=EDGE_LOOP('',(#3155));
#7206=EDGE_LOOP('',(#3156));
#7207=EDGE_LOOP('',(#3157));
#7208=EDGE_LOOP('',(#3158));
#7209=EDGE_LOOP('',(#3159));
#7210=EDGE_LOOP('',(#3160));
#7211=EDGE_LOOP('',(#3161));
#7212=EDGE_LOOP('',(#3162));
#7213=EDGE_LOOP('',(#3163));
#7214=EDGE_LOOP('',(#3164));
#7215=EDGE_LOOP('',(#3165));
#7216=EDGE_LOOP('',(#3166));
#7217=EDGE_LOOP('',(#3167));
#7218=EDGE_LOOP('',(#3168));
#7219=EDGE_LOOP('',(#3169));
#7220=EDGE_LOOP('',(#3170));
#7221=EDGE_LOOP('',(#3171));
#7222=EDGE_LOOP('',(#3172));
#7223=EDGE_LOOP('',(#3173));
#7224=EDGE_LOOP('',(#3174));
#7225=EDGE_LOOP('',(#3175));
#7226=EDGE_LOOP('',(#3176));
#7227=EDGE_LOOP('',(#3177));
#7228=EDGE_LOOP('',(#3178));
#7229=EDGE_LOOP('',(#3179));
#7230=EDGE_LOOP('',(#3180));
#7231=EDGE_LOOP('',(#3181));
#7232=EDGE_LOOP('',(#3182));
#7233=EDGE_LOOP('',(#3183));
#7234=EDGE_LOOP('',(#3184));
#7235=EDGE_LOOP('',(#3185));
#7236=EDGE_LOOP('',(#3186));
#7237=EDGE_LOOP('',(#3187));
#7238=EDGE_LOOP('',(#3188));
#7239=EDGE_LOOP('',(#3189));
#7240=EDGE_LOOP('',(#3190));
#7241=EDGE_LOOP('',(#3191));
#7242=EDGE_LOOP('',(#3192));
#7243=EDGE_LOOP('',(#3193));
#7244=EDGE_LOOP('',(#3194));
#7245=EDGE_LOOP('',(#3195));
#7246=EDGE_LOOP('',(#3196));
#7247=EDGE_LOOP('',(#3197));
#7248=EDGE_LOOP('',(#3198));
#7249=EDGE_LOOP('',(#3199));
#7250=EDGE_LOOP('',(#3200));
#7251=EDGE_LOOP('',(#3201));
#7252=EDGE_LOOP('',(#3202));
#7253=EDGE_LOOP('',(#3203));
#7254=EDGE_LOOP('',(#3204));
#7255=EDGE_LOOP('',(#3205));
#7256=EDGE_LOOP('',(#3206));
#7257=EDGE_LOOP('',(#3207));
#7258=EDGE_LOOP('',(#3208));
#7259=EDGE_LOOP('',(#3209));
#7260=EDGE_LOOP('',(#3210));
#7261=EDGE_LOOP('',(#3211));
#7262=EDGE_LOOP('',(#3212));
#7263=EDGE_LOOP('',(#3213));
#7264=EDGE_LOOP('',(#3214));
#7265=EDGE_LOOP('',(#3215));
#7266=EDGE_LOOP('',(#3216));
#7267=EDGE_LOOP('',(#3217));
#7268=EDGE_LOOP('',(#3218));
#7269=EDGE_LOOP('',(#3219));
#7270=EDGE_LOOP('',(#3220));
#7271=EDGE_LOOP('',(#3221));
#7272=EDGE_LOOP('',(#3222));
#7273=EDGE_LOOP('',(#3223));
#7274=EDGE_LOOP('',(#3224));
#7275=EDGE_LOOP('',(#3225));
#7276=EDGE_LOOP('',(#3226));
#7277=EDGE_LOOP('',(#3227));
#7278=EDGE_LOOP('',(#3228));
#7279=EDGE_LOOP('',(#3229));
#7280=EDGE_LOOP('',(#3230));
#7281=EDGE_LOOP('',(#3231));
#7282=EDGE_LOOP('',(#3232));
#7283=EDGE_LOOP('',(#3233));
#7284=EDGE_LOOP('',(#3234));
#7285=EDGE_LOOP('',(#3235));
#7286=EDGE_LOOP('',(#3236));
#7287=EDGE_LOOP('',(#3237));
#7288=EDGE_LOOP('',(#3238));
#7289=EDGE_LOOP('',(#3239));
#7290=EDGE_LOOP('',(#3240));
#7291=EDGE_LOOP('',(#3241));
#7292=EDGE_LOOP('',(#3242));
#7293=EDGE_LOOP('',(#3243));
#7294=EDGE_LOOP('',(#3244));
#7295=EDGE_LOOP('',(#3245));
#7296=EDGE_LOOP('',(#3246));
#7297=EDGE_LOOP('',(#3247));
#7298=EDGE_LOOP('',(#3248));
#7299=EDGE_LOOP('',(#3249));
#7300=EDGE_LOOP('',(#3250));
#7301=EDGE_LOOP('',(#3251));
#7302=EDGE_LOOP('',(#3252));
#7303=EDGE_LOOP('',(#3253));
#7304=EDGE_LOOP('',(#3254));
#7305=EDGE_LOOP('',(#3255));
#7306=EDGE_LOOP('',(#3256));
#7307=EDGE_LOOP('',(#3257));
#7308=EDGE_LOOP('',(#3258));
#7309=EDGE_LOOP('',(#3259));
#7310=EDGE_LOOP('',(#3260));
#7311=EDGE_LOOP('',(#3261));
#7312=EDGE_LOOP('',(#3262));
#7313=EDGE_LOOP('',(#3263));
#7314=EDGE_LOOP('',(#3264));
#7315=EDGE_LOOP('',(#3265));
#7316=EDGE_LOOP('',(#3266));
#7317=EDGE_LOOP('',(#3267));
#7318=EDGE_LOOP('',(#3268));
#7319=EDGE_LOOP('',(#3269));
#7320=EDGE_LOOP('',(#3270));
#7321=EDGE_LOOP('',(#3271));
#7322=EDGE_LOOP('',(#3272));
#7323=EDGE_LOOP('',(#3273));
#7324=EDGE_LOOP('',(#3274));
#7325=EDGE_LOOP('',(#3275));
#7326=EDGE_LOOP('',(#3276));
#7327=EDGE_LOOP('',(#3277));
#7328=EDGE_LOOP('',(#3278));
#7329=EDGE_LOOP('',(#3279));
#7330=EDGE_LOOP('',(#3280));
#7331=EDGE_LOOP('',(#3281));
#7332=EDGE_LOOP('',(#3282));
#7333=EDGE_LOOP('',(#3283));
#7334=EDGE_LOOP('',(#3284));
#7335=EDGE_LOOP('',(#3285));
#7336=EDGE_LOOP('',(#3286));
#7337=EDGE_LOOP('',(#3287));
#7338=EDGE_LOOP('',(#3288));
#7339=EDGE_LOOP('',(#3289));
#7340=EDGE_LOOP('',(#3290));
#7341=EDGE_LOOP('',(#3291));
#7342=EDGE_LOOP('',(#3292));
#7343=EDGE_LOOP('',(#3293));
#7344=EDGE_LOOP('',(#3294));
#7345=EDGE_LOOP('',(#3295));
#7346=EDGE_LOOP('',(#3296));
#7347=EDGE_LOOP('',(#3297));
#7348=EDGE_LOOP('',(#3298));
#7349=EDGE_LOOP('',(#3299));
#7350=EDGE_LOOP('',(#3300));
#7351=EDGE_LOOP('',(#3301));
#7352=EDGE_LOOP('',(#3302));
#7353=EDGE_LOOP('',(#3303));
#7354=EDGE_LOOP('',(#3304));
#7355=EDGE_LOOP('',(#3305));
#7356=EDGE_LOOP('',(#3306));
#7357=EDGE_LOOP('',(#3307));
#7358=EDGE_LOOP('',(#3308));
#7359=EDGE_LOOP('',(#3309));
#7360=EDGE_LOOP('',(#3310));
#7361=EDGE_LOOP('',(#3311));
#7362=EDGE_LOOP('',(#3312));
#7363=EDGE_LOOP('',(#3313));
#7364=EDGE_LOOP('',(#3314));
#7365=EDGE_LOOP('',(#3315));
#7366=EDGE_LOOP('',(#3316));
#7367=EDGE_LOOP('',(#3317));
#7368=EDGE_LOOP('',(#3318));
#7369=EDGE_LOOP('',(#3319));
#7370=EDGE_LOOP('',(#3320));
#7371=EDGE_LOOP('',(#3321));
#7372=EDGE_LOOP('',(#3322));
#7373=EDGE_LOOP('',(#3323));
#7374=EDGE_LOOP('',(#3324));
#7375=EDGE_LOOP('',(#3325));
#7376=EDGE_LOOP('',(#3326));
#7377=EDGE_LOOP('',(#3327));
#7378=EDGE_LOOP('',(#3328));
#7379=EDGE_LOOP('',(#3329));
#7380=EDGE_LOOP('',(#3330));
#7381=EDGE_LOOP('',(#3331));
#7382=EDGE_LOOP('',(#3332));
#7383=EDGE_LOOP('',(#3333));
#7384=EDGE_LOOP('',(#3334));
#7385=EDGE_LOOP('',(#3335));
#7386=EDGE_LOOP('',(#3336));
#7387=EDGE_LOOP('',(#3337));
#7388=EDGE_LOOP('',(#3338));
#7389=EDGE_LOOP('',(#3339));
#7390=EDGE_LOOP('',(#3340));
#7391=EDGE_LOOP('',(#3341));
#7392=EDGE_LOOP('',(#3342));
#7393=EDGE_LOOP('',(#3343));
#7394=EDGE_LOOP('',(#3344));
#7395=EDGE_LOOP('',(#3345));
#7396=EDGE_LOOP('',(#3346));
#7397=EDGE_LOOP('',(#3347));
#7398=EDGE_LOOP('',(#3348));
#7399=EDGE_LOOP('',(#3349));
#7400=EDGE_LOOP('',(#3350));
#7401=EDGE_LOOP('',(#3351));
#7402=EDGE_LOOP('',(#3352));
#7403=EDGE_LOOP('',(#3353));
#7404=EDGE_LOOP('',(#3354));
#7405=EDGE_LOOP('',(#3355));
#7406=EDGE_LOOP('',(#3356));
#7407=EDGE_LOOP('',(#3357));
#7408=EDGE_LOOP('',(#3358));
#7409=EDGE_LOOP('',(#3359));
#7410=EDGE_LOOP('',(#3360));
#7411=EDGE_LOOP('',(#3361));
#7412=EDGE_LOOP('',(#3362));
#7413=EDGE_LOOP('',(#3363));
#7414=EDGE_LOOP('',(#3364));
#7415=EDGE_LOOP('',(#3365));
#7416=EDGE_LOOP('',(#3366));
#7417=EDGE_LOOP('',(#3367));
#7418=EDGE_LOOP('',(#3368));
#7419=EDGE_LOOP('',(#3369));
#7420=EDGE_LOOP('',(#3370));
#7421=EDGE_LOOP('',(#3371));
#7422=EDGE_LOOP('',(#3372));
#7423=EDGE_LOOP('',(#3373));
#7424=EDGE_LOOP('',(#3374));
#7425=EDGE_LOOP('',(#3375));
#7426=EDGE_LOOP('',(#3376));
#7427=EDGE_LOOP('',(#3377));
#7428=EDGE_LOOP('',(#3378));
#7429=EDGE_LOOP('',(#3379));
#7430=EDGE_LOOP('',(#3380));
#7431=EDGE_LOOP('',(#3381));
#7432=EDGE_LOOP('',(#3382));
#7433=EDGE_LOOP('',(#3383));
#7434=EDGE_LOOP('',(#3384));
#7435=EDGE_LOOP('',(#3385));
#7436=EDGE_LOOP('',(#3386));
#7437=EDGE_LOOP('',(#3387));
#7438=EDGE_LOOP('',(#3388));
#7439=EDGE_LOOP('',(#3389));
#7440=EDGE_LOOP('',(#3390));
#7441=EDGE_LOOP('',(#3391));
#7442=EDGE_LOOP('',(#3392));
#7443=EDGE_LOOP('',(#3393));
#7444=EDGE_LOOP('',(#3394));
#7445=EDGE_LOOP('',(#3395));
#7446=EDGE_LOOP('',(#3396));
#7447=EDGE_LOOP('',(#3397));
#7448=EDGE_LOOP('',(#3398));
#7449=EDGE_LOOP('',(#3399));
#7450=EDGE_LOOP('',(#3400));
#7451=EDGE_LOOP('',(#3401));
#7452=EDGE_LOOP('',(#3402));
#7453=EDGE_LOOP('',(#3403));
#7454=EDGE_LOOP('',(#3404));
#7455=EDGE_LOOP('',(#3405));
#7456=EDGE_LOOP('',(#3406));
#7457=EDGE_LOOP('',(#3407));
#7458=EDGE_LOOP('',(#3408));
#7459=EDGE_LOOP('',(#3409));
#7460=EDGE_LOOP('',(#3410));
#7461=EDGE_LOOP('',(#3411));
#7462=EDGE_LOOP('',(#3412));
#7463=EDGE_LOOP('',(#3413));
#7464=EDGE_LOOP('',(#3414));
#7465=EDGE_LOOP('',(#3415));
#7466=EDGE_LOOP('',(#3416));
#7467=EDGE_LOOP('',(#3417));
#7468=EDGE_LOOP('',(#3418));
#7469=EDGE_LOOP('',(#3419));
#7470=EDGE_LOOP('',(#3420));
#7471=EDGE_LOOP('',(#3421));
#7472=EDGE_LOOP('',(#3422));
#7473=EDGE_LOOP('',(#3423));
#7474=EDGE_LOOP('',(#3424));
#7475=EDGE_LOOP('',(#3425));
#7476=EDGE_LOOP('',(#3426));
#7477=EDGE_LOOP('',(#3427));
#7478=EDGE_LOOP('',(#3428));
#7479=EDGE_LOOP('',(#3429));
#7480=EDGE_LOOP('',(#3430));
#7481=EDGE_LOOP('',(#3431));
#7482=EDGE_LOOP('',(#3432));
#7483=EDGE_LOOP('',(#3433));
#7484=EDGE_LOOP('',(#3434));
#7485=EDGE_LOOP('',(#3435));
#7486=EDGE_LOOP('',(#3436));
#7487=EDGE_LOOP('',(#3437));
#7488=EDGE_LOOP('',(#3438));
#7489=EDGE_LOOP('',(#3439));
#7490=EDGE_LOOP('',(#3440));
#7491=EDGE_LOOP('',(#3441));
#7492=EDGE_LOOP('',(#3442));
#7493=EDGE_LOOP('',(#3443));
#7494=EDGE_LOOP('',(#3444));
#7495=EDGE_LOOP('',(#3445));
#7496=EDGE_LOOP('',(#3446));
#7497=EDGE_LOOP('',(#3447));
#7498=EDGE_LOOP('',(#3448));
#7499=EDGE_LOOP('',(#3449));
#7500=EDGE_LOOP('',(#3450));
#7501=EDGE_LOOP('',(#3451));
#7502=EDGE_LOOP('',(#3452));
#7503=EDGE_LOOP('',(#3453));
#7504=EDGE_LOOP('',(#3454));
#7505=EDGE_LOOP('',(#3455));
#7506=EDGE_LOOP('',(#3456));
#7507=EDGE_LOOP('',(#3457));
#7508=EDGE_LOOP('',(#3458));
#7509=EDGE_LOOP('',(#3459));
#7510=EDGE_LOOP('',(#3460));
#7511=EDGE_LOOP('',(#3461));
#7512=EDGE_LOOP('',(#3462));
#7513=EDGE_LOOP('',(#3463));
#7514=EDGE_LOOP('',(#3464));
#7515=EDGE_LOOP('',(#3465));
#7516=EDGE_LOOP('',(#3466));
#7517=EDGE_LOOP('',(#3467));
#7518=EDGE_LOOP('',(#3468));
#7519=EDGE_LOOP('',(#3469));
#7520=EDGE_LOOP('',(#3470));
#7521=EDGE_LOOP('',(#3471));
#7522=EDGE_LOOP('',(#3472));
#7523=EDGE_LOOP('',(#3473));
#7524=EDGE_LOOP('',(#3474));
#7525=EDGE_LOOP('',(#3475));
#7526=EDGE_LOOP('',(#3476));
#7527=EDGE_LOOP('',(#3477));
#7528=EDGE_LOOP('',(#3478));
#7529=EDGE_LOOP('',(#3479));
#7530=EDGE_LOOP('',(#3480));
#7531=EDGE_LOOP('',(#3481));
#7532=EDGE_LOOP('',(#3482));
#7533=EDGE_LOOP('',(#3483));
#7534=EDGE_LOOP('',(#3484));
#7535=EDGE_LOOP('',(#3485));
#7536=EDGE_LOOP('',(#3486));
#7537=EDGE_LOOP('',(#3487));
#7538=EDGE_LOOP('',(#3488));
#7539=EDGE_LOOP('',(#3489));
#7540=EDGE_LOOP('',(#3490));
#7541=EDGE_LOOP('',(#3491));
#7542=EDGE_LOOP('',(#3492));
#7543=EDGE_LOOP('',(#3493));
#7544=EDGE_LOOP('',(#3494));
#7545=EDGE_LOOP('',(#3495));
#7546=EDGE_LOOP('',(#3496));
#7547=EDGE_LOOP('',(#3497));
#7548=EDGE_LOOP('',(#3498));
#7549=EDGE_LOOP('',(#3499));
#7550=EDGE_LOOP('',(#3500));
#7551=EDGE_LOOP('',(#3501));
#7552=EDGE_LOOP('',(#3502));
#7553=EDGE_LOOP('',(#3503));
#7554=EDGE_LOOP('',(#3504));
#7555=EDGE_LOOP('',(#3505));
#7556=EDGE_LOOP('',(#3506));
#7557=EDGE_LOOP('',(#3507));
#7558=EDGE_LOOP('',(#3508));
#7559=EDGE_LOOP('',(#3509));
#7560=EDGE_LOOP('',(#3510));
#7561=EDGE_LOOP('',(#3511));
#7562=EDGE_LOOP('',(#3512));
#7563=EDGE_LOOP('',(#3513));
#7564=EDGE_LOOP('',(#3514));
#7565=EDGE_LOOP('',(#3515));
#7566=EDGE_LOOP('',(#3516));
#7567=EDGE_LOOP('',(#3517));
#7568=EDGE_LOOP('',(#3518));
#7569=EDGE_LOOP('',(#3519));
#7570=EDGE_LOOP('',(#3520));
#7571=EDGE_LOOP('',(#3521));
#7572=EDGE_LOOP('',(#3522));
#7573=EDGE_LOOP('',(#3523));
#7574=EDGE_LOOP('',(#3524));
#7575=EDGE_LOOP('',(#3525));
#7576=EDGE_LOOP('',(#3526));
#7577=EDGE_LOOP('',(#3527));
#7578=EDGE_LOOP('',(#3528));
#7579=EDGE_LOOP('',(#3529));
#7580=EDGE_LOOP('',(#3530));
#7581=EDGE_LOOP('',(#3531));
#7582=EDGE_LOOP('',(#3532));
#7583=EDGE_LOOP('',(#3533));
#7584=EDGE_LOOP('',(#3534));
#7585=EDGE_LOOP('',(#3535));
#7586=EDGE_LOOP('',(#3536));
#7587=EDGE_LOOP('',(#3537));
#7588=EDGE_LOOP('',(#3538));
#7589=EDGE_LOOP('',(#3539));
#7590=EDGE_LOOP('',(#3540));
#7591=EDGE_LOOP('',(#3541));
#7592=EDGE_LOOP('',(#3542));
#7593=EDGE_LOOP('',(#3543));
#7594=EDGE_LOOP('',(#3544));
#7595=EDGE_LOOP('',(#3545));
#7596=EDGE_LOOP('',(#3546));
#7597=EDGE_LOOP('',(#3547));
#7598=EDGE_LOOP('',(#3548));
#7599=EDGE_LOOP('',(#3549));
#7600=EDGE_LOOP('',(#3550));
#7601=EDGE_LOOP('',(#3551));
#7602=EDGE_LOOP('',(#3552));
#7603=EDGE_LOOP('',(#3553));
#7604=EDGE_LOOP('',(#3554));
#7605=EDGE_LOOP('',(#3555));
#7606=EDGE_LOOP('',(#3556));
#7607=EDGE_LOOP('',(#3557));
#7608=EDGE_LOOP('',(#3558));
#7609=EDGE_LOOP('',(#3559));
#7610=EDGE_LOOP('',(#3560));
#7611=EDGE_LOOP('',(#3561));
#7612=EDGE_LOOP('',(#3562));
#7613=EDGE_LOOP('',(#3563));
#7614=EDGE_LOOP('',(#3564));
#7615=EDGE_LOOP('',(#3565));
#7616=EDGE_LOOP('',(#3566));
#7617=EDGE_LOOP('',(#3567));
#7618=EDGE_LOOP('',(#3568));
#7619=EDGE_LOOP('',(#3569));
#7620=EDGE_LOOP('',(#3570));
#7621=EDGE_LOOP('',(#3571));
#7622=EDGE_LOOP('',(#3572));
#7623=EDGE_LOOP('',(#3573));
#7624=EDGE_LOOP('',(#3574));
#7625=EDGE_LOOP('',(#3575));
#7626=EDGE_LOOP('',(#3576));
#7627=EDGE_LOOP('',(#3577));
#7628=EDGE_LOOP('',(#3578));
#7629=EDGE_LOOP('',(#3579));
#7630=EDGE_LOOP('',(#3580));
#7631=EDGE_LOOP('',(#3581));
#7632=EDGE_LOOP('',(#3582));
#7633=EDGE_LOOP('',(#3583));
#7634=EDGE_LOOP('',(#3584));
#7635=EDGE_LOOP('',(#3585));
#7636=EDGE_LOOP('',(#3586));
#7637=EDGE_LOOP('',(#3587));
#7638=EDGE_LOOP('',(#3588));
#7639=EDGE_LOOP('',(#3589));
#7640=EDGE_LOOP('',(#3590));
#7641=EDGE_LOOP('',(#3591));
#7642=EDGE_LOOP('',(#3592));
#7643=EDGE_LOOP('',(#3593));
#7644=EDGE_LOOP('',(#3594));
#7645=EDGE_LOOP('',(#3595));
#7646=EDGE_LOOP('',(#3596));
#7647=EDGE_LOOP('',(#3597));
#7648=EDGE_LOOP('',(#3598));
#7649=EDGE_LOOP('',(#3599));
#7650=EDGE_LOOP('',(#3600));
#7651=EDGE_LOOP('',(#3601));
#7652=EDGE_LOOP('',(#3602));
#7653=EDGE_LOOP('',(#3603));
#7654=EDGE_LOOP('',(#3604));
#7655=EDGE_LOOP('',(#3605));
#7656=EDGE_LOOP('',(#3606));
#7657=EDGE_LOOP('',(#3607));
#7658=EDGE_LOOP('',(#3608));
#7659=EDGE_LOOP('',(#3609));
#7660=EDGE_LOOP('',(#3610));
#7661=EDGE_LOOP('',(#3611));
#7662=EDGE_LOOP('',(#3612));
#7663=EDGE_LOOP('',(#3613));
#7664=EDGE_LOOP('',(#3614));
#7665=EDGE_LOOP('',(#3615));
#7666=EDGE_LOOP('',(#3616));
#7667=EDGE_LOOP('',(#3617));
#7668=EDGE_LOOP('',(#3618));
#7669=EDGE_LOOP('',(#3619));
#7670=EDGE_LOOP('',(#3620));
#7671=EDGE_LOOP('',(#3621));
#7672=EDGE_LOOP('',(#3622));
#7673=EDGE_LOOP('',(#3623));
#7674=EDGE_LOOP('',(#3624));
#7675=EDGE_LOOP('',(#3625));
#7676=EDGE_LOOP('',(#3626));
#7677=EDGE_LOOP('',(#3627));
#7678=EDGE_LOOP('',(#3628));
#7679=EDGE_LOOP('',(#3629));
#7680=EDGE_LOOP('',(#3630));
#7681=EDGE_LOOP('',(#3631));
#7682=EDGE_LOOP('',(#3632));
#7683=EDGE_LOOP('',(#3633));
#7684=EDGE_LOOP('',(#3634));
#7685=EDGE_LOOP('',(#3635));
#7686=EDGE_LOOP('',(#3636));
#7687=EDGE_LOOP('',(#3637));
#7688=EDGE_LOOP('',(#3638));
#7689=EDGE_LOOP('',(#3639));
#7690=EDGE_LOOP('',(#3640));
#7691=EDGE_LOOP('',(#3641));
#7692=EDGE_LOOP('',(#3642));
#7693=EDGE_LOOP('',(#3643));
#7694=EDGE_LOOP('',(#3644));
#7695=EDGE_LOOP('',(#3645));
#7696=EDGE_LOOP('',(#3646));
#7697=EDGE_LOOP('',(#3647));
#7698=EDGE_LOOP('',(#3648));
#7699=EDGE_LOOP('',(#3649));
#7700=EDGE_LOOP('',(#3650));
#7701=EDGE_LOOP('',(#3651));
#7702=EDGE_LOOP('',(#3652));
#7703=EDGE_LOOP('',(#3653));
#7704=EDGE_LOOP('',(#3654));
#7705=EDGE_LOOP('',(#3655));
#7706=EDGE_LOOP('',(#3656));
#7707=EDGE_LOOP('',(#3657));
#7708=EDGE_LOOP('',(#3658));
#7709=EDGE_LOOP('',(#3659));
#7710=EDGE_LOOP('',(#3660));
#7711=EDGE_LOOP('',(#3661));
#7712=EDGE_LOOP('',(#3662));
#7713=EDGE_LOOP('',(#3663));
#7714=EDGE_LOOP('',(#3664));
#7715=EDGE_LOOP('',(#3665));
#7716=EDGE_LOOP('',(#3666));
#7717=EDGE_LOOP('',(#3667));
#7718=EDGE_LOOP('',(#3668));
#7719=EDGE_LOOP('',(#3669));
#7720=EDGE_LOOP('',(#3670));
#7721=EDGE_LOOP('',(#3671));
#7722=EDGE_LOOP('',(#3672));
#7723=EDGE_LOOP('',(#3673));
#7724=EDGE_LOOP('',(#3674));
#7725=EDGE_LOOP('',(#3675));
#7726=EDGE_LOOP('',(#3676));
#7727=EDGE_LOOP('',(#3677));
#7728=EDGE_LOOP('',(#3678));
#7729=EDGE_LOOP('',(#3679));
#7730=EDGE_LOOP('',(#3680));
#7731=EDGE_LOOP('',(#3681));
#7732=FACE_BOUND('',#5782,.T.);
#7733=FACE_BOUND('',#5783,.T.);
#7734=FACE_BOUND('',#5784,.T.);
#7735=FACE_BOUND('',#5785,.T.);
#7736=FACE_BOUND('',#5786,.T.);
#7737=FACE_BOUND('',#5787,.T.);
#7738=FACE_BOUND('',#5788,.T.);
#7739=FACE_BOUND('',#5789,.T.);
#7740=FACE_BOUND('',#5790,.T.);
#7741=FACE_BOUND('',#5791,.T.);
#7742=FACE_BOUND('',#5792,.T.);
#7743=FACE_BOUND('',#5793,.T.);
#7744=FACE_BOUND('',#5794,.T.);
#7745=FACE_BOUND('',#5795,.T.);
#7746=FACE_BOUND('',#5796,.T.);
#7747=FACE_BOUND('',#5797,.T.);
#7748=FACE_BOUND('',#5798,.T.);
#7749=FACE_BOUND('',#5799,.T.);
#7750=FACE_BOUND('',#5800,.T.);
#7751=FACE_BOUND('',#5801,.T.);
#7752=FACE_BOUND('',#5802,.T.);
#7753=FACE_BOUND('',#5803,.T.);
#7754=FACE_BOUND('',#5804,.T.);
#7755=FACE_BOUND('',#5805,.T.);
#7756=FACE_BOUND('',#5806,.T.);
#7757=FACE_BOUND('',#5807,.T.);
#7758=FACE_BOUND('',#5808,.T.);
#7759=FACE_BOUND('',#5809,.T.);
#7760=FACE_BOUND('',#5810,.T.);
#7761=FACE_BOUND('',#5811,.T.);
#7762=FACE_BOUND('',#5812,.T.);
#7763=FACE_BOUND('',#5813,.T.);
#7764=FACE_BOUND('',#5814,.T.);
#7765=FACE_BOUND('',#5815,.T.);
#7766=FACE_BOUND('',#5816,.T.);
#7767=FACE_BOUND('',#5817,.T.);
#7768=FACE_BOUND('',#5818,.T.);
#7769=FACE_BOUND('',#5819,.T.);
#7770=FACE_BOUND('',#5820,.T.);
#7771=FACE_BOUND('',#5821,.T.);
#7772=FACE_BOUND('',#5822,.T.);
#7773=FACE_BOUND('',#5823,.T.);
#7774=FACE_BOUND('',#5824,.T.);
#7775=FACE_BOUND('',#5825,.T.);
#7776=FACE_BOUND('',#5826,.T.);
#7777=FACE_BOUND('',#5827,.T.);
#7778=FACE_BOUND('',#5828,.T.);
#7779=FACE_BOUND('',#5829,.T.);
#7780=FACE_BOUND('',#5830,.T.);
#7781=FACE_BOUND('',#5831,.T.);
#7782=FACE_BOUND('',#5832,.T.);
#7783=FACE_BOUND('',#5833,.T.);
#7784=FACE_BOUND('',#5834,.T.);
#7785=FACE_BOUND('',#5835,.T.);
#7786=FACE_BOUND('',#5836,.T.);
#7787=FACE_BOUND('',#5837,.T.);
#7788=FACE_BOUND('',#5838,.T.);
#7789=FACE_BOUND('',#5839,.T.);
#7790=FACE_BOUND('',#5840,.T.);
#7791=FACE_BOUND('',#5841,.T.);
#7792=FACE_BOUND('',#5842,.T.);
#7793=FACE_BOUND('',#5843,.T.);
#7794=FACE_BOUND('',#5844,.T.);
#7795=FACE_BOUND('',#5845,.T.);
#7796=FACE_BOUND('',#5846,.T.);
#7797=FACE_BOUND('',#5847,.T.);
#7798=FACE_BOUND('',#5848,.T.);
#7799=FACE_BOUND('',#5849,.T.);
#7800=FACE_BOUND('',#5850,.T.);
#7801=FACE_BOUND('',#5851,.T.);
#7802=FACE_BOUND('',#5852,.T.);
#7803=FACE_BOUND('',#5853,.T.);
#7804=FACE_BOUND('',#5854,.T.);
#7805=FACE_BOUND('',#5855,.T.);
#7806=FACE_BOUND('',#5856,.T.);
#7807=FACE_BOUND('',#5857,.T.);
#7808=FACE_BOUND('',#5858,.T.);
#7809=FACE_BOUND('',#5859,.T.);
#7810=FACE_BOUND('',#5860,.T.);
#7811=FACE_BOUND('',#5861,.T.);
#7812=FACE_BOUND('',#5862,.T.);
#7813=FACE_BOUND('',#5863,.T.);
#7814=FACE_BOUND('',#5864,.T.);
#7815=FACE_BOUND('',#5865,.T.);
#7816=FACE_BOUND('',#5866,.T.);
#7817=FACE_BOUND('',#5867,.T.);
#7818=FACE_BOUND('',#5868,.T.);
#7819=FACE_BOUND('',#5869,.T.);
#7820=FACE_BOUND('',#5870,.T.);
#7821=FACE_BOUND('',#5871,.T.);
#7822=FACE_BOUND('',#5872,.T.);
#7823=FACE_BOUND('',#5873,.T.);
#7824=FACE_BOUND('',#5874,.T.);
#7825=FACE_BOUND('',#5875,.T.);
#7826=FACE_BOUND('',#5876,.T.);
#7827=FACE_BOUND('',#5877,.T.);
#7828=FACE_BOUND('',#5878,.T.);
#7829=FACE_BOUND('',#5879,.T.);
#7830=FACE_BOUND('',#5880,.T.);
#7831=FACE_BOUND('',#5881,.T.);
#7832=FACE_BOUND('',#5882,.T.);
#7833=FACE_BOUND('',#5883,.T.);
#7834=FACE_BOUND('',#5884,.T.);
#7835=FACE_BOUND('',#5885,.T.);
#7836=FACE_BOUND('',#5886,.T.);
#7837=FACE_BOUND('',#5887,.T.);
#7838=FACE_BOUND('',#5888,.T.);
#7839=FACE_BOUND('',#5889,.T.);
#7840=FACE_BOUND('',#5890,.T.);
#7841=FACE_BOUND('',#5891,.T.);
#7842=FACE_BOUND('',#5892,.T.);
#7843=FACE_BOUND('',#5893,.T.);
#7844=FACE_BOUND('',#5894,.T.);
#7845=FACE_BOUND('',#5895,.T.);
#7846=FACE_BOUND('',#5896,.T.);
#7847=FACE_BOUND('',#5897,.T.);
#7848=FACE_BOUND('',#5898,.T.);
#7849=FACE_BOUND('',#5899,.T.);
#7850=FACE_BOUND('',#5900,.T.);
#7851=FACE_BOUND('',#5901,.T.);
#7852=FACE_BOUND('',#5902,.T.);
#7853=FACE_BOUND('',#5903,.T.);
#7854=FACE_BOUND('',#5904,.T.);
#7855=FACE_BOUND('',#5905,.T.);
#7856=FACE_BOUND('',#5906,.T.);
#7857=FACE_BOUND('',#5907,.T.);
#7858=FACE_BOUND('',#5908,.T.);
#7859=FACE_BOUND('',#5909,.T.);
#7860=FACE_BOUND('',#5910,.T.);
#7861=FACE_BOUND('',#5911,.T.);
#7862=FACE_BOUND('',#5912,.T.);
#7863=FACE_BOUND('',#5913,.T.);
#7864=FACE_BOUND('',#5914,.T.);
#7865=FACE_BOUND('',#5915,.T.);
#7866=FACE_BOUND('',#5916,.T.);
#7867=FACE_BOUND('',#5917,.T.);
#7868=FACE_BOUND('',#5918,.T.);
#7869=FACE_BOUND('',#5919,.T.);
#7870=FACE_BOUND('',#5920,.T.);
#7871=FACE_BOUND('',#5921,.T.);
#7872=FACE_BOUND('',#5922,.T.);
#7873=FACE_BOUND('',#5923,.T.);
#7874=FACE_BOUND('',#5924,.T.);
#7875=FACE_BOUND('',#5925,.T.);
#7876=FACE_BOUND('',#5926,.T.);
#7877=FACE_BOUND('',#5927,.T.);
#7878=FACE_BOUND('',#5928,.T.);
#7879=FACE_BOUND('',#5929,.T.);
#7880=FACE_BOUND('',#5930,.T.);
#7881=FACE_BOUND('',#5931,.T.);
#7882=FACE_BOUND('',#5932,.T.);
#7883=FACE_BOUND('',#5933,.T.);
#7884=FACE_BOUND('',#5934,.T.);
#7885=FACE_BOUND('',#5935,.T.);
#7886=FACE_BOUND('',#5936,.T.);
#7887=FACE_BOUND('',#5937,.T.);
#7888=FACE_BOUND('',#5938,.T.);
#7889=FACE_BOUND('',#5939,.T.);
#7890=FACE_BOUND('',#5940,.T.);
#7891=FACE_BOUND('',#5941,.T.);
#7892=FACE_BOUND('',#5942,.T.);
#7893=FACE_BOUND('',#5943,.T.);
#7894=FACE_BOUND('',#5944,.T.);
#7895=FACE_BOUND('',#5945,.T.);
#7896=FACE_BOUND('',#5946,.T.);
#7897=FACE_BOUND('',#5947,.T.);
#7898=FACE_BOUND('',#5948,.T.);
#7899=FACE_BOUND('',#5949,.T.);
#7900=FACE_BOUND('',#5950,.T.);
#7901=FACE_BOUND('',#5951,.T.);
#7902=FACE_BOUND('',#5952,.T.);
#7903=FACE_BOUND('',#5953,.T.);
#7904=FACE_BOUND('',#5954,.T.);
#7905=FACE_BOUND('',#5955,.T.);
#7906=FACE_BOUND('',#5956,.T.);
#7907=FACE_BOUND('',#5957,.T.);
#7908=FACE_BOUND('',#5958,.T.);
#7909=FACE_BOUND('',#5959,.T.);
#7910=FACE_BOUND('',#5960,.T.);
#7911=FACE_BOUND('',#5961,.T.);
#7912=FACE_BOUND('',#5962,.T.);
#7913=FACE_BOUND('',#5963,.T.);
#7914=FACE_BOUND('',#5964,.T.);
#7915=FACE_BOUND('',#5965,.T.);
#7916=FACE_BOUND('',#5966,.T.);
#7917=FACE_BOUND('',#5967,.T.);
#7918=FACE_BOUND('',#5968,.T.);
#7919=FACE_BOUND('',#5969,.T.);
#7920=FACE_BOUND('',#5970,.T.);
#7921=FACE_BOUND('',#5971,.T.);
#7922=FACE_BOUND('',#5972,.T.);
#7923=FACE_BOUND('',#5973,.T.);
#7924=FACE_BOUND('',#5974,.T.);
#7925=FACE_BOUND('',#5975,.T.);
#7926=FACE_BOUND('',#5976,.T.);
#7927=FACE_BOUND('',#5977,.T.);
#7928=FACE_BOUND('',#5978,.T.);
#7929=FACE_BOUND('',#5979,.T.);
#7930=FACE_BOUND('',#5980,.T.);
#7931=FACE_BOUND('',#5981,.T.);
#7932=FACE_BOUND('',#5982,.T.);
#7933=FACE_BOUND('',#5983,.T.);
#7934=FACE_BOUND('',#5984,.T.);
#7935=FACE_BOUND('',#5985,.T.);
#7936=FACE_BOUND('',#5986,.T.);
#7937=FACE_BOUND('',#5987,.T.);
#7938=FACE_BOUND('',#5988,.T.);
#7939=FACE_BOUND('',#5989,.T.);
#7940=FACE_BOUND('',#5990,.T.);
#7941=FACE_BOUND('',#5991,.T.);
#7942=FACE_BOUND('',#5992,.T.);
#7943=FACE_BOUND('',#5993,.T.);
#7944=FACE_BOUND('',#5994,.T.);
#7945=FACE_BOUND('',#5995,.T.);
#7946=FACE_BOUND('',#5996,.T.);
#7947=FACE_BOUND('',#5997,.T.);
#7948=FACE_BOUND('',#5998,.T.);
#7949=FACE_BOUND('',#5999,.T.);
#7950=FACE_BOUND('',#6000,.T.);
#7951=FACE_BOUND('',#6001,.T.);
#7952=FACE_BOUND('',#6002,.T.);
#7953=FACE_BOUND('',#6003,.T.);
#7954=FACE_BOUND('',#6004,.T.);
#7955=FACE_BOUND('',#6005,.T.);
#7956=FACE_BOUND('',#6006,.T.);
#7957=FACE_BOUND('',#6007,.T.);
#7958=FACE_BOUND('',#6008,.T.);
#7959=FACE_BOUND('',#6009,.T.);
#7960=FACE_BOUND('',#6010,.T.);
#7961=FACE_BOUND('',#6011,.T.);
#7962=FACE_BOUND('',#6012,.T.);
#7963=FACE_BOUND('',#6013,.T.);
#7964=FACE_BOUND('',#6014,.T.);
#7965=FACE_BOUND('',#6015,.T.);
#7966=FACE_BOUND('',#6016,.T.);
#7967=FACE_BOUND('',#6017,.T.);
#7968=FACE_BOUND('',#6018,.T.);
#7969=FACE_BOUND('',#6019,.T.);
#7970=FACE_BOUND('',#6020,.T.);
#7971=FACE_BOUND('',#6021,.T.);
#7972=FACE_BOUND('',#6022,.T.);
#7973=FACE_BOUND('',#6023,.T.);
#7974=FACE_BOUND('',#6024,.T.);
#7975=FACE_BOUND('',#6025,.T.);
#7976=FACE_BOUND('',#6026,.T.);
#7977=FACE_BOUND('',#6027,.T.);
#7978=FACE_BOUND('',#6028,.T.);
#7979=FACE_BOUND('',#6029,.T.);
#7980=FACE_BOUND('',#6030,.T.);
#7981=FACE_BOUND('',#6031,.T.);
#7982=FACE_BOUND('',#6032,.T.);
#7983=FACE_BOUND('',#6033,.T.);
#7984=FACE_BOUND('',#6034,.T.);
#7985=FACE_BOUND('',#6035,.T.);
#7986=FACE_BOUND('',#6036,.T.);
#7987=FACE_BOUND('',#6037,.T.);
#7988=FACE_BOUND('',#6038,.T.);
#7989=FACE_BOUND('',#6039,.T.);
#7990=FACE_BOUND('',#6040,.T.);
#7991=FACE_BOUND('',#6041,.T.);
#7992=FACE_BOUND('',#6042,.T.);
#7993=FACE_BOUND('',#6043,.T.);
#7994=FACE_BOUND('',#6044,.T.);
#7995=FACE_BOUND('',#6045,.T.);
#7996=FACE_BOUND('',#6046,.T.);
#7997=FACE_BOUND('',#6047,.T.);
#7998=FACE_BOUND('',#6048,.T.);
#7999=FACE_BOUND('',#6049,.T.);
#8000=FACE_BOUND('',#6050,.T.);
#8001=FACE_BOUND('',#6051,.T.);
#8002=FACE_BOUND('',#6052,.T.);
#8003=FACE_BOUND('',#6053,.T.);
#8004=FACE_BOUND('',#6054,.T.);
#8005=FACE_BOUND('',#6055,.T.);
#8006=FACE_BOUND('',#6056,.T.);
#8007=FACE_BOUND('',#6057,.T.);
#8008=FACE_BOUND('',#6058,.T.);
#8009=FACE_BOUND('',#6059,.T.);
#8010=FACE_BOUND('',#6060,.T.);
#8011=FACE_BOUND('',#6061,.T.);
#8012=FACE_BOUND('',#6062,.T.);
#8013=FACE_BOUND('',#6063,.T.);
#8014=FACE_BOUND('',#6064,.T.);
#8015=FACE_BOUND('',#6065,.T.);
#8016=FACE_BOUND('',#6066,.T.);
#8017=FACE_BOUND('',#6067,.T.);
#8018=FACE_BOUND('',#6068,.T.);
#8019=FACE_BOUND('',#6069,.T.);
#8020=FACE_BOUND('',#6070,.T.);
#8021=FACE_BOUND('',#6071,.T.);
#8022=FACE_BOUND('',#6072,.T.);
#8023=FACE_BOUND('',#6073,.T.);
#8024=FACE_BOUND('',#6074,.T.);
#8025=FACE_BOUND('',#6075,.T.);
#8026=FACE_BOUND('',#6076,.T.);
#8027=FACE_BOUND('',#6077,.T.);
#8028=FACE_BOUND('',#6078,.T.);
#8029=FACE_BOUND('',#6079,.T.);
#8030=FACE_BOUND('',#6080,.T.);
#8031=FACE_BOUND('',#6081,.T.);
#8032=FACE_BOUND('',#6082,.T.);
#8033=FACE_BOUND('',#6083,.T.);
#8034=FACE_BOUND('',#6084,.T.);
#8035=FACE_BOUND('',#6085,.T.);
#8036=FACE_BOUND('',#6086,.T.);
#8037=FACE_BOUND('',#6087,.T.);
#8038=FACE_BOUND('',#6088,.T.);
#8039=FACE_BOUND('',#6089,.T.);
#8040=FACE_BOUND('',#6090,.T.);
#8041=FACE_BOUND('',#6091,.T.);
#8042=FACE_BOUND('',#6092,.T.);
#8043=FACE_BOUND('',#6093,.T.);
#8044=FACE_BOUND('',#6094,.T.);
#8045=FACE_BOUND('',#6095,.T.);
#8046=FACE_BOUND('',#6096,.T.);
#8047=FACE_BOUND('',#6097,.T.);
#8048=FACE_BOUND('',#6098,.T.);
#8049=FACE_BOUND('',#6099,.T.);
#8050=FACE_BOUND('',#6100,.T.);
#8051=FACE_BOUND('',#6101,.T.);
#8052=FACE_BOUND('',#6102,.T.);
#8053=FACE_BOUND('',#6103,.T.);
#8054=FACE_BOUND('',#6104,.T.);
#8055=FACE_BOUND('',#6105,.T.);
#8056=FACE_BOUND('',#6106,.T.);
#8057=FACE_BOUND('',#6107,.T.);
#8058=FACE_BOUND('',#6108,.T.);
#8059=FACE_BOUND('',#6109,.T.);
#8060=FACE_BOUND('',#6110,.T.);
#8061=FACE_BOUND('',#6111,.T.);
#8062=FACE_BOUND('',#6112,.T.);
#8063=FACE_BOUND('',#6113,.T.);
#8064=FACE_BOUND('',#6114,.T.);
#8065=FACE_BOUND('',#6115,.T.);
#8066=FACE_BOUND('',#6116,.T.);
#8067=FACE_BOUND('',#6117,.T.);
#8068=FACE_BOUND('',#6118,.T.);
#8069=FACE_BOUND('',#6119,.T.);
#8070=FACE_BOUND('',#6120,.T.);
#8071=FACE_BOUND('',#6121,.T.);
#8072=FACE_BOUND('',#6122,.T.);
#8073=FACE_BOUND('',#6123,.T.);
#8074=FACE_BOUND('',#6124,.T.);
#8075=FACE_BOUND('',#6125,.T.);
#8076=FACE_BOUND('',#6126,.T.);
#8077=FACE_BOUND('',#6127,.T.);
#8078=FACE_BOUND('',#6128,.T.);
#8079=FACE_BOUND('',#6129,.T.);
#8080=FACE_BOUND('',#6130,.T.);
#8081=FACE_BOUND('',#6131,.T.);
#8082=FACE_BOUND('',#6132,.T.);
#8083=FACE_BOUND('',#6133,.T.);
#8084=FACE_BOUND('',#6134,.T.);
#8085=FACE_BOUND('',#6135,.T.);
#8086=FACE_BOUND('',#6136,.T.);
#8087=FACE_BOUND('',#6137,.T.);
#8088=FACE_BOUND('',#6138,.T.);
#8089=FACE_BOUND('',#6139,.T.);
#8090=FACE_BOUND('',#6140,.T.);
#8091=FACE_BOUND('',#6141,.T.);
#8092=FACE_BOUND('',#6142,.T.);
#8093=FACE_BOUND('',#6143,.T.);
#8094=FACE_BOUND('',#6144,.T.);
#8095=FACE_BOUND('',#6145,.T.);
#8096=FACE_BOUND('',#6146,.T.);
#8097=FACE_BOUND('',#6147,.T.);
#8098=FACE_BOUND('',#6148,.T.);
#8099=FACE_BOUND('',#6149,.T.);
#8100=FACE_BOUND('',#6150,.T.);
#8101=FACE_BOUND('',#6151,.T.);
#8102=FACE_BOUND('',#6152,.T.);
#8103=FACE_BOUND('',#6153,.T.);
#8104=FACE_BOUND('',#6154,.T.);
#8105=FACE_BOUND('',#6155,.T.);
#8106=FACE_BOUND('',#6156,.T.);
#8107=FACE_BOUND('',#6157,.T.);
#8108=FACE_BOUND('',#6158,.T.);
#8109=FACE_BOUND('',#6159,.T.);
#8110=FACE_BOUND('',#6160,.T.);
#8111=FACE_BOUND('',#6161,.T.);
#8112=FACE_BOUND('',#6162,.T.);
#8113=FACE_BOUND('',#6163,.T.);
#8114=FACE_BOUND('',#6164,.T.);
#8115=FACE_BOUND('',#6165,.T.);
#8116=FACE_BOUND('',#6166,.T.);
#8117=FACE_BOUND('',#6167,.T.);
#8118=FACE_BOUND('',#6168,.T.);
#8119=FACE_BOUND('',#6169,.T.);
#8120=FACE_BOUND('',#6170,.T.);
#8121=FACE_BOUND('',#6171,.T.);
#8122=FACE_BOUND('',#6172,.T.);
#8123=FACE_BOUND('',#6173,.T.);
#8124=FACE_BOUND('',#6174,.T.);
#8125=FACE_BOUND('',#6175,.T.);
#8126=FACE_BOUND('',#6176,.T.);
#8127=FACE_BOUND('',#6177,.T.);
#8128=FACE_BOUND('',#6178,.T.);
#8129=FACE_BOUND('',#6179,.T.);
#8130=FACE_BOUND('',#6180,.T.);
#8131=FACE_BOUND('',#6181,.T.);
#8132=FACE_BOUND('',#6182,.T.);
#8133=FACE_BOUND('',#6183,.T.);
#8134=FACE_BOUND('',#6184,.T.);
#8135=FACE_BOUND('',#6185,.T.);
#8136=FACE_BOUND('',#6186,.T.);
#8137=FACE_BOUND('',#6187,.T.);
#8138=FACE_BOUND('',#6188,.T.);
#8139=FACE_BOUND('',#6189,.T.);
#8140=FACE_BOUND('',#6190,.T.);
#8141=FACE_BOUND('',#6191,.T.);
#8142=FACE_BOUND('',#6192,.T.);
#8143=FACE_BOUND('',#6193,.T.);
#8144=FACE_BOUND('',#6194,.T.);
#8145=FACE_BOUND('',#6195,.T.);
#8146=FACE_BOUND('',#6196,.T.);
#8147=FACE_BOUND('',#6197,.T.);
#8148=FACE_BOUND('',#6198,.T.);
#8149=FACE_BOUND('',#6199,.T.);
#8150=FACE_BOUND('',#6200,.T.);
#8151=FACE_BOUND('',#6201,.T.);
#8152=FACE_BOUND('',#6202,.T.);
#8153=FACE_BOUND('',#6203,.T.);
#8154=FACE_BOUND('',#6204,.T.);
#8155=FACE_BOUND('',#6205,.T.);
#8156=FACE_BOUND('',#6206,.T.);
#8157=FACE_BOUND('',#6207,.T.);
#8158=FACE_BOUND('',#6208,.T.);
#8159=FACE_BOUND('',#6209,.T.);
#8160=FACE_BOUND('',#6210,.T.);
#8161=FACE_BOUND('',#6211,.T.);
#8162=FACE_BOUND('',#6212,.T.);
#8163=FACE_BOUND('',#6213,.T.);
#8164=FACE_BOUND('',#6214,.T.);
#8165=FACE_BOUND('',#6215,.T.);
#8166=FACE_BOUND('',#6216,.T.);
#8167=FACE_BOUND('',#6217,.T.);
#8168=FACE_BOUND('',#6218,.T.);
#8169=FACE_BOUND('',#6219,.T.);
#8170=FACE_BOUND('',#6220,.T.);
#8171=FACE_BOUND('',#6221,.T.);
#8172=FACE_BOUND('',#6222,.T.);
#8173=FACE_BOUND('',#6223,.T.);
#8174=FACE_BOUND('',#6224,.T.);
#8175=FACE_BOUND('',#6225,.T.);
#8176=FACE_BOUND('',#6226,.T.);
#8177=FACE_BOUND('',#6227,.T.);
#8178=FACE_BOUND('',#6228,.T.);
#8179=FACE_BOUND('',#6229,.T.);
#8180=FACE_BOUND('',#6230,.T.);
#8181=FACE_BOUND('',#6231,.T.);
#8182=FACE_BOUND('',#6232,.T.);
#8183=FACE_BOUND('',#6233,.T.);
#8184=FACE_BOUND('',#6234,.T.);
#8185=FACE_BOUND('',#6235,.T.);
#8186=FACE_BOUND('',#6236,.T.);
#8187=FACE_BOUND('',#6237,.T.);
#8188=FACE_BOUND('',#6238,.T.);
#8189=FACE_BOUND('',#6239,.T.);
#8190=FACE_BOUND('',#6240,.T.);
#8191=FACE_BOUND('',#6241,.T.);
#8192=FACE_BOUND('',#6242,.T.);
#8193=FACE_BOUND('',#6243,.T.);
#8194=FACE_BOUND('',#6244,.T.);
#8195=FACE_BOUND('',#6245,.T.);
#8196=FACE_BOUND('',#6246,.T.);
#8197=FACE_BOUND('',#6247,.T.);
#8198=FACE_BOUND('',#6248,.T.);
#8199=FACE_BOUND('',#6249,.T.);
#8200=FACE_BOUND('',#6250,.T.);
#8201=FACE_BOUND('',#6251,.T.);
#8202=FACE_BOUND('',#6252,.T.);
#8203=FACE_BOUND('',#6253,.T.);
#8204=FACE_BOUND('',#6254,.T.);
#8205=FACE_BOUND('',#6255,.T.);
#8206=FACE_BOUND('',#6256,.T.);
#8207=FACE_BOUND('',#6257,.T.);
#8208=FACE_BOUND('',#6258,.T.);
#8209=FACE_BOUND('',#6259,.T.);
#8210=FACE_BOUND('',#6260,.T.);
#8211=FACE_BOUND('',#6261,.T.);
#8212=FACE_BOUND('',#6262,.T.);
#8213=FACE_BOUND('',#6263,.T.);
#8214=FACE_BOUND('',#6264,.T.);
#8215=FACE_BOUND('',#6265,.T.);
#8216=FACE_BOUND('',#6266,.T.);
#8217=FACE_BOUND('',#6267,.T.);
#8218=FACE_BOUND('',#6268,.T.);
#8219=FACE_BOUND('',#6269,.T.);
#8220=FACE_BOUND('',#6270,.T.);
#8221=FACE_BOUND('',#6271,.T.);
#8222=FACE_BOUND('',#6272,.T.);
#8223=FACE_BOUND('',#6273,.T.);
#8224=FACE_BOUND('',#6274,.T.);
#8225=FACE_BOUND('',#6275,.T.);
#8226=FACE_BOUND('',#6276,.T.);
#8227=FACE_BOUND('',#6277,.T.);
#8228=FACE_BOUND('',#6278,.T.);
#8229=FACE_BOUND('',#6279,.T.);
#8230=FACE_BOUND('',#6280,.T.);
#8231=FACE_BOUND('',#6281,.T.);
#8232=FACE_BOUND('',#6282,.T.);
#8233=FACE_BOUND('',#6283,.T.);
#8234=FACE_BOUND('',#6284,.T.);
#8235=FACE_BOUND('',#6285,.T.);
#8236=FACE_BOUND('',#6286,.T.);
#8237=FACE_BOUND('',#6287,.T.);
#8238=FACE_BOUND('',#6288,.T.);
#8239=FACE_BOUND('',#6289,.T.);
#8240=FACE_BOUND('',#6290,.T.);
#8241=FACE_BOUND('',#6291,.T.);
#8242=FACE_BOUND('',#6292,.T.);
#8243=FACE_BOUND('',#6293,.T.);
#8244=FACE_BOUND('',#6294,.T.);
#8245=FACE_BOUND('',#6295,.T.);
#8246=FACE_BOUND('',#6296,.T.);
#8247=FACE_BOUND('',#6297,.T.);
#8248=FACE_BOUND('',#6298,.T.);
#8249=FACE_BOUND('',#6299,.T.);
#8250=FACE_BOUND('',#6300,.T.);
#8251=FACE_BOUND('',#6301,.T.);
#8252=FACE_BOUND('',#6302,.T.);
#8253=FACE_BOUND('',#6303,.T.);
#8254=FACE_BOUND('',#6304,.T.);
#8255=FACE_BOUND('',#6305,.T.);
#8256=FACE_BOUND('',#6306,.T.);
#8257=FACE_BOUND('',#6307,.T.);
#8258=FACE_BOUND('',#6308,.T.);
#8259=FACE_BOUND('',#6309,.T.);
#8260=FACE_BOUND('',#6310,.T.);
#8261=FACE_BOUND('',#6311,.T.);
#8262=FACE_BOUND('',#6312,.T.);
#8263=FACE_BOUND('',#6313,.T.);
#8264=FACE_BOUND('',#6314,.T.);
#8265=FACE_BOUND('',#6315,.T.);
#8266=FACE_BOUND('',#6316,.T.);
#8267=FACE_BOUND('',#6317,.T.);
#8268=FACE_BOUND('',#6318,.T.);
#8269=FACE_BOUND('',#6319,.T.);
#8270=FACE_BOUND('',#6320,.T.);
#8271=FACE_BOUND('',#6321,.T.);
#8272=FACE_BOUND('',#6322,.T.);
#8273=FACE_BOUND('',#6323,.T.);
#8274=FACE_BOUND('',#6324,.T.);
#8275=FACE_BOUND('',#6325,.T.);
#8276=FACE_BOUND('',#6326,.T.);
#8277=FACE_BOUND('',#6327,.T.);
#8278=FACE_BOUND('',#6328,.T.);
#8279=FACE_BOUND('',#6329,.T.);
#8280=FACE_BOUND('',#6330,.T.);
#8281=FACE_BOUND('',#6331,.T.);
#8282=FACE_BOUND('',#6332,.T.);
#8283=FACE_BOUND('',#6333,.T.);
#8284=FACE_BOUND('',#6334,.T.);
#8285=FACE_BOUND('',#6335,.T.);
#8286=FACE_BOUND('',#6336,.T.);
#8287=FACE_BOUND('',#6337,.T.);
#8288=FACE_BOUND('',#6338,.T.);
#8289=FACE_BOUND('',#6339,.T.);
#8290=FACE_BOUND('',#6340,.T.);
#8291=FACE_BOUND('',#6341,.T.);
#8292=FACE_BOUND('',#6342,.T.);
#8293=FACE_BOUND('',#6343,.T.);
#8294=FACE_BOUND('',#6344,.T.);
#8295=FACE_BOUND('',#6345,.T.);
#8296=FACE_BOUND('',#6346,.T.);
#8297=FACE_BOUND('',#6347,.T.);
#8298=FACE_BOUND('',#6348,.T.);
#8299=FACE_BOUND('',#6349,.T.);
#8300=FACE_BOUND('',#6350,.T.);
#8301=FACE_BOUND('',#6351,.T.);
#8302=FACE_BOUND('',#6352,.T.);
#8303=FACE_BOUND('',#6353,.T.);
#8304=FACE_BOUND('',#6354,.T.);
#8305=FACE_BOUND('',#6355,.T.);
#8306=FACE_BOUND('',#6356,.T.);
#8307=FACE_BOUND('',#6357,.T.);
#8308=FACE_BOUND('',#6358,.T.);
#8309=FACE_BOUND('',#6359,.T.);
#8310=FACE_BOUND('',#6360,.T.);
#8311=FACE_BOUND('',#6361,.T.);
#8312=FACE_BOUND('',#6362,.T.);
#8313=FACE_BOUND('',#6363,.T.);
#8314=FACE_BOUND('',#6364,.T.);
#8315=FACE_BOUND('',#6365,.T.);
#8316=FACE_BOUND('',#6366,.T.);
#8317=FACE_BOUND('',#6367,.T.);
#8318=FACE_BOUND('',#6368,.T.);
#8319=FACE_BOUND('',#6369,.T.);
#8320=FACE_BOUND('',#6370,.T.);
#8321=FACE_BOUND('',#6371,.T.);
#8322=FACE_BOUND('',#6372,.T.);
#8323=FACE_BOUND('',#6373,.T.);
#8324=FACE_BOUND('',#6374,.T.);
#8325=FACE_BOUND('',#6375,.T.);
#8326=FACE_BOUND('',#6376,.T.);
#8327=FACE_BOUND('',#6377,.T.);
#8328=FACE_BOUND('',#6378,.T.);
#8329=FACE_BOUND('',#6379,.T.);
#8330=FACE_BOUND('',#6380,.T.);
#8331=FACE_BOUND('',#6381,.T.);
#8332=FACE_BOUND('',#6382,.T.);
#8333=FACE_BOUND('',#6383,.T.);
#8334=FACE_BOUND('',#6384,.T.);
#8335=FACE_BOUND('',#6385,.T.);
#8336=FACE_BOUND('',#6386,.T.);
#8337=FACE_BOUND('',#6387,.T.);
#8338=FACE_BOUND('',#6388,.T.);
#8339=FACE_BOUND('',#6389,.T.);
#8340=FACE_BOUND('',#6390,.T.);
#8341=FACE_BOUND('',#6391,.T.);
#8342=FACE_BOUND('',#6392,.T.);
#8343=FACE_BOUND('',#6393,.T.);
#8344=FACE_BOUND('',#6394,.T.);
#8345=FACE_BOUND('',#6395,.T.);
#8346=FACE_BOUND('',#6396,.T.);
#8347=FACE_BOUND('',#6397,.T.);
#8348=FACE_BOUND('',#6398,.T.);
#8349=FACE_BOUND('',#6399,.T.);
#8350=FACE_BOUND('',#6400,.T.);
#8351=FACE_BOUND('',#6401,.T.);
#8352=FACE_BOUND('',#6402,.T.);
#8353=FACE_BOUND('',#6403,.T.);
#8354=FACE_BOUND('',#6404,.T.);
#8355=FACE_BOUND('',#6405,.T.);
#8356=FACE_BOUND('',#6406,.T.);
#8357=FACE_BOUND('',#6407,.T.);
#8358=FACE_BOUND('',#6408,.T.);
#8359=FACE_BOUND('',#6409,.T.);
#8360=FACE_BOUND('',#6410,.T.);
#8361=FACE_BOUND('',#6411,.T.);
#8362=FACE_BOUND('',#6412,.T.);
#8363=FACE_BOUND('',#6413,.T.);
#8364=FACE_BOUND('',#6414,.T.);
#8365=FACE_BOUND('',#6415,.T.);
#8366=FACE_BOUND('',#6416,.T.);
#8367=FACE_BOUND('',#6417,.T.);
#8368=FACE_BOUND('',#6418,.T.);
#8369=FACE_BOUND('',#6419,.T.);
#8370=FACE_BOUND('',#6420,.T.);
#8371=FACE_BOUND('',#6421,.T.);
#8372=FACE_BOUND('',#6422,.T.);
#8373=FACE_BOUND('',#6423,.T.);
#8374=FACE_BOUND('',#6424,.T.);
#8375=FACE_BOUND('',#6425,.T.);
#8376=FACE_BOUND('',#6426,.T.);
#8377=FACE_BOUND('',#6427,.T.);
#8378=FACE_BOUND('',#6428,.T.);
#8379=FACE_BOUND('',#6429,.T.);
#8380=FACE_BOUND('',#6430,.T.);
#8381=FACE_BOUND('',#6431,.T.);
#8382=FACE_BOUND('',#6432,.T.);
#8383=FACE_BOUND('',#6433,.T.);
#8384=FACE_BOUND('',#6434,.T.);
#8385=FACE_BOUND('',#6435,.T.);
#8386=FACE_BOUND('',#6436,.T.);
#8387=FACE_BOUND('',#6437,.T.);
#8388=FACE_BOUND('',#6438,.T.);
#8389=FACE_BOUND('',#6439,.T.);
#8390=FACE_BOUND('',#6440,.T.);
#8391=FACE_BOUND('',#6441,.T.);
#8392=FACE_BOUND('',#6442,.T.);
#8393=FACE_BOUND('',#6443,.T.);
#8394=FACE_BOUND('',#6444,.T.);
#8395=FACE_BOUND('',#6445,.T.);
#8396=FACE_BOUND('',#6446,.T.);
#8397=FACE_BOUND('',#6447,.T.);
#8398=FACE_BOUND('',#6448,.T.);
#8399=FACE_BOUND('',#6449,.T.);
#8400=FACE_BOUND('',#6450,.T.);
#8401=FACE_BOUND('',#6451,.T.);
#8402=FACE_BOUND('',#6452,.T.);
#8403=FACE_BOUND('',#6453,.T.);
#8404=FACE_BOUND('',#6454,.T.);
#8405=FACE_BOUND('',#6455,.T.);
#8406=FACE_BOUND('',#6456,.T.);
#8407=FACE_BOUND('',#6457,.T.);
#8408=FACE_BOUND('',#6458,.T.);
#8409=FACE_BOUND('',#6459,.T.);
#8410=FACE_BOUND('',#6460,.T.);
#8411=FACE_BOUND('',#6461,.T.);
#8412=FACE_BOUND('',#6462,.T.);
#8413=FACE_BOUND('',#6463,.T.);
#8414=FACE_BOUND('',#6464,.T.);
#8415=FACE_BOUND('',#6465,.T.);
#8416=FACE_BOUND('',#6466,.T.);
#8417=FACE_BOUND('',#6467,.T.);
#8418=FACE_BOUND('',#6468,.T.);
#8419=FACE_BOUND('',#6469,.T.);
#8420=FACE_BOUND('',#6470,.T.);
#8421=FACE_BOUND('',#6471,.T.);
#8422=FACE_BOUND('',#6472,.T.);
#8423=FACE_BOUND('',#6473,.T.);
#8424=FACE_BOUND('',#6474,.T.);
#8425=FACE_BOUND('',#6475,.T.);
#8426=FACE_BOUND('',#6476,.T.);
#8427=FACE_BOUND('',#6477,.T.);
#8428=FACE_BOUND('',#6478,.T.);
#8429=FACE_BOUND('',#6479,.T.);
#8430=FACE_BOUND('',#6480,.T.);
#8431=FACE_BOUND('',#6481,.T.);
#8432=FACE_BOUND('',#6482,.T.);
#8433=FACE_BOUND('',#6483,.T.);
#8434=FACE_BOUND('',#6484,.T.);
#8435=FACE_BOUND('',#6485,.T.);
#8436=FACE_BOUND('',#6486,.T.);
#8437=FACE_BOUND('',#6487,.T.);
#8438=FACE_BOUND('',#6488,.T.);
#8439=FACE_BOUND('',#6489,.T.);
#8440=FACE_BOUND('',#6490,.T.);
#8441=FACE_BOUND('',#6491,.T.);
#8442=FACE_BOUND('',#6492,.T.);
#8443=FACE_BOUND('',#6493,.T.);
#8444=FACE_BOUND('',#6494,.T.);
#8445=FACE_BOUND('',#6495,.T.);
#8446=FACE_BOUND('',#6496,.T.);
#8447=FACE_BOUND('',#6497,.T.);
#8448=FACE_BOUND('',#6498,.T.);
#8449=FACE_BOUND('',#6499,.T.);
#8450=FACE_BOUND('',#6500,.T.);
#8451=FACE_BOUND('',#6501,.T.);
#8452=FACE_BOUND('',#6502,.T.);
#8453=FACE_BOUND('',#6503,.T.);
#8454=FACE_BOUND('',#6504,.T.);
#8455=FACE_BOUND('',#6505,.T.);
#8456=FACE_BOUND('',#6506,.T.);
#8457=FACE_BOUND('',#6507,.T.);
#8458=FACE_BOUND('',#6508,.T.);
#8459=FACE_BOUND('',#6509,.T.);
#8460=FACE_BOUND('',#6510,.T.);
#8461=FACE_BOUND('',#6511,.T.);
#8462=FACE_BOUND('',#6512,.T.);
#8463=FACE_BOUND('',#6513,.T.);
#8464=FACE_BOUND('',#6514,.T.);
#8465=FACE_BOUND('',#6515,.T.);
#8466=FACE_BOUND('',#6516,.T.);
#8467=FACE_BOUND('',#6517,.T.);
#8468=FACE_BOUND('',#6518,.T.);
#8469=FACE_BOUND('',#6519,.T.);
#8470=FACE_BOUND('',#6520,.T.);
#8471=FACE_BOUND('',#6521,.T.);
#8472=FACE_BOUND('',#6522,.T.);
#8473=FACE_BOUND('',#6523,.T.);
#8474=FACE_BOUND('',#6524,.T.);
#8475=FACE_BOUND('',#6525,.T.);
#8476=FACE_BOUND('',#6526,.T.);
#8477=FACE_BOUND('',#6527,.T.);
#8478=FACE_BOUND('',#6528,.T.);
#8479=FACE_BOUND('',#6529,.T.);
#8480=FACE_BOUND('',#6530,.T.);
#8481=FACE_BOUND('',#6531,.T.);
#8482=FACE_BOUND('',#6532,.T.);
#8483=FACE_BOUND('',#6533,.T.);
#8484=FACE_BOUND('',#6534,.T.);
#8485=FACE_BOUND('',#6535,.T.);
#8486=FACE_BOUND('',#6536,.T.);
#8487=FACE_BOUND('',#6537,.T.);
#8488=FACE_BOUND('',#6538,.T.);
#8489=FACE_BOUND('',#6539,.T.);
#8490=FACE_BOUND('',#6540,.T.);
#8491=FACE_BOUND('',#6541,.T.);
#8492=FACE_BOUND('',#6542,.T.);
#8493=FACE_BOUND('',#6543,.T.);
#8494=FACE_BOUND('',#6544,.T.);
#8495=FACE_BOUND('',#6545,.T.);
#8496=FACE_BOUND('',#6546,.T.);
#8497=FACE_BOUND('',#6547,.T.);
#8498=FACE_BOUND('',#6548,.T.);
#8499=FACE_BOUND('',#6549,.T.);
#8500=FACE_BOUND('',#6550,.T.);
#8501=FACE_BOUND('',#6551,.T.);
#8502=FACE_BOUND('',#6552,.T.);
#8503=FACE_BOUND('',#6553,.T.);
#8504=FACE_BOUND('',#6554,.T.);
#8505=FACE_BOUND('',#6555,.T.);
#8506=FACE_BOUND('',#6556,.T.);
#8507=FACE_BOUND('',#6557,.T.);
#8508=FACE_BOUND('',#6558,.T.);
#8509=FACE_BOUND('',#6559,.T.);
#8510=FACE_BOUND('',#6560,.T.);
#8511=FACE_BOUND('',#6561,.T.);
#8512=FACE_BOUND('',#6562,.T.);
#8513=FACE_BOUND('',#6563,.T.);
#8514=FACE_BOUND('',#6564,.T.);
#8515=FACE_BOUND('',#6565,.T.);
#8516=FACE_BOUND('',#6566,.T.);
#8517=FACE_BOUND('',#6567,.T.);
#8518=FACE_BOUND('',#6568,.T.);
#8519=FACE_BOUND('',#6569,.T.);
#8520=FACE_BOUND('',#6570,.T.);
#8521=FACE_BOUND('',#6571,.T.);
#8522=FACE_BOUND('',#6572,.T.);
#8523=FACE_BOUND('',#6573,.T.);
#8524=FACE_BOUND('',#6574,.T.);
#8525=FACE_BOUND('',#6575,.T.);
#8526=FACE_BOUND('',#6576,.T.);
#8527=FACE_BOUND('',#6577,.T.);
#8528=FACE_BOUND('',#6578,.T.);
#8529=FACE_BOUND('',#6579,.T.);
#8530=FACE_BOUND('',#6580,.T.);
#8531=FACE_BOUND('',#6581,.T.);
#8532=FACE_BOUND('',#6582,.T.);
#8533=FACE_BOUND('',#6583,.T.);
#8534=FACE_BOUND('',#6584,.T.);
#8535=FACE_BOUND('',#6585,.T.);
#8536=FACE_BOUND('',#6586,.T.);
#8537=FACE_BOUND('',#6587,.T.);
#8538=FACE_BOUND('',#6588,.T.);
#8539=FACE_BOUND('',#6589,.T.);
#8540=FACE_BOUND('',#6590,.T.);
#8541=FACE_BOUND('',#6591,.T.);
#8542=FACE_BOUND('',#6592,.T.);
#8543=FACE_BOUND('',#6593,.T.);
#8544=FACE_BOUND('',#6594,.T.);
#8545=FACE_BOUND('',#6595,.T.);
#8546=FACE_BOUND('',#6596,.T.);
#8547=FACE_BOUND('',#6597,.T.);
#8548=FACE_BOUND('',#6598,.T.);
#8549=FACE_BOUND('',#6599,.T.);
#8550=FACE_BOUND('',#6600,.T.);
#8551=FACE_BOUND('',#6601,.T.);
#8552=FACE_BOUND('',#6602,.T.);
#8553=FACE_BOUND('',#6603,.T.);
#8554=FACE_BOUND('',#6604,.T.);
#8555=FACE_BOUND('',#6605,.T.);
#8556=FACE_BOUND('',#6606,.T.);
#8557=FACE_BOUND('',#6607,.T.);
#8558=FACE_BOUND('',#6608,.T.);
#8559=FACE_BOUND('',#6609,.T.);
#8560=FACE_BOUND('',#6610,.T.);
#8561=FACE_BOUND('',#6611,.T.);
#8562=FACE_BOUND('',#6612,.T.);
#8563=FACE_BOUND('',#6613,.T.);
#8564=FACE_BOUND('',#6614,.T.);
#8565=FACE_BOUND('',#6615,.T.);
#8566=FACE_BOUND('',#6616,.T.);
#8567=FACE_BOUND('',#6617,.T.);
#8568=FACE_BOUND('',#6618,.T.);
#8569=FACE_BOUND('',#6619,.T.);
#8570=FACE_BOUND('',#6620,.T.);
#8571=FACE_BOUND('',#6621,.T.);
#8572=FACE_BOUND('',#6622,.T.);
#8573=FACE_BOUND('',#6623,.T.);
#8574=FACE_BOUND('',#6624,.T.);
#8575=FACE_BOUND('',#6625,.T.);
#8576=FACE_BOUND('',#6626,.T.);
#8577=FACE_BOUND('',#6627,.T.);
#8578=FACE_BOUND('',#6628,.T.);
#8579=FACE_BOUND('',#6629,.T.);
#8580=FACE_BOUND('',#6630,.T.);
#8581=FACE_BOUND('',#6631,.T.);
#8582=FACE_BOUND('',#6632,.T.);
#8583=FACE_BOUND('',#6633,.T.);
#8584=FACE_BOUND('',#6634,.T.);
#8585=FACE_BOUND('',#6635,.T.);
#8586=FACE_BOUND('',#6636,.T.);
#8587=FACE_BOUND('',#6637,.T.);
#8588=FACE_BOUND('',#6638,.T.);
#8589=FACE_BOUND('',#6639,.T.);
#8590=FACE_BOUND('',#6640,.T.);
#8591=FACE_BOUND('',#6641,.T.);
#8592=FACE_BOUND('',#6642,.T.);
#8593=FACE_BOUND('',#6643,.T.);
#8594=FACE_BOUND('',#6644,.T.);
#8595=FACE_BOUND('',#6645,.T.);
#8596=FACE_BOUND('',#6646,.T.);
#8597=FACE_BOUND('',#6647,.T.);
#8598=FACE_BOUND('',#6648,.T.);
#8599=FACE_BOUND('',#6649,.T.);
#8600=FACE_BOUND('',#6650,.T.);
#8601=FACE_BOUND('',#6651,.T.);
#8602=FACE_BOUND('',#6652,.T.);
#8603=FACE_BOUND('',#6653,.T.);
#8604=FACE_BOUND('',#6654,.T.);
#8605=FACE_BOUND('',#6655,.T.);
#8606=FACE_BOUND('',#6656,.T.);
#8607=FACE_BOUND('',#6657,.T.);
#8608=FACE_BOUND('',#6658,.T.);
#8609=FACE_BOUND('',#6659,.T.);
#8610=FACE_BOUND('',#6660,.T.);
#8611=FACE_BOUND('',#6661,.T.);
#8612=FACE_BOUND('',#6662,.T.);
#8613=FACE_BOUND('',#6663,.T.);
#8614=FACE_BOUND('',#6664,.T.);
#8615=FACE_BOUND('',#6665,.T.);
#8616=FACE_BOUND('',#6666,.T.);
#8617=FACE_BOUND('',#6667,.T.);
#8618=FACE_BOUND('',#6668,.T.);
#8619=FACE_BOUND('',#6669,.T.);
#8620=FACE_BOUND('',#6670,.T.);
#8621=FACE_BOUND('',#6671,.T.);
#8622=FACE_BOUND('',#6672,.T.);
#8623=FACE_BOUND('',#6673,.T.);
#8624=FACE_BOUND('',#6674,.T.);
#8625=FACE_BOUND('',#6675,.T.);
#8626=FACE_BOUND('',#6676,.T.);
#8627=FACE_BOUND('',#6677,.T.);
#8628=FACE_BOUND('',#6678,.T.);
#8629=FACE_BOUND('',#6679,.T.);
#8630=FACE_BOUND('',#6680,.T.);
#8631=FACE_BOUND('',#6681,.T.);
#8632=FACE_BOUND('',#6682,.T.);
#8633=FACE_BOUND('',#6683,.T.);
#8634=FACE_BOUND('',#6684,.T.);
#8635=FACE_BOUND('',#6685,.T.);
#8636=FACE_BOUND('',#6686,.T.);
#8637=FACE_BOUND('',#6687,.T.);
#8638=FACE_BOUND('',#6688,.T.);
#8639=FACE_BOUND('',#6689,.T.);
#8640=FACE_BOUND('',#6690,.T.);
#8641=FACE_BOUND('',#6691,.T.);
#8642=FACE_BOUND('',#6692,.T.);
#8643=FACE_BOUND('',#6693,.T.);
#8644=FACE_BOUND('',#6694,.T.);
#8645=FACE_BOUND('',#6695,.T.);
#8646=FACE_BOUND('',#6696,.T.);
#8647=FACE_BOUND('',#6697,.T.);
#8648=FACE_BOUND('',#6698,.T.);
#8649=FACE_BOUND('',#6699,.T.);
#8650=FACE_BOUND('',#6700,.T.);
#8651=FACE_BOUND('',#6701,.T.);
#8652=FACE_BOUND('',#6702,.T.);
#8653=FACE_BOUND('',#6703,.T.);
#8654=FACE_BOUND('',#6704,.T.);
#8655=FACE_BOUND('',#6705,.T.);
#8656=FACE_BOUND('',#6706,.T.);
#8657=FACE_BOUND('',#6707,.T.);
#8658=FACE_BOUND('',#6708,.T.);
#8659=FACE_BOUND('',#6709,.T.);
#8660=FACE_BOUND('',#6710,.T.);
#8661=FACE_BOUND('',#6711,.T.);
#8662=FACE_BOUND('',#6712,.T.);
#8663=FACE_BOUND('',#6713,.T.);
#8664=FACE_BOUND('',#6714,.T.);
#8665=FACE_BOUND('',#6715,.T.);
#8666=FACE_BOUND('',#6716,.T.);
#8667=FACE_BOUND('',#6717,.T.);
#8668=FACE_BOUND('',#6718,.T.);
#8669=FACE_BOUND('',#6719,.T.);
#8670=FACE_BOUND('',#6720,.T.);
#8671=FACE_BOUND('',#6721,.T.);
#8672=FACE_BOUND('',#6722,.T.);
#8673=FACE_BOUND('',#6723,.T.);
#8674=FACE_BOUND('',#6724,.T.);
#8675=FACE_BOUND('',#6725,.T.);
#8676=FACE_BOUND('',#6726,.T.);
#8677=FACE_BOUND('',#6727,.T.);
#8678=FACE_BOUND('',#6728,.T.);
#8679=FACE_BOUND('',#6729,.T.);
#8680=FACE_BOUND('',#6730,.T.);
#8681=FACE_BOUND('',#6731,.T.);
#8682=FACE_BOUND('',#6732,.T.);
#8683=FACE_BOUND('',#6733,.T.);
#8684=FACE_BOUND('',#6734,.T.);
#8685=FACE_BOUND('',#6735,.T.);
#8686=FACE_BOUND('',#6736,.T.);
#8687=FACE_BOUND('',#6737,.T.);
#8688=FACE_BOUND('',#6738,.T.);
#8689=FACE_BOUND('',#6739,.T.);
#8690=FACE_BOUND('',#6740,.T.);
#8691=FACE_BOUND('',#6741,.T.);
#8692=FACE_BOUND('',#6742,.T.);
#8693=FACE_BOUND('',#6743,.T.);
#8694=FACE_BOUND('',#6744,.T.);
#8695=FACE_BOUND('',#6745,.T.);
#8696=FACE_BOUND('',#6746,.T.);
#8697=FACE_BOUND('',#6747,.T.);
#8698=FACE_BOUND('',#6748,.T.);
#8699=FACE_BOUND('',#6749,.T.);
#8700=FACE_BOUND('',#6750,.T.);
#8701=FACE_BOUND('',#6751,.T.);
#8702=FACE_BOUND('',#6752,.T.);
#8703=FACE_BOUND('',#6753,.T.);
#8704=FACE_BOUND('',#6754,.T.);
#8705=FACE_BOUND('',#6755,.T.);
#8706=FACE_BOUND('',#6756,.T.);
#8707=FACE_BOUND('',#6757,.T.);
#8708=FACE_BOUND('',#6758,.T.);
#8709=FACE_BOUND('',#6759,.T.);
#8710=FACE_BOUND('',#6760,.T.);
#8711=FACE_BOUND('',#6761,.T.);
#8712=FACE_BOUND('',#6762,.T.);
#8713=FACE_BOUND('',#6763,.T.);
#8714=FACE_BOUND('',#6764,.T.);
#8715=FACE_BOUND('',#6765,.T.);
#8716=FACE_BOUND('',#6766,.T.);
#8717=FACE_BOUND('',#6767,.T.);
#8718=FACE_BOUND('',#6768,.T.);
#8719=FACE_BOUND('',#6769,.T.);
#8720=FACE_BOUND('',#6770,.T.);
#8721=FACE_BOUND('',#6771,.T.);
#8722=FACE_BOUND('',#6772,.T.);
#8723=FACE_BOUND('',#6773,.T.);
#8724=FACE_BOUND('',#6774,.T.);
#8725=FACE_BOUND('',#6775,.T.);
#8726=FACE_BOUND('',#6776,.T.);
#8727=FACE_BOUND('',#6777,.T.);
#8728=FACE_BOUND('',#6778,.T.);
#8729=FACE_BOUND('',#6779,.T.);
#8730=FACE_BOUND('',#6780,.T.);
#8731=FACE_BOUND('',#6781,.T.);
#8732=FACE_BOUND('',#6782,.T.);
#8733=FACE_BOUND('',#6783,.T.);
#8734=FACE_BOUND('',#6784,.T.);
#8735=FACE_BOUND('',#6785,.T.);
#8736=FACE_BOUND('',#6786,.T.);
#8737=FACE_BOUND('',#6787,.T.);
#8738=FACE_BOUND('',#6788,.T.);
#8739=FACE_BOUND('',#6789,.T.);
#8740=FACE_BOUND('',#6790,.T.);
#8741=FACE_BOUND('',#6791,.T.);
#8742=FACE_BOUND('',#6792,.T.);
#8743=FACE_BOUND('',#6793,.T.);
#8744=FACE_BOUND('',#6794,.T.);
#8745=FACE_BOUND('',#6795,.T.);
#8746=FACE_BOUND('',#6796,.T.);
#8747=FACE_BOUND('',#6797,.T.);
#8748=FACE_BOUND('',#6798,.T.);
#8749=FACE_BOUND('',#6799,.T.);
#8750=FACE_BOUND('',#6800,.T.);
#8751=FACE_BOUND('',#6801,.T.);
#8752=FACE_BOUND('',#6802,.T.);
#8753=FACE_BOUND('',#6803,.T.);
#8754=FACE_BOUND('',#6804,.T.);
#8755=FACE_BOUND('',#6805,.T.);
#8756=FACE_BOUND('',#6806,.T.);
#8757=FACE_BOUND('',#6807,.T.);
#8758=FACE_BOUND('',#6808,.T.);
#8759=FACE_BOUND('',#6809,.T.);
#8760=FACE_BOUND('',#6810,.T.);
#8761=FACE_BOUND('',#6811,.T.);
#8762=FACE_BOUND('',#6812,.T.);
#8763=FACE_BOUND('',#6813,.T.);
#8764=FACE_BOUND('',#6814,.T.);
#8765=FACE_BOUND('',#6815,.T.);
#8766=FACE_BOUND('',#6816,.T.);
#8767=FACE_BOUND('',#6817,.T.);
#8768=FACE_BOUND('',#6818,.T.);
#8769=FACE_BOUND('',#6819,.T.);
#8770=FACE_BOUND('',#6820,.T.);
#8771=FACE_BOUND('',#6821,.T.);
#8772=FACE_BOUND('',#6822,.T.);
#8773=FACE_BOUND('',#6823,.T.);
#8774=FACE_BOUND('',#6824,.T.);
#8775=FACE_BOUND('',#6825,.T.);
#8776=FACE_BOUND('',#6826,.T.);
#8777=FACE_BOUND('',#6827,.T.);
#8778=FACE_BOUND('',#6828,.T.);
#8779=FACE_BOUND('',#6829,.T.);
#8780=FACE_BOUND('',#6830,.T.);
#8781=FACE_BOUND('',#6831,.T.);
#8782=FACE_BOUND('',#6832,.T.);
#8783=FACE_BOUND('',#6833,.T.);
#8784=FACE_BOUND('',#6834,.T.);
#8785=FACE_BOUND('',#6835,.T.);
#8786=FACE_BOUND('',#6836,.T.);
#8787=FACE_BOUND('',#6837,.T.);
#8788=FACE_BOUND('',#6838,.T.);
#8789=FACE_BOUND('',#6839,.T.);
#8790=FACE_BOUND('',#6840,.T.);
#8791=FACE_BOUND('',#6841,.T.);
#8792=FACE_BOUND('',#6842,.T.);
#8793=FACE_BOUND('',#6843,.T.);
#8794=FACE_BOUND('',#6844,.T.);
#8795=FACE_BOUND('',#6845,.T.);
#8796=FACE_BOUND('',#6846,.T.);
#8797=FACE_BOUND('',#6847,.T.);
#8798=FACE_BOUND('',#6848,.T.);
#8799=FACE_BOUND('',#6849,.T.);
#8800=FACE_BOUND('',#6850,.T.);
#8801=FACE_BOUND('',#6851,.T.);
#8802=FACE_BOUND('',#6852,.T.);
#8803=FACE_BOUND('',#6853,.T.);
#8804=FACE_BOUND('',#6854,.T.);
#8805=FACE_BOUND('',#6855,.T.);
#8806=FACE_BOUND('',#6856,.T.);
#8807=FACE_BOUND('',#6857,.T.);
#8808=FACE_BOUND('',#6858,.T.);
#8809=FACE_BOUND('',#6859,.T.);
#8810=FACE_BOUND('',#6860,.T.);
#8811=FACE_BOUND('',#6861,.T.);
#8812=FACE_BOUND('',#6862,.T.);
#8813=FACE_BOUND('',#6863,.T.);
#8814=FACE_BOUND('',#6864,.T.);
#8815=FACE_BOUND('',#6865,.T.);
#8816=FACE_BOUND('',#6866,.T.);
#8817=FACE_BOUND('',#6867,.T.);
#8818=FACE_BOUND('',#6868,.T.);
#8819=FACE_BOUND('',#6869,.T.);
#8820=FACE_BOUND('',#6870,.T.);
#8821=FACE_BOUND('',#6871,.T.);
#8822=FACE_BOUND('',#6872,.T.);
#8823=FACE_BOUND('',#6873,.T.);
#8824=FACE_BOUND('',#6874,.T.);
#8825=FACE_BOUND('',#6875,.T.);
#8826=FACE_BOUND('',#6876,.T.);
#8827=FACE_BOUND('',#6877,.T.);
#8828=FACE_BOUND('',#6878,.T.);
#8829=FACE_BOUND('',#6879,.T.);
#8830=FACE_BOUND('',#6880,.T.);
#8831=FACE_BOUND('',#6881,.T.);
#8832=FACE_BOUND('',#6882,.T.);
#8833=FACE_BOUND('',#6883,.T.);
#8834=FACE_BOUND('',#6884,.T.);
#8835=FACE_BOUND('',#6885,.T.);
#8836=FACE_BOUND('',#6886,.T.);
#8837=FACE_BOUND('',#6887,.T.);
#8838=FACE_BOUND('',#6888,.T.);
#8839=FACE_BOUND('',#6889,.T.);
#8840=FACE_BOUND('',#6890,.T.);
#8841=FACE_BOUND('',#6891,.T.);
#8842=FACE_BOUND('',#6892,.T.);
#8843=FACE_BOUND('',#6893,.T.);
#8844=FACE_BOUND('',#6894,.T.);
#8845=FACE_BOUND('',#6895,.T.);
#8846=FACE_BOUND('',#6896,.T.);
#8847=FACE_BOUND('',#6897,.T.);
#8848=FACE_BOUND('',#6898,.T.);
#8849=FACE_BOUND('',#6899,.T.);
#8850=FACE_BOUND('',#6900,.T.);
#8851=FACE_BOUND('',#6901,.T.);
#8852=FACE_BOUND('',#6902,.T.);
#8853=FACE_BOUND('',#6903,.T.);
#8854=FACE_BOUND('',#6904,.T.);
#8855=FACE_BOUND('',#6905,.T.);
#8856=FACE_BOUND('',#6906,.T.);
#8857=FACE_BOUND('',#6907,.T.);
#8858=FACE_BOUND('',#6908,.T.);
#8859=FACE_BOUND('',#6909,.T.);
#8860=FACE_BOUND('',#6910,.T.);
#8861=FACE_BOUND('',#6911,.T.);
#8862=FACE_BOUND('',#6912,.T.);
#8863=FACE_BOUND('',#6913,.T.);
#8864=FACE_BOUND('',#6914,.T.);
#8865=FACE_BOUND('',#6915,.T.);
#8866=FACE_BOUND('',#6916,.T.);
#8867=FACE_BOUND('',#6917,.T.);
#8868=FACE_BOUND('',#6918,.T.);
#8869=FACE_BOUND('',#6919,.T.);
#8870=FACE_BOUND('',#6920,.T.);
#8871=FACE_BOUND('',#6921,.T.);
#8872=FACE_BOUND('',#6922,.T.);
#8873=FACE_BOUND('',#6923,.T.);
#8874=FACE_BOUND('',#6924,.T.);
#8875=FACE_BOUND('',#6925,.T.);
#8876=FACE_BOUND('',#6926,.T.);
#8877=FACE_BOUND('',#6927,.T.);
#8878=FACE_BOUND('',#6928,.T.);
#8879=FACE_BOUND('',#6929,.T.);
#8880=FACE_BOUND('',#6930,.T.);
#8881=FACE_BOUND('',#6931,.T.);
#8882=FACE_BOUND('',#6932,.T.);
#8883=FACE_BOUND('',#6933,.T.);
#8884=FACE_BOUND('',#6934,.T.);
#8885=FACE_BOUND('',#6935,.T.);
#8886=FACE_BOUND('',#6936,.T.);
#8887=FACE_BOUND('',#6937,.T.);
#8888=FACE_BOUND('',#6938,.T.);
#8889=FACE_BOUND('',#6939,.T.);
#8890=FACE_BOUND('',#6940,.T.);
#8891=FACE_BOUND('',#6941,.T.);
#8892=FACE_BOUND('',#6942,.T.);
#8893=FACE_BOUND('',#6943,.T.);
#8894=FACE_BOUND('',#6944,.T.);
#8895=FACE_BOUND('',#6945,.T.);
#8896=FACE_BOUND('',#6946,.T.);
#8897=FACE_BOUND('',#6947,.T.);
#8898=FACE_BOUND('',#6948,.T.);
#8899=FACE_BOUND('',#6949,.T.);
#8900=FACE_BOUND('',#6950,.T.);
#8901=FACE_BOUND('',#6951,.T.);
#8902=FACE_BOUND('',#6952,.T.);
#8903=FACE_BOUND('',#6953,.T.);
#8904=FACE_BOUND('',#6954,.T.);
#8905=FACE_BOUND('',#6955,.T.);
#8906=FACE_BOUND('',#6956,.T.);
#8907=FACE_BOUND('',#6957,.T.);
#8908=FACE_BOUND('',#6958,.T.);
#8909=FACE_BOUND('',#6959,.T.);
#8910=FACE_BOUND('',#6960,.T.);
#8911=FACE_BOUND('',#6961,.T.);
#8912=FACE_BOUND('',#6962,.T.);
#8913=FACE_BOUND('',#6963,.T.);
#8914=FACE_BOUND('',#6964,.T.);
#8915=FACE_BOUND('',#6965,.T.);
#8916=FACE_BOUND('',#6966,.T.);
#8917=FACE_BOUND('',#6967,.T.);
#8918=FACE_BOUND('',#6968,.T.);
#8919=FACE_BOUND('',#6969,.T.);
#8920=FACE_BOUND('',#6970,.T.);
#8921=FACE_BOUND('',#6971,.T.);
#8922=FACE_BOUND('',#6972,.T.);
#8923=FACE_BOUND('',#6973,.T.);
#8924=FACE_BOUND('',#6974,.T.);
#8925=FACE_BOUND('',#6975,.T.);
#8926=FACE_BOUND('',#6976,.T.);
#8927=FACE_BOUND('',#6977,.T.);
#8928=FACE_BOUND('',#6978,.T.);
#8929=FACE_BOUND('',#6979,.T.);
#8930=FACE_BOUND('',#6980,.T.);
#8931=FACE_BOUND('',#6981,.T.);
#8932=FACE_BOUND('',#6982,.T.);
#8933=FACE_BOUND('',#6983,.T.);
#8934=FACE_BOUND('',#6984,.T.);
#8935=FACE_BOUND('',#6985,.T.);
#8936=FACE_BOUND('',#6986,.T.);
#8937=FACE_BOUND('',#6987,.T.);
#8938=FACE_BOUND('',#6988,.T.);
#8939=FACE_BOUND('',#6989,.T.);
#8940=FACE_BOUND('',#6990,.T.);
#8941=FACE_BOUND('',#6991,.T.);
#8942=FACE_BOUND('',#6992,.T.);
#8943=FACE_BOUND('',#6993,.T.);
#8944=FACE_BOUND('',#6994,.T.);
#8945=FACE_BOUND('',#6995,.T.);
#8946=FACE_BOUND('',#6996,.T.);
#8947=FACE_BOUND('',#6997,.T.);
#8948=FACE_BOUND('',#6998,.T.);
#8949=FACE_BOUND('',#6999,.T.);
#8950=FACE_BOUND('',#7000,.T.);
#8951=FACE_BOUND('',#7001,.T.);
#8952=FACE_BOUND('',#7002,.T.);
#8953=FACE_BOUND('',#7003,.T.);
#8954=FACE_BOUND('',#7004,.T.);
#8955=FACE_BOUND('',#7005,.T.);
#8956=FACE_BOUND('',#7006,.T.);
#8957=FACE_BOUND('',#7007,.T.);
#8958=FACE_BOUND('',#7008,.T.);
#8959=FACE_BOUND('',#7009,.T.);
#8960=FACE_BOUND('',#7010,.T.);
#8961=FACE_BOUND('',#7011,.T.);
#8962=FACE_BOUND('',#7012,.T.);
#8963=FACE_BOUND('',#7013,.T.);
#8964=FACE_BOUND('',#7014,.T.);
#8965=FACE_BOUND('',#7015,.T.);
#8966=FACE_BOUND('',#7016,.T.);
#8967=FACE_BOUND('',#7017,.T.);
#8968=FACE_BOUND('',#7018,.T.);
#8969=FACE_BOUND('',#7019,.T.);
#8970=FACE_BOUND('',#7020,.T.);
#8971=FACE_BOUND('',#7021,.T.);
#8972=FACE_BOUND('',#7022,.T.);
#8973=FACE_BOUND('',#7023,.T.);
#8974=FACE_BOUND('',#7024,.T.);
#8975=FACE_BOUND('',#7025,.T.);
#8976=FACE_BOUND('',#7026,.T.);
#8977=FACE_BOUND('',#7027,.T.);
#8978=FACE_BOUND('',#7028,.T.);
#8979=FACE_BOUND('',#7029,.T.);
#8980=FACE_BOUND('',#7030,.T.);
#8981=FACE_BOUND('',#7031,.T.);
#8982=FACE_BOUND('',#7032,.T.);
#8983=FACE_BOUND('',#7033,.T.);
#8984=FACE_BOUND('',#7034,.T.);
#8985=FACE_BOUND('',#7035,.T.);
#8986=FACE_BOUND('',#7036,.T.);
#8987=FACE_BOUND('',#7037,.T.);
#8988=FACE_BOUND('',#7038,.T.);
#8989=FACE_BOUND('',#7039,.T.);
#8990=FACE_BOUND('',#7040,.T.);
#8991=FACE_BOUND('',#7041,.T.);
#8992=FACE_BOUND('',#7042,.T.);
#8993=FACE_BOUND('',#7043,.T.);
#8994=FACE_BOUND('',#7044,.T.);
#8995=FACE_BOUND('',#7045,.T.);
#8996=FACE_BOUND('',#7046,.T.);
#8997=FACE_BOUND('',#7047,.T.);
#8998=FACE_BOUND('',#7048,.T.);
#8999=FACE_BOUND('',#7049,.T.);
#9000=FACE_BOUND('',#7050,.T.);
#9001=FACE_BOUND('',#7051,.T.);
#9002=FACE_BOUND('',#7052,.T.);
#9003=FACE_BOUND('',#7053,.T.);
#9004=FACE_BOUND('',#7054,.T.);
#9005=FACE_BOUND('',#7055,.T.);
#9006=FACE_BOUND('',#7056,.T.);
#9007=FACE_BOUND('',#7057,.T.);
#9008=FACE_BOUND('',#7058,.T.);
#9009=FACE_BOUND('',#7059,.T.);
#9010=FACE_BOUND('',#7060,.T.);
#9011=FACE_BOUND('',#7061,.T.);
#9012=FACE_BOUND('',#7062,.T.);
#9013=FACE_BOUND('',#7063,.T.);
#9014=FACE_BOUND('',#7064,.T.);
#9015=FACE_BOUND('',#7065,.T.);
#9016=FACE_BOUND('',#7066,.T.);
#9017=FACE_BOUND('',#7067,.T.);
#9018=FACE_BOUND('',#7068,.T.);
#9019=FACE_BOUND('',#7069,.T.);
#9020=FACE_BOUND('',#7070,.T.);
#9021=FACE_BOUND('',#7071,.T.);
#9022=FACE_BOUND('',#7072,.T.);
#9023=FACE_BOUND('',#7073,.T.);
#9024=FACE_BOUND('',#7074,.T.);
#9025=FACE_BOUND('',#7075,.T.);
#9026=FACE_BOUND('',#7076,.T.);
#9027=FACE_BOUND('',#7077,.T.);
#9028=FACE_BOUND('',#7078,.T.);
#9029=FACE_BOUND('',#7079,.T.);
#9030=FACE_BOUND('',#7080,.T.);
#9031=FACE_BOUND('',#7081,.T.);
#9032=FACE_BOUND('',#7082,.T.);
#9033=FACE_BOUND('',#7083,.T.);
#9034=FACE_BOUND('',#7084,.T.);
#9035=FACE_BOUND('',#7085,.T.);
#9036=FACE_BOUND('',#7086,.T.);
#9037=FACE_BOUND('',#7087,.T.);
#9038=FACE_BOUND('',#7088,.T.);
#9039=FACE_BOUND('',#7089,.T.);
#9040=FACE_BOUND('',#7090,.T.);
#9041=FACE_BOUND('',#7091,.T.);
#9042=FACE_BOUND('',#7092,.T.);
#9043=FACE_BOUND('',#7093,.T.);
#9044=FACE_BOUND('',#7094,.T.);
#9045=FACE_BOUND('',#7095,.T.);
#9046=FACE_BOUND('',#7096,.T.);
#9047=FACE_BOUND('',#7097,.T.);
#9048=FACE_BOUND('',#7098,.T.);
#9049=FACE_BOUND('',#7099,.T.);
#9050=FACE_BOUND('',#7100,.T.);
#9051=FACE_BOUND('',#7101,.T.);
#9052=FACE_BOUND('',#7102,.T.);
#9053=FACE_BOUND('',#7103,.T.);
#9054=FACE_BOUND('',#7104,.T.);
#9055=FACE_BOUND('',#7105,.T.);
#9056=FACE_BOUND('',#7106,.T.);
#9057=FACE_BOUND('',#7107,.T.);
#9058=FACE_BOUND('',#7108,.T.);
#9059=FACE_BOUND('',#7109,.T.);
#9060=FACE_BOUND('',#7110,.T.);
#9061=FACE_BOUND('',#7111,.T.);
#9062=FACE_BOUND('',#7112,.T.);
#9063=FACE_BOUND('',#7113,.T.);
#9064=FACE_BOUND('',#7114,.T.);
#9065=FACE_BOUND('',#7115,.T.);
#9066=FACE_BOUND('',#7116,.T.);
#9067=FACE_BOUND('',#7117,.T.);
#9068=FACE_BOUND('',#7118,.T.);
#9069=FACE_BOUND('',#7119,.T.);
#9070=FACE_BOUND('',#7120,.T.);
#9071=FACE_BOUND('',#7121,.T.);
#9072=FACE_BOUND('',#7122,.T.);
#9073=FACE_BOUND('',#7123,.T.);
#9074=FACE_BOUND('',#7124,.T.);
#9075=FACE_BOUND('',#7125,.T.);
#9076=FACE_BOUND('',#7126,.T.);
#9077=FACE_BOUND('',#7127,.T.);
#9078=FACE_BOUND('',#7128,.T.);
#9079=FACE_BOUND('',#7129,.T.);
#9080=FACE_BOUND('',#7130,.T.);
#9081=FACE_BOUND('',#7131,.T.);
#9082=FACE_BOUND('',#7132,.T.);
#9083=FACE_BOUND('',#7133,.T.);
#9084=FACE_BOUND('',#7134,.T.);
#9085=FACE_BOUND('',#7135,.T.);
#9086=FACE_BOUND('',#7136,.T.);
#9087=FACE_BOUND('',#7137,.T.);
#9088=FACE_BOUND('',#7138,.T.);
#9089=FACE_BOUND('',#7139,.T.);
#9090=FACE_BOUND('',#7140,.T.);
#9091=FACE_BOUND('',#7141,.T.);
#9092=FACE_BOUND('',#7142,.T.);
#9093=FACE_BOUND('',#7143,.T.);
#9094=FACE_BOUND('',#7144,.T.);
#9095=FACE_BOUND('',#7145,.T.);
#9096=FACE_BOUND('',#7146,.T.);
#9097=FACE_BOUND('',#7147,.T.);
#9098=FACE_BOUND('',#7148,.T.);
#9099=FACE_BOUND('',#7149,.T.);
#9100=FACE_BOUND('',#7150,.T.);
#9101=FACE_BOUND('',#7151,.T.);
#9102=FACE_BOUND('',#7152,.T.);
#9103=FACE_BOUND('',#7153,.T.);
#9104=FACE_BOUND('',#7154,.T.);
#9105=FACE_BOUND('',#7155,.T.);
#9106=FACE_BOUND('',#7156,.T.);
#9107=FACE_BOUND('',#7157,.T.);
#9108=FACE_BOUND('',#7158,.T.);
#9109=FACE_BOUND('',#7159,.T.);
#9110=FACE_BOUND('',#7160,.T.);
#9111=FACE_BOUND('',#7161,.T.);
#9112=FACE_BOUND('',#7162,.T.);
#9113=FACE_BOUND('',#7163,.T.);
#9114=FACE_BOUND('',#7164,.T.);
#9115=FACE_BOUND('',#7165,.T.);
#9116=FACE_BOUND('',#7166,.T.);
#9117=FACE_BOUND('',#7167,.T.);
#9118=FACE_BOUND('',#7168,.T.);
#9119=FACE_BOUND('',#7169,.T.);
#9120=FACE_BOUND('',#7170,.T.);
#9121=FACE_BOUND('',#7171,.T.);
#9122=FACE_BOUND('',#7172,.T.);
#9123=FACE_BOUND('',#7173,.T.);
#9124=FACE_BOUND('',#7174,.T.);
#9125=FACE_BOUND('',#7175,.T.);
#9126=FACE_BOUND('',#7176,.T.);
#9127=FACE_BOUND('',#7177,.T.);
#9128=FACE_BOUND('',#7178,.T.);
#9129=FACE_BOUND('',#7179,.T.);
#9130=FACE_BOUND('',#7180,.T.);
#9131=FACE_BOUND('',#7181,.T.);
#9132=FACE_BOUND('',#7182,.T.);
#9133=FACE_BOUND('',#7183,.T.);
#9134=FACE_BOUND('',#7184,.T.);
#9135=FACE_BOUND('',#7185,.T.);
#9136=FACE_BOUND('',#7186,.T.);
#9137=FACE_BOUND('',#7187,.T.);
#9138=FACE_BOUND('',#7188,.T.);
#9139=FACE_BOUND('',#7189,.T.);
#9140=FACE_BOUND('',#7190,.T.);
#9141=FACE_BOUND('',#7191,.T.);
#9142=FACE_BOUND('',#7192,.T.);
#9143=FACE_BOUND('',#7193,.T.);
#9144=FACE_BOUND('',#7194,.T.);
#9145=FACE_BOUND('',#7195,.T.);
#9146=FACE_BOUND('',#7196,.T.);
#9147=FACE_BOUND('',#7197,.T.);
#9148=FACE_BOUND('',#7198,.T.);
#9149=FACE_BOUND('',#7199,.T.);
#9150=FACE_BOUND('',#7200,.T.);
#9151=FACE_BOUND('',#7201,.T.);
#9152=FACE_BOUND('',#7202,.T.);
#9153=FACE_BOUND('',#7203,.T.);
#9154=FACE_BOUND('',#7204,.T.);
#9155=FACE_BOUND('',#7205,.T.);
#9156=FACE_BOUND('',#7206,.T.);
#9157=FACE_BOUND('',#7207,.T.);
#9158=FACE_BOUND('',#7208,.T.);
#9159=FACE_BOUND('',#7209,.T.);
#9160=FACE_BOUND('',#7210,.T.);
#9161=FACE_BOUND('',#7211,.T.);
#9162=FACE_BOUND('',#7212,.T.);
#9163=FACE_BOUND('',#7213,.T.);
#9164=FACE_BOUND('',#7214,.T.);
#9165=FACE_BOUND('',#7215,.T.);
#9166=FACE_BOUND('',#7216,.T.);
#9167=FACE_BOUND('',#7217,.T.);
#9168=FACE_BOUND('',#7218,.T.);
#9169=FACE_BOUND('',#7219,.T.);
#9170=FACE_BOUND('',#7220,.T.);
#9171=FACE_BOUND('',#7221,.T.);
#9172=FACE_BOUND('',#7222,.T.);
#9173=FACE_BOUND('',#7223,.T.);
#9174=FACE_BOUND('',#7224,.T.);
#9175=FACE_BOUND('',#7225,.T.);
#9176=FACE_BOUND('',#7226,.T.);
#9177=FACE_BOUND('',#7227,.T.);
#9178=FACE_BOUND('',#7228,.T.);
#9179=FACE_BOUND('',#7229,.T.);
#9180=FACE_BOUND('',#7230,.T.);
#9181=FACE_BOUND('',#7231,.T.);
#9182=FACE_BOUND('',#7232,.T.);
#9183=FACE_BOUND('',#7233,.T.);
#9184=FACE_BOUND('',#7234,.T.);
#9185=FACE_BOUND('',#7235,.T.);
#9186=FACE_BOUND('',#7236,.T.);
#9187=FACE_BOUND('',#7237,.T.);
#9188=FACE_BOUND('',#7238,.T.);
#9189=FACE_BOUND('',#7239,.T.);
#9190=FACE_BOUND('',#7240,.T.);
#9191=FACE_BOUND('',#7241,.T.);
#9192=FACE_BOUND('',#7242,.T.);
#9193=FACE_BOUND('',#7243,.T.);
#9194=FACE_BOUND('',#7244,.T.);
#9195=FACE_BOUND('',#7245,.T.);
#9196=FACE_BOUND('',#7246,.T.);
#9197=FACE_BOUND('',#7247,.T.);
#9198=FACE_BOUND('',#7248,.T.);
#9199=FACE_BOUND('',#7249,.T.);
#9200=FACE_BOUND('',#7250,.T.);
#9201=FACE_BOUND('',#7251,.T.);
#9202=FACE_BOUND('',#7252,.T.);
#9203=FACE_BOUND('',#7253,.T.);
#9204=FACE_BOUND('',#7254,.T.);
#9205=FACE_BOUND('',#7255,.T.);
#9206=FACE_BOUND('',#7256,.T.);
#9207=FACE_BOUND('',#7257,.T.);
#9208=FACE_BOUND('',#7258,.T.);
#9209=FACE_BOUND('',#7259,.T.);
#9210=FACE_BOUND('',#7260,.T.);
#9211=FACE_BOUND('',#7261,.T.);
#9212=FACE_BOUND('',#7262,.T.);
#9213=FACE_BOUND('',#7263,.T.);
#9214=FACE_BOUND('',#7264,.T.);
#9215=FACE_BOUND('',#7265,.T.);
#9216=FACE_BOUND('',#7266,.T.);
#9217=FACE_BOUND('',#7267,.T.);
#9218=FACE_BOUND('',#7268,.T.);
#9219=FACE_BOUND('',#7269,.T.);
#9220=FACE_BOUND('',#7270,.T.);
#9221=FACE_BOUND('',#7271,.T.);
#9222=FACE_BOUND('',#7272,.T.);
#9223=FACE_BOUND('',#7273,.T.);
#9224=FACE_BOUND('',#7274,.T.);
#9225=FACE_BOUND('',#7275,.T.);
#9226=FACE_BOUND('',#7276,.T.);
#9227=FACE_BOUND('',#7277,.T.);
#9228=FACE_BOUND('',#7278,.T.);
#9229=FACE_BOUND('',#7279,.T.);
#9230=FACE_BOUND('',#7280,.T.);
#9231=FACE_BOUND('',#7281,.T.);
#9232=FACE_BOUND('',#7282,.T.);
#9233=FACE_BOUND('',#7283,.T.);
#9234=FACE_BOUND('',#7284,.T.);
#9235=FACE_BOUND('',#7285,.T.);
#9236=FACE_BOUND('',#7286,.T.);
#9237=FACE_BOUND('',#7287,.T.);
#9238=FACE_BOUND('',#7288,.T.);
#9239=FACE_BOUND('',#7289,.T.);
#9240=FACE_BOUND('',#7290,.T.);
#9241=FACE_BOUND('',#7291,.T.);
#9242=FACE_BOUND('',#7292,.T.);
#9243=FACE_BOUND('',#7293,.T.);
#9244=FACE_BOUND('',#7294,.T.);
#9245=FACE_BOUND('',#7295,.T.);
#9246=FACE_BOUND('',#7296,.T.);
#9247=FACE_BOUND('',#7297,.T.);
#9248=FACE_BOUND('',#7298,.T.);
#9249=FACE_BOUND('',#7299,.T.);
#9250=FACE_BOUND('',#7300,.T.);
#9251=FACE_BOUND('',#7301,.T.);
#9252=FACE_BOUND('',#7302,.T.);
#9253=FACE_BOUND('',#7303,.T.);
#9254=FACE_BOUND('',#7304,.T.);
#9255=FACE_BOUND('',#7305,.T.);
#9256=FACE_BOUND('',#7306,.T.);
#9257=FACE_BOUND('',#7307,.T.);
#9258=FACE_BOUND('',#7308,.T.);
#9259=FACE_BOUND('',#7309,.T.);
#9260=FACE_BOUND('',#7310,.T.);
#9261=FACE_BOUND('',#7311,.T.);
#9262=FACE_BOUND('',#7312,.T.);
#9263=FACE_BOUND('',#7313,.T.);
#9264=FACE_BOUND('',#7314,.T.);
#9265=FACE_BOUND('',#7315,.T.);
#9266=FACE_BOUND('',#7316,.T.);
#9267=FACE_BOUND('',#7317,.T.);
#9268=FACE_BOUND('',#7318,.T.);
#9269=FACE_BOUND('',#7319,.T.);
#9270=FACE_BOUND('',#7320,.T.);
#9271=FACE_BOUND('',#7321,.T.);
#9272=FACE_BOUND('',#7322,.T.);
#9273=FACE_BOUND('',#7323,.T.);
#9274=FACE_BOUND('',#7324,.T.);
#9275=FACE_BOUND('',#7325,.T.);
#9276=FACE_BOUND('',#7326,.T.);
#9277=FACE_BOUND('',#7327,.T.);
#9278=FACE_BOUND('',#7328,.T.);
#9279=FACE_BOUND('',#7329,.T.);
#9280=FACE_BOUND('',#7330,.T.);
#9281=FACE_BOUND('',#7331,.T.);
#9282=FACE_BOUND('',#7332,.T.);
#9283=FACE_BOUND('',#7333,.T.);
#9284=FACE_BOUND('',#7334,.T.);
#9285=FACE_BOUND('',#7335,.T.);
#9286=FACE_BOUND('',#7336,.T.);
#9287=FACE_BOUND('',#7337,.T.);
#9288=FACE_BOUND('',#7338,.T.);
#9289=FACE_BOUND('',#7339,.T.);
#9290=FACE_BOUND('',#7340,.T.);
#9291=FACE_BOUND('',#7341,.T.);
#9292=FACE_BOUND('',#7342,.T.);
#9293=FACE_BOUND('',#7343,.T.);
#9294=FACE_BOUND('',#7344,.T.);
#9295=FACE_BOUND('',#7345,.T.);
#9296=FACE_BOUND('',#7346,.T.);
#9297=FACE_BOUND('',#7347,.T.);
#9298=FACE_BOUND('',#7348,.T.);
#9299=FACE_BOUND('',#7349,.T.);
#9300=FACE_BOUND('',#7350,.T.);
#9301=FACE_BOUND('',#7351,.T.);
#9302=FACE_BOUND('',#7352,.T.);
#9303=FACE_BOUND('',#7353,.T.);
#9304=FACE_BOUND('',#7354,.T.);
#9305=FACE_BOUND('',#7355,.T.);
#9306=FACE_BOUND('',#7356,.T.);
#9307=FACE_BOUND('',#7357,.T.);
#9308=FACE_BOUND('',#7358,.T.);
#9309=FACE_BOUND('',#7359,.T.);
#9310=FACE_BOUND('',#7360,.T.);
#9311=FACE_BOUND('',#7361,.T.);
#9312=FACE_BOUND('',#7362,.T.);
#9313=FACE_BOUND('',#7363,.T.);
#9314=FACE_BOUND('',#7364,.T.);
#9315=FACE_BOUND('',#7365,.T.);
#9316=FACE_BOUND('',#7366,.T.);
#9317=FACE_BOUND('',#7367,.T.);
#9318=FACE_BOUND('',#7368,.T.);
#9319=FACE_BOUND('',#7369,.T.);
#9320=FACE_BOUND('',#7370,.T.);
#9321=FACE_BOUND('',#7371,.T.);
#9322=FACE_BOUND('',#7372,.T.);
#9323=FACE_BOUND('',#7373,.T.);
#9324=FACE_BOUND('',#7374,.T.);
#9325=FACE_BOUND('',#7375,.T.);
#9326=FACE_BOUND('',#7376,.T.);
#9327=FACE_BOUND('',#7377,.T.);
#9328=FACE_BOUND('',#7378,.T.);
#9329=FACE_BOUND('',#7379,.T.);
#9330=FACE_BOUND('',#7380,.T.);
#9331=FACE_BOUND('',#7381,.T.);
#9332=FACE_BOUND('',#7382,.T.);
#9333=FACE_BOUND('',#7383,.T.);
#9334=FACE_BOUND('',#7384,.T.);
#9335=FACE_BOUND('',#7385,.T.);
#9336=FACE_BOUND('',#7386,.T.);
#9337=FACE_BOUND('',#7387,.T.);
#9338=FACE_BOUND('',#7388,.T.);
#9339=FACE_BOUND('',#7389,.T.);
#9340=FACE_BOUND('',#7390,.T.);
#9341=FACE_BOUND('',#7391,.T.);
#9342=FACE_BOUND('',#7392,.T.);
#9343=FACE_BOUND('',#7393,.T.);
#9344=FACE_BOUND('',#7394,.T.);
#9345=FACE_BOUND('',#7395,.T.);
#9346=FACE_BOUND('',#7396,.T.);
#9347=FACE_BOUND('',#7397,.T.);
#9348=FACE_BOUND('',#7398,.T.);
#9349=FACE_BOUND('',#7399,.T.);
#9350=FACE_BOUND('',#7400,.T.);
#9351=FACE_BOUND('',#7401,.T.);
#9352=FACE_BOUND('',#7402,.T.);
#9353=FACE_BOUND('',#7403,.T.);
#9354=FACE_BOUND('',#7404,.T.);
#9355=FACE_BOUND('',#7405,.T.);
#9356=FACE_BOUND('',#7406,.T.);
#9357=FACE_BOUND('',#7407,.T.);
#9358=FACE_BOUND('',#7408,.T.);
#9359=FACE_BOUND('',#7409,.T.);
#9360=FACE_BOUND('',#7410,.T.);
#9361=FACE_BOUND('',#7411,.T.);
#9362=FACE_BOUND('',#7412,.T.);
#9363=FACE_BOUND('',#7413,.T.);
#9364=FACE_BOUND('',#7414,.T.);
#9365=FACE_BOUND('',#7415,.T.);
#9366=FACE_BOUND('',#7416,.T.);
#9367=FACE_BOUND('',#7417,.T.);
#9368=FACE_BOUND('',#7418,.T.);
#9369=FACE_BOUND('',#7419,.T.);
#9370=FACE_BOUND('',#7420,.T.);
#9371=FACE_BOUND('',#7421,.T.);
#9372=FACE_BOUND('',#7422,.T.);
#9373=FACE_BOUND('',#7423,.T.);
#9374=FACE_BOUND('',#7424,.T.);
#9375=FACE_BOUND('',#7425,.T.);
#9376=FACE_BOUND('',#7426,.T.);
#9377=FACE_BOUND('',#7427,.T.);
#9378=FACE_BOUND('',#7428,.T.);
#9379=FACE_BOUND('',#7429,.T.);
#9380=FACE_BOUND('',#7430,.T.);
#9381=FACE_BOUND('',#7431,.T.);
#9382=FACE_BOUND('',#7432,.T.);
#9383=FACE_BOUND('',#7433,.T.);
#9384=FACE_BOUND('',#7434,.T.);
#9385=FACE_BOUND('',#7435,.T.);
#9386=FACE_BOUND('',#7436,.T.);
#9387=FACE_BOUND('',#7437,.T.);
#9388=FACE_BOUND('',#7438,.T.);
#9389=FACE_BOUND('',#7439,.T.);
#9390=FACE_BOUND('',#7440,.T.);
#9391=FACE_BOUND('',#7441,.T.);
#9392=FACE_BOUND('',#7442,.T.);
#9393=FACE_BOUND('',#7443,.T.);
#9394=FACE_BOUND('',#7444,.T.);
#9395=FACE_BOUND('',#7445,.T.);
#9396=FACE_BOUND('',#7446,.T.);
#9397=FACE_BOUND('',#7447,.T.);
#9398=FACE_BOUND('',#7448,.T.);
#9399=FACE_BOUND('',#7449,.T.);
#9400=FACE_BOUND('',#7450,.T.);
#9401=FACE_BOUND('',#7451,.T.);
#9402=FACE_BOUND('',#7452,.T.);
#9403=FACE_BOUND('',#7453,.T.);
#9404=FACE_BOUND('',#7454,.T.);
#9405=FACE_BOUND('',#7455,.T.);
#9406=FACE_BOUND('',#7456,.T.);
#9407=FACE_BOUND('',#7457,.T.);
#9408=FACE_BOUND('',#7458,.T.);
#9409=FACE_BOUND('',#7459,.T.);
#9410=FACE_BOUND('',#7460,.T.);
#9411=FACE_BOUND('',#7461,.T.);
#9412=FACE_BOUND('',#7462,.T.);
#9413=FACE_BOUND('',#7463,.T.);
#9414=FACE_BOUND('',#7464,.T.);
#9415=FACE_BOUND('',#7465,.T.);
#9416=FACE_BOUND('',#7466,.T.);
#9417=FACE_BOUND('',#7467,.T.);
#9418=FACE_BOUND('',#7468,.T.);
#9419=FACE_BOUND('',#7469,.T.);
#9420=FACE_BOUND('',#7470,.T.);
#9421=FACE_BOUND('',#7471,.T.);
#9422=FACE_BOUND('',#7472,.T.);
#9423=FACE_BOUND('',#7473,.T.);
#9424=FACE_BOUND('',#7474,.T.);
#9425=FACE_BOUND('',#7475,.T.);
#9426=FACE_BOUND('',#7476,.T.);
#9427=FACE_BOUND('',#7477,.T.);
#9428=FACE_BOUND('',#7478,.T.);
#9429=FACE_BOUND('',#7479,.T.);
#9430=FACE_BOUND('',#7480,.T.);
#9431=FACE_BOUND('',#7481,.T.);
#9432=FACE_BOUND('',#7482,.T.);
#9433=FACE_BOUND('',#7483,.T.);
#9434=FACE_BOUND('',#7484,.T.);
#9435=FACE_BOUND('',#7485,.T.);
#9436=FACE_BOUND('',#7486,.T.);
#9437=FACE_BOUND('',#7487,.T.);
#9438=FACE_BOUND('',#7488,.T.);
#9439=FACE_BOUND('',#7489,.T.);
#9440=FACE_BOUND('',#7490,.T.);
#9441=FACE_BOUND('',#7491,.T.);
#9442=FACE_BOUND('',#7492,.T.);
#9443=FACE_BOUND('',#7493,.T.);
#9444=FACE_BOUND('',#7494,.T.);
#9445=FACE_BOUND('',#7495,.T.);
#9446=FACE_BOUND('',#7496,.T.);
#9447=FACE_BOUND('',#7497,.T.);
#9448=FACE_BOUND('',#7498,.T.);
#9449=FACE_BOUND('',#7499,.T.);
#9450=FACE_BOUND('',#7500,.T.);
#9451=FACE_BOUND('',#7501,.T.);
#9452=FACE_BOUND('',#7502,.T.);
#9453=FACE_BOUND('',#7503,.T.);
#9454=FACE_BOUND('',#7504,.T.);
#9455=FACE_BOUND('',#7505,.T.);
#9456=FACE_BOUND('',#7506,.T.);
#9457=FACE_BOUND('',#7507,.T.);
#9458=FACE_BOUND('',#7508,.T.);
#9459=FACE_BOUND('',#7509,.T.);
#9460=FACE_BOUND('',#7510,.T.);
#9461=FACE_BOUND('',#7511,.T.);
#9462=FACE_BOUND('',#7512,.T.);
#9463=FACE_BOUND('',#7513,.T.);
#9464=FACE_BOUND('',#7514,.T.);
#9465=FACE_BOUND('',#7515,.T.);
#9466=FACE_BOUND('',#7516,.T.);
#9467=FACE_BOUND('',#7517,.T.);
#9468=FACE_BOUND('',#7518,.T.);
#9469=FACE_BOUND('',#7519,.T.);
#9470=FACE_BOUND('',#7520,.T.);
#9471=FACE_BOUND('',#7521,.T.);
#9472=FACE_BOUND('',#7522,.T.);
#9473=FACE_BOUND('',#7523,.T.);
#9474=FACE_BOUND('',#7524,.T.);
#9475=FACE_BOUND('',#7525,.T.);
#9476=FACE_BOUND('',#7526,.T.);
#9477=FACE_BOUND('',#7527,.T.);
#9478=FACE_BOUND('',#7528,.T.);
#9479=FACE_BOUND('',#7529,.T.);
#9480=FACE_BOUND('',#7530,.T.);
#9481=FACE_BOUND('',#7531,.T.);
#9482=FACE_BOUND('',#7532,.T.);
#9483=FACE_BOUND('',#7533,.T.);
#9484=FACE_BOUND('',#7534,.T.);
#9485=FACE_BOUND('',#7535,.T.);
#9486=FACE_BOUND('',#7536,.T.);
#9487=FACE_BOUND('',#7537,.T.);
#9488=FACE_BOUND('',#7538,.T.);
#9489=FACE_BOUND('',#7539,.T.);
#9490=FACE_BOUND('',#7540,.T.);
#9491=FACE_BOUND('',#7541,.T.);
#9492=FACE_BOUND('',#7542,.T.);
#9493=FACE_BOUND('',#7543,.T.);
#9494=FACE_BOUND('',#7544,.T.);
#9495=FACE_BOUND('',#7545,.T.);
#9496=FACE_BOUND('',#7546,.T.);
#9497=FACE_BOUND('',#7547,.T.);
#9498=FACE_BOUND('',#7548,.T.);
#9499=FACE_BOUND('',#7549,.T.);
#9500=FACE_BOUND('',#7550,.T.);
#9501=FACE_BOUND('',#7551,.T.);
#9502=FACE_BOUND('',#7552,.T.);
#9503=FACE_BOUND('',#7553,.T.);
#9504=FACE_BOUND('',#7554,.T.);
#9505=FACE_BOUND('',#7555,.T.);
#9506=FACE_BOUND('',#7556,.T.);
#9507=FACE_BOUND('',#7557,.T.);
#9508=FACE_BOUND('',#7558,.T.);
#9509=FACE_BOUND('',#7559,.T.);
#9510=FACE_BOUND('',#7560,.T.);
#9511=FACE_BOUND('',#7561,.T.);
#9512=FACE_BOUND('',#7562,.T.);
#9513=FACE_BOUND('',#7563,.T.);
#9514=FACE_BOUND('',#7564,.T.);
#9515=FACE_BOUND('',#7565,.T.);
#9516=FACE_BOUND('',#7566,.T.);
#9517=FACE_BOUND('',#7567,.T.);
#9518=FACE_BOUND('',#7568,.T.);
#9519=FACE_BOUND('',#7569,.T.);
#9520=FACE_BOUND('',#7570,.T.);
#9521=FACE_BOUND('',#7571,.T.);
#9522=FACE_BOUND('',#7572,.T.);
#9523=FACE_BOUND('',#7573,.T.);
#9524=FACE_BOUND('',#7574,.T.);
#9525=FACE_BOUND('',#7575,.T.);
#9526=FACE_BOUND('',#7576,.T.);
#9527=FACE_BOUND('',#7577,.T.);
#9528=FACE_BOUND('',#7578,.T.);
#9529=FACE_BOUND('',#7579,.T.);
#9530=FACE_BOUND('',#7580,.T.);
#9531=FACE_BOUND('',#7581,.T.);
#9532=FACE_BOUND('',#7582,.T.);
#9533=FACE_BOUND('',#7583,.T.);
#9534=FACE_BOUND('',#7584,.T.);
#9535=FACE_BOUND('',#7585,.T.);
#9536=FACE_BOUND('',#7586,.T.);
#9537=FACE_BOUND('',#7587,.T.);
#9538=FACE_BOUND('',#7588,.T.);
#9539=FACE_BOUND('',#7589,.T.);
#9540=FACE_BOUND('',#7590,.T.);
#9541=FACE_BOUND('',#7591,.T.);
#9542=FACE_BOUND('',#7592,.T.);
#9543=FACE_BOUND('',#7593,.T.);
#9544=FACE_BOUND('',#7594,.T.);
#9545=FACE_BOUND('',#7595,.T.);
#9546=FACE_BOUND('',#7596,.T.);
#9547=FACE_BOUND('',#7597,.T.);
#9548=FACE_BOUND('',#7598,.T.);
#9549=FACE_BOUND('',#7599,.T.);
#9550=FACE_BOUND('',#7600,.T.);
#9551=FACE_BOUND('',#7601,.T.);
#9552=FACE_BOUND('',#7602,.T.);
#9553=FACE_BOUND('',#7603,.T.);
#9554=FACE_BOUND('',#7604,.T.);
#9555=FACE_BOUND('',#7605,.T.);
#9556=FACE_BOUND('',#7606,.T.);
#9557=FACE_BOUND('',#7607,.T.);
#9558=FACE_BOUND('',#7608,.T.);
#9559=FACE_BOUND('',#7609,.T.);
#9560=FACE_BOUND('',#7610,.T.);
#9561=FACE_BOUND('',#7611,.T.);
#9562=FACE_BOUND('',#7612,.T.);
#9563=FACE_BOUND('',#7613,.T.);
#9564=FACE_BOUND('',#7614,.T.);
#9565=FACE_BOUND('',#7615,.T.);
#9566=FACE_BOUND('',#7616,.T.);
#9567=FACE_BOUND('',#7617,.T.);
#9568=FACE_BOUND('',#7618,.T.);
#9569=FACE_BOUND('',#7619,.T.);
#9570=FACE_BOUND('',#7620,.T.);
#9571=FACE_BOUND('',#7621,.T.);
#9572=FACE_BOUND('',#7622,.T.);
#9573=FACE_BOUND('',#7623,.T.);
#9574=FACE_BOUND('',#7624,.T.);
#9575=FACE_BOUND('',#7625,.T.);
#9576=FACE_BOUND('',#7626,.T.);
#9577=FACE_BOUND('',#7627,.T.);
#9578=FACE_BOUND('',#7628,.T.);
#9579=FACE_BOUND('',#7629,.T.);
#9580=FACE_BOUND('',#7630,.T.);
#9581=FACE_BOUND('',#7631,.T.);
#9582=FACE_BOUND('',#7632,.T.);
#9583=FACE_BOUND('',#7633,.T.);
#9584=FACE_BOUND('',#7634,.T.);
#9585=FACE_BOUND('',#7635,.T.);
#9586=FACE_BOUND('',#7636,.T.);
#9587=FACE_BOUND('',#7637,.T.);
#9588=FACE_BOUND('',#7638,.T.);
#9589=FACE_BOUND('',#7639,.T.);
#9590=FACE_BOUND('',#7640,.T.);
#9591=FACE_BOUND('',#7641,.T.);
#9592=FACE_BOUND('',#7642,.T.);
#9593=FACE_BOUND('',#7643,.T.);
#9594=FACE_BOUND('',#7644,.T.);
#9595=FACE_BOUND('',#7645,.T.);
#9596=FACE_BOUND('',#7646,.T.);
#9597=FACE_BOUND('',#7647,.T.);
#9598=FACE_BOUND('',#7648,.T.);
#9599=FACE_BOUND('',#7649,.T.);
#9600=FACE_BOUND('',#7650,.T.);
#9601=FACE_BOUND('',#7651,.T.);
#9602=FACE_BOUND('',#7652,.T.);
#9603=FACE_BOUND('',#7653,.T.);
#9604=FACE_BOUND('',#7654,.T.);
#9605=FACE_BOUND('',#7655,.T.);
#9606=FACE_BOUND('',#7656,.T.);
#9607=FACE_BOUND('',#7657,.T.);
#9608=FACE_BOUND('',#7658,.T.);
#9609=FACE_BOUND('',#7659,.T.);
#9610=FACE_BOUND('',#7660,.T.);
#9611=FACE_BOUND('',#7661,.T.);
#9612=FACE_BOUND('',#7662,.T.);
#9613=FACE_BOUND('',#7663,.T.);
#9614=FACE_BOUND('',#7664,.T.);
#9615=FACE_BOUND('',#7665,.T.);
#9616=FACE_BOUND('',#7666,.T.);
#9617=FACE_BOUND('',#7667,.T.);
#9618=FACE_BOUND('',#7668,.T.);
#9619=FACE_BOUND('',#7669,.T.);
#9620=FACE_BOUND('',#7670,.T.);
#9621=FACE_BOUND('',#7671,.T.);
#9622=FACE_BOUND('',#7672,.T.);
#9623=FACE_BOUND('',#7673,.T.);
#9624=FACE_BOUND('',#7674,.T.);
#9625=FACE_BOUND('',#7675,.T.);
#9626=FACE_BOUND('',#7676,.T.);
#9627=FACE_BOUND('',#7677,.T.);
#9628=FACE_BOUND('',#7678,.T.);
#9629=FACE_BOUND('',#7679,.T.);
#9630=FACE_BOUND('',#7680,.T.);
#9631=FACE_BOUND('',#7681,.T.);
#9632=FACE_BOUND('',#7682,.T.);
#9633=FACE_BOUND('',#7683,.T.);
#9634=FACE_BOUND('',#7684,.T.);
#9635=FACE_BOUND('',#7685,.T.);
#9636=FACE_BOUND('',#7686,.T.);
#9637=FACE_BOUND('',#7687,.T.);
#9638=FACE_BOUND('',#7688,.T.);
#9639=FACE_BOUND('',#7689,.T.);
#9640=FACE_BOUND('',#7690,.T.);
#9641=FACE_BOUND('',#7691,.T.);
#9642=FACE_BOUND('',#7692,.T.);
#9643=FACE_BOUND('',#7693,.T.);
#9644=FACE_BOUND('',#7694,.T.);
#9645=FACE_BOUND('',#7695,.T.);
#9646=FACE_BOUND('',#7696,.T.);
#9647=FACE_BOUND('',#7697,.T.);
#9648=FACE_BOUND('',#7698,.T.);
#9649=FACE_BOUND('',#7699,.T.);
#9650=FACE_BOUND('',#7700,.T.);
#9651=FACE_BOUND('',#7701,.T.);
#9652=FACE_BOUND('',#7702,.T.);
#9653=FACE_BOUND('',#7703,.T.);
#9654=FACE_BOUND('',#7704,.T.);
#9655=FACE_BOUND('',#7705,.T.);
#9656=FACE_BOUND('',#7706,.T.);
#9657=FACE_BOUND('',#7707,.T.);
#9658=FACE_BOUND('',#7708,.T.);
#9659=FACE_BOUND('',#7709,.T.);
#9660=FACE_BOUND('',#7710,.T.);
#9661=FACE_BOUND('',#7711,.T.);
#9662=FACE_BOUND('',#7712,.T.);
#9663=FACE_BOUND('',#7713,.T.);
#9664=FACE_BOUND('',#7714,.T.);
#9665=FACE_BOUND('',#7715,.T.);
#9666=FACE_BOUND('',#7716,.T.);
#9667=FACE_BOUND('',#7717,.T.);
#9668=FACE_BOUND('',#7718,.T.);
#9669=FACE_BOUND('',#7719,.T.);
#9670=FACE_BOUND('',#7720,.T.);
#9671=FACE_BOUND('',#7721,.T.);
#9672=FACE_BOUND('',#7722,.T.);
#9673=FACE_BOUND('',#7723,.T.);
#9674=FACE_BOUND('',#7724,.T.);
#9675=FACE_BOUND('',#7725,.T.);
#9676=FACE_BOUND('',#7726,.T.);
#9677=FACE_BOUND('',#7727,.T.);
#9678=FACE_BOUND('',#7728,.T.);
#9679=FACE_BOUND('',#7729,.T.);
#9680=FACE_BOUND('',#7730,.T.);
#9681=FACE_BOUND('',#7731,.T.);
#9682=PLANE('',#10797);
#9683=PLANE('',#10798);
#9684=PLANE('',#10799);
#9685=PLANE('',#10800);
#9686=PLANE('',#10801);
#9687=PLANE('',#10900);
#9688=PLANE('',#10999);
#9689=PLANE('',#11000);
#9690=PLANE('',#11001);
#9691=PLANE('',#11002);
#9692=PLANE('',#11003);
#9693=PLANE('',#11004);
#9694=PLANE('',#11005);
#9695=PLANE('',#11006);
#9696=PLANE('',#11007);
#9697=PLANE('',#11008);
#9698=PLANE('',#11009);
#9699=PLANE('',#11010);
#9700=PLANE('',#11011);
#9701=PLANE('',#11012);
#9702=PLANE('',#11013);
#9703=PLANE('',#11014);
#9704=PLANE('',#11019);
#9705=PLANE('',#11029);
#9706=PLANE('',#11036);
#9707=PLANE('',#11046);
#9708=PLANE('',#11053);
#9709=PLANE('',#11063);
#9710=PLANE('',#11070);
#9711=PLANE('',#11080);
#9712=PLANE('',#11087);
#9713=PLANE('',#11097);
#9714=PLANE('',#11104);
#9715=PLANE('',#11114);
#9716=PLANE('',#11121);
#9717=PLANE('',#11131);
#9718=PLANE('',#11138);
#9719=PLANE('',#11148);
#9720=PLANE('',#11155);
#9721=PLANE('',#11165);
#9722=PLANE('',#11172);
#9723=PLANE('',#11182);
#9724=PLANE('',#11189);
#9725=PLANE('',#11199);
#9726=PLANE('',#11206);
#9727=PLANE('',#11216);
#9728=PLANE('',#11223);
#9729=PLANE('',#11233);
#9730=PLANE('',#11240);
#9731=PLANE('',#11250);
#9732=PLANE('',#11257);
#9733=PLANE('',#11267);
#9734=PLANE('',#11274);
#9735=PLANE('',#11284);
#9736=PLANE('',#11291);
#9737=PLANE('',#11301);
#9738=PLANE('',#11308);
#9739=PLANE('',#11318);
#9740=PLANE('',#11325);
#9741=PLANE('',#11335);
#9742=PLANE('',#11342);
#9743=PLANE('',#11352);
#9744=PLANE('',#11359);
#9745=PLANE('',#11369);
#9746=PLANE('',#11376);
#9747=PLANE('',#11386);
#9748=PLANE('',#11393);
#9749=PLANE('',#11403);
#9750=PLANE('',#11410);
#9751=PLANE('',#11420);
#9752=PLANE('',#11427);
#9753=PLANE('',#11437);
#9754=PLANE('',#11444);
#9755=PLANE('',#11454);
#9756=PLANE('',#11461);
#9757=PLANE('',#11471);
#9758=PLANE('',#11478);
#9759=PLANE('',#11488);
#9760=PLANE('',#11495);
#9761=PLANE('',#11505);
#9762=PLANE('',#11512);
#9763=PLANE('',#11522);
#9764=PLANE('',#11529);
#9765=PLANE('',#11539);
#9766=PLANE('',#11546);
#9767=PLANE('',#11556);
#9768=PLANE('',#11563);
#9769=PLANE('',#11573);
#9770=PLANE('',#11580);
#9771=PLANE('',#11590);
#9772=PLANE('',#11597);
#9773=PLANE('',#11607);
#9774=PLANE('',#11614);
#9775=PLANE('',#11624);
#9776=PLANE('',#11631);
#9777=PLANE('',#11641);
#9778=PLANE('',#11648);
#9779=PLANE('',#11658);
#9780=PLANE('',#11665);
#9781=PLANE('',#11675);
#9782=PLANE('',#11682);
#9783=PLANE('',#11692);
#9784=PLANE('',#11699);
#9785=PLANE('',#11709);
#9786=PLANE('',#11716);
#9787=PLANE('',#11726);
#9788=PLANE('',#11733);
#9789=PLANE('',#11743);
#9790=PLANE('',#11750);
#9791=PLANE('',#11760);
#9792=PLANE('',#11767);
#9793=PLANE('',#11777);
#9794=PLANE('',#11784);
#9795=PLANE('',#11794);
#9796=PLANE('',#11801);
#9797=PLANE('',#11811);
#9798=PLANE('',#11818);
#9799=PLANE('',#11828);
#9800=PLANE('',#11835);
#9801=PLANE('',#11845);
#9802=PLANE('',#11852);
#9803=PLANE('',#11862);
#9804=PLANE('',#11869);
#9805=PLANE('',#11879);
#9806=PLANE('',#11886);
#9807=PLANE('',#11896);
#9808=PLANE('',#11903);
#9809=PLANE('',#11913);
#9810=PLANE('',#11920);
#9811=PLANE('',#11930);
#9812=PLANE('',#11937);
#9813=PLANE('',#11947);
#9814=PLANE('',#11954);
#9815=PLANE('',#11964);
#9816=PLANE('',#11971);
#9817=PLANE('',#11981);
#9818=PLANE('',#11988);
#9819=PLANE('',#11998);
#9820=PLANE('',#12005);
#9821=PLANE('',#12015);
#9822=PLANE('',#12022);
#9823=PLANE('',#12032);
#9824=PLANE('',#12039);
#9825=PLANE('',#12049);
#9826=PLANE('',#12056);
#9827=PLANE('',#12066);
#9828=PLANE('',#12073);
#9829=PLANE('',#12083);
#9830=PLANE('',#12090);
#9831=PLANE('',#12100);
#9832=PLANE('',#12107);
#9833=PLANE('',#12117);
#9834=PLANE('',#12124);
#9835=PLANE('',#12134);
#9836=PLANE('',#12141);
#9837=PLANE('',#12151);
#9838=PLANE('',#12158);
#9839=PLANE('',#12168);
#9840=PLANE('',#12175);
#9841=PLANE('',#12185);
#9842=PLANE('',#12192);
#9843=PLANE('',#12202);
#9844=PLANE('',#12209);
#9845=PLANE('',#12219);
#9846=PLANE('',#12226);
#9847=PLANE('',#12236);
#9848=PLANE('',#12243);
#9849=PLANE('',#12253);
#9850=PLANE('',#12260);
#9851=PLANE('',#12270);
#9852=PLANE('',#12277);
#9853=PLANE('',#12287);
#9854=PLANE('',#12294);
#9855=PLANE('',#12304);
#9856=PLANE('',#12311);
#9857=PLANE('',#12321);
#9858=PLANE('',#12328);
#9859=PLANE('',#12338);
#9860=PLANE('',#12345);
#9861=PLANE('',#12355);
#9862=PLANE('',#12362);
#9863=PLANE('',#12372);
#9864=PLANE('',#12379);
#9865=PLANE('',#12389);
#9866=PLANE('',#12396);
#9867=PLANE('',#12406);
#9868=PLANE('',#12413);
#9869=PLANE('',#12423);
#9870=PLANE('',#12430);
#9871=PLANE('',#12440);
#9872=PLANE('',#12447);
#9873=PLANE('',#12457);
#9874=PLANE('',#12464);
#9875=PLANE('',#12474);
#9876=PLANE('',#12481);
#9877=PLANE('',#12491);
#9878=PLANE('',#12498);
#9879=PLANE('',#12508);
#9880=PLANE('',#12515);
#9881=PLANE('',#12525);
#9882=PLANE('',#12532);
#9883=PLANE('',#12542);
#9884=PLANE('',#12549);
#9885=PLANE('',#12559);
#9886=PLANE('',#12566);
#9887=PLANE('',#12576);
#9888=PLANE('',#12583);
#9889=PLANE('',#12593);
#9890=PLANE('',#12600);
#9891=PLANE('',#12610);
#9892=PLANE('',#12617);
#9893=PLANE('',#12627);
#9894=PLANE('',#12634);
#9895=PLANE('',#12644);
#9896=ADVANCED_FACE('',(#7732),#9682,.F.);
#9897=ADVANCED_FACE('',(#7733),#9683,.F.);
#9898=ADVANCED_FACE('',(#7734),#9684,.F.);
#9899=ADVANCED_FACE('',(#7735),#9685,.F.);
#9900=ADVANCED_FACE('',(#7736,#7737,#7738,#7739,#7740,#7741,#7742,#7743,
#7744,#7745,#7746,#7747,#7748,#7749,#7750,#7751,#7752,#7753,#7754,#7755,
#7756,#7757,#7758,#7759,#7760,#7761,#7762,#7763,#7764,#7765,#7766,#7767,
#7768,#7769,#7770,#7771,#7772,#7773,#7774,#7775,#7776,#7777,#7778,#7779,
#7780,#7781,#7782,#7783,#7784,#7785,#7786,#7787,#7788,#7789,#7790,#7791,
#7792,#7793,#7794,#7795,#7796,#7797,#7798,#7799,#7800,#7801,#7802,#7803,
#7804,#7805,#7806,#7807,#7808,#7809,#7810,#7811,#7812,#7813,#7814,#7815,
#7816,#7817,#7818,#7819,#7820,#7821,#7822,#7823,#7824,#7825,#7826,#7827,
#7828,#7829,#7830,#7831,#7832,#7833,#7834),#9686,.T.);
#9901=ADVANCED_FACE('',(#7835,#7836,#7837,#7838,#7839,#7840,#7841,#7842,
#7843,#7844,#7845,#7846,#7847,#7848,#7849,#7850,#7851,#7852,#7853,#7854,
#7855,#7856,#7857,#7858,#7859,#7860,#7861,#7862,#7863,#7864,#7865,#7866,
#7867,#7868,#7869,#7870,#7871,#7872,#7873,#7874,#7875,#7876,#7877,#7878,
#7879,#7880,#7881,#7882,#7883,#7884,#7885,#7886,#7887,#7888,#7889,#7890,
#7891,#7892,#7893,#7894,#7895,#7896,#7897,#7898,#7899,#7900,#7901,#7902,
#7903,#7904,#7905,#7906,#7907,#7908,#7909,#7910,#7911,#7912,#7913,#7914,
#7915,#7916,#7917,#7918,#7919,#7920,#7921,#7922,#7923,#7924,#7925,#7926,
#7927,#7928,#7929,#7930,#7931,#7932,#7933),#9687,.F.);
#9902=ADVANCED_FACE('',(#7934),#9688,.T.);
#9903=ADVANCED_FACE('',(#7935),#9689,.T.);
#9904=ADVANCED_FACE('',(#7936),#9690,.T.);
#9905=ADVANCED_FACE('',(#7937),#9691,.T.);
#9906=ADVANCED_FACE('',(#7938),#9692,.F.);
#9907=ADVANCED_FACE('',(#7939),#9693,.T.);
#9908=ADVANCED_FACE('',(#7940),#9694,.F.);
#9909=ADVANCED_FACE('',(#7941),#9695,.F.);
#9910=ADVANCED_FACE('',(#7942),#9696,.F.);
#9911=ADVANCED_FACE('',(#7943),#9697,.F.);
#9912=ADVANCED_FACE('',(#7944),#9698,.T.);
#9913=ADVANCED_FACE('',(#7945),#9699,.T.);
#9914=ADVANCED_FACE('',(#7946),#9700,.F.);
#9915=ADVANCED_FACE('',(#7947),#9701,.F.);
#9916=ADVANCED_FACE('',(#7948),#9702,.T.);
#9917=ADVANCED_FACE('',(#7949),#9703,.F.);
#9918=ADVANCED_FACE('',(#7950,#7951),#404,.F.);
#9919=ADVANCED_FACE('',(#7952,#7953),#405,.F.);
#9920=ADVANCED_FACE('',(#7954,#7955),#20,.F.);
#9921=ADVANCED_FACE('',(#7956,#7957),#9704,.T.);
#9922=ADVANCED_FACE('',(#7958,#7959),#406,.F.);
#9923=ADVANCED_FACE('',(#7960,#7961),#21,.F.);
#9924=ADVANCED_FACE('',(#7962,#7963),#407,.F.);
#9925=ADVANCED_FACE('',(#7964,#7965),#22,.F.);
#9926=ADVANCED_FACE('',(#7966,#7967),#9705,.T.);
#9927=ADVANCED_FACE('',(#7968,#7969),#408,.F.);
#9928=ADVANCED_FACE('',(#7970,#7971),#23,.F.);
#9929=ADVANCED_FACE('',(#7972,#7973),#24,.F.);
#9930=ADVANCED_FACE('',(#7974,#7975),#9706,.T.);
#9931=ADVANCED_FACE('',(#7976,#7977),#409,.F.);
#9932=ADVANCED_FACE('',(#7978,#7979),#25,.F.);
#9933=ADVANCED_FACE('',(#7980,#7981),#410,.F.);
#9934=ADVANCED_FACE('',(#7982,#7983),#26,.F.);
#9935=ADVANCED_FACE('',(#7984,#7985),#9707,.T.);
#9936=ADVANCED_FACE('',(#7986,#7987),#411,.F.);
#9937=ADVANCED_FACE('',(#7988,#7989),#27,.F.);
#9938=ADVANCED_FACE('',(#7990,#7991),#28,.F.);
#9939=ADVANCED_FACE('',(#7992,#7993),#9708,.T.);
#9940=ADVANCED_FACE('',(#7994,#7995),#412,.F.);
#9941=ADVANCED_FACE('',(#7996,#7997),#29,.F.);
#9942=ADVANCED_FACE('',(#7998,#7999),#413,.F.);
#9943=ADVANCED_FACE('',(#8000,#8001),#30,.F.);
#9944=ADVANCED_FACE('',(#8002,#8003),#9709,.T.);
#9945=ADVANCED_FACE('',(#8004,#8005),#414,.F.);
#9946=ADVANCED_FACE('',(#8006,#8007),#31,.F.);
#9947=ADVANCED_FACE('',(#8008,#8009),#32,.F.);
#9948=ADVANCED_FACE('',(#8010,#8011),#9710,.T.);
#9949=ADVANCED_FACE('',(#8012,#8013),#415,.F.);
#9950=ADVANCED_FACE('',(#8014,#8015),#33,.F.);
#9951=ADVANCED_FACE('',(#8016,#8017),#416,.F.);
#9952=ADVANCED_FACE('',(#8018,#8019),#34,.F.);
#9953=ADVANCED_FACE('',(#8020,#8021),#9711,.T.);
#9954=ADVANCED_FACE('',(#8022,#8023),#417,.F.);
#9955=ADVANCED_FACE('',(#8024,#8025),#35,.F.);
#9956=ADVANCED_FACE('',(#8026,#8027),#36,.F.);
#9957=ADVANCED_FACE('',(#8028,#8029),#9712,.T.);
#9958=ADVANCED_FACE('',(#8030,#8031),#418,.F.);
#9959=ADVANCED_FACE('',(#8032,#8033),#37,.F.);
#9960=ADVANCED_FACE('',(#8034,#8035),#419,.F.);
#9961=ADVANCED_FACE('',(#8036,#8037),#38,.F.);
#9962=ADVANCED_FACE('',(#8038,#8039),#9713,.T.);
#9963=ADVANCED_FACE('',(#8040,#8041),#420,.F.);
#9964=ADVANCED_FACE('',(#8042,#8043),#39,.F.);
#9965=ADVANCED_FACE('',(#8044,#8045),#40,.F.);
#9966=ADVANCED_FACE('',(#8046,#8047),#9714,.T.);
#9967=ADVANCED_FACE('',(#8048,#8049),#421,.F.);
#9968=ADVANCED_FACE('',(#8050,#8051),#41,.F.);
#9969=ADVANCED_FACE('',(#8052,#8053),#422,.F.);
#9970=ADVANCED_FACE('',(#8054,#8055),#42,.F.);
#9971=ADVANCED_FACE('',(#8056,#8057),#9715,.T.);
#9972=ADVANCED_FACE('',(#8058,#8059),#423,.F.);
#9973=ADVANCED_FACE('',(#8060,#8061),#43,.F.);
#9974=ADVANCED_FACE('',(#8062,#8063),#44,.F.);
#9975=ADVANCED_FACE('',(#8064,#8065),#9716,.T.);
#9976=ADVANCED_FACE('',(#8066,#8067),#424,.F.);
#9977=ADVANCED_FACE('',(#8068,#8069),#45,.F.);
#9978=ADVANCED_FACE('',(#8070,#8071),#425,.F.);
#9979=ADVANCED_FACE('',(#8072,#8073),#46,.F.);
#9980=ADVANCED_FACE('',(#8074,#8075),#9717,.T.);
#9981=ADVANCED_FACE('',(#8076,#8077),#426,.F.);
#9982=ADVANCED_FACE('',(#8078,#8079),#47,.F.);
#9983=ADVANCED_FACE('',(#8080,#8081),#48,.F.);
#9984=ADVANCED_FACE('',(#8082,#8083),#9718,.T.);
#9985=ADVANCED_FACE('',(#8084,#8085),#427,.F.);
#9986=ADVANCED_FACE('',(#8086,#8087),#49,.F.);
#9987=ADVANCED_FACE('',(#8088,#8089),#428,.F.);
#9988=ADVANCED_FACE('',(#8090,#8091),#50,.F.);
#9989=ADVANCED_FACE('',(#8092,#8093),#9719,.T.);
#9990=ADVANCED_FACE('',(#8094,#8095),#429,.F.);
#9991=ADVANCED_FACE('',(#8096,#8097),#51,.F.);
#9992=ADVANCED_FACE('',(#8098,#8099),#52,.F.);
#9993=ADVANCED_FACE('',(#8100,#8101),#9720,.T.);
#9994=ADVANCED_FACE('',(#8102,#8103),#430,.F.);
#9995=ADVANCED_FACE('',(#8104,#8105),#53,.F.);
#9996=ADVANCED_FACE('',(#8106,#8107),#431,.F.);
#9997=ADVANCED_FACE('',(#8108,#8109),#54,.F.);
#9998=ADVANCED_FACE('',(#8110,#8111),#9721,.T.);
#9999=ADVANCED_FACE('',(#8112,#8113),#432,.F.);
#10000=ADVANCED_FACE('',(#8114,#8115),#55,.F.);
#10001=ADVANCED_FACE('',(#8116,#8117),#56,.F.);
#10002=ADVANCED_FACE('',(#8118,#8119),#9722,.T.);
#10003=ADVANCED_FACE('',(#8120,#8121),#433,.F.);
#10004=ADVANCED_FACE('',(#8122,#8123),#57,.F.);
#10005=ADVANCED_FACE('',(#8124,#8125),#434,.F.);
#10006=ADVANCED_FACE('',(#8126,#8127),#58,.F.);
#10007=ADVANCED_FACE('',(#8128,#8129),#9723,.T.);
#10008=ADVANCED_FACE('',(#8130,#8131),#435,.F.);
#10009=ADVANCED_FACE('',(#8132,#8133),#59,.F.);
#10010=ADVANCED_FACE('',(#8134,#8135),#60,.F.);
#10011=ADVANCED_FACE('',(#8136,#8137),#9724,.T.);
#10012=ADVANCED_FACE('',(#8138,#8139),#436,.F.);
#10013=ADVANCED_FACE('',(#8140,#8141),#61,.F.);
#10014=ADVANCED_FACE('',(#8142,#8143),#437,.F.);
#10015=ADVANCED_FACE('',(#8144,#8145),#62,.F.);
#10016=ADVANCED_FACE('',(#8146,#8147),#9725,.T.);
#10017=ADVANCED_FACE('',(#8148,#8149),#438,.F.);
#10018=ADVANCED_FACE('',(#8150,#8151),#63,.F.);
#10019=ADVANCED_FACE('',(#8152,#8153),#64,.F.);
#10020=ADVANCED_FACE('',(#8154,#8155),#9726,.T.);
#10021=ADVANCED_FACE('',(#8156,#8157),#439,.F.);
#10022=ADVANCED_FACE('',(#8158,#8159),#65,.F.);
#10023=ADVANCED_FACE('',(#8160,#8161),#440,.F.);
#10024=ADVANCED_FACE('',(#8162,#8163),#66,.F.);
#10025=ADVANCED_FACE('',(#8164,#8165),#9727,.T.);
#10026=ADVANCED_FACE('',(#8166,#8167),#441,.F.);
#10027=ADVANCED_FACE('',(#8168,#8169),#67,.F.);
#10028=ADVANCED_FACE('',(#8170,#8171),#68,.F.);
#10029=ADVANCED_FACE('',(#8172,#8173),#9728,.T.);
#10030=ADVANCED_FACE('',(#8174,#8175),#442,.F.);
#10031=ADVANCED_FACE('',(#8176,#8177),#69,.F.);
#10032=ADVANCED_FACE('',(#8178,#8179),#443,.F.);
#10033=ADVANCED_FACE('',(#8180,#8181),#70,.F.);
#10034=ADVANCED_FACE('',(#8182,#8183),#9729,.T.);
#10035=ADVANCED_FACE('',(#8184,#8185),#444,.F.);
#10036=ADVANCED_FACE('',(#8186,#8187),#71,.F.);
#10037=ADVANCED_FACE('',(#8188,#8189),#72,.F.);
#10038=ADVANCED_FACE('',(#8190,#8191),#9730,.T.);
#10039=ADVANCED_FACE('',(#8192,#8193),#445,.F.);
#10040=ADVANCED_FACE('',(#8194,#8195),#73,.F.);
#10041=ADVANCED_FACE('',(#8196,#8197),#446,.F.);
#10042=ADVANCED_FACE('',(#8198,#8199),#74,.F.);
#10043=ADVANCED_FACE('',(#8200,#8201),#9731,.T.);
#10044=ADVANCED_FACE('',(#8202,#8203),#447,.F.);
#10045=ADVANCED_FACE('',(#8204,#8205),#75,.F.);
#10046=ADVANCED_FACE('',(#8206,#8207),#76,.F.);
#10047=ADVANCED_FACE('',(#8208,#8209),#9732,.T.);
#10048=ADVANCED_FACE('',(#8210,#8211),#448,.F.);
#10049=ADVANCED_FACE('',(#8212,#8213),#77,.F.);
#10050=ADVANCED_FACE('',(#8214,#8215),#449,.F.);
#10051=ADVANCED_FACE('',(#8216,#8217),#78,.F.);
#10052=ADVANCED_FACE('',(#8218,#8219),#9733,.T.);
#10053=ADVANCED_FACE('',(#8220,#8221),#450,.F.);
#10054=ADVANCED_FACE('',(#8222,#8223),#79,.F.);
#10055=ADVANCED_FACE('',(#8224,#8225),#80,.F.);
#10056=ADVANCED_FACE('',(#8226,#8227),#9734,.T.);
#10057=ADVANCED_FACE('',(#8228,#8229),#451,.F.);
#10058=ADVANCED_FACE('',(#8230,#8231),#81,.F.);
#10059=ADVANCED_FACE('',(#8232,#8233),#452,.F.);
#10060=ADVANCED_FACE('',(#8234,#8235),#82,.F.);
#10061=ADVANCED_FACE('',(#8236,#8237),#9735,.T.);
#10062=ADVANCED_FACE('',(#8238,#8239),#453,.F.);
#10063=ADVANCED_FACE('',(#8240,#8241),#83,.F.);
#10064=ADVANCED_FACE('',(#8242,#8243),#84,.F.);
#10065=ADVANCED_FACE('',(#8244,#8245),#9736,.T.);
#10066=ADVANCED_FACE('',(#8246,#8247),#454,.F.);
#10067=ADVANCED_FACE('',(#8248,#8249),#85,.F.);
#10068=ADVANCED_FACE('',(#8250,#8251),#455,.F.);
#10069=ADVANCED_FACE('',(#8252,#8253),#86,.F.);
#10070=ADVANCED_FACE('',(#8254,#8255),#9737,.T.);
#10071=ADVANCED_FACE('',(#8256,#8257),#456,.F.);
#10072=ADVANCED_FACE('',(#8258,#8259),#87,.F.);
#10073=ADVANCED_FACE('',(#8260,#8261),#88,.F.);
#10074=ADVANCED_FACE('',(#8262,#8263),#9738,.T.);
#10075=ADVANCED_FACE('',(#8264,#8265),#457,.F.);
#10076=ADVANCED_FACE('',(#8266,#8267),#89,.F.);
#10077=ADVANCED_FACE('',(#8268,#8269),#458,.F.);
#10078=ADVANCED_FACE('',(#8270,#8271),#90,.F.);
#10079=ADVANCED_FACE('',(#8272,#8273),#9739,.T.);
#10080=ADVANCED_FACE('',(#8274,#8275),#459,.F.);
#10081=ADVANCED_FACE('',(#8276,#8277),#91,.F.);
#10082=ADVANCED_FACE('',(#8278,#8279),#92,.F.);
#10083=ADVANCED_FACE('',(#8280,#8281),#9740,.T.);
#10084=ADVANCED_FACE('',(#8282,#8283),#460,.F.);
#10085=ADVANCED_FACE('',(#8284,#8285),#93,.F.);
#10086=ADVANCED_FACE('',(#8286,#8287),#461,.F.);
#10087=ADVANCED_FACE('',(#8288,#8289),#94,.F.);
#10088=ADVANCED_FACE('',(#8290,#8291),#9741,.T.);
#10089=ADVANCED_FACE('',(#8292,#8293),#462,.F.);
#10090=ADVANCED_FACE('',(#8294,#8295),#95,.F.);
#10091=ADVANCED_FACE('',(#8296,#8297),#96,.F.);
#10092=ADVANCED_FACE('',(#8298,#8299),#9742,.T.);
#10093=ADVANCED_FACE('',(#8300,#8301),#463,.F.);
#10094=ADVANCED_FACE('',(#8302,#8303),#97,.F.);
#10095=ADVANCED_FACE('',(#8304,#8305),#464,.F.);
#10096=ADVANCED_FACE('',(#8306,#8307),#98,.F.);
#10097=ADVANCED_FACE('',(#8308,#8309),#9743,.T.);
#10098=ADVANCED_FACE('',(#8310,#8311),#465,.F.);
#10099=ADVANCED_FACE('',(#8312,#8313),#99,.F.);
#10100=ADVANCED_FACE('',(#8314,#8315),#100,.F.);
#10101=ADVANCED_FACE('',(#8316,#8317),#9744,.T.);
#10102=ADVANCED_FACE('',(#8318,#8319),#466,.F.);
#10103=ADVANCED_FACE('',(#8320,#8321),#101,.F.);
#10104=ADVANCED_FACE('',(#8322,#8323),#467,.F.);
#10105=ADVANCED_FACE('',(#8324,#8325),#102,.F.);
#10106=ADVANCED_FACE('',(#8326,#8327),#9745,.T.);
#10107=ADVANCED_FACE('',(#8328,#8329),#468,.F.);
#10108=ADVANCED_FACE('',(#8330,#8331),#103,.F.);
#10109=ADVANCED_FACE('',(#8332,#8333),#104,.F.);
#10110=ADVANCED_FACE('',(#8334,#8335),#9746,.T.);
#10111=ADVANCED_FACE('',(#8336,#8337),#469,.F.);
#10112=ADVANCED_FACE('',(#8338,#8339),#105,.F.);
#10113=ADVANCED_FACE('',(#8340,#8341),#470,.F.);
#10114=ADVANCED_FACE('',(#8342,#8343),#106,.F.);
#10115=ADVANCED_FACE('',(#8344,#8345),#9747,.T.);
#10116=ADVANCED_FACE('',(#8346,#8347),#471,.F.);
#10117=ADVANCED_FACE('',(#8348,#8349),#107,.F.);
#10118=ADVANCED_FACE('',(#8350,#8351),#108,.F.);
#10119=ADVANCED_FACE('',(#8352,#8353),#9748,.T.);
#10120=ADVANCED_FACE('',(#8354,#8355),#472,.F.);
#10121=ADVANCED_FACE('',(#8356,#8357),#109,.F.);
#10122=ADVANCED_FACE('',(#8358,#8359),#473,.F.);
#10123=ADVANCED_FACE('',(#8360,#8361),#110,.F.);
#10124=ADVANCED_FACE('',(#8362,#8363),#9749,.T.);
#10125=ADVANCED_FACE('',(#8364,#8365),#474,.F.);
#10126=ADVANCED_FACE('',(#8366,#8367),#111,.F.);
#10127=ADVANCED_FACE('',(#8368,#8369),#112,.F.);
#10128=ADVANCED_FACE('',(#8370,#8371),#9750,.T.);
#10129=ADVANCED_FACE('',(#8372,#8373),#475,.F.);
#10130=ADVANCED_FACE('',(#8374,#8375),#113,.F.);
#10131=ADVANCED_FACE('',(#8376,#8377),#476,.F.);
#10132=ADVANCED_FACE('',(#8378,#8379),#114,.F.);
#10133=ADVANCED_FACE('',(#8380,#8381),#9751,.T.);
#10134=ADVANCED_FACE('',(#8382,#8383),#477,.F.);
#10135=ADVANCED_FACE('',(#8384,#8385),#115,.F.);
#10136=ADVANCED_FACE('',(#8386,#8387),#116,.F.);
#10137=ADVANCED_FACE('',(#8388,#8389),#9752,.T.);
#10138=ADVANCED_FACE('',(#8390,#8391),#478,.F.);
#10139=ADVANCED_FACE('',(#8392,#8393),#117,.F.);
#10140=ADVANCED_FACE('',(#8394,#8395),#479,.F.);
#10141=ADVANCED_FACE('',(#8396,#8397),#118,.F.);
#10142=ADVANCED_FACE('',(#8398,#8399),#9753,.T.);
#10143=ADVANCED_FACE('',(#8400,#8401),#480,.F.);
#10144=ADVANCED_FACE('',(#8402,#8403),#119,.F.);
#10145=ADVANCED_FACE('',(#8404,#8405),#120,.F.);
#10146=ADVANCED_FACE('',(#8406,#8407),#9754,.T.);
#10147=ADVANCED_FACE('',(#8408,#8409),#481,.F.);
#10148=ADVANCED_FACE('',(#8410,#8411),#121,.F.);
#10149=ADVANCED_FACE('',(#8412,#8413),#482,.F.);
#10150=ADVANCED_FACE('',(#8414,#8415),#122,.F.);
#10151=ADVANCED_FACE('',(#8416,#8417),#9755,.T.);
#10152=ADVANCED_FACE('',(#8418,#8419),#483,.F.);
#10153=ADVANCED_FACE('',(#8420,#8421),#123,.F.);
#10154=ADVANCED_FACE('',(#8422,#8423),#124,.F.);
#10155=ADVANCED_FACE('',(#8424,#8425),#9756,.T.);
#10156=ADVANCED_FACE('',(#8426,#8427),#484,.F.);
#10157=ADVANCED_FACE('',(#8428,#8429),#125,.F.);
#10158=ADVANCED_FACE('',(#8430,#8431),#485,.F.);
#10159=ADVANCED_FACE('',(#8432,#8433),#126,.F.);
#10160=ADVANCED_FACE('',(#8434,#8435),#9757,.T.);
#10161=ADVANCED_FACE('',(#8436,#8437),#486,.F.);
#10162=ADVANCED_FACE('',(#8438,#8439),#127,.F.);
#10163=ADVANCED_FACE('',(#8440,#8441),#128,.F.);
#10164=ADVANCED_FACE('',(#8442,#8443),#9758,.T.);
#10165=ADVANCED_FACE('',(#8444,#8445),#487,.F.);
#10166=ADVANCED_FACE('',(#8446,#8447),#129,.F.);
#10167=ADVANCED_FACE('',(#8448,#8449),#488,.F.);
#10168=ADVANCED_FACE('',(#8450,#8451),#130,.F.);
#10169=ADVANCED_FACE('',(#8452,#8453),#9759,.T.);
#10170=ADVANCED_FACE('',(#8454,#8455),#489,.F.);
#10171=ADVANCED_FACE('',(#8456,#8457),#131,.F.);
#10172=ADVANCED_FACE('',(#8458,#8459),#132,.F.);
#10173=ADVANCED_FACE('',(#8460,#8461),#9760,.T.);
#10174=ADVANCED_FACE('',(#8462,#8463),#490,.F.);
#10175=ADVANCED_FACE('',(#8464,#8465),#133,.F.);
#10176=ADVANCED_FACE('',(#8466,#8467),#491,.F.);
#10177=ADVANCED_FACE('',(#8468,#8469),#134,.F.);
#10178=ADVANCED_FACE('',(#8470,#8471),#9761,.T.);
#10179=ADVANCED_FACE('',(#8472,#8473),#492,.F.);
#10180=ADVANCED_FACE('',(#8474,#8475),#135,.F.);
#10181=ADVANCED_FACE('',(#8476,#8477),#136,.F.);
#10182=ADVANCED_FACE('',(#8478,#8479),#9762,.T.);
#10183=ADVANCED_FACE('',(#8480,#8481),#493,.F.);
#10184=ADVANCED_FACE('',(#8482,#8483),#137,.F.);
#10185=ADVANCED_FACE('',(#8484,#8485),#494,.F.);
#10186=ADVANCED_FACE('',(#8486,#8487),#138,.F.);
#10187=ADVANCED_FACE('',(#8488,#8489),#9763,.T.);
#10188=ADVANCED_FACE('',(#8490,#8491),#495,.F.);
#10189=ADVANCED_FACE('',(#8492,#8493),#139,.F.);
#10190=ADVANCED_FACE('',(#8494,#8495),#140,.F.);
#10191=ADVANCED_FACE('',(#8496,#8497),#9764,.T.);
#10192=ADVANCED_FACE('',(#8498,#8499),#496,.F.);
#10193=ADVANCED_FACE('',(#8500,#8501),#141,.F.);
#10194=ADVANCED_FACE('',(#8502,#8503),#497,.F.);
#10195=ADVANCED_FACE('',(#8504,#8505),#142,.F.);
#10196=ADVANCED_FACE('',(#8506,#8507),#9765,.T.);
#10197=ADVANCED_FACE('',(#8508,#8509),#498,.F.);
#10198=ADVANCED_FACE('',(#8510,#8511),#143,.F.);
#10199=ADVANCED_FACE('',(#8512,#8513),#144,.F.);
#10200=ADVANCED_FACE('',(#8514,#8515),#9766,.T.);
#10201=ADVANCED_FACE('',(#8516,#8517),#499,.F.);
#10202=ADVANCED_FACE('',(#8518,#8519),#145,.F.);
#10203=ADVANCED_FACE('',(#8520,#8521),#500,.F.);
#10204=ADVANCED_FACE('',(#8522,#8523),#146,.F.);
#10205=ADVANCED_FACE('',(#8524,#8525),#9767,.T.);
#10206=ADVANCED_FACE('',(#8526,#8527),#501,.F.);
#10207=ADVANCED_FACE('',(#8528,#8529),#147,.F.);
#10208=ADVANCED_FACE('',(#8530,#8531),#148,.F.);
#10209=ADVANCED_FACE('',(#8532,#8533),#9768,.T.);
#10210=ADVANCED_FACE('',(#8534,#8535),#502,.F.);
#10211=ADVANCED_FACE('',(#8536,#8537),#149,.F.);
#10212=ADVANCED_FACE('',(#8538,#8539),#503,.F.);
#10213=ADVANCED_FACE('',(#8540,#8541),#150,.F.);
#10214=ADVANCED_FACE('',(#8542,#8543),#9769,.T.);
#10215=ADVANCED_FACE('',(#8544,#8545),#504,.F.);
#10216=ADVANCED_FACE('',(#8546,#8547),#151,.F.);
#10217=ADVANCED_FACE('',(#8548,#8549),#152,.F.);
#10218=ADVANCED_FACE('',(#8550,#8551),#9770,.T.);
#10219=ADVANCED_FACE('',(#8552,#8553),#505,.F.);
#10220=ADVANCED_FACE('',(#8554,#8555),#153,.F.);
#10221=ADVANCED_FACE('',(#8556,#8557),#506,.F.);
#10222=ADVANCED_FACE('',(#8558,#8559),#154,.F.);
#10223=ADVANCED_FACE('',(#8560,#8561),#9771,.T.);
#10224=ADVANCED_FACE('',(#8562,#8563),#507,.F.);
#10225=ADVANCED_FACE('',(#8564,#8565),#155,.F.);
#10226=ADVANCED_FACE('',(#8566,#8567),#156,.F.);
#10227=ADVANCED_FACE('',(#8568,#8569),#9772,.T.);
#10228=ADVANCED_FACE('',(#8570,#8571),#508,.F.);
#10229=ADVANCED_FACE('',(#8572,#8573),#157,.F.);
#10230=ADVANCED_FACE('',(#8574,#8575),#509,.F.);
#10231=ADVANCED_FACE('',(#8576,#8577),#158,.F.);
#10232=ADVANCED_FACE('',(#8578,#8579),#9773,.T.);
#10233=ADVANCED_FACE('',(#8580,#8581),#510,.F.);
#10234=ADVANCED_FACE('',(#8582,#8583),#159,.F.);
#10235=ADVANCED_FACE('',(#8584,#8585),#160,.F.);
#10236=ADVANCED_FACE('',(#8586,#8587),#9774,.T.);
#10237=ADVANCED_FACE('',(#8588,#8589),#511,.F.);
#10238=ADVANCED_FACE('',(#8590,#8591),#161,.F.);
#10239=ADVANCED_FACE('',(#8592,#8593),#512,.F.);
#10240=ADVANCED_FACE('',(#8594,#8595),#162,.F.);
#10241=ADVANCED_FACE('',(#8596,#8597),#9775,.T.);
#10242=ADVANCED_FACE('',(#8598,#8599),#513,.F.);
#10243=ADVANCED_FACE('',(#8600,#8601),#163,.F.);
#10244=ADVANCED_FACE('',(#8602,#8603),#164,.F.);
#10245=ADVANCED_FACE('',(#8604,#8605),#9776,.T.);
#10246=ADVANCED_FACE('',(#8606,#8607),#514,.F.);
#10247=ADVANCED_FACE('',(#8608,#8609),#165,.F.);
#10248=ADVANCED_FACE('',(#8610,#8611),#515,.F.);
#10249=ADVANCED_FACE('',(#8612,#8613),#166,.F.);
#10250=ADVANCED_FACE('',(#8614,#8615),#9777,.T.);
#10251=ADVANCED_FACE('',(#8616,#8617),#516,.F.);
#10252=ADVANCED_FACE('',(#8618,#8619),#167,.F.);
#10253=ADVANCED_FACE('',(#8620,#8621),#168,.F.);
#10254=ADVANCED_FACE('',(#8622,#8623),#9778,.T.);
#10255=ADVANCED_FACE('',(#8624,#8625),#517,.F.);
#10256=ADVANCED_FACE('',(#8626,#8627),#169,.F.);
#10257=ADVANCED_FACE('',(#8628,#8629),#518,.F.);
#10258=ADVANCED_FACE('',(#8630,#8631),#170,.F.);
#10259=ADVANCED_FACE('',(#8632,#8633),#9779,.T.);
#10260=ADVANCED_FACE('',(#8634,#8635),#519,.F.);
#10261=ADVANCED_FACE('',(#8636,#8637),#171,.F.);
#10262=ADVANCED_FACE('',(#8638,#8639),#172,.F.);
#10263=ADVANCED_FACE('',(#8640,#8641),#9780,.T.);
#10264=ADVANCED_FACE('',(#8642,#8643),#520,.F.);
#10265=ADVANCED_FACE('',(#8644,#8645),#173,.F.);
#10266=ADVANCED_FACE('',(#8646,#8647),#521,.F.);
#10267=ADVANCED_FACE('',(#8648,#8649),#174,.F.);
#10268=ADVANCED_FACE('',(#8650,#8651),#9781,.T.);
#10269=ADVANCED_FACE('',(#8652,#8653),#522,.F.);
#10270=ADVANCED_FACE('',(#8654,#8655),#175,.F.);
#10271=ADVANCED_FACE('',(#8656,#8657),#176,.F.);
#10272=ADVANCED_FACE('',(#8658,#8659),#9782,.T.);
#10273=ADVANCED_FACE('',(#8660,#8661),#523,.F.);
#10274=ADVANCED_FACE('',(#8662,#8663),#177,.F.);
#10275=ADVANCED_FACE('',(#8664,#8665),#524,.F.);
#10276=ADVANCED_FACE('',(#8666,#8667),#178,.F.);
#10277=ADVANCED_FACE('',(#8668,#8669),#9783,.T.);
#10278=ADVANCED_FACE('',(#8670,#8671),#525,.F.);
#10279=ADVANCED_FACE('',(#8672,#8673),#179,.F.);
#10280=ADVANCED_FACE('',(#8674,#8675),#180,.F.);
#10281=ADVANCED_FACE('',(#8676,#8677),#9784,.T.);
#10282=ADVANCED_FACE('',(#8678,#8679),#526,.F.);
#10283=ADVANCED_FACE('',(#8680,#8681),#181,.F.);
#10284=ADVANCED_FACE('',(#8682,#8683),#527,.F.);
#10285=ADVANCED_FACE('',(#8684,#8685),#182,.F.);
#10286=ADVANCED_FACE('',(#8686,#8687),#9785,.T.);
#10287=ADVANCED_FACE('',(#8688,#8689),#528,.F.);
#10288=ADVANCED_FACE('',(#8690,#8691),#183,.F.);
#10289=ADVANCED_FACE('',(#8692,#8693),#184,.F.);
#10290=ADVANCED_FACE('',(#8694,#8695),#9786,.T.);
#10291=ADVANCED_FACE('',(#8696,#8697),#529,.F.);
#10292=ADVANCED_FACE('',(#8698,#8699),#185,.F.);
#10293=ADVANCED_FACE('',(#8700,#8701),#530,.F.);
#10294=ADVANCED_FACE('',(#8702,#8703),#186,.F.);
#10295=ADVANCED_FACE('',(#8704,#8705),#9787,.T.);
#10296=ADVANCED_FACE('',(#8706,#8707),#531,.F.);
#10297=ADVANCED_FACE('',(#8708,#8709),#187,.F.);
#10298=ADVANCED_FACE('',(#8710,#8711),#188,.F.);
#10299=ADVANCED_FACE('',(#8712,#8713),#9788,.T.);
#10300=ADVANCED_FACE('',(#8714,#8715),#532,.F.);
#10301=ADVANCED_FACE('',(#8716,#8717),#189,.F.);
#10302=ADVANCED_FACE('',(#8718,#8719),#533,.F.);
#10303=ADVANCED_FACE('',(#8720,#8721),#190,.F.);
#10304=ADVANCED_FACE('',(#8722,#8723),#9789,.T.);
#10305=ADVANCED_FACE('',(#8724,#8725),#534,.F.);
#10306=ADVANCED_FACE('',(#8726,#8727),#191,.F.);
#10307=ADVANCED_FACE('',(#8728,#8729),#192,.F.);
#10308=ADVANCED_FACE('',(#8730,#8731),#9790,.T.);
#10309=ADVANCED_FACE('',(#8732,#8733),#535,.F.);
#10310=ADVANCED_FACE('',(#8734,#8735),#193,.F.);
#10311=ADVANCED_FACE('',(#8736,#8737),#536,.F.);
#10312=ADVANCED_FACE('',(#8738,#8739),#194,.F.);
#10313=ADVANCED_FACE('',(#8740,#8741),#9791,.T.);
#10314=ADVANCED_FACE('',(#8742,#8743),#537,.F.);
#10315=ADVANCED_FACE('',(#8744,#8745),#195,.F.);
#10316=ADVANCED_FACE('',(#8746,#8747),#196,.F.);
#10317=ADVANCED_FACE('',(#8748,#8749),#9792,.T.);
#10318=ADVANCED_FACE('',(#8750,#8751),#538,.F.);
#10319=ADVANCED_FACE('',(#8752,#8753),#197,.F.);
#10320=ADVANCED_FACE('',(#8754,#8755),#539,.F.);
#10321=ADVANCED_FACE('',(#8756,#8757),#198,.F.);
#10322=ADVANCED_FACE('',(#8758,#8759),#9793,.T.);
#10323=ADVANCED_FACE('',(#8760,#8761),#540,.F.);
#10324=ADVANCED_FACE('',(#8762,#8763),#199,.F.);
#10325=ADVANCED_FACE('',(#8764,#8765),#200,.F.);
#10326=ADVANCED_FACE('',(#8766,#8767),#9794,.T.);
#10327=ADVANCED_FACE('',(#8768,#8769),#541,.F.);
#10328=ADVANCED_FACE('',(#8770,#8771),#201,.F.);
#10329=ADVANCED_FACE('',(#8772,#8773),#542,.F.);
#10330=ADVANCED_FACE('',(#8774,#8775),#202,.F.);
#10331=ADVANCED_FACE('',(#8776,#8777),#9795,.T.);
#10332=ADVANCED_FACE('',(#8778,#8779),#543,.F.);
#10333=ADVANCED_FACE('',(#8780,#8781),#203,.F.);
#10334=ADVANCED_FACE('',(#8782,#8783),#204,.F.);
#10335=ADVANCED_FACE('',(#8784,#8785),#9796,.T.);
#10336=ADVANCED_FACE('',(#8786,#8787),#544,.F.);
#10337=ADVANCED_FACE('',(#8788,#8789),#205,.F.);
#10338=ADVANCED_FACE('',(#8790,#8791),#545,.F.);
#10339=ADVANCED_FACE('',(#8792,#8793),#206,.F.);
#10340=ADVANCED_FACE('',(#8794,#8795),#9797,.T.);
#10341=ADVANCED_FACE('',(#8796,#8797),#546,.F.);
#10342=ADVANCED_FACE('',(#8798,#8799),#207,.F.);
#10343=ADVANCED_FACE('',(#8800,#8801),#208,.F.);
#10344=ADVANCED_FACE('',(#8802,#8803),#9798,.T.);
#10345=ADVANCED_FACE('',(#8804,#8805),#547,.F.);
#10346=ADVANCED_FACE('',(#8806,#8807),#209,.F.);
#10347=ADVANCED_FACE('',(#8808,#8809),#548,.F.);
#10348=ADVANCED_FACE('',(#8810,#8811),#210,.F.);
#10349=ADVANCED_FACE('',(#8812,#8813),#9799,.T.);
#10350=ADVANCED_FACE('',(#8814,#8815),#549,.F.);
#10351=ADVANCED_FACE('',(#8816,#8817),#211,.F.);
#10352=ADVANCED_FACE('',(#8818,#8819),#212,.F.);
#10353=ADVANCED_FACE('',(#8820,#8821),#9800,.T.);
#10354=ADVANCED_FACE('',(#8822,#8823),#550,.F.);
#10355=ADVANCED_FACE('',(#8824,#8825),#213,.F.);
#10356=ADVANCED_FACE('',(#8826,#8827),#551,.F.);
#10357=ADVANCED_FACE('',(#8828,#8829),#214,.F.);
#10358=ADVANCED_FACE('',(#8830,#8831),#9801,.T.);
#10359=ADVANCED_FACE('',(#8832,#8833),#552,.F.);
#10360=ADVANCED_FACE('',(#8834,#8835),#215,.F.);
#10361=ADVANCED_FACE('',(#8836,#8837),#216,.F.);
#10362=ADVANCED_FACE('',(#8838,#8839),#9802,.T.);
#10363=ADVANCED_FACE('',(#8840,#8841),#553,.F.);
#10364=ADVANCED_FACE('',(#8842,#8843),#217,.F.);
#10365=ADVANCED_FACE('',(#8844,#8845),#554,.F.);
#10366=ADVANCED_FACE('',(#8846,#8847),#218,.F.);
#10367=ADVANCED_FACE('',(#8848,#8849),#9803,.T.);
#10368=ADVANCED_FACE('',(#8850,#8851),#555,.F.);
#10369=ADVANCED_FACE('',(#8852,#8853),#219,.F.);
#10370=ADVANCED_FACE('',(#8854,#8855),#220,.F.);
#10371=ADVANCED_FACE('',(#8856,#8857),#9804,.T.);
#10372=ADVANCED_FACE('',(#8858,#8859),#556,.F.);
#10373=ADVANCED_FACE('',(#8860,#8861),#221,.F.);
#10374=ADVANCED_FACE('',(#8862,#8863),#557,.F.);
#10375=ADVANCED_FACE('',(#8864,#8865),#222,.F.);
#10376=ADVANCED_FACE('',(#8866,#8867),#9805,.T.);
#10377=ADVANCED_FACE('',(#8868,#8869),#558,.F.);
#10378=ADVANCED_FACE('',(#8870,#8871),#223,.F.);
#10379=ADVANCED_FACE('',(#8872,#8873),#224,.F.);
#10380=ADVANCED_FACE('',(#8874,#8875),#9806,.T.);
#10381=ADVANCED_FACE('',(#8876,#8877),#559,.F.);
#10382=ADVANCED_FACE('',(#8878,#8879),#225,.F.);
#10383=ADVANCED_FACE('',(#8880,#8881),#560,.F.);
#10384=ADVANCED_FACE('',(#8882,#8883),#226,.F.);
#10385=ADVANCED_FACE('',(#8884,#8885),#9807,.T.);
#10386=ADVANCED_FACE('',(#8886,#8887),#561,.F.);
#10387=ADVANCED_FACE('',(#8888,#8889),#227,.F.);
#10388=ADVANCED_FACE('',(#8890,#8891),#228,.F.);
#10389=ADVANCED_FACE('',(#8892,#8893),#9808,.T.);
#10390=ADVANCED_FACE('',(#8894,#8895),#562,.F.);
#10391=ADVANCED_FACE('',(#8896,#8897),#229,.F.);
#10392=ADVANCED_FACE('',(#8898,#8899),#563,.F.);
#10393=ADVANCED_FACE('',(#8900,#8901),#230,.F.);
#10394=ADVANCED_FACE('',(#8902,#8903),#9809,.T.);
#10395=ADVANCED_FACE('',(#8904,#8905),#564,.F.);
#10396=ADVANCED_FACE('',(#8906,#8907),#231,.F.);
#10397=ADVANCED_FACE('',(#8908,#8909),#232,.F.);
#10398=ADVANCED_FACE('',(#8910,#8911),#9810,.T.);
#10399=ADVANCED_FACE('',(#8912,#8913),#565,.F.);
#10400=ADVANCED_FACE('',(#8914,#8915),#233,.F.);
#10401=ADVANCED_FACE('',(#8916,#8917),#566,.F.);
#10402=ADVANCED_FACE('',(#8918,#8919),#234,.F.);
#10403=ADVANCED_FACE('',(#8920,#8921),#9811,.T.);
#10404=ADVANCED_FACE('',(#8922,#8923),#567,.F.);
#10405=ADVANCED_FACE('',(#8924,#8925),#235,.F.);
#10406=ADVANCED_FACE('',(#8926,#8927),#236,.F.);
#10407=ADVANCED_FACE('',(#8928,#8929),#9812,.T.);
#10408=ADVANCED_FACE('',(#8930,#8931),#568,.F.);
#10409=ADVANCED_FACE('',(#8932,#8933),#237,.F.);
#10410=ADVANCED_FACE('',(#8934,#8935),#569,.F.);
#10411=ADVANCED_FACE('',(#8936,#8937),#238,.F.);
#10412=ADVANCED_FACE('',(#8938,#8939),#9813,.T.);
#10413=ADVANCED_FACE('',(#8940,#8941),#570,.F.);
#10414=ADVANCED_FACE('',(#8942,#8943),#239,.F.);
#10415=ADVANCED_FACE('',(#8944,#8945),#240,.F.);
#10416=ADVANCED_FACE('',(#8946,#8947),#9814,.T.);
#10417=ADVANCED_FACE('',(#8948,#8949),#571,.F.);
#10418=ADVANCED_FACE('',(#8950,#8951),#241,.F.);
#10419=ADVANCED_FACE('',(#8952,#8953),#572,.F.);
#10420=ADVANCED_FACE('',(#8954,#8955),#242,.F.);
#10421=ADVANCED_FACE('',(#8956,#8957),#9815,.T.);
#10422=ADVANCED_FACE('',(#8958,#8959),#573,.F.);
#10423=ADVANCED_FACE('',(#8960,#8961),#243,.F.);
#10424=ADVANCED_FACE('',(#8962,#8963),#244,.F.);
#10425=ADVANCED_FACE('',(#8964,#8965),#9816,.T.);
#10426=ADVANCED_FACE('',(#8966,#8967),#574,.F.);
#10427=ADVANCED_FACE('',(#8968,#8969),#245,.F.);
#10428=ADVANCED_FACE('',(#8970,#8971),#575,.F.);
#10429=ADVANCED_FACE('',(#8972,#8973),#246,.F.);
#10430=ADVANCED_FACE('',(#8974,#8975),#9817,.T.);
#10431=ADVANCED_FACE('',(#8976,#8977),#576,.F.);
#10432=ADVANCED_FACE('',(#8978,#8979),#247,.F.);
#10433=ADVANCED_FACE('',(#8980,#8981),#248,.F.);
#10434=ADVANCED_FACE('',(#8982,#8983),#9818,.T.);
#10435=ADVANCED_FACE('',(#8984,#8985),#577,.F.);
#10436=ADVANCED_FACE('',(#8986,#8987),#249,.F.);
#10437=ADVANCED_FACE('',(#8988,#8989),#578,.F.);
#10438=ADVANCED_FACE('',(#8990,#8991),#250,.F.);
#10439=ADVANCED_FACE('',(#8992,#8993),#9819,.T.);
#10440=ADVANCED_FACE('',(#8994,#8995),#579,.F.);
#10441=ADVANCED_FACE('',(#8996,#8997),#251,.F.);
#10442=ADVANCED_FACE('',(#8998,#8999),#252,.F.);
#10443=ADVANCED_FACE('',(#9000,#9001),#9820,.T.);
#10444=ADVANCED_FACE('',(#9002,#9003),#580,.F.);
#10445=ADVANCED_FACE('',(#9004,#9005),#253,.F.);
#10446=ADVANCED_FACE('',(#9006,#9007),#581,.F.);
#10447=ADVANCED_FACE('',(#9008,#9009),#254,.F.);
#10448=ADVANCED_FACE('',(#9010,#9011),#9821,.T.);
#10449=ADVANCED_FACE('',(#9012,#9013),#582,.F.);
#10450=ADVANCED_FACE('',(#9014,#9015),#255,.F.);
#10451=ADVANCED_FACE('',(#9016,#9017),#256,.F.);
#10452=ADVANCED_FACE('',(#9018,#9019),#9822,.T.);
#10453=ADVANCED_FACE('',(#9020,#9021),#583,.F.);
#10454=ADVANCED_FACE('',(#9022,#9023),#257,.F.);
#10455=ADVANCED_FACE('',(#9024,#9025),#584,.F.);
#10456=ADVANCED_FACE('',(#9026,#9027),#258,.F.);
#10457=ADVANCED_FACE('',(#9028,#9029),#9823,.T.);
#10458=ADVANCED_FACE('',(#9030,#9031),#585,.F.);
#10459=ADVANCED_FACE('',(#9032,#9033),#259,.F.);
#10460=ADVANCED_FACE('',(#9034,#9035),#260,.F.);
#10461=ADVANCED_FACE('',(#9036,#9037),#9824,.T.);
#10462=ADVANCED_FACE('',(#9038,#9039),#586,.F.);
#10463=ADVANCED_FACE('',(#9040,#9041),#261,.F.);
#10464=ADVANCED_FACE('',(#9042,#9043),#587,.F.);
#10465=ADVANCED_FACE('',(#9044,#9045),#262,.F.);
#10466=ADVANCED_FACE('',(#9046,#9047),#9825,.T.);
#10467=ADVANCED_FACE('',(#9048,#9049),#588,.F.);
#10468=ADVANCED_FACE('',(#9050,#9051),#263,.F.);
#10469=ADVANCED_FACE('',(#9052,#9053),#264,.F.);
#10470=ADVANCED_FACE('',(#9054,#9055),#9826,.T.);
#10471=ADVANCED_FACE('',(#9056,#9057),#589,.F.);
#10472=ADVANCED_FACE('',(#9058,#9059),#265,.F.);
#10473=ADVANCED_FACE('',(#9060,#9061),#590,.F.);
#10474=ADVANCED_FACE('',(#9062,#9063),#266,.F.);
#10475=ADVANCED_FACE('',(#9064,#9065),#9827,.T.);
#10476=ADVANCED_FACE('',(#9066,#9067),#591,.F.);
#10477=ADVANCED_FACE('',(#9068,#9069),#267,.F.);
#10478=ADVANCED_FACE('',(#9070,#9071),#268,.F.);
#10479=ADVANCED_FACE('',(#9072,#9073),#9828,.T.);
#10480=ADVANCED_FACE('',(#9074,#9075),#592,.F.);
#10481=ADVANCED_FACE('',(#9076,#9077),#269,.F.);
#10482=ADVANCED_FACE('',(#9078,#9079),#593,.F.);
#10483=ADVANCED_FACE('',(#9080,#9081),#270,.F.);
#10484=ADVANCED_FACE('',(#9082,#9083),#9829,.T.);
#10485=ADVANCED_FACE('',(#9084,#9085),#594,.F.);
#10486=ADVANCED_FACE('',(#9086,#9087),#271,.F.);
#10487=ADVANCED_FACE('',(#9088,#9089),#272,.F.);
#10488=ADVANCED_FACE('',(#9090,#9091),#9830,.T.);
#10489=ADVANCED_FACE('',(#9092,#9093),#595,.F.);
#10490=ADVANCED_FACE('',(#9094,#9095),#273,.F.);
#10491=ADVANCED_FACE('',(#9096,#9097),#596,.F.);
#10492=ADVANCED_FACE('',(#9098,#9099),#274,.F.);
#10493=ADVANCED_FACE('',(#9100,#9101),#9831,.T.);
#10494=ADVANCED_FACE('',(#9102,#9103),#597,.F.);
#10495=ADVANCED_FACE('',(#9104,#9105),#275,.F.);
#10496=ADVANCED_FACE('',(#9106,#9107),#276,.F.);
#10497=ADVANCED_FACE('',(#9108,#9109),#9832,.T.);
#10498=ADVANCED_FACE('',(#9110,#9111),#598,.F.);
#10499=ADVANCED_FACE('',(#9112,#9113),#277,.F.);
#10500=ADVANCED_FACE('',(#9114,#9115),#599,.F.);
#10501=ADVANCED_FACE('',(#9116,#9117),#278,.F.);
#10502=ADVANCED_FACE('',(#9118,#9119),#9833,.T.);
#10503=ADVANCED_FACE('',(#9120,#9121),#600,.F.);
#10504=ADVANCED_FACE('',(#9122,#9123),#279,.F.);
#10505=ADVANCED_FACE('',(#9124,#9125),#280,.F.);
#10506=ADVANCED_FACE('',(#9126,#9127),#9834,.T.);
#10507=ADVANCED_FACE('',(#9128,#9129),#601,.F.);
#10508=ADVANCED_FACE('',(#9130,#9131),#281,.F.);
#10509=ADVANCED_FACE('',(#9132,#9133),#602,.F.);
#10510=ADVANCED_FACE('',(#9134,#9135),#282,.F.);
#10511=ADVANCED_FACE('',(#9136,#9137),#9835,.T.);
#10512=ADVANCED_FACE('',(#9138,#9139),#603,.F.);
#10513=ADVANCED_FACE('',(#9140,#9141),#283,.F.);
#10514=ADVANCED_FACE('',(#9142,#9143),#284,.F.);
#10515=ADVANCED_FACE('',(#9144,#9145),#9836,.T.);
#10516=ADVANCED_FACE('',(#9146,#9147),#604,.F.);
#10517=ADVANCED_FACE('',(#9148,#9149),#285,.F.);
#10518=ADVANCED_FACE('',(#9150,#9151),#605,.F.);
#10519=ADVANCED_FACE('',(#9152,#9153),#286,.F.);
#10520=ADVANCED_FACE('',(#9154,#9155),#9837,.T.);
#10521=ADVANCED_FACE('',(#9156,#9157),#606,.F.);
#10522=ADVANCED_FACE('',(#9158,#9159),#287,.F.);
#10523=ADVANCED_FACE('',(#9160,#9161),#288,.F.);
#10524=ADVANCED_FACE('',(#9162,#9163),#9838,.T.);
#10525=ADVANCED_FACE('',(#9164,#9165),#607,.F.);
#10526=ADVANCED_FACE('',(#9166,#9167),#289,.F.);
#10527=ADVANCED_FACE('',(#9168,#9169),#608,.F.);
#10528=ADVANCED_FACE('',(#9170,#9171),#290,.F.);
#10529=ADVANCED_FACE('',(#9172,#9173),#9839,.T.);
#10530=ADVANCED_FACE('',(#9174,#9175),#609,.F.);
#10531=ADVANCED_FACE('',(#9176,#9177),#291,.F.);
#10532=ADVANCED_FACE('',(#9178,#9179),#292,.F.);
#10533=ADVANCED_FACE('',(#9180,#9181),#9840,.T.);
#10534=ADVANCED_FACE('',(#9182,#9183),#610,.F.);
#10535=ADVANCED_FACE('',(#9184,#9185),#293,.F.);
#10536=ADVANCED_FACE('',(#9186,#9187),#611,.F.);
#10537=ADVANCED_FACE('',(#9188,#9189),#294,.F.);
#10538=ADVANCED_FACE('',(#9190,#9191),#9841,.T.);
#10539=ADVANCED_FACE('',(#9192,#9193),#612,.F.);
#10540=ADVANCED_FACE('',(#9194,#9195),#295,.F.);
#10541=ADVANCED_FACE('',(#9196,#9197),#296,.F.);
#10542=ADVANCED_FACE('',(#9198,#9199),#9842,.T.);
#10543=ADVANCED_FACE('',(#9200,#9201),#613,.F.);
#10544=ADVANCED_FACE('',(#9202,#9203),#297,.F.);
#10545=ADVANCED_FACE('',(#9204,#9205),#614,.F.);
#10546=ADVANCED_FACE('',(#9206,#9207),#298,.F.);
#10547=ADVANCED_FACE('',(#9208,#9209),#9843,.T.);
#10548=ADVANCED_FACE('',(#9210,#9211),#615,.F.);
#10549=ADVANCED_FACE('',(#9212,#9213),#299,.F.);
#10550=ADVANCED_FACE('',(#9214,#9215),#300,.F.);
#10551=ADVANCED_FACE('',(#9216,#9217),#9844,.T.);
#10552=ADVANCED_FACE('',(#9218,#9219),#616,.F.);
#10553=ADVANCED_FACE('',(#9220,#9221),#301,.F.);
#10554=ADVANCED_FACE('',(#9222,#9223),#617,.F.);
#10555=ADVANCED_FACE('',(#9224,#9225),#302,.F.);
#10556=ADVANCED_FACE('',(#9226,#9227),#9845,.T.);
#10557=ADVANCED_FACE('',(#9228,#9229),#618,.F.);
#10558=ADVANCED_FACE('',(#9230,#9231),#303,.F.);
#10559=ADVANCED_FACE('',(#9232,#9233),#304,.F.);
#10560=ADVANCED_FACE('',(#9234,#9235),#9846,.T.);
#10561=ADVANCED_FACE('',(#9236,#9237),#619,.F.);
#10562=ADVANCED_FACE('',(#9238,#9239),#305,.F.);
#10563=ADVANCED_FACE('',(#9240,#9241),#620,.F.);
#10564=ADVANCED_FACE('',(#9242,#9243),#306,.F.);
#10565=ADVANCED_FACE('',(#9244,#9245),#9847,.T.);
#10566=ADVANCED_FACE('',(#9246,#9247),#621,.F.);
#10567=ADVANCED_FACE('',(#9248,#9249),#307,.F.);
#10568=ADVANCED_FACE('',(#9250,#9251),#308,.F.);
#10569=ADVANCED_FACE('',(#9252,#9253),#9848,.T.);
#10570=ADVANCED_FACE('',(#9254,#9255),#622,.F.);
#10571=ADVANCED_FACE('',(#9256,#9257),#309,.F.);
#10572=ADVANCED_FACE('',(#9258,#9259),#623,.F.);
#10573=ADVANCED_FACE('',(#9260,#9261),#310,.F.);
#10574=ADVANCED_FACE('',(#9262,#9263),#9849,.T.);
#10575=ADVANCED_FACE('',(#9264,#9265),#624,.F.);
#10576=ADVANCED_FACE('',(#9266,#9267),#311,.F.);
#10577=ADVANCED_FACE('',(#9268,#9269),#312,.F.);
#10578=ADVANCED_FACE('',(#9270,#9271),#9850,.T.);
#10579=ADVANCED_FACE('',(#9272,#9273),#625,.F.);
#10580=ADVANCED_FACE('',(#9274,#9275),#313,.F.);
#10581=ADVANCED_FACE('',(#9276,#9277),#626,.F.);
#10582=ADVANCED_FACE('',(#9278,#9279),#314,.F.);
#10583=ADVANCED_FACE('',(#9280,#9281),#9851,.T.);
#10584=ADVANCED_FACE('',(#9282,#9283),#627,.F.);
#10585=ADVANCED_FACE('',(#9284,#9285),#315,.F.);
#10586=ADVANCED_FACE('',(#9286,#9287),#316,.F.);
#10587=ADVANCED_FACE('',(#9288,#9289),#9852,.T.);
#10588=ADVANCED_FACE('',(#9290,#9291),#628,.F.);
#10589=ADVANCED_FACE('',(#9292,#9293),#317,.F.);
#10590=ADVANCED_FACE('',(#9294,#9295),#629,.F.);
#10591=ADVANCED_FACE('',(#9296,#9297),#318,.F.);
#10592=ADVANCED_FACE('',(#9298,#9299),#9853,.T.);
#10593=ADVANCED_FACE('',(#9300,#9301),#630,.F.);
#10594=ADVANCED_FACE('',(#9302,#9303),#319,.F.);
#10595=ADVANCED_FACE('',(#9304,#9305),#320,.F.);
#10596=ADVANCED_FACE('',(#9306,#9307),#9854,.T.);
#10597=ADVANCED_FACE('',(#9308,#9309),#631,.F.);
#10598=ADVANCED_FACE('',(#9310,#9311),#321,.F.);
#10599=ADVANCED_FACE('',(#9312,#9313),#632,.F.);
#10600=ADVANCED_FACE('',(#9314,#9315),#322,.F.);
#10601=ADVANCED_FACE('',(#9316,#9317),#9855,.T.);
#10602=ADVANCED_FACE('',(#9318,#9319),#633,.F.);
#10603=ADVANCED_FACE('',(#9320,#9321),#323,.F.);
#10604=ADVANCED_FACE('',(#9322,#9323),#324,.F.);
#10605=ADVANCED_FACE('',(#9324,#9325),#9856,.T.);
#10606=ADVANCED_FACE('',(#9326,#9327),#634,.F.);
#10607=ADVANCED_FACE('',(#9328,#9329),#325,.F.);
#10608=ADVANCED_FACE('',(#9330,#9331),#635,.F.);
#10609=ADVANCED_FACE('',(#9332,#9333),#326,.F.);
#10610=ADVANCED_FACE('',(#9334,#9335),#9857,.T.);
#10611=ADVANCED_FACE('',(#9336,#9337),#636,.F.);
#10612=ADVANCED_FACE('',(#9338,#9339),#327,.F.);
#10613=ADVANCED_FACE('',(#9340,#9341),#328,.F.);
#10614=ADVANCED_FACE('',(#9342,#9343),#9858,.T.);
#10615=ADVANCED_FACE('',(#9344,#9345),#637,.F.);
#10616=ADVANCED_FACE('',(#9346,#9347),#329,.F.);
#10617=ADVANCED_FACE('',(#9348,#9349),#638,.F.);
#10618=ADVANCED_FACE('',(#9350,#9351),#330,.F.);
#10619=ADVANCED_FACE('',(#9352,#9353),#9859,.T.);
#10620=ADVANCED_FACE('',(#9354,#9355),#639,.F.);
#10621=ADVANCED_FACE('',(#9356,#9357),#331,.F.);
#10622=ADVANCED_FACE('',(#9358,#9359),#332,.F.);
#10623=ADVANCED_FACE('',(#9360,#9361),#9860,.T.);
#10624=ADVANCED_FACE('',(#9362,#9363),#640,.F.);
#10625=ADVANCED_FACE('',(#9364,#9365),#333,.F.);
#10626=ADVANCED_FACE('',(#9366,#9367),#641,.F.);
#10627=ADVANCED_FACE('',(#9368,#9369),#334,.F.);
#10628=ADVANCED_FACE('',(#9370,#9371),#9861,.T.);
#10629=ADVANCED_FACE('',(#9372,#9373),#642,.F.);
#10630=ADVANCED_FACE('',(#9374,#9375),#335,.F.);
#10631=ADVANCED_FACE('',(#9376,#9377),#336,.F.);
#10632=ADVANCED_FACE('',(#9378,#9379),#9862,.T.);
#10633=ADVANCED_FACE('',(#9380,#9381),#643,.F.);
#10634=ADVANCED_FACE('',(#9382,#9383),#337,.F.);
#10635=ADVANCED_FACE('',(#9384,#9385),#644,.F.);
#10636=ADVANCED_FACE('',(#9386,#9387),#338,.F.);
#10637=ADVANCED_FACE('',(#9388,#9389),#9863,.T.);
#10638=ADVANCED_FACE('',(#9390,#9391),#645,.F.);
#10639=ADVANCED_FACE('',(#9392,#9393),#339,.F.);
#10640=ADVANCED_FACE('',(#9394,#9395),#340,.F.);
#10641=ADVANCED_FACE('',(#9396,#9397),#9864,.T.);
#10642=ADVANCED_FACE('',(#9398,#9399),#646,.F.);
#10643=ADVANCED_FACE('',(#9400,#9401),#341,.F.);
#10644=ADVANCED_FACE('',(#9402,#9403),#647,.F.);
#10645=ADVANCED_FACE('',(#9404,#9405),#342,.F.);
#10646=ADVANCED_FACE('',(#9406,#9407),#9865,.T.);
#10647=ADVANCED_FACE('',(#9408,#9409),#648,.F.);
#10648=ADVANCED_FACE('',(#9410,#9411),#343,.F.);
#10649=ADVANCED_FACE('',(#9412,#9413),#344,.F.);
#10650=ADVANCED_FACE('',(#9414,#9415),#9866,.T.);
#10651=ADVANCED_FACE('',(#9416,#9417),#649,.F.);
#10652=ADVANCED_FACE('',(#9418,#9419),#345,.F.);
#10653=ADVANCED_FACE('',(#9420,#9421),#650,.F.);
#10654=ADVANCED_FACE('',(#9422,#9423),#346,.F.);
#10655=ADVANCED_FACE('',(#9424,#9425),#9867,.T.);
#10656=ADVANCED_FACE('',(#9426,#9427),#651,.F.);
#10657=ADVANCED_FACE('',(#9428,#9429),#347,.F.);
#10658=ADVANCED_FACE('',(#9430,#9431),#348,.F.);
#10659=ADVANCED_FACE('',(#9432,#9433),#9868,.T.);
#10660=ADVANCED_FACE('',(#9434,#9435),#652,.F.);
#10661=ADVANCED_FACE('',(#9436,#9437),#349,.F.);
#10662=ADVANCED_FACE('',(#9438,#9439),#653,.F.);
#10663=ADVANCED_FACE('',(#9440,#9441),#350,.F.);
#10664=ADVANCED_FACE('',(#9442,#9443),#9869,.T.);
#10665=ADVANCED_FACE('',(#9444,#9445),#654,.F.);
#10666=ADVANCED_FACE('',(#9446,#9447),#351,.F.);
#10667=ADVANCED_FACE('',(#9448,#9449),#352,.F.);
#10668=ADVANCED_FACE('',(#9450,#9451),#9870,.T.);
#10669=ADVANCED_FACE('',(#9452,#9453),#655,.F.);
#10670=ADVANCED_FACE('',(#9454,#9455),#353,.F.);
#10671=ADVANCED_FACE('',(#9456,#9457),#656,.F.);
#10672=ADVANCED_FACE('',(#9458,#9459),#354,.F.);
#10673=ADVANCED_FACE('',(#9460,#9461),#9871,.T.);
#10674=ADVANCED_FACE('',(#9462,#9463),#657,.F.);
#10675=ADVANCED_FACE('',(#9464,#9465),#355,.F.);
#10676=ADVANCED_FACE('',(#9466,#9467),#356,.F.);
#10677=ADVANCED_FACE('',(#9468,#9469),#9872,.T.);
#10678=ADVANCED_FACE('',(#9470,#9471),#658,.F.);
#10679=ADVANCED_FACE('',(#9472,#9473),#357,.F.);
#10680=ADVANCED_FACE('',(#9474,#9475),#659,.F.);
#10681=ADVANCED_FACE('',(#9476,#9477),#358,.F.);
#10682=ADVANCED_FACE('',(#9478,#9479),#9873,.T.);
#10683=ADVANCED_FACE('',(#9480,#9481),#660,.F.);
#10684=ADVANCED_FACE('',(#9482,#9483),#359,.F.);
#10685=ADVANCED_FACE('',(#9484,#9485),#360,.F.);
#10686=ADVANCED_FACE('',(#9486,#9487),#9874,.T.);
#10687=ADVANCED_FACE('',(#9488,#9489),#661,.F.);
#10688=ADVANCED_FACE('',(#9490,#9491),#361,.F.);
#10689=ADVANCED_FACE('',(#9492,#9493),#662,.F.);
#10690=ADVANCED_FACE('',(#9494,#9495),#362,.F.);
#10691=ADVANCED_FACE('',(#9496,#9497),#9875,.T.);
#10692=ADVANCED_FACE('',(#9498,#9499),#663,.F.);
#10693=ADVANCED_FACE('',(#9500,#9501),#363,.F.);
#10694=ADVANCED_FACE('',(#9502,#9503),#364,.F.);
#10695=ADVANCED_FACE('',(#9504,#9505),#9876,.T.);
#10696=ADVANCED_FACE('',(#9506,#9507),#664,.F.);
#10697=ADVANCED_FACE('',(#9508,#9509),#365,.F.);
#10698=ADVANCED_FACE('',(#9510,#9511),#665,.F.);
#10699=ADVANCED_FACE('',(#9512,#9513),#366,.F.);
#10700=ADVANCED_FACE('',(#9514,#9515),#9877,.T.);
#10701=ADVANCED_FACE('',(#9516,#9517),#666,.F.);
#10702=ADVANCED_FACE('',(#9518,#9519),#367,.F.);
#10703=ADVANCED_FACE('',(#9520,#9521),#368,.F.);
#10704=ADVANCED_FACE('',(#9522,#9523),#9878,.T.);
#10705=ADVANCED_FACE('',(#9524,#9525),#667,.F.);
#10706=ADVANCED_FACE('',(#9526,#9527),#369,.F.);
#10707=ADVANCED_FACE('',(#9528,#9529),#668,.F.);
#10708=ADVANCED_FACE('',(#9530,#9531),#370,.F.);
#10709=ADVANCED_FACE('',(#9532,#9533),#9879,.T.);
#10710=ADVANCED_FACE('',(#9534,#9535),#669,.F.);
#10711=ADVANCED_FACE('',(#9536,#9537),#371,.F.);
#10712=ADVANCED_FACE('',(#9538,#9539),#372,.F.);
#10713=ADVANCED_FACE('',(#9540,#9541),#9880,.T.);
#10714=ADVANCED_FACE('',(#9542,#9543),#670,.F.);
#10715=ADVANCED_FACE('',(#9544,#9545),#373,.F.);
#10716=ADVANCED_FACE('',(#9546,#9547),#671,.F.);
#10717=ADVANCED_FACE('',(#9548,#9549),#374,.F.);
#10718=ADVANCED_FACE('',(#9550,#9551),#9881,.T.);
#10719=ADVANCED_FACE('',(#9552,#9553),#672,.F.);
#10720=ADVANCED_FACE('',(#9554,#9555),#375,.F.);
#10721=ADVANCED_FACE('',(#9556,#9557),#376,.F.);
#10722=ADVANCED_FACE('',(#9558,#9559),#9882,.T.);
#10723=ADVANCED_FACE('',(#9560,#9561),#673,.F.);
#10724=ADVANCED_FACE('',(#9562,#9563),#377,.F.);
#10725=ADVANCED_FACE('',(#9564,#9565),#674,.F.);
#10726=ADVANCED_FACE('',(#9566,#9567),#378,.F.);
#10727=ADVANCED_FACE('',(#9568,#9569),#9883,.T.);
#10728=ADVANCED_FACE('',(#9570,#9571),#675,.F.);
#10729=ADVANCED_FACE('',(#9572,#9573),#379,.F.);
#10730=ADVANCED_FACE('',(#9574,#9575),#380,.F.);
#10731=ADVANCED_FACE('',(#9576,#9577),#9884,.T.);
#10732=ADVANCED_FACE('',(#9578,#9579),#676,.F.);
#10733=ADVANCED_FACE('',(#9580,#9581),#381,.F.);
#10734=ADVANCED_FACE('',(#9582,#9583),#677,.F.);
#10735=ADVANCED_FACE('',(#9584,#9585),#382,.F.);
#10736=ADVANCED_FACE('',(#9586,#9587),#9885,.T.);
#10737=ADVANCED_FACE('',(#9588,#9589),#678,.F.);
#10738=ADVANCED_FACE('',(#9590,#9591),#383,.F.);
#10739=ADVANCED_FACE('',(#9592,#9593),#384,.F.);
#10740=ADVANCED_FACE('',(#9594,#9595),#9886,.T.);
#10741=ADVANCED_FACE('',(#9596,#9597),#679,.F.);
#10742=ADVANCED_FACE('',(#9598,#9599),#385,.F.);
#10743=ADVANCED_FACE('',(#9600,#9601),#680,.F.);
#10744=ADVANCED_FACE('',(#9602,#9603),#386,.F.);
#10745=ADVANCED_FACE('',(#9604,#9605),#9887,.T.);
#10746=ADVANCED_FACE('',(#9606,#9607),#681,.F.);
#10747=ADVANCED_FACE('',(#9608,#9609),#387,.F.);
#10748=ADVANCED_FACE('',(#9610,#9611),#388,.F.);
#10749=ADVANCED_FACE('',(#9612,#9613),#9888,.T.);
#10750=ADVANCED_FACE('',(#9614,#9615),#682,.F.);
#10751=ADVANCED_FACE('',(#9616,#9617),#389,.F.);
#10752=ADVANCED_FACE('',(#9618,#9619),#683,.F.);
#10753=ADVANCED_FACE('',(#9620,#9621),#390,.F.);
#10754=ADVANCED_FACE('',(#9622,#9623),#9889,.T.);
#10755=ADVANCED_FACE('',(#9624,#9625),#684,.F.);
#10756=ADVANCED_FACE('',(#9626,#9627),#391,.F.);
#10757=ADVANCED_FACE('',(#9628,#9629),#392,.F.);
#10758=ADVANCED_FACE('',(#9630,#9631),#9890,.T.);
#10759=ADVANCED_FACE('',(#9632,#9633),#685,.F.);
#10760=ADVANCED_FACE('',(#9634,#9635),#393,.F.);
#10761=ADVANCED_FACE('',(#9636,#9637),#686,.F.);
#10762=ADVANCED_FACE('',(#9638,#9639),#394,.F.);
#10763=ADVANCED_FACE('',(#9640,#9641),#9891,.T.);
#10764=ADVANCED_FACE('',(#9642,#9643),#687,.F.);
#10765=ADVANCED_FACE('',(#9644,#9645),#395,.F.);
#10766=ADVANCED_FACE('',(#9646,#9647),#396,.F.);
#10767=ADVANCED_FACE('',(#9648,#9649),#9892,.T.);
#10768=ADVANCED_FACE('',(#9650,#9651),#688,.F.);
#10769=ADVANCED_FACE('',(#9652,#9653),#397,.F.);
#10770=ADVANCED_FACE('',(#9654,#9655),#689,.F.);
#10771=ADVANCED_FACE('',(#9656,#9657),#398,.F.);
#10772=ADVANCED_FACE('',(#9658,#9659),#9893,.T.);
#10773=ADVANCED_FACE('',(#9660,#9661),#690,.F.);
#10774=ADVANCED_FACE('',(#9662,#9663),#399,.F.);
#10775=ADVANCED_FACE('',(#9664,#9665),#400,.F.);
#10776=ADVANCED_FACE('',(#9666,#9667),#9894,.T.);
#10777=ADVANCED_FACE('',(#9668,#9669),#691,.F.);
#10778=ADVANCED_FACE('',(#9670,#9671),#401,.F.);
#10779=ADVANCED_FACE('',(#9672,#9673),#692,.F.);
#10780=ADVANCED_FACE('',(#9674,#9675),#402,.F.);
#10781=ADVANCED_FACE('',(#9676,#9677),#9895,.T.);
#10782=ADVANCED_FACE('',(#9678,#9679),#693,.F.);
#10783=ADVANCED_FACE('',(#9680,#9681),#403,.F.);
#10784=CLOSED_SHELL('',(#9896,#9897,#9898,#9899,#9900,#9901,#9902,#9903,
#9904,#9905,#9906,#9907,#9908,#9909,#9910,#9911,#9912,#9913,#9914,#9915,
#9916,#9917,#9918,#9919,#9920,#9921,#9922,#9923,#9924,#9925,#9926,#9927,
#9928,#9929,#9930,#9931,#9932,#9933,#9934,#9935,#9936,#9937,#9938,#9939,
#9940,#9941,#9942,#9943,#9944,#9945,#9946,#9947,#9948,#9949,#9950,#9951,
#9952,#9953,#9954,#9955,#9956,#9957,#9958,#9959,#9960,#9961,#9962,#9963,
#9964,#9965,#9966,#9967,#9968,#9969,#9970,#9971,#9972,#9973,#9974,#9975,
#9976,#9977,#9978,#9979,#9980,#9981,#9982,#9983,#9984,#9985,#9986,#9987,
#9988,#9989,#9990,#9991,#9992,#9993,#9994,#9995,#9996,#9997,#9998,#9999,
#10000,#10001,#10002,#10003,#10004,#10005,#10006,#10007,#10008,#10009,#10010,
#10011,#10012,#10013,#10014,#10015,#10016,#10017,#10018,#10019,#10020,#10021,
#10022,#10023,#10024,#10025,#10026,#10027,#10028,#10029,#10030,#10031,#10032,
#10033,#10034,#10035,#10036,#10037,#10038,#10039,#10040,#10041,#10042,#10043,
#10044,#10045,#10046,#10047,#10048,#10049,#10050,#10051,#10052,#10053,#10054,
#10055,#10056,#10057,#10058,#10059,#10060,#10061,#10062,#10063,#10064,#10065,
#10066,#10067,#10068,#10069,#10070,#10071,#10072,#10073,#10074,#10075,#10076,
#10077,#10078,#10079,#10080,#10081,#10082,#10083,#10084,#10085,#10086,#10087,
#10088,#10089,#10090,#10091,#10092,#10093,#10094,#10095,#10096,#10097,#10098,
#10099,#10100,#10101,#10102,#10103,#10104,#10105,#10106,#10107,#10108,#10109,
#10110,#10111,#10112,#10113,#10114,#10115,#10116,#10117,#10118,#10119,#10120,
#10121,#10122,#10123,#10124,#10125,#10126,#10127,#10128,#10129,#10130,#10131,
#10132,#10133,#10134,#10135,#10136,#10137,#10138,#10139,#10140,#10141,#10142,
#10143,#10144,#10145,#10146,#10147,#10148,#10149,#10150,#10151,#10152,#10153,
#10154,#10155,#10156,#10157,#10158,#10159,#10160,#10161,#10162,#10163,#10164,
#10165,#10166,#10167,#10168,#10169,#10170,#10171,#10172,#10173,#10174,#10175,
#10176,#10177,#10178,#10179,#10180,#10181,#10182,#10183,#10184,#10185,#10186,
#10187,#10188,#10189,#10190,#10191,#10192,#10193,#10194,#10195,#10196,#10197,
#10198,#10199,#10200,#10201,#10202,#10203,#10204,#10205,#10206,#10207,#10208,
#10209,#10210,#10211,#10212,#10213,#10214,#10215,#10216,#10217,#10218,#10219,
#10220,#10221,#10222,#10223,#10224,#10225,#10226,#10227,#10228,#10229,#10230,
#10231,#10232,#10233,#10234,#10235,#10236,#10237,#10238,#10239,#10240,#10241,
#10242,#10243,#10244,#10245,#10246,#10247,#10248,#10249,#10250,#10251,#10252,
#10253,#10254,#10255,#10256,#10257,#10258,#10259,#10260,#10261,#10262,#10263,
#10264,#10265,#10266,#10267,#10268,#10269,#10270,#10271,#10272,#10273,#10274,
#10275,#10276,#10277,#10278,#10279,#10280,#10281,#10282,#10283,#10284,#10285,
#10286,#10287,#10288,#10289,#10290,#10291,#10292,#10293,#10294,#10295,#10296,
#10297,#10298,#10299,#10300,#10301,#10302,#10303,#10304,#10305,#10306,#10307,
#10308,#10309,#10310,#10311,#10312,#10313,#10314,#10315,#10316,#10317,#10318,
#10319,#10320,#10321,#10322,#10323,#10324,#10325,#10326,#10327,#10328,#10329,
#10330,#10331,#10332,#10333,#10334,#10335,#10336,#10337,#10338,#10339,#10340,
#10341,#10342,#10343,#10344,#10345,#10346,#10347,#10348,#10349,#10350,#10351,
#10352,#10353,#10354,#10355,#10356,#10357,#10358,#10359,#10360,#10361,#10362,
#10363,#10364,#10365,#10366,#10367,#10368,#10369,#10370,#10371,#10372,#10373,
#10374,#10375,#10376,#10377,#10378,#10379,#10380,#10381,#10382,#10383,#10384,
#10385,#10386,#10387,#10388,#10389,#10390,#10391,#10392,#10393,#10394,#10395,
#10396,#10397,#10398,#10399,#10400,#10401,#10402,#10403,#10404,#10405,#10406,
#10407,#10408,#10409,#10410,#10411,#10412,#10413,#10414,#10415,#10416,#10417,
#10418,#10419,#10420,#10421,#10422,#10423,#10424,#10425,#10426,#10427,#10428,
#10429,#10430,#10431,#10432,#10433,#10434,#10435,#10436,#10437,#10438,#10439,
#10440,#10441,#10442,#10443,#10444,#10445,#10446,#10447,#10448,#10449,#10450,
#10451,#10452,#10453,#10454,#10455,#10456,#10457,#10458,#10459,#10460,#10461,
#10462,#10463,#10464,#10465,#10466,#10467,#10468,#10469,#10470,#10471,#10472,
#10473,#10474,#10475,#10476,#10477,#10478,#10479,#10480,#10481,#10482,#10483,
#10484,#10485,#10486,#10487,#10488,#10489,#10490,#10491,#10492,#10493,#10494,
#10495,#10496,#10497,#10498,#10499,#10500,#10501,#10502,#10503,#10504,#10505,
#10506,#10507,#10508,#10509,#10510,#10511,#10512,#10513,#10514,#10515,#10516,
#10517,#10518,#10519,#10520,#10521,#10522,#10523,#10524,#10525,#10526,#10527,
#10528,#10529,#10530,#10531,#10532,#10533,#10534,#10535,#10536,#10537,#10538,
#10539,#10540,#10541,#10542,#10543,#10544,#10545,#10546,#10547,#10548,#10549,
#10550,#10551,#10552,#10553,#10554,#10555,#10556,#10557,#10558,#10559,#10560,
#10561,#10562,#10563,#10564,#10565,#10566,#10567,#10568,#10569,#10570,#10571,
#10572,#10573,#10574,#10575,#10576,#10577,#10578,#10579,#10580,#10581,#10582,
#10583,#10584,#10585,#10586,#10587,#10588,#10589,#10590,#10591,#10592,#10593,
#10594,#10595,#10596,#10597,#10598,#10599,#10600,#10601,#10602,#10603,#10604,
#10605,#10606,#10607,#10608,#10609,#10610,#10611,#10612,#10613,#10614,#10615,
#10616,#10617,#10618,#10619,#10620,#10621,#10622,#10623,#10624,#10625,#10626,
#10627,#10628,#10629,#10630,#10631,#10632,#10633,#10634,#10635,#10636,#10637,
#10638,#10639,#10640,#10641,#10642,#10643,#10644,#10645,#10646,#10647,#10648,
#10649,#10650,#10651,#10652,#10653,#10654,#10655,#10656,#10657,#10658,#10659,
#10660,#10661,#10662,#10663,#10664,#10665,#10666,#10667,#10668,#10669,#10670,
#10671,#10672,#10673,#10674,#10675,#10676,#10677,#10678,#10679,#10680,#10681,
#10682,#10683,#10684,#10685,#10686,#10687,#10688,#10689,#10690,#10691,#10692,
#10693,#10694,#10695,#10696,#10697,#10698,#10699,#10700,#10701,#10702,#10703,
#10704,#10705,#10706,#10707,#10708,#10709,#10710,#10711,#10712,#10713,#10714,
#10715,#10716,#10717,#10718,#10719,#10720,#10721,#10722,#10723,#10724,#10725,
#10726,#10727,#10728,#10729,#10730,#10731,#10732,#10733,#10734,#10735,#10736,
#10737,#10738,#10739,#10740,#10741,#10742,#10743,#10744,#10745,#10746,#10747,
#10748,#10749,#10750,#10751,#10752,#10753,#10754,#10755,#10756,#10757,#10758,
#10759,#10760,#10761,#10762,#10763,#10764,#10765,#10766,#10767,#10768,#10769,
#10770,#10771,#10772,#10773,#10774,#10775,#10776,#10777,#10778,#10779,#10780,
#10781,#10782,#10783));
#10785=STYLED_ITEM('',(#10786),#10793);
#10786=PRESENTATION_STYLE_ASSIGNMENT((#10787));
#10787=SURFACE_STYLE_USAGE(.BOTH.,#10788);
#10788=SURFACE_SIDE_STYLE('',(#10789));
#10789=SURFACE_STYLE_FILL_AREA(#10790);
#10790=FILL_AREA_STYLE('',(#10791));
#10791=FILL_AREA_STYLE_COLOUR('',#10792);
#10792=COLOUR_RGB('',0.689999997615814,0.689999997615814,0.689999997615814);
#10793=MANIFOLD_SOLID_BREP('01126-21240060',#10784);
#10794=SHAPE_DEFINITION_REPRESENTATION(#19302,#10795);
#10795=SHAPE_REPRESENTATION('01126-21240060',(#10796),#19297);
#10796=AXIS2_PLACEMENT_3D('',#16403,#12649,#12650);
#10797=AXIS2_PLACEMENT_3D('',#16404,#12651,#12652);
#10798=AXIS2_PLACEMENT_3D('',#16413,#12657,#12658);
#10799=AXIS2_PLACEMENT_3D('',#16422,#12663,#12664);
#10800=AXIS2_PLACEMENT_3D('',#16431,#12669,#12670);
#10801=AXIS2_PLACEMENT_3D('',#16440,#12675,#12676);
#10802=AXIS2_PLACEMENT_3D('',#16441,#12677,#12678);
#10803=AXIS2_PLACEMENT_3D('',#16443,#12679,#12680);
#10804=AXIS2_PLACEMENT_3D('',#16445,#12681,#12682);
#10805=AXIS2_PLACEMENT_3D('',#16447,#12683,#12684);
#10806=AXIS2_PLACEMENT_3D('',#16449,#12685,#12686);
#10807=AXIS2_PLACEMENT_3D('',#16451,#12687,#12688);
#10808=AXIS2_PLACEMENT_3D('',#16453,#12689,#12690);
#10809=AXIS2_PLACEMENT_3D('',#16455,#12691,#12692);
#10810=AXIS2_PLACEMENT_3D('',#16457,#12693,#12694);
#10811=AXIS2_PLACEMENT_3D('',#16459,#12695,#12696);
#10812=AXIS2_PLACEMENT_3D('',#16461,#12697,#12698);
#10813=AXIS2_PLACEMENT_3D('',#16463,#12699,#12700);
#10814=AXIS2_PLACEMENT_3D('',#16465,#12701,#12702);
#10815=AXIS2_PLACEMENT_3D('',#16467,#12703,#12704);
#10816=AXIS2_PLACEMENT_3D('',#16469,#12705,#12706);
#10817=AXIS2_PLACEMENT_3D('',#16471,#12707,#12708);
#10818=AXIS2_PLACEMENT_3D('',#16473,#12709,#12710);
#10819=AXIS2_PLACEMENT_3D('',#16475,#12711,#12712);
#10820=AXIS2_PLACEMENT_3D('',#16477,#12713,#12714);
#10821=AXIS2_PLACEMENT_3D('',#16479,#12715,#12716);
#10822=AXIS2_PLACEMENT_3D('',#16481,#12717,#12718);
#10823=AXIS2_PLACEMENT_3D('',#16483,#12719,#12720);
#10824=AXIS2_PLACEMENT_3D('',#16485,#12721,#12722);
#10825=AXIS2_PLACEMENT_3D('',#16487,#12723,#12724);
#10826=AXIS2_PLACEMENT_3D('',#16489,#12725,#12726);
#10827=AXIS2_PLACEMENT_3D('',#16491,#12727,#12728);
#10828=AXIS2_PLACEMENT_3D('',#16493,#12729,#12730);
#10829=AXIS2_PLACEMENT_3D('',#16495,#12731,#12732);
#10830=AXIS2_PLACEMENT_3D('',#16497,#12733,#12734);
#10831=AXIS2_PLACEMENT_3D('',#16499,#12735,#12736);
#10832=AXIS2_PLACEMENT_3D('',#16501,#12737,#12738);
#10833=AXIS2_PLACEMENT_3D('',#16503,#12739,#12740);
#10834=AXIS2_PLACEMENT_3D('',#16505,#12741,#12742);
#10835=AXIS2_PLACEMENT_3D('',#16507,#12743,#12744);
#10836=AXIS2_PLACEMENT_3D('',#16509,#12745,#12746);
#10837=AXIS2_PLACEMENT_3D('',#16511,#12747,#12748);
#10838=AXIS2_PLACEMENT_3D('',#16513,#12749,#12750);
#10839=AXIS2_PLACEMENT_3D('',#16515,#12751,#12752);
#10840=AXIS2_PLACEMENT_3D('',#16517,#12753,#12754);
#10841=AXIS2_PLACEMENT_3D('',#16519,#12755,#12756);
#10842=AXIS2_PLACEMENT_3D('',#16521,#12757,#12758);
#10843=AXIS2_PLACEMENT_3D('',#16523,#12759,#12760);
#10844=AXIS2_PLACEMENT_3D('',#16525,#12761,#12762);
#10845=AXIS2_PLACEMENT_3D('',#16527,#12763,#12764);
#10846=AXIS2_PLACEMENT_3D('',#16529,#12765,#12766);
#10847=AXIS2_PLACEMENT_3D('',#16531,#12767,#12768);
#10848=AXIS2_PLACEMENT_3D('',#16533,#12769,#12770);
#10849=AXIS2_PLACEMENT_3D('',#16535,#12771,#12772);
#10850=AXIS2_PLACEMENT_3D('',#16537,#12773,#12774);
#10851=AXIS2_PLACEMENT_3D('',#16539,#12775,#12776);
#10852=AXIS2_PLACEMENT_3D('',#16541,#12777,#12778);
#10853=AXIS2_PLACEMENT_3D('',#16543,#12779,#12780);
#10854=AXIS2_PLACEMENT_3D('',#16545,#12781,#12782);
#10855=AXIS2_PLACEMENT_3D('',#16547,#12783,#12784);
#10856=AXIS2_PLACEMENT_3D('',#16549,#12785,#12786);
#10857=AXIS2_PLACEMENT_3D('',#16551,#12787,#12788);
#10858=AXIS2_PLACEMENT_3D('',#16553,#12789,#12790);
#10859=AXIS2_PLACEMENT_3D('',#16555,#12791,#12792);
#10860=AXIS2_PLACEMENT_3D('',#16557,#12793,#12794);
#10861=AXIS2_PLACEMENT_3D('',#16559,#12795,#12796);
#10862=AXIS2_PLACEMENT_3D('',#16561,#12797,#12798);
#10863=AXIS2_PLACEMENT_3D('',#16563,#12799,#12800);
#10864=AXIS2_PLACEMENT_3D('',#16565,#12801,#12802);
#10865=AXIS2_PLACEMENT_3D('',#16567,#12803,#12804);
#10866=AXIS2_PLACEMENT_3D('',#16569,#12805,#12806);
#10867=AXIS2_PLACEMENT_3D('',#16571,#12807,#12808);
#10868=AXIS2_PLACEMENT_3D('',#16573,#12809,#12810);
#10869=AXIS2_PLACEMENT_3D('',#16575,#12811,#12812);
#10870=AXIS2_PLACEMENT_3D('',#16577,#12813,#12814);
#10871=AXIS2_PLACEMENT_3D('',#16579,#12815,#12816);
#10872=AXIS2_PLACEMENT_3D('',#16581,#12817,#12818);
#10873=AXIS2_PLACEMENT_3D('',#16583,#12819,#12820);
#10874=AXIS2_PLACEMENT_3D('',#16585,#12821,#12822);
#10875=AXIS2_PLACEMENT_3D('',#16587,#12823,#12824);
#10876=AXIS2_PLACEMENT_3D('',#16589,#12825,#12826);
#10877=AXIS2_PLACEMENT_3D('',#16591,#12827,#12828);
#10878=AXIS2_PLACEMENT_3D('',#16593,#12829,#12830);
#10879=AXIS2_PLACEMENT_3D('',#16595,#12831,#12832);
#10880=AXIS2_PLACEMENT_3D('',#16597,#12833,#12834);
#10881=AXIS2_PLACEMENT_3D('',#16599,#12835,#12836);
#10882=AXIS2_PLACEMENT_3D('',#16601,#12837,#12838);
#10883=AXIS2_PLACEMENT_3D('',#16603,#12839,#12840);
#10884=AXIS2_PLACEMENT_3D('',#16605,#12841,#12842);
#10885=AXIS2_PLACEMENT_3D('',#16607,#12843,#12844);
#10886=AXIS2_PLACEMENT_3D('',#16609,#12845,#12846);
#10887=AXIS2_PLACEMENT_3D('',#16611,#12847,#12848);
#10888=AXIS2_PLACEMENT_3D('',#16613,#12849,#12850);
#10889=AXIS2_PLACEMENT_3D('',#16615,#12851,#12852);
#10890=AXIS2_PLACEMENT_3D('',#16617,#12853,#12854);
#10891=AXIS2_PLACEMENT_3D('',#16619,#12855,#12856);
#10892=AXIS2_PLACEMENT_3D('',#16621,#12857,#12858);
#10893=AXIS2_PLACEMENT_3D('',#16623,#12859,#12860);
#10894=AXIS2_PLACEMENT_3D('',#16625,#12861,#12862);
#10895=AXIS2_PLACEMENT_3D('',#16627,#12863,#12864);
#10896=AXIS2_PLACEMENT_3D('',#16629,#12865,#12866);
#10897=AXIS2_PLACEMENT_3D('',#16631,#12867,#12868);
#10898=AXIS2_PLACEMENT_3D('',#16633,#12869,#12870);
#10899=AXIS2_PLACEMENT_3D('',#16635,#12871,#12872);
#10900=AXIS2_PLACEMENT_3D('',#16645,#12877,#12878);
#10901=AXIS2_PLACEMENT_3D('',#16646,#12879,#12880);
#10902=AXIS2_PLACEMENT_3D('',#16648,#12881,#12882);
#10903=AXIS2_PLACEMENT_3D('',#16650,#12883,#12884);
#10904=AXIS2_PLACEMENT_3D('',#16652,#12885,#12886);
#10905=AXIS2_PLACEMENT_3D('',#16654,#12887,#12888);
#10906=AXIS2_PLACEMENT_3D('',#16656,#12889,#12890);
#10907=AXIS2_PLACEMENT_3D('',#16658,#12891,#12892);
#10908=AXIS2_PLACEMENT_3D('',#16660,#12893,#12894);
#10909=AXIS2_PLACEMENT_3D('',#16662,#12895,#12896);
#10910=AXIS2_PLACEMENT_3D('',#16664,#12897,#12898);
#10911=AXIS2_PLACEMENT_3D('',#16666,#12899,#12900);
#10912=AXIS2_PLACEMENT_3D('',#16668,#12901,#12902);
#10913=AXIS2_PLACEMENT_3D('',#16670,#12903,#12904);
#10914=AXIS2_PLACEMENT_3D('',#16672,#12905,#12906);
#10915=AXIS2_PLACEMENT_3D('',#16674,#12907,#12908);
#10916=AXIS2_PLACEMENT_3D('',#16676,#12909,#12910);
#10917=AXIS2_PLACEMENT_3D('',#16678,#12911,#12912);
#10918=AXIS2_PLACEMENT_3D('',#16680,#12913,#12914);
#10919=AXIS2_PLACEMENT_3D('',#16682,#12915,#12916);
#10920=AXIS2_PLACEMENT_3D('',#16684,#12917,#12918);
#10921=AXIS2_PLACEMENT_3D('',#16686,#12919,#12920);
#10922=AXIS2_PLACEMENT_3D('',#16688,#12921,#12922);
#10923=AXIS2_PLACEMENT_3D('',#16690,#12923,#12924);
#10924=AXIS2_PLACEMENT_3D('',#16692,#12925,#12926);
#10925=AXIS2_PLACEMENT_3D('',#16694,#12927,#12928);
#10926=AXIS2_PLACEMENT_3D('',#16696,#12929,#12930);
#10927=AXIS2_PLACEMENT_3D('',#16698,#12931,#12932);
#10928=AXIS2_PLACEMENT_3D('',#16700,#12933,#12934);
#10929=AXIS2_PLACEMENT_3D('',#16702,#12935,#12936);
#10930=AXIS2_PLACEMENT_3D('',#16704,#12937,#12938);
#10931=AXIS2_PLACEMENT_3D('',#16706,#12939,#12940);
#10932=AXIS2_PLACEMENT_3D('',#16708,#12941,#12942);
#10933=AXIS2_PLACEMENT_3D('',#16710,#12943,#12944);
#10934=AXIS2_PLACEMENT_3D('',#16712,#12945,#12946);
#10935=AXIS2_PLACEMENT_3D('',#16714,#12947,#12948);
#10936=AXIS2_PLACEMENT_3D('',#16716,#12949,#12950);
#10937=AXIS2_PLACEMENT_3D('',#16718,#12951,#12952);
#10938=AXIS2_PLACEMENT_3D('',#16720,#12953,#12954);
#10939=AXIS2_PLACEMENT_3D('',#16722,#12955,#12956);
#10940=AXIS2_PLACEMENT_3D('',#16724,#12957,#12958);
#10941=AXIS2_PLACEMENT_3D('',#16726,#12959,#12960);
#10942=AXIS2_PLACEMENT_3D('',#16728,#12961,#12962);
#10943=AXIS2_PLACEMENT_3D('',#16730,#12963,#12964);
#10944=AXIS2_PLACEMENT_3D('',#16732,#12965,#12966);
#10945=AXIS2_PLACEMENT_3D('',#16734,#12967,#12968);
#10946=AXIS2_PLACEMENT_3D('',#16736,#12969,#12970);
#10947=AXIS2_PLACEMENT_3D('',#16738,#12971,#12972);
#10948=AXIS2_PLACEMENT_3D('',#16740,#12973,#12974);
#10949=AXIS2_PLACEMENT_3D('',#16742,#12975,#12976);
#10950=AXIS2_PLACEMENT_3D('',#16744,#12977,#12978);
#10951=AXIS2_PLACEMENT_3D('',#16746,#12979,#12980);
#10952=AXIS2_PLACEMENT_3D('',#16748,#12981,#12982);
#10953=AXIS2_PLACEMENT_3D('',#16750,#12983,#12984);
#10954=AXIS2_PLACEMENT_3D('',#16752,#12985,#12986);
#10955=AXIS2_PLACEMENT_3D('',#16754,#12987,#12988);
#10956=AXIS2_PLACEMENT_3D('',#16756,#12989,#12990);
#10957=AXIS2_PLACEMENT_3D('',#16758,#12991,#12992);
#10958=AXIS2_PLACEMENT_3D('',#16760,#12993,#12994);
#10959=AXIS2_PLACEMENT_3D('',#16762,#12995,#12996);
#10960=AXIS2_PLACEMENT_3D('',#16764,#12997,#12998);
#10961=AXIS2_PLACEMENT_3D('',#16766,#12999,#13000);
#10962=AXIS2_PLACEMENT_3D('',#16768,#13001,#13002);
#10963=AXIS2_PLACEMENT_3D('',#16770,#13003,#13004);
#10964=AXIS2_PLACEMENT_3D('',#16772,#13005,#13006);
#10965=AXIS2_PLACEMENT_3D('',#16774,#13007,#13008);
#10966=AXIS2_PLACEMENT_3D('',#16776,#13009,#13010);
#10967=AXIS2_PLACEMENT_3D('',#16778,#13011,#13012);
#10968=AXIS2_PLACEMENT_3D('',#16780,#13013,#13014);
#10969=AXIS2_PLACEMENT_3D('',#16782,#13015,#13016);
#10970=AXIS2_PLACEMENT_3D('',#16784,#13017,#13018);
#10971=AXIS2_PLACEMENT_3D('',#16786,#13019,#13020);
#10972=AXIS2_PLACEMENT_3D('',#16788,#13021,#13022);
#10973=AXIS2_PLACEMENT_3D('',#16790,#13023,#13024);
#10974=AXIS2_PLACEMENT_3D('',#16792,#13025,#13026);
#10975=AXIS2_PLACEMENT_3D('',#16794,#13027,#13028);
#10976=AXIS2_PLACEMENT_3D('',#16796,#13029,#13030);
#10977=AXIS2_PLACEMENT_3D('',#16798,#13031,#13032);
#10978=AXIS2_PLACEMENT_3D('',#16800,#13033,#13034);
#10979=AXIS2_PLACEMENT_3D('',#16802,#13035,#13036);
#10980=AXIS2_PLACEMENT_3D('',#16804,#13037,#13038);
#10981=AXIS2_PLACEMENT_3D('',#16806,#13039,#13040);
#10982=AXIS2_PLACEMENT_3D('',#16808,#13041,#13042);
#10983=AXIS2_PLACEMENT_3D('',#16810,#13043,#13044);
#10984=AXIS2_PLACEMENT_3D('',#16812,#13045,#13046);
#10985=AXIS2_PLACEMENT_3D('',#16814,#13047,#13048);
#10986=AXIS2_PLACEMENT_3D('',#16816,#13049,#13050);
#10987=AXIS2_PLACEMENT_3D('',#16818,#13051,#13052);
#10988=AXIS2_PLACEMENT_3D('',#16820,#13053,#13054);
#10989=AXIS2_PLACEMENT_3D('',#16822,#13055,#13056);
#10990=AXIS2_PLACEMENT_3D('',#16824,#13057,#13058);
#10991=AXIS2_PLACEMENT_3D('',#16826,#13059,#13060);
#10992=AXIS2_PLACEMENT_3D('',#16828,#13061,#13062);
#10993=AXIS2_PLACEMENT_3D('',#16830,#13063,#13064);
#10994=AXIS2_PLACEMENT_3D('',#16832,#13065,#13066);
#10995=AXIS2_PLACEMENT_3D('',#16834,#13067,#13068);
#10996=AXIS2_PLACEMENT_3D('',#16836,#13069,#13070);
#10997=AXIS2_PLACEMENT_3D('',#16838,#13071,#13072);
#10998=AXIS2_PLACEMENT_3D('',#16840,#13073,#13074);
#10999=AXIS2_PLACEMENT_3D('',#16850,#13079,#13080);
#11000=AXIS2_PLACEMENT_3D('',#16857,#13085,#13086);
#11001=AXIS2_PLACEMENT_3D('',#16862,#13090,#13091);
#11002=AXIS2_PLACEMENT_3D('',#16867,#13095,#13096);
#11003=AXIS2_PLACEMENT_3D('',#16870,#13099,#13100);
#11004=AXIS2_PLACEMENT_3D('',#16872,#13102,#13103);
#11005=AXIS2_PLACEMENT_3D('',#16875,#13106,#13107);
#11006=AXIS2_PLACEMENT_3D('',#16877,#13109,#13110);
#11007=AXIS2_PLACEMENT_3D('',#16879,#13112,#13113);
#11008=AXIS2_PLACEMENT_3D('',#16881,#13115,#13116);
#11009=AXIS2_PLACEMENT_3D('',#16883,#13118,#13119);
#11010=AXIS2_PLACEMENT_3D('',#16885,#13121,#13122);
#11011=AXIS2_PLACEMENT_3D('',#16887,#13124,#13125);
#11012=AXIS2_PLACEMENT_3D('',#16889,#13127,#13128);
#11013=AXIS2_PLACEMENT_3D('',#16891,#13130,#13131);
#11014=AXIS2_PLACEMENT_3D('',#16893,#13133,#13134);
#11015=AXIS2_PLACEMENT_3D('',#16894,#13135,#13136);
#11016=AXIS2_PLACEMENT_3D('',#16895,#13137,#13138);
#11017=AXIS2_PLACEMENT_3D('',#16896,#13139,#13140);
#11018=AXIS2_PLACEMENT_3D('',#16897,#13141,#13142);
#11019=AXIS2_PLACEMENT_3D('',#16899,#13143,#13144);
#11020=AXIS2_PLACEMENT_3D('',#16900,#13145,#13146);
#11021=AXIS2_PLACEMENT_3D('',#16902,#13147,#13148);
#11022=AXIS2_PLACEMENT_3D('',#16903,#13149,#13150);
#11023=AXIS2_PLACEMENT_3D('',#16905,#13151,#13152);
#11024=AXIS2_PLACEMENT_3D('',#16906,#13153,#13154);
#11025=AXIS2_PLACEMENT_3D('',#16908,#13155,#13156);
#11026=AXIS2_PLACEMENT_3D('',#16909,#13157,#13158);
#11027=AXIS2_PLACEMENT_3D('',#16911,#13159,#13160);
#11028=AXIS2_PLACEMENT_3D('',#16912,#13161,#13162);
#11029=AXIS2_PLACEMENT_3D('',#16914,#13163,#13164);
#11030=AXIS2_PLACEMENT_3D('',#16915,#13165,#13166);
#11031=AXIS2_PLACEMENT_3D('',#16917,#13167,#13168);
#11032=AXIS2_PLACEMENT_3D('',#16918,#13169,#13170);
#11033=AXIS2_PLACEMENT_3D('',#16920,#13171,#13172);
#11034=AXIS2_PLACEMENT_3D('',#16921,#13173,#13174);
#11035=AXIS2_PLACEMENT_3D('',#16922,#13175,#13176);
#11036=AXIS2_PLACEMENT_3D('',#16924,#13177,#13178);
#11037=AXIS2_PLACEMENT_3D('',#16925,#13179,#13180);
#11038=AXIS2_PLACEMENT_3D('',#16927,#13181,#13182);
#11039=AXIS2_PLACEMENT_3D('',#16928,#13183,#13184);
#11040=AXIS2_PLACEMENT_3D('',#16930,#13185,#13186);
#11041=AXIS2_PLACEMENT_3D('',#16931,#13187,#13188);
#11042=AXIS2_PLACEMENT_3D('',#16933,#13189,#13190);
#11043=AXIS2_PLACEMENT_3D('',#16934,#13191,#13192);
#11044=AXIS2_PLACEMENT_3D('',#16936,#13193,#13194);
#11045=AXIS2_PLACEMENT_3D('',#16937,#13195,#13196);
#11046=AXIS2_PLACEMENT_3D('',#16939,#13197,#13198);
#11047=AXIS2_PLACEMENT_3D('',#16940,#13199,#13200);
#11048=AXIS2_PLACEMENT_3D('',#16942,#13201,#13202);
#11049=AXIS2_PLACEMENT_3D('',#16943,#13203,#13204);
#11050=AXIS2_PLACEMENT_3D('',#16945,#13205,#13206);
#11051=AXIS2_PLACEMENT_3D('',#16946,#13207,#13208);
#11052=AXIS2_PLACEMENT_3D('',#16947,#13209,#13210);
#11053=AXIS2_PLACEMENT_3D('',#16949,#13211,#13212);
#11054=AXIS2_PLACEMENT_3D('',#16950,#13213,#13214);
#11055=AXIS2_PLACEMENT_3D('',#16952,#13215,#13216);
#11056=AXIS2_PLACEMENT_3D('',#16953,#13217,#13218);
#11057=AXIS2_PLACEMENT_3D('',#16955,#13219,#13220);
#11058=AXIS2_PLACEMENT_3D('',#16956,#13221,#13222);
#11059=AXIS2_PLACEMENT_3D('',#16958,#13223,#13224);
#11060=AXIS2_PLACEMENT_3D('',#16959,#13225,#13226);
#11061=AXIS2_PLACEMENT_3D('',#16961,#13227,#13228);
#11062=AXIS2_PLACEMENT_3D('',#16962,#13229,#13230);
#11063=AXIS2_PLACEMENT_3D('',#16964,#13231,#13232);
#11064=AXIS2_PLACEMENT_3D('',#16965,#13233,#13234);
#11065=AXIS2_PLACEMENT_3D('',#16967,#13235,#13236);
#11066=AXIS2_PLACEMENT_3D('',#16968,#13237,#13238);
#11067=AXIS2_PLACEMENT_3D('',#16970,#13239,#13240);
#11068=AXIS2_PLACEMENT_3D('',#16971,#13241,#13242);
#11069=AXIS2_PLACEMENT_3D('',#16972,#13243,#13244);
#11070=AXIS2_PLACEMENT_3D('',#16974,#13245,#13246);
#11071=AXIS2_PLACEMENT_3D('',#16975,#13247,#13248);
#11072=AXIS2_PLACEMENT_3D('',#16977,#13249,#13250);
#11073=AXIS2_PLACEMENT_3D('',#16978,#13251,#13252);
#11074=AXIS2_PLACEMENT_3D('',#16980,#13253,#13254);
#11075=AXIS2_PLACEMENT_3D('',#16981,#13255,#13256);
#11076=AXIS2_PLACEMENT_3D('',#16983,#13257,#13258);
#11077=AXIS2_PLACEMENT_3D('',#16984,#13259,#13260);
#11078=AXIS2_PLACEMENT_3D('',#16986,#13261,#13262);
#11079=AXIS2_PLACEMENT_3D('',#16987,#13263,#13264);
#11080=AXIS2_PLACEMENT_3D('',#16989,#13265,#13266);
#11081=AXIS2_PLACEMENT_3D('',#16990,#13267,#13268);
#11082=AXIS2_PLACEMENT_3D('',#16992,#13269,#13270);
#11083=AXIS2_PLACEMENT_3D('',#16993,#13271,#13272);
#11084=AXIS2_PLACEMENT_3D('',#16995,#13273,#13274);
#11085=AXIS2_PLACEMENT_3D('',#16996,#13275,#13276);
#11086=AXIS2_PLACEMENT_3D('',#16997,#13277,#13278);
#11087=AXIS2_PLACEMENT_3D('',#16999,#13279,#13280);
#11088=AXIS2_PLACEMENT_3D('',#17000,#13281,#13282);
#11089=AXIS2_PLACEMENT_3D('',#17002,#13283,#13284);
#11090=AXIS2_PLACEMENT_3D('',#17003,#13285,#13286);
#11091=AXIS2_PLACEMENT_3D('',#17005,#13287,#13288);
#11092=AXIS2_PLACEMENT_3D('',#17006,#13289,#13290);
#11093=AXIS2_PLACEMENT_3D('',#17008,#13291,#13292);
#11094=AXIS2_PLACEMENT_3D('',#17009,#13293,#13294);
#11095=AXIS2_PLACEMENT_3D('',#17011,#13295,#13296);
#11096=AXIS2_PLACEMENT_3D('',#17012,#13297,#13298);
#11097=AXIS2_PLACEMENT_3D('',#17014,#13299,#13300);
#11098=AXIS2_PLACEMENT_3D('',#17015,#13301,#13302);
#11099=AXIS2_PLACEMENT_3D('',#17017,#13303,#13304);
#11100=AXIS2_PLACEMENT_3D('',#17018,#13305,#13306);
#11101=AXIS2_PLACEMENT_3D('',#17020,#13307,#13308);
#11102=AXIS2_PLACEMENT_3D('',#17021,#13309,#13310);
#11103=AXIS2_PLACEMENT_3D('',#17022,#13311,#13312);
#11104=AXIS2_PLACEMENT_3D('',#17024,#13313,#13314);
#11105=AXIS2_PLACEMENT_3D('',#17025,#13315,#13316);
#11106=AXIS2_PLACEMENT_3D('',#17027,#13317,#13318);
#11107=AXIS2_PLACEMENT_3D('',#17028,#13319,#13320);
#11108=AXIS2_PLACEMENT_3D('',#17030,#13321,#13322);
#11109=AXIS2_PLACEMENT_3D('',#17031,#13323,#13324);
#11110=AXIS2_PLACEMENT_3D('',#17033,#13325,#13326);
#11111=AXIS2_PLACEMENT_3D('',#17034,#13327,#13328);
#11112=AXIS2_PLACEMENT_3D('',#17036,#13329,#13330);
#11113=AXIS2_PLACEMENT_3D('',#17037,#13331,#13332);
#11114=AXIS2_PLACEMENT_3D('',#17039,#13333,#13334);
#11115=AXIS2_PLACEMENT_3D('',#17040,#13335,#13336);
#11116=AXIS2_PLACEMENT_3D('',#17042,#13337,#13338);
#11117=AXIS2_PLACEMENT_3D('',#17043,#13339,#13340);
#11118=AXIS2_PLACEMENT_3D('',#17045,#13341,#13342);
#11119=AXIS2_PLACEMENT_3D('',#17046,#13343,#13344);
#11120=AXIS2_PLACEMENT_3D('',#17047,#13345,#13346);
#11121=AXIS2_PLACEMENT_3D('',#17049,#13347,#13348);
#11122=AXIS2_PLACEMENT_3D('',#17050,#13349,#13350);
#11123=AXIS2_PLACEMENT_3D('',#17052,#13351,#13352);
#11124=AXIS2_PLACEMENT_3D('',#17053,#13353,#13354);
#11125=AXIS2_PLACEMENT_3D('',#17055,#13355,#13356);
#11126=AXIS2_PLACEMENT_3D('',#17056,#13357,#13358);
#11127=AXIS2_PLACEMENT_3D('',#17058,#13359,#13360);
#11128=AXIS2_PLACEMENT_3D('',#17059,#13361,#13362);
#11129=AXIS2_PLACEMENT_3D('',#17061,#13363,#13364);
#11130=AXIS2_PLACEMENT_3D('',#17062,#13365,#13366);
#11131=AXIS2_PLACEMENT_3D('',#17064,#13367,#13368);
#11132=AXIS2_PLACEMENT_3D('',#17065,#13369,#13370);
#11133=AXIS2_PLACEMENT_3D('',#17067,#13371,#13372);
#11134=AXIS2_PLACEMENT_3D('',#17068,#13373,#13374);
#11135=AXIS2_PLACEMENT_3D('',#17070,#13375,#13376);
#11136=AXIS2_PLACEMENT_3D('',#17071,#13377,#13378);
#11137=AXIS2_PLACEMENT_3D('',#17072,#13379,#13380);
#11138=AXIS2_PLACEMENT_3D('',#17074,#13381,#13382);
#11139=AXIS2_PLACEMENT_3D('',#17075,#13383,#13384);
#11140=AXIS2_PLACEMENT_3D('',#17077,#13385,#13386);
#11141=AXIS2_PLACEMENT_3D('',#17078,#13387,#13388);
#11142=AXIS2_PLACEMENT_3D('',#17080,#13389,#13390);
#11143=AXIS2_PLACEMENT_3D('',#17081,#13391,#13392);
#11144=AXIS2_PLACEMENT_3D('',#17083,#13393,#13394);
#11145=AXIS2_PLACEMENT_3D('',#17084,#13395,#13396);
#11146=AXIS2_PLACEMENT_3D('',#17086,#13397,#13398);
#11147=AXIS2_PLACEMENT_3D('',#17087,#13399,#13400);
#11148=AXIS2_PLACEMENT_3D('',#17089,#13401,#13402);
#11149=AXIS2_PLACEMENT_3D('',#17090,#13403,#13404);
#11150=AXIS2_PLACEMENT_3D('',#17092,#13405,#13406);
#11151=AXIS2_PLACEMENT_3D('',#17093,#13407,#13408);
#11152=AXIS2_PLACEMENT_3D('',#17095,#13409,#13410);
#11153=AXIS2_PLACEMENT_3D('',#17096,#13411,#13412);
#11154=AXIS2_PLACEMENT_3D('',#17097,#13413,#13414);
#11155=AXIS2_PLACEMENT_3D('',#17099,#13415,#13416);
#11156=AXIS2_PLACEMENT_3D('',#17100,#13417,#13418);
#11157=AXIS2_PLACEMENT_3D('',#17102,#13419,#13420);
#11158=AXIS2_PLACEMENT_3D('',#17103,#13421,#13422);
#11159=AXIS2_PLACEMENT_3D('',#17105,#13423,#13424);
#11160=AXIS2_PLACEMENT_3D('',#17106,#13425,#13426);
#11161=AXIS2_PLACEMENT_3D('',#17108,#13427,#13428);
#11162=AXIS2_PLACEMENT_3D('',#17109,#13429,#13430);
#11163=AXIS2_PLACEMENT_3D('',#17111,#13431,#13432);
#11164=AXIS2_PLACEMENT_3D('',#17112,#13433,#13434);
#11165=AXIS2_PLACEMENT_3D('',#17114,#13435,#13436);
#11166=AXIS2_PLACEMENT_3D('',#17115,#13437,#13438);
#11167=AXIS2_PLACEMENT_3D('',#17117,#13439,#13440);
#11168=AXIS2_PLACEMENT_3D('',#17118,#13441,#13442);
#11169=AXIS2_PLACEMENT_3D('',#17120,#13443,#13444);
#11170=AXIS2_PLACEMENT_3D('',#17121,#13445,#13446);
#11171=AXIS2_PLACEMENT_3D('',#17122,#13447,#13448);
#11172=AXIS2_PLACEMENT_3D('',#17124,#13449,#13450);
#11173=AXIS2_PLACEMENT_3D('',#17125,#13451,#13452);
#11174=AXIS2_PLACEMENT_3D('',#17127,#13453,#13454);
#11175=AXIS2_PLACEMENT_3D('',#17128,#13455,#13456);
#11176=AXIS2_PLACEMENT_3D('',#17130,#13457,#13458);
#11177=AXIS2_PLACEMENT_3D('',#17131,#13459,#13460);
#11178=AXIS2_PLACEMENT_3D('',#17133,#13461,#13462);
#11179=AXIS2_PLACEMENT_3D('',#17134,#13463,#13464);
#11180=AXIS2_PLACEMENT_3D('',#17136,#13465,#13466);
#11181=AXIS2_PLACEMENT_3D('',#17137,#13467,#13468);
#11182=AXIS2_PLACEMENT_3D('',#17139,#13469,#13470);
#11183=AXIS2_PLACEMENT_3D('',#17140,#13471,#13472);
#11184=AXIS2_PLACEMENT_3D('',#17142,#13473,#13474);
#11185=AXIS2_PLACEMENT_3D('',#17143,#13475,#13476);
#11186=AXIS2_PLACEMENT_3D('',#17145,#13477,#13478);
#11187=AXIS2_PLACEMENT_3D('',#17146,#13479,#13480);
#11188=AXIS2_PLACEMENT_3D('',#17147,#13481,#13482);
#11189=AXIS2_PLACEMENT_3D('',#17149,#13483,#13484);
#11190=AXIS2_PLACEMENT_3D('',#17150,#13485,#13486);
#11191=AXIS2_PLACEMENT_3D('',#17152,#13487,#13488);
#11192=AXIS2_PLACEMENT_3D('',#17153,#13489,#13490);
#11193=AXIS2_PLACEMENT_3D('',#17155,#13491,#13492);
#11194=AXIS2_PLACEMENT_3D('',#17156,#13493,#13494);
#11195=AXIS2_PLACEMENT_3D('',#17158,#13495,#13496);
#11196=AXIS2_PLACEMENT_3D('',#17159,#13497,#13498);
#11197=AXIS2_PLACEMENT_3D('',#17161,#13499,#13500);
#11198=AXIS2_PLACEMENT_3D('',#17162,#13501,#13502);
#11199=AXIS2_PLACEMENT_3D('',#17164,#13503,#13504);
#11200=AXIS2_PLACEMENT_3D('',#17165,#13505,#13506);
#11201=AXIS2_PLACEMENT_3D('',#17167,#13507,#13508);
#11202=AXIS2_PLACEMENT_3D('',#17168,#13509,#13510);
#11203=AXIS2_PLACEMENT_3D('',#17170,#13511,#13512);
#11204=AXIS2_PLACEMENT_3D('',#17171,#13513,#13514);
#11205=AXIS2_PLACEMENT_3D('',#17172,#13515,#13516);
#11206=AXIS2_PLACEMENT_3D('',#17174,#13517,#13518);
#11207=AXIS2_PLACEMENT_3D('',#17175,#13519,#13520);
#11208=AXIS2_PLACEMENT_3D('',#17177,#13521,#13522);
#11209=AXIS2_PLACEMENT_3D('',#17178,#13523,#13524);
#11210=AXIS2_PLACEMENT_3D('',#17180,#13525,#13526);
#11211=AXIS2_PLACEMENT_3D('',#17181,#13527,#13528);
#11212=AXIS2_PLACEMENT_3D('',#17183,#13529,#13530);
#11213=AXIS2_PLACEMENT_3D('',#17184,#13531,#13532);
#11214=AXIS2_PLACEMENT_3D('',#17186,#13533,#13534);
#11215=AXIS2_PLACEMENT_3D('',#17187,#13535,#13536);
#11216=AXIS2_PLACEMENT_3D('',#17189,#13537,#13538);
#11217=AXIS2_PLACEMENT_3D('',#17190,#13539,#13540);
#11218=AXIS2_PLACEMENT_3D('',#17192,#13541,#13542);
#11219=AXIS2_PLACEMENT_3D('',#17193,#13543,#13544);
#11220=AXIS2_PLACEMENT_3D('',#17195,#13545,#13546);
#11221=AXIS2_PLACEMENT_3D('',#17196,#13547,#13548);
#11222=AXIS2_PLACEMENT_3D('',#17197,#13549,#13550);
#11223=AXIS2_PLACEMENT_3D('',#17199,#13551,#13552);
#11224=AXIS2_PLACEMENT_3D('',#17200,#13553,#13554);
#11225=AXIS2_PLACEMENT_3D('',#17202,#13555,#13556);
#11226=AXIS2_PLACEMENT_3D('',#17203,#13557,#13558);
#11227=AXIS2_PLACEMENT_3D('',#17205,#13559,#13560);
#11228=AXIS2_PLACEMENT_3D('',#17206,#13561,#13562);
#11229=AXIS2_PLACEMENT_3D('',#17208,#13563,#13564);
#11230=AXIS2_PLACEMENT_3D('',#17209,#13565,#13566);
#11231=AXIS2_PLACEMENT_3D('',#17211,#13567,#13568);
#11232=AXIS2_PLACEMENT_3D('',#17212,#13569,#13570);
#11233=AXIS2_PLACEMENT_3D('',#17214,#13571,#13572);
#11234=AXIS2_PLACEMENT_3D('',#17215,#13573,#13574);
#11235=AXIS2_PLACEMENT_3D('',#17217,#13575,#13576);
#11236=AXIS2_PLACEMENT_3D('',#17218,#13577,#13578);
#11237=AXIS2_PLACEMENT_3D('',#17220,#13579,#13580);
#11238=AXIS2_PLACEMENT_3D('',#17221,#13581,#13582);
#11239=AXIS2_PLACEMENT_3D('',#17222,#13583,#13584);
#11240=AXIS2_PLACEMENT_3D('',#17224,#13585,#13586);
#11241=AXIS2_PLACEMENT_3D('',#17225,#13587,#13588);
#11242=AXIS2_PLACEMENT_3D('',#17227,#13589,#13590);
#11243=AXIS2_PLACEMENT_3D('',#17228,#13591,#13592);
#11244=AXIS2_PLACEMENT_3D('',#17230,#13593,#13594);
#11245=AXIS2_PLACEMENT_3D('',#17231,#13595,#13596);
#11246=AXIS2_PLACEMENT_3D('',#17233,#13597,#13598);
#11247=AXIS2_PLACEMENT_3D('',#17234,#13599,#13600);
#11248=AXIS2_PLACEMENT_3D('',#17236,#13601,#13602);
#11249=AXIS2_PLACEMENT_3D('',#17237,#13603,#13604);
#11250=AXIS2_PLACEMENT_3D('',#17239,#13605,#13606);
#11251=AXIS2_PLACEMENT_3D('',#17240,#13607,#13608);
#11252=AXIS2_PLACEMENT_3D('',#17242,#13609,#13610);
#11253=AXIS2_PLACEMENT_3D('',#17243,#13611,#13612);
#11254=AXIS2_PLACEMENT_3D('',#17245,#13613,#13614);
#11255=AXIS2_PLACEMENT_3D('',#17246,#13615,#13616);
#11256=AXIS2_PLACEMENT_3D('',#17247,#13617,#13618);
#11257=AXIS2_PLACEMENT_3D('',#17249,#13619,#13620);
#11258=AXIS2_PLACEMENT_3D('',#17250,#13621,#13622);
#11259=AXIS2_PLACEMENT_3D('',#17252,#13623,#13624);
#11260=AXIS2_PLACEMENT_3D('',#17253,#13625,#13626);
#11261=AXIS2_PLACEMENT_3D('',#17255,#13627,#13628);
#11262=AXIS2_PLACEMENT_3D('',#17256,#13629,#13630);
#11263=AXIS2_PLACEMENT_3D('',#17258,#13631,#13632);
#11264=AXIS2_PLACEMENT_3D('',#17259,#13633,#13634);
#11265=AXIS2_PLACEMENT_3D('',#17261,#13635,#13636);
#11266=AXIS2_PLACEMENT_3D('',#17262,#13637,#13638);
#11267=AXIS2_PLACEMENT_3D('',#17264,#13639,#13640);
#11268=AXIS2_PLACEMENT_3D('',#17265,#13641,#13642);
#11269=AXIS2_PLACEMENT_3D('',#17267,#13643,#13644);
#11270=AXIS2_PLACEMENT_3D('',#17268,#13645,#13646);
#11271=AXIS2_PLACEMENT_3D('',#17270,#13647,#13648);
#11272=AXIS2_PLACEMENT_3D('',#17271,#13649,#13650);
#11273=AXIS2_PLACEMENT_3D('',#17272,#13651,#13652);
#11274=AXIS2_PLACEMENT_3D('',#17274,#13653,#13654);
#11275=AXIS2_PLACEMENT_3D('',#17275,#13655,#13656);
#11276=AXIS2_PLACEMENT_3D('',#17277,#13657,#13658);
#11277=AXIS2_PLACEMENT_3D('',#17278,#13659,#13660);
#11278=AXIS2_PLACEMENT_3D('',#17280,#13661,#13662);
#11279=AXIS2_PLACEMENT_3D('',#17281,#13663,#13664);
#11280=AXIS2_PLACEMENT_3D('',#17283,#13665,#13666);
#11281=AXIS2_PLACEMENT_3D('',#17284,#13667,#13668);
#11282=AXIS2_PLACEMENT_3D('',#17286,#13669,#13670);
#11283=AXIS2_PLACEMENT_3D('',#17287,#13671,#13672);
#11284=AXIS2_PLACEMENT_3D('',#17289,#13673,#13674);
#11285=AXIS2_PLACEMENT_3D('',#17290,#13675,#13676);
#11286=AXIS2_PLACEMENT_3D('',#17292,#13677,#13678);
#11287=AXIS2_PLACEMENT_3D('',#17293,#13679,#13680);
#11288=AXIS2_PLACEMENT_3D('',#17295,#13681,#13682);
#11289=AXIS2_PLACEMENT_3D('',#17296,#13683,#13684);
#11290=AXIS2_PLACEMENT_3D('',#17297,#13685,#13686);
#11291=AXIS2_PLACEMENT_3D('',#17299,#13687,#13688);
#11292=AXIS2_PLACEMENT_3D('',#17300,#13689,#13690);
#11293=AXIS2_PLACEMENT_3D('',#17302,#13691,#13692);
#11294=AXIS2_PLACEMENT_3D('',#17303,#13693,#13694);
#11295=AXIS2_PLACEMENT_3D('',#17305,#13695,#13696);
#11296=AXIS2_PLACEMENT_3D('',#17306,#13697,#13698);
#11297=AXIS2_PLACEMENT_3D('',#17308,#13699,#13700);
#11298=AXIS2_PLACEMENT_3D('',#17309,#13701,#13702);
#11299=AXIS2_PLACEMENT_3D('',#17311,#13703,#13704);
#11300=AXIS2_PLACEMENT_3D('',#17312,#13705,#13706);
#11301=AXIS2_PLACEMENT_3D('',#17314,#13707,#13708);
#11302=AXIS2_PLACEMENT_3D('',#17315,#13709,#13710);
#11303=AXIS2_PLACEMENT_3D('',#17317,#13711,#13712);
#11304=AXIS2_PLACEMENT_3D('',#17318,#13713,#13714);
#11305=AXIS2_PLACEMENT_3D('',#17320,#13715,#13716);
#11306=AXIS2_PLACEMENT_3D('',#17321,#13717,#13718);
#11307=AXIS2_PLACEMENT_3D('',#17322,#13719,#13720);
#11308=AXIS2_PLACEMENT_3D('',#17324,#13721,#13722);
#11309=AXIS2_PLACEMENT_3D('',#17325,#13723,#13724);
#11310=AXIS2_PLACEMENT_3D('',#17327,#13725,#13726);
#11311=AXIS2_PLACEMENT_3D('',#17328,#13727,#13728);
#11312=AXIS2_PLACEMENT_3D('',#17330,#13729,#13730);
#11313=AXIS2_PLACEMENT_3D('',#17331,#13731,#13732);
#11314=AXIS2_PLACEMENT_3D('',#17333,#13733,#13734);
#11315=AXIS2_PLACEMENT_3D('',#17334,#13735,#13736);
#11316=AXIS2_PLACEMENT_3D('',#17336,#13737,#13738);
#11317=AXIS2_PLACEMENT_3D('',#17337,#13739,#13740);
#11318=AXIS2_PLACEMENT_3D('',#17339,#13741,#13742);
#11319=AXIS2_PLACEMENT_3D('',#17340,#13743,#13744);
#11320=AXIS2_PLACEMENT_3D('',#17342,#13745,#13746);
#11321=AXIS2_PLACEMENT_3D('',#17343,#13747,#13748);
#11322=AXIS2_PLACEMENT_3D('',#17345,#13749,#13750);
#11323=AXIS2_PLACEMENT_3D('',#17346,#13751,#13752);
#11324=AXIS2_PLACEMENT_3D('',#17347,#13753,#13754);
#11325=AXIS2_PLACEMENT_3D('',#17349,#13755,#13756);
#11326=AXIS2_PLACEMENT_3D('',#17350,#13757,#13758);
#11327=AXIS2_PLACEMENT_3D('',#17352,#13759,#13760);
#11328=AXIS2_PLACEMENT_3D('',#17353,#13761,#13762);
#11329=AXIS2_PLACEMENT_3D('',#17355,#13763,#13764);
#11330=AXIS2_PLACEMENT_3D('',#17356,#13765,#13766);
#11331=AXIS2_PLACEMENT_3D('',#17358,#13767,#13768);
#11332=AXIS2_PLACEMENT_3D('',#17359,#13769,#13770);
#11333=AXIS2_PLACEMENT_3D('',#17361,#13771,#13772);
#11334=AXIS2_PLACEMENT_3D('',#17362,#13773,#13774);
#11335=AXIS2_PLACEMENT_3D('',#17364,#13775,#13776);
#11336=AXIS2_PLACEMENT_3D('',#17365,#13777,#13778);
#11337=AXIS2_PLACEMENT_3D('',#17367,#13779,#13780);
#11338=AXIS2_PLACEMENT_3D('',#17368,#13781,#13782);
#11339=AXIS2_PLACEMENT_3D('',#17370,#13783,#13784);
#11340=AXIS2_PLACEMENT_3D('',#17371,#13785,#13786);
#11341=AXIS2_PLACEMENT_3D('',#17372,#13787,#13788);
#11342=AXIS2_PLACEMENT_3D('',#17374,#13789,#13790);
#11343=AXIS2_PLACEMENT_3D('',#17375,#13791,#13792);
#11344=AXIS2_PLACEMENT_3D('',#17377,#13793,#13794);
#11345=AXIS2_PLACEMENT_3D('',#17378,#13795,#13796);
#11346=AXIS2_PLACEMENT_3D('',#17380,#13797,#13798);
#11347=AXIS2_PLACEMENT_3D('',#17381,#13799,#13800);
#11348=AXIS2_PLACEMENT_3D('',#17383,#13801,#13802);
#11349=AXIS2_PLACEMENT_3D('',#17384,#13803,#13804);
#11350=AXIS2_PLACEMENT_3D('',#17386,#13805,#13806);
#11351=AXIS2_PLACEMENT_3D('',#17387,#13807,#13808);
#11352=AXIS2_PLACEMENT_3D('',#17389,#13809,#13810);
#11353=AXIS2_PLACEMENT_3D('',#17390,#13811,#13812);
#11354=AXIS2_PLACEMENT_3D('',#17392,#13813,#13814);
#11355=AXIS2_PLACEMENT_3D('',#17393,#13815,#13816);
#11356=AXIS2_PLACEMENT_3D('',#17395,#13817,#13818);
#11357=AXIS2_PLACEMENT_3D('',#17396,#13819,#13820);
#11358=AXIS2_PLACEMENT_3D('',#17397,#13821,#13822);
#11359=AXIS2_PLACEMENT_3D('',#17399,#13823,#13824);
#11360=AXIS2_PLACEMENT_3D('',#17400,#13825,#13826);
#11361=AXIS2_PLACEMENT_3D('',#17402,#13827,#13828);
#11362=AXIS2_PLACEMENT_3D('',#17403,#13829,#13830);
#11363=AXIS2_PLACEMENT_3D('',#17405,#13831,#13832);
#11364=AXIS2_PLACEMENT_3D('',#17406,#13833,#13834);
#11365=AXIS2_PLACEMENT_3D('',#17408,#13835,#13836);
#11366=AXIS2_PLACEMENT_3D('',#17409,#13837,#13838);
#11367=AXIS2_PLACEMENT_3D('',#17411,#13839,#13840);
#11368=AXIS2_PLACEMENT_3D('',#17412,#13841,#13842);
#11369=AXIS2_PLACEMENT_3D('',#17414,#13843,#13844);
#11370=AXIS2_PLACEMENT_3D('',#17415,#13845,#13846);
#11371=AXIS2_PLACEMENT_3D('',#17417,#13847,#13848);
#11372=AXIS2_PLACEMENT_3D('',#17418,#13849,#13850);
#11373=AXIS2_PLACEMENT_3D('',#17420,#13851,#13852);
#11374=AXIS2_PLACEMENT_3D('',#17421,#13853,#13854);
#11375=AXIS2_PLACEMENT_3D('',#17422,#13855,#13856);
#11376=AXIS2_PLACEMENT_3D('',#17424,#13857,#13858);
#11377=AXIS2_PLACEMENT_3D('',#17425,#13859,#13860);
#11378=AXIS2_PLACEMENT_3D('',#17427,#13861,#13862);
#11379=AXIS2_PLACEMENT_3D('',#17428,#13863,#13864);
#11380=AXIS2_PLACEMENT_3D('',#17430,#13865,#13866);
#11381=AXIS2_PLACEMENT_3D('',#17431,#13867,#13868);
#11382=AXIS2_PLACEMENT_3D('',#17433,#13869,#13870);
#11383=AXIS2_PLACEMENT_3D('',#17434,#13871,#13872);
#11384=AXIS2_PLACEMENT_3D('',#17436,#13873,#13874);
#11385=AXIS2_PLACEMENT_3D('',#17437,#13875,#13876);
#11386=AXIS2_PLACEMENT_3D('',#17439,#13877,#13878);
#11387=AXIS2_PLACEMENT_3D('',#17440,#13879,#13880);
#11388=AXIS2_PLACEMENT_3D('',#17442,#13881,#13882);
#11389=AXIS2_PLACEMENT_3D('',#17443,#13883,#13884);
#11390=AXIS2_PLACEMENT_3D('',#17445,#13885,#13886);
#11391=AXIS2_PLACEMENT_3D('',#17446,#13887,#13888);
#11392=AXIS2_PLACEMENT_3D('',#17447,#13889,#13890);
#11393=AXIS2_PLACEMENT_3D('',#17449,#13891,#13892);
#11394=AXIS2_PLACEMENT_3D('',#17450,#13893,#13894);
#11395=AXIS2_PLACEMENT_3D('',#17452,#13895,#13896);
#11396=AXIS2_PLACEMENT_3D('',#17453,#13897,#13898);
#11397=AXIS2_PLACEMENT_3D('',#17455,#13899,#13900);
#11398=AXIS2_PLACEMENT_3D('',#17456,#13901,#13902);
#11399=AXIS2_PLACEMENT_3D('',#17458,#13903,#13904);
#11400=AXIS2_PLACEMENT_3D('',#17459,#13905,#13906);
#11401=AXIS2_PLACEMENT_3D('',#17461,#13907,#13908);
#11402=AXIS2_PLACEMENT_3D('',#17462,#13909,#13910);
#11403=AXIS2_PLACEMENT_3D('',#17464,#13911,#13912);
#11404=AXIS2_PLACEMENT_3D('',#17465,#13913,#13914);
#11405=AXIS2_PLACEMENT_3D('',#17467,#13915,#13916);
#11406=AXIS2_PLACEMENT_3D('',#17468,#13917,#13918);
#11407=AXIS2_PLACEMENT_3D('',#17470,#13919,#13920);
#11408=AXIS2_PLACEMENT_3D('',#17471,#13921,#13922);
#11409=AXIS2_PLACEMENT_3D('',#17472,#13923,#13924);
#11410=AXIS2_PLACEMENT_3D('',#17474,#13925,#13926);
#11411=AXIS2_PLACEMENT_3D('',#17475,#13927,#13928);
#11412=AXIS2_PLACEMENT_3D('',#17477,#13929,#13930);
#11413=AXIS2_PLACEMENT_3D('',#17478,#13931,#13932);
#11414=AXIS2_PLACEMENT_3D('',#17480,#13933,#13934);
#11415=AXIS2_PLACEMENT_3D('',#17481,#13935,#13936);
#11416=AXIS2_PLACEMENT_3D('',#17483,#13937,#13938);
#11417=AXIS2_PLACEMENT_3D('',#17484,#13939,#13940);
#11418=AXIS2_PLACEMENT_3D('',#17486,#13941,#13942);
#11419=AXIS2_PLACEMENT_3D('',#17487,#13943,#13944);
#11420=AXIS2_PLACEMENT_3D('',#17489,#13945,#13946);
#11421=AXIS2_PLACEMENT_3D('',#17490,#13947,#13948);
#11422=AXIS2_PLACEMENT_3D('',#17492,#13949,#13950);
#11423=AXIS2_PLACEMENT_3D('',#17493,#13951,#13952);
#11424=AXIS2_PLACEMENT_3D('',#17495,#13953,#13954);
#11425=AXIS2_PLACEMENT_3D('',#17496,#13955,#13956);
#11426=AXIS2_PLACEMENT_3D('',#17497,#13957,#13958);
#11427=AXIS2_PLACEMENT_3D('',#17499,#13959,#13960);
#11428=AXIS2_PLACEMENT_3D('',#17500,#13961,#13962);
#11429=AXIS2_PLACEMENT_3D('',#17502,#13963,#13964);
#11430=AXIS2_PLACEMENT_3D('',#17503,#13965,#13966);
#11431=AXIS2_PLACEMENT_3D('',#17505,#13967,#13968);
#11432=AXIS2_PLACEMENT_3D('',#17506,#13969,#13970);
#11433=AXIS2_PLACEMENT_3D('',#17508,#13971,#13972);
#11434=AXIS2_PLACEMENT_3D('',#17509,#13973,#13974);
#11435=AXIS2_PLACEMENT_3D('',#17511,#13975,#13976);
#11436=AXIS2_PLACEMENT_3D('',#17512,#13977,#13978);
#11437=AXIS2_PLACEMENT_3D('',#17514,#13979,#13980);
#11438=AXIS2_PLACEMENT_3D('',#17515,#13981,#13982);
#11439=AXIS2_PLACEMENT_3D('',#17517,#13983,#13984);
#11440=AXIS2_PLACEMENT_3D('',#17518,#13985,#13986);
#11441=AXIS2_PLACEMENT_3D('',#17520,#13987,#13988);
#11442=AXIS2_PLACEMENT_3D('',#17521,#13989,#13990);
#11443=AXIS2_PLACEMENT_3D('',#17522,#13991,#13992);
#11444=AXIS2_PLACEMENT_3D('',#17524,#13993,#13994);
#11445=AXIS2_PLACEMENT_3D('',#17525,#13995,#13996);
#11446=AXIS2_PLACEMENT_3D('',#17527,#13997,#13998);
#11447=AXIS2_PLACEMENT_3D('',#17528,#13999,#14000);
#11448=AXIS2_PLACEMENT_3D('',#17530,#14001,#14002);
#11449=AXIS2_PLACEMENT_3D('',#17531,#14003,#14004);
#11450=AXIS2_PLACEMENT_3D('',#17533,#14005,#14006);
#11451=AXIS2_PLACEMENT_3D('',#17534,#14007,#14008);
#11452=AXIS2_PLACEMENT_3D('',#17536,#14009,#14010);
#11453=AXIS2_PLACEMENT_3D('',#17537,#14011,#14012);
#11454=AXIS2_PLACEMENT_3D('',#17539,#14013,#14014);
#11455=AXIS2_PLACEMENT_3D('',#17540,#14015,#14016);
#11456=AXIS2_PLACEMENT_3D('',#17542,#14017,#14018);
#11457=AXIS2_PLACEMENT_3D('',#17543,#14019,#14020);
#11458=AXIS2_PLACEMENT_3D('',#17545,#14021,#14022);
#11459=AXIS2_PLACEMENT_3D('',#17546,#14023,#14024);
#11460=AXIS2_PLACEMENT_3D('',#17547,#14025,#14026);
#11461=AXIS2_PLACEMENT_3D('',#17549,#14027,#14028);
#11462=AXIS2_PLACEMENT_3D('',#17550,#14029,#14030);
#11463=AXIS2_PLACEMENT_3D('',#17552,#14031,#14032);
#11464=AXIS2_PLACEMENT_3D('',#17553,#14033,#14034);
#11465=AXIS2_PLACEMENT_3D('',#17555,#14035,#14036);
#11466=AXIS2_PLACEMENT_3D('',#17556,#14037,#14038);
#11467=AXIS2_PLACEMENT_3D('',#17558,#14039,#14040);
#11468=AXIS2_PLACEMENT_3D('',#17559,#14041,#14042);
#11469=AXIS2_PLACEMENT_3D('',#17561,#14043,#14044);
#11470=AXIS2_PLACEMENT_3D('',#17562,#14045,#14046);
#11471=AXIS2_PLACEMENT_3D('',#17564,#14047,#14048);
#11472=AXIS2_PLACEMENT_3D('',#17565,#14049,#14050);
#11473=AXIS2_PLACEMENT_3D('',#17567,#14051,#14052);
#11474=AXIS2_PLACEMENT_3D('',#17568,#14053,#14054);
#11475=AXIS2_PLACEMENT_3D('',#17570,#14055,#14056);
#11476=AXIS2_PLACEMENT_3D('',#17571,#14057,#14058);
#11477=AXIS2_PLACEMENT_3D('',#17572,#14059,#14060);
#11478=AXIS2_PLACEMENT_3D('',#17574,#14061,#14062);
#11479=AXIS2_PLACEMENT_3D('',#17575,#14063,#14064);
#11480=AXIS2_PLACEMENT_3D('',#17577,#14065,#14066);
#11481=AXIS2_PLACEMENT_3D('',#17578,#14067,#14068);
#11482=AXIS2_PLACEMENT_3D('',#17580,#14069,#14070);
#11483=AXIS2_PLACEMENT_3D('',#17581,#14071,#14072);
#11484=AXIS2_PLACEMENT_3D('',#17583,#14073,#14074);
#11485=AXIS2_PLACEMENT_3D('',#17584,#14075,#14076);
#11486=AXIS2_PLACEMENT_3D('',#17586,#14077,#14078);
#11487=AXIS2_PLACEMENT_3D('',#17587,#14079,#14080);
#11488=AXIS2_PLACEMENT_3D('',#17589,#14081,#14082);
#11489=AXIS2_PLACEMENT_3D('',#17590,#14083,#14084);
#11490=AXIS2_PLACEMENT_3D('',#17592,#14085,#14086);
#11491=AXIS2_PLACEMENT_3D('',#17593,#14087,#14088);
#11492=AXIS2_PLACEMENT_3D('',#17595,#14089,#14090);
#11493=AXIS2_PLACEMENT_3D('',#17596,#14091,#14092);
#11494=AXIS2_PLACEMENT_3D('',#17597,#14093,#14094);
#11495=AXIS2_PLACEMENT_3D('',#17599,#14095,#14096);
#11496=AXIS2_PLACEMENT_3D('',#17600,#14097,#14098);
#11497=AXIS2_PLACEMENT_3D('',#17602,#14099,#14100);
#11498=AXIS2_PLACEMENT_3D('',#17603,#14101,#14102);
#11499=AXIS2_PLACEMENT_3D('',#17605,#14103,#14104);
#11500=AXIS2_PLACEMENT_3D('',#17606,#14105,#14106);
#11501=AXIS2_PLACEMENT_3D('',#17608,#14107,#14108);
#11502=AXIS2_PLACEMENT_3D('',#17609,#14109,#14110);
#11503=AXIS2_PLACEMENT_3D('',#17611,#14111,#14112);
#11504=AXIS2_PLACEMENT_3D('',#17612,#14113,#14114);
#11505=AXIS2_PLACEMENT_3D('',#17614,#14115,#14116);
#11506=AXIS2_PLACEMENT_3D('',#17615,#14117,#14118);
#11507=AXIS2_PLACEMENT_3D('',#17617,#14119,#14120);
#11508=AXIS2_PLACEMENT_3D('',#17618,#14121,#14122);
#11509=AXIS2_PLACEMENT_3D('',#17620,#14123,#14124);
#11510=AXIS2_PLACEMENT_3D('',#17621,#14125,#14126);
#11511=AXIS2_PLACEMENT_3D('',#17622,#14127,#14128);
#11512=AXIS2_PLACEMENT_3D('',#17624,#14129,#14130);
#11513=AXIS2_PLACEMENT_3D('',#17625,#14131,#14132);
#11514=AXIS2_PLACEMENT_3D('',#17627,#14133,#14134);
#11515=AXIS2_PLACEMENT_3D('',#17628,#14135,#14136);
#11516=AXIS2_PLACEMENT_3D('',#17630,#14137,#14138);
#11517=AXIS2_PLACEMENT_3D('',#17631,#14139,#14140);
#11518=AXIS2_PLACEMENT_3D('',#17633,#14141,#14142);
#11519=AXIS2_PLACEMENT_3D('',#17634,#14143,#14144);
#11520=AXIS2_PLACEMENT_3D('',#17636,#14145,#14146);
#11521=AXIS2_PLACEMENT_3D('',#17637,#14147,#14148);
#11522=AXIS2_PLACEMENT_3D('',#17639,#14149,#14150);
#11523=AXIS2_PLACEMENT_3D('',#17640,#14151,#14152);
#11524=AXIS2_PLACEMENT_3D('',#17642,#14153,#14154);
#11525=AXIS2_PLACEMENT_3D('',#17643,#14155,#14156);
#11526=AXIS2_PLACEMENT_3D('',#17645,#14157,#14158);
#11527=AXIS2_PLACEMENT_3D('',#17646,#14159,#14160);
#11528=AXIS2_PLACEMENT_3D('',#17647,#14161,#14162);
#11529=AXIS2_PLACEMENT_3D('',#17649,#14163,#14164);
#11530=AXIS2_PLACEMENT_3D('',#17650,#14165,#14166);
#11531=AXIS2_PLACEMENT_3D('',#17652,#14167,#14168);
#11532=AXIS2_PLACEMENT_3D('',#17653,#14169,#14170);
#11533=AXIS2_PLACEMENT_3D('',#17655,#14171,#14172);
#11534=AXIS2_PLACEMENT_3D('',#17656,#14173,#14174);
#11535=AXIS2_PLACEMENT_3D('',#17658,#14175,#14176);
#11536=AXIS2_PLACEMENT_3D('',#17659,#14177,#14178);
#11537=AXIS2_PLACEMENT_3D('',#17661,#14179,#14180);
#11538=AXIS2_PLACEMENT_3D('',#17662,#14181,#14182);
#11539=AXIS2_PLACEMENT_3D('',#17664,#14183,#14184);
#11540=AXIS2_PLACEMENT_3D('',#17665,#14185,#14186);
#11541=AXIS2_PLACEMENT_3D('',#17667,#14187,#14188);
#11542=AXIS2_PLACEMENT_3D('',#17668,#14189,#14190);
#11543=AXIS2_PLACEMENT_3D('',#17670,#14191,#14192);
#11544=AXIS2_PLACEMENT_3D('',#17671,#14193,#14194);
#11545=AXIS2_PLACEMENT_3D('',#17672,#14195,#14196);
#11546=AXIS2_PLACEMENT_3D('',#17674,#14197,#14198);
#11547=AXIS2_PLACEMENT_3D('',#17675,#14199,#14200);
#11548=AXIS2_PLACEMENT_3D('',#17677,#14201,#14202);
#11549=AXIS2_PLACEMENT_3D('',#17678,#14203,#14204);
#11550=AXIS2_PLACEMENT_3D('',#17680,#14205,#14206);
#11551=AXIS2_PLACEMENT_3D('',#17681,#14207,#14208);
#11552=AXIS2_PLACEMENT_3D('',#17683,#14209,#14210);
#11553=AXIS2_PLACEMENT_3D('',#17684,#14211,#14212);
#11554=AXIS2_PLACEMENT_3D('',#17686,#14213,#14214);
#11555=AXIS2_PLACEMENT_3D('',#17687,#14215,#14216);
#11556=AXIS2_PLACEMENT_3D('',#17689,#14217,#14218);
#11557=AXIS2_PLACEMENT_3D('',#17690,#14219,#14220);
#11558=AXIS2_PLACEMENT_3D('',#17692,#14221,#14222);
#11559=AXIS2_PLACEMENT_3D('',#17693,#14223,#14224);
#11560=AXIS2_PLACEMENT_3D('',#17695,#14225,#14226);
#11561=AXIS2_PLACEMENT_3D('',#17696,#14227,#14228);
#11562=AXIS2_PLACEMENT_3D('',#17697,#14229,#14230);
#11563=AXIS2_PLACEMENT_3D('',#17699,#14231,#14232);
#11564=AXIS2_PLACEMENT_3D('',#17700,#14233,#14234);
#11565=AXIS2_PLACEMENT_3D('',#17702,#14235,#14236);
#11566=AXIS2_PLACEMENT_3D('',#17703,#14237,#14238);
#11567=AXIS2_PLACEMENT_3D('',#17705,#14239,#14240);
#11568=AXIS2_PLACEMENT_3D('',#17706,#14241,#14242);
#11569=AXIS2_PLACEMENT_3D('',#17708,#14243,#14244);
#11570=AXIS2_PLACEMENT_3D('',#17709,#14245,#14246);
#11571=AXIS2_PLACEMENT_3D('',#17711,#14247,#14248);
#11572=AXIS2_PLACEMENT_3D('',#17712,#14249,#14250);
#11573=AXIS2_PLACEMENT_3D('',#17714,#14251,#14252);
#11574=AXIS2_PLACEMENT_3D('',#17715,#14253,#14254);
#11575=AXIS2_PLACEMENT_3D('',#17717,#14255,#14256);
#11576=AXIS2_PLACEMENT_3D('',#17718,#14257,#14258);
#11577=AXIS2_PLACEMENT_3D('',#17720,#14259,#14260);
#11578=AXIS2_PLACEMENT_3D('',#17721,#14261,#14262);
#11579=AXIS2_PLACEMENT_3D('',#17722,#14263,#14264);
#11580=AXIS2_PLACEMENT_3D('',#17724,#14265,#14266);
#11581=AXIS2_PLACEMENT_3D('',#17725,#14267,#14268);
#11582=AXIS2_PLACEMENT_3D('',#17727,#14269,#14270);
#11583=AXIS2_PLACEMENT_3D('',#17728,#14271,#14272);
#11584=AXIS2_PLACEMENT_3D('',#17730,#14273,#14274);
#11585=AXIS2_PLACEMENT_3D('',#17731,#14275,#14276);
#11586=AXIS2_PLACEMENT_3D('',#17733,#14277,#14278);
#11587=AXIS2_PLACEMENT_3D('',#17734,#14279,#14280);
#11588=AXIS2_PLACEMENT_3D('',#17736,#14281,#14282);
#11589=AXIS2_PLACEMENT_3D('',#17737,#14283,#14284);
#11590=AXIS2_PLACEMENT_3D('',#17739,#14285,#14286);
#11591=AXIS2_PLACEMENT_3D('',#17740,#14287,#14288);
#11592=AXIS2_PLACEMENT_3D('',#17742,#14289,#14290);
#11593=AXIS2_PLACEMENT_3D('',#17743,#14291,#14292);
#11594=AXIS2_PLACEMENT_3D('',#17745,#14293,#14294);
#11595=AXIS2_PLACEMENT_3D('',#17746,#14295,#14296);
#11596=AXIS2_PLACEMENT_3D('',#17747,#14297,#14298);
#11597=AXIS2_PLACEMENT_3D('',#17749,#14299,#14300);
#11598=AXIS2_PLACEMENT_3D('',#17750,#14301,#14302);
#11599=AXIS2_PLACEMENT_3D('',#17752,#14303,#14304);
#11600=AXIS2_PLACEMENT_3D('',#17753,#14305,#14306);
#11601=AXIS2_PLACEMENT_3D('',#17755,#14307,#14308);
#11602=AXIS2_PLACEMENT_3D('',#17756,#14309,#14310);
#11603=AXIS2_PLACEMENT_3D('',#17758,#14311,#14312);
#11604=AXIS2_PLACEMENT_3D('',#17759,#14313,#14314);
#11605=AXIS2_PLACEMENT_3D('',#17761,#14315,#14316);
#11606=AXIS2_PLACEMENT_3D('',#17762,#14317,#14318);
#11607=AXIS2_PLACEMENT_3D('',#17764,#14319,#14320);
#11608=AXIS2_PLACEMENT_3D('',#17765,#14321,#14322);
#11609=AXIS2_PLACEMENT_3D('',#17767,#14323,#14324);
#11610=AXIS2_PLACEMENT_3D('',#17768,#14325,#14326);
#11611=AXIS2_PLACEMENT_3D('',#17770,#14327,#14328);
#11612=AXIS2_PLACEMENT_3D('',#17771,#14329,#14330);
#11613=AXIS2_PLACEMENT_3D('',#17772,#14331,#14332);
#11614=AXIS2_PLACEMENT_3D('',#17774,#14333,#14334);
#11615=AXIS2_PLACEMENT_3D('',#17775,#14335,#14336);
#11616=AXIS2_PLACEMENT_3D('',#17777,#14337,#14338);
#11617=AXIS2_PLACEMENT_3D('',#17778,#14339,#14340);
#11618=AXIS2_PLACEMENT_3D('',#17780,#14341,#14342);
#11619=AXIS2_PLACEMENT_3D('',#17781,#14343,#14344);
#11620=AXIS2_PLACEMENT_3D('',#17783,#14345,#14346);
#11621=AXIS2_PLACEMENT_3D('',#17784,#14347,#14348);
#11622=AXIS2_PLACEMENT_3D('',#17786,#14349,#14350);
#11623=AXIS2_PLACEMENT_3D('',#17787,#14351,#14352);
#11624=AXIS2_PLACEMENT_3D('',#17789,#14353,#14354);
#11625=AXIS2_PLACEMENT_3D('',#17790,#14355,#14356);
#11626=AXIS2_PLACEMENT_3D('',#17792,#14357,#14358);
#11627=AXIS2_PLACEMENT_3D('',#17793,#14359,#14360);
#11628=AXIS2_PLACEMENT_3D('',#17795,#14361,#14362);
#11629=AXIS2_PLACEMENT_3D('',#17796,#14363,#14364);
#11630=AXIS2_PLACEMENT_3D('',#17797,#14365,#14366);
#11631=AXIS2_PLACEMENT_3D('',#17799,#14367,#14368);
#11632=AXIS2_PLACEMENT_3D('',#17800,#14369,#14370);
#11633=AXIS2_PLACEMENT_3D('',#17802,#14371,#14372);
#11634=AXIS2_PLACEMENT_3D('',#17803,#14373,#14374);
#11635=AXIS2_PLACEMENT_3D('',#17805,#14375,#14376);
#11636=AXIS2_PLACEMENT_3D('',#17806,#14377,#14378);
#11637=AXIS2_PLACEMENT_3D('',#17808,#14379,#14380);
#11638=AXIS2_PLACEMENT_3D('',#17809,#14381,#14382);
#11639=AXIS2_PLACEMENT_3D('',#17811,#14383,#14384);
#11640=AXIS2_PLACEMENT_3D('',#17812,#14385,#14386);
#11641=AXIS2_PLACEMENT_3D('',#17814,#14387,#14388);
#11642=AXIS2_PLACEMENT_3D('',#17815,#14389,#14390);
#11643=AXIS2_PLACEMENT_3D('',#17817,#14391,#14392);
#11644=AXIS2_PLACEMENT_3D('',#17818,#14393,#14394);
#11645=AXIS2_PLACEMENT_3D('',#17820,#14395,#14396);
#11646=AXIS2_PLACEMENT_3D('',#17821,#14397,#14398);
#11647=AXIS2_PLACEMENT_3D('',#17822,#14399,#14400);
#11648=AXIS2_PLACEMENT_3D('',#17824,#14401,#14402);
#11649=AXIS2_PLACEMENT_3D('',#17825,#14403,#14404);
#11650=AXIS2_PLACEMENT_3D('',#17827,#14405,#14406);
#11651=AXIS2_PLACEMENT_3D('',#17828,#14407,#14408);
#11652=AXIS2_PLACEMENT_3D('',#17830,#14409,#14410);
#11653=AXIS2_PLACEMENT_3D('',#17831,#14411,#14412);
#11654=AXIS2_PLACEMENT_3D('',#17833,#14413,#14414);
#11655=AXIS2_PLACEMENT_3D('',#17834,#14415,#14416);
#11656=AXIS2_PLACEMENT_3D('',#17836,#14417,#14418);
#11657=AXIS2_PLACEMENT_3D('',#17837,#14419,#14420);
#11658=AXIS2_PLACEMENT_3D('',#17839,#14421,#14422);
#11659=AXIS2_PLACEMENT_3D('',#17840,#14423,#14424);
#11660=AXIS2_PLACEMENT_3D('',#17842,#14425,#14426);
#11661=AXIS2_PLACEMENT_3D('',#17843,#14427,#14428);
#11662=AXIS2_PLACEMENT_3D('',#17845,#14429,#14430);
#11663=AXIS2_PLACEMENT_3D('',#17846,#14431,#14432);
#11664=AXIS2_PLACEMENT_3D('',#17847,#14433,#14434);
#11665=AXIS2_PLACEMENT_3D('',#17849,#14435,#14436);
#11666=AXIS2_PLACEMENT_3D('',#17850,#14437,#14438);
#11667=AXIS2_PLACEMENT_3D('',#17852,#14439,#14440);
#11668=AXIS2_PLACEMENT_3D('',#17853,#14441,#14442);
#11669=AXIS2_PLACEMENT_3D('',#17855,#14443,#14444);
#11670=AXIS2_PLACEMENT_3D('',#17856,#14445,#14446);
#11671=AXIS2_PLACEMENT_3D('',#17858,#14447,#14448);
#11672=AXIS2_PLACEMENT_3D('',#17859,#14449,#14450);
#11673=AXIS2_PLACEMENT_3D('',#17861,#14451,#14452);
#11674=AXIS2_PLACEMENT_3D('',#17862,#14453,#14454);
#11675=AXIS2_PLACEMENT_3D('',#17864,#14455,#14456);
#11676=AXIS2_PLACEMENT_3D('',#17865,#14457,#14458);
#11677=AXIS2_PLACEMENT_3D('',#17867,#14459,#14460);
#11678=AXIS2_PLACEMENT_3D('',#17868,#14461,#14462);
#11679=AXIS2_PLACEMENT_3D('',#17870,#14463,#14464);
#11680=AXIS2_PLACEMENT_3D('',#17871,#14465,#14466);
#11681=AXIS2_PLACEMENT_3D('',#17872,#14467,#14468);
#11682=AXIS2_PLACEMENT_3D('',#17874,#14469,#14470);
#11683=AXIS2_PLACEMENT_3D('',#17875,#14471,#14472);
#11684=AXIS2_PLACEMENT_3D('',#17877,#14473,#14474);
#11685=AXIS2_PLACEMENT_3D('',#17878,#14475,#14476);
#11686=AXIS2_PLACEMENT_3D('',#17880,#14477,#14478);
#11687=AXIS2_PLACEMENT_3D('',#17881,#14479,#14480);
#11688=AXIS2_PLACEMENT_3D('',#17883,#14481,#14482);
#11689=AXIS2_PLACEMENT_3D('',#17884,#14483,#14484);
#11690=AXIS2_PLACEMENT_3D('',#17886,#14485,#14486);
#11691=AXIS2_PLACEMENT_3D('',#17887,#14487,#14488);
#11692=AXIS2_PLACEMENT_3D('',#17889,#14489,#14490);
#11693=AXIS2_PLACEMENT_3D('',#17890,#14491,#14492);
#11694=AXIS2_PLACEMENT_3D('',#17892,#14493,#14494);
#11695=AXIS2_PLACEMENT_3D('',#17893,#14495,#14496);
#11696=AXIS2_PLACEMENT_3D('',#17895,#14497,#14498);
#11697=AXIS2_PLACEMENT_3D('',#17896,#14499,#14500);
#11698=AXIS2_PLACEMENT_3D('',#17897,#14501,#14502);
#11699=AXIS2_PLACEMENT_3D('',#17899,#14503,#14504);
#11700=AXIS2_PLACEMENT_3D('',#17900,#14505,#14506);
#11701=AXIS2_PLACEMENT_3D('',#17902,#14507,#14508);
#11702=AXIS2_PLACEMENT_3D('',#17903,#14509,#14510);
#11703=AXIS2_PLACEMENT_3D('',#17905,#14511,#14512);
#11704=AXIS2_PLACEMENT_3D('',#17906,#14513,#14514);
#11705=AXIS2_PLACEMENT_3D('',#17908,#14515,#14516);
#11706=AXIS2_PLACEMENT_3D('',#17909,#14517,#14518);
#11707=AXIS2_PLACEMENT_3D('',#17911,#14519,#14520);
#11708=AXIS2_PLACEMENT_3D('',#17912,#14521,#14522);
#11709=AXIS2_PLACEMENT_3D('',#17914,#14523,#14524);
#11710=AXIS2_PLACEMENT_3D('',#17915,#14525,#14526);
#11711=AXIS2_PLACEMENT_3D('',#17917,#14527,#14528);
#11712=AXIS2_PLACEMENT_3D('',#17918,#14529,#14530);
#11713=AXIS2_PLACEMENT_3D('',#17920,#14531,#14532);
#11714=AXIS2_PLACEMENT_3D('',#17921,#14533,#14534);
#11715=AXIS2_PLACEMENT_3D('',#17922,#14535,#14536);
#11716=AXIS2_PLACEMENT_3D('',#17924,#14537,#14538);
#11717=AXIS2_PLACEMENT_3D('',#17925,#14539,#14540);
#11718=AXIS2_PLACEMENT_3D('',#17927,#14541,#14542);
#11719=AXIS2_PLACEMENT_3D('',#17928,#14543,#14544);
#11720=AXIS2_PLACEMENT_3D('',#17930,#14545,#14546);
#11721=AXIS2_PLACEMENT_3D('',#17931,#14547,#14548);
#11722=AXIS2_PLACEMENT_3D('',#17933,#14549,#14550);
#11723=AXIS2_PLACEMENT_3D('',#17934,#14551,#14552);
#11724=AXIS2_PLACEMENT_3D('',#17936,#14553,#14554);
#11725=AXIS2_PLACEMENT_3D('',#17937,#14555,#14556);
#11726=AXIS2_PLACEMENT_3D('',#17939,#14557,#14558);
#11727=AXIS2_PLACEMENT_3D('',#17940,#14559,#14560);
#11728=AXIS2_PLACEMENT_3D('',#17942,#14561,#14562);
#11729=AXIS2_PLACEMENT_3D('',#17943,#14563,#14564);
#11730=AXIS2_PLACEMENT_3D('',#17945,#14565,#14566);
#11731=AXIS2_PLACEMENT_3D('',#17946,#14567,#14568);
#11732=AXIS2_PLACEMENT_3D('',#17947,#14569,#14570);
#11733=AXIS2_PLACEMENT_3D('',#17949,#14571,#14572);
#11734=AXIS2_PLACEMENT_3D('',#17950,#14573,#14574);
#11735=AXIS2_PLACEMENT_3D('',#17952,#14575,#14576);
#11736=AXIS2_PLACEMENT_3D('',#17953,#14577,#14578);
#11737=AXIS2_PLACEMENT_3D('',#17955,#14579,#14580);
#11738=AXIS2_PLACEMENT_3D('',#17956,#14581,#14582);
#11739=AXIS2_PLACEMENT_3D('',#17958,#14583,#14584);
#11740=AXIS2_PLACEMENT_3D('',#17959,#14585,#14586);
#11741=AXIS2_PLACEMENT_3D('',#17961,#14587,#14588);
#11742=AXIS2_PLACEMENT_3D('',#17962,#14589,#14590);
#11743=AXIS2_PLACEMENT_3D('',#17964,#14591,#14592);
#11744=AXIS2_PLACEMENT_3D('',#17965,#14593,#14594);
#11745=AXIS2_PLACEMENT_3D('',#17967,#14595,#14596);
#11746=AXIS2_PLACEMENT_3D('',#17968,#14597,#14598);
#11747=AXIS2_PLACEMENT_3D('',#17970,#14599,#14600);
#11748=AXIS2_PLACEMENT_3D('',#17971,#14601,#14602);
#11749=AXIS2_PLACEMENT_3D('',#17972,#14603,#14604);
#11750=AXIS2_PLACEMENT_3D('',#17974,#14605,#14606);
#11751=AXIS2_PLACEMENT_3D('',#17975,#14607,#14608);
#11752=AXIS2_PLACEMENT_3D('',#17977,#14609,#14610);
#11753=AXIS2_PLACEMENT_3D('',#17978,#14611,#14612);
#11754=AXIS2_PLACEMENT_3D('',#17980,#14613,#14614);
#11755=AXIS2_PLACEMENT_3D('',#17981,#14615,#14616);
#11756=AXIS2_PLACEMENT_3D('',#17983,#14617,#14618);
#11757=AXIS2_PLACEMENT_3D('',#17984,#14619,#14620);
#11758=AXIS2_PLACEMENT_3D('',#17986,#14621,#14622);
#11759=AXIS2_PLACEMENT_3D('',#17987,#14623,#14624);
#11760=AXIS2_PLACEMENT_3D('',#17989,#14625,#14626);
#11761=AXIS2_PLACEMENT_3D('',#17990,#14627,#14628);
#11762=AXIS2_PLACEMENT_3D('',#17992,#14629,#14630);
#11763=AXIS2_PLACEMENT_3D('',#17993,#14631,#14632);
#11764=AXIS2_PLACEMENT_3D('',#17995,#14633,#14634);
#11765=AXIS2_PLACEMENT_3D('',#17996,#14635,#14636);
#11766=AXIS2_PLACEMENT_3D('',#17997,#14637,#14638);
#11767=AXIS2_PLACEMENT_3D('',#17999,#14639,#14640);
#11768=AXIS2_PLACEMENT_3D('',#18000,#14641,#14642);
#11769=AXIS2_PLACEMENT_3D('',#18002,#14643,#14644);
#11770=AXIS2_PLACEMENT_3D('',#18003,#14645,#14646);
#11771=AXIS2_PLACEMENT_3D('',#18005,#14647,#14648);
#11772=AXIS2_PLACEMENT_3D('',#18006,#14649,#14650);
#11773=AXIS2_PLACEMENT_3D('',#18008,#14651,#14652);
#11774=AXIS2_PLACEMENT_3D('',#18009,#14653,#14654);
#11775=AXIS2_PLACEMENT_3D('',#18011,#14655,#14656);
#11776=AXIS2_PLACEMENT_3D('',#18012,#14657,#14658);
#11777=AXIS2_PLACEMENT_3D('',#18014,#14659,#14660);
#11778=AXIS2_PLACEMENT_3D('',#18015,#14661,#14662);
#11779=AXIS2_PLACEMENT_3D('',#18017,#14663,#14664);
#11780=AXIS2_PLACEMENT_3D('',#18018,#14665,#14666);
#11781=AXIS2_PLACEMENT_3D('',#18020,#14667,#14668);
#11782=AXIS2_PLACEMENT_3D('',#18021,#14669,#14670);
#11783=AXIS2_PLACEMENT_3D('',#18022,#14671,#14672);
#11784=AXIS2_PLACEMENT_3D('',#18024,#14673,#14674);
#11785=AXIS2_PLACEMENT_3D('',#18025,#14675,#14676);
#11786=AXIS2_PLACEMENT_3D('',#18027,#14677,#14678);
#11787=AXIS2_PLACEMENT_3D('',#18028,#14679,#14680);
#11788=AXIS2_PLACEMENT_3D('',#18030,#14681,#14682);
#11789=AXIS2_PLACEMENT_3D('',#18031,#14683,#14684);
#11790=AXIS2_PLACEMENT_3D('',#18033,#14685,#14686);
#11791=AXIS2_PLACEMENT_3D('',#18034,#14687,#14688);
#11792=AXIS2_PLACEMENT_3D('',#18036,#14689,#14690);
#11793=AXIS2_PLACEMENT_3D('',#18037,#14691,#14692);
#11794=AXIS2_PLACEMENT_3D('',#18039,#14693,#14694);
#11795=AXIS2_PLACEMENT_3D('',#18040,#14695,#14696);
#11796=AXIS2_PLACEMENT_3D('',#18042,#14697,#14698);
#11797=AXIS2_PLACEMENT_3D('',#18043,#14699,#14700);
#11798=AXIS2_PLACEMENT_3D('',#18045,#14701,#14702);
#11799=AXIS2_PLACEMENT_3D('',#18046,#14703,#14704);
#11800=AXIS2_PLACEMENT_3D('',#18047,#14705,#14706);
#11801=AXIS2_PLACEMENT_3D('',#18049,#14707,#14708);
#11802=AXIS2_PLACEMENT_3D('',#18050,#14709,#14710);
#11803=AXIS2_PLACEMENT_3D('',#18052,#14711,#14712);
#11804=AXIS2_PLACEMENT_3D('',#18053,#14713,#14714);
#11805=AXIS2_PLACEMENT_3D('',#18055,#14715,#14716);
#11806=AXIS2_PLACEMENT_3D('',#18056,#14717,#14718);
#11807=AXIS2_PLACEMENT_3D('',#18058,#14719,#14720);
#11808=AXIS2_PLACEMENT_3D('',#18059,#14721,#14722);
#11809=AXIS2_PLACEMENT_3D('',#18061,#14723,#14724);
#11810=AXIS2_PLACEMENT_3D('',#18062,#14725,#14726);
#11811=AXIS2_PLACEMENT_3D('',#18064,#14727,#14728);
#11812=AXIS2_PLACEMENT_3D('',#18065,#14729,#14730);
#11813=AXIS2_PLACEMENT_3D('',#18067,#14731,#14732);
#11814=AXIS2_PLACEMENT_3D('',#18068,#14733,#14734);
#11815=AXIS2_PLACEMENT_3D('',#18070,#14735,#14736);
#11816=AXIS2_PLACEMENT_3D('',#18071,#14737,#14738);
#11817=AXIS2_PLACEMENT_3D('',#18072,#14739,#14740);
#11818=AXIS2_PLACEMENT_3D('',#18074,#14741,#14742);
#11819=AXIS2_PLACEMENT_3D('',#18075,#14743,#14744);
#11820=AXIS2_PLACEMENT_3D('',#18077,#14745,#14746);
#11821=AXIS2_PLACEMENT_3D('',#18078,#14747,#14748);
#11822=AXIS2_PLACEMENT_3D('',#18080,#14749,#14750);
#11823=AXIS2_PLACEMENT_3D('',#18081,#14751,#14752);
#11824=AXIS2_PLACEMENT_3D('',#18083,#14753,#14754);
#11825=AXIS2_PLACEMENT_3D('',#18084,#14755,#14756);
#11826=AXIS2_PLACEMENT_3D('',#18086,#14757,#14758);
#11827=AXIS2_PLACEMENT_3D('',#18087,#14759,#14760);
#11828=AXIS2_PLACEMENT_3D('',#18089,#14761,#14762);
#11829=AXIS2_PLACEMENT_3D('',#18090,#14763,#14764);
#11830=AXIS2_PLACEMENT_3D('',#18092,#14765,#14766);
#11831=AXIS2_PLACEMENT_3D('',#18093,#14767,#14768);
#11832=AXIS2_PLACEMENT_3D('',#18095,#14769,#14770);
#11833=AXIS2_PLACEMENT_3D('',#18096,#14771,#14772);
#11834=AXIS2_PLACEMENT_3D('',#18097,#14773,#14774);
#11835=AXIS2_PLACEMENT_3D('',#18099,#14775,#14776);
#11836=AXIS2_PLACEMENT_3D('',#18100,#14777,#14778);
#11837=AXIS2_PLACEMENT_3D('',#18102,#14779,#14780);
#11838=AXIS2_PLACEMENT_3D('',#18103,#14781,#14782);
#11839=AXIS2_PLACEMENT_3D('',#18105,#14783,#14784);
#11840=AXIS2_PLACEMENT_3D('',#18106,#14785,#14786);
#11841=AXIS2_PLACEMENT_3D('',#18108,#14787,#14788);
#11842=AXIS2_PLACEMENT_3D('',#18109,#14789,#14790);
#11843=AXIS2_PLACEMENT_3D('',#18111,#14791,#14792);
#11844=AXIS2_PLACEMENT_3D('',#18112,#14793,#14794);
#11845=AXIS2_PLACEMENT_3D('',#18114,#14795,#14796);
#11846=AXIS2_PLACEMENT_3D('',#18115,#14797,#14798);
#11847=AXIS2_PLACEMENT_3D('',#18117,#14799,#14800);
#11848=AXIS2_PLACEMENT_3D('',#18118,#14801,#14802);
#11849=AXIS2_PLACEMENT_3D('',#18120,#14803,#14804);
#11850=AXIS2_PLACEMENT_3D('',#18121,#14805,#14806);
#11851=AXIS2_PLACEMENT_3D('',#18122,#14807,#14808);
#11852=AXIS2_PLACEMENT_3D('',#18124,#14809,#14810);
#11853=AXIS2_PLACEMENT_3D('',#18125,#14811,#14812);
#11854=AXIS2_PLACEMENT_3D('',#18127,#14813,#14814);
#11855=AXIS2_PLACEMENT_3D('',#18128,#14815,#14816);
#11856=AXIS2_PLACEMENT_3D('',#18130,#14817,#14818);
#11857=AXIS2_PLACEMENT_3D('',#18131,#14819,#14820);
#11858=AXIS2_PLACEMENT_3D('',#18133,#14821,#14822);
#11859=AXIS2_PLACEMENT_3D('',#18134,#14823,#14824);
#11860=AXIS2_PLACEMENT_3D('',#18136,#14825,#14826);
#11861=AXIS2_PLACEMENT_3D('',#18137,#14827,#14828);
#11862=AXIS2_PLACEMENT_3D('',#18139,#14829,#14830);
#11863=AXIS2_PLACEMENT_3D('',#18140,#14831,#14832);
#11864=AXIS2_PLACEMENT_3D('',#18142,#14833,#14834);
#11865=AXIS2_PLACEMENT_3D('',#18143,#14835,#14836);
#11866=AXIS2_PLACEMENT_3D('',#18145,#14837,#14838);
#11867=AXIS2_PLACEMENT_3D('',#18146,#14839,#14840);
#11868=AXIS2_PLACEMENT_3D('',#18147,#14841,#14842);
#11869=AXIS2_PLACEMENT_3D('',#18149,#14843,#14844);
#11870=AXIS2_PLACEMENT_3D('',#18150,#14845,#14846);
#11871=AXIS2_PLACEMENT_3D('',#18152,#14847,#14848);
#11872=AXIS2_PLACEMENT_3D('',#18153,#14849,#14850);
#11873=AXIS2_PLACEMENT_3D('',#18155,#14851,#14852);
#11874=AXIS2_PLACEMENT_3D('',#18156,#14853,#14854);
#11875=AXIS2_PLACEMENT_3D('',#18158,#14855,#14856);
#11876=AXIS2_PLACEMENT_3D('',#18159,#14857,#14858);
#11877=AXIS2_PLACEMENT_3D('',#18161,#14859,#14860);
#11878=AXIS2_PLACEMENT_3D('',#18162,#14861,#14862);
#11879=AXIS2_PLACEMENT_3D('',#18164,#14863,#14864);
#11880=AXIS2_PLACEMENT_3D('',#18165,#14865,#14866);
#11881=AXIS2_PLACEMENT_3D('',#18167,#14867,#14868);
#11882=AXIS2_PLACEMENT_3D('',#18168,#14869,#14870);
#11883=AXIS2_PLACEMENT_3D('',#18170,#14871,#14872);
#11884=AXIS2_PLACEMENT_3D('',#18171,#14873,#14874);
#11885=AXIS2_PLACEMENT_3D('',#18172,#14875,#14876);
#11886=AXIS2_PLACEMENT_3D('',#18174,#14877,#14878);
#11887=AXIS2_PLACEMENT_3D('',#18175,#14879,#14880);
#11888=AXIS2_PLACEMENT_3D('',#18177,#14881,#14882);
#11889=AXIS2_PLACEMENT_3D('',#18178,#14883,#14884);
#11890=AXIS2_PLACEMENT_3D('',#18180,#14885,#14886);
#11891=AXIS2_PLACEMENT_3D('',#18181,#14887,#14888);
#11892=AXIS2_PLACEMENT_3D('',#18183,#14889,#14890);
#11893=AXIS2_PLACEMENT_3D('',#18184,#14891,#14892);
#11894=AXIS2_PLACEMENT_3D('',#18186,#14893,#14894);
#11895=AXIS2_PLACEMENT_3D('',#18187,#14895,#14896);
#11896=AXIS2_PLACEMENT_3D('',#18189,#14897,#14898);
#11897=AXIS2_PLACEMENT_3D('',#18190,#14899,#14900);
#11898=AXIS2_PLACEMENT_3D('',#18192,#14901,#14902);
#11899=AXIS2_PLACEMENT_3D('',#18193,#14903,#14904);
#11900=AXIS2_PLACEMENT_3D('',#18195,#14905,#14906);
#11901=AXIS2_PLACEMENT_3D('',#18196,#14907,#14908);
#11902=AXIS2_PLACEMENT_3D('',#18197,#14909,#14910);
#11903=AXIS2_PLACEMENT_3D('',#18199,#14911,#14912);
#11904=AXIS2_PLACEMENT_3D('',#18200,#14913,#14914);
#11905=AXIS2_PLACEMENT_3D('',#18202,#14915,#14916);
#11906=AXIS2_PLACEMENT_3D('',#18203,#14917,#14918);
#11907=AXIS2_PLACEMENT_3D('',#18205,#14919,#14920);
#11908=AXIS2_PLACEMENT_3D('',#18206,#14921,#14922);
#11909=AXIS2_PLACEMENT_3D('',#18208,#14923,#14924);
#11910=AXIS2_PLACEMENT_3D('',#18209,#14925,#14926);
#11911=AXIS2_PLACEMENT_3D('',#18211,#14927,#14928);
#11912=AXIS2_PLACEMENT_3D('',#18212,#14929,#14930);
#11913=AXIS2_PLACEMENT_3D('',#18214,#14931,#14932);
#11914=AXIS2_PLACEMENT_3D('',#18215,#14933,#14934);
#11915=AXIS2_PLACEMENT_3D('',#18217,#14935,#14936);
#11916=AXIS2_PLACEMENT_3D('',#18218,#14937,#14938);
#11917=AXIS2_PLACEMENT_3D('',#18220,#14939,#14940);
#11918=AXIS2_PLACEMENT_3D('',#18221,#14941,#14942);
#11919=AXIS2_PLACEMENT_3D('',#18222,#14943,#14944);
#11920=AXIS2_PLACEMENT_3D('',#18224,#14945,#14946);
#11921=AXIS2_PLACEMENT_3D('',#18225,#14947,#14948);
#11922=AXIS2_PLACEMENT_3D('',#18227,#14949,#14950);
#11923=AXIS2_PLACEMENT_3D('',#18228,#14951,#14952);
#11924=AXIS2_PLACEMENT_3D('',#18230,#14953,#14954);
#11925=AXIS2_PLACEMENT_3D('',#18231,#14955,#14956);
#11926=AXIS2_PLACEMENT_3D('',#18233,#14957,#14958);
#11927=AXIS2_PLACEMENT_3D('',#18234,#14959,#14960);
#11928=AXIS2_PLACEMENT_3D('',#18236,#14961,#14962);
#11929=AXIS2_PLACEMENT_3D('',#18237,#14963,#14964);
#11930=AXIS2_PLACEMENT_3D('',#18239,#14965,#14966);
#11931=AXIS2_PLACEMENT_3D('',#18240,#14967,#14968);
#11932=AXIS2_PLACEMENT_3D('',#18242,#14969,#14970);
#11933=AXIS2_PLACEMENT_3D('',#18243,#14971,#14972);
#11934=AXIS2_PLACEMENT_3D('',#18245,#14973,#14974);
#11935=AXIS2_PLACEMENT_3D('',#18246,#14975,#14976);
#11936=AXIS2_PLACEMENT_3D('',#18247,#14977,#14978);
#11937=AXIS2_PLACEMENT_3D('',#18249,#14979,#14980);
#11938=AXIS2_PLACEMENT_3D('',#18250,#14981,#14982);
#11939=AXIS2_PLACEMENT_3D('',#18252,#14983,#14984);
#11940=AXIS2_PLACEMENT_3D('',#18253,#14985,#14986);
#11941=AXIS2_PLACEMENT_3D('',#18255,#14987,#14988);
#11942=AXIS2_PLACEMENT_3D('',#18256,#14989,#14990);
#11943=AXIS2_PLACEMENT_3D('',#18258,#14991,#14992);
#11944=AXIS2_PLACEMENT_3D('',#18259,#14993,#14994);
#11945=AXIS2_PLACEMENT_3D('',#18261,#14995,#14996);
#11946=AXIS2_PLACEMENT_3D('',#18262,#14997,#14998);
#11947=AXIS2_PLACEMENT_3D('',#18264,#14999,#15000);
#11948=AXIS2_PLACEMENT_3D('',#18265,#15001,#15002);
#11949=AXIS2_PLACEMENT_3D('',#18267,#15003,#15004);
#11950=AXIS2_PLACEMENT_3D('',#18268,#15005,#15006);
#11951=AXIS2_PLACEMENT_3D('',#18270,#15007,#15008);
#11952=AXIS2_PLACEMENT_3D('',#18271,#15009,#15010);
#11953=AXIS2_PLACEMENT_3D('',#18272,#15011,#15012);
#11954=AXIS2_PLACEMENT_3D('',#18274,#15013,#15014);
#11955=AXIS2_PLACEMENT_3D('',#18275,#15015,#15016);
#11956=AXIS2_PLACEMENT_3D('',#18277,#15017,#15018);
#11957=AXIS2_PLACEMENT_3D('',#18278,#15019,#15020);
#11958=AXIS2_PLACEMENT_3D('',#18280,#15021,#15022);
#11959=AXIS2_PLACEMENT_3D('',#18281,#15023,#15024);
#11960=AXIS2_PLACEMENT_3D('',#18283,#15025,#15026);
#11961=AXIS2_PLACEMENT_3D('',#18284,#15027,#15028);
#11962=AXIS2_PLACEMENT_3D('',#18286,#15029,#15030);
#11963=AXIS2_PLACEMENT_3D('',#18287,#15031,#15032);
#11964=AXIS2_PLACEMENT_3D('',#18289,#15033,#15034);
#11965=AXIS2_PLACEMENT_3D('',#18290,#15035,#15036);
#11966=AXIS2_PLACEMENT_3D('',#18292,#15037,#15038);
#11967=AXIS2_PLACEMENT_3D('',#18293,#15039,#15040);
#11968=AXIS2_PLACEMENT_3D('',#18295,#15041,#15042);
#11969=AXIS2_PLACEMENT_3D('',#18296,#15043,#15044);
#11970=AXIS2_PLACEMENT_3D('',#18297,#15045,#15046);
#11971=AXIS2_PLACEMENT_3D('',#18299,#15047,#15048);
#11972=AXIS2_PLACEMENT_3D('',#18300,#15049,#15050);
#11973=AXIS2_PLACEMENT_3D('',#18302,#15051,#15052);
#11974=AXIS2_PLACEMENT_3D('',#18303,#15053,#15054);
#11975=AXIS2_PLACEMENT_3D('',#18305,#15055,#15056);
#11976=AXIS2_PLACEMENT_3D('',#18306,#15057,#15058);
#11977=AXIS2_PLACEMENT_3D('',#18308,#15059,#15060);
#11978=AXIS2_PLACEMENT_3D('',#18309,#15061,#15062);
#11979=AXIS2_PLACEMENT_3D('',#18311,#15063,#15064);
#11980=AXIS2_PLACEMENT_3D('',#18312,#15065,#15066);
#11981=AXIS2_PLACEMENT_3D('',#18314,#15067,#15068);
#11982=AXIS2_PLACEMENT_3D('',#18315,#15069,#15070);
#11983=AXIS2_PLACEMENT_3D('',#18317,#15071,#15072);
#11984=AXIS2_PLACEMENT_3D('',#18318,#15073,#15074);
#11985=AXIS2_PLACEMENT_3D('',#18320,#15075,#15076);
#11986=AXIS2_PLACEMENT_3D('',#18321,#15077,#15078);
#11987=AXIS2_PLACEMENT_3D('',#18322,#15079,#15080);
#11988=AXIS2_PLACEMENT_3D('',#18324,#15081,#15082);
#11989=AXIS2_PLACEMENT_3D('',#18325,#15083,#15084);
#11990=AXIS2_PLACEMENT_3D('',#18327,#15085,#15086);
#11991=AXIS2_PLACEMENT_3D('',#18328,#15087,#15088);
#11992=AXIS2_PLACEMENT_3D('',#18330,#15089,#15090);
#11993=AXIS2_PLACEMENT_3D('',#18331,#15091,#15092);
#11994=AXIS2_PLACEMENT_3D('',#18333,#15093,#15094);
#11995=AXIS2_PLACEMENT_3D('',#18334,#15095,#15096);
#11996=AXIS2_PLACEMENT_3D('',#18336,#15097,#15098);
#11997=AXIS2_PLACEMENT_3D('',#18337,#15099,#15100);
#11998=AXIS2_PLACEMENT_3D('',#18339,#15101,#15102);
#11999=AXIS2_PLACEMENT_3D('',#18340,#15103,#15104);
#12000=AXIS2_PLACEMENT_3D('',#18342,#15105,#15106);
#12001=AXIS2_PLACEMENT_3D('',#18343,#15107,#15108);
#12002=AXIS2_PLACEMENT_3D('',#18345,#15109,#15110);
#12003=AXIS2_PLACEMENT_3D('',#18346,#15111,#15112);
#12004=AXIS2_PLACEMENT_3D('',#18347,#15113,#15114);
#12005=AXIS2_PLACEMENT_3D('',#18349,#15115,#15116);
#12006=AXIS2_PLACEMENT_3D('',#18350,#15117,#15118);
#12007=AXIS2_PLACEMENT_3D('',#18352,#15119,#15120);
#12008=AXIS2_PLACEMENT_3D('',#18353,#15121,#15122);
#12009=AXIS2_PLACEMENT_3D('',#18355,#15123,#15124);
#12010=AXIS2_PLACEMENT_3D('',#18356,#15125,#15126);
#12011=AXIS2_PLACEMENT_3D('',#18358,#15127,#15128);
#12012=AXIS2_PLACEMENT_3D('',#18359,#15129,#15130);
#12013=AXIS2_PLACEMENT_3D('',#18361,#15131,#15132);
#12014=AXIS2_PLACEMENT_3D('',#18362,#15133,#15134);
#12015=AXIS2_PLACEMENT_3D('',#18364,#15135,#15136);
#12016=AXIS2_PLACEMENT_3D('',#18365,#15137,#15138);
#12017=AXIS2_PLACEMENT_3D('',#18367,#15139,#15140);
#12018=AXIS2_PLACEMENT_3D('',#18368,#15141,#15142);
#12019=AXIS2_PLACEMENT_3D('',#18370,#15143,#15144);
#12020=AXIS2_PLACEMENT_3D('',#18371,#15145,#15146);
#12021=AXIS2_PLACEMENT_3D('',#18372,#15147,#15148);
#12022=AXIS2_PLACEMENT_3D('',#18374,#15149,#15150);
#12023=AXIS2_PLACEMENT_3D('',#18375,#15151,#15152);
#12024=AXIS2_PLACEMENT_3D('',#18377,#15153,#15154);
#12025=AXIS2_PLACEMENT_3D('',#18378,#15155,#15156);
#12026=AXIS2_PLACEMENT_3D('',#18380,#15157,#15158);
#12027=AXIS2_PLACEMENT_3D('',#18381,#15159,#15160);
#12028=AXIS2_PLACEMENT_3D('',#18383,#15161,#15162);
#12029=AXIS2_PLACEMENT_3D('',#18384,#15163,#15164);
#12030=AXIS2_PLACEMENT_3D('',#18386,#15165,#15166);
#12031=AXIS2_PLACEMENT_3D('',#18387,#15167,#15168);
#12032=AXIS2_PLACEMENT_3D('',#18389,#15169,#15170);
#12033=AXIS2_PLACEMENT_3D('',#18390,#15171,#15172);
#12034=AXIS2_PLACEMENT_3D('',#18392,#15173,#15174);
#12035=AXIS2_PLACEMENT_3D('',#18393,#15175,#15176);
#12036=AXIS2_PLACEMENT_3D('',#18395,#15177,#15178);
#12037=AXIS2_PLACEMENT_3D('',#18396,#15179,#15180);
#12038=AXIS2_PLACEMENT_3D('',#18397,#15181,#15182);
#12039=AXIS2_PLACEMENT_3D('',#18399,#15183,#15184);
#12040=AXIS2_PLACEMENT_3D('',#18400,#15185,#15186);
#12041=AXIS2_PLACEMENT_3D('',#18402,#15187,#15188);
#12042=AXIS2_PLACEMENT_3D('',#18403,#15189,#15190);
#12043=AXIS2_PLACEMENT_3D('',#18405,#15191,#15192);
#12044=AXIS2_PLACEMENT_3D('',#18406,#15193,#15194);
#12045=AXIS2_PLACEMENT_3D('',#18408,#15195,#15196);
#12046=AXIS2_PLACEMENT_3D('',#18409,#15197,#15198);
#12047=AXIS2_PLACEMENT_3D('',#18411,#15199,#15200);
#12048=AXIS2_PLACEMENT_3D('',#18412,#15201,#15202);
#12049=AXIS2_PLACEMENT_3D('',#18414,#15203,#15204);
#12050=AXIS2_PLACEMENT_3D('',#18415,#15205,#15206);
#12051=AXIS2_PLACEMENT_3D('',#18417,#15207,#15208);
#12052=AXIS2_PLACEMENT_3D('',#18418,#15209,#15210);
#12053=AXIS2_PLACEMENT_3D('',#18420,#15211,#15212);
#12054=AXIS2_PLACEMENT_3D('',#18421,#15213,#15214);
#12055=AXIS2_PLACEMENT_3D('',#18422,#15215,#15216);
#12056=AXIS2_PLACEMENT_3D('',#18424,#15217,#15218);
#12057=AXIS2_PLACEMENT_3D('',#18425,#15219,#15220);
#12058=AXIS2_PLACEMENT_3D('',#18427,#15221,#15222);
#12059=AXIS2_PLACEMENT_3D('',#18428,#15223,#15224);
#12060=AXIS2_PLACEMENT_3D('',#18430,#15225,#15226);
#12061=AXIS2_PLACEMENT_3D('',#18431,#15227,#15228);
#12062=AXIS2_PLACEMENT_3D('',#18433,#15229,#15230);
#12063=AXIS2_PLACEMENT_3D('',#18434,#15231,#15232);
#12064=AXIS2_PLACEMENT_3D('',#18436,#15233,#15234);
#12065=AXIS2_PLACEMENT_3D('',#18437,#15235,#15236);
#12066=AXIS2_PLACEMENT_3D('',#18439,#15237,#15238);
#12067=AXIS2_PLACEMENT_3D('',#18440,#15239,#15240);
#12068=AXIS2_PLACEMENT_3D('',#18442,#15241,#15242);
#12069=AXIS2_PLACEMENT_3D('',#18443,#15243,#15244);
#12070=AXIS2_PLACEMENT_3D('',#18445,#15245,#15246);
#12071=AXIS2_PLACEMENT_3D('',#18446,#15247,#15248);
#12072=AXIS2_PLACEMENT_3D('',#18447,#15249,#15250);
#12073=AXIS2_PLACEMENT_3D('',#18449,#15251,#15252);
#12074=AXIS2_PLACEMENT_3D('',#18450,#15253,#15254);
#12075=AXIS2_PLACEMENT_3D('',#18452,#15255,#15256);
#12076=AXIS2_PLACEMENT_3D('',#18453,#15257,#15258);
#12077=AXIS2_PLACEMENT_3D('',#18455,#15259,#15260);
#12078=AXIS2_PLACEMENT_3D('',#18456,#15261,#15262);
#12079=AXIS2_PLACEMENT_3D('',#18458,#15263,#15264);
#12080=AXIS2_PLACEMENT_3D('',#18459,#15265,#15266);
#12081=AXIS2_PLACEMENT_3D('',#18461,#15267,#15268);
#12082=AXIS2_PLACEMENT_3D('',#18462,#15269,#15270);
#12083=AXIS2_PLACEMENT_3D('',#18464,#15271,#15272);
#12084=AXIS2_PLACEMENT_3D('',#18465,#15273,#15274);
#12085=AXIS2_PLACEMENT_3D('',#18467,#15275,#15276);
#12086=AXIS2_PLACEMENT_3D('',#18468,#15277,#15278);
#12087=AXIS2_PLACEMENT_3D('',#18470,#15279,#15280);
#12088=AXIS2_PLACEMENT_3D('',#18471,#15281,#15282);
#12089=AXIS2_PLACEMENT_3D('',#18472,#15283,#15284);
#12090=AXIS2_PLACEMENT_3D('',#18474,#15285,#15286);
#12091=AXIS2_PLACEMENT_3D('',#18475,#15287,#15288);
#12092=AXIS2_PLACEMENT_3D('',#18477,#15289,#15290);
#12093=AXIS2_PLACEMENT_3D('',#18478,#15291,#15292);
#12094=AXIS2_PLACEMENT_3D('',#18480,#15293,#15294);
#12095=AXIS2_PLACEMENT_3D('',#18481,#15295,#15296);
#12096=AXIS2_PLACEMENT_3D('',#18483,#15297,#15298);
#12097=AXIS2_PLACEMENT_3D('',#18484,#15299,#15300);
#12098=AXIS2_PLACEMENT_3D('',#18486,#15301,#15302);
#12099=AXIS2_PLACEMENT_3D('',#18487,#15303,#15304);
#12100=AXIS2_PLACEMENT_3D('',#18489,#15305,#15306);
#12101=AXIS2_PLACEMENT_3D('',#18490,#15307,#15308);
#12102=AXIS2_PLACEMENT_3D('',#18492,#15309,#15310);
#12103=AXIS2_PLACEMENT_3D('',#18493,#15311,#15312);
#12104=AXIS2_PLACEMENT_3D('',#18495,#15313,#15314);
#12105=AXIS2_PLACEMENT_3D('',#18496,#15315,#15316);
#12106=AXIS2_PLACEMENT_3D('',#18497,#15317,#15318);
#12107=AXIS2_PLACEMENT_3D('',#18499,#15319,#15320);
#12108=AXIS2_PLACEMENT_3D('',#18500,#15321,#15322);
#12109=AXIS2_PLACEMENT_3D('',#18502,#15323,#15324);
#12110=AXIS2_PLACEMENT_3D('',#18503,#15325,#15326);
#12111=AXIS2_PLACEMENT_3D('',#18505,#15327,#15328);
#12112=AXIS2_PLACEMENT_3D('',#18506,#15329,#15330);
#12113=AXIS2_PLACEMENT_3D('',#18508,#15331,#15332);
#12114=AXIS2_PLACEMENT_3D('',#18509,#15333,#15334);
#12115=AXIS2_PLACEMENT_3D('',#18511,#15335,#15336);
#12116=AXIS2_PLACEMENT_3D('',#18512,#15337,#15338);
#12117=AXIS2_PLACEMENT_3D('',#18514,#15339,#15340);
#12118=AXIS2_PLACEMENT_3D('',#18515,#15341,#15342);
#12119=AXIS2_PLACEMENT_3D('',#18517,#15343,#15344);
#12120=AXIS2_PLACEMENT_3D('',#18518,#15345,#15346);
#12121=AXIS2_PLACEMENT_3D('',#18520,#15347,#15348);
#12122=AXIS2_PLACEMENT_3D('',#18521,#15349,#15350);
#12123=AXIS2_PLACEMENT_3D('',#18522,#15351,#15352);
#12124=AXIS2_PLACEMENT_3D('',#18524,#15353,#15354);
#12125=AXIS2_PLACEMENT_3D('',#18525,#15355,#15356);
#12126=AXIS2_PLACEMENT_3D('',#18527,#15357,#15358);
#12127=AXIS2_PLACEMENT_3D('',#18528,#15359,#15360);
#12128=AXIS2_PLACEMENT_3D('',#18530,#15361,#15362);
#12129=AXIS2_PLACEMENT_3D('',#18531,#15363,#15364);
#12130=AXIS2_PLACEMENT_3D('',#18533,#15365,#15366);
#12131=AXIS2_PLACEMENT_3D('',#18534,#15367,#15368);
#12132=AXIS2_PLACEMENT_3D('',#18536,#15369,#15370);
#12133=AXIS2_PLACEMENT_3D('',#18537,#15371,#15372);
#12134=AXIS2_PLACEMENT_3D('',#18539,#15373,#15374);
#12135=AXIS2_PLACEMENT_3D('',#18540,#15375,#15376);
#12136=AXIS2_PLACEMENT_3D('',#18542,#15377,#15378);
#12137=AXIS2_PLACEMENT_3D('',#18543,#15379,#15380);
#12138=AXIS2_PLACEMENT_3D('',#18545,#15381,#15382);
#12139=AXIS2_PLACEMENT_3D('',#18546,#15383,#15384);
#12140=AXIS2_PLACEMENT_3D('',#18547,#15385,#15386);
#12141=AXIS2_PLACEMENT_3D('',#18549,#15387,#15388);
#12142=AXIS2_PLACEMENT_3D('',#18550,#15389,#15390);
#12143=AXIS2_PLACEMENT_3D('',#18552,#15391,#15392);
#12144=AXIS2_PLACEMENT_3D('',#18553,#15393,#15394);
#12145=AXIS2_PLACEMENT_3D('',#18555,#15395,#15396);
#12146=AXIS2_PLACEMENT_3D('',#18556,#15397,#15398);
#12147=AXIS2_PLACEMENT_3D('',#18558,#15399,#15400);
#12148=AXIS2_PLACEMENT_3D('',#18559,#15401,#15402);
#12149=AXIS2_PLACEMENT_3D('',#18561,#15403,#15404);
#12150=AXIS2_PLACEMENT_3D('',#18562,#15405,#15406);
#12151=AXIS2_PLACEMENT_3D('',#18564,#15407,#15408);
#12152=AXIS2_PLACEMENT_3D('',#18565,#15409,#15410);
#12153=AXIS2_PLACEMENT_3D('',#18567,#15411,#15412);
#12154=AXIS2_PLACEMENT_3D('',#18568,#15413,#15414);
#12155=AXIS2_PLACEMENT_3D('',#18570,#15415,#15416);
#12156=AXIS2_PLACEMENT_3D('',#18571,#15417,#15418);
#12157=AXIS2_PLACEMENT_3D('',#18572,#15419,#15420);
#12158=AXIS2_PLACEMENT_3D('',#18574,#15421,#15422);
#12159=AXIS2_PLACEMENT_3D('',#18575,#15423,#15424);
#12160=AXIS2_PLACEMENT_3D('',#18577,#15425,#15426);
#12161=AXIS2_PLACEMENT_3D('',#18578,#15427,#15428);
#12162=AXIS2_PLACEMENT_3D('',#18580,#15429,#15430);
#12163=AXIS2_PLACEMENT_3D('',#18581,#15431,#15432);
#12164=AXIS2_PLACEMENT_3D('',#18583,#15433,#15434);
#12165=AXIS2_PLACEMENT_3D('',#18584,#15435,#15436);
#12166=AXIS2_PLACEMENT_3D('',#18586,#15437,#15438);
#12167=AXIS2_PLACEMENT_3D('',#18587,#15439,#15440);
#12168=AXIS2_PLACEMENT_3D('',#18589,#15441,#15442);
#12169=AXIS2_PLACEMENT_3D('',#18590,#15443,#15444);
#12170=AXIS2_PLACEMENT_3D('',#18592,#15445,#15446);
#12171=AXIS2_PLACEMENT_3D('',#18593,#15447,#15448);
#12172=AXIS2_PLACEMENT_3D('',#18595,#15449,#15450);
#12173=AXIS2_PLACEMENT_3D('',#18596,#15451,#15452);
#12174=AXIS2_PLACEMENT_3D('',#18597,#15453,#15454);
#12175=AXIS2_PLACEMENT_3D('',#18599,#15455,#15456);
#12176=AXIS2_PLACEMENT_3D('',#18600,#15457,#15458);
#12177=AXIS2_PLACEMENT_3D('',#18602,#15459,#15460);
#12178=AXIS2_PLACEMENT_3D('',#18603,#15461,#15462);
#12179=AXIS2_PLACEMENT_3D('',#18605,#15463,#15464);
#12180=AXIS2_PLACEMENT_3D('',#18606,#15465,#15466);
#12181=AXIS2_PLACEMENT_3D('',#18608,#15467,#15468);
#12182=AXIS2_PLACEMENT_3D('',#18609,#15469,#15470);
#12183=AXIS2_PLACEMENT_3D('',#18611,#15471,#15472);
#12184=AXIS2_PLACEMENT_3D('',#18612,#15473,#15474);
#12185=AXIS2_PLACEMENT_3D('',#18614,#15475,#15476);
#12186=AXIS2_PLACEMENT_3D('',#18615,#15477,#15478);
#12187=AXIS2_PLACEMENT_3D('',#18617,#15479,#15480);
#12188=AXIS2_PLACEMENT_3D('',#18618,#15481,#15482);
#12189=AXIS2_PLACEMENT_3D('',#18620,#15483,#15484);
#12190=AXIS2_PLACEMENT_3D('',#18621,#15485,#15486);
#12191=AXIS2_PLACEMENT_3D('',#18622,#15487,#15488);
#12192=AXIS2_PLACEMENT_3D('',#18624,#15489,#15490);
#12193=AXIS2_PLACEMENT_3D('',#18625,#15491,#15492);
#12194=AXIS2_PLACEMENT_3D('',#18627,#15493,#15494);
#12195=AXIS2_PLACEMENT_3D('',#18628,#15495,#15496);
#12196=AXIS2_PLACEMENT_3D('',#18630,#15497,#15498);
#12197=AXIS2_PLACEMENT_3D('',#18631,#15499,#15500);
#12198=AXIS2_PLACEMENT_3D('',#18633,#15501,#15502);
#12199=AXIS2_PLACEMENT_3D('',#18634,#15503,#15504);
#12200=AXIS2_PLACEMENT_3D('',#18636,#15505,#15506);
#12201=AXIS2_PLACEMENT_3D('',#18637,#15507,#15508);
#12202=AXIS2_PLACEMENT_3D('',#18639,#15509,#15510);
#12203=AXIS2_PLACEMENT_3D('',#18640,#15511,#15512);
#12204=AXIS2_PLACEMENT_3D('',#18642,#15513,#15514);
#12205=AXIS2_PLACEMENT_3D('',#18643,#15515,#15516);
#12206=AXIS2_PLACEMENT_3D('',#18645,#15517,#15518);
#12207=AXIS2_PLACEMENT_3D('',#18646,#15519,#15520);
#12208=AXIS2_PLACEMENT_3D('',#18647,#15521,#15522);
#12209=AXIS2_PLACEMENT_3D('',#18649,#15523,#15524);
#12210=AXIS2_PLACEMENT_3D('',#18650,#15525,#15526);
#12211=AXIS2_PLACEMENT_3D('',#18652,#15527,#15528);
#12212=AXIS2_PLACEMENT_3D('',#18653,#15529,#15530);
#12213=AXIS2_PLACEMENT_3D('',#18655,#15531,#15532);
#12214=AXIS2_PLACEMENT_3D('',#18656,#15533,#15534);
#12215=AXIS2_PLACEMENT_3D('',#18658,#15535,#15536);
#12216=AXIS2_PLACEMENT_3D('',#18659,#15537,#15538);
#12217=AXIS2_PLACEMENT_3D('',#18661,#15539,#15540);
#12218=AXIS2_PLACEMENT_3D('',#18662,#15541,#15542);
#12219=AXIS2_PLACEMENT_3D('',#18664,#15543,#15544);
#12220=AXIS2_PLACEMENT_3D('',#18665,#15545,#15546);
#12221=AXIS2_PLACEMENT_3D('',#18667,#15547,#15548);
#12222=AXIS2_PLACEMENT_3D('',#18668,#15549,#15550);
#12223=AXIS2_PLACEMENT_3D('',#18670,#15551,#15552);
#12224=AXIS2_PLACEMENT_3D('',#18671,#15553,#15554);
#12225=AXIS2_PLACEMENT_3D('',#18672,#15555,#15556);
#12226=AXIS2_PLACEMENT_3D('',#18674,#15557,#15558);
#12227=AXIS2_PLACEMENT_3D('',#18675,#15559,#15560);
#12228=AXIS2_PLACEMENT_3D('',#18677,#15561,#15562);
#12229=AXIS2_PLACEMENT_3D('',#18678,#15563,#15564);
#12230=AXIS2_PLACEMENT_3D('',#18680,#15565,#15566);
#12231=AXIS2_PLACEMENT_3D('',#18681,#15567,#15568);
#12232=AXIS2_PLACEMENT_3D('',#18683,#15569,#15570);
#12233=AXIS2_PLACEMENT_3D('',#18684,#15571,#15572);
#12234=AXIS2_PLACEMENT_3D('',#18686,#15573,#15574);
#12235=AXIS2_PLACEMENT_3D('',#18687,#15575,#15576);
#12236=AXIS2_PLACEMENT_3D('',#18689,#15577,#15578);
#12237=AXIS2_PLACEMENT_3D('',#18690,#15579,#15580);
#12238=AXIS2_PLACEMENT_3D('',#18692,#15581,#15582);
#12239=AXIS2_PLACEMENT_3D('',#18693,#15583,#15584);
#12240=AXIS2_PLACEMENT_3D('',#18695,#15585,#15586);
#12241=AXIS2_PLACEMENT_3D('',#18696,#15587,#15588);
#12242=AXIS2_PLACEMENT_3D('',#18697,#15589,#15590);
#12243=AXIS2_PLACEMENT_3D('',#18699,#15591,#15592);
#12244=AXIS2_PLACEMENT_3D('',#18700,#15593,#15594);
#12245=AXIS2_PLACEMENT_3D('',#18702,#15595,#15596);
#12246=AXIS2_PLACEMENT_3D('',#18703,#15597,#15598);
#12247=AXIS2_PLACEMENT_3D('',#18705,#15599,#15600);
#12248=AXIS2_PLACEMENT_3D('',#18706,#15601,#15602);
#12249=AXIS2_PLACEMENT_3D('',#18708,#15603,#15604);
#12250=AXIS2_PLACEMENT_3D('',#18709,#15605,#15606);
#12251=AXIS2_PLACEMENT_3D('',#18711,#15607,#15608);
#12252=AXIS2_PLACEMENT_3D('',#18712,#15609,#15610);
#12253=AXIS2_PLACEMENT_3D('',#18714,#15611,#15612);
#12254=AXIS2_PLACEMENT_3D('',#18715,#15613,#15614);
#12255=AXIS2_PLACEMENT_3D('',#18717,#15615,#15616);
#12256=AXIS2_PLACEMENT_3D('',#18718,#15617,#15618);
#12257=AXIS2_PLACEMENT_3D('',#18720,#15619,#15620);
#12258=AXIS2_PLACEMENT_3D('',#18721,#15621,#15622);
#12259=AXIS2_PLACEMENT_3D('',#18722,#15623,#15624);
#12260=AXIS2_PLACEMENT_3D('',#18724,#15625,#15626);
#12261=AXIS2_PLACEMENT_3D('',#18725,#15627,#15628);
#12262=AXIS2_PLACEMENT_3D('',#18727,#15629,#15630);
#12263=AXIS2_PLACEMENT_3D('',#18728,#15631,#15632);
#12264=AXIS2_PLACEMENT_3D('',#18730,#15633,#15634);
#12265=AXIS2_PLACEMENT_3D('',#18731,#15635,#15636);
#12266=AXIS2_PLACEMENT_3D('',#18733,#15637,#15638);
#12267=AXIS2_PLACEMENT_3D('',#18734,#15639,#15640);
#12268=AXIS2_PLACEMENT_3D('',#18736,#15641,#15642);
#12269=AXIS2_PLACEMENT_3D('',#18737,#15643,#15644);
#12270=AXIS2_PLACEMENT_3D('',#18739,#15645,#15646);
#12271=AXIS2_PLACEMENT_3D('',#18740,#15647,#15648);
#12272=AXIS2_PLACEMENT_3D('',#18742,#15649,#15650);
#12273=AXIS2_PLACEMENT_3D('',#18743,#15651,#15652);
#12274=AXIS2_PLACEMENT_3D('',#18745,#15653,#15654);
#12275=AXIS2_PLACEMENT_3D('',#18746,#15655,#15656);
#12276=AXIS2_PLACEMENT_3D('',#18747,#15657,#15658);
#12277=AXIS2_PLACEMENT_3D('',#18749,#15659,#15660);
#12278=AXIS2_PLACEMENT_3D('',#18750,#15661,#15662);
#12279=AXIS2_PLACEMENT_3D('',#18752,#15663,#15664);
#12280=AXIS2_PLACEMENT_3D('',#18753,#15665,#15666);
#12281=AXIS2_PLACEMENT_3D('',#18755,#15667,#15668);
#12282=AXIS2_PLACEMENT_3D('',#18756,#15669,#15670);
#12283=AXIS2_PLACEMENT_3D('',#18758,#15671,#15672);
#12284=AXIS2_PLACEMENT_3D('',#18759,#15673,#15674);
#12285=AXIS2_PLACEMENT_3D('',#18761,#15675,#15676);
#12286=AXIS2_PLACEMENT_3D('',#18762,#15677,#15678);
#12287=AXIS2_PLACEMENT_3D('',#18764,#15679,#15680);
#12288=AXIS2_PLACEMENT_3D('',#18765,#15681,#15682);
#12289=AXIS2_PLACEMENT_3D('',#18767,#15683,#15684);
#12290=AXIS2_PLACEMENT_3D('',#18768,#15685,#15686);
#12291=AXIS2_PLACEMENT_3D('',#18770,#15687,#15688);
#12292=AXIS2_PLACEMENT_3D('',#18771,#15689,#15690);
#12293=AXIS2_PLACEMENT_3D('',#18772,#15691,#15692);
#12294=AXIS2_PLACEMENT_3D('',#18774,#15693,#15694);
#12295=AXIS2_PLACEMENT_3D('',#18775,#15695,#15696);
#12296=AXIS2_PLACEMENT_3D('',#18777,#15697,#15698);
#12297=AXIS2_PLACEMENT_3D('',#18778,#15699,#15700);
#12298=AXIS2_PLACEMENT_3D('',#18780,#15701,#15702);
#12299=AXIS2_PLACEMENT_3D('',#18781,#15703,#15704);
#12300=AXIS2_PLACEMENT_3D('',#18783,#15705,#15706);
#12301=AXIS2_PLACEMENT_3D('',#18784,#15707,#15708);
#12302=AXIS2_PLACEMENT_3D('',#18786,#15709,#15710);
#12303=AXIS2_PLACEMENT_3D('',#18787,#15711,#15712);
#12304=AXIS2_PLACEMENT_3D('',#18789,#15713,#15714);
#12305=AXIS2_PLACEMENT_3D('',#18790,#15715,#15716);
#12306=AXIS2_PLACEMENT_3D('',#18792,#15717,#15718);
#12307=AXIS2_PLACEMENT_3D('',#18793,#15719,#15720);
#12308=AXIS2_PLACEMENT_3D('',#18795,#15721,#15722);
#12309=AXIS2_PLACEMENT_3D('',#18796,#15723,#15724);
#12310=AXIS2_PLACEMENT_3D('',#18797,#15725,#15726);
#12311=AXIS2_PLACEMENT_3D('',#18799,#15727,#15728);
#12312=AXIS2_PLACEMENT_3D('',#18800,#15729,#15730);
#12313=AXIS2_PLACEMENT_3D('',#18802,#15731,#15732);
#12314=AXIS2_PLACEMENT_3D('',#18803,#15733,#15734);
#12315=AXIS2_PLACEMENT_3D('',#18805,#15735,#15736);
#12316=AXIS2_PLACEMENT_3D('',#18806,#15737,#15738);
#12317=AXIS2_PLACEMENT_3D('',#18808,#15739,#15740);
#12318=AXIS2_PLACEMENT_3D('',#18809,#15741,#15742);
#12319=AXIS2_PLACEMENT_3D('',#18811,#15743,#15744);
#12320=AXIS2_PLACEMENT_3D('',#18812,#15745,#15746);
#12321=AXIS2_PLACEMENT_3D('',#18814,#15747,#15748);
#12322=AXIS2_PLACEMENT_3D('',#18815,#15749,#15750);
#12323=AXIS2_PLACEMENT_3D('',#18817,#15751,#15752);
#12324=AXIS2_PLACEMENT_3D('',#18818,#15753,#15754);
#12325=AXIS2_PLACEMENT_3D('',#18820,#15755,#15756);
#12326=AXIS2_PLACEMENT_3D('',#18821,#15757,#15758);
#12327=AXIS2_PLACEMENT_3D('',#18822,#15759,#15760);
#12328=AXIS2_PLACEMENT_3D('',#18824,#15761,#15762);
#12329=AXIS2_PLACEMENT_3D('',#18825,#15763,#15764);
#12330=AXIS2_PLACEMENT_3D('',#18827,#15765,#15766);
#12331=AXIS2_PLACEMENT_3D('',#18828,#15767,#15768);
#12332=AXIS2_PLACEMENT_3D('',#18830,#15769,#15770);
#12333=AXIS2_PLACEMENT_3D('',#18831,#15771,#15772);
#12334=AXIS2_PLACEMENT_3D('',#18833,#15773,#15774);
#12335=AXIS2_PLACEMENT_3D('',#18834,#15775,#15776);
#12336=AXIS2_PLACEMENT_3D('',#18836,#15777,#15778);
#12337=AXIS2_PLACEMENT_3D('',#18837,#15779,#15780);
#12338=AXIS2_PLACEMENT_3D('',#18839,#15781,#15782);
#12339=AXIS2_PLACEMENT_3D('',#18840,#15783,#15784);
#12340=AXIS2_PLACEMENT_3D('',#18842,#15785,#15786);
#12341=AXIS2_PLACEMENT_3D('',#18843,#15787,#15788);
#12342=AXIS2_PLACEMENT_3D('',#18845,#15789,#15790);
#12343=AXIS2_PLACEMENT_3D('',#18846,#15791,#15792);
#12344=AXIS2_PLACEMENT_3D('',#18847,#15793,#15794);
#12345=AXIS2_PLACEMENT_3D('',#18849,#15795,#15796);
#12346=AXIS2_PLACEMENT_3D('',#18850,#15797,#15798);
#12347=AXIS2_PLACEMENT_3D('',#18852,#15799,#15800);
#12348=AXIS2_PLACEMENT_3D('',#18853,#15801,#15802);
#12349=AXIS2_PLACEMENT_3D('',#18855,#15803,#15804);
#12350=AXIS2_PLACEMENT_3D('',#18856,#15805,#15806);
#12351=AXIS2_PLACEMENT_3D('',#18858,#15807,#15808);
#12352=AXIS2_PLACEMENT_3D('',#18859,#15809,#15810);
#12353=AXIS2_PLACEMENT_3D('',#18861,#15811,#15812);
#12354=AXIS2_PLACEMENT_3D('',#18862,#15813,#15814);
#12355=AXIS2_PLACEMENT_3D('',#18864,#15815,#15816);
#12356=AXIS2_PLACEMENT_3D('',#18865,#15817,#15818);
#12357=AXIS2_PLACEMENT_3D('',#18867,#15819,#15820);
#12358=AXIS2_PLACEMENT_3D('',#18868,#15821,#15822);
#12359=AXIS2_PLACEMENT_3D('',#18870,#15823,#15824);
#12360=AXIS2_PLACEMENT_3D('',#18871,#15825,#15826);
#12361=AXIS2_PLACEMENT_3D('',#18872,#15827,#15828);
#12362=AXIS2_PLACEMENT_3D('',#18874,#15829,#15830);
#12363=AXIS2_PLACEMENT_3D('',#18875,#15831,#15832);
#12364=AXIS2_PLACEMENT_3D('',#18877,#15833,#15834);
#12365=AXIS2_PLACEMENT_3D('',#18878,#15835,#15836);
#12366=AXIS2_PLACEMENT_3D('',#18880,#15837,#15838);
#12367=AXIS2_PLACEMENT_3D('',#18881,#15839,#15840);
#12368=AXIS2_PLACEMENT_3D('',#18883,#15841,#15842);
#12369=AXIS2_PLACEMENT_3D('',#18884,#15843,#15844);
#12370=AXIS2_PLACEMENT_3D('',#18886,#15845,#15846);
#12371=AXIS2_PLACEMENT_3D('',#18887,#15847,#15848);
#12372=AXIS2_PLACEMENT_3D('',#18889,#15849,#15850);
#12373=AXIS2_PLACEMENT_3D('',#18890,#15851,#15852);
#12374=AXIS2_PLACEMENT_3D('',#18892,#15853,#15854);
#12375=AXIS2_PLACEMENT_3D('',#18893,#15855,#15856);
#12376=AXIS2_PLACEMENT_3D('',#18895,#15857,#15858);
#12377=AXIS2_PLACEMENT_3D('',#18896,#15859,#15860);
#12378=AXIS2_PLACEMENT_3D('',#18897,#15861,#15862);
#12379=AXIS2_PLACEMENT_3D('',#18899,#15863,#15864);
#12380=AXIS2_PLACEMENT_3D('',#18900,#15865,#15866);
#12381=AXIS2_PLACEMENT_3D('',#18902,#15867,#15868);
#12382=AXIS2_PLACEMENT_3D('',#18903,#15869,#15870);
#12383=AXIS2_PLACEMENT_3D('',#18905,#15871,#15872);
#12384=AXIS2_PLACEMENT_3D('',#18906,#15873,#15874);
#12385=AXIS2_PLACEMENT_3D('',#18908,#15875,#15876);
#12386=AXIS2_PLACEMENT_3D('',#18909,#15877,#15878);
#12387=AXIS2_PLACEMENT_3D('',#18911,#15879,#15880);
#12388=AXIS2_PLACEMENT_3D('',#18912,#15881,#15882);
#12389=AXIS2_PLACEMENT_3D('',#18914,#15883,#15884);
#12390=AXIS2_PLACEMENT_3D('',#18915,#15885,#15886);
#12391=AXIS2_PLACEMENT_3D('',#18917,#15887,#15888);
#12392=AXIS2_PLACEMENT_3D('',#18918,#15889,#15890);
#12393=AXIS2_PLACEMENT_3D('',#18920,#15891,#15892);
#12394=AXIS2_PLACEMENT_3D('',#18921,#15893,#15894);
#12395=AXIS2_PLACEMENT_3D('',#18922,#15895,#15896);
#12396=AXIS2_PLACEMENT_3D('',#18924,#15897,#15898);
#12397=AXIS2_PLACEMENT_3D('',#18925,#15899,#15900);
#12398=AXIS2_PLACEMENT_3D('',#18927,#15901,#15902);
#12399=AXIS2_PLACEMENT_3D('',#18928,#15903,#15904);
#12400=AXIS2_PLACEMENT_3D('',#18930,#15905,#15906);
#12401=AXIS2_PLACEMENT_3D('',#18931,#15907,#15908);
#12402=AXIS2_PLACEMENT_3D('',#18933,#15909,#15910);
#12403=AXIS2_PLACEMENT_3D('',#18934,#15911,#15912);
#12404=AXIS2_PLACEMENT_3D('',#18936,#15913,#15914);
#12405=AXIS2_PLACEMENT_3D('',#18937,#15915,#15916);
#12406=AXIS2_PLACEMENT_3D('',#18939,#15917,#15918);
#12407=AXIS2_PLACEMENT_3D('',#18940,#15919,#15920);
#12408=AXIS2_PLACEMENT_3D('',#18942,#15921,#15922);
#12409=AXIS2_PLACEMENT_3D('',#18943,#15923,#15924);
#12410=AXIS2_PLACEMENT_3D('',#18945,#15925,#15926);
#12411=AXIS2_PLACEMENT_3D('',#18946,#15927,#15928);
#12412=AXIS2_PLACEMENT_3D('',#18947,#15929,#15930);
#12413=AXIS2_PLACEMENT_3D('',#18949,#15931,#15932);
#12414=AXIS2_PLACEMENT_3D('',#18950,#15933,#15934);
#12415=AXIS2_PLACEMENT_3D('',#18952,#15935,#15936);
#12416=AXIS2_PLACEMENT_3D('',#18953,#15937,#15938);
#12417=AXIS2_PLACEMENT_3D('',#18955,#15939,#15940);
#12418=AXIS2_PLACEMENT_3D('',#18956,#15941,#15942);
#12419=AXIS2_PLACEMENT_3D('',#18958,#15943,#15944);
#12420=AXIS2_PLACEMENT_3D('',#18959,#15945,#15946);
#12421=AXIS2_PLACEMENT_3D('',#18961,#15947,#15948);
#12422=AXIS2_PLACEMENT_3D('',#18962,#15949,#15950);
#12423=AXIS2_PLACEMENT_3D('',#18964,#15951,#15952);
#12424=AXIS2_PLACEMENT_3D('',#18965,#15953,#15954);
#12425=AXIS2_PLACEMENT_3D('',#18967,#15955,#15956);
#12426=AXIS2_PLACEMENT_3D('',#18968,#15957,#15958);
#12427=AXIS2_PLACEMENT_3D('',#18970,#15959,#15960);
#12428=AXIS2_PLACEMENT_3D('',#18971,#15961,#15962);
#12429=AXIS2_PLACEMENT_3D('',#18972,#15963,#15964);
#12430=AXIS2_PLACEMENT_3D('',#18974,#15965,#15966);
#12431=AXIS2_PLACEMENT_3D('',#18975,#15967,#15968);
#12432=AXIS2_PLACEMENT_3D('',#18977,#15969,#15970);
#12433=AXIS2_PLACEMENT_3D('',#18978,#15971,#15972);
#12434=AXIS2_PLACEMENT_3D('',#18980,#15973,#15974);
#12435=AXIS2_PLACEMENT_3D('',#18981,#15975,#15976);
#12436=AXIS2_PLACEMENT_3D('',#18983,#15977,#15978);
#12437=AXIS2_PLACEMENT_3D('',#18984,#15979,#15980);
#12438=AXIS2_PLACEMENT_3D('',#18986,#15981,#15982);
#12439=AXIS2_PLACEMENT_3D('',#18987,#15983,#15984);
#12440=AXIS2_PLACEMENT_3D('',#18989,#15985,#15986);
#12441=AXIS2_PLACEMENT_3D('',#18990,#15987,#15988);
#12442=AXIS2_PLACEMENT_3D('',#18992,#15989,#15990);
#12443=AXIS2_PLACEMENT_3D('',#18993,#15991,#15992);
#12444=AXIS2_PLACEMENT_3D('',#18995,#15993,#15994);
#12445=AXIS2_PLACEMENT_3D('',#18996,#15995,#15996);
#12446=AXIS2_PLACEMENT_3D('',#18997,#15997,#15998);
#12447=AXIS2_PLACEMENT_3D('',#18999,#15999,#16000);
#12448=AXIS2_PLACEMENT_3D('',#19000,#16001,#16002);
#12449=AXIS2_PLACEMENT_3D('',#19002,#16003,#16004);
#12450=AXIS2_PLACEMENT_3D('',#19003,#16005,#16006);
#12451=AXIS2_PLACEMENT_3D('',#19005,#16007,#16008);
#12452=AXIS2_PLACEMENT_3D('',#19006,#16009,#16010);
#12453=AXIS2_PLACEMENT_3D('',#19008,#16011,#16012);
#12454=AXIS2_PLACEMENT_3D('',#19009,#16013,#16014);
#12455=AXIS2_PLACEMENT_3D('',#19011,#16015,#16016);
#12456=AXIS2_PLACEMENT_3D('',#19012,#16017,#16018);
#12457=AXIS2_PLACEMENT_3D('',#19014,#16019,#16020);
#12458=AXIS2_PLACEMENT_3D('',#19015,#16021,#16022);
#12459=AXIS2_PLACEMENT_3D('',#19017,#16023,#16024);
#12460=AXIS2_PLACEMENT_3D('',#19018,#16025,#16026);
#12461=AXIS2_PLACEMENT_3D('',#19020,#16027,#16028);
#12462=AXIS2_PLACEMENT_3D('',#19021,#16029,#16030);
#12463=AXIS2_PLACEMENT_3D('',#19022,#16031,#16032);
#12464=AXIS2_PLACEMENT_3D('',#19024,#16033,#16034);
#12465=AXIS2_PLACEMENT_3D('',#19025,#16035,#16036);
#12466=AXIS2_PLACEMENT_3D('',#19027,#16037,#16038);
#12467=AXIS2_PLACEMENT_3D('',#19028,#16039,#16040);
#12468=AXIS2_PLACEMENT_3D('',#19030,#16041,#16042);
#12469=AXIS2_PLACEMENT_3D('',#19031,#16043,#16044);
#12470=AXIS2_PLACEMENT_3D('',#19033,#16045,#16046);
#12471=AXIS2_PLACEMENT_3D('',#19034,#16047,#16048);
#12472=AXIS2_PLACEMENT_3D('',#19036,#16049,#16050);
#12473=AXIS2_PLACEMENT_3D('',#19037,#16051,#16052);
#12474=AXIS2_PLACEMENT_3D('',#19039,#16053,#16054);
#12475=AXIS2_PLACEMENT_3D('',#19040,#16055,#16056);
#12476=AXIS2_PLACEMENT_3D('',#19042,#16057,#16058);
#12477=AXIS2_PLACEMENT_3D('',#19043,#16059,#16060);
#12478=AXIS2_PLACEMENT_3D('',#19045,#16061,#16062);
#12479=AXIS2_PLACEMENT_3D('',#19046,#16063,#16064);
#12480=AXIS2_PLACEMENT_3D('',#19047,#16065,#16066);
#12481=AXIS2_PLACEMENT_3D('',#19049,#16067,#16068);
#12482=AXIS2_PLACEMENT_3D('',#19050,#16069,#16070);
#12483=AXIS2_PLACEMENT_3D('',#19052,#16071,#16072);
#12484=AXIS2_PLACEMENT_3D('',#19053,#16073,#16074);
#12485=AXIS2_PLACEMENT_3D('',#19055,#16075,#16076);
#12486=AXIS2_PLACEMENT_3D('',#19056,#16077,#16078);
#12487=AXIS2_PLACEMENT_3D('',#19058,#16079,#16080);
#12488=AXIS2_PLACEMENT_3D('',#19059,#16081,#16082);
#12489=AXIS2_PLACEMENT_3D('',#19061,#16083,#16084);
#12490=AXIS2_PLACEMENT_3D('',#19062,#16085,#16086);
#12491=AXIS2_PLACEMENT_3D('',#19064,#16087,#16088);
#12492=AXIS2_PLACEMENT_3D('',#19065,#16089,#16090);
#12493=AXIS2_PLACEMENT_3D('',#19067,#16091,#16092);
#12494=AXIS2_PLACEMENT_3D('',#19068,#16093,#16094);
#12495=AXIS2_PLACEMENT_3D('',#19070,#16095,#16096);
#12496=AXIS2_PLACEMENT_3D('',#19071,#16097,#16098);
#12497=AXIS2_PLACEMENT_3D('',#19072,#16099,#16100);
#12498=AXIS2_PLACEMENT_3D('',#19074,#16101,#16102);
#12499=AXIS2_PLACEMENT_3D('',#19075,#16103,#16104);
#12500=AXIS2_PLACEMENT_3D('',#19077,#16105,#16106);
#12501=AXIS2_PLACEMENT_3D('',#19078,#16107,#16108);
#12502=AXIS2_PLACEMENT_3D('',#19080,#16109,#16110);
#12503=AXIS2_PLACEMENT_3D('',#19081,#16111,#16112);
#12504=AXIS2_PLACEMENT_3D('',#19083,#16113,#16114);
#12505=AXIS2_PLACEMENT_3D('',#19084,#16115,#16116);
#12506=AXIS2_PLACEMENT_3D('',#19086,#16117,#16118);
#12507=AXIS2_PLACEMENT_3D('',#19087,#16119,#16120);
#12508=AXIS2_PLACEMENT_3D('',#19089,#16121,#16122);
#12509=AXIS2_PLACEMENT_3D('',#19090,#16123,#16124);
#12510=AXIS2_PLACEMENT_3D('',#19092,#16125,#16126);
#12511=AXIS2_PLACEMENT_3D('',#19093,#16127,#16128);
#12512=AXIS2_PLACEMENT_3D('',#19095,#16129,#16130);
#12513=AXIS2_PLACEMENT_3D('',#19096,#16131,#16132);
#12514=AXIS2_PLACEMENT_3D('',#19097,#16133,#16134);
#12515=AXIS2_PLACEMENT_3D('',#19099,#16135,#16136);
#12516=AXIS2_PLACEMENT_3D('',#19100,#16137,#16138);
#12517=AXIS2_PLACEMENT_3D('',#19102,#16139,#16140);
#12518=AXIS2_PLACEMENT_3D('',#19103,#16141,#16142);
#12519=AXIS2_PLACEMENT_3D('',#19105,#16143,#16144);
#12520=AXIS2_PLACEMENT_3D('',#19106,#16145,#16146);
#12521=AXIS2_PLACEMENT_3D('',#19108,#16147,#16148);
#12522=AXIS2_PLACEMENT_3D('',#19109,#16149,#16150);
#12523=AXIS2_PLACEMENT_3D('',#19111,#16151,#16152);
#12524=AXIS2_PLACEMENT_3D('',#19112,#16153,#16154);
#12525=AXIS2_PLACEMENT_3D('',#19114,#16155,#16156);
#12526=AXIS2_PLACEMENT_3D('',#19115,#16157,#16158);
#12527=AXIS2_PLACEMENT_3D('',#19117,#16159,#16160);
#12528=AXIS2_PLACEMENT_3D('',#19118,#16161,#16162);
#12529=AXIS2_PLACEMENT_3D('',#19120,#16163,#16164);
#12530=AXIS2_PLACEMENT_3D('',#19121,#16165,#16166);
#12531=AXIS2_PLACEMENT_3D('',#19122,#16167,#16168);
#12532=AXIS2_PLACEMENT_3D('',#19124,#16169,#16170);
#12533=AXIS2_PLACEMENT_3D('',#19125,#16171,#16172);
#12534=AXIS2_PLACEMENT_3D('',#19127,#16173,#16174);
#12535=AXIS2_PLACEMENT_3D('',#19128,#16175,#16176);
#12536=AXIS2_PLACEMENT_3D('',#19130,#16177,#16178);
#12537=AXIS2_PLACEMENT_3D('',#19131,#16179,#16180);
#12538=AXIS2_PLACEMENT_3D('',#19133,#16181,#16182);
#12539=AXIS2_PLACEMENT_3D('',#19134,#16183,#16184);
#12540=AXIS2_PLACEMENT_3D('',#19136,#16185,#16186);
#12541=AXIS2_PLACEMENT_3D('',#19137,#16187,#16188);
#12542=AXIS2_PLACEMENT_3D('',#19139,#16189,#16190);
#12543=AXIS2_PLACEMENT_3D('',#19140,#16191,#16192);
#12544=AXIS2_PLACEMENT_3D('',#19142,#16193,#16194);
#12545=AXIS2_PLACEMENT_3D('',#19143,#16195,#16196);
#12546=AXIS2_PLACEMENT_3D('',#19145,#16197,#16198);
#12547=AXIS2_PLACEMENT_3D('',#19146,#16199,#16200);
#12548=AXIS2_PLACEMENT_3D('',#19147,#16201,#16202);
#12549=AXIS2_PLACEMENT_3D('',#19149,#16203,#16204);
#12550=AXIS2_PLACEMENT_3D('',#19150,#16205,#16206);
#12551=AXIS2_PLACEMENT_3D('',#19152,#16207,#16208);
#12552=AXIS2_PLACEMENT_3D('',#19153,#16209,#16210);
#12553=AXIS2_PLACEMENT_3D('',#19155,#16211,#16212);
#12554=AXIS2_PLACEMENT_3D('',#19156,#16213,#16214);
#12555=AXIS2_PLACEMENT_3D('',#19158,#16215,#16216);
#12556=AXIS2_PLACEMENT_3D('',#19159,#16217,#16218);
#12557=AXIS2_PLACEMENT_3D('',#19161,#16219,#16220);
#12558=AXIS2_PLACEMENT_3D('',#19162,#16221,#16222);
#12559=AXIS2_PLACEMENT_3D('',#19164,#16223,#16224);
#12560=AXIS2_PLACEMENT_3D('',#19165,#16225,#16226);
#12561=AXIS2_PLACEMENT_3D('',#19167,#16227,#16228);
#12562=AXIS2_PLACEMENT_3D('',#19168,#16229,#16230);
#12563=AXIS2_PLACEMENT_3D('',#19170,#16231,#16232);
#12564=AXIS2_PLACEMENT_3D('',#19171,#16233,#16234);
#12565=AXIS2_PLACEMENT_3D('',#19172,#16235,#16236);
#12566=AXIS2_PLACEMENT_3D('',#19174,#16237,#16238);
#12567=AXIS2_PLACEMENT_3D('',#19175,#16239,#16240);
#12568=AXIS2_PLACEMENT_3D('',#19177,#16241,#16242);
#12569=AXIS2_PLACEMENT_3D('',#19178,#16243,#16244);
#12570=AXIS2_PLACEMENT_3D('',#19180,#16245,#16246);
#12571=AXIS2_PLACEMENT_3D('',#19181,#16247,#16248);
#12572=AXIS2_PLACEMENT_3D('',#19183,#16249,#16250);
#12573=AXIS2_PLACEMENT_3D('',#19184,#16251,#16252);
#12574=AXIS2_PLACEMENT_3D('',#19186,#16253,#16254);
#12575=AXIS2_PLACEMENT_3D('',#19187,#16255,#16256);
#12576=AXIS2_PLACEMENT_3D('',#19189,#16257,#16258);
#12577=AXIS2_PLACEMENT_3D('',#19190,#16259,#16260);
#12578=AXIS2_PLACEMENT_3D('',#19192,#16261,#16262);
#12579=AXIS2_PLACEMENT_3D('',#19193,#16263,#16264);
#12580=AXIS2_PLACEMENT_3D('',#19195,#16265,#16266);
#12581=AXIS2_PLACEMENT_3D('',#19196,#16267,#16268);
#12582=AXIS2_PLACEMENT_3D('',#19197,#16269,#16270);
#12583=AXIS2_PLACEMENT_3D('',#19199,#16271,#16272);
#12584=AXIS2_PLACEMENT_3D('',#19200,#16273,#16274);
#12585=AXIS2_PLACEMENT_3D('',#19202,#16275,#16276);
#12586=AXIS2_PLACEMENT_3D('',#19203,#16277,#16278);
#12587=AXIS2_PLACEMENT_3D('',#19205,#16279,#16280);
#12588=AXIS2_PLACEMENT_3D('',#19206,#16281,#16282);
#12589=AXIS2_PLACEMENT_3D('',#19208,#16283,#16284);
#12590=AXIS2_PLACEMENT_3D('',#19209,#16285,#16286);
#12591=AXIS2_PLACEMENT_3D('',#19211,#16287,#16288);
#12592=AXIS2_PLACEMENT_3D('',#19212,#16289,#16290);
#12593=AXIS2_PLACEMENT_3D('',#19214,#16291,#16292);
#12594=AXIS2_PLACEMENT_3D('',#19215,#16293,#16294);
#12595=AXIS2_PLACEMENT_3D('',#19217,#16295,#16296);
#12596=AXIS2_PLACEMENT_3D('',#19218,#16297,#16298);
#12597=AXIS2_PLACEMENT_3D('',#19220,#16299,#16300);
#12598=AXIS2_PLACEMENT_3D('',#19221,#16301,#16302);
#12599=AXIS2_PLACEMENT_3D('',#19222,#16303,#16304);
#12600=AXIS2_PLACEMENT_3D('',#19224,#16305,#16306);
#12601=AXIS2_PLACEMENT_3D('',#19225,#16307,#16308);
#12602=AXIS2_PLACEMENT_3D('',#19227,#16309,#16310);
#12603=AXIS2_PLACEMENT_3D('',#19228,#16311,#16312);
#12604=AXIS2_PLACEMENT_3D('',#19230,#16313,#16314);
#12605=AXIS2_PLACEMENT_3D('',#19231,#16315,#16316);
#12606=AXIS2_PLACEMENT_3D('',#19233,#16317,#16318);
#12607=AXIS2_PLACEMENT_3D('',#19234,#16319,#16320);
#12608=AXIS2_PLACEMENT_3D('',#19236,#16321,#16322);
#12609=AXIS2_PLACEMENT_3D('',#19237,#16323,#16324);
#12610=AXIS2_PLACEMENT_3D('',#19239,#16325,#16326);
#12611=AXIS2_PLACEMENT_3D('',#19240,#16327,#16328);
#12612=AXIS2_PLACEMENT_3D('',#19242,#16329,#16330);
#12613=AXIS2_PLACEMENT_3D('',#19243,#16331,#16332);
#12614=AXIS2_PLACEMENT_3D('',#19245,#16333,#16334);
#12615=AXIS2_PLACEMENT_3D('',#19246,#16335,#16336);
#12616=AXIS2_PLACEMENT_3D('',#19247,#16337,#16338);
#12617=AXIS2_PLACEMENT_3D('',#19249,#16339,#16340);
#12618=AXIS2_PLACEMENT_3D('',#19250,#16341,#16342);
#12619=AXIS2_PLACEMENT_3D('',#19252,#16343,#16344);
#12620=AXIS2_PLACEMENT_3D('',#19253,#16345,#16346);
#12621=AXIS2_PLACEMENT_3D('',#19255,#16347,#16348);
#12622=AXIS2_PLACEMENT_3D('',#19256,#16349,#16350);
#12623=AXIS2_PLACEMENT_3D('',#19258,#16351,#16352);
#12624=AXIS2_PLACEMENT_3D('',#19259,#16353,#16354);
#12625=AXIS2_PLACEMENT_3D('',#19261,#16355,#16356);
#12626=AXIS2_PLACEMENT_3D('',#19262,#16357,#16358);
#12627=AXIS2_PLACEMENT_3D('',#19264,#16359,#16360);
#12628=AXIS2_PLACEMENT_3D('',#19265,#16361,#16362);
#12629=AXIS2_PLACEMENT_3D('',#19267,#16363,#16364);
#12630=AXIS2_PLACEMENT_3D('',#19268,#16365,#16366);
#12631=AXIS2_PLACEMENT_3D('',#19270,#16367,#16368);
#12632=AXIS2_PLACEMENT_3D('',#19271,#16369,#16370);
#12633=AXIS2_PLACEMENT_3D('',#19272,#16371,#16372);
#12634=AXIS2_PLACEMENT_3D('',#19274,#16373,#16374);
#12635=AXIS2_PLACEMENT_3D('',#19275,#16375,#16376);
#12636=AXIS2_PLACEMENT_3D('',#19277,#16377,#16378);
#12637=AXIS2_PLACEMENT_3D('',#19278,#16379,#16380);
#12638=AXIS2_PLACEMENT_3D('',#19280,#16381,#16382);
#12639=AXIS2_PLACEMENT_3D('',#19281,#16383,#16384);
#12640=AXIS2_PLACEMENT_3D('',#19283,#16385,#16386);
#12641=AXIS2_PLACEMENT_3D('',#19284,#16387,#16388);
#12642=AXIS2_PLACEMENT_3D('',#19286,#16389,#16390);
#12643=AXIS2_PLACEMENT_3D('',#19287,#16391,#16392);
#12644=AXIS2_PLACEMENT_3D('',#19289,#16393,#16394);
#12645=AXIS2_PLACEMENT_3D('',#19290,#16395,#16396);
#12646=AXIS2_PLACEMENT_3D('',#19292,#16397,#16398);
#12647=AXIS2_PLACEMENT_3D('',#19293,#16399,#16400);
#12648=AXIS2_PLACEMENT_3D('',#19295,#16401,#16402);
#12649=DIRECTION('',(0.,0.,1.));
#12650=DIRECTION('',(1.,0.,0.));
#12651=DIRECTION('',(0.,0.,1.));
#12652=DIRECTION('',(1.,0.,0.));
#12653=DIRECTION('',(-1.,0.,0.));
#12654=DIRECTION('',(0.,1.,0.));
#12655=DIRECTION('',(1.,0.,0.));
#12656=DIRECTION('',(0.,-1.,0.));
#12657=DIRECTION('',(1.,0.,0.));
#12658=DIRECTION('',(0.,0.,-1.));
#12659=DIRECTION('',(0.,0.,-1.));
#12660=DIRECTION('',(0.,-1.,0.));
#12661=DIRECTION('',(0.,0.,1.));
#12662=DIRECTION('',(0.,1.,0.));
#12663=DIRECTION('',(0.,0.,-1.));
#12664=DIRECTION('',(-1.,0.,0.));
#12665=DIRECTION('',(1.,0.,0.));
#12666=DIRECTION('',(0.,1.,0.));
#12667=DIRECTION('',(-1.,0.,0.));
#12668=DIRECTION('',(0.,-1.,0.));
#12669=DIRECTION('',(-1.,0.,0.));
#12670=DIRECTION('',(0.,0.,1.));
#12671=DIRECTION('',(0.,0.,1.));
#12672=DIRECTION('',(0.,-1.,0.));
#12673=DIRECTION('',(0.,0.,-1.));
#12674=DIRECTION('',(0.,1.,0.));
#12675=DIRECTION('',(0.,1.,0.));
#12676=DIRECTION('',(0.,0.,1.));
#12677=DIRECTION('',(0.,-1.,0.));
#12678=DIRECTION('',(0.,0.,-1.));
#12679=DIRECTION('',(0.,-1.,0.));
#12680=DIRECTION('',(0.,0.,-1.));
#12681=DIRECTION('',(0.,-1.,0.));
#12682=DIRECTION('',(0.,0.,-1.));
#12683=DIRECTION('',(0.,-1.,0.));
#12684=DIRECTION('',(0.,0.,-1.));
#12685=DIRECTION('',(0.,-1.,0.));
#12686=DIRECTION('',(0.,0.,-1.));
#12687=DIRECTION('',(0.,-1.,0.));
#12688=DIRECTION('',(0.,0.,-1.));
#12689=DIRECTION('',(0.,-1.,0.));
#12690=DIRECTION('',(0.,0.,-1.));
#12691=DIRECTION('',(0.,-1.,0.));
#12692=DIRECTION('',(0.,0.,-1.));
#12693=DIRECTION('',(0.,-1.,0.));
#12694=DIRECTION('',(0.,0.,-1.));
#12695=DIRECTION('',(0.,-1.,0.));
#12696=DIRECTION('',(0.,0.,-1.));
#12697=DIRECTION('',(0.,-1.,0.));
#12698=DIRECTION('',(0.,0.,-1.));
#12699=DIRECTION('',(0.,-1.,0.));
#12700=DIRECTION('',(0.,0.,-1.));
#12701=DIRECTION('',(0.,-1.,0.));
#12702=DIRECTION('',(0.,0.,-1.));
#12703=DIRECTION('',(0.,-1.,0.));
#12704=DIRECTION('',(0.,0.,-1.));
#12705=DIRECTION('',(0.,-1.,0.));
#12706=DIRECTION('',(0.,0.,-1.));
#12707=DIRECTION('',(0.,-1.,0.));
#12708=DIRECTION('',(0.,0.,-1.));
#12709=DIRECTION('',(0.,-1.,0.));
#12710=DIRECTION('',(0.,0.,-1.));
#12711=DIRECTION('',(0.,-1.,0.));
#12712=DIRECTION('',(0.,0.,-1.));
#12713=DIRECTION('',(0.,-1.,0.));
#12714=DIRECTION('',(0.,0.,-1.));
#12715=DIRECTION('',(0.,-1.,0.));
#12716=DIRECTION('',(0.,0.,-1.));
#12717=DIRECTION('',(0.,-1.,0.));
#12718=DIRECTION('',(0.,0.,-1.));
#12719=DIRECTION('',(0.,-1.,0.));
#12720=DIRECTION('',(0.,0.,-1.));
#12721=DIRECTION('',(0.,-1.,0.));
#12722=DIRECTION('',(0.,0.,-1.));
#12723=DIRECTION('',(0.,-1.,0.));
#12724=DIRECTION('',(0.,0.,-1.));
#12725=DIRECTION('',(0.,-1.,0.));
#12726=DIRECTION('',(0.,0.,-1.));
#12727=DIRECTION('',(0.,-1.,0.));
#12728=DIRECTION('',(0.,0.,-1.));
#12729=DIRECTION('',(0.,-1.,0.));
#12730=DIRECTION('',(0.,0.,-1.));
#12731=DIRECTION('',(0.,-1.,0.));
#12732=DIRECTION('',(0.,0.,-1.));
#12733=DIRECTION('',(0.,-1.,0.));
#12734=DIRECTION('',(0.,0.,-1.));
#12735=DIRECTION('',(0.,-1.,0.));
#12736=DIRECTION('',(0.,0.,-1.));
#12737=DIRECTION('',(0.,-1.,0.));
#12738=DIRECTION('',(0.,0.,-1.));
#12739=DIRECTION('',(0.,-1.,0.));
#12740=DIRECTION('',(0.,0.,-1.));
#12741=DIRECTION('',(0.,-1.,0.));
#12742=DIRECTION('',(0.,0.,-1.));
#12743=DIRECTION('',(0.,-1.,0.));
#12744=DIRECTION('',(0.,0.,-1.));
#12745=DIRECTION('',(0.,-1.,0.));
#12746=DIRECTION('',(0.,0.,-1.));
#12747=DIRECTION('',(0.,-1.,0.));
#12748=DIRECTION('',(0.,0.,-1.));
#12749=DIRECTION('',(0.,-1.,0.));
#12750=DIRECTION('',(0.,0.,-1.));
#12751=DIRECTION('',(0.,-1.,0.));
#12752=DIRECTION('',(0.,0.,-1.));
#12753=DIRECTION('',(0.,-1.,0.));
#12754=DIRECTION('',(0.,0.,-1.));
#12755=DIRECTION('',(0.,-1.,0.));
#12756=DIRECTION('',(0.,0.,-1.));
#12757=DIRECTION('',(0.,-1.,0.));
#12758=DIRECTION('',(0.,0.,-1.));
#12759=DIRECTION('',(0.,-1.,0.));
#12760=DIRECTION('',(0.,0.,-1.));
#12761=DIRECTION('',(0.,-1.,0.));
#12762=DIRECTION('',(0.,0.,-1.));
#12763=DIRECTION('',(0.,-1.,0.));
#12764=DIRECTION('',(0.,0.,-1.));
#12765=DIRECTION('',(0.,-1.,0.));
#12766=DIRECTION('',(0.,0.,-1.));
#12767=DIRECTION('',(0.,-1.,0.));
#12768=DIRECTION('',(0.,0.,-1.));
#12769=DIRECTION('',(0.,-1.,0.));
#12770=DIRECTION('',(0.,0.,-1.));
#12771=DIRECTION('',(0.,-1.,0.));
#12772=DIRECTION('',(0.,0.,-1.));
#12773=DIRECTION('',(0.,-1.,0.));
#12774=DIRECTION('',(0.,0.,-1.));
#12775=DIRECTION('',(0.,-1.,0.));
#12776=DIRECTION('',(0.,0.,-1.));
#12777=DIRECTION('',(0.,-1.,0.));
#12778=DIRECTION('',(0.,0.,-1.));
#12779=DIRECTION('',(0.,-1.,0.));
#12780=DIRECTION('',(0.,0.,-1.));
#12781=DIRECTION('',(0.,-1.,0.));
#12782=DIRECTION('',(0.,0.,-1.));
#12783=DIRECTION('',(0.,-1.,0.));
#12784=DIRECTION('',(0.,0.,-1.));
#12785=DIRECTION('',(0.,-1.,0.));
#12786=DIRECTION('',(0.,0.,-1.));
#12787=DIRECTION('',(0.,-1.,0.));
#12788=DIRECTION('',(0.,0.,-1.));
#12789=DIRECTION('',(0.,-1.,0.));
#12790=DIRECTION('',(0.,0.,-1.));
#12791=DIRECTION('',(0.,-1.,0.));
#12792=DIRECTION('',(0.,0.,-1.));
#12793=DIRECTION('',(0.,-1.,0.));
#12794=DIRECTION('',(0.,0.,-1.));
#12795=DIRECTION('',(0.,-1.,0.));
#12796=DIRECTION('',(0.,0.,-1.));
#12797=DIRECTION('',(0.,-1.,0.));
#12798=DIRECTION('',(0.,0.,-1.));
#12799=DIRECTION('',(0.,-1.,0.));
#12800=DIRECTION('',(0.,0.,-1.));
#12801=DIRECTION('',(0.,-1.,0.));
#12802=DIRECTION('',(0.,0.,-1.));
#12803=DIRECTION('',(0.,-1.,0.));
#12804=DIRECTION('',(0.,0.,-1.));
#12805=DIRECTION('',(0.,-1.,0.));
#12806=DIRECTION('',(0.,0.,-1.));
#12807=DIRECTION('',(0.,-1.,0.));
#12808=DIRECTION('',(0.,0.,-1.));
#12809=DIRECTION('',(0.,-1.,0.));
#12810=DIRECTION('',(0.,0.,-1.));
#12811=DIRECTION('',(0.,-1.,0.));
#12812=DIRECTION('',(0.,0.,-1.));
#12813=DIRECTION('',(0.,-1.,0.));
#12814=DIRECTION('',(0.,0.,-1.));
#12815=DIRECTION('',(0.,-1.,0.));
#12816=DIRECTION('',(0.,0.,-1.));
#12817=DIRECTION('',(0.,-1.,0.));
#12818=DIRECTION('',(0.,0.,-1.));
#12819=DIRECTION('',(0.,-1.,0.));
#12820=DIRECTION('',(0.,0.,-1.));
#12821=DIRECTION('',(0.,-1.,0.));
#12822=DIRECTION('',(0.,0.,-1.));
#12823=DIRECTION('',(0.,-1.,0.));
#12824=DIRECTION('',(0.,0.,-1.));
#12825=DIRECTION('',(0.,-1.,0.));
#12826=DIRECTION('',(0.,0.,-1.));
#12827=DIRECTION('',(0.,-1.,0.));
#12828=DIRECTION('',(0.,0.,-1.));
#12829=DIRECTION('',(0.,-1.,0.));
#12830=DIRECTION('',(0.,0.,-1.));
#12831=DIRECTION('',(0.,-1.,0.));
#12832=DIRECTION('',(0.,0.,-1.));
#12833=DIRECTION('',(0.,-1.,0.));
#12834=DIRECTION('',(0.,0.,-1.));
#12835=DIRECTION('',(0.,-1.,0.));
#12836=DIRECTION('',(0.,0.,-1.));
#12837=DIRECTION('',(0.,-1.,0.));
#12838=DIRECTION('',(0.,0.,-1.));
#12839=DIRECTION('',(0.,-1.,0.));
#12840=DIRECTION('',(0.,0.,-1.));
#12841=DIRECTION('',(0.,-1.,0.));
#12842=DIRECTION('',(0.,0.,-1.));
#12843=DIRECTION('',(0.,-1.,0.));
#12844=DIRECTION('',(0.,0.,-1.));
#12845=DIRECTION('',(0.,-1.,0.));
#12846=DIRECTION('',(0.,0.,-1.));
#12847=DIRECTION('',(0.,-1.,0.));
#12848=DIRECTION('',(0.,0.,-1.));
#12849=DIRECTION('',(0.,-1.,0.));
#12850=DIRECTION('',(0.,0.,-1.));
#12851=DIRECTION('',(0.,-1.,0.));
#12852=DIRECTION('',(0.,0.,-1.));
#12853=DIRECTION('',(0.,-1.,0.));
#12854=DIRECTION('',(0.,0.,-1.));
#12855=DIRECTION('',(0.,-1.,0.));
#12856=DIRECTION('',(0.,0.,-1.));
#12857=DIRECTION('',(0.,-1.,0.));
#12858=DIRECTION('',(0.,0.,-1.));
#12859=DIRECTION('',(0.,-1.,0.));
#12860=DIRECTION('',(0.,0.,-1.));
#12861=DIRECTION('',(0.,-1.,0.));
#12862=DIRECTION('',(0.,0.,-1.));
#12863=DIRECTION('',(0.,-1.,0.));
#12864=DIRECTION('',(0.,0.,-1.));
#12865=DIRECTION('',(0.,-1.,0.));
#12866=DIRECTION('',(0.,0.,-1.));
#12867=DIRECTION('',(0.,-1.,0.));
#12868=DIRECTION('',(0.,0.,-1.));
#12869=DIRECTION('',(0.,1.,0.));
#12870=DIRECTION('',(1.,0.,0.));
#12871=DIRECTION('',(0.,1.,0.));
#12872=DIRECTION('',(1.,0.,0.));
#12873=DIRECTION('',(1.,0.,0.));
#12874=DIRECTION('',(0.,0.,-1.));
#12875=DIRECTION('',(-1.,0.,0.));
#12876=DIRECTION('',(0.,0.,1.));
#12877=DIRECTION('',(0.,1.,0.));
#12878=DIRECTION('',(0.,0.,1.));
#12879=DIRECTION('',(0.,-1.,0.));
#12880=DIRECTION('',(0.,0.,-1.));
#12881=DIRECTION('',(0.,-1.,0.));
#12882=DIRECTION('',(0.,0.,-1.));
#12883=DIRECTION('',(0.,-1.,0.));
#12884=DIRECTION('',(0.,0.,-1.));
#12885=DIRECTION('',(0.,-1.,0.));
#12886=DIRECTION('',(0.,0.,-1.));
#12887=DIRECTION('',(0.,-1.,0.));
#12888=DIRECTION('',(0.,0.,-1.));
#12889=DIRECTION('',(0.,-1.,0.));
#12890=DIRECTION('',(0.,0.,-1.));
#12891=DIRECTION('',(0.,-1.,0.));
#12892=DIRECTION('',(0.,0.,-1.));
#12893=DIRECTION('',(0.,-1.,0.));
#12894=DIRECTION('',(0.,0.,-1.));
#12895=DIRECTION('',(0.,-1.,0.));
#12896=DIRECTION('',(0.,0.,-1.));
#12897=DIRECTION('',(0.,-1.,0.));
#12898=DIRECTION('',(0.,0.,-1.));
#12899=DIRECTION('',(0.,-1.,0.));
#12900=DIRECTION('',(0.,0.,-1.));
#12901=DIRECTION('',(0.,-1.,0.));
#12902=DIRECTION('',(0.,0.,-1.));
#12903=DIRECTION('',(0.,-1.,0.));
#12904=DIRECTION('',(0.,0.,-1.));
#12905=DIRECTION('',(0.,-1.,0.));
#12906=DIRECTION('',(0.,0.,-1.));
#12907=DIRECTION('',(0.,-1.,0.));
#12908=DIRECTION('',(0.,0.,-1.));
#12909=DIRECTION('',(0.,-1.,0.));
#12910=DIRECTION('',(0.,0.,-1.));
#12911=DIRECTION('',(0.,-1.,0.));
#12912=DIRECTION('',(0.,0.,-1.));
#12913=DIRECTION('',(0.,-1.,0.));
#12914=DIRECTION('',(0.,0.,-1.));
#12915=DIRECTION('',(0.,-1.,0.));
#12916=DIRECTION('',(0.,0.,-1.));
#12917=DIRECTION('',(0.,-1.,0.));
#12918=DIRECTION('',(0.,0.,-1.));
#12919=DIRECTION('',(0.,-1.,0.));
#12920=DIRECTION('',(0.,0.,-1.));
#12921=DIRECTION('',(0.,-1.,0.));
#12922=DIRECTION('',(0.,0.,-1.));
#12923=DIRECTION('',(0.,-1.,0.));
#12924=DIRECTION('',(0.,0.,-1.));
#12925=DIRECTION('',(0.,-1.,0.));
#12926=DIRECTION('',(0.,0.,-1.));
#12927=DIRECTION('',(0.,-1.,0.));
#12928=DIRECTION('',(0.,0.,-1.));
#12929=DIRECTION('',(0.,-1.,0.));
#12930=DIRECTION('',(0.,0.,-1.));
#12931=DIRECTION('',(0.,-1.,0.));
#12932=DIRECTION('',(0.,0.,-1.));
#12933=DIRECTION('',(0.,-1.,0.));
#12934=DIRECTION('',(0.,0.,-1.));
#12935=DIRECTION('',(0.,-1.,0.));
#12936=DIRECTION('',(0.,0.,-1.));
#12937=DIRECTION('',(0.,-1.,0.));
#12938=DIRECTION('',(0.,0.,-1.));
#12939=DIRECTION('',(0.,-1.,0.));
#12940=DIRECTION('',(0.,0.,-1.));
#12941=DIRECTION('',(0.,-1.,0.));
#12942=DIRECTION('',(0.,0.,-1.));
#12943=DIRECTION('',(0.,-1.,0.));
#12944=DIRECTION('',(0.,0.,-1.));
#12945=DIRECTION('',(0.,-1.,0.));
#12946=DIRECTION('',(0.,0.,-1.));
#12947=DIRECTION('',(0.,-1.,0.));
#12948=DIRECTION('',(0.,0.,-1.));
#12949=DIRECTION('',(0.,-1.,0.));
#12950=DIRECTION('',(0.,0.,-1.));
#12951=DIRECTION('',(0.,-1.,0.));
#12952=DIRECTION('',(0.,0.,-1.));
#12953=DIRECTION('',(0.,-1.,0.));
#12954=DIRECTION('',(0.,0.,-1.));
#12955=DIRECTION('',(0.,-1.,0.));
#12956=DIRECTION('',(0.,0.,-1.));
#12957=DIRECTION('',(0.,-1.,0.));
#12958=DIRECTION('',(0.,0.,-1.));
#12959=DIRECTION('',(0.,-1.,0.));
#12960=DIRECTION('',(0.,0.,-1.));
#12961=DIRECTION('',(0.,-1.,0.));
#12962=DIRECTION('',(0.,0.,-1.));
#12963=DIRECTION('',(0.,-1.,0.));
#12964=DIRECTION('',(0.,0.,-1.));
#12965=DIRECTION('',(0.,-1.,0.));
#12966=DIRECTION('',(0.,0.,-1.));
#12967=DIRECTION('',(0.,-1.,0.));
#12968=DIRECTION('',(0.,0.,-1.));
#12969=DIRECTION('',(0.,-1.,0.));
#12970=DIRECTION('',(0.,0.,-1.));
#12971=DIRECTION('',(0.,-1.,0.));
#12972=DIRECTION('',(0.,0.,-1.));
#12973=DIRECTION('',(0.,-1.,0.));
#12974=DIRECTION('',(0.,0.,-1.));
#12975=DIRECTION('',(0.,-1.,0.));
#12976=DIRECTION('',(0.,0.,-1.));
#12977=DIRECTION('',(0.,-1.,0.));
#12978=DIRECTION('',(0.,0.,-1.));
#12979=DIRECTION('',(0.,-1.,0.));
#12980=DIRECTION('',(0.,0.,-1.));
#12981=DIRECTION('',(0.,-1.,0.));
#12982=DIRECTION('',(0.,0.,-1.));
#12983=DIRECTION('',(0.,-1.,0.));
#12984=DIRECTION('',(0.,0.,-1.));
#12985=DIRECTION('',(0.,-1.,0.));
#12986=DIRECTION('',(0.,0.,-1.));
#12987=DIRECTION('',(0.,-1.,0.));
#12988=DIRECTION('',(0.,0.,-1.));
#12989=DIRECTION('',(0.,-1.,0.));
#12990=DIRECTION('',(0.,0.,-1.));
#12991=DIRECTION('',(0.,-1.,0.));
#12992=DIRECTION('',(0.,0.,-1.));
#12993=DIRECTION('',(0.,-1.,0.));
#12994=DIRECTION('',(0.,0.,-1.));
#12995=DIRECTION('',(0.,-1.,0.));
#12996=DIRECTION('',(0.,0.,-1.));
#12997=DIRECTION('',(0.,-1.,0.));
#12998=DIRECTION('',(0.,0.,-1.));
#12999=DIRECTION('',(0.,-1.,0.));
#13000=DIRECTION('',(0.,0.,-1.));
#13001=DIRECTION('',(0.,-1.,0.));
#13002=DIRECTION('',(0.,0.,-1.));
#13003=DIRECTION('',(0.,-1.,0.));
#13004=DIRECTION('',(0.,0.,-1.));
#13005=DIRECTION('',(0.,-1.,0.));
#13006=DIRECTION('',(0.,0.,-1.));
#13007=DIRECTION('',(0.,-1.,0.));
#13008=DIRECTION('',(0.,0.,-1.));
#13009=DIRECTION('',(0.,-1.,0.));
#13010=DIRECTION('',(0.,0.,-1.));
#13011=DIRECTION('',(0.,-1.,0.));
#13012=DIRECTION('',(0.,0.,-1.));
#13013=DIRECTION('',(0.,-1.,0.));
#13014=DIRECTION('',(0.,0.,-1.));
#13015=DIRECTION('',(0.,-1.,0.));
#13016=DIRECTION('',(0.,0.,-1.));
#13017=DIRECTION('',(0.,-1.,0.));
#13018=DIRECTION('',(0.,0.,-1.));
#13019=DIRECTION('',(0.,-1.,0.));
#13020=DIRECTION('',(0.,0.,-1.));
#13021=DIRECTION('',(0.,-1.,0.));
#13022=DIRECTION('',(0.,0.,-1.));
#13023=DIRECTION('',(0.,-1.,0.));
#13024=DIRECTION('',(0.,0.,-1.));
#13025=DIRECTION('',(0.,-1.,0.));
#13026=DIRECTION('',(0.,0.,-1.));
#13027=DIRECTION('',(0.,-1.,0.));
#13028=DIRECTION('',(0.,0.,-1.));
#13029=DIRECTION('',(0.,-1.,0.));
#13030=DIRECTION('',(0.,0.,-1.));
#13031=DIRECTION('',(0.,-1.,0.));
#13032=DIRECTION('',(0.,0.,-1.));
#13033=DIRECTION('',(0.,-1.,0.));
#13034=DIRECTION('',(0.,0.,-1.));
#13035=DIRECTION('',(0.,-1.,0.));
#13036=DIRECTION('',(0.,0.,-1.));
#13037=DIRECTION('',(0.,-1.,0.));
#13038=DIRECTION('',(0.,0.,-1.));
#13039=DIRECTION('',(0.,-1.,0.));
#13040=DIRECTION('',(0.,0.,-1.));
#13041=DIRECTION('',(0.,-1.,0.));
#13042=DIRECTION('',(0.,0.,-1.));
#13043=DIRECTION('',(0.,-1.,0.));
#13044=DIRECTION('',(0.,0.,-1.));
#13045=DIRECTION('',(0.,-1.,0.));
#13046=DIRECTION('',(0.,0.,-1.));
#13047=DIRECTION('',(0.,-1.,0.));
#13048=DIRECTION('',(0.,0.,-1.));
#13049=DIRECTION('',(0.,-1.,0.));
#13050=DIRECTION('',(0.,0.,-1.));
#13051=DIRECTION('',(0.,-1.,0.));
#13052=DIRECTION('',(0.,0.,-1.));
#13053=DIRECTION('',(0.,-1.,0.));
#13054=DIRECTION('',(0.,0.,-1.));
#13055=DIRECTION('',(0.,-1.,0.));
#13056=DIRECTION('',(0.,0.,-1.));
#13057=DIRECTION('',(0.,-1.,0.));
#13058=DIRECTION('',(0.,0.,-1.));
#13059=DIRECTION('',(0.,-1.,0.));
#13060=DIRECTION('',(0.,0.,-1.));
#13061=DIRECTION('',(0.,-1.,0.));
#13062=DIRECTION('',(0.,0.,-1.));
#13063=DIRECTION('',(0.,-1.,0.));
#13064=DIRECTION('',(0.,0.,-1.));
#13065=DIRECTION('',(0.,-1.,0.));
#13066=DIRECTION('',(0.,0.,-1.));
#13067=DIRECTION('',(0.,-1.,0.));
#13068=DIRECTION('',(0.,0.,-1.));
#13069=DIRECTION('',(0.,-1.,0.));
#13070=DIRECTION('',(0.,0.,-1.));
#13071=DIRECTION('',(0.,1.,0.));
#13072=DIRECTION('',(1.,0.,0.));
#13073=DIRECTION('',(0.,1.,0.));
#13074=DIRECTION('',(1.,0.,0.));
#13075=DIRECTION('',(0.,0.,-1.));
#13076=DIRECTION('',(1.,0.,0.));
#13077=DIRECTION('',(0.,0.,1.));
#13078=DIRECTION('',(-1.,0.,0.));
#13079=DIRECTION('',(-0.707106781186547,0.707106781186547,0.));
#13080=DIRECTION('',(0.,0.,-1.));
#13081=DIRECTION('',(0.577350269189626,0.577350269189626,0.577350269189626));
#13082=DIRECTION('',(0.577350269189626,0.577350269189626,-0.577350269189626));
#13083=DIRECTION('',(-0.577350269189626,-0.577350269189626,-0.577350269189626));
#13084=DIRECTION('',(0.577350269189626,0.577350269189626,-0.577350269189626));
#13085=DIRECTION('',(0.,0.707106781186547,0.707106781186547));
#13086=DIRECTION('',(-1.,0.,0.));
#13087=DIRECTION('',(-0.577350269189626,-0.577350269189626,0.577350269189626));
#13088=DIRECTION('',(-0.577350269189626,0.577350269189626,-0.577350269189626));
#13089=DIRECTION('',(-0.577350269189626,0.577350269189626,-0.577350269189626));
#13090=DIRECTION('',(0.,0.707106781186547,-0.707106781186547));
#13091=DIRECTION('',(1.,0.,0.));
#13092=DIRECTION('',(0.577350269189626,-0.577350269189626,-0.577350269189626));
#13093=DIRECTION('',(0.577350269189626,-0.577350269189626,-0.577350269189626));
#13094=DIRECTION('',(0.577350269189626,0.577350269189626,0.577350269189626));
#13095=DIRECTION('',(0.707106781186547,0.707106781186547,0.));
#13096=DIRECTION('',(0.,0.,1.));
#13097=DIRECTION('',(-0.577350269189626,0.577350269189626,0.577350269189626));
#13098=DIRECTION('',(0.577350269189626,-0.577350269189626,0.577350269189626));
#13099=DIRECTION('',(0.707106781186547,0.,0.707106781186547));
#13100=DIRECTION('',(0.,-1.,0.));
#13101=DIRECTION('',(-0.707106781186547,0.,0.707106781186547));
#13102=DIRECTION('',(-0.577350269189626,-0.577350269189626,-0.577350269189626));
#13103=DIRECTION('',(-0.707106781186547,0.,0.707106781186547));
#13104=DIRECTION('',(0.707106781186547,-0.707106781186547,0.));
#13105=DIRECTION('',(0.,0.707106781186547,-0.707106781186547));
#13106=DIRECTION('',(-0.707106781186547,0.,0.707106781186547));
#13107=DIRECTION('',(0.,-1.,0.));
#13108=DIRECTION('',(-0.707106781186547,0.,-0.707106781186547));
#13109=DIRECTION('',(0.,0.707106781186547,0.707106781186547));
#13110=DIRECTION('',(-1.,0.,0.));
#13111=DIRECTION('',(0.,-0.707106781186547,0.707106781186547));
#13112=DIRECTION('',(0.707106781186547,0.707106781186547,0.));
#13113=DIRECTION('',(0.,0.,1.));
#13114=DIRECTION('',(-0.707106781186547,0.707106781186547,0.));
#13115=DIRECTION('',(0.707106781186547,0.,-0.707106781186547));
#13116=DIRECTION('',(0.,-1.,0.));
#13117=DIRECTION('',(0.707106781186547,0.,0.707106781186547));
#13118=DIRECTION('',(0.577350269189626,-0.577350269189626,-0.577350269189626));
#13119=DIRECTION('',(-0.707106781186547,0.,-0.707106781186547));
#13120=DIRECTION('',(0.707106781186547,0.707106781186547,0.));
#13121=DIRECTION('',(-0.577350269189626,-0.577350269189626,0.577350269189626));
#13122=DIRECTION('',(0.707106781186547,0.,0.707106781186547));
#13123=DIRECTION('',(0.,-0.707106781186547,-0.707106781186547));
#13124=DIRECTION('',(-0.707106781186547,0.707106781186547,0.));
#13125=DIRECTION('',(0.,0.,-1.));
#13126=DIRECTION('',(-0.707106781186547,-0.707106781186547,0.));
#13127=DIRECTION('',(0.,0.707106781186547,-0.707106781186547));
#13128=DIRECTION('',(1.,0.,0.));
#13129=DIRECTION('',(0.,0.707106781186547,0.707106781186547));
#13130=DIRECTION('',(0.577350269189626,-0.577350269189626,0.577350269189626));
#13131=DIRECTION('',(0.707106781186547,0.,-0.707106781186547));
#13132=DIRECTION('',(0.707106781186547,0.,-0.707106781186547));
#13133=DIRECTION('',(-0.707106781186547,0.,-0.707106781186547));
#13134=DIRECTION('',(0.,-1.,0.));
#13135=DIRECTION('',(0.,-1.,0.));
#13136=DIRECTION('',(0.,0.,-1.));
#13137=DIRECTION('',(0.,-1.,0.));
#13138=DIRECTION('',(0.,0.,-1.));
#13139=DIRECTION('',(0.,1.,0.));
#13140=DIRECTION('',(0.,0.,1.));
#13141=DIRECTION('',(0.,-1.,0.));
#13142=DIRECTION('',(0.,0.,-1.));
#13143=DIRECTION('',(0.,1.,0.));
#13144=DIRECTION('',(0.,0.,1.));
#13145=DIRECTION('',(0.,-1.,0.));
#13146=DIRECTION('',(0.,0.,-1.));
#13147=DIRECTION('',(0.,-1.,0.));
#13148=DIRECTION('',(0.,0.,-1.));
#13149=DIRECTION('',(0.,-1.,0.));
#13150=DIRECTION('',(0.,0.,-1.));
#13151=DIRECTION('',(0.,1.,0.));
#13152=DIRECTION('',(0.,0.,1.));
#13153=DIRECTION('',(0.,-1.,0.));
#13154=DIRECTION('',(0.,0.,-1.));
#13155=DIRECTION('',(0.,-1.,0.));
#13156=DIRECTION('',(0.,0.,-1.));
#13157=DIRECTION('',(0.,-1.,0.));
#13158=DIRECTION('',(0.,0.,-1.));
#13159=DIRECTION('',(0.,-1.,0.));
#13160=DIRECTION('',(0.,0.,-1.));
#13161=DIRECTION('',(0.,-1.,0.));
#13162=DIRECTION('',(0.,0.,-1.));
#13163=DIRECTION('',(0.,-1.,0.));
#13164=DIRECTION('',(0.,0.,-1.));
#13165=DIRECTION('',(0.,-1.,0.));
#13166=DIRECTION('',(0.,0.,-1.));
#13167=DIRECTION('',(0.,-1.,0.));
#13168=DIRECTION('',(0.,0.,-1.));
#13169=DIRECTION('',(0.,-1.,0.));
#13170=DIRECTION('',(0.,0.,-1.));
#13171=DIRECTION('',(0.,-1.,0.));
#13172=DIRECTION('',(0.,0.,-1.));
#13173=DIRECTION('',(0.,1.,0.));
#13174=DIRECTION('',(0.,0.,1.));
#13175=DIRECTION('',(0.,-1.,0.));
#13176=DIRECTION('',(0.,0.,-1.));
#13177=DIRECTION('',(0.,1.,0.));
#13178=DIRECTION('',(0.,0.,1.));
#13179=DIRECTION('',(0.,-1.,0.));
#13180=DIRECTION('',(0.,0.,-1.));
#13181=DIRECTION('',(0.,-1.,0.));
#13182=DIRECTION('',(0.,0.,-1.));
#13183=DIRECTION('',(0.,-1.,0.));
#13184=DIRECTION('',(0.,0.,-1.));
#13185=DIRECTION('',(0.,1.,0.));
#13186=DIRECTION('',(0.,0.,1.));
#13187=DIRECTION('',(0.,-1.,0.));
#13188=DIRECTION('',(0.,0.,-1.));
#13189=DIRECTION('',(0.,-1.,0.));
#13190=DIRECTION('',(0.,0.,-1.));
#13191=DIRECTION('',(0.,-1.,0.));
#13192=DIRECTION('',(0.,0.,-1.));
#13193=DIRECTION('',(0.,-1.,0.));
#13194=DIRECTION('',(0.,0.,-1.));
#13195=DIRECTION('',(0.,-1.,0.));
#13196=DIRECTION('',(0.,0.,-1.));
#13197=DIRECTION('',(0.,-1.,0.));
#13198=DIRECTION('',(0.,0.,-1.));
#13199=DIRECTION('',(0.,-1.,0.));
#13200=DIRECTION('',(0.,0.,-1.));
#13201=DIRECTION('',(0.,-1.,0.));
#13202=DIRECTION('',(0.,0.,-1.));
#13203=DIRECTION('',(0.,-1.,0.));
#13204=DIRECTION('',(0.,0.,-1.));
#13205=DIRECTION('',(0.,-1.,0.));
#13206=DIRECTION('',(0.,0.,-1.));
#13207=DIRECTION('',(0.,1.,0.));
#13208=DIRECTION('',(0.,0.,1.));
#13209=DIRECTION('',(0.,-1.,0.));
#13210=DIRECTION('',(0.,0.,-1.));
#13211=DIRECTION('',(0.,1.,0.));
#13212=DIRECTION('',(0.,0.,1.));
#13213=DIRECTION('',(0.,-1.,0.));
#13214=DIRECTION('',(0.,0.,-1.));
#13215=DIRECTION('',(0.,-1.,0.));
#13216=DIRECTION('',(0.,0.,-1.));
#13217=DIRECTION('',(0.,-1.,0.));
#13218=DIRECTION('',(0.,0.,-1.));
#13219=DIRECTION('',(0.,1.,0.));
#13220=DIRECTION('',(0.,0.,1.));
#13221=DIRECTION('',(0.,-1.,0.));
#13222=DIRECTION('',(0.,0.,-1.));
#13223=DIRECTION('',(0.,-1.,0.));
#13224=DIRECTION('',(0.,0.,-1.));
#13225=DIRECTION('',(0.,-1.,0.));
#13226=DIRECTION('',(0.,0.,-1.));
#13227=DIRECTION('',(0.,-1.,0.));
#13228=DIRECTION('',(0.,0.,-1.));
#13229=DIRECTION('',(0.,-1.,0.));
#13230=DIRECTION('',(0.,0.,-1.));
#13231=DIRECTION('',(0.,-1.,0.));
#13232=DIRECTION('',(0.,0.,-1.));
#13233=DIRECTION('',(0.,-1.,0.));
#13234=DIRECTION('',(0.,0.,-1.));
#13235=DIRECTION('',(0.,-1.,0.));
#13236=DIRECTION('',(0.,0.,-1.));
#13237=DIRECTION('',(0.,-1.,0.));
#13238=DIRECTION('',(0.,0.,-1.));
#13239=DIRECTION('',(0.,-1.,0.));
#13240=DIRECTION('',(0.,0.,-1.));
#13241=DIRECTION('',(0.,1.,0.));
#13242=DIRECTION('',(0.,0.,1.));
#13243=DIRECTION('',(0.,-1.,0.));
#13244=DIRECTION('',(0.,0.,-1.));
#13245=DIRECTION('',(0.,1.,0.));
#13246=DIRECTION('',(0.,0.,1.));
#13247=DIRECTION('',(0.,-1.,0.));
#13248=DIRECTION('',(0.,0.,-1.));
#13249=DIRECTION('',(0.,-1.,0.));
#13250=DIRECTION('',(0.,0.,-1.));
#13251=DIRECTION('',(0.,-1.,0.));
#13252=DIRECTION('',(0.,0.,-1.));
#13253=DIRECTION('',(0.,1.,0.));
#13254=DIRECTION('',(0.,0.,1.));
#13255=DIRECTION('',(0.,-1.,0.));
#13256=DIRECTION('',(0.,0.,-1.));
#13257=DIRECTION('',(0.,-1.,0.));
#13258=DIRECTION('',(0.,0.,-1.));
#13259=DIRECTION('',(0.,-1.,0.));
#13260=DIRECTION('',(0.,0.,-1.));
#13261=DIRECTION('',(0.,-1.,0.));
#13262=DIRECTION('',(0.,0.,-1.));
#13263=DIRECTION('',(0.,-1.,0.));
#13264=DIRECTION('',(0.,0.,-1.));
#13265=DIRECTION('',(0.,-1.,0.));
#13266=DIRECTION('',(0.,0.,-1.));
#13267=DIRECTION('',(0.,-1.,0.));
#13268=DIRECTION('',(0.,0.,-1.));
#13269=DIRECTION('',(0.,-1.,0.));
#13270=DIRECTION('',(0.,0.,-1.));
#13271=DIRECTION('',(0.,-1.,0.));
#13272=DIRECTION('',(0.,0.,-1.));
#13273=DIRECTION('',(0.,-1.,0.));
#13274=DIRECTION('',(0.,0.,-1.));
#13275=DIRECTION('',(0.,1.,0.));
#13276=DIRECTION('',(0.,0.,1.));
#13277=DIRECTION('',(0.,-1.,0.));
#13278=DIRECTION('',(0.,0.,-1.));
#13279=DIRECTION('',(0.,1.,0.));
#13280=DIRECTION('',(0.,0.,1.));
#13281=DIRECTION('',(0.,-1.,0.));
#13282=DIRECTION('',(0.,0.,-1.));
#13283=DIRECTION('',(0.,-1.,0.));
#13284=DIRECTION('',(0.,0.,-1.));
#13285=DIRECTION('',(0.,-1.,0.));
#13286=DIRECTION('',(0.,0.,-1.));
#13287=DIRECTION('',(0.,1.,0.));
#13288=DIRECTION('',(0.,0.,1.));
#13289=DIRECTION('',(0.,-1.,0.));
#13290=DIRECTION('',(0.,0.,-1.));
#13291=DIRECTION('',(0.,-1.,0.));
#13292=DIRECTION('',(0.,0.,-1.));
#13293=DIRECTION('',(0.,-1.,0.));
#13294=DIRECTION('',(0.,0.,-1.));
#13295=DIRECTION('',(0.,-1.,0.));
#13296=DIRECTION('',(0.,0.,-1.));
#13297=DIRECTION('',(0.,-1.,0.));
#13298=DIRECTION('',(0.,0.,-1.));
#13299=DIRECTION('',(0.,-1.,0.));
#13300=DIRECTION('',(0.,0.,-1.));
#13301=DIRECTION('',(0.,-1.,0.));
#13302=DIRECTION('',(0.,0.,-1.));
#13303=DIRECTION('',(0.,-1.,0.));
#13304=DIRECTION('',(0.,0.,-1.));
#13305=DIRECTION('',(0.,-1.,0.));
#13306=DIRECTION('',(0.,0.,-1.));
#13307=DIRECTION('',(0.,-1.,0.));
#13308=DIRECTION('',(0.,0.,-1.));
#13309=DIRECTION('',(0.,1.,0.));
#13310=DIRECTION('',(0.,0.,1.));
#13311=DIRECTION('',(0.,-1.,0.));
#13312=DIRECTION('',(0.,0.,-1.));
#13313=DIRECTION('',(0.,1.,0.));
#13314=DIRECTION('',(0.,0.,1.));
#13315=DIRECTION('',(0.,-1.,0.));
#13316=DIRECTION('',(0.,0.,-1.));
#13317=DIRECTION('',(0.,-1.,0.));
#13318=DIRECTION('',(0.,0.,-1.));
#13319=DIRECTION('',(0.,-1.,0.));
#13320=DIRECTION('',(0.,0.,-1.));
#13321=DIRECTION('',(0.,1.,0.));
#13322=DIRECTION('',(0.,0.,1.));
#13323=DIRECTION('',(0.,-1.,0.));
#13324=DIRECTION('',(0.,0.,-1.));
#13325=DIRECTION('',(0.,-1.,0.));
#13326=DIRECTION('',(0.,0.,-1.));
#13327=DIRECTION('',(0.,-1.,0.));
#13328=DIRECTION('',(0.,0.,-1.));
#13329=DIRECTION('',(0.,-1.,0.));
#13330=DIRECTION('',(0.,0.,-1.));
#13331=DIRECTION('',(0.,-1.,0.));
#13332=DIRECTION('',(0.,0.,-1.));
#13333=DIRECTION('',(0.,-1.,0.));
#13334=DIRECTION('',(0.,0.,-1.));
#13335=DIRECTION('',(0.,-1.,0.));
#13336=DIRECTION('',(0.,0.,-1.));
#13337=DIRECTION('',(0.,-1.,0.));
#13338=DIRECTION('',(0.,0.,-1.));
#13339=DIRECTION('',(0.,-1.,0.));
#13340=DIRECTION('',(0.,0.,-1.));
#13341=DIRECTION('',(0.,-1.,0.));
#13342=DIRECTION('',(0.,0.,-1.));
#13343=DIRECTION('',(0.,1.,0.));
#13344=DIRECTION('',(0.,0.,1.));
#13345=DIRECTION('',(0.,-1.,0.));
#13346=DIRECTION('',(0.,0.,-1.));
#13347=DIRECTION('',(0.,1.,0.));
#13348=DIRECTION('',(0.,0.,1.));
#13349=DIRECTION('',(0.,-1.,0.));
#13350=DIRECTION('',(0.,0.,-1.));
#13351=DIRECTION('',(0.,-1.,0.));
#13352=DIRECTION('',(0.,0.,-1.));
#13353=DIRECTION('',(0.,-1.,0.));
#13354=DIRECTION('',(0.,0.,-1.));
#13355=DIRECTION('',(0.,1.,0.));
#13356=DIRECTION('',(0.,0.,1.));
#13357=DIRECTION('',(0.,-1.,0.));
#13358=DIRECTION('',(0.,0.,-1.));
#13359=DIRECTION('',(0.,-1.,0.));
#13360=DIRECTION('',(0.,0.,-1.));
#13361=DIRECTION('',(0.,-1.,0.));
#13362=DIRECTION('',(0.,0.,-1.));
#13363=DIRECTION('',(0.,-1.,0.));
#13364=DIRECTION('',(0.,0.,-1.));
#13365=DIRECTION('',(0.,-1.,0.));
#13366=DIRECTION('',(0.,0.,-1.));
#13367=DIRECTION('',(0.,-1.,0.));
#13368=DIRECTION('',(0.,0.,-1.));
#13369=DIRECTION('',(0.,-1.,0.));
#13370=DIRECTION('',(0.,0.,-1.));
#13371=DIRECTION('',(0.,-1.,0.));
#13372=DIRECTION('',(0.,0.,-1.));
#13373=DIRECTION('',(0.,-1.,0.));
#13374=DIRECTION('',(0.,0.,-1.));
#13375=DIRECTION('',(0.,-1.,0.));
#13376=DIRECTION('',(0.,0.,-1.));
#13377=DIRECTION('',(0.,1.,0.));
#13378=DIRECTION('',(0.,0.,1.));
#13379=DIRECTION('',(0.,-1.,0.));
#13380=DIRECTION('',(0.,0.,-1.));
#13381=DIRECTION('',(0.,1.,0.));
#13382=DIRECTION('',(0.,0.,1.));
#13383=DIRECTION('',(0.,-1.,0.));
#13384=DIRECTION('',(0.,0.,-1.));
#13385=DIRECTION('',(0.,-1.,0.));
#13386=DIRECTION('',(0.,0.,-1.));
#13387=DIRECTION('',(0.,-1.,0.));
#13388=DIRECTION('',(0.,0.,-1.));
#13389=DIRECTION('',(0.,1.,0.));
#13390=DIRECTION('',(0.,0.,1.));
#13391=DIRECTION('',(0.,-1.,0.));
#13392=DIRECTION('',(0.,0.,-1.));
#13393=DIRECTION('',(0.,-1.,0.));
#13394=DIRECTION('',(0.,0.,-1.));
#13395=DIRECTION('',(0.,-1.,0.));
#13396=DIRECTION('',(0.,0.,-1.));
#13397=DIRECTION('',(0.,-1.,0.));
#13398=DIRECTION('',(0.,0.,-1.));
#13399=DIRECTION('',(0.,-1.,0.));
#13400=DIRECTION('',(0.,0.,-1.));
#13401=DIRECTION('',(0.,-1.,0.));
#13402=DIRECTION('',(0.,0.,-1.));
#13403=DIRECTION('',(0.,-1.,0.));
#13404=DIRECTION('',(0.,0.,-1.));
#13405=DIRECTION('',(0.,-1.,0.));
#13406=DIRECTION('',(0.,0.,-1.));
#13407=DIRECTION('',(0.,-1.,0.));
#13408=DIRECTION('',(0.,0.,-1.));
#13409=DIRECTION('',(0.,-1.,0.));
#13410=DIRECTION('',(0.,0.,-1.));
#13411=DIRECTION('',(0.,1.,0.));
#13412=DIRECTION('',(0.,0.,1.));
#13413=DIRECTION('',(0.,-1.,0.));
#13414=DIRECTION('',(0.,0.,-1.));
#13415=DIRECTION('',(0.,1.,0.));
#13416=DIRECTION('',(0.,0.,1.));
#13417=DIRECTION('',(0.,-1.,0.));
#13418=DIRECTION('',(0.,0.,-1.));
#13419=DIRECTION('',(0.,-1.,0.));
#13420=DIRECTION('',(0.,0.,-1.));
#13421=DIRECTION('',(0.,-1.,0.));
#13422=DIRECTION('',(0.,0.,-1.));
#13423=DIRECTION('',(0.,1.,0.));
#13424=DIRECTION('',(0.,0.,1.));
#13425=DIRECTION('',(0.,-1.,0.));
#13426=DIRECTION('',(0.,0.,-1.));
#13427=DIRECTION('',(0.,-1.,0.));
#13428=DIRECTION('',(0.,0.,-1.));
#13429=DIRECTION('',(0.,-1.,0.));
#13430=DIRECTION('',(0.,0.,-1.));
#13431=DIRECTION('',(0.,-1.,0.));
#13432=DIRECTION('',(0.,0.,-1.));
#13433=DIRECTION('',(0.,-1.,0.));
#13434=DIRECTION('',(0.,0.,-1.));
#13435=DIRECTION('',(0.,-1.,0.));
#13436=DIRECTION('',(0.,0.,-1.));
#13437=DIRECTION('',(0.,-1.,0.));
#13438=DIRECTION('',(0.,0.,-1.));
#13439=DIRECTION('',(0.,-1.,0.));
#13440=DIRECTION('',(0.,0.,-1.));
#13441=DIRECTION('',(0.,-1.,0.));
#13442=DIRECTION('',(0.,0.,-1.));
#13443=DIRECTION('',(0.,-1.,0.));
#13444=DIRECTION('',(0.,0.,-1.));
#13445=DIRECTION('',(0.,1.,0.));
#13446=DIRECTION('',(0.,0.,1.));
#13447=DIRECTION('',(0.,-1.,0.));
#13448=DIRECTION('',(0.,0.,-1.));
#13449=DIRECTION('',(0.,1.,0.));
#13450=DIRECTION('',(0.,0.,1.));
#13451=DIRECTION('',(0.,-1.,0.));
#13452=DIRECTION('',(0.,0.,-1.));
#13453=DIRECTION('',(0.,-1.,0.));
#13454=DIRECTION('',(0.,0.,-1.));
#13455=DIRECTION('',(0.,-1.,0.));
#13456=DIRECTION('',(0.,0.,-1.));
#13457=DIRECTION('',(0.,1.,0.));
#13458=DIRECTION('',(0.,0.,1.));
#13459=DIRECTION('',(0.,-1.,0.));
#13460=DIRECTION('',(0.,0.,-1.));
#13461=DIRECTION('',(0.,-1.,0.));
#13462=DIRECTION('',(0.,0.,-1.));
#13463=DIRECTION('',(0.,-1.,0.));
#13464=DIRECTION('',(0.,0.,-1.));
#13465=DIRECTION('',(0.,-1.,0.));
#13466=DIRECTION('',(0.,0.,-1.));
#13467=DIRECTION('',(0.,-1.,0.));
#13468=DIRECTION('',(0.,0.,-1.));
#13469=DIRECTION('',(0.,-1.,0.));
#13470=DIRECTION('',(0.,0.,-1.));
#13471=DIRECTION('',(0.,-1.,0.));
#13472=DIRECTION('',(0.,0.,-1.));
#13473=DIRECTION('',(0.,-1.,0.));
#13474=DIRECTION('',(0.,0.,-1.));
#13475=DIRECTION('',(0.,-1.,0.));
#13476=DIRECTION('',(0.,0.,-1.));
#13477=DIRECTION('',(0.,-1.,0.));
#13478=DIRECTION('',(0.,0.,-1.));
#13479=DIRECTION('',(0.,1.,0.));
#13480=DIRECTION('',(0.,0.,1.));
#13481=DIRECTION('',(0.,-1.,0.));
#13482=DIRECTION('',(0.,0.,-1.));
#13483=DIRECTION('',(0.,1.,0.));
#13484=DIRECTION('',(0.,0.,1.));
#13485=DIRECTION('',(0.,-1.,0.));
#13486=DIRECTION('',(0.,0.,-1.));
#13487=DIRECTION('',(0.,-1.,0.));
#13488=DIRECTION('',(0.,0.,-1.));
#13489=DIRECTION('',(0.,-1.,0.));
#13490=DIRECTION('',(0.,0.,-1.));
#13491=DIRECTION('',(0.,1.,0.));
#13492=DIRECTION('',(0.,0.,1.));
#13493=DIRECTION('',(0.,-1.,0.));
#13494=DIRECTION('',(0.,0.,-1.));
#13495=DIRECTION('',(0.,-1.,0.));
#13496=DIRECTION('',(0.,0.,-1.));
#13497=DIRECTION('',(0.,-1.,0.));
#13498=DIRECTION('',(0.,0.,-1.));
#13499=DIRECTION('',(0.,-1.,0.));
#13500=DIRECTION('',(0.,0.,-1.));
#13501=DIRECTION('',(0.,-1.,0.));
#13502=DIRECTION('',(0.,0.,-1.));
#13503=DIRECTION('',(0.,-1.,0.));
#13504=DIRECTION('',(0.,0.,-1.));
#13505=DIRECTION('',(0.,-1.,0.));
#13506=DIRECTION('',(0.,0.,-1.));
#13507=DIRECTION('',(0.,-1.,0.));
#13508=DIRECTION('',(0.,0.,-1.));
#13509=DIRECTION('',(0.,-1.,0.));
#13510=DIRECTION('',(0.,0.,-1.));
#13511=DIRECTION('',(0.,-1.,0.));
#13512=DIRECTION('',(0.,0.,-1.));
#13513=DIRECTION('',(0.,1.,0.));
#13514=DIRECTION('',(0.,0.,1.));
#13515=DIRECTION('',(0.,-1.,0.));
#13516=DIRECTION('',(0.,0.,-1.));
#13517=DIRECTION('',(0.,1.,0.));
#13518=DIRECTION('',(0.,0.,1.));
#13519=DIRECTION('',(0.,-1.,0.));
#13520=DIRECTION('',(0.,0.,-1.));
#13521=DIRECTION('',(0.,-1.,0.));
#13522=DIRECTION('',(0.,0.,-1.));
#13523=DIRECTION('',(0.,-1.,0.));
#13524=DIRECTION('',(0.,0.,-1.));
#13525=DIRECTION('',(0.,1.,0.));
#13526=DIRECTION('',(0.,0.,1.));
#13527=DIRECTION('',(0.,-1.,0.));
#13528=DIRECTION('',(0.,0.,-1.));
#13529=DIRECTION('',(0.,-1.,0.));
#13530=DIRECTION('',(0.,0.,-1.));
#13531=DIRECTION('',(0.,-1.,0.));
#13532=DIRECTION('',(0.,0.,-1.));
#13533=DIRECTION('',(0.,-1.,0.));
#13534=DIRECTION('',(0.,0.,-1.));
#13535=DIRECTION('',(0.,-1.,0.));
#13536=DIRECTION('',(0.,0.,-1.));
#13537=DIRECTION('',(0.,-1.,0.));
#13538=DIRECTION('',(0.,0.,-1.));
#13539=DIRECTION('',(0.,-1.,0.));
#13540=DIRECTION('',(0.,0.,-1.));
#13541=DIRECTION('',(0.,-1.,0.));
#13542=DIRECTION('',(0.,0.,-1.));
#13543=DIRECTION('',(0.,-1.,0.));
#13544=DIRECTION('',(0.,0.,-1.));
#13545=DIRECTION('',(0.,-1.,0.));
#13546=DIRECTION('',(0.,0.,-1.));
#13547=DIRECTION('',(0.,1.,0.));
#13548=DIRECTION('',(0.,0.,1.));
#13549=DIRECTION('',(0.,-1.,0.));
#13550=DIRECTION('',(0.,0.,-1.));
#13551=DIRECTION('',(0.,1.,0.));
#13552=DIRECTION('',(0.,0.,1.));
#13553=DIRECTION('',(0.,-1.,0.));
#13554=DIRECTION('',(0.,0.,-1.));
#13555=DIRECTION('',(0.,-1.,0.));
#13556=DIRECTION('',(0.,0.,-1.));
#13557=DIRECTION('',(0.,-1.,0.));
#13558=DIRECTION('',(0.,0.,-1.));
#13559=DIRECTION('',(0.,1.,0.));
#13560=DIRECTION('',(0.,0.,1.));
#13561=DIRECTION('',(0.,-1.,0.));
#13562=DIRECTION('',(0.,0.,-1.));
#13563=DIRECTION('',(0.,-1.,0.));
#13564=DIRECTION('',(0.,0.,-1.));
#13565=DIRECTION('',(0.,-1.,0.));
#13566=DIRECTION('',(0.,0.,-1.));
#13567=DIRECTION('',(0.,-1.,0.));
#13568=DIRECTION('',(0.,0.,-1.));
#13569=DIRECTION('',(0.,-1.,0.));
#13570=DIRECTION('',(0.,0.,-1.));
#13571=DIRECTION('',(0.,-1.,0.));
#13572=DIRECTION('',(0.,0.,-1.));
#13573=DIRECTION('',(0.,-1.,0.));
#13574=DIRECTION('',(0.,0.,-1.));
#13575=DIRECTION('',(0.,-1.,0.));
#13576=DIRECTION('',(0.,0.,-1.));
#13577=DIRECTION('',(0.,-1.,0.));
#13578=DIRECTION('',(0.,0.,-1.));
#13579=DIRECTION('',(0.,-1.,0.));
#13580=DIRECTION('',(0.,0.,-1.));
#13581=DIRECTION('',(0.,1.,0.));
#13582=DIRECTION('',(0.,0.,1.));
#13583=DIRECTION('',(0.,-1.,0.));
#13584=DIRECTION('',(0.,0.,-1.));
#13585=DIRECTION('',(0.,1.,0.));
#13586=DIRECTION('',(0.,0.,1.));
#13587=DIRECTION('',(0.,-1.,0.));
#13588=DIRECTION('',(0.,0.,-1.));
#13589=DIRECTION('',(0.,-1.,0.));
#13590=DIRECTION('',(0.,0.,-1.));
#13591=DIRECTION('',(0.,-1.,0.));
#13592=DIRECTION('',(0.,0.,-1.));
#13593=DIRECTION('',(0.,1.,0.));
#13594=DIRECTION('',(0.,0.,1.));
#13595=DIRECTION('',(0.,-1.,0.));
#13596=DIRECTION('',(0.,0.,-1.));
#13597=DIRECTION('',(0.,-1.,0.));
#13598=DIRECTION('',(0.,0.,-1.));
#13599=DIRECTION('',(0.,-1.,0.));
#13600=DIRECTION('',(0.,0.,-1.));
#13601=DIRECTION('',(0.,-1.,0.));
#13602=DIRECTION('',(0.,0.,-1.));
#13603=DIRECTION('',(0.,-1.,0.));
#13604=DIRECTION('',(0.,0.,-1.));
#13605=DIRECTION('',(0.,-1.,0.));
#13606=DIRECTION('',(0.,0.,-1.));
#13607=DIRECTION('',(0.,-1.,0.));
#13608=DIRECTION('',(0.,0.,-1.));
#13609=DIRECTION('',(0.,-1.,0.));
#13610=DIRECTION('',(0.,0.,-1.));
#13611=DIRECTION('',(0.,-1.,0.));
#13612=DIRECTION('',(0.,0.,-1.));
#13613=DIRECTION('',(0.,-1.,0.));
#13614=DIRECTION('',(0.,0.,-1.));
#13615=DIRECTION('',(0.,1.,0.));
#13616=DIRECTION('',(0.,0.,1.));
#13617=DIRECTION('',(0.,-1.,0.));
#13618=DIRECTION('',(0.,0.,-1.));
#13619=DIRECTION('',(0.,1.,0.));
#13620=DIRECTION('',(0.,0.,1.));
#13621=DIRECTION('',(0.,-1.,0.));
#13622=DIRECTION('',(0.,0.,-1.));
#13623=DIRECTION('',(0.,-1.,0.));
#13624=DIRECTION('',(0.,0.,-1.));
#13625=DIRECTION('',(0.,-1.,0.));
#13626=DIRECTION('',(0.,0.,-1.));
#13627=DIRECTION('',(0.,1.,0.));
#13628=DIRECTION('',(0.,0.,1.));
#13629=DIRECTION('',(0.,-1.,0.));
#13630=DIRECTION('',(0.,0.,-1.));
#13631=DIRECTION('',(0.,-1.,0.));
#13632=DIRECTION('',(0.,0.,-1.));
#13633=DIRECTION('',(0.,-1.,0.));
#13634=DIRECTION('',(0.,0.,-1.));
#13635=DIRECTION('',(0.,-1.,0.));
#13636=DIRECTION('',(0.,0.,-1.));
#13637=DIRECTION('',(0.,-1.,0.));
#13638=DIRECTION('',(0.,0.,-1.));
#13639=DIRECTION('',(0.,-1.,0.));
#13640=DIRECTION('',(0.,0.,-1.));
#13641=DIRECTION('',(0.,-1.,0.));
#13642=DIRECTION('',(0.,0.,-1.));
#13643=DIRECTION('',(0.,-1.,0.));
#13644=DIRECTION('',(0.,0.,-1.));
#13645=DIRECTION('',(0.,-1.,0.));
#13646=DIRECTION('',(0.,0.,-1.));
#13647=DIRECTION('',(0.,-1.,0.));
#13648=DIRECTION('',(0.,0.,-1.));
#13649=DIRECTION('',(0.,1.,0.));
#13650=DIRECTION('',(0.,0.,1.));
#13651=DIRECTION('',(0.,-1.,0.));
#13652=DIRECTION('',(0.,0.,-1.));
#13653=DIRECTION('',(0.,1.,0.));
#13654=DIRECTION('',(0.,0.,1.));
#13655=DIRECTION('',(0.,-1.,0.));
#13656=DIRECTION('',(0.,0.,-1.));
#13657=DIRECTION('',(0.,-1.,0.));
#13658=DIRECTION('',(0.,0.,-1.));
#13659=DIRECTION('',(0.,-1.,0.));
#13660=DIRECTION('',(0.,0.,-1.));
#13661=DIRECTION('',(0.,1.,0.));
#13662=DIRECTION('',(0.,0.,1.));
#13663=DIRECTION('',(0.,-1.,0.));
#13664=DIRECTION('',(0.,0.,-1.));
#13665=DIRECTION('',(0.,-1.,0.));
#13666=DIRECTION('',(0.,0.,-1.));
#13667=DIRECTION('',(0.,-1.,0.));
#13668=DIRECTION('',(0.,0.,-1.));
#13669=DIRECTION('',(0.,-1.,0.));
#13670=DIRECTION('',(0.,0.,-1.));
#13671=DIRECTION('',(0.,-1.,0.));
#13672=DIRECTION('',(0.,0.,-1.));
#13673=DIRECTION('',(0.,-1.,0.));
#13674=DIRECTION('',(0.,0.,-1.));
#13675=DIRECTION('',(0.,-1.,0.));
#13676=DIRECTION('',(0.,0.,-1.));
#13677=DIRECTION('',(0.,-1.,0.));
#13678=DIRECTION('',(0.,0.,-1.));
#13679=DIRECTION('',(0.,-1.,0.));
#13680=DIRECTION('',(0.,0.,-1.));
#13681=DIRECTION('',(0.,-1.,0.));
#13682=DIRECTION('',(0.,0.,-1.));
#13683=DIRECTION('',(0.,1.,0.));
#13684=DIRECTION('',(0.,0.,1.));
#13685=DIRECTION('',(0.,-1.,0.));
#13686=DIRECTION('',(0.,0.,-1.));
#13687=DIRECTION('',(0.,1.,0.));
#13688=DIRECTION('',(0.,0.,1.));
#13689=DIRECTION('',(0.,-1.,0.));
#13690=DIRECTION('',(0.,0.,-1.));
#13691=DIRECTION('',(0.,-1.,0.));
#13692=DIRECTION('',(0.,0.,-1.));
#13693=DIRECTION('',(0.,-1.,0.));
#13694=DIRECTION('',(0.,0.,-1.));
#13695=DIRECTION('',(0.,1.,0.));
#13696=DIRECTION('',(0.,0.,1.));
#13697=DIRECTION('',(0.,-1.,0.));
#13698=DIRECTION('',(0.,0.,-1.));
#13699=DIRECTION('',(0.,-1.,0.));
#13700=DIRECTION('',(0.,0.,-1.));
#13701=DIRECTION('',(0.,-1.,0.));
#13702=DIRECTION('',(0.,0.,-1.));
#13703=DIRECTION('',(0.,-1.,0.));
#13704=DIRECTION('',(0.,0.,-1.));
#13705=DIRECTION('',(0.,-1.,0.));
#13706=DIRECTION('',(0.,0.,-1.));
#13707=DIRECTION('',(0.,-1.,0.));
#13708=DIRECTION('',(0.,0.,-1.));
#13709=DIRECTION('',(0.,-1.,0.));
#13710=DIRECTION('',(0.,0.,-1.));
#13711=DIRECTION('',(0.,-1.,0.));
#13712=DIRECTION('',(0.,0.,-1.));
#13713=DIRECTION('',(0.,-1.,0.));
#13714=DIRECTION('',(0.,0.,-1.));
#13715=DIRECTION('',(0.,-1.,0.));
#13716=DIRECTION('',(0.,0.,-1.));
#13717=DIRECTION('',(0.,1.,0.));
#13718=DIRECTION('',(0.,0.,1.));
#13719=DIRECTION('',(0.,-1.,0.));
#13720=DIRECTION('',(0.,0.,-1.));
#13721=DIRECTION('',(0.,1.,0.));
#13722=DIRECTION('',(0.,0.,1.));
#13723=DIRECTION('',(0.,-1.,0.));
#13724=DIRECTION('',(0.,0.,-1.));
#13725=DIRECTION('',(0.,-1.,0.));
#13726=DIRECTION('',(0.,0.,-1.));
#13727=DIRECTION('',(0.,-1.,0.));
#13728=DIRECTION('',(0.,0.,-1.));
#13729=DIRECTION('',(0.,1.,0.));
#13730=DIRECTION('',(0.,0.,1.));
#13731=DIRECTION('',(0.,-1.,0.));
#13732=DIRECTION('',(0.,0.,-1.));
#13733=DIRECTION('',(0.,-1.,0.));
#13734=DIRECTION('',(0.,0.,-1.));
#13735=DIRECTION('',(0.,-1.,0.));
#13736=DIRECTION('',(0.,0.,-1.));
#13737=DIRECTION('',(0.,-1.,0.));
#13738=DIRECTION('',(0.,0.,-1.));
#13739=DIRECTION('',(0.,-1.,0.));
#13740=DIRECTION('',(0.,0.,-1.));
#13741=DIRECTION('',(0.,-1.,0.));
#13742=DIRECTION('',(0.,0.,-1.));
#13743=DIRECTION('',(0.,-1.,0.));
#13744=DIRECTION('',(0.,0.,-1.));
#13745=DIRECTION('',(0.,-1.,0.));
#13746=DIRECTION('',(0.,0.,-1.));
#13747=DIRECTION('',(0.,-1.,0.));
#13748=DIRECTION('',(0.,0.,-1.));
#13749=DIRECTION('',(0.,-1.,0.));
#13750=DIRECTION('',(0.,0.,-1.));
#13751=DIRECTION('',(0.,1.,0.));
#13752=DIRECTION('',(0.,0.,1.));
#13753=DIRECTION('',(0.,-1.,0.));
#13754=DIRECTION('',(0.,0.,-1.));
#13755=DIRECTION('',(0.,1.,0.));
#13756=DIRECTION('',(0.,0.,1.));
#13757=DIRECTION('',(0.,-1.,0.));
#13758=DIRECTION('',(0.,0.,-1.));
#13759=DIRECTION('',(0.,-1.,0.));
#13760=DIRECTION('',(0.,0.,-1.));
#13761=DIRECTION('',(0.,-1.,0.));
#13762=DIRECTION('',(0.,0.,-1.));
#13763=DIRECTION('',(0.,1.,0.));
#13764=DIRECTION('',(0.,0.,1.));
#13765=DIRECTION('',(0.,-1.,0.));
#13766=DIRECTION('',(0.,0.,-1.));
#13767=DIRECTION('',(0.,-1.,0.));
#13768=DIRECTION('',(0.,0.,-1.));
#13769=DIRECTION('',(0.,-1.,0.));
#13770=DIRECTION('',(0.,0.,-1.));
#13771=DIRECTION('',(0.,-1.,0.));
#13772=DIRECTION('',(0.,0.,-1.));
#13773=DIRECTION('',(0.,-1.,0.));
#13774=DIRECTION('',(0.,0.,-1.));
#13775=DIRECTION('',(0.,-1.,0.));
#13776=DIRECTION('',(0.,0.,-1.));
#13777=DIRECTION('',(0.,-1.,0.));
#13778=DIRECTION('',(0.,0.,-1.));
#13779=DIRECTION('',(0.,-1.,0.));
#13780=DIRECTION('',(0.,0.,-1.));
#13781=DIRECTION('',(0.,-1.,0.));
#13782=DIRECTION('',(0.,0.,-1.));
#13783=DIRECTION('',(0.,-1.,0.));
#13784=DIRECTION('',(0.,0.,-1.));
#13785=DIRECTION('',(0.,1.,0.));
#13786=DIRECTION('',(0.,0.,1.));
#13787=DIRECTION('',(0.,-1.,0.));
#13788=DIRECTION('',(0.,0.,-1.));
#13789=DIRECTION('',(0.,1.,0.));
#13790=DIRECTION('',(0.,0.,1.));
#13791=DIRECTION('',(0.,-1.,0.));
#13792=DIRECTION('',(0.,0.,-1.));
#13793=DIRECTION('',(0.,-1.,0.));
#13794=DIRECTION('',(0.,0.,-1.));
#13795=DIRECTION('',(0.,-1.,0.));
#13796=DIRECTION('',(0.,0.,-1.));
#13797=DIRECTION('',(0.,1.,0.));
#13798=DIRECTION('',(0.,0.,1.));
#13799=DIRECTION('',(0.,-1.,0.));
#13800=DIRECTION('',(0.,0.,-1.));
#13801=DIRECTION('',(0.,-1.,0.));
#13802=DIRECTION('',(0.,0.,-1.));
#13803=DIRECTION('',(0.,-1.,0.));
#13804=DIRECTION('',(0.,0.,-1.));
#13805=DIRECTION('',(0.,-1.,0.));
#13806=DIRECTION('',(0.,0.,-1.));
#13807=DIRECTION('',(0.,-1.,0.));
#13808=DIRECTION('',(0.,0.,-1.));
#13809=DIRECTION('',(0.,-1.,0.));
#13810=DIRECTION('',(0.,0.,-1.));
#13811=DIRECTION('',(0.,-1.,0.));
#13812=DIRECTION('',(0.,0.,-1.));
#13813=DIRECTION('',(0.,-1.,0.));
#13814=DIRECTION('',(0.,0.,-1.));
#13815=DIRECTION('',(0.,-1.,0.));
#13816=DIRECTION('',(0.,0.,-1.));
#13817=DIRECTION('',(0.,-1.,0.));
#13818=DIRECTION('',(0.,0.,-1.));
#13819=DIRECTION('',(0.,1.,0.));
#13820=DIRECTION('',(0.,0.,1.));
#13821=DIRECTION('',(0.,-1.,0.));
#13822=DIRECTION('',(0.,0.,-1.));
#13823=DIRECTION('',(0.,1.,0.));
#13824=DIRECTION('',(0.,0.,1.));
#13825=DIRECTION('',(0.,-1.,0.));
#13826=DIRECTION('',(0.,0.,-1.));
#13827=DIRECTION('',(0.,-1.,0.));
#13828=DIRECTION('',(0.,0.,-1.));
#13829=DIRECTION('',(0.,-1.,0.));
#13830=DIRECTION('',(0.,0.,-1.));
#13831=DIRECTION('',(0.,1.,0.));
#13832=DIRECTION('',(0.,0.,1.));
#13833=DIRECTION('',(0.,-1.,0.));
#13834=DIRECTION('',(0.,0.,-1.));
#13835=DIRECTION('',(0.,-1.,0.));
#13836=DIRECTION('',(0.,0.,-1.));
#13837=DIRECTION('',(0.,-1.,0.));
#13838=DIRECTION('',(0.,0.,-1.));
#13839=DIRECTION('',(0.,-1.,0.));
#13840=DIRECTION('',(0.,0.,-1.));
#13841=DIRECTION('',(0.,-1.,0.));
#13842=DIRECTION('',(0.,0.,-1.));
#13843=DIRECTION('',(0.,-1.,0.));
#13844=DIRECTION('',(0.,0.,-1.));
#13845=DIRECTION('',(0.,-1.,0.));
#13846=DIRECTION('',(0.,0.,-1.));
#13847=DIRECTION('',(0.,-1.,0.));
#13848=DIRECTION('',(0.,0.,-1.));
#13849=DIRECTION('',(0.,-1.,0.));
#13850=DIRECTION('',(0.,0.,-1.));
#13851=DIRECTION('',(0.,-1.,0.));
#13852=DIRECTION('',(0.,0.,-1.));
#13853=DIRECTION('',(0.,1.,0.));
#13854=DIRECTION('',(0.,0.,1.));
#13855=DIRECTION('',(0.,-1.,0.));
#13856=DIRECTION('',(0.,0.,-1.));
#13857=DIRECTION('',(0.,1.,0.));
#13858=DIRECTION('',(0.,0.,1.));
#13859=DIRECTION('',(0.,-1.,0.));
#13860=DIRECTION('',(0.,0.,-1.));
#13861=DIRECTION('',(0.,-1.,0.));
#13862=DIRECTION('',(0.,0.,-1.));
#13863=DIRECTION('',(0.,-1.,0.));
#13864=DIRECTION('',(0.,0.,-1.));
#13865=DIRECTION('',(0.,1.,0.));
#13866=DIRECTION('',(0.,0.,1.));
#13867=DIRECTION('',(0.,-1.,0.));
#13868=DIRECTION('',(0.,0.,-1.));
#13869=DIRECTION('',(0.,-1.,0.));
#13870=DIRECTION('',(0.,0.,-1.));
#13871=DIRECTION('',(0.,-1.,0.));
#13872=DIRECTION('',(0.,0.,-1.));
#13873=DIRECTION('',(0.,-1.,0.));
#13874=DIRECTION('',(0.,0.,-1.));
#13875=DIRECTION('',(0.,-1.,0.));
#13876=DIRECTION('',(0.,0.,-1.));
#13877=DIRECTION('',(0.,-1.,0.));
#13878=DIRECTION('',(0.,0.,-1.));
#13879=DIRECTION('',(0.,-1.,0.));
#13880=DIRECTION('',(0.,0.,-1.));
#13881=DIRECTION('',(0.,-1.,0.));
#13882=DIRECTION('',(0.,0.,-1.));
#13883=DIRECTION('',(0.,-1.,0.));
#13884=DIRECTION('',(0.,0.,-1.));
#13885=DIRECTION('',(0.,-1.,0.));
#13886=DIRECTION('',(0.,0.,-1.));
#13887=DIRECTION('',(0.,1.,0.));
#13888=DIRECTION('',(0.,0.,1.));
#13889=DIRECTION('',(0.,-1.,0.));
#13890=DIRECTION('',(0.,0.,-1.));
#13891=DIRECTION('',(0.,1.,0.));
#13892=DIRECTION('',(0.,0.,1.));
#13893=DIRECTION('',(0.,-1.,0.));
#13894=DIRECTION('',(0.,0.,-1.));
#13895=DIRECTION('',(0.,-1.,0.));
#13896=DIRECTION('',(0.,0.,-1.));
#13897=DIRECTION('',(0.,-1.,0.));
#13898=DIRECTION('',(0.,0.,-1.));
#13899=DIRECTION('',(0.,1.,0.));
#13900=DIRECTION('',(0.,0.,1.));
#13901=DIRECTION('',(0.,-1.,0.));
#13902=DIRECTION('',(0.,0.,-1.));
#13903=DIRECTION('',(0.,-1.,0.));
#13904=DIRECTION('',(0.,0.,-1.));
#13905=DIRECTION('',(0.,-1.,0.));
#13906=DIRECTION('',(0.,0.,-1.));
#13907=DIRECTION('',(0.,-1.,0.));
#13908=DIRECTION('',(0.,0.,-1.));
#13909=DIRECTION('',(0.,-1.,0.));
#13910=DIRECTION('',(0.,0.,-1.));
#13911=DIRECTION('',(0.,-1.,0.));
#13912=DIRECTION('',(0.,0.,-1.));
#13913=DIRECTION('',(0.,-1.,0.));
#13914=DIRECTION('',(0.,0.,-1.));
#13915=DIRECTION('',(0.,-1.,0.));
#13916=DIRECTION('',(0.,0.,-1.));
#13917=DIRECTION('',(0.,-1.,0.));
#13918=DIRECTION('',(0.,0.,-1.));
#13919=DIRECTION('',(0.,-1.,0.));
#13920=DIRECTION('',(0.,0.,-1.));
#13921=DIRECTION('',(0.,1.,0.));
#13922=DIRECTION('',(0.,0.,1.));
#13923=DIRECTION('',(0.,-1.,0.));
#13924=DIRECTION('',(0.,0.,-1.));
#13925=DIRECTION('',(0.,1.,0.));
#13926=DIRECTION('',(0.,0.,1.));
#13927=DIRECTION('',(0.,-1.,0.));
#13928=DIRECTION('',(0.,0.,-1.));
#13929=DIRECTION('',(0.,-1.,0.));
#13930=DIRECTION('',(0.,0.,-1.));
#13931=DIRECTION('',(0.,-1.,0.));
#13932=DIRECTION('',(0.,0.,-1.));
#13933=DIRECTION('',(0.,1.,0.));
#13934=DIRECTION('',(0.,0.,1.));
#13935=DIRECTION('',(0.,-1.,0.));
#13936=DIRECTION('',(0.,0.,-1.));
#13937=DIRECTION('',(0.,-1.,0.));
#13938=DIRECTION('',(0.,0.,-1.));
#13939=DIRECTION('',(0.,-1.,0.));
#13940=DIRECTION('',(0.,0.,-1.));
#13941=DIRECTION('',(0.,-1.,0.));
#13942=DIRECTION('',(0.,0.,-1.));
#13943=DIRECTION('',(0.,-1.,0.));
#13944=DIRECTION('',(0.,0.,-1.));
#13945=DIRECTION('',(0.,-1.,0.));
#13946=DIRECTION('',(0.,0.,-1.));
#13947=DIRECTION('',(0.,-1.,0.));
#13948=DIRECTION('',(0.,0.,-1.));
#13949=DIRECTION('',(0.,-1.,0.));
#13950=DIRECTION('',(0.,0.,-1.));
#13951=DIRECTION('',(0.,-1.,0.));
#13952=DIRECTION('',(0.,0.,-1.));
#13953=DIRECTION('',(0.,-1.,0.));
#13954=DIRECTION('',(0.,0.,-1.));
#13955=DIRECTION('',(0.,1.,0.));
#13956=DIRECTION('',(0.,0.,1.));
#13957=DIRECTION('',(0.,-1.,0.));
#13958=DIRECTION('',(0.,0.,-1.));
#13959=DIRECTION('',(0.,1.,0.));
#13960=DIRECTION('',(0.,0.,1.));
#13961=DIRECTION('',(0.,-1.,0.));
#13962=DIRECTION('',(0.,0.,-1.));
#13963=DIRECTION('',(0.,-1.,0.));
#13964=DIRECTION('',(0.,0.,-1.));
#13965=DIRECTION('',(0.,-1.,0.));
#13966=DIRECTION('',(0.,0.,-1.));
#13967=DIRECTION('',(0.,1.,0.));
#13968=DIRECTION('',(0.,0.,1.));
#13969=DIRECTION('',(0.,-1.,0.));
#13970=DIRECTION('',(0.,0.,-1.));
#13971=DIRECTION('',(0.,-1.,0.));
#13972=DIRECTION('',(0.,0.,-1.));
#13973=DIRECTION('',(0.,-1.,0.));
#13974=DIRECTION('',(0.,0.,-1.));
#13975=DIRECTION('',(0.,-1.,0.));
#13976=DIRECTION('',(0.,0.,-1.));
#13977=DIRECTION('',(0.,-1.,0.));
#13978=DIRECTION('',(0.,0.,-1.));
#13979=DIRECTION('',(0.,-1.,0.));
#13980=DIRECTION('',(0.,0.,-1.));
#13981=DIRECTION('',(0.,-1.,0.));
#13982=DIRECTION('',(0.,0.,-1.));
#13983=DIRECTION('',(0.,-1.,0.));
#13984=DIRECTION('',(0.,0.,-1.));
#13985=DIRECTION('',(0.,-1.,0.));
#13986=DIRECTION('',(0.,0.,-1.));
#13987=DIRECTION('',(0.,-1.,0.));
#13988=DIRECTION('',(0.,0.,-1.));
#13989=DIRECTION('',(0.,1.,0.));
#13990=DIRECTION('',(0.,0.,1.));
#13991=DIRECTION('',(0.,-1.,0.));
#13992=DIRECTION('',(0.,0.,-1.));
#13993=DIRECTION('',(0.,1.,0.));
#13994=DIRECTION('',(0.,0.,1.));
#13995=DIRECTION('',(0.,-1.,0.));
#13996=DIRECTION('',(0.,0.,-1.));
#13997=DIRECTION('',(0.,-1.,0.));
#13998=DIRECTION('',(0.,0.,-1.));
#13999=DIRECTION('',(0.,-1.,0.));
#14000=DIRECTION('',(0.,0.,-1.));
#14001=DIRECTION('',(0.,1.,0.));
#14002=DIRECTION('',(0.,0.,1.));
#14003=DIRECTION('',(0.,-1.,0.));
#14004=DIRECTION('',(0.,0.,-1.));
#14005=DIRECTION('',(0.,-1.,0.));
#14006=DIRECTION('',(0.,0.,-1.));
#14007=DIRECTION('',(0.,-1.,0.));
#14008=DIRECTION('',(0.,0.,-1.));
#14009=DIRECTION('',(0.,-1.,0.));
#14010=DIRECTION('',(0.,0.,-1.));
#14011=DIRECTION('',(0.,-1.,0.));
#14012=DIRECTION('',(0.,0.,-1.));
#14013=DIRECTION('',(0.,-1.,0.));
#14014=DIRECTION('',(0.,0.,-1.));
#14015=DIRECTION('',(0.,-1.,0.));
#14016=DIRECTION('',(0.,0.,-1.));
#14017=DIRECTION('',(0.,-1.,0.));
#14018=DIRECTION('',(0.,0.,-1.));
#14019=DIRECTION('',(0.,-1.,0.));
#14020=DIRECTION('',(0.,0.,-1.));
#14021=DIRECTION('',(0.,-1.,0.));
#14022=DIRECTION('',(0.,0.,-1.));
#14023=DIRECTION('',(0.,1.,0.));
#14024=DIRECTION('',(0.,0.,1.));
#14025=DIRECTION('',(0.,-1.,0.));
#14026=DIRECTION('',(0.,0.,-1.));
#14027=DIRECTION('',(0.,1.,0.));
#14028=DIRECTION('',(0.,0.,1.));
#14029=DIRECTION('',(0.,-1.,0.));
#14030=DIRECTION('',(0.,0.,-1.));
#14031=DIRECTION('',(0.,-1.,0.));
#14032=DIRECTION('',(0.,0.,-1.));
#14033=DIRECTION('',(0.,-1.,0.));
#14034=DIRECTION('',(0.,0.,-1.));
#14035=DIRECTION('',(0.,1.,0.));
#14036=DIRECTION('',(0.,0.,1.));
#14037=DIRECTION('',(0.,-1.,0.));
#14038=DIRECTION('',(0.,0.,-1.));
#14039=DIRECTION('',(0.,-1.,0.));
#14040=DIRECTION('',(0.,0.,-1.));
#14041=DIRECTION('',(0.,-1.,0.));
#14042=DIRECTION('',(0.,0.,-1.));
#14043=DIRECTION('',(0.,-1.,0.));
#14044=DIRECTION('',(0.,0.,-1.));
#14045=DIRECTION('',(0.,-1.,0.));
#14046=DIRECTION('',(0.,0.,-1.));
#14047=DIRECTION('',(0.,-1.,0.));
#14048=DIRECTION('',(0.,0.,-1.));
#14049=DIRECTION('',(0.,-1.,0.));
#14050=DIRECTION('',(0.,0.,-1.));
#14051=DIRECTION('',(0.,-1.,0.));
#14052=DIRECTION('',(0.,0.,-1.));
#14053=DIRECTION('',(0.,-1.,0.));
#14054=DIRECTION('',(0.,0.,-1.));
#14055=DIRECTION('',(0.,-1.,0.));
#14056=DIRECTION('',(0.,0.,-1.));
#14057=DIRECTION('',(0.,1.,0.));
#14058=DIRECTION('',(0.,0.,1.));
#14059=DIRECTION('',(0.,-1.,0.));
#14060=DIRECTION('',(0.,0.,-1.));
#14061=DIRECTION('',(0.,1.,0.));
#14062=DIRECTION('',(0.,0.,1.));
#14063=DIRECTION('',(0.,-1.,0.));
#14064=DIRECTION('',(0.,0.,-1.));
#14065=DIRECTION('',(0.,-1.,0.));
#14066=DIRECTION('',(0.,0.,-1.));
#14067=DIRECTION('',(0.,-1.,0.));
#14068=DIRECTION('',(0.,0.,-1.));
#14069=DIRECTION('',(0.,1.,0.));
#14070=DIRECTION('',(0.,0.,1.));
#14071=DIRECTION('',(0.,-1.,0.));
#14072=DIRECTION('',(0.,0.,-1.));
#14073=DIRECTION('',(0.,-1.,0.));
#14074=DIRECTION('',(0.,0.,-1.));
#14075=DIRECTION('',(0.,-1.,0.));
#14076=DIRECTION('',(0.,0.,-1.));
#14077=DIRECTION('',(0.,-1.,0.));
#14078=DIRECTION('',(0.,0.,-1.));
#14079=DIRECTION('',(0.,-1.,0.));
#14080=DIRECTION('',(0.,0.,-1.));
#14081=DIRECTION('',(0.,-1.,0.));
#14082=DIRECTION('',(0.,0.,-1.));
#14083=DIRECTION('',(0.,-1.,0.));
#14084=DIRECTION('',(0.,0.,-1.));
#14085=DIRECTION('',(0.,-1.,0.));
#14086=DIRECTION('',(0.,0.,-1.));
#14087=DIRECTION('',(0.,-1.,0.));
#14088=DIRECTION('',(0.,0.,-1.));
#14089=DIRECTION('',(0.,-1.,0.));
#14090=DIRECTION('',(0.,0.,-1.));
#14091=DIRECTION('',(0.,1.,0.));
#14092=DIRECTION('',(0.,0.,1.));
#14093=DIRECTION('',(0.,-1.,0.));
#14094=DIRECTION('',(0.,0.,-1.));
#14095=DIRECTION('',(0.,1.,0.));
#14096=DIRECTION('',(0.,0.,1.));
#14097=DIRECTION('',(0.,-1.,0.));
#14098=DIRECTION('',(0.,0.,-1.));
#14099=DIRECTION('',(0.,-1.,0.));
#14100=DIRECTION('',(0.,0.,-1.));
#14101=DIRECTION('',(0.,-1.,0.));
#14102=DIRECTION('',(0.,0.,-1.));
#14103=DIRECTION('',(0.,1.,0.));
#14104=DIRECTION('',(0.,0.,1.));
#14105=DIRECTION('',(0.,-1.,0.));
#14106=DIRECTION('',(0.,0.,-1.));
#14107=DIRECTION('',(0.,-1.,0.));
#14108=DIRECTION('',(0.,0.,-1.));
#14109=DIRECTION('',(0.,-1.,0.));
#14110=DIRECTION('',(0.,0.,-1.));
#14111=DIRECTION('',(0.,-1.,0.));
#14112=DIRECTION('',(0.,0.,-1.));
#14113=DIRECTION('',(0.,-1.,0.));
#14114=DIRECTION('',(0.,0.,-1.));
#14115=DIRECTION('',(0.,-1.,0.));
#14116=DIRECTION('',(0.,0.,-1.));
#14117=DIRECTION('',(0.,-1.,0.));
#14118=DIRECTION('',(0.,0.,-1.));
#14119=DIRECTION('',(0.,-1.,0.));
#14120=DIRECTION('',(0.,0.,-1.));
#14121=DIRECTION('',(0.,-1.,0.));
#14122=DIRECTION('',(0.,0.,-1.));
#14123=DIRECTION('',(0.,-1.,0.));
#14124=DIRECTION('',(0.,0.,-1.));
#14125=DIRECTION('',(0.,1.,0.));
#14126=DIRECTION('',(0.,0.,1.));
#14127=DIRECTION('',(0.,-1.,0.));
#14128=DIRECTION('',(0.,0.,-1.));
#14129=DIRECTION('',(0.,1.,0.));
#14130=DIRECTION('',(0.,0.,1.));
#14131=DIRECTION('',(0.,-1.,0.));
#14132=DIRECTION('',(0.,0.,-1.));
#14133=DIRECTION('',(0.,-1.,0.));
#14134=DIRECTION('',(0.,0.,-1.));
#14135=DIRECTION('',(0.,-1.,0.));
#14136=DIRECTION('',(0.,0.,-1.));
#14137=DIRECTION('',(0.,1.,0.));
#14138=DIRECTION('',(0.,0.,1.));
#14139=DIRECTION('',(0.,-1.,0.));
#14140=DIRECTION('',(0.,0.,-1.));
#14141=DIRECTION('',(0.,-1.,0.));
#14142=DIRECTION('',(0.,0.,-1.));
#14143=DIRECTION('',(0.,-1.,0.));
#14144=DIRECTION('',(0.,0.,-1.));
#14145=DIRECTION('',(0.,-1.,0.));
#14146=DIRECTION('',(0.,0.,-1.));
#14147=DIRECTION('',(0.,-1.,0.));
#14148=DIRECTION('',(0.,0.,-1.));
#14149=DIRECTION('',(0.,-1.,0.));
#14150=DIRECTION('',(0.,0.,-1.));
#14151=DIRECTION('',(0.,-1.,0.));
#14152=DIRECTION('',(0.,0.,-1.));
#14153=DIRECTION('',(0.,-1.,0.));
#14154=DIRECTION('',(0.,0.,-1.));
#14155=DIRECTION('',(0.,-1.,0.));
#14156=DIRECTION('',(0.,0.,-1.));
#14157=DIRECTION('',(0.,-1.,0.));
#14158=DIRECTION('',(0.,0.,-1.));
#14159=DIRECTION('',(0.,1.,0.));
#14160=DIRECTION('',(0.,0.,1.));
#14161=DIRECTION('',(0.,-1.,0.));
#14162=DIRECTION('',(0.,0.,-1.));
#14163=DIRECTION('',(0.,1.,0.));
#14164=DIRECTION('',(0.,0.,1.));
#14165=DIRECTION('',(0.,-1.,0.));
#14166=DIRECTION('',(0.,0.,-1.));
#14167=DIRECTION('',(0.,-1.,0.));
#14168=DIRECTION('',(0.,0.,-1.));
#14169=DIRECTION('',(0.,-1.,0.));
#14170=DIRECTION('',(0.,0.,-1.));
#14171=DIRECTION('',(0.,1.,0.));
#14172=DIRECTION('',(0.,0.,1.));
#14173=DIRECTION('',(0.,-1.,0.));
#14174=DIRECTION('',(0.,0.,-1.));
#14175=DIRECTION('',(0.,-1.,0.));
#14176=DIRECTION('',(0.,0.,-1.));
#14177=DIRECTION('',(0.,-1.,0.));
#14178=DIRECTION('',(0.,0.,-1.));
#14179=DIRECTION('',(0.,-1.,0.));
#14180=DIRECTION('',(0.,0.,-1.));
#14181=DIRECTION('',(0.,-1.,0.));
#14182=DIRECTION('',(0.,0.,-1.));
#14183=DIRECTION('',(0.,-1.,0.));
#14184=DIRECTION('',(0.,0.,-1.));
#14185=DIRECTION('',(0.,-1.,0.));
#14186=DIRECTION('',(0.,0.,-1.));
#14187=DIRECTION('',(0.,-1.,0.));
#14188=DIRECTION('',(0.,0.,-1.));
#14189=DIRECTION('',(0.,-1.,0.));
#14190=DIRECTION('',(0.,0.,-1.));
#14191=DIRECTION('',(0.,-1.,0.));
#14192=DIRECTION('',(0.,0.,-1.));
#14193=DIRECTION('',(0.,1.,0.));
#14194=DIRECTION('',(0.,0.,1.));
#14195=DIRECTION('',(0.,-1.,0.));
#14196=DIRECTION('',(0.,0.,-1.));
#14197=DIRECTION('',(0.,1.,0.));
#14198=DIRECTION('',(0.,0.,1.));
#14199=DIRECTION('',(0.,-1.,0.));
#14200=DIRECTION('',(0.,0.,-1.));
#14201=DIRECTION('',(0.,-1.,0.));
#14202=DIRECTION('',(0.,0.,-1.));
#14203=DIRECTION('',(0.,-1.,0.));
#14204=DIRECTION('',(0.,0.,-1.));
#14205=DIRECTION('',(0.,1.,0.));
#14206=DIRECTION('',(0.,0.,1.));
#14207=DIRECTION('',(0.,-1.,0.));
#14208=DIRECTION('',(0.,0.,-1.));
#14209=DIRECTION('',(0.,-1.,0.));
#14210=DIRECTION('',(0.,0.,-1.));
#14211=DIRECTION('',(0.,-1.,0.));
#14212=DIRECTION('',(0.,0.,-1.));
#14213=DIRECTION('',(0.,-1.,0.));
#14214=DIRECTION('',(0.,0.,-1.));
#14215=DIRECTION('',(0.,-1.,0.));
#14216=DIRECTION('',(0.,0.,-1.));
#14217=DIRECTION('',(0.,-1.,0.));
#14218=DIRECTION('',(0.,0.,-1.));
#14219=DIRECTION('',(0.,-1.,0.));
#14220=DIRECTION('',(0.,0.,-1.));
#14221=DIRECTION('',(0.,-1.,0.));
#14222=DIRECTION('',(0.,0.,-1.));
#14223=DIRECTION('',(0.,-1.,0.));
#14224=DIRECTION('',(0.,0.,-1.));
#14225=DIRECTION('',(0.,-1.,0.));
#14226=DIRECTION('',(0.,0.,-1.));
#14227=DIRECTION('',(0.,1.,0.));
#14228=DIRECTION('',(0.,0.,1.));
#14229=DIRECTION('',(0.,-1.,0.));
#14230=DIRECTION('',(0.,0.,-1.));
#14231=DIRECTION('',(0.,1.,0.));
#14232=DIRECTION('',(0.,0.,1.));
#14233=DIRECTION('',(0.,-1.,0.));
#14234=DIRECTION('',(0.,0.,-1.));
#14235=DIRECTION('',(0.,-1.,0.));
#14236=DIRECTION('',(0.,0.,-1.));
#14237=DIRECTION('',(0.,-1.,0.));
#14238=DIRECTION('',(0.,0.,-1.));
#14239=DIRECTION('',(0.,1.,0.));
#14240=DIRECTION('',(0.,0.,1.));
#14241=DIRECTION('',(0.,-1.,0.));
#14242=DIRECTION('',(0.,0.,-1.));
#14243=DIRECTION('',(0.,-1.,0.));
#14244=DIRECTION('',(0.,0.,-1.));
#14245=DIRECTION('',(0.,-1.,0.));
#14246=DIRECTION('',(0.,0.,-1.));
#14247=DIRECTION('',(0.,-1.,0.));
#14248=DIRECTION('',(0.,0.,-1.));
#14249=DIRECTION('',(0.,-1.,0.));
#14250=DIRECTION('',(0.,0.,-1.));
#14251=DIRECTION('',(0.,-1.,0.));
#14252=DIRECTION('',(0.,0.,-1.));
#14253=DIRECTION('',(0.,-1.,0.));
#14254=DIRECTION('',(0.,0.,-1.));
#14255=DIRECTION('',(0.,-1.,0.));
#14256=DIRECTION('',(0.,0.,-1.));
#14257=DIRECTION('',(0.,-1.,0.));
#14258=DIRECTION('',(0.,0.,-1.));
#14259=DIRECTION('',(0.,-1.,0.));
#14260=DIRECTION('',(0.,0.,-1.));
#14261=DIRECTION('',(0.,1.,0.));
#14262=DIRECTION('',(0.,0.,1.));
#14263=DIRECTION('',(0.,-1.,0.));
#14264=DIRECTION('',(0.,0.,-1.));
#14265=DIRECTION('',(0.,1.,0.));
#14266=DIRECTION('',(0.,0.,1.));
#14267=DIRECTION('',(0.,-1.,0.));
#14268=DIRECTION('',(0.,0.,-1.));
#14269=DIRECTION('',(0.,-1.,0.));
#14270=DIRECTION('',(0.,0.,-1.));
#14271=DIRECTION('',(0.,-1.,0.));
#14272=DIRECTION('',(0.,0.,-1.));
#14273=DIRECTION('',(0.,1.,0.));
#14274=DIRECTION('',(0.,0.,1.));
#14275=DIRECTION('',(0.,-1.,0.));
#14276=DIRECTION('',(0.,0.,-1.));
#14277=DIRECTION('',(0.,-1.,0.));
#14278=DIRECTION('',(0.,0.,-1.));
#14279=DIRECTION('',(0.,-1.,0.));
#14280=DIRECTION('',(0.,0.,-1.));
#14281=DIRECTION('',(0.,-1.,0.));
#14282=DIRECTION('',(0.,0.,-1.));
#14283=DIRECTION('',(0.,-1.,0.));
#14284=DIRECTION('',(0.,0.,-1.));
#14285=DIRECTION('',(0.,-1.,0.));
#14286=DIRECTION('',(0.,0.,-1.));
#14287=DIRECTION('',(0.,-1.,0.));
#14288=DIRECTION('',(0.,0.,-1.));
#14289=DIRECTION('',(0.,-1.,0.));
#14290=DIRECTION('',(0.,0.,-1.));
#14291=DIRECTION('',(0.,-1.,0.));
#14292=DIRECTION('',(0.,0.,-1.));
#14293=DIRECTION('',(0.,-1.,0.));
#14294=DIRECTION('',(0.,0.,-1.));
#14295=DIRECTION('',(0.,1.,0.));
#14296=DIRECTION('',(0.,0.,1.));
#14297=DIRECTION('',(0.,-1.,0.));
#14298=DIRECTION('',(0.,0.,-1.));
#14299=DIRECTION('',(0.,1.,0.));
#14300=DIRECTION('',(0.,0.,1.));
#14301=DIRECTION('',(0.,-1.,0.));
#14302=DIRECTION('',(0.,0.,-1.));
#14303=DIRECTION('',(0.,-1.,0.));
#14304=DIRECTION('',(0.,0.,-1.));
#14305=DIRECTION('',(0.,-1.,0.));
#14306=DIRECTION('',(0.,0.,-1.));
#14307=DIRECTION('',(0.,1.,0.));
#14308=DIRECTION('',(0.,0.,1.));
#14309=DIRECTION('',(0.,-1.,0.));
#14310=DIRECTION('',(0.,0.,-1.));
#14311=DIRECTION('',(0.,-1.,0.));
#14312=DIRECTION('',(0.,0.,-1.));
#14313=DIRECTION('',(0.,-1.,0.));
#14314=DIRECTION('',(0.,0.,-1.));
#14315=DIRECTION('',(0.,-1.,0.));
#14316=DIRECTION('',(0.,0.,-1.));
#14317=DIRECTION('',(0.,-1.,0.));
#14318=DIRECTION('',(0.,0.,-1.));
#14319=DIRECTION('',(0.,-1.,0.));
#14320=DIRECTION('',(0.,0.,-1.));
#14321=DIRECTION('',(0.,-1.,0.));
#14322=DIRECTION('',(0.,0.,-1.));
#14323=DIRECTION('',(0.,-1.,0.));
#14324=DIRECTION('',(0.,0.,-1.));
#14325=DIRECTION('',(0.,-1.,0.));
#14326=DIRECTION('',(0.,0.,-1.));
#14327=DIRECTION('',(0.,-1.,0.));
#14328=DIRECTION('',(0.,0.,-1.));
#14329=DIRECTION('',(0.,1.,0.));
#14330=DIRECTION('',(0.,0.,1.));
#14331=DIRECTION('',(0.,-1.,0.));
#14332=DIRECTION('',(0.,0.,-1.));
#14333=DIRECTION('',(0.,1.,0.));
#14334=DIRECTION('',(0.,0.,1.));
#14335=DIRECTION('',(0.,-1.,0.));
#14336=DIRECTION('',(0.,0.,-1.));
#14337=DIRECTION('',(0.,-1.,0.));
#14338=DIRECTION('',(0.,0.,-1.));
#14339=DIRECTION('',(0.,-1.,0.));
#14340=DIRECTION('',(0.,0.,-1.));
#14341=DIRECTION('',(0.,1.,0.));
#14342=DIRECTION('',(0.,0.,1.));
#14343=DIRECTION('',(0.,-1.,0.));
#14344=DIRECTION('',(0.,0.,-1.));
#14345=DIRECTION('',(0.,-1.,0.));
#14346=DIRECTION('',(0.,0.,-1.));
#14347=DIRECTION('',(0.,-1.,0.));
#14348=DIRECTION('',(0.,0.,-1.));
#14349=DIRECTION('',(0.,-1.,0.));
#14350=DIRECTION('',(0.,0.,-1.));
#14351=DIRECTION('',(0.,-1.,0.));
#14352=DIRECTION('',(0.,0.,-1.));
#14353=DIRECTION('',(0.,-1.,0.));
#14354=DIRECTION('',(0.,0.,-1.));
#14355=DIRECTION('',(0.,-1.,0.));
#14356=DIRECTION('',(0.,0.,-1.));
#14357=DIRECTION('',(0.,-1.,0.));
#14358=DIRECTION('',(0.,0.,-1.));
#14359=DIRECTION('',(0.,-1.,0.));
#14360=DIRECTION('',(0.,0.,-1.));
#14361=DIRECTION('',(0.,-1.,0.));
#14362=DIRECTION('',(0.,0.,-1.));
#14363=DIRECTION('',(0.,1.,0.));
#14364=DIRECTION('',(0.,0.,1.));
#14365=DIRECTION('',(0.,-1.,0.));
#14366=DIRECTION('',(0.,0.,-1.));
#14367=DIRECTION('',(0.,1.,0.));
#14368=DIRECTION('',(0.,0.,1.));
#14369=DIRECTION('',(0.,-1.,0.));
#14370=DIRECTION('',(0.,0.,-1.));
#14371=DIRECTION('',(0.,-1.,0.));
#14372=DIRECTION('',(0.,0.,-1.));
#14373=DIRECTION('',(0.,-1.,0.));
#14374=DIRECTION('',(0.,0.,-1.));
#14375=DIRECTION('',(0.,1.,0.));
#14376=DIRECTION('',(0.,0.,1.));
#14377=DIRECTION('',(0.,-1.,0.));
#14378=DIRECTION('',(0.,0.,-1.));
#14379=DIRECTION('',(0.,-1.,0.));
#14380=DIRECTION('',(0.,0.,-1.));
#14381=DIRECTION('',(0.,-1.,0.));
#14382=DIRECTION('',(0.,0.,-1.));
#14383=DIRECTION('',(0.,-1.,0.));
#14384=DIRECTION('',(0.,0.,-1.));
#14385=DIRECTION('',(0.,-1.,0.));
#14386=DIRECTION('',(0.,0.,-1.));
#14387=DIRECTION('',(0.,-1.,0.));
#14388=DIRECTION('',(0.,0.,-1.));
#14389=DIRECTION('',(0.,-1.,0.));
#14390=DIRECTION('',(0.,0.,-1.));
#14391=DIRECTION('',(0.,-1.,0.));
#14392=DIRECTION('',(0.,0.,-1.));
#14393=DIRECTION('',(0.,-1.,0.));
#14394=DIRECTION('',(0.,0.,-1.));
#14395=DIRECTION('',(0.,-1.,0.));
#14396=DIRECTION('',(0.,0.,-1.));
#14397=DIRECTION('',(0.,1.,0.));
#14398=DIRECTION('',(0.,0.,1.));
#14399=DIRECTION('',(0.,-1.,0.));
#14400=DIRECTION('',(0.,0.,-1.));
#14401=DIRECTION('',(0.,1.,0.));
#14402=DIRECTION('',(0.,0.,1.));
#14403=DIRECTION('',(0.,-1.,0.));
#14404=DIRECTION('',(0.,0.,-1.));
#14405=DIRECTION('',(0.,-1.,0.));
#14406=DIRECTION('',(0.,0.,-1.));
#14407=DIRECTION('',(0.,-1.,0.));
#14408=DIRECTION('',(0.,0.,-1.));
#14409=DIRECTION('',(0.,1.,0.));
#14410=DIRECTION('',(0.,0.,1.));
#14411=DIRECTION('',(0.,-1.,0.));
#14412=DIRECTION('',(0.,0.,-1.));
#14413=DIRECTION('',(0.,-1.,0.));
#14414=DIRECTION('',(0.,0.,-1.));
#14415=DIRECTION('',(0.,-1.,0.));
#14416=DIRECTION('',(0.,0.,-1.));
#14417=DIRECTION('',(0.,-1.,0.));
#14418=DIRECTION('',(0.,0.,-1.));
#14419=DIRECTION('',(0.,-1.,0.));
#14420=DIRECTION('',(0.,0.,-1.));
#14421=DIRECTION('',(0.,-1.,0.));
#14422=DIRECTION('',(0.,0.,-1.));
#14423=DIRECTION('',(0.,-1.,0.));
#14424=DIRECTION('',(0.,0.,-1.));
#14425=DIRECTION('',(0.,-1.,0.));
#14426=DIRECTION('',(0.,0.,-1.));
#14427=DIRECTION('',(0.,-1.,0.));
#14428=DIRECTION('',(0.,0.,-1.));
#14429=DIRECTION('',(0.,-1.,0.));
#14430=DIRECTION('',(0.,0.,-1.));
#14431=DIRECTION('',(0.,1.,0.));
#14432=DIRECTION('',(0.,0.,1.));
#14433=DIRECTION('',(0.,-1.,0.));
#14434=DIRECTION('',(0.,0.,-1.));
#14435=DIRECTION('',(0.,1.,0.));
#14436=DIRECTION('',(0.,0.,1.));
#14437=DIRECTION('',(0.,-1.,0.));
#14438=DIRECTION('',(0.,0.,-1.));
#14439=DIRECTION('',(0.,-1.,0.));
#14440=DIRECTION('',(0.,0.,-1.));
#14441=DIRECTION('',(0.,-1.,0.));
#14442=DIRECTION('',(0.,0.,-1.));
#14443=DIRECTION('',(0.,1.,0.));
#14444=DIRECTION('',(0.,0.,1.));
#14445=DIRECTION('',(0.,-1.,0.));
#14446=DIRECTION('',(0.,0.,-1.));
#14447=DIRECTION('',(0.,-1.,0.));
#14448=DIRECTION('',(0.,0.,-1.));
#14449=DIRECTION('',(0.,-1.,0.));
#14450=DIRECTION('',(0.,0.,-1.));
#14451=DIRECTION('',(0.,-1.,0.));
#14452=DIRECTION('',(0.,0.,-1.));
#14453=DIRECTION('',(0.,-1.,0.));
#14454=DIRECTION('',(0.,0.,-1.));
#14455=DIRECTION('',(0.,-1.,0.));
#14456=DIRECTION('',(0.,0.,-1.));
#14457=DIRECTION('',(0.,-1.,0.));
#14458=DIRECTION('',(0.,0.,-1.));
#14459=DIRECTION('',(0.,-1.,0.));
#14460=DIRECTION('',(0.,0.,-1.));
#14461=DIRECTION('',(0.,-1.,0.));
#14462=DIRECTION('',(0.,0.,-1.));
#14463=DIRECTION('',(0.,-1.,0.));
#14464=DIRECTION('',(0.,0.,-1.));
#14465=DIRECTION('',(0.,1.,0.));
#14466=DIRECTION('',(0.,0.,1.));
#14467=DIRECTION('',(0.,-1.,0.));
#14468=DIRECTION('',(0.,0.,-1.));
#14469=DIRECTION('',(0.,1.,0.));
#14470=DIRECTION('',(0.,0.,1.));
#14471=DIRECTION('',(0.,-1.,0.));
#14472=DIRECTION('',(0.,0.,-1.));
#14473=DIRECTION('',(0.,-1.,0.));
#14474=DIRECTION('',(0.,0.,-1.));
#14475=DIRECTION('',(0.,-1.,0.));
#14476=DIRECTION('',(0.,0.,-1.));
#14477=DIRECTION('',(0.,1.,0.));
#14478=DIRECTION('',(0.,0.,1.));
#14479=DIRECTION('',(0.,-1.,0.));
#14480=DIRECTION('',(0.,0.,-1.));
#14481=DIRECTION('',(0.,-1.,0.));
#14482=DIRECTION('',(0.,0.,-1.));
#14483=DIRECTION('',(0.,-1.,0.));
#14484=DIRECTION('',(0.,0.,-1.));
#14485=DIRECTION('',(0.,-1.,0.));
#14486=DIRECTION('',(0.,0.,-1.));
#14487=DIRECTION('',(0.,-1.,0.));
#14488=DIRECTION('',(0.,0.,-1.));
#14489=DIRECTION('',(0.,-1.,0.));
#14490=DIRECTION('',(0.,0.,-1.));
#14491=DIRECTION('',(0.,-1.,0.));
#14492=DIRECTION('',(0.,0.,-1.));
#14493=DIRECTION('',(0.,-1.,0.));
#14494=DIRECTION('',(0.,0.,-1.));
#14495=DIRECTION('',(0.,-1.,0.));
#14496=DIRECTION('',(0.,0.,-1.));
#14497=DIRECTION('',(0.,-1.,0.));
#14498=DIRECTION('',(0.,0.,-1.));
#14499=DIRECTION('',(0.,1.,0.));
#14500=DIRECTION('',(0.,0.,1.));
#14501=DIRECTION('',(0.,-1.,0.));
#14502=DIRECTION('',(0.,0.,-1.));
#14503=DIRECTION('',(0.,1.,0.));
#14504=DIRECTION('',(0.,0.,1.));
#14505=DIRECTION('',(0.,-1.,0.));
#14506=DIRECTION('',(0.,0.,-1.));
#14507=DIRECTION('',(0.,-1.,0.));
#14508=DIRECTION('',(0.,0.,-1.));
#14509=DIRECTION('',(0.,-1.,0.));
#14510=DIRECTION('',(0.,0.,-1.));
#14511=DIRECTION('',(0.,1.,0.));
#14512=DIRECTION('',(0.,0.,1.));
#14513=DIRECTION('',(0.,-1.,0.));
#14514=DIRECTION('',(0.,0.,-1.));
#14515=DIRECTION('',(0.,-1.,0.));
#14516=DIRECTION('',(0.,0.,-1.));
#14517=DIRECTION('',(0.,-1.,0.));
#14518=DIRECTION('',(0.,0.,-1.));
#14519=DIRECTION('',(0.,-1.,0.));
#14520=DIRECTION('',(0.,0.,-1.));
#14521=DIRECTION('',(0.,-1.,0.));
#14522=DIRECTION('',(0.,0.,-1.));
#14523=DIRECTION('',(0.,-1.,0.));
#14524=DIRECTION('',(0.,0.,-1.));
#14525=DIRECTION('',(0.,-1.,0.));
#14526=DIRECTION('',(0.,0.,-1.));
#14527=DIRECTION('',(0.,-1.,0.));
#14528=DIRECTION('',(0.,0.,-1.));
#14529=DIRECTION('',(0.,-1.,0.));
#14530=DIRECTION('',(0.,0.,-1.));
#14531=DIRECTION('',(0.,-1.,0.));
#14532=DIRECTION('',(0.,0.,-1.));
#14533=DIRECTION('',(0.,1.,0.));
#14534=DIRECTION('',(0.,0.,1.));
#14535=DIRECTION('',(0.,-1.,0.));
#14536=DIRECTION('',(0.,0.,-1.));
#14537=DIRECTION('',(0.,1.,0.));
#14538=DIRECTION('',(0.,0.,1.));
#14539=DIRECTION('',(0.,-1.,0.));
#14540=DIRECTION('',(0.,0.,-1.));
#14541=DIRECTION('',(0.,-1.,0.));
#14542=DIRECTION('',(0.,0.,-1.));
#14543=DIRECTION('',(0.,-1.,0.));
#14544=DIRECTION('',(0.,0.,-1.));
#14545=DIRECTION('',(0.,1.,0.));
#14546=DIRECTION('',(0.,0.,1.));
#14547=DIRECTION('',(0.,-1.,0.));
#14548=DIRECTION('',(0.,0.,-1.));
#14549=DIRECTION('',(0.,-1.,0.));
#14550=DIRECTION('',(0.,0.,-1.));
#14551=DIRECTION('',(0.,-1.,0.));
#14552=DIRECTION('',(0.,0.,-1.));
#14553=DIRECTION('',(0.,-1.,0.));
#14554=DIRECTION('',(0.,0.,-1.));
#14555=DIRECTION('',(0.,-1.,0.));
#14556=DIRECTION('',(0.,0.,-1.));
#14557=DIRECTION('',(0.,-1.,0.));
#14558=DIRECTION('',(0.,0.,-1.));
#14559=DIRECTION('',(0.,-1.,0.));
#14560=DIRECTION('',(0.,0.,-1.));
#14561=DIRECTION('',(0.,-1.,0.));
#14562=DIRECTION('',(0.,0.,-1.));
#14563=DIRECTION('',(0.,-1.,0.));
#14564=DIRECTION('',(0.,0.,-1.));
#14565=DIRECTION('',(0.,-1.,0.));
#14566=DIRECTION('',(0.,0.,-1.));
#14567=DIRECTION('',(0.,1.,0.));
#14568=DIRECTION('',(0.,0.,1.));
#14569=DIRECTION('',(0.,-1.,0.));
#14570=DIRECTION('',(0.,0.,-1.));
#14571=DIRECTION('',(0.,1.,0.));
#14572=DIRECTION('',(0.,0.,1.));
#14573=DIRECTION('',(0.,-1.,0.));
#14574=DIRECTION('',(0.,0.,-1.));
#14575=DIRECTION('',(0.,-1.,0.));
#14576=DIRECTION('',(0.,0.,-1.));
#14577=DIRECTION('',(0.,-1.,0.));
#14578=DIRECTION('',(0.,0.,-1.));
#14579=DIRECTION('',(0.,1.,0.));
#14580=DIRECTION('',(0.,0.,1.));
#14581=DIRECTION('',(0.,-1.,0.));
#14582=DIRECTION('',(0.,0.,-1.));
#14583=DIRECTION('',(0.,-1.,0.));
#14584=DIRECTION('',(0.,0.,-1.));
#14585=DIRECTION('',(0.,-1.,0.));
#14586=DIRECTION('',(0.,0.,-1.));
#14587=DIRECTION('',(0.,-1.,0.));
#14588=DIRECTION('',(0.,0.,-1.));
#14589=DIRECTION('',(0.,-1.,0.));
#14590=DIRECTION('',(0.,0.,-1.));
#14591=DIRECTION('',(0.,-1.,0.));
#14592=DIRECTION('',(0.,0.,-1.));
#14593=DIRECTION('',(0.,-1.,0.));
#14594=DIRECTION('',(0.,0.,-1.));
#14595=DIRECTION('',(0.,-1.,0.));
#14596=DIRECTION('',(0.,0.,-1.));
#14597=DIRECTION('',(0.,-1.,0.));
#14598=DIRECTION('',(0.,0.,-1.));
#14599=DIRECTION('',(0.,-1.,0.));
#14600=DIRECTION('',(0.,0.,-1.));
#14601=DIRECTION('',(0.,1.,0.));
#14602=DIRECTION('',(0.,0.,1.));
#14603=DIRECTION('',(0.,-1.,0.));
#14604=DIRECTION('',(0.,0.,-1.));
#14605=DIRECTION('',(0.,1.,0.));
#14606=DIRECTION('',(0.,0.,1.));
#14607=DIRECTION('',(0.,-1.,0.));
#14608=DIRECTION('',(0.,0.,-1.));
#14609=DIRECTION('',(0.,-1.,0.));
#14610=DIRECTION('',(0.,0.,-1.));
#14611=DIRECTION('',(0.,-1.,0.));
#14612=DIRECTION('',(0.,0.,-1.));
#14613=DIRECTION('',(0.,1.,0.));
#14614=DIRECTION('',(0.,0.,1.));
#14615=DIRECTION('',(0.,-1.,0.));
#14616=DIRECTION('',(0.,0.,-1.));
#14617=DIRECTION('',(0.,-1.,0.));
#14618=DIRECTION('',(0.,0.,-1.));
#14619=DIRECTION('',(0.,-1.,0.));
#14620=DIRECTION('',(0.,0.,-1.));
#14621=DIRECTION('',(0.,-1.,0.));
#14622=DIRECTION('',(0.,0.,-1.));
#14623=DIRECTION('',(0.,-1.,0.));
#14624=DIRECTION('',(0.,0.,-1.));
#14625=DIRECTION('',(0.,-1.,0.));
#14626=DIRECTION('',(0.,0.,-1.));
#14627=DIRECTION('',(0.,-1.,0.));
#14628=DIRECTION('',(0.,0.,-1.));
#14629=DIRECTION('',(0.,-1.,0.));
#14630=DIRECTION('',(0.,0.,-1.));
#14631=DIRECTION('',(0.,-1.,0.));
#14632=DIRECTION('',(0.,0.,-1.));
#14633=DIRECTION('',(0.,-1.,0.));
#14634=DIRECTION('',(0.,0.,-1.));
#14635=DIRECTION('',(0.,1.,0.));
#14636=DIRECTION('',(0.,0.,1.));
#14637=DIRECTION('',(0.,-1.,0.));
#14638=DIRECTION('',(0.,0.,-1.));
#14639=DIRECTION('',(0.,1.,0.));
#14640=DIRECTION('',(0.,0.,1.));
#14641=DIRECTION('',(0.,-1.,0.));
#14642=DIRECTION('',(0.,0.,-1.));
#14643=DIRECTION('',(0.,-1.,0.));
#14644=DIRECTION('',(0.,0.,-1.));
#14645=DIRECTION('',(0.,-1.,0.));
#14646=DIRECTION('',(0.,0.,-1.));
#14647=DIRECTION('',(0.,1.,0.));
#14648=DIRECTION('',(0.,0.,1.));
#14649=DIRECTION('',(0.,-1.,0.));
#14650=DIRECTION('',(0.,0.,-1.));
#14651=DIRECTION('',(0.,-1.,0.));
#14652=DIRECTION('',(0.,0.,-1.));
#14653=DIRECTION('',(0.,-1.,0.));
#14654=DIRECTION('',(0.,0.,-1.));
#14655=DIRECTION('',(0.,-1.,0.));
#14656=DIRECTION('',(0.,0.,-1.));
#14657=DIRECTION('',(0.,-1.,0.));
#14658=DIRECTION('',(0.,0.,-1.));
#14659=DIRECTION('',(0.,-1.,0.));
#14660=DIRECTION('',(0.,0.,-1.));
#14661=DIRECTION('',(0.,-1.,0.));
#14662=DIRECTION('',(0.,0.,-1.));
#14663=DIRECTION('',(0.,-1.,0.));
#14664=DIRECTION('',(0.,0.,-1.));
#14665=DIRECTION('',(0.,-1.,0.));
#14666=DIRECTION('',(0.,0.,-1.));
#14667=DIRECTION('',(0.,-1.,0.));
#14668=DIRECTION('',(0.,0.,-1.));
#14669=DIRECTION('',(0.,1.,0.));
#14670=DIRECTION('',(0.,0.,1.));
#14671=DIRECTION('',(0.,-1.,0.));
#14672=DIRECTION('',(0.,0.,-1.));
#14673=DIRECTION('',(0.,1.,0.));
#14674=DIRECTION('',(0.,0.,1.));
#14675=DIRECTION('',(0.,-1.,0.));
#14676=DIRECTION('',(0.,0.,-1.));
#14677=DIRECTION('',(0.,-1.,0.));
#14678=DIRECTION('',(0.,0.,-1.));
#14679=DIRECTION('',(0.,-1.,0.));
#14680=DIRECTION('',(0.,0.,-1.));
#14681=DIRECTION('',(0.,1.,0.));
#14682=DIRECTION('',(0.,0.,1.));
#14683=DIRECTION('',(0.,-1.,0.));
#14684=DIRECTION('',(0.,0.,-1.));
#14685=DIRECTION('',(0.,-1.,0.));
#14686=DIRECTION('',(0.,0.,-1.));
#14687=DIRECTION('',(0.,-1.,0.));
#14688=DIRECTION('',(0.,0.,-1.));
#14689=DIRECTION('',(0.,-1.,0.));
#14690=DIRECTION('',(0.,0.,-1.));
#14691=DIRECTION('',(0.,-1.,0.));
#14692=DIRECTION('',(0.,0.,-1.));
#14693=DIRECTION('',(0.,-1.,0.));
#14694=DIRECTION('',(0.,0.,-1.));
#14695=DIRECTION('',(0.,-1.,0.));
#14696=DIRECTION('',(0.,0.,-1.));
#14697=DIRECTION('',(0.,-1.,0.));
#14698=DIRECTION('',(0.,0.,-1.));
#14699=DIRECTION('',(0.,-1.,0.));
#14700=DIRECTION('',(0.,0.,-1.));
#14701=DIRECTION('',(0.,-1.,0.));
#14702=DIRECTION('',(0.,0.,-1.));
#14703=DIRECTION('',(0.,1.,0.));
#14704=DIRECTION('',(0.,0.,1.));
#14705=DIRECTION('',(0.,-1.,0.));
#14706=DIRECTION('',(0.,0.,-1.));
#14707=DIRECTION('',(0.,1.,0.));
#14708=DIRECTION('',(0.,0.,1.));
#14709=DIRECTION('',(0.,-1.,0.));
#14710=DIRECTION('',(0.,0.,-1.));
#14711=DIRECTION('',(0.,-1.,0.));
#14712=DIRECTION('',(0.,0.,-1.));
#14713=DIRECTION('',(0.,-1.,0.));
#14714=DIRECTION('',(0.,0.,-1.));
#14715=DIRECTION('',(0.,1.,0.));
#14716=DIRECTION('',(0.,0.,1.));
#14717=DIRECTION('',(0.,-1.,0.));
#14718=DIRECTION('',(0.,0.,-1.));
#14719=DIRECTION('',(0.,-1.,0.));
#14720=DIRECTION('',(0.,0.,-1.));
#14721=DIRECTION('',(0.,-1.,0.));
#14722=DIRECTION('',(0.,0.,-1.));
#14723=DIRECTION('',(0.,-1.,0.));
#14724=DIRECTION('',(0.,0.,-1.));
#14725=DIRECTION('',(0.,-1.,0.));
#14726=DIRECTION('',(0.,0.,-1.));
#14727=DIRECTION('',(0.,-1.,0.));
#14728=DIRECTION('',(0.,0.,-1.));
#14729=DIRECTION('',(0.,-1.,0.));
#14730=DIRECTION('',(0.,0.,-1.));
#14731=DIRECTION('',(0.,-1.,0.));
#14732=DIRECTION('',(0.,0.,-1.));
#14733=DIRECTION('',(0.,-1.,0.));
#14734=DIRECTION('',(0.,0.,-1.));
#14735=DIRECTION('',(0.,-1.,0.));
#14736=DIRECTION('',(0.,0.,-1.));
#14737=DIRECTION('',(0.,1.,0.));
#14738=DIRECTION('',(0.,0.,1.));
#14739=DIRECTION('',(0.,-1.,0.));
#14740=DIRECTION('',(0.,0.,-1.));
#14741=DIRECTION('',(0.,1.,0.));
#14742=DIRECTION('',(0.,0.,1.));
#14743=DIRECTION('',(0.,-1.,0.));
#14744=DIRECTION('',(0.,0.,-1.));
#14745=DIRECTION('',(0.,-1.,0.));
#14746=DIRECTION('',(0.,0.,-1.));
#14747=DIRECTION('',(0.,-1.,0.));
#14748=DIRECTION('',(0.,0.,-1.));
#14749=DIRECTION('',(0.,1.,0.));
#14750=DIRECTION('',(0.,0.,1.));
#14751=DIRECTION('',(0.,-1.,0.));
#14752=DIRECTION('',(0.,0.,-1.));
#14753=DIRECTION('',(0.,-1.,0.));
#14754=DIRECTION('',(0.,0.,-1.));
#14755=DIRECTION('',(0.,-1.,0.));
#14756=DIRECTION('',(0.,0.,-1.));
#14757=DIRECTION('',(0.,-1.,0.));
#14758=DIRECTION('',(0.,0.,-1.));
#14759=DIRECTION('',(0.,-1.,0.));
#14760=DIRECTION('',(0.,0.,-1.));
#14761=DIRECTION('',(0.,-1.,0.));
#14762=DIRECTION('',(0.,0.,-1.));
#14763=DIRECTION('',(0.,-1.,0.));
#14764=DIRECTION('',(0.,0.,-1.));
#14765=DIRECTION('',(0.,-1.,0.));
#14766=DIRECTION('',(0.,0.,-1.));
#14767=DIRECTION('',(0.,-1.,0.));
#14768=DIRECTION('',(0.,0.,-1.));
#14769=DIRECTION('',(0.,-1.,0.));
#14770=DIRECTION('',(0.,0.,-1.));
#14771=DIRECTION('',(0.,1.,0.));
#14772=DIRECTION('',(0.,0.,1.));
#14773=DIRECTION('',(0.,-1.,0.));
#14774=DIRECTION('',(0.,0.,-1.));
#14775=DIRECTION('',(0.,1.,0.));
#14776=DIRECTION('',(0.,0.,1.));
#14777=DIRECTION('',(0.,-1.,0.));
#14778=DIRECTION('',(0.,0.,-1.));
#14779=DIRECTION('',(0.,-1.,0.));
#14780=DIRECTION('',(0.,0.,-1.));
#14781=DIRECTION('',(0.,-1.,0.));
#14782=DIRECTION('',(0.,0.,-1.));
#14783=DIRECTION('',(0.,1.,0.));
#14784=DIRECTION('',(0.,0.,1.));
#14785=DIRECTION('',(0.,-1.,0.));
#14786=DIRECTION('',(0.,0.,-1.));
#14787=DIRECTION('',(0.,-1.,0.));
#14788=DIRECTION('',(0.,0.,-1.));
#14789=DIRECTION('',(0.,-1.,0.));
#14790=DIRECTION('',(0.,0.,-1.));
#14791=DIRECTION('',(0.,-1.,0.));
#14792=DIRECTION('',(0.,0.,-1.));
#14793=DIRECTION('',(0.,-1.,0.));
#14794=DIRECTION('',(0.,0.,-1.));
#14795=DIRECTION('',(0.,-1.,0.));
#14796=DIRECTION('',(0.,0.,-1.));
#14797=DIRECTION('',(0.,-1.,0.));
#14798=DIRECTION('',(0.,0.,-1.));
#14799=DIRECTION('',(0.,-1.,0.));
#14800=DIRECTION('',(0.,0.,-1.));
#14801=DIRECTION('',(0.,-1.,0.));
#14802=DIRECTION('',(0.,0.,-1.));
#14803=DIRECTION('',(0.,-1.,0.));
#14804=DIRECTION('',(0.,0.,-1.));
#14805=DIRECTION('',(0.,1.,0.));
#14806=DIRECTION('',(0.,0.,1.));
#14807=DIRECTION('',(0.,-1.,0.));
#14808=DIRECTION('',(0.,0.,-1.));
#14809=DIRECTION('',(0.,1.,0.));
#14810=DIRECTION('',(0.,0.,1.));
#14811=DIRECTION('',(0.,-1.,0.));
#14812=DIRECTION('',(0.,0.,-1.));
#14813=DIRECTION('',(0.,-1.,0.));
#14814=DIRECTION('',(0.,0.,-1.));
#14815=DIRECTION('',(0.,-1.,0.));
#14816=DIRECTION('',(0.,0.,-1.));
#14817=DIRECTION('',(0.,1.,0.));
#14818=DIRECTION('',(0.,0.,1.));
#14819=DIRECTION('',(0.,-1.,0.));
#14820=DIRECTION('',(0.,0.,-1.));
#14821=DIRECTION('',(0.,-1.,0.));
#14822=DIRECTION('',(0.,0.,-1.));
#14823=DIRECTION('',(0.,-1.,0.));
#14824=DIRECTION('',(0.,0.,-1.));
#14825=DIRECTION('',(0.,-1.,0.));
#14826=DIRECTION('',(0.,0.,-1.));
#14827=DIRECTION('',(0.,-1.,0.));
#14828=DIRECTION('',(0.,0.,-1.));
#14829=DIRECTION('',(0.,-1.,0.));
#14830=DIRECTION('',(0.,0.,-1.));
#14831=DIRECTION('',(0.,-1.,0.));
#14832=DIRECTION('',(0.,0.,-1.));
#14833=DIRECTION('',(0.,-1.,0.));
#14834=DIRECTION('',(0.,0.,-1.));
#14835=DIRECTION('',(0.,-1.,0.));
#14836=DIRECTION('',(0.,0.,-1.));
#14837=DIRECTION('',(0.,-1.,0.));
#14838=DIRECTION('',(0.,0.,-1.));
#14839=DIRECTION('',(0.,1.,0.));
#14840=DIRECTION('',(0.,0.,1.));
#14841=DIRECTION('',(0.,-1.,0.));
#14842=DIRECTION('',(0.,0.,-1.));
#14843=DIRECTION('',(0.,1.,0.));
#14844=DIRECTION('',(0.,0.,1.));
#14845=DIRECTION('',(0.,-1.,0.));
#14846=DIRECTION('',(0.,0.,-1.));
#14847=DIRECTION('',(0.,-1.,0.));
#14848=DIRECTION('',(0.,0.,-1.));
#14849=DIRECTION('',(0.,-1.,0.));
#14850=DIRECTION('',(0.,0.,-1.));
#14851=DIRECTION('',(0.,1.,0.));
#14852=DIRECTION('',(0.,0.,1.));
#14853=DIRECTION('',(0.,-1.,0.));
#14854=DIRECTION('',(0.,0.,-1.));
#14855=DIRECTION('',(0.,-1.,0.));
#14856=DIRECTION('',(0.,0.,-1.));
#14857=DIRECTION('',(0.,-1.,0.));
#14858=DIRECTION('',(0.,0.,-1.));
#14859=DIRECTION('',(0.,-1.,0.));
#14860=DIRECTION('',(0.,0.,-1.));
#14861=DIRECTION('',(0.,-1.,0.));
#14862=DIRECTION('',(0.,0.,-1.));
#14863=DIRECTION('',(0.,-1.,0.));
#14864=DIRECTION('',(0.,0.,-1.));
#14865=DIRECTION('',(0.,-1.,0.));
#14866=DIRECTION('',(0.,0.,-1.));
#14867=DIRECTION('',(0.,-1.,0.));
#14868=DIRECTION('',(0.,0.,-1.));
#14869=DIRECTION('',(0.,-1.,0.));
#14870=DIRECTION('',(0.,0.,-1.));
#14871=DIRECTION('',(0.,-1.,0.));
#14872=DIRECTION('',(0.,0.,-1.));
#14873=DIRECTION('',(0.,1.,0.));
#14874=DIRECTION('',(0.,0.,1.));
#14875=DIRECTION('',(0.,-1.,0.));
#14876=DIRECTION('',(0.,0.,-1.));
#14877=DIRECTION('',(0.,1.,0.));
#14878=DIRECTION('',(0.,0.,1.));
#14879=DIRECTION('',(0.,-1.,0.));
#14880=DIRECTION('',(0.,0.,-1.));
#14881=DIRECTION('',(0.,-1.,0.));
#14882=DIRECTION('',(0.,0.,-1.));
#14883=DIRECTION('',(0.,-1.,0.));
#14884=DIRECTION('',(0.,0.,-1.));
#14885=DIRECTION('',(0.,1.,0.));
#14886=DIRECTION('',(0.,0.,1.));
#14887=DIRECTION('',(0.,-1.,0.));
#14888=DIRECTION('',(0.,0.,-1.));
#14889=DIRECTION('',(0.,-1.,0.));
#14890=DIRECTION('',(0.,0.,-1.));
#14891=DIRECTION('',(0.,-1.,0.));
#14892=DIRECTION('',(0.,0.,-1.));
#14893=DIRECTION('',(0.,-1.,0.));
#14894=DIRECTION('',(0.,0.,-1.));
#14895=DIRECTION('',(0.,-1.,0.));
#14896=DIRECTION('',(0.,0.,-1.));
#14897=DIRECTION('',(0.,-1.,0.));
#14898=DIRECTION('',(0.,0.,-1.));
#14899=DIRECTION('',(0.,-1.,0.));
#14900=DIRECTION('',(0.,0.,-1.));
#14901=DIRECTION('',(0.,-1.,0.));
#14902=DIRECTION('',(0.,0.,-1.));
#14903=DIRECTION('',(0.,-1.,0.));
#14904=DIRECTION('',(0.,0.,-1.));
#14905=DIRECTION('',(0.,-1.,0.));
#14906=DIRECTION('',(0.,0.,-1.));
#14907=DIRECTION('',(0.,1.,0.));
#14908=DIRECTION('',(0.,0.,1.));
#14909=DIRECTION('',(0.,-1.,0.));
#14910=DIRECTION('',(0.,0.,-1.));
#14911=DIRECTION('',(0.,1.,0.));
#14912=DIRECTION('',(0.,0.,1.));
#14913=DIRECTION('',(0.,-1.,0.));
#14914=DIRECTION('',(0.,0.,-1.));
#14915=DIRECTION('',(0.,-1.,0.));
#14916=DIRECTION('',(0.,0.,-1.));
#14917=DIRECTION('',(0.,-1.,0.));
#14918=DIRECTION('',(0.,0.,-1.));
#14919=DIRECTION('',(0.,1.,0.));
#14920=DIRECTION('',(0.,0.,1.));
#14921=DIRECTION('',(0.,-1.,0.));
#14922=DIRECTION('',(0.,0.,-1.));
#14923=DIRECTION('',(0.,-1.,0.));
#14924=DIRECTION('',(0.,0.,-1.));
#14925=DIRECTION('',(0.,-1.,0.));
#14926=DIRECTION('',(0.,0.,-1.));
#14927=DIRECTION('',(0.,-1.,0.));
#14928=DIRECTION('',(0.,0.,-1.));
#14929=DIRECTION('',(0.,-1.,0.));
#14930=DIRECTION('',(0.,0.,-1.));
#14931=DIRECTION('',(0.,-1.,0.));
#14932=DIRECTION('',(0.,0.,-1.));
#14933=DIRECTION('',(0.,-1.,0.));
#14934=DIRECTION('',(0.,0.,-1.));
#14935=DIRECTION('',(0.,-1.,0.));
#14936=DIRECTION('',(0.,0.,-1.));
#14937=DIRECTION('',(0.,-1.,0.));
#14938=DIRECTION('',(0.,0.,-1.));
#14939=DIRECTION('',(0.,-1.,0.));
#14940=DIRECTION('',(0.,0.,-1.));
#14941=DIRECTION('',(0.,1.,0.));
#14942=DIRECTION('',(0.,0.,1.));
#14943=DIRECTION('',(0.,-1.,0.));
#14944=DIRECTION('',(0.,0.,-1.));
#14945=DIRECTION('',(0.,1.,0.));
#14946=DIRECTION('',(0.,0.,1.));
#14947=DIRECTION('',(0.,-1.,0.));
#14948=DIRECTION('',(0.,0.,-1.));
#14949=DIRECTION('',(0.,-1.,0.));
#14950=DIRECTION('',(0.,0.,-1.));
#14951=DIRECTION('',(0.,-1.,0.));
#14952=DIRECTION('',(0.,0.,-1.));
#14953=DIRECTION('',(0.,1.,0.));
#14954=DIRECTION('',(0.,0.,1.));
#14955=DIRECTION('',(0.,-1.,0.));
#14956=DIRECTION('',(0.,0.,-1.));
#14957=DIRECTION('',(0.,-1.,0.));
#14958=DIRECTION('',(0.,0.,-1.));
#14959=DIRECTION('',(0.,-1.,0.));
#14960=DIRECTION('',(0.,0.,-1.));
#14961=DIRECTION('',(0.,-1.,0.));
#14962=DIRECTION('',(0.,0.,-1.));
#14963=DIRECTION('',(0.,-1.,0.));
#14964=DIRECTION('',(0.,0.,-1.));
#14965=DIRECTION('',(0.,-1.,0.));
#14966=DIRECTION('',(0.,0.,-1.));
#14967=DIRECTION('',(0.,-1.,0.));
#14968=DIRECTION('',(0.,0.,-1.));
#14969=DIRECTION('',(0.,-1.,0.));
#14970=DIRECTION('',(0.,0.,-1.));
#14971=DIRECTION('',(0.,-1.,0.));
#14972=DIRECTION('',(0.,0.,-1.));
#14973=DIRECTION('',(0.,-1.,0.));
#14974=DIRECTION('',(0.,0.,-1.));
#14975=DIRECTION('',(0.,1.,0.));
#14976=DIRECTION('',(0.,0.,1.));
#14977=DIRECTION('',(0.,-1.,0.));
#14978=DIRECTION('',(0.,0.,-1.));
#14979=DIRECTION('',(0.,1.,0.));
#14980=DIRECTION('',(0.,0.,1.));
#14981=DIRECTION('',(0.,-1.,0.));
#14982=DIRECTION('',(0.,0.,-1.));
#14983=DIRECTION('',(0.,-1.,0.));
#14984=DIRECTION('',(0.,0.,-1.));
#14985=DIRECTION('',(0.,-1.,0.));
#14986=DIRECTION('',(0.,0.,-1.));
#14987=DIRECTION('',(0.,1.,0.));
#14988=DIRECTION('',(0.,0.,1.));
#14989=DIRECTION('',(0.,-1.,0.));
#14990=DIRECTION('',(0.,0.,-1.));
#14991=DIRECTION('',(0.,-1.,0.));
#14992=DIRECTION('',(0.,0.,-1.));
#14993=DIRECTION('',(0.,-1.,0.));
#14994=DIRECTION('',(0.,0.,-1.));
#14995=DIRECTION('',(0.,-1.,0.));
#14996=DIRECTION('',(0.,0.,-1.));
#14997=DIRECTION('',(0.,-1.,0.));
#14998=DIRECTION('',(0.,0.,-1.));
#14999=DIRECTION('',(0.,-1.,0.));
#15000=DIRECTION('',(0.,0.,-1.));
#15001=DIRECTION('',(0.,-1.,0.));
#15002=DIRECTION('',(0.,0.,-1.));
#15003=DIRECTION('',(0.,-1.,0.));
#15004=DIRECTION('',(0.,0.,-1.));
#15005=DIRECTION('',(0.,-1.,0.));
#15006=DIRECTION('',(0.,0.,-1.));
#15007=DIRECTION('',(0.,-1.,0.));
#15008=DIRECTION('',(0.,0.,-1.));
#15009=DIRECTION('',(0.,1.,0.));
#15010=DIRECTION('',(0.,0.,1.));
#15011=DIRECTION('',(0.,-1.,0.));
#15012=DIRECTION('',(0.,0.,-1.));
#15013=DIRECTION('',(0.,1.,0.));
#15014=DIRECTION('',(0.,0.,1.));
#15015=DIRECTION('',(0.,-1.,0.));
#15016=DIRECTION('',(0.,0.,-1.));
#15017=DIRECTION('',(0.,-1.,0.));
#15018=DIRECTION('',(0.,0.,-1.));
#15019=DIRECTION('',(0.,-1.,0.));
#15020=DIRECTION('',(0.,0.,-1.));
#15021=DIRECTION('',(0.,1.,0.));
#15022=DIRECTION('',(0.,0.,1.));
#15023=DIRECTION('',(0.,-1.,0.));
#15024=DIRECTION('',(0.,0.,-1.));
#15025=DIRECTION('',(0.,-1.,0.));
#15026=DIRECTION('',(0.,0.,-1.));
#15027=DIRECTION('',(0.,-1.,0.));
#15028=DIRECTION('',(0.,0.,-1.));
#15029=DIRECTION('',(0.,-1.,0.));
#15030=DIRECTION('',(0.,0.,-1.));
#15031=DIRECTION('',(0.,-1.,0.));
#15032=DIRECTION('',(0.,0.,-1.));
#15033=DIRECTION('',(0.,-1.,0.));
#15034=DIRECTION('',(0.,0.,-1.));
#15035=DIRECTION('',(0.,-1.,0.));
#15036=DIRECTION('',(0.,0.,-1.));
#15037=DIRECTION('',(0.,-1.,0.));
#15038=DIRECTION('',(0.,0.,-1.));
#15039=DIRECTION('',(0.,-1.,0.));
#15040=DIRECTION('',(0.,0.,-1.));
#15041=DIRECTION('',(0.,-1.,0.));
#15042=DIRECTION('',(0.,0.,-1.));
#15043=DIRECTION('',(0.,1.,0.));
#15044=DIRECTION('',(0.,0.,1.));
#15045=DIRECTION('',(0.,-1.,0.));
#15046=DIRECTION('',(0.,0.,-1.));
#15047=DIRECTION('',(0.,1.,0.));
#15048=DIRECTION('',(0.,0.,1.));
#15049=DIRECTION('',(0.,-1.,0.));
#15050=DIRECTION('',(0.,0.,-1.));
#15051=DIRECTION('',(0.,-1.,0.));
#15052=DIRECTION('',(0.,0.,-1.));
#15053=DIRECTION('',(0.,-1.,0.));
#15054=DIRECTION('',(0.,0.,-1.));
#15055=DIRECTION('',(0.,1.,0.));
#15056=DIRECTION('',(0.,0.,1.));
#15057=DIRECTION('',(0.,-1.,0.));
#15058=DIRECTION('',(0.,0.,-1.));
#15059=DIRECTION('',(0.,-1.,0.));
#15060=DIRECTION('',(0.,0.,-1.));
#15061=DIRECTION('',(0.,-1.,0.));
#15062=DIRECTION('',(0.,0.,-1.));
#15063=DIRECTION('',(0.,-1.,0.));
#15064=DIRECTION('',(0.,0.,-1.));
#15065=DIRECTION('',(0.,-1.,0.));
#15066=DIRECTION('',(0.,0.,-1.));
#15067=DIRECTION('',(0.,-1.,0.));
#15068=DIRECTION('',(0.,0.,-1.));
#15069=DIRECTION('',(0.,-1.,0.));
#15070=DIRECTION('',(0.,0.,-1.));
#15071=DIRECTION('',(0.,-1.,0.));
#15072=DIRECTION('',(0.,0.,-1.));
#15073=DIRECTION('',(0.,-1.,0.));
#15074=DIRECTION('',(0.,0.,-1.));
#15075=DIRECTION('',(0.,-1.,0.));
#15076=DIRECTION('',(0.,0.,-1.));
#15077=DIRECTION('',(0.,1.,0.));
#15078=DIRECTION('',(0.,0.,1.));
#15079=DIRECTION('',(0.,-1.,0.));
#15080=DIRECTION('',(0.,0.,-1.));
#15081=DIRECTION('',(0.,1.,0.));
#15082=DIRECTION('',(0.,0.,1.));
#15083=DIRECTION('',(0.,-1.,0.));
#15084=DIRECTION('',(0.,0.,-1.));
#15085=DIRECTION('',(0.,-1.,0.));
#15086=DIRECTION('',(0.,0.,-1.));
#15087=DIRECTION('',(0.,-1.,0.));
#15088=DIRECTION('',(0.,0.,-1.));
#15089=DIRECTION('',(0.,1.,0.));
#15090=DIRECTION('',(0.,0.,1.));
#15091=DIRECTION('',(0.,-1.,0.));
#15092=DIRECTION('',(0.,0.,-1.));
#15093=DIRECTION('',(0.,-1.,0.));
#15094=DIRECTION('',(0.,0.,-1.));
#15095=DIRECTION('',(0.,-1.,0.));
#15096=DIRECTION('',(0.,0.,-1.));
#15097=DIRECTION('',(0.,-1.,0.));
#15098=DIRECTION('',(0.,0.,-1.));
#15099=DIRECTION('',(0.,-1.,0.));
#15100=DIRECTION('',(0.,0.,-1.));
#15101=DIRECTION('',(0.,-1.,0.));
#15102=DIRECTION('',(0.,0.,-1.));
#15103=DIRECTION('',(0.,-1.,0.));
#15104=DIRECTION('',(0.,0.,-1.));
#15105=DIRECTION('',(0.,-1.,0.));
#15106=DIRECTION('',(0.,0.,-1.));
#15107=DIRECTION('',(0.,-1.,0.));
#15108=DIRECTION('',(0.,0.,-1.));
#15109=DIRECTION('',(0.,-1.,0.));
#15110=DIRECTION('',(0.,0.,-1.));
#15111=DIRECTION('',(0.,1.,0.));
#15112=DIRECTION('',(0.,0.,1.));
#15113=DIRECTION('',(0.,-1.,0.));
#15114=DIRECTION('',(0.,0.,-1.));
#15115=DIRECTION('',(0.,1.,0.));
#15116=DIRECTION('',(0.,0.,1.));
#15117=DIRECTION('',(0.,-1.,0.));
#15118=DIRECTION('',(0.,0.,-1.));
#15119=DIRECTION('',(0.,-1.,0.));
#15120=DIRECTION('',(0.,0.,-1.));
#15121=DIRECTION('',(0.,-1.,0.));
#15122=DIRECTION('',(0.,0.,-1.));
#15123=DIRECTION('',(0.,1.,0.));
#15124=DIRECTION('',(0.,0.,1.));
#15125=DIRECTION('',(0.,-1.,0.));
#15126=DIRECTION('',(0.,0.,-1.));
#15127=DIRECTION('',(0.,-1.,0.));
#15128=DIRECTION('',(0.,0.,-1.));
#15129=DIRECTION('',(0.,-1.,0.));
#15130=DIRECTION('',(0.,0.,-1.));
#15131=DIRECTION('',(0.,-1.,0.));
#15132=DIRECTION('',(0.,0.,-1.));
#15133=DIRECTION('',(0.,-1.,0.));
#15134=DIRECTION('',(0.,0.,-1.));
#15135=DIRECTION('',(0.,-1.,0.));
#15136=DIRECTION('',(0.,0.,-1.));
#15137=DIRECTION('',(0.,-1.,0.));
#15138=DIRECTION('',(0.,0.,-1.));
#15139=DIRECTION('',(0.,-1.,0.));
#15140=DIRECTION('',(0.,0.,-1.));
#15141=DIRECTION('',(0.,-1.,0.));
#15142=DIRECTION('',(0.,0.,-1.));
#15143=DIRECTION('',(0.,-1.,0.));
#15144=DIRECTION('',(0.,0.,-1.));
#15145=DIRECTION('',(0.,1.,0.));
#15146=DIRECTION('',(0.,0.,1.));
#15147=DIRECTION('',(0.,-1.,0.));
#15148=DIRECTION('',(0.,0.,-1.));
#15149=DIRECTION('',(0.,1.,0.));
#15150=DIRECTION('',(0.,0.,1.));
#15151=DIRECTION('',(0.,-1.,0.));
#15152=DIRECTION('',(0.,0.,-1.));
#15153=DIRECTION('',(0.,-1.,0.));
#15154=DIRECTION('',(0.,0.,-1.));
#15155=DIRECTION('',(0.,-1.,0.));
#15156=DIRECTION('',(0.,0.,-1.));
#15157=DIRECTION('',(0.,1.,0.));
#15158=DIRECTION('',(0.,0.,1.));
#15159=DIRECTION('',(0.,-1.,0.));
#15160=DIRECTION('',(0.,0.,-1.));
#15161=DIRECTION('',(0.,-1.,0.));
#15162=DIRECTION('',(0.,0.,-1.));
#15163=DIRECTION('',(0.,-1.,0.));
#15164=DIRECTION('',(0.,0.,-1.));
#15165=DIRECTION('',(0.,-1.,0.));
#15166=DIRECTION('',(0.,0.,-1.));
#15167=DIRECTION('',(0.,-1.,0.));
#15168=DIRECTION('',(0.,0.,-1.));
#15169=DIRECTION('',(0.,-1.,0.));
#15170=DIRECTION('',(0.,0.,-1.));
#15171=DIRECTION('',(0.,-1.,0.));
#15172=DIRECTION('',(0.,0.,-1.));
#15173=DIRECTION('',(0.,-1.,0.));
#15174=DIRECTION('',(0.,0.,-1.));
#15175=DIRECTION('',(0.,-1.,0.));
#15176=DIRECTION('',(0.,0.,-1.));
#15177=DIRECTION('',(0.,-1.,0.));
#15178=DIRECTION('',(0.,0.,-1.));
#15179=DIRECTION('',(0.,1.,0.));
#15180=DIRECTION('',(0.,0.,1.));
#15181=DIRECTION('',(0.,-1.,0.));
#15182=DIRECTION('',(0.,0.,-1.));
#15183=DIRECTION('',(0.,1.,0.));
#15184=DIRECTION('',(0.,0.,1.));
#15185=DIRECTION('',(0.,-1.,0.));
#15186=DIRECTION('',(0.,0.,-1.));
#15187=DIRECTION('',(0.,-1.,0.));
#15188=DIRECTION('',(0.,0.,-1.));
#15189=DIRECTION('',(0.,-1.,0.));
#15190=DIRECTION('',(0.,0.,-1.));
#15191=DIRECTION('',(0.,1.,0.));
#15192=DIRECTION('',(0.,0.,1.));
#15193=DIRECTION('',(0.,-1.,0.));
#15194=DIRECTION('',(0.,0.,-1.));
#15195=DIRECTION('',(0.,-1.,0.));
#15196=DIRECTION('',(0.,0.,-1.));
#15197=DIRECTION('',(0.,-1.,0.));
#15198=DIRECTION('',(0.,0.,-1.));
#15199=DIRECTION('',(0.,-1.,0.));
#15200=DIRECTION('',(0.,0.,-1.));
#15201=DIRECTION('',(0.,-1.,0.));
#15202=DIRECTION('',(0.,0.,-1.));
#15203=DIRECTION('',(0.,-1.,0.));
#15204=DIRECTION('',(0.,0.,-1.));
#15205=DIRECTION('',(0.,-1.,0.));
#15206=DIRECTION('',(0.,0.,-1.));
#15207=DIRECTION('',(0.,-1.,0.));
#15208=DIRECTION('',(0.,0.,-1.));
#15209=DIRECTION('',(0.,-1.,0.));
#15210=DIRECTION('',(0.,0.,-1.));
#15211=DIRECTION('',(0.,-1.,0.));
#15212=DIRECTION('',(0.,0.,-1.));
#15213=DIRECTION('',(0.,1.,0.));
#15214=DIRECTION('',(0.,0.,1.));
#15215=DIRECTION('',(0.,-1.,0.));
#15216=DIRECTION('',(0.,0.,-1.));
#15217=DIRECTION('',(0.,1.,0.));
#15218=DIRECTION('',(0.,0.,1.));
#15219=DIRECTION('',(0.,-1.,0.));
#15220=DIRECTION('',(0.,0.,-1.));
#15221=DIRECTION('',(0.,-1.,0.));
#15222=DIRECTION('',(0.,0.,-1.));
#15223=DIRECTION('',(0.,-1.,0.));
#15224=DIRECTION('',(0.,0.,-1.));
#15225=DIRECTION('',(0.,1.,0.));
#15226=DIRECTION('',(0.,0.,1.));
#15227=DIRECTION('',(0.,-1.,0.));
#15228=DIRECTION('',(0.,0.,-1.));
#15229=DIRECTION('',(0.,-1.,0.));
#15230=DIRECTION('',(0.,0.,-1.));
#15231=DIRECTION('',(0.,-1.,0.));
#15232=DIRECTION('',(0.,0.,-1.));
#15233=DIRECTION('',(0.,-1.,0.));
#15234=DIRECTION('',(0.,0.,-1.));
#15235=DIRECTION('',(0.,-1.,0.));
#15236=DIRECTION('',(0.,0.,-1.));
#15237=DIRECTION('',(0.,-1.,0.));
#15238=DIRECTION('',(0.,0.,-1.));
#15239=DIRECTION('',(0.,-1.,0.));
#15240=DIRECTION('',(0.,0.,-1.));
#15241=DIRECTION('',(0.,-1.,0.));
#15242=DIRECTION('',(0.,0.,-1.));
#15243=DIRECTION('',(0.,-1.,0.));
#15244=DIRECTION('',(0.,0.,-1.));
#15245=DIRECTION('',(0.,-1.,0.));
#15246=DIRECTION('',(0.,0.,-1.));
#15247=DIRECTION('',(0.,1.,0.));
#15248=DIRECTION('',(0.,0.,1.));
#15249=DIRECTION('',(0.,-1.,0.));
#15250=DIRECTION('',(0.,0.,-1.));
#15251=DIRECTION('',(0.,1.,0.));
#15252=DIRECTION('',(0.,0.,1.));
#15253=DIRECTION('',(0.,-1.,0.));
#15254=DIRECTION('',(0.,0.,-1.));
#15255=DIRECTION('',(0.,-1.,0.));
#15256=DIRECTION('',(0.,0.,-1.));
#15257=DIRECTION('',(0.,-1.,0.));
#15258=DIRECTION('',(0.,0.,-1.));
#15259=DIRECTION('',(0.,1.,0.));
#15260=DIRECTION('',(0.,0.,1.));
#15261=DIRECTION('',(0.,-1.,0.));
#15262=DIRECTION('',(0.,0.,-1.));
#15263=DIRECTION('',(0.,-1.,0.));
#15264=DIRECTION('',(0.,0.,-1.));
#15265=DIRECTION('',(0.,-1.,0.));
#15266=DIRECTION('',(0.,0.,-1.));
#15267=DIRECTION('',(0.,-1.,0.));
#15268=DIRECTION('',(0.,0.,-1.));
#15269=DIRECTION('',(0.,-1.,0.));
#15270=DIRECTION('',(0.,0.,-1.));
#15271=DIRECTION('',(0.,-1.,0.));
#15272=DIRECTION('',(0.,0.,-1.));
#15273=DIRECTION('',(0.,-1.,0.));
#15274=DIRECTION('',(0.,0.,-1.));
#15275=DIRECTION('',(0.,-1.,0.));
#15276=DIRECTION('',(0.,0.,-1.));
#15277=DIRECTION('',(0.,-1.,0.));
#15278=DIRECTION('',(0.,0.,-1.));
#15279=DIRECTION('',(0.,-1.,0.));
#15280=DIRECTION('',(0.,0.,-1.));
#15281=DIRECTION('',(0.,1.,0.));
#15282=DIRECTION('',(0.,0.,1.));
#15283=DIRECTION('',(0.,-1.,0.));
#15284=DIRECTION('',(0.,0.,-1.));
#15285=DIRECTION('',(0.,1.,0.));
#15286=DIRECTION('',(0.,0.,1.));
#15287=DIRECTION('',(0.,-1.,0.));
#15288=DIRECTION('',(0.,0.,-1.));
#15289=DIRECTION('',(0.,-1.,0.));
#15290=DIRECTION('',(0.,0.,-1.));
#15291=DIRECTION('',(0.,-1.,0.));
#15292=DIRECTION('',(0.,0.,-1.));
#15293=DIRECTION('',(0.,1.,0.));
#15294=DIRECTION('',(0.,0.,1.));
#15295=DIRECTION('',(0.,-1.,0.));
#15296=DIRECTION('',(0.,0.,-1.));
#15297=DIRECTION('',(0.,-1.,0.));
#15298=DIRECTION('',(0.,0.,-1.));
#15299=DIRECTION('',(0.,-1.,0.));
#15300=DIRECTION('',(0.,0.,-1.));
#15301=DIRECTION('',(0.,-1.,0.));
#15302=DIRECTION('',(0.,0.,-1.));
#15303=DIRECTION('',(0.,-1.,0.));
#15304=DIRECTION('',(0.,0.,-1.));
#15305=DIRECTION('',(0.,-1.,0.));
#15306=DIRECTION('',(0.,0.,-1.));
#15307=DIRECTION('',(0.,-1.,0.));
#15308=DIRECTION('',(0.,0.,-1.));
#15309=DIRECTION('',(0.,-1.,0.));
#15310=DIRECTION('',(0.,0.,-1.));
#15311=DIRECTION('',(0.,-1.,0.));
#15312=DIRECTION('',(0.,0.,-1.));
#15313=DIRECTION('',(0.,-1.,0.));
#15314=DIRECTION('',(0.,0.,-1.));
#15315=DIRECTION('',(0.,1.,0.));
#15316=DIRECTION('',(0.,0.,1.));
#15317=DIRECTION('',(0.,-1.,0.));
#15318=DIRECTION('',(0.,0.,-1.));
#15319=DIRECTION('',(0.,1.,0.));
#15320=DIRECTION('',(0.,0.,1.));
#15321=DIRECTION('',(0.,-1.,0.));
#15322=DIRECTION('',(0.,0.,-1.));
#15323=DIRECTION('',(0.,-1.,0.));
#15324=DIRECTION('',(0.,0.,-1.));
#15325=DIRECTION('',(0.,-1.,0.));
#15326=DIRECTION('',(0.,0.,-1.));
#15327=DIRECTION('',(0.,1.,0.));
#15328=DIRECTION('',(0.,0.,1.));
#15329=DIRECTION('',(0.,-1.,0.));
#15330=DIRECTION('',(0.,0.,-1.));
#15331=DIRECTION('',(0.,-1.,0.));
#15332=DIRECTION('',(0.,0.,-1.));
#15333=DIRECTION('',(0.,-1.,0.));
#15334=DIRECTION('',(0.,0.,-1.));
#15335=DIRECTION('',(0.,-1.,0.));
#15336=DIRECTION('',(0.,0.,-1.));
#15337=DIRECTION('',(0.,-1.,0.));
#15338=DIRECTION('',(0.,0.,-1.));
#15339=DIRECTION('',(0.,-1.,0.));
#15340=DIRECTION('',(0.,0.,-1.));
#15341=DIRECTION('',(0.,-1.,0.));
#15342=DIRECTION('',(0.,0.,-1.));
#15343=DIRECTION('',(0.,-1.,0.));
#15344=DIRECTION('',(0.,0.,-1.));
#15345=DIRECTION('',(0.,-1.,0.));
#15346=DIRECTION('',(0.,0.,-1.));
#15347=DIRECTION('',(0.,-1.,0.));
#15348=DIRECTION('',(0.,0.,-1.));
#15349=DIRECTION('',(0.,1.,0.));
#15350=DIRECTION('',(0.,0.,1.));
#15351=DIRECTION('',(0.,-1.,0.));
#15352=DIRECTION('',(0.,0.,-1.));
#15353=DIRECTION('',(0.,1.,0.));
#15354=DIRECTION('',(0.,0.,1.));
#15355=DIRECTION('',(0.,-1.,0.));
#15356=DIRECTION('',(0.,0.,-1.));
#15357=DIRECTION('',(0.,-1.,0.));
#15358=DIRECTION('',(0.,0.,-1.));
#15359=DIRECTION('',(0.,-1.,0.));
#15360=DIRECTION('',(0.,0.,-1.));
#15361=DIRECTION('',(0.,1.,0.));
#15362=DIRECTION('',(0.,0.,1.));
#15363=DIRECTION('',(0.,-1.,0.));
#15364=DIRECTION('',(0.,0.,-1.));
#15365=DIRECTION('',(0.,-1.,0.));
#15366=DIRECTION('',(0.,0.,-1.));
#15367=DIRECTION('',(0.,-1.,0.));
#15368=DIRECTION('',(0.,0.,-1.));
#15369=DIRECTION('',(0.,-1.,0.));
#15370=DIRECTION('',(0.,0.,-1.));
#15371=DIRECTION('',(0.,-1.,0.));
#15372=DIRECTION('',(0.,0.,-1.));
#15373=DIRECTION('',(0.,-1.,0.));
#15374=DIRECTION('',(0.,0.,-1.));
#15375=DIRECTION('',(0.,-1.,0.));
#15376=DIRECTION('',(0.,0.,-1.));
#15377=DIRECTION('',(0.,-1.,0.));
#15378=DIRECTION('',(0.,0.,-1.));
#15379=DIRECTION('',(0.,-1.,0.));
#15380=DIRECTION('',(0.,0.,-1.));
#15381=DIRECTION('',(0.,-1.,0.));
#15382=DIRECTION('',(0.,0.,-1.));
#15383=DIRECTION('',(0.,1.,0.));
#15384=DIRECTION('',(0.,0.,1.));
#15385=DIRECTION('',(0.,-1.,0.));
#15386=DIRECTION('',(0.,0.,-1.));
#15387=DIRECTION('',(0.,1.,0.));
#15388=DIRECTION('',(0.,0.,1.));
#15389=DIRECTION('',(0.,-1.,0.));
#15390=DIRECTION('',(0.,0.,-1.));
#15391=DIRECTION('',(0.,-1.,0.));
#15392=DIRECTION('',(0.,0.,-1.));
#15393=DIRECTION('',(0.,-1.,0.));
#15394=DIRECTION('',(0.,0.,-1.));
#15395=DIRECTION('',(0.,1.,0.));
#15396=DIRECTION('',(0.,0.,1.));
#15397=DIRECTION('',(0.,-1.,0.));
#15398=DIRECTION('',(0.,0.,-1.));
#15399=DIRECTION('',(0.,-1.,0.));
#15400=DIRECTION('',(0.,0.,-1.));
#15401=DIRECTION('',(0.,-1.,0.));
#15402=DIRECTION('',(0.,0.,-1.));
#15403=DIRECTION('',(0.,-1.,0.));
#15404=DIRECTION('',(0.,0.,-1.));
#15405=DIRECTION('',(0.,-1.,0.));
#15406=DIRECTION('',(0.,0.,-1.));
#15407=DIRECTION('',(0.,-1.,0.));
#15408=DIRECTION('',(0.,0.,-1.));
#15409=DIRECTION('',(0.,-1.,0.));
#15410=DIRECTION('',(0.,0.,-1.));
#15411=DIRECTION('',(0.,-1.,0.));
#15412=DIRECTION('',(0.,0.,-1.));
#15413=DIRECTION('',(0.,-1.,0.));
#15414=DIRECTION('',(0.,0.,-1.));
#15415=DIRECTION('',(0.,-1.,0.));
#15416=DIRECTION('',(0.,0.,-1.));
#15417=DIRECTION('',(0.,1.,0.));
#15418=DIRECTION('',(0.,0.,1.));
#15419=DIRECTION('',(0.,-1.,0.));
#15420=DIRECTION('',(0.,0.,-1.));
#15421=DIRECTION('',(0.,1.,0.));
#15422=DIRECTION('',(0.,0.,1.));
#15423=DIRECTION('',(0.,-1.,0.));
#15424=DIRECTION('',(0.,0.,-1.));
#15425=DIRECTION('',(0.,-1.,0.));
#15426=DIRECTION('',(0.,0.,-1.));
#15427=DIRECTION('',(0.,-1.,0.));
#15428=DIRECTION('',(0.,0.,-1.));
#15429=DIRECTION('',(0.,1.,0.));
#15430=DIRECTION('',(0.,0.,1.));
#15431=DIRECTION('',(0.,-1.,0.));
#15432=DIRECTION('',(0.,0.,-1.));
#15433=DIRECTION('',(0.,-1.,0.));
#15434=DIRECTION('',(0.,0.,-1.));
#15435=DIRECTION('',(0.,-1.,0.));
#15436=DIRECTION('',(0.,0.,-1.));
#15437=DIRECTION('',(0.,-1.,0.));
#15438=DIRECTION('',(0.,0.,-1.));
#15439=DIRECTION('',(0.,-1.,0.));
#15440=DIRECTION('',(0.,0.,-1.));
#15441=DIRECTION('',(0.,-1.,0.));
#15442=DIRECTION('',(0.,0.,-1.));
#15443=DIRECTION('',(0.,-1.,0.));
#15444=DIRECTION('',(0.,0.,-1.));
#15445=DIRECTION('',(0.,-1.,0.));
#15446=DIRECTION('',(0.,0.,-1.));
#15447=DIRECTION('',(0.,-1.,0.));
#15448=DIRECTION('',(0.,0.,-1.));
#15449=DIRECTION('',(0.,-1.,0.));
#15450=DIRECTION('',(0.,0.,-1.));
#15451=DIRECTION('',(0.,1.,0.));
#15452=DIRECTION('',(0.,0.,1.));
#15453=DIRECTION('',(0.,-1.,0.));
#15454=DIRECTION('',(0.,0.,-1.));
#15455=DIRECTION('',(0.,1.,0.));
#15456=DIRECTION('',(0.,0.,1.));
#15457=DIRECTION('',(0.,-1.,0.));
#15458=DIRECTION('',(0.,0.,-1.));
#15459=DIRECTION('',(0.,-1.,0.));
#15460=DIRECTION('',(0.,0.,-1.));
#15461=DIRECTION('',(0.,-1.,0.));
#15462=DIRECTION('',(0.,0.,-1.));
#15463=DIRECTION('',(0.,1.,0.));
#15464=DIRECTION('',(0.,0.,1.));
#15465=DIRECTION('',(0.,-1.,0.));
#15466=DIRECTION('',(0.,0.,-1.));
#15467=DIRECTION('',(0.,-1.,0.));
#15468=DIRECTION('',(0.,0.,-1.));
#15469=DIRECTION('',(0.,-1.,0.));
#15470=DIRECTION('',(0.,0.,-1.));
#15471=DIRECTION('',(0.,-1.,0.));
#15472=DIRECTION('',(0.,0.,-1.));
#15473=DIRECTION('',(0.,-1.,0.));
#15474=DIRECTION('',(0.,0.,-1.));
#15475=DIRECTION('',(0.,-1.,0.));
#15476=DIRECTION('',(0.,0.,-1.));
#15477=DIRECTION('',(0.,-1.,0.));
#15478=DIRECTION('',(0.,0.,-1.));
#15479=DIRECTION('',(0.,-1.,0.));
#15480=DIRECTION('',(0.,0.,-1.));
#15481=DIRECTION('',(0.,-1.,0.));
#15482=DIRECTION('',(0.,0.,-1.));
#15483=DIRECTION('',(0.,-1.,0.));
#15484=DIRECTION('',(0.,0.,-1.));
#15485=DIRECTION('',(0.,1.,0.));
#15486=DIRECTION('',(0.,0.,1.));
#15487=DIRECTION('',(0.,-1.,0.));
#15488=DIRECTION('',(0.,0.,-1.));
#15489=DIRECTION('',(0.,1.,0.));
#15490=DIRECTION('',(0.,0.,1.));
#15491=DIRECTION('',(0.,-1.,0.));
#15492=DIRECTION('',(0.,0.,-1.));
#15493=DIRECTION('',(0.,-1.,0.));
#15494=DIRECTION('',(0.,0.,-1.));
#15495=DIRECTION('',(0.,-1.,0.));
#15496=DIRECTION('',(0.,0.,-1.));
#15497=DIRECTION('',(0.,1.,0.));
#15498=DIRECTION('',(0.,0.,1.));
#15499=DIRECTION('',(0.,-1.,0.));
#15500=DIRECTION('',(0.,0.,-1.));
#15501=DIRECTION('',(0.,-1.,0.));
#15502=DIRECTION('',(0.,0.,-1.));
#15503=DIRECTION('',(0.,-1.,0.));
#15504=DIRECTION('',(0.,0.,-1.));
#15505=DIRECTION('',(0.,-1.,0.));
#15506=DIRECTION('',(0.,0.,-1.));
#15507=DIRECTION('',(0.,-1.,0.));
#15508=DIRECTION('',(0.,0.,-1.));
#15509=DIRECTION('',(0.,-1.,0.));
#15510=DIRECTION('',(0.,0.,-1.));
#15511=DIRECTION('',(0.,-1.,0.));
#15512=DIRECTION('',(0.,0.,-1.));
#15513=DIRECTION('',(0.,-1.,0.));
#15514=DIRECTION('',(0.,0.,-1.));
#15515=DIRECTION('',(0.,-1.,0.));
#15516=DIRECTION('',(0.,0.,-1.));
#15517=DIRECTION('',(0.,-1.,0.));
#15518=DIRECTION('',(0.,0.,-1.));
#15519=DIRECTION('',(0.,1.,0.));
#15520=DIRECTION('',(0.,0.,1.));
#15521=DIRECTION('',(0.,-1.,0.));
#15522=DIRECTION('',(0.,0.,-1.));
#15523=DIRECTION('',(0.,1.,0.));
#15524=DIRECTION('',(0.,0.,1.));
#15525=DIRECTION('',(0.,-1.,0.));
#15526=DIRECTION('',(0.,0.,-1.));
#15527=DIRECTION('',(0.,-1.,0.));
#15528=DIRECTION('',(0.,0.,-1.));
#15529=DIRECTION('',(0.,-1.,0.));
#15530=DIRECTION('',(0.,0.,-1.));
#15531=DIRECTION('',(0.,1.,0.));
#15532=DIRECTION('',(0.,0.,1.));
#15533=DIRECTION('',(0.,-1.,0.));
#15534=DIRECTION('',(0.,0.,-1.));
#15535=DIRECTION('',(0.,-1.,0.));
#15536=DIRECTION('',(0.,0.,-1.));
#15537=DIRECTION('',(0.,-1.,0.));
#15538=DIRECTION('',(0.,0.,-1.));
#15539=DIRECTION('',(0.,-1.,0.));
#15540=DIRECTION('',(0.,0.,-1.));
#15541=DIRECTION('',(0.,-1.,0.));
#15542=DIRECTION('',(0.,0.,-1.));
#15543=DIRECTION('',(0.,-1.,0.));
#15544=DIRECTION('',(0.,0.,-1.));
#15545=DIRECTION('',(0.,-1.,0.));
#15546=DIRECTION('',(0.,0.,-1.));
#15547=DIRECTION('',(0.,-1.,0.));
#15548=DIRECTION('',(0.,0.,-1.));
#15549=DIRECTION('',(0.,-1.,0.));
#15550=DIRECTION('',(0.,0.,-1.));
#15551=DIRECTION('',(0.,-1.,0.));
#15552=DIRECTION('',(0.,0.,-1.));
#15553=DIRECTION('',(0.,1.,0.));
#15554=DIRECTION('',(0.,0.,1.));
#15555=DIRECTION('',(0.,-1.,0.));
#15556=DIRECTION('',(0.,0.,-1.));
#15557=DIRECTION('',(0.,1.,0.));
#15558=DIRECTION('',(0.,0.,1.));
#15559=DIRECTION('',(0.,-1.,0.));
#15560=DIRECTION('',(0.,0.,-1.));
#15561=DIRECTION('',(0.,-1.,0.));
#15562=DIRECTION('',(0.,0.,-1.));
#15563=DIRECTION('',(0.,-1.,0.));
#15564=DIRECTION('',(0.,0.,-1.));
#15565=DIRECTION('',(0.,1.,0.));
#15566=DIRECTION('',(0.,0.,1.));
#15567=DIRECTION('',(0.,-1.,0.));
#15568=DIRECTION('',(0.,0.,-1.));
#15569=DIRECTION('',(0.,-1.,0.));
#15570=DIRECTION('',(0.,0.,-1.));
#15571=DIRECTION('',(0.,-1.,0.));
#15572=DIRECTION('',(0.,0.,-1.));
#15573=DIRECTION('',(0.,-1.,0.));
#15574=DIRECTION('',(0.,0.,-1.));
#15575=DIRECTION('',(0.,-1.,0.));
#15576=DIRECTION('',(0.,0.,-1.));
#15577=DIRECTION('',(0.,-1.,0.));
#15578=DIRECTION('',(0.,0.,-1.));
#15579=DIRECTION('',(0.,-1.,0.));
#15580=DIRECTION('',(0.,0.,-1.));
#15581=DIRECTION('',(0.,-1.,0.));
#15582=DIRECTION('',(0.,0.,-1.));
#15583=DIRECTION('',(0.,-1.,0.));
#15584=DIRECTION('',(0.,0.,-1.));
#15585=DIRECTION('',(0.,-1.,0.));
#15586=DIRECTION('',(0.,0.,-1.));
#15587=DIRECTION('',(0.,1.,0.));
#15588=DIRECTION('',(0.,0.,1.));
#15589=DIRECTION('',(0.,-1.,0.));
#15590=DIRECTION('',(0.,0.,-1.));
#15591=DIRECTION('',(0.,1.,0.));
#15592=DIRECTION('',(0.,0.,1.));
#15593=DIRECTION('',(0.,-1.,0.));
#15594=DIRECTION('',(0.,0.,-1.));
#15595=DIRECTION('',(0.,-1.,0.));
#15596=DIRECTION('',(0.,0.,-1.));
#15597=DIRECTION('',(0.,-1.,0.));
#15598=DIRECTION('',(0.,0.,-1.));
#15599=DIRECTION('',(0.,1.,0.));
#15600=DIRECTION('',(0.,0.,1.));
#15601=DIRECTION('',(0.,-1.,0.));
#15602=DIRECTION('',(0.,0.,-1.));
#15603=DIRECTION('',(0.,-1.,0.));
#15604=DIRECTION('',(0.,0.,-1.));
#15605=DIRECTION('',(0.,-1.,0.));
#15606=DIRECTION('',(0.,0.,-1.));
#15607=DIRECTION('',(0.,-1.,0.));
#15608=DIRECTION('',(0.,0.,-1.));
#15609=DIRECTION('',(0.,-1.,0.));
#15610=DIRECTION('',(0.,0.,-1.));
#15611=DIRECTION('',(0.,-1.,0.));
#15612=DIRECTION('',(0.,0.,-1.));
#15613=DIRECTION('',(0.,-1.,0.));
#15614=DIRECTION('',(0.,0.,-1.));
#15615=DIRECTION('',(0.,-1.,0.));
#15616=DIRECTION('',(0.,0.,-1.));
#15617=DIRECTION('',(0.,-1.,0.));
#15618=DIRECTION('',(0.,0.,-1.));
#15619=DIRECTION('',(0.,-1.,0.));
#15620=DIRECTION('',(0.,0.,-1.));
#15621=DIRECTION('',(0.,1.,0.));
#15622=DIRECTION('',(0.,0.,1.));
#15623=DIRECTION('',(0.,-1.,0.));
#15624=DIRECTION('',(0.,0.,-1.));
#15625=DIRECTION('',(0.,1.,0.));
#15626=DIRECTION('',(0.,0.,1.));
#15627=DIRECTION('',(0.,-1.,0.));
#15628=DIRECTION('',(0.,0.,-1.));
#15629=DIRECTION('',(0.,-1.,0.));
#15630=DIRECTION('',(0.,0.,-1.));
#15631=DIRECTION('',(0.,-1.,0.));
#15632=DIRECTION('',(0.,0.,-1.));
#15633=DIRECTION('',(0.,1.,0.));
#15634=DIRECTION('',(0.,0.,1.));
#15635=DIRECTION('',(0.,-1.,0.));
#15636=DIRECTION('',(0.,0.,-1.));
#15637=DIRECTION('',(0.,-1.,0.));
#15638=DIRECTION('',(0.,0.,-1.));
#15639=DIRECTION('',(0.,-1.,0.));
#15640=DIRECTION('',(0.,0.,-1.));
#15641=DIRECTION('',(0.,-1.,0.));
#15642=DIRECTION('',(0.,0.,-1.));
#15643=DIRECTION('',(0.,-1.,0.));
#15644=DIRECTION('',(0.,0.,-1.));
#15645=DIRECTION('',(0.,-1.,0.));
#15646=DIRECTION('',(0.,0.,-1.));
#15647=DIRECTION('',(0.,-1.,0.));
#15648=DIRECTION('',(0.,0.,-1.));
#15649=DIRECTION('',(0.,-1.,0.));
#15650=DIRECTION('',(0.,0.,-1.));
#15651=DIRECTION('',(0.,-1.,0.));
#15652=DIRECTION('',(0.,0.,-1.));
#15653=DIRECTION('',(0.,-1.,0.));
#15654=DIRECTION('',(0.,0.,-1.));
#15655=DIRECTION('',(0.,1.,0.));
#15656=DIRECTION('',(0.,0.,1.));
#15657=DIRECTION('',(0.,-1.,0.));
#15658=DIRECTION('',(0.,0.,-1.));
#15659=DIRECTION('',(0.,1.,0.));
#15660=DIRECTION('',(0.,0.,1.));
#15661=DIRECTION('',(0.,-1.,0.));
#15662=DIRECTION('',(0.,0.,-1.));
#15663=DIRECTION('',(0.,-1.,0.));
#15664=DIRECTION('',(0.,0.,-1.));
#15665=DIRECTION('',(0.,-1.,0.));
#15666=DIRECTION('',(0.,0.,-1.));
#15667=DIRECTION('',(0.,1.,0.));
#15668=DIRECTION('',(0.,0.,1.));
#15669=DIRECTION('',(0.,-1.,0.));
#15670=DIRECTION('',(0.,0.,-1.));
#15671=DIRECTION('',(0.,-1.,0.));
#15672=DIRECTION('',(0.,0.,-1.));
#15673=DIRECTION('',(0.,-1.,0.));
#15674=DIRECTION('',(0.,0.,-1.));
#15675=DIRECTION('',(0.,-1.,0.));
#15676=DIRECTION('',(0.,0.,-1.));
#15677=DIRECTION('',(0.,-1.,0.));
#15678=DIRECTION('',(0.,0.,-1.));
#15679=DIRECTION('',(0.,-1.,0.));
#15680=DIRECTION('',(0.,0.,-1.));
#15681=DIRECTION('',(0.,-1.,0.));
#15682=DIRECTION('',(0.,0.,-1.));
#15683=DIRECTION('',(0.,-1.,0.));
#15684=DIRECTION('',(0.,0.,-1.));
#15685=DIRECTION('',(0.,-1.,0.));
#15686=DIRECTION('',(0.,0.,-1.));
#15687=DIRECTION('',(0.,-1.,0.));
#15688=DIRECTION('',(0.,0.,-1.));
#15689=DIRECTION('',(0.,1.,0.));
#15690=DIRECTION('',(0.,0.,1.));
#15691=DIRECTION('',(0.,-1.,0.));
#15692=DIRECTION('',(0.,0.,-1.));
#15693=DIRECTION('',(0.,1.,0.));
#15694=DIRECTION('',(0.,0.,1.));
#15695=DIRECTION('',(0.,-1.,0.));
#15696=DIRECTION('',(0.,0.,-1.));
#15697=DIRECTION('',(0.,-1.,0.));
#15698=DIRECTION('',(0.,0.,-1.));
#15699=DIRECTION('',(0.,-1.,0.));
#15700=DIRECTION('',(0.,0.,-1.));
#15701=DIRECTION('',(0.,1.,0.));
#15702=DIRECTION('',(0.,0.,1.));
#15703=DIRECTION('',(0.,-1.,0.));
#15704=DIRECTION('',(0.,0.,-1.));
#15705=DIRECTION('',(0.,-1.,0.));
#15706=DIRECTION('',(0.,0.,-1.));
#15707=DIRECTION('',(0.,-1.,0.));
#15708=DIRECTION('',(0.,0.,-1.));
#15709=DIRECTION('',(0.,-1.,0.));
#15710=DIRECTION('',(0.,0.,-1.));
#15711=DIRECTION('',(0.,-1.,0.));
#15712=DIRECTION('',(0.,0.,-1.));
#15713=DIRECTION('',(0.,-1.,0.));
#15714=DIRECTION('',(0.,0.,-1.));
#15715=DIRECTION('',(0.,-1.,0.));
#15716=DIRECTION('',(0.,0.,-1.));
#15717=DIRECTION('',(0.,-1.,0.));
#15718=DIRECTION('',(0.,0.,-1.));
#15719=DIRECTION('',(0.,-1.,0.));
#15720=DIRECTION('',(0.,0.,-1.));
#15721=DIRECTION('',(0.,-1.,0.));
#15722=DIRECTION('',(0.,0.,-1.));
#15723=DIRECTION('',(0.,1.,0.));
#15724=DIRECTION('',(0.,0.,1.));
#15725=DIRECTION('',(0.,-1.,0.));
#15726=DIRECTION('',(0.,0.,-1.));
#15727=DIRECTION('',(0.,1.,0.));
#15728=DIRECTION('',(0.,0.,1.));
#15729=DIRECTION('',(0.,-1.,0.));
#15730=DIRECTION('',(0.,0.,-1.));
#15731=DIRECTION('',(0.,-1.,0.));
#15732=DIRECTION('',(0.,0.,-1.));
#15733=DIRECTION('',(0.,-1.,0.));
#15734=DIRECTION('',(0.,0.,-1.));
#15735=DIRECTION('',(0.,1.,0.));
#15736=DIRECTION('',(0.,0.,1.));
#15737=DIRECTION('',(0.,-1.,0.));
#15738=DIRECTION('',(0.,0.,-1.));
#15739=DIRECTION('',(0.,-1.,0.));
#15740=DIRECTION('',(0.,0.,-1.));
#15741=DIRECTION('',(0.,-1.,0.));
#15742=DIRECTION('',(0.,0.,-1.));
#15743=DIRECTION('',(0.,-1.,0.));
#15744=DIRECTION('',(0.,0.,-1.));
#15745=DIRECTION('',(0.,-1.,0.));
#15746=DIRECTION('',(0.,0.,-1.));
#15747=DIRECTION('',(0.,-1.,0.));
#15748=DIRECTION('',(0.,0.,-1.));
#15749=DIRECTION('',(0.,-1.,0.));
#15750=DIRECTION('',(0.,0.,-1.));
#15751=DIRECTION('',(0.,-1.,0.));
#15752=DIRECTION('',(0.,0.,-1.));
#15753=DIRECTION('',(0.,-1.,0.));
#15754=DIRECTION('',(0.,0.,-1.));
#15755=DIRECTION('',(0.,-1.,0.));
#15756=DIRECTION('',(0.,0.,-1.));
#15757=DIRECTION('',(0.,1.,0.));
#15758=DIRECTION('',(0.,0.,1.));
#15759=DIRECTION('',(0.,-1.,0.));
#15760=DIRECTION('',(0.,0.,-1.));
#15761=DIRECTION('',(0.,1.,0.));
#15762=DIRECTION('',(0.,0.,1.));
#15763=DIRECTION('',(0.,-1.,0.));
#15764=DIRECTION('',(0.,0.,-1.));
#15765=DIRECTION('',(0.,-1.,0.));
#15766=DIRECTION('',(0.,0.,-1.));
#15767=DIRECTION('',(0.,-1.,0.));
#15768=DIRECTION('',(0.,0.,-1.));
#15769=DIRECTION('',(0.,1.,0.));
#15770=DIRECTION('',(0.,0.,1.));
#15771=DIRECTION('',(0.,-1.,0.));
#15772=DIRECTION('',(0.,0.,-1.));
#15773=DIRECTION('',(0.,-1.,0.));
#15774=DIRECTION('',(0.,0.,-1.));
#15775=DIRECTION('',(0.,-1.,0.));
#15776=DIRECTION('',(0.,0.,-1.));
#15777=DIRECTION('',(0.,-1.,0.));
#15778=DIRECTION('',(0.,0.,-1.));
#15779=DIRECTION('',(0.,-1.,0.));
#15780=DIRECTION('',(0.,0.,-1.));
#15781=DIRECTION('',(0.,-1.,0.));
#15782=DIRECTION('',(0.,0.,-1.));
#15783=DIRECTION('',(0.,-1.,0.));
#15784=DIRECTION('',(0.,0.,-1.));
#15785=DIRECTION('',(0.,-1.,0.));
#15786=DIRECTION('',(0.,0.,-1.));
#15787=DIRECTION('',(0.,-1.,0.));
#15788=DIRECTION('',(0.,0.,-1.));
#15789=DIRECTION('',(0.,-1.,0.));
#15790=DIRECTION('',(0.,0.,-1.));
#15791=DIRECTION('',(0.,1.,0.));
#15792=DIRECTION('',(0.,0.,1.));
#15793=DIRECTION('',(0.,-1.,0.));
#15794=DIRECTION('',(0.,0.,-1.));
#15795=DIRECTION('',(0.,1.,0.));
#15796=DIRECTION('',(0.,0.,1.));
#15797=DIRECTION('',(0.,-1.,0.));
#15798=DIRECTION('',(0.,0.,-1.));
#15799=DIRECTION('',(0.,-1.,0.));
#15800=DIRECTION('',(0.,0.,-1.));
#15801=DIRECTION('',(0.,-1.,0.));
#15802=DIRECTION('',(0.,0.,-1.));
#15803=DIRECTION('',(0.,1.,0.));
#15804=DIRECTION('',(0.,0.,1.));
#15805=DIRECTION('',(0.,-1.,0.));
#15806=DIRECTION('',(0.,0.,-1.));
#15807=DIRECTION('',(0.,-1.,0.));
#15808=DIRECTION('',(0.,0.,-1.));
#15809=DIRECTION('',(0.,-1.,0.));
#15810=DIRECTION('',(0.,0.,-1.));
#15811=DIRECTION('',(0.,-1.,0.));
#15812=DIRECTION('',(0.,0.,-1.));
#15813=DIRECTION('',(0.,-1.,0.));
#15814=DIRECTION('',(0.,0.,-1.));
#15815=DIRECTION('',(0.,-1.,0.));
#15816=DIRECTION('',(0.,0.,-1.));
#15817=DIRECTION('',(0.,-1.,0.));
#15818=DIRECTION('',(0.,0.,-1.));
#15819=DIRECTION('',(0.,-1.,0.));
#15820=DIRECTION('',(0.,0.,-1.));
#15821=DIRECTION('',(0.,-1.,0.));
#15822=DIRECTION('',(0.,0.,-1.));
#15823=DIRECTION('',(0.,-1.,0.));
#15824=DIRECTION('',(0.,0.,-1.));
#15825=DIRECTION('',(0.,1.,0.));
#15826=DIRECTION('',(0.,0.,1.));
#15827=DIRECTION('',(0.,-1.,0.));
#15828=DIRECTION('',(0.,0.,-1.));
#15829=DIRECTION('',(0.,1.,0.));
#15830=DIRECTION('',(0.,0.,1.));
#15831=DIRECTION('',(0.,-1.,0.));
#15832=DIRECTION('',(0.,0.,-1.));
#15833=DIRECTION('',(0.,-1.,0.));
#15834=DIRECTION('',(0.,0.,-1.));
#15835=DIRECTION('',(0.,-1.,0.));
#15836=DIRECTION('',(0.,0.,-1.));
#15837=DIRECTION('',(0.,1.,0.));
#15838=DIRECTION('',(0.,0.,1.));
#15839=DIRECTION('',(0.,-1.,0.));
#15840=DIRECTION('',(0.,0.,-1.));
#15841=DIRECTION('',(0.,-1.,0.));
#15842=DIRECTION('',(0.,0.,-1.));
#15843=DIRECTION('',(0.,-1.,0.));
#15844=DIRECTION('',(0.,0.,-1.));
#15845=DIRECTION('',(0.,-1.,0.));
#15846=DIRECTION('',(0.,0.,-1.));
#15847=DIRECTION('',(0.,-1.,0.));
#15848=DIRECTION('',(0.,0.,-1.));
#15849=DIRECTION('',(0.,-1.,0.));
#15850=DIRECTION('',(0.,0.,-1.));
#15851=DIRECTION('',(0.,-1.,0.));
#15852=DIRECTION('',(0.,0.,-1.));
#15853=DIRECTION('',(0.,-1.,0.));
#15854=DIRECTION('',(0.,0.,-1.));
#15855=DIRECTION('',(0.,-1.,0.));
#15856=DIRECTION('',(0.,0.,-1.));
#15857=DIRECTION('',(0.,-1.,0.));
#15858=DIRECTION('',(0.,0.,-1.));
#15859=DIRECTION('',(0.,1.,0.));
#15860=DIRECTION('',(0.,0.,1.));
#15861=DIRECTION('',(0.,-1.,0.));
#15862=DIRECTION('',(0.,0.,-1.));
#15863=DIRECTION('',(0.,1.,0.));
#15864=DIRECTION('',(0.,0.,1.));
#15865=DIRECTION('',(0.,-1.,0.));
#15866=DIRECTION('',(0.,0.,-1.));
#15867=DIRECTION('',(0.,-1.,0.));
#15868=DIRECTION('',(0.,0.,-1.));
#15869=DIRECTION('',(0.,-1.,0.));
#15870=DIRECTION('',(0.,0.,-1.));
#15871=DIRECTION('',(0.,1.,0.));
#15872=DIRECTION('',(0.,0.,1.));
#15873=DIRECTION('',(0.,-1.,0.));
#15874=DIRECTION('',(0.,0.,-1.));
#15875=DIRECTION('',(0.,-1.,0.));
#15876=DIRECTION('',(0.,0.,-1.));
#15877=DIRECTION('',(0.,-1.,0.));
#15878=DIRECTION('',(0.,0.,-1.));
#15879=DIRECTION('',(0.,-1.,0.));
#15880=DIRECTION('',(0.,0.,-1.));
#15881=DIRECTION('',(0.,-1.,0.));
#15882=DIRECTION('',(0.,0.,-1.));
#15883=DIRECTION('',(0.,-1.,0.));
#15884=DIRECTION('',(0.,0.,-1.));
#15885=DIRECTION('',(0.,-1.,0.));
#15886=DIRECTION('',(0.,0.,-1.));
#15887=DIRECTION('',(0.,-1.,0.));
#15888=DIRECTION('',(0.,0.,-1.));
#15889=DIRECTION('',(0.,-1.,0.));
#15890=DIRECTION('',(0.,0.,-1.));
#15891=DIRECTION('',(0.,-1.,0.));
#15892=DIRECTION('',(0.,0.,-1.));
#15893=DIRECTION('',(0.,1.,0.));
#15894=DIRECTION('',(0.,0.,1.));
#15895=DIRECTION('',(0.,-1.,0.));
#15896=DIRECTION('',(0.,0.,-1.));
#15897=DIRECTION('',(0.,1.,0.));
#15898=DIRECTION('',(0.,0.,1.));
#15899=DIRECTION('',(0.,-1.,0.));
#15900=DIRECTION('',(0.,0.,-1.));
#15901=DIRECTION('',(0.,-1.,0.));
#15902=DIRECTION('',(0.,0.,-1.));
#15903=DIRECTION('',(0.,-1.,0.));
#15904=DIRECTION('',(0.,0.,-1.));
#15905=DIRECTION('',(0.,1.,0.));
#15906=DIRECTION('',(0.,0.,1.));
#15907=DIRECTION('',(0.,-1.,0.));
#15908=DIRECTION('',(0.,0.,-1.));
#15909=DIRECTION('',(0.,-1.,0.));
#15910=DIRECTION('',(0.,0.,-1.));
#15911=DIRECTION('',(0.,-1.,0.));
#15912=DIRECTION('',(0.,0.,-1.));
#15913=DIRECTION('',(0.,-1.,0.));
#15914=DIRECTION('',(0.,0.,-1.));
#15915=DIRECTION('',(0.,-1.,0.));
#15916=DIRECTION('',(0.,0.,-1.));
#15917=DIRECTION('',(0.,-1.,0.));
#15918=DIRECTION('',(0.,0.,-1.));
#15919=DIRECTION('',(0.,-1.,0.));
#15920=DIRECTION('',(0.,0.,-1.));
#15921=DIRECTION('',(0.,-1.,0.));
#15922=DIRECTION('',(0.,0.,-1.));
#15923=DIRECTION('',(0.,-1.,0.));
#15924=DIRECTION('',(0.,0.,-1.));
#15925=DIRECTION('',(0.,-1.,0.));
#15926=DIRECTION('',(0.,0.,-1.));
#15927=DIRECTION('',(0.,1.,0.));
#15928=DIRECTION('',(0.,0.,1.));
#15929=DIRECTION('',(0.,-1.,0.));
#15930=DIRECTION('',(0.,0.,-1.));
#15931=DIRECTION('',(0.,1.,0.));
#15932=DIRECTION('',(0.,0.,1.));
#15933=DIRECTION('',(0.,-1.,0.));
#15934=DIRECTION('',(0.,0.,-1.));
#15935=DIRECTION('',(0.,-1.,0.));
#15936=DIRECTION('',(0.,0.,-1.));
#15937=DIRECTION('',(0.,-1.,0.));
#15938=DIRECTION('',(0.,0.,-1.));
#15939=DIRECTION('',(0.,1.,0.));
#15940=DIRECTION('',(0.,0.,1.));
#15941=DIRECTION('',(0.,-1.,0.));
#15942=DIRECTION('',(0.,0.,-1.));
#15943=DIRECTION('',(0.,-1.,0.));
#15944=DIRECTION('',(0.,0.,-1.));
#15945=DIRECTION('',(0.,-1.,0.));
#15946=DIRECTION('',(0.,0.,-1.));
#15947=DIRECTION('',(0.,-1.,0.));
#15948=DIRECTION('',(0.,0.,-1.));
#15949=DIRECTION('',(0.,-1.,0.));
#15950=DIRECTION('',(0.,0.,-1.));
#15951=DIRECTION('',(0.,-1.,0.));
#15952=DIRECTION('',(0.,0.,-1.));
#15953=DIRECTION('',(0.,-1.,0.));
#15954=DIRECTION('',(0.,0.,-1.));
#15955=DIRECTION('',(0.,-1.,0.));
#15956=DIRECTION('',(0.,0.,-1.));
#15957=DIRECTION('',(0.,-1.,0.));
#15958=DIRECTION('',(0.,0.,-1.));
#15959=DIRECTION('',(0.,-1.,0.));
#15960=DIRECTION('',(0.,0.,-1.));
#15961=DIRECTION('',(0.,1.,0.));
#15962=DIRECTION('',(0.,0.,1.));
#15963=DIRECTION('',(0.,-1.,0.));
#15964=DIRECTION('',(0.,0.,-1.));
#15965=DIRECTION('',(0.,1.,0.));
#15966=DIRECTION('',(0.,0.,1.));
#15967=DIRECTION('',(0.,-1.,0.));
#15968=DIRECTION('',(0.,0.,-1.));
#15969=DIRECTION('',(0.,-1.,0.));
#15970=DIRECTION('',(0.,0.,-1.));
#15971=DIRECTION('',(0.,-1.,0.));
#15972=DIRECTION('',(0.,0.,-1.));
#15973=DIRECTION('',(0.,1.,0.));
#15974=DIRECTION('',(0.,0.,1.));
#15975=DIRECTION('',(0.,-1.,0.));
#15976=DIRECTION('',(0.,0.,-1.));
#15977=DIRECTION('',(0.,-1.,0.));
#15978=DIRECTION('',(0.,0.,-1.));
#15979=DIRECTION('',(0.,-1.,0.));
#15980=DIRECTION('',(0.,0.,-1.));
#15981=DIRECTION('',(0.,-1.,0.));
#15982=DIRECTION('',(0.,0.,-1.));
#15983=DIRECTION('',(0.,-1.,0.));
#15984=DIRECTION('',(0.,0.,-1.));
#15985=DIRECTION('',(0.,-1.,0.));
#15986=DIRECTION('',(0.,0.,-1.));
#15987=DIRECTION('',(0.,-1.,0.));
#15988=DIRECTION('',(0.,0.,-1.));
#15989=DIRECTION('',(0.,-1.,0.));
#15990=DIRECTION('',(0.,0.,-1.));
#15991=DIRECTION('',(0.,-1.,0.));
#15992=DIRECTION('',(0.,0.,-1.));
#15993=DIRECTION('',(0.,-1.,0.));
#15994=DIRECTION('',(0.,0.,-1.));
#15995=DIRECTION('',(0.,1.,0.));
#15996=DIRECTION('',(0.,0.,1.));
#15997=DIRECTION('',(0.,-1.,0.));
#15998=DIRECTION('',(0.,0.,-1.));
#15999=DIRECTION('',(0.,1.,0.));
#16000=DIRECTION('',(0.,0.,1.));
#16001=DIRECTION('',(0.,-1.,0.));
#16002=DIRECTION('',(0.,0.,-1.));
#16003=DIRECTION('',(0.,-1.,0.));
#16004=DIRECTION('',(0.,0.,-1.));
#16005=DIRECTION('',(0.,-1.,0.));
#16006=DIRECTION('',(0.,0.,-1.));
#16007=DIRECTION('',(0.,1.,0.));
#16008=DIRECTION('',(0.,0.,1.));
#16009=DIRECTION('',(0.,-1.,0.));
#16010=DIRECTION('',(0.,0.,-1.));
#16011=DIRECTION('',(0.,-1.,0.));
#16012=DIRECTION('',(0.,0.,-1.));
#16013=DIRECTION('',(0.,-1.,0.));
#16014=DIRECTION('',(0.,0.,-1.));
#16015=DIRECTION('',(0.,-1.,0.));
#16016=DIRECTION('',(0.,0.,-1.));
#16017=DIRECTION('',(0.,-1.,0.));
#16018=DIRECTION('',(0.,0.,-1.));
#16019=DIRECTION('',(0.,-1.,0.));
#16020=DIRECTION('',(0.,0.,-1.));
#16021=DIRECTION('',(0.,-1.,0.));
#16022=DIRECTION('',(0.,0.,-1.));
#16023=DIRECTION('',(0.,-1.,0.));
#16024=DIRECTION('',(0.,0.,-1.));
#16025=DIRECTION('',(0.,-1.,0.));
#16026=DIRECTION('',(0.,0.,-1.));
#16027=DIRECTION('',(0.,-1.,0.));
#16028=DIRECTION('',(0.,0.,-1.));
#16029=DIRECTION('',(0.,1.,0.));
#16030=DIRECTION('',(0.,0.,1.));
#16031=DIRECTION('',(0.,-1.,0.));
#16032=DIRECTION('',(0.,0.,-1.));
#16033=DIRECTION('',(0.,1.,0.));
#16034=DIRECTION('',(0.,0.,1.));
#16035=DIRECTION('',(0.,-1.,0.));
#16036=DIRECTION('',(0.,0.,-1.));
#16037=DIRECTION('',(0.,-1.,0.));
#16038=DIRECTION('',(0.,0.,-1.));
#16039=DIRECTION('',(0.,-1.,0.));
#16040=DIRECTION('',(0.,0.,-1.));
#16041=DIRECTION('',(0.,1.,0.));
#16042=DIRECTION('',(0.,0.,1.));
#16043=DIRECTION('',(0.,-1.,0.));
#16044=DIRECTION('',(0.,0.,-1.));
#16045=DIRECTION('',(0.,-1.,0.));
#16046=DIRECTION('',(0.,0.,-1.));
#16047=DIRECTION('',(0.,-1.,0.));
#16048=DIRECTION('',(0.,0.,-1.));
#16049=DIRECTION('',(0.,-1.,0.));
#16050=DIRECTION('',(0.,0.,-1.));
#16051=DIRECTION('',(0.,-1.,0.));
#16052=DIRECTION('',(0.,0.,-1.));
#16053=DIRECTION('',(0.,-1.,0.));
#16054=DIRECTION('',(0.,0.,-1.));
#16055=DIRECTION('',(0.,-1.,0.));
#16056=DIRECTION('',(0.,0.,-1.));
#16057=DIRECTION('',(0.,-1.,0.));
#16058=DIRECTION('',(0.,0.,-1.));
#16059=DIRECTION('',(0.,-1.,0.));
#16060=DIRECTION('',(0.,0.,-1.));
#16061=DIRECTION('',(0.,-1.,0.));
#16062=DIRECTION('',(0.,0.,-1.));
#16063=DIRECTION('',(0.,1.,0.));
#16064=DIRECTION('',(0.,0.,1.));
#16065=DIRECTION('',(0.,-1.,0.));
#16066=DIRECTION('',(0.,0.,-1.));
#16067=DIRECTION('',(0.,1.,0.));
#16068=DIRECTION('',(0.,0.,1.));
#16069=DIRECTION('',(0.,-1.,0.));
#16070=DIRECTION('',(0.,0.,-1.));
#16071=DIRECTION('',(0.,-1.,0.));
#16072=DIRECTION('',(0.,0.,-1.));
#16073=DIRECTION('',(0.,-1.,0.));
#16074=DIRECTION('',(0.,0.,-1.));
#16075=DIRECTION('',(0.,1.,0.));
#16076=DIRECTION('',(0.,0.,1.));
#16077=DIRECTION('',(0.,-1.,0.));
#16078=DIRECTION('',(0.,0.,-1.));
#16079=DIRECTION('',(0.,-1.,0.));
#16080=DIRECTION('',(0.,0.,-1.));
#16081=DIRECTION('',(0.,-1.,0.));
#16082=DIRECTION('',(0.,0.,-1.));
#16083=DIRECTION('',(0.,-1.,0.));
#16084=DIRECTION('',(0.,0.,-1.));
#16085=DIRECTION('',(0.,-1.,0.));
#16086=DIRECTION('',(0.,0.,-1.));
#16087=DIRECTION('',(0.,-1.,0.));
#16088=DIRECTION('',(0.,0.,-1.));
#16089=DIRECTION('',(0.,-1.,0.));
#16090=DIRECTION('',(0.,0.,-1.));
#16091=DIRECTION('',(0.,-1.,0.));
#16092=DIRECTION('',(0.,0.,-1.));
#16093=DIRECTION('',(0.,-1.,0.));
#16094=DIRECTION('',(0.,0.,-1.));
#16095=DIRECTION('',(0.,-1.,0.));
#16096=DIRECTION('',(0.,0.,-1.));
#16097=DIRECTION('',(0.,1.,0.));
#16098=DIRECTION('',(0.,0.,1.));
#16099=DIRECTION('',(0.,-1.,0.));
#16100=DIRECTION('',(0.,0.,-1.));
#16101=DIRECTION('',(0.,1.,0.));
#16102=DIRECTION('',(0.,0.,1.));
#16103=DIRECTION('',(0.,-1.,0.));
#16104=DIRECTION('',(0.,0.,-1.));
#16105=DIRECTION('',(0.,-1.,0.));
#16106=DIRECTION('',(0.,0.,-1.));
#16107=DIRECTION('',(0.,-1.,0.));
#16108=DIRECTION('',(0.,0.,-1.));
#16109=DIRECTION('',(0.,1.,0.));
#16110=DIRECTION('',(0.,0.,1.));
#16111=DIRECTION('',(0.,-1.,0.));
#16112=DIRECTION('',(0.,0.,-1.));
#16113=DIRECTION('',(0.,-1.,0.));
#16114=DIRECTION('',(0.,0.,-1.));
#16115=DIRECTION('',(0.,-1.,0.));
#16116=DIRECTION('',(0.,0.,-1.));
#16117=DIRECTION('',(0.,-1.,0.));
#16118=DIRECTION('',(0.,0.,-1.));
#16119=DIRECTION('',(0.,-1.,0.));
#16120=DIRECTION('',(0.,0.,-1.));
#16121=DIRECTION('',(0.,-1.,0.));
#16122=DIRECTION('',(0.,0.,-1.));
#16123=DIRECTION('',(0.,-1.,0.));
#16124=DIRECTION('',(0.,0.,-1.));
#16125=DIRECTION('',(0.,-1.,0.));
#16126=DIRECTION('',(0.,0.,-1.));
#16127=DIRECTION('',(0.,-1.,0.));
#16128=DIRECTION('',(0.,0.,-1.));
#16129=DIRECTION('',(0.,-1.,0.));
#16130=DIRECTION('',(0.,0.,-1.));
#16131=DIRECTION('',(0.,1.,0.));
#16132=DIRECTION('',(0.,0.,1.));
#16133=DIRECTION('',(0.,-1.,0.));
#16134=DIRECTION('',(0.,0.,-1.));
#16135=DIRECTION('',(0.,1.,0.));
#16136=DIRECTION('',(0.,0.,1.));
#16137=DIRECTION('',(0.,-1.,0.));
#16138=DIRECTION('',(0.,0.,-1.));
#16139=DIRECTION('',(0.,-1.,0.));
#16140=DIRECTION('',(0.,0.,-1.));
#16141=DIRECTION('',(0.,-1.,0.));
#16142=DIRECTION('',(0.,0.,-1.));
#16143=DIRECTION('',(0.,1.,0.));
#16144=DIRECTION('',(0.,0.,1.));
#16145=DIRECTION('',(0.,-1.,0.));
#16146=DIRECTION('',(0.,0.,-1.));
#16147=DIRECTION('',(0.,-1.,0.));
#16148=DIRECTION('',(0.,0.,-1.));
#16149=DIRECTION('',(0.,-1.,0.));
#16150=DIRECTION('',(0.,0.,-1.));
#16151=DIRECTION('',(0.,-1.,0.));
#16152=DIRECTION('',(0.,0.,-1.));
#16153=DIRECTION('',(0.,-1.,0.));
#16154=DIRECTION('',(0.,0.,-1.));
#16155=DIRECTION('',(0.,-1.,0.));
#16156=DIRECTION('',(0.,0.,-1.));
#16157=DIRECTION('',(0.,-1.,0.));
#16158=DIRECTION('',(0.,0.,-1.));
#16159=DIRECTION('',(0.,-1.,0.));
#16160=DIRECTION('',(0.,0.,-1.));
#16161=DIRECTION('',(0.,-1.,0.));
#16162=DIRECTION('',(0.,0.,-1.));
#16163=DIRECTION('',(0.,-1.,0.));
#16164=DIRECTION('',(0.,0.,-1.));
#16165=DIRECTION('',(0.,1.,0.));
#16166=DIRECTION('',(0.,0.,1.));
#16167=DIRECTION('',(0.,-1.,0.));
#16168=DIRECTION('',(0.,0.,-1.));
#16169=DIRECTION('',(0.,1.,0.));
#16170=DIRECTION('',(0.,0.,1.));
#16171=DIRECTION('',(0.,-1.,0.));
#16172=DIRECTION('',(0.,0.,-1.));
#16173=DIRECTION('',(0.,-1.,0.));
#16174=DIRECTION('',(0.,0.,-1.));
#16175=DIRECTION('',(0.,-1.,0.));
#16176=DIRECTION('',(0.,0.,-1.));
#16177=DIRECTION('',(0.,1.,0.));
#16178=DIRECTION('',(0.,0.,1.));
#16179=DIRECTION('',(0.,-1.,0.));
#16180=DIRECTION('',(0.,0.,-1.));
#16181=DIRECTION('',(0.,-1.,0.));
#16182=DIRECTION('',(0.,0.,-1.));
#16183=DIRECTION('',(0.,-1.,0.));
#16184=DIRECTION('',(0.,0.,-1.));
#16185=DIRECTION('',(0.,-1.,0.));
#16186=DIRECTION('',(0.,0.,-1.));
#16187=DIRECTION('',(0.,-1.,0.));
#16188=DIRECTION('',(0.,0.,-1.));
#16189=DIRECTION('',(0.,-1.,0.));
#16190=DIRECTION('',(0.,0.,-1.));
#16191=DIRECTION('',(0.,-1.,0.));
#16192=DIRECTION('',(0.,0.,-1.));
#16193=DIRECTION('',(0.,-1.,0.));
#16194=DIRECTION('',(0.,0.,-1.));
#16195=DIRECTION('',(0.,-1.,0.));
#16196=DIRECTION('',(0.,0.,-1.));
#16197=DIRECTION('',(0.,-1.,0.));
#16198=DIRECTION('',(0.,0.,-1.));
#16199=DIRECTION('',(0.,1.,0.));
#16200=DIRECTION('',(0.,0.,1.));
#16201=DIRECTION('',(0.,-1.,0.));
#16202=DIRECTION('',(0.,0.,-1.));
#16203=DIRECTION('',(0.,1.,0.));
#16204=DIRECTION('',(0.,0.,1.));
#16205=DIRECTION('',(0.,-1.,0.));
#16206=DIRECTION('',(0.,0.,-1.));
#16207=DIRECTION('',(0.,-1.,0.));
#16208=DIRECTION('',(0.,0.,-1.));
#16209=DIRECTION('',(0.,-1.,0.));
#16210=DIRECTION('',(0.,0.,-1.));
#16211=DIRECTION('',(0.,1.,0.));
#16212=DIRECTION('',(0.,0.,1.));
#16213=DIRECTION('',(0.,-1.,0.));
#16214=DIRECTION('',(0.,0.,-1.));
#16215=DIRECTION('',(0.,-1.,0.));
#16216=DIRECTION('',(0.,0.,-1.));
#16217=DIRECTION('',(0.,-1.,0.));
#16218=DIRECTION('',(0.,0.,-1.));
#16219=DIRECTION('',(0.,-1.,0.));
#16220=DIRECTION('',(0.,0.,-1.));
#16221=DIRECTION('',(0.,-1.,0.));
#16222=DIRECTION('',(0.,0.,-1.));
#16223=DIRECTION('',(0.,-1.,0.));
#16224=DIRECTION('',(0.,0.,-1.));
#16225=DIRECTION('',(0.,-1.,0.));
#16226=DIRECTION('',(0.,0.,-1.));
#16227=DIRECTION('',(0.,-1.,0.));
#16228=DIRECTION('',(0.,0.,-1.));
#16229=DIRECTION('',(0.,-1.,0.));
#16230=DIRECTION('',(0.,0.,-1.));
#16231=DIRECTION('',(0.,-1.,0.));
#16232=DIRECTION('',(0.,0.,-1.));
#16233=DIRECTION('',(0.,1.,0.));
#16234=DIRECTION('',(0.,0.,1.));
#16235=DIRECTION('',(0.,-1.,0.));
#16236=DIRECTION('',(0.,0.,-1.));
#16237=DIRECTION('',(0.,1.,0.));
#16238=DIRECTION('',(0.,0.,1.));
#16239=DIRECTION('',(0.,-1.,0.));
#16240=DIRECTION('',(0.,0.,-1.));
#16241=DIRECTION('',(0.,-1.,0.));
#16242=DIRECTION('',(0.,0.,-1.));
#16243=DIRECTION('',(0.,-1.,0.));
#16244=DIRECTION('',(0.,0.,-1.));
#16245=DIRECTION('',(0.,1.,0.));
#16246=DIRECTION('',(0.,0.,1.));
#16247=DIRECTION('',(0.,-1.,0.));
#16248=DIRECTION('',(0.,0.,-1.));
#16249=DIRECTION('',(0.,-1.,0.));
#16250=DIRECTION('',(0.,0.,-1.));
#16251=DIRECTION('',(0.,-1.,0.));
#16252=DIRECTION('',(0.,0.,-1.));
#16253=DIRECTION('',(0.,-1.,0.));
#16254=DIRECTION('',(0.,0.,-1.));
#16255=DIRECTION('',(0.,-1.,0.));
#16256=DIRECTION('',(0.,0.,-1.));
#16257=DIRECTION('',(0.,-1.,0.));
#16258=DIRECTION('',(0.,0.,-1.));
#16259=DIRECTION('',(0.,-1.,0.));
#16260=DIRECTION('',(0.,0.,-1.));
#16261=DIRECTION('',(0.,-1.,0.));
#16262=DIRECTION('',(0.,0.,-1.));
#16263=DIRECTION('',(0.,-1.,0.));
#16264=DIRECTION('',(0.,0.,-1.));
#16265=DIRECTION('',(0.,-1.,0.));
#16266=DIRECTION('',(0.,0.,-1.));
#16267=DIRECTION('',(0.,1.,0.));
#16268=DIRECTION('',(0.,0.,1.));
#16269=DIRECTION('',(0.,-1.,0.));
#16270=DIRECTION('',(0.,0.,-1.));
#16271=DIRECTION('',(0.,1.,0.));
#16272=DIRECTION('',(0.,0.,1.));
#16273=DIRECTION('',(0.,-1.,0.));
#16274=DIRECTION('',(0.,0.,-1.));
#16275=DIRECTION('',(0.,-1.,0.));
#16276=DIRECTION('',(0.,0.,-1.));
#16277=DIRECTION('',(0.,-1.,0.));
#16278=DIRECTION('',(0.,0.,-1.));
#16279=DIRECTION('',(0.,1.,0.));
#16280=DIRECTION('',(0.,0.,1.));
#16281=DIRECTION('',(0.,-1.,0.));
#16282=DIRECTION('',(0.,0.,-1.));
#16283=DIRECTION('',(0.,-1.,0.));
#16284=DIRECTION('',(0.,0.,-1.));
#16285=DIRECTION('',(0.,-1.,0.));
#16286=DIRECTION('',(0.,0.,-1.));
#16287=DIRECTION('',(0.,-1.,0.));
#16288=DIRECTION('',(0.,0.,-1.));
#16289=DIRECTION('',(0.,-1.,0.));
#16290=DIRECTION('',(0.,0.,-1.));
#16291=DIRECTION('',(0.,-1.,0.));
#16292=DIRECTION('',(0.,0.,-1.));
#16293=DIRECTION('',(0.,-1.,0.));
#16294=DIRECTION('',(0.,0.,-1.));
#16295=DIRECTION('',(0.,-1.,0.));
#16296=DIRECTION('',(0.,0.,-1.));
#16297=DIRECTION('',(0.,-1.,0.));
#16298=DIRECTION('',(0.,0.,-1.));
#16299=DIRECTION('',(0.,-1.,0.));
#16300=DIRECTION('',(0.,0.,-1.));
#16301=DIRECTION('',(0.,1.,0.));
#16302=DIRECTION('',(0.,0.,1.));
#16303=DIRECTION('',(0.,-1.,0.));
#16304=DIRECTION('',(0.,0.,-1.));
#16305=DIRECTION('',(0.,1.,0.));
#16306=DIRECTION('',(0.,0.,1.));
#16307=DIRECTION('',(0.,-1.,0.));
#16308=DIRECTION('',(0.,0.,-1.));
#16309=DIRECTION('',(0.,-1.,0.));
#16310=DIRECTION('',(0.,0.,-1.));
#16311=DIRECTION('',(0.,-1.,0.));
#16312=DIRECTION('',(0.,0.,-1.));
#16313=DIRECTION('',(0.,1.,0.));
#16314=DIRECTION('',(0.,0.,1.));
#16315=DIRECTION('',(0.,-1.,0.));
#16316=DIRECTION('',(0.,0.,-1.));
#16317=DIRECTION('',(0.,-1.,0.));
#16318=DIRECTION('',(0.,0.,-1.));
#16319=DIRECTION('',(0.,-1.,0.));
#16320=DIRECTION('',(0.,0.,-1.));
#16321=DIRECTION('',(0.,-1.,0.));
#16322=DIRECTION('',(0.,0.,-1.));
#16323=DIRECTION('',(0.,-1.,0.));
#16324=DIRECTION('',(0.,0.,-1.));
#16325=DIRECTION('',(0.,-1.,0.));
#16326=DIRECTION('',(0.,0.,-1.));
#16327=DIRECTION('',(0.,-1.,0.));
#16328=DIRECTION('',(0.,0.,-1.));
#16329=DIRECTION('',(0.,-1.,0.));
#16330=DIRECTION('',(0.,0.,-1.));
#16331=DIRECTION('',(0.,-1.,0.));
#16332=DIRECTION('',(0.,0.,-1.));
#16333=DIRECTION('',(0.,-1.,0.));
#16334=DIRECTION('',(0.,0.,-1.));
#16335=DIRECTION('',(0.,1.,0.));
#16336=DIRECTION('',(0.,0.,1.));
#16337=DIRECTION('',(0.,-1.,0.));
#16338=DIRECTION('',(0.,0.,-1.));
#16339=DIRECTION('',(0.,1.,0.));
#16340=DIRECTION('',(0.,0.,1.));
#16341=DIRECTION('',(0.,-1.,0.));
#16342=DIRECTION('',(0.,0.,-1.));
#16343=DIRECTION('',(0.,-1.,0.));
#16344=DIRECTION('',(0.,0.,-1.));
#16345=DIRECTION('',(0.,-1.,0.));
#16346=DIRECTION('',(0.,0.,-1.));
#16347=DIRECTION('',(0.,1.,0.));
#16348=DIRECTION('',(0.,0.,1.));
#16349=DIRECTION('',(0.,-1.,0.));
#16350=DIRECTION('',(0.,0.,-1.));
#16351=DIRECTION('',(0.,-1.,0.));
#16352=DIRECTION('',(0.,0.,-1.));
#16353=DIRECTION('',(0.,-1.,0.));
#16354=DIRECTION('',(0.,0.,-1.));
#16355=DIRECTION('',(0.,-1.,0.));
#16356=DIRECTION('',(0.,0.,-1.));
#16357=DIRECTION('',(0.,-1.,0.));
#16358=DIRECTION('',(0.,0.,-1.));
#16359=DIRECTION('',(0.,-1.,0.));
#16360=DIRECTION('',(0.,0.,-1.));
#16361=DIRECTION('',(0.,-1.,0.));
#16362=DIRECTION('',(0.,0.,-1.));
#16363=DIRECTION('',(0.,-1.,0.));
#16364=DIRECTION('',(0.,0.,-1.));
#16365=DIRECTION('',(0.,-1.,0.));
#16366=DIRECTION('',(0.,0.,-1.));
#16367=DIRECTION('',(0.,-1.,0.));
#16368=DIRECTION('',(0.,0.,-1.));
#16369=DIRECTION('',(0.,1.,0.));
#16370=DIRECTION('',(0.,0.,1.));
#16371=DIRECTION('',(0.,-1.,0.));
#16372=DIRECTION('',(0.,0.,-1.));
#16373=DIRECTION('',(0.,1.,0.));
#16374=DIRECTION('',(0.,0.,1.));
#16375=DIRECTION('',(0.,-1.,0.));
#16376=DIRECTION('',(0.,0.,-1.));
#16377=DIRECTION('',(0.,-1.,0.));
#16378=DIRECTION('',(0.,0.,-1.));
#16379=DIRECTION('',(0.,-1.,0.));
#16380=DIRECTION('',(0.,0.,-1.));
#16381=DIRECTION('',(0.,1.,0.));
#16382=DIRECTION('',(0.,0.,1.));
#16383=DIRECTION('',(0.,-1.,0.));
#16384=DIRECTION('',(0.,0.,-1.));
#16385=DIRECTION('',(0.,-1.,0.));
#16386=DIRECTION('',(0.,0.,-1.));
#16387=DIRECTION('',(0.,-1.,0.));
#16388=DIRECTION('',(0.,0.,-1.));
#16389=DIRECTION('',(0.,-1.,0.));
#16390=DIRECTION('',(0.,0.,-1.));
#16391=DIRECTION('',(0.,-1.,0.));
#16392=DIRECTION('',(0.,0.,-1.));
#16393=DIRECTION('',(0.,-1.,0.));
#16394=DIRECTION('',(0.,0.,-1.));
#16395=DIRECTION('',(0.,-1.,0.));
#16396=DIRECTION('',(0.,0.,-1.));
#16397=DIRECTION('',(0.,-1.,0.));
#16398=DIRECTION('',(0.,0.,-1.));
#16399=DIRECTION('',(0.,-1.,0.));
#16400=DIRECTION('',(0.,0.,-1.));
#16401=DIRECTION('',(0.,-1.,0.));
#16402=DIRECTION('',(0.,0.,-1.));
#16403=CARTESIAN_POINT('',(0.,0.,0.));
#16404=CARTESIAN_POINT('',(300.,50.,-200.));
#16405=CARTESIAN_POINT('',(300.,2.,-200.));
#16406=CARTESIAN_POINT('',(298.,2.,-200.));
#16407=CARTESIAN_POINT('',(-298.,2.,-200.));
#16408=CARTESIAN_POINT('',(-298.,50.,-200.));
#16409=CARTESIAN_POINT('',(-298.,48.,-200.));
#16410=CARTESIAN_POINT('',(300.,48.,-200.));
#16411=CARTESIAN_POINT('',(298.,48.,-200.));
#16412=CARTESIAN_POINT('',(298.,50.,-200.));
#16413=CARTESIAN_POINT('',(-300.,50.,-200.));
#16414=CARTESIAN_POINT('',(-300.,48.,-200.));
#16415=CARTESIAN_POINT('',(-300.,48.,198.));
#16416=CARTESIAN_POINT('',(-300.,48.,-198.));
#16417=CARTESIAN_POINT('',(-300.,50.,-198.));
#16418=CARTESIAN_POINT('',(-300.,2.,-198.));
#16419=CARTESIAN_POINT('',(-300.,2.,-200.));
#16420=CARTESIAN_POINT('',(-300.,2.,198.));
#16421=CARTESIAN_POINT('',(-300.,50.,198.));
#16422=CARTESIAN_POINT('',(-300.,50.,200.));
#16423=CARTESIAN_POINT('',(-300.,2.,200.));
#16424=CARTESIAN_POINT('',(-298.,2.,200.));
#16425=CARTESIAN_POINT('',(298.,2.,200.));
#16426=CARTESIAN_POINT('',(298.,50.,200.));
#16427=CARTESIAN_POINT('',(298.,48.,200.));
#16428=CARTESIAN_POINT('',(-300.,48.,200.));
#16429=CARTESIAN_POINT('',(-298.,48.,200.));
#16430=CARTESIAN_POINT('',(-298.,50.,200.));
#16431=CARTESIAN_POINT('',(300.,50.,200.));
#16432=CARTESIAN_POINT('',(300.,48.,200.));
#16433=CARTESIAN_POINT('',(300.,48.,-198.));
#16434=CARTESIAN_POINT('',(300.,48.,198.));
#16435=CARTESIAN_POINT('',(300.,50.,198.));
#16436=CARTESIAN_POINT('',(300.,2.,198.));
#16437=CARTESIAN_POINT('',(300.,2.,200.));
#16438=CARTESIAN_POINT('',(300.,2.,-198.));
#16439=CARTESIAN_POINT('',(300.,50.,-198.));
#16440=CARTESIAN_POINT('',(0.,50.,0.));
#16441=CARTESIAN_POINT('',(25.,50.,25.));
#16442=CARTESIAN_POINT('',(25.,50.,16.5));
#16443=CARTESIAN_POINT('',(75.,50.,25.));
#16444=CARTESIAN_POINT('',(75.,50.,16.5));
#16445=CARTESIAN_POINT('',(125.,50.,25.));
#16446=CARTESIAN_POINT('',(125.,50.,16.5));
#16447=CARTESIAN_POINT('',(175.,50.,25.));
#16448=CARTESIAN_POINT('',(175.,50.,16.5));
#16449=CARTESIAN_POINT('',(225.,50.,25.));
#16450=CARTESIAN_POINT('',(225.,50.,16.5));
#16451=CARTESIAN_POINT('',(275.,50.,25.));
#16452=CARTESIAN_POINT('',(275.,50.,16.5));
#16453=CARTESIAN_POINT('',(-275.,50.,-25.));
#16454=CARTESIAN_POINT('',(-275.,50.,-33.5));
#16455=CARTESIAN_POINT('',(-225.,50.,-25.));
#16456=CARTESIAN_POINT('',(-225.,50.,-33.5));
#16457=CARTESIAN_POINT('',(225.,50.,75.));
#16458=CARTESIAN_POINT('',(225.,50.,66.5));
#16459=CARTESIAN_POINT('',(275.,50.,75.));
#16460=CARTESIAN_POINT('',(275.,50.,66.5));
#16461=CARTESIAN_POINT('',(-275.,50.,25.));
#16462=CARTESIAN_POINT('',(-275.,50.,16.5));
#16463=CARTESIAN_POINT('',(-225.,50.,25.));
#16464=CARTESIAN_POINT('',(-225.,50.,16.5));
#16465=CARTESIAN_POINT('',(-175.,50.,25.));
#16466=CARTESIAN_POINT('',(-175.,50.,16.5));
#16467=CARTESIAN_POINT('',(-125.,50.,25.));
#16468=CARTESIAN_POINT('',(-125.,50.,16.5));
#16469=CARTESIAN_POINT('',(-75.,50.,25.));
#16470=CARTESIAN_POINT('',(-75.,50.,16.5));
#16471=CARTESIAN_POINT('',(-25.,50.,25.));
#16472=CARTESIAN_POINT('',(-25.,50.,16.5));
#16473=CARTESIAN_POINT('',(225.,50.,-25.));
#16474=CARTESIAN_POINT('',(225.,50.,-33.5));
#16475=CARTESIAN_POINT('',(275.,50.,-25.));
#16476=CARTESIAN_POINT('',(275.,50.,-33.5));
#16477=CARTESIAN_POINT('',(-275.,50.,-75.));
#16478=CARTESIAN_POINT('',(-275.,50.,-83.5));
#16479=CARTESIAN_POINT('',(-225.,50.,-75.));
#16480=CARTESIAN_POINT('',(-225.,50.,-83.5));
#16481=CARTESIAN_POINT('',(-175.,50.,-75.));
#16482=CARTESIAN_POINT('',(-175.,50.,-83.5));
#16483=CARTESIAN_POINT('',(-125.,50.,-75.));
#16484=CARTESIAN_POINT('',(-125.,50.,-83.5));
#16485=CARTESIAN_POINT('',(-75.,50.,-75.));
#16486=CARTESIAN_POINT('',(-75.,50.,-83.5));
#16487=CARTESIAN_POINT('',(-25.,50.,-75.));
#16488=CARTESIAN_POINT('',(-25.,50.,-83.5));
#16489=CARTESIAN_POINT('',(175.,50.,-25.));
#16490=CARTESIAN_POINT('',(175.,50.,-33.5));
#16491=CARTESIAN_POINT('',(125.,50.,-25.));
#16492=CARTESIAN_POINT('',(125.,50.,-33.5));
#16493=CARTESIAN_POINT('',(75.,50.,-25.));
#16494=CARTESIAN_POINT('',(75.,50.,-33.5));
#16495=CARTESIAN_POINT('',(25.,50.,-25.));
#16496=CARTESIAN_POINT('',(25.,50.,-33.5));
#16497=CARTESIAN_POINT('',(-25.,50.,-25.));
#16498=CARTESIAN_POINT('',(-25.,50.,-33.5));
#16499=CARTESIAN_POINT('',(-75.,50.,-25.));
#16500=CARTESIAN_POINT('',(-75.,50.,-33.5));
#16501=CARTESIAN_POINT('',(-125.,50.,-25.));
#16502=CARTESIAN_POINT('',(-125.,50.,-33.5));
#16503=CARTESIAN_POINT('',(-175.,50.,-25.));
#16504=CARTESIAN_POINT('',(-175.,50.,-33.5));
#16505=CARTESIAN_POINT('',(225.,50.,175.));
#16506=CARTESIAN_POINT('',(225.,50.,166.5));
#16507=CARTESIAN_POINT('',(275.,50.,175.));
#16508=CARTESIAN_POINT('',(275.,50.,166.5));
#16509=CARTESIAN_POINT('',(-275.,50.,125.));
#16510=CARTESIAN_POINT('',(-275.,50.,116.5));
#16511=CARTESIAN_POINT('',(-225.,50.,125.));
#16512=CARTESIAN_POINT('',(-225.,50.,116.5));
#16513=CARTESIAN_POINT('',(-175.,50.,125.));
#16514=CARTESIAN_POINT('',(-175.,50.,116.5));
#16515=CARTESIAN_POINT('',(-125.,50.,125.));
#16516=CARTESIAN_POINT('',(-125.,50.,116.5));
#16517=CARTESIAN_POINT('',(-75.,50.,125.));
#16518=CARTESIAN_POINT('',(-75.,50.,116.5));
#16519=CARTESIAN_POINT('',(-25.,50.,125.));
#16520=CARTESIAN_POINT('',(-25.,50.,116.5));
#16521=CARTESIAN_POINT('',(175.,50.,175.));
#16522=CARTESIAN_POINT('',(175.,50.,166.5));
#16523=CARTESIAN_POINT('',(125.,50.,175.));
#16524=CARTESIAN_POINT('',(125.,50.,166.5));
#16525=CARTESIAN_POINT('',(75.,50.,175.));
#16526=CARTESIAN_POINT('',(75.,50.,166.5));
#16527=CARTESIAN_POINT('',(25.,50.,175.));
#16528=CARTESIAN_POINT('',(25.,50.,166.5));
#16529=CARTESIAN_POINT('',(-25.,50.,175.));
#16530=CARTESIAN_POINT('',(-25.,50.,166.5));
#16531=CARTESIAN_POINT('',(-75.,50.,175.));
#16532=CARTESIAN_POINT('',(-75.,50.,166.5));
#16533=CARTESIAN_POINT('',(-125.,50.,175.));
#16534=CARTESIAN_POINT('',(-125.,50.,166.5));
#16535=CARTESIAN_POINT('',(-175.,50.,175.));
#16536=CARTESIAN_POINT('',(-175.,50.,166.5));
#16537=CARTESIAN_POINT('',(175.,50.,75.));
#16538=CARTESIAN_POINT('',(175.,50.,66.5));
#16539=CARTESIAN_POINT('',(125.,50.,75.));
#16540=CARTESIAN_POINT('',(125.,50.,66.5));
#16541=CARTESIAN_POINT('',(75.,50.,75.));
#16542=CARTESIAN_POINT('',(75.,50.,66.5));
#16543=CARTESIAN_POINT('',(25.,50.,75.));
#16544=CARTESIAN_POINT('',(25.,50.,66.5));
#16545=CARTESIAN_POINT('',(-25.,50.,75.));
#16546=CARTESIAN_POINT('',(-25.,50.,66.5));
#16547=CARTESIAN_POINT('',(-75.,50.,75.));
#16548=CARTESIAN_POINT('',(-75.,50.,66.5));
#16549=CARTESIAN_POINT('',(-125.,50.,75.));
#16550=CARTESIAN_POINT('',(-125.,50.,66.5));
#16551=CARTESIAN_POINT('',(-175.,50.,75.));
#16552=CARTESIAN_POINT('',(-175.,50.,66.5));
#16553=CARTESIAN_POINT('',(25.,50.,125.));
#16554=CARTESIAN_POINT('',(25.,50.,116.5));
#16555=CARTESIAN_POINT('',(75.,50.,125.));
#16556=CARTESIAN_POINT('',(75.,50.,116.5));
#16557=CARTESIAN_POINT('',(125.,50.,125.));
#16558=CARTESIAN_POINT('',(125.,50.,116.5));
#16559=CARTESIAN_POINT('',(175.,50.,125.));
#16560=CARTESIAN_POINT('',(175.,50.,116.5));
#16561=CARTESIAN_POINT('',(225.,50.,125.));
#16562=CARTESIAN_POINT('',(225.,50.,116.5));
#16563=CARTESIAN_POINT('',(275.,50.,125.));
#16564=CARTESIAN_POINT('',(275.,50.,116.5));
#16565=CARTESIAN_POINT('',(-275.,50.,75.));
#16566=CARTESIAN_POINT('',(-275.,50.,66.5));
#16567=CARTESIAN_POINT('',(-225.,50.,75.));
#16568=CARTESIAN_POINT('',(-225.,50.,66.5));
#16569=CARTESIAN_POINT('',(-25.,50.,-175.));
#16570=CARTESIAN_POINT('',(-25.,50.,-183.5));
#16571=CARTESIAN_POINT('',(-75.,50.,-175.));
#16572=CARTESIAN_POINT('',(-75.,50.,-183.5));
#16573=CARTESIAN_POINT('',(-125.,50.,-175.));
#16574=CARTESIAN_POINT('',(-125.,50.,-183.5));
#16575=CARTESIAN_POINT('',(-175.,50.,-175.));
#16576=CARTESIAN_POINT('',(-175.,50.,-183.5));
#16577=CARTESIAN_POINT('',(-225.,50.,-175.));
#16578=CARTESIAN_POINT('',(-225.,50.,-183.5));
#16579=CARTESIAN_POINT('',(-275.,50.,-175.));
#16580=CARTESIAN_POINT('',(-275.,50.,-183.5));
#16581=CARTESIAN_POINT('',(275.,50.,-125.));
#16582=CARTESIAN_POINT('',(275.,50.,-133.5));
#16583=CARTESIAN_POINT('',(225.,50.,-125.));
#16584=CARTESIAN_POINT('',(225.,50.,-133.5));
#16585=CARTESIAN_POINT('',(25.,50.,-175.));
#16586=CARTESIAN_POINT('',(25.,50.,-183.5));
#16587=CARTESIAN_POINT('',(75.,50.,-175.));
#16588=CARTESIAN_POINT('',(75.,50.,-183.5));
#16589=CARTESIAN_POINT('',(125.,50.,-175.));
#16590=CARTESIAN_POINT('',(125.,50.,-183.5));
#16591=CARTESIAN_POINT('',(175.,50.,-175.));
#16592=CARTESIAN_POINT('',(175.,50.,-183.5));
#16593=CARTESIAN_POINT('',(225.,50.,-175.));
#16594=CARTESIAN_POINT('',(225.,50.,-183.5));
#16595=CARTESIAN_POINT('',(275.,50.,-175.));
#16596=CARTESIAN_POINT('',(275.,50.,-183.5));
#16597=CARTESIAN_POINT('',(-225.,50.,-125.));
#16598=CARTESIAN_POINT('',(-225.,50.,-133.5));
#16599=CARTESIAN_POINT('',(-275.,50.,-125.));
#16600=CARTESIAN_POINT('',(-275.,50.,-133.5));
#16601=CARTESIAN_POINT('',(275.,50.,-75.));
#16602=CARTESIAN_POINT('',(275.,50.,-83.5));
#16603=CARTESIAN_POINT('',(225.,50.,-75.));
#16604=CARTESIAN_POINT('',(225.,50.,-83.5));
#16605=CARTESIAN_POINT('',(175.,50.,-75.));
#16606=CARTESIAN_POINT('',(175.,50.,-83.5));
#16607=CARTESIAN_POINT('',(125.,50.,-75.));
#16608=CARTESIAN_POINT('',(125.,50.,-83.5));
#16609=CARTESIAN_POINT('',(75.,50.,-75.));
#16610=CARTESIAN_POINT('',(75.,50.,-83.5));
#16611=CARTESIAN_POINT('',(25.,50.,-75.));
#16612=CARTESIAN_POINT('',(25.,50.,-83.5));
#16613=CARTESIAN_POINT('',(-175.,50.,-125.));
#16614=CARTESIAN_POINT('',(-175.,50.,-133.5));
#16615=CARTESIAN_POINT('',(-125.,50.,-125.));
#16616=CARTESIAN_POINT('',(-125.,50.,-133.5));
#16617=CARTESIAN_POINT('',(-75.,50.,-125.));
#16618=CARTESIAN_POINT('',(-75.,50.,-133.5));
#16619=CARTESIAN_POINT('',(-25.,50.,-125.));
#16620=CARTESIAN_POINT('',(-25.,50.,-133.5));
#16621=CARTESIAN_POINT('',(25.,50.,-125.));
#16622=CARTESIAN_POINT('',(25.,50.,-133.5));
#16623=CARTESIAN_POINT('',(75.,50.,-125.));
#16624=CARTESIAN_POINT('',(75.,50.,-133.5));
#16625=CARTESIAN_POINT('',(125.,50.,-125.));
#16626=CARTESIAN_POINT('',(125.,50.,-133.5));
#16627=CARTESIAN_POINT('',(175.,50.,-125.));
#16628=CARTESIAN_POINT('',(175.,50.,-133.5));
#16629=CARTESIAN_POINT('',(-225.,50.,175.));
#16630=CARTESIAN_POINT('',(-225.,50.,166.5));
#16631=CARTESIAN_POINT('',(-275.,50.,175.));
#16632=CARTESIAN_POINT('',(-275.,50.,166.5));
#16633=CARTESIAN_POINT('',(250.,50.,0.));
#16634=CARTESIAN_POINT('',(265.,50.,0.));
#16635=CARTESIAN_POINT('',(-250.,50.,0.));
#16636=CARTESIAN_POINT('',(-235.,50.,0.));
#16637=CARTESIAN_POINT('',(300.,50.,198.));
#16638=CARTESIAN_POINT('',(-298.,50.,198.));
#16639=CARTESIAN_POINT('',(298.,50.,198.));
#16640=CARTESIAN_POINT('',(298.,50.,-200.));
#16641=CARTESIAN_POINT('',(298.,50.,-198.));
#16642=CARTESIAN_POINT('',(-300.,50.,-198.));
#16643=CARTESIAN_POINT('',(-298.,50.,-198.));
#16644=CARTESIAN_POINT('',(-298.,50.,200.));
#16645=CARTESIAN_POINT('',(0.,0.,0.));
#16646=CARTESIAN_POINT('',(25.,0.,25.));
#16647=CARTESIAN_POINT('',(25.,0.,17.));
#16648=CARTESIAN_POINT('',(75.,0.,25.));
#16649=CARTESIAN_POINT('',(75.,0.,17.));
#16650=CARTESIAN_POINT('',(125.,0.,25.));
#16651=CARTESIAN_POINT('',(125.,0.,17.));
#16652=CARTESIAN_POINT('',(175.,0.,25.));
#16653=CARTESIAN_POINT('',(175.,0.,17.));
#16654=CARTESIAN_POINT('',(225.,0.,25.));
#16655=CARTESIAN_POINT('',(225.,0.,17.));
#16656=CARTESIAN_POINT('',(275.,0.,25.));
#16657=CARTESIAN_POINT('',(275.,0.,17.));
#16658=CARTESIAN_POINT('',(-275.,0.,-25.));
#16659=CARTESIAN_POINT('',(-275.,0.,-33.));
#16660=CARTESIAN_POINT('',(-225.,0.,-25.));
#16661=CARTESIAN_POINT('',(-225.,0.,-33.));
#16662=CARTESIAN_POINT('',(225.,0.,75.));
#16663=CARTESIAN_POINT('',(225.,0.,67.));
#16664=CARTESIAN_POINT('',(275.,0.,75.));
#16665=CARTESIAN_POINT('',(275.,0.,67.));
#16666=CARTESIAN_POINT('',(-275.,0.,25.));
#16667=CARTESIAN_POINT('',(-275.,0.,17.));
#16668=CARTESIAN_POINT('',(-225.,0.,25.));
#16669=CARTESIAN_POINT('',(-225.,0.,17.));
#16670=CARTESIAN_POINT('',(-175.,0.,25.));
#16671=CARTESIAN_POINT('',(-175.,0.,17.));
#16672=CARTESIAN_POINT('',(-125.,0.,25.));
#16673=CARTESIAN_POINT('',(-125.,0.,17.));
#16674=CARTESIAN_POINT('',(-75.,0.,25.));
#16675=CARTESIAN_POINT('',(-75.,0.,17.));
#16676=CARTESIAN_POINT('',(-25.,0.,25.));
#16677=CARTESIAN_POINT('',(-25.,0.,17.));
#16678=CARTESIAN_POINT('',(225.,0.,-25.));
#16679=CARTESIAN_POINT('',(225.,0.,-33.));
#16680=CARTESIAN_POINT('',(275.,0.,-25.));
#16681=CARTESIAN_POINT('',(275.,0.,-33.));
#16682=CARTESIAN_POINT('',(-275.,0.,-75.));
#16683=CARTESIAN_POINT('',(-275.,0.,-83.));
#16684=CARTESIAN_POINT('',(-225.,0.,-75.));
#16685=CARTESIAN_POINT('',(-225.,0.,-83.));
#16686=CARTESIAN_POINT('',(-175.,0.,-75.));
#16687=CARTESIAN_POINT('',(-175.,0.,-83.));
#16688=CARTESIAN_POINT('',(-125.,0.,-75.));
#16689=CARTESIAN_POINT('',(-125.,0.,-83.));
#16690=CARTESIAN_POINT('',(-75.,0.,-75.));
#16691=CARTESIAN_POINT('',(-75.,0.,-83.));
#16692=CARTESIAN_POINT('',(-25.,0.,-75.));
#16693=CARTESIAN_POINT('',(-25.,0.,-83.));
#16694=CARTESIAN_POINT('',(175.,0.,-25.));
#16695=CARTESIAN_POINT('',(175.,0.,-33.));
#16696=CARTESIAN_POINT('',(125.,0.,-25.));
#16697=CARTESIAN_POINT('',(125.,0.,-33.));
#16698=CARTESIAN_POINT('',(75.,0.,-25.));
#16699=CARTESIAN_POINT('',(75.,0.,-33.));
#16700=CARTESIAN_POINT('',(25.,0.,-25.));
#16701=CARTESIAN_POINT('',(25.,0.,-33.));
#16702=CARTESIAN_POINT('',(-25.,0.,-25.));
#16703=CARTESIAN_POINT('',(-25.,0.,-33.));
#16704=CARTESIAN_POINT('',(-75.,0.,-25.));
#16705=CARTESIAN_POINT('',(-75.,0.,-33.));
#16706=CARTESIAN_POINT('',(-125.,0.,-25.));
#16707=CARTESIAN_POINT('',(-125.,0.,-33.));
#16708=CARTESIAN_POINT('',(-175.,0.,-25.));
#16709=CARTESIAN_POINT('',(-175.,0.,-33.));
#16710=CARTESIAN_POINT('',(225.,0.,175.));
#16711=CARTESIAN_POINT('',(225.,0.,167.));
#16712=CARTESIAN_POINT('',(275.,0.,175.));
#16713=CARTESIAN_POINT('',(275.,0.,167.));
#16714=CARTESIAN_POINT('',(-275.,0.,125.));
#16715=CARTESIAN_POINT('',(-275.,0.,117.));
#16716=CARTESIAN_POINT('',(-225.,0.,125.));
#16717=CARTESIAN_POINT('',(-225.,0.,117.));
#16718=CARTESIAN_POINT('',(-175.,0.,125.));
#16719=CARTESIAN_POINT('',(-175.,0.,117.));
#16720=CARTESIAN_POINT('',(-125.,0.,125.));
#16721=CARTESIAN_POINT('',(-125.,0.,117.));
#16722=CARTESIAN_POINT('',(-75.,0.,125.));
#16723=CARTESIAN_POINT('',(-75.,0.,117.));
#16724=CARTESIAN_POINT('',(-25.,0.,125.));
#16725=CARTESIAN_POINT('',(-25.,0.,117.));
#16726=CARTESIAN_POINT('',(175.,0.,175.));
#16727=CARTESIAN_POINT('',(175.,0.,167.));
#16728=CARTESIAN_POINT('',(125.,0.,175.));
#16729=CARTESIAN_POINT('',(125.,0.,167.));
#16730=CARTESIAN_POINT('',(75.,0.,175.));
#16731=CARTESIAN_POINT('',(75.,0.,167.));
#16732=CARTESIAN_POINT('',(25.,0.,175.));
#16733=CARTESIAN_POINT('',(25.,0.,167.));
#16734=CARTESIAN_POINT('',(-25.,0.,175.));
#16735=CARTESIAN_POINT('',(-25.,0.,167.));
#16736=CARTESIAN_POINT('',(-75.,0.,175.));
#16737=CARTESIAN_POINT('',(-75.,0.,167.));
#16738=CARTESIAN_POINT('',(-125.,0.,175.));
#16739=CARTESIAN_POINT('',(-125.,0.,167.));
#16740=CARTESIAN_POINT('',(-175.,0.,175.));
#16741=CARTESIAN_POINT('',(-175.,0.,167.));
#16742=CARTESIAN_POINT('',(175.,0.,75.));
#16743=CARTESIAN_POINT('',(175.,0.,67.));
#16744=CARTESIAN_POINT('',(125.,0.,75.));
#16745=CARTESIAN_POINT('',(125.,0.,67.));
#16746=CARTESIAN_POINT('',(75.,0.,75.));
#16747=CARTESIAN_POINT('',(75.,0.,67.));
#16748=CARTESIAN_POINT('',(25.,0.,75.));
#16749=CARTESIAN_POINT('',(25.,0.,67.));
#16750=CARTESIAN_POINT('',(-25.,0.,75.));
#16751=CARTESIAN_POINT('',(-25.,0.,67.));
#16752=CARTESIAN_POINT('',(-75.,0.,75.));
#16753=CARTESIAN_POINT('',(-75.,0.,67.));
#16754=CARTESIAN_POINT('',(-125.,0.,75.));
#16755=CARTESIAN_POINT('',(-125.,0.,67.));
#16756=CARTESIAN_POINT('',(-175.,0.,75.));
#16757=CARTESIAN_POINT('',(-175.,0.,67.));
#16758=CARTESIAN_POINT('',(25.,0.,125.));
#16759=CARTESIAN_POINT('',(25.,0.,117.));
#16760=CARTESIAN_POINT('',(75.,0.,125.));
#16761=CARTESIAN_POINT('',(75.,0.,117.));
#16762=CARTESIAN_POINT('',(125.,0.,125.));
#16763=CARTESIAN_POINT('',(125.,0.,117.));
#16764=CARTESIAN_POINT('',(175.,0.,125.));
#16765=CARTESIAN_POINT('',(175.,0.,117.));
#16766=CARTESIAN_POINT('',(225.,0.,125.));
#16767=CARTESIAN_POINT('',(225.,0.,117.));
#16768=CARTESIAN_POINT('',(275.,0.,125.));
#16769=CARTESIAN_POINT('',(275.,0.,117.));
#16770=CARTESIAN_POINT('',(-275.,0.,75.));
#16771=CARTESIAN_POINT('',(-275.,0.,67.));
#16772=CARTESIAN_POINT('',(-225.,0.,75.));
#16773=CARTESIAN_POINT('',(-225.,0.,67.));
#16774=CARTESIAN_POINT('',(-25.,0.,-175.));
#16775=CARTESIAN_POINT('',(-25.,0.,-183.));
#16776=CARTESIAN_POINT('',(-75.,0.,-175.));
#16777=CARTESIAN_POINT('',(-75.,0.,-183.));
#16778=CARTESIAN_POINT('',(-125.,0.,-175.));
#16779=CARTESIAN_POINT('',(-125.,0.,-183.));
#16780=CARTESIAN_POINT('',(-175.,0.,-175.));
#16781=CARTESIAN_POINT('',(-175.,0.,-183.));
#16782=CARTESIAN_POINT('',(-225.,0.,-175.));
#16783=CARTESIAN_POINT('',(-225.,0.,-183.));
#16784=CARTESIAN_POINT('',(-275.,0.,-175.));
#16785=CARTESIAN_POINT('',(-275.,0.,-183.));
#16786=CARTESIAN_POINT('',(275.,0.,-125.));
#16787=CARTESIAN_POINT('',(275.,0.,-133.));
#16788=CARTESIAN_POINT('',(225.,0.,-125.));
#16789=CARTESIAN_POINT('',(225.,0.,-133.));
#16790=CARTESIAN_POINT('',(25.,0.,-175.));
#16791=CARTESIAN_POINT('',(25.,0.,-183.));
#16792=CARTESIAN_POINT('',(75.,0.,-175.));
#16793=CARTESIAN_POINT('',(75.,0.,-183.));
#16794=CARTESIAN_POINT('',(125.,0.,-175.));
#16795=CARTESIAN_POINT('',(125.,0.,-183.));
#16796=CARTESIAN_POINT('',(175.,0.,-175.));
#16797=CARTESIAN_POINT('',(175.,0.,-183.));
#16798=CARTESIAN_POINT('',(225.,0.,-175.));
#16799=CARTESIAN_POINT('',(225.,0.,-183.));
#16800=CARTESIAN_POINT('',(275.,0.,-175.));
#16801=CARTESIAN_POINT('',(275.,0.,-183.));
#16802=CARTESIAN_POINT('',(-225.,0.,-125.));
#16803=CARTESIAN_POINT('',(-225.,0.,-133.));
#16804=CARTESIAN_POINT('',(-275.,0.,-125.));
#16805=CARTESIAN_POINT('',(-275.,0.,-133.));
#16806=CARTESIAN_POINT('',(275.,0.,-75.));
#16807=CARTESIAN_POINT('',(275.,0.,-83.));
#16808=CARTESIAN_POINT('',(225.,0.,-75.));
#16809=CARTESIAN_POINT('',(225.,0.,-83.));
#16810=CARTESIAN_POINT('',(175.,0.,-75.));
#16811=CARTESIAN_POINT('',(175.,0.,-83.));
#16812=CARTESIAN_POINT('',(125.,0.,-75.));
#16813=CARTESIAN_POINT('',(125.,0.,-83.));
#16814=CARTESIAN_POINT('',(75.,0.,-75.));
#16815=CARTESIAN_POINT('',(75.,0.,-83.));
#16816=CARTESIAN_POINT('',(25.,0.,-75.));
#16817=CARTESIAN_POINT('',(25.,0.,-83.));
#16818=CARTESIAN_POINT('',(-175.,0.,-125.));
#16819=CARTESIAN_POINT('',(-175.,0.,-133.));
#16820=CARTESIAN_POINT('',(-125.,0.,-125.));
#16821=CARTESIAN_POINT('',(-125.,0.,-133.));
#16822=CARTESIAN_POINT('',(-75.,0.,-125.));
#16823=CARTESIAN_POINT('',(-75.,0.,-133.));
#16824=CARTESIAN_POINT('',(-25.,0.,-125.));
#16825=CARTESIAN_POINT('',(-25.,0.,-133.));
#16826=CARTESIAN_POINT('',(25.,0.,-125.));
#16827=CARTESIAN_POINT('',(25.,0.,-133.));
#16828=CARTESIAN_POINT('',(75.,0.,-125.));
#16829=CARTESIAN_POINT('',(75.,0.,-133.));
#16830=CARTESIAN_POINT('',(125.,0.,-125.));
#16831=CARTESIAN_POINT('',(125.,0.,-133.));
#16832=CARTESIAN_POINT('',(175.,0.,-125.));
#16833=CARTESIAN_POINT('',(175.,0.,-133.));
#16834=CARTESIAN_POINT('',(-225.,0.,175.));
#16835=CARTESIAN_POINT('',(-225.,0.,167.));
#16836=CARTESIAN_POINT('',(-275.,0.,175.));
#16837=CARTESIAN_POINT('',(-275.,0.,167.));
#16838=CARTESIAN_POINT('',(250.,0.,0.));
#16839=CARTESIAN_POINT('',(265.,0.,0.));
#16840=CARTESIAN_POINT('',(-250.,0.,0.));
#16841=CARTESIAN_POINT('',(-235.,0.,0.));
#16842=CARTESIAN_POINT('',(-298.,0.,0.));
#16843=CARTESIAN_POINT('',(-298.,0.,198.));
#16844=CARTESIAN_POINT('',(-298.,0.,-198.));
#16845=CARTESIAN_POINT('',(0.,0.,-198.));
#16846=CARTESIAN_POINT('',(298.,0.,-198.));
#16847=CARTESIAN_POINT('',(298.,0.,0.));
#16848=CARTESIAN_POINT('',(298.,0.,198.));
#16849=CARTESIAN_POINT('',(0.,0.,198.));
#16850=CARTESIAN_POINT('',(-298.,50.,0.));
#16851=CARTESIAN_POINT('',(-198.666666666667,149.333333333333,-98.6666666666667));
#16852=CARTESIAN_POINT('',(-299.,49.,-199.));
#16853=CARTESIAN_POINT('',(-364.666666666667,-16.6666666666667,-133.333333333333));
#16854=CARTESIAN_POINT('',(-364.666666666667,-16.6666666666667,133.333333333333));
#16855=CARTESIAN_POINT('',(-299.,49.,199.));
#16856=CARTESIAN_POINT('',(-232.,116.,132.));
#16857=CARTESIAN_POINT('',(0.,50.,198.));
#16858=CARTESIAN_POINT('',(200.,-50.,298.));
#16859=CARTESIAN_POINT('',(299.,49.,199.));
#16860=CARTESIAN_POINT('',(198.666666666667,149.333333333333,98.6666666666667));
#16861=CARTESIAN_POINT('',(-200.,-50.,298.));
#16862=CARTESIAN_POINT('',(0.,50.,-198.));
#16863=CARTESIAN_POINT('',(-200.,-50.,-298.));
#16864=CARTESIAN_POINT('',(198.666666666667,149.333333333333,-98.6666666666667));
#16865=CARTESIAN_POINT('',(299.,49.,-199.));
#16866=CARTESIAN_POINT('',(200.,-50.,-298.));
#16867=CARTESIAN_POINT('',(298.,50.,0.));
#16868=CARTESIAN_POINT('',(364.666666666667,-16.6666666666667,133.333333333333));
#16869=CARTESIAN_POINT('',(364.666666666667,-16.6666666666667,-133.333333333333));
#16870=CARTESIAN_POINT('',(-300.,50.,-198.));
#16871=CARTESIAN_POINT('',(-300.,2.,-198.));
#16872=CARTESIAN_POINT('',(-300.,2.,-198.));
#16873=CARTESIAN_POINT('',(-300.,2.,-198.));
#16874=CARTESIAN_POINT('',(-298.,1.,-199.));
#16875=CARTESIAN_POINT('',(298.,50.,-200.));
#16876=CARTESIAN_POINT('',(298.,2.,-200.));
#16877=CARTESIAN_POINT('',(300.,2.,-200.));
#16878=CARTESIAN_POINT('',(298.,2.,-200.));
#16879=CARTESIAN_POINT('',(-300.,2.,-200.));
#16880=CARTESIAN_POINT('',(-299.,1.,198.));
#16881=CARTESIAN_POINT('',(-298.,50.,200.));
#16882=CARTESIAN_POINT('',(-298.,2.,200.));
#16883=CARTESIAN_POINT('',(298.,2.,-200.));
#16884=CARTESIAN_POINT('',(299.,1.,-198.));
#16885=CARTESIAN_POINT('',(-298.,2.,200.));
#16886=CARTESIAN_POINT('',(-298.,2.,200.));
#16887=CARTESIAN_POINT('',(300.,2.,200.));
#16888=CARTESIAN_POINT('',(300.,2.,198.));
#16889=CARTESIAN_POINT('',(-300.,2.,200.));
#16890=CARTESIAN_POINT('',(298.,1.,199.));
#16891=CARTESIAN_POINT('',(300.,2.,198.));
#16892=CARTESIAN_POINT('',(300.,2.,198.));
#16893=CARTESIAN_POINT('',(300.,50.,198.));
#16894=CARTESIAN_POINT('',(-250.,50.,0.));
#16895=CARTESIAN_POINT('',(250.,50.,0.));
#16896=CARTESIAN_POINT('',(-275.,50.,175.));
#16897=CARTESIAN_POINT('',(-275.,49.5,175.));
#16898=CARTESIAN_POINT('',(-275.,49.5,167.));
#16899=CARTESIAN_POINT('',(-267.,49.5,175.));
#16900=CARTESIAN_POINT('',(-275.,49.5,175.));
#16901=CARTESIAN_POINT('',(-275.,49.5,169.));
#16902=CARTESIAN_POINT('',(-275.,0.,175.));
#16903=CARTESIAN_POINT('',(-275.,37.5,175.));
#16904=CARTESIAN_POINT('',(-275.,37.5,169.));
#16905=CARTESIAN_POINT('',(-275.,37.5,175.));
#16906=CARTESIAN_POINT('',(-275.,36.553,175.));
#16907=CARTESIAN_POINT('',(-275.,36.553,169.947));
#16908=CARTESIAN_POINT('',(-275.,0.,175.));
#16909=CARTESIAN_POINT('',(-275.,23.447,175.));
#16910=CARTESIAN_POINT('',(-275.,23.447,169.947));
#16911=CARTESIAN_POINT('',(-275.,23.447,175.));
#16912=CARTESIAN_POINT('',(-275.,22.5,175.));
#16913=CARTESIAN_POINT('',(-275.,22.5,169.));
#16914=CARTESIAN_POINT('',(-269.,22.5,175.));
#16915=CARTESIAN_POINT('',(-275.,22.5,175.));
#16916=CARTESIAN_POINT('',(-275.,22.5,168.0825));
#16917=CARTESIAN_POINT('',(-275.,0.,175.));
#16918=CARTESIAN_POINT('',(-275.,1.08249999999998,175.));
#16919=CARTESIAN_POINT('',(-275.,1.08249999999998,168.0825));
#16920=CARTESIAN_POINT('',(-275.,1.08249999999998,175.));
#16921=CARTESIAN_POINT('',(-225.,50.,175.));
#16922=CARTESIAN_POINT('',(-225.,49.5,175.));
#16923=CARTESIAN_POINT('',(-225.,49.5,167.));
#16924=CARTESIAN_POINT('',(-217.,49.5,175.));
#16925=CARTESIAN_POINT('',(-225.,49.5,175.));
#16926=CARTESIAN_POINT('',(-225.,49.5,169.));
#16927=CARTESIAN_POINT('',(-225.,0.,175.));
#16928=CARTESIAN_POINT('',(-225.,37.5,175.));
#16929=CARTESIAN_POINT('',(-225.,37.5,169.));
#16930=CARTESIAN_POINT('',(-225.,37.5,175.));
#16931=CARTESIAN_POINT('',(-225.,36.553,175.));
#16932=CARTESIAN_POINT('',(-225.,36.553,169.947));
#16933=CARTESIAN_POINT('',(-225.,0.,175.));
#16934=CARTESIAN_POINT('',(-225.,23.447,175.));
#16935=CARTESIAN_POINT('',(-225.,23.447,169.947));
#16936=CARTESIAN_POINT('',(-225.,23.447,175.));
#16937=CARTESIAN_POINT('',(-225.,22.5,175.));
#16938=CARTESIAN_POINT('',(-225.,22.5,169.));
#16939=CARTESIAN_POINT('',(-219.,22.5,175.));
#16940=CARTESIAN_POINT('',(-225.,22.5,175.));
#16941=CARTESIAN_POINT('',(-225.,22.5,168.0825));
#16942=CARTESIAN_POINT('',(-225.,0.,175.));
#16943=CARTESIAN_POINT('',(-225.,1.08249999999998,175.));
#16944=CARTESIAN_POINT('',(-225.,1.08249999999998,168.0825));
#16945=CARTESIAN_POINT('',(-225.,1.08249999999998,175.));
#16946=CARTESIAN_POINT('',(175.,50.,-125.));
#16947=CARTESIAN_POINT('',(175.,49.5,-125.));
#16948=CARTESIAN_POINT('',(175.,49.5,-133.));
#16949=CARTESIAN_POINT('',(183.,49.5,-125.));
#16950=CARTESIAN_POINT('',(175.,49.5,-125.));
#16951=CARTESIAN_POINT('',(175.,49.5,-131.));
#16952=CARTESIAN_POINT('',(175.,0.,-125.));
#16953=CARTESIAN_POINT('',(175.,37.5,-125.));
#16954=CARTESIAN_POINT('',(175.,37.5,-131.));
#16955=CARTESIAN_POINT('',(175.,37.5,-125.));
#16956=CARTESIAN_POINT('',(175.,36.553,-125.));
#16957=CARTESIAN_POINT('',(175.,36.553,-130.053));
#16958=CARTESIAN_POINT('',(175.,0.,-125.));
#16959=CARTESIAN_POINT('',(175.,23.447,-125.));
#16960=CARTESIAN_POINT('',(175.,23.447,-130.053));
#16961=CARTESIAN_POINT('',(175.,23.447,-125.));
#16962=CARTESIAN_POINT('',(175.,22.5,-125.));
#16963=CARTESIAN_POINT('',(175.,22.5,-131.));
#16964=CARTESIAN_POINT('',(181.,22.5,-125.));
#16965=CARTESIAN_POINT('',(175.,22.5,-125.));
#16966=CARTESIAN_POINT('',(175.,22.5,-131.9175));
#16967=CARTESIAN_POINT('',(175.,0.,-125.));
#16968=CARTESIAN_POINT('',(175.,1.08249999999998,-125.));
#16969=CARTESIAN_POINT('',(175.,1.08249999999998,-131.9175));
#16970=CARTESIAN_POINT('',(175.,1.08249999999998,-125.));
#16971=CARTESIAN_POINT('',(125.,50.,-125.));
#16972=CARTESIAN_POINT('',(125.,49.5,-125.));
#16973=CARTESIAN_POINT('',(125.,49.5,-133.));
#16974=CARTESIAN_POINT('',(133.,49.5,-125.));
#16975=CARTESIAN_POINT('',(125.,49.5,-125.));
#16976=CARTESIAN_POINT('',(125.,49.5,-131.));
#16977=CARTESIAN_POINT('',(125.,0.,-125.));
#16978=CARTESIAN_POINT('',(125.,37.5,-125.));
#16979=CARTESIAN_POINT('',(125.,37.5,-131.));
#16980=CARTESIAN_POINT('',(125.,37.5,-125.));
#16981=CARTESIAN_POINT('',(125.,36.553,-125.));
#16982=CARTESIAN_POINT('',(125.,36.553,-130.053));
#16983=CARTESIAN_POINT('',(125.,0.,-125.));
#16984=CARTESIAN_POINT('',(125.,23.447,-125.));
#16985=CARTESIAN_POINT('',(125.,23.447,-130.053));
#16986=CARTESIAN_POINT('',(125.,23.447,-125.));
#16987=CARTESIAN_POINT('',(125.,22.5,-125.));
#16988=CARTESIAN_POINT('',(125.,22.5,-131.));
#16989=CARTESIAN_POINT('',(131.,22.5,-125.));
#16990=CARTESIAN_POINT('',(125.,22.5,-125.));
#16991=CARTESIAN_POINT('',(125.,22.5,-131.9175));
#16992=CARTESIAN_POINT('',(125.,0.,-125.));
#16993=CARTESIAN_POINT('',(125.,1.08249999999998,-125.));
#16994=CARTESIAN_POINT('',(125.,1.08249999999998,-131.9175));
#16995=CARTESIAN_POINT('',(125.,1.08249999999998,-125.));
#16996=CARTESIAN_POINT('',(75.,50.,-125.));
#16997=CARTESIAN_POINT('',(75.,49.5,-125.));
#16998=CARTESIAN_POINT('',(75.,49.5,-133.));
#16999=CARTESIAN_POINT('',(83.,49.5,-125.));
#17000=CARTESIAN_POINT('',(75.,49.5,-125.));
#17001=CARTESIAN_POINT('',(75.,49.5,-131.));
#17002=CARTESIAN_POINT('',(75.,0.,-125.));
#17003=CARTESIAN_POINT('',(75.,37.5,-125.));
#17004=CARTESIAN_POINT('',(75.,37.5,-131.));
#17005=CARTESIAN_POINT('',(75.,37.5,-125.));
#17006=CARTESIAN_POINT('',(75.,36.553,-125.));
#17007=CARTESIAN_POINT('',(75.,36.553,-130.053));
#17008=CARTESIAN_POINT('',(75.,0.,-125.));
#17009=CARTESIAN_POINT('',(75.,23.447,-125.));
#17010=CARTESIAN_POINT('',(75.,23.447,-130.053));
#17011=CARTESIAN_POINT('',(75.,23.447,-125.));
#17012=CARTESIAN_POINT('',(75.,22.5,-125.));
#17013=CARTESIAN_POINT('',(75.,22.5,-131.));
#17014=CARTESIAN_POINT('',(81.,22.5,-125.));
#17015=CARTESIAN_POINT('',(75.,22.5,-125.));
#17016=CARTESIAN_POINT('',(75.,22.5,-131.9175));
#17017=CARTESIAN_POINT('',(75.,0.,-125.));
#17018=CARTESIAN_POINT('',(75.,1.08249999999998,-125.));
#17019=CARTESIAN_POINT('',(75.,1.08249999999998,-131.9175));
#17020=CARTESIAN_POINT('',(75.,1.08249999999998,-125.));
#17021=CARTESIAN_POINT('',(25.,50.,-125.));
#17022=CARTESIAN_POINT('',(25.,49.5,-125.));
#17023=CARTESIAN_POINT('',(25.,49.5,-133.));
#17024=CARTESIAN_POINT('',(33.,49.5,-125.));
#17025=CARTESIAN_POINT('',(25.,49.5,-125.));
#17026=CARTESIAN_POINT('',(25.,49.5,-131.));
#17027=CARTESIAN_POINT('',(25.,0.,-125.));
#17028=CARTESIAN_POINT('',(25.,37.5,-125.));
#17029=CARTESIAN_POINT('',(25.,37.5,-131.));
#17030=CARTESIAN_POINT('',(25.,37.5,-125.));
#17031=CARTESIAN_POINT('',(25.,36.553,-125.));
#17032=CARTESIAN_POINT('',(25.,36.553,-130.053));
#17033=CARTESIAN_POINT('',(25.,0.,-125.));
#17034=CARTESIAN_POINT('',(25.,23.447,-125.));
#17035=CARTESIAN_POINT('',(25.,23.447,-130.053));
#17036=CARTESIAN_POINT('',(25.,23.447,-125.));
#17037=CARTESIAN_POINT('',(25.,22.5,-125.));
#17038=CARTESIAN_POINT('',(25.,22.5,-131.));
#17039=CARTESIAN_POINT('',(31.,22.5,-125.));
#17040=CARTESIAN_POINT('',(25.,22.5,-125.));
#17041=CARTESIAN_POINT('',(25.,22.5,-131.9175));
#17042=CARTESIAN_POINT('',(25.,0.,-125.));
#17043=CARTESIAN_POINT('',(25.,1.08249999999998,-125.));
#17044=CARTESIAN_POINT('',(25.,1.08249999999998,-131.9175));
#17045=CARTESIAN_POINT('',(25.,1.08249999999998,-125.));
#17046=CARTESIAN_POINT('',(-25.,50.,-125.));
#17047=CARTESIAN_POINT('',(-25.,49.5,-125.));
#17048=CARTESIAN_POINT('',(-25.,49.5,-133.));
#17049=CARTESIAN_POINT('',(-17.,49.5,-125.));
#17050=CARTESIAN_POINT('',(-25.,49.5,-125.));
#17051=CARTESIAN_POINT('',(-25.,49.5,-131.));
#17052=CARTESIAN_POINT('',(-25.,0.,-125.));
#17053=CARTESIAN_POINT('',(-25.,37.5,-125.));
#17054=CARTESIAN_POINT('',(-25.,37.5,-131.));
#17055=CARTESIAN_POINT('',(-25.,37.5,-125.));
#17056=CARTESIAN_POINT('',(-25.,36.553,-125.));
#17057=CARTESIAN_POINT('',(-25.,36.553,-130.053));
#17058=CARTESIAN_POINT('',(-25.,0.,-125.));
#17059=CARTESIAN_POINT('',(-25.,23.447,-125.));
#17060=CARTESIAN_POINT('',(-25.,23.447,-130.053));
#17061=CARTESIAN_POINT('',(-25.,23.447,-125.));
#17062=CARTESIAN_POINT('',(-25.,22.5,-125.));
#17063=CARTESIAN_POINT('',(-25.,22.5,-131.));
#17064=CARTESIAN_POINT('',(-19.,22.5,-125.));
#17065=CARTESIAN_POINT('',(-25.,22.5,-125.));
#17066=CARTESIAN_POINT('',(-25.,22.5,-131.9175));
#17067=CARTESIAN_POINT('',(-25.,0.,-125.));
#17068=CARTESIAN_POINT('',(-25.,1.08249999999998,-125.));
#17069=CARTESIAN_POINT('',(-25.,1.08249999999998,-131.9175));
#17070=CARTESIAN_POINT('',(-25.,1.08249999999998,-125.));
#17071=CARTESIAN_POINT('',(-75.,50.,-125.));
#17072=CARTESIAN_POINT('',(-75.,49.5,-125.));
#17073=CARTESIAN_POINT('',(-75.,49.5,-133.));
#17074=CARTESIAN_POINT('',(-67.,49.5,-125.));
#17075=CARTESIAN_POINT('',(-75.,49.5,-125.));
#17076=CARTESIAN_POINT('',(-75.,49.5,-131.));
#17077=CARTESIAN_POINT('',(-75.,0.,-125.));
#17078=CARTESIAN_POINT('',(-75.,37.5,-125.));
#17079=CARTESIAN_POINT('',(-75.,37.5,-131.));
#17080=CARTESIAN_POINT('',(-75.,37.5,-125.));
#17081=CARTESIAN_POINT('',(-75.,36.553,-125.));
#17082=CARTESIAN_POINT('',(-75.,36.553,-130.053));
#17083=CARTESIAN_POINT('',(-75.,0.,-125.));
#17084=CARTESIAN_POINT('',(-75.,23.447,-125.));
#17085=CARTESIAN_POINT('',(-75.,23.447,-130.053));
#17086=CARTESIAN_POINT('',(-75.,23.447,-125.));
#17087=CARTESIAN_POINT('',(-75.,22.5,-125.));
#17088=CARTESIAN_POINT('',(-75.,22.5,-131.));
#17089=CARTESIAN_POINT('',(-69.,22.5,-125.));
#17090=CARTESIAN_POINT('',(-75.,22.5,-125.));
#17091=CARTESIAN_POINT('',(-75.,22.5,-131.9175));
#17092=CARTESIAN_POINT('',(-75.,0.,-125.));
#17093=CARTESIAN_POINT('',(-75.,1.08249999999998,-125.));
#17094=CARTESIAN_POINT('',(-75.,1.08249999999998,-131.9175));
#17095=CARTESIAN_POINT('',(-75.,1.08249999999998,-125.));
#17096=CARTESIAN_POINT('',(-125.,50.,-125.));
#17097=CARTESIAN_POINT('',(-125.,49.5,-125.));
#17098=CARTESIAN_POINT('',(-125.,49.5,-133.));
#17099=CARTESIAN_POINT('',(-117.,49.5,-125.));
#17100=CARTESIAN_POINT('',(-125.,49.5,-125.));
#17101=CARTESIAN_POINT('',(-125.,49.5,-131.));
#17102=CARTESIAN_POINT('',(-125.,0.,-125.));
#17103=CARTESIAN_POINT('',(-125.,37.5,-125.));
#17104=CARTESIAN_POINT('',(-125.,37.5,-131.));
#17105=CARTESIAN_POINT('',(-125.,37.5,-125.));
#17106=CARTESIAN_POINT('',(-125.,36.553,-125.));
#17107=CARTESIAN_POINT('',(-125.,36.553,-130.053));
#17108=CARTESIAN_POINT('',(-125.,0.,-125.));
#17109=CARTESIAN_POINT('',(-125.,23.447,-125.));
#17110=CARTESIAN_POINT('',(-125.,23.447,-130.053));
#17111=CARTESIAN_POINT('',(-125.,23.447,-125.));
#17112=CARTESIAN_POINT('',(-125.,22.5,-125.));
#17113=CARTESIAN_POINT('',(-125.,22.5,-131.));
#17114=CARTESIAN_POINT('',(-119.,22.5,-125.));
#17115=CARTESIAN_POINT('',(-125.,22.5,-125.));
#17116=CARTESIAN_POINT('',(-125.,22.5,-131.9175));
#17117=CARTESIAN_POINT('',(-125.,0.,-125.));
#17118=CARTESIAN_POINT('',(-125.,1.08249999999998,-125.));
#17119=CARTESIAN_POINT('',(-125.,1.08249999999998,-131.9175));
#17120=CARTESIAN_POINT('',(-125.,1.08249999999998,-125.));
#17121=CARTESIAN_POINT('',(-175.,50.,-125.));
#17122=CARTESIAN_POINT('',(-175.,49.5,-125.));
#17123=CARTESIAN_POINT('',(-175.,49.5,-133.));
#17124=CARTESIAN_POINT('',(-167.,49.5,-125.));
#17125=CARTESIAN_POINT('',(-175.,49.5,-125.));
#17126=CARTESIAN_POINT('',(-175.,49.5,-131.));
#17127=CARTESIAN_POINT('',(-175.,0.,-125.));
#17128=CARTESIAN_POINT('',(-175.,37.5,-125.));
#17129=CARTESIAN_POINT('',(-175.,37.5,-131.));
#17130=CARTESIAN_POINT('',(-175.,37.5,-125.));
#17131=CARTESIAN_POINT('',(-175.,36.553,-125.));
#17132=CARTESIAN_POINT('',(-175.,36.553,-130.053));
#17133=CARTESIAN_POINT('',(-175.,0.,-125.));
#17134=CARTESIAN_POINT('',(-175.,23.447,-125.));
#17135=CARTESIAN_POINT('',(-175.,23.447,-130.053));
#17136=CARTESIAN_POINT('',(-175.,23.447,-125.));
#17137=CARTESIAN_POINT('',(-175.,22.5,-125.));
#17138=CARTESIAN_POINT('',(-175.,22.5,-131.));
#17139=CARTESIAN_POINT('',(-169.,22.5,-125.));
#17140=CARTESIAN_POINT('',(-175.,22.5,-125.));
#17141=CARTESIAN_POINT('',(-175.,22.5,-131.9175));
#17142=CARTESIAN_POINT('',(-175.,0.,-125.));
#17143=CARTESIAN_POINT('',(-175.,1.08249999999998,-125.));
#17144=CARTESIAN_POINT('',(-175.,1.08249999999998,-131.9175));
#17145=CARTESIAN_POINT('',(-175.,1.08249999999998,-125.));
#17146=CARTESIAN_POINT('',(25.,50.,-75.));
#17147=CARTESIAN_POINT('',(25.,49.5,-75.));
#17148=CARTESIAN_POINT('',(25.,49.5,-83.));
#17149=CARTESIAN_POINT('',(33.,49.5,-75.));
#17150=CARTESIAN_POINT('',(25.,49.5,-75.));
#17151=CARTESIAN_POINT('',(25.,49.5,-81.));
#17152=CARTESIAN_POINT('',(25.,0.,-75.));
#17153=CARTESIAN_POINT('',(25.,37.5,-75.));
#17154=CARTESIAN_POINT('',(25.,37.5,-81.));
#17155=CARTESIAN_POINT('',(25.,37.5,-75.));
#17156=CARTESIAN_POINT('',(25.,36.553,-75.));
#17157=CARTESIAN_POINT('',(25.,36.553,-80.053));
#17158=CARTESIAN_POINT('',(25.,0.,-75.));
#17159=CARTESIAN_POINT('',(25.,23.447,-75.));
#17160=CARTESIAN_POINT('',(25.,23.447,-80.053));
#17161=CARTESIAN_POINT('',(25.,23.447,-75.));
#17162=CARTESIAN_POINT('',(25.,22.5,-75.));
#17163=CARTESIAN_POINT('',(25.,22.5,-81.));
#17164=CARTESIAN_POINT('',(31.,22.5,-75.));
#17165=CARTESIAN_POINT('',(25.,22.5,-75.));
#17166=CARTESIAN_POINT('',(25.,22.5,-81.9175));
#17167=CARTESIAN_POINT('',(25.,0.,-75.));
#17168=CARTESIAN_POINT('',(25.,1.08249999999998,-75.));
#17169=CARTESIAN_POINT('',(25.,1.08249999999998,-81.9175));
#17170=CARTESIAN_POINT('',(25.,1.08249999999998,-75.));
#17171=CARTESIAN_POINT('',(75.,50.,-75.));
#17172=CARTESIAN_POINT('',(75.,49.5,-75.));
#17173=CARTESIAN_POINT('',(75.,49.5,-83.));
#17174=CARTESIAN_POINT('',(83.,49.5,-75.));
#17175=CARTESIAN_POINT('',(75.,49.5,-75.));
#17176=CARTESIAN_POINT('',(75.,49.5,-81.));
#17177=CARTESIAN_POINT('',(75.,0.,-75.));
#17178=CARTESIAN_POINT('',(75.,37.5,-75.));
#17179=CARTESIAN_POINT('',(75.,37.5,-81.));
#17180=CARTESIAN_POINT('',(75.,37.5,-75.));
#17181=CARTESIAN_POINT('',(75.,36.553,-75.));
#17182=CARTESIAN_POINT('',(75.,36.553,-80.053));
#17183=CARTESIAN_POINT('',(75.,0.,-75.));
#17184=CARTESIAN_POINT('',(75.,23.447,-75.));
#17185=CARTESIAN_POINT('',(75.,23.447,-80.053));
#17186=CARTESIAN_POINT('',(75.,23.447,-75.));
#17187=CARTESIAN_POINT('',(75.,22.5,-75.));
#17188=CARTESIAN_POINT('',(75.,22.5,-81.));
#17189=CARTESIAN_POINT('',(81.,22.5,-75.));
#17190=CARTESIAN_POINT('',(75.,22.5,-75.));
#17191=CARTESIAN_POINT('',(75.,22.5,-81.9175));
#17192=CARTESIAN_POINT('',(75.,0.,-75.));
#17193=CARTESIAN_POINT('',(75.,1.08249999999998,-75.));
#17194=CARTESIAN_POINT('',(75.,1.08249999999998,-81.9175));
#17195=CARTESIAN_POINT('',(75.,1.08249999999998,-75.));
#17196=CARTESIAN_POINT('',(125.,50.,-75.));
#17197=CARTESIAN_POINT('',(125.,49.5,-75.));
#17198=CARTESIAN_POINT('',(125.,49.5,-83.));
#17199=CARTESIAN_POINT('',(133.,49.5,-75.));
#17200=CARTESIAN_POINT('',(125.,49.5,-75.));
#17201=CARTESIAN_POINT('',(125.,49.5,-81.));
#17202=CARTESIAN_POINT('',(125.,0.,-75.));
#17203=CARTESIAN_POINT('',(125.,37.5,-75.));
#17204=CARTESIAN_POINT('',(125.,37.5,-81.));
#17205=CARTESIAN_POINT('',(125.,37.5,-75.));
#17206=CARTESIAN_POINT('',(125.,36.553,-75.));
#17207=CARTESIAN_POINT('',(125.,36.553,-80.053));
#17208=CARTESIAN_POINT('',(125.,0.,-75.));
#17209=CARTESIAN_POINT('',(125.,23.447,-75.));
#17210=CARTESIAN_POINT('',(125.,23.447,-80.053));
#17211=CARTESIAN_POINT('',(125.,23.447,-75.));
#17212=CARTESIAN_POINT('',(125.,22.5,-75.));
#17213=CARTESIAN_POINT('',(125.,22.5,-81.));
#17214=CARTESIAN_POINT('',(131.,22.5,-75.));
#17215=CARTESIAN_POINT('',(125.,22.5,-75.));
#17216=CARTESIAN_POINT('',(125.,22.5,-81.9175));
#17217=CARTESIAN_POINT('',(125.,0.,-75.));
#17218=CARTESIAN_POINT('',(125.,1.08249999999998,-75.));
#17219=CARTESIAN_POINT('',(125.,1.08249999999998,-81.9175));
#17220=CARTESIAN_POINT('',(125.,1.08249999999998,-75.));
#17221=CARTESIAN_POINT('',(175.,50.,-75.));
#17222=CARTESIAN_POINT('',(175.,49.5,-75.));
#17223=CARTESIAN_POINT('',(175.,49.5,-83.));
#17224=CARTESIAN_POINT('',(183.,49.5,-75.));
#17225=CARTESIAN_POINT('',(175.,49.5,-75.));
#17226=CARTESIAN_POINT('',(175.,49.5,-81.));
#17227=CARTESIAN_POINT('',(175.,0.,-75.));
#17228=CARTESIAN_POINT('',(175.,37.5,-75.));
#17229=CARTESIAN_POINT('',(175.,37.5,-81.));
#17230=CARTESIAN_POINT('',(175.,37.5,-75.));
#17231=CARTESIAN_POINT('',(175.,36.553,-75.));
#17232=CARTESIAN_POINT('',(175.,36.553,-80.053));
#17233=CARTESIAN_POINT('',(175.,0.,-75.));
#17234=CARTESIAN_POINT('',(175.,23.447,-75.));
#17235=CARTESIAN_POINT('',(175.,23.447,-80.053));
#17236=CARTESIAN_POINT('',(175.,23.447,-75.));
#17237=CARTESIAN_POINT('',(175.,22.5,-75.));
#17238=CARTESIAN_POINT('',(175.,22.5,-81.));
#17239=CARTESIAN_POINT('',(181.,22.5,-75.));
#17240=CARTESIAN_POINT('',(175.,22.5,-75.));
#17241=CARTESIAN_POINT('',(175.,22.5,-81.9175));
#17242=CARTESIAN_POINT('',(175.,0.,-75.));
#17243=CARTESIAN_POINT('',(175.,1.08249999999998,-75.));
#17244=CARTESIAN_POINT('',(175.,1.08249999999998,-81.9175));
#17245=CARTESIAN_POINT('',(175.,1.08249999999998,-75.));
#17246=CARTESIAN_POINT('',(225.,50.,-75.));
#17247=CARTESIAN_POINT('',(225.,49.5,-75.));
#17248=CARTESIAN_POINT('',(225.,49.5,-83.));
#17249=CARTESIAN_POINT('',(233.,49.5,-75.));
#17250=CARTESIAN_POINT('',(225.,49.5,-75.));
#17251=CARTESIAN_POINT('',(225.,49.5,-81.));
#17252=CARTESIAN_POINT('',(225.,0.,-75.));
#17253=CARTESIAN_POINT('',(225.,37.5,-75.));
#17254=CARTESIAN_POINT('',(225.,37.5,-81.));
#17255=CARTESIAN_POINT('',(225.,37.5,-75.));
#17256=CARTESIAN_POINT('',(225.,36.553,-75.));
#17257=CARTESIAN_POINT('',(225.,36.553,-80.053));
#17258=CARTESIAN_POINT('',(225.,0.,-75.));
#17259=CARTESIAN_POINT('',(225.,23.447,-75.));
#17260=CARTESIAN_POINT('',(225.,23.447,-80.053));
#17261=CARTESIAN_POINT('',(225.,23.447,-75.));
#17262=CARTESIAN_POINT('',(225.,22.5,-75.));
#17263=CARTESIAN_POINT('',(225.,22.5,-81.));
#17264=CARTESIAN_POINT('',(231.,22.5,-75.));
#17265=CARTESIAN_POINT('',(225.,22.5,-75.));
#17266=CARTESIAN_POINT('',(225.,22.5,-81.9175));
#17267=CARTESIAN_POINT('',(225.,0.,-75.));
#17268=CARTESIAN_POINT('',(225.,1.08249999999998,-75.));
#17269=CARTESIAN_POINT('',(225.,1.08249999999998,-81.9175));
#17270=CARTESIAN_POINT('',(225.,1.08249999999998,-75.));
#17271=CARTESIAN_POINT('',(275.,50.,-75.));
#17272=CARTESIAN_POINT('',(275.,49.5,-75.));
#17273=CARTESIAN_POINT('',(275.,49.5,-83.));
#17274=CARTESIAN_POINT('',(283.,49.5,-75.));
#17275=CARTESIAN_POINT('',(275.,49.5,-75.));
#17276=CARTESIAN_POINT('',(275.,49.5,-81.));
#17277=CARTESIAN_POINT('',(275.,0.,-75.));
#17278=CARTESIAN_POINT('',(275.,37.5,-75.));
#17279=CARTESIAN_POINT('',(275.,37.5,-81.));
#17280=CARTESIAN_POINT('',(275.,37.5,-75.));
#17281=CARTESIAN_POINT('',(275.,36.553,-75.));
#17282=CARTESIAN_POINT('',(275.,36.553,-80.053));
#17283=CARTESIAN_POINT('',(275.,0.,-75.));
#17284=CARTESIAN_POINT('',(275.,23.447,-75.));
#17285=CARTESIAN_POINT('',(275.,23.447,-80.053));
#17286=CARTESIAN_POINT('',(275.,23.447,-75.));
#17287=CARTESIAN_POINT('',(275.,22.5,-75.));
#17288=CARTESIAN_POINT('',(275.,22.5,-81.));
#17289=CARTESIAN_POINT('',(281.,22.5,-75.));
#17290=CARTESIAN_POINT('',(275.,22.5,-75.));
#17291=CARTESIAN_POINT('',(275.,22.5,-81.9175));
#17292=CARTESIAN_POINT('',(275.,0.,-75.));
#17293=CARTESIAN_POINT('',(275.,1.08249999999998,-75.));
#17294=CARTESIAN_POINT('',(275.,1.08249999999998,-81.9175));
#17295=CARTESIAN_POINT('',(275.,1.08249999999998,-75.));
#17296=CARTESIAN_POINT('',(-275.,50.,-125.));
#17297=CARTESIAN_POINT('',(-275.,49.5,-125.));
#17298=CARTESIAN_POINT('',(-275.,49.5,-133.));
#17299=CARTESIAN_POINT('',(-267.,49.5,-125.));
#17300=CARTESIAN_POINT('',(-275.,49.5,-125.));
#17301=CARTESIAN_POINT('',(-275.,49.5,-131.));
#17302=CARTESIAN_POINT('',(-275.,0.,-125.));
#17303=CARTESIAN_POINT('',(-275.,37.5,-125.));
#17304=CARTESIAN_POINT('',(-275.,37.5,-131.));
#17305=CARTESIAN_POINT('',(-275.,37.5,-125.));
#17306=CARTESIAN_POINT('',(-275.,36.553,-125.));
#17307=CARTESIAN_POINT('',(-275.,36.553,-130.053));
#17308=CARTESIAN_POINT('',(-275.,0.,-125.));
#17309=CARTESIAN_POINT('',(-275.,23.447,-125.));
#17310=CARTESIAN_POINT('',(-275.,23.447,-130.053));
#17311=CARTESIAN_POINT('',(-275.,23.447,-125.));
#17312=CARTESIAN_POINT('',(-275.,22.5,-125.));
#17313=CARTESIAN_POINT('',(-275.,22.5,-131.));
#17314=CARTESIAN_POINT('',(-269.,22.5,-125.));
#17315=CARTESIAN_POINT('',(-275.,22.5,-125.));
#17316=CARTESIAN_POINT('',(-275.,22.5,-131.9175));
#17317=CARTESIAN_POINT('',(-275.,0.,-125.));
#17318=CARTESIAN_POINT('',(-275.,1.08249999999998,-125.));
#17319=CARTESIAN_POINT('',(-275.,1.08249999999998,-131.9175));
#17320=CARTESIAN_POINT('',(-275.,1.08249999999998,-125.));
#17321=CARTESIAN_POINT('',(-225.,50.,-125.));
#17322=CARTESIAN_POINT('',(-225.,49.5,-125.));
#17323=CARTESIAN_POINT('',(-225.,49.5,-133.));
#17324=CARTESIAN_POINT('',(-217.,49.5,-125.));
#17325=CARTESIAN_POINT('',(-225.,49.5,-125.));
#17326=CARTESIAN_POINT('',(-225.,49.5,-131.));
#17327=CARTESIAN_POINT('',(-225.,0.,-125.));
#17328=CARTESIAN_POINT('',(-225.,37.5,-125.));
#17329=CARTESIAN_POINT('',(-225.,37.5,-131.));
#17330=CARTESIAN_POINT('',(-225.,37.5,-125.));
#17331=CARTESIAN_POINT('',(-225.,36.553,-125.));
#17332=CARTESIAN_POINT('',(-225.,36.553,-130.053));
#17333=CARTESIAN_POINT('',(-225.,0.,-125.));
#17334=CARTESIAN_POINT('',(-225.,23.447,-125.));
#17335=CARTESIAN_POINT('',(-225.,23.447,-130.053));
#17336=CARTESIAN_POINT('',(-225.,23.447,-125.));
#17337=CARTESIAN_POINT('',(-225.,22.5,-125.));
#17338=CARTESIAN_POINT('',(-225.,22.5,-131.));
#17339=CARTESIAN_POINT('',(-219.,22.5,-125.));
#17340=CARTESIAN_POINT('',(-225.,22.5,-125.));
#17341=CARTESIAN_POINT('',(-225.,22.5,-131.9175));
#17342=CARTESIAN_POINT('',(-225.,0.,-125.));
#17343=CARTESIAN_POINT('',(-225.,1.08249999999998,-125.));
#17344=CARTESIAN_POINT('',(-225.,1.08249999999998,-131.9175));
#17345=CARTESIAN_POINT('',(-225.,1.08249999999998,-125.));
#17346=CARTESIAN_POINT('',(275.,50.,-175.));
#17347=CARTESIAN_POINT('',(275.,49.5,-175.));
#17348=CARTESIAN_POINT('',(275.,49.5,-183.));
#17349=CARTESIAN_POINT('',(283.,49.5,-175.));
#17350=CARTESIAN_POINT('',(275.,49.5,-175.));
#17351=CARTESIAN_POINT('',(275.,49.5,-181.));
#17352=CARTESIAN_POINT('',(275.,0.,-175.));
#17353=CARTESIAN_POINT('',(275.,37.5,-175.));
#17354=CARTESIAN_POINT('',(275.,37.5,-181.));
#17355=CARTESIAN_POINT('',(275.,37.5,-175.));
#17356=CARTESIAN_POINT('',(275.,36.553,-175.));
#17357=CARTESIAN_POINT('',(275.,36.553,-180.053));
#17358=CARTESIAN_POINT('',(275.,0.,-175.));
#17359=CARTESIAN_POINT('',(275.,23.447,-175.));
#17360=CARTESIAN_POINT('',(275.,23.447,-180.053));
#17361=CARTESIAN_POINT('',(275.,23.447,-175.));
#17362=CARTESIAN_POINT('',(275.,22.5,-175.));
#17363=CARTESIAN_POINT('',(275.,22.5,-181.));
#17364=CARTESIAN_POINT('',(281.,22.5,-175.));
#17365=CARTESIAN_POINT('',(275.,22.5,-175.));
#17366=CARTESIAN_POINT('',(275.,22.5,-181.9175));
#17367=CARTESIAN_POINT('',(275.,0.,-175.));
#17368=CARTESIAN_POINT('',(275.,1.08249999999998,-175.));
#17369=CARTESIAN_POINT('',(275.,1.08249999999998,-181.9175));
#17370=CARTESIAN_POINT('',(275.,1.08249999999998,-175.));
#17371=CARTESIAN_POINT('',(225.,50.,-175.));
#17372=CARTESIAN_POINT('',(225.,49.5,-175.));
#17373=CARTESIAN_POINT('',(225.,49.5,-183.));
#17374=CARTESIAN_POINT('',(233.,49.5,-175.));
#17375=CARTESIAN_POINT('',(225.,49.5,-175.));
#17376=CARTESIAN_POINT('',(225.,49.5,-181.));
#17377=CARTESIAN_POINT('',(225.,0.,-175.));
#17378=CARTESIAN_POINT('',(225.,37.5,-175.));
#17379=CARTESIAN_POINT('',(225.,37.5,-181.));
#17380=CARTESIAN_POINT('',(225.,37.5,-175.));
#17381=CARTESIAN_POINT('',(225.,36.553,-175.));
#17382=CARTESIAN_POINT('',(225.,36.553,-180.053));
#17383=CARTESIAN_POINT('',(225.,0.,-175.));
#17384=CARTESIAN_POINT('',(225.,23.447,-175.));
#17385=CARTESIAN_POINT('',(225.,23.447,-180.053));
#17386=CARTESIAN_POINT('',(225.,23.447,-175.));
#17387=CARTESIAN_POINT('',(225.,22.5,-175.));
#17388=CARTESIAN_POINT('',(225.,22.5,-181.));
#17389=CARTESIAN_POINT('',(231.,22.5,-175.));
#17390=CARTESIAN_POINT('',(225.,22.5,-175.));
#17391=CARTESIAN_POINT('',(225.,22.5,-181.9175));
#17392=CARTESIAN_POINT('',(225.,0.,-175.));
#17393=CARTESIAN_POINT('',(225.,1.08249999999998,-175.));
#17394=CARTESIAN_POINT('',(225.,1.08249999999998,-181.9175));
#17395=CARTESIAN_POINT('',(225.,1.08249999999998,-175.));
#17396=CARTESIAN_POINT('',(175.,50.,-175.));
#17397=CARTESIAN_POINT('',(175.,49.5,-175.));
#17398=CARTESIAN_POINT('',(175.,49.5,-183.));
#17399=CARTESIAN_POINT('',(183.,49.5,-175.));
#17400=CARTESIAN_POINT('',(175.,49.5,-175.));
#17401=CARTESIAN_POINT('',(175.,49.5,-181.));
#17402=CARTESIAN_POINT('',(175.,0.,-175.));
#17403=CARTESIAN_POINT('',(175.,37.5,-175.));
#17404=CARTESIAN_POINT('',(175.,37.5,-181.));
#17405=CARTESIAN_POINT('',(175.,37.5,-175.));
#17406=CARTESIAN_POINT('',(175.,36.553,-175.));
#17407=CARTESIAN_POINT('',(175.,36.553,-180.053));
#17408=CARTESIAN_POINT('',(175.,0.,-175.));
#17409=CARTESIAN_POINT('',(175.,23.447,-175.));
#17410=CARTESIAN_POINT('',(175.,23.447,-180.053));
#17411=CARTESIAN_POINT('',(175.,23.447,-175.));
#17412=CARTESIAN_POINT('',(175.,22.5,-175.));
#17413=CARTESIAN_POINT('',(175.,22.5,-181.));
#17414=CARTESIAN_POINT('',(181.,22.5,-175.));
#17415=CARTESIAN_POINT('',(175.,22.5,-175.));
#17416=CARTESIAN_POINT('',(175.,22.5,-181.9175));
#17417=CARTESIAN_POINT('',(175.,0.,-175.));
#17418=CARTESIAN_POINT('',(175.,1.08249999999998,-175.));
#17419=CARTESIAN_POINT('',(175.,1.08249999999998,-181.9175));
#17420=CARTESIAN_POINT('',(175.,1.08249999999998,-175.));
#17421=CARTESIAN_POINT('',(125.,50.,-175.));
#17422=CARTESIAN_POINT('',(125.,49.5,-175.));
#17423=CARTESIAN_POINT('',(125.,49.5,-183.));
#17424=CARTESIAN_POINT('',(133.,49.5,-175.));
#17425=CARTESIAN_POINT('',(125.,49.5,-175.));
#17426=CARTESIAN_POINT('',(125.,49.5,-181.));
#17427=CARTESIAN_POINT('',(125.,0.,-175.));
#17428=CARTESIAN_POINT('',(125.,37.5,-175.));
#17429=CARTESIAN_POINT('',(125.,37.5,-181.));
#17430=CARTESIAN_POINT('',(125.,37.5,-175.));
#17431=CARTESIAN_POINT('',(125.,36.553,-175.));
#17432=CARTESIAN_POINT('',(125.,36.553,-180.053));
#17433=CARTESIAN_POINT('',(125.,0.,-175.));
#17434=CARTESIAN_POINT('',(125.,23.447,-175.));
#17435=CARTESIAN_POINT('',(125.,23.447,-180.053));
#17436=CARTESIAN_POINT('',(125.,23.447,-175.));
#17437=CARTESIAN_POINT('',(125.,22.5,-175.));
#17438=CARTESIAN_POINT('',(125.,22.5,-181.));
#17439=CARTESIAN_POINT('',(131.,22.5,-175.));
#17440=CARTESIAN_POINT('',(125.,22.5,-175.));
#17441=CARTESIAN_POINT('',(125.,22.5,-181.9175));
#17442=CARTESIAN_POINT('',(125.,0.,-175.));
#17443=CARTESIAN_POINT('',(125.,1.08249999999998,-175.));
#17444=CARTESIAN_POINT('',(125.,1.08249999999998,-181.9175));
#17445=CARTESIAN_POINT('',(125.,1.08249999999998,-175.));
#17446=CARTESIAN_POINT('',(75.,50.,-175.));
#17447=CARTESIAN_POINT('',(75.,49.5,-175.));
#17448=CARTESIAN_POINT('',(75.,49.5,-183.));
#17449=CARTESIAN_POINT('',(83.,49.5,-175.));
#17450=CARTESIAN_POINT('',(75.,49.5,-175.));
#17451=CARTESIAN_POINT('',(75.,49.5,-181.));
#17452=CARTESIAN_POINT('',(75.,0.,-175.));
#17453=CARTESIAN_POINT('',(75.,37.5,-175.));
#17454=CARTESIAN_POINT('',(75.,37.5,-181.));
#17455=CARTESIAN_POINT('',(75.,37.5,-175.));
#17456=CARTESIAN_POINT('',(75.,36.553,-175.));
#17457=CARTESIAN_POINT('',(75.,36.553,-180.053));
#17458=CARTESIAN_POINT('',(75.,0.,-175.));
#17459=CARTESIAN_POINT('',(75.,23.447,-175.));
#17460=CARTESIAN_POINT('',(75.,23.447,-180.053));
#17461=CARTESIAN_POINT('',(75.,23.447,-175.));
#17462=CARTESIAN_POINT('',(75.,22.5,-175.));
#17463=CARTESIAN_POINT('',(75.,22.5,-181.));
#17464=CARTESIAN_POINT('',(81.,22.5,-175.));
#17465=CARTESIAN_POINT('',(75.,22.5,-175.));
#17466=CARTESIAN_POINT('',(75.,22.5,-181.9175));
#17467=CARTESIAN_POINT('',(75.,0.,-175.));
#17468=CARTESIAN_POINT('',(75.,1.08249999999998,-175.));
#17469=CARTESIAN_POINT('',(75.,1.08249999999998,-181.9175));
#17470=CARTESIAN_POINT('',(75.,1.08249999999998,-175.));
#17471=CARTESIAN_POINT('',(25.,50.,-175.));
#17472=CARTESIAN_POINT('',(25.,49.5,-175.));
#17473=CARTESIAN_POINT('',(25.,49.5,-183.));
#17474=CARTESIAN_POINT('',(33.,49.5,-175.));
#17475=CARTESIAN_POINT('',(25.,49.5,-175.));
#17476=CARTESIAN_POINT('',(25.,49.5,-181.));
#17477=CARTESIAN_POINT('',(25.,0.,-175.));
#17478=CARTESIAN_POINT('',(25.,37.5,-175.));
#17479=CARTESIAN_POINT('',(25.,37.5,-181.));
#17480=CARTESIAN_POINT('',(25.,37.5,-175.));
#17481=CARTESIAN_POINT('',(25.,36.553,-175.));
#17482=CARTESIAN_POINT('',(25.,36.553,-180.053));
#17483=CARTESIAN_POINT('',(25.,0.,-175.));
#17484=CARTESIAN_POINT('',(25.,23.447,-175.));
#17485=CARTESIAN_POINT('',(25.,23.447,-180.053));
#17486=CARTESIAN_POINT('',(25.,23.447,-175.));
#17487=CARTESIAN_POINT('',(25.,22.5,-175.));
#17488=CARTESIAN_POINT('',(25.,22.5,-181.));
#17489=CARTESIAN_POINT('',(31.,22.5,-175.));
#17490=CARTESIAN_POINT('',(25.,22.5,-175.));
#17491=CARTESIAN_POINT('',(25.,22.5,-181.9175));
#17492=CARTESIAN_POINT('',(25.,0.,-175.));
#17493=CARTESIAN_POINT('',(25.,1.08249999999998,-175.));
#17494=CARTESIAN_POINT('',(25.,1.08249999999998,-181.9175));
#17495=CARTESIAN_POINT('',(25.,1.08249999999998,-175.));
#17496=CARTESIAN_POINT('',(225.,50.,-125.));
#17497=CARTESIAN_POINT('',(225.,49.5,-125.));
#17498=CARTESIAN_POINT('',(225.,49.5,-133.));
#17499=CARTESIAN_POINT('',(233.,49.5,-125.));
#17500=CARTESIAN_POINT('',(225.,49.5,-125.));
#17501=CARTESIAN_POINT('',(225.,49.5,-131.));
#17502=CARTESIAN_POINT('',(225.,0.,-125.));
#17503=CARTESIAN_POINT('',(225.,37.5,-125.));
#17504=CARTESIAN_POINT('',(225.,37.5,-131.));
#17505=CARTESIAN_POINT('',(225.,37.5,-125.));
#17506=CARTESIAN_POINT('',(225.,36.553,-125.));
#17507=CARTESIAN_POINT('',(225.,36.553,-130.053));
#17508=CARTESIAN_POINT('',(225.,0.,-125.));
#17509=CARTESIAN_POINT('',(225.,23.447,-125.));
#17510=CARTESIAN_POINT('',(225.,23.447,-130.053));
#17511=CARTESIAN_POINT('',(225.,23.447,-125.));
#17512=CARTESIAN_POINT('',(225.,22.5,-125.));
#17513=CARTESIAN_POINT('',(225.,22.5,-131.));
#17514=CARTESIAN_POINT('',(231.,22.5,-125.));
#17515=CARTESIAN_POINT('',(225.,22.5,-125.));
#17516=CARTESIAN_POINT('',(225.,22.5,-131.9175));
#17517=CARTESIAN_POINT('',(225.,0.,-125.));
#17518=CARTESIAN_POINT('',(225.,1.08249999999998,-125.));
#17519=CARTESIAN_POINT('',(225.,1.08249999999998,-131.9175));
#17520=CARTESIAN_POINT('',(225.,1.08249999999998,-125.));
#17521=CARTESIAN_POINT('',(275.,50.,-125.));
#17522=CARTESIAN_POINT('',(275.,49.5,-125.));
#17523=CARTESIAN_POINT('',(275.,49.5,-133.));
#17524=CARTESIAN_POINT('',(283.,49.5,-125.));
#17525=CARTESIAN_POINT('',(275.,49.5,-125.));
#17526=CARTESIAN_POINT('',(275.,49.5,-131.));
#17527=CARTESIAN_POINT('',(275.,0.,-125.));
#17528=CARTESIAN_POINT('',(275.,37.5,-125.));
#17529=CARTESIAN_POINT('',(275.,37.5,-131.));
#17530=CARTESIAN_POINT('',(275.,37.5,-125.));
#17531=CARTESIAN_POINT('',(275.,36.553,-125.));
#17532=CARTESIAN_POINT('',(275.,36.553,-130.053));
#17533=CARTESIAN_POINT('',(275.,0.,-125.));
#17534=CARTESIAN_POINT('',(275.,23.447,-125.));
#17535=CARTESIAN_POINT('',(275.,23.447,-130.053));
#17536=CARTESIAN_POINT('',(275.,23.447,-125.));
#17537=CARTESIAN_POINT('',(275.,22.5,-125.));
#17538=CARTESIAN_POINT('',(275.,22.5,-131.));
#17539=CARTESIAN_POINT('',(281.,22.5,-125.));
#17540=CARTESIAN_POINT('',(275.,22.5,-125.));
#17541=CARTESIAN_POINT('',(275.,22.5,-131.9175));
#17542=CARTESIAN_POINT('',(275.,0.,-125.));
#17543=CARTESIAN_POINT('',(275.,1.08249999999998,-125.));
#17544=CARTESIAN_POINT('',(275.,1.08249999999998,-131.9175));
#17545=CARTESIAN_POINT('',(275.,1.08249999999998,-125.));
#17546=CARTESIAN_POINT('',(-275.,50.,-175.));
#17547=CARTESIAN_POINT('',(-275.,49.5,-175.));
#17548=CARTESIAN_POINT('',(-275.,49.5,-183.));
#17549=CARTESIAN_POINT('',(-267.,49.5,-175.));
#17550=CARTESIAN_POINT('',(-275.,49.5,-175.));
#17551=CARTESIAN_POINT('',(-275.,49.5,-181.));
#17552=CARTESIAN_POINT('',(-275.,0.,-175.));
#17553=CARTESIAN_POINT('',(-275.,37.5,-175.));
#17554=CARTESIAN_POINT('',(-275.,37.5,-181.));
#17555=CARTESIAN_POINT('',(-275.,37.5,-175.));
#17556=CARTESIAN_POINT('',(-275.,36.553,-175.));
#17557=CARTESIAN_POINT('',(-275.,36.553,-180.053));
#17558=CARTESIAN_POINT('',(-275.,0.,-175.));
#17559=CARTESIAN_POINT('',(-275.,23.447,-175.));
#17560=CARTESIAN_POINT('',(-275.,23.447,-180.053));
#17561=CARTESIAN_POINT('',(-275.,23.447,-175.));
#17562=CARTESIAN_POINT('',(-275.,22.5,-175.));
#17563=CARTESIAN_POINT('',(-275.,22.5,-181.));
#17564=CARTESIAN_POINT('',(-269.,22.5,-175.));
#17565=CARTESIAN_POINT('',(-275.,22.5,-175.));
#17566=CARTESIAN_POINT('',(-275.,22.5,-181.9175));
#17567=CARTESIAN_POINT('',(-275.,0.,-175.));
#17568=CARTESIAN_POINT('',(-275.,1.08249999999998,-175.));
#17569=CARTESIAN_POINT('',(-275.,1.08249999999998,-181.9175));
#17570=CARTESIAN_POINT('',(-275.,1.08249999999998,-175.));
#17571=CARTESIAN_POINT('',(-225.,50.,-175.));
#17572=CARTESIAN_POINT('',(-225.,49.5,-175.));
#17573=CARTESIAN_POINT('',(-225.,49.5,-183.));
#17574=CARTESIAN_POINT('',(-217.,49.5,-175.));
#17575=CARTESIAN_POINT('',(-225.,49.5,-175.));
#17576=CARTESIAN_POINT('',(-225.,49.5,-181.));
#17577=CARTESIAN_POINT('',(-225.,0.,-175.));
#17578=CARTESIAN_POINT('',(-225.,37.5,-175.));
#17579=CARTESIAN_POINT('',(-225.,37.5,-181.));
#17580=CARTESIAN_POINT('',(-225.,37.5,-175.));
#17581=CARTESIAN_POINT('',(-225.,36.553,-175.));
#17582=CARTESIAN_POINT('',(-225.,36.553,-180.053));
#17583=CARTESIAN_POINT('',(-225.,0.,-175.));
#17584=CARTESIAN_POINT('',(-225.,23.447,-175.));
#17585=CARTESIAN_POINT('',(-225.,23.447,-180.053));
#17586=CARTESIAN_POINT('',(-225.,23.447,-175.));
#17587=CARTESIAN_POINT('',(-225.,22.5,-175.));
#17588=CARTESIAN_POINT('',(-225.,22.5,-181.));
#17589=CARTESIAN_POINT('',(-219.,22.5,-175.));
#17590=CARTESIAN_POINT('',(-225.,22.5,-175.));
#17591=CARTESIAN_POINT('',(-225.,22.5,-181.9175));
#17592=CARTESIAN_POINT('',(-225.,0.,-175.));
#17593=CARTESIAN_POINT('',(-225.,1.08249999999998,-175.));
#17594=CARTESIAN_POINT('',(-225.,1.08249999999998,-181.9175));
#17595=CARTESIAN_POINT('',(-225.,1.08249999999998,-175.));
#17596=CARTESIAN_POINT('',(-175.,50.,-175.));
#17597=CARTESIAN_POINT('',(-175.,49.5,-175.));
#17598=CARTESIAN_POINT('',(-175.,49.5,-183.));
#17599=CARTESIAN_POINT('',(-167.,49.5,-175.));
#17600=CARTESIAN_POINT('',(-175.,49.5,-175.));
#17601=CARTESIAN_POINT('',(-175.,49.5,-181.));
#17602=CARTESIAN_POINT('',(-175.,0.,-175.));
#17603=CARTESIAN_POINT('',(-175.,37.5,-175.));
#17604=CARTESIAN_POINT('',(-175.,37.5,-181.));
#17605=CARTESIAN_POINT('',(-175.,37.5,-175.));
#17606=CARTESIAN_POINT('',(-175.,36.553,-175.));
#17607=CARTESIAN_POINT('',(-175.,36.553,-180.053));
#17608=CARTESIAN_POINT('',(-175.,0.,-175.));
#17609=CARTESIAN_POINT('',(-175.,23.447,-175.));
#17610=CARTESIAN_POINT('',(-175.,23.447,-180.053));
#17611=CARTESIAN_POINT('',(-175.,23.447,-175.));
#17612=CARTESIAN_POINT('',(-175.,22.5,-175.));
#17613=CARTESIAN_POINT('',(-175.,22.5,-181.));
#17614=CARTESIAN_POINT('',(-169.,22.5,-175.));
#17615=CARTESIAN_POINT('',(-175.,22.5,-175.));
#17616=CARTESIAN_POINT('',(-175.,22.5,-181.9175));
#17617=CARTESIAN_POINT('',(-175.,0.,-175.));
#17618=CARTESIAN_POINT('',(-175.,1.08249999999998,-175.));
#17619=CARTESIAN_POINT('',(-175.,1.08249999999998,-181.9175));
#17620=CARTESIAN_POINT('',(-175.,1.08249999999998,-175.));
#17621=CARTESIAN_POINT('',(-125.,50.,-175.));
#17622=CARTESIAN_POINT('',(-125.,49.5,-175.));
#17623=CARTESIAN_POINT('',(-125.,49.5,-183.));
#17624=CARTESIAN_POINT('',(-117.,49.5,-175.));
#17625=CARTESIAN_POINT('',(-125.,49.5,-175.));
#17626=CARTESIAN_POINT('',(-125.,49.5,-181.));
#17627=CARTESIAN_POINT('',(-125.,0.,-175.));
#17628=CARTESIAN_POINT('',(-125.,37.5,-175.));
#17629=CARTESIAN_POINT('',(-125.,37.5,-181.));
#17630=CARTESIAN_POINT('',(-125.,37.5,-175.));
#17631=CARTESIAN_POINT('',(-125.,36.553,-175.));
#17632=CARTESIAN_POINT('',(-125.,36.553,-180.053));
#17633=CARTESIAN_POINT('',(-125.,0.,-175.));
#17634=CARTESIAN_POINT('',(-125.,23.447,-175.));
#17635=CARTESIAN_POINT('',(-125.,23.447,-180.053));
#17636=CARTESIAN_POINT('',(-125.,23.447,-175.));
#17637=CARTESIAN_POINT('',(-125.,22.5,-175.));
#17638=CARTESIAN_POINT('',(-125.,22.5,-181.));
#17639=CARTESIAN_POINT('',(-119.,22.5,-175.));
#17640=CARTESIAN_POINT('',(-125.,22.5,-175.));
#17641=CARTESIAN_POINT('',(-125.,22.5,-181.9175));
#17642=CARTESIAN_POINT('',(-125.,0.,-175.));
#17643=CARTESIAN_POINT('',(-125.,1.08249999999998,-175.));
#17644=CARTESIAN_POINT('',(-125.,1.08249999999998,-181.9175));
#17645=CARTESIAN_POINT('',(-125.,1.08249999999998,-175.));
#17646=CARTESIAN_POINT('',(-75.,50.,-175.));
#17647=CARTESIAN_POINT('',(-75.,49.5,-175.));
#17648=CARTESIAN_POINT('',(-75.,49.5,-183.));
#17649=CARTESIAN_POINT('',(-67.,49.5,-175.));
#17650=CARTESIAN_POINT('',(-75.,49.5,-175.));
#17651=CARTESIAN_POINT('',(-75.,49.5,-181.));
#17652=CARTESIAN_POINT('',(-75.,0.,-175.));
#17653=CARTESIAN_POINT('',(-75.,37.5,-175.));
#17654=CARTESIAN_POINT('',(-75.,37.5,-181.));
#17655=CARTESIAN_POINT('',(-75.,37.5,-175.));
#17656=CARTESIAN_POINT('',(-75.,36.553,-175.));
#17657=CARTESIAN_POINT('',(-75.,36.553,-180.053));
#17658=CARTESIAN_POINT('',(-75.,0.,-175.));
#17659=CARTESIAN_POINT('',(-75.,23.447,-175.));
#17660=CARTESIAN_POINT('',(-75.,23.447,-180.053));
#17661=CARTESIAN_POINT('',(-75.,23.447,-175.));
#17662=CARTESIAN_POINT('',(-75.,22.5,-175.));
#17663=CARTESIAN_POINT('',(-75.,22.5,-181.));
#17664=CARTESIAN_POINT('',(-69.,22.5,-175.));
#17665=CARTESIAN_POINT('',(-75.,22.5,-175.));
#17666=CARTESIAN_POINT('',(-75.,22.5,-181.9175));
#17667=CARTESIAN_POINT('',(-75.,0.,-175.));
#17668=CARTESIAN_POINT('',(-75.,1.08249999999998,-175.));
#17669=CARTESIAN_POINT('',(-75.,1.08249999999998,-181.9175));
#17670=CARTESIAN_POINT('',(-75.,1.08249999999998,-175.));
#17671=CARTESIAN_POINT('',(-25.,50.,-175.));
#17672=CARTESIAN_POINT('',(-25.,49.5,-175.));
#17673=CARTESIAN_POINT('',(-25.,49.5,-183.));
#17674=CARTESIAN_POINT('',(-17.,49.5,-175.));
#17675=CARTESIAN_POINT('',(-25.,49.5,-175.));
#17676=CARTESIAN_POINT('',(-25.,49.5,-181.));
#17677=CARTESIAN_POINT('',(-25.,0.,-175.));
#17678=CARTESIAN_POINT('',(-25.,37.5,-175.));
#17679=CARTESIAN_POINT('',(-25.,37.5,-181.));
#17680=CARTESIAN_POINT('',(-25.,37.5,-175.));
#17681=CARTESIAN_POINT('',(-25.,36.553,-175.));
#17682=CARTESIAN_POINT('',(-25.,36.553,-180.053));
#17683=CARTESIAN_POINT('',(-25.,0.,-175.));
#17684=CARTESIAN_POINT('',(-25.,23.447,-175.));
#17685=CARTESIAN_POINT('',(-25.,23.447,-180.053));
#17686=CARTESIAN_POINT('',(-25.,23.447,-175.));
#17687=CARTESIAN_POINT('',(-25.,22.5,-175.));
#17688=CARTESIAN_POINT('',(-25.,22.5,-181.));
#17689=CARTESIAN_POINT('',(-19.,22.5,-175.));
#17690=CARTESIAN_POINT('',(-25.,22.5,-175.));
#17691=CARTESIAN_POINT('',(-25.,22.5,-181.9175));
#17692=CARTESIAN_POINT('',(-25.,0.,-175.));
#17693=CARTESIAN_POINT('',(-25.,1.08249999999998,-175.));
#17694=CARTESIAN_POINT('',(-25.,1.08249999999998,-181.9175));
#17695=CARTESIAN_POINT('',(-25.,1.08249999999998,-175.));
#17696=CARTESIAN_POINT('',(-225.,50.,75.));
#17697=CARTESIAN_POINT('',(-225.,49.5,75.));
#17698=CARTESIAN_POINT('',(-225.,49.5,67.));
#17699=CARTESIAN_POINT('',(-217.,49.5,75.));
#17700=CARTESIAN_POINT('',(-225.,49.5,75.));
#17701=CARTESIAN_POINT('',(-225.,49.5,69.));
#17702=CARTESIAN_POINT('',(-225.,0.,75.));
#17703=CARTESIAN_POINT('',(-225.,37.5,75.));
#17704=CARTESIAN_POINT('',(-225.,37.5,69.));
#17705=CARTESIAN_POINT('',(-225.,37.5,75.));
#17706=CARTESIAN_POINT('',(-225.,36.553,75.));
#17707=CARTESIAN_POINT('',(-225.,36.553,69.947));
#17708=CARTESIAN_POINT('',(-225.,0.,75.));
#17709=CARTESIAN_POINT('',(-225.,23.447,75.));
#17710=CARTESIAN_POINT('',(-225.,23.447,69.947));
#17711=CARTESIAN_POINT('',(-225.,23.447,75.));
#17712=CARTESIAN_POINT('',(-225.,22.5,75.));
#17713=CARTESIAN_POINT('',(-225.,22.5,69.));
#17714=CARTESIAN_POINT('',(-219.,22.5,75.));
#17715=CARTESIAN_POINT('',(-225.,22.5,75.));
#17716=CARTESIAN_POINT('',(-225.,22.5,68.0825));
#17717=CARTESIAN_POINT('',(-225.,0.,75.));
#17718=CARTESIAN_POINT('',(-225.,1.08249999999998,75.));
#17719=CARTESIAN_POINT('',(-225.,1.08249999999998,68.0825));
#17720=CARTESIAN_POINT('',(-225.,1.08249999999998,75.));
#17721=CARTESIAN_POINT('',(-275.,50.,75.));
#17722=CARTESIAN_POINT('',(-275.,49.5,75.));
#17723=CARTESIAN_POINT('',(-275.,49.5,67.));
#17724=CARTESIAN_POINT('',(-267.,49.5,75.));
#17725=CARTESIAN_POINT('',(-275.,49.5,75.));
#17726=CARTESIAN_POINT('',(-275.,49.5,69.));
#17727=CARTESIAN_POINT('',(-275.,0.,75.));
#17728=CARTESIAN_POINT('',(-275.,37.5,75.));
#17729=CARTESIAN_POINT('',(-275.,37.5,69.));
#17730=CARTESIAN_POINT('',(-275.,37.5,75.));
#17731=CARTESIAN_POINT('',(-275.,36.553,75.));
#17732=CARTESIAN_POINT('',(-275.,36.553,69.947));
#17733=CARTESIAN_POINT('',(-275.,0.,75.));
#17734=CARTESIAN_POINT('',(-275.,23.447,75.));
#17735=CARTESIAN_POINT('',(-275.,23.447,69.947));
#17736=CARTESIAN_POINT('',(-275.,23.447,75.));
#17737=CARTESIAN_POINT('',(-275.,22.5,75.));
#17738=CARTESIAN_POINT('',(-275.,22.5,69.));
#17739=CARTESIAN_POINT('',(-269.,22.5,75.));
#17740=CARTESIAN_POINT('',(-275.,22.5,75.));
#17741=CARTESIAN_POINT('',(-275.,22.5,68.0825));
#17742=CARTESIAN_POINT('',(-275.,0.,75.));
#17743=CARTESIAN_POINT('',(-275.,1.08249999999998,75.));
#17744=CARTESIAN_POINT('',(-275.,1.08249999999998,68.0825));
#17745=CARTESIAN_POINT('',(-275.,1.08249999999998,75.));
#17746=CARTESIAN_POINT('',(275.,50.,125.));
#17747=CARTESIAN_POINT('',(275.,49.5,125.));
#17748=CARTESIAN_POINT('',(275.,49.5,117.));
#17749=CARTESIAN_POINT('',(283.,49.5,125.));
#17750=CARTESIAN_POINT('',(275.,49.5,125.));
#17751=CARTESIAN_POINT('',(275.,49.5,119.));
#17752=CARTESIAN_POINT('',(275.,0.,125.));
#17753=CARTESIAN_POINT('',(275.,37.5,125.));
#17754=CARTESIAN_POINT('',(275.,37.5,119.));
#17755=CARTESIAN_POINT('',(275.,37.5,125.));
#17756=CARTESIAN_POINT('',(275.,36.553,125.));
#17757=CARTESIAN_POINT('',(275.,36.553,119.947));
#17758=CARTESIAN_POINT('',(275.,0.,125.));
#17759=CARTESIAN_POINT('',(275.,23.447,125.));
#17760=CARTESIAN_POINT('',(275.,23.447,119.947));
#17761=CARTESIAN_POINT('',(275.,23.447,125.));
#17762=CARTESIAN_POINT('',(275.,22.5,125.));
#17763=CARTESIAN_POINT('',(275.,22.5,119.));
#17764=CARTESIAN_POINT('',(281.,22.5,125.));
#17765=CARTESIAN_POINT('',(275.,22.5,125.));
#17766=CARTESIAN_POINT('',(275.,22.5,118.0825));
#17767=CARTESIAN_POINT('',(275.,0.,125.));
#17768=CARTESIAN_POINT('',(275.,1.08249999999998,125.));
#17769=CARTESIAN_POINT('',(275.,1.08249999999998,118.0825));
#17770=CARTESIAN_POINT('',(275.,1.08249999999998,125.));
#17771=CARTESIAN_POINT('',(225.,50.,125.));
#17772=CARTESIAN_POINT('',(225.,49.5,125.));
#17773=CARTESIAN_POINT('',(225.,49.5,117.));
#17774=CARTESIAN_POINT('',(233.,49.5,125.));
#17775=CARTESIAN_POINT('',(225.,49.5,125.));
#17776=CARTESIAN_POINT('',(225.,49.5,119.));
#17777=CARTESIAN_POINT('',(225.,0.,125.));
#17778=CARTESIAN_POINT('',(225.,37.5,125.));
#17779=CARTESIAN_POINT('',(225.,37.5,119.));
#17780=CARTESIAN_POINT('',(225.,37.5,125.));
#17781=CARTESIAN_POINT('',(225.,36.553,125.));
#17782=CARTESIAN_POINT('',(225.,36.553,119.947));
#17783=CARTESIAN_POINT('',(225.,0.,125.));
#17784=CARTESIAN_POINT('',(225.,23.447,125.));
#17785=CARTESIAN_POINT('',(225.,23.447,119.947));
#17786=CARTESIAN_POINT('',(225.,23.447,125.));
#17787=CARTESIAN_POINT('',(225.,22.5,125.));
#17788=CARTESIAN_POINT('',(225.,22.5,119.));
#17789=CARTESIAN_POINT('',(231.,22.5,125.));
#17790=CARTESIAN_POINT('',(225.,22.5,125.));
#17791=CARTESIAN_POINT('',(225.,22.5,118.0825));
#17792=CARTESIAN_POINT('',(225.,0.,125.));
#17793=CARTESIAN_POINT('',(225.,1.08249999999998,125.));
#17794=CARTESIAN_POINT('',(225.,1.08249999999998,118.0825));
#17795=CARTESIAN_POINT('',(225.,1.08249999999998,125.));
#17796=CARTESIAN_POINT('',(175.,50.,125.));
#17797=CARTESIAN_POINT('',(175.,49.5,125.));
#17798=CARTESIAN_POINT('',(175.,49.5,117.));
#17799=CARTESIAN_POINT('',(183.,49.5,125.));
#17800=CARTESIAN_POINT('',(175.,49.5,125.));
#17801=CARTESIAN_POINT('',(175.,49.5,119.));
#17802=CARTESIAN_POINT('',(175.,0.,125.));
#17803=CARTESIAN_POINT('',(175.,37.5,125.));
#17804=CARTESIAN_POINT('',(175.,37.5,119.));
#17805=CARTESIAN_POINT('',(175.,37.5,125.));
#17806=CARTESIAN_POINT('',(175.,36.553,125.));
#17807=CARTESIAN_POINT('',(175.,36.553,119.947));
#17808=CARTESIAN_POINT('',(175.,0.,125.));
#17809=CARTESIAN_POINT('',(175.,23.447,125.));
#17810=CARTESIAN_POINT('',(175.,23.447,119.947));
#17811=CARTESIAN_POINT('',(175.,23.447,125.));
#17812=CARTESIAN_POINT('',(175.,22.5,125.));
#17813=CARTESIAN_POINT('',(175.,22.5,119.));
#17814=CARTESIAN_POINT('',(181.,22.5,125.));
#17815=CARTESIAN_POINT('',(175.,22.5,125.));
#17816=CARTESIAN_POINT('',(175.,22.5,118.0825));
#17817=CARTESIAN_POINT('',(175.,0.,125.));
#17818=CARTESIAN_POINT('',(175.,1.08249999999998,125.));
#17819=CARTESIAN_POINT('',(175.,1.08249999999998,118.0825));
#17820=CARTESIAN_POINT('',(175.,1.08249999999998,125.));
#17821=CARTESIAN_POINT('',(125.,50.,125.));
#17822=CARTESIAN_POINT('',(125.,49.5,125.));
#17823=CARTESIAN_POINT('',(125.,49.5,117.));
#17824=CARTESIAN_POINT('',(133.,49.5,125.));
#17825=CARTESIAN_POINT('',(125.,49.5,125.));
#17826=CARTESIAN_POINT('',(125.,49.5,119.));
#17827=CARTESIAN_POINT('',(125.,0.,125.));
#17828=CARTESIAN_POINT('',(125.,37.5,125.));
#17829=CARTESIAN_POINT('',(125.,37.5,119.));
#17830=CARTESIAN_POINT('',(125.,37.5,125.));
#17831=CARTESIAN_POINT('',(125.,36.553,125.));
#17832=CARTESIAN_POINT('',(125.,36.553,119.947));
#17833=CARTESIAN_POINT('',(125.,0.,125.));
#17834=CARTESIAN_POINT('',(125.,23.447,125.));
#17835=CARTESIAN_POINT('',(125.,23.447,119.947));
#17836=CARTESIAN_POINT('',(125.,23.447,125.));
#17837=CARTESIAN_POINT('',(125.,22.5,125.));
#17838=CARTESIAN_POINT('',(125.,22.5,119.));
#17839=CARTESIAN_POINT('',(131.,22.5,125.));
#17840=CARTESIAN_POINT('',(125.,22.5,125.));
#17841=CARTESIAN_POINT('',(125.,22.5,118.0825));
#17842=CARTESIAN_POINT('',(125.,0.,125.));
#17843=CARTESIAN_POINT('',(125.,1.08249999999998,125.));
#17844=CARTESIAN_POINT('',(125.,1.08249999999998,118.0825));
#17845=CARTESIAN_POINT('',(125.,1.08249999999998,125.));
#17846=CARTESIAN_POINT('',(75.,50.,125.));
#17847=CARTESIAN_POINT('',(75.,49.5,125.));
#17848=CARTESIAN_POINT('',(75.,49.5,117.));
#17849=CARTESIAN_POINT('',(83.,49.5,125.));
#17850=CARTESIAN_POINT('',(75.,49.5,125.));
#17851=CARTESIAN_POINT('',(75.,49.5,119.));
#17852=CARTESIAN_POINT('',(75.,0.,125.));
#17853=CARTESIAN_POINT('',(75.,37.5,125.));
#17854=CARTESIAN_POINT('',(75.,37.5,119.));
#17855=CARTESIAN_POINT('',(75.,37.5,125.));
#17856=CARTESIAN_POINT('',(75.,36.553,125.));
#17857=CARTESIAN_POINT('',(75.,36.553,119.947));
#17858=CARTESIAN_POINT('',(75.,0.,125.));
#17859=CARTESIAN_POINT('',(75.,23.447,125.));
#17860=CARTESIAN_POINT('',(75.,23.447,119.947));
#17861=CARTESIAN_POINT('',(75.,23.447,125.));
#17862=CARTESIAN_POINT('',(75.,22.5,125.));
#17863=CARTESIAN_POINT('',(75.,22.5,119.));
#17864=CARTESIAN_POINT('',(81.,22.5,125.));
#17865=CARTESIAN_POINT('',(75.,22.5,125.));
#17866=CARTESIAN_POINT('',(75.,22.5,118.0825));
#17867=CARTESIAN_POINT('',(75.,0.,125.));
#17868=CARTESIAN_POINT('',(75.,1.08249999999998,125.));
#17869=CARTESIAN_POINT('',(75.,1.08249999999998,118.0825));
#17870=CARTESIAN_POINT('',(75.,1.08249999999998,125.));
#17871=CARTESIAN_POINT('',(25.,50.,125.));
#17872=CARTESIAN_POINT('',(25.,49.5,125.));
#17873=CARTESIAN_POINT('',(25.,49.5,117.));
#17874=CARTESIAN_POINT('',(33.,49.5,125.));
#17875=CARTESIAN_POINT('',(25.,49.5,125.));
#17876=CARTESIAN_POINT('',(25.,49.5,119.));
#17877=CARTESIAN_POINT('',(25.,0.,125.));
#17878=CARTESIAN_POINT('',(25.,37.5,125.));
#17879=CARTESIAN_POINT('',(25.,37.5,119.));
#17880=CARTESIAN_POINT('',(25.,37.5,125.));
#17881=CARTESIAN_POINT('',(25.,36.553,125.));
#17882=CARTESIAN_POINT('',(25.,36.553,119.947));
#17883=CARTESIAN_POINT('',(25.,0.,125.));
#17884=CARTESIAN_POINT('',(25.,23.447,125.));
#17885=CARTESIAN_POINT('',(25.,23.447,119.947));
#17886=CARTESIAN_POINT('',(25.,23.447,125.));
#17887=CARTESIAN_POINT('',(25.,22.5,125.));
#17888=CARTESIAN_POINT('',(25.,22.5,119.));
#17889=CARTESIAN_POINT('',(31.,22.5,125.));
#17890=CARTESIAN_POINT('',(25.,22.5,125.));
#17891=CARTESIAN_POINT('',(25.,22.5,118.0825));
#17892=CARTESIAN_POINT('',(25.,0.,125.));
#17893=CARTESIAN_POINT('',(25.,1.08249999999998,125.));
#17894=CARTESIAN_POINT('',(25.,1.08249999999998,118.0825));
#17895=CARTESIAN_POINT('',(25.,1.08249999999998,125.));
#17896=CARTESIAN_POINT('',(-175.,50.,75.));
#17897=CARTESIAN_POINT('',(-175.,49.5,75.));
#17898=CARTESIAN_POINT('',(-175.,49.5,67.));
#17899=CARTESIAN_POINT('',(-167.,49.5,75.));
#17900=CARTESIAN_POINT('',(-175.,49.5,75.));
#17901=CARTESIAN_POINT('',(-175.,49.5,69.));
#17902=CARTESIAN_POINT('',(-175.,0.,75.));
#17903=CARTESIAN_POINT('',(-175.,37.5,75.));
#17904=CARTESIAN_POINT('',(-175.,37.5,69.));
#17905=CARTESIAN_POINT('',(-175.,37.5,75.));
#17906=CARTESIAN_POINT('',(-175.,36.553,75.));
#17907=CARTESIAN_POINT('',(-175.,36.553,69.947));
#17908=CARTESIAN_POINT('',(-175.,0.,75.));
#17909=CARTESIAN_POINT('',(-175.,23.447,75.));
#17910=CARTESIAN_POINT('',(-175.,23.447,69.947));
#17911=CARTESIAN_POINT('',(-175.,23.447,75.));
#17912=CARTESIAN_POINT('',(-175.,22.5,75.));
#17913=CARTESIAN_POINT('',(-175.,22.5,69.));
#17914=CARTESIAN_POINT('',(-169.,22.5,75.));
#17915=CARTESIAN_POINT('',(-175.,22.5,75.));
#17916=CARTESIAN_POINT('',(-175.,22.5,68.0825));
#17917=CARTESIAN_POINT('',(-175.,0.,75.));
#17918=CARTESIAN_POINT('',(-175.,1.08249999999998,75.));
#17919=CARTESIAN_POINT('',(-175.,1.08249999999998,68.0825));
#17920=CARTESIAN_POINT('',(-175.,1.08249999999998,75.));
#17921=CARTESIAN_POINT('',(-125.,50.,75.));
#17922=CARTESIAN_POINT('',(-125.,49.5,75.));
#17923=CARTESIAN_POINT('',(-125.,49.5,67.));
#17924=CARTESIAN_POINT('',(-117.,49.5,75.));
#17925=CARTESIAN_POINT('',(-125.,49.5,75.));
#17926=CARTESIAN_POINT('',(-125.,49.5,69.));
#17927=CARTESIAN_POINT('',(-125.,0.,75.));
#17928=CARTESIAN_POINT('',(-125.,37.5,75.));
#17929=CARTESIAN_POINT('',(-125.,37.5,69.));
#17930=CARTESIAN_POINT('',(-125.,37.5,75.));
#17931=CARTESIAN_POINT('',(-125.,36.553,75.));
#17932=CARTESIAN_POINT('',(-125.,36.553,69.947));
#17933=CARTESIAN_POINT('',(-125.,0.,75.));
#17934=CARTESIAN_POINT('',(-125.,23.447,75.));
#17935=CARTESIAN_POINT('',(-125.,23.447,69.947));
#17936=CARTESIAN_POINT('',(-125.,23.447,75.));
#17937=CARTESIAN_POINT('',(-125.,22.5,75.));
#17938=CARTESIAN_POINT('',(-125.,22.5,69.));
#17939=CARTESIAN_POINT('',(-119.,22.5,75.));
#17940=CARTESIAN_POINT('',(-125.,22.5,75.));
#17941=CARTESIAN_POINT('',(-125.,22.5,68.0825));
#17942=CARTESIAN_POINT('',(-125.,0.,75.));
#17943=CARTESIAN_POINT('',(-125.,1.08249999999998,75.));
#17944=CARTESIAN_POINT('',(-125.,1.08249999999998,68.0825));
#17945=CARTESIAN_POINT('',(-125.,1.08249999999998,75.));
#17946=CARTESIAN_POINT('',(-75.,50.,75.));
#17947=CARTESIAN_POINT('',(-75.,49.5,75.));
#17948=CARTESIAN_POINT('',(-75.,49.5,67.));
#17949=CARTESIAN_POINT('',(-67.,49.5,75.));
#17950=CARTESIAN_POINT('',(-75.,49.5,75.));
#17951=CARTESIAN_POINT('',(-75.,49.5,69.));
#17952=CARTESIAN_POINT('',(-75.,0.,75.));
#17953=CARTESIAN_POINT('',(-75.,37.5,75.));
#17954=CARTESIAN_POINT('',(-75.,37.5,69.));
#17955=CARTESIAN_POINT('',(-75.,37.5,75.));
#17956=CARTESIAN_POINT('',(-75.,36.553,75.));
#17957=CARTESIAN_POINT('',(-75.,36.553,69.947));
#17958=CARTESIAN_POINT('',(-75.,0.,75.));
#17959=CARTESIAN_POINT('',(-75.,23.447,75.));
#17960=CARTESIAN_POINT('',(-75.,23.447,69.947));
#17961=CARTESIAN_POINT('',(-75.,23.447,75.));
#17962=CARTESIAN_POINT('',(-75.,22.5,75.));
#17963=CARTESIAN_POINT('',(-75.,22.5,69.));
#17964=CARTESIAN_POINT('',(-69.,22.5,75.));
#17965=CARTESIAN_POINT('',(-75.,22.5,75.));
#17966=CARTESIAN_POINT('',(-75.,22.5,68.0825));
#17967=CARTESIAN_POINT('',(-75.,0.,75.));
#17968=CARTESIAN_POINT('',(-75.,1.08249999999998,75.));
#17969=CARTESIAN_POINT('',(-75.,1.08249999999998,68.0825));
#17970=CARTESIAN_POINT('',(-75.,1.08249999999998,75.));
#17971=CARTESIAN_POINT('',(-25.,50.,75.));
#17972=CARTESIAN_POINT('',(-25.,49.5,75.));
#17973=CARTESIAN_POINT('',(-25.,49.5,67.));
#17974=CARTESIAN_POINT('',(-17.,49.5,75.));
#17975=CARTESIAN_POINT('',(-25.,49.5,75.));
#17976=CARTESIAN_POINT('',(-25.,49.5,69.));
#17977=CARTESIAN_POINT('',(-25.,0.,75.));
#17978=CARTESIAN_POINT('',(-25.,37.5,75.));
#17979=CARTESIAN_POINT('',(-25.,37.5,69.));
#17980=CARTESIAN_POINT('',(-25.,37.5,75.));
#17981=CARTESIAN_POINT('',(-25.,36.553,75.));
#17982=CARTESIAN_POINT('',(-25.,36.553,69.947));
#17983=CARTESIAN_POINT('',(-25.,0.,75.));
#17984=CARTESIAN_POINT('',(-25.,23.447,75.));
#17985=CARTESIAN_POINT('',(-25.,23.447,69.947));
#17986=CARTESIAN_POINT('',(-25.,23.447,75.));
#17987=CARTESIAN_POINT('',(-25.,22.5,75.));
#17988=CARTESIAN_POINT('',(-25.,22.5,69.));
#17989=CARTESIAN_POINT('',(-19.,22.5,75.));
#17990=CARTESIAN_POINT('',(-25.,22.5,75.));
#17991=CARTESIAN_POINT('',(-25.,22.5,68.0825));
#17992=CARTESIAN_POINT('',(-25.,0.,75.));
#17993=CARTESIAN_POINT('',(-25.,1.08249999999998,75.));
#17994=CARTESIAN_POINT('',(-25.,1.08249999999998,68.0825));
#17995=CARTESIAN_POINT('',(-25.,1.08249999999998,75.));
#17996=CARTESIAN_POINT('',(25.,50.,75.));
#17997=CARTESIAN_POINT('',(25.,49.5,75.));
#17998=CARTESIAN_POINT('',(25.,49.5,67.));
#17999=CARTESIAN_POINT('',(33.,49.5,75.));
#18000=CARTESIAN_POINT('',(25.,49.5,75.));
#18001=CARTESIAN_POINT('',(25.,49.5,69.));
#18002=CARTESIAN_POINT('',(25.,0.,75.));
#18003=CARTESIAN_POINT('',(25.,37.5,75.));
#18004=CARTESIAN_POINT('',(25.,37.5,69.));
#18005=CARTESIAN_POINT('',(25.,37.5,75.));
#18006=CARTESIAN_POINT('',(25.,36.553,75.));
#18007=CARTESIAN_POINT('',(25.,36.553,69.947));
#18008=CARTESIAN_POINT('',(25.,0.,75.));
#18009=CARTESIAN_POINT('',(25.,23.447,75.));
#18010=CARTESIAN_POINT('',(25.,23.447,69.947));
#18011=CARTESIAN_POINT('',(25.,23.447,75.));
#18012=CARTESIAN_POINT('',(25.,22.5,75.));
#18013=CARTESIAN_POINT('',(25.,22.5,69.));
#18014=CARTESIAN_POINT('',(31.,22.5,75.));
#18015=CARTESIAN_POINT('',(25.,22.5,75.));
#18016=CARTESIAN_POINT('',(25.,22.5,68.0825));
#18017=CARTESIAN_POINT('',(25.,0.,75.));
#18018=CARTESIAN_POINT('',(25.,1.08249999999998,75.));
#18019=CARTESIAN_POINT('',(25.,1.08249999999998,68.0825));
#18020=CARTESIAN_POINT('',(25.,1.08249999999998,75.));
#18021=CARTESIAN_POINT('',(75.,50.,75.));
#18022=CARTESIAN_POINT('',(75.,49.5,75.));
#18023=CARTESIAN_POINT('',(75.,49.5,67.));
#18024=CARTESIAN_POINT('',(83.,49.5,75.));
#18025=CARTESIAN_POINT('',(75.,49.5,75.));
#18026=CARTESIAN_POINT('',(75.,49.5,69.));
#18027=CARTESIAN_POINT('',(75.,0.,75.));
#18028=CARTESIAN_POINT('',(75.,37.5,75.));
#18029=CARTESIAN_POINT('',(75.,37.5,69.));
#18030=CARTESIAN_POINT('',(75.,37.5,75.));
#18031=CARTESIAN_POINT('',(75.,36.553,75.));
#18032=CARTESIAN_POINT('',(75.,36.553,69.947));
#18033=CARTESIAN_POINT('',(75.,0.,75.));
#18034=CARTESIAN_POINT('',(75.,23.447,75.));
#18035=CARTESIAN_POINT('',(75.,23.447,69.947));
#18036=CARTESIAN_POINT('',(75.,23.447,75.));
#18037=CARTESIAN_POINT('',(75.,22.5,75.));
#18038=CARTESIAN_POINT('',(75.,22.5,69.));
#18039=CARTESIAN_POINT('',(81.,22.5,75.));
#18040=CARTESIAN_POINT('',(75.,22.5,75.));
#18041=CARTESIAN_POINT('',(75.,22.5,68.0825));
#18042=CARTESIAN_POINT('',(75.,0.,75.));
#18043=CARTESIAN_POINT('',(75.,1.08249999999998,75.));
#18044=CARTESIAN_POINT('',(75.,1.08249999999998,68.0825));
#18045=CARTESIAN_POINT('',(75.,1.08249999999998,75.));
#18046=CARTESIAN_POINT('',(125.,50.,75.));
#18047=CARTESIAN_POINT('',(125.,49.5,75.));
#18048=CARTESIAN_POINT('',(125.,49.5,67.));
#18049=CARTESIAN_POINT('',(133.,49.5,75.));
#18050=CARTESIAN_POINT('',(125.,49.5,75.));
#18051=CARTESIAN_POINT('',(125.,49.5,69.));
#18052=CARTESIAN_POINT('',(125.,0.,75.));
#18053=CARTESIAN_POINT('',(125.,37.5,75.));
#18054=CARTESIAN_POINT('',(125.,37.5,69.));
#18055=CARTESIAN_POINT('',(125.,37.5,75.));
#18056=CARTESIAN_POINT('',(125.,36.553,75.));
#18057=CARTESIAN_POINT('',(125.,36.553,69.947));
#18058=CARTESIAN_POINT('',(125.,0.,75.));
#18059=CARTESIAN_POINT('',(125.,23.447,75.));
#18060=CARTESIAN_POINT('',(125.,23.447,69.947));
#18061=CARTESIAN_POINT('',(125.,23.447,75.));
#18062=CARTESIAN_POINT('',(125.,22.5,75.));
#18063=CARTESIAN_POINT('',(125.,22.5,69.));
#18064=CARTESIAN_POINT('',(131.,22.5,75.));
#18065=CARTESIAN_POINT('',(125.,22.5,75.));
#18066=CARTESIAN_POINT('',(125.,22.5,68.0825));
#18067=CARTESIAN_POINT('',(125.,0.,75.));
#18068=CARTESIAN_POINT('',(125.,1.08249999999998,75.));
#18069=CARTESIAN_POINT('',(125.,1.08249999999998,68.0825));
#18070=CARTESIAN_POINT('',(125.,1.08249999999998,75.));
#18071=CARTESIAN_POINT('',(175.,50.,75.));
#18072=CARTESIAN_POINT('',(175.,49.5,75.));
#18073=CARTESIAN_POINT('',(175.,49.5,67.));
#18074=CARTESIAN_POINT('',(183.,49.5,75.));
#18075=CARTESIAN_POINT('',(175.,49.5,75.));
#18076=CARTESIAN_POINT('',(175.,49.5,69.));
#18077=CARTESIAN_POINT('',(175.,0.,75.));
#18078=CARTESIAN_POINT('',(175.,37.5,75.));
#18079=CARTESIAN_POINT('',(175.,37.5,69.));
#18080=CARTESIAN_POINT('',(175.,37.5,75.));
#18081=CARTESIAN_POINT('',(175.,36.553,75.));
#18082=CARTESIAN_POINT('',(175.,36.553,69.947));
#18083=CARTESIAN_POINT('',(175.,0.,75.));
#18084=CARTESIAN_POINT('',(175.,23.447,75.));
#18085=CARTESIAN_POINT('',(175.,23.447,69.947));
#18086=CARTESIAN_POINT('',(175.,23.447,75.));
#18087=CARTESIAN_POINT('',(175.,22.5,75.));
#18088=CARTESIAN_POINT('',(175.,22.5,69.));
#18089=CARTESIAN_POINT('',(181.,22.5,75.));
#18090=CARTESIAN_POINT('',(175.,22.5,75.));
#18091=CARTESIAN_POINT('',(175.,22.5,68.0825));
#18092=CARTESIAN_POINT('',(175.,0.,75.));
#18093=CARTESIAN_POINT('',(175.,1.08249999999998,75.));
#18094=CARTESIAN_POINT('',(175.,1.08249999999998,68.0825));
#18095=CARTESIAN_POINT('',(175.,1.08249999999998,75.));
#18096=CARTESIAN_POINT('',(-175.,50.,175.));
#18097=CARTESIAN_POINT('',(-175.,49.5,175.));
#18098=CARTESIAN_POINT('',(-175.,49.5,167.));
#18099=CARTESIAN_POINT('',(-167.,49.5,175.));
#18100=CARTESIAN_POINT('',(-175.,49.5,175.));
#18101=CARTESIAN_POINT('',(-175.,49.5,169.));
#18102=CARTESIAN_POINT('',(-175.,0.,175.));
#18103=CARTESIAN_POINT('',(-175.,37.5,175.));
#18104=CARTESIAN_POINT('',(-175.,37.5,169.));
#18105=CARTESIAN_POINT('',(-175.,37.5,175.));
#18106=CARTESIAN_POINT('',(-175.,36.553,175.));
#18107=CARTESIAN_POINT('',(-175.,36.553,169.947));
#18108=CARTESIAN_POINT('',(-175.,0.,175.));
#18109=CARTESIAN_POINT('',(-175.,23.447,175.));
#18110=CARTESIAN_POINT('',(-175.,23.447,169.947));
#18111=CARTESIAN_POINT('',(-175.,23.447,175.));
#18112=CARTESIAN_POINT('',(-175.,22.5,175.));
#18113=CARTESIAN_POINT('',(-175.,22.5,169.));
#18114=CARTESIAN_POINT('',(-169.,22.5,175.));
#18115=CARTESIAN_POINT('',(-175.,22.5,175.));
#18116=CARTESIAN_POINT('',(-175.,22.5,168.0825));
#18117=CARTESIAN_POINT('',(-175.,0.,175.));
#18118=CARTESIAN_POINT('',(-175.,1.08249999999998,175.));
#18119=CARTESIAN_POINT('',(-175.,1.08249999999998,168.0825));
#18120=CARTESIAN_POINT('',(-175.,1.08249999999998,175.));
#18121=CARTESIAN_POINT('',(-125.,50.,175.));
#18122=CARTESIAN_POINT('',(-125.,49.5,175.));
#18123=CARTESIAN_POINT('',(-125.,49.5,167.));
#18124=CARTESIAN_POINT('',(-117.,49.5,175.));
#18125=CARTESIAN_POINT('',(-125.,49.5,175.));
#18126=CARTESIAN_POINT('',(-125.,49.5,169.));
#18127=CARTESIAN_POINT('',(-125.,0.,175.));
#18128=CARTESIAN_POINT('',(-125.,37.5,175.));
#18129=CARTESIAN_POINT('',(-125.,37.5,169.));
#18130=CARTESIAN_POINT('',(-125.,37.5,175.));
#18131=CARTESIAN_POINT('',(-125.,36.553,175.));
#18132=CARTESIAN_POINT('',(-125.,36.553,169.947));
#18133=CARTESIAN_POINT('',(-125.,0.,175.));
#18134=CARTESIAN_POINT('',(-125.,23.447,175.));
#18135=CARTESIAN_POINT('',(-125.,23.447,169.947));
#18136=CARTESIAN_POINT('',(-125.,23.447,175.));
#18137=CARTESIAN_POINT('',(-125.,22.5,175.));
#18138=CARTESIAN_POINT('',(-125.,22.5,169.));
#18139=CARTESIAN_POINT('',(-119.,22.5,175.));
#18140=CARTESIAN_POINT('',(-125.,22.5,175.));
#18141=CARTESIAN_POINT('',(-125.,22.5,168.0825));
#18142=CARTESIAN_POINT('',(-125.,0.,175.));
#18143=CARTESIAN_POINT('',(-125.,1.08249999999998,175.));
#18144=CARTESIAN_POINT('',(-125.,1.08249999999998,168.0825));
#18145=CARTESIAN_POINT('',(-125.,1.08249999999998,175.));
#18146=CARTESIAN_POINT('',(-75.,50.,175.));
#18147=CARTESIAN_POINT('',(-75.,49.5,175.));
#18148=CARTESIAN_POINT('',(-75.,49.5,167.));
#18149=CARTESIAN_POINT('',(-67.,49.5,175.));
#18150=CARTESIAN_POINT('',(-75.,49.5,175.));
#18151=CARTESIAN_POINT('',(-75.,49.5,169.));
#18152=CARTESIAN_POINT('',(-75.,0.,175.));
#18153=CARTESIAN_POINT('',(-75.,37.5,175.));
#18154=CARTESIAN_POINT('',(-75.,37.5,169.));
#18155=CARTESIAN_POINT('',(-75.,37.5,175.));
#18156=CARTESIAN_POINT('',(-75.,36.553,175.));
#18157=CARTESIAN_POINT('',(-75.,36.553,169.947));
#18158=CARTESIAN_POINT('',(-75.,0.,175.));
#18159=CARTESIAN_POINT('',(-75.,23.447,175.));
#18160=CARTESIAN_POINT('',(-75.,23.447,169.947));
#18161=CARTESIAN_POINT('',(-75.,23.447,175.));
#18162=CARTESIAN_POINT('',(-75.,22.5,175.));
#18163=CARTESIAN_POINT('',(-75.,22.5,169.));
#18164=CARTESIAN_POINT('',(-69.,22.5,175.));
#18165=CARTESIAN_POINT('',(-75.,22.5,175.));
#18166=CARTESIAN_POINT('',(-75.,22.5,168.0825));
#18167=CARTESIAN_POINT('',(-75.,0.,175.));
#18168=CARTESIAN_POINT('',(-75.,1.08249999999998,175.));
#18169=CARTESIAN_POINT('',(-75.,1.08249999999998,168.0825));
#18170=CARTESIAN_POINT('',(-75.,1.08249999999998,175.));
#18171=CARTESIAN_POINT('',(-25.,50.,175.));
#18172=CARTESIAN_POINT('',(-25.,49.5,175.));
#18173=CARTESIAN_POINT('',(-25.,49.5,167.));
#18174=CARTESIAN_POINT('',(-17.,49.5,175.));
#18175=CARTESIAN_POINT('',(-25.,49.5,175.));
#18176=CARTESIAN_POINT('',(-25.,49.5,169.));
#18177=CARTESIAN_POINT('',(-25.,0.,175.));
#18178=CARTESIAN_POINT('',(-25.,37.5,175.));
#18179=CARTESIAN_POINT('',(-25.,37.5,169.));
#18180=CARTESIAN_POINT('',(-25.,37.5,175.));
#18181=CARTESIAN_POINT('',(-25.,36.553,175.));
#18182=CARTESIAN_POINT('',(-25.,36.553,169.947));
#18183=CARTESIAN_POINT('',(-25.,0.,175.));
#18184=CARTESIAN_POINT('',(-25.,23.447,175.));
#18185=CARTESIAN_POINT('',(-25.,23.447,169.947));
#18186=CARTESIAN_POINT('',(-25.,23.447,175.));
#18187=CARTESIAN_POINT('',(-25.,22.5,175.));
#18188=CARTESIAN_POINT('',(-25.,22.5,169.));
#18189=CARTESIAN_POINT('',(-19.,22.5,175.));
#18190=CARTESIAN_POINT('',(-25.,22.5,175.));
#18191=CARTESIAN_POINT('',(-25.,22.5,168.0825));
#18192=CARTESIAN_POINT('',(-25.,0.,175.));
#18193=CARTESIAN_POINT('',(-25.,1.08249999999998,175.));
#18194=CARTESIAN_POINT('',(-25.,1.08249999999998,168.0825));
#18195=CARTESIAN_POINT('',(-25.,1.08249999999998,175.));
#18196=CARTESIAN_POINT('',(25.,50.,175.));
#18197=CARTESIAN_POINT('',(25.,49.5,175.));
#18198=CARTESIAN_POINT('',(25.,49.5,167.));
#18199=CARTESIAN_POINT('',(33.,49.5,175.));
#18200=CARTESIAN_POINT('',(25.,49.5,175.));
#18201=CARTESIAN_POINT('',(25.,49.5,169.));
#18202=CARTESIAN_POINT('',(25.,0.,175.));
#18203=CARTESIAN_POINT('',(25.,37.5,175.));
#18204=CARTESIAN_POINT('',(25.,37.5,169.));
#18205=CARTESIAN_POINT('',(25.,37.5,175.));
#18206=CARTESIAN_POINT('',(25.,36.553,175.));
#18207=CARTESIAN_POINT('',(25.,36.553,169.947));
#18208=CARTESIAN_POINT('',(25.,0.,175.));
#18209=CARTESIAN_POINT('',(25.,23.447,175.));
#18210=CARTESIAN_POINT('',(25.,23.447,169.947));
#18211=CARTESIAN_POINT('',(25.,23.447,175.));
#18212=CARTESIAN_POINT('',(25.,22.5,175.));
#18213=CARTESIAN_POINT('',(25.,22.5,169.));
#18214=CARTESIAN_POINT('',(31.,22.5,175.));
#18215=CARTESIAN_POINT('',(25.,22.5,175.));
#18216=CARTESIAN_POINT('',(25.,22.5,168.0825));
#18217=CARTESIAN_POINT('',(25.,0.,175.));
#18218=CARTESIAN_POINT('',(25.,1.08249999999998,175.));
#18219=CARTESIAN_POINT('',(25.,1.08249999999998,168.0825));
#18220=CARTESIAN_POINT('',(25.,1.08249999999998,175.));
#18221=CARTESIAN_POINT('',(75.,50.,175.));
#18222=CARTESIAN_POINT('',(75.,49.5,175.));
#18223=CARTESIAN_POINT('',(75.,49.5,167.));
#18224=CARTESIAN_POINT('',(83.,49.5,175.));
#18225=CARTESIAN_POINT('',(75.,49.5,175.));
#18226=CARTESIAN_POINT('',(75.,49.5,169.));
#18227=CARTESIAN_POINT('',(75.,0.,175.));
#18228=CARTESIAN_POINT('',(75.,37.5,175.));
#18229=CARTESIAN_POINT('',(75.,37.5,169.));
#18230=CARTESIAN_POINT('',(75.,37.5,175.));
#18231=CARTESIAN_POINT('',(75.,36.553,175.));
#18232=CARTESIAN_POINT('',(75.,36.553,169.947));
#18233=CARTESIAN_POINT('',(75.,0.,175.));
#18234=CARTESIAN_POINT('',(75.,23.447,175.));
#18235=CARTESIAN_POINT('',(75.,23.447,169.947));
#18236=CARTESIAN_POINT('',(75.,23.447,175.));
#18237=CARTESIAN_POINT('',(75.,22.5,175.));
#18238=CARTESIAN_POINT('',(75.,22.5,169.));
#18239=CARTESIAN_POINT('',(81.,22.5,175.));
#18240=CARTESIAN_POINT('',(75.,22.5,175.));
#18241=CARTESIAN_POINT('',(75.,22.5,168.0825));
#18242=CARTESIAN_POINT('',(75.,0.,175.));
#18243=CARTESIAN_POINT('',(75.,1.08249999999998,175.));
#18244=CARTESIAN_POINT('',(75.,1.08249999999998,168.0825));
#18245=CARTESIAN_POINT('',(75.,1.08249999999998,175.));
#18246=CARTESIAN_POINT('',(125.,50.,175.));
#18247=CARTESIAN_POINT('',(125.,49.5,175.));
#18248=CARTESIAN_POINT('',(125.,49.5,167.));
#18249=CARTESIAN_POINT('',(133.,49.5,175.));
#18250=CARTESIAN_POINT('',(125.,49.5,175.));
#18251=CARTESIAN_POINT('',(125.,49.5,169.));
#18252=CARTESIAN_POINT('',(125.,0.,175.));
#18253=CARTESIAN_POINT('',(125.,37.5,175.));
#18254=CARTESIAN_POINT('',(125.,37.5,169.));
#18255=CARTESIAN_POINT('',(125.,37.5,175.));
#18256=CARTESIAN_POINT('',(125.,36.553,175.));
#18257=CARTESIAN_POINT('',(125.,36.553,169.947));
#18258=CARTESIAN_POINT('',(125.,0.,175.));
#18259=CARTESIAN_POINT('',(125.,23.447,175.));
#18260=CARTESIAN_POINT('',(125.,23.447,169.947));
#18261=CARTESIAN_POINT('',(125.,23.447,175.));
#18262=CARTESIAN_POINT('',(125.,22.5,175.));
#18263=CARTESIAN_POINT('',(125.,22.5,169.));
#18264=CARTESIAN_POINT('',(131.,22.5,175.));
#18265=CARTESIAN_POINT('',(125.,22.5,175.));
#18266=CARTESIAN_POINT('',(125.,22.5,168.0825));
#18267=CARTESIAN_POINT('',(125.,0.,175.));
#18268=CARTESIAN_POINT('',(125.,1.08249999999998,175.));
#18269=CARTESIAN_POINT('',(125.,1.08249999999998,168.0825));
#18270=CARTESIAN_POINT('',(125.,1.08249999999998,175.));
#18271=CARTESIAN_POINT('',(175.,50.,175.));
#18272=CARTESIAN_POINT('',(175.,49.5,175.));
#18273=CARTESIAN_POINT('',(175.,49.5,167.));
#18274=CARTESIAN_POINT('',(183.,49.5,175.));
#18275=CARTESIAN_POINT('',(175.,49.5,175.));
#18276=CARTESIAN_POINT('',(175.,49.5,169.));
#18277=CARTESIAN_POINT('',(175.,0.,175.));
#18278=CARTESIAN_POINT('',(175.,37.5,175.));
#18279=CARTESIAN_POINT('',(175.,37.5,169.));
#18280=CARTESIAN_POINT('',(175.,37.5,175.));
#18281=CARTESIAN_POINT('',(175.,36.553,175.));
#18282=CARTESIAN_POINT('',(175.,36.553,169.947));
#18283=CARTESIAN_POINT('',(175.,0.,175.));
#18284=CARTESIAN_POINT('',(175.,23.447,175.));
#18285=CARTESIAN_POINT('',(175.,23.447,169.947));
#18286=CARTESIAN_POINT('',(175.,23.447,175.));
#18287=CARTESIAN_POINT('',(175.,22.5,175.));
#18288=CARTESIAN_POINT('',(175.,22.5,169.));
#18289=CARTESIAN_POINT('',(181.,22.5,175.));
#18290=CARTESIAN_POINT('',(175.,22.5,175.));
#18291=CARTESIAN_POINT('',(175.,22.5,168.0825));
#18292=CARTESIAN_POINT('',(175.,0.,175.));
#18293=CARTESIAN_POINT('',(175.,1.08249999999998,175.));
#18294=CARTESIAN_POINT('',(175.,1.08249999999998,168.0825));
#18295=CARTESIAN_POINT('',(175.,1.08249999999998,175.));
#18296=CARTESIAN_POINT('',(-25.,50.,125.));
#18297=CARTESIAN_POINT('',(-25.,49.5,125.));
#18298=CARTESIAN_POINT('',(-25.,49.5,117.));
#18299=CARTESIAN_POINT('',(-17.,49.5,125.));
#18300=CARTESIAN_POINT('',(-25.,49.5,125.));
#18301=CARTESIAN_POINT('',(-25.,49.5,119.));
#18302=CARTESIAN_POINT('',(-25.,0.,125.));
#18303=CARTESIAN_POINT('',(-25.,37.5,125.));
#18304=CARTESIAN_POINT('',(-25.,37.5,119.));
#18305=CARTESIAN_POINT('',(-25.,37.5,125.));
#18306=CARTESIAN_POINT('',(-25.,36.553,125.));
#18307=CARTESIAN_POINT('',(-25.,36.553,119.947));
#18308=CARTESIAN_POINT('',(-25.,0.,125.));
#18309=CARTESIAN_POINT('',(-25.,23.447,125.));
#18310=CARTESIAN_POINT('',(-25.,23.447,119.947));
#18311=CARTESIAN_POINT('',(-25.,23.447,125.));
#18312=CARTESIAN_POINT('',(-25.,22.5,125.));
#18313=CARTESIAN_POINT('',(-25.,22.5,119.));
#18314=CARTESIAN_POINT('',(-19.,22.5,125.));
#18315=CARTESIAN_POINT('',(-25.,22.5,125.));
#18316=CARTESIAN_POINT('',(-25.,22.5,118.0825));
#18317=CARTESIAN_POINT('',(-25.,0.,125.));
#18318=CARTESIAN_POINT('',(-25.,1.08249999999998,125.));
#18319=CARTESIAN_POINT('',(-25.,1.08249999999998,118.0825));
#18320=CARTESIAN_POINT('',(-25.,1.08249999999998,125.));
#18321=CARTESIAN_POINT('',(-75.,50.,125.));
#18322=CARTESIAN_POINT('',(-75.,49.5,125.));
#18323=CARTESIAN_POINT('',(-75.,49.5,117.));
#18324=CARTESIAN_POINT('',(-67.,49.5,125.));
#18325=CARTESIAN_POINT('',(-75.,49.5,125.));
#18326=CARTESIAN_POINT('',(-75.,49.5,119.));
#18327=CARTESIAN_POINT('',(-75.,0.,125.));
#18328=CARTESIAN_POINT('',(-75.,37.5,125.));
#18329=CARTESIAN_POINT('',(-75.,37.5,119.));
#18330=CARTESIAN_POINT('',(-75.,37.5,125.));
#18331=CARTESIAN_POINT('',(-75.,36.553,125.));
#18332=CARTESIAN_POINT('',(-75.,36.553,119.947));
#18333=CARTESIAN_POINT('',(-75.,0.,125.));
#18334=CARTESIAN_POINT('',(-75.,23.447,125.));
#18335=CARTESIAN_POINT('',(-75.,23.447,119.947));
#18336=CARTESIAN_POINT('',(-75.,23.447,125.));
#18337=CARTESIAN_POINT('',(-75.,22.5,125.));
#18338=CARTESIAN_POINT('',(-75.,22.5,119.));
#18339=CARTESIAN_POINT('',(-69.,22.5,125.));
#18340=CARTESIAN_POINT('',(-75.,22.5,125.));
#18341=CARTESIAN_POINT('',(-75.,22.5,118.0825));
#18342=CARTESIAN_POINT('',(-75.,0.,125.));
#18343=CARTESIAN_POINT('',(-75.,1.08249999999998,125.));
#18344=CARTESIAN_POINT('',(-75.,1.08249999999998,118.0825));
#18345=CARTESIAN_POINT('',(-75.,1.08249999999998,125.));
#18346=CARTESIAN_POINT('',(-125.,50.,125.));
#18347=CARTESIAN_POINT('',(-125.,49.5,125.));
#18348=CARTESIAN_POINT('',(-125.,49.5,117.));
#18349=CARTESIAN_POINT('',(-117.,49.5,125.));
#18350=CARTESIAN_POINT('',(-125.,49.5,125.));
#18351=CARTESIAN_POINT('',(-125.,49.5,119.));
#18352=CARTESIAN_POINT('',(-125.,0.,125.));
#18353=CARTESIAN_POINT('',(-125.,37.5,125.));
#18354=CARTESIAN_POINT('',(-125.,37.5,119.));
#18355=CARTESIAN_POINT('',(-125.,37.5,125.));
#18356=CARTESIAN_POINT('',(-125.,36.553,125.));
#18357=CARTESIAN_POINT('',(-125.,36.553,119.947));
#18358=CARTESIAN_POINT('',(-125.,0.,125.));
#18359=CARTESIAN_POINT('',(-125.,23.447,125.));
#18360=CARTESIAN_POINT('',(-125.,23.447,119.947));
#18361=CARTESIAN_POINT('',(-125.,23.447,125.));
#18362=CARTESIAN_POINT('',(-125.,22.5,125.));
#18363=CARTESIAN_POINT('',(-125.,22.5,119.));
#18364=CARTESIAN_POINT('',(-119.,22.5,125.));
#18365=CARTESIAN_POINT('',(-125.,22.5,125.));
#18366=CARTESIAN_POINT('',(-125.,22.5,118.0825));
#18367=CARTESIAN_POINT('',(-125.,0.,125.));
#18368=CARTESIAN_POINT('',(-125.,1.08249999999998,125.));
#18369=CARTESIAN_POINT('',(-125.,1.08249999999998,118.0825));
#18370=CARTESIAN_POINT('',(-125.,1.08249999999998,125.));
#18371=CARTESIAN_POINT('',(-175.,50.,125.));
#18372=CARTESIAN_POINT('',(-175.,49.5,125.));
#18373=CARTESIAN_POINT('',(-175.,49.5,117.));
#18374=CARTESIAN_POINT('',(-167.,49.5,125.));
#18375=CARTESIAN_POINT('',(-175.,49.5,125.));
#18376=CARTESIAN_POINT('',(-175.,49.5,119.));
#18377=CARTESIAN_POINT('',(-175.,0.,125.));
#18378=CARTESIAN_POINT('',(-175.,37.5,125.));
#18379=CARTESIAN_POINT('',(-175.,37.5,119.));
#18380=CARTESIAN_POINT('',(-175.,37.5,125.));
#18381=CARTESIAN_POINT('',(-175.,36.553,125.));
#18382=CARTESIAN_POINT('',(-175.,36.553,119.947));
#18383=CARTESIAN_POINT('',(-175.,0.,125.));
#18384=CARTESIAN_POINT('',(-175.,23.447,125.));
#18385=CARTESIAN_POINT('',(-175.,23.447,119.947));
#18386=CARTESIAN_POINT('',(-175.,23.447,125.));
#18387=CARTESIAN_POINT('',(-175.,22.5,125.));
#18388=CARTESIAN_POINT('',(-175.,22.5,119.));
#18389=CARTESIAN_POINT('',(-169.,22.5,125.));
#18390=CARTESIAN_POINT('',(-175.,22.5,125.));
#18391=CARTESIAN_POINT('',(-175.,22.5,118.0825));
#18392=CARTESIAN_POINT('',(-175.,0.,125.));
#18393=CARTESIAN_POINT('',(-175.,1.08249999999998,125.));
#18394=CARTESIAN_POINT('',(-175.,1.08249999999998,118.0825));
#18395=CARTESIAN_POINT('',(-175.,1.08249999999998,125.));
#18396=CARTESIAN_POINT('',(-225.,50.,125.));
#18397=CARTESIAN_POINT('',(-225.,49.5,125.));
#18398=CARTESIAN_POINT('',(-225.,49.5,117.));
#18399=CARTESIAN_POINT('',(-217.,49.5,125.));
#18400=CARTESIAN_POINT('',(-225.,49.5,125.));
#18401=CARTESIAN_POINT('',(-225.,49.5,119.));
#18402=CARTESIAN_POINT('',(-225.,0.,125.));
#18403=CARTESIAN_POINT('',(-225.,37.5,125.));
#18404=CARTESIAN_POINT('',(-225.,37.5,119.));
#18405=CARTESIAN_POINT('',(-225.,37.5,125.));
#18406=CARTESIAN_POINT('',(-225.,36.553,125.));
#18407=CARTESIAN_POINT('',(-225.,36.553,119.947));
#18408=CARTESIAN_POINT('',(-225.,0.,125.));
#18409=CARTESIAN_POINT('',(-225.,23.447,125.));
#18410=CARTESIAN_POINT('',(-225.,23.447,119.947));
#18411=CARTESIAN_POINT('',(-225.,23.447,125.));
#18412=CARTESIAN_POINT('',(-225.,22.5,125.));
#18413=CARTESIAN_POINT('',(-225.,22.5,119.));
#18414=CARTESIAN_POINT('',(-219.,22.5,125.));
#18415=CARTESIAN_POINT('',(-225.,22.5,125.));
#18416=CARTESIAN_POINT('',(-225.,22.5,118.0825));
#18417=CARTESIAN_POINT('',(-225.,0.,125.));
#18418=CARTESIAN_POINT('',(-225.,1.08249999999998,125.));
#18419=CARTESIAN_POINT('',(-225.,1.08249999999998,118.0825));
#18420=CARTESIAN_POINT('',(-225.,1.08249999999998,125.));
#18421=CARTESIAN_POINT('',(-275.,50.,125.));
#18422=CARTESIAN_POINT('',(-275.,49.5,125.));
#18423=CARTESIAN_POINT('',(-275.,49.5,117.));
#18424=CARTESIAN_POINT('',(-267.,49.5,125.));
#18425=CARTESIAN_POINT('',(-275.,49.5,125.));
#18426=CARTESIAN_POINT('',(-275.,49.5,119.));
#18427=CARTESIAN_POINT('',(-275.,0.,125.));
#18428=CARTESIAN_POINT('',(-275.,37.5,125.));
#18429=CARTESIAN_POINT('',(-275.,37.5,119.));
#18430=CARTESIAN_POINT('',(-275.,37.5,125.));
#18431=CARTESIAN_POINT('',(-275.,36.553,125.));
#18432=CARTESIAN_POINT('',(-275.,36.553,119.947));
#18433=CARTESIAN_POINT('',(-275.,0.,125.));
#18434=CARTESIAN_POINT('',(-275.,23.447,125.));
#18435=CARTESIAN_POINT('',(-275.,23.447,119.947));
#18436=CARTESIAN_POINT('',(-275.,23.447,125.));
#18437=CARTESIAN_POINT('',(-275.,22.5,125.));
#18438=CARTESIAN_POINT('',(-275.,22.5,119.));
#18439=CARTESIAN_POINT('',(-269.,22.5,125.));
#18440=CARTESIAN_POINT('',(-275.,22.5,125.));
#18441=CARTESIAN_POINT('',(-275.,22.5,118.0825));
#18442=CARTESIAN_POINT('',(-275.,0.,125.));
#18443=CARTESIAN_POINT('',(-275.,1.08249999999998,125.));
#18444=CARTESIAN_POINT('',(-275.,1.08249999999998,118.0825));
#18445=CARTESIAN_POINT('',(-275.,1.08249999999998,125.));
#18446=CARTESIAN_POINT('',(275.,50.,175.));
#18447=CARTESIAN_POINT('',(275.,49.5,175.));
#18448=CARTESIAN_POINT('',(275.,49.5,167.));
#18449=CARTESIAN_POINT('',(283.,49.5,175.));
#18450=CARTESIAN_POINT('',(275.,49.5,175.));
#18451=CARTESIAN_POINT('',(275.,49.5,169.));
#18452=CARTESIAN_POINT('',(275.,0.,175.));
#18453=CARTESIAN_POINT('',(275.,37.5,175.));
#18454=CARTESIAN_POINT('',(275.,37.5,169.));
#18455=CARTESIAN_POINT('',(275.,37.5,175.));
#18456=CARTESIAN_POINT('',(275.,36.553,175.));
#18457=CARTESIAN_POINT('',(275.,36.553,169.947));
#18458=CARTESIAN_POINT('',(275.,0.,175.));
#18459=CARTESIAN_POINT('',(275.,23.447,175.));
#18460=CARTESIAN_POINT('',(275.,23.447,169.947));
#18461=CARTESIAN_POINT('',(275.,23.447,175.));
#18462=CARTESIAN_POINT('',(275.,22.5,175.));
#18463=CARTESIAN_POINT('',(275.,22.5,169.));
#18464=CARTESIAN_POINT('',(281.,22.5,175.));
#18465=CARTESIAN_POINT('',(275.,22.5,175.));
#18466=CARTESIAN_POINT('',(275.,22.5,168.0825));
#18467=CARTESIAN_POINT('',(275.,0.,175.));
#18468=CARTESIAN_POINT('',(275.,1.08249999999998,175.));
#18469=CARTESIAN_POINT('',(275.,1.08249999999998,168.0825));
#18470=CARTESIAN_POINT('',(275.,1.08249999999998,175.));
#18471=CARTESIAN_POINT('',(225.,50.,175.));
#18472=CARTESIAN_POINT('',(225.,49.5,175.));
#18473=CARTESIAN_POINT('',(225.,49.5,167.));
#18474=CARTESIAN_POINT('',(233.,49.5,175.));
#18475=CARTESIAN_POINT('',(225.,49.5,175.));
#18476=CARTESIAN_POINT('',(225.,49.5,169.));
#18477=CARTESIAN_POINT('',(225.,0.,175.));
#18478=CARTESIAN_POINT('',(225.,37.5,175.));
#18479=CARTESIAN_POINT('',(225.,37.5,169.));
#18480=CARTESIAN_POINT('',(225.,37.5,175.));
#18481=CARTESIAN_POINT('',(225.,36.553,175.));
#18482=CARTESIAN_POINT('',(225.,36.553,169.947));
#18483=CARTESIAN_POINT('',(225.,0.,175.));
#18484=CARTESIAN_POINT('',(225.,23.447,175.));
#18485=CARTESIAN_POINT('',(225.,23.447,169.947));
#18486=CARTESIAN_POINT('',(225.,23.447,175.));
#18487=CARTESIAN_POINT('',(225.,22.5,175.));
#18488=CARTESIAN_POINT('',(225.,22.5,169.));
#18489=CARTESIAN_POINT('',(231.,22.5,175.));
#18490=CARTESIAN_POINT('',(225.,22.5,175.));
#18491=CARTESIAN_POINT('',(225.,22.5,168.0825));
#18492=CARTESIAN_POINT('',(225.,0.,175.));
#18493=CARTESIAN_POINT('',(225.,1.08249999999998,175.));
#18494=CARTESIAN_POINT('',(225.,1.08249999999998,168.0825));
#18495=CARTESIAN_POINT('',(225.,1.08249999999998,175.));
#18496=CARTESIAN_POINT('',(-175.,50.,-25.));
#18497=CARTESIAN_POINT('',(-175.,49.5,-25.));
#18498=CARTESIAN_POINT('',(-175.,49.5,-33.));
#18499=CARTESIAN_POINT('',(-167.,49.5,-25.));
#18500=CARTESIAN_POINT('',(-175.,49.5,-25.));
#18501=CARTESIAN_POINT('',(-175.,49.5,-31.));
#18502=CARTESIAN_POINT('',(-175.,0.,-25.));
#18503=CARTESIAN_POINT('',(-175.,37.5,-25.));
#18504=CARTESIAN_POINT('',(-175.,37.5,-31.));
#18505=CARTESIAN_POINT('',(-175.,37.5,-25.));
#18506=CARTESIAN_POINT('',(-175.,36.553,-25.));
#18507=CARTESIAN_POINT('',(-175.,36.553,-30.053));
#18508=CARTESIAN_POINT('',(-175.,0.,-25.));
#18509=CARTESIAN_POINT('',(-175.,23.447,-25.));
#18510=CARTESIAN_POINT('',(-175.,23.447,-30.053));
#18511=CARTESIAN_POINT('',(-175.,23.447,-25.));
#18512=CARTESIAN_POINT('',(-175.,22.5,-25.));
#18513=CARTESIAN_POINT('',(-175.,22.5,-31.));
#18514=CARTESIAN_POINT('',(-169.,22.5,-25.));
#18515=CARTESIAN_POINT('',(-175.,22.5,-25.));
#18516=CARTESIAN_POINT('',(-175.,22.5,-31.9175));
#18517=CARTESIAN_POINT('',(-175.,0.,-25.));
#18518=CARTESIAN_POINT('',(-175.,1.08249999999998,-25.));
#18519=CARTESIAN_POINT('',(-175.,1.08249999999998,-31.9175));
#18520=CARTESIAN_POINT('',(-175.,1.08249999999998,-25.));
#18521=CARTESIAN_POINT('',(-125.,50.,-25.));
#18522=CARTESIAN_POINT('',(-125.,49.5,-25.));
#18523=CARTESIAN_POINT('',(-125.,49.5,-33.));
#18524=CARTESIAN_POINT('',(-117.,49.5,-25.));
#18525=CARTESIAN_POINT('',(-125.,49.5,-25.));
#18526=CARTESIAN_POINT('',(-125.,49.5,-31.));
#18527=CARTESIAN_POINT('',(-125.,0.,-25.));
#18528=CARTESIAN_POINT('',(-125.,37.5,-25.));
#18529=CARTESIAN_POINT('',(-125.,37.5,-31.));
#18530=CARTESIAN_POINT('',(-125.,37.5,-25.));
#18531=CARTESIAN_POINT('',(-125.,36.553,-25.));
#18532=CARTESIAN_POINT('',(-125.,36.553,-30.053));
#18533=CARTESIAN_POINT('',(-125.,0.,-25.));
#18534=CARTESIAN_POINT('',(-125.,23.447,-25.));
#18535=CARTESIAN_POINT('',(-125.,23.447,-30.053));
#18536=CARTESIAN_POINT('',(-125.,23.447,-25.));
#18537=CARTESIAN_POINT('',(-125.,22.5,-25.));
#18538=CARTESIAN_POINT('',(-125.,22.5,-31.));
#18539=CARTESIAN_POINT('',(-119.,22.5,-25.));
#18540=CARTESIAN_POINT('',(-125.,22.5,-25.));
#18541=CARTESIAN_POINT('',(-125.,22.5,-31.9175));
#18542=CARTESIAN_POINT('',(-125.,0.,-25.));
#18543=CARTESIAN_POINT('',(-125.,1.08249999999998,-25.));
#18544=CARTESIAN_POINT('',(-125.,1.08249999999998,-31.9175));
#18545=CARTESIAN_POINT('',(-125.,1.08249999999998,-25.));
#18546=CARTESIAN_POINT('',(-75.,50.,-25.));
#18547=CARTESIAN_POINT('',(-75.,49.5,-25.));
#18548=CARTESIAN_POINT('',(-75.,49.5,-33.));
#18549=CARTESIAN_POINT('',(-67.,49.5,-25.));
#18550=CARTESIAN_POINT('',(-75.,49.5,-25.));
#18551=CARTESIAN_POINT('',(-75.,49.5,-31.));
#18552=CARTESIAN_POINT('',(-75.,0.,-25.));
#18553=CARTESIAN_POINT('',(-75.,37.5,-25.));
#18554=CARTESIAN_POINT('',(-75.,37.5,-31.));
#18555=CARTESIAN_POINT('',(-75.,37.5,-25.));
#18556=CARTESIAN_POINT('',(-75.,36.553,-25.));
#18557=CARTESIAN_POINT('',(-75.,36.553,-30.053));
#18558=CARTESIAN_POINT('',(-75.,0.,-25.));
#18559=CARTESIAN_POINT('',(-75.,23.447,-25.));
#18560=CARTESIAN_POINT('',(-75.,23.447,-30.053));
#18561=CARTESIAN_POINT('',(-75.,23.447,-25.));
#18562=CARTESIAN_POINT('',(-75.,22.5,-25.));
#18563=CARTESIAN_POINT('',(-75.,22.5,-31.));
#18564=CARTESIAN_POINT('',(-69.,22.5,-25.));
#18565=CARTESIAN_POINT('',(-75.,22.5,-25.));
#18566=CARTESIAN_POINT('',(-75.,22.5,-31.9175));
#18567=CARTESIAN_POINT('',(-75.,0.,-25.));
#18568=CARTESIAN_POINT('',(-75.,1.08249999999998,-25.));
#18569=CARTESIAN_POINT('',(-75.,1.08249999999998,-31.9175));
#18570=CARTESIAN_POINT('',(-75.,1.08249999999998,-25.));
#18571=CARTESIAN_POINT('',(-25.,50.,-25.));
#18572=CARTESIAN_POINT('',(-25.,49.5,-25.));
#18573=CARTESIAN_POINT('',(-25.,49.5,-33.));
#18574=CARTESIAN_POINT('',(-17.,49.5,-25.));
#18575=CARTESIAN_POINT('',(-25.,49.5,-25.));
#18576=CARTESIAN_POINT('',(-25.,49.5,-31.));
#18577=CARTESIAN_POINT('',(-25.,0.,-25.));
#18578=CARTESIAN_POINT('',(-25.,37.5,-25.));
#18579=CARTESIAN_POINT('',(-25.,37.5,-31.));
#18580=CARTESIAN_POINT('',(-25.,37.5,-25.));
#18581=CARTESIAN_POINT('',(-25.,36.553,-25.));
#18582=CARTESIAN_POINT('',(-25.,36.553,-30.053));
#18583=CARTESIAN_POINT('',(-25.,0.,-25.));
#18584=CARTESIAN_POINT('',(-25.,23.447,-25.));
#18585=CARTESIAN_POINT('',(-25.,23.447,-30.053));
#18586=CARTESIAN_POINT('',(-25.,23.447,-25.));
#18587=CARTESIAN_POINT('',(-25.,22.5,-25.));
#18588=CARTESIAN_POINT('',(-25.,22.5,-31.));
#18589=CARTESIAN_POINT('',(-19.,22.5,-25.));
#18590=CARTESIAN_POINT('',(-25.,22.5,-25.));
#18591=CARTESIAN_POINT('',(-25.,22.5,-31.9175));
#18592=CARTESIAN_POINT('',(-25.,0.,-25.));
#18593=CARTESIAN_POINT('',(-25.,1.08249999999998,-25.));
#18594=CARTESIAN_POINT('',(-25.,1.08249999999998,-31.9175));
#18595=CARTESIAN_POINT('',(-25.,1.08249999999998,-25.));
#18596=CARTESIAN_POINT('',(25.,50.,-25.));
#18597=CARTESIAN_POINT('',(25.,49.5,-25.));
#18598=CARTESIAN_POINT('',(25.,49.5,-33.));
#18599=CARTESIAN_POINT('',(33.,49.5,-25.));
#18600=CARTESIAN_POINT('',(25.,49.5,-25.));
#18601=CARTESIAN_POINT('',(25.,49.5,-31.));
#18602=CARTESIAN_POINT('',(25.,0.,-25.));
#18603=CARTESIAN_POINT('',(25.,37.5,-25.));
#18604=CARTESIAN_POINT('',(25.,37.5,-31.));
#18605=CARTESIAN_POINT('',(25.,37.5,-25.));
#18606=CARTESIAN_POINT('',(25.,36.553,-25.));
#18607=CARTESIAN_POINT('',(25.,36.553,-30.053));
#18608=CARTESIAN_POINT('',(25.,0.,-25.));
#18609=CARTESIAN_POINT('',(25.,23.447,-25.));
#18610=CARTESIAN_POINT('',(25.,23.447,-30.053));
#18611=CARTESIAN_POINT('',(25.,23.447,-25.));
#18612=CARTESIAN_POINT('',(25.,22.5,-25.));
#18613=CARTESIAN_POINT('',(25.,22.5,-31.));
#18614=CARTESIAN_POINT('',(31.,22.5,-25.));
#18615=CARTESIAN_POINT('',(25.,22.5,-25.));
#18616=CARTESIAN_POINT('',(25.,22.5,-31.9175));
#18617=CARTESIAN_POINT('',(25.,0.,-25.));
#18618=CARTESIAN_POINT('',(25.,1.08249999999998,-25.));
#18619=CARTESIAN_POINT('',(25.,1.08249999999998,-31.9175));
#18620=CARTESIAN_POINT('',(25.,1.08249999999998,-25.));
#18621=CARTESIAN_POINT('',(75.,50.,-25.));
#18622=CARTESIAN_POINT('',(75.,49.5,-25.));
#18623=CARTESIAN_POINT('',(75.,49.5,-33.));
#18624=CARTESIAN_POINT('',(83.,49.5,-25.));
#18625=CARTESIAN_POINT('',(75.,49.5,-25.));
#18626=CARTESIAN_POINT('',(75.,49.5,-31.));
#18627=CARTESIAN_POINT('',(75.,0.,-25.));
#18628=CARTESIAN_POINT('',(75.,37.5,-25.));
#18629=CARTESIAN_POINT('',(75.,37.5,-31.));
#18630=CARTESIAN_POINT('',(75.,37.5,-25.));
#18631=CARTESIAN_POINT('',(75.,36.553,-25.));
#18632=CARTESIAN_POINT('',(75.,36.553,-30.053));
#18633=CARTESIAN_POINT('',(75.,0.,-25.));
#18634=CARTESIAN_POINT('',(75.,23.447,-25.));
#18635=CARTESIAN_POINT('',(75.,23.447,-30.053));
#18636=CARTESIAN_POINT('',(75.,23.447,-25.));
#18637=CARTESIAN_POINT('',(75.,22.5,-25.));
#18638=CARTESIAN_POINT('',(75.,22.5,-31.));
#18639=CARTESIAN_POINT('',(81.,22.5,-25.));
#18640=CARTESIAN_POINT('',(75.,22.5,-25.));
#18641=CARTESIAN_POINT('',(75.,22.5,-31.9175));
#18642=CARTESIAN_POINT('',(75.,0.,-25.));
#18643=CARTESIAN_POINT('',(75.,1.08249999999998,-25.));
#18644=CARTESIAN_POINT('',(75.,1.08249999999998,-31.9175));
#18645=CARTESIAN_POINT('',(75.,1.08249999999998,-25.));
#18646=CARTESIAN_POINT('',(125.,50.,-25.));
#18647=CARTESIAN_POINT('',(125.,49.5,-25.));
#18648=CARTESIAN_POINT('',(125.,49.5,-33.));
#18649=CARTESIAN_POINT('',(133.,49.5,-25.));
#18650=CARTESIAN_POINT('',(125.,49.5,-25.));
#18651=CARTESIAN_POINT('',(125.,49.5,-31.));
#18652=CARTESIAN_POINT('',(125.,0.,-25.));
#18653=CARTESIAN_POINT('',(125.,37.5,-25.));
#18654=CARTESIAN_POINT('',(125.,37.5,-31.));
#18655=CARTESIAN_POINT('',(125.,37.5,-25.));
#18656=CARTESIAN_POINT('',(125.,36.553,-25.));
#18657=CARTESIAN_POINT('',(125.,36.553,-30.053));
#18658=CARTESIAN_POINT('',(125.,0.,-25.));
#18659=CARTESIAN_POINT('',(125.,23.447,-25.));
#18660=CARTESIAN_POINT('',(125.,23.447,-30.053));
#18661=CARTESIAN_POINT('',(125.,23.447,-25.));
#18662=CARTESIAN_POINT('',(125.,22.5,-25.));
#18663=CARTESIAN_POINT('',(125.,22.5,-31.));
#18664=CARTESIAN_POINT('',(131.,22.5,-25.));
#18665=CARTESIAN_POINT('',(125.,22.5,-25.));
#18666=CARTESIAN_POINT('',(125.,22.5,-31.9175));
#18667=CARTESIAN_POINT('',(125.,0.,-25.));
#18668=CARTESIAN_POINT('',(125.,1.08249999999998,-25.));
#18669=CARTESIAN_POINT('',(125.,1.08249999999998,-31.9175));
#18670=CARTESIAN_POINT('',(125.,1.08249999999998,-25.));
#18671=CARTESIAN_POINT('',(175.,50.,-25.));
#18672=CARTESIAN_POINT('',(175.,49.5,-25.));
#18673=CARTESIAN_POINT('',(175.,49.5,-33.));
#18674=CARTESIAN_POINT('',(183.,49.5,-25.));
#18675=CARTESIAN_POINT('',(175.,49.5,-25.));
#18676=CARTESIAN_POINT('',(175.,49.5,-31.));
#18677=CARTESIAN_POINT('',(175.,0.,-25.));
#18678=CARTESIAN_POINT('',(175.,37.5,-25.));
#18679=CARTESIAN_POINT('',(175.,37.5,-31.));
#18680=CARTESIAN_POINT('',(175.,37.5,-25.));
#18681=CARTESIAN_POINT('',(175.,36.553,-25.));
#18682=CARTESIAN_POINT('',(175.,36.553,-30.053));
#18683=CARTESIAN_POINT('',(175.,0.,-25.));
#18684=CARTESIAN_POINT('',(175.,23.447,-25.));
#18685=CARTESIAN_POINT('',(175.,23.447,-30.053));
#18686=CARTESIAN_POINT('',(175.,23.447,-25.));
#18687=CARTESIAN_POINT('',(175.,22.5,-25.));
#18688=CARTESIAN_POINT('',(175.,22.5,-31.));
#18689=CARTESIAN_POINT('',(181.,22.5,-25.));
#18690=CARTESIAN_POINT('',(175.,22.5,-25.));
#18691=CARTESIAN_POINT('',(175.,22.5,-31.9175));
#18692=CARTESIAN_POINT('',(175.,0.,-25.));
#18693=CARTESIAN_POINT('',(175.,1.08249999999998,-25.));
#18694=CARTESIAN_POINT('',(175.,1.08249999999998,-31.9175));
#18695=CARTESIAN_POINT('',(175.,1.08249999999998,-25.));
#18696=CARTESIAN_POINT('',(-25.,50.,-75.));
#18697=CARTESIAN_POINT('',(-25.,49.5,-75.));
#18698=CARTESIAN_POINT('',(-25.,49.5,-83.));
#18699=CARTESIAN_POINT('',(-17.,49.5,-75.));
#18700=CARTESIAN_POINT('',(-25.,49.5,-75.));
#18701=CARTESIAN_POINT('',(-25.,49.5,-81.));
#18702=CARTESIAN_POINT('',(-25.,0.,-75.));
#18703=CARTESIAN_POINT('',(-25.,37.5,-75.));
#18704=CARTESIAN_POINT('',(-25.,37.5,-81.));
#18705=CARTESIAN_POINT('',(-25.,37.5,-75.));
#18706=CARTESIAN_POINT('',(-25.,36.553,-75.));
#18707=CARTESIAN_POINT('',(-25.,36.553,-80.053));
#18708=CARTESIAN_POINT('',(-25.,0.,-75.));
#18709=CARTESIAN_POINT('',(-25.,23.447,-75.));
#18710=CARTESIAN_POINT('',(-25.,23.447,-80.053));
#18711=CARTESIAN_POINT('',(-25.,23.447,-75.));
#18712=CARTESIAN_POINT('',(-25.,22.5,-75.));
#18713=CARTESIAN_POINT('',(-25.,22.5,-81.));
#18714=CARTESIAN_POINT('',(-19.,22.5,-75.));
#18715=CARTESIAN_POINT('',(-25.,22.5,-75.));
#18716=CARTESIAN_POINT('',(-25.,22.5,-81.9175));
#18717=CARTESIAN_POINT('',(-25.,0.,-75.));
#18718=CARTESIAN_POINT('',(-25.,1.08249999999998,-75.));
#18719=CARTESIAN_POINT('',(-25.,1.08249999999998,-81.9175));
#18720=CARTESIAN_POINT('',(-25.,1.08249999999998,-75.));
#18721=CARTESIAN_POINT('',(-75.,50.,-75.));
#18722=CARTESIAN_POINT('',(-75.,49.5,-75.));
#18723=CARTESIAN_POINT('',(-75.,49.5,-83.));
#18724=CARTESIAN_POINT('',(-67.,49.5,-75.));
#18725=CARTESIAN_POINT('',(-75.,49.5,-75.));
#18726=CARTESIAN_POINT('',(-75.,49.5,-81.));
#18727=CARTESIAN_POINT('',(-75.,0.,-75.));
#18728=CARTESIAN_POINT('',(-75.,37.5,-75.));
#18729=CARTESIAN_POINT('',(-75.,37.5,-81.));
#18730=CARTESIAN_POINT('',(-75.,37.5,-75.));
#18731=CARTESIAN_POINT('',(-75.,36.553,-75.));
#18732=CARTESIAN_POINT('',(-75.,36.553,-80.053));
#18733=CARTESIAN_POINT('',(-75.,0.,-75.));
#18734=CARTESIAN_POINT('',(-75.,23.447,-75.));
#18735=CARTESIAN_POINT('',(-75.,23.447,-80.053));
#18736=CARTESIAN_POINT('',(-75.,23.447,-75.));
#18737=CARTESIAN_POINT('',(-75.,22.5,-75.));
#18738=CARTESIAN_POINT('',(-75.,22.5,-81.));
#18739=CARTESIAN_POINT('',(-69.,22.5,-75.));
#18740=CARTESIAN_POINT('',(-75.,22.5,-75.));
#18741=CARTESIAN_POINT('',(-75.,22.5,-81.9175));
#18742=CARTESIAN_POINT('',(-75.,0.,-75.));
#18743=CARTESIAN_POINT('',(-75.,1.08249999999998,-75.));
#18744=CARTESIAN_POINT('',(-75.,1.08249999999998,-81.9175));
#18745=CARTESIAN_POINT('',(-75.,1.08249999999998,-75.));
#18746=CARTESIAN_POINT('',(-125.,50.,-75.));
#18747=CARTESIAN_POINT('',(-125.,49.5,-75.));
#18748=CARTESIAN_POINT('',(-125.,49.5,-83.));
#18749=CARTESIAN_POINT('',(-117.,49.5,-75.));
#18750=CARTESIAN_POINT('',(-125.,49.5,-75.));
#18751=CARTESIAN_POINT('',(-125.,49.5,-81.));
#18752=CARTESIAN_POINT('',(-125.,0.,-75.));
#18753=CARTESIAN_POINT('',(-125.,37.5,-75.));
#18754=CARTESIAN_POINT('',(-125.,37.5,-81.));
#18755=CARTESIAN_POINT('',(-125.,37.5,-75.));
#18756=CARTESIAN_POINT('',(-125.,36.553,-75.));
#18757=CARTESIAN_POINT('',(-125.,36.553,-80.053));
#18758=CARTESIAN_POINT('',(-125.,0.,-75.));
#18759=CARTESIAN_POINT('',(-125.,23.447,-75.));
#18760=CARTESIAN_POINT('',(-125.,23.447,-80.053));
#18761=CARTESIAN_POINT('',(-125.,23.447,-75.));
#18762=CARTESIAN_POINT('',(-125.,22.5,-75.));
#18763=CARTESIAN_POINT('',(-125.,22.5,-81.));
#18764=CARTESIAN_POINT('',(-119.,22.5,-75.));
#18765=CARTESIAN_POINT('',(-125.,22.5,-75.));
#18766=CARTESIAN_POINT('',(-125.,22.5,-81.9175));
#18767=CARTESIAN_POINT('',(-125.,0.,-75.));
#18768=CARTESIAN_POINT('',(-125.,1.08249999999998,-75.));
#18769=CARTESIAN_POINT('',(-125.,1.08249999999998,-81.9175));
#18770=CARTESIAN_POINT('',(-125.,1.08249999999998,-75.));
#18771=CARTESIAN_POINT('',(-175.,50.,-75.));
#18772=CARTESIAN_POINT('',(-175.,49.5,-75.));
#18773=CARTESIAN_POINT('',(-175.,49.5,-83.));
#18774=CARTESIAN_POINT('',(-167.,49.5,-75.));
#18775=CARTESIAN_POINT('',(-175.,49.5,-75.));
#18776=CARTESIAN_POINT('',(-175.,49.5,-81.));
#18777=CARTESIAN_POINT('',(-175.,0.,-75.));
#18778=CARTESIAN_POINT('',(-175.,37.5,-75.));
#18779=CARTESIAN_POINT('',(-175.,37.5,-81.));
#18780=CARTESIAN_POINT('',(-175.,37.5,-75.));
#18781=CARTESIAN_POINT('',(-175.,36.553,-75.));
#18782=CARTESIAN_POINT('',(-175.,36.553,-80.053));
#18783=CARTESIAN_POINT('',(-175.,0.,-75.));
#18784=CARTESIAN_POINT('',(-175.,23.447,-75.));
#18785=CARTESIAN_POINT('',(-175.,23.447,-80.053));
#18786=CARTESIAN_POINT('',(-175.,23.447,-75.));
#18787=CARTESIAN_POINT('',(-175.,22.5,-75.));
#18788=CARTESIAN_POINT('',(-175.,22.5,-81.));
#18789=CARTESIAN_POINT('',(-169.,22.5,-75.));
#18790=CARTESIAN_POINT('',(-175.,22.5,-75.));
#18791=CARTESIAN_POINT('',(-175.,22.5,-81.9175));
#18792=CARTESIAN_POINT('',(-175.,0.,-75.));
#18793=CARTESIAN_POINT('',(-175.,1.08249999999998,-75.));
#18794=CARTESIAN_POINT('',(-175.,1.08249999999998,-81.9175));
#18795=CARTESIAN_POINT('',(-175.,1.08249999999998,-75.));
#18796=CARTESIAN_POINT('',(-225.,50.,-75.));
#18797=CARTESIAN_POINT('',(-225.,49.5,-75.));
#18798=CARTESIAN_POINT('',(-225.,49.5,-83.));
#18799=CARTESIAN_POINT('',(-217.,49.5,-75.));
#18800=CARTESIAN_POINT('',(-225.,49.5,-75.));
#18801=CARTESIAN_POINT('',(-225.,49.5,-81.));
#18802=CARTESIAN_POINT('',(-225.,0.,-75.));
#18803=CARTESIAN_POINT('',(-225.,37.5,-75.));
#18804=CARTESIAN_POINT('',(-225.,37.5,-81.));
#18805=CARTESIAN_POINT('',(-225.,37.5,-75.));
#18806=CARTESIAN_POINT('',(-225.,36.553,-75.));
#18807=CARTESIAN_POINT('',(-225.,36.553,-80.053));
#18808=CARTESIAN_POINT('',(-225.,0.,-75.));
#18809=CARTESIAN_POINT('',(-225.,23.447,-75.));
#18810=CARTESIAN_POINT('',(-225.,23.447,-80.053));
#18811=CARTESIAN_POINT('',(-225.,23.447,-75.));
#18812=CARTESIAN_POINT('',(-225.,22.5,-75.));
#18813=CARTESIAN_POINT('',(-225.,22.5,-81.));
#18814=CARTESIAN_POINT('',(-219.,22.5,-75.));
#18815=CARTESIAN_POINT('',(-225.,22.5,-75.));
#18816=CARTESIAN_POINT('',(-225.,22.5,-81.9175));
#18817=CARTESIAN_POINT('',(-225.,0.,-75.));
#18818=CARTESIAN_POINT('',(-225.,1.08249999999998,-75.));
#18819=CARTESIAN_POINT('',(-225.,1.08249999999998,-81.9175));
#18820=CARTESIAN_POINT('',(-225.,1.08249999999998,-75.));
#18821=CARTESIAN_POINT('',(-275.,50.,-75.));
#18822=CARTESIAN_POINT('',(-275.,49.5,-75.));
#18823=CARTESIAN_POINT('',(-275.,49.5,-83.));
#18824=CARTESIAN_POINT('',(-267.,49.5,-75.));
#18825=CARTESIAN_POINT('',(-275.,49.5,-75.));
#18826=CARTESIAN_POINT('',(-275.,49.5,-81.));
#18827=CARTESIAN_POINT('',(-275.,0.,-75.));
#18828=CARTESIAN_POINT('',(-275.,37.5,-75.));
#18829=CARTESIAN_POINT('',(-275.,37.5,-81.));
#18830=CARTESIAN_POINT('',(-275.,37.5,-75.));
#18831=CARTESIAN_POINT('',(-275.,36.553,-75.));
#18832=CARTESIAN_POINT('',(-275.,36.553,-80.053));
#18833=CARTESIAN_POINT('',(-275.,0.,-75.));
#18834=CARTESIAN_POINT('',(-275.,23.447,-75.));
#18835=CARTESIAN_POINT('',(-275.,23.447,-80.053));
#18836=CARTESIAN_POINT('',(-275.,23.447,-75.));
#18837=CARTESIAN_POINT('',(-275.,22.5,-75.));
#18838=CARTESIAN_POINT('',(-275.,22.5,-81.));
#18839=CARTESIAN_POINT('',(-269.,22.5,-75.));
#18840=CARTESIAN_POINT('',(-275.,22.5,-75.));
#18841=CARTESIAN_POINT('',(-275.,22.5,-81.9175));
#18842=CARTESIAN_POINT('',(-275.,0.,-75.));
#18843=CARTESIAN_POINT('',(-275.,1.08249999999998,-75.));
#18844=CARTESIAN_POINT('',(-275.,1.08249999999998,-81.9175));
#18845=CARTESIAN_POINT('',(-275.,1.08249999999998,-75.));
#18846=CARTESIAN_POINT('',(275.,50.,-25.));
#18847=CARTESIAN_POINT('',(275.,49.5,-25.));
#18848=CARTESIAN_POINT('',(275.,49.5,-33.));
#18849=CARTESIAN_POINT('',(283.,49.5,-25.));
#18850=CARTESIAN_POINT('',(275.,49.5,-25.));
#18851=CARTESIAN_POINT('',(275.,49.5,-31.));
#18852=CARTESIAN_POINT('',(275.,0.,-25.));
#18853=CARTESIAN_POINT('',(275.,37.5,-25.));
#18854=CARTESIAN_POINT('',(275.,37.5,-31.));
#18855=CARTESIAN_POINT('',(275.,37.5,-25.));
#18856=CARTESIAN_POINT('',(275.,36.553,-25.));
#18857=CARTESIAN_POINT('',(275.,36.553,-30.053));
#18858=CARTESIAN_POINT('',(275.,0.,-25.));
#18859=CARTESIAN_POINT('',(275.,23.447,-25.));
#18860=CARTESIAN_POINT('',(275.,23.447,-30.053));
#18861=CARTESIAN_POINT('',(275.,23.447,-25.));
#18862=CARTESIAN_POINT('',(275.,22.5,-25.));
#18863=CARTESIAN_POINT('',(275.,22.5,-31.));
#18864=CARTESIAN_POINT('',(281.,22.5,-25.));
#18865=CARTESIAN_POINT('',(275.,22.5,-25.));
#18866=CARTESIAN_POINT('',(275.,22.5,-31.9175));
#18867=CARTESIAN_POINT('',(275.,0.,-25.));
#18868=CARTESIAN_POINT('',(275.,1.08249999999998,-25.));
#18869=CARTESIAN_POINT('',(275.,1.08249999999998,-31.9175));
#18870=CARTESIAN_POINT('',(275.,1.08249999999998,-25.));
#18871=CARTESIAN_POINT('',(225.,50.,-25.));
#18872=CARTESIAN_POINT('',(225.,49.5,-25.));
#18873=CARTESIAN_POINT('',(225.,49.5,-33.));
#18874=CARTESIAN_POINT('',(233.,49.5,-25.));
#18875=CARTESIAN_POINT('',(225.,49.5,-25.));
#18876=CARTESIAN_POINT('',(225.,49.5,-31.));
#18877=CARTESIAN_POINT('',(225.,0.,-25.));
#18878=CARTESIAN_POINT('',(225.,37.5,-25.));
#18879=CARTESIAN_POINT('',(225.,37.5,-31.));
#18880=CARTESIAN_POINT('',(225.,37.5,-25.));
#18881=CARTESIAN_POINT('',(225.,36.553,-25.));
#18882=CARTESIAN_POINT('',(225.,36.553,-30.053));
#18883=CARTESIAN_POINT('',(225.,0.,-25.));
#18884=CARTESIAN_POINT('',(225.,23.447,-25.));
#18885=CARTESIAN_POINT('',(225.,23.447,-30.053));
#18886=CARTESIAN_POINT('',(225.,23.447,-25.));
#18887=CARTESIAN_POINT('',(225.,22.5,-25.));
#18888=CARTESIAN_POINT('',(225.,22.5,-31.));
#18889=CARTESIAN_POINT('',(231.,22.5,-25.));
#18890=CARTESIAN_POINT('',(225.,22.5,-25.));
#18891=CARTESIAN_POINT('',(225.,22.5,-31.9175));
#18892=CARTESIAN_POINT('',(225.,0.,-25.));
#18893=CARTESIAN_POINT('',(225.,1.08249999999998,-25.));
#18894=CARTESIAN_POINT('',(225.,1.08249999999998,-31.9175));
#18895=CARTESIAN_POINT('',(225.,1.08249999999998,-25.));
#18896=CARTESIAN_POINT('',(-25.,50.,25.));
#18897=CARTESIAN_POINT('',(-25.,49.5,25.));
#18898=CARTESIAN_POINT('',(-25.,49.5,17.));
#18899=CARTESIAN_POINT('',(-17.,49.5,25.));
#18900=CARTESIAN_POINT('',(-25.,49.5,25.));
#18901=CARTESIAN_POINT('',(-25.,49.5,19.));
#18902=CARTESIAN_POINT('',(-25.,0.,25.));
#18903=CARTESIAN_POINT('',(-25.,37.5,25.));
#18904=CARTESIAN_POINT('',(-25.,37.5,19.));
#18905=CARTESIAN_POINT('',(-25.,37.5,25.));
#18906=CARTESIAN_POINT('',(-25.,36.553,25.));
#18907=CARTESIAN_POINT('',(-25.,36.553,19.947));
#18908=CARTESIAN_POINT('',(-25.,0.,25.));
#18909=CARTESIAN_POINT('',(-25.,23.447,25.));
#18910=CARTESIAN_POINT('',(-25.,23.447,19.947));
#18911=CARTESIAN_POINT('',(-25.,23.447,25.));
#18912=CARTESIAN_POINT('',(-25.,22.5,25.));
#18913=CARTESIAN_POINT('',(-25.,22.5,19.));
#18914=CARTESIAN_POINT('',(-19.,22.5,25.));
#18915=CARTESIAN_POINT('',(-25.,22.5,25.));
#18916=CARTESIAN_POINT('',(-25.,22.5,18.0825));
#18917=CARTESIAN_POINT('',(-25.,0.,25.));
#18918=CARTESIAN_POINT('',(-25.,1.08249999999998,25.));
#18919=CARTESIAN_POINT('',(-25.,1.08249999999998,18.0825));
#18920=CARTESIAN_POINT('',(-25.,1.08249999999998,25.));
#18921=CARTESIAN_POINT('',(-75.,50.,25.));
#18922=CARTESIAN_POINT('',(-75.,49.5,25.));
#18923=CARTESIAN_POINT('',(-75.,49.5,17.));
#18924=CARTESIAN_POINT('',(-67.,49.5,25.));
#18925=CARTESIAN_POINT('',(-75.,49.5,25.));
#18926=CARTESIAN_POINT('',(-75.,49.5,19.));
#18927=CARTESIAN_POINT('',(-75.,0.,25.));
#18928=CARTESIAN_POINT('',(-75.,37.5,25.));
#18929=CARTESIAN_POINT('',(-75.,37.5,19.));
#18930=CARTESIAN_POINT('',(-75.,37.5,25.));
#18931=CARTESIAN_POINT('',(-75.,36.553,25.));
#18932=CARTESIAN_POINT('',(-75.,36.553,19.947));
#18933=CARTESIAN_POINT('',(-75.,0.,25.));
#18934=CARTESIAN_POINT('',(-75.,23.447,25.));
#18935=CARTESIAN_POINT('',(-75.,23.447,19.947));
#18936=CARTESIAN_POINT('',(-75.,23.447,25.));
#18937=CARTESIAN_POINT('',(-75.,22.5,25.));
#18938=CARTESIAN_POINT('',(-75.,22.5,19.));
#18939=CARTESIAN_POINT('',(-69.,22.5,25.));
#18940=CARTESIAN_POINT('',(-75.,22.5,25.));
#18941=CARTESIAN_POINT('',(-75.,22.5,18.0825));
#18942=CARTESIAN_POINT('',(-75.,0.,25.));
#18943=CARTESIAN_POINT('',(-75.,1.08249999999998,25.));
#18944=CARTESIAN_POINT('',(-75.,1.08249999999998,18.0825));
#18945=CARTESIAN_POINT('',(-75.,1.08249999999998,25.));
#18946=CARTESIAN_POINT('',(-125.,50.,25.));
#18947=CARTESIAN_POINT('',(-125.,49.5,25.));
#18948=CARTESIAN_POINT('',(-125.,49.5,17.));
#18949=CARTESIAN_POINT('',(-117.,49.5,25.));
#18950=CARTESIAN_POINT('',(-125.,49.5,25.));
#18951=CARTESIAN_POINT('',(-125.,49.5,19.));
#18952=CARTESIAN_POINT('',(-125.,0.,25.));
#18953=CARTESIAN_POINT('',(-125.,37.5,25.));
#18954=CARTESIAN_POINT('',(-125.,37.5,19.));
#18955=CARTESIAN_POINT('',(-125.,37.5,25.));
#18956=CARTESIAN_POINT('',(-125.,36.553,25.));
#18957=CARTESIAN_POINT('',(-125.,36.553,19.947));
#18958=CARTESIAN_POINT('',(-125.,0.,25.));
#18959=CARTESIAN_POINT('',(-125.,23.447,25.));
#18960=CARTESIAN_POINT('',(-125.,23.447,19.947));
#18961=CARTESIAN_POINT('',(-125.,23.447,25.));
#18962=CARTESIAN_POINT('',(-125.,22.5,25.));
#18963=CARTESIAN_POINT('',(-125.,22.5,19.));
#18964=CARTESIAN_POINT('',(-119.,22.5,25.));
#18965=CARTESIAN_POINT('',(-125.,22.5,25.));
#18966=CARTESIAN_POINT('',(-125.,22.5,18.0825));
#18967=CARTESIAN_POINT('',(-125.,0.,25.));
#18968=CARTESIAN_POINT('',(-125.,1.08249999999998,25.));
#18969=CARTESIAN_POINT('',(-125.,1.08249999999998,18.0825));
#18970=CARTESIAN_POINT('',(-125.,1.08249999999998,25.));
#18971=CARTESIAN_POINT('',(-175.,50.,25.));
#18972=CARTESIAN_POINT('',(-175.,49.5,25.));
#18973=CARTESIAN_POINT('',(-175.,49.5,17.));
#18974=CARTESIAN_POINT('',(-167.,49.5,25.));
#18975=CARTESIAN_POINT('',(-175.,49.5,25.));
#18976=CARTESIAN_POINT('',(-175.,49.5,19.));
#18977=CARTESIAN_POINT('',(-175.,0.,25.));
#18978=CARTESIAN_POINT('',(-175.,37.5,25.));
#18979=CARTESIAN_POINT('',(-175.,37.5,19.));
#18980=CARTESIAN_POINT('',(-175.,37.5,25.));
#18981=CARTESIAN_POINT('',(-175.,36.553,25.));
#18982=CARTESIAN_POINT('',(-175.,36.553,19.947));
#18983=CARTESIAN_POINT('',(-175.,0.,25.));
#18984=CARTESIAN_POINT('',(-175.,23.447,25.));
#18985=CARTESIAN_POINT('',(-175.,23.447,19.947));
#18986=CARTESIAN_POINT('',(-175.,23.447,25.));
#18987=CARTESIAN_POINT('',(-175.,22.5,25.));
#18988=CARTESIAN_POINT('',(-175.,22.5,19.));
#18989=CARTESIAN_POINT('',(-169.,22.5,25.));
#18990=CARTESIAN_POINT('',(-175.,22.5,25.));
#18991=CARTESIAN_POINT('',(-175.,22.5,18.0825));
#18992=CARTESIAN_POINT('',(-175.,0.,25.));
#18993=CARTESIAN_POINT('',(-175.,1.08249999999998,25.));
#18994=CARTESIAN_POINT('',(-175.,1.08249999999998,18.0825));
#18995=CARTESIAN_POINT('',(-175.,1.08249999999998,25.));
#18996=CARTESIAN_POINT('',(-225.,50.,25.));
#18997=CARTESIAN_POINT('',(-225.,49.5,25.));
#18998=CARTESIAN_POINT('',(-225.,49.5,17.));
#18999=CARTESIAN_POINT('',(-217.,49.5,25.));
#19000=CARTESIAN_POINT('',(-225.,49.5,25.));
#19001=CARTESIAN_POINT('',(-225.,49.5,19.));
#19002=CARTESIAN_POINT('',(-225.,0.,25.));
#19003=CARTESIAN_POINT('',(-225.,37.5,25.));
#19004=CARTESIAN_POINT('',(-225.,37.5,19.));
#19005=CARTESIAN_POINT('',(-225.,37.5,25.));
#19006=CARTESIAN_POINT('',(-225.,36.553,25.));
#19007=CARTESIAN_POINT('',(-225.,36.553,19.947));
#19008=CARTESIAN_POINT('',(-225.,0.,25.));
#19009=CARTESIAN_POINT('',(-225.,23.447,25.));
#19010=CARTESIAN_POINT('',(-225.,23.447,19.947));
#19011=CARTESIAN_POINT('',(-225.,23.447,25.));
#19012=CARTESIAN_POINT('',(-225.,22.5,25.));
#19013=CARTESIAN_POINT('',(-225.,22.5,19.));
#19014=CARTESIAN_POINT('',(-219.,22.5,25.));
#19015=CARTESIAN_POINT('',(-225.,22.5,25.));
#19016=CARTESIAN_POINT('',(-225.,22.5,18.0825));
#19017=CARTESIAN_POINT('',(-225.,0.,25.));
#19018=CARTESIAN_POINT('',(-225.,1.08249999999998,25.));
#19019=CARTESIAN_POINT('',(-225.,1.08249999999998,18.0825));
#19020=CARTESIAN_POINT('',(-225.,1.08249999999998,25.));
#19021=CARTESIAN_POINT('',(-275.,50.,25.));
#19022=CARTESIAN_POINT('',(-275.,49.5,25.));
#19023=CARTESIAN_POINT('',(-275.,49.5,17.));
#19024=CARTESIAN_POINT('',(-267.,49.5,25.));
#19025=CARTESIAN_POINT('',(-275.,49.5,25.));
#19026=CARTESIAN_POINT('',(-275.,49.5,19.));
#19027=CARTESIAN_POINT('',(-275.,0.,25.));
#19028=CARTESIAN_POINT('',(-275.,37.5,25.));
#19029=CARTESIAN_POINT('',(-275.,37.5,19.));
#19030=CARTESIAN_POINT('',(-275.,37.5,25.));
#19031=CARTESIAN_POINT('',(-275.,36.553,25.));
#19032=CARTESIAN_POINT('',(-275.,36.553,19.947));
#19033=CARTESIAN_POINT('',(-275.,0.,25.));
#19034=CARTESIAN_POINT('',(-275.,23.447,25.));
#19035=CARTESIAN_POINT('',(-275.,23.447,19.947));
#19036=CARTESIAN_POINT('',(-275.,23.447,25.));
#19037=CARTESIAN_POINT('',(-275.,22.5,25.));
#19038=CARTESIAN_POINT('',(-275.,22.5,19.));
#19039=CARTESIAN_POINT('',(-269.,22.5,25.));
#19040=CARTESIAN_POINT('',(-275.,22.5,25.));
#19041=CARTESIAN_POINT('',(-275.,22.5,18.0825));
#19042=CARTESIAN_POINT('',(-275.,0.,25.));
#19043=CARTESIAN_POINT('',(-275.,1.08249999999998,25.));
#19044=CARTESIAN_POINT('',(-275.,1.08249999999998,18.0825));
#19045=CARTESIAN_POINT('',(-275.,1.08249999999998,25.));
#19046=CARTESIAN_POINT('',(275.,50.,75.));
#19047=CARTESIAN_POINT('',(275.,49.5,75.));
#19048=CARTESIAN_POINT('',(275.,49.5,67.));
#19049=CARTESIAN_POINT('',(283.,49.5,75.));
#19050=CARTESIAN_POINT('',(275.,49.5,75.));
#19051=CARTESIAN_POINT('',(275.,49.5,69.));
#19052=CARTESIAN_POINT('',(275.,0.,75.));
#19053=CARTESIAN_POINT('',(275.,37.5,75.));
#19054=CARTESIAN_POINT('',(275.,37.5,69.));
#19055=CARTESIAN_POINT('',(275.,37.5,75.));
#19056=CARTESIAN_POINT('',(275.,36.553,75.));
#19057=CARTESIAN_POINT('',(275.,36.553,69.947));
#19058=CARTESIAN_POINT('',(275.,0.,75.));
#19059=CARTESIAN_POINT('',(275.,23.447,75.));
#19060=CARTESIAN_POINT('',(275.,23.447,69.947));
#19061=CARTESIAN_POINT('',(275.,23.447,75.));
#19062=CARTESIAN_POINT('',(275.,22.5,75.));
#19063=CARTESIAN_POINT('',(275.,22.5,69.));
#19064=CARTESIAN_POINT('',(281.,22.5,75.));
#19065=CARTESIAN_POINT('',(275.,22.5,75.));
#19066=CARTESIAN_POINT('',(275.,22.5,68.0825));
#19067=CARTESIAN_POINT('',(275.,0.,75.));
#19068=CARTESIAN_POINT('',(275.,1.08249999999998,75.));
#19069=CARTESIAN_POINT('',(275.,1.08249999999998,68.0825));
#19070=CARTESIAN_POINT('',(275.,1.08249999999998,75.));
#19071=CARTESIAN_POINT('',(225.,50.,75.));
#19072=CARTESIAN_POINT('',(225.,49.5,75.));
#19073=CARTESIAN_POINT('',(225.,49.5,67.));
#19074=CARTESIAN_POINT('',(233.,49.5,75.));
#19075=CARTESIAN_POINT('',(225.,49.5,75.));
#19076=CARTESIAN_POINT('',(225.,49.5,69.));
#19077=CARTESIAN_POINT('',(225.,0.,75.));
#19078=CARTESIAN_POINT('',(225.,37.5,75.));
#19079=CARTESIAN_POINT('',(225.,37.5,69.));
#19080=CARTESIAN_POINT('',(225.,37.5,75.));
#19081=CARTESIAN_POINT('',(225.,36.553,75.));
#19082=CARTESIAN_POINT('',(225.,36.553,69.947));
#19083=CARTESIAN_POINT('',(225.,0.,75.));
#19084=CARTESIAN_POINT('',(225.,23.447,75.));
#19085=CARTESIAN_POINT('',(225.,23.447,69.947));
#19086=CARTESIAN_POINT('',(225.,23.447,75.));
#19087=CARTESIAN_POINT('',(225.,22.5,75.));
#19088=CARTESIAN_POINT('',(225.,22.5,69.));
#19089=CARTESIAN_POINT('',(231.,22.5,75.));
#19090=CARTESIAN_POINT('',(225.,22.5,75.));
#19091=CARTESIAN_POINT('',(225.,22.5,68.0825));
#19092=CARTESIAN_POINT('',(225.,0.,75.));
#19093=CARTESIAN_POINT('',(225.,1.08249999999998,75.));
#19094=CARTESIAN_POINT('',(225.,1.08249999999998,68.0825));
#19095=CARTESIAN_POINT('',(225.,1.08249999999998,75.));
#19096=CARTESIAN_POINT('',(-225.,50.,-25.));
#19097=CARTESIAN_POINT('',(-225.,49.5,-25.));
#19098=CARTESIAN_POINT('',(-225.,49.5,-33.));
#19099=CARTESIAN_POINT('',(-217.,49.5,-25.));
#19100=CARTESIAN_POINT('',(-225.,49.5,-25.));
#19101=CARTESIAN_POINT('',(-225.,49.5,-31.));
#19102=CARTESIAN_POINT('',(-225.,0.,-25.));
#19103=CARTESIAN_POINT('',(-225.,37.5,-25.));
#19104=CARTESIAN_POINT('',(-225.,37.5,-31.));
#19105=CARTESIAN_POINT('',(-225.,37.5,-25.));
#19106=CARTESIAN_POINT('',(-225.,36.553,-25.));
#19107=CARTESIAN_POINT('',(-225.,36.553,-30.053));
#19108=CARTESIAN_POINT('',(-225.,0.,-25.));
#19109=CARTESIAN_POINT('',(-225.,23.447,-25.));
#19110=CARTESIAN_POINT('',(-225.,23.447,-30.053));
#19111=CARTESIAN_POINT('',(-225.,23.447,-25.));
#19112=CARTESIAN_POINT('',(-225.,22.5,-25.));
#19113=CARTESIAN_POINT('',(-225.,22.5,-31.));
#19114=CARTESIAN_POINT('',(-219.,22.5,-25.));
#19115=CARTESIAN_POINT('',(-225.,22.5,-25.));
#19116=CARTESIAN_POINT('',(-225.,22.5,-31.9175));
#19117=CARTESIAN_POINT('',(-225.,0.,-25.));
#19118=CARTESIAN_POINT('',(-225.,1.08249999999998,-25.));
#19119=CARTESIAN_POINT('',(-225.,1.08249999999998,-31.9175));
#19120=CARTESIAN_POINT('',(-225.,1.08249999999998,-25.));
#19121=CARTESIAN_POINT('',(-275.,50.,-25.));
#19122=CARTESIAN_POINT('',(-275.,49.5,-25.));
#19123=CARTESIAN_POINT('',(-275.,49.5,-33.));
#19124=CARTESIAN_POINT('',(-267.,49.5,-25.));
#19125=CARTESIAN_POINT('',(-275.,49.5,-25.));
#19126=CARTESIAN_POINT('',(-275.,49.5,-31.));
#19127=CARTESIAN_POINT('',(-275.,0.,-25.));
#19128=CARTESIAN_POINT('',(-275.,37.5,-25.));
#19129=CARTESIAN_POINT('',(-275.,37.5,-31.));
#19130=CARTESIAN_POINT('',(-275.,37.5,-25.));
#19131=CARTESIAN_POINT('',(-275.,36.553,-25.));
#19132=CARTESIAN_POINT('',(-275.,36.553,-30.053));
#19133=CARTESIAN_POINT('',(-275.,0.,-25.));
#19134=CARTESIAN_POINT('',(-275.,23.447,-25.));
#19135=CARTESIAN_POINT('',(-275.,23.447,-30.053));
#19136=CARTESIAN_POINT('',(-275.,23.447,-25.));
#19137=CARTESIAN_POINT('',(-275.,22.5,-25.));
#19138=CARTESIAN_POINT('',(-275.,22.5,-31.));
#19139=CARTESIAN_POINT('',(-269.,22.5,-25.));
#19140=CARTESIAN_POINT('',(-275.,22.5,-25.));
#19141=CARTESIAN_POINT('',(-275.,22.5,-31.9175));
#19142=CARTESIAN_POINT('',(-275.,0.,-25.));
#19143=CARTESIAN_POINT('',(-275.,1.08249999999998,-25.));
#19144=CARTESIAN_POINT('',(-275.,1.08249999999998,-31.9175));
#19145=CARTESIAN_POINT('',(-275.,1.08249999999998,-25.));
#19146=CARTESIAN_POINT('',(275.,50.,25.));
#19147=CARTESIAN_POINT('',(275.,49.5,25.));
#19148=CARTESIAN_POINT('',(275.,49.5,17.));
#19149=CARTESIAN_POINT('',(283.,49.5,25.));
#19150=CARTESIAN_POINT('',(275.,49.5,25.));
#19151=CARTESIAN_POINT('',(275.,49.5,19.));
#19152=CARTESIAN_POINT('',(275.,0.,25.));
#19153=CARTESIAN_POINT('',(275.,37.5,25.));
#19154=CARTESIAN_POINT('',(275.,37.5,19.));
#19155=CARTESIAN_POINT('',(275.,37.5,25.));
#19156=CARTESIAN_POINT('',(275.,36.553,25.));
#19157=CARTESIAN_POINT('',(275.,36.553,19.947));
#19158=CARTESIAN_POINT('',(275.,0.,25.));
#19159=CARTESIAN_POINT('',(275.,23.447,25.));
#19160=CARTESIAN_POINT('',(275.,23.447,19.947));
#19161=CARTESIAN_POINT('',(275.,23.447,25.));
#19162=CARTESIAN_POINT('',(275.,22.5,25.));
#19163=CARTESIAN_POINT('',(275.,22.5,19.));
#19164=CARTESIAN_POINT('',(281.,22.5,25.));
#19165=CARTESIAN_POINT('',(275.,22.5,25.));
#19166=CARTESIAN_POINT('',(275.,22.5,18.0825));
#19167=CARTESIAN_POINT('',(275.,0.,25.));
#19168=CARTESIAN_POINT('',(275.,1.08249999999998,25.));
#19169=CARTESIAN_POINT('',(275.,1.08249999999998,18.0825));
#19170=CARTESIAN_POINT('',(275.,1.08249999999998,25.));
#19171=CARTESIAN_POINT('',(225.,50.,25.));
#19172=CARTESIAN_POINT('',(225.,49.5,25.));
#19173=CARTESIAN_POINT('',(225.,49.5,17.));
#19174=CARTESIAN_POINT('',(233.,49.5,25.));
#19175=CARTESIAN_POINT('',(225.,49.5,25.));
#19176=CARTESIAN_POINT('',(225.,49.5,19.));
#19177=CARTESIAN_POINT('',(225.,0.,25.));
#19178=CARTESIAN_POINT('',(225.,37.5,25.));
#19179=CARTESIAN_POINT('',(225.,37.5,19.));
#19180=CARTESIAN_POINT('',(225.,37.5,25.));
#19181=CARTESIAN_POINT('',(225.,36.553,25.));
#19182=CARTESIAN_POINT('',(225.,36.553,19.947));
#19183=CARTESIAN_POINT('',(225.,0.,25.));
#19184=CARTESIAN_POINT('',(225.,23.447,25.));
#19185=CARTESIAN_POINT('',(225.,23.447,19.947));
#19186=CARTESIAN_POINT('',(225.,23.447,25.));
#19187=CARTESIAN_POINT('',(225.,22.5,25.));
#19188=CARTESIAN_POINT('',(225.,22.5,19.));
#19189=CARTESIAN_POINT('',(231.,22.5,25.));
#19190=CARTESIAN_POINT('',(225.,22.5,25.));
#19191=CARTESIAN_POINT('',(225.,22.5,18.0825));
#19192=CARTESIAN_POINT('',(225.,0.,25.));
#19193=CARTESIAN_POINT('',(225.,1.08249999999998,25.));
#19194=CARTESIAN_POINT('',(225.,1.08249999999998,18.0825));
#19195=CARTESIAN_POINT('',(225.,1.08249999999998,25.));
#19196=CARTESIAN_POINT('',(175.,50.,25.));
#19197=CARTESIAN_POINT('',(175.,49.5,25.));
#19198=CARTESIAN_POINT('',(175.,49.5,17.));
#19199=CARTESIAN_POINT('',(183.,49.5,25.));
#19200=CARTESIAN_POINT('',(175.,49.5,25.));
#19201=CARTESIAN_POINT('',(175.,49.5,19.));
#19202=CARTESIAN_POINT('',(175.,0.,25.));
#19203=CARTESIAN_POINT('',(175.,37.5,25.));
#19204=CARTESIAN_POINT('',(175.,37.5,19.));
#19205=CARTESIAN_POINT('',(175.,37.5,25.));
#19206=CARTESIAN_POINT('',(175.,36.553,25.));
#19207=CARTESIAN_POINT('',(175.,36.553,19.947));
#19208=CARTESIAN_POINT('',(175.,0.,25.));
#19209=CARTESIAN_POINT('',(175.,23.447,25.));
#19210=CARTESIAN_POINT('',(175.,23.447,19.947));
#19211=CARTESIAN_POINT('',(175.,23.447,25.));
#19212=CARTESIAN_POINT('',(175.,22.5,25.));
#19213=CARTESIAN_POINT('',(175.,22.5,19.));
#19214=CARTESIAN_POINT('',(181.,22.5,25.));
#19215=CARTESIAN_POINT('',(175.,22.5,25.));
#19216=CARTESIAN_POINT('',(175.,22.5,18.0825));
#19217=CARTESIAN_POINT('',(175.,0.,25.));
#19218=CARTESIAN_POINT('',(175.,1.08249999999998,25.));
#19219=CARTESIAN_POINT('',(175.,1.08249999999998,18.0825));
#19220=CARTESIAN_POINT('',(175.,1.08249999999998,25.));
#19221=CARTESIAN_POINT('',(125.,50.,25.));
#19222=CARTESIAN_POINT('',(125.,49.5,25.));
#19223=CARTESIAN_POINT('',(125.,49.5,17.));
#19224=CARTESIAN_POINT('',(133.,49.5,25.));
#19225=CARTESIAN_POINT('',(125.,49.5,25.));
#19226=CARTESIAN_POINT('',(125.,49.5,19.));
#19227=CARTESIAN_POINT('',(125.,0.,25.));
#19228=CARTESIAN_POINT('',(125.,37.5,25.));
#19229=CARTESIAN_POINT('',(125.,37.5,19.));
#19230=CARTESIAN_POINT('',(125.,37.5,25.));
#19231=CARTESIAN_POINT('',(125.,36.553,25.));
#19232=CARTESIAN_POINT('',(125.,36.553,19.947));
#19233=CARTESIAN_POINT('',(125.,0.,25.));
#19234=CARTESIAN_POINT('',(125.,23.447,25.));
#19235=CARTESIAN_POINT('',(125.,23.447,19.947));
#19236=CARTESIAN_POINT('',(125.,23.447,25.));
#19237=CARTESIAN_POINT('',(125.,22.5,25.));
#19238=CARTESIAN_POINT('',(125.,22.5,19.));
#19239=CARTESIAN_POINT('',(131.,22.5,25.));
#19240=CARTESIAN_POINT('',(125.,22.5,25.));
#19241=CARTESIAN_POINT('',(125.,22.5,18.0825));
#19242=CARTESIAN_POINT('',(125.,0.,25.));
#19243=CARTESIAN_POINT('',(125.,1.08249999999998,25.));
#19244=CARTESIAN_POINT('',(125.,1.08249999999998,18.0825));
#19245=CARTESIAN_POINT('',(125.,1.08249999999998,25.));
#19246=CARTESIAN_POINT('',(75.,50.,25.));
#19247=CARTESIAN_POINT('',(75.,49.5,25.));
#19248=CARTESIAN_POINT('',(75.,49.5,17.));
#19249=CARTESIAN_POINT('',(83.,49.5,25.));
#19250=CARTESIAN_POINT('',(75.,49.5,25.));
#19251=CARTESIAN_POINT('',(75.,49.5,19.));
#19252=CARTESIAN_POINT('',(75.,0.,25.));
#19253=CARTESIAN_POINT('',(75.,37.5,25.));
#19254=CARTESIAN_POINT('',(75.,37.5,19.));
#19255=CARTESIAN_POINT('',(75.,37.5,25.));
#19256=CARTESIAN_POINT('',(75.,36.553,25.));
#19257=CARTESIAN_POINT('',(75.,36.553,19.947));
#19258=CARTESIAN_POINT('',(75.,0.,25.));
#19259=CARTESIAN_POINT('',(75.,23.447,25.));
#19260=CARTESIAN_POINT('',(75.,23.447,19.947));
#19261=CARTESIAN_POINT('',(75.,23.447,25.));
#19262=CARTESIAN_POINT('',(75.,22.5,25.));
#19263=CARTESIAN_POINT('',(75.,22.5,19.));
#19264=CARTESIAN_POINT('',(81.,22.5,25.));
#19265=CARTESIAN_POINT('',(75.,22.5,25.));
#19266=CARTESIAN_POINT('',(75.,22.5,18.0825));
#19267=CARTESIAN_POINT('',(75.,0.,25.));
#19268=CARTESIAN_POINT('',(75.,1.08249999999998,25.));
#19269=CARTESIAN_POINT('',(75.,1.08249999999998,18.0825));
#19270=CARTESIAN_POINT('',(75.,1.08249999999998,25.));
#19271=CARTESIAN_POINT('',(25.,50.,25.));
#19272=CARTESIAN_POINT('',(25.,49.5,25.));
#19273=CARTESIAN_POINT('',(25.,49.5,17.));
#19274=CARTESIAN_POINT('',(33.,49.5,25.));
#19275=CARTESIAN_POINT('',(25.,49.5,25.));
#19276=CARTESIAN_POINT('',(25.,49.5,19.));
#19277=CARTESIAN_POINT('',(25.,0.,25.));
#19278=CARTESIAN_POINT('',(25.,37.5,25.));
#19279=CARTESIAN_POINT('',(25.,37.5,19.));
#19280=CARTESIAN_POINT('',(25.,37.5,25.));
#19281=CARTESIAN_POINT('',(25.,36.553,25.));
#19282=CARTESIAN_POINT('',(25.,36.553,19.947));
#19283=CARTESIAN_POINT('',(25.,0.,25.));
#19284=CARTESIAN_POINT('',(25.,23.447,25.));
#19285=CARTESIAN_POINT('',(25.,23.447,19.947));
#19286=CARTESIAN_POINT('',(25.,23.447,25.));
#19287=CARTESIAN_POINT('',(25.,22.5,25.));
#19288=CARTESIAN_POINT('',(25.,22.5,19.));
#19289=CARTESIAN_POINT('',(31.,22.5,25.));
#19290=CARTESIAN_POINT('',(25.,22.5,25.));
#19291=CARTESIAN_POINT('',(25.,22.5,18.0825));
#19292=CARTESIAN_POINT('',(25.,0.,25.));
#19293=CARTESIAN_POINT('',(25.,1.08249999999998,25.));
#19294=CARTESIAN_POINT('',(25.,1.08249999999998,18.0825));
#19295=CARTESIAN_POINT('',(25.,1.08249999999998,25.));
#19296=MECHANICAL_DESIGN_GEOMETRIC_PRESENTATION_REPRESENTATION('',(#10785),
#19297);
#19297=(
GEOMETRIC_REPRESENTATION_CONTEXT(3)
GLOBAL_UNCERTAINTY_ASSIGNED_CONTEXT((#19298))
GLOBAL_UNIT_ASSIGNED_CONTEXT((#19301,#19300,#19299))
REPRESENTATION_CONTEXT('01126-21240060','TOP_LEVEL_ASSEMBLY_PART')
);
#19298=UNCERTAINTY_MEASURE_WITH_UNIT(LENGTH_MEASURE(1.E-5),#19301,
'DISTANCE_ACCURACY_VALUE','Maximum Tolerance applied to model');
#19299=(
NAMED_UNIT(*)
SI_UNIT($,.STERADIAN.)
SOLID_ANGLE_UNIT()
);
#19300=(
NAMED_UNIT(*)
PLANE_ANGLE_UNIT()
SI_UNIT($,.RADIAN.)
);
#19301=(
LENGTH_UNIT()
NAMED_UNIT(*)
SI_UNIT(.MILLI.,.METRE.)
);
#19302=PRODUCT_DEFINITION_SHAPE('','',#19303);
#19303=PRODUCT_DEFINITION('','',#19305,#19304);
#19304=PRODUCT_DEFINITION_CONTEXT('',#19311,'design');
#19305=PRODUCT_DEFINITION_FORMATION_WITH_SPECIFIED_SOURCE('','',#19307,
 .NOT_KNOWN.);
#19306=PRODUCT_RELATED_PRODUCT_CATEGORY('','',(#19307));
#19307=PRODUCT('01126-21240060','01126-21240060','01126-21240060',(#19309));
#19308=PRODUCT_CATEGORY('','');
#19309=PRODUCT_CONTEXT('',#19311,'mechanical');
#19310=APPLICATION_PROTOCOL_DEFINITION('international standard',
'automotive_design',2010,#19311);
#19311=APPLICATION_CONTEXT(
'core data for automotive mechanical design processes');
ENDSEC;
END-ISO-10303-21;
